Date,Game,Game_ID,StartTimeLocal,StartTimeUTC,Player,Player_ID,Team,Pos,Tier,Injury_Status,Injury_Type,Injury_Text,Injury_Return,Team_Out_Count,Injury_DFO_Score,Injury_Badge,Opp,Opp_Goalie,Opp_SV,Opp_GAA,Goalie_Weak,Opp_Goalie_Status,Opp_Goalie_Source,Opp_SOG_Against_L10,Opp_SOG_Used_L10,Opp_SOG_Against_L50,Opp_SOG_Used_L50,Player_5v5_SOG_Share,iXG%,iXA%,iXA_Source,TOI_per_game,TOI_Pct,StarScore,TalentMult,Talent_Tier,Is_Elite,Is_Star,team_5v5_SF60,team_5v5_xGF60,team_5v5_SF60_pct,team_5v5_xGF60_pct,Team_GF_L5,Team_GF_Avg_L5,Team_GF_Gate,Med10_SOG,Trim10_SOG,Avg5_SOG,ShotIntent,ShotIntent_Pct,L10_P,L10_G,L10_S,L5_G,L5_A,L10_A,L20_P,L40_P,L20_A,L40_A,L20_S,L40_S,L10_Tier_Points,L10_Rate_Points,L10_Diff_Points,L20_Tier_Points,L20_Rate_Points,L20_Diff_Points,L40_Tier_Points,L40_Rate_Points,L40_Diff_Points,L10_Tier_Assists,L10_Rate_Assists,L10_Diff_Assists,L20_Tier_Assists,L20_Rate_Assists,L20_Diff_Assists,L40_Tier_Assists,L40_Rate_Assists,L40_Diff_Assists,L10_Tier_SOG,L10_Rate_SOG,L10_Diff_SOG,L20_Tier_SOG,L20_Rate_SOG,L20_Diff_SOG,L40_Tier_SOG,L40_Rate_SOG,L40_Diff_SOG,i5v5_points60,i5v5_primaryAssists60,i5v5_shotAssists60,i5v5_iCF60,Assist_Volume,opp_5v5_xGA60,opp_5v5_HDCA60,opp_5v5_SlotSA60,Opp_DefWeak,v2_player_stability,v2_defense_vulnerability,Exp_P_10,Exp_G_10,Exp_S_10,Reg_Gap_P10,Reg_Gap_G10,Reg_Gap_S10,Reg_Heat_P,Reg_Heat_G,Reg_Heat_S,Exp_A_10,Reg_Gap_A10,Reg_Heat_A,Matrix_Points,Matrix_SOG,Matrix_Goal,Matrix_Assists,Conf_Points,Conf_SOG,Conf_Goal,Conf_Assists,Best_Market,Best_Conf,Drought_P,Drought_A,Drought_G,Drought_SOG,PPP10_total,Drought_PPP,PP_Tier,PP_Path,PP_TeamShare_pct,PP_TOI_stability,PP_Env_Score,PP_BOOST,PP_Role,PP_TOI,PP_TOI_min,PP_TOI_per_game,PP_TOI_Share,PP_TOI_Pct_Game,PP_TOI_Pct,PP_Points60,PP_iXG60,PP_iXA60,Team_PP_xGF60,Opp_PK_xGA60,PP_Matchup,Assist_Dagger,Assist_PP_Proof,Line,Odds,Result,Best_Drought,Play_Tag,Plays_Points,Plays_Goal,Goal_ProofCount,Goal_Why,Plays_Assists,Assist_ProofCount,Assist_Why,Plays_SOG,SOG_ProofCount,SOG_Why,BDL_EV_ENGINE,SOG_Line,SOG_Odds_Over,SOG_Book,SOG_ModelSrc,SOG_mu,SOG_p_model_over,SOG_Model%,SOG_p_imp_over,SOG_EVpct_over,SOG_EV%,Points_Line,Points_Odds_Over,Points_Book,Points_ModelSrc,Points_mu,Points_p_model_over,Points_Model%,Points_p_imp_over,Points_EVpct_over,Points_EV%,Assists_Line,Assists_Odds_Over,Assists_Book,Assists_ModelSrc,Assists_mu,Assists_p_model_over,Assists_Model%,Assists_p_imp_over,Assists_EVpct_over,Assists_EV%,Goal_Line,Goal_Odds_Over,Goal_Book,Goal_ModelSrc,Goal_mu,Goal_p_model_over,Goal_Model%,Goal_p_imp_over,Goal_EVpct_over,Goal_EV%,ATG_Line,ATG_Odds_Over,ATG_Book,ATG_ModelSrc,ATG_mu,ATG_p_model_over,ATG_Model%,ATG_p_imp_over,ATG_EVpct_over,ATG_EV%,Player_SOG_Share_Proxy,Outcome,Move_Kit_Version,Fired_Moves,Model_Stats_Season
2026-09-29,CHI@VGK,,9:30 PM,2026-09-30T02:30:00Z,Sam Lafferty,8478043,CHI,C,,Healthy,Unknown,,,0,0.0,,VGK,Akira Schmid,0.8925410872313527,2.5943856138774195,48.8,,moneypuck_team_proxy,21.25,4,21.25,4,,20.4,17.6,A1+A2,8.6,5.1,16.3,0.94,NONE,False,False,23.53719609781112,2.168816399449161,14.3,4.2,9,2.25,True,,,,,50.0,,,,,,,,,,,,,,,,,,,,,,,,,,,,,,,,,,,,,,,,0.48465266558966075,0.0,,,0.0,2.110930465732193,1.998905475419135,50.0,4.2,39.6,4.2,0.6,0.28,,,,,COOL,COOL,COOL,0.32,,COOL,Red,Red,Red,Red,22,18,21,16,POINTS,22,,,,,,,C,Passenger,0.1,,17.7,,0,0.010344827586206896,0.3,0.010344827586206896,0.0012032889899057423,0.1,0.1,0.0,0.0,0.0,6.805363673303535,6.308402585410895,17.7,18.1,False,,,,,,False,False,0,,False,0,,False,0,,ALTLINE_NB_v1_2026-01-18,,,,league_avg,2.3,,,,,,,,,exp/fallback,0.06,,,,,,,,,exp/fallback,0.032,,,,,,,,,exp/fallback,0.19119999999999998,,,,,,,,,exp/fallback,0.1232,,,,,,,,2026-09-24-frozen-v2,[],2025-2026
2026-09-29,FLA@CAR,,4:00 PM,2026-09-29T21:00:00Z,Jalen Chatfield,8478970,CAR,D,,Healthy,Unknown,,,0,0.0,,FLA,Sergei Bobrovsky,0.8768,3.0701244330736133,79.5,,moneypuck_team_proxy,25.0,4,25.0,4,,49.0,60.9,A1+A2,20.14,86.2,60.6,1.04,NONE,False,False,30.49987126200022,2.976863942325376,94.9,94.9,18,4.5,True,,,,,50.0,,,,,,,,,,,,,,,,,,,,,,,,,,,,,,,,,,,,,,,,0.7789151983123505,0.2920931993671314,,,0.0,2.5561842144182134,2.6924815874317054,50.0,58.6,44.7,58.6,2.92,0.75,,,,,COOL,COOL,COOL,2.17,,COOL,Red,Red,Red,Red,61,49,50,55,POINTS,61,,,,,,,C,Passenger,0.3,,38.6,,0,0.06157407407407408,4.433333333333334,0.06157407407407408,0.003057436121423892,0.3,0.3,2.1654135338345863,2.1654135338345863,0.0,7.6757302031271495,6.195408690126301,38.6,24.4,False,,,,,,False,False,1,,False,0,,False,0,,ALTLINE_NB_v1_2026-01-18,,,,league_avg,2.3,,,,,,,,,exp/fallback,0.292,,,,,,,,,exp/fallback,0.217,,,,,,,,,exp/fallback,0.21,,,,,,,,,exp/fallback,0.15375,,,,,,,,2026-09-24-frozen-v2,[],2025-2026
2026-09-29,MTL@TOR,,6:00 PM,2026-09-29T23:00:00Z,Max Domi,8477503,TOR,C,,Healthy,Unknown,,,0,0.0,,MTL,Jakub Dobes,0.9014321819713563,2.7795558781799583,41.8,,moneypuck_team_proxy,24.8,5,24.8,5,7.7,67.4,77.8,A1+A2,14.88,50.8,67.7,1.07,NONE,False,False,24.25081018097076,2.2433091796234934,33.3,23.2,14,3.5,True,1.0,1.25,1.8,1.28,35.5,3.0,1.0,13.0,1.0,0.0,2.0,5.0,17.0,2.0,9.0,25.0,58.0,LOW,0.3,,LOW,0.25,,LOW,0.425,,LOW,0.2,,LOW,0.1,,LOW,0.225,,LOW,1.3,,LOW,1.25,,LOW,1.45,,1.2718600953895072,0.6359300476947536,,,2.0,2.6185551558753,2.697841726618705,50.0,57.7,56.5,68.7,4.6,1.39,12.8,1.6,0.39,-0.2,WARM,COOL,COOL,3.21,1.21,COOL,Yellow,Red,Red,Yellow,61,55,55,67,ASSISTS,67,1.0,5.0,1.0,3.0,0.0,10.0,B,Distributor,8.6,,49.8,,1,1.2864583333333335,102.91666666666667,1.2864583333333335,0.08644585059917126,8.6,8.6,3.742834008097166,0.7695546558704454,3.497975708502024,7.0393554384877595,7.875,49.8,68.2,False,,,,🅰️ D:5,,False,False,0,,False,0,,False,0,,ALTLINE_NB_v1_2026-01-18,,,,exp/fallback,1.28,,,,,,,,,exp/fallback,0.45999999999999996,,,,,,,,,exp/fallback,0.321,,,,,,,,,exp/fallback,0.17669999999999997,,,,,,,,,exp/fallback,0.1465125,,,,,,7.7,,2026-09-24-frozen-v2,[],2025-2026
2026-09-29,FLA@CAR,,4:00 PM,2026-09-29T21:00:00Z,Cole Schwindt,8481655,FLA,R,,Healthy,Unknown,,,0,0.0,,CAR,Brandon Bussi,0.893640350877193,2.4652486074734026,43.7,,moneypuck_team_proxy,29.25,4,29.25,4,,39.1,24.0,A1+A2,10.04,11.8,28.4,0.94,NONE,False,False,25.61660448155363,2.480733882928602,53.9,64.0,15,3.75,True,,,,,50.0,,,,,,,,,,,,,,,,,,,,,,,,,,,,,,,,,,,,,,,,1.6221435468297394,0.4634695848084969,,,0.0,2.310074668039872,2.1627983962923456,50.0,14.1,64.6,14.1,1.82,1.17,,,,,COOL,COOL,COOL,0.65,,COOL,Red,Red,Red,Red,29,30,33,26,GOAL,33,,,,,,,C,Passenger,2.4,,62.5,,0,0.24022988505747128,6.966666666666667,0.24022988505747128,0.023932211153097446,2.4,2.4,1.0334928229665072,1.0334928229665072,0.0,8.328119961302805,6.917211529606778,62.5,40.1,False,,,,,,False,False,0,,False,0,,False,0,,ALTLINE_NB_v1_2026-01-18,,,,league_avg,2.3,,,,,,,,,exp/fallback,0.182,,,,,,,,,exp/fallback,0.065,,,,,,,,,exp/fallback,0.2268,,,,,,,,,exp/fallback,0.18105,,,,,,,,2026-09-24-frozen-v2,[],2025-2026
2026-09-29,NYR@BOS,,7:00 PM,2026-09-30T00:00:00Z,Mark Kastelic,8480355,BOS,C,,Healthy,Unknown,,,0,0.0,,NYR,Igor Shesterkin,0.911578947368421,2.4998208902580834,20.0,,moneypuck_team_proxy,24.5,4,24.5,4,0.0,75.2,49.3,A1+A2,12.62,31.6,57.4,1.03,NONE,False,False,25.711828421616815,2.3918432128567453,64.8,43.3,10,2.5,True,0.0,0.75,1.4,0.48999999999999994,3.7,1.0,0.0,7.0,0.0,1.0,1.0,1.0,1.0,1.0,1.0,7.0,7.0,LOW,0.1,,LOW,0.05,,LOW,0.025,,LOW,0.1,,LOW,0.05,,LOW,0.025,,LOW,0.7,,LOW,0.35,,LOW,0.175,,1.2021922328952797,0.4243031410218634,,,1.0,2.398134962935236,2.2409738553050214,50.0,25.1,54.8,25.1,3.04,1.78,4.9,2.04,1.78,-2.1,WARM,WARM,COOL,1.26,0.26,COOL,Red,Red,Red,Red,41,46,57,42,GOAL,57,2.0,2.0,6.0,3.0,0.0,6.0,C,Passenger,0.6,,68.0,,0,0.07439024390243902,6.1,0.07439024390243902,0.005895143754530079,0.6,0.6,8.360655737704919,0.0,9.836065573770492,7.852567975830816,7.578865779615037,68.0,62.5,False,,,,🥅 D:6,,False,False,1,,False,0,,False,0,,ALTLINE_NB_v1_2026-01-18,,,,exp/fallback,0.49000000000000005,,,,,,,,,exp/fallback,0.304,,,,,,,,,exp/fallback,0.126,,,,,,,,,exp/fallback,0.18839999999999998,,,,,,,,,exp/fallback,0.165525,,,,,,0.0,,2026-09-24-frozen-v2,[],2025-2026
2026-09-29,NYR@BOS,,7:00 PM,2026-09-30T00:00:00Z,Alex Steeves,8482634,BOS,C,,Healthy,Unknown,,,0,0.0,,NYR,Igor Shesterkin,0.911578947368421,2.4998208902580834,20.0,,moneypuck_team_proxy,24.5,4,24.5,4,,57.0,40.6,A1+A2,11.93,25.6,45.0,0.98,NONE,False,False,25.711828421616815,2.3918432128567453,64.8,43.3,10,2.5,True,,,,,50.0,,,,,,,,,,,,,,,,,,,,,,,,,,,,,,,,,,,,,,,,1.47832904020607,0.2687870982192855,,,0.0,2.398134962935236,2.2409738553050214,50.0,25.1,62.2,25.1,3.26,1.67,,,,,COOL,COOL,COOL,1.6,,COOL,Red,Red,Red,Red,38,43,43,36,SOG,43,,,,,,,C,Passenger,7.0,,68.0,,0,0.8406976744186047,36.15,0.8406976744186047,0.07048157535581985,7.0,7.0,4.2448132780083,1.7759336099585066,2.9045643153526974,7.852567975830816,7.578865779615037,68.0,69.8,False,,,,,,False,False,0,,False,0,,False,0,,ALTLINE_NB_v1_2026-01-18,,,,league_avg,2.3,,,,,,,,,exp/fallback,0.32599999999999996,,,,,,,,,exp/fallback,0.16,,,,,,,,,exp/fallback,0.2468,,,,,,,,,exp/fallback,0.21355,,,,,,,,2026-09-24-frozen-v2,[],2025-2026
2026-09-29,FLA@CAR,,4:00 PM,2026-09-29T21:00:00Z,Nikolaj Ehlers,8477940,CAR,L,,Healthy,Unknown,,,0,0.0,,FLA,Sergei Bobrovsky,0.8768,3.0701244330736133,79.5,,moneypuck_team_proxy,25.0,4,25.0,4,8.5,85.2,95.7,A1+A2,16.6,64.3,84.7,1.14,NONE,False,False,30.49987126200022,2.976863942325376,94.9,94.9,18,4.5,True,2.0,2.375,2.4,2.14,78.5,14.0,6.0,24.0,2.0,5.0,8.0,18.0,18.0,10.0,10.0,39.0,39.0,ELITE,1.4,,GOOD,0.9,,LOW,0.45,,STRONG,0.8,,OK,0.5,,LOW,0.25,,LOW,2.4,,LOW,1.95,,LOW,0.975,,1.911007025761124,0.6744730679156908,,,8.0,2.5561842144182134,2.6924815874317054,50.0,58.6,69.8,58.6,9.79,2.92,23.54,-5.1,-3.35,-2.6,COOL,COOL,COOL,6.88,-1.75,COOL,Green,Red,Yellow,Green,70,72,77,81,ASSISTS,81,0.0,1.0,0.0,0.0,4.0,1.0,A,Distributor,16.0,,38.6,,2,2.6497967479674798,217.28333333333333,2.6497967479674798,0.15966736475977025,16.0,16.0,3.8845593311344637,0.8919229884175808,3.5207486384904505,7.6757302031271495,6.195408690126301,38.6,74.3,False,,,,🅰️ D:1,,False,False,1,,False,0,,False,0,,ALTLINE_NB_v1_2026-01-18,,,,exp/fallback,2.354,,,,,,,,,exp/fallback,0.9789999999999999,,,,,,,,,exp/fallback,0.688,,,,,,,,,exp/fallback,0.2968,,,,,,,,,exp/fallback,0.2948,,,,,,8.5,,2026-09-24-frozen-v2,[],2025-2026
2026-09-29,MTL@TOR,,6:00 PM,2026-09-29T23:00:00Z,Joe Veleno,8480813,MTL,C,,Healthy,Unknown,,,0,0.0,,TOR,Joseph Woll,0.8984438984438985,3.33622313234283,61.6,,moneypuck_team_proxy,23.5,4,23.5,4,,51.3,28.5,A1+A2,12.09,27.3,38.5,0.95,NONE,False,False,24.46043165467626,2.406324940047962,43.1,53.2,18,3.6,True,,,,,50.0,,,,,,,,,,,,,,,,,,,,,,,,,,,,,,,,,,,,,,,,0.4818632043903092,0.0,,,0.0,2.674871645486655,2.417798492517205,50.0,57.7,39.5,57.7,1.38,0.91,,,,,COOL,COOL,COOL,0.47,,COOL,Red,Red,Red,Red,36,45,50,33,GOAL,50,,,,,,,C,Passenger,0.4,,72.7,,0,0.049453551912568304,3.0166666666666666,0.049453551912568304,0.004090025760383242,0.4,0.4,1.7900552486187846,1.7900552486187846,0.0,7.76794133053955,7.933755914650478,72.7,36.7,False,,,,,,False,False,0,,False,0,,False,0,,ALTLINE_NB_v1_2026-01-18,,,,league_avg,2.3,,,,,,,,,exp/fallback,0.13799999999999998,,,,,,,,,exp/fallback,0.047,,,,,,,,,exp/fallback,0.21639999999999998,,,,,,,,,exp/fallback,0.16415,,,,,,,,2026-09-24-frozen-v2,[],2025-2026
2026-09-29,FLA@CAR,,4:00 PM,2026-09-29T21:00:00Z,K'Andre Miller,8480817,CAR,D,,Healthy,Unknown,,,0,0.0,,FLA,Sergei Bobrovsky,0.8768,3.0701244330736133,79.5,,moneypuck_team_proxy,25.0,4,25.0,4,2.1,51.9,84.1,A1+A2,22.39,94.6,71.7,1.09,NONE,False,False,30.49987126200022,2.976863942325376,94.9,94.9,18,4.5,True,0.5,0.75,0.4,0.46499999999999997,2.3,3.0,0.0,11.0,0.0,0.0,3.0,9.0,9.0,9.0,9.0,19.0,19.0,LOW,0.3,,LOW,0.45,,LOW,0.225,,LOW,0.3,,OK,0.45,,LOW,0.225,,LOW,1.1,,LOW,0.95,,LOW,0.475,,1.0167868063315855,0.3536649761153341,,,3.0,2.5561842144182134,2.6924815874317054,50.0,58.6,50.8,58.6,5.27,0.89,4.65,2.27,0.89,-6.35,WARM,COOL,COOL,4.38,1.38,COOL,Yellow,Red,Red,Yellow,81,49,51,75,POINTS,81,5.0,5.0,10.0,5.0,0.0,10.0,B,Distributor,4.2,,38.6,,1,0.9412037037037037,67.76666666666667,0.9412037037037037,0.042031487435004185,4.2,4.2,1.6180521396950318,0.30103295622233156,1.5494343334972946,7.6757302031271495,6.195408690126301,38.6,50.4,False,,,,🅿️ D:5,,False,False,2,,False,0,,False,0,,ALTLINE_NB_v1_2026-01-18,,,,exp/fallback,0.465,,,,,,,,,exp/fallback,0.5269999999999999,,,,,,,,,exp/fallback,0.438,,,,,,,,,exp/fallback,0.16169999999999998,,,,,,,,,exp/fallback,0.1221375,,,,,,2.1,,2026-09-24-frozen-v2,[],2025-2026
2026-09-29,NYR@BOS,,7:00 PM,2026-09-30T00:00:00Z,Justin Dowling,8475413,NYR,C,,Healthy,Unknown,,,0,0.0,,BOS,Jeremy Swayman,0.9071246819338422,2.707645389120994,32.0,,moneypuck_team_proxy,29.0,4,29.0,4,,7.4,6.9,A1+A2,7.19,1.3,6.0,0.94,NONE,False,False,23.53754892467431,2.2585501208368255,23.4,33.2,15,3.75,True,,,,,50.0,,,,,,,,,,,,,,,,,,,,,,,,,,,,,,,,,,,,,,,,0.0,0.0,,,0.0,2.666162545755205,2.6773806209827864,50.0,65.3,27.9,65.3,0.61,0.61,,,,,COOL,COOL,COOL,0.0,,COOL,Red,Red,Red,Red,20,21,18,13,SOG,21,,,,,,,C,Passenger,0.0,,61.4,,0,0.0,0.0,0.0,0.0,0.0,0.0,0.0,,,8.75699777062175,6.692271808427927,61.4,10.1,False,,,,,,False,False,0,,False,0,,False,0,,ALTLINE_NB_v1_2026-01-18,,,,league_avg,2.3,,,,,,,,,exp/fallback,0.061,,,,,,,,,league_avg,0.35,,,,,,,,,exp/fallback,0.2044,,,,,,,,,exp/fallback,0.14465,,,,,,,,2026-09-24-frozen-v2,[],2025-2026
2026-09-29,VAN@EDM,,9:00 PM,2026-09-30T02:00:00Z,Zach Hyman,8475786,EDM,L,,Healthy,Unknown,,,0,0.0,,VAN,Kevin Lankinen,0.8754863813229572,3.7032036569136113,97.3,,moneypuck_team_proxy,27.75,4,27.75,4,9.7,99.0,72.9,A1+A2,19.98,85.9,87.3,1.15,NONE,False,False,27.51428261280349,2.6375211575650606,84.7,84.7,13,3.25,True,1.5,1.5,2.4,1.815,61.7,2.0,2.0,13.0,2.0,0.0,0.0,2.0,2.0,0.0,0.0,13.0,13.0,LOW,0.2,,LOW,0.1,,LOW,0.05,,LOW,0.0,,LOW,0.0,,LOW,0.0,,LOW,1.3,,LOW,0.65,,LOW,0.325,,1.8129254872703535,0.537163107339364,,,0.0,2.8103479152760364,2.5495335623463524,50.0,72.1,67.8,72.1,12.25,7.68,19.96,9.14,4.98,5.15,HOT,HOT,HOT,4.58,4.16,HOT,Yellow,Red,Green,Yellow,77,85,90,82,GOAL,90,1.0,6.0,1.0,4.0,0.0,6.0,A,Shooter,17.3,,97.2,,2,3.4560344827586205,200.45,3.4560344827586205,0.17294087196594962,17.3,17.3,3.9047143926166132,2.759790471439262,1.3469693190321776,9.539183194819762,8.332820945108345,97.2,83.1,False,,,,🥅 D:1,🥅 GOAL EARNED,False,True,3,"iXG,REG,G",False,0,,False,0,,ALTLINE_NB_v1_2026-01-18,,,,exp/fallback,1.996,,,,,,,,,exp/fallback,1.225,,,,,,,,,exp/fallback,0.458,,,,,,,,,exp/fallback,0.41412,,,,,,,,,exp/fallback,0.5135700000000001,,,,,,9.7,,2026-09-24-frozen-v2,[],2025-2026
2026-09-29,MTL@TOR,,6:00 PM,2026-09-29T23:00:00Z,Phillip Danault,8476479,MTL,C,,Healthy,Unknown,,,0,0.0,,TOR,Joseph Woll,0.8984438984438985,3.33622313234283,61.6,,moneypuck_team_proxy,23.5,4,23.5,4,,67.4,51.9,A1+A2,15.57,58.6,60.2,1.04,NONE,False,False,24.46043165467626,2.406324940047962,43.1,53.2,18,3.6,True,,,,,50.0,,,,,,,,,,,,,,,,,,,,,,,,,,,,,,,,,,,,,,,,0.644399097841263,0.3221995489206315,,,0.0,2.674871645486655,2.417798492517205,50.0,57.7,41.7,57.7,2.97,1.44,,,,,COOL,COOL,COOL,1.53,,COOL,Red,Red,Red,Red,52,56,58,49,GOAL,58,,,,,,,C,Passenger,3.8,,72.7,,0,0.5922222222222222,44.416666666666664,0.5922222222222222,0.0380453403380539,3.8,3.8,0.351219512195122,0.351219512195122,0.0,7.76794133053955,7.933755914650478,72.7,47.2,False,,,,,,False,False,0,,False,0,,False,0,,ALTLINE_NB_v1_2026-01-18,,,,league_avg,2.3,,,,,,,,,exp/fallback,0.29700000000000004,,,,,,,,,exp/fallback,0.153,,,,,,,,,exp/fallback,0.23759999999999998,,,,,,,,,exp/fallback,0.1986,,,,,,,,2026-09-24-frozen-v2,[],2025-2026
2026-09-29,FLA@CAR,,4:00 PM,2026-09-29T21:00:00Z,Jack Devine,8483433,FLA,R,,Healthy,Unknown,,,0,0.0,,CAR,Brandon Bussi,0.893640350877193,2.4652486074734026,43.7,,moneypuck_team_proxy,29.25,4,29.25,4,,17.9,6.9,A1+A2,8.44,4.0,11.3,0.94,NONE,False,False,25.61660448155363,2.480733882928602,53.9,64.0,15,3.75,True,,,,,50.0,,,,,,,,,,,,,,,,,,,,,,,,,,,,,,,,,,,,,,,,0.0,0.0,,,0.0,2.310074668039872,2.1627983962923456,50.0,14.1,27.9,14.1,0.91,0.91,,,,,COOL,COOL,COOL,0.0,,COOL,Red,Red,Red,Red,16,18,20,9,GOAL,20,,,,,,,C,Passenger,1.2,,62.5,,0,0.10277777777777779,0.6166666666666667,0.10277777777777779,0.012179065174456882,1.2,1.2,4.864864864864865,4.864864864864865,0.0,8.328119961302805,6.917211529606778,62.5,37.6,False,,,,,,False,False,0,,False,0,,False,0,,ALTLINE_NB_v1_2026-01-18,,,,league_avg,2.3,,,,,,,,,exp/fallback,0.091,,,,,,,,,league_avg,0.35,,,,,,,,,exp/fallback,0.21639999999999998,,,,,,,,,exp/fallback,0.16415,,,,,,,,2026-09-24-frozen-v2,[],2025-2026
2026-09-29,VAN@EDM,,9:00 PM,2026-09-30T02:00:00Z,Tom Willander,8484240,VAN,D,,Healthy,Unknown,,,0,0.0,,EDM,Tristan Jarry,0.8822115384615384,3.3152597799223806,83.3,,moneypuck_team_proxy,22.25,4,22.25,4,,37.3,63.9,A1+A2,16.99,67.7,52.7,1.01,NONE,False,False,23.458639271933965,2.22263647167999,5.2,13.3,8,2.0,True,,,,,50.0,,,,,,,,,,,,,,,,,,,,,,,,,,,,,,,,,,,,,,,,0.6915762174622995,0.2305254058207665,,,0.0,2.466443398236635,2.4605092289198285,50.0,39.5,42.3,39.5,2.8,0.49,,,,,COOL,COOL,COOL,2.31,,COOL,Red,Red,Red,Red,59,38,41,51,POINTS,59,,,,,,,B,Distributor,6.6,,88.0,,1,1.1285714285714286,79.0,1.1285714285714286,0.06642749033017546,6.6,6.6,2.0620253164556965,0.4481012658227848,1.89873417721519,7.968727923515283,8.893028671226896,88.0,69.5,False,,,,,,False,False,1,,False,0,,False,0,,ALTLINE_NB_v1_2026-01-18,,,,league_avg,2.3,,,,,,,,,exp/fallback,0.27999999999999997,,,,,,,,,exp/fallback,0.231,,,,,,,,,exp/fallback,0.1996,,,,,,,,,exp/fallback,0.13685,,,,,,,,2026-09-24-frozen-v2,[],2025-2026
2026-09-29,MTL@TOR,,6:00 PM,2026-09-29T23:00:00Z,Jacob Quillan,8484901,TOR,C,,Healthy,Unknown,,,0,0.0,,MTL,Jakub Dobes,0.9014321819713563,2.7795558781799583,41.8,,moneypuck_team_proxy,24.8,5,24.8,5,,23.9,24.0,A1+A2,10.27,12.5,21.7,0.94,NONE,False,False,24.25081018097076,2.2433091796234934,33.3,23.2,14,3.5,True,,,,,50.0,,,,,,,,,,,,,,,,,,,,,,,,,,,,,,,,,,,,,,,,0.8961168270826418,0.2987056090275473,,,0.0,2.6185551558753,2.697841726618705,50.0,57.7,48.1,68.7,1.31,0.49,,,,,COOL,COOL,COOL,0.82,,COOL,Red,Red,Red,Red,32,29,29,27,POINTS,32,,,,,,,C,Passenger,0.2,,49.8,,0,0.021014492753623187,0.48333333333333334,0.021014492753623187,0.002046288456110641,0.2,0.2,0.0,0.0,0.0,7.0393554384877595,7.875,49.8,24.4,False,,,,,,False,False,0,,False,0,,False,0,,ALTLINE_NB_v1_2026-01-18,,,,league_avg,2.3,,,,,,,,,exp/fallback,0.131,,,,,,,,,exp/fallback,0.08199999999999999,,,,,,,,,exp/fallback,0.1996,,,,,,,,,exp/fallback,0.13685,,,,,,,,2026-09-24-frozen-v2,[],2025-2026
2026-09-29,MTL@TOR,,6:00 PM,2026-09-29T23:00:00Z,William Villeneuve,8482174,TOR,D,,Healthy,Unknown,,,0,0.0,,MTL,Jakub Dobes,0.9014321819713563,2.7795558781799583,41.8,,moneypuck_team_proxy,24.8,5,24.8,5,,5.1,6.9,A1+A2,17.33,70.0,18.7,0.94,NONE,False,False,24.25081018097076,2.2433091796234934,33.3,23.2,14,3.5,True,,,,,50.0,,,,,,,,,,,,,,,,,,,,,,,,,,,,,,,,,,,,,,,,0.0,0.0,,,0.0,2.6185551558753,2.697841726618705,50.0,57.7,27.9,68.7,0.22,0.22,,,,,COOL,COOL,COOL,0.0,,COOL,Red,Red,Red,Red,27,24,21,20,POINTS,27,,,,,,,C,Passenger,0.0,,49.8,,0,0.0,0.0,0.0,0.0,0.0,0.0,0.0,,,7.0393554384877595,7.875,49.8,8.1,False,,,,,,False,False,0,,False,0,,False,0,,ALTLINE_NB_v1_2026-01-18,,,,league_avg,2.3,,,,,,,,,exp/fallback,0.022,,,,,,,,,league_avg,0.35,,,,,,,,,exp/fallback,0.1888,,,,,,,,,exp/fallback,0.11929999999999999,,,,,,,,2026-09-24-frozen-v2,[],2025-2026
2026-09-29,MTL@TOR,,6:00 PM,2026-09-29T23:00:00Z,Marshall Rifai,8483546,TOR,D,,Healthy,Unknown,,,0,0.0,,MTL,Jakub Dobes,0.9014321819713563,2.7795558781799583,41.8,,moneypuck_team_proxy,24.8,5,24.8,5,,2.0,6.9,A1+A2,9.67,10.1,5.3,0.94,NONE,False,False,24.25081018097076,2.2433091796234934,33.3,23.2,14,3.5,True,,,,,50.0,,,,,,,,,,,,,,,,,,,,,,,,,,,,,,,,,,,,,,,,0.0,0.0,,,0.0,2.6185551558753,2.697841726618705,50.0,57.7,27.9,68.7,0.09,0.09,,,,,COOL,COOL,COOL,0.0,,COOL,Red,Red,Red,Red,21,17,16,13,POINTS,21,,,,,,,C,Passenger,0.0,,49.8,,0,0.0,0.0,0.0,0.0,0.0,0.0,0.0,,,7.0393554384877595,7.875,49.8,8.1,False,,,,,,False,False,0,,False,0,,False,0,,ALTLINE_NB_v1_2026-01-18,,,,league_avg,2.3,,,,,,,,,exp/fallback,0.009,,,,,,,,,league_avg,0.35,,,,,,,,,exp/fallback,0.18359999999999999,,,,,,,,,exp/fallback,0.11084999999999999,,,,,,,,2026-09-24-frozen-v2,[],2025-2026
2026-09-29,CHI@VGK,,9:30 PM,2026-09-30T02:30:00Z,Anton Frondell,8485391,CHI,C,,Healthy,Unknown,,,0,0.0,,VGK,Akira Schmid,0.8925410872313527,2.5943856138774195,48.8,,moneypuck_team_proxy,21.25,4,21.25,4,,38.9,37.3,A1+A2,17.69,73.1,45.2,0.98,NONE,False,False,23.53719609781112,2.168816399449161,14.3,4.2,9,2.25,True,,,,,50.0,,,,,,,,,,,,,,,,,,,,,,,,,,,,,,,,,,,,,,,,0.04317434210526316,0.01850328947368421,,,0.0,2.110930465732193,1.998905475419135,50.0,4.2,36.4,4.2,7.84,2.93,,,,,COOL,COOL,COOL,4.9,,COOL,Red,Red,Red,Red,39,34,36,33,POINTS,39,,,,,,,C,Passenger,18.3,,17.7,,0,3.2291666666666665,38.75,3.2291666666666665,0.182510401130387,18.3,18.3,2.938064516129032,1.9509677419354838,1.161290322580645,6.805363673303535,6.308402585410895,17.7,64.2,False,,,,,,False,False,0,,False,0,,False,0,,ALTLINE_NB_v1_2026-01-18,,,,league_avg,2.3,,,,,,,,,exp/fallback,0.784,,,,,,,,,exp/fallback,0.49000000000000005,,,,,,,,,exp/fallback,0.2972,,,,,,,,,exp/fallback,0.29545000000000005,,,,,,,,2026-09-24-frozen-v2,[],2025-2026
2026-09-29,FLA@CAR,,4:00 PM,2026-09-29T21:00:00Z,Jordan Staal,8473533,CAR,C,,Healthy,Unknown,,,0,0.0,,FLA,Sergei Bobrovsky,0.8768,3.0701244330736133,79.5,,moneypuck_team_proxy,25.0,4,25.0,4,8.5,85.6,63.9,A1+A2,16.19,61.6,73.2,1.09,NONE,False,False,30.49987126200022,2.976863942325376,94.9,94.9,18,4.5,True,2.0,2.125,3.0,2.3499999999999996,85.0,8.0,7.0,22.0,5.0,1.0,1.0,12.0,12.0,4.0,4.0,36.0,36.0,GOOD,0.8,,OK,0.6,,LOW,0.3,,LOW,0.1,,LOW,0.2,,LOW,0.1,,LOW,2.2,,LOW,1.8,,LOW,0.9,,1.7048743269078983,0.5682914423026327,,,1.0,2.5561842144182134,2.6924815874317054,50.0,58.6,65.7,58.6,5.12,2.79,25.85,-2.88,-4.21,1.5,COOL,COOL,WARM,2.33,1.33,COOL,Red,Red,Yellow,Red,53,74,87,63,GOAL,87,1.0,3.0,1.0,1.0,3.0,2.0,C,Passenger,4.8,,38.6,,0,0.7744444444444445,58.083333333333336,0.7744444444444445,0.047841963648344414,4.8,4.8,2.613486370157819,2.613486370157819,0.0,7.6757302031271495,6.195408690126301,38.6,38.6,False,,,,🥅 D:1,,False,False,1,,False,0,,False,0,,ALTLINE_NB_v1_2026-01-18,,,,exp/fallback,2.585,,,,,,,,,exp/fallback,0.512,,,,,,,,,exp/fallback,0.233,,,,,,,,,exp/fallback,0.2916,,,,,,,,,exp/fallback,0.28635,,,,,,8.5,,2026-09-24-frozen-v2,[],2025-2026
2026-09-29,FLA@CAR,,4:00 PM,2026-09-29T21:00:00Z,Nolan Foote,8481518,FLA,L,,Healthy,Unknown,,,0,0.0,,CAR,Brandon Bussi,0.893640350877193,2.4652486074734026,43.7,,moneypuck_team_proxy,29.25,4,29.25,4,,28.7,6.9,A1+A2,10.79,17.5,18.8,0.94,NONE,False,False,25.61660448155363,2.480733882928602,53.9,64.0,15,3.75,True,,,,,50.0,,,,,,,,,,,,,,,,,,,,,,,,,,,,,,,,,,,,,,,,0.008022462896109106,0.0,,,0.0,2.310074668039872,2.1627983962923456,50.0,14.1,31.2,14.1,1.49,1.49,,,,,COOL,COOL,COOL,0.0,,COOL,Red,Red,Red,Red,17,25,30,12,GOAL,30,,,,,,,C,Passenger,0.1,,62.5,,0,0.013888888888888888,0.16666666666666666,0.013888888888888888,0.0012868356710848024,0.1,0.1,0.0,0.0,0.0,8.328119961302805,6.917211529606778,62.5,26.1,False,,,,,,False,False,0,,False,0,,False,0,,ALTLINE_NB_v1_2026-01-18,,,,league_avg,2.3,,,,,,,,,exp/fallback,0.149,,,,,,,,,league_avg,0.35,,,,,,,,,exp/fallback,0.23959999999999998,,,,,,,,,exp/fallback,0.20185,,,,,,,,2026-09-24-frozen-v2,[],2025-2026
2026-09-29,MTL@TOR,,6:00 PM,2026-09-29T23:00:00Z,Brendan Gallagher,8475848,MTL,R,,Healthy,Unknown,,,0,0.0,,TOR,Joseph Woll,0.8984438984438985,3.33622313234283,61.6,,moneypuck_team_proxy,23.5,4,23.5,4,0.0,78.4,63.9,A1+A2,12.35,28.6,63.4,1.05,NONE,False,False,24.46043165467626,2.406324940047962,43.1,53.2,18,3.6,True,0.0,,0.3333333333333333,0.11666666666666665,0.9,1.0,1.0,1.0,1.0,0.0,0.0,1.0,1.0,0.0,0.0,1.0,1.0,LOW,0.1,,LOW,0.05,,LOW,0.025,,LOW,0.0,,LOW,0.0,,LOW,0.0,,LOW,0.1,,LOW,0.05,,LOW,0.025,,1.3053199846906915,0.29007110770904254,,,0.0,2.674871645486655,2.417798492517205,50.0,57.7,57.3,57.7,4.33,2.14,1.17,3.33,1.14,0.17,HOT,COOL,COOL,2.19,2.19,WARM,Red,Red,Red,Red,59,52,58,58,POINTS,59,2.0,3.0,2.0,3.0,0.0,3.0,B,Hybrid,10.8,,72.7,,1,1.338095238095238,103.03333333333333,1.338095238095238,0.10834209603925692,10.8,10.8,2.833063733419605,1.5956001294079587,1.455839534131349,7.76794133053955,7.933755914650478,72.7,69.0,False,,,,🅿️ D:2,,False,False,1,,False,0,,False,0,,ALTLINE_NB_v1_2026-01-18,,,,exp/fallback,0.11699999999999999,,,,,,,,,exp/fallback,0.433,,,,,,,,,exp/fallback,0.219,,,,,,,,,exp/fallback,0.1992,,,,,,,,,exp/fallback,0.18307500000000004,,,,,,0.0,,2026-09-24-frozen-v2,[],2025-2026
2026-09-29,CHI@VGK,,9:30 PM,2026-09-30T02:30:00Z,Mitch Marner,8478483,VGK,R,,Healthy,Unknown,,,0,0.0,,CHI,Spencer Knight,0.9019987105093488,2.822524488185321,42.3,,moneypuck_team_proxy,28.75,4,28.75,4,12.9,81.0,98.2,A1+A2,19.96,85.5,87.9,1.15,NONE,False,False,26.819846846450986,2.5171828375350027,74.7,74.7,13,3.25,True,2.0,2.25,3.4,2.49,86.9,11.0,3.0,28.0,3.0,4.0,8.0,27.0,29.0,17.0,19.0,55.0,57.0,STRONG,1.1,,ELITE,1.35,,OK,0.725,,STRONG,0.8,,STRONG,0.85,,OK,0.475,,OK,2.8,,OK,2.75,,LOW,1.425,,2.5662287784227296,1.0998123336097412,,,8.0,2.941628448429158,2.9328448015615374,50.0,95.3,74.0,95.3,11.41,2.64,27.39,-0.63,-0.6,-3.1,COOL,COOL,COOL,10.75,-0.04,COOL,Green,Red,Yellow,Green,75,79,80,87,ASSISTS,87,2.0,2.0,3.0,0.0,3.0,3.0,A,Distributor,17.2,,73.4,,2,3.4421810699588478,278.81666666666666,3.4421810699588478,0.1724745860568695,17.2,17.2,3.287106222727001,0.6348257516886844,3.1203299659274313,8.262546073149986,7.431258595448294,73.4,87.4,False,,,,🅰️ D:2,,False,False,1,,False,0,,False,0,,ALTLINE_NB_v1_2026-01-18,,,,exp/fallback,2.739,,,,,,,,,exp/fallback,1.141,,,,,,,,,exp/fallback,1.075,,,,,,,,,exp/fallback,0.2856,,,,,,,,,exp/fallback,0.2766,,,,,,12.9,,2026-09-24-frozen-v2,[],2025-2026
2026-09-29,FLA@CAR,,4:00 PM,2026-09-29T21:00:00Z,A.J. Greer,8478421,FLA,L,,Healthy,Unknown,,,0,0.0,,CAR,Brandon Bussi,0.893640350877193,2.4652486074734026,43.7,,moneypuck_team_proxy,29.25,4,29.25,4,4.3,78.8,60.9,A1+A2,12.43,29.0,62.6,1.05,NONE,False,False,25.61660448155363,2.480733882928602,53.9,64.0,15,3.75,True,1.0,1.5,2.0,1.35,40.2,8.0,4.0,17.0,2.0,2.0,4.0,11.0,17.0,5.0,7.0,30.0,57.0,GOOD,0.8,,LOW,0.55,,LOW,0.425,,LOW,0.4,,LOW,0.25,,LOW,0.175,,LOW,1.7,,LOW,1.5,,LOW,1.425,,1.8519539216226644,0.6614121148652373,,,4.0,2.310074668039872,2.1627983962923456,50.0,14.1,68.9,14.1,4.16,2.14,13.5,-3.84,-1.86,-3.5,COOL,COOL,COOL,2.02,-1.98,COOL,Red,Red,Red,Red,41,56,59,49,GOAL,59,0.0,2.0,0.0,4.0,1.0,0.0,C,Passenger,1.0,,62.5,,0,0.12606837606837606,9.833333333333334,0.12606837606837606,0.010143208348376226,1.0,1.0,0.2440677966101695,0.2440677966101695,0.0,8.328119961302805,6.917211529606778,62.5,36.6,False,,,,🥅 D:0,,False,False,0,,False,0,,False,0,,ALTLINE_NB_v1_2026-01-18,,,,exp/fallback,1.35,,,,,,,,,exp/fallback,0.41600000000000004,,,,,,,,,exp/fallback,0.202,,,,,,,,,exp/fallback,0.1992,,,,,,,,,exp/fallback,0.18307500000000004,,,,,,4.3,,2026-09-24-frozen-v2,[],2025-2026
2026-09-29,FLA@CAR,,4:00 PM,2026-09-29T21:00:00Z,Tobias Bjornfot,8481600,FLA,D,,Healthy,Unknown,,,0,0.0,,CAR,Brandon Bussi,0.893640350877193,2.4652486074734026,43.7,,moneypuck_team_proxy,29.25,4,29.25,4,,18.9,24.0,A1+A2,14.18,43.1,25.6,0.94,NONE,False,False,25.61660448155363,2.480733882928602,53.9,64.0,15,3.75,True,,,,,50.0,,,,,,,,,,,,,,,,,,,,,,,,,,,,,,,,,,,,,,,,0.954464108172599,0.23861602704314974,,,0.0,2.310074668039872,2.1627983962923456,50.0,14.1,49.7,14.1,1.36,0.37,,,,,COOL,COOL,COOL,0.99,,COOL,Red,Red,Red,Red,31,22,23,25,POINTS,31,,,,,,,C,Passenger,0.1,,62.5,,0,0.008771929824561403,0.16666666666666666,0.008771929824561403,0.0006186204763377667,0.1,0.1,0.0,0.0,0.0,8.328119961302805,6.917211529606778,62.5,26.1,False,,,,,,False,False,0,,False,0,,False,0,,ALTLINE_NB_v1_2026-01-18,,,,league_avg,2.3,,,,,,,,,exp/fallback,0.136,,,,,,,,,exp/fallback,0.099,,,,,,,,,exp/fallback,0.1948,,,,,,,,,exp/fallback,0.12905,,,,,,,,2026-09-24-frozen-v2,[],2025-2026
2026-09-29,VAN@EDM,,9:00 PM,2026-09-30T02:00:00Z,Roby Jarventie,8482162,EDM,L,,Healthy,Unknown,,,0,0.0,,VAN,Kevin Lankinen,0.8754863813229572,3.7032036569136113,97.3,,moneypuck_team_proxy,27.75,4,27.75,4,,9.4,6.9,A1+A2,8.01,3.0,7.2,0.94,NONE,False,False,27.51428261280349,2.6375211575650606,84.7,84.7,13,3.25,True,,,,,50.0,,,,,,,,,,,,,,,,,,,,,,,,,,,,,,,,,,,,,,,,0.0,0.0,,,0.0,2.8103479152760364,2.5495335623463524,50.0,72.1,27.9,72.1,0.53,0.53,,,,,COOL,COOL,COOL,0.0,,COOL,Red,Red,Red,Red,26,23,26,19,POINTS,26,,,,,,,C,Passenger,0.0,,97.2,,0,0.0,0.0,0.0,0.0,0.0,0.0,0.0,,,9.539183194819762,8.332820945108345,97.2,22.4,False,,,,,,False,False,1,,False,0,,False,0,,ALTLINE_NB_v1_2026-01-18,,,,league_avg,2.3,,,,,,,,,exp/fallback,0.053000000000000005,,,,,,,,,league_avg,0.35,,,,,,,,,exp/fallback,0.2012,,,,,,,,,exp/fallback,0.13945,,,,,,,,2026-09-24-frozen-v2,[],2025-2026
2026-09-29,MTL@TOR,,6:00 PM,2026-09-29T23:00:00Z,Sammy Blais,8478104,MTL,L,,Healthy,Unknown,,,0,0.0,,TOR,Joseph Woll,0.8984438984438985,3.33622313234283,61.6,,moneypuck_team_proxy,23.5,4,23.5,4,,30.5,34.6,A1+A2,8.43,3.7,26.6,0.94,NONE,False,False,24.46043165467626,2.406324940047962,43.1,53.2,18,3.6,True,,,,,50.0,,,,,,,,,,,,,,,,,,,,,,,,,,,,,,,,,,,,,,,,2.741290691033695,1.0279840091376355,,,0.0,2.674871645486655,2.417798492517205,50.0,57.7,74.8,57.7,3.21,0.97,,,,,COOL,COOL,COOL,2.24,,COOL,Red,Red,Red,Red,41,32,34,37,POINTS,41,,,,,,,C,Passenger,0.6,,72.7,,0,0.05317460317460317,1.1166666666666667,0.05317460317460317,0.006311228334589298,0.6,0.6,0.0,0.0,0.0,7.76794133053955,7.933755914650478,72.7,38.7,False,,,,,,False,False,0,,False,0,,False,0,,ALTLINE_NB_v1_2026-01-18,,,,league_avg,2.3,,,,,,,,,exp/fallback,0.321,,,,,,,,,exp/fallback,0.22400000000000003,,,,,,,,,exp/fallback,0.2188,,,,,,,,,exp/fallback,0.16805,,,,,,,,2026-09-24-frozen-v2,[],2025-2026
2026-09-29,CHI@VGK,,9:30 PM,2026-09-30T02:30:00Z,Colton Sissons,8476925,VGK,C,,Healthy,Unknown,,,0,0.0,,CHI,Spencer Knight,0.9019987105093488,2.822524488185321,42.3,,moneypuck_team_proxy,28.75,4,28.75,4,,65.5,34.6,A1+A2,12.5,30.3,47.6,0.99,NONE,False,False,26.819846846450986,2.5171828375350027,74.7,74.7,13,3.25,True,,,,,50.0,,,,,,,,,,,,,,,,,,,,,,,,,,,,,,,,,,,,,,,,0.7861597068886031,0.17470215708635625,,,0.0,2.941628448429158,2.9328448015615374,50.0,95.3,45.0,95.3,2.21,1.46,,,,,COOL,COOL,COOL,0.75,,COOL,Red,Red,Red,Red,43,59,60,42,GOAL,60,,,,,,,C,Passenger,3.8,,73.4,,0,0.4777777777777778,31.533333333333335,0.4777777777777778,0.0382307179373194,3.8,3.8,3.072938689217759,0.6469344608879493,2.854122621564482,8.262546073149986,7.431258595448294,73.4,68.2,False,,,,,,False,False,0,,False,0,,False,0,,ALTLINE_NB_v1_2026-01-18,,,,league_avg,2.3,,,,,,,,,exp/fallback,0.221,,,,,,,,,exp/fallback,0.075,,,,,,,,,exp/fallback,0.2384,,,,,,,,,exp/fallback,0.1999,,,,,,,,2026-09-24-frozen-v2,[],2025-2026
2026-09-29,FLA@CAR,,4:00 PM,2026-09-29T21:00:00Z,Jordan Martinook,8476921,CAR,L,,Healthy,Unknown,,,0,0.0,,FLA,Sergei Bobrovsky,0.8768,3.0701244330736133,79.5,,moneypuck_team_proxy,25.0,4,25.0,4,8.5,77.7,66.1,A1+A2,14.84,49.8,68.1,1.07,NONE,False,False,30.49987126200022,2.976863942325376,94.9,94.9,18,4.5,True,2.0,1.875,2.0,2.0,68.7,2.0,1.0,19.0,1.0,1.0,1.0,5.0,5.0,3.0,3.0,39.0,39.0,LOW,0.2,,LOW,0.25,,LOW,0.125,,LOW,0.1,,LOW,0.15,,LOW,0.075,,LOW,1.9,,LOW,1.95,,LOW,0.975,,1.4552356849098387,0.506168933881683,,,1.0,2.5561842144182134,2.6924815874317054,50.0,58.6,61.0,58.6,4.5,2.14,20.0,2.5,1.14,1.0,HOT,COOL,COOL,2.37,1.37,COOL,Red,Red,Red,Red,61,65,70,61,GOAL,70,1.0,1.0,3.0,0.0,0.0,10.0,C,Passenger,0.2,,38.6,,0,0.03636363636363636,2.8,0.03636363636363636,0.0024510519097779467,0.2,0.2,0.0,0.0,0.0,7.6757302031271495,6.195408690126301,38.6,22.4,False,,,,🥅 D:3,,False,False,2,,False,0,,False,0,,ALTLINE_NB_v1_2026-01-18,,,,exp/fallback,2.0,,,,,,,,,exp/fallback,0.45,,,,,,,,,exp/fallback,0.23700000000000002,,,,,,,,,exp/fallback,0.2656,,,,,,,,,exp/fallback,0.24410000000000004,,,,,,8.5,,2026-09-24-frozen-v2,[],2025-2026
2026-09-29,FLA@CAR,,4:00 PM,2026-09-29T21:00:00Z,Sandis Vilmanis,8483771,FLA,L,,Healthy,Unknown,,,0,0.0,,CAR,Brandon Bussi,0.893640350877193,2.4652486074734026,43.7,,moneypuck_team_proxy,29.25,4,29.25,4,,28.5,24.0,A1+A2,10.4,13.1,23.9,0.94,NONE,False,False,25.61660448155363,2.480733882928602,53.9,64.0,15,3.75,True,,,,,50.0,,,,,,,,,,,,,,,,,,,,,,,,,,,,,,,,,,,,,,,,1.6021361815754338,0.0,,,0.0,2.310074668039872,2.1627983962923456,50.0,14.1,64.2,14.1,1.91,0.93,,,,,COOL,COOL,COOL,0.99,,COOL,Red,Red,Red,Red,29,25,27,25,POINTS,29,,,,,,,C,Passenger,2.5,,62.5,,0,0.2578947368421053,4.9,0.2578947368421053,0.024803847127309542,2.5,2.5,0.0,0.0,0.0,8.328119961302805,6.917211529606778,62.5,40.5,False,,,,,,False,False,0,,False,0,,False,0,,ALTLINE_NB_v1_2026-01-18,,,,league_avg,2.3,,,,,,,,,exp/fallback,0.191,,,,,,,,,exp/fallback,0.099,,,,,,,,,exp/fallback,0.2172,,,,,,,,,exp/fallback,0.16544999999999999,,,,,,,,2026-09-24-frozen-v2,[],2025-2026
2026-09-29,FLA@CAR,,4:00 PM,2026-09-29T21:00:00Z,Mike Benning,8482107,FLA,D,,Healthy,Unknown,,,0,0.0,,CAR,Brandon Bussi,0.893640350877193,2.4652486074734026,43.7,,moneypuck_team_proxy,29.25,4,29.25,4,,23.4,31.9,A1+A2,16.9,66.3,35.0,0.94,NONE,False,False,25.61660448155363,2.480733882928602,53.9,64.0,15,3.75,True,,,,,50.0,,,,,,,,,,,,,,,,,,,,,,,,,,,,,,,,,,,,,,,,1.0761688389333972,0.4304675355733588,,,0.0,2.310074668039872,2.1627983962923456,50.0,14.1,51.9,14.1,2.69,0.6,,,,,COOL,COOL,COOL,2.09,,COOL,Red,Red,Red,Red,37,26,27,31,POINTS,37,,,,,,,C,Passenger,4.9,,62.5,,0,0.825925925925926,14.866666666666667,0.825925925925926,0.04886600197217048,4.9,4.9,0.20179372197309417,0.20179372197309417,0.0,8.328119961302805,6.917211529606778,62.5,45.0,False,,,,,,False,False,0,,False,0,,False,0,,ALTLINE_NB_v1_2026-01-18,,,,league_avg,2.3,,,,,,,,,exp/fallback,0.269,,,,,,,,,exp/fallback,0.209,,,,,,,,,exp/fallback,0.204,,,,,,,,,exp/fallback,0.144,,,,,,,,2026-09-24-frozen-v2,[],2025-2026
2026-09-29,CHI@VGK,,9:30 PM,2026-09-30T02:30:00Z,Shea Theodore,8477447,VGK,D,,Healthy,Unknown,,,0,0.0,,CHI,Spencer Knight,0.9019987105093488,2.822524488185321,42.3,,moneypuck_team_proxy,28.75,4,28.75,4,9.7,60.4,84.1,A1+A2,22.84,96.6,76.0,1.1,NONE,False,False,26.819846846450986,2.5171828375350027,74.7,74.7,13,3.25,True,1.5,1.5,1.8,1.605,55.6,9.0,2.0,17.0,1.0,3.0,7.0,18.0,18.0,12.0,12.0,37.0,42.0,GOOD,0.9,,GOOD,0.9,,LOW,0.45,,GOOD,0.7,,GOOD,0.6,,LOW,0.3,,LOW,1.7,,LOW,1.85,,LOW,1.05,,1.2704494466991,0.3629855561997429,,,7.0,2.941628448429158,2.9328448015615374,50.0,95.3,56.1,95.3,5.84,1.27,16.05,-3.16,-0.73,-0.95,COOL,COOL,COOL,5.03,-2.43,COOL,Yellow,Red,Red,Yellow,67,63,61,75,ASSISTS,75,1.0,1.0,3.0,1.0,0.0,10.0,B,Distributor,5.5,,73.4,,1,1.256904761904762,87.98333333333333,1.256904761904762,0.05503946284653802,5.5,5.5,1.4934646713392685,0.33415419587043,1.3638946770221632,8.262546073149986,7.431258595448294,73.4,63.9,False,,,,🅰️ D:1,,False,False,1,,False,0,,False,0,,ALTLINE_NB_v1_2026-01-18,,,,exp/fallback,1.605,,,,,,,,,exp/fallback,0.584,,,,,,,,,exp/fallback,0.503,,,,,,,,,exp/fallback,0.19618,,,,,,,,,exp/fallback,0.1594175,,,,,,9.7,,2026-09-24-frozen-v2,[],2025-2026
2026-09-29,MTL@TOR,,6:00 PM,2026-09-29T23:00:00Z,Bo Groulx,8480870,TOR,C,,Healthy,Unknown,,,0,0.0,,MTL,Jakub Dobes,0.9014321819713563,2.7795558781799583,41.8,,moneypuck_team_proxy,24.8,5,24.8,5,,24.6,24.0,A1+A2,15.69,59.6,31.4,0.94,NONE,False,False,24.25081018097076,2.2433091796234934,33.3,23.2,14,3.5,True,,,,,50.0,,,,,,,,,,,,,,,,,,,,,,,,,,,,,,,,,,,,,,,,0.02564376535954696,0.01282188267977348,,,0.0,2.6185551558753,2.697841726618705,50.0,57.7,34.1,68.7,2.36,0.92,,,,,COOL,COOL,COOL,1.45,,COOL,Red,Red,Red,Red,35,33,31,29,POINTS,35,,,,,,,C,Passenger,2.2,,49.8,,0,0.34102564102564104,4.433333333333334,0.34102564102564104,0.021732026143790852,2.2,2.2,0.0,0.0,0.0,7.0393554384877595,7.875,49.8,35.5,False,,,,,,False,False,0,,False,0,,False,0,,ALTLINE_NB_v1_2026-01-18,,,,league_avg,2.3,,,,,,,,,exp/fallback,0.236,,,,,,,,,exp/fallback,0.145,,,,,,,,,exp/fallback,0.2168,,,,,,,,,exp/fallback,0.1648,,,,,,,,2026-09-24-frozen-v2,[],2025-2026
2026-09-29,MTL@TOR,,6:00 PM,2026-09-29T23:00:00Z,Steven Lorentz,8478904,TOR,C,,Healthy,Unknown,,,0,0.0,,MTL,Jakub Dobes,0.9014321819713563,2.7795558781799583,41.8,,moneypuck_team_proxy,24.8,5,24.8,5,,64.6,51.9,A1+A2,11.87,25.3,52.3,1.01,NONE,False,False,24.25081018097076,2.2433091796234934,33.3,23.2,14,3.5,True,,,,,50.0,,,,,,,,,,,,,,,,,,,,,,,,,,,,,,,,,,,,,,,,1.3292962115057971,0.44309873716859904,,,0.0,2.6185551558753,2.697841726618705,50.0,57.7,57.8,68.7,2.9,1.33,,,,,COOL,COOL,COOL,1.56,,COOL,Red,Red,Red,Red,48,52,53,47,GOAL,53,,,,,,,C,Passenger,0.1,,49.8,,0,0.014788732394366198,1.05,0.014788732394366198,0.0012463401123684419,0.1,0.1,0.0,0.0,0.0,7.0393554384877595,7.875,49.8,21.9,False,,,,,,False,False,0,,False,0,,False,0,,ALTLINE_NB_v1_2026-01-18,,,,league_avg,2.3,,,,,,,,,exp/fallback,0.29,,,,,,,,,exp/fallback,0.156,,,,,,,,,exp/fallback,0.2332,,,,,,,,,exp/fallback,0.19145,,,,,,,,2026-09-24-frozen-v2,[],2025-2026
2026-09-29,VAN@EDM,,9:00 PM,2026-09-30T02:00:00Z,Curtis Lazar,8477508,EDM,C,,Healthy,Unknown,,,0,0.0,,VAN,Kevin Lankinen,0.8754863813229572,3.7032036569136113,97.3,,moneypuck_team_proxy,27.75,4,27.75,4,,44.9,24.0,A1+A2,8.92,6.7,30.0,0.94,NONE,False,False,27.51428261280349,2.6375211575650606,84.7,84.7,13,3.25,True,,,,,50.0,,,,,,,,,,,,,,,,,,,,,,,,,,,,,,,,,,,,,,,,0.9591900173187087,0.3197300057729029,,,0.0,2.8103479152760364,2.5495335623463524,50.0,72.1,49.9,72.1,1.35,0.93,,,,,COOL,COOL,COOL,0.42,,COOL,Red,Red,Red,Red,37,42,49,34,GOAL,49,,,,,,,C,Passenger,0.1,,97.2,,0,0.013333333333333332,0.6,0.013333333333333332,0.0014948303782751319,0.1,0.1,0.0,0.0,0.0,9.539183194819762,8.332820945108345,97.2,36.2,False,,,,,,False,False,1,,False,0,,False,0,,ALTLINE_NB_v1_2026-01-18,,,,league_avg,2.3,,,,,,,,,exp/fallback,0.135,,,,,,,,,exp/fallback,0.041999999999999996,,,,,,,,,exp/fallback,0.2172,,,,,,,,,exp/fallback,0.16544999999999999,,,,,,,,2026-09-24-frozen-v2,[],2025-2026
2026-09-29,VAN@EDM,,9:00 PM,2026-09-30T02:00:00Z,Brock Boeser,8478444,VAN,R,,Healthy,Unknown,,,0,0.0,,EDM,Tristan Jarry,0.8822115384615384,3.3152597799223806,83.3,,moneypuck_team_proxy,22.25,4,22.25,4,12.9,90.4,80.9,A1+A2,19.05,80.1,85.0,1.14,NONE,False,False,23.458639271933965,2.22263647167999,5.2,13.3,8,2.0,True,2.0,2.25,2.0,2.0,68.7,10.0,5.0,22.0,1.0,3.0,5.0,19.0,31.0,12.0,18.0,43.0,87.0,STRONG,1.0,,GOOD,0.95,,OK,0.775,,OK,0.5,,GOOD,0.6,,OK,0.45,,LOW,2.2,,LOW,2.15,,LOW,2.175,,1.2120629118368524,0.577172815160406,,,5.0,2.466443398236635,2.4605092289198285,50.0,39.5,55.0,39.5,7.39,3.44,22.0,-2.61,-1.56,-2.0,COOL,COOL,COOL,4.35,-1.05,COOL,Yellow,Red,Red,Yellow,61,71,77,68,GOAL,77,1.0,1.0,2.0,2.0,4.0,1.0,A,Distributor,16.0,,88.0,,2,3.0433333333333334,228.25,3.0433333333333334,0.15972708187543735,16.0,16.0,4.169112814895947,1.7112814895947426,2.891566265060241,7.968727923515283,8.893028671226896,88.0,86.0,False,,,,🥅 D:2,,False,False,2,,False,0,,False,0,,ALTLINE_NB_v1_2026-01-18,,,,exp/fallback,2.2,,,,,,,,,exp/fallback,0.739,,,,,,,,,exp/fallback,0.43499999999999994,,,,,,,,,exp/fallback,0.3176,,,,,,,,,exp/fallback,0.3286,,,,,,12.9,,2026-09-24-frozen-v2,[],2025-2026
2026-09-29,MTL@TOR,,6:00 PM,2026-09-29T23:00:00Z,Brandon Carlo,8478443,TOR,D,,Healthy,Unknown,,,0,0.0,,MTL,Jakub Dobes,0.9014321819713563,2.7795558781799583,41.8,,moneypuck_team_proxy,24.8,5,24.8,5,,41.2,40.6,A1+A2,19.37,82.5,49.2,1.0,NONE,False,False,24.25081018097076,2.2433091796234934,33.3,23.2,14,3.5,True,,,,,50.0,,,,,,,,,,,,,,,,,,,,,,,,,,,,,,,,,,,,,,,,0.34021320027217056,0.0,,,0.0,2.6185551558753,2.697841726618705,50.0,57.7,38.3,68.7,1.98,0.71,,,,,COOL,COOL,COOL,1.27,,COOL,Red,Red,Red,Red,46,44,42,42,POINTS,46,,,,,,,C,Passenger,0.2,,49.8,,0,0.03,1.65,0.03,0.001549150314524458,0.2,0.2,1.8181818181818183,1.8181818181818183,0.0,7.0393554384877595,7.875,49.8,24.4,False,,,,,,False,False,0,,False,0,,False,0,,ALTLINE_NB_v1_2026-01-18,,,,league_avg,2.3,,,,,,,,,exp/fallback,0.198,,,,,,,,,exp/fallback,0.127,,,,,,,,,exp/fallback,0.2084,,,,,,,,,exp/fallback,0.15115,,,,,,,,2026-09-24-frozen-v2,[],2025-2026
2026-09-29,MTL@TOR,,6:00 PM,2026-09-29T23:00:00Z,Joshua Roy,8482749,MTL,R,,Healthy,Unknown,,,0,0.0,,TOR,Joseph Woll,0.8984438984438985,3.33622313234283,61.6,,moneypuck_team_proxy,23.5,4,23.5,4,,6.5,6.9,A1+A2,9.79,10.8,7.5,0.94,NONE,False,False,24.46043165467626,2.406324940047962,43.1,53.2,18,3.6,True,,,,,50.0,,,,,,,,,,,,,,,,,,,,,,,,,,,,,,,,,,,,,,,,0.0,0.0,,,0.0,2.674871645486655,2.417798492517205,50.0,57.7,27.9,57.7,0.31,0.31,,,,,COOL,COOL,COOL,0.0,,COOL,Red,Red,Red,Red,22,20,20,15,POINTS,22,,,,,,,C,Passenger,1.2,,72.7,,0,0.11666666666666665,0.35,0.11666666666666665,0.011918274687854708,1.2,1.2,0.0,0.0,0.0,7.76794133053955,7.933755914650478,72.7,41.8,False,,,,,,False,False,0,,False,0,,False,0,,ALTLINE_NB_v1_2026-01-18,,,,league_avg,2.3,,,,,,,,,exp/fallback,0.031,,,,,,,,,league_avg,0.35,,,,,,,,,exp/fallback,0.1924,,,,,,,,,exp/fallback,0.12514999999999998,,,,,,,,2026-09-24-frozen-v2,[],2025-2026
2026-09-29,FLA@CAR,,4:00 PM,2026-09-29T21:00:00Z,Alexander Nikishin,8482100,CAR,D,,Healthy,Unknown,,,0,0.0,,FLA,Sergei Bobrovsky,0.8768,3.0701244330736133,79.5,,moneypuck_team_proxy,25.0,4,25.0,4,4.3,63.4,74.9,A1+A2,18.18,76.4,70.0,1.08,NONE,False,False,30.49987126200022,2.976863942325376,94.9,94.9,18,4.5,True,1.0,0.875,0.8,0.9299999999999999,15.9,1.0,0.0,10.0,0.0,0.0,1.0,1.0,1.0,1.0,1.0,13.0,13.0,LOW,0.1,,LOW,0.05,,LOW,0.025,,LOW,0.1,,LOW,0.05,,LOW,0.025,,LOW,1.0,,LOW,0.65,,LOW,0.325,,0.8302583025830258,0.2930323420881268,,,1.0,2.5561842144182134,2.6924815874317054,50.0,58.6,46.7,58.6,4.14,1.21,9.3,3.14,1.21,-0.7,HOT,COOL,COOL,3.22,1.93,WARM,Yellow,Red,Red,Yellow,77,51,59,70,POINTS,77,6.0,6.0,10.0,3.0,0.0,10.0,B,Distributor,7.5,,38.6,,1,1.3602880658436214,110.18333333333334,1.3602880658436214,0.07480537702543677,7.5,7.5,3.3135682952654664,1.2306761458175768,2.450461352291635,7.6757302031271495,6.195408690126301,38.6,60.4,False,,,,🅿️ D:6,,False,False,2,,False,0,,False,0,,ALTLINE_NB_v1_2026-01-18,,,,exp/fallback,0.93,,,,,,,,,exp/fallback,0.414,,,,,,,,,exp/fallback,0.322,,,,,,,,,exp/fallback,0.1713,,,,,,,,,exp/fallback,0.13773749999999998,,,,,,4.3,,2026-09-24-frozen-v2,[],2025-2026
2026-09-29,NYR@BOS,,7:00 PM,2026-09-30T00:00:00Z,Lukas Reichel,8482117,BOS,L,,Healthy,Unknown,,,0,0.0,,NYR,Igor Shesterkin,0.911578947368421,2.4998208902580834,20.0,,moneypuck_team_proxy,24.5,4,24.5,4,,35.7,34.6,A1+A2,12.45,29.6,34.1,0.94,NONE,False,False,25.711828421616815,2.3918432128567453,64.8,43.3,10,2.5,True,,,,,50.0,,,,,,,,,,,,,,,,,,,,,,,,,,,,,,,,,,,,,,,,1.4196283334154878,0.5323606250308079,,,0.0,2.398134962935236,2.2409738553050214,50.0,25.1,60.4,25.1,2.64,1.02,,,,,COOL,COOL,COOL,1.62,,COOL,Red,Red,Red,Red,35,32,31,32,POINTS,35,,,,,,,C,Passenger,4.2,,68.0,,0,0.524712643678161,15.216666666666667,0.524712643678161,0.04214948524998846,4.2,4.2,0.7097480832420591,0.7097480832420591,0.0,7.852567975830816,7.578865779615037,68.0,46.0,False,,,,,,False,False,0,,False,0,,False,0,,ALTLINE_NB_v1_2026-01-18,,,,league_avg,2.3,,,,,,,,,exp/fallback,0.264,,,,,,,,,exp/fallback,0.162,,,,,,,,,exp/fallback,0.2208,,,,,,,,,exp/fallback,0.1713,,,,,,,,2026-09-24-frozen-v2,[],2025-2026
2026-09-29,MTL@TOR,,6:00 PM,2026-09-29T23:00:00Z,Zachary Bolduc,8482737,MTL,R,,Healthy,Unknown,,,0,0.0,,TOR,Joseph Woll,0.8984438984438985,3.33622313234283,61.6,,moneypuck_team_proxy,23.5,4,23.5,4,3.2,77.1,68.0,A1+A2,13.63,38.0,66.1,1.06,NONE,False,False,24.46043165467626,2.406324940047962,43.1,53.2,18,3.6,True,0.5,0.625,0.8,0.605,7.0,2.0,2.0,7.0,0.0,0.0,0.0,7.0,7.0,4.0,4.0,18.0,18.0,LOW,0.2,,LOW,0.35,,LOW,0.175,,LOW,0.0,,LOW,0.2,,LOW,0.1,,LOW,0.7,,LOW,0.9,,LOW,0.45,,1.4970168143192912,0.520701500632797,,,0.0,2.674871645486655,2.417798492517205,50.0,57.7,63.0,57.7,4.52,2.06,6.05,2.52,0.06,-0.95,HOT,COOL,COOL,2.46,2.46,WARM,Red,Red,Red,Red,68,59,62,67,POINTS,68,5.0,10.0,5.0,10.0,1.0,5.0,B,Hybrid,11.6,,72.7,,1,1.5773504273504273,123.03333333333333,1.5773504273504273,0.11571439768006896,11.6,11.6,3.017474939040911,1.8775399620698998,1.3410999729070714,7.76794133053955,7.933755914650478,72.7,69.4,False,,,,🅿️ D:5,,False,False,1,,False,0,,False,0,,ALTLINE_NB_v1_2026-01-18,,,,exp/fallback,0.605,,,,,,,,,exp/fallback,0.45199999999999996,,,,,,,,,exp/fallback,0.246,,,,,,,,,exp/fallback,0.19680000000000003,,,,,,,,,exp/fallback,0.179175,,,,,,3.2,,2026-09-24-frozen-v2,[],2025-2026
2026-09-29,NYR@BOS,,7:00 PM,2026-09-30T00:00:00Z,Matt Rempe,8482460,NYR,C,,Healthy,Unknown,,,0,0.0,,BOS,Jeremy Swayman,0.9071246819338422,2.707645389120994,32.0,,moneypuck_team_proxy,29.0,4,29.0,4,,32.8,6.9,A1+A2,8.61,5.4,18.2,0.94,NONE,False,False,23.53754892467431,2.2585501208368255,23.4,33.2,15,3.75,True,,,,,50.0,,,,,,,,,,,,,,,,,,,,,,,,,,,,,,,,,,,,,,,,0.28013384172437944,0.0,,,0.0,2.666162545755205,2.6773806209827864,50.0,65.3,38.0,65.3,0.93,0.93,,,,,COOL,COOL,COOL,0.0,,COOL,Red,Red,Red,Red,21,35,36,18,GOAL,36,,,,,,,C,Passenger,3.5,,61.4,,0,0.3038461538461539,7.9,0.3038461538461539,0.0352993744414656,3.5,3.5,0.07594936708860758,0.07594936708860758,0.0,8.75699777062175,6.692271808427927,61.4,40.2,False,,,,,,False,False,0,,False,0,,False,0,,ALTLINE_NB_v1_2026-01-18,,,,league_avg,2.3,,,,,,,,,exp/fallback,0.093,,,,,,,,,league_avg,0.35,,,,,,,,,exp/fallback,0.2172,,,,,,,,,exp/fallback,0.16544999999999999,,,,,,,,2026-09-24-frozen-v2,[],2025-2026
2026-09-29,MTL@TOR,,6:00 PM,2026-09-29T23:00:00Z,Matias Maccelli,8481711,TOR,L,,Healthy,Unknown,,,0,0.0,,MTL,Jakub Dobes,0.9014321819713563,2.7795558781799583,41.8,,moneypuck_team_proxy,24.8,5,24.8,5,3.8,69.9,79.4,A1+A2,14.56,46.8,68.6,1.08,NONE,False,False,24.25081018097076,2.2433091796234934,33.3,23.2,14,3.5,True,0.5,0.625,0.8,0.605,7.0,4.0,0.0,7.0,0.0,1.0,4.0,12.0,23.0,9.0,15.0,21.0,62.0,LOW,0.4,,OK,0.6,,LOW,0.575,,LOW,0.4,,OK,0.45,,LOW,0.375,,LOW,0.7,,LOW,1.05,,LOW,1.55,,2.1035568205379525,0.6785667163025654,,,4.0,2.6185551558753,2.697841726618705,50.0,57.7,71.6,68.7,5.52,1.74,6.05,1.52,1.74,-0.95,WARM,WARM,COOL,3.79,-0.21,COOL,Yellow,Red,Red,Yellow,65,56,57,64,POINTS,65,3.0,3.0,10.0,10.0,0.0,10.0,B,Distributor,11.7,,49.8,,1,1.7014084507042253,120.8,1.7014084507042253,0.11681655545885311,11.7,11.7,2.7528973509933774,0.9586092715231789,2.1109271523178808,7.0393554384877595,7.875,49.8,65.0,False,,,,🅿️ D:3,,False,False,1,,False,0,,False,0,,ALTLINE_NB_v1_2026-01-18,,,,exp/fallback,0.605,,,,,,,,,exp/fallback,0.5519999999999999,,,,,,,,,exp/fallback,0.379,,,,,,,,,exp/fallback,0.18719999999999998,,,,,,,,,exp/fallback,0.163575,,,,,,3.8,,2026-09-24-frozen-v2,[],2025-2026
2026-09-29,NYR@BOS,,7:00 PM,2026-09-30T00:00:00Z,Matj  Blmel,8481712,BOS,R,,Healthy,Unknown,,,0,0.0,,NYR,Igor Shesterkin,0.911578947368421,2.4998208902580834,20.0,,moneypuck_team_proxy,24.5,4,24.5,4,,14.3,6.9,A1+A2,10.87,18.2,12.5,0.94,NONE,False,False,25.711828421616815,2.3918432128567453,64.8,43.3,10,2.5,True,,,,,50.0,,,,,,,,,,,,,,,,,,,,,,,,,,,,,,,,,,,,,,,,0.0,0.0,,,0.0,2.398134962935236,2.2409738553050214,50.0,25.1,27.9,25.1,0.94,0.94,,,,,COOL,COOL,COOL,0.0,,COOL,Red,Red,Red,Red,16,19,18,10,SOG,19,,,,,,,C,Passenger,13.8,,68.0,,0,1.5,6.0,1.5,0.1380368098159509,13.8,13.8,1.7,1.7,0.0,7.852567975830816,7.578865779615037,68.0,58.2,False,,,,,,False,False,0,,False,0,,False,0,,ALTLINE_NB_v1_2026-01-18,,,,league_avg,2.3,,,,,,,,,exp/fallback,0.094,,,,,,,,,league_avg,0.35,,,,,,,,,exp/fallback,0.2176,,,,,,,,,exp/fallback,0.1661,,,,,,,,2026-09-24-frozen-v2,[],2025-2026
2026-09-29,VAN@EDM,,9:00 PM,2026-09-30T02:00:00Z,Evander Kane,8475169,VAN,L,,Healthy,Unknown,,,0,0.0,,EDM,Tristan Jarry,0.8822115384615384,3.3152597799223806,83.3,,moneypuck_team_proxy,22.25,4,22.25,4,12.9,80.7,68.0,A1+A2,16.42,62.6,72.6,1.09,NONE,False,False,23.458639271933965,2.22263647167999,5.2,13.3,8,2.0,True,2.0,2.5,3.2,2.42,86.0,4.0,2.0,25.0,1.0,1.0,2.0,7.0,16.0,3.0,8.0,47.0,93.0,LOW,0.4,,LOW,0.35,,LOW,0.4,,LOW,0.2,,LOW,0.15,,LOW,0.2,,OK,2.5,,LOW,2.35,,LOW,2.325,,1.3613718945758866,0.7102809884743756,,,2.0,2.466443398236635,2.4605092289198285,50.0,39.5,58.3,39.5,5.34,2.58,26.62,1.34,0.58,-0.8,COOL,COOL,COOL,2.77,0.77,COOL,Red,Red,Yellow,Red,58,68,72,63,GOAL,72,1.0,4.0,1.0,1.0,0.0,10.0,B,Hybrid,8.9,,88.0,,1,1.4678403755868545,104.21666666666667,1.4678403755868545,0.08941926811480215,8.9,8.9,3.0772429233967697,1.3644650567727492,2.0150327842635534,7.968727923515283,8.893028671226896,88.0,73.8,False,,,,🥅 D:1,,False,False,1,,False,0,,False,0,,ALTLINE_NB_v1_2026-01-18,,,,exp/fallback,2.662,,,,,,,,,exp/fallback,0.534,,,,,,,,,exp/fallback,0.277,,,,,,,,,exp/fallback,0.2832,,,,,,,,,exp/fallback,0.2727,,,,,,12.9,,2026-09-24-frozen-v2,[],2025-2026
2026-09-29,NYR@BOS,,7:00 PM,2026-09-30T00:00:00Z,Vladislav Kolyachonok,8481609,BOS,D,,Healthy,Unknown,,,0,0.0,,NYR,Igor Shesterkin,0.911578947368421,2.4998208902580834,20.0,,moneypuck_team_proxy,24.5,4,24.5,4,,18.4,24.0,A1+A2,12.54,31.0,22.9,0.94,NONE,False,False,25.711828421616815,2.3918432128567453,64.8,43.3,10,2.5,True,,,,,50.0,,,,,,,,,,,,,,,,,,,,,,,,,,,,,,,,,,,,,,,,0.01889962200755985,0.0,,,0.0,2.398134962935236,2.2409738553050214,50.0,25.1,32.7,25.1,1.92,0.47,,,,,COOL,COOL,COOL,1.45,,COOL,Red,Red,Red,Red,27,22,21,21,POINTS,27,,,,,,,C,Passenger,0.0,,68.0,,0,0.0,0.0,0.0,0.0,0.0,0.0,0.0,,,7.852567975830816,7.578865779615037,68.0,14.5,False,,,,,,False,False,0,,False,0,,False,0,,ALTLINE_NB_v1_2026-01-18,,,,league_avg,2.3,,,,,,,,,exp/fallback,0.192,,,,,,,,,exp/fallback,0.145,,,,,,,,,exp/fallback,0.1988,,,,,,,,,exp/fallback,0.13555,,,,,,,,2026-09-24-frozen-v2,[],2025-2026
2026-09-29,CHI@VGK,,9:30 PM,2026-09-30T02:30:00Z,Braeden Bowman,8483890,VGK,R,,Healthy,Unknown,,,0,0.0,,CHI,Spencer Knight,0.9019987105093488,2.822524488185321,42.3,,moneypuck_team_proxy,28.75,4,28.75,4,,72.9,68.0,A1+A2,14.13,42.8,65.2,1.06,NONE,False,False,26.819846846450986,2.5171828375350027,74.7,74.7,13,3.25,True,,,0.0,,50.0,0.0,0.0,0.0,0.0,0.0,0.0,0.0,0.0,0.0,0.0,0.0,0.0,LOW,0.0,,LOW,0.0,,LOW,0.0,,LOW,0.0,,LOW,0.0,,LOW,0.0,,LOW,0.0,,LOW,0.0,,LOW,0.0,,1.9388004895960833,0.7931456548347613,,,0.0,2.941628448429158,2.9328448015615374,50.0,95.3,69.9,95.3,6.1,2.57,,6.1,2.57,,HOT,HOT,COOL,3.54,3.54,HOT,Red,Yellow,Red,Red,69,64,62,67,POINTS,69,1.0,1.0,1.0,1.0,0.0,1.0,B,Shooter,8.9,,73.4,,1,1.258641975308642,67.96666666666667,1.258641975308642,0.0890684722070547,8.9,8.9,3.5620402157920545,2.4364884747425206,1.3241785188818047,8.262546073149986,7.431258595448294,73.4,68.6,False,,,,🅿️ D:1,,False,False,1,,False,0,,False,0,,ALTLINE_NB_v1_2026-01-18,,,,league_avg,2.3,,,,,,,,,exp/fallback,0.61,,,,,,,,,exp/fallback,0.354,,,,,,,,,exp/fallback,0.2828,,,,,,,,,exp/fallback,0.27205,,,,,,,,2026-09-24-frozen-v2,[],2025-2026
2026-09-29,FLA@CAR,,4:00 PM,2026-09-29T21:00:00Z,Evan Rodrigues,8478542,FLA,C,,Healthy,Unknown,,,0,0.0,,CAR,Brandon Bussi,0.893640350877193,2.4652486074734026,43.7,,moneypuck_team_proxy,29.25,4,29.25,4,8.7,77.4,71.0,A1+A2,16.99,68.0,73.3,1.09,NONE,False,False,25.61660448155363,2.480733882928602,53.9,64.0,15,3.75,True,2.0,1.625,2.2,2.0700000000000003,74.8,4.0,0.0,16.0,0.0,3.0,4.0,10.0,16.0,8.0,13.0,49.0,100.0,LOW,0.4,,LOW,0.5,,LOW,0.4,,LOW,0.4,,LOW,0.4,,LOW,0.325,,LOW,1.6,,LOW,2.45,,OK,2.5,,1.3714534504027285,0.32653653581017344,,,4.0,2.310074668039872,2.1627983962923456,50.0,14.1,58.7,14.1,5.59,2.42,22.77,1.59,2.42,4.7,WARM,WARM,HOT,3.17,-0.83,COOL,Yellow,Red,Red,Yellow,55,61,67,56,GOAL,67,1.0,1.0,10.0,2.0,1.0,3.0,B,Distributor,10.4,,62.5,,1,1.7734299516908212,122.36666666666666,1.7734299516908212,0.10436092790539005,10.4,10.4,2.5288749659493326,0.9659493326069191,1.838736039226369,8.328119961302805,6.917211529606778,62.5,65.6,False,,,,🥅 D:10,,False,False,1,,False,0,,False,0,,ALTLINE_NB_v1_2026-01-18,,,,exp/fallback,2.277,,,,,,,,,exp/fallback,0.5589999999999999,,,,,,,,,exp/fallback,0.317,,,,,,,,,exp/fallback,0.2768,,,,,,,,,exp/fallback,0.2623,,,,,,8.7,,2026-09-24-frozen-v2,[],2025-2026
2026-09-29,MTL@TOR,,6:00 PM,2026-09-29T23:00:00Z,Matthew Knies,8482720,TOR,L,⭐ STAR,Healthy,Unknown,,,0,0.0,,MTL,Jakub Dobes,0.9014321819713563,2.7795558781799583,41.8,,moneypuck_team_proxy,24.8,5,24.8,5,7.7,92.7,94.8,A1+A2,18.79,79.1,90.7,1.2,STAR,False,True,24.25081018097076,2.2433091796234934,33.3,23.2,14,3.5,True,1.0,1.0,1.0,1.0,22.4,7.0,3.0,10.0,0.0,2.0,4.0,16.0,28.0,9.0,17.0,26.0,56.0,OK,0.7,,GOOD,0.8,,OK,0.7,,LOW,0.4,,OK,0.45,,LOW,0.425,,LOW,1.0,,LOW,1.3,,LOW,1.4,,2.049438202247191,0.9168539325842696,,,4.0,2.6185551558753,2.697841726618705,50.0,57.7,71.3,68.7,11.19,4.02,11.0,3.17,0.65,0.0,HOT,COOL,COOL,7.17,2.52,HOT,Green,Red,Red,Green,80,76,69,80,ASSISTS,80,1.0,1.0,5.0,10.0,3.0,5.0,A,Hybrid,13.8,,49.8,,2,2.585654008438819,204.26666666666668,2.585654008438819,0.13759191692394052,13.8,13.8,3.450636422976501,1.7653394255874673,1.9827023498694516,7.0393554384877595,7.875,49.8,66.3,False,,,,🅰️ D:1,,False,False,2,,False,0,,False,0,,ALTLINE_NB_v1_2026-01-18,,,,exp/fallback,1.1,,,,,,,,,exp/fallback,1.119,,,,,,,,,exp/fallback,0.717,,,,,,,,,exp/fallback,0.2556,,,,,,,,,exp/fallback,0.274725,,,,,,7.7,,2026-09-24-frozen-v2,[],2025-2026
2026-09-29,VAN@EDM,,9:00 PM,2026-09-30T02:00:00Z,Spencer Stastney,8481056,EDM,D,,Healthy,Unknown,,,0,0.0,,VAN,Kevin Lankinen,0.8754863813229572,3.7032036569136113,97.3,,moneypuck_team_proxy,27.75,4,27.75,4,,30.0,43.8,A1+A2,15.5,57.2,40.3,0.96,NONE,False,False,27.51428261280349,2.6375211575650606,84.7,84.7,13,3.25,True,,,,,50.0,,,,,,,,,,,,,,,,,,,,,,,,,,,,,,,,,,,,,,,,0.5957305973854046,0.33096144299189145,,,0.0,2.8103479152760364,2.5495335623463524,50.0,72.1,40.7,72.1,1.47,0.3,,,,,COOL,COOL,COOL,1.16,,COOL,Red,Red,Red,Red,52,38,40,45,POINTS,52,,,,,,,C,Passenger,0.3,,97.2,,0,0.05025252525252526,3.316666666666667,0.05025252525252526,0.0032414118873487206,0.3,0.3,0.0,0.0,0.0,9.539183194819762,8.332820945108345,97.2,40.7,False,,,,,,False,False,1,,False,0,,False,0,,ALTLINE_NB_v1_2026-01-18,,,,league_avg,2.3,,,,,,,,,exp/fallback,0.147,,,,,,,,,exp/fallback,0.11599999999999999,,,,,,,,,exp/fallback,0.192,,,,,,,,,exp/fallback,0.1245,,,,,,,,2026-09-24-frozen-v2,[],2025-2026
2026-09-29,MTL@TOR,,6:00 PM,2026-09-29T23:00:00Z,Kaiden Guhle,8482087,MTL,D,,Healthy,Unknown,,,0,0.0,,TOR,Joseph Woll,0.8984438984438985,3.33622313234283,61.6,,moneypuck_team_proxy,23.5,4,23.5,4,,29.8,46.6,A1+A2,19.46,83.8,46.5,0.99,NONE,False,False,24.46043165467626,2.406324940047962,43.1,53.2,18,3.6,True,,,,,50.0,,,,,,,,,,,,,,,,,,,,,,,,,,,,,,,,,,,,,,,,0.9958756664319485,0.362136605975254,,,0.0,2.674871645486655,2.417798492517205,50.0,57.7,50.6,57.7,2.79,0.52,,,,,COOL,COOL,COOL,2.28,,COOL,Red,Red,Red,Red,52,38,37,47,POINTS,52,,,,,,,C,Passenger,0.1,,72.7,,0,0.017094017094017092,0.6666666666666666,0.017094017094017092,0.0008782908460136575,0.1,0.1,0.0,0.0,0.0,7.76794133053955,7.933755914650478,72.7,30.3,False,,,,,,False,False,0,,False,0,,False,0,,ALTLINE_NB_v1_2026-01-18,,,,league_avg,2.3,,,,,,,,,exp/fallback,0.279,,,,,,,,,exp/fallback,0.22799999999999998,,,,,,,,,exp/fallback,0.2008,,,,,,,,,exp/fallback,0.1388,,,,,,,,2026-09-24-frozen-v2,[],2025-2026
2026-09-29,NYR@BOS,,7:00 PM,2026-09-30T00:00:00Z,Jonathan Aspirot,8481219,BOS,D,,Healthy,Unknown,,,0,0.0,,NYR,Igor Shesterkin,0.911578947368421,2.4998208902580834,20.0,,moneypuck_team_proxy,24.5,4,24.5,4,,33.4,49.3,A1+A2,16.74,64.6,45.2,0.98,NONE,False,False,25.711828421616815,2.3918432128567453,64.8,43.3,10,2.5,True,,,,,50.0,,,,,,,,,,,,,,,,,,,,,,,,,,,,,,,,,,,,,,,,0.6997950095426593,0.1272354562804835,,,0.0,2.398134962935236,2.2409738553050214,50.0,25.1,42.5,25.1,2.04,0.43,,,,,COOL,COOL,COOL,1.61,,COOL,Red,Red,Red,Red,45,33,32,38,POINTS,45,,,,,,,C,Passenger,0.1,,68.0,,0,0.019398907103825136,1.1833333333333333,0.019398907103825136,0.0011588431154925898,0.1,0.1,32.32394366197183,0.0,38.02816901408451,7.852567975830816,7.578865779615037,68.0,54.4,False,,,,,,False,False,0,,False,0,,False,0,,ALTLINE_NB_v1_2026-01-18,,,,league_avg,2.3,,,,,,,,,exp/fallback,0.20400000000000001,,,,,,,,,exp/fallback,0.161,,,,,,,,,exp/fallback,0.1972,,,,,,,,,exp/fallback,0.13294999999999998,,,,,,,,2026-09-24-frozen-v2,[],2025-2026
2026-09-29,FLA@CAR,,4:00 PM,2026-09-29T21:00:00Z,Charles Alexis Legault,8484428,CAR,D,,Healthy,Unknown,,,0,0.0,,FLA,Sergei Bobrovsky,0.8768,3.0701244330736133,79.5,,moneypuck_team_proxy,25.0,4,25.0,4,,23.6,17.6,A1+A2,14.29,43.4,25.5,0.94,NONE,False,False,30.49987126200022,2.976863942325376,94.9,94.9,18,4.5,True,,,,,50.0,,,,,,,,,,,,,,,,,,,,,,,,,,,,,,,,,,,,,,,,0.0064054659976513295,0.0,,,0.0,2.5561842144182134,2.6924815874317054,50.0,58.6,30.7,58.6,1.7,0.92,,,,,COOL,COOL,COOL,0.78,,COOL,Red,Red,Red,Red,33,32,33,27,POINTS,33,,,,,,,C,Passenger,0.0,,38.6,,0,0.0,0.0,0.0,0.0,0.0,0.0,0.0,,,7.6757302031271495,6.195408690126301,38.6,6.1,False,,,,,,False,False,1,,False,0,,False,0,,ALTLINE_NB_v1_2026-01-18,,,,league_avg,2.3,,,,,,,,,exp/fallback,0.16999999999999998,,,,,,,,,exp/fallback,0.078,,,,,,,,,exp/fallback,0.2168,,,,,,,,,exp/fallback,0.1648,,,,,,,,2026-09-24-frozen-v2,[],2025-2026
2026-09-29,CHI@VGK,,9:30 PM,2026-09-30T02:30:00Z,Nick Lardis,8484185,CHI,L,,Healthy,Unknown,,,0,0.0,,VGK,Akira Schmid,0.8925410872313527,2.5943856138774195,48.8,,moneypuck_team_proxy,21.25,4,21.25,4,,62.7,34.6,A1+A2,12.67,32.7,46.8,0.99,NONE,False,False,23.53719609781112,2.168816399449161,14.3,4.2,9,2.25,True,,,,,50.0,,,,,,,,,,,,,,,,,,,,,,,,,,,,,,,,,,,,,,,,1.4686248331108145,0.26702269692923897,,,0.0,2.110930465732193,1.998905475419135,50.0,4.2,61.9,4.2,3.3,2.09,,,,,COOL,COOL,COOL,1.2,,COOL,Red,Red,Red,Red,36,43,50,34,GOAL,50,,,,,,,B,Shooter,11.1,,17.7,,1,1.4028455284552845,57.516666666666666,1.4028455284552845,0.11071187963170896,11.1,11.1,3.4085772239930456,2.7435525934511737,0.7823819182845553,6.805363673303535,6.308402585410895,17.7,54.4,False,,,,,,False,False,0,,False,0,,False,0,,ALTLINE_NB_v1_2026-01-18,,,,league_avg,2.3,,,,,,,,,exp/fallback,0.32999999999999996,,,,,,,,,exp/fallback,0.12,,,,,,,,,exp/fallback,0.2636,,,,,,,,,exp/fallback,0.24085,,,,,,,,2026-09-24-frozen-v2,[],2025-2026
2026-09-29,CHI@VGK,,9:30 PM,2026-09-30T02:30:00Z,Teuvo Teravainen,8476882,CHI,C,,Healthy,Unknown,,,0,0.0,,VGK,Akira Schmid,0.8925410872313527,2.5943856138774195,48.8,,moneypuck_team_proxy,21.25,4,21.25,4,8.0,67.8,72.9,A1+A2,17.75,73.7,70.8,1.08,NONE,False,False,23.53719609781112,2.168816399449161,14.3,4.2,9,2.25,True,1.0,0.875,1.0,1.0,22.4,3.0,1.0,11.0,0.0,1.0,2.0,7.0,18.0,6.0,10.0,21.0,49.0,LOW,0.3,,LOW,0.35,,LOW,0.45,,LOW,0.2,,LOW,0.3,,LOW,0.25,,LOW,1.1,,LOW,1.05,,LOW,1.225,,0.8569231332625334,0.2636686563884718,,,2.0,2.110930465732193,1.998905475419135,50.0,4.2,47.4,4.2,4.6,1.53,11.0,1.6,0.53,-1.0,WARM,COOL,COOL,3.38,1.07,COOL,Yellow,Red,Red,Yellow,60,52,54,57,POINTS,60,4.0,4.0,5.0,5.0,2.0,4.0,A,Distributor,15.1,,17.7,,2,2.6722972972972974,197.75,2.6722972972972974,0.15053285968028418,15.1,15.1,3.3860935524652342,1.3228824273072062,2.427307206068268,6.805363673303535,6.308402585410895,17.7,67.1,False,,,,🅿️ D:4,,False,False,1,,False,0,,False,0,,ALTLINE_NB_v1_2026-01-18,,,,exp/fallback,1.1,,,,,,,,,exp/fallback,0.45999999999999996,,,,,,,,,exp/fallback,0.33799999999999997,,,,,,,,,exp/fallback,0.1809,,,,,,,,,exp/fallback,0.1533375,,,,,,8.0,,2026-09-24-frozen-v2,[],2025-2026
2026-09-29,VAN@EDM,,9:00 PM,2026-09-30T02:00:00Z,Kirill Kudryavtsev,8483467,VAN,D,,Healthy,Unknown,,,0,0.0,,EDM,Tristan Jarry,0.8822115384615384,3.3152597799223806,83.3,,moneypuck_team_proxy,22.25,4,22.25,4,,8.2,24.0,A1+A2,15.63,58.9,23.9,0.94,NONE,False,False,23.458639271933965,2.22263647167999,5.2,13.3,8,2.0,True,,,,,50.0,,,,,,,,,,,,,,,,,,,,,,,,,,,,,,,,,,,,,,,,0.043843624406284254,0.021921812203142127,,,0.0,2.466443398236635,2.4605092289198285,50.0,39.5,36.6,39.5,6.71,0.44,,,,,COOL,COOL,COOL,6.27,,COOL,Red,Red,Red,Red,37,21,23,28,POINTS,37,,,,,,,C,Passenger,0.0,,88.0,,0,0.0,0.0,0.0,0.0,0.0,0.0,0.0,,,7.968727923515283,8.893028671226896,88.0,20.4,False,,,,,,False,False,1,,False,0,,False,0,,ALTLINE_NB_v1_2026-01-18,,,,league_avg,2.3,,,,,,,,,exp/fallback,0.671,,,,,,,,,exp/fallback,0.627,,,,,,,,,exp/fallback,0.1976,,,,,,,,,exp/fallback,0.1336,,,,,,,,2026-09-24-frozen-v2,[],2025-2026
2026-09-29,NYR@BOS,,7:00 PM,2026-09-30T00:00:00Z,Will Cuylle,8482157,NYR,L,,Healthy,Unknown,,,0,0.0,,BOS,Jeremy Swayman,0.9071246819338422,2.707645389120994,32.0,,moneypuck_team_proxy,29.0,4,29.0,4,8.0,91.7,68.0,A1+A2,16.86,65.7,78.2,1.11,NONE,False,False,23.53754892467431,2.2585501208368255,23.4,33.2,15,3.75,True,1.0,1.5,2.0,1.35,40.2,6.0,4.0,18.0,3.0,1.0,2.0,6.0,15.0,2.0,5.0,35.0,75.0,OK,0.6,,LOW,0.3,,LOW,0.375,,LOW,0.2,,LOW,0.1,,LOW,0.125,,LOW,1.8,,LOW,1.75,,LOW,1.875,,1.3270258647170854,0.6635129323585427,,,2.0,2.666162545755205,2.6773806209827864,50.0,65.3,57.5,65.3,5.63,3.19,14.85,-0.37,-0.81,-4.5,COOL,COOL,COOL,2.44,0.44,COOL,Red,Red,Red,Red,52,71,81,61,GOAL,81,0.0,0.0,4.0,3.0,0.0,10.0,B,Hybrid,8.0,,61.4,,1,1.3556910569105691,111.16666666666667,1.3556910569105691,0.08042248935939328,8.0,8.0,4.456821589205397,2.736431784107946,2.0239880059970012,8.75699777062175,6.692271808427927,61.4,62.4,False,,,,🥅 D:4,,False,False,1,,False,0,,False,0,,ALTLINE_NB_v1_2026-01-18,,,,exp/fallback,1.4849999999999999,,,,,,,,,exp/fallback,0.563,,,,,,,,,exp/fallback,0.244,,,,,,,,,exp/fallback,0.2307,,,,,,,,,exp/fallback,0.2342625,,,,,,8.0,,2026-09-24-frozen-v2,[],2025-2026
2026-09-29,NYR@BOS,,7:00 PM,2026-09-30T00:00:00Z,J.T. Miller,8476468,NYR,C,,Healthy,Unknown,,,0,0.0,,BOS,Jeremy Swayman,0.9071246819338422,2.707645389120994,32.0,,moneypuck_team_proxy,29.0,4,29.0,4,16.0,90.0,90.6,A1+A2,20.15,86.5,89.5,1.16,NONE,False,False,23.53754892467431,2.2585501208368255,23.4,33.2,15,3.75,True,2.0,1.875,2.0,2.0,68.7,11.0,3.0,20.0,1.0,4.0,8.0,17.0,35.0,14.0,25.0,37.0,84.0,STRONG,1.1,,GOOD,0.85,,GOOD,0.875,,STRONG,0.8,,GOOD,0.7,,GOOD,0.625,,LOW,2.0,,LOW,1.85,,LOW,2.1,,1.5383300572600633,0.6153320229040253,,,8.0,2.666162545755205,2.6773806209827864,50.0,65.3,63.6,65.3,10.92,4.18,22.0,-1.07,0.8,0.0,COOL,COOL,COOL,6.74,-1.87,COOL,Green,Red,Red,Yellow,66,78,77,78,ASSISTS,78,0.0,0.0,4.0,3.0,6.0,0.0,A,Hybrid,14.8,,61.4,,2,2.985294117647059,203.0,2.985294117647059,0.1481859989780276,14.8,14.8,4.544334975369457,2.1576354679802954,2.8078817733990147,8.75699777062175,6.692271808427927,61.4,73.9,False,,,,🅰️ D:0,,False,False,1,,False,0,,False,0,,ALTLINE_NB_v1_2026-01-18,,,,exp/fallback,2.2,,,,,,,,,exp/fallback,1.092,,,,,,,,,exp/fallback,0.674,,,,,,,,,exp/fallback,0.3472,,,,,,,,,exp/fallback,0.3767,,,,,,16.0,,2026-09-24-frozen-v2,[],2025-2026
2026-09-29,NYR@BOS,,7:00 PM,2026-09-30T00:00:00Z,Taylor Raddysh,8479390,NYR,R,,Healthy,Unknown,,,0,0.0,,BOS,Jeremy Swayman,0.9071246819338422,2.707645389120994,32.0,,moneypuck_team_proxy,29.0,4,29.0,4,,56.6,49.3,A1+A2,11.84,24.6,47.6,0.99,NONE,False,False,23.53754892467431,2.2585501208368255,23.4,33.2,15,3.75,True,,,,,50.0,,,,,,,,,,,,,,,,,,,,,,,,,,,,,,,,,,,,,,,,1.4163060331859942,0.4998727175950568,,,0.0,2.666162545755205,2.6773806209827864,50.0,65.3,60.0,65.3,2.51,1.06,,,,,COOL,COOL,COOL,1.46,,COOL,Red,Red,Red,Red,47,49,48,45,SOG,49,,,,,,,C,Passenger,3.0,,61.4,,0,0.3531862745098039,24.016666666666666,0.3531862745098039,0.029822019867549666,3.0,3.0,3.3226925746009717,1.1991672449687716,2.498265093684941,8.75699777062175,6.692271808427927,61.4,57.1,False,,,,,,False,False,0,,False,0,,False,0,,ALTLINE_NB_v1_2026-01-18,,,,league_avg,2.3,,,,,,,,,exp/fallback,0.251,,,,,,,,,exp/fallback,0.146,,,,,,,,,exp/fallback,0.2224,,,,,,,,,exp/fallback,0.1739,,,,,,,,2026-09-24-frozen-v2,[],2025-2026
2026-09-29,VAN@EDM,,9:00 PM,2026-09-30T02:00:00Z,Alec Regula,8480831,EDM,D,,Healthy,Unknown,,,0,0.0,,VAN,Kevin Lankinen,0.8754863813229572,3.7032036569136113,97.3,,moneypuck_team_proxy,27.75,4,27.75,4,,18.5,28.5,A1+A2,14.47,43.8,27.0,0.94,NONE,False,False,27.51428261280349,2.6375211575650606,84.7,84.7,13,3.25,True,,,,,50.0,,,,,,,,,,,,,,,,,,,,,,,,,,,,,,,,,,,,,,,,0.4594571598740747,0.15315238662469158,,,0.0,2.8103479152760364,2.5495335623463524,50.0,72.1,39.1,72.1,1.19,0.22,,,,,COOL,COOL,COOL,0.97,,COOL,Red,Red,Red,Red,42,31,33,35,POINTS,42,,,,,,,C,Passenger,0.1,,97.2,,0,0.01206896551724138,0.35,0.01206896551724138,0.0008341277407054338,0.1,0.1,0.0,0.0,0.0,9.539183194819762,8.332820945108345,97.2,36.2,False,,,,,,False,False,1,,False,0,,False,0,,ALTLINE_NB_v1_2026-01-18,,,,league_avg,2.3,,,,,,,,,exp/fallback,0.119,,,,,,,,,exp/fallback,0.097,,,,,,,,,exp/fallback,0.1888,,,,,,,,,exp/fallback,0.11929999999999999,,,,,,,,2026-09-24-frozen-v2,[],2025-2026
2026-09-29,MTL@TOR,,6:00 PM,2026-09-29T23:00:00Z,Mike Matheson,8476875,MTL,D,,Healthy,Unknown,,,0,0.0,,TOR,Joseph Woll,0.8984438984438985,3.33622313234283,61.6,,moneypuck_team_proxy,23.5,4,23.5,4,6.5,59.3,85.3,A1+A2,24.16,99.0,76.3,1.1,NONE,False,False,24.46043165467626,2.406324940047962,43.1,53.2,18,3.6,True,1.0,1.125,1.4,1.14,28.5,2.0,1.0,12.0,1.0,0.0,1.0,4.0,4.0,2.0,2.0,24.0,24.0,LOW,0.2,,LOW,0.2,,LOW,0.1,,LOW,0.1,,LOW,0.1,,LOW,0.05,,LOW,1.2,,LOW,1.2,,LOW,0.6,,1.1828151907912625,0.4078673071694009,,,1.0,2.674871645486655,2.417798492517205,50.0,57.7,54.3,57.7,5.34,1.09,11.4,3.34,0.09,-0.6,HOT,COOL,COOL,4.68,3.25,HOT,Yellow,Red,Red,Yellow,77,51,55,78,ASSISTS,78,2.0,6.0,2.0,0.0,0.0,10.0,C,Passenger,1.2,,72.7,,0,0.288034188034188,22.466666666666665,0.288034188034188,0.01192023698987487,1.2,1.2,1.7559347181008904,0.053412462908011875,2.0029673590504453,7.76794133053955,7.933755914650478,72.7,56.4,False,,,,🅰️ D:6,,False,False,1,,False,0,,False,0,,ALTLINE_NB_v1_2026-01-18,,,,exp/fallback,1.1400000000000001,,,,,,,,,exp/fallback,0.534,,,,,,,,,exp/fallback,0.46799999999999997,,,,,,,,,exp/fallback,0.1677,,,,,,,,,exp/fallback,0.1318875,,,,,,6.5,,2026-09-24-frozen-v2,[],2025-2026
2026-09-29,CHI@VGK,,9:30 PM,2026-09-30T02:30:00Z,Ryan Donato,8477987,CHI,C,,Healthy,Unknown,,,0,0.0,,VGK,Akira Schmid,0.8925410872313527,2.5943856138774195,48.8,,moneypuck_team_proxy,21.25,4,21.25,4,8.0,80.1,60.9,A1+A2,14.73,49.2,67.2,1.07,NONE,False,False,23.53719609781112,2.168816399449161,14.3,4.2,9,2.25,True,1.0,1.625,2.0,1.35,40.2,3.0,1.0,19.0,1.0,1.0,2.0,4.0,12.0,3.0,7.0,32.0,51.0,LOW,0.3,,LOW,0.2,,LOW,0.3,,LOW,0.2,,LOW,0.15,,LOW,0.175,,LOW,1.9,,LOW,1.6,,LOW,1.275,,1.4920852529052622,0.5164910490825907,,,2.0,2.110930465732193,1.998905475419135,50.0,4.2,62.5,4.2,4.16,2.18,13.5,1.16,1.18,-5.5,COOL,COOL,COOL,1.98,-0.02,COOL,Red,Red,Yellow,Red,46,52,61,49,GOAL,61,0.0,0.0,4.0,0.0,0.0,10.0,B,Shooter,9.4,,17.7,,1,1.3804526748971193,111.81666666666666,1.3804526748971193,0.09371944234906268,9.4,9.4,2.0538083171858696,1.71173051125354,0.4024444775674467,6.805363673303535,6.308402585410895,17.7,52.1,False,,,,🥅 D:4,,False,False,1,,False,0,,False,0,,ALTLINE_NB_v1_2026-01-18,,,,exp/fallback,1.35,,,,,,,,,exp/fallback,0.41600000000000004,,,,,,,,,exp/fallback,0.198,,,,,,,,,exp/fallback,0.2004,,,,,,,,,exp/fallback,0.18502500000000002,,,,,,8.0,,2026-09-24-frozen-v2,[],2025-2026
2026-09-29,VAN@EDM,,9:00 PM,2026-09-30T02:00:00Z,Colton Dach,8482703,EDM,C,,Healthy,Unknown,,,0,0.0,,VAN,Kevin Lankinen,0.8754863813229572,3.7032036569136113,97.3,,moneypuck_team_proxy,27.75,4,27.75,4,,58.5,43.8,A1+A2,11.48,21.5,46.0,0.98,NONE,False,False,27.51428261280349,2.6375211575650606,84.7,84.7,13,3.25,True,,,,,50.0,,,,,,,,,,,,,,,,,,,,,,,,,,,,,,,,,,,,,,,,1.021487347486264,0.37144994454045965,,,0.0,2.8103479152760364,2.5495335623463524,50.0,72.1,51.1,72.1,2.51,1.22,,,,,COOL,COOL,COOL,1.29,,COOL,Red,Red,Red,Red,49,51,55,46,GOAL,55,,,,,,,B,Hybrid,6.3,,97.2,,1,0.7265027322404373,44.31666666666667,0.7265027322404373,0.06329596038944037,6.3,6.3,1.7431365174877773,0.8800300864986836,1.0154193305754042,9.539183194819762,8.332820945108345,97.2,66.9,False,,,,,,False,False,1,,False,0,,False,0,,ALTLINE_NB_v1_2026-01-18,,,,league_avg,2.3,,,,,,,,,exp/fallback,0.251,,,,,,,,,exp/fallback,0.129,,,,,,,,,exp/fallback,0.2288,,,,,,,,,exp/fallback,0.1843,,,,,,,,2026-09-24-frozen-v2,[],2025-2026
2026-09-29,CHI@VGK,,9:30 PM,2026-09-30T02:30:00Z,Jack Eichel,8478403,VGK,C,👑 ELITE,Healthy,Unknown,,,0,0.0,,CHI,Spencer Knight,0.9019987105093488,2.822524488185321,42.3,,moneypuck_team_proxy,28.75,4,28.75,4,9.7,93.5,98.9,A1+A2,21.2,92.3,95.2,1.25,ELITE,True,False,26.819846846450986,2.5171828375350027,74.7,74.7,13,3.25,True,1.5,1.75,1.4,1.465,46.3,7.0,1.0,17.0,0.0,3.0,6.0,20.0,22.0,18.0,20.0,48.0,52.0,OK,0.7,,STRONG,1.0,,LOW,0.55,,GOOD,0.6,,STRONG,0.9,,OK,0.5,,LOW,1.7,,LOW,2.4,,LOW,1.3,,2.506221116246001,0.8531816565943833,,,6.0,2.941628448429158,2.9328448015615374,50.0,95.3,73.8,95.3,20.17,4.71,16.12,7.94,3.28,-2.35,HOT,HOT,COOL,14.39,4.66,HOT,Green,Green,Green,Green,92,85,85,91,POINTS,92,1.0,1.0,8.0,2.0,2.0,1.0,A,Distributor,16.3,,73.4,,2,3.4486486486486485,255.2,3.4486486486486485,0.16266519355798242,16.3,16.3,4.759208463949844,0.7123824451410659,4.760971786833856,8.262546073149986,7.431258595448294,73.4,89.7,False,,,,🅿️ D:1,,False,False,2,,False,0,,False,0,,ALTLINE_NB_v1_2026-01-18,,,,exp/fallback,1.612,,,,,,,,,exp/fallback,2.0170000000000003,,,,,,,,,exp/fallback,1.439,,,,,,,,,exp/fallback,0.31314,,,,,,,,,exp/fallback,0.34947749999999994,,,,,,9.7,,2026-09-24-frozen-v2,[],2025-2026
2026-09-29,VAN@EDM,,9:00 PM,2026-09-30T02:00:00Z,Liam Ohgren,8483499,VAN,L,,Healthy,Unknown,,,0,0.0,,EDM,Tristan Jarry,0.8822115384615384,3.3152597799223806,83.3,,moneypuck_team_proxy,22.25,4,22.25,4,,56.4,49.3,A1+A2,13.17,35.4,49.7,1.0,NONE,False,False,23.458639271933965,2.22263647167999,5.2,13.3,8,2.0,True,,,,,50.0,,,,,,,,,,,,,,,,,,,,,,,,,,,,,,,,,,,,,,,,1.2185894627852336,0.4300903986300824,,,0.0,2.466443398236635,2.4605092289198285,50.0,39.5,55.1,39.5,2.49,1.05,,,,,COOL,COOL,COOL,1.45,,COOL,Red,Red,Red,Red,49,46,50,45,GOAL,50,,,,,,,C,Passenger,2.5,,88.0,,0,0.32681159420289857,22.55,0.32681159420289857,0.024813850273264132,2.5,2.5,0.5853658536585366,0.5853658536585366,0.0,7.968727923515283,8.893028671226896,88.0,48.6,False,,,,,,False,False,1,,False,0,,False,0,,ALTLINE_NB_v1_2026-01-18,,,,league_avg,2.3,,,,,,,,,exp/fallback,0.24900000000000003,,,,,,,,,exp/fallback,0.145,,,,,,,,,exp/fallback,0.222,,,,,,,,,exp/fallback,0.17325000000000002,,,,,,,,2026-09-24-frozen-v2,[],2025-2026
2026-09-29,VAN@EDM,,9:00 PM,2026-09-30T02:00:00Z,Mackenzie MacEachern,8476907,VAN,L,,Healthy,Unknown,,,0,0.0,,EDM,Tristan Jarry,0.8822115384615384,3.3152597799223806,83.3,,moneypuck_team_proxy,22.25,4,22.25,4,,18.2,28.5,A1+A2,10.18,12.1,20.6,0.94,NONE,False,False,23.458639271933965,2.22263647167999,5.2,13.3,8,2.0,True,,,,,50.0,,,,,,,,,,,,,,,,,,,,,,,,,,,,,,,,,,,,,,,,0.04952538175815105,0.03714403631861329,,,0.0,2.466443398236635,2.4605092289198285,50.0,39.5,37.1,39.5,4.24,0.72,,,,,COOL,COOL,COOL,3.52,,COOL,Red,Red,Red,Red,34,23,27,27,POINTS,34,,,,,,,C,Passenger,0.0,,88.0,,0,0.0,0.0,0.0,0.0,0.0,0.0,0.0,,,7.968727923515283,8.893028671226896,88.0,20.4,False,,,,,,False,False,1,,False,0,,False,0,,ALTLINE_NB_v1_2026-01-18,,,,league_avg,2.3,,,,,,,,,exp/fallback,0.42400000000000004,,,,,,,,,exp/fallback,0.352,,,,,,,,,exp/fallback,0.20879999999999999,,,,,,,,,exp/fallback,0.1518,,,,,,,,2026-09-24-frozen-v2,[],2025-2026
2026-09-29,FLA@CAR,,4:00 PM,2026-09-29T21:00:00Z,Seth Jones,8477495,FLA,D,,Healthy,Unknown,,,0,0.0,,CAR,Brandon Bussi,0.893640350877193,2.4652486074734026,43.7,,moneypuck_team_proxy,29.25,4,29.25,4,4.3,52.9,79.4,A1+A2,23.7,98.0,71.2,1.08,NONE,False,False,25.61660448155363,2.480733882928602,53.9,64.0,15,3.75,True,1.0,0.875,1.0,1.0,22.4,8.0,1.0,9.0,1.0,5.0,7.0,13.0,26.0,11.0,19.0,31.0,71.0,GOOD,0.8,,OK,0.65,,OK,0.65,,GOOD,0.7,,OK,0.55,,OK,0.475,,LOW,0.9,,LOW,1.55,,LOW,1.775,,0.8887707237404334,0.34183489374632053,,,7.0,2.310074668039872,2.1627983962923456,50.0,14.1,47.7,14.1,6.51,1.3,10.0,-1.49,0.3,1.0,COOL,COOL,COOL,5.22,-1.78,COOL,Yellow,Red,Red,Yellow,56,47,44,61,ASSISTS,61,0.0,0.0,2.0,8.0,3.0,1.0,A,Distributor,14.4,,62.5,,2,3.4237179487179485,178.03333333333333,3.4237179487179485,0.1444723957910682,14.4,14.4,3.7484553454409286,1.0986706609249204,3.1173937464894217,8.328119961302805,6.917211529606778,62.5,77.1,False,,,,🅰️ D:0,,False,False,1,,False,0,,False,0,,ALTLINE_NB_v1_2026-01-18,,,,exp/fallback,1.0,,,,,,,,,exp/fallback,0.651,,,,,,,,,exp/fallback,0.522,,,,,,,,,exp/fallback,0.174,,,,,,,,,exp/fallback,0.142125,,,,,,4.3,,2026-09-24-frozen-v2,[],2025-2026
2026-09-29,VAN@EDM,,9:00 PM,2026-09-30T02:00:00Z,Adam Henrique,8474641,EDM,C,,Healthy,Unknown,,,0,0.0,,VAN,Kevin Lankinen,0.8754863813229572,3.7032036569136113,97.3,,moneypuck_team_proxy,27.75,4,27.75,4,,68.3,54.3,A1+A2,13.24,35.7,56.9,1.03,NONE,False,False,27.51428261280349,2.6375211575650606,84.7,84.7,13,3.25,True,,,,,50.0,,,,,,,,,,,,,,,,,,,,,,,,,,,,,,,,,,,,,,,,0.7683915951240335,0.5976379073186928,,,0.0,2.8103479152760364,2.5495335623463524,50.0,72.1,44.5,72.1,3.59,1.69,,,,,COOL,COOL,COOL,1.9,,COOL,Red,Red,Red,Red,55,57,61,52,GOAL,61,,,,,,,B,Distributor,4.4,,97.2,,1,0.5771794871794872,37.516666666666666,0.5771794871794872,0.04360206097702708,4.4,4.4,4.382052421146158,1.6632607729897826,3.1985784095957355,9.539183194819762,8.332820945108345,97.2,75.5,False,,,,,,False,False,1,,False,0,,False,0,,ALTLINE_NB_v1_2026-01-18,,,,league_avg,2.3,,,,,,,,,exp/fallback,0.359,,,,,,,,,exp/fallback,0.19,,,,,,,,,exp/fallback,0.2476,,,,,,,,,exp/fallback,0.21484999999999999,,,,,,,,2026-09-24-frozen-v2,[],2025-2026
2026-09-29,CHI@VGK,,9:30 PM,2026-09-30T02:30:00Z,Cole Smith,8482062,VGK,R,,Healthy,Unknown,,,0,0.0,,CHI,Spencer Knight,0.9019987105093488,2.822524488185321,42.3,,moneypuck_team_proxy,28.75,4,28.75,4,,69.4,31.9,A1+A2,13.28,36.0,49.6,1.0,NONE,False,False,26.819846846450986,2.5171828375350027,74.7,74.7,13,3.25,True,,,,,50.0,,,,,,,,,,,,,,,,,,,,,,,,,,,,,,,,,,,,,,,,0.5158455329209753,0.08597425548682922,,,0.0,2.941628448429158,2.9328448015615374,50.0,95.3,39.8,95.3,2.43,1.8,,,,,COOL,COOL,COOL,0.63,,COOL,Red,Red,Red,Red,41,62,63,41,GOAL,63,,,,,,,C,Passenger,0.2,,73.4,,0,0.032539682539682535,2.05,0.032539682539682535,0.0024499551837466383,0.2,0.2,0.0,0.0,0.0,8.262546073149986,7.431258595448294,73.4,34.7,False,,,,,,False,False,0,,False,0,,False,0,,ALTLINE_NB_v1_2026-01-18,,,,league_avg,2.3,,,,,,,,,exp/fallback,0.24300000000000002,,,,,,,,,exp/fallback,0.063,,,,,,,,,exp/fallback,0.252,,,,,,,,,exp/fallback,0.22199999999999998,,,,,,,,2026-09-24-frozen-v2,[],2025-2026
2026-09-29,VAN@EDM,,9:00 PM,2026-09-30T02:00:00Z,Jake DeBrusk,8478498,VAN,L,⭐ STAR,Healthy,Unknown,,,0,0.0,,EDM,Tristan Jarry,0.8822115384615384,3.3152597799223806,83.3,,moneypuck_team_proxy,22.25,4,22.25,4,16.1,98.7,69.6,A1+A2,16.86,66.0,82.0,1.16,STAR,False,True,23.458639271933965,2.22263647167999,5.2,13.3,8,2.0,True,2.5,3.125,4.0,3.025,95.3,8.0,7.0,34.0,4.0,0.0,1.0,10.0,21.0,1.0,9.0,55.0,99.0,GOOD,0.8,,LOW,0.5,,LOW,0.525,,LOW,0.1,,LOW,0.05,,LOW,0.225,,GOOD,3.4,,OK,2.75,,LOW,2.475,,0.904810576230291,0.42224493557413584,,,1.0,2.466443398236635,2.4605092289198285,50.0,39.5,48.4,39.5,7.73,5.0,33.28,-0.27,-2.0,-3.75,COOL,COOL,COOL,2.73,1.73,WARM,Red,Red,Green,Red,53,80,93,63,GOAL,93,1.0,9.0,1.0,1.0,6.0,1.0,A,Shooter,16.9,,88.0,,2,2.8518518518518516,231.0,2.8518518518518516,0.16910481814521539,16.9,16.9,5.333116883116883,4.394805194805195,1.103896103896104,7.968727923515283,8.893028671226896,88.0,78.7,False,,,,🥅 D:1,,False,False,2,,False,0,,False,0,,ALTLINE_NB_v1_2026-01-18,,,,exp/fallback,3.3280000000000003,,,,,,,,,exp/fallback,0.773,,,,,,,,,exp/fallback,0.273,,,,,,,,,exp/fallback,0.38,,,,,,,,,exp/fallback,0.43,,,,,,16.1,,2026-09-24-frozen-v2,[],2025-2026
2026-09-29,NYR@BOS,,7:00 PM,2026-09-30T00:00:00Z,Conor Sheary,8477839,NYR,L,,Healthy,Unknown,,,0,0.0,,BOS,Jeremy Swayman,0.9071246819338422,2.707645389120994,32.0,,moneypuck_team_proxy,29.0,4,29.0,4,,64.8,51.9,A1+A2,14.1,42.1,55.7,1.02,NONE,False,False,23.53754892467431,2.2585501208368255,23.4,33.2,15,3.75,True,,,,,50.0,,,,,,,,,,,,,,,,,,,,,,,,,,,,,,,,,,,,,,,,1.1528608027327072,0.3074295473953886,,,0.0,2.666162545755205,2.6773806209827864,50.0,65.3,53.8,65.3,3.37,1.55,,,,,COOL,COOL,COOL,1.82,,COOL,Red,Red,Red,Red,50,55,54,48,SOG,55,,,,,,,B,Distributor,6.2,,61.4,,1,0.878225806451613,54.45,0.878225806451613,0.062296207310794584,6.2,6.2,2.3002754820936637,0.6611570247933883,1.9283746556473826,8.75699777062175,6.692271808427927,61.4,58.7,False,,,,,,False,False,0,,False,0,,False,0,,ALTLINE_NB_v1_2026-01-18,,,,league_avg,2.3,,,,,,,,,exp/fallback,0.337,,,,,,,,,exp/fallback,0.182,,,,,,,,,exp/fallback,0.242,,,,,,,,,exp/fallback,0.20575,,,,,,,,2026-09-24-frozen-v2,[],2025-2026
2026-09-29,VAN@EDM,,9:00 PM,2026-09-30T02:00:00Z,Pierre-Olivier Joseph,8480058,VAN,D,,Healthy,Unknown,,,0,0.0,,EDM,Tristan Jarry,0.8822115384615384,3.3152597799223806,83.3,,moneypuck_team_proxy,22.25,4,22.25,4,,22.3,34.6,A1+A2,13.3,36.4,29.4,0.94,NONE,False,False,23.458639271933965,2.22263647167999,5.2,13.3,8,2.0,True,,,,,50.0,,,,,,,,,,,,,,,,,,,,,,,,,,,,,,,,,,,,,,,,0.9193445413917855,0.3064481804639285,,,0.0,2.466443398236635,2.4605092289198285,50.0,39.5,49.1,39.5,1.83,0.32,,,,,COOL,COOL,COOL,1.52,,COOL,Red,Red,Red,Red,41,27,30,35,POINTS,41,,,,,,,C,Passenger,0.3,,88.0,,0,0.038172043010752686,1.1833333333333333,0.038172043010752686,0.0028690346304602577,0.3,0.3,0.0,0.0,0.0,7.968727923515283,8.893028671226896,88.0,38.7,False,,,,,,False,False,1,,False,0,,False,0,,ALTLINE_NB_v1_2026-01-18,,,,league_avg,2.3,,,,,,,,,exp/fallback,0.183,,,,,,,,,exp/fallback,0.152,,,,,,,,,exp/fallback,0.1928,,,,,,,,,exp/fallback,0.1258,,,,,,,,2026-09-24-frozen-v2,[],2025-2026
2026-09-29,VAN@EDM,,9:00 PM,2026-09-30T02:00:00Z,Ryan Nugent-Hopkins,8476454,EDM,C,,Healthy,Unknown,,,0,0.0,,VAN,Kevin Lankinen,0.8754863813229572,3.7032036569136113,97.3,,moneypuck_team_proxy,27.75,4,27.75,4,6.5,82.1,90.6,A1+A2,19.06,80.5,84.8,1.14,NONE,False,False,27.51428261280349,2.6375211575650606,84.7,84.7,13,3.25,True,1.0,1.0,1.4,1.14,28.5,5.0,2.0,7.0,2.0,3.0,3.0,5.0,5.0,3.0,3.0,7.0,7.0,LOW,0.5,,LOW,0.25,,LOW,0.125,,LOW,0.3,,LOW,0.15,,LOW,0.075,,LOW,0.7,,LOW,0.35,,LOW,0.175,,1.3669077164702024,0.6213216893046375,,,3.0,2.8103479152760364,2.5495335623463524,50.0,72.1,58.5,72.1,9.34,3.07,12.54,3.49,0.79,4.4,HOT,COOL,HOT,6.27,2.7,HOT,Yellow,Red,Yellow,Yellow,83,66,73,80,POINTS,83,1.0,1.0,2.0,3.0,1.0,2.0,A,Distributor,17.7,,97.2,,2,3.3747685185185183,242.98333333333332,3.3747685185185183,0.17703488725091376,17.7,17.7,4.483023526990878,1.439604911173606,3.58049248919679,9.539183194819762,8.332820945108345,97.2,93.9,True,,,,🅿️ D:1,,False,False,2,,False,0,,False,0,,ALTLINE_NB_v1_2026-01-18,,,,exp/fallback,1.254,,,,,,,,,exp/fallback,0.9339999999999999,,,,,,,,,exp/fallback,0.627,,,,,,,,,exp/fallback,0.22710000000000002,,,,,,,,,exp/fallback,0.2284125,,,,,,6.5,,2026-09-24-frozen-v2,[],2025-2026
2026-09-29,NYR@BOS,,7:00 PM,2026-09-30T00:00:00Z,Victor Soderstrom,8481599,BOS,D,,Healthy,Unknown,,,0,0.0,,NYR,Igor Shesterkin,0.911578947368421,2.4998208902580834,20.0,,moneypuck_team_proxy,24.5,4,24.5,4,,10.2,17.6,A1+A2,13.68,39.4,18.6,0.94,NONE,False,False,25.711828421616815,2.3918432128567453,64.8,43.3,10,2.5,True,,,,,50.0,,,,,,,,,,,,,,,,,,,,,,,,,,,,,,,,,,,,,,,,0.00921942224953903,0.0,,,0.0,2.398134962935236,2.2409738553050214,50.0,25.1,31.4,25.1,1.41,0.24,,,,,COOL,COOL,COOL,1.17,,COOL,Red,Red,Red,Red,24,19,17,17,POINTS,24,,,,,,,C,Passenger,0.4,,68.0,,0,0.05625,0.45,0.05625,0.004112718964204113,0.4,0.4,0.0,0.0,0.0,7.852567975830816,7.578865779615037,68.0,34.7,False,,,,,,False,False,0,,False,0,,False,0,,ALTLINE_NB_v1_2026-01-18,,,,league_avg,2.3,,,,,,,,,exp/fallback,0.141,,,,,,,,,exp/fallback,0.11699999999999999,,,,,,,,,exp/fallback,0.1896,,,,,,,,,exp/fallback,0.1206,,,,,,,,2026-09-24-frozen-v2,[],2025-2026
2026-09-29,VAN@EDM,,9:00 PM,2026-09-30T02:00:00Z,Max Sasson,8484136,VAN,C,,Healthy,Unknown,,,0,0.0,,EDM,Tristan Jarry,0.8822115384615384,3.3152597799223806,83.3,,moneypuck_team_proxy,22.25,4,22.25,4,,56.2,37.3,A1+A2,11.72,23.6,43.0,0.97,NONE,False,False,23.458639271933965,2.22263647167999,5.2,13.3,8,2.0,True,,,,,50.0,,,,,,,,,,,,,,,,,,,,,,,,,,,,,,,,,,,,,,,,1.3280151246166971,0.24900283586563068,,,0.0,2.466443398236635,2.4605092289198285,50.0,39.5,57.7,39.5,1.93,1.05,,,,,COOL,COOL,COOL,0.88,,COOL,Red,Red,Red,Red,42,45,49,39,GOAL,49,,,,,,,C,Passenger,3.4,,88.0,,0,0.40277777777777773,26.583333333333332,0.40277777777777773,0.03436981489861443,3.4,3.4,2.0313479623824455,0.11285266457680251,2.2570532915360504,7.968727923515283,8.893028671226896,88.0,66.3,False,,,,,,False,False,1,,False,0,,False,0,,ALTLINE_NB_v1_2026-01-18,,,,league_avg,2.3,,,,,,,,,exp/fallback,0.193,,,,,,,,,exp/fallback,0.088,,,,,,,,,exp/fallback,0.222,,,,,,,,,exp/fallback,0.17325000000000002,,,,,,,,2026-09-24-frozen-v2,[],2025-2026
2026-09-29,VAN@EDM,,9:00 PM,2026-09-30T02:00:00Z,Darnell Nurse,8477498,EDM,D,,Healthy,Unknown,,,0,0.0,,VAN,Kevin Lankinen,0.8754863813229572,3.7032036569136113,97.3,,moneypuck_team_proxy,27.75,4,27.75,4,,55.4,66.1,A1+A2,20.98,91.2,66.3,1.06,NONE,False,False,27.51428261280349,2.6375211575650606,84.7,84.7,13,3.25,True,,,,,50.0,,,,,,,,,,,,,,,,,,,,,,,,,,,,,,,,,,,,,,,,0.8155603741221399,0.31068966633224376,,,0.0,2.8103479152760364,2.5495335623463524,50.0,72.1,46.2,72.1,3.07,0.86,,,,,COOL,COOL,COOL,2.21,,COOL,Red,Red,Red,Red,67,55,57,62,POINTS,67,,,,,,,C,Passenger,1.0,,97.2,,0,0.19959349593495934,16.366666666666667,0.19959349593495934,0.009514213188133391,1.0,1.0,0.18329938900203666,0.18329938900203666,0.0,9.539183194819762,8.332820945108345,97.2,46.7,False,,,,,,False,False,1,,False,0,,False,0,,ALTLINE_NB_v1_2026-01-18,,,,league_avg,2.3,,,,,,,,,exp/fallback,0.307,,,,,,,,,exp/fallback,0.221,,,,,,,,,exp/fallback,0.21439999999999998,,,,,,,,,exp/fallback,0.1609,,,,,,,,2026-09-24-frozen-v2,[],2025-2026
2026-09-29,CHI@VGK,,9:30 PM,2026-09-30T02:30:00Z,Brandon Saad,8476438,VGK,L,,Healthy,Unknown,,,0,0.0,,CHI,Spencer Knight,0.9019987105093488,2.822524488185321,42.3,,moneypuck_team_proxy,28.75,4,28.75,4,,66.5,37.3,A1+A2,13.39,37.0,50.4,1.0,NONE,False,False,26.819846846450986,2.5171828375350027,74.7,74.7,13,3.25,True,,,,,50.0,,,,,,,,,,,,,,,,,,,,,,,,,,,,,,,,,,,,,,,,0.8969851333019573,0.39866005924531434,,,0.0,2.941628448429158,2.9328448015615374,50.0,95.3,48.2,95.3,3.26,2.03,,,,,COOL,COOL,COOL,1.23,,COOL,Red,Red,Red,Red,45,60,61,44,GOAL,61,,,,,,,C,Passenger,0.3,,73.4,,0,0.03707482993197279,1.8166666666666667,0.03707482993197279,0.002769871925188046,0.3,0.3,0.0,0.0,0.0,8.262546073149986,7.431258595448294,73.4,36.7,False,,,,,,False,False,0,,False,0,,False,0,,ALTLINE_NB_v1_2026-01-18,,,,league_avg,2.3,,,,,,,,,exp/fallback,0.32599999999999996,,,,,,,,,exp/fallback,0.123,,,,,,,,,exp/fallback,0.2612,,,,,,,,,exp/fallback,0.23695,,,,,,,,2026-09-24-frozen-v2,[],2025-2026
2026-09-29,FLA@CAR,,4:00 PM,2026-09-29T21:00:00Z,Tomas Nosek,8477931,FLA,L,,Healthy,Unknown,,,0,0.0,,CAR,Brandon Bussi,0.893640350877193,2.4652486074734026,43.7,,moneypuck_team_proxy,29.25,4,29.25,4,,30.7,24.0,A1+A2,14.11,42.4,30.7,0.94,NONE,False,False,25.61660448155363,2.480733882928602,53.9,64.0,15,3.75,True,,,,,50.0,,,,,,,,,,,,,,,,,,,,,,,,,,,,,,,,,,,,,,,,0.7313109425785482,0.0,,,0.0,2.310074668039872,2.1627983962923456,50.0,14.1,44.0,14.1,1.89,1.0,,,,,COOL,COOL,COOL,0.9,,COOL,Red,Red,Red,Red,30,28,30,25,POINTS,30,,,,,,,C,Passenger,0.2,,62.5,,0,0.024603174603174606,0.5166666666666667,0.024603174603174606,0.001743139901034638,0.2,0.2,0.0,0.0,0.0,8.328119961302805,6.917211529606778,62.5,28.6,False,,,,,,False,False,0,,False,0,,False,0,,ALTLINE_NB_v1_2026-01-18,,,,league_avg,2.3,,,,,,,,,exp/fallback,0.189,,,,,,,,,exp/fallback,0.09,,,,,,,,,exp/fallback,0.22,,,,,,,,,exp/fallback,0.16999999999999998,,,,,,,,2026-09-24-frozen-v2,[],2025-2026
2026-09-29,NYR@BOS,,7:00 PM,2026-09-30T00:00:00Z,Adam Sykora,8483669,NYR,L,,Healthy,Unknown,,,0,0.0,,BOS,Jeremy Swayman,0.9071246819338422,2.707645389120994,32.0,,moneypuck_team_proxy,29.0,4,29.0,4,,28.2,17.6,A1+A2,11.17,20.2,22.9,0.94,NONE,False,False,23.53754892467431,2.2585501208368255,23.4,33.2,15,3.75,True,,,,,50.0,,,,,,,,,,,,,,,,,,,,,,,,,,,,,,,,,,,,,,,,0.03315833103067146,0.0,,,0.0,2.666162545755205,2.6773806209827864,50.0,65.3,35.3,65.3,2.42,1.56,,,,,COOL,COOL,COOL,0.85,,COOL,Red,Red,Red,Red,28,33,31,24,SOG,33,,,,,,,C,Passenger,1.0,,61.4,,0,0.10909090909090909,1.2,0.10909090909090909,0.009762711864406777,1.0,1.0,0.0,0.0,0.0,8.75699777062175,6.692271808427927,61.4,34.4,False,,,,,,False,False,0,,False,0,,False,0,,ALTLINE_NB_v1_2026-01-18,,,,league_avg,2.3,,,,,,,,,exp/fallback,0.242,,,,,,,,,exp/fallback,0.08499999999999999,,,,,,,,,exp/fallback,0.2424,,,,,,,,,exp/fallback,0.2064,,,,,,,,2026-09-24-frozen-v2,[],2025-2026
2026-09-29,MTL@TOR,,6:00 PM,2026-09-29T23:00:00Z,Ryan Tverberg,8482525,TOR,C,,Healthy,Unknown,,,0,0.0,,MTL,Jakub Dobes,0.9014321819713563,2.7795558781799583,41.8,,moneypuck_team_proxy,24.8,5,24.8,5,,5.5,6.9,A1+A2,9.87,11.1,7.1,0.94,NONE,False,False,24.25081018097076,2.2433091796234934,33.3,23.2,14,3.5,True,,,,,50.0,,,,,,,,,,,,,,,,,,,,,,,,,,,,,,,,,,,,,,,,0.0,0.0,,,0.0,2.6185551558753,2.697841726618705,50.0,57.7,27.9,68.7,0.38,0.38,,,,,COOL,COOL,COOL,0.0,,COOL,Red,Red,Red,Red,21,19,18,14,POINTS,21,,,,,,,C,Passenger,0.0,,49.8,,0,0.0,0.0,0.0,0.0,0.0,0.0,0.0,,,7.0393554384877595,7.875,49.8,8.1,False,,,,,,False,False,0,,False,0,,False,0,,ALTLINE_NB_v1_2026-01-18,,,,league_avg,2.3,,,,,,,,,exp/fallback,0.038,,,,,,,,,league_avg,0.35,,,,,,,,,exp/fallback,0.19519999999999998,,,,,,,,,exp/fallback,0.12969999999999998,,,,,,,,2026-09-24-frozen-v2,[],2025-2026
2026-09-29,VAN@EDM,,9:00 PM,2026-09-30T02:00:00Z,Jack Roslovic,8478458,EDM,C,,Healthy,Unknown,,,0,0.0,,VAN,Kevin Lankinen,0.8754863813229572,3.7032036569136113,97.3,,moneypuck_team_proxy,27.75,4,27.75,4,9.7,83.2,60.9,A1+A2,15.77,60.3,70.8,1.08,NONE,False,False,27.51428261280349,2.6375211575650606,84.7,84.7,13,3.25,True,1.5,1.5,1.6,1.5350000000000001,51.9,1.0,0.0,9.0,0.0,1.0,1.0,1.0,1.0,1.0,1.0,9.0,9.0,LOW,0.1,,LOW,0.05,,LOW,0.025,,LOW,0.1,,LOW,0.05,,LOW,0.025,,LOW,0.9,,LOW,0.45,,LOW,0.225,,1.7087062652563059,0.3661513425549227,,,1.0,2.8103479152760364,2.5495335623463524,50.0,72.1,65.9,72.1,5.2,2.85,16.89,4.2,2.85,6.35,HOT,HOT,HOT,2.35,1.35,COOL,Red,Red,Yellow,Red,73,76,80,66,GOAL,80,4.0,4.0,6.0,6.0,0.0,6.0,B,Shooter,7.0,,97.2,,1,1.1016908212560386,76.01666666666667,1.1016908212560386,0.06985969856635214,7.0,7.0,3.859679894759921,2.5178688884016664,1.578601183950888,9.539183194819762,8.332820945108345,97.2,71.2,False,,,,🥅 D:6,,False,False,2,,False,0,,False,0,,ALTLINE_NB_v1_2026-01-18,,,,exp/fallback,1.689,,,,,,,,,exp/fallback,0.52,,,,,,,,,exp/fallback,0.23500000000000001,,,,,,,,,exp/fallback,0.24990000000000004,,,,,,,,,exp/fallback,0.2467125,,,,,,9.7,,2026-09-24-frozen-v2,[],2025-2026
2026-09-29,MTL@TOR,,6:00 PM,2026-09-29T23:00:00Z,Dakota Joshua,8478057,TOR,C,,Healthy,Unknown,,,0,0.0,,MTL,Jakub Dobes,0.9014321819713563,2.7795558781799583,41.8,,moneypuck_team_proxy,24.8,5,24.8,5,,60.3,43.8,A1+A2,12.25,28.3,48.1,0.99,NONE,False,False,24.25081018097076,2.2433091796234934,33.3,23.2,14,3.5,True,,,,,50.0,,,,,,,,,,,,,,,,,,,,,,,,,,,,,,,,,,,,,,,,1.6460019902638445,0.48411823243054247,,,0.0,2.6185551558753,2.697841726618705,50.0,57.7,64.9,68.7,2.9,1.45,,,,,COOL,COOL,COOL,1.44,,COOL,Red,Red,Red,Red,45,50,51,44,GOAL,51,,,,,,,C,Passenger,2.0,,49.8,,0,0.24606060606060606,13.533333333333333,0.24606060606060606,0.02008956183972884,2.0,2.0,1.3300492610837438,1.3300492610837438,0.0,7.0393554384877595,7.875,49.8,35.0,False,,,,,,False,False,0,,False,0,,False,0,,ALTLINE_NB_v1_2026-01-18,,,,league_avg,2.3,,,,,,,,,exp/fallback,0.29,,,,,,,,,exp/fallback,0.144,,,,,,,,,exp/fallback,0.238,,,,,,,,,exp/fallback,0.19924999999999998,,,,,,,,2026-09-24-frozen-v2,[],2025-2026
2026-09-29,FLA@CAR,,4:00 PM,2026-09-29T21:00:00Z,Ludvig Jansson,8483712,FLA,D,,Healthy,Unknown,,,0,0.0,,CAR,Brandon Bussi,0.893640350877193,2.4652486074734026,43.7,,moneypuck_team_proxy,29.25,4,29.25,4,,6.1,17.6,A1+A2,17.27,69.4,22.7,0.94,NONE,False,False,25.61660448155363,2.480733882928602,53.9,64.0,15,3.75,True,,,,,50.0,,,,,,,,,,,,,,,,,,,,,,,,,,,,,,,,,,,,,,,,0.0,0.0,,,0.0,2.310074668039872,2.1627983962923456,50.0,14.1,27.9,14.1,2.56,0.21,,,,,COOL,COOL,COOL,2.35,,COOL,Red,Red,Red,Red,28,17,17,20,POINTS,28,,,,,,,C,Passenger,0.9,,62.5,,0,0.1625,0.65,0.1625,0.009408926417370327,0.9,0.9,58.84615384615384,0.0,69.23076923076923,8.328119961302805,6.917211529606778,62.5,62.3,False,,,,,,False,False,0,,False,0,,False,0,,ALTLINE_NB_v1_2026-01-18,,,,league_avg,2.3,,,,,,,,,exp/fallback,0.256,,,,,,,,,exp/fallback,0.23500000000000001,,,,,,,,,exp/fallback,0.18839999999999998,,,,,,,,,exp/fallback,0.11864999999999999,,,,,,,,2026-09-24-frozen-v2,[],2025-2026
2026-09-29,NYR@BOS,,7:00 PM,2026-09-30T00:00:00Z,Alexis Lafrenire,8482109,NYR,L,,Healthy,Unknown,,,0,0.0,,BOS,Jeremy Swayman,0.9071246819338422,2.707645389120994,32.0,,moneypuck_team_proxy,29.0,4,29.0,4,16.0,91.5,88.4,A1+A2,17.6,72.1,86.5,1.15,NONE,False,False,23.53754892467431,2.2585501208368255,23.4,33.2,15,3.75,True,2.0,1.625,1.4,1.79,59.8,7.0,3.0,18.0,2.0,3.0,4.0,20.0,37.0,10.0,21.0,48.0,83.0,OK,0.7,,STRONG,1.0,,GOOD,0.925,,LOW,0.4,,OK,0.5,,OK,0.525,,LOW,1.8,,LOW,2.4,,LOW,2.075,,1.7652497968561742,0.5043570848160498,,,4.0,2.666162545755205,2.6773806209827864,50.0,65.3,66.8,65.3,8.65,3.58,19.69,0.86,0.25,-0.1,COOL,COOL,COOL,5.07,0.61,COOL,Yellow,Red,Red,Yellow,67,82,76,73,SOG,82,0.0,0.0,3.0,6.0,4.0,0.0,A,Hybrid,13.0,,61.4,,2,2.2894308943089428,187.73333333333332,2.2894308943089428,0.13009331978194585,13.0,13.0,3.474076704545455,1.8441051136363638,1.9176136363636365,8.75699777062175,6.692271808427927,61.4,66.3,False,,,,🎯 D:6,,False,False,1,,False,0,,False,0,,ALTLINE_NB_v1_2026-01-18,,,,exp/fallback,1.969,,,,,,,,,exp/fallback,0.865,,,,,,,,,exp/fallback,0.507,,,,,,,,,exp/fallback,0.27471999999999996,,,,,,,,,exp/fallback,0.287045,,,,,,16.0,,2026-09-24-frozen-v2,[],2025-2026
2026-09-29,FLA@CAR,,4:00 PM,2026-09-29T21:00:00Z,Ronan Seeley,8482187,CAR,D,,Healthy,Unknown,,,0,0.0,,FLA,Sergei Bobrovsky,0.8768,3.0701244330736133,79.5,,moneypuck_team_proxy,25.0,4,25.0,4,,0.8,6.9,A1+A2,15.2,55.6,13.9,0.94,NONE,False,False,30.49987126200022,2.976863942325376,94.9,94.9,18,4.5,True,,,,,50.0,,,,,,,,,,,,,,,,,,,,,,,,,,,,,,,,,,,,,,,,0.0,0.0,,,0.0,2.5561842144182134,2.6924815874317054,50.0,58.6,27.9,58.6,0.0,0.0,,,,,COOL,COOL,COOL,0.0,,COOL,Red,Red,Red,Red,28,20,20,20,POINTS,28,,,,,,,C,Passenger,0.0,,38.6,,0,0.0,0.0,0.0,0.0,0.0,0.0,0.0,,,7.6757302031271495,6.195408690126301,38.6,6.1,False,,,,,,False,False,1,,False,0,,False,0,,ALTLINE_NB_v1_2026-01-18,,,,league_avg,2.3,,,,,,,,,league_avg,0.6,,,,,,,,,league_avg,0.35,,,,,,,,,league_avg,0.3,,,,,,,,,league_avg,0.3,,,,,,,,2026-09-24-frozen-v2,[],2025-2026
2026-09-29,NYR@BOS,,7:00 PM,2026-09-30T00:00:00Z,Noah Laba,8483690,NYR,C,,Healthy,Unknown,,,0,0.0,,BOS,Jeremy Swayman,0.9071246819338422,2.707645389120994,32.0,,moneypuck_team_proxy,29.0,4,29.0,4,8.0,71.4,60.9,A1+A2,13.47,37.4,60.9,1.04,NONE,False,False,23.53754892467431,2.2585501208368255,23.4,33.2,15,3.75,True,1.0,1.125,1.2,1.07,26.2,3.0,0.0,13.0,0.0,2.0,3.0,8.0,14.0,5.0,10.0,23.0,37.0,LOW,0.3,,LOW,0.4,,LOW,0.35,,LOW,0.3,,LOW,0.25,,LOW,0.25,,LOW,1.3,,LOW,1.15,,LOW,0.925,,1.2580081537565522,0.48922539312754804,,,3.0,2.666162545755205,2.6773806209827864,50.0,65.3,55.8,65.3,3.87,1.76,10.7,0.87,1.76,-2.3,COOL,WARM,COOL,2.12,-0.88,COOL,Red,Red,Red,Red,48,61,60,53,SOG,61,1.0,1.0,10.0,8.0,0.0,10.0,B,Hybrid,3.8,,61.4,,1,0.5105855855855855,37.78333333333333,0.5105855855855855,0.03790272692314122,3.8,3.8,4.311424790471989,2.286722540802823,2.3820026466696076,8.75699777062175,6.692271808427927,61.4,57.7,False,,,,🎯 D:8,,False,False,1,,False,0,,False,0,,ALTLINE_NB_v1_2026-01-18,,,,exp/fallback,1.0699999999999998,,,,,,,,,exp/fallback,0.387,,,,,,,,,exp/fallback,0.21200000000000002,,,,,,,,,exp/fallback,0.18780000000000002,,,,,,,,,exp/fallback,0.16454999999999997,,,,,,8.0,,2026-09-24-frozen-v2,[],2025-2026
2026-09-29,VAN@EDM,,9:00 PM,2026-09-30T02:00:00Z,Arshdeep Bains,8483395,VAN,L,,Healthy,Unknown,,,0,0.0,,EDM,Tristan Jarry,0.8822115384615384,3.3152597799223806,83.3,,moneypuck_team_proxy,22.25,4,22.25,4,,32.5,31.9,A1+A2,9.21,8.1,27.4,0.94,NONE,False,False,23.458639271933965,2.22263647167999,5.2,13.3,8,2.0,True,,,,,50.0,,,,,,,,,,,,,,,,,,,,,,,,,,,,,,,,,,,,,,,,0.9891468608325319,0.49457343041626595,,,0.0,2.466443398236635,2.4605092289198285,50.0,39.5,50.3,39.5,2.2,0.86,,,,,COOL,COOL,COOL,1.34,,COOL,Red,Red,Red,Red,37,31,35,32,POINTS,37,,,,,,,C,Passenger,2.7,,88.0,,0,0.24702380952380953,6.916666666666667,0.24702380952380953,0.026833053148842625,2.7,2.7,5.53012048192771,0.0,6.506024096385541,7.968727923515283,8.893028671226896,88.0,74.2,False,,,,,,False,False,1,,False,0,,False,0,,ALTLINE_NB_v1_2026-01-18,,,,league_avg,2.3,,,,,,,,,exp/fallback,0.22000000000000003,,,,,,,,,exp/fallback,0.134,,,,,,,,,exp/fallback,0.21439999999999998,,,,,,,,,exp/fallback,0.1609,,,,,,,,2026-09-24-frozen-v2,[],2025-2026
2026-09-29,VAN@EDM,,9:00 PM,2026-09-30T02:00:00Z,Linus Karlsson,8481024,VAN,C,,Healthy,Unknown,,,0,0.0,,EDM,Tristan Jarry,0.8822115384615384,3.3152597799223806,83.3,,moneypuck_team_proxy,22.25,4,22.25,4,12.9,82.6,71.0,A1+A2,12.51,30.6,68.1,1.07,NONE,False,False,23.458639271933965,2.22263647167999,5.2,13.3,8,2.0,True,2.0,1.625,1.2,1.72,57.9,4.0,2.0,16.0,0.0,1.0,2.0,9.0,16.0,5.0,11.0,27.0,58.0,LOW,0.4,,LOW,0.45,,LOW,0.4,,LOW,0.2,,LOW,0.25,,LOW,0.275,,LOW,1.6,,LOW,1.35,,LOW,1.45,,2.039899177396979,0.5627308075577874,,,2.0,2.466443398236635,2.4605092289198285,50.0,39.5,71.0,39.5,5.14,2.42,17.2,1.14,0.42,1.2,COOL,COOL,COOL,2.71,0.71,COOL,Yellow,Red,Yellow,Yellow,59,69,71,61,GOAL,71,3.0,3.0,6.0,6.0,1.0,3.0,B,Shooter,10.2,,88.0,,1,1.2744725738396625,100.68333333333334,1.2744725738396625,0.10184264207562756,10.2,10.2,3.247806654527396,2.234729349445456,1.1918556530375766,7.968727923515283,8.893028671226896,88.0,70.4,False,,,,🥅 D:6,,False,False,2,,False,0,,False,0,,ALTLINE_NB_v1_2026-01-18,,,,exp/fallback,1.72,,,,,,,,,exp/fallback,0.514,,,,,,,,,exp/fallback,0.271,,,,,,,,,exp/fallback,0.23528,,,,,,,,,exp/fallback,0.222955,,,,,,12.9,,2026-09-24-frozen-v2,[],2025-2026
2026-09-29,NYR@BOS,,7:00 PM,2026-09-30T00:00:00Z,Gabe Perreault,8484210,NYR,R,,Healthy,Unknown,,,0,0.0,,BOS,Jeremy Swayman,0.9071246819338422,2.707645389120994,32.0,,moneypuck_team_proxy,29.0,4,29.0,4,12.0,73.2,60.9,A1+A2,15.99,61.3,66.5,1.07,NONE,False,False,23.53754892467431,2.2585501208368255,23.4,33.2,15,3.75,True,1.5,1.75,1.6,1.5350000000000001,51.9,6.0,5.0,20.0,2.0,0.0,1.0,16.0,22.0,9.0,11.0,31.0,66.0,OK,0.6,,GOOD,0.8,,LOW,0.55,,LOW,0.1,,OK,0.45,,LOW,0.275,,LOW,2.0,,LOW,1.55,,LOW,1.65,,1.6184369306485578,0.5962662376073634,,,1.0,2.666162545755205,2.6773806209827864,50.0,65.3,64.4,65.3,6.14,2.88,16.89,0.14,-2.12,-4.65,COOL,COOL,COOL,3.26,2.26,WARM,Red,Red,Red,Red,49,61,63,64,ASSISTS,64,0.0,7.0,0.0,0.0,1.0,5.0,B,Hybrid,7.5,,61.4,,1,1.1928571428571428,58.45,1.1928571428571428,0.07461702127659574,7.5,7.5,5.317365269461078,2.699743370402053,3.0795551753635584,8.75699777062175,6.692271808427927,61.4,66.9,False,,,,🅰️ D:7,,False,False,0,,False,0,,False,0,,ALTLINE_NB_v1_2026-01-18,,,,exp/fallback,1.689,,,,,,,,,exp/fallback,0.614,,,,,,,,,exp/fallback,0.32599999999999996,,,,,,,,,exp/fallback,0.25092000000000003,,,,,,,,,exp/fallback,0.24837,,,,,,12.0,,2026-09-24-frozen-v2,[],2025-2026
2026-09-29,FLA@CAR,,4:00 PM,2026-09-29T21:00:00Z,Marek Alscher,8483687,FLA,D,,Healthy,Unknown,,,0,0.0,,CAR,Brandon Bussi,0.893640350877193,2.4652486074734026,43.7,,moneypuck_team_proxy,29.25,4,29.25,4,,12.3,28.5,A1+A2,20.36,87.2,32.9,0.94,NONE,False,False,25.61660448155363,2.480733882928602,53.9,64.0,15,3.75,True,,,,,50.0,,,,,,,,,,,,,,,,,,,,,,,,,,,,,,,,,,,,,,,,0.040632054176072234,0.02708803611738149,,,0.0,2.310074668039872,2.1627983962923456,50.0,14.1,36.1,14.1,7.76,0.7,,,,,COOL,COOL,COOL,7.05,,COOL,Red,Red,Red,Red,36,22,21,28,POINTS,36,,,,,,,C,Passenger,0.0,,62.5,,0,0.0,0.0,0.0,0.0,0.0,0.0,0.0,,,8.328119961302805,6.917211529606778,62.5,12.3,False,,,,,,False,False,0,,False,0,,False,0,,ALTLINE_NB_v1_2026-01-18,,,,league_avg,2.3,,,,,,,,,exp/fallback,0.776,,,,,,,,,exp/fallback,0.705,,,,,,,,,exp/fallback,0.208,,,,,,,,,exp/fallback,0.1505,,,,,,,,2026-09-24-frozen-v2,[],2025-2026
2026-09-29,MTL@TOR,,6:00 PM,2026-09-29T23:00:00Z,Arber Xhekaj,8482964,MTL,D,,Healthy,Unknown,,,0,0.0,,TOR,Joseph Woll,0.8984438984438985,3.33622313234283,61.6,,moneypuck_team_proxy,23.5,4,23.5,4,,26.5,28.5,A1+A2,11.42,20.9,26.1,0.94,NONE,False,False,24.46043165467626,2.406324940047962,43.1,53.2,18,3.6,True,,,,,50.0,,,,,,,,,,,,,,,,,,,,,,,,,,,,,,,,,,,,,,,,0.33508633127007026,0.16754316563503513,,,0.0,2.674871645486655,2.417798492517205,50.0,57.7,38.1,57.7,0.67,0.23,,,,,COOL,COOL,COOL,0.43,,COOL,Red,Red,Red,Red,35,31,32,30,POINTS,35,,,,,,,C,Passenger,0.1,,72.7,,0,0.008205128205128205,0.5333333333333333,0.008205128205128205,0.0007183262997216486,0.1,0.1,0.0,0.0,0.0,7.76794133053955,7.933755914650478,72.7,30.3,False,,,,,,False,False,0,,False,0,,False,0,,ALTLINE_NB_v1_2026-01-18,,,,league_avg,2.3,,,,,,,,,exp/fallback,0.067,,,,,,,,,exp/fallback,0.043,,,,,,,,,exp/fallback,0.18919999999999998,,,,,,,,,exp/fallback,0.11995,,,,,,,,2026-09-24-frozen-v2,[],2025-2026
2026-09-29,FLA@CAR,,4:00 PM,2026-09-29T21:00:00Z,Eetu Luostarinen,8480185,FLA,C,,Healthy,Unknown,,,0,0.0,,CAR,Brandon Bussi,0.893640350877193,2.4652486074734026,43.7,,moneypuck_team_proxy,29.25,4,29.25,4,6.5,73.6,74.9,A1+A2,16.57,64.0,72.2,1.09,NONE,False,False,25.61660448155363,2.480733882928602,53.9,64.0,15,3.75,True,1.5,1.5,1.4,1.465,46.3,7.0,2.0,15.0,2.0,4.0,5.0,9.0,15.0,5.0,8.0,26.0,54.0,OK,0.7,,LOW,0.45,,LOW,0.375,,OK,0.5,,LOW,0.25,,LOW,0.2,,LOW,1.5,,LOW,1.3,,LOW,1.35,,1.688438021122846,0.6253474152306837,,,5.0,2.310074668039872,2.1627983962923456,50.0,14.1,65.4,14.1,5.31,2.02,16.12,-1.69,0.02,-0.35,COOL,COOL,COOL,3.61,-1.72,COOL,Yellow,Red,Red,Yellow,52,55,60,58,GOAL,60,0.0,0.0,2.0,3.0,0.0,10.0,C,Passenger,6.2,,62.5,,0,1.0337899543378997,75.46666666666667,1.0337899543378997,0.062373441697086585,6.2,6.2,1.9796819787985867,1.9796819787985867,0.0,8.328119961302805,6.917211529606778,62.5,46.8,False,,,,🥅 D:2,,False,False,1,,False,0,,False,0,,ALTLINE_NB_v1_2026-01-18,,,,exp/fallback,1.612,,,,,,,,,exp/fallback,0.5309999999999999,,,,,,,,,exp/fallback,0.361,,,,,,,,,exp/fallback,0.22168000000000002,,,,,,,,,exp/fallback,0.200855,,,,,,6.5,,2026-09-24-frozen-v2,[],2025-2026
2026-09-29,MTL@TOR,,6:00 PM,2026-09-29T23:00:00Z,Kirby Dach,8481523,MTL,C,,Healthy,Unknown,,,0,0.0,,TOR,Joseph Woll,0.8984438984438985,3.33622313234283,61.6,,moneypuck_team_proxy,23.5,4,23.5,4,,50.7,40.6,A1+A2,13.66,39.1,44.8,0.98,NONE,False,False,24.46043165467626,2.406324940047962,43.1,53.2,18,3.6,True,,,,,50.0,,,,,,,,,,,,,,,,,,,,,,,,,,,,,,,,,,,,,,,,1.7546490701859627,0.1349730053989202,,,0.0,2.674871645486655,2.417798492517205,50.0,57.7,66.6,57.7,3.36,1.51,,,,,COOL,COOL,COOL,1.85,,COOL,Red,Red,Red,Red,46,46,47,44,GOAL,47,,,,,,,B,Distributor,9.9,,72.7,,1,1.3572072072072072,50.21666666666667,1.3572072072072072,0.09937662851677166,9.9,9.9,3.3932957185529364,1.3620975771656154,2.3896448722203782,7.76794133053955,7.933755914650478,72.7,72.8,False,,,,,,False,False,0,,False,0,,False,0,,ALTLINE_NB_v1_2026-01-18,,,,league_avg,2.3,,,,,,,,,exp/fallback,0.33599999999999997,,,,,,,,,exp/fallback,0.185,,,,,,,,,exp/fallback,0.2404,,,,,,,,,exp/fallback,0.20315,,,,,,,,2026-09-24-frozen-v2,[],2025-2026
2026-09-29,VAN@EDM,,9:00 PM,2026-09-30T02:00:00Z,David Tomasek,8485493,EDM,R,,Healthy,Unknown,,,0,0.0,,VAN,Kevin Lankinen,0.8754863813229572,3.7032036569136113,97.3,,moneypuck_team_proxy,27.75,4,27.75,4,,39.5,24.0,A1+A2,10.76,16.5,29.5,0.94,NONE,False,False,27.51428261280349,2.6375211575650606,84.7,84.7,13,3.25,True,,,,,50.0,,,,,,,,,,,,,,,,,,,,,,,,,,,,,,,,,,,,,,,,0.9186798230690711,0.0,,,0.0,2.8103479152760364,2.5495335623463524,50.0,72.1,48.9,72.1,2.43,1.57,,,,,COOL,COOL,COOL,0.85,,COOL,Red,Red,Red,Red,38,40,44,34,GOAL,44,,,,,,,B,Hybrid,16.5,,97.2,,1,1.7765151515151516,39.083333333333336,1.7765151515151516,0.16512921625237661,16.5,16.5,4.263965884861407,1.9803837953091685,2.6865671641791042,9.539183194819762,8.332820945108345,97.2,88.6,False,,,,,,False,False,1,,False,0,,False,0,,ALTLINE_NB_v1_2026-01-18,,,,league_avg,2.3,,,,,,,,,exp/fallback,0.24300000000000002,,,,,,,,,exp/fallback,0.08499999999999999,,,,,,,,,exp/fallback,0.24280000000000002,,,,,,,,,exp/fallback,0.20705,,,,,,,,2026-09-24-frozen-v2,[],2025-2026
2026-09-29,NYR@BOS,,7:00 PM,2026-09-30T00:00:00Z,Adam Edstrom,8481726,NYR,C,,Healthy,Unknown,,,0,0.0,,BOS,Jeremy Swayman,0.9071246819338422,2.707645389120994,32.0,,moneypuck_team_proxy,29.0,4,29.0,4,,43.4,24.0,A1+A2,9.46,8.8,29.7,0.94,NONE,False,False,23.53754892467431,2.2585501208368255,23.4,33.2,15,3.75,True,,,,,50.0,,,,,,,,,,,,,,,,,,,,,,,,,,,,,,,,,,,,,,,,0.9174779550435802,0.3669911820174321,,,0.0,2.666162545755205,2.6773806209827864,50.0,65.3,48.7,65.3,1.68,1.14,,,,,COOL,COOL,COOL,0.54,,COOL,Red,Red,Red,Red,31,41,40,29,SOG,41,,,,,,,C,Passenger,0.1,,61.4,,0,0.011904761904761906,0.4166666666666667,0.011904761904761906,0.0012583048117576002,0.1,0.1,0.0,0.0,0.0,8.75699777062175,6.692271808427927,61.4,23.9,False,,,,,,False,False,0,,False,0,,False,0,,ALTLINE_NB_v1_2026-01-18,,,,league_avg,2.3,,,,,,,,,exp/fallback,0.16799999999999998,,,,,,,,,exp/fallback,0.054000000000000006,,,,,,,,,exp/fallback,0.2256,,,,,,,,,exp/fallback,0.17909999999999998,,,,,,,,2026-09-24-frozen-v2,[],2025-2026
2026-09-29,CHI@VGK,,9:30 PM,2026-09-30T02:30:00Z,Artyom Levshunov,8484783,CHI,D,,Healthy,Unknown,,,0,0.0,,VGK,Akira Schmid,0.8925410872313527,2.5943856138774195,48.8,,moneypuck_team_proxy,21.25,4,21.25,4,8.0,46.4,74.9,A1+A2,19.59,84.5,64.0,1.06,NONE,False,False,23.53719609781112,2.168816399449161,14.3,4.2,9,2.25,True,1.0,1.125,2.0,1.35,40.2,1.0,0.0,14.0,0.0,0.0,1.0,3.0,10.0,3.0,9.0,21.0,48.0,LOW,0.1,,LOW,0.15,,LOW,0.25,,LOW,0.1,,LOW,0.15,,LOW,0.225,,LOW,1.4,,LOW,1.05,,LOW,1.2,,0.6310254163014899,0.2868297346824954,,,1.0,2.110930465732193,1.998905475419135,50.0,4.2,41.5,4.2,4.22,0.75,13.5,3.22,0.75,-0.5,HOT,COOL,COOL,3.47,2.47,WARM,Yellow,Red,Red,Yellow,70,37,45,60,POINTS,70,6.0,6.0,10.0,0.0,0.0,10.0,A,Distributor,13.5,,17.7,,2,2.646268656716418,177.3,2.646268656716418,0.13507370773391575,13.5,13.5,2.6252115059221657,0.3959390862944162,2.6226734348561758,6.805363673303535,6.308402585410895,17.7,65.6,False,,,,🅿️ D:6,,False,False,1,,False,0,,False,0,,ALTLINE_NB_v1_2026-01-18,,,,exp/fallback,1.35,,,,,,,,,exp/fallback,0.422,,,,,,,,,exp/fallback,0.34700000000000003,,,,,,,,,exp/fallback,0.1575,,,,,,,,,exp/fallback,0.1153125,,,,,,8.0,,2026-09-24-frozen-v2,[],2025-2026
2026-09-29,CHI@VGK,,9:30 PM,2026-09-30T02:30:00Z,Ilya Mikheyev,8481624,CHI,R,,Healthy,Unknown,,,0,0.0,,VGK,Akira Schmid,0.8925410872313527,2.5943856138774195,48.8,,moneypuck_team_proxy,21.25,4,21.25,4,16.0,81.5,68.0,A1+A2,17.44,71.0,74.7,1.1,NONE,False,False,23.53719609781112,2.168816399449161,14.3,4.2,9,2.25,True,2.0,1.5,1.4,1.79,59.8,8.0,4.0,15.0,2.0,1.0,4.0,11.0,23.0,5.0,13.0,32.0,57.0,GOOD,0.8,,LOW,0.55,,LOW,0.575,,LOW,0.4,,LOW,0.25,,LOW,0.325,,LOW,1.5,,LOW,1.6,,LOW,1.425,,1.5824175824175823,0.49109511178476695,,,4.0,2.110930465732193,1.998905475419135,50.0,4.2,64.1,4.2,5.08,2.48,19.69,-2.92,-1.52,2.9,COOL,COOL,HOT,2.6,-1.4,COOL,Red,Red,Yellow,Red,48,58,66,55,GOAL,66,1.0,1.0,2.0,0.0,0.0,10.0,C,Passenger,0.3,,17.7,,0,0.06052631578947368,4.6,0.06052631578947368,0.0034715234453612394,0.3,0.3,0.0,0.0,0.0,6.805363673303535,6.308402585410895,17.7,22.5,False,,,,🥅 D:2,,False,False,1,,False,0,,False,0,,ALTLINE_NB_v1_2026-01-18,,,,exp/fallback,1.969,,,,,,,,,exp/fallback,0.508,,,,,,,,,exp/fallback,0.26,,,,,,,,,exp/fallback,0.23732,,,,,,,,,exp/fallback,0.22627,,,,,,16.0,,2026-09-24-frozen-v2,[],2025-2026
2026-09-29,CHI@VGK,,9:30 PM,2026-09-30T02:30:00Z,Louis Crevier,8481806,CHI,D,,Healthy,Unknown,,,0,0.0,,VGK,Akira Schmid,0.8925410872313527,2.5943856138774195,48.8,,moneypuck_team_proxy,21.25,4,21.25,4,,50.3,68.0,A1+A2,17.1,68.7,60.2,1.04,NONE,False,False,23.53719609781112,2.168816399449161,14.3,4.2,9,2.25,True,,,,,50.0,,,,,,,,,,,,,,,,,,,,,,,,,,,,,,,,,,,,,,,,1.1531069827033953,0.4717255838332072,,,0.0,2.110930465732193,1.998905475419135,50.0,4.2,54.0,4.2,3.18,0.75,,,,,COOL,COOL,COOL,2.43,,COOL,Red,Red,Red,Red,56,39,42,50,POINTS,56,,,,,,,C,Passenger,0.4,,17.7,,0,0.07056277056277056,5.433333333333334,0.07056277056277056,0.004127104696797062,0.4,0.4,0.8834355828220859,0.8834355828220859,0.0,6.805363673303535,6.308402585410895,17.7,24.5,False,,,,,,False,False,0,,False,0,,False,0,,ALTLINE_NB_v1_2026-01-18,,,,league_avg,2.3,,,,,,,,,exp/fallback,0.318,,,,,,,,,exp/fallback,0.24300000000000002,,,,,,,,,exp/fallback,0.21,,,,,,,,,exp/fallback,0.15375,,,,,,,,2026-09-24-frozen-v2,[],2025-2026
2026-09-29,MTL@TOR,,6:00 PM,2026-09-29T23:00:00Z,Josh Anderson,8476981,MTL,R,,Healthy,Unknown,,,0,0.0,,TOR,Joseph Woll,0.8984438984438985,3.33622313234283,61.6,,moneypuck_team_proxy,23.5,4,23.5,4,12.9,78.8,46.6,A1+A2,14.02,41.4,60.1,1.04,NONE,False,False,24.46043165467626,2.406324940047962,43.1,53.2,18,3.6,True,2.0,1.875,1.4,1.79,59.8,3.0,3.0,19.0,2.0,0.0,0.0,7.0,7.0,2.0,2.0,30.0,30.0,LOW,0.3,,LOW,0.35,,LOW,0.175,,LOW,0.0,,LOW,0.1,,LOW,0.05,,LOW,1.9,,LOW,1.5,,LOW,0.75,,1.2553073657005722,0.22152482924127745,,,0.0,2.674871645486655,2.417798492517205,50.0,57.7,55.6,57.7,3.6,2.3,17.9,0.6,-0.7,-1.1,COOL,COOL,COOL,1.3,1.3,COOL,Red,Red,Red,Red,44,63,72,55,GOAL,72,3.0,10.0,3.0,0.0,0.0,10.0,C,Passenger,0.6,,72.7,,0,0.08148148148148147,5.866666666666666,0.08148148148148147,0.005810786272017432,0.6,0.6,1.2272727272727273,1.2272727272727273,0.0,7.76794133053955,7.933755914650478,72.7,38.7,False,,,,🥅 D:3,,False,False,1,,False,0,,False,0,,ALTLINE_NB_v1_2026-01-18,,,,exp/fallback,1.7899999999999998,,,,,,,,,exp/fallback,0.36,,,,,,,,,exp/fallback,0.13,,,,,,,,,exp/fallback,0.23120000000000002,,,,,,,,,exp/fallback,0.216325,,,,,,12.9,,2026-09-24-frozen-v2,[],2025-2026
2026-09-29,VAN@EDM,,9:00 PM,2026-09-30T02:00:00Z,Nils Hoglander,8481535,VAN,L,,Healthy,Unknown,,,0,0.0,,EDM,Tristan Jarry,0.8822115384615384,3.3152597799223806,83.3,,moneypuck_team_proxy,22.25,4,22.25,4,,36.7,28.5,A1+A2,11.52,22.2,30.9,0.94,NONE,False,False,23.458639271933965,2.22263647167999,5.2,13.3,8,2.0,True,,,,,50.0,,,,,,,,,,,,,,,,,,,,,,,,,,,,,,,,,,,,,,,,0.7113218731475993,0.2845287492590397,,,0.0,2.466443398236635,2.4605092289198285,50.0,39.5,43.2,39.5,1.57,0.83,,,,,COOL,COOL,COOL,0.74,,COOL,Red,Red,Red,Red,36,34,38,31,GOAL,38,,,,,,,C,Passenger,1.7,,88.0,,0,0.20043859649122805,7.616666666666666,0.20043859649122805,0.017396269508945565,1.7,1.7,0.47264770240700216,0.47264770240700216,0.0,7.968727923515283,8.893028671226896,88.0,46.7,False,,,,,,False,False,1,,False,0,,False,0,,ALTLINE_NB_v1_2026-01-18,,,,league_avg,2.3,,,,,,,,,exp/fallback,0.157,,,,,,,,,exp/fallback,0.074,,,,,,,,,exp/fallback,0.2132,,,,,,,,,exp/fallback,0.15894999999999998,,,,,,,,2026-09-24-frozen-v2,[],2025-2026
2026-09-29,VAN@EDM,,9:00 PM,2026-09-30T02:00:00Z,Filip Chytil,8480078,VAN,C,,Healthy,Unknown,,,0,0.0,,EDM,Tristan Jarry,0.8822115384615384,3.3152597799223806,83.3,,moneypuck_team_proxy,22.25,4,22.25,4,,36.0,6.9,A1+A2,15.01,52.5,29.1,0.94,NONE,False,False,23.458639271933965,2.22263647167999,5.2,13.3,8,2.0,True,,,,,50.0,,,,,,,,,,,,,,,,,,,,,,,,,,,,,,,,,,,,,,,,0.019436345966958212,0.0,,,0.0,2.466443398236635,2.4605092289198285,50.0,39.5,33.1,39.5,2.48,2.48,,,,,COOL,COOL,COOL,0.0,,COOL,Red,Red,Red,Red,27,36,42,22,GOAL,42,,,,,,,C,Passenger,8.1,,88.0,,0,1.2125000000000001,14.55,1.2125000000000001,0.08080340614587192,8.1,8.1,1.2371134020618555,1.2371134020618555,0.0,7.968727923515283,8.893028671226896,88.0,58.0,False,,,,,,False,False,1,,False,0,,False,0,,ALTLINE_NB_v1_2026-01-18,,,,league_avg,2.3,,,,,,,,,exp/fallback,0.248,,,,,,,,,league_avg,0.35,,,,,,,,,exp/fallback,0.2792,,,,,,,,,exp/fallback,0.2662,,,,,,,,2026-09-24-frozen-v2,[],2025-2026
2026-09-29,FLA@CAR,,4:00 PM,2026-09-29T21:00:00Z,Andrei Svechnikov,8480830,CAR,R,,Healthy,Unknown,,,0,0.0,,FLA,Sergei Bobrovsky,0.8768,3.0701244330736133,79.5,,moneypuck_team_proxy,25.0,4,25.0,4,12.8,95.7,92.8,A1+A2,16.99,67.3,89.0,1.16,NONE,False,False,30.49987126200022,2.976863942325376,94.9,94.9,18,4.5,True,3.0,2.375,1.8,2.58,88.8,7.0,5.0,25.0,3.0,1.0,2.0,11.0,11.0,5.0,5.0,53.0,53.0,OK,0.7,,LOW,0.55,,LOW,0.275,,LOW,0.2,,LOW,0.25,,LOW,0.125,,OK,2.5,,OK,2.65,,LOW,1.325,,1.889343023903052,0.7442866457799902,,,2.0,2.5561842144182134,2.6924815874317054,50.0,58.6,69.4,58.6,10.9,4.62,28.38,2.91,-0.8,0.8,HOT,COOL,COOL,6.28,3.71,HOT,Green,Yellow,Green,Green,79,80,87,83,GOAL,87,1.0,4.0,1.0,0.0,4.0,1.0,A,Distributor,16.1,,38.6,,2,2.7360759493670885,216.15,2.7360759493670885,0.16108758027052875,16.1,16.1,5.313671061762665,2.1873698820263705,3.678001387925052,7.6757302031271495,6.195408690126301,38.6,75.3,False,,,,🥅 D:1,,False,False,2,,False,0,,False,0,,ALTLINE_NB_v1_2026-01-18,,,,exp/fallback,2.838,,,,,,,,,exp/fallback,1.09,,,,,,,,,exp/fallback,0.628,,,,,,,,,exp/fallback,0.3648,,,,,,,,,exp/fallback,0.4053,,,,,,12.8,,2026-09-24-frozen-v2,[],2025-2026
2026-09-29,CHI@VGK,,9:30 PM,2026-09-30T02:30:00Z,Ivan Barbashev,8477964,VGK,L,,Healthy,Unknown,,,0,0.0,,CHI,Spencer Knight,0.9019987105093488,2.822524488185321,42.3,,moneypuck_team_proxy,28.75,4,28.75,4,12.9,85.5,92.1,A1+A2,16.24,62.0,83.1,1.13,NONE,False,False,26.819846846450986,2.5171828375350027,74.7,74.7,13,3.25,True,2.0,1.875,2.2,2.0700000000000003,74.8,5.0,3.0,20.0,0.0,1.0,2.0,12.0,14.0,8.0,8.0,35.0,38.0,LOW,0.5,,OK,0.6,,LOW,0.35,,LOW,0.2,,LOW,0.4,,LOW,0.2,,LOW,2.0,,LOW,1.75,,LOW,0.95,,2.6406226653445444,0.9780083945720535,,,2.0,2.941628448429158,2.9328448015615374,50.0,95.3,74.5,95.3,8.68,2.9,22.77,2.89,-0.36,0.7,HOT,COOL,COOL,5.78,3.25,HOT,Green,Red,Yellow,Green,85,83,79,84,POINTS,85,4.0,4.0,5.0,4.0,0.0,10.0,B,Distributor,5.2,,73.4,,1,0.8400406504065041,68.88333333333334,0.8400406504065041,0.051720685771492934,5.2,5.2,4.553351076699734,1.7769174933462375,3.266392451004113,8.262546073149986,7.431258595448294,73.4,72.3,False,,,,🅿️ D:4,,False,False,1,,False,0,,False,0,,ALTLINE_NB_v1_2026-01-18,,,,exp/fallback,2.277,,,,,,,,,exp/fallback,0.868,,,,,,,,,exp/fallback,0.5780000000000001,,,,,,,,,exp/fallback,0.296,,,,,,,,,exp/fallback,0.2935,,,,,,12.9,,2026-09-24-frozen-v2,[],2025-2026
2026-09-29,FLA@CAR,,4:00 PM,2026-09-29T21:00:00Z,Eric Robinson,8480762,CAR,L,,Healthy,Unknown,,,0,0.0,,FLA,Sergei Bobrovsky,0.8768,3.0701244330736133,79.5,,moneypuck_team_proxy,25.0,4,25.0,4,,69.5,37.3,A1+A2,11.43,21.2,48.6,0.99,NONE,False,False,30.49987126200022,2.976863942325376,94.9,94.9,18,4.5,True,,,,,50.0,,,,,,,,,,,,,,,,,,,,,,,,,,,,,,,,,,,,,,,,1.4880735283390474,0.35013494784448174,,,0.0,2.5561842144182134,2.6924815874317054,50.0,58.6,62.4,58.6,2.58,1.69,,,,,COOL,COOL,COOL,0.89,,COOL,Red,Red,Red,Red,44,55,62,43,GOAL,62,,,,,,,C,Passenger,0.4,,38.6,,0,0.05049751243781094,3.3833333333333333,0.05049751243781094,0.004418807139747497,0.4,0.4,16.137931034482758,16.137931034482758,0.0,7.6757302031271495,6.195408690126301,38.6,26.4,False,,,,,,False,False,1,,False,0,,False,0,,ALTLINE_NB_v1_2026-01-18,,,,league_avg,2.3,,,,,,,,,exp/fallback,0.258,,,,,,,,,exp/fallback,0.089,,,,,,,,,exp/fallback,0.2476,,,,,,,,,exp/fallback,0.21484999999999999,,,,,,,,2026-09-24-frozen-v2,[],2025-2026
2026-09-29,VAN@EDM,,9:00 PM,2026-09-30T02:00:00Z,Zeev Buium,8484798,VAN,D,,Healthy,Unknown,,,0,0.0,,EDM,Tristan Jarry,0.8822115384615384,3.3152597799223806,83.3,,moneypuck_team_proxy,22.25,4,22.25,4,3.2,45.5,71.0,A1+A2,19.58,84.2,62.1,1.05,NONE,False,False,23.458639271933965,2.22263647167999,5.2,13.3,8,2.0,True,0.5,0.875,1.4,0.815,12.1,3.0,1.0,10.0,1.0,1.0,2.0,5.0,9.0,4.0,7.0,20.0,38.0,LOW,0.3,,LOW,0.25,,LOW,0.225,,LOW,0.2,,LOW,0.2,,LOW,0.175,,LOW,1.0,,LOW,1.0,,LOW,0.95,,0.6217120994739359,0.2391200382592061,,,2.0,2.466443398236635,2.4605092289198285,50.0,39.5,41.2,39.5,3.39,0.63,8.15,0.39,-0.37,-1.85,COOL,COOL,COOL,2.76,0.76,COOL,Yellow,Red,Red,Yellow,56,36,43,58,ASSISTS,58,1.0,2.0,1.0,1.0,1.0,2.0,A,Distributor,11.4,,88.0,,2,2.2353070175438594,169.88333333333333,2.2353070175438594,0.1141829750529299,11.4,11.4,2.451093887962327,0.34965172176984205,2.4722849014029236,7.968727923515283,8.893028671226896,88.0,79.3,False,,,,🅰️ D:2,,False,False,1,,False,0,,False,0,,ALTLINE_NB_v1_2026-01-18,,,,exp/fallback,0.8150000000000001,,,,,,,,,exp/fallback,0.339,,,,,,,,,exp/fallback,0.27599999999999997,,,,,,,,,exp/fallback,0.15389999999999998,,,,,,,,,exp/fallback,0.10946249999999999,,,,,,3.2,,2026-09-24-frozen-v2,[],2025-2026
2026-09-29,CHI@VGK,,9:30 PM,2026-09-30T02:30:00Z,Sacha Boisvert,8484793,CHI,C,,Healthy,Unknown,,,0,0.0,,VGK,Akira Schmid,0.8925410872313527,2.5943856138774195,48.8,,moneypuck_team_proxy,21.25,4,21.25,4,,15.9,17.6,A1+A2,9.25,8.4,15.0,0.94,NONE,False,False,23.53719609781112,2.168816399449161,14.3,4.2,9,2.25,True,,,,,50.0,,,,,,,,,,,,,,,,,,,,,,,,,,,,,,,,,,,,,,,,0.030999741668819428,0.015499870834409714,,,0.0,2.110930465732193,1.998905475419135,50.0,4.2,34.8,4.2,2.0,0.66,,,,,COOL,COOL,COOL,1.34,,COOL,Red,Red,Red,Red,22,16,19,15,POINTS,22,,,,,,,C,Passenger,0.0,,17.7,,0,0.0,0.0,0.0,0.0,0.0,0.0,0.0,,,6.805363673303535,6.308402585410895,17.7,4.3,False,,,,,,False,False,0,,False,0,,False,0,,ALTLINE_NB_v1_2026-01-18,,,,league_avg,2.3,,,,,,,,,exp/fallback,0.2,,,,,,,,,exp/fallback,0.134,,,,,,,,,exp/fallback,0.2064,,,,,,,,,exp/fallback,0.1479,,,,,,,,2026-09-24-frozen-v2,[],2025-2026
2026-09-29,MTL@TOR,,6:00 PM,2026-09-29T23:00:00Z,Nicholas Robertson,8481582,TOR,L,,Healthy,Unknown,,,0,0.0,,MTL,Jakub Dobes,0.9014321819713563,2.7795558781799583,41.8,,moneypuck_team_proxy,24.8,5,24.8,5,11.5,75.0,63.9,A1+A2,12.66,32.3,62.6,1.05,NONE,False,False,24.25081018097076,2.2433091796234934,33.3,23.2,14,3.5,True,1.5,1.375,1.8,1.605,55.6,3.0,3.0,17.0,1.0,0.0,0.0,6.0,13.0,2.0,5.0,35.0,61.0,LOW,0.3,,LOW,0.3,,LOW,0.325,,LOW,0.0,,LOW,0.1,,LOW,0.125,,LOW,1.7,,LOW,1.75,,LOW,1.525,,1.837568058076225,0.4764065335753176,,,0.0,2.6185551558753,2.697841726618705,50.0,57.7,68.3,68.7,4.06,1.9,16.05,1.06,-1.1,-0.95,COOL,COOL,COOL,2.15,2.15,WARM,Red,Red,Red,Red,51,60,61,63,ASSISTS,63,1.0,10.0,1.0,1.0,0.0,10.0,B,Hybrid,8.5,,49.8,,1,1.078846153846154,84.15,1.078846153846154,0.08521375166663855,8.5,8.5,2.1301247771836005,1.06951871657754,1.2477718360071302,7.0393554384877595,7.875,49.8,57.4,False,,,,🅰️ D:10,,False,False,0,,False,0,,False,0,,ALTLINE_NB_v1_2026-01-18,,,,exp/fallback,1.605,,,,,,,,,exp/fallback,0.40599999999999997,,,,,,,,,exp/fallback,0.215,,,,,,,,,exp/fallback,0.2176,,,,,,,,,exp/fallback,0.194225,,,,,,11.5,,2026-09-24-frozen-v2,[],2025-2026
2026-09-29,FLA@CAR,,4:00 PM,2026-09-29T21:00:00Z,Jesper Boqvist,8480003,FLA,C,,Healthy,Unknown,,,0,0.0,,CAR,Brandon Bussi,0.893640350877193,2.4652486074734026,43.7,,moneypuck_team_proxy,29.25,4,29.25,4,,60.6,46.6,A1+A2,11.83,23.9,48.4,0.99,NONE,False,False,25.61660448155363,2.480733882928602,53.9,64.0,15,3.75,True,,,,,50.0,,,,,,,,,,,,,,,,,,,,,,,,,,,,,,,,,,,,,,,,0.9343975082733113,0.2335993770683278,,,0.0,2.310074668039872,2.1627983962923456,50.0,14.1,49.6,14.1,2.32,1.1,,,,,COOL,COOL,COOL,1.22,,COOL,Red,Red,Red,Red,41,43,46,37,GOAL,46,,,,,,,C,Passenger,3.8,,62.5,,0,0.44885844748858444,32.766666666666666,0.44885844748858444,0.03794561000559726,3.8,3.8,2.069175991861648,0.5127161749745677,1.8311291963377416,8.328119961302805,6.917211529606778,62.5,56.4,False,,,,,,False,False,0,,False,0,,False,0,,ALTLINE_NB_v1_2026-01-18,,,,league_avg,2.3,,,,,,,,,exp/fallback,0.23199999999999998,,,,,,,,,exp/fallback,0.122,,,,,,,,,exp/fallback,0.224,,,,,,,,,exp/fallback,0.1765,,,,,,,,2026-09-24-frozen-v2,[],2025-2026
2026-09-29,CHI@VGK,,9:30 PM,2026-09-30T02:30:00Z,Frank Nazar,8483493,CHI,C,,Healthy,Unknown,,,0,0.0,,VGK,Akira Schmid,0.8925410872313527,2.5943856138774195,48.8,,moneypuck_team_proxy,21.25,4,21.25,4,12.0,85.4,79.4,A1+A2,18.32,77.4,81.7,1.13,NONE,False,False,23.53719609781112,2.168816399449161,14.3,4.2,9,2.25,True,1.5,2.125,1.4,1.465,46.3,5.0,3.0,24.0,1.0,1.0,2.0,14.0,21.0,7.0,11.0,41.0,84.0,LOW,0.5,,OK,0.7,,LOW,0.525,,LOW,0.2,,LOW,0.35,,LOW,0.275,,LOW,2.4,,LOW,2.05,,LOW,2.1,,1.8587929319972463,0.6884418266656468,,,2.0,2.110930465732193,1.998905475419135,50.0,4.2,69.3,4.2,7.65,3.31,16.12,2.65,0.31,-9.35,HOT,COOL,COOL,4.76,2.33,WARM,Yellow,Red,Yellow,Yellow,70,63,67,67,POINTS,70,4.0,4.0,4.0,4.0,3.0,4.0,A,Hybrid,16.6,,17.7,,2,3.0446153846153847,197.9,3.0446153846153847,0.16621638646639697,16.6,16.6,2.798383021728146,1.5098534613441132,1.5159171298635674,6.805363673303535,6.308402585410895,17.7,64.4,False,,,,🅿️ D:4,,False,False,1,,False,0,,False,0,,ALTLINE_NB_v1_2026-01-18,,,,exp/fallback,1.612,,,,,,,,,exp/fallback,0.765,,,,,,,,,exp/fallback,0.476,,,,,,,,,exp/fallback,0.26554,,,,,,,,,exp/fallback,0.27212749999999997,,,,,,12.0,,2026-09-24-frozen-v2,[],2025-2026
2026-09-29,NYR@BOS,,7:00 PM,2026-09-30T00:00:00Z,Scott Morrow,8482666,NYR,D,,Healthy,Unknown,,,0,0.0,,BOS,Jeremy Swayman,0.9071246819338422,2.707645389120994,32.0,,moneypuck_team_proxy,29.0,4,29.0,4,,20.1,37.3,A1+A2,15.67,59.3,34.0,0.94,NONE,False,False,23.53754892467431,2.2585501208368255,23.4,33.2,15,3.75,True,,,,,50.0,,,,,,,,,,,,,,,,,,,,,,,,,,,,,,,,,,,,,,,,0.4415552557340856,0.1471850852446952,,,0.0,2.666162545755205,2.6773806209827864,50.0,65.3,38.8,65.3,2.21,0.27,,,,,COOL,COOL,COOL,1.94,,COOL,Red,Red,Red,Red,42,32,29,36,POINTS,42,,,,,,,C,Passenger,8.2,,61.4,,0,1.2810344827586206,37.15,1.2810344827586206,0.08175616197183098,8.2,8.2,2.6769851951547783,0.2745625841184388,2.8263795423956934,8.75699777062175,6.692271808427927,61.4,66.9,False,,,,,,False,False,0,,False,0,,False,0,,ALTLINE_NB_v1_2026-01-18,,,,league_avg,2.3,,,,,,,,,exp/fallback,0.221,,,,,,,,,exp/fallback,0.194,,,,,,,,,exp/fallback,0.1908,,,,,,,,,exp/fallback,0.12254999999999999,,,,,,,,2026-09-24-frozen-v2,[],2025-2026
2026-09-29,MTL@TOR,,6:00 PM,2026-09-29T23:00:00Z,Patrik Laine,8479339,MTL,L,,Healthy,Unknown,,,0,0.0,,TOR,Joseph Woll,0.8984438984438985,3.33622313234283,61.6,,moneypuck_team_proxy,23.5,4,23.5,4,,14.9,17.6,A1+A2,12.61,31.3,19.1,0.94,NONE,False,False,24.46043165467626,2.406324940047962,43.1,53.2,18,3.6,True,,,,,50.0,,,,,,,,,,,,,,,,,,,,,,,,,,,,,,,,,,,,,,,,0.020249746878164023,0.020249746878164023,,,0.0,2.674871645486655,2.417798492517205,50.0,57.7,33.2,57.7,2.69,0.81,,,,,COOL,COOL,COOL,1.88,,COOL,Red,Red,Red,Red,30,26,26,24,POINTS,30,,,,,,,C,Passenger,18.1,,72.7,,0,2.2800000000000002,11.4,2.2800000000000002,0.18085668958223167,18.1,18.1,0.9473684210526315,0.9473684210526315,0.0,7.76794133053955,7.933755914650478,72.7,66.0,False,,,,,,False,False,0,,False,0,,False,0,,ALTLINE_NB_v1_2026-01-18,,,,league_avg,2.3,,,,,,,,,exp/fallback,0.269,,,,,,,,,exp/fallback,0.188,,,,,,,,,exp/fallback,0.2124,,,,,,,,,exp/fallback,0.15765,,,,,,,,2026-09-24-frozen-v2,[],2025-2026
2026-09-29,FLA@CAR,,4:00 PM,2026-09-29T21:00:00Z,Jackson Blake,8482809,CAR,R,,Healthy,Unknown,,,0,0.0,,FLA,Sergei Bobrovsky,0.8768,3.0701244330736133,79.5,,moneypuck_team_proxy,25.0,4,25.0,4,8.5,95.3,86.3,A1+A2,16.5,63.3,85.8,1.14,NONE,False,False,30.49987126200022,2.976863942325376,94.9,94.9,18,4.5,True,2.0,2.125,2.0,2.0,68.7,9.0,3.0,21.0,2.0,3.0,6.0,20.0,20.0,13.0,13.0,43.0,43.0,GOOD,0.9,,STRONG,1.0,,LOW,0.5,,GOOD,0.6,,GOOD,0.65,,LOW,0.325,,LOW,2.1,,LOW,2.15,,LOW,1.075,,1.7694633521500172,0.6434412189636426,,,6.0,2.5561842144182134,2.6924815874317054,50.0,58.6,67.1,58.6,9.23,4.41,22.0,-0.61,1.01,-1.0,COOL,COOL,COOL,4.81,-1.63,COOL,Yellow,Red,Green,Yellow,65,76,82,74,GOAL,82,0.0,0.0,0.0,0.0,0.0,10.0,A,Hybrid,12.6,,38.6,,2,2.072633744855967,167.88333333333333,2.072633744855967,0.12562043249445037,12.6,12.6,4.11893179787551,1.8405638836493599,2.6804328402660578,7.6757302031271495,6.195408690126301,38.6,66.5,False,,,,🥅 D:0,,False,False,2,,False,0,,False,0,,ALTLINE_NB_v1_2026-01-18,,,,exp/fallback,2.2,,,,,,,,,exp/fallback,0.923,,,,,,,,,exp/fallback,0.481,,,,,,,,,exp/fallback,0.3564,,,,,,,,,exp/fallback,0.39165,,,,,,8.5,,2026-09-24-frozen-v2,[],2025-2026
2026-09-29,NYR@BOS,,7:00 PM,2026-09-30T00:00:00Z,Marat Khusnutdinov,8482177,BOS,C,,Healthy,Unknown,,,0,0.0,,NYR,Igor Shesterkin,0.911578947368421,2.4998208902580834,20.0,,moneypuck_team_proxy,24.5,4,24.5,4,2.5,71.9,68.0,A1+A2,14.5,45.1,65.2,1.06,NONE,False,False,25.711828421616815,2.3918432128567453,64.8,43.3,10,2.5,True,0.5,0.5,0.4,0.46499999999999997,2.3,0.0,0.0,3.0,0.0,0.0,0.0,0.0,0.0,0.0,0.0,3.0,3.0,LOW,0.0,,LOW,0.0,,LOW,0.0,,LOW,0.0,,LOW,0.0,,LOW,0.0,,LOW,0.3,,LOW,0.15,,LOW,0.075,,1.634563330597419,0.3772069224455582,,,0.0,2.398134962935236,2.2409738553050214,50.0,25.1,64.7,25.1,4.22,1.74,4.65,4.22,1.74,1.65,HOT,WARM,WARM,2.48,2.48,WARM,Red,Red,Red,Red,67,51,52,61,POINTS,67,6.0,6.0,6.0,6.0,0.0,6.0,C,Passenger,4.3,,68.0,,0,0.6188311688311688,47.65,0.6188311688311688,0.0426773745727038,4.3,4.3,2.782791185729276,1.7124868835257083,1.2591815320041972,7.852567975830816,7.578865779615037,68.0,57.7,False,,,,🅿️ D:6,,False,False,1,,False,0,,False,0,,ALTLINE_NB_v1_2026-01-18,,,,exp/fallback,0.465,,,,,,,,,exp/fallback,0.422,,,,,,,,,exp/fallback,0.248,,,,,,,,,exp/fallback,0.18719999999999998,,,,,,,,,exp/fallback,0.163575,,,,,,2.5,,2026-09-24-frozen-v2,[],2025-2026
2026-09-29,NYR@BOS,,7:00 PM,2026-09-30T00:00:00Z,Fraser Minten,8483489,BOS,C,,Healthy,Unknown,,,0,0.0,,NYR,Igor Shesterkin,0.911578947368421,2.4998208902580834,20.0,,moneypuck_team_proxy,24.5,4,24.5,4,5.0,76.8,68.0,A1+A2,15.55,58.2,70.0,1.08,NONE,False,False,25.711828421616815,2.3918432128567453,64.8,43.3,10,2.5,True,1.0,1.25,1.2,1.07,26.2,0.0,0.0,7.0,0.0,0.0,0.0,0.0,0.0,0.0,0.0,7.0,7.0,LOW,0.0,,LOW,0.0,,LOW,0.0,,LOW,0.0,,LOW,0.0,,LOW,0.0,,LOW,0.7,,LOW,0.35,,LOW,0.175,,1.5630779126799068,0.40524242180590175,,,0.0,2.398134962935236,2.2409738553050214,50.0,25.1,63.9,25.1,4.35,1.98,11.77,4.35,1.98,3.7,HOT,WARM,HOT,2.37,2.37,WARM,Red,Red,Red,Red,69,59,59,62,POINTS,69,6.0,6.0,6.0,6.0,0.0,6.0,B,Hybrid,6.1,,68.0,,1,0.9471544715447155,77.66666666666667,0.9471544715447155,0.060906274914718145,6.1,6.1,2.9742489270386265,1.6609442060085835,1.5450643776824033,7.852567975830816,7.578865779615037,68.0,61.2,False,,,,🅿️ D:6,,False,False,1,,False,0,,False,0,,ALTLINE_NB_v1_2026-01-18,,,,exp/fallback,1.177,,,,,,,,,exp/fallback,0.43499999999999994,,,,,,,,,exp/fallback,0.23700000000000002,,,,,,,,,exp/fallback,0.1944,,,,,,,,,exp/fallback,0.17527500000000001,,,,,,5.0,,2026-09-24-frozen-v2,[],2025-2026
2026-09-29,VAN@EDM,,9:00 PM,2026-09-30T02:00:00Z,Vasily Podkolzin,8481617,EDM,R,,Healthy,Unknown,,,0,0.0,,VAN,Kevin Lankinen,0.8754863813229572,3.7032036569136113,97.3,,moneypuck_team_proxy,27.75,4,27.75,4,16.1,80.2,68.0,A1+A2,15.38,56.2,71.2,1.08,NONE,False,False,27.51428261280349,2.6375211575650606,84.7,84.7,13,3.25,True,2.5,2.25,2.0,2.325,84.1,6.0,3.0,12.0,3.0,1.0,3.0,6.0,6.0,3.0,3.0,12.0,12.0,OK,0.6,,LOW,0.3,,LOW,0.15,,LOW,0.3,,LOW,0.15,,LOW,0.075,,LOW,1.2,,LOW,0.6,,LOW,0.3,,1.724162953717545,0.47022626010478497,,,3.0,2.8103479152760364,2.5495335623463524,50.0,72.1,66.2,72.1,4.57,2.19,25.58,-1.43,-0.81,11.25,COOL,COOL,HOT,2.38,-0.62,COOL,Red,Red,Yellow,Red,58,72,79,67,GOAL,79,0.0,4.0,0.0,0.0,0.0,6.0,C,Passenger,2.9,,97.2,,0,0.43902439024390244,36.0,0.43902439024390244,0.028550280215713226,2.9,2.9,4.729166666666668,2.2500000000000004,2.916666666666667,9.539183194819762,8.332820945108345,97.2,70.9,False,,,,🥅 D:0,,False,False,1,,False,0,,False,0,,ALTLINE_NB_v1_2026-01-18,,,,exp/fallback,2.558,,,,,,,,,exp/fallback,0.457,,,,,,,,,exp/fallback,0.238,,,,,,,,,exp/fallback,0.2676,,,,,,,,,exp/fallback,0.24735000000000001,,,,,,16.1,,2026-09-24-frozen-v2,[],2025-2026
2026-09-29,CHI@VGK,,9:30 PM,2026-09-30T02:30:00Z,Tyler Bertuzzi,8477479,CHI,L,,Healthy,Unknown,,,0,0.0,,VGK,Akira Schmid,0.8925410872313527,2.5943856138774195,48.8,,moneypuck_team_proxy,21.25,4,21.25,4,12.0,97.1,80.9,A1+A2,18.48,77.8,87.6,1.15,NONE,False,False,23.53719609781112,2.168816399449161,14.3,4.2,9,2.25,True,1.5,1.875,1.4,1.465,46.3,6.0,3.0,18.0,0.0,2.0,3.0,12.0,24.0,6.0,14.0,38.0,78.0,OK,0.6,,OK,0.6,,OK,0.6,,LOW,0.3,,LOW,0.3,,LOW,0.35,,LOW,1.8,,LOW,1.9,,LOW,1.95,,1.8446943078004217,0.42164441321152496,,,3.0,2.110930465732193,1.998905475419135,50.0,4.2,68.8,4.2,8.31,4.92,16.12,2.31,1.47,-3.35,WARM,COOL,COOL,4.21,0.83,COOL,Yellow,Red,Green,Yellow,64,70,75,65,GOAL,75,0.0,0.0,5.0,4.0,0.0,10.0,A,Hybrid,16.8,,17.7,,2,3.1019230769230766,241.95,3.1019230769230766,0.16783241037261407,16.8,16.8,4.422194668319901,2.6831990080595167,2.045877247365158,6.805363673303535,6.308402585410895,17.7,67.3,False,,,,🥅 D:5,,False,False,2,,False,0,,False,0,,ALTLINE_NB_v1_2026-01-18,,,,exp/fallback,1.612,,,,,,,,,exp/fallback,0.8310000000000001,,,,,,,,,exp/fallback,0.421,,,,,,,,,exp/fallback,0.32028,,,,,,,,,exp/fallback,0.36108,,,,,,12.0,,2026-09-24-frozen-v2,[],2025-2026
2026-09-29,MTL@TOR,,6:00 PM,2026-09-29T23:00:00Z,Alexandre Carrier,8478851,MTL,D,,Healthy,Unknown,,,0,0.0,,TOR,Joseph Woll,0.8984438984438985,3.33622313234283,61.6,,moneypuck_team_proxy,23.5,4,23.5,4,,34.6,60.9,A1+A2,19.08,80.8,53.0,1.01,NONE,False,False,24.46043165467626,2.406324940047962,43.1,53.2,18,3.6,True,,,,,50.0,,,,,,,,,,,,,,,,,,,,,,,,,,,,,,,,,,,,,,,,1.1214786904214447,0.3738262301404815,,,0.0,2.674871645486655,2.417798492517205,50.0,57.7,52.8,57.7,2.48,0.4,,,,,COOL,COOL,COOL,2.08,,COOL,Red,Red,Red,Red,60,40,40,54,POINTS,60,,,,,,,C,Passenger,0.1,,72.7,,0,0.0271689497716895,1.9833333333333334,0.0271689497716895,0.0014237004247173537,0.1,0.1,0.0,0.0,0.0,7.76794133053955,7.933755914650478,72.7,30.3,False,,,,,,False,False,0,,False,0,,False,0,,ALTLINE_NB_v1_2026-01-18,,,,league_avg,2.3,,,,,,,,,exp/fallback,0.248,,,,,,,,,exp/fallback,0.20800000000000002,,,,,,,,,exp/fallback,0.196,,,,,,,,,exp/fallback,0.131,,,,,,,,2026-09-24-frozen-v2,[],2025-2026
2026-09-29,FLA@CAR,,4:00 PM,2026-09-29T21:00:00Z,Jack Studnicka,8480021,FLA,C,,Healthy,Unknown,,,0,0.0,,CAR,Brandon Bussi,0.893640350877193,2.4652486074734026,43.7,,moneypuck_team_proxy,29.25,4,29.25,4,,20.4,6.9,A1+A2,7.1,1.0,11.8,0.94,NONE,False,False,25.61660448155363,2.480733882928602,53.9,64.0,15,3.75,True,,,,,50.0,,,,,,,,,,,,,,,,,,,,,,,,,,,,,,,,,,,,,,,,0.0,0.0,,,0.0,2.310074668039872,2.1627983962923456,50.0,14.1,27.9,14.1,0.42,0.42,,,,,COOL,COOL,COOL,0.0,,COOL,Red,Red,Red,Red,15,19,22,9,GOAL,22,,,,,,,C,Passenger,1.1,,62.5,,0,0.07631578947368421,1.45,0.07631578947368421,0.010755346767214735,1.1,1.1,0.41379310344827586,0.41379310344827586,0.0,8.328119961302805,6.917211529606778,62.5,37.1,False,,,,,,False,False,0,,False,0,,False,0,,ALTLINE_NB_v1_2026-01-18,,,,league_avg,2.3,,,,,,,,,exp/fallback,0.041999999999999996,,,,,,,,,league_avg,0.35,,,,,,,,,exp/fallback,0.1968,,,,,,,,,exp/fallback,0.1323,,,,,,,,2026-09-24-frozen-v2,[],2025-2026
2026-09-29,FLA@CAR,,4:00 PM,2026-09-29T21:00:00Z,Noah Philp,8481491,CAR,C,,Healthy,Unknown,,,0,0.0,,FLA,Sergei Bobrovsky,0.8768,3.0701244330736133,79.5,,moneypuck_team_proxy,25.0,4,25.0,4,,24.5,17.6,A1+A2,9.94,11.4,19.4,0.94,NONE,False,False,30.49987126200022,2.976863942325376,94.9,94.9,18,4.5,True,,,,,50.0,,,,,,,,,,,,,,,,,,,,,,,,,,,,,,,,,,,,,,,,0.019037546271813855,0.0,,,0.0,2.5561842144182134,2.6924815874317054,50.0,58.6,32.9,58.6,1.25,0.7,,,,,COOL,COOL,COOL,0.55,,COOL,Red,Red,Red,Red,30,30,32,24,GOAL,32,,,,,,,C,Passenger,0.1,,38.6,,0,0.014705882352941176,0.25,0.014705882352941176,0.0014789982252021298,0.1,0.1,0.0,0.0,0.0,7.6757302031271495,6.195408690126301,38.6,19.9,False,,,,,,False,False,1,,False,0,,False,0,,ALTLINE_NB_v1_2026-01-18,,,,league_avg,2.3,,,,,,,,,exp/fallback,0.125,,,,,,,,,exp/fallback,0.05500000000000001,,,,,,,,,exp/fallback,0.208,,,,,,,,,exp/fallback,0.1505,,,,,,,,2026-09-24-frozen-v2,[],2025-2026
2026-09-29,VAN@EDM,,9:00 PM,2026-09-30T02:00:00Z,Ty Mueller,8484406,VAN,C,,Healthy,Unknown,,,0,0.0,,EDM,Tristan Jarry,0.8822115384615384,3.3152597799223806,83.3,,moneypuck_team_proxy,22.25,4,22.25,4,,17.0,6.9,A1+A2,10.86,17.8,13.6,0.94,NONE,False,False,23.458639271933965,2.22263647167999,5.2,13.3,8,2.0,True,,,,,50.0,,,,,,,,,,,,,,,,,,,,,,,,,,,,,,,,,,,,,,,,0.015447991761071062,0.0,,,0.0,2.466443398236635,2.4605092289198285,50.0,39.5,32.4,39.5,0.85,0.85,,,,,COOL,COOL,COOL,0.0,,COOL,Red,Red,Red,Red,23,23,26,17,GOAL,26,,,,,,,C,Passenger,0.0,,88.0,,0,0.0,0.0,0.0,0.0,0.0,0.0,0.0,,,7.968727923515283,8.893028671226896,88.0,20.4,False,,,,,,False,False,1,,False,0,,False,0,,ALTLINE_NB_v1_2026-01-18,,,,league_avg,2.3,,,,,,,,,exp/fallback,0.08499999999999999,,,,,,,,,league_avg,0.35,,,,,,,,,exp/fallback,0.214,,,,,,,,,exp/fallback,0.16025,,,,,,,,2026-09-24-frozen-v2,[],2025-2026
2026-09-29,VAN@EDM,,9:00 PM,2026-09-30T02:00:00Z,Riley Stillman,8479388,EDM,D,,Healthy,Unknown,,,0,0.0,,VAN,Kevin Lankinen,0.8754863813229572,3.7032036569136113,97.3,,moneypuck_team_proxy,27.75,4,27.75,4,,12.7,6.9,A1+A2,12.03,26.6,13.4,0.94,NONE,False,False,27.51428261280349,2.6375211575650606,84.7,84.7,13,3.25,True,,,,,50.0,,,,,,,,,,,,,,,,,,,,,,,,,,,,,,,,,,,,,,,,0.0,0.0,,,0.0,2.8103479152760364,2.5495335623463524,50.0,72.1,27.9,72.1,0.73,0.73,,,,,COOL,COOL,COOL,0.0,,COOL,Red,Red,Red,Red,28,27,29,21,GOAL,29,,,,,,,C,Passenger,0.0,,97.2,,0,0.0,0.0,0.0,0.0,0.0,0.0,0.0,,,9.539183194819762,8.332820945108345,97.2,22.4,False,,,,,,False,False,1,,False,0,,False,0,,ALTLINE_NB_v1_2026-01-18,,,,league_avg,2.3,,,,,,,,,exp/fallback,0.073,,,,,,,,,league_avg,0.35,,,,,,,,,exp/fallback,0.2092,,,,,,,,,exp/fallback,0.15245,,,,,,,,2026-09-24-frozen-v2,[],2025-2026
2026-09-29,MTL@TOR,,6:00 PM,2026-09-29T23:00:00Z,Chris Tanev,8475690,TOR,D,,Healthy,Unknown,,,0,0.0,,MTL,Jakub Dobes,0.9014321819713563,2.7795558781799583,41.8,,moneypuck_team_proxy,24.8,5,24.8,5,,9.0,24.0,A1+A2,17.97,74.7,27.4,0.94,NONE,False,False,24.25081018097076,2.2433091796234934,33.3,23.2,14,3.5,True,,,,,50.0,,,,,,,,,,,,,,,,,,,,,,,,,,,,,,,,,,,,,,,,0.012118763886083619,0.0060593819430418095,,,0.0,2.6185551558753,2.697841726618705,50.0,57.7,31.7,68.7,1.85,0.14,,,,,COOL,COOL,COOL,1.71,,COOL,Red,Red,Red,Red,36,26,23,29,POINTS,36,,,,,,,C,Passenger,0.1,,49.8,,0,0.018181818181818184,0.2,0.018181818181818184,0.0010116337885685384,0.1,0.1,0.0,0.0,0.0,7.0393554384877595,7.875,49.8,21.9,False,,,,,,False,False,0,,False,0,,False,0,,ALTLINE_NB_v1_2026-01-18,,,,league_avg,2.3,,,,,,,,,exp/fallback,0.185,,,,,,,,,exp/fallback,0.17099999999999999,,,,,,,,,exp/fallback,0.1856,,,,,,,,,exp/fallback,0.1141,,,,,,,,2026-09-24-frozen-v2,[],2025-2026
2026-09-29,MTL@TOR,,6:00 PM,2026-09-29T23:00:00Z,Jake Evans,8478133,MTL,C,,Healthy,Unknown,,,0,0.0,,TOR,Joseph Woll,0.8984438984438985,3.33622313234283,61.6,,moneypuck_team_proxy,23.5,4,23.5,4,6.5,75.4,54.3,A1+A2,15.36,55.9,64.1,1.06,NONE,False,False,24.46043165467626,2.406324940047962,43.1,53.2,18,3.6,True,1.0,0.75,0.8,0.9299999999999999,15.9,8.0,2.0,9.0,0.0,2.0,6.0,10.0,10.0,8.0,8.0,21.0,21.0,GOOD,0.8,,LOW,0.5,,LOW,0.25,,GOOD,0.6,,LOW,0.4,,LOW,0.2,,LOW,0.9,,LOW,1.05,,LOW,0.525,,1.2651947407591169,0.3721161002232697,,,6.0,2.674871645486655,2.417798492517205,50.0,57.7,56.0,57.7,4.08,2.22,9.3,-3.92,0.22,0.3,COOL,COOL,COOL,1.86,-4.14,COOL,Red,Red,Red,Red,45,62,66,54,GOAL,66,2.0,2.0,6.0,9.0,0.0,10.0,C,Passenger,0.3,,72.7,,0,0.04828431372549019,3.283333333333333,0.04828431372549019,0.003144252561688,0.3,0.3,0.0,0.0,0.0,7.76794133053955,7.933755914650478,72.7,34.8,False,,,,🥅 D:6,,False,False,1,,False,0,,False,0,,ALTLINE_NB_v1_2026-01-18,,,,exp/fallback,0.93,,,,,,,,,exp/fallback,0.40800000000000003,,,,,,,,,exp/fallback,0.186,,,,,,,,,exp/fallback,0.20160000000000003,,,,,,,,,exp/fallback,0.186975,,,,,,6.5,,2026-09-24-frozen-v2,[],2025-2026
2026-09-29,FLA@CAR,,4:00 PM,2026-09-29T21:00:00Z,Mikulas Hovorka,8484933,FLA,D,,Healthy,Unknown,,,0,0.0,,CAR,Brandon Bussi,0.893640350877193,2.4652486074734026,43.7,,moneypuck_team_proxy,29.25,4,29.25,4,,16.8,17.6,A1+A2,14.91,51.5,24.0,0.94,NONE,False,False,25.61660448155363,2.480733882928602,53.9,64.0,15,3.75,True,,,,,50.0,,,,,,,,,,,,,,,,,,,,,,,,,,,,,,,,,,,,,,,,0.0183206106870229,0.0,,,0.0,2.310074668039872,2.1627983962923456,50.0,14.1,32.6,14.1,3.6,1.25,,,,,COOL,COOL,COOL,2.35,,COOL,Red,Red,Red,Red,27,21,22,20,POINTS,27,,,,,,,C,Passenger,0.3,,62.5,,0,0.05,0.2,0.05,0.003353828954723309,0.3,0.3,0.0,0.0,0.0,8.328119961302805,6.917211529606778,62.5,30.6,False,,,,,,False,False,0,,False,0,,False,0,,ALTLINE_NB_v1_2026-01-18,,,,league_avg,2.3,,,,,,,,,exp/fallback,0.36,,,,,,,,,exp/fallback,0.23500000000000001,,,,,,,,,exp/fallback,0.22999999999999998,,,,,,,,,exp/fallback,0.18625,,,,,,,,2026-09-24-frozen-v2,[],2025-2026
2026-09-29,NYR@BOS,,7:00 PM,2026-09-30T00:00:00Z,Elias Lindholm,8477496,BOS,C,,Healthy,Unknown,,,0,0.0,,NYR,Igor Shesterkin,0.911578947368421,2.4998208902580834,20.0,,moneypuck_team_proxy,24.5,4,24.5,4,10.0,83.9,86.3,A1+A2,17.88,74.4,82.9,1.13,NONE,False,False,25.711828421616815,2.3918432128567453,64.8,43.3,10,2.5,True,2.0,1.75,1.6,1.8599999999999999,62.6,2.0,2.0,10.0,1.0,0.0,0.0,2.0,2.0,0.0,0.0,10.0,10.0,LOW,0.2,,LOW,0.1,,LOW,0.05,,LOW,0.0,,LOW,0.0,,LOW,0.0,,LOW,1.0,,LOW,0.5,,LOW,0.25,,1.375570880110628,0.3930202514601794,,,0.0,2.398134962935236,2.2409738553050214,50.0,25.1,59.0,25.1,8.92,3.33,20.46,6.11,1.03,8.6,HOT,COOL,HOT,5.59,5.08,HOT,Yellow,Red,Yellow,Yellow,71,64,65,74,ASSISTS,74,1.0,6.0,1.0,1.0,0.0,6.0,A,Distributor,14.4,,68.0,,2,2.5712560386473426,177.41666666666666,2.5712560386473426,0.14378723001904553,14.4,14.4,4.605260685767966,1.802536402066698,3.2973226867073744,7.852567975830816,7.578865779615037,68.0,80.3,False,,,,🅰️ D:6,,False,False,0,,False,0,,False,0,,ALTLINE_NB_v1_2026-01-18,,,,exp/fallback,2.0460000000000003,,,,,,,,,exp/fallback,0.892,,,,,,,,,exp/fallback,0.5589999999999999,,,,,,,,,exp/fallback,0.31320000000000003,,,,,,,,,exp/fallback,0.32145,,,,,,10.0,,2026-09-24-frozen-v2,[],2025-2026
2026-09-29,FLA@CAR,,4:00 PM,2026-09-29T21:00:00Z,Sam Reinhart,8477933,FLA,C,⭐ STAR,Healthy,Unknown,,,0,0.0,,CAR,Brandon Bussi,0.893640350877193,2.4652486074734026,43.7,,moneypuck_team_proxy,29.25,4,29.25,4,10.9,95.5,87.4,A1+A2,21.29,92.6,92.1,1.2,STAR,False,True,25.61660448155363,2.480733882928602,53.9,64.0,15,3.75,True,2.5,2.625,2.8,2.605,89.7,9.0,2.0,27.0,2.0,3.0,7.0,17.0,38.0,11.0,22.0,50.0,100.0,GOOD,0.9,,GOOD,0.85,,GOOD,0.95,,GOOD,0.7,,OK,0.55,,OK,0.55,,OK,2.7,,OK,2.5,,OK,2.5,,1.403795446949159,0.4010844134140454,,,7.0,2.310074668039872,2.1627983962923456,50.0,14.1,59.8,14.1,12.54,5.93,28.66,2.4,3.39,-0.95,WARM,HOT,COOL,6.62,-0.98,COOL,Yellow,Red,Green,Yellow,69,75,79,71,GOAL,79,0.0,0.0,0.0,0.0,4.0,0.0,A,Hybrid,18.7,,62.5,,2,3.97578125,254.45,3.97578125,0.18677285572723604,18.7,18.7,5.554332874828061,2.8484967577127143,3.183336608370997,8.328119961302805,6.917211529606778,62.5,82.9,True,,,,🥅 D:0,,False,False,2,,False,0,,False,0,,ALTLINE_NB_v1_2026-01-18,,,,exp/fallback,2.866,,,,,,,,,exp/fallback,1.254,,,,,,,,,exp/fallback,0.662,,,,,,,,,exp/fallback,0.4172,,,,,,,,,exp/fallback,0.49045,,,,,,10.9,,2026-09-24-frozen-v2,[],2025-2026
2026-09-29,CHI@VGK,,9:30 PM,2026-09-30T02:30:00Z,Andre Burakovsky,8477444,CHI,L,,Healthy,Unknown,,,0,0.0,,VGK,Akira Schmid,0.8925410872313527,2.5943856138774195,48.8,,moneypuck_team_proxy,21.25,4,21.25,4,4.0,71.0,74.9,A1+A2,16.44,63.0,70.8,1.08,NONE,False,False,23.53719609781112,2.168816399449161,14.3,4.2,9,2.25,True,0.5,0.5,0.6,0.535,5.1,2.0,0.0,6.0,0.0,1.0,2.0,3.0,8.0,2.0,6.0,16.0,43.0,LOW,0.2,,LOW,0.15,,LOW,0.2,,LOW,0.2,,LOW,0.1,,LOW,0.15,,LOW,0.6,,LOW,0.8,,LOW,1.075,,1.2980627396990854,0.29501425902251943,,,2.0,2.110930465732193,1.998905475419135,50.0,4.2,57.2,4.2,4.99,1.77,5.88,2.99,1.77,-0.65,HOT,WARM,COOL,3.54,1.22,COOL,Yellow,Red,Red,Yellow,61,49,53,57,POINTS,61,0.0,0.0,10.0,10.0,0.0,10.0,B,Distributor,13.0,,17.7,,1,2.1427927927927928,158.56666666666666,2.1427927927927928,0.13032876712328767,13.0,13.0,2.7111624973722934,0.6205591759512297,2.4595333193188984,6.805363673303535,6.308402585410895,17.7,64.1,False,,,,🅿️ D:0,,False,False,1,,False,0,,False,0,,ALTLINE_NB_v1_2026-01-18,,,,exp/fallback,0.588,,,,,,,,,exp/fallback,0.499,,,,,,,,,exp/fallback,0.354,,,,,,,,,exp/fallback,0.18810000000000002,,,,,,,,,exp/fallback,0.1650375,,,,,,4.0,,2026-09-24-frozen-v2,[],2025-2026
2026-09-29,CHI@VGK,,9:30 PM,2026-09-30T02:30:00Z,Ben Hutton,8477018,VGK,D,,Healthy,Unknown,,,0,0.0,,CHI,Spencer Knight,0.9019987105093488,2.822524488185321,42.3,,moneypuck_team_proxy,28.75,4,28.75,4,,33.0,46.6,A1+A2,14.59,47.5,40.7,0.96,NONE,False,False,26.819846846450986,2.5171828375350027,74.7,74.7,13,3.25,True,,,,,50.0,,,,,,,,,,,,,,,,,,,,,,,,,,,,,,,,,,,,,,,,1.1508706123057906,0.23017412246115812,,,0.0,2.941628448429158,2.9328448015615374,50.0,95.3,53.6,95.3,2.03,0.46,,,,,COOL,COOL,COOL,1.58,,COOL,Red,Red,Red,Red,51,43,39,47,POINTS,51,,,,,,,C,Passenger,1.6,,73.4,,0,0.23969696969696971,13.183333333333334,0.23969696969696971,0.01643294899761089,1.6,1.6,0.0,0.0,0.0,8.262546073149986,7.431258595448294,73.4,44.4,False,,,,,,False,False,0,,False,0,,False,0,,ALTLINE_NB_v1_2026-01-18,,,,league_avg,2.3,,,,,,,,,exp/fallback,0.20299999999999999,,,,,,,,,exp/fallback,0.158,,,,,,,,,exp/fallback,0.1984,,,,,,,,,exp/fallback,0.1349,,,,,,,,2026-09-24-frozen-v2,[],2025-2026
2026-09-29,NYR@BOS,,7:00 PM,2026-09-30T00:00:00Z,Henri Jokiharju,8480035,BOS,D,,Healthy,Unknown,,,0,0.0,,NYR,Igor Shesterkin,0.911578947368421,2.4998208902580834,20.0,,moneypuck_team_proxy,24.5,4,24.5,4,,26.2,56.5,A1+A2,17.8,74.1,46.4,0.99,NONE,False,False,25.711828421616815,2.3918432128567453,64.8,43.3,10,2.5,True,,,,,50.0,,,,,,,,,,,,,,,,,,,,,,,,,,,,,,,,,,,,,,,,1.1930253900275314,0.5506271030896298,,,0.0,2.398134962935236,2.2409738553050214,50.0,25.1,54.6,25.1,3.51,0.38,,,,,COOL,COOL,COOL,3.13,,COOL,Red,Red,Red,Red,50,30,28,44,POINTS,50,,,,,,,C,Passenger,3.2,,68.0,,0,0.5638211382113821,23.116666666666667,0.5638211382113821,0.03166738966643074,3.2,3.2,4.120403749098775,0.2595529920692142,4.542177361211247,7.852567975830816,7.578865779615037,68.0,67.7,False,,,,,,False,False,0,,False,0,,False,0,,ALTLINE_NB_v1_2026-01-18,,,,league_avg,2.3,,,,,,,,,exp/fallback,0.351,,,,,,,,,exp/fallback,0.313,,,,,,,,,exp/fallback,0.19519999999999998,,,,,,,,,exp/fallback,0.12969999999999998,,,,,,,,2026-09-24-frozen-v2,[],2025-2026
2026-09-29,NYR@BOS,,7:00 PM,2026-09-30T00:00:00Z,Tanner Jeannot,8479661,BOS,L,,Healthy,Unknown,,,0,0.0,,NYR,Igor Shesterkin,0.911578947368421,2.4998208902580834,20.0,,moneypuck_team_proxy,24.5,4,24.5,4,7.5,70.4,63.9,A1+A2,12.64,32.0,60.4,1.04,NONE,False,False,25.711828421616815,2.3918432128567453,64.8,43.3,10,2.5,True,1.5,1.25,1.8,1.605,55.6,1.0,1.0,9.0,1.0,0.0,0.0,1.0,1.0,0.0,0.0,9.0,9.0,LOW,0.1,,LOW,0.05,,LOW,0.025,,LOW,0.0,,LOW,0.0,,LOW,0.0,,LOW,0.9,,LOW,0.45,,LOW,0.225,,1.4033993450803057,0.5613597380321222,,,0.0,2.398134962935236,2.2409738553050214,50.0,25.1,59.7,25.1,3.75,1.58,16.05,2.75,0.58,7.05,HOT,COOL,HOT,2.17,2.17,WARM,Red,Red,Red,Red,53,57,55,56,SOG,57,3.0,6.0,3.0,4.0,0.0,6.0,C,Passenger,0.6,,68.0,,0,0.0816017316017316,6.283333333333333,0.0816017316017316,0.006454374250984421,0.6,0.6,6.087533156498674,0.0,7.161803713527852,7.852567975830816,7.578865779615037,68.0,62.1,False,,,,🎯 D:4,,False,False,1,,False,0,,False,0,,ALTLINE_NB_v1_2026-01-18,,,,exp/fallback,1.605,,,,,,,,,exp/fallback,0.375,,,,,,,,,exp/fallback,0.217,,,,,,,,,exp/fallback,0.20672,,,,,,,,,exp/fallback,0.17654499999999998,,,,,,7.5,,2026-09-24-frozen-v2,[],2025-2026
2026-09-29,MTL@TOR,,6:00 PM,2026-09-29T23:00:00Z,Simon Benoit,8481122,TOR,D,,Healthy,Unknown,,,0,0.0,,MTL,Jakub Dobes,0.9014321819713563,2.7795558781799583,41.8,,moneypuck_team_proxy,24.8,5,24.8,5,,36.4,37.3,A1+A2,17.3,69.7,43.4,0.97,NONE,False,False,24.25081018097076,2.2433091796234934,33.3,23.2,14,3.5,True,,,,,50.0,,,,,,,,,,,,,,,,,,,,,,,,,,,,,,,,,,,,,,,,0.27037988373665,0.05407597674733,,,0.0,2.6185551558753,2.697841726618705,50.0,57.7,37.8,68.7,1.23,0.43,,,,,COOL,COOL,COOL,0.8,,COOL,Red,Red,Red,Red,43,40,39,38,POINTS,43,,,,,,,C,Passenger,0.0,,49.8,,0,0.005479452054794521,0.4,0.005479452054794521,0.00031680240769829855,0.0,0.0,0.0,0.0,0.0,7.0393554384877595,7.875,49.8,16.9,False,,,,,,False,False,0,,False,0,,False,0,,ALTLINE_NB_v1_2026-01-18,,,,league_avg,2.3,,,,,,,,,exp/fallback,0.123,,,,,,,,,exp/fallback,0.08,,,,,,,,,exp/fallback,0.1972,,,,,,,,,exp/fallback,0.13294999999999998,,,,,,,,2026-09-24-frozen-v2,[],2025-2026
2026-09-29,VAN@EDM,,9:00 PM,2026-09-30T02:00:00Z,Curtis Douglas,8480876,VAN,C,,Healthy,Unknown,,,0,0.0,,EDM,Tristan Jarry,0.8822115384615384,3.3152597799223806,83.3,,moneypuck_team_proxy,22.25,4,22.25,4,,43.2,28.5,A1+A2,6.75,0.7,29.5,0.94,NONE,False,False,23.458639271933965,2.22263647167999,5.2,13.3,8,2.0,True,,,,,50.0,,,,,,,,,,,,,,,,,,,,,,,,,,,,,,,,,,,,,,,,0.8323699421965318,0.6242774566473989,,,0.0,2.466443398236635,2.4605092289198285,50.0,39.5,46.9,39.5,1.58,0.92,,,,,COOL,COOL,COOL,0.66,,COOL,Red,Red,Red,Red,34,36,41,30,GOAL,41,,,,,,,C,Passenger,0.1,,88.0,,0,0.003875968992248062,0.16666666666666666,0.003875968992248062,0.0005742176284811944,0.1,0.1,0.0,0.0,0.0,7.968727923515283,8.893028671226896,88.0,34.2,False,,,,,,False,False,1,,False,0,,False,0,,ALTLINE_NB_v1_2026-01-18,,,,league_avg,2.3,,,,,,,,,exp/fallback,0.158,,,,,,,,,exp/fallback,0.066,,,,,,,,,exp/fallback,0.2168,,,,,,,,,exp/fallback,0.1648,,,,,,,,2026-09-24-frozen-v2,[],2025-2026
2026-09-29,MTL@TOR,,6:00 PM,2026-09-29T23:00:00Z,Jake McCabe,8476931,TOR,D,,Healthy,Unknown,,,0,0.0,,MTL,Jakub Dobes,0.9014321819713563,2.7795558781799583,41.8,,moneypuck_team_proxy,24.8,5,24.8,5,7.7,42.3,71.0,A1+A2,22.4,94.9,62.9,1.05,NONE,False,False,24.25081018097076,2.2433091796234934,33.3,23.2,14,3.5,True,1.0,1.0,0.8,0.9299999999999999,15.9,3.0,2.0,12.0,0.0,1.0,1.0,6.0,9.0,4.0,7.0,21.0,50.0,LOW,0.3,,LOW,0.3,,LOW,0.225,,LOW,0.1,,LOW,0.2,,LOW,0.175,,LOW,1.2,,LOW,1.05,,LOW,1.25,,0.8911893777427703,0.3645774727129515,,,1.0,2.6185551558753,2.697841726618705,50.0,57.7,47.9,68.7,3.17,0.54,9.3,0.17,-1.46,-2.7,COOL,COOL,COOL,2.63,1.63,WARM,Yellow,Red,Red,Yellow,56,39,45,60,ASSISTS,60,1.0,1.0,8.0,2.0,0.0,10.0,C,Passenger,1.3,,49.8,,0,0.2841666666666667,22.733333333333334,0.2841666666666667,0.01268329877351385,1.3,1.3,0.7126099706744868,0.7126099706744868,0.0,7.0393554384877595,7.875,49.8,33.8,False,,,,🅰️ D:1,,False,False,1,,False,0,,False,0,,ALTLINE_NB_v1_2026-01-18,,,,exp/fallback,0.93,,,,,,,,,exp/fallback,0.317,,,,,,,,,exp/fallback,0.263,,,,,,,,,exp/fallback,0.1512,,,,,,,,,exp/fallback,0.105075,,,,,,7.7,,2026-09-24-frozen-v2,[],2025-2026
2026-09-29,FLA@CAR,,4:00 PM,2026-09-29T21:00:00Z,Anton Lundell,8482113,FLA,C,,Healthy,Unknown,,,0,0.0,,CAR,Brandon Bussi,0.893640350877193,2.4652486074734026,43.7,,moneypuck_team_proxy,29.25,4,29.25,4,4.3,83.5,80.9,A1+A2,19.15,81.1,82.1,1.13,NONE,False,False,25.61660448155363,2.480733882928602,53.9,64.0,15,3.75,True,1.0,1.125,1.6,1.21,31.8,4.0,2.0,12.0,1.0,0.0,2.0,12.0,25.0,7.0,13.0,38.0,88.0,LOW,0.4,,OK,0.6,,OK,0.625,,LOW,0.2,,LOW,0.35,,LOW,0.325,,LOW,1.2,,LOW,1.9,,LOW,2.2,,1.467904159061784,0.2796007922022446,,,2.0,2.310074668039872,2.1627983962923456,50.0,14.1,61.7,14.1,7.79,3.53,13.31,3.79,1.21,0.1,HOT,COOL,COOL,5.04,2.58,HOT,Yellow,Red,Yellow,Yellow,70,61,62,71,ASSISTS,71,0.0,9.0,0.0,4.0,2.0,0.0,B,Distributor,13.1,,62.5,,1,2.508072916666667,160.51666666666668,2.508072916666667,0.1309556184053084,13.1,13.1,4.2883397362683,1.349392586439622,3.457584882151386,8.328119961302805,6.917211529606778,62.5,76.5,False,,,,🅰️ D:9,,False,False,0,,False,0,,False,0,,ALTLINE_NB_v1_2026-01-18,,,,exp/fallback,1.331,,,,,,,,,exp/fallback,0.779,,,,,,,,,exp/fallback,0.504,,,,,,,,,exp/fallback,0.2409,,,,,,,,,exp/fallback,0.2508375,,,,,,4.3,,2026-09-24-frozen-v2,[],2025-2026
2026-09-29,FLA@CAR,,4:00 PM,2026-09-29T21:00:00Z,Mike Reilly,8476422,CAR,D,,Healthy,Unknown,,,0,0.0,,FLA,Sergei Bobrovsky,0.8768,3.0701244330736133,79.5,,moneypuck_team_proxy,25.0,4,25.0,4,,31.0,43.8,A1+A2,14.97,51.9,39.7,0.96,NONE,False,False,30.49987126200022,2.976863942325376,94.9,94.9,18,4.5,True,,,,,50.0,,,,,,,,,,,,,,,,,,,,,,,,,,,,,,,,,,,,,,,,0.8440302444170916,0.4220151222085458,,,0.0,2.5561842144182134,2.6924815874317054,50.0,58.6,47.1,58.6,2.34,0.52,,,,,COOL,COOL,COOL,1.83,,COOL,Red,Red,Red,Red,49,36,38,43,POINTS,49,,,,,,,C,Passenger,0.8,,38.6,,0,0.12222222222222223,5.133333333333334,0.12222222222222223,0.008166945085249119,0.8,0.8,0.11688311688311687,0.11688311688311687,0.0,7.6757302031271495,6.195408690126301,38.6,29.5,False,,,,,,False,False,1,,False,0,,False,0,,ALTLINE_NB_v1_2026-01-18,,,,league_avg,2.3,,,,,,,,,exp/fallback,0.23399999999999999,,,,,,,,,exp/fallback,0.183,,,,,,,,,exp/fallback,0.2008,,,,,,,,,exp/fallback,0.1388,,,,,,,,2026-09-24-frozen-v2,[],2025-2026
2026-09-29,CHI@VGK,,9:30 PM,2026-09-30T02:30:00Z,Sam Rinzel,8483506,CHI,D,,Healthy,Unknown,,,0,0.0,,VGK,Akira Schmid,0.8925410872313527,2.5943856138774195,48.8,,moneypuck_team_proxy,21.25,4,21.25,4,,41.1,46.6,A1+A2,18.2,76.8,50.2,1.0,NONE,False,False,23.53719609781112,2.168816399449161,14.3,4.2,9,2.25,True,,,,,50.0,,,,,,,,,,,,,,,,,,,,,,,,,,,,,,,,,,,,,,,,0.8029197080291971,0.36496350364963503,,,0.0,2.110930465732193,1.998905475419135,50.0,4.2,45.7,4.2,2.44,0.74,,,,,COOL,COOL,COOL,1.7,,COOL,Red,Red,Red,Red,45,35,37,39,POINTS,45,,,,,,,B,Hybrid,11.0,,17.7,,1,1.9949685534591195,105.73333333333333,1.9949685534591195,0.10963638877367621,11.0,11.0,0.923549810844893,0.5617906683480455,0.4255989911727617,6.805363673303535,6.308402585410895,17.7,53.8,False,,,,,,False,False,0,,False,0,,False,0,,ALTLINE_NB_v1_2026-01-18,,,,league_avg,2.3,,,,,,,,,exp/fallback,0.244,,,,,,,,,exp/fallback,0.16999999999999998,,,,,,,,,exp/fallback,0.2096,,,,,,,,,exp/fallback,0.15309999999999999,,,,,,,,2026-09-24-frozen-v2,[],2025-2026
2026-09-29,FLA@CAR,,4:00 PM,2026-09-29T21:00:00Z,Gustav Forsling,8478055,FLA,D,,Healthy,Unknown,,,0,0.0,,CAR,Brandon Bussi,0.893640350877193,2.4652486074734026,43.7,,moneypuck_team_proxy,29.25,4,29.25,4,8.7,46.6,80.9,A1+A2,22.63,96.3,68.5,1.07,NONE,False,False,25.61660448155363,2.480733882928602,53.9,64.0,15,3.75,True,2.0,2.0,1.8,1.9300000000000002,64.0,3.0,0.0,21.0,0.0,2.0,3.0,7.0,14.0,7.0,13.0,35.0,65.0,LOW,0.3,,LOW,0.35,,LOW,0.35,,LOW,0.3,,LOW,0.35,,LOW,0.325,,LOW,2.1,,LOW,1.75,,LOW,1.625,,0.9870901405232492,0.41128755855135385,,,3.0,2.310074668039872,2.1627983962923456,50.0,14.1,50.1,14.1,4.13,0.64,19.3,1.13,0.64,-1.7,COOL,COOL,COOL,3.49,0.49,COOL,Yellow,Red,Red,Yellow,63,44,49,59,POINTS,63,3.0,3.0,10.0,1.0,0.0,10.0,C,Passenger,2.5,,62.5,,0,0.5552083333333333,44.416666666666664,0.5552083333333333,0.02453552818133274,2.5,2.5,2.4011257035647278,0.3917448405253283,2.3639774859287055,8.328119961302805,6.917211529606778,62.5,57.1,False,,,,🅿️ D:3,,False,False,1,,False,0,,False,0,,ALTLINE_NB_v1_2026-01-18,,,,exp/fallback,1.9300000000000002,,,,,,,,,exp/fallback,0.413,,,,,,,,,exp/fallback,0.34900000000000003,,,,,,,,,exp/fallback,0.17476,,,,,,,,,exp/fallback,0.12461,,,,,,8.7,,2026-09-24-frozen-v2,[],2025-2026
2026-09-29,MTL@TOR,,6:00 PM,2026-09-29T23:00:00Z,Luke Haymes,8485467,TOR,C,,Healthy,Unknown,,,0,0.0,,MTL,Jakub Dobes,0.9014321819713563,2.7795558781799583,41.8,,moneypuck_team_proxy,24.8,5,24.8,5,,11.6,17.6,A1+A2,13.55,37.7,18.9,0.94,NONE,False,False,24.25081018097076,2.2433091796234934,33.3,23.2,14,3.5,True,,,,,50.0,,,,,,,,,,,,,,,,,,,,,,,,,,,,,,,,,,,,,,,,0.0210896309314587,0.0,,,0.0,2.6185551558753,2.697841726618705,50.0,57.7,33.6,68.7,3.01,0.66,,,,,COOL,COOL,COOL,2.35,,COOL,Red,Red,Red,Red,29,25,23,23,POINTS,29,,,,,,,C,Passenger,2.7,,49.8,,0,0.36666666666666664,1.4666666666666666,0.36666666666666664,0.027051952044266827,2.7,2.7,0.0,0.0,0.0,7.0393554384877595,7.875,49.8,36.8,False,,,,,,False,False,0,,False,0,,False,0,,ALTLINE_NB_v1_2026-01-18,,,,league_avg,2.3,,,,,,,,,exp/fallback,0.301,,,,,,,,,exp/fallback,0.23500000000000001,,,,,,,,,exp/fallback,0.2064,,,,,,,,,exp/fallback,0.1479,,,,,,,,2026-09-24-frozen-v2,[],2025-2026
2026-09-29,FLA@CAR,,4:00 PM,2026-09-29T21:00:00Z,Cole Reinhardt,8481133,FLA,L,,Healthy,Unknown,,,0,0.0,,CAR,Brandon Bussi,0.893640350877193,2.4652486074734026,43.7,,moneypuck_team_proxy,29.25,4,29.25,4,,51.3,37.3,A1+A2,10.65,15.5,39.2,0.96,NONE,False,False,25.61660448155363,2.480733882928602,53.9,64.0,15,3.75,True,,,,,50.0,,,,,,,,,,,,,,,,,,,,,,,,,,,,,,,,,,,,,,,,1.4599724227431259,0.38932597939816693,,,0.0,2.310074668039872,2.1627983962923456,50.0,14.1,61.5,14.1,1.92,0.95,,,,,COOL,COOL,COOL,0.97,,COOL,Red,Red,Red,Red,36,37,40,33,GOAL,40,,,,,,,C,Passenger,0.6,,62.5,,0,0.061581920903954805,3.6333333333333333,0.061581920903954805,0.005782800148548995,0.6,0.6,1.1559633027522938,1.1559633027522938,0.0,8.328119961302805,6.917211529606778,62.5,34.5,False,,,,,,False,False,0,,False,0,,False,0,,ALTLINE_NB_v1_2026-01-18,,,,league_avg,2.3,,,,,,,,,exp/fallback,0.192,,,,,,,,,exp/fallback,0.097,,,,,,,,,exp/fallback,0.218,,,,,,,,,exp/fallback,0.16675,,,,,,,,2026-09-24-frozen-v2,[],2025-2026
2026-09-29,MTL@TOR,,6:00 PM,2026-09-29T23:00:00Z,Lane Hutson,8483457,MTL,D,,Healthy,Unknown,,,0,0.0,,TOR,Joseph Woll,0.8984438984438985,3.33622313234283,61.6,,moneypuck_team_proxy,23.5,4,23.5,4,6.5,68.2,99.0,A1+A2,23.77,98.7,85.1,1.14,NONE,False,False,24.46043165467626,2.406324940047962,43.1,53.2,18,3.6,True,1.0,0.875,1.0,1.0,22.4,9.0,1.0,9.0,1.0,1.0,8.0,16.0,16.0,13.0,13.0,30.0,30.0,GOOD,0.9,,GOOD,0.8,,LOW,0.4,,STRONG,0.8,,GOOD,0.65,,LOW,0.325,,LOW,0.9,,LOW,1.5,,LOW,0.75,,1.7840213737826425,0.7756614668620184,,,8.0,2.674871645486655,2.417798492517205,50.0,57.7,67.4,57.7,11.73,1.48,11.0,1.66,0.48,1.0,WARM,COOL,COOL,12.39,1.18,COOL,Green,Red,Red,Green,80,55,59,84,ASSISTS,84,0.0,0.0,2.0,0.0,8.0,0.0,A,Distributor,13.5,,72.7,,2,3.215040650406504,263.6333333333333,3.215040650406504,0.13524628709696726,13.5,13.5,2.91086104437982,0.39600455177645716,2.9586546971804273,7.76794133053955,7.933755914650478,72.7,79.3,False,,,,🅰️ D:0,,False,False,1,,False,0,,False,0,,ALTLINE_NB_v1_2026-01-18,,,,exp/fallback,1.1,,,,,,,,,exp/fallback,1.173,,,,,,,,,exp/fallback,1.239,,,,,,,,,exp/fallback,0.1794,,,,,,,,,exp/fallback,0.15089999999999998,,,,,,6.5,,2026-09-24-frozen-v2,[],2025-2026
2026-09-29,MTL@TOR,,6:00 PM,2026-09-29T23:00:00Z,Juraj Slafkovsk,8483515,MTL,L,⭐ STAR,Healthy,Unknown,,,0,0.0,,TOR,Joseph Woll,0.8984438984438985,3.33622313234283,61.6,,moneypuck_team_proxy,23.5,4,23.5,4,16.1,98.8,94.8,A1+A2,18.54,78.5,93.3,1.21,STAR,False,True,24.46043165467626,2.406324940047962,43.1,53.2,18,3.6,True,2.5,2.5,1.6,2.185,80.4,8.0,3.0,25.0,2.0,1.0,5.0,12.0,12.0,6.0,6.0,48.0,48.0,GOOD,0.8,,OK,0.6,,LOW,0.3,,OK,0.5,,LOW,0.3,,LOW,0.15,,OK,2.5,,LOW,2.4,,LOW,1.2,,2.0196789228379077,0.9321595028482651,,,5.0,2.674871645486655,2.417798492517205,50.0,57.7,70.8,57.7,12.62,5.65,24.04,3.47,2.14,-3.15,HOT,WARM,COOL,6.96,1.33,COOL,Green,Red,Green,Green,92,91,85,80,POINTS,92,4.0,4.0,4.0,4.0,4.0,7.0,A,Hybrid,17.2,,72.7,,2,3.1792682926829268,260.7,3.1792682926829268,0.17150939672375606,17.2,17.2,4.68469505178366,2.630609896432681,2.416570771001151,7.76794133053955,7.933755914650478,72.7,82.3,False,,,,🅿️ PTS D:4 | 🅿️ D:4,,False,False,2,,False,0,,False,0,,ALTLINE_NB_v1_2026-01-18,,,,exp/fallback,2.404,,,,,,,,,exp/fallback,1.262,,,,,,,,,exp/fallback,0.696,,,,,,,,,exp/fallback,0.406,,,,,,,,,exp/fallback,0.47225000000000006,,,,,,16.1,,2026-09-24-frozen-v2,[],2025-2026
2026-09-29,NYR@BOS,,7:00 PM,2026-09-30T00:00:00Z,Tye Kartye,8481789,NYR,L,,Healthy,Unknown,,,0,0.0,,BOS,Jeremy Swayman,0.9071246819338422,2.707645389120994,32.0,,moneypuck_team_proxy,29.0,4,29.0,4,,51.5,58.4,A1+A2,11.96,25.9,48.8,1.0,NONE,False,False,23.53754892467431,2.2585501208368255,23.4,33.2,15,3.75,True,,,,,50.0,,,,,,,,,,,,,,,,,,,,,,,,,,,,,,,,,,,,,,,,1.7893533475818877,0.715741339032755,,,0.0,2.666162545755205,2.6773806209827864,50.0,65.3,67.6,65.3,3.09,0.91,,,,,COOL,COOL,COOL,2.18,,COOL,Red,Red,Red,Red,53,46,45,50,POINTS,53,,,,,,,C,Passenger,0.3,,61.4,,0,0.038802083333333334,2.4833333333333334,0.038802083333333334,0.003243502111541643,0.3,0.3,0.4832214765100671,0.4832214765100671,0.0,8.75699777062175,6.692271808427927,61.4,28.4,False,,,,,,False,False,0,,False,0,,False,0,,ALTLINE_NB_v1_2026-01-18,,,,league_avg,2.3,,,,,,,,,exp/fallback,0.309,,,,,,,,,exp/fallback,0.21800000000000003,,,,,,,,,exp/fallback,0.21639999999999998,,,,,,,,,exp/fallback,0.16415,,,,,,,,2026-09-24-frozen-v2,[],2025-2026
2026-09-29,NYR@BOS,,7:00 PM,2026-09-30T00:00:00Z,Nikita Zadorov,8477507,BOS,D,,Healthy,Unknown,,,0,0.0,,NYR,Igor Shesterkin,0.911578947368421,2.4998208902580834,20.0,,moneypuck_team_proxy,24.5,4,24.5,4,2.5,52.7,71.0,A1+A2,20.88,90.2,66.6,1.07,NONE,False,False,25.711828421616815,2.3918432128567453,64.8,43.3,10,2.5,True,0.5,0.75,1.2,0.745,9.3,1.0,0.0,6.0,0.0,0.0,1.0,1.0,1.0,1.0,1.0,6.0,6.0,LOW,0.1,,LOW,0.05,,LOW,0.025,,LOW,0.1,,LOW,0.05,,LOW,0.025,,LOW,0.6,,LOW,0.3,,LOW,0.15,,0.8112146872553903,0.3842595886999217,,,1.0,2.398134962935236,2.2409738553050214,50.0,25.1,46.0,25.1,3.44,0.81,7.45,2.44,0.81,1.45,WARM,COOL,COOL,2.63,1.63,WARM,Yellow,Red,Red,Yellow,66,38,45,60,POINTS,66,5.0,5.0,6.0,1.0,0.0,6.0,C,Passenger,0.3,,68.0,,0,0.07139917695473251,5.783333333333333,0.07139917695473251,0.003419291901106589,0.3,0.3,5.498559077809799,5.498559077809799,0.0,7.852567975830816,7.578865779615037,68.0,32.8,False,,,,🅿️ D:5,,False,False,1,,False,0,,False,0,,ALTLINE_NB_v1_2026-01-18,,,,exp/fallback,0.745,,,,,,,,,exp/fallback,0.344,,,,,,,,,exp/fallback,0.263,,,,,,,,,exp/fallback,0.1593,,,,,,,,,exp/fallback,0.11823750000000001,,,,,,2.5,,2026-09-24-frozen-v2,[],2025-2026
2026-09-29,NYR@BOS,,7:00 PM,2026-09-30T00:00:00Z,Vincent Iorio,8482861,NYR,D,,Healthy,Unknown,,,0,0.0,,BOS,Jeremy Swayman,0.9071246819338422,2.707645389120994,32.0,,moneypuck_team_proxy,29.0,4,29.0,4,,18.3,28.5,A1+A2,15.74,59.9,30.2,0.94,NONE,False,False,23.53754892467431,2.2585501208368255,23.4,33.2,15,3.75,True,,,,,50.0,,,,,,,,,,,,,,,,,,,,,,,,,,,,,,,,,,,,,,,,0.46915725456125107,0.15638575152041703,,,0.0,2.666162545755205,2.6773806209827864,50.0,65.3,39.3,65.3,1.26,0.22,,,,,COOL,COOL,COOL,1.04,,COOL,Red,Red,Red,Red,38,31,28,32,POINTS,38,,,,,,,C,Passenger,0.3,,61.4,,0,0.05246913580246914,1.4166666666666667,0.05246913580246914,0.0033341178316466627,0.3,0.3,0.0,0.0,0.0,8.75699777062175,6.692271808427927,61.4,28.4,False,,,,,,False,False,0,,False,0,,False,0,,ALTLINE_NB_v1_2026-01-18,,,,league_avg,2.3,,,,,,,,,exp/fallback,0.126,,,,,,,,,exp/fallback,0.10400000000000001,,,,,,,,,exp/fallback,0.1888,,,,,,,,,exp/fallback,0.11929999999999999,,,,,,,,2026-09-24-frozen-v2,[],2025-2026
2026-09-29,FLA@CAR,,4:00 PM,2026-09-29T21:00:00Z,Jaccob Slavin,8476958,CAR,D,,Healthy,Unknown,,,0,0.0,,FLA,Sergei Bobrovsky,0.8768,3.0701244330736133,79.5,,moneypuck_team_proxy,25.0,4,25.0,4,,35.1,40.6,A1+A2,21.31,92.9,48.6,0.99,NONE,False,False,30.49987126200022,2.976863942325376,94.9,94.9,18,4.5,True,,,,,50.0,,,,,,,,,,,,,,,,,,,,,,,,,,,,,,,,,,,,,,,,0.35589827241046934,0.08897456810261734,,,0.0,2.5561842144182134,2.6924815874317054,50.0,58.6,38.5,58.6,2.53,0.75,,,,,COOL,COOL,COOL,1.78,,COOL,Red,Red,Red,Red,51,42,42,44,POINTS,51,,,,,,,C,Passenger,0.4,,38.6,,0,0.08803418803418803,3.433333333333333,0.08803418803418803,0.0041310712710062964,0.4,0.4,0.6990291262135924,0.6990291262135924,0.0,7.6757302031271495,6.195408690126301,38.6,26.4,False,,,,,,False,False,1,,False,0,,False,0,,ALTLINE_NB_v1_2026-01-18,,,,league_avg,2.3,,,,,,,,,exp/fallback,0.253,,,,,,,,,exp/fallback,0.178,,,,,,,,,exp/fallback,0.21,,,,,,,,,exp/fallback,0.15375,,,,,,,,2026-09-24-frozen-v2,[],2025-2026
2026-09-29,CHI@VGK,,9:30 PM,2026-09-30T02:30:00Z,Oliver Moore,8484197,CHI,C,,Healthy,Unknown,,,0,0.0,,VGK,Akira Schmid,0.8925410872313527,2.5943856138774195,48.8,,moneypuck_team_proxy,21.25,4,21.25,4,,56.9,58.4,A1+A2,12.88,33.3,52.7,1.01,NONE,False,False,23.53719609781112,2.168816399449161,14.3,4.2,9,2.25,True,,,,,50.0,,,,,,,,,,,,,,,,,,,,,,,,,,,,,,,,,,,,,,,,1.4966592427616927,0.3207126948775056,,,0.0,2.110930465732193,1.998905475419135,50.0,4.2,62.9,4.2,4.3,1.47,,,,,COOL,COOL,COOL,2.83,,COOL,Red,Red,Red,Red,48,40,44,44,POINTS,48,,,,,,,C,Passenger,7.8,,17.7,,0,1.0090000000000001,50.45,1.0090000000000001,0.07834661973289161,7.8,7.8,4.459861248761149,1.4271555996035676,3.567888999008919,6.805363673303535,6.308402585410895,17.7,63.6,False,,,,,,False,False,0,,False,0,,False,0,,ALTLINE_NB_v1_2026-01-18,,,,league_avg,2.3,,,,,,,,,exp/fallback,0.43,,,,,,,,,exp/fallback,0.28300000000000003,,,,,,,,,exp/fallback,0.23879999999999998,,,,,,,,,exp/fallback,0.20055,,,,,,,,2026-09-24-frozen-v2,[],2025-2026
2026-09-29,NYR@BOS,,7:00 PM,2026-09-30T00:00:00Z,Riley Tufte,8479362,BOS,L,,Healthy,Unknown,,,0,0.0,,NYR,Igor Shesterkin,0.911578947368421,2.4998208902580834,20.0,,moneypuck_team_proxy,24.5,4,24.5,4,,15.3,6.9,A1+A2,11.67,22.9,13.9,0.94,NONE,False,False,25.711828421616815,2.3918432128567453,64.8,43.3,10,2.5,True,,,,,50.0,,,,,,,,,,,,,,,,,,,,,,,,,,,,,,,,,,,,,,,,0.0,0.0,,,0.0,2.398134962935236,2.2409738553050214,50.0,25.1,27.9,25.1,1.08,1.08,,,,,COOL,COOL,COOL,0.0,,COOL,Red,Red,Red,Red,17,20,19,11,SOG,20,,,,,,,C,Passenger,11.0,,68.0,,0,1.2833333333333334,5.133333333333334,1.2833333333333334,0.10996072831131741,11.0,11.0,3.7402597402597397,3.7402597402597397,0.0,7.852567975830816,7.578865779615037,68.0,55.1,False,,,,,,False,False,0,,False,0,,False,0,,ALTLINE_NB_v1_2026-01-18,,,,league_avg,2.3,,,,,,,,,exp/fallback,0.10800000000000001,,,,,,,,,league_avg,0.35,,,,,,,,,exp/fallback,0.2232,,,,,,,,,exp/fallback,0.17520000000000002,,,,,,,,2026-09-24-frozen-v2,[],2025-2026
2026-09-29,CHI@VGK,,9:30 PM,2026-09-30T02:30:00Z,Alexander Holtz,8482125,VGK,R,,Healthy,Unknown,,,0,0.0,,CHI,Spencer Knight,0.9019987105093488,2.822524488185321,42.3,,moneypuck_team_proxy,28.75,4,28.75,4,,45.1,37.3,A1+A2,11.48,21.9,37.7,0.95,NONE,False,False,26.819846846450986,2.5171828375350027,74.7,74.7,13,3.25,True,,,,,50.0,,,,,,,,,,,,,,,,,,,,,,,,,,,,,,,,,,,,,,,,1.7653789571187273,0.39230643491527273,,,0.0,2.941628448429158,2.9328448015615374,50.0,95.3,66.9,95.3,3.56,1.52,,,,,COOL,COOL,COOL,2.04,,COOL,Red,Red,Red,Red,45,47,45,44,SOG,47,,,,,,,C,Passenger,3.8,,73.4,,0,0.43809523809523815,12.266666666666667,0.43809523809523815,0.038158440481128174,3.8,3.8,0.6358695652173912,0.6358695652173912,0.0,8.262546073149986,7.431258595448294,73.4,49.1,False,,,,,,False,False,0,,False,0,,False,0,,ALTLINE_NB_v1_2026-01-18,,,,league_avg,2.3,,,,,,,,,exp/fallback,0.356,,,,,,,,,exp/fallback,0.20400000000000001,,,,,,,,,exp/fallback,0.2408,,,,,,,,,exp/fallback,0.20379999999999998,,,,,,,,2026-09-24-frozen-v2,[],2025-2026
2026-09-29,NYR@BOS,,7:00 PM,2026-09-30T00:00:00Z,Michael Callahan,8480828,BOS,D,,Healthy,Unknown,,,0,0.0,,NYR,Igor Shesterkin,0.911578947368421,2.4998208902580834,20.0,,moneypuck_team_proxy,24.5,4,24.5,4,,7.0,6.9,A1+A2,12.99,34.0,12.4,0.94,NONE,False,False,25.711828421616815,2.3918432128567453,64.8,43.3,10,2.5,True,,,,,50.0,,,,,,,,,,,,,,,,,,,,,,,,,,,,,,,,,,,,,,,,0.0,0.0,,,0.0,2.398134962935236,2.2409738553050214,50.0,25.1,27.9,25.1,0.23,0.23,,,,,COOL,COOL,COOL,0.0,,COOL,Red,Red,Red,Red,18,16,15,11,POINTS,18,,,,,,,C,Passenger,0.1,,68.0,,0,0.016666666666666666,0.08333333333333333,0.016666666666666666,0.0012830382345393892,0.1,0.1,0.0,0.0,0.0,7.852567975830816,7.578865779615037,68.0,28.3,False,,,,,,False,False,0,,False,0,,False,0,,ALTLINE_NB_v1_2026-01-18,,,,league_avg,2.3,,,,,,,,,exp/fallback,0.023,,,,,,,,,league_avg,0.35,,,,,,,,,exp/fallback,0.18919999999999998,,,,,,,,,exp/fallback,0.11995,,,,,,,,2026-09-24-frozen-v2,[],2025-2026
2026-09-29,VAN@EDM,,9:00 PM,2026-09-30T02:00:00Z,Josh Samanski,8484509,EDM,C,,Healthy,Unknown,,,0,0.0,,VAN,Kevin Lankinen,0.8754863813229572,3.7032036569136113,97.3,,moneypuck_team_proxy,27.75,4,27.75,4,,24.1,24.0,A1+A2,10.56,14.1,22.1,0.94,NONE,False,False,27.51428261280349,2.6375211575650606,84.7,84.7,13,3.25,True,,,,,50.0,,,,,,,,,,,,,,,,,,,,,,,,,,,,,,,,,,,,,,,,0.9944064636420137,0.24860161591050342,,,0.0,2.8103479152760364,2.5495335623463524,50.0,72.1,50.4,72.1,1.27,0.48,,,,,COOL,COOL,COOL,0.78,,COOL,Red,Red,Red,Red,38,32,35,33,POINTS,38,,,,,,,C,Passenger,0.0,,97.2,,0,0.0,0.0,0.0,0.0,0.0,0.0,0.0,,,9.539183194819762,8.332820945108345,97.2,22.4,False,,,,,,False,False,1,,False,0,,False,0,,ALTLINE_NB_v1_2026-01-18,,,,league_avg,2.3,,,,,,,,,exp/fallback,0.127,,,,,,,,,exp/fallback,0.078,,,,,,,,,exp/fallback,0.1992,,,,,,,,,exp/fallback,0.1362,,,,,,,,2026-09-24-frozen-v2,[],2025-2026
2026-09-29,CHI@VGK,,9:30 PM,2026-09-30T02:30:00Z,Tomas Hertl,8476881,VGK,C,,Healthy,Unknown,,,0,0.0,,CHI,Spencer Knight,0.9019987105093488,2.822524488185321,42.3,,moneypuck_team_proxy,28.75,4,28.75,4,12.9,99.1,89.1,A1+A2,17.03,68.4,89.5,1.16,NONE,False,False,26.819846846450986,2.5171828375350027,74.7,74.7,13,3.25,True,2.0,2.125,2.0,2.0,68.7,8.0,3.0,20.0,1.0,3.0,5.0,13.0,14.0,8.0,9.0,34.0,39.0,GOOD,0.8,,OK,0.65,,LOW,0.35,,OK,0.5,,LOW,0.4,,LOW,0.225,,LOW,2.0,,LOW,1.7,,LOW,0.975,,1.270554263254993,0.5197721986043153,,,5.0,2.941628448429158,2.9328448015615374,50.0,95.3,56.3,95.3,10.81,5.52,22.0,1.83,2.02,0.0,WARM,WARM,COOL,5.28,-0.2,COOL,Yellow,Red,Green,Yellow,73,84,84,75,SOG,84,1.0,1.0,3.0,0.0,4.0,1.0,A,Hybrid,19.4,,73.4,,2,3.3036585365853655,270.9,3.3036585365853655,0.19394561313494096,19.4,19.4,4.368770764119601,2.39202657807309,2.3255813953488373,8.262546073149986,7.431258595448294,73.4,85.2,True,,,,🎯 D:0,,False,False,2,,False,0,,False,0,,ALTLINE_NB_v1_2026-01-18,,,,exp/fallback,2.2,,,,,,,,,exp/fallback,1.081,,,,,,,,,exp/fallback,0.528,,,,,,,,,exp/fallback,0.4008,,,,,,,,,exp/fallback,0.46379999999999993,,,,,,12.9,,2026-09-24-frozen-v2,[],2025-2026
2026-09-29,NYR@BOS,,7:00 PM,2026-09-30T00:00:00Z,Drew Fortescue,8484169,NYR,D,,Healthy,Unknown,,,0,0.0,,BOS,Jeremy Swayman,0.9071246819338422,2.707645389120994,32.0,,moneypuck_team_proxy,29.0,4,29.0,4,,9.0,24.0,A1+A2,14.84,50.2,22.5,0.94,NONE,False,False,23.53754892467431,2.2585501208368255,23.4,33.2,15,3.75,True,,,,,50.0,,,,,,,,,,,,,,,,,,,,,,,,,,,,,,,,,,,,,,,,0.01524003048006096,0.00762001524003048,,,0.0,2.666162545755205,2.6773806209827864,50.0,65.3,32.2,65.3,2.26,0.17,,,,,COOL,COOL,COOL,2.09,,COOL,Red,Red,Red,Red,34,25,22,27,POINTS,34,,,,,,,C,Passenger,1.2,,61.4,,0,0.17222222222222222,1.55,0.17222222222222222,0.011603243917654398,1.2,1.2,0.0,0.0,0.0,8.75699777062175,6.692271808427927,61.4,35.4,False,,,,,,False,False,0,,False,0,,False,0,,ALTLINE_NB_v1_2026-01-18,,,,league_avg,2.3,,,,,,,,,exp/fallback,0.22599999999999998,,,,,,,,,exp/fallback,0.209,,,,,,,,,exp/fallback,0.1868,,,,,,,,,exp/fallback,0.11605,,,,,,,,2026-09-24-frozen-v2,[],2025-2026
2026-09-29,FLA@CAR,,4:00 PM,2026-09-29T21:00:00Z,Luke Kunin,8479316,FLA,C,,Healthy,Unknown,,,0,0.0,,CAR,Brandon Bussi,0.893640350877193,2.4652486074734026,43.7,,moneypuck_team_proxy,29.25,4,29.25,4,,52.4,37.3,A1+A2,9.68,10.4,38.7,0.96,NONE,False,False,25.61660448155363,2.480733882928602,53.9,64.0,15,3.75,True,,,,,50.0,,,,,,,,,,,,,,,,,,,,,,,,,,,,,,,,,,,,,,,,1.125070316894806,0.6750421901368836,,,0.0,2.310074668039872,2.1627983962923456,50.0,14.1,52.9,14.1,1.86,0.94,,,,,COOL,COOL,COOL,0.92,,COOL,Red,Red,Red,Red,35,37,41,31,GOAL,41,,,,,,,C,Passenger,0.5,,62.5,,0,0.04381720430107527,2.716666666666667,0.04381720430107527,0.004526520410996946,0.5,0.5,0.8834355828220859,0.8834355828220859,0.0,8.328119961302805,6.917211529606778,62.5,33.7,False,,,,,,False,False,0,,False,0,,False,0,,ALTLINE_NB_v1_2026-01-18,,,,league_avg,2.3,,,,,,,,,exp/fallback,0.186,,,,,,,,,exp/fallback,0.092,,,,,,,,,exp/fallback,0.2176,,,,,,,,,exp/fallback,0.1661,,,,,,,,2026-09-24-frozen-v2,[],2025-2026
2026-09-29,FLA@CAR,,4:00 PM,2026-09-29T21:00:00Z,Matthew Tkachuk,8479314,FLA,L,,Healthy,Unknown,,,0,0.0,,CAR,Brandon Bussi,0.893640350877193,2.4652486074734026,43.7,,moneypuck_team_proxy,29.25,4,29.25,4,13.0,76.2,72.9,A1+A2,18.3,77.1,75.2,1.1,NONE,False,False,25.61660448155363,2.480733882928602,53.9,64.0,15,3.75,True,3.0,2.5,2.0,2.6500000000000004,90.7,11.0,4.0,25.0,1.0,6.0,7.0,25.0,34.0,16.0,21.0,56.0,88.0,STRONG,1.1,,ELITE,1.25,,GOOD,0.85,,GOOD,0.7,,STRONG,0.8,,OK,0.525,,OK,2.5,,OK,2.8,,LOW,2.2,,2.2792022792022792,0.8547008547008547,,,7.0,2.310074668039872,2.1627983962923456,50.0,14.1,72.3,14.1,13.98,5.78,29.15,1.71,1.25,1.5,WARM,COOL,WARM,8.21,0.46,COOL,Yellow,Yellow,Red,Yellow,59,64,68,63,GOAL,68,0.0,0.0,4.0,1.0,2.0,4.0,B,Hybrid,17.9,,62.5,ON,1,3.281182795698925,101.71666666666667,3.281182795698925,0.1792732720383045,17.9,17.9,6.3131246927740445,3.1794199573980007,3.6867114533835816,8.328119961302805,6.917211529606778,62.5,84.3,True,,,,🥅 D:4,,False,False,1,,False,0,,False,0,,ALTLINE_NB_v1_2026-01-18,,,,exp/fallback,2.915,,,,,,,,,exp/fallback,1.3980000000000001,,,,,,,,,exp/fallback,0.8210000000000001,,,,,,,,,exp/fallback,0.4112,,,,,,,,,exp/fallback,0.4807,,,,,,13.0,,2026-09-24-frozen-v2,[],2025-2026
2026-09-29,VAN@EDM,,9:00 PM,2026-09-30T02:00:00Z,Ty Emberson,8480834,EDM,D,,Healthy,Unknown,,,0,0.0,,VAN,Kevin Lankinen,0.8754863813229572,3.7032036569136113,97.3,,moneypuck_team_proxy,27.75,4,27.75,4,,24.8,49.3,A1+A2,15.52,57.6,39.9,0.96,NONE,False,False,27.51428261280349,2.6375211575650606,84.7,84.7,13,3.25,True,,,,,50.0,,,,,,,,,,,,,,,,,,,,,,,,,,,,,,,,,,,,,,,,0.7074081351935547,0.17685203379838868,,,0.0,2.8103479152760364,2.5495335623463524,50.0,72.1,42.8,72.1,1.51,0.17,,,,,COOL,COOL,COOL,1.33,,COOL,Red,Red,Red,Red,55,36,37,47,POINTS,55,,,,,,,C,Passenger,0.1,,97.2,,0,0.0125,0.9,0.0125,0.0008053931511752774,0.1,0.1,0.0,0.0,0.0,9.539183194819762,8.332820945108345,97.2,36.2,False,,,,,,False,False,1,,False,0,,False,0,,ALTLINE_NB_v1_2026-01-18,,,,league_avg,2.3,,,,,,,,,exp/fallback,0.151,,,,,,,,,exp/fallback,0.133,,,,,,,,,exp/fallback,0.1868,,,,,,,,,exp/fallback,0.11605,,,,,,,,2026-09-24-frozen-v2,[],2025-2026
2026-09-29,MTL@TOR,,6:00 PM,2026-09-29T23:00:00Z,Owen Beck,8483424,MTL,C,,Healthy,Unknown,,,0,0.0,,TOR,Joseph Woll,0.8984438984438985,3.33622313234283,61.6,,moneypuck_team_proxy,23.5,4,23.5,4,,27.0,6.9,A1+A2,9.19,7.7,16.1,0.94,NONE,False,False,24.46043165467626,2.406324940047962,43.1,53.2,18,3.6,True,,,,,50.0,,,,,,,,,,,,,,,,,,,,,,,,,,,,,,,,,,,,,,,,0.00725777186403774,0.0,,,0.0,2.674871645486655,2.417798492517205,50.0,57.7,30.9,57.7,1.02,1.02,,,,,COOL,COOL,COOL,0.0,,COOL,Red,Red,Red,Red,22,30,35,17,GOAL,35,,,,,,,C,Passenger,0.0,,72.7,,0,0.0033333333333333335,0.05,0.0033333333333333335,0.0003627569528415961,0.0,0.0,0.0,0.0,0.0,7.76794133053955,7.933755914650478,72.7,25.3,False,,,,,,False,False,0,,False,0,,False,0,,ALTLINE_NB_v1_2026-01-18,,,,league_avg,2.3,,,,,,,,,exp/fallback,0.10200000000000001,,,,,,,,,league_avg,0.35,,,,,,,,,exp/fallback,0.2208,,,,,,,,,exp/fallback,0.1713,,,,,,,,2026-09-24-frozen-v2,[],2025-2026
2026-09-29,MTL@TOR,,6:00 PM,2026-09-29T23:00:00Z,Michael Pezzetta,8479543,TOR,L,,Healthy,Unknown,,,0,0.0,,MTL,Jakub Dobes,0.9014321819713563,2.7795558781799583,41.8,,moneypuck_team_proxy,24.8,5,24.8,5,,14.5,6.9,A1+A2,6.47,0.3,9.0,0.94,NONE,False,False,24.25081018097076,2.2433091796234934,33.3,23.2,14,3.5,True,,,,,50.0,,,,,,,,,,,,,,,,,,,,,,,,,,,,,,,,,,,,,,,,0.0,0.0,,,0.0,2.6185551558753,2.697841726618705,50.0,57.7,27.9,68.7,0.43,0.43,,,,,COOL,COOL,COOL,0.0,,COOL,Red,Red,Red,Red,20,23,23,14,SOG,23,,,,,,,C,Passenger,0.9,,49.8,,0,0.05925925925925926,0.5333333333333333,0.05925925925925926,0.009155937052932762,0.9,0.9,0.0,0.0,0.0,7.0393554384877595,7.875,49.8,31.9,False,,,,,,False,False,0,,False,0,,False,0,,ALTLINE_NB_v1_2026-01-18,,,,league_avg,2.3,,,,,,,,,exp/fallback,0.043,,,,,,,,,league_avg,0.35,,,,,,,,,exp/fallback,0.1972,,,,,,,,,exp/fallback,0.13294999999999998,,,,,,,,2026-09-24-frozen-v2,[],2025-2026
2026-09-29,FLA@CAR,,4:00 PM,2026-09-29T21:00:00Z,Vinnie Hinostroza,8476994,FLA,C,,Healthy,Unknown,,,0,0.0,,CAR,Brandon Bussi,0.893640350877193,2.4652486074734026,43.7,,moneypuck_team_proxy,29.25,4,29.25,4,,55.0,54.3,A1+A2,10.94,18.9,47.5,0.99,NONE,False,False,25.61660448155363,2.480733882928602,53.9,64.0,15,3.75,True,,,,,50.0,,,,,,,,,,,,,,,,,,,,,,,,,,,,,,,,,,,,,,,,1.3435843845637083,0.26871687691274165,,,0.0,2.310074668039872,2.1627983962923456,50.0,14.1,58.0,14.1,2.82,0.99,,,,,COOL,COOL,COOL,1.83,,COOL,Red,Red,Red,Red,45,39,43,41,POINTS,45,,,,,,,C,Passenger,4.3,,62.5,,0,0.47384615384615386,30.8,0.47384615384615386,0.043322315212040226,4.3,4.3,3.4042207792207795,0.5064935064935066,3.409090909090909,8.328119961302805,6.917211529606778,62.5,65.5,False,,,,,,False,False,0,,False,0,,False,0,,ALTLINE_NB_v1_2026-01-18,,,,league_avg,2.3,,,,,,,,,exp/fallback,0.282,,,,,,,,,exp/fallback,0.183,,,,,,,,,exp/fallback,0.2196,,,,,,,,,exp/fallback,0.16935,,,,,,,,2026-09-24-frozen-v2,[],2025-2026
2026-09-29,FLA@CAR,,4:00 PM,2026-09-29T21:00:00Z,Logan Stankoven,8482702,CAR,C,,Healthy,Unknown,,,0,0.0,,FLA,Sergei Bobrovsky,0.8768,3.0701244330736133,79.5,,moneypuck_team_proxy,25.0,4,25.0,4,6.4,92.0,76.4,A1+A2,15.45,56.6,79.5,1.12,NONE,False,False,30.49987126200022,2.976863942325376,94.9,94.9,18,4.5,True,1.5,1.875,1.4,1.465,46.3,8.0,4.0,22.0,2.0,2.0,4.0,16.0,16.0,5.0,5.0,55.0,55.0,GOOD,0.8,,GOOD,0.8,,LOW,0.4,,LOW,0.4,,LOW,0.25,,LOW,0.125,,LOW,2.2,,OK,2.75,,LOW,1.375,,1.697725716893588,0.3833574199437134,,,4.0,2.5561842144182134,2.6924815874317054,50.0,58.6,65.6,58.6,6.47,3.3,14.65,-1.53,-0.7,-7.35,COOL,COOL,COOL,3.17,-0.83,COOL,Yellow,Red,Red,Yellow,59,69,77,67,GOAL,77,0.0,0.0,2.0,2.0,0.0,10.0,B,Hybrid,9.8,,38.6,,1,1.5213991769547326,123.23333333333333,1.5213991769547326,0.0984711272107394,9.8,9.8,3.668650256965107,1.8063294563159318,2.190965647822559,7.6757302031271495,6.195408690126301,38.6,61.3,False,,,,🥅 D:2,🥅 GOAL EARNED,False,True,3,"iXG,REG,G",False,0,,False,0,,ALTLINE_NB_v1_2026-01-18,,,,exp/fallback,1.465,,,,,,,,,exp/fallback,0.647,,,,,,,,,exp/fallback,0.317,,,,,,,,,exp/fallback,0.23399999999999996,,,,,,,,,exp/fallback,0.23962499999999998,,,,,,6.4,,2026-09-24-frozen-v2,[],2025-2026
2026-09-29,NYR@BOS,,7:00 PM,2026-09-30T00:00:00Z,Pavel Zacha,8478401,BOS,C,,Healthy,Unknown,,,0,0.0,,NYR,Igor Shesterkin,0.911578947368421,2.4998208902580834,20.0,,moneypuck_team_proxy,24.5,4,24.5,4,5.0,91.3,89.9,A1+A2,16.85,65.3,85.6,1.14,NONE,False,False,25.711828421616815,2.3918432128567453,64.8,43.3,10,2.5,True,1.0,1.25,2.0,1.35,40.2,3.0,1.0,11.0,1.0,1.0,2.0,3.0,3.0,2.0,2.0,11.0,11.0,LOW,0.3,,LOW,0.15,,LOW,0.075,,LOW,0.2,,LOW,0.1,,LOW,0.05,,LOW,1.1,,LOW,0.55,,LOW,0.275,,2.314549340561956,0.6255538758275556,,,2.0,2.398134962935236,2.2409738553050214,50.0,25.1,72.5,25.1,9.36,3.73,14.85,5.51,2.39,2.5,HOT,WARM,HOT,5.63,3.12,HOT,Yellow,Red,Red,Yellow,74,65,69,72,POINTS,74,0.0,0.0,4.0,3.0,2.0,4.0,A,Hybrid,16.4,,68.0,,2,2.7645299145299145,215.63333333333333,2.7645299145299145,0.1641045154743785,16.4,16.4,4.4200030916679545,2.6461586025660844,2.086875869531612,7.852567975830816,7.578865779615037,68.0,77.1,False,,,,🅿️ D:0,,False,False,1,,False,0,,False,0,,ALTLINE_NB_v1_2026-01-18,,,,exp/fallback,1.4849999999999999,,,,,,,,,exp/fallback,0.9359999999999999,,,,,,,,,exp/fallback,0.563,,,,,,,,,exp/fallback,0.2469,,,,,,,,,exp/fallback,0.26058749999999997,,,,,,5.0,,2026-09-24-frozen-v2,[],2025-2026
2026-09-29,CHI@VGK,,9:30 PM,2026-09-30T02:30:00Z,Rasmus Andersson,8478397,VGK,D,,Healthy,Unknown,,,0,0.0,,CHI,Spencer Knight,0.9019987105093488,2.822524488185321,42.3,,moneypuck_team_proxy,28.75,4,28.75,4,6.5,72.3,85.3,A1+A2,23.2,97.3,81.9,1.13,NONE,False,False,26.819846846450986,2.5171828375350027,74.7,74.7,13,3.25,True,1.0,1.125,2.0,1.35,40.2,3.0,0.0,13.0,0.0,1.0,3.0,6.0,6.0,6.0,6.0,31.0,34.0,LOW,0.3,,LOW,0.3,,LOW,0.15,,LOW,0.3,,LOW,0.3,,LOW,0.15,,LOW,1.3,,LOW,1.55,,LOW,0.85,,1.2767271853656863,0.7413254624703984,,,3.0,2.941628448429158,2.9328448015615374,50.0,95.3,56.8,95.3,6.56,1.79,14.85,2.96,1.79,0.5,HOT,WARM,COOL,4.59,1.17,COOL,Yellow,Red,Red,Yellow,78,66,69,75,POINTS,78,2.0,2.0,10.0,1.0,0.0,10.0,B,Hybrid,8.1,,73.4,,1,1.887037037037037,152.85,1.887037037037037,0.08133203263568642,8.1,8.1,2.5731108930323847,1.405299313052012,1.3738959764474976,8.262546073149986,7.431258595448294,73.4,68.1,False,,,,🅿️ D:2,,False,False,1,,False,0,,False,0,,ALTLINE_NB_v1_2026-01-18,,,,exp/fallback,1.4849999999999999,,,,,,,,,exp/fallback,0.6559999999999999,,,,,,,,,exp/fallback,0.45899999999999996,,,,,,,,,exp/fallback,0.18869999999999998,,,,,,,,,exp/fallback,0.1660125,,,,,,6.5,,2026-09-24-frozen-v2,[],2025-2026
2026-09-29,VAN@EDM,,9:00 PM,2026-09-30T02:00:00Z,Jake Walman,8478013,EDM,D,,Healthy,Unknown,,,0,0.0,,VAN,Kevin Lankinen,0.8754863813229572,3.7032036569136113,97.3,,moneypuck_team_proxy,27.75,4,27.75,4,,46.1,54.3,A1+A2,18.75,78.8,55.5,1.02,NONE,False,False,27.51428261280349,2.6375211575650606,84.7,84.7,13,3.25,True,,,,,50.0,,,,,,,,,,,,,,,,,,,,,,,,,,,,,,,,,,,,,,,,1.022436807725078,0.40897472309003124,,,0.0,2.8103479152760364,2.5495335623463524,50.0,72.1,51.3,72.1,3.22,0.91,,,,,COOL,COOL,COOL,2.31,,COOL,Red,Red,Red,Red,60,49,51,55,POINTS,60,,,,,,,C,Passenger,3.6,,97.2,,0,0.6657232704402516,35.28333333333333,0.6657232704402516,0.035504050178610365,3.6,3.6,1.6962683042040623,0.6121870571563534,1.2753897024090695,9.539183194819762,8.332820945108345,97.2,64.1,False,,,,,,False,False,1,,False,0,,False,0,,ALTLINE_NB_v1_2026-01-18,,,,league_avg,2.3,,,,,,,,,exp/fallback,0.322,,,,,,,,,exp/fallback,0.231,,,,,,,,,exp/fallback,0.21639999999999998,,,,,,,,,exp/fallback,0.16415,,,,,,,,2026-09-24-frozen-v2,[],2025-2026
2026-09-29,FLA@CAR,,4:00 PM,2026-09-29T21:00:00Z,Shayne Gostisbehere,8476906,CAR,D,,Healthy,Unknown,,,0,0.0,,FLA,Sergei Bobrovsky,0.8768,3.0701244330736133,79.5,,moneypuck_team_proxy,25.0,4,25.0,4,4.3,63.9,91.3,A1+A2,19.23,82.2,77.1,1.11,NONE,False,False,30.49987126200022,2.976863942325376,94.9,94.9,18,4.5,True,1.0,1.125,0.8,0.9299999999999999,15.9,10.0,3.0,11.0,0.0,5.0,7.0,12.0,12.0,9.0,9.0,26.0,26.0,STRONG,1.0,,OK,0.6,,LOW,0.3,,GOOD,0.7,,OK,0.45,,LOW,0.225,,LOW,1.1,,LOW,1.3,,LOW,0.65,,1.8308068459657703,0.7745721271393643,,,7.0,2.5561842144182134,2.6924815874317054,50.0,58.6,67.9,58.6,10.25,1.86,9.3,-0.68,-1.14,-1.7,COOL,COOL,COOL,8.21,0.46,COOL,Green,Red,Red,Green,70,50,60,78,ASSISTS,78,1.0,1.0,5.0,0.0,7.0,1.0,B,Distributor,15.4,,38.6,,1,2.9615151515151514,162.88333333333333,2.9615151515151514,0.1539855357902532,15.4,15.4,3.8659572291005833,1.2045431290289574,3.131075411848972,7.6757302031271495,6.195408690126301,38.6,72.4,False,,,,🅰️ D:1,,False,False,2,,False,0,,False,0,,ALTLINE_NB_v1_2026-01-18,,,,exp/fallback,0.93,,,,,,,,,exp/fallback,1.025,,,,,,,,,exp/fallback,0.8210000000000001,,,,,,,,,exp/fallback,0.19080000000000003,,,,,,,,,exp/fallback,0.169425,,,,,,4.3,,2026-09-24-frozen-v2,[],2025-2026
2026-09-29,MTL@TOR,,6:00 PM,2026-09-29T23:00:00Z,Philippe Myers,8479026,TOR,D,,Healthy,Unknown,,,0,0.0,,MTL,Jakub Dobes,0.9014321819713563,2.7795558781799583,41.8,,moneypuck_team_proxy,24.8,5,24.8,5,,25.6,24.0,A1+A2,14.54,46.1,29.2,0.94,NONE,False,False,24.25081018097076,2.2433091796234934,33.3,23.2,14,3.5,True,,,,,50.0,,,,,,,,,,,,,,,,,,,,,,,,,,,,,,,,,,,,,,,,0.22937971900984422,0.11468985950492211,,,0.0,2.6185551558753,2.697841726618705,50.0,57.7,37.5,68.7,0.84,0.35,,,,,COOL,COOL,COOL,0.48,,COOL,Red,Red,Red,Red,34,33,31,29,POINTS,34,,,,,,,C,Passenger,0.0,,49.8,,0,0.004700854700854701,0.18333333333333332,0.004700854700854701,0.0003232346977755576,0.0,0.0,3.272727272727273,3.272727272727273,0.0,7.0393554384877595,7.875,49.8,16.9,False,,,,,,False,False,0,,False,0,,False,0,,ALTLINE_NB_v1_2026-01-18,,,,league_avg,2.3,,,,,,,,,exp/fallback,0.08399999999999999,,,,,,,,,exp/fallback,0.048,,,,,,,,,exp/fallback,0.194,,,,,,,,,exp/fallback,0.12775,,,,,,,,2026-09-24-frozen-v2,[],2025-2026
2026-09-29,NYR@BOS,,7:00 PM,2026-09-30T00:00:00Z,Vincent Trocheck,8476389,NYR,C,,Healthy,Unknown,,,0,0.0,,BOS,Jeremy Swayman,0.9071246819338422,2.707645389120994,32.0,,moneypuck_team_proxy,29.0,4,29.0,4,4.0,79.0,91.3,A1+A2,20.55,88.2,85.2,1.14,NONE,False,False,23.53754892467431,2.2585501208368255,23.4,33.2,15,3.75,True,0.5,1.0,1.8,0.9550000000000001,19.6,5.0,1.0,12.0,1.0,2.0,4.0,13.0,32.0,9.0,24.0,31.0,67.0,LOW,0.5,,OK,0.65,,GOOD,0.8,,LOW,0.4,,OK,0.45,,GOOD,0.6,,LOW,1.2,,LOW,1.55,,LOW,1.675,,1.6501706194930648,0.6722917338675449,,,4.0,2.666162545755205,2.6773806209827864,50.0,65.3,65.1,65.3,9.91,2.98,10.5,4.01,1.71,-2.45,HOT,WARM,COOL,6.93,2.3,WARM,Green,Red,Red,Yellow,83,60,65,76,POINTS,83,3.0,3.0,4.0,1.0,1.0,3.0,A,Distributor,13.9,,61.4,,2,2.8661691542288557,192.03333333333333,2.8661691542288557,0.13946451050643943,13.9,13.9,4.346120465197014,1.4247526471098768,3.436903315396633,8.75699777062175,6.692271808427927,61.4,75.5,False,,,,🅿️ D:3,,False,False,1,,False,0,,False,0,,ALTLINE_NB_v1_2026-01-18,,,,exp/fallback,1.05,,,,,,,,,exp/fallback,0.991,,,,,,,,,exp/fallback,0.693,,,,,,,,,exp/fallback,0.22440000000000002,,,,,,,,,exp/fallback,0.22402500000000003,,,,,,4.0,,2026-09-24-frozen-v2,[],2025-2026
2026-09-29,VAN@EDM,,9:00 PM,2026-09-30T02:00:00Z,Jonathan Lekkerimki,8483476,VAN,R,,Healthy,Unknown,,,0,0.0,,EDM,Tristan Jarry,0.8822115384615384,3.3152597799223806,83.3,,moneypuck_team_proxy,22.25,4,22.25,4,,22.4,17.6,A1+A2,11.68,23.2,20.9,0.94,NONE,False,False,23.458639271933965,2.22263647167999,5.2,13.3,8,2.0,True,,,,,50.0,,,,,,,,,,,,,,,,,,,,,,,,,,,,,,,,,,,,,,,,0.023578726748755566,0.0,,,0.0,2.466443398236635,2.4605092289198285,50.0,39.5,33.9,39.5,1.49,0.77,,,,,COOL,COOL,COOL,0.72,,COOL,Red,Red,Red,Red,30,26,30,23,POINTS,30,,,,,,,C,Passenger,13.0,,88.0,,0,1.521794871794872,19.783333333333335,1.521794871794872,0.13031068174333077,13.0,13.0,0.3032855939342881,0.3032855939342881,0.0,7.968727923515283,8.893028671226896,88.0,62.7,False,,,,,,False,False,1,,False,0,,False,0,,ALTLINE_NB_v1_2026-01-18,,,,league_avg,2.3,,,,,,,,,exp/fallback,0.149,,,,,,,,,exp/fallback,0.072,,,,,,,,,exp/fallback,0.2108,,,,,,,,,exp/fallback,0.15505,,,,,,,,2026-09-24-frozen-v2,[],2025-2026
2026-09-29,CHI@VGK,,9:30 PM,2026-09-30T02:30:00Z,Keegan Kolesar,8478434,VGK,R,,Healthy,Unknown,,,0,0.0,,CHI,Spencer Knight,0.9019987105093488,2.822524488185321,42.3,,moneypuck_team_proxy,28.75,4,28.75,4,,56.4,51.9,A1+A2,11.54,22.6,48.1,0.99,NONE,False,False,26.819846846450986,2.5171828375350027,74.7,74.7,13,3.25,True,,,,,50.0,,,,,,,,,,,,,,,,,,,,,,,,,,,,,,,,,,,,,,,,1.0857681432610744,0.5428840716305372,,,0.0,2.941628448429158,2.9328448015615374,50.0,95.3,52.4,95.3,2.2,0.87,,,,,COOL,COOL,COOL,1.33,,COOL,Red,Red,Red,Red,51,54,52,49,SOG,54,,,,,,,C,Passenger,0.6,,73.4,,0,0.07317073170731707,6.0,0.07317073170731707,0.006342159505311558,0.6,0.6,0.0,0.0,0.0,8.262546073149986,7.431258595448294,73.4,40.7,False,,,,,,False,False,0,,False,0,,False,0,,ALTLINE_NB_v1_2026-01-18,,,,league_avg,2.3,,,,,,,,,exp/fallback,0.22000000000000003,,,,,,,,,exp/fallback,0.133,,,,,,,,,exp/fallback,0.2148,,,,,,,,,exp/fallback,0.16155,,,,,,,,2026-09-24-frozen-v2,[],2025-2026
2026-09-29,MTL@TOR,,6:00 PM,2026-09-29T23:00:00Z,David Reinbacher,8484220,MTL,D,,Healthy,Unknown,,,0,0.0,,TOR,Joseph Woll,0.8984438984438985,3.33622313234283,61.6,,moneypuck_team_proxy,23.5,4,23.5,4,,6.5,17.6,A1+A2,13.14,35.0,16.1,0.94,NONE,False,False,24.46043165467626,2.406324940047962,43.1,53.2,18,3.6,True,,,,,50.0,,,,,,,,,,,,,,,,,,,,,,,,,,,,,,,,,,,,,,,,0.04067796610169491,0.0,,,0.0,2.674871645486655,2.417798492517205,50.0,57.7,36.3,57.7,5.17,0.47,,,,,COOL,COOL,COOL,4.7,,COOL,Red,Red,Red,Red,31,22,21,24,POINTS,31,,,,,,,C,Passenger,0.0,,72.7,,0,0.0,0.0,0.0,0.0,0.0,0.0,0.0,,,7.76794133053955,7.933755914650478,72.7,16.5,False,,,,,,False,False,0,,False,0,,False,0,,ALTLINE_NB_v1_2026-01-18,,,,league_avg,2.3,,,,,,,,,exp/fallback,0.517,,,,,,,,,exp/fallback,0.47000000000000003,,,,,,,,,exp/fallback,0.1988,,,,,,,,,exp/fallback,0.13555,,,,,,,,2026-09-24-frozen-v2,[],2025-2026
2026-09-29,CHI@VGK,,9:30 PM,2026-09-30T02:30:00Z,Jaycob Megna,8477034,VGK,D,,Healthy,Unknown,,,0,0.0,,CHI,Spencer Knight,0.9019987105093488,2.822524488185321,42.3,,moneypuck_team_proxy,28.75,4,28.75,4,,2.8,6.9,A1+A2,10.62,15.2,6.7,0.94,NONE,False,False,26.819846846450986,2.5171828375350027,74.7,74.7,13,3.25,True,,,,,50.0,,,,,,,,,,,,,,,,,,,,,,,,,,,,,,,,,,,,,,,,0.0,0.0,,,0.0,2.941628448429158,2.9328448015615374,50.0,95.3,27.9,95.3,0.05,0.05,,,,,COOL,COOL,COOL,0.0,,COOL,Red,Red,Red,Red,25,24,20,19,POINTS,25,,,,,,,C,Passenger,0.0,,73.4,,0,0.0,0.0,0.0,0.0,0.0,0.0,0.0,,,8.262546073149986,7.431258595448294,73.4,18.4,False,,,,,,False,False,0,,False,0,,False,0,,ALTLINE_NB_v1_2026-01-18,,,,league_avg,2.3,,,,,,,,,exp/fallback,0.005,,,,,,,,,league_avg,0.35,,,,,,,,,exp/fallback,0.182,,,,,,,,,exp/fallback,0.10825,,,,,,,,2026-09-24-frozen-v2,[],2025-2026
2026-09-29,MTL@TOR,,6:00 PM,2026-09-29T23:00:00Z,Nick Suzuki,8480018,MTL,C,👑 ELITE,Healthy,Unknown,,,0,0.0,,TOR,Joseph Woll,0.8984438984438985,3.33622313234283,61.6,,moneypuck_team_proxy,23.5,4,23.5,4,12.9,96.5,99.6,A1+A2,20.82,89.9,96.3,1.26,ELITE,True,False,24.46043165467626,2.406324940047962,43.1,53.2,18,3.6,True,2.0,2.25,2.6,2.21,81.3,8.0,1.0,23.0,0.0,3.0,7.0,16.0,16.0,12.0,12.0,40.0,40.0,GOOD,0.8,,GOOD,0.8,,LOW,0.4,,GOOD,0.7,,GOOD,0.6,,LOW,0.3,,LOW,2.3,,LOW,2.0,,LOW,1.0,,2.162768343479654,1.1534764498558154,,,7.0,2.674871645486655,2.417798492517205,50.0,57.7,72.0,57.7,21.02,4.99,24.31,7.57,3.54,-0.9,HOT,HOT,COOL,14.89,4.03,HOT,Green,Green,Green,Green,99,81,89,97,POINTS,99,4.0,4.0,7.0,0.0,3.0,5.0,A,Distributor,16.2,,72.7,,2,3.3699186991869916,276.3333333333333,3.3699186991869916,0.16185557952692872,16.2,16.2,6.6376357056694815,1.6545235223160435,5.86248492159228,7.76794133053955,7.933755914650478,72.7,88.3,False,,,,🅿️ PTS D:4 | 🅿️ D:4,,False,False,2,,False,0,,False,0,,ALTLINE_NB_v1_2026-01-18,,,,exp/fallback,2.431,,,,,,,,,exp/fallback,2.102,,,,,,,,,exp/fallback,1.489,,,,,,,,,exp/fallback,0.3796,,,,,,,,,exp/fallback,0.42935,,,,,,12.9,,2026-09-24-frozen-v2,[],2025-2026
2026-09-29,MTL@TOR,,6:00 PM,2026-09-29T23:00:00Z,Alex Newhook,8481618,MTL,C,,Healthy,Unknown,,,0,0.0,,TOR,Joseph Woll,0.8984438984438985,3.33622313234283,61.6,,moneypuck_team_proxy,23.5,4,23.5,4,,58.1,54.3,A1+A2,14.48,44.8,54.1,1.02,NONE,False,False,24.46043165467626,2.406324940047962,43.1,53.2,18,3.6,True,,,,,50.0,,,,,,,,,,,,,,,,,,,,,,,,,,,,,,,,,,,,,,,,2.3863184409386187,0.9545273763754475,,,0.0,2.674871645486655,2.417798492517205,50.0,57.7,73.0,57.7,4.71,1.81,,,,,COOL,COOL,COOL,2.9,,COOL,Red,Red,Red,Red,55,50,52,53,POINTS,55,,,,,,,C,Passenger,6.9,,72.7,,0,0.9996031746031746,41.983333333333334,0.9996031746031746,0.06901180789567408,6.9,6.9,3.2977371973005156,2.3866613735609365,1.0718539102818578,7.76794133053955,7.933755914650478,72.7,61.9,False,,,,,,False,False,0,,False,0,,False,0,,ALTLINE_NB_v1_2026-01-18,,,,league_avg,2.3,,,,,,,,,exp/fallback,0.471,,,,,,,,,exp/fallback,0.29,,,,,,,,,exp/fallback,0.2524,,,,,,,,,exp/fallback,0.22265000000000001,,,,,,,,2026-09-24-frozen-v2,[],2025-2026
2026-09-29,NYR@BOS,,7:00 PM,2026-09-30T00:00:00Z,Georgii Merkulov,8483567,BOS,C,,Healthy,Unknown,,,0,0.0,,NYR,Igor Shesterkin,0.911578947368421,2.4998208902580834,20.0,,moneypuck_team_proxy,24.5,4,24.5,4,,2.0,6.9,A1+A2,10.58,14.5,6.2,0.94,NONE,False,False,25.711828421616815,2.3918432128567453,64.8,43.3,10,2.5,True,,,,,50.0,,,,,,,,,,,,,,,,,,,,,,,,,,,,,,,,,,,,,,,,0.0,0.0,,,0.0,2.398134962935236,2.2409738553050214,50.0,25.1,27.9,25.1,0.09,0.09,,,,,COOL,COOL,COOL,0.0,,COOL,Red,Red,Red,Red,16,12,11,9,POINTS,16,,,,,,,C,Passenger,0.0,,68.0,,0,0.0,0.0,0.0,0.0,0.0,0.0,0.0,,,7.852567975830816,7.578865779615037,68.0,14.5,False,,,,,,False,False,0,,False,0,,False,0,,ALTLINE_NB_v1_2026-01-18,,,,league_avg,2.3,,,,,,,,,exp/fallback,0.009,,,,,,,,,league_avg,0.35,,,,,,,,,exp/fallback,0.18359999999999999,,,,,,,,,exp/fallback,0.11084999999999999,,,,,,,,2026-09-24-frozen-v2,[],2025-2026
2026-09-29,MTL@TOR,,6:00 PM,2026-09-29T23:00:00Z,Morgan Rielly,8476853,TOR,D,,Healthy,Unknown,,,0,0.0,,MTL,Jakub Dobes,0.9014321819713563,2.7795558781799583,41.8,,moneypuck_team_proxy,24.8,5,24.8,5,7.7,61.9,79.4,A1+A2,21.14,91.9,74.0,1.1,NONE,False,False,24.25081018097076,2.2433091796234934,33.3,23.2,14,3.5,True,1.0,1.25,1.6,1.21,31.8,3.0,2.0,13.0,1.0,0.0,1.0,4.0,11.0,1.0,5.0,25.0,67.0,LOW,0.3,,LOW,0.2,,LOW,0.275,,LOW,0.1,,LOW,0.05,,LOW,0.125,,LOW,1.3,,LOW,1.25,,LOW,1.675,,1.1459213280934366,0.22036948617181473,,,1.0,2.6185551558753,2.697841726618705,50.0,57.7,53.5,68.7,4.69,1.18,12.1,1.69,-0.82,-0.9,WARM,COOL,COOL,3.86,2.51,HOT,Yellow,Red,Red,Yellow,68,54,55,73,ASSISTS,73,3.0,7.0,3.0,3.0,0.0,10.0,A,Distributor,10.5,,49.8,,2,2.229059829059829,173.86666666666667,2.229059829059829,0.10545895673271331,10.5,10.5,1.6158934049079754,0.6625766871165644,1.1215490797546013,7.0393554384877595,7.875,49.8,58.2,False,,,,🅰️ D:7,,False,False,1,,False,0,,False,0,,ALTLINE_NB_v1_2026-01-18,,,,exp/fallback,1.21,,,,,,,,,exp/fallback,0.46900000000000003,,,,,,,,,exp/fallback,0.386,,,,,,,,,exp/fallback,0.1704,,,,,,,,,exp/fallback,0.136275,,,,,,7.7,,2026-09-24-frozen-v2,[],2025-2026
2026-09-29,VAN@EDM,,9:00 PM,2026-09-30T02:00:00Z,Marco Rossi,8482079,VAN,C,,Healthy,Unknown,,,0,0.0,,EDM,Tristan Jarry,0.8822115384615384,3.3152597799223806,83.3,,moneypuck_team_proxy,22.25,4,22.25,4,6.5,62.9,76.4,A1+A2,17.48,71.4,69.3,1.08,NONE,False,False,23.458639271933965,2.22263647167999,5.2,13.3,8,2.0,True,1.0,1.25,1.0,1.0,22.4,7.0,3.0,13.0,2.0,2.0,4.0,17.0,25.0,11.0,15.0,24.0,48.0,OK,0.7,,GOOD,0.85,,OK,0.625,,LOW,0.4,,OK,0.55,,LOW,0.375,,LOW,1.3,,LOW,1.2,,LOW,1.2,,1.6553326395779386,0.43561385252051016,,,4.0,2.466443398236635,2.4605092289198285,50.0,39.5,65.2,39.5,6.86,1.91,10.0,-0.14,-1.09,-3.0,COOL,COOL,COOL,5.44,0.95,COOL,Yellow,Red,Red,Yellow,59,55,57,65,ASSISTS,65,1.0,1.0,2.0,7.0,4.0,2.0,B,Distributor,13.1,,88.0,,1,2.29,114.5,2.29,0.13104434907010012,13.1,13.1,4.110917030567686,0.32489082969432315,4.454148471615721,7.968727923515283,8.893028671226896,88.0,86.7,False,,,,🅰️ D:1,,False,False,2,,False,0,,False,0,,ALTLINE_NB_v1_2026-01-18,,,,exp/fallback,1.0,,,,,,,,,exp/fallback,0.686,,,,,,,,,exp/fallback,0.544,,,,,,,,,exp/fallback,0.19230000000000003,,,,,,,,,exp/fallback,0.17186250000000003,,,,,,6.5,,2026-09-24-frozen-v2,[],2025-2026
2026-09-29,VAN@EDM,,9:00 PM,2026-09-30T02:00:00Z,Victor Mancini,8483768,VAN,D,,Healthy,Unknown,,,0,0.0,,EDM,Tristan Jarry,0.8822115384615384,3.3152597799223806,83.3,,moneypuck_team_proxy,22.25,4,22.25,4,,15.5,28.5,A1+A2,13.73,40.1,24.9,0.94,NONE,False,False,23.458639271933965,2.22263647167999,5.2,13.3,8,2.0,True,,,,,50.0,,,,,,,,,,,,,,,,,,,,,,,,,,,,,,,,,,,,,,,,0.5694400506168934,0.5694400506168934,,,0.0,2.466443398236635,2.4605092289198285,50.0,39.5,40.5,39.5,1.36,0.18,,,,,COOL,COOL,COOL,1.17,,COOL,Red,Red,Red,Red,38,24,27,30,POINTS,38,,,,,,,C,Passenger,0.7,,88.0,,0,0.09791666666666667,2.35,0.09791666666666667,0.007129133380523814,0.7,0.7,1.0212765957446808,1.0212765957446808,0.0,7.968727923515283,8.893028671226896,88.0,43.3,False,,,,,,False,False,1,,False,0,,False,0,,ALTLINE_NB_v1_2026-01-18,,,,league_avg,2.3,,,,,,,,,exp/fallback,0.136,,,,,,,,,exp/fallback,0.11699999999999999,,,,,,,,,exp/fallback,0.1872,,,,,,,,,exp/fallback,0.1167,,,,,,,,2026-09-24-frozen-v2,[],2025-2026
2026-09-29,VAN@EDM,,9:00 PM,2026-09-30T02:00:00Z,Braeden Cootes,8485385,VAN,C,,Healthy,Unknown,,,0,0.0,,EDM,Tristan Jarry,0.8822115384615384,3.3152597799223806,83.3,,moneypuck_team_proxy,22.25,4,22.25,4,,0.8,6.9,A1+A2,10.78,17.2,6.2,0.94,NONE,False,False,23.458639271933965,2.22263647167999,5.2,13.3,8,2.0,True,,,,,50.0,,,,,,,,,,,,,,,,,,,,,,,,,,,,,,,,,,,,,,,,0.0,0.0,,,0.0,2.466443398236635,2.4605092289198285,50.0,39.5,27.9,39.5,0.0,0.0,,,,,COOL,COOL,COOL,0.0,,COOL,Red,Red,Red,Red,23,14,17,14,POINTS,23,,,,,,,C,Passenger,10.6,,88.0,,0,1.1388888888888888,3.4166666666666665,1.1388888888888888,0.1056701030927835,10.6,10.6,0.0,0.0,0.0,7.968727923515283,8.893028671226896,88.0,60.5,False,,,,,,False,False,1,,False,0,,False,0,,ALTLINE_NB_v1_2026-01-18,,,,league_avg,2.3,,,,,,,,,league_avg,0.6,,,,,,,,,league_avg,0.35,,,,,,,,,league_avg,0.3,,,,,,,,,league_avg,0.3,,,,,,,,2026-09-24-frozen-v2,[],2025-2026
2026-09-29,NYR@BOS,,7:00 PM,2026-09-30T00:00:00Z,Anton Blidh,8477320,NYR,L,,Healthy,Unknown,,,0,0.0,,BOS,Jeremy Swayman,0.9071246819338422,2.707645389120994,32.0,,moneypuck_team_proxy,29.0,4,29.0,4,,12.3,17.6,A1+A2,7.7,2.0,12.1,0.94,NONE,False,False,23.53754892467431,2.2585501208368255,23.4,33.2,15,3.75,True,,,,,50.0,,,,,,,,,,,,,,,,,,,,,,,,,,,,,,,,,,,,,,,,0.03244997295835587,0.0,,,0.0,2.666162545755205,2.6773806209827864,50.0,65.3,35.1,65.3,3.06,0.7,,,,,COOL,COOL,COOL,2.35,,COOL,Red,Red,Red,Red,26,23,21,20,POINTS,26,,,,,,,C,Passenger,0.0,,61.4,,0,0.0,0.0,0.0,0.0,0.0,0.0,0.0,,,8.75699777062175,6.692271808427927,61.4,10.1,False,,,,,,False,False,0,,False,0,,False,0,,ALTLINE_NB_v1_2026-01-18,,,,league_avg,2.3,,,,,,,,,exp/fallback,0.306,,,,,,,,,exp/fallback,0.23500000000000001,,,,,,,,,exp/fallback,0.208,,,,,,,,,exp/fallback,0.1505,,,,,,,,2026-09-24-frozen-v2,[],2025-2026
2026-09-29,MTL@TOR,,6:00 PM,2026-09-29T23:00:00Z,Easton Cowan,8484158,TOR,R,,Healthy,Unknown,,,0,0.0,,MTL,Jakub Dobes,0.9014321819713563,2.7795558781799583,41.8,,moneypuck_team_proxy,24.8,5,24.8,5,,67.1,68.0,A1+A2,14.71,48.8,63.8,1.06,NONE,False,False,24.25081018097076,2.2433091796234934,33.3,23.2,14,3.5,True,,,,,50.0,,,,,,,,,,,,,,,,,,,,,,,,,,,,,,,,,,,,,,,,1.4215202369200395,0.5686080947680158,,,0.0,2.6185551558753,2.697841726618705,50.0,57.7,60.5,68.7,4.53,1.65,,,,,COOL,COOL,COOL,2.88,,COOL,Red,Red,Red,Red,60,55,55,57,POINTS,60,,,,,,,B,Hybrid,10.2,,49.8,,1,1.5065656565656567,99.43333333333334,1.5065656565656567,0.10241005218346609,10.2,10.2,3.3519946362722086,1.5568219912839423,2.111967817633255,7.0393554384877595,7.875,49.8,63.2,False,,,,,,False,False,0,,False,0,,False,0,,ALTLINE_NB_v1_2026-01-18,,,,league_avg,2.3,,,,,,,,,exp/fallback,0.453,,,,,,,,,exp/fallback,0.288,,,,,,,,,exp/fallback,0.246,,,,,,,,,exp/fallback,0.21225,,,,,,,,2026-09-24-frozen-v2,[],2025-2026
2026-09-29,CHI@VGK,,9:30 PM,2026-09-30T02:30:00Z,Kai Uchacz,8485251,VGK,C,,Healthy,Unknown,,,0,0.0,,CHI,Spencer Knight,0.9019987105093488,2.822524488185321,42.3,,moneypuck_team_proxy,28.75,4,28.75,4,,7.4,6.9,A1+A2,12.18,27.9,11.4,0.94,NONE,False,False,26.819846846450986,2.5171828375350027,74.7,74.7,13,3.25,True,,,,,50.0,,,,,,,,,,,,,,,,,,,,,,,,,,,,,,,,,,,,,,,,0.0,0.0,,,0.0,2.941628448429158,2.9328448015615374,50.0,95.3,27.9,95.3,0.41,0.41,,,,,COOL,COOL,COOL,0.0,,COOL,Red,Red,Red,Red,26,28,24,20,SOG,28,,,,,,,C,Passenger,3.3,,73.4,,0,0.4055555555555555,1.2166666666666666,0.4055555555555555,0.03328773369813041,3.3,3.3,0.0,0.0,0.0,8.262546073149986,7.431258595448294,73.4,47.9,False,,,,,,False,False,0,,False,0,,False,0,,ALTLINE_NB_v1_2026-01-18,,,,league_avg,2.3,,,,,,,,,exp/fallback,0.040999999999999995,,,,,,,,,league_avg,0.35,,,,,,,,,exp/fallback,0.1964,,,,,,,,,exp/fallback,0.13165,,,,,,,,2026-09-24-frozen-v2,[],2025-2026
2026-09-29,FLA@CAR,,4:00 PM,2026-09-29T21:00:00Z,Aaron Ekblad,8477932,FLA,D,,Healthy,Unknown,,,0,0.0,,CAR,Brandon Bussi,0.893640350877193,2.4652486074734026,43.7,,moneypuck_team_proxy,29.25,4,29.25,4,4.3,51.8,74.9,A1+A2,22.48,95.3,68.6,1.07,NONE,False,False,25.61660448155363,2.480733882928602,53.9,64.0,15,3.75,True,1.0,1.375,1.8,1.28,35.5,1.0,1.0,16.0,1.0,0.0,0.0,5.0,15.0,4.0,12.0,28.0,50.0,LOW,0.1,,LOW,0.25,,LOW,0.375,,LOW,0.0,,LOW,0.2,,LOW,0.3,,LOW,1.6,,LOW,1.4,,LOW,1.25,,0.7981487383430099,0.3491900730250669,,,0.0,2.310074668039872,2.1627983962923456,50.0,14.1,45.2,14.1,4.16,0.88,12.8,3.16,-0.12,-3.2,HOT,COOL,COOL,3.28,3.28,HOT,Yellow,Red,Red,Yellow,66,41,45,65,POINTS,66,3.0,10.0,3.0,2.0,0.0,10.0,B,Distributor,9.0,,62.5,,1,2.0127314814814814,144.91666666666666,2.0127314814814814,0.08954317020926017,9.0,9.0,1.7968947671075333,0.7411155836687753,1.2420931569867741,8.328119961302805,6.917211529606778,62.5,62.2,False,,,,🅿️ D:3,,False,False,1,,False,0,,False,0,,ALTLINE_NB_v1_2026-01-18,,,,exp/fallback,1.28,,,,,,,,,exp/fallback,0.41600000000000004,,,,,,,,,exp/fallback,0.32799999999999996,,,,,,,,,exp/fallback,0.1614,,,,,,,,,exp/fallback,0.12165000000000001,,,,,,4.3,,2026-09-24-frozen-v2,[],2025-2026
2026-09-29,FLA@CAR,,4:00 PM,2026-09-29T21:00:00Z,Sam Bennett,8477935,FLA,C,⭐ STAR,Healthy,Unknown,,,0,0.0,,CAR,Brandon Bussi,0.893640350877193,2.4652486074734026,43.7,,moneypuck_team_proxy,29.25,4,29.25,4,13.0,97.0,87.4,A1+A2,18.49,78.1,89.9,1.19,STAR,False,True,25.61660448155363,2.480733882928602,53.9,64.0,15,3.75,True,3.0,2.5,3.6,3.21,99.1,7.0,1.0,27.0,1.0,1.0,6.0,16.0,32.0,9.0,19.0,57.0,109.0,OK,0.7,,GOOD,0.8,,GOOD,0.8,,GOOD,0.6,,OK,0.45,,OK,0.475,,OK,2.7,,OK,2.85,,OK,2.725,,2.1555490824351877,0.6990969997087095,,,6.0,2.310074668039872,2.1627983962923456,50.0,14.1,71.8,14.1,10.73,5.19,35.31,2.75,3.72,5.1,HOT,HOT,HOT,5.53,-0.97,COOL,Yellow,Yellow,Green,Yellow,76,77,80,70,GOAL,80,3.0,3.0,4.0,0.0,1.0,9.0,A,Hybrid,16.8,,62.5,,2,3.1146929824561402,236.71666666666667,3.1146929824561402,0.16842966582074329,16.8,16.8,3.9635992395972686,2.293881574315286,1.964373723861156,8.328119961302805,6.917211529606778,62.5,74.7,False,,,,🅿️ PTS D:3 | 🥅 D:4,,False,False,2,,False,0,,False,0,,ALTLINE_NB_v1_2026-01-18,,,,exp/fallback,3.531,,,,,,,,,exp/fallback,1.073,,,,,,,,,exp/fallback,0.553,,,,,,,,,exp/fallback,0.3876,,,,,,,,,exp/fallback,0.44235,,,,,,13.0,,2026-09-24-frozen-v2,[],2025-2026
2026-09-29,VAN@EDM,,9:00 PM,2026-09-30T02:00:00Z,Leon Draisaitl,8477934,EDM,C,👑 ELITE,Healthy,Unknown,,,0,0.0,,VAN,Kevin Lankinen,0.8754863813229572,3.7032036569136113,97.3,,moneypuck_team_proxy,27.75,4,27.75,4,12.9,92.3,98.7,A1+A2,21.58,93.6,94.8,1.25,ELITE,True,False,27.51428261280349,2.6375211575650606,84.7,84.7,13,3.25,True,2.0,2.0,2.2,2.0700000000000003,74.8,10.0,3.0,13.0,3.0,5.0,7.0,10.0,10.0,7.0,7.0,13.0,13.0,STRONG,1.0,,LOW,0.5,,LOW,0.25,,GOOD,0.7,,LOW,0.35,,LOW,0.175,,LOW,1.3,,LOW,0.65,,LOW,0.325,,2.42098184263618,1.0697361630252888,,,7.0,2.8103479152760364,2.5495335623463524,50.0,72.1,73.3,72.1,22.32,5.06,22.77,6.53,1.6,7.7,HOT,WARM,HOT,16.09,4.92,HOT,Green,Green,Green,Green,92,82,87,93,ASSISTS,93,0.0,0.0,1.0,1.0,3.0,1.0,A,Distributor,16.1,,97.2,,2,3.4679487179487176,225.41666666666666,3.4679487179487176,0.16073826699784888,16.1,16.1,7.500110905730129,2.5792236598890943,5.789279112754159,9.539183194819762,8.332820945108345,97.2,93.7,False,,,,🅰️ D:0,🥅 GOAL EARNED,False,True,3,"iXG,REG,G",False,0,,False,0,,ALTLINE_NB_v1_2026-01-18,,,,exp/fallback,2.277,,,,,,,,,exp/fallback,2.232,,,,,,,,,exp/fallback,1.609,,,,,,,,,exp/fallback,0.3824,,,,,,,,,exp/fallback,0.4339,,,,,,12.9,,2026-09-24-frozen-v2,[],2025-2026
2026-09-29,CHI@VGK,,9:30 PM,2026-09-30T02:30:00Z,Brett Howden,8479353,VGK,C,,Healthy,Unknown,,,0,0.0,,CHI,Spencer Knight,0.9019987105093488,2.822524488185321,42.3,,moneypuck_team_proxy,28.75,4,28.75,4,,63.2,49.3,A1+A2,14.89,51.2,55.9,1.02,NONE,False,False,26.819846846450986,2.5171828375350027,74.7,74.7,13,3.25,True,,,,,50.0,,,,,,,,,,,,,,,,,,,,,,,,,,,,,,,,,,,,,,,,1.4408645187112268,0.24014408645187113,,,0.0,2.941628448429158,2.9328448015615374,50.0,95.3,60.7,95.3,3.34,1.57,,,,,COOL,COOL,COOL,1.77,,COOL,Red,Red,Red,Red,54,59,57,53,SOG,59,,,,,,,C,Passenger,4.3,,73.4,,0,0.6456896551724138,37.45,0.6456896551724138,0.04335410677419977,4.3,4.3,4.013351134846461,0.6088117489986649,4.005340453938584,8.262546073149986,7.431258595448294,73.4,73.5,False,,,,,,False,False,0,,False,0,,False,0,,ALTLINE_NB_v1_2026-01-18,,,,league_avg,2.3,,,,,,,,,exp/fallback,0.33399999999999996,,,,,,,,,exp/fallback,0.177,,,,,,,,,exp/fallback,0.24280000000000002,,,,,,,,,exp/fallback,0.20705,,,,,,,,2026-09-24-frozen-v2,[],2025-2026
2026-09-29,NYR@BOS,,7:00 PM,2026-09-30T00:00:00Z,Sean Kuraly,8476374,BOS,C,,Healthy,Unknown,,,0,0.0,,NYR,Igor Shesterkin,0.911578947368421,2.4998208902580834,20.0,,moneypuck_team_proxy,24.5,4,24.5,4,,65.6,63.9,A1+A2,13.33,36.7,59.2,1.04,NONE,False,False,25.711828421616815,2.3918432128567453,64.8,43.3,10,2.5,True,,,,,50.0,,,,,,,,,,,,,,,,,,,,,,,,,,,,,,,,,,,,,,,,1.3997433803802637,0.6998716901901318,,,0.0,2.398134962935236,2.2409738553050214,50.0,25.1,59.5,25.1,3.26,1.23,,,,,COOL,COOL,COOL,2.02,,COOL,Red,Red,Red,Red,51,48,49,48,POINTS,51,,,,,,,C,Passenger,0.3,,68.0,,0,0.04085365853658537,3.35,0.04085365853658537,0.0030649588289112534,0.3,0.3,0.0,0.0,0.0,7.852567975830816,7.578865779615037,68.0,32.8,False,,,,,,False,False,0,,False,0,,False,0,,ALTLINE_NB_v1_2026-01-18,,,,league_avg,2.3,,,,,,,,,exp/fallback,0.32599999999999996,,,,,,,,,exp/fallback,0.202,,,,,,,,,exp/fallback,0.2292,,,,,,,,,exp/fallback,0.18495,,,,,,,,2026-09-24-frozen-v2,[],2025-2026
2026-09-29,NYR@BOS,,7:00 PM,2026-09-30T00:00:00Z,Will Borgen,8478840,NYR,D,,Healthy,Unknown,,,0,0.0,,BOS,Jeremy Swayman,0.9071246819338422,2.707645389120994,32.0,,moneypuck_team_proxy,29.0,4,29.0,4,,31.8,49.3,A1+A2,18.04,75.4,46.6,0.99,NONE,False,False,23.53754892467431,2.2585501208368255,23.4,33.2,15,3.75,True,,,,,50.0,,,,,,,,,,,,,,,,,,,,,,,,,,,,,,,,,,,,,,,,0.6689250032159856,0.20582307791261095,,,0.0,2.666162545755205,2.6773806209827864,50.0,65.3,42.0,65.3,1.63,0.31,,,,,COOL,COOL,COOL,1.32,,COOL,Red,Red,Red,Red,51,40,36,45,POINTS,51,,,,,,,C,Passenger,0.2,,61.4,,0,0.03155555555555556,2.3666666666666667,0.03155555555555556,0.0017490269497955364,0.2,0.2,0.0,0.0,0.0,8.75699777062175,6.692271808427927,61.4,26.4,False,,,,,,False,False,0,,False,0,,False,0,,ALTLINE_NB_v1_2026-01-18,,,,league_avg,2.3,,,,,,,,,exp/fallback,0.16299999999999998,,,,,,,,,exp/fallback,0.132,,,,,,,,,exp/fallback,0.1924,,,,,,,,,exp/fallback,0.12514999999999998,,,,,,,,2026-09-24-frozen-v2,[],2025-2026
2026-09-29,NYR@BOS,,7:00 PM,2026-09-30T00:00:00Z,Jordan Harris,8480887,BOS,D,,Healthy,Unknown,,,0,0.0,,NYR,Igor Shesterkin,0.911578947368421,2.4998208902580834,20.0,,moneypuck_team_proxy,24.5,4,24.5,4,,15.9,24.0,A1+A2,15.9,60.6,27.7,0.94,NONE,False,False,25.711828421616815,2.3918432128567453,64.8,43.3,10,2.5,True,,,,,50.0,,,,,,,,,,,,,,,,,,,,,,,,,,,,,,,,,,,,,,,,0.0267538644470868,0.0089179548156956,,,0.0,2.398134962935236,2.2409738553050214,50.0,25.1,34.3,25.1,2.93,0.58,,,,,COOL,COOL,COOL,2.35,,COOL,Red,Red,Red,Red,30,23,21,24,POINTS,30,,,,,,,C,Passenger,0.3,,68.0,,0,0.05416666666666667,0.43333333333333335,0.05416666666666667,0.0034071550255536627,0.3,0.3,0.0,0.0,0.0,7.852567975830816,7.578865779615037,68.0,32.8,False,,,,,,False,False,0,,False,0,,False,0,,ALTLINE_NB_v1_2026-01-18,,,,league_avg,2.3,,,,,,,,,exp/fallback,0.29300000000000004,,,,,,,,,exp/fallback,0.23500000000000001,,,,,,,,,exp/fallback,0.2032,,,,,,,,,exp/fallback,0.1427,,,,,,,,2026-09-24-frozen-v2,[],2025-2026
2026-09-29,NYR@BOS,,7:00 PM,2026-09-30T00:00:00Z,Michael Eyssimont,8479591,BOS,C,,Healthy,Unknown,,,0,0.0,,NYR,Igor Shesterkin,0.911578947368421,2.4998208902580834,20.0,,moneypuck_team_proxy,24.5,4,24.5,4,,63.1,49.3,A1+A2,10.91,18.5,49.3,1.0,NONE,False,False,25.711828421616815,2.3918432128567453,64.8,43.3,10,2.5,True,,,,,50.0,,,,,,,,,,,,,,,,,,,,,,,,,,,,,,,,,,,,,,,,1.3802052612952695,0.31850890645275454,,,0.0,2.398134962935236,2.2409738553050214,50.0,25.1,59.3,25.1,3.36,1.58,,,,,COOL,COOL,COOL,1.78,,COOL,Red,Red,Red,Red,42,46,47,40,GOAL,47,,,,,,,C,Passenger,5.7,,68.0,,0,0.6264880952380952,35.083333333333336,0.6264880952380952,0.0574257965953732,5.7,5.7,5.823277909738717,2.1890736342042754,4.275534441805226,7.852567975830816,7.578865779615037,68.0,71.7,False,,,,,,False,False,0,,False,0,,False,0,,ALTLINE_NB_v1_2026-01-18,,,,league_avg,2.3,,,,,,,,,exp/fallback,0.33599999999999997,,,,,,,,,exp/fallback,0.178,,,,,,,,,exp/fallback,0.2432,,,,,,,,,exp/fallback,0.2077,,,,,,,,2026-09-24-frozen-v2,[],2025-2026
2026-09-29,NYR@BOS,,7:00 PM,2026-09-30T00:00:00Z,Morgan Geekie,8479987,BOS,C,,Healthy,Unknown,,,0,0.0,,NYR,Igor Shesterkin,0.911578947368421,2.4998208902580834,20.0,,moneypuck_team_proxy,24.5,4,24.5,4,10.0,90.3,84.1,A1+A2,17.41,70.7,84.2,1.14,NONE,False,False,25.711828421616815,2.3918432128567453,64.8,43.3,10,2.5,True,2.0,1.75,2.0,2.0,68.7,4.0,2.0,12.0,1.0,0.0,2.0,4.0,4.0,2.0,2.0,12.0,12.0,LOW,0.4,,LOW,0.2,,LOW,0.1,,LOW,0.2,,LOW,0.1,,LOW,0.05,,LOW,1.2,,LOW,0.6,,LOW,0.3,,2.047750916847541,0.4849936382007335,,,2.0,2.398134962935236,2.2409738553050214,50.0,25.1,71.1,25.1,7.95,3.48,22.0,3.23,1.16,8.0,HOT,COOL,HOT,4.48,2.07,WARM,Yellow,Red,Red,Yellow,73,68,72,73,ASSISTS,73,4.0,5.0,4.0,0.0,1.0,5.0,A,Hybrid,16.2,,68.0,,2,2.812139917695473,227.78333333333333,2.812139917695473,0.16156374125212788,16.2,16.2,3.4328674910368036,1.5857174215263041,2.173117728835882,7.852567975830816,7.578865779615037,68.0,77.3,False,,,,🅰️ D:5,,False,False,1,,False,0,,False,0,,ALTLINE_NB_v1_2026-01-18,,,,exp/fallback,2.2,,,,,,,,,exp/fallback,0.795,,,,,,,,,exp/fallback,0.44800000000000006,,,,,,,,,exp/fallback,0.3192,,,,,,,,,exp/fallback,0.3312,,,,,,10.0,,2026-09-24-frozen-v2,[],2025-2026
2026-09-29,CHI@VGK,,9:30 PM,2026-09-30T02:30:00Z,Raphael Lavoie,8481534,VGK,C,,Healthy,Unknown,,,0,0.0,,CHI,Spencer Knight,0.9019987105093488,2.822524488185321,42.3,,moneypuck_team_proxy,28.75,4,28.75,4,,4.0,6.9,A1+A2,8.57,4.7,5.2,0.94,NONE,False,False,26.819846846450986,2.5171828375350027,74.7,74.7,13,3.25,True,,,,,50.0,,,,,,,,,,,,,,,,,,,,,,,,,,,,,,,,,,,,,,,,0.0,0.0,,,0.0,2.941628448429158,2.9328448015615374,50.0,95.3,27.9,95.3,0.47,0.47,,,,,COOL,COOL,COOL,0.0,,COOL,Red,Red,Red,Red,24,24,20,18,POINTS,24,,,,,,,C,Passenger,0.0,,73.4,,0,0.0,0.0,0.0,0.0,0.0,0.0,0.0,,,8.262546073149986,7.431258595448294,73.4,18.4,False,,,,,,False,False,0,,False,0,,False,0,,ALTLINE_NB_v1_2026-01-18,,,,league_avg,2.3,,,,,,,,,exp/fallback,0.047,,,,,,,,,league_avg,0.35,,,,,,,,,exp/fallback,0.1988,,,,,,,,,exp/fallback,0.13555,,,,,,,,2026-09-24-frozen-v2,[],2025-2026
2026-09-29,FLA@CAR,,4:00 PM,2026-09-29T21:00:00Z,Mackie Samoskevich,8482713,FLA,R,,Healthy,Unknown,,,0,0.0,,CAR,Brandon Bussi,0.893640350877193,2.4652486074734026,43.7,,moneypuck_team_proxy,29.25,4,29.25,4,8.7,88.6,71.0,A1+A2,14.47,44.1,73.5,1.09,NONE,False,False,25.61660448155363,2.480733882928602,53.9,64.0,15,3.75,True,2.0,1.875,2.4,2.14,78.5,9.0,6.0,21.0,2.0,3.0,3.0,11.0,14.0,5.0,6.0,35.0,80.0,GOOD,0.9,,LOW,0.55,,LOW,0.35,,LOW,0.3,,LOW,0.25,,LOW,0.15,,LOW,2.1,,LOW,1.75,,LOW,2.0,,1.3544746036011825,0.6449879064767535,,,3.0,2.310074668039872,2.1627983962923456,50.0,14.1,58.2,14.1,5.87,3.03,23.54,-3.13,-2.97,0.4,COOL,COOL,COOL,2.84,-0.16,COOL,Yellow,Red,Red,Yellow,47,66,71,54,GOAL,71,0.0,0.0,1.0,2.0,1.0,8.0,B,Hybrid,13.8,,62.5,,1,1.991991341991342,153.38333333333333,1.991991341991342,0.13766847671618124,13.8,13.8,3.51863522764316,1.689883733565142,2.1514723459741387,8.328119961302805,6.917211529606778,62.5,71.6,False,,,,🥅 D:1,,False,False,0,,False,0,,False,0,,ALTLINE_NB_v1_2026-01-18,,,,exp/fallback,2.354,,,,,,,,,exp/fallback,0.587,,,,,,,,,exp/fallback,0.284,,,,,,,,,exp/fallback,0.3012,,,,,,,,,exp/fallback,0.30195,,,,,,8.7,,2026-09-24-frozen-v2,[],2025-2026
2026-09-29,VAN@EDM,,9:00 PM,2026-09-30T02:00:00Z,Nils Aman,8482496,VAN,C,,Healthy,Unknown,,,0,0.0,,EDM,Tristan Jarry,0.8822115384615384,3.3152597799223806,83.3,,moneypuck_team_proxy,22.25,4,22.25,4,,4.5,6.9,A1+A2,8.66,5.7,5.6,0.94,NONE,False,False,23.458639271933965,2.22263647167999,5.2,13.3,8,2.0,True,,,,,50.0,,,,,,,,,,,,,,,,,,,,,,,,,,,,,,,,,,,,,,,,0.0,0.0,,,0.0,2.466443398236635,2.4605092289198285,50.0,39.5,27.9,39.5,0.28,0.28,,,,,COOL,COOL,COOL,0.0,,COOL,Red,Red,Red,Red,22,15,19,14,POINTS,22,,,,,,,C,Passenger,0.0,,88.0,,0,0.0,0.0,0.0,0.0,0.0,0.0,0.0,,,7.968727923515283,8.893028671226896,88.0,20.4,False,,,,,,False,False,1,,False,0,,False,0,,ALTLINE_NB_v1_2026-01-18,,,,league_avg,2.3,,,,,,,,,exp/fallback,0.028000000000000004,,,,,,,,,league_avg,0.35,,,,,,,,,exp/fallback,0.19119999999999998,,,,,,,,,exp/fallback,0.1232,,,,,,,,2026-09-24-frozen-v2,[],2025-2026
2026-09-29,VAN@EDM,,9:00 PM,2026-09-30T02:00:00Z,Evan Bouchard,8480803,EDM,D,,Healthy,Unknown,,,0,0.0,,VAN,Kevin Lankinen,0.8754863813229572,3.7032036569136113,97.3,,moneypuck_team_proxy,27.75,4,27.75,4,9.7,76.4,99.7,A1+A2,24.68,99.7,89.2,1.16,NONE,False,False,27.51428261280349,2.6375211575650606,84.7,84.7,13,3.25,True,1.5,1.25,1.6,1.5350000000000001,51.9,7.0,1.0,8.0,1.0,6.0,6.0,7.0,7.0,6.0,6.0,8.0,8.0,OK,0.7,,LOW,0.35,,LOW,0.175,,GOOD,0.6,,LOW,0.3,,LOW,0.15,,LOW,0.8,,LOW,0.4,,LOW,0.2,,1.8441596044411284,0.761718097486553,,,6.0,2.8103479152760364,2.5495335623463524,50.0,72.1,68.6,72.1,16.93,2.31,16.89,5.54,1.1,7.35,HOT,COOL,HOT,14.09,4.44,HOT,Green,Red,Red,Green,93,67,72,90,POINTS,93,1.0,1.0,2.0,2.0,4.0,1.0,A,Distributor,14.1,,97.2,,2,3.478252032520325,285.21666666666664,3.478252032520325,0.14094634106164808,14.1,14.1,4.78215391807398,0.9824110325483552,4.470285747677205,9.539183194819762,8.332820945108345,97.2,90.3,False,,,,🅿️ D:1,,False,False,2,,False,0,,False,0,,ALTLINE_NB_v1_2026-01-18,,,,exp/fallback,1.689,,,,,,,,,exp/fallback,1.693,,,,,,,,,exp/fallback,1.409,,,,,,,,,exp/fallback,0.23153999999999997,,,,,,,,,exp/fallback,0.21687749999999997,,,,,,9.7,,2026-09-24-frozen-v2,[],2025-2026
2026-09-29,NYR@BOS,,7:00 PM,2026-09-30T00:00:00Z,Juuso Parssinen,8481704,NYR,C,,Healthy,Unknown,,,0,0.0,,BOS,Jeremy Swayman,0.9071246819338422,2.707645389120994,32.0,,moneypuck_team_proxy,29.0,4,29.0,4,,25.9,17.6,A1+A2,8.84,6.4,19.1,0.94,NONE,False,False,23.53754892467431,2.2585501208368255,23.4,33.2,15,3.75,True,,,,,50.0,,,,,,,,,,,,,,,,,,,,,,,,,,,,,,,,,,,,,,,,1.0260307809234277,0.0,,,0.0,2.666162545755205,2.6773806209827864,50.0,65.3,51.4,65.3,1.17,0.7,,,,,COOL,COOL,COOL,0.47,,COOL,Red,Red,Red,Red,28,31,29,25,SOG,31,,,,,,,C,Passenger,0.0,,61.4,,0,0.0016666666666666666,0.03333333333333333,0.0016666666666666666,0.0001884481296523132,0.0,0.0,0.0,0.0,0.0,8.75699777062175,6.692271808427927,61.4,18.9,False,,,,,,False,False,0,,False,0,,False,0,,ALTLINE_NB_v1_2026-01-18,,,,league_avg,2.3,,,,,,,,,exp/fallback,0.11699999999999999,,,,,,,,,exp/fallback,0.047,,,,,,,,,exp/fallback,0.208,,,,,,,,,exp/fallback,0.1505,,,,,,,,2026-09-24-frozen-v2,[],2025-2026
2026-09-29,NYR@BOS,,7:00 PM,2026-09-30T00:00:00Z,Jonny Brodzinski,8477380,NYR,C,,Healthy,Unknown,,,0,0.0,,BOS,Jeremy Swayman,0.9071246819338422,2.707645389120994,32.0,,moneypuck_team_proxy,29.0,4,29.0,4,,57.3,49.3,A1+A2,11.17,19.9,47.0,0.99,NONE,False,False,23.53754892467431,2.2585501208368255,23.4,33.2,15,3.75,True,,,,,50.0,,,,,,,,,,,,,,,,,,,,,,,,,,,,,,,,,,,,,,,,1.4567316029828314,0.4162090294236661,,,0.0,2.666162545755205,2.6773806209827864,50.0,65.3,61.2,65.3,3.12,1.32,,,,,COOL,COOL,COOL,1.8,,COOL,Red,Red,Red,Red,47,49,48,45,SOG,49,,,,,,,C,Passenger,5.6,,61.4,,0,0.6278787878787878,34.53333333333333,0.6278787878787878,0.05620202348984186,5.6,5.6,3.0883204633204633,0.5038610038610039,3.040540540540541,8.75699777062175,6.692271808427927,61.4,63.7,False,,,,,,False,False,0,,False,0,,False,0,,ALTLINE_NB_v1_2026-01-18,,,,league_avg,2.3,,,,,,,,,exp/fallback,0.312,,,,,,,,,exp/fallback,0.18,,,,,,,,,exp/fallback,0.2328,,,,,,,,,exp/fallback,0.1908,,,,,,,,2026-09-24-frozen-v2,[],2025-2026
2026-09-29,FLA@CAR,,4:00 PM,2026-09-29T21:00:00Z,Dmitry Kulikov,8475179,FLA,D,,Healthy,Unknown,,,0,0.0,,CAR,Brandon Bussi,0.893640350877193,2.4652486074734026,43.7,,moneypuck_team_proxy,29.25,4,29.25,4,,17.2,6.9,A1+A2,18.03,75.1,25.2,0.94,NONE,False,False,25.61660448155363,2.480733882928602,53.9,64.0,15,3.75,True,,,,,50.0,,,,,,,,,,,,,,,,,,,,,,,,,,,,,,,,,,,,,,,,0.0,0.0,,,0.0,2.310074668039872,2.1627983962923456,50.0,14.1,27.9,14.1,0.27,0.27,,,,,COOL,COOL,COOL,0.0,,COOL,Red,Red,Red,Red,23,24,24,16,SOG,24,,,,,,,C,Passenger,0.2,,62.5,,0,0.035964912280701755,0.6833333333333333,0.035964912280701755,0.0019944544437417912,0.2,0.2,0.0,0.0,0.0,8.328119961302805,6.917211529606778,62.5,28.6,False,,,,,,False,False,0,,False,0,,False,0,,ALTLINE_NB_v1_2026-01-18,,,,league_avg,2.3,,,,,,,,,exp/fallback,0.027000000000000003,,,,,,,,,league_avg,0.35,,,,,,,,,exp/fallback,0.1908,,,,,,,,,exp/fallback,0.12254999999999999,,,,,,,,2026-09-24-frozen-v2,[],2025-2026
2026-09-29,MTL@TOR,,6:00 PM,2026-09-29T23:00:00Z,Oliver Ekman-Larsson,8475171,TOR,D,,Healthy,Unknown,,,0,0.0,,MTL,Jakub Dobes,0.9014321819713563,2.7795558781799583,41.8,,moneypuck_team_proxy,24.8,5,24.8,5,7.7,50.1,86.3,A1+A2,20.6,88.9,70.5,1.08,NONE,False,False,24.25081018097076,2.2433091796234934,33.3,23.2,14,3.5,True,1.0,0.75,0.8,0.9299999999999999,15.9,4.0,0.0,8.0,0.0,1.0,4.0,5.0,16.0,5.0,14.0,24.0,52.0,LOW,0.4,,LOW,0.25,,LOW,0.4,,LOW,0.4,,LOW,0.25,,LOW,0.35,,LOW,0.8,,LOW,1.2,,LOW,1.3,,1.0807046194118566,0.3458254782117941,,,4.0,2.6185551558753,2.697841726618705,50.0,57.7,52.1,68.7,5.06,0.76,9.3,1.06,0.76,1.3,COOL,COOL,COOL,4.3,0.3,COOL,Yellow,Red,Red,Yellow,69,51,49,66,POINTS,69,3.0,3.0,10.0,6.0,4.0,3.0,B,Distributor,8.4,,49.8,,1,1.7314102564102565,135.05,1.7314102564102565,0.08406560914627188,8.4,8.4,2.6212513883746764,0.35542391706775267,2.665679378008145,7.0393554384877595,7.875,49.8,64.5,False,,,,🅿️ D:3,,False,False,1,,False,0,,False,0,,ALTLINE_NB_v1_2026-01-18,,,,exp/fallback,0.93,,,,,,,,,exp/fallback,0.506,,,,,,,,,exp/fallback,0.43,,,,,,,,,exp/fallback,0.1578,,,,,,,,,exp/fallback,0.11579999999999999,,,,,,7.7,,2026-09-24-frozen-v2,[],2025-2026
2026-09-29,NYR@BOS,,7:00 PM,2026-09-30T00:00:00Z,Viktor Arvidsson,8478042,BOS,L,,Healthy,Unknown,,,0,0.0,,NYR,Igor Shesterkin,0.911578947368421,2.4998208902580834,20.0,,moneypuck_team_proxy,24.5,4,24.5,4,15.0,90.9,84.1,A1+A2,14.6,48.5,80.0,1.12,NONE,False,False,25.711828421616815,2.3918432128567453,64.8,43.3,10,2.5,True,3.0,,2.75,2.9125,93.5,2.0,2.0,11.0,2.0,0.0,0.0,2.0,2.0,0.0,0.0,11.0,11.0,LOW,0.2,,LOW,0.1,,LOW,0.05,,LOW,0.0,,LOW,0.0,,LOW,0.0,,LOW,1.1,,LOW,0.55,,LOW,0.275,,3.027936317212376,0.8651246620606788,,,0.0,2.398134962935236,2.2409738553050214,50.0,25.1,75.0,25.1,8.42,4.08,32.03,6.42,1.71,18.12,HOT,WARM,HOT,5.18,4.71,HOT,Yellow,Yellow,Yellow,Yellow,69,72,75,71,GOAL,75,2.0,4.0,2.0,1.0,0.0,4.0,B,Shooter,13.0,,68.0,,1,1.8983091787439612,130.98333333333332,1.8983091787439612,0.13002978160158835,13.0,13.0,3.440132332357807,2.2720447894134117,1.374220638758112,7.852567975830816,7.578865779615037,68.0,69.0,False,,,,🥅 D:2,,False,False,1,,False,0,,False,0,,ALTLINE_NB_v1_2026-01-18,,,,exp/fallback,3.2030000000000003,,,,,,,,,exp/fallback,0.842,,,,,,,,,exp/fallback,0.518,,,,,,,,,exp/fallback,0.3432,,,,,,,,,exp/fallback,0.37020000000000003,,,,,,15.0,,2026-09-24-frozen-v2,[],2025-2026
2026-09-29,NYR@BOS,,7:00 PM,2026-09-30T00:00:00Z,Matthew Robertson,8481525,NYR,D,,Healthy,Unknown,,,0,0.0,,BOS,Jeremy Swayman,0.9071246819338422,2.707645389120994,32.0,,moneypuck_team_proxy,29.0,4,29.0,4,,36.3,54.3,A1+A2,17.4,70.4,49.4,1.0,NONE,False,False,23.53754892467431,2.2585501208368255,23.4,33.2,15,3.75,True,,,,,50.0,,,,,,,,,,,,,,,,,,,,,,,,,,,,,,,,,,,,,,,,0.908510606712884,0.26720900197437764,,,0.0,2.666162545755205,2.6773806209827864,50.0,65.3,48.6,65.3,2.11,0.45,,,,,COOL,COOL,COOL,1.66,,COOL,Red,Red,Red,Red,53,42,39,48,POINTS,53,,,,,,,C,Passenger,0.4,,61.4,,0,0.0625,4.5,0.0625,0.0035910463244975864,0.4,0.4,0.0,0.0,0.0,8.75699777062175,6.692271808427927,61.4,30.4,False,,,,,,False,False,0,,False,0,,False,0,,ALTLINE_NB_v1_2026-01-18,,,,league_avg,2.3,,,,,,,,,exp/fallback,0.211,,,,,,,,,exp/fallback,0.16599999999999998,,,,,,,,,exp/fallback,0.19799999999999998,,,,,,,,,exp/fallback,0.13424999999999998,,,,,,,,2026-09-24-frozen-v2,[],2025-2026
2026-09-29,FLA@CAR,,4:00 PM,2026-09-29T21:00:00Z,Taylor Hall,8475791,CAR,L,,Healthy,Unknown,,,0,0.0,,FLA,Sergei Bobrovsky,0.8768,3.0701244330736133,79.5,,moneypuck_team_proxy,25.0,4,25.0,4,12.8,83.3,85.3,A1+A2,14.53,45.5,76.4,1.11,NONE,False,False,30.49987126200022,2.976863942325376,94.9,94.9,18,4.5,True,3.0,2.875,3.2,3.0700000000000003,96.7,7.0,4.0,31.0,2.0,1.0,3.0,19.0,19.0,12.0,12.0,55.0,55.0,OK,0.7,,GOOD,0.95,,LOW,0.475,,LOW,0.3,,GOOD,0.6,,LOW,0.3,,GOOD,3.1,,OK,2.75,,LOW,1.375,,2.1933146714967893,0.8299028486744607,,,3.0,2.5561842144182134,2.6924815874317054,50.0,58.6,72.1,58.6,6.66,2.51,33.77,-0.34,-1.49,-0.3,COOL,COOL,COOL,4.15,1.15,COOL,Yellow,Yellow,Yellow,Yellow,63,74,78,72,GOAL,78,0.0,2.0,0.0,1.0,0.0,10.0,B,Hybrid,11.1,,38.6,,1,1.6079166666666667,128.63333333333333,1.6079166666666667,0.11066502251154256,11.1,11.1,3.2639284788805387,1.777144337911376,1.7491578129048977,7.6757302031271495,6.195408690126301,38.6,60.3,False,,,,🥅 D:0,,False,False,1,,False,0,,False,0,,ALTLINE_NB_v1_2026-01-18,,,,exp/fallback,3.3770000000000002,,,,,,,,,exp/fallback,0.666,,,,,,,,,exp/fallback,0.41500000000000004,,,,,,,,,exp/fallback,0.2804,,,,,,,,,exp/fallback,0.26815,,,,,,12.8,,2026-09-24-frozen-v2,[],2025-2026
2026-09-29,VAN@EDM,,9:00 PM,2026-09-30T02:00:00Z,Derek Forbort,8475762,VAN,D,,Healthy,Unknown,,,0,0.0,,EDM,Tristan Jarry,0.8822115384615384,3.3152597799223806,83.3,,moneypuck_team_proxy,22.25,4,22.25,4,,5.1,6.9,A1+A2,13.93,40.7,12.8,0.94,NONE,False,False,23.458639271933965,2.22263647167999,5.2,13.3,8,2.0,True,,,,,50.0,,,,,,,,,,,,,,,,,,,,,,,,,,,,,,,,,,,,,,,,0.0,0.0,,,0.0,2.466443398236635,2.4605092289198285,50.0,39.5,27.9,39.5,0.33,0.33,,,,,COOL,COOL,COOL,0.0,,COOL,Red,Red,Red,Red,25,18,21,17,POINTS,25,,,,,,,C,Passenger,0.0,,88.0,,0,0.0,0.0,0.0,0.0,0.0,0.0,0.0,,,7.968727923515283,8.893028671226896,88.0,20.4,False,,,,,,False,False,1,,False,0,,False,0,,ALTLINE_NB_v1_2026-01-18,,,,league_avg,2.3,,,,,,,,,exp/fallback,0.033,,,,,,,,,league_avg,0.35,,,,,,,,,exp/fallback,0.19319999999999998,,,,,,,,,exp/fallback,0.12645,,,,,,,,2026-09-24-frozen-v2,[],2025-2026
2026-09-29,MTL@TOR,,6:00 PM,2026-09-29T23:00:00Z,Jared Davidson,8483728,MTL,C,,Healthy,Unknown,,,0,0.0,,TOR,Joseph Woll,0.8984438984438985,3.33622313234283,61.6,,moneypuck_team_proxy,23.5,4,23.5,4,,23.2,17.6,A1+A2,8.72,6.1,17.8,0.94,NONE,False,False,24.46043165467626,2.406324940047962,43.1,53.2,18,3.6,True,,,,,50.0,,,,,,,,,,,,,,,,,,,,,,,,,,,,,,,,,,,,,,,,0.011498658489842852,0.0,,,0.0,2.674871645486655,2.417798492517205,50.0,57.7,31.6,57.7,2.0,1.06,,,,,COOL,COOL,COOL,0.94,,COOL,Red,Red,Red,Red,28,28,29,22,GOAL,29,,,,,,,C,Passenger,0.0,,72.7,,0,0.0,0.0,0.0,0.0,0.0,0.0,0.0,,,7.76794133053955,7.933755914650478,72.7,16.5,False,,,,,,False,False,0,,False,0,,False,0,,ALTLINE_NB_v1_2026-01-18,,,,league_avg,2.3,,,,,,,,,exp/fallback,0.2,,,,,,,,,exp/fallback,0.094,,,,,,,,,exp/fallback,0.2224,,,,,,,,,exp/fallback,0.1739,,,,,,,,2026-09-24-frozen-v2,[],2025-2026
2026-09-29,CHI@VGK,,9:30 PM,2026-09-30T02:30:00Z,Matt Grzelcyk,8476891,CHI,D,,Healthy,Unknown,,,0,0.0,,VGK,Akira Schmid,0.8925410872313527,2.5943856138774195,48.8,,moneypuck_team_proxy,21.25,4,21.25,4,,31.4,54.3,A1+A2,16.97,67.0,46.5,0.99,NONE,False,False,23.53719609781112,2.168816399449161,14.3,4.2,9,2.25,True,,,,,50.0,,,,,,,,,,,,,,,,,,,,,,,,,,,,,,,,,,,,,,,,0.40731222421568153,0.3491247636134413,,,0.0,2.110930465732193,1.998905475419135,50.0,4.2,38.6,4.2,2.08,0.34,,,,,COOL,COOL,COOL,1.74,,COOL,Red,Red,Red,Red,47,29,31,39,POINTS,47,,,,,,,C,Passenger,5.0,,17.7,,0,0.8416666666666667,57.233333333333334,0.8416666666666667,0.04959274449771822,5.0,5.0,2.7964472917880023,0.3459522422830518,2.882935352358765,6.805363673303535,6.308402585410895,17.7,56.3,False,,,,,,False,False,0,,False,0,,False,0,,ALTLINE_NB_v1_2026-01-18,,,,league_avg,2.3,,,,,,,,,exp/fallback,0.20800000000000002,,,,,,,,,exp/fallback,0.174,,,,,,,,,exp/fallback,0.1936,,,,,,,,,exp/fallback,0.1271,,,,,,,,2026-09-24-frozen-v2,[],2025-2026
2026-09-29,MTL@TOR,,6:00 PM,2026-09-29T23:00:00Z,John Tavares,8475166,TOR,C,⭐ STAR,Healthy,Unknown,,,0,0.0,,MTL,Jakub Dobes,0.9014321819713563,2.7795558781799583,41.8,,moneypuck_team_proxy,24.8,5,24.8,5,7.7,98.6,93.2,A1+A2,18.18,75.8,92.2,1.2,STAR,False,True,24.25081018097076,2.2433091796234934,33.3,23.2,14,3.5,True,1.0,1.625,1.6,1.21,31.8,11.0,6.0,17.0,1.0,2.0,5.0,20.0,33.0,11.0,17.0,41.0,83.0,STRONG,1.1,,STRONG,1.0,,GOOD,0.825,,OK,0.5,,OK,0.55,,LOW,0.425,,LOW,1.7,,LOW,2.05,,LOW,2.075,,1.9767687434002112,0.5068637803590285,,,5.0,2.6185551558753,2.697841726618705,50.0,57.7,70.5,68.7,11.97,5.51,13.31,-0.12,-0.99,-4.9,COOL,COOL,COOL,6.46,0.87,COOL,Green,Red,Green,Yellow,67,71,74,77,ASSISTS,77,1.0,2.0,1.0,1.0,7.0,1.0,A,Hybrid,14.2,,49.8,,2,2.584552845528455,211.93333333333334,2.584552845528455,0.14218465219773463,14.2,14.2,4.197782321484743,2.5734507706826046,1.9109782950613399,7.0393554384877595,7.875,49.8,66.3,False,,,,🅰️ D:2,,False,False,1,,False,0,,False,0,,ALTLINE_NB_v1_2026-01-18,,,,exp/fallback,1.331,,,,,,,,,exp/fallback,1.197,,,,,,,,,exp/fallback,0.646,,,,,,,,,exp/fallback,0.3003,,,,,,,,,exp/fallback,0.34736249999999996,,,,,,7.7,,2026-09-24-frozen-v2,[],2025-2026
2026-09-29,CHI@VGK,,9:30 PM,2026-09-30T02:30:00Z,Dominic Toninato,8476952,CHI,C,,Healthy,Unknown,,,0,0.0,,VGK,Akira Schmid,0.8925410872313527,2.5943856138774195,48.8,,moneypuck_team_proxy,21.25,4,21.25,4,,21.0,17.6,A1+A2,9.15,7.4,17.1,0.94,NONE,False,False,23.53719609781112,2.168816399449161,14.3,4.2,9,2.25,True,,,,,50.0,,,,,,,,,,,,,,,,,,,,,,,,,,,,,,,,,,,,,,,,0.013821700069108501,0.013821700069108501,,,0.0,2.110930465732193,1.998905475419135,50.0,4.2,31.9,4.2,2.21,1.03,,,,,COOL,COOL,COOL,1.17,,COOL,Red,Red,Red,Red,21,19,22,15,GOAL,22,,,,,,,C,Passenger,0.0,,17.7,,0,0.0,0.0,0.0,0.0,0.0,0.0,0.0,,,6.805363673303535,6.308402585410895,17.7,4.3,False,,,,,,False,False,0,,False,0,,False,0,,ALTLINE_NB_v1_2026-01-18,,,,league_avg,2.3,,,,,,,,,exp/fallback,0.221,,,,,,,,,exp/fallback,0.11699999999999999,,,,,,,,,exp/fallback,0.2212,,,,,,,,,exp/fallback,0.17195,,,,,,,,2026-09-24-frozen-v2,[],2025-2026
2026-09-29,VAN@EDM,,9:00 PM,2026-09-30T02:00:00Z,Max Jones,8479368,EDM,L,,Healthy,Unknown,,,0,0.0,,VAN,Kevin Lankinen,0.8754863813229572,3.7032036569136113,97.3,,moneypuck_team_proxy,27.75,4,27.75,4,,30.3,24.0,A1+A2,8.35,3.4,22.7,0.94,NONE,False,False,27.51428261280349,2.6375211575650606,84.7,84.7,13,3.25,True,,,,,50.0,,,,,,,,,,,,,,,,,,,,,,,,,,,,,,,,,,,,,,,,1.713796058269066,0.6855184233076264,,,0.0,2.8103479152760364,2.5495335623463524,50.0,72.1,66.1,72.1,1.85,0.96,,,,,COOL,COOL,COOL,0.9,,COOL,Red,Red,Red,Red,39,34,38,35,POINTS,39,,,,,,,C,Passenger,0.1,,97.2,,0,0.005555555555555556,0.11666666666666667,0.005555555555555556,0.0006656523392925066,0.1,0.1,0.0,0.0,0.0,9.539183194819762,8.332820945108345,97.2,36.2,False,,,,,,False,False,1,,False,0,,False,0,,ALTLINE_NB_v1_2026-01-18,,,,league_avg,2.3,,,,,,,,,exp/fallback,0.185,,,,,,,,,exp/fallback,0.09,,,,,,,,,exp/fallback,0.21839999999999998,,,,,,,,,exp/fallback,0.1674,,,,,,,,2026-09-24-frozen-v2,[],2025-2026
2026-09-29,NYR@BOS,,7:00 PM,2026-09-30T00:00:00Z,Andrew Peeke,8479369,BOS,D,,Healthy,Unknown,,,0,0.0,,NYR,Igor Shesterkin,0.911578947368421,2.4998208902580834,20.0,,moneypuck_team_proxy,24.5,4,24.5,4,,38.6,46.6,A1+A2,19.39,83.2,50.3,1.0,NONE,False,False,25.711828421616815,2.3918432128567453,64.8,43.3,10,2.5,True,,,,,50.0,,,,,,,,,,,,,,,,,,,,,,,,,,,,,,,,,,,,,,,,0.613231652187586,0.1415149966586737,,,0.0,2.398134962935236,2.2409738553050214,50.0,25.1,41.0,25.1,1.63,0.46,,,,,COOL,COOL,COOL,1.17,,COOL,Red,Red,Red,Red,45,38,36,39,POINTS,45,,,,,,,C,Passenger,0.2,,68.0,,0,0.032034632034632034,2.466666666666667,0.032034632034632034,0.0016525049965944996,0.2,0.2,0.0,0.0,0.0,7.852567975830816,7.578865779615037,68.0,30.8,False,,,,,,False,False,0,,False,0,,False,0,,ALTLINE_NB_v1_2026-01-18,,,,league_avg,2.3,,,,,,,,,exp/fallback,0.16299999999999998,,,,,,,,,exp/fallback,0.11699999999999999,,,,,,,,,exp/fallback,0.1984,,,,,,,,,exp/fallback,0.1349,,,,,,,,2026-09-24-frozen-v2,[],2025-2026
2026-09-29,VAN@EDM,,9:00 PM,2026-09-30T02:00:00Z,Connor Clattenburg,8484529,EDM,C,,Healthy,Unknown,,,0,0.0,,VAN,Kevin Lankinen,0.8754863813229572,3.7032036569136113,97.3,,moneypuck_team_proxy,27.75,4,27.75,4,,20.6,6.9,A1+A2,7.21,1.7,12.0,0.94,NONE,False,False,27.51428261280349,2.6375211575650606,84.7,84.7,13,3.25,True,,,,,50.0,,,,,,,,,,,,,,,,,,,,,,,,,,,,,,,,,,,,,,,,0.028182245185533115,0.0,,,0.0,2.8103479152760364,2.5495335623463524,50.0,72.1,34.4,72.1,1.64,1.64,,,,,COOL,COOL,COOL,0.0,,COOL,Red,Red,Red,Red,26,29,32,21,GOAL,32,,,,,,,C,Passenger,1.0,,97.2,,0,0.06999999999999999,0.35,0.06999999999999999,0.00971322849213691,1.0,1.0,0.0,0.0,0.0,9.539183194819762,8.332820945108345,97.2,46.7,False,,,,,,False,False,1,,False,0,,False,0,,ALTLINE_NB_v1_2026-01-18,,,,league_avg,2.3,,,,,,,,,exp/fallback,0.16399999999999998,,,,,,,,,league_avg,0.35,,,,,,,,,exp/fallback,0.24559999999999998,,,,,,,,,exp/fallback,0.21159999999999998,,,,,,,,2026-09-24-frozen-v2,[],2025-2026
2026-09-29,VAN@EDM,,9:00 PM,2026-09-30T02:00:00Z,Trent Frederic,8479365,EDM,C,,Healthy,Unknown,,,0,0.0,,VAN,Kevin Lankinen,0.8754863813229572,3.7032036569136113,97.3,,moneypuck_team_proxy,27.75,4,27.75,4,,66.9,28.5,A1+A2,11.04,19.2,43.9,0.98,NONE,False,False,27.51428261280349,2.6375211575650606,84.7,84.7,13,3.25,True,,,,,50.0,,,,,,,,,,,,,,,,,,,,,,,,,,,,,,,,,,,,,,,,0.5221066589317532,0.14917333112335807,,,0.0,2.8103479152760364,2.5495335623463524,50.0,72.1,40.0,72.1,1.75,1.36,,,,,COOL,COOL,COOL,0.4,,COOL,Red,Red,Red,Red,40,55,63,38,GOAL,63,,,,,,,C,Passenger,1.1,,97.2,,0,0.125,9.25,0.125,0.011323295384992042,1.1,1.1,2.724324324324324,2.724324324324324,0.0,9.539183194819762,8.332820945108345,97.2,47.2,False,,,,,,False,False,1,,False,0,,False,0,,ALTLINE_NB_v1_2026-01-18,,,,league_avg,2.3,,,,,,,,,exp/fallback,0.175,,,,,,,,,exp/fallback,0.04,,,,,,,,,exp/fallback,0.2344,,,,,,,,,exp/fallback,0.19340000000000002,,,,,,,,2026-09-24-frozen-v2,[],2025-2026
2026-09-29,CHI@VGK,,9:30 PM,2026-09-30T02:30:00Z,Mark Stone,8475913,VGK,R,⭐ STAR,Healthy,Unknown,,,0,0.0,,CHI,Spencer Knight,0.9019987105093488,2.822524488185321,42.3,,moneypuck_team_proxy,28.75,4,28.75,4,12.9,91.2,95.7,A1+A2,19.22,81.8,90.9,1.2,STAR,False,True,26.819846846450986,2.5171828375350027,74.7,74.7,13,3.25,True,2.0,1.875,2.8,2.28,83.2,7.0,5.0,20.0,2.0,0.0,2.0,12.0,12.0,5.0,5.0,37.0,37.0,OK,0.7,,OK,0.6,,LOW,0.3,,LOW,0.2,,LOW,0.25,,LOW,0.125,,LOW,2.0,,LOW,1.85,,LOW,0.925,,2.3951130017539968,0.8709501824559989,,,2.0,2.941628448429158,2.9328448015615374,50.0,95.3,73.1,95.3,18.37,5.08,25.08,6.61,-0.38,2.8,HOT,COOL,HOT,12.14,6.99,HOT,Green,Red,Red,Green,89,86,84,87,POINTS,89,2.0,7.0,2.0,2.0,2.0,7.0,A,Distributor,17.1,,73.4,,2,3.288611111111111,197.31666666666666,3.288611111111111,0.17114811923555093,17.1,17.1,6.823549286257285,2.688064870343779,4.865275783427655,8.262546073149986,7.431258595448294,73.4,91.2,False,,,,🅿️ PTS D:2 | 🅿️ D:2,,False,False,1,,False,0,,False,0,,ALTLINE_NB_v1_2026-01-18,,,,exp/fallback,2.508,,,,,,,,,exp/fallback,1.8370000000000002,,,,,,,,,exp/fallback,1.214,,,,,,,,,exp/fallback,0.3832,,,,,,,,,exp/fallback,0.4352,,,,,,12.9,,2026-09-24-frozen-v2,[],2025-2026
2026-09-29,NYR@BOS,,7:00 PM,2026-09-30T00:00:00Z,Jaroslav Chmelar,8482877,NYR,R,,Healthy,Unknown,,,0,0.0,,BOS,Jeremy Swayman,0.9071246819338422,2.707645389120994,32.0,,moneypuck_team_proxy,29.0,4,29.0,4,,33.0,24.0,A1+A2,9.15,7.1,24.7,0.94,NONE,False,False,23.53754892467431,2.2585501208368255,23.4,33.2,15,3.75,True,,,,,50.0,,,,,,,,,,,,,,,,,,,,,,,,,,,,,,,,,,,,,,,,1.4194650719589932,0.0,,,0.0,2.666162545755205,2.6773806209827864,50.0,65.3,60.2,65.3,1.54,0.87,,,,,COOL,COOL,COOL,0.67,,COOL,Red,Red,Red,Red,32,35,34,30,SOG,35,,,,,,,C,Passenger,0.8,,61.4,,0,0.07202380952380952,2.0166666666666666,0.07202380952380952,0.007870430597112005,0.8,0.8,5.355371900826446,5.355371900826446,0.0,8.75699777062175,6.692271808427927,61.4,33.5,False,,,,,,False,False,0,,False,0,,False,0,,ALTLINE_NB_v1_2026-01-18,,,,league_avg,2.3,,,,,,,,,exp/fallback,0.154,,,,,,,,,exp/fallback,0.067,,,,,,,,,exp/fallback,0.2148,,,,,,,,,exp/fallback,0.16155,,,,,,,,2026-09-24-frozen-v2,[],2025-2026
2026-09-29,FLA@CAR,,4:00 PM,2026-09-29T21:00:00Z,Jesperi Kotkaniemi,8480829,CAR,C,,Healthy,Unknown,,,0,0.0,,FLA,Sergei Bobrovsky,0.8768,3.0701244330736133,79.5,,moneypuck_team_proxy,25.0,4,25.0,4,,49.0,40.6,A1+A2,11.35,20.5,40.4,0.96,NONE,False,False,30.49987126200022,2.976863942325376,94.9,94.9,18,4.5,True,,,,,50.0,,,,,,,,,,,,,,,,,,,,,,,,,,,,,,,,,,,,,,,,1.1832158638571377,0.525873717269839,,,0.0,2.5561842144182134,2.6924815874317054,50.0,58.6,54.5,58.6,2.79,1.19,,,,,COOL,COOL,COOL,1.6,,COOL,Red,Red,Red,Red,45,43,47,41,GOAL,47,,,,,,,C,Passenger,2.2,,38.6,,0,0.24761904761904763,10.4,0.24761904761904763,0.021815130750943924,2.2,2.2,0.05769230769230769,0.05769230769230769,0.0,7.6757302031271495,6.195408690126301,38.6,33.5,False,,,,,,False,False,1,,False,0,,False,0,,ALTLINE_NB_v1_2026-01-18,,,,league_avg,2.3,,,,,,,,,exp/fallback,0.279,,,,,,,,,exp/fallback,0.16,,,,,,,,,exp/fallback,0.2276,,,,,,,,,exp/fallback,0.18235,,,,,,,,2026-09-24-frozen-v2,[],2025-2026
2026-09-29,FLA@CAR,,4:00 PM,2026-09-29T21:00:00Z,Carter Verhaeghe,8477409,FLA,C,,Healthy,Unknown,,,0,0.0,,CAR,Brandon Bussi,0.893640350877193,2.4652486074734026,43.7,,moneypuck_team_proxy,29.25,4,29.25,4,8.7,88.8,85.3,A1+A2,17.61,72.7,84.4,1.14,NONE,False,False,25.61660448155363,2.480733882928602,53.9,64.0,15,3.75,True,2.0,2.375,2.4,2.14,78.5,6.0,5.0,26.0,2.0,0.0,1.0,12.0,27.0,4.0,13.0,49.0,97.0,OK,0.6,,OK,0.6,,OK,0.675,,LOW,0.1,,LOW,0.2,,LOW,0.325,,OK,2.6,,LOW,2.45,,LOW,2.425,,2.0895066442645485,0.714831220406293,,,1.0,2.310074668039872,2.1627983962923456,50.0,14.1,71.5,14.1,8.36,3.49,23.54,1.6,-1.83,-4.6,WARM,COOL,COOL,4.87,3.43,HOT,Yellow,Red,Red,Yellow,64,68,72,75,ASSISTS,75,1.0,5.0,1.0,1.0,2.0,2.0,A,Hybrid,14.3,,62.5,,2,2.5194805194805197,194.0,2.5194805194805197,0.14304850622457632,14.3,14.3,2.758762886597938,1.7072164948453608,1.2371134020618557,8.328119961302805,6.917211529606778,62.5,67.6,False,,,,🅰️ D:5,,False,False,0,,False,0,,False,0,,ALTLINE_NB_v1_2026-01-18,,,,exp/fallback,2.354,,,,,,,,,exp/fallback,0.836,,,,,,,,,exp/fallback,0.487,,,,,,,,,exp/fallback,0.3196,,,,,,,,,exp/fallback,0.33185000000000003,,,,,,8.7,,2026-09-24-frozen-v2,[],2025-2026
2026-09-29,FLA@CAR,,4:00 PM,2026-09-29T21:00:00Z,Joel Nystrom,8482911,CAR,D,,Healthy,Unknown,,,0,0.0,,FLA,Sergei Bobrovsky,0.8768,3.0701244330736133,79.5,,moneypuck_team_proxy,25.0,4,25.0,4,,29.1,46.6,A1+A2,15.19,55.2,40.5,0.96,NONE,False,False,30.49987126200022,2.976863942325376,94.9,94.9,18,4.5,True,,,,,50.0,,,,,,,,,,,,,,,,,,,,,,,,,,,,,,,,,,,,,,,,1.1444921316165952,0.8011444921316166,,,0.0,2.5561842144182134,2.6924815874317054,50.0,58.6,53.3,58.6,2.77,0.49,,,,,COOL,COOL,COOL,2.28,,COOL,Red,Red,Red,Red,51,36,37,45,POINTS,51,,,,,,,C,Passenger,0.4,,38.6,,0,0.05526315789473685,2.1,0.05526315789473685,0.00363909426987061,0.4,0.4,11.428571428571429,11.428571428571429,0.0,7.6757302031271495,6.195408690126301,38.6,26.4,False,,,,,,False,False,1,,False,0,,False,0,,ALTLINE_NB_v1_2026-01-18,,,,league_avg,2.3,,,,,,,,,exp/fallback,0.277,,,,,,,,,exp/fallback,0.22799999999999998,,,,,,,,,exp/fallback,0.1996,,,,,,,,,exp/fallback,0.13685,,,,,,,,2026-09-24-frozen-v2,[],2025-2026
2026-09-29,CHI@VGK,,9:30 PM,2026-09-30T02:30:00Z,Tanner Laczynski,8479550,VGK,C,,Healthy,Unknown,,,0,0.0,,CHI,Spencer Knight,0.9019987105093488,2.822524488185321,42.3,,moneypuck_team_proxy,28.75,4,28.75,4,,25.2,34.6,A1+A2,10.77,16.8,26.8,0.94,NONE,False,False,26.819846846450986,2.5171828375350027,74.7,74.7,13,3.25,True,,,,,50.0,,,,,,,,,,,,,,,,,,,,,,,,,,,,,,,,,,,,,,,,0.039827414537006306,0.02987056090275473,,,0.0,2.941628448429158,2.9328448015615374,50.0,95.3,35.9,95.3,6.01,1.31,,,,,COOL,COOL,COOL,4.7,,COOL,Red,Red,Red,Red,40,36,33,35,POINTS,40,,,,,,,C,Passenger,5.2,,73.4,,0,0.5650000000000001,5.65,0.5650000000000001,0.05246053853296193,5.2,5.2,9.02654867256637,0.0,10.619469026548671,8.262546073149986,7.431258595448294,73.4,77.4,False,,,,,,False,False,0,,False,0,,False,0,,ALTLINE_NB_v1_2026-01-18,,,,league_avg,2.3,,,,,,,,,exp/fallback,0.601,,,,,,,,,exp/fallback,0.47000000000000003,,,,,,,,,exp/fallback,0.2324,,,,,,,,,exp/fallback,0.19014999999999999,,,,,,,,2026-09-24-frozen-v2,[],2025-2026
2026-09-29,VAN@EDM,,9:00 PM,2026-09-30T02:00:00Z,Mattias Janmark,8477406,EDM,C,,Healthy,Unknown,,,0,0.0,,VAN,Kevin Lankinen,0.8754863813229572,3.7032036569136113,97.3,,moneypuck_team_proxy,27.75,4,27.75,4,,39.9,40.6,A1+A2,11.86,24.9,37.1,0.95,NONE,False,False,27.51428261280349,2.6375211575650606,84.7,84.7,13,3.25,True,,,,,50.0,,,,,,,,,,,,,,,,,,,,,,,,,,,,,,,,,,,,,,,,0.8185538881309686,0.1364256480218281,,,0.0,2.8103479152760364,2.5495335623463524,50.0,72.1,46.4,72.1,2.38,0.83,,,,,COOL,COOL,COOL,1.54,,COOL,Red,Red,Red,Red,47,41,44,42,POINTS,47,,,,,,,C,Passenger,0.1,,97.2,,0,0.015503875968992248,0.6666666666666666,0.015503875968992248,0.0013074886411924298,0.1,0.1,0.0,0.0,0.0,9.539183194819762,8.332820945108345,97.2,36.2,False,,,,,,False,False,1,,False,0,,False,0,,ALTLINE_NB_v1_2026-01-18,,,,league_avg,2.3,,,,,,,,,exp/fallback,0.238,,,,,,,,,exp/fallback,0.154,,,,,,,,,exp/fallback,0.2132,,,,,,,,,exp/fallback,0.15894999999999998,,,,,,,,2026-09-24-frozen-v2,[],2025-2026
2026-09-29,VAN@EDM,,9:00 PM,2026-09-30T02:00:00Z,Marcus Pettersson,8477969,VAN,D,,Healthy,Unknown,,,0,0.0,,EDM,Tristan Jarry,0.8822115384615384,3.3152597799223806,83.3,,moneypuck_team_proxy,22.25,4,22.25,4,,47.5,60.9,A1+A2,21.45,93.3,61.3,1.04,NONE,False,False,23.458639271933965,2.22263647167999,5.2,13.3,8,2.0,True,,,,,50.0,,,,,,,,,,,,,,,,,,,,,,,,,,,,,,,,,,,,,,,,0.6094601762919991,0.12189203525839983,,,0.0,2.466443398236635,2.4605092289198285,50.0,39.5,40.8,39.5,2.54,0.63,,,,,COOL,COOL,COOL,1.91,,COOL,Red,Red,Red,Red,60,45,48,53,POINTS,60,,,,,,,C,Passenger,0.4,,88.0,,0,0.08373983739837398,6.866666666666666,0.08373983739837398,0.0039034372986697994,0.4,0.4,4.281553398058253,4.281553398058253,0.0,7.968727923515283,8.893028671226896,88.0,40.7,False,,,,,,False,False,1,,False,0,,False,0,,ALTLINE_NB_v1_2026-01-18,,,,league_avg,2.3,,,,,,,,,exp/fallback,0.254,,,,,,,,,exp/fallback,0.191,,,,,,,,,exp/fallback,0.2052,,,,,,,,,exp/fallback,0.14595,,,,,,,,2026-09-24-frozen-v2,[],2025-2026
2026-09-29,MTL@TOR,,6:00 PM,2026-09-29T23:00:00Z,Dakota Mermis,8477541,TOR,D,,Healthy,Unknown,,,0,0.0,,MTL,Jakub Dobes,0.9014321819713563,2.7795558781799583,41.8,,moneypuck_team_proxy,24.8,5,24.8,5,,9.9,6.9,A1+A2,13.03,34.3,13.8,0.94,NONE,False,False,24.25081018097076,2.2433091796234934,33.3,23.2,14,3.5,True,,,,,50.0,,,,,,,,,,,,,,,,,,,,,,,,,,,,,,,,,,,,,,,,0.007366482504604052,0.0,,,0.0,2.6185551558753,2.697841726618705,50.0,57.7,31.1,68.7,0.16,0.16,,,,,COOL,COOL,COOL,0.0,,COOL,Red,Red,Red,Red,23,23,22,17,POINTS,23,,,,,,,C,Passenger,0.0,,49.8,,0,0.0,0.0,0.0,0.0,0.0,0.0,0.0,,,7.0393554384877595,7.875,49.8,8.1,False,,,,,,False,False,0,,False,0,,False,0,,ALTLINE_NB_v1_2026-01-18,,,,league_avg,2.3,,,,,,,,,exp/fallback,0.016,,,,,,,,,league_avg,0.35,,,,,,,,,exp/fallback,0.18639999999999998,,,,,,,,,exp/fallback,0.1154,,,,,,,,2026-09-24-frozen-v2,[],2025-2026
2026-09-29,FLA@CAR,,4:00 PM,2026-09-29T21:00:00Z,Nicolas Deslauriers,8475235,CAR,L,,Healthy,Unknown,,,0,0.0,,FLA,Sergei Bobrovsky,0.8768,3.0701244330736133,79.5,,moneypuck_team_proxy,25.0,4,25.0,4,,26.5,24.0,A1+A2,8.55,4.4,21.2,0.94,NONE,False,False,30.49987126200022,2.976863942325376,94.9,94.9,18,4.5,True,,,,,50.0,,,,,,,,,,,,,,,,,,,,,,,,,,,,,,,,,,,,,,,,0.4574914220358368,0.2287457110179184,,,0.0,2.5561842144182134,2.6924815874317054,50.0,58.6,39.0,58.6,1.09,0.49,,,,,COOL,COOL,COOL,0.61,,COOL,Red,Red,Red,Red,33,30,33,27,POINTS,33,,,,,,,C,Passenger,0.0,,38.6,,0,0.0016129032258064516,0.05,0.0016129032258064516,0.00018870298150710783,0.0,0.0,0.0,0.0,0.0,7.6757302031271495,6.195408690126301,38.6,14.9,False,,,,,,False,False,1,,False,0,,False,0,,ALTLINE_NB_v1_2026-01-18,,,,league_avg,2.3,,,,,,,,,exp/fallback,0.10900000000000001,,,,,,,,,exp/fallback,0.061,,,,,,,,,exp/fallback,0.1996,,,,,,,,,exp/fallback,0.13685,,,,,,,,2026-09-24-frozen-v2,[],2025-2026
2026-09-29,FLA@CAR,,4:00 PM,2026-09-29T21:00:00Z,Mark Jankowski,8476873,CAR,L,,Healthy,Unknown,,,0,0.0,,FLA,Sergei Bobrovsky,0.8768,3.0701244330736133,79.5,,moneypuck_team_proxy,25.0,4,25.0,4,2.1,70.1,49.3,A1+A2,11.15,19.5,52.7,1.01,NONE,False,False,30.49987126200022,2.976863942325376,94.9,94.9,18,4.5,True,0.5,0.75,0.6,0.535,5.1,4.0,1.0,8.0,1.0,0.0,3.0,5.0,5.0,4.0,4.0,14.0,14.0,LOW,0.4,,LOW,0.25,,LOW,0.125,,LOW,0.3,,LOW,0.2,,LOW,0.1,,LOW,0.8,,LOW,0.7,,LOW,0.35,,1.548582995951417,0.3643724696356275,,,3.0,2.5561842144182134,2.6924815874317054,50.0,58.6,63.7,58.6,3.2,1.71,5.35,-0.8,0.71,-2.65,COOL,COOL,COOL,1.49,-1.51,COOL,Red,Red,Red,Red,46,54,61,54,GOAL,61,4.0,8.0,4.0,10.0,0.0,10.0,C,Passenger,2.3,,38.6,,0,0.25735294117647056,17.5,0.25735294117647056,0.023078444732619732,2.3,2.3,5.1,0.0,6.0,7.6757302031271495,6.195408690126301,38.6,58.8,False,,,,🥅 D:4,,False,False,2,,False,0,,False,0,,ALTLINE_NB_v1_2026-01-18,,,,exp/fallback,0.5349999999999999,,,,,,,,,exp/fallback,0.32,,,,,,,,,exp/fallback,0.149,,,,,,,,,exp/fallback,0.18630000000000002,,,,,,,,,exp/fallback,0.1621125,,,,,,2.1,,2026-09-24-frozen-v2,[],2025-2026
2026-09-29,VAN@EDM,,9:00 PM,2026-09-30T02:00:00Z,Filip Hronek,8479425,VAN,D,⭐ STAR,Healthy,Unknown,,,0,0.0,,EDM,Tristan Jarry,0.8822115384615384,3.3152597799223806,83.3,,moneypuck_team_proxy,22.25,4,22.25,4,16.1,58.8,93.9,A1+A2,25.01,100.0,79.3,1.15,STAR,False,True,23.458639271933965,2.22263647167999,5.2,13.3,8,2.0,True,2.5,2.5,3.2,2.745,92.5,8.0,0.0,26.0,0.0,3.0,8.0,13.0,23.0,11.0,18.0,48.0,77.0,GOOD,0.8,,OK,0.65,,LOW,0.575,,STRONG,0.8,,OK,0.55,,OK,0.45,,OK,2.6,,LOW,2.4,,LOW,1.925,,0.780878798520875,0.33466234222323216,,,8.0,2.466443398236635,2.4605092289198285,50.0,39.5,44.9,39.5,6.83,1.07,30.2,-1.17,1.07,1.45,COOL,COOL,COOL,6.34,-2.24,COOL,Yellow,Red,Red,Yellow,69,63,61,75,ASSISTS,75,1.0,1.0,10.0,2.0,7.0,1.0,A,Distributor,7.2,,88.0,,2,1.7959349593495937,147.26666666666668,1.7959349593495937,0.0718210488669246,7.2,7.2,5.611249434133091,0.6763241285649614,5.805794477138976,7.968727923515283,8.893028671226896,88.0,81.5,False,,,,🅰️ D:1,,False,False,2,,False,0,,False,0,,ALTLINE_NB_v1_2026-01-18,,,,exp/fallback,3.02,,,,,,,,,exp/fallback,0.683,,,,,,,,,exp/fallback,0.634,,,,,,,,,exp/fallback,0.2228,,,,,,,,,exp/fallback,0.17455,,,,,,16.1,,2026-09-24-frozen-v2,[],2025-2026
2026-09-29,CHI@VGK,,9:30 PM,2026-09-30T02:30:00Z,Noah Hanifin,8478396,VGK,D,,Healthy,Unknown,,,0,0.0,,CHI,Spencer Knight,0.9019987105093488,2.822524488185321,42.3,,moneypuck_team_proxy,28.75,4,28.75,4,6.5,54.8,79.4,A1+A2,22.6,96.0,71.6,1.09,NONE,False,False,26.819846846450986,2.5171828375350027,74.7,74.7,13,3.25,True,1.0,0.75,0.4,0.79,10.7,1.0,0.0,10.0,0.0,1.0,1.0,5.0,7.0,5.0,7.0,23.0,25.0,LOW,0.1,,LOW,0.25,,LOW,0.175,,LOW,0.1,,LOW,0.25,,LOW,0.175,,LOW,1.0,,LOW,1.15,,LOW,0.625,,0.8678776774629042,0.2603633032388713,,,1.0,2.941628448429158,2.9328448015615374,50.0,95.3,47.6,95.3,4.81,0.98,7.9,3.81,0.98,-2.1,HOT,COOL,COOL,3.83,2.83,HOT,Yellow,Red,Red,Yellow,82,59,55,73,POINTS,82,4.0,4.0,10.0,6.0,0.0,10.0,B,Distributor,3.4,,73.4,,1,0.7715962441314553,54.78333333333333,0.7715962441314553,0.03413965372191813,3.4,3.4,7.020383328262854,1.4347429266808642,6.571341648919988,8.262546073149986,7.431258595448294,73.4,73.5,False,,,,🅿️ D:4,,False,False,1,,False,0,,False,0,,ALTLINE_NB_v1_2026-01-18,,,,exp/fallback,0.79,,,,,,,,,exp/fallback,0.481,,,,,,,,,exp/fallback,0.383,,,,,,,,,exp/fallback,0.1644,,,,,,,,,exp/fallback,0.126525,,,,,,6.5,,2026-09-24-frozen-v2,[],2025-2026
2026-09-29,CHI@VGK,,9:30 PM,2026-09-30T02:30:00Z,Dylan Coghlan,8479639,VGK,D,,Healthy,Unknown,,,0,0.0,,CHI,Spencer Knight,0.9019987105093488,2.822524488185321,42.3,,moneypuck_team_proxy,28.75,4,28.75,4,,6.5,6.9,A1+A2,15.06,53.9,16.1,0.94,NONE,False,False,26.819846846450986,2.5171828375350027,74.7,74.7,13,3.25,True,,,,,50.0,,,,,,,,,,,,,,,,,,,,,,,,,,,,,,,,,,,,,,,,0.0,0.0,,,0.0,2.941628448429158,2.9328448015615374,50.0,95.3,27.9,95.3,0.31,0.31,,,,,COOL,COOL,COOL,0.0,,COOL,Red,Red,Red,Red,29,29,24,23,POINTS,29,,,,,,,C,Passenger,0.8,,73.4,,0,0.11666666666666665,0.35,0.11666666666666665,0.007749077490774907,0.8,0.8,0.0,0.0,0.0,8.262546073149986,7.431258595448294,73.4,41.8,False,,,,,,False,False,0,,False,0,,False,0,,ALTLINE_NB_v1_2026-01-18,,,,league_avg,2.3,,,,,,,,,exp/fallback,0.031,,,,,,,,,league_avg,0.35,,,,,,,,,exp/fallback,0.1924,,,,,,,,,exp/fallback,0.12514999999999998,,,,,,,,2026-09-24-frozen-v2,[],2025-2026
2026-09-29,MTL@TOR,,6:00 PM,2026-09-29T23:00:00Z,Florian Xhekaj,8484403,MTL,L,,Healthy,Unknown,,,0,0.0,,TOR,Joseph Woll,0.8984438984438985,3.33622313234283,61.6,,moneypuck_team_proxy,23.5,4,23.5,4,,11.6,17.6,A1+A2,9.6,9.8,13.3,0.94,NONE,False,False,24.46043165467626,2.406324940047962,43.1,53.2,18,3.6,True,,,,,50.0,,,,,,,,,,,,,,,,,,,,,,,,,,,,,,,,,,,,,,,,0.02084056964223689,0.02084056964223689,,,0.0,2.674871645486655,2.417798492517205,50.0,57.7,33.4,57.7,2.41,0.53,,,,,COOL,COOL,COOL,1.88,,COOL,Red,Red,Red,Red,28,22,23,21,POINTS,28,,,,,,,C,Passenger,0.0,,72.7,,0,0.0,0.0,0.0,0.0,0.0,0.0,0.0,,,7.76794133053955,7.933755914650478,72.7,16.5,False,,,,,,False,False,0,,False,0,,False,0,,ALTLINE_NB_v1_2026-01-18,,,,league_avg,2.3,,,,,,,,,exp/fallback,0.24100000000000002,,,,,,,,,exp/fallback,0.188,,,,,,,,,exp/fallback,0.2012,,,,,,,,,exp/fallback,0.13945,,,,,,,,2026-09-24-frozen-v2,[],2025-2026
2026-09-29,NYR@BOS,,7:00 PM,2026-09-30T00:00:00Z,Vladislav Gavrikov,8478882,NYR,D,,Healthy,Unknown,,,0,0.0,,BOS,Jeremy Swayman,0.9071246819338422,2.707645389120994,32.0,,moneypuck_team_proxy,29.0,4,29.0,4,8.0,61.1,72.9,A1+A2,23.73,98.3,72.7,1.09,NONE,False,False,23.53754892467431,2.2585501208368255,23.4,33.2,15,3.75,True,1.0,1.125,2.0,1.35,40.2,4.0,0.0,13.0,0.0,2.0,4.0,10.0,20.0,8.0,13.0,26.0,62.0,LOW,0.4,,LOW,0.5,,LOW,0.5,,LOW,0.4,,LOW,0.4,,LOW,0.325,,LOW,1.3,,LOW,1.3,,LOW,1.55,,0.934375681315601,0.22425016351574423,,,4.0,2.666162545755205,2.6773806209827864,50.0,65.3,49.4,65.3,3.88,1.08,13.5,-0.12,1.08,0.5,COOL,COOL,COOL,3.07,-1.21,COOL,Yellow,Red,Red,Yellow,57,55,59,62,ASSISTS,62,0.0,0.0,10.0,1.0,0.0,10.0,B,Hybrid,3.9,,61.4,,1,0.933130081300813,76.51666666666667,0.933130081300813,0.03933075183332191,3.9,3.9,3.1561751252450447,1.489871487693313,1.9603572206490962,8.75699777062175,6.692271808427927,61.4,55.5,False,,,,🅰️ D:0,,False,False,1,,False,0,,False,0,,ALTLINE_NB_v1_2026-01-18,,,,exp/fallback,1.35,,,,,,,,,exp/fallback,0.388,,,,,,,,,exp/fallback,0.307,,,,,,,,,exp/fallback,0.1674,,,,,,,,,exp/fallback,0.13140000000000002,,,,,,8.0,,2026-09-24-frozen-v2,[],2025-2026
2026-09-29,FLA@CAR,,4:00 PM,2026-09-29T21:00:00Z,Wilmer Skoog,8484380,FLA,C,,Healthy,Unknown,,,0,0.0,,CAR,Brandon Bussi,0.893640350877193,2.4652486074734026,43.7,,moneypuck_team_proxy,29.25,4,29.25,4,,18.0,24.0,A1+A2,15.02,53.2,27.2,0.94,NONE,False,False,25.61660448155363,2.480733882928602,53.9,64.0,15,3.75,True,,,,,50.0,,,,,,,,,,,,,,,,,,,,,,,,,,,,,,,,,,,,,,,,0.049039640375970577,0.049039640375970577,,,0.0,2.310074668039872,2.1627983962923456,50.0,14.1,37.0,14.1,8.15,1.88,,,,,COOL,COOL,COOL,6.27,,COOL,Red,Red,Red,Red,31,22,23,24,POINTS,31,,,,,,,C,Passenger,4.1,,62.5,,0,0.6166666666666667,1.85,0.6166666666666667,0.041065482796892344,4.1,4.1,0.0,0.0,0.0,8.328119961302805,6.917211529606778,62.5,43.6,False,,,,,,False,False,0,,False,0,,False,0,,ALTLINE_NB_v1_2026-01-18,,,,league_avg,2.3,,,,,,,,,exp/fallback,0.8150000000000001,,,,,,,,,exp/fallback,0.627,,,,,,,,,exp/fallback,0.2552,,,,,,,,,exp/fallback,0.2272,,,,,,,,2026-09-24-frozen-v2,[],2025-2026
2026-09-29,CHI@VGK,,9:30 PM,2026-09-30T02:30:00Z,Wyatt Kaiser,8482176,CHI,D,,Healthy,Unknown,,,0,0.0,,VGK,Akira Schmid,0.8925410872313527,2.5943856138774195,48.8,,moneypuck_team_proxy,21.25,4,21.25,4,,43.7,51.9,A1+A2,19.61,85.2,54.8,1.02,NONE,False,False,23.53719609781112,2.168816399449161,14.3,4.2,9,2.25,True,,,,,50.0,,,,,,,,,,,,,,,,,,,,,,,,,,,,,,,,,,,,,,,,0.7239637012644227,0.18099092531610567,,,0.0,2.110930465732193,1.998905475419135,50.0,4.2,43.7,4.2,2.02,0.57,,,,,COOL,COOL,COOL,1.46,,COOL,Red,Red,Red,Red,48,37,39,42,POINTS,48,,,,,,,C,Passenger,0.4,,17.7,,0,0.08051948051948052,6.2,0.08051948051948052,0.004105325887831902,0.4,0.4,0.0,0.0,0.0,6.805363673303535,6.308402585410895,17.7,24.5,False,,,,,,False,False,0,,False,0,,False,0,,ALTLINE_NB_v1_2026-01-18,,,,league_avg,2.3,,,,,,,,,exp/fallback,0.202,,,,,,,,,exp/fallback,0.146,,,,,,,,,exp/fallback,0.20279999999999998,,,,,,,,,exp/fallback,0.14205,,,,,,,,2026-09-24-frozen-v2,[],2025-2026
2026-09-29,NYR@BOS,,7:00 PM,2026-09-30T00:00:00Z,Braden Schneider,8482073,NYR,D,,Healthy,Unknown,,,0,0.0,,BOS,Jeremy Swayman,0.9071246819338422,2.707645389120994,32.0,,moneypuck_team_proxy,29.0,4,29.0,4,,44.5,63.9,A1+A2,20.44,87.5,59.9,1.04,NONE,False,False,23.53754892467431,2.2585501208368255,23.4,33.2,15,3.75,True,,,,,50.0,,,,,,,,,,,,,,,,,,,,,,,,,,,,,,,,,,,,,,,,0.7174929950643048,0.3798492326811025,,,0.0,2.666162545755205,2.6773806209827864,50.0,65.3,43.4,65.3,2.59,0.56,,,,,COOL,COOL,COOL,2.03,,COOL,Red,Red,Red,Red,59,47,44,54,POINTS,59,,,,,,,C,Passenger,1.7,,61.4,,0,0.3567073170731707,29.25,0.3567073170731707,0.017449490932230353,1.7,1.7,0.020512820512820513,0.020512820512820513,0.0,8.75699777062175,6.692271808427927,61.4,36.4,False,,,,,,False,False,0,,False,0,,False,0,,ALTLINE_NB_v1_2026-01-18,,,,league_avg,2.3,,,,,,,,,exp/fallback,0.259,,,,,,,,,exp/fallback,0.20299999999999999,,,,,,,,,exp/fallback,0.2024,,,,,,,,,exp/fallback,0.1414,,,,,,,,2026-09-24-frozen-v2,[],2025-2026
2026-09-29,FLA@CAR,,4:00 PM,2026-09-29T21:00:00Z,Niko Mikkola,8478859,FLA,D,,Healthy,Unknown,,,0,0.0,,CAR,Brandon Bussi,0.893640350877193,2.4652486074734026,43.7,,moneypuck_team_proxy,29.25,4,29.25,4,,40.1,43.8,A1+A2,20.36,86.9,50.8,1.0,NONE,False,False,25.61660448155363,2.480733882928602,53.9,64.0,15,3.75,True,,,,,50.0,,,,,,,,,,,,,,,,,,,,,,,,,,,,,,,,,,,,,,,,0.5620050523686526,0.1532741051914507,,,0.0,2.310074668039872,2.1627983962923456,50.0,14.1,40.3,14.1,1.74,0.56,,,,,COOL,COOL,COOL,1.18,,COOL,Red,Red,Red,Red,45,37,38,39,POINTS,45,,,,,,,C,Passenger,0.6,,62.5,,0,0.11544117647058823,7.85,0.11544117647058823,0.005671214073280273,0.6,0.6,0.4585987261146497,0.4585987261146497,0.0,8.328119961302805,6.917211529606778,62.5,34.5,False,,,,,,False,False,0,,False,0,,False,0,,ALTLINE_NB_v1_2026-01-18,,,,league_avg,2.3,,,,,,,,,exp/fallback,0.174,,,,,,,,,exp/fallback,0.118,,,,,,,,,exp/fallback,0.2024,,,,,,,,,exp/fallback,0.1414,,,,,,,,2026-09-24-frozen-v2,[],2025-2026
2026-09-29,NYR@BOS,,7:00 PM,2026-09-30T00:00:00Z,Charlie McAvoy,8479325,BOS,D,,Healthy,Unknown,,,0,0.0,,NYR,Igor Shesterkin,0.911578947368421,2.4998208902580834,20.0,,moneypuck_team_proxy,24.5,4,24.5,4,10.0,66.7,97.0,A1+A2,24.39,99.3,83.8,1.14,NONE,False,False,25.711828421616815,2.3918432128567453,64.8,43.3,10,2.5,True,2.0,2.25,2.2,2.0700000000000003,74.8,2.0,0.0,13.0,0.0,2.0,2.0,2.0,2.0,2.0,2.0,13.0,13.0,LOW,0.2,,LOW,0.1,,LOW,0.05,,LOW,0.2,,LOW,0.1,,LOW,0.05,,LOW,1.3,,LOW,0.65,,LOW,0.325,,1.4927436074637181,0.6468555632342778,,,2.0,2.398134962935236,2.2409738553050214,50.0,25.1,62.7,25.1,10.85,1.64,22.77,7.86,1.64,7.7,HOT,WARM,HOT,9.04,6.22,HOT,Green,Red,Red,Green,82,59,61,75,POINTS,82,3.0,3.0,6.0,0.0,1.0,4.0,A,Distributor,11.8,,68.0,,2,2.876086956521739,198.45,2.876086956521739,0.117922612975746,11.8,11.8,4.698412698412699,0.5865457294028723,4.837490551776266,7.852567975830816,7.578865779615037,68.0,80.3,False,,,,🅿️ D:3,,False,False,1,,False,0,,False,0,,ALTLINE_NB_v1_2026-01-18,,,,exp/fallback,2.277,,,,,,,,,exp/fallback,1.085,,,,,,,,,exp/fallback,0.9039999999999999,,,,,,,,,exp/fallback,0.24559999999999998,,,,,,,,,exp/fallback,0.21159999999999998,,,,,,10.0,,2026-09-24-frozen-v2,[],2025-2026
2026-09-29,FLA@CAR,,4:00 PM,2026-09-29T21:00:00Z,Sebastian Aho,8478427,CAR,C,⭐ STAR,Healthy,Unknown,,,0,0.0,,FLA,Sergei Bobrovsky,0.8768,3.0701244330736133,79.5,,moneypuck_team_proxy,25.0,4,25.0,4,8.5,94.5,97.7,A1+A2,19.61,84.8,93.7,1.21,STAR,False,True,30.49987126200022,2.976863942325376,94.9,94.9,18,4.5,True,2.0,2.0,2.0,2.0,68.7,7.0,2.0,20.0,1.0,4.0,5.0,12.0,12.0,7.0,7.0,37.0,37.0,OK,0.7,,OK,0.6,,LOW,0.3,,OK,0.5,,LOW,0.35,,LOW,0.175,,LOW,2.0,,LOW,1.85,,LOW,0.925,,1.9845037209444767,0.826876550393532,,,5.0,2.5561842144182134,2.6924815874317054,50.0,58.6,70.6,58.6,16.55,4.55,22.0,5.26,2.14,0.0,HOT,WARM,COOL,10.96,3.12,HOT,Green,Red,Red,Green,88,79,80,85,POINTS,88,1.0,2.0,1.0,2.0,4.0,2.0,A,Distributor,14.8,,38.6,,2,2.90126582278481,229.2,2.90126582278481,0.14792982154190376,14.8,14.8,4.590314136125654,1.5863874345549738,3.5340314136125657,7.6757302031271495,6.195408690126301,38.6,73.1,False,,,,🅿️ D:1,🥅 GOAL EARNED,False,True,3,"iXG,REG,G",False,0,,False,0,,ALTLINE_NB_v1_2026-01-18,,,,exp/fallback,2.2,,,,,,,,,exp/fallback,1.655,,,,,,,,,exp/fallback,1.096,,,,,,,,,exp/fallback,0.362,,,,,,,,,exp/fallback,0.40074999999999994,,,,,,8.5,,2026-09-24-frozen-v2,[],2025-2026
2026-09-29,CHI@VGK,,9:30 PM,2026-09-30T02:30:00Z,Pavel Dorofeyev,8481604,VGK,R,,Healthy,Unknown,,,0,0.0,,CHI,Spencer Knight,0.9019987105093488,2.822524488185321,42.3,,moneypuck_team_proxy,28.75,4,28.75,4,16.1,97.6,82.2,A1+A2,17.6,72.4,87.2,1.15,NONE,False,False,26.819846846450986,2.5171828375350027,74.7,74.7,13,3.25,True,2.5,2.375,2.6,2.535,87.9,5.0,3.0,26.0,2.0,0.0,2.0,16.0,16.0,4.0,4.0,53.0,58.0,LOW,0.5,,GOOD,0.8,,LOW,0.4,,LOW,0.2,,LOW,0.2,,LOW,0.1,,OK,2.6,,OK,2.65,,LOW,1.45,,1.727758113864059,0.5939168516407702,,,2.0,2.941628448429158,2.9328448015615374,50.0,95.3,66.4,95.3,8.91,4.75,27.89,3.1,1.32,-0.65,HOT,COOL,COOL,4.16,1.78,WARM,Yellow,Red,Green,Yellow,75,88,87,81,SOG,88,1.0,8.0,1.0,0.0,2.0,1.0,A,Hybrid,18.7,,73.4,,2,3.2890243902439025,269.7,3.2890243902439025,0.18682891911238367,18.7,18.7,4.623470522803114,2.8743047830923247,2.057842046718576,8.262546073149986,7.431258595448294,73.4,83.6,True,,,,🎯 D:0,,False,False,1,,False,0,,False,0,,ALTLINE_NB_v1_2026-01-18,,,,exp/fallback,2.789,,,,,,,,,exp/fallback,0.891,,,,,,,,,exp/fallback,0.41600000000000004,,,,,,,,,exp/fallback,0.37,,,,,,,,,exp/fallback,0.41374999999999995,,,,,,16.1,,2026-09-24-frozen-v2,[],2025-2026
2026-09-29,MTL@TOR,,6:00 PM,2026-09-29T23:00:00Z,Troy Stecher,8479442,TOR,D,,Healthy,Unknown,,,0,0.0,,MTL,Jakub Dobes,0.9014321819713563,2.7795558781799583,41.8,,moneypuck_team_proxy,24.8,5,24.8,5,,37.0,51.9,A1+A2,19.19,81.5,51.1,1.0,NONE,False,False,24.25081018097076,2.2433091796234934,33.3,23.2,14,3.5,True,,,,,50.0,,,,,,,,,,,,,,,,,,,,,,,,,,,,,,,,,,,,,,,,0.7282799831935388,0.2801076858436688,,,0.0,2.6185551558753,2.697841726618705,50.0,57.7,43.9,68.7,2.26,0.53,,,,,COOL,COOL,COOL,1.73,,COOL,Red,Red,Red,Red,53,42,40,47,POINTS,53,,,,,,,C,Passenger,0.2,,49.8,,0,0.03463541666666667,2.216666666666667,0.03463541666666667,0.0018051276483122736,0.2,0.2,0.0,0.0,0.0,7.0393554384877595,7.875,49.8,24.4,False,,,,,,False,False,0,,False,0,,False,0,,ALTLINE_NB_v1_2026-01-18,,,,league_avg,2.3,,,,,,,,,exp/fallback,0.22599999999999998,,,,,,,,,exp/fallback,0.173,,,,,,,,,exp/fallback,0.2012,,,,,,,,,exp/fallback,0.13945,,,,,,,,2026-09-24-frozen-v2,[],2025-2026
2026-09-29,CHI@VGK,,9:30 PM,2026-09-30T02:30:00Z,Andrew Mangiapane,8478233,CHI,L,,Healthy,Unknown,,,0,0.0,,VGK,Akira Schmid,0.8925410872313527,2.5943856138774195,48.8,,moneypuck_team_proxy,21.25,4,21.25,4,,60.7,43.8,A1+A2,12.48,30.0,48.7,1.0,NONE,False,False,23.53719609781112,2.168816399449161,14.3,4.2,9,2.25,True,,,,,50.0,,,,,,,,,,,,,,,,,,,,,,,,,,,,,,,,,,,,,,,,1.1429608127721336,0.408200290275762,,,0.0,2.110930465732193,1.998905475419135,50.0,4.2,53.1,4.2,2.58,1.3,,,,,COOL,COOL,COOL,1.28,,COOL,Red,Red,Red,Red,40,42,46,36,GOAL,46,,,,,,,C,Passenger,1.1,,17.7,,0,0.13709677419354838,8.5,0.13709677419354838,0.010981439214504111,1.1,1.1,2.1176470588235294,2.1176470588235294,0.0,6.805363673303535,6.308402585410895,17.7,29.1,False,,,,,,False,False,0,,False,0,,False,0,,ALTLINE_NB_v1_2026-01-18,,,,league_avg,2.3,,,,,,,,,exp/fallback,0.258,,,,,,,,,exp/fallback,0.128,,,,,,,,,exp/fallback,0.23199999999999998,,,,,,,,,exp/fallback,0.1895,,,,,,,,2026-09-24-frozen-v2,[],2025-2026
2026-09-29,CHI@VGK,,9:30 PM,2026-09-30T02:30:00Z,Alex Vlasic,8481568,CHI,D,,Healthy,Unknown,,,0,0.0,,VGK,Akira Schmid,0.8925410872313527,2.5943856138774195,48.8,,moneypuck_team_proxy,21.25,4,21.25,4,,36.6,69.6,A1+A2,21.07,91.6,59.1,1.04,NONE,False,False,23.53719609781112,2.168816399449161,14.3,4.2,9,2.25,True,,,,,50.0,,,,,,,,,,,,,,,,,,,,,,,,,,,,,,,,,,,,,,,,0.761788321596934,0.380894160798467,,,0.0,2.110930465732193,1.998905475419135,50.0,4.2,44.4,4.2,2.9,0.43,,,,,COOL,COOL,COOL,2.46,,COOL,Red,Red,Red,Red,58,34,35,50,POINTS,58,,,,,,,C,Passenger,0.4,,17.7,,0,0.08229166666666667,6.583333333333333,0.08229166666666667,0.0039047826172917614,0.4,0.4,0.5468354430379747,0.5468354430379747,0.0,6.805363673303535,6.308402585410895,17.7,24.5,False,,,,,,False,False,0,,False,0,,False,0,,ALTLINE_NB_v1_2026-01-18,,,,league_avg,2.3,,,,,,,,,exp/fallback,0.29,,,,,,,,,exp/fallback,0.246,,,,,,,,,exp/fallback,0.1972,,,,,,,,,exp/fallback,0.13294999999999998,,,,,,,,2026-09-24-frozen-v2,[],2025-2026
2026-09-29,VAN@EDM,,9:00 PM,2026-09-30T02:00:00Z,Teddy Blueger,8476927,VAN,C,,Healthy,Unknown,,,0,0.0,,EDM,Tristan Jarry,0.8822115384615384,3.3152597799223806,83.3,,moneypuck_team_proxy,22.25,4,22.25,4,,55.3,43.8,A1+A2,16.51,63.6,53.0,1.01,NONE,False,False,23.458639271933965,2.22263647167999,5.2,13.3,8,2.0,True,,,,,50.0,,,,,,,,,,,,,,,,,,,,,,,,,,,,,,,,,,,,,,,,1.4477696973759173,0.2412949495626529,,,0.0,2.466443398236635,2.4605092289198285,50.0,39.5,60.9,39.5,4.21,1.9,,,,,COOL,COOL,COOL,2.31,,COOL,Red,Red,Red,Red,50,47,51,47,GOAL,51,,,,,,,C,Passenger,0.7,,88.0,,0,0.11523809523809524,4.033333333333333,0.11523809523809524,0.0069790915645277585,0.7,0.7,10.56198347107438,10.56198347107438,0.0,7.968727923515283,8.893028671226896,88.0,43.3,False,,,,,,False,False,1,,False,0,,False,0,,ALTLINE_NB_v1_2026-01-18,,,,league_avg,2.3,,,,,,,,,exp/fallback,0.421,,,,,,,,,exp/fallback,0.231,,,,,,,,,exp/fallback,0.256,,,,,,,,,exp/fallback,0.2285,,,,,,,,2026-09-24-frozen-v2,[],2025-2026
2026-09-29,FLA@CAR,,4:00 PM,2026-09-29T21:00:00Z,Domenick Fensore,8481562,CAR,D,,Healthy,Unknown,,,0,0.0,,FLA,Sergei Bobrovsky,0.8768,3.0701244330736133,79.5,,moneypuck_team_proxy,25.0,4,25.0,4,,3.7,6.9,A1+A2,19.37,82.8,20.6,0.94,NONE,False,False,30.49987126200022,2.976863942325376,94.9,94.9,18,4.5,True,,,,,50.0,,,,,,,,,,,,,,,,,,,,,,,,,,,,,,,,,,,,,,,,0.0,0.0,,,0.0,2.5561842144182134,2.6924815874317054,50.0,58.6,27.9,58.6,0.38,0.38,,,,,COOL,COOL,COOL,0.0,,COOL,Red,Red,Red,Red,31,24,23,23,POINTS,31,,,,,,,C,Passenger,0.0,,38.6,,0,0.0,0.0,0.0,0.0,0.0,0.0,0.0,,,7.6757302031271495,6.195408690126301,38.6,6.1,False,,,,,,False,False,1,,False,0,,False,0,,ALTLINE_NB_v1_2026-01-18,,,,league_avg,2.3,,,,,,,,,exp/fallback,0.038,,,,,,,,,league_avg,0.35,,,,,,,,,exp/fallback,0.19519999999999998,,,,,,,,,exp/fallback,0.12969999999999998,,,,,,,,2026-09-24-frozen-v2,[],2025-2026
2026-09-29,MTL@TOR,,6:00 PM,2026-09-29T23:00:00Z,William Nylander,8477939,TOR,R,👑 ELITE,Healthy,Unknown,,,0,0.0,,MTL,Jakub Dobes,0.9014321819713563,2.7795558781799583,41.8,,moneypuck_team_proxy,24.8,5,24.8,5,23.1,87.9,96.5,A1+A2,19.42,83.5,90.0,1.23,ELITE,True,False,24.25081018097076,2.2433091796234934,33.3,23.2,14,3.5,True,3.0,2.625,2.8,2.93,94.4,12.0,5.0,29.0,4.0,2.0,7.0,22.0,47.0,13.0,28.0,56.0,103.0,STRONG,1.2,,STRONG,1.1,,STRONG,1.175,,GOOD,0.7,,GOOD,0.65,,GOOD,0.7,,OK,2.9,,OK,2.8,,OK,2.575,,2.639120293235588,1.0796401199600134,,,7.0,2.6185551558753,2.697841726618705,50.0,57.7,74.3,68.7,14.47,4.27,32.23,1.15,-1.12,0.3,COOL,COOL,COOL,12.51,2.27,WARM,Green,Green,Green,Green,74,78,83,83,ASSISTS,83,0.0,1.0,0.0,0.0,6.0,1.0,A,Distributor,13.8,,49.8,,2,2.672051282051282,173.68333333333334,2.672051282051282,0.13762364469565905,13.8,13.8,4.5272046828519334,1.1503694463103349,3.972747337107763,7.0393554384877595,7.875,49.8,74.7,False,,,,🅰️ D:1,,False,False,0,,False,0,,False,0,,ALTLINE_NB_v1_2026-01-18,,,,exp/fallback,3.223,,,,,,,,,exp/fallback,1.447,,,,,,,,,exp/fallback,1.251,,,,,,,,,exp/fallback,0.3508,,,,,,,,,exp/fallback,0.38254999999999995,,,,,,23.1,,2026-09-24-frozen-v2,[],2025-2026
2026-09-29,CHI@VGK,,9:30 PM,2026-09-30T02:30:00Z,Reilly Smith,8475191,VGK,R,,Healthy,Unknown,,,0,0.0,,CHI,Spencer Knight,0.9019987105093488,2.822524488185321,42.3,,moneypuck_team_proxy,28.75,4,28.75,4,,67.9,49.3,A1+A2,13.68,39.7,55.7,1.02,NONE,False,False,26.819846846450986,2.5171828375350027,74.7,74.7,13,3.25,True,,,,,50.0,,,,,,,,,,,,,,,,,,,,,,,,,,,,,,,,,,,,,,,,1.5029223490119676,0.4294063854319908,,,0.0,2.941628448429158,2.9328448015615374,50.0,95.3,63.4,95.3,3.05,1.57,,,,,COOL,COOL,COOL,1.48,,COOL,Red,Red,Red,Red,53,61,59,53,SOG,61,,,,,,,C,Passenger,3.0,,73.4,,0,0.4152173913043478,28.65,0.4152173913043478,0.030344754541121642,3.0,3.0,1.842931937172775,1.842931937172775,0.0,8.262546073149986,7.431258595448294,73.4,47.5,False,,,,,,False,False,0,,False,0,,False,0,,ALTLINE_NB_v1_2026-01-18,,,,league_avg,2.3,,,,,,,,,exp/fallback,0.305,,,,,,,,,exp/fallback,0.148,,,,,,,,,exp/fallback,0.24280000000000002,,,,,,,,,exp/fallback,0.20705,,,,,,,,2026-09-24-frozen-v2,[],2025-2026
2026-09-29,CHI@VGK,,9:30 PM,2026-09-30T02:30:00Z,Nic Dowd,8475343,VGK,C,,Healthy,Unknown,,,0,0.0,,CHI,Spencer Knight,0.9019987105093488,2.822524488185321,42.3,,moneypuck_team_proxy,28.75,4,28.75,4,,62.3,63.9,A1+A2,14.54,45.8,59.6,1.04,NONE,False,False,26.819846846450986,2.5171828375350027,74.7,74.7,13,3.25,True,,,,,50.0,,,,,,,,,,,,,,,,,,,,,,,,,,,,,,,,,,,,,,,,1.0678333735006766,0.06673958584379229,,,0.0,2.941628448429158,2.9328448015615374,50.0,95.3,51.8,95.3,3.4,1.19,,,,,COOL,COOL,COOL,2.21,,COOL,Red,Red,Red,Red,60,59,56,57,POINTS,60,,,,,,,C,Passenger,0.5,,73.4,,0,0.06555555555555556,4.916666666666667,0.06555555555555556,0.004508015098030227,0.5,0.5,0.0,0.0,0.0,8.262546073149986,7.431258595448294,73.4,39.8,False,,,,,,False,False,0,,False,0,,False,0,,ALTLINE_NB_v1_2026-01-18,,,,league_avg,2.3,,,,,,,,,exp/fallback,0.33999999999999997,,,,,,,,,exp/fallback,0.221,,,,,,,,,exp/fallback,0.2276,,,,,,,,,exp/fallback,0.18235,,,,,,,,2026-09-24-frozen-v2,[],2025-2026
2026-09-29,FLA@CAR,,4:00 PM,2026-09-29T21:00:00Z,Uvis Balinskis,8484304,FLA,D,,Healthy,Unknown,,,0,0.0,,CAR,Brandon Bussi,0.893640350877193,2.4652486074734026,43.7,,moneypuck_team_proxy,29.25,4,29.25,4,,43.0,49.3,A1+A2,16.37,62.3,49.1,1.0,NONE,False,False,25.61660448155363,2.480733882928602,53.9,64.0,15,3.75,True,,,,,50.0,,,,,,,,,,,,,,,,,,,,,,,,,,,,,,,,,,,,,,,,0.7020128702359544,0.3120057201048686,,,0.0,2.310074668039872,2.1627983962923456,50.0,14.1,42.7,14.1,2.62,0.78,,,,,COOL,COOL,COOL,1.84,,COOL,Red,Red,Red,Red,45,36,38,39,POINTS,45,,,,,,,C,Passenger,7.2,,62.5,,0,1.1734567901234567,63.36666666666667,1.1734567901234567,0.07167769545463114,7.2,7.2,3.37559179379274,1.363492898474487,2.367175170962651,8.328119961302805,6.917211529606778,62.5,65.5,False,,,,,,False,False,0,,False,0,,False,0,,ALTLINE_NB_v1_2026-01-18,,,,league_avg,2.3,,,,,,,,,exp/fallback,0.262,,,,,,,,,exp/fallback,0.184,,,,,,,,,exp/fallback,0.2112,,,,,,,,,exp/fallback,0.1557,,,,,,,,2026-09-24-frozen-v2,[],2025-2026
2026-09-29,NYR@BOS,,7:00 PM,2026-09-30T00:00:00Z,James Hagens,8485395,BOS,C,,Healthy,Unknown,,,0,0.0,,NYR,Igor Shesterkin,0.911578947368421,2.4998208902580834,20.0,,moneypuck_team_proxy,24.5,4,24.5,4,,9.4,17.6,A1+A2,14.55,46.5,19.6,0.94,NONE,False,False,25.711828421616815,2.3918432128567453,64.8,43.3,10,2.5,True,,,,,50.0,,,,,,,,,,,,,,,,,,,,,,,,,,,,,,,,,,,,,,,,0.03436426116838488,0.0,,,0.0,2.398134962935236,2.2409738553050214,50.0,25.1,35.6,25.1,5.5,0.8,,,,,COOL,COOL,COOL,4.7,,COOL,Red,Red,Red,Red,26,19,17,19,POINTS,26,,,,,,,C,Passenger,0.0,,68.0,,0,0.0,0.0,0.0,0.0,0.0,0.0,0.0,,,7.852567975830816,7.578865779615037,68.0,14.5,False,,,,,,False,False,0,,False,0,,False,0,,ALTLINE_NB_v1_2026-01-18,,,,league_avg,2.3,,,,,,,,,exp/fallback,0.55,,,,,,,,,exp/fallback,0.47000000000000003,,,,,,,,,exp/fallback,0.212,,,,,,,,,exp/fallback,0.157,,,,,,,,2026-09-24-frozen-v2,[],2025-2026
2026-09-29,FLA@CAR,,4:00 PM,2026-09-29T21:00:00Z,Josiah Slavin,8481004,CAR,L,,Healthy,Unknown,,,0,0.0,,FLA,Sergei Bobrovsky,0.8768,3.0701244330736133,79.5,,moneypuck_team_proxy,25.0,4,25.0,4,,8.2,6.9,A1+A2,15.02,53.2,16.7,0.94,NONE,False,False,30.49987126200022,2.976863942325376,94.9,94.9,18,4.5,True,,,,,50.0,,,,,,,,,,,,,,,,,,,,,,,,,,,,,,,,,,,,,,,,0.0,0.0,,,0.0,2.5561842144182134,2.6924815874317054,50.0,58.6,27.9,58.6,0.66,0.66,,,,,COOL,COOL,COOL,0.0,,COOL,Red,Red,Red,Red,28,24,25,21,POINTS,28,,,,,,,C,Passenger,0.0,,38.6,,0,0.0,0.0,0.0,0.0,0.0,0.0,0.0,,,7.6757302031271495,6.195408690126301,38.6,6.1,False,,,,,,False,False,1,,False,0,,False,0,,ALTLINE_NB_v1_2026-01-18,,,,league_avg,2.3,,,,,,,,,exp/fallback,0.066,,,,,,,,,league_avg,0.35,,,,,,,,,exp/fallback,0.2064,,,,,,,,,exp/fallback,0.1479,,,,,,,,2026-09-24-frozen-v2,[],2025-2026
2026-09-29,FLA@CAR,,4:00 PM,2026-09-29T21:00:00Z,Sean Walker,8480336,CAR,D,,Healthy,Unknown,,,0,0.0,,FLA,Sergei Bobrovsky,0.8768,3.0701244330736133,79.5,,moneypuck_team_proxy,25.0,4,25.0,4,4.3,65.5,74.9,A1+A2,21.81,94.3,74.6,1.1,NONE,False,False,30.49987126200022,2.976863942325376,94.9,94.9,18,4.5,True,1.0,1.125,0.8,0.9299999999999999,15.9,1.0,0.0,12.0,0.0,1.0,1.0,3.0,3.0,3.0,3.0,27.0,27.0,LOW,0.1,,LOW,0.15,,LOW,0.075,,LOW,0.1,,LOW,0.15,,LOW,0.075,,LOW,1.2,,LOW,1.35,,LOW,0.675,,0.9315721968452555,0.24301883395963186,,,1.0,2.5561842144182134,2.6924815874317054,50.0,58.6,49.2,58.6,4.3,1.32,10.23,3.3,1.32,-2.7,HOT,COOL,COOL,3.28,1.98,WARM,Yellow,Red,Red,Yellow,72,54,61,67,POINTS,72,1.0,1.0,10.0,3.0,0.0,10.0,C,Passenger,3.4,,38.6,,0,0.7364197530864197,59.65,0.7364197530864197,0.03376192138255021,3.4,3.4,1.4886839899413244,0.633696563285834,1.0058675607711651,7.6757302031271495,6.195408690126301,38.6,45.4,False,,,,🅿️ D:1,,False,False,2,,False,0,,False,0,,ALTLINE_NB_v1_2026-01-18,,,,exp/fallback,1.0230000000000001,,,,,,,,,exp/fallback,0.43,,,,,,,,,exp/fallback,0.32799999999999996,,,,,,,,,exp/fallback,0.1746,,,,,,,,,exp/fallback,0.1431,,,,,,4.3,,2026-09-24-frozen-v2,[],2025-2026
2026-09-29,NYR@BOS,,7:00 PM,2026-09-30T00:00:00Z,Adam Fox,8479323,NYR,D,,Healthy,Unknown,,,0,0.0,,BOS,Jeremy Swayman,0.9071246819338422,2.707645389120994,32.0,,moneypuck_team_proxy,29.0,4,29.0,4,12.0,59.4,95.3,A1+A2,23.63,97.6,79.6,1.12,NONE,False,False,23.53754892467431,2.2585501208368255,23.4,33.2,15,3.75,True,1.5,1.875,1.8,1.605,55.6,14.0,4.0,18.0,2.0,4.0,10.0,24.0,42.0,19.0,36.0,26.0,58.0,ELITE,1.4,,STRONG,1.2,,STRONG,1.05,,ELITE,1.0,,ELITE,0.95,,STRONG,0.9,,LOW,1.8,,LOW,1.3,,LOW,1.45,,1.2866960180657319,0.4678894611148116,,,10.0,2.666162545755205,2.6773806209827864,50.0,65.3,57.0,65.3,11.58,1.58,16.05,-3.47,-2.42,-1.95,COOL,COOL,COOL,9.83,-1.06,COOL,Green,Red,Red,Yellow,69,58,58,78,ASSISTS,78,1.0,1.0,3.0,1.0,7.0,3.0,A,Distributor,13.7,,61.4,,2,3.226363636363636,177.45,3.226363636363636,0.1365437640269317,13.7,13.7,5.215553677092139,0.760777683854607,5.240912933220626,8.75699777062175,6.692271808427927,61.4,77.8,False,,,,🅰️ D:1,,False,False,1,,False,0,,False,0,,ALTLINE_NB_v1_2026-01-18,,,,exp/fallback,1.605,,,,,,,,,exp/fallback,1.158,,,,,,,,,exp/fallback,0.983,,,,,,,,,exp/fallback,0.20672,,,,,,,,,exp/fallback,0.17654499999999998,,,,,,12.0,,2026-09-24-frozen-v2,[],2025-2026
2026-09-29,VAN@EDM,,9:00 PM,2026-09-30T02:00:00Z,Joseph LaBate,8476425,VAN,C,,Healthy,Unknown,,,0,0.0,,EDM,Tristan Jarry,0.8822115384615384,3.3152597799223806,83.3,,moneypuck_team_proxy,22.25,4,22.25,4,,13.6,6.9,A1+A2,9.53,9.1,10.4,0.94,NONE,False,False,23.458639271933965,2.22263647167999,5.2,13.3,8,2.0,True,,,,,50.0,,,,,,,,,,,,,,,,,,,,,,,,,,,,,,,,,,,,,,,,0.0,0.0,,,0.0,2.466443398236635,2.4605092289198285,50.0,39.5,27.9,39.5,3.38,3.38,,,,,COOL,COOL,COOL,0.0,,COOL,Red,Red,Red,Red,22,20,24,15,GOAL,24,,,,,,,C,Passenger,0.0,,88.0,,0,0.0,0.0,0.0,0.0,0.0,0.0,0.0,,,7.968727923515283,8.893028671226896,88.0,20.4,False,,,,,,False,False,1,,False,0,,False,0,,ALTLINE_NB_v1_2026-01-18,,,,league_avg,2.3,,,,,,,,,exp/fallback,0.33799999999999997,,,,,,,,,league_avg,0.35,,,,,,,,,exp/fallback,0.3152,,,,,,,,,exp/fallback,0.3247,,,,,,,,2026-09-24-frozen-v2,[],2025-2026
2026-09-29,VAN@EDM,,9:00 PM,2026-09-30T02:00:00Z,Aatu Rty,8482691,VAN,C,,Healthy,Unknown,,,0,0.0,,EDM,Tristan Jarry,0.8822115384615384,3.3152597799223806,83.3,,moneypuck_team_proxy,22.25,4,22.25,4,,61.7,49.3,A1+A2,12.02,26.3,50.3,1.0,NONE,False,False,23.458639271933965,2.22263647167999,5.2,13.3,8,2.0,True,,,,,50.0,,,,,,,,,,,,,,,,,,,,,,,,,,,,,,,,,,,,,,,,1.1716025849644336,0.5021153935561857,,,0.0,2.466443398236635,2.4605092289198285,50.0,39.5,54.1,39.5,2.78,1.27,,,,,COOL,COOL,COOL,1.52,,COOL,Red,Red,Red,Red,48,48,53,45,GOAL,53,,,,,,,C,Passenger,0.8,,88.0,,0,0.09621212121212121,6.35,0.09621212121212121,0.008003529115200404,0.8,0.8,2.7401574803149606,2.7401574803149606,0.0,7.968727923515283,8.893028671226896,88.0,43.8,False,,,,,,False,False,1,,False,0,,False,0,,ALTLINE_NB_v1_2026-01-18,,,,league_avg,2.3,,,,,,,,,exp/fallback,0.27799999999999997,,,,,,,,,exp/fallback,0.152,,,,,,,,,exp/fallback,0.2308,,,,,,,,,exp/fallback,0.18755,,,,,,,,2026-09-24-frozen-v2,[],2025-2026
2026-09-29,MTL@TOR,,6:00 PM,2026-09-29T23:00:00Z,Jayden Struble,8481593,MTL,D,,Healthy,Unknown,,,0,0.0,,TOR,Joseph Woll,0.8984438984438985,3.33622313234283,61.6,,moneypuck_team_proxy,23.5,4,23.5,4,,26.8,49.3,A1+A2,14.02,41.1,37.5,0.95,NONE,False,False,24.46043165467626,2.406324940047962,43.1,53.2,18,3.6,True,,,,,50.0,,,,,,,,,,,,,,,,,,,,,,,,,,,,,,,,,,,,,,,,0.824673566713176,0.3748516212332618,,,0.0,2.674871645486655,2.417798492517205,50.0,57.7,46.5,57.7,1.87,0.26,,,,,COOL,COOL,COOL,1.61,,COOL,Red,Red,Red,Red,49,33,33,43,POINTS,49,,,,,,,C,Passenger,0.1,,72.7,,0,0.012146892655367232,0.7166666666666667,0.012146892655367232,0.0008665162018378203,0.1,0.1,0.0,0.0,0.0,7.76794133053955,7.933755914650478,72.7,30.3,False,,,,,,False,False,0,,False,0,,False,0,,ALTLINE_NB_v1_2026-01-18,,,,league_avg,2.3,,,,,,,,,exp/fallback,0.187,,,,,,,,,exp/fallback,0.161,,,,,,,,,exp/fallback,0.19039999999999999,,,,,,,,,exp/fallback,0.1219,,,,,,,,2026-09-24-frozen-v2,[],2025-2026
2026-09-29,CHI@VGK,,9:30 PM,2026-09-30T02:30:00Z,Kevin Korchinski,8483466,CHI,D,,Healthy,Unknown,,,0,0.0,,VGK,Akira Schmid,0.8925410872313527,2.5943856138774195,48.8,,moneypuck_team_proxy,21.25,4,21.25,4,,11.0,24.0,A1+A2,13.64,38.4,21.0,0.94,NONE,False,False,23.53719609781112,2.168816399449161,14.3,4.2,9,2.25,True,,,,,50.0,,,,,,,,,,,,,,,,,,,,,,,,,,,,,,,,,,,,,,,,0.6895230798697568,0.3447615399348784,,,0.0,2.110930465732193,1.998905475419135,50.0,4.2,42.2,4.2,1.62,0.17,,,,,COOL,COOL,COOL,1.45,,COOL,Red,Red,Red,Red,29,16,18,21,POINTS,29,,,,,,,C,Passenger,0.0,,17.7,,0,0.0,0.0,0.0,0.0,0.0,0.0,0.0,,,6.805363673303535,6.308402585410895,17.7,4.3,False,,,,,,False,False,0,,False,0,,False,0,,ALTLINE_NB_v1_2026-01-18,,,,league_avg,2.3,,,,,,,,,exp/fallback,0.162,,,,,,,,,exp/fallback,0.145,,,,,,,,,exp/fallback,0.1868,,,,,,,,,exp/fallback,0.11605,,,,,,,,2026-09-24-frozen-v2,[],2025-2026
2026-09-29,VAN@EDM,,9:00 PM,2026-09-30T02:00:00Z,Jason Dickinson,8477450,EDM,C,,Healthy,Unknown,,,0,0.0,,VAN,Kevin Lankinen,0.8754863813229572,3.7032036569136113,97.3,,moneypuck_team_proxy,27.75,4,27.75,4,,59.6,49.3,A1+A2,15.53,57.9,55.6,1.02,NONE,False,False,27.51428261280349,2.6375211575650606,84.7,84.7,13,3.25,True,,,,,50.0,,,,,,,,,,,,,,,,,,,,,,,,,,,,,,,,,,,,,,,,1.0204494837011542,0.3644462441789836,,,0.0,2.8103479152760364,2.5495335623463524,50.0,72.1,50.9,72.1,2.89,1.27,,,,,COOL,COOL,COOL,1.62,,COOL,Red,Red,Red,Red,56,54,57,52,GOAL,57,,,,,,,C,Passenger,0.5,,97.2,,0,0.08439153439153439,5.316666666666666,0.08439153439153439,0.0054330239291492805,0.5,0.5,0.677115987460815,0.677115987460815,0.0,9.539183194819762,8.332820945108345,97.2,43.8,False,,,,,,False,False,1,,False,0,,False,0,,ALTLINE_NB_v1_2026-01-18,,,,league_avg,2.3,,,,,,,,,exp/fallback,0.28900000000000003,,,,,,,,,exp/fallback,0.162,,,,,,,,,exp/fallback,0.2308,,,,,,,,,exp/fallback,0.18755,,,,,,,,2026-09-24-frozen-v2,[],2025-2026
2026-09-29,VAN@EDM,,9:00 PM,2026-09-30T02:00:00Z,Kasperi Kapanen,8477953,EDM,R,,Healthy,Unknown,,,0,0.0,,VAN,Kevin Lankinen,0.8754863813229572,3.7032036569136113,97.3,,moneypuck_team_proxy,27.75,4,27.75,4,,52.8,46.6,A1+A2,14.59,48.1,49.7,1.0,NONE,False,False,27.51428261280349,2.6375211575650606,84.7,84.7,13,3.25,True,,,,,50.0,,,,,,,,,,,,,,,,,,,,,,,,,,,,,,,,,,,,,,,,1.7799752781211373,0.8899876390605687,,,0.0,2.8103479152760364,2.5495335623463524,50.0,72.1,67.3,72.1,3.7,1.51,,,,,COOL,COOL,COOL,2.19,,COOL,Red,Red,Red,Red,55,50,53,52,POINTS,55,,,,,,,C,Passenger,1.8,,97.2,,0,0.26097560975609757,10.7,0.26097560975609757,0.017886495974145374,1.8,1.8,0.05607476635514019,0.05607476635514019,0.0,9.539183194819762,8.332820945108345,97.2,49.0,False,,,,,,False,False,1,,False,0,,False,0,,ALTLINE_NB_v1_2026-01-18,,,,league_avg,2.3,,,,,,,,,exp/fallback,0.37,,,,,,,,,exp/fallback,0.219,,,,,,,,,exp/fallback,0.2404,,,,,,,,,exp/fallback,0.20315,,,,,,,,2026-09-24-frozen-v2,[],2025-2026
2026-09-29,CHI@VGK,,9:30 PM,2026-09-30T02:30:00Z,Ryan Greene,8483450,CHI,C,,Healthy,Unknown,,,0,0.0,,VGK,Akira Schmid,0.8925410872313527,2.5943856138774195,48.8,,moneypuck_team_proxy,21.25,4,21.25,4,8.0,77.6,66.1,A1+A2,16.76,65.0,71.0,1.08,NONE,False,False,23.53719609781112,2.168816399449161,14.3,4.2,9,2.25,True,1.0,1.0,1.8,1.28,35.5,3.0,3.0,12.0,3.0,0.0,0.0,7.0,15.0,3.0,7.0,27.0,55.0,LOW,0.3,,LOW,0.35,,LOW,0.375,,LOW,0.0,,LOW,0.15,,LOW,0.175,,LOW,1.2,,LOW,1.35,,LOW,1.375,,1.2351840299438552,0.561447286338116,,,0.0,2.110930465732193,1.998905475419135,50.0,4.2,55.3,4.2,4.38,2.07,14.08,1.38,-0.93,0.8,COOL,COOL,COOL,2.3,2.3,WARM,Red,Red,Red,Red,51,51,61,60,GOAL,61,0.0,10.0,0.0,2.0,0.0,10.0,B,Hybrid,7.3,,17.7,,1,1.2264583333333332,98.11666666666666,1.2264583333333332,0.07317042855722382,7.3,7.3,1.9920163071173773,1.082384915916426,1.0701545778834722,6.805363673303535,6.308402585410895,17.7,50.6,False,,,,🥅 D:0,,False,False,0,,False,0,,False,0,,ALTLINE_NB_v1_2026-01-18,,,,exp/fallback,1.408,,,,,,,,,exp/fallback,0.438,,,,,,,,,exp/fallback,0.22999999999999998,,,,,,,,,exp/fallback,0.1971,,,,,,,,,exp/fallback,0.1796625,,,,,,8.0,,2026-09-24-frozen-v2,[],2025-2026
2026-09-29,VAN@EDM,,9:00 PM,2026-09-30T02:00:00Z,Matt Savoie,8483512,EDM,C,,Healthy,Unknown,,,0,0.0,,VAN,Kevin Lankinen,0.8754863813229572,3.7032036569136113,97.3,,moneypuck_team_proxy,27.75,4,27.75,4,9.7,86.9,69.6,A1+A2,14.78,49.5,73.4,1.09,NONE,False,False,27.51428261280349,2.6375211575650606,84.7,84.7,13,3.25,True,1.5,1.5,1.6,1.5350000000000001,51.9,1.0,0.0,10.0,0.0,1.0,1.0,1.0,1.0,1.0,1.0,10.0,10.0,LOW,0.1,,LOW,0.05,,LOW,0.025,,LOW,0.1,,LOW,0.05,,LOW,0.025,,LOW,1.0,,LOW,0.5,,LOW,0.25,,1.502654689952249,0.48084950078471966,,,1.0,2.8103479152760364,2.5495335623463524,50.0,72.1,63.2,72.1,5.19,2.66,15.35,4.19,2.66,5.35,HOT,HOT,HOT,2.53,1.53,WARM,Red,Red,Yellow,Red,76,74,78,69,GOAL,78,4.0,4.0,6.0,4.0,0.0,6.0,B,Shooter,5.3,,97.2,,1,0.78130081300813,64.06666666666666,0.78130081300813,0.05285665177036782,5.3,5.3,3.34105098855359,2.7440166493236213,0.7023933402705516,9.539183194819762,8.332820945108345,97.2,64.8,False,,,,🥅 D:6,,False,False,2,,False,0,,False,0,,ALTLINE_NB_v1_2026-01-18,,,,exp/fallback,1.535,,,,,,,,,exp/fallback,0.519,,,,,,,,,exp/fallback,0.253,,,,,,,,,exp/fallback,0.24344,,,,,,,,,exp/fallback,0.23621500000000004,,,,,,9.7,,2026-09-24-frozen-v2,[],2025-2026
2026-09-29,FLA@CAR,,4:00 PM,2026-09-29T21:00:00Z,Donovan Sebrango,8482131,FLA,D,,Healthy,Unknown,,,0,0.0,,CAR,Brandon Bussi,0.893640350877193,2.4652486074734026,43.7,,moneypuck_team_proxy,29.25,4,29.25,4,,25.6,43.8,A1+A2,15.1,54.2,37.7,0.95,NONE,False,False,25.61660448155363,2.480733882928602,53.9,64.0,15,3.75,True,,,,,50.0,,,,,,,,,,,,,,,,,,,,,,,,,,,,,,,,,,,,,,,,0.8019826794018546,0.5012391746261591,,,0.0,2.310074668039872,2.1627983962923456,50.0,14.1,45.5,14.1,2.14,0.33,,,,,COOL,COOL,COOL,1.81,,COOL,Red,Red,Red,Red,42,26,27,35,POINTS,42,,,,,,,C,Passenger,0.2,,62.5,,0,0.026984126984126982,1.1333333333333333,0.026984126984126982,0.0017865587725290314,0.2,0.2,0.0,0.0,0.0,8.328119961302805,6.917211529606778,62.5,28.6,False,,,,,,False,False,0,,False,0,,False,0,,ALTLINE_NB_v1_2026-01-18,,,,league_avg,2.3,,,,,,,,,exp/fallback,0.21400000000000002,,,,,,,,,exp/fallback,0.181,,,,,,,,,exp/fallback,0.19319999999999998,,,,,,,,,exp/fallback,0.12645,,,,,,,,2026-09-24-frozen-v2,[],2025-2026
2026-09-29,NYR@BOS,,7:00 PM,2026-09-30T00:00:00Z,Brett Berard,8482132,NYR,L,,Healthy,Unknown,,,0,0.0,,BOS,Jeremy Swayman,0.9071246819338422,2.707645389120994,32.0,,moneypuck_team_proxy,29.0,4,29.0,4,,27.9,6.9,A1+A2,10.54,13.8,17.7,0.94,NONE,False,False,23.53754892467431,2.2585501208368255,23.4,33.2,15,3.75,True,,,,,50.0,,,,,,,,,,,,,,,,,,,,,,,,,,,,,,,,,,,,,,,,0.0,0.0,,,0.0,2.666162545755205,2.6773806209827864,50.0,65.3,27.9,65.3,1.25,1.25,,,,,COOL,COOL,COOL,0.0,,COOL,Red,Red,Red,Red,21,33,34,17,GOAL,34,,,,,,,C,Passenger,0.0,,61.4,,0,0.001282051282051282,0.016666666666666666,0.001282051282051282,0.00012161011796181441,0.0,0.0,0.0,0.0,0.0,8.75699777062175,6.692271808427927,61.4,18.9,False,,,,,,False,False,0,,False,0,,False,0,,ALTLINE_NB_v1_2026-01-18,,,,league_avg,2.3,,,,,,,,,exp/fallback,0.125,,,,,,,,,league_avg,0.35,,,,,,,,,exp/fallback,0.22999999999999998,,,,,,,,,exp/fallback,0.18625,,,,,,,,2026-09-24-frozen-v2,[],2025-2026
2026-09-29,FLA@CAR,,4:00 PM,2026-09-29T21:00:00Z,Skyler Brind'Amour,8480291,CAR,C,,Healthy,Unknown,,,0,0.0,,FLA,Sergei Bobrovsky,0.8768,3.0701244330736133,79.5,,moneypuck_team_proxy,25.0,4,25.0,4,,7.4,6.9,A1+A2,15.02,53.2,16.4,0.94,NONE,False,False,30.49987126200022,2.976863942325376,94.9,94.9,18,4.5,True,,,,,50.0,,,,,,,,,,,,,,,,,,,,,,,,,,,,,,,,,,,,,,,,0.0,0.0,,,0.0,2.5561842144182134,2.6924815874317054,50.0,58.6,27.9,58.6,0.31,0.31,,,,,COOL,COOL,COOL,0.0,,COOL,Red,Red,Red,Red,28,24,24,21,POINTS,28,,,,,,,C,Passenger,1.4,,38.6,,0,0.20833333333333334,0.8333333333333334,0.20833333333333334,0.013873473917869035,1.4,1.4,0.0,0.0,0.0,7.6757302031271495,6.195408690126301,38.6,32.0,False,,,,,,False,False,1,,False,0,,False,0,,ALTLINE_NB_v1_2026-01-18,,,,league_avg,2.3,,,,,,,,,exp/fallback,0.031,,,,,,,,,league_avg,0.35,,,,,,,,,exp/fallback,0.1924,,,,,,,,,exp/fallback,0.12514999999999998,,,,,,,,2026-09-24-frozen-v2,[],2025-2026
2026-09-29,MTL@TOR,,6:00 PM,2026-09-29T23:00:00Z,Adam Engstrom,8483686,MTL,D,,Healthy,Unknown,,,0,0.0,,TOR,Joseph Woll,0.8984438984438985,3.33622313234283,61.6,,moneypuck_team_proxy,23.5,4,23.5,4,,17.7,17.6,A1+A2,13.05,34.7,21.0,0.94,NONE,False,False,24.46043165467626,2.406324940047962,43.1,53.2,18,3.6,True,,,,,50.0,,,,,,,,,,,,,,,,,,,,,,,,,,,,,,,,,,,,,,,,0.0,0.0,,,0.0,2.674871645486655,2.417798492517205,50.0,57.7,27.9,57.7,0.98,0.36,,,,,COOL,COOL,COOL,0.63,,COOL,Red,Red,Red,Red,30,28,28,23,POINTS,30,,,,,,,C,Passenger,1.8,,72.7,,0,0.23222222222222222,3.4833333333333334,0.23222222222222222,0.01779177662381885,1.8,1.8,0.0,0.0,0.0,7.76794133053955,7.933755914650478,72.7,43.0,False,,,,,,False,False,0,,False,0,,False,0,,ALTLINE_NB_v1_2026-01-18,,,,league_avg,2.3,,,,,,,,,exp/fallback,0.098,,,,,,,,,exp/fallback,0.063,,,,,,,,,exp/fallback,0.1944,,,,,,,,,exp/fallback,0.1284,,,,,,,,2026-09-24-frozen-v2,[],2025-2026
2026-09-29,MTL@TOR,,6:00 PM,2026-09-29T23:00:00Z,Ivan Demidov,8484984,MTL,R,,Healthy,Unknown,,,0,0.0,,TOR,Joseph Woll,0.8984438984438985,3.33622313234283,61.6,,moneypuck_team_proxy,23.5,4,23.5,4,6.5,81.8,94.8,A1+A2,15.5,56.9,81.4,1.12,NONE,False,False,24.46043165467626,2.406324940047962,43.1,53.2,18,3.6,True,1.0,1.75,1.2,1.07,26.2,7.0,3.0,19.0,1.0,1.0,4.0,9.0,9.0,6.0,6.0,35.0,35.0,OK,0.7,,LOW,0.45,,LOW,0.225,,LOW,0.4,,LOW,0.3,,LOW,0.15,,LOW,1.9,,LOW,1.75,,LOW,0.875,,2.3857274899286725,0.9417345354981601,,,4.0,2.674871645486655,2.417798492517205,50.0,57.7,72.8,57.7,9.11,2.38,10.7,1.28,-0.62,-8.3,COOL,COOL,COOL,6.49,1.9,WARM,Green,Red,Yellow,Green,72,64,67,77,ASSISTS,77,2.0,2.0,4.0,4.0,3.0,6.0,A,Distributor,18.4,,72.7,,2,2.8579268292682927,234.35,2.8579268292682927,0.18441139439723012,18.4,18.4,3.5613398762534674,1.3851077448261149,2.560273095796885,7.76794133053955,7.933755914650478,72.7,84.4,True,,,,🅰️ D:2,,False,False,1,,False,0,,False,0,,ALTLINE_NB_v1_2026-01-18,,,,exp/fallback,1.0699999999999998,,,,,,,,,exp/fallback,0.9109999999999999,,,,,,,,,exp/fallback,0.649,,,,,,,,,exp/fallback,0.2064,,,,,,,,,exp/fallback,0.19477499999999998,,,,,,6.5,,2026-09-24-frozen-v2,[],2025-2026
2026-09-29,VAN@EDM,,9:00 PM,2026-09-30T02:00:00Z,Quinn Hutson,8485511,EDM,R,,Healthy,Unknown,,,0,0.0,,VAN,Kevin Lankinen,0.8754863813229572,3.7032036569136113,97.3,,moneypuck_team_proxy,27.75,4,27.75,4,,10.7,6.9,A1+A2,8.0,2.7,7.8,0.94,NONE,False,False,27.51428261280349,2.6375211575650606,84.7,84.7,13,3.25,True,,,,,50.0,,,,,,,,,,,,,,,,,,,,,,,,,,,,,,,,,,,,,,,,0.031266284523189164,0.0,,,0.0,2.8103479152760364,2.5495335623463524,50.0,72.1,34.9,72.1,0.52,0.52,,,,,COOL,COOL,COOL,0.0,,COOL,Red,Red,Red,Red,26,24,26,20,POINTS,26,,,,,,,C,Passenger,0.0,,97.2,,0,0.0,0.0,0.0,0.0,0.0,0.0,0.0,,,9.539183194819762,8.332820945108345,97.2,22.4,False,,,,,,False,False,1,,False,0,,False,0,,ALTLINE_NB_v1_2026-01-18,,,,league_avg,2.3,,,,,,,,,exp/fallback,0.052000000000000005,,,,,,,,,league_avg,0.35,,,,,,,,,exp/fallback,0.2008,,,,,,,,,exp/fallback,0.1388,,,,,,,,2026-09-24-frozen-v2,[],2025-2026
2026-09-29,VAN@EDM,,9:00 PM,2026-09-30T02:00:00Z,Connor Murphy,8476473,EDM,D,,Healthy,Unknown,,,0,0.0,,VAN,Kevin Lankinen,0.8754863813229572,3.7032036569136113,97.3,,moneypuck_team_proxy,27.75,4,27.75,4,,33.9,54.3,A1+A2,17.54,71.7,48.6,0.99,NONE,False,False,27.51428261280349,2.6375211575650606,84.7,84.7,13,3.25,True,,,,,50.0,,,,,,,,,,,,,,,,,,,,,,,,,,,,,,,,,,,,,,,,0.7225599265970868,0.15483426998509003,,,0.0,2.8103479152760364,2.5495335623463524,50.0,72.1,43.5,72.1,1.83,0.34,,,,,COOL,COOL,COOL,1.49,,COOL,Red,Red,Red,Red,59,42,43,52,POINTS,59,,,,,,,C,Passenger,0.2,,97.2,,0,0.029791666666666668,2.3833333333333333,0.029791666666666668,0.00169845832244578,0.2,0.2,0.0,0.0,0.0,9.539183194819762,8.332820945108345,97.2,38.7,False,,,,,,False,False,1,,False,0,,False,0,,ALTLINE_NB_v1_2026-01-18,,,,league_avg,2.3,,,,,,,,,exp/fallback,0.183,,,,,,,,,exp/fallback,0.149,,,,,,,,,exp/fallback,0.1936,,,,,,,,,exp/fallback,0.1271,,,,,,,,2026-09-24-frozen-v2,[],2025-2026
2026-09-29,CHI@VGK,,9:30 PM,2026-09-30T02:30:00Z,Kaedan Korczak,8481527,VGK,D,,Healthy,Unknown,,,0,0.0,,CHI,Spencer Knight,0.9019987105093488,2.822524488185321,42.3,,moneypuck_team_proxy,28.75,4,28.75,4,,35.5,56.5,A1+A2,15.97,60.9,48.0,0.99,NONE,False,False,26.819846846450986,2.5171828375350027,74.7,74.7,13,3.25,True,,,,,50.0,,,,,,,,,,,,,,,,,,,,,,,,,,,,,,,,,,,,,,,,0.7548119260284313,0.3019247704113725,,,0.0,2.941628448429158,2.9328448015615374,50.0,95.3,44.2,95.3,2.04,0.38,,,,,COOL,COOL,COOL,1.65,,COOL,Red,Red,Red,Red,57,45,42,52,POINTS,57,,,,,,,C,Passenger,0.3,,73.4,,0,0.04316239316239316,3.3666666666666667,0.04316239316239316,0.002703028194457454,0.3,0.3,0.0,0.0,0.0,8.262546073149986,7.431258595448294,73.4,36.7,False,,,,,,False,False,0,,False,0,,False,0,,ALTLINE_NB_v1_2026-01-18,,,,league_avg,2.3,,,,,,,,,exp/fallback,0.20400000000000001,,,,,,,,,exp/fallback,0.16499999999999998,,,,,,,,,exp/fallback,0.19519999999999998,,,,,,,,,exp/fallback,0.12969999999999998,,,,,,,,2026-09-24-frozen-v2,[],2025-2026
2026-09-29,CHI@VGK,,9:30 PM,2026-09-30T02:30:00Z,Jeremy Lauzon,8478468,VGK,D,,Healthy,Unknown,,,0,0.0,,CHI,Spencer Knight,0.9019987105093488,2.822524488185321,42.3,,moneypuck_team_proxy,28.75,4,28.75,4,,41.3,54.3,A1+A2,17.18,69.0,51.4,1.0,NONE,False,False,26.819846846450986,2.5171828375350027,74.7,74.7,13,3.25,True,,,,,50.0,,,,,,,,,,,,,,,,,,,,,,,,,,,,,,,,,,,,,,,,0.6453820955361071,0.17601329878257468,,,0.0,2.941628448429158,2.9328448015615374,50.0,95.3,41.8,95.3,2.36,0.58,,,,,COOL,COOL,COOL,1.77,,COOL,Red,Red,Red,Red,56,49,45,52,POINTS,56,,,,,,,C,Passenger,0.1,,73.4,,0,0.02107843137254902,1.4333333333333333,0.02107843137254902,0.0012268538332049419,0.1,0.1,0.0,0.0,0.0,8.262546073149986,7.431258595448294,73.4,32.2,False,,,,,,False,False,0,,False,0,,False,0,,ALTLINE_NB_v1_2026-01-18,,,,league_avg,2.3,,,,,,,,,exp/fallback,0.236,,,,,,,,,exp/fallback,0.177,,,,,,,,,exp/fallback,0.2032,,,,,,,,,exp/fallback,0.1427,,,,,,,,2026-09-24-frozen-v2,[],2025-2026
2026-09-29,VAN@EDM,,9:00 PM,2026-09-30T02:00:00Z,Elias Pettersson,8480012,VAN,C,,Healthy,Unknown,,,0,0.0,,EDM,Tristan Jarry,0.8822115384615384,3.3152597799223806,83.3,,moneypuck_team_proxy,22.25,4,22.25,4,6.5,81.4,90.6,A1+A2,18.96,79.8,84.3,1.14,NONE,False,False,23.458639271933965,2.22263647167999,5.2,13.3,8,2.0,True,1.0,1.5,2.4,1.49,49.5,6.0,0.0,19.0,0.0,3.0,6.0,13.0,25.0,11.0,21.0,37.0,63.0,OK,0.6,,OK,0.65,,OK,0.625,,GOOD,0.6,,OK,0.55,,OK,0.525,,LOW,1.9,,LOW,1.85,,LOW,1.575,,1.2393442622950819,0.3540983606557377,,,6.0,2.466443398236635,2.4605092289198285,50.0,39.5,55.5,39.5,8.98,2.89,16.39,2.16,2.63,-4.1,WARM,HOT,COOL,6.08,-0.47,COOL,Yellow,Red,Yellow,Yellow,74,65,72,73,POINTS,74,1.0,1.0,10.0,3.0,4.0,3.0,A,Distributor,15.5,,88.0,,2,2.9412162162162163,217.65,2.9412162162162163,0.15511527634251504,15.5,15.5,4.502412129565816,0.9290144727773949,4.203997243280496,7.968727923515283,8.893028671226896,88.0,89.6,False,,,,🅿️ D:1,,False,False,2,,False,0,,False,0,,ALTLINE_NB_v1_2026-01-18,,,,exp/fallback,1.639,,,,,,,,,exp/fallback,0.898,,,,,,,,,exp/fallback,0.608,,,,,,,,,exp/fallback,0.25126000000000004,,,,,,,,,exp/fallback,0.2489225,,,,,,6.5,,2026-09-24-frozen-v2,[],2025-2026
2026-09-29,FLA@CAR,,4:00 PM,2026-09-29T21:00:00Z,Felix Unger Sorum,8484392,CAR,R,,Healthy,Unknown,,,0,0.0,,FLA,Sergei Bobrovsky,0.8768,3.0701244330736133,79.5,,moneypuck_team_proxy,25.0,4,25.0,4,,7.4,17.6,A1+A2,14.58,47.1,18.9,0.94,NONE,False,False,30.49987126200022,2.976863942325376,94.9,94.9,18,4.5,True,,,,,50.0,,,,,,,,,,,,,,,,,,,,,,,,,,,,,,,,,,,,,,,,0.07263922518159806,0.07263922518159806,,,0.0,2.5561842144182134,2.6924815874317054,50.0,58.6,37.3,58.6,10.62,1.22,,,,,COOL,COOL,COOL,9.4,,COOL,Red,Red,Red,Red,34,23,24,26,POINTS,34,,,,,,,C,Passenger,5.4,,38.6,,0,0.7833333333333333,0.7833333333333333,0.7833333333333333,0.053714285714285714,5.4,5.4,0.0,0.0,0.0,7.6757302031271495,6.195408690126301,38.6,39.5,False,,,,,,False,False,1,,False,0,,False,0,,ALTLINE_NB_v1_2026-01-18,,,,league_avg,2.3,,,,,,,,,exp/fallback,1.0619999999999998,,,,,,,,,exp/fallback,0.9400000000000001,,,,,,,,,exp/fallback,0.2288,,,,,,,,,exp/fallback,0.1843,,,,,,,,2026-09-24-frozen-v2,[],2025-2026
2026-09-29,MTL@TOR,,6:00 PM,2026-09-29T23:00:00Z,Calle Jarnkrok,8475714,TOR,C,,Healthy,Unknown,,,0,0.0,,MTL,Jakub Dobes,0.9014321819713563,2.7795558781799583,41.8,,moneypuck_team_proxy,24.8,5,24.8,5,,44.5,24.0,A1+A2,11.84,24.2,33.3,0.94,NONE,False,False,24.25081018097076,2.2433091796234934,33.3,23.2,14,3.5,True,,,,,50.0,,,,,,,,,,,,,,,,,,,,,,,,,,,,,,,,,,,,,,,,0.8034433285509326,0.22955523672883787,,,0.0,2.6185551558753,2.697841726618705,50.0,57.7,45.9,68.7,1.08,0.74,,,,,COOL,COOL,COOL,0.34,,COOL,Red,Red,Red,Red,33,41,44,30,GOAL,44,,,,,,,C,Passenger,2.0,,49.8,,0,0.2386904761904762,13.366666666666667,0.2386904761904762,0.02016088486676722,2.0,2.0,2.2892768079800496,2.2892768079800496,0.0,7.0393554384877595,7.875,49.8,35.0,False,,,,,,False,False,0,,False,0,,False,0,,ALTLINE_NB_v1_2026-01-18,,,,league_avg,2.3,,,,,,,,,exp/fallback,0.10800000000000001,,,,,,,,,exp/fallback,0.034,,,,,,,,,exp/fallback,0.2096,,,,,,,,,exp/fallback,0.15309999999999999,,,,,,,,2026-09-24-frozen-v2,[],2025-2026
2026-09-29,MTL@TOR,,6:00 PM,2026-09-29T23:00:00Z,Matt Benning,8476988,TOR,D,,Healthy,Unknown,,,0,0.0,,MTL,Jakub Dobes,0.9014321819713563,2.7795558781799583,41.8,,moneypuck_team_proxy,24.8,5,24.8,5,,0.8,6.9,A1+A2,12.43,29.3,8.6,0.94,NONE,False,False,24.25081018097076,2.2433091796234934,33.3,23.2,14,3.5,True,,,,,50.0,,,,,,,,,,,,,,,,,,,,,,,,,,,,,,,,,,,,,,,,0.0,0.0,,,0.0,2.6185551558753,2.697841726618705,50.0,57.7,27.9,68.7,0.0,0.0,,,,,COOL,COOL,COOL,0.0,,COOL,Red,Red,Red,Red,23,18,16,15,POINTS,23,,,,,,,C,Passenger,0.0,,49.8,,0,0.0,0.0,0.0,0.0,0.0,0.0,0.0,,,7.0393554384877595,7.875,49.8,8.1,False,,,,,,False,False,0,,False,0,,False,0,,ALTLINE_NB_v1_2026-01-18,,,,league_avg,2.3,,,,,,,,,league_avg,0.6,,,,,,,,,league_avg,0.35,,,,,,,,,league_avg,0.3,,,,,,,,,league_avg,0.3,,,,,,,,2026-09-24-frozen-v2,[],2025-2026
2026-09-29,MTL@TOR,,6:00 PM,2026-09-29T23:00:00Z,Auston Matthews,8479318,TOR,C,⭐ STAR,Healthy,Unknown,,,0,0.0,,MTL,Jakub Dobes,0.9014321819713563,2.7795558781799583,41.8,,moneypuck_team_proxy,24.8,5,24.8,5,15.4,95.7,80.9,A1+A2,20.8,89.6,89.3,1.19,STAR,False,True,24.25081018097076,2.2433091796234934,33.3,23.2,14,3.5,True,2.0,3.25,4.0,2.7,91.6,6.0,1.0,34.0,1.0,1.0,5.0,16.0,36.0,11.0,19.0,73.0,152.0,OK,0.6,,GOOD,0.8,,GOOD,0.9,,OK,0.5,,OK,0.55,,OK,0.475,,GOOD,3.4,,STRONG,3.65,,STRONG,3.8,,1.8931426167437948,0.5679427850231384,,,5.0,2.6185551558753,2.697841726618705,50.0,57.7,69.6,68.7,11.96,6.27,29.7,4.87,4.7,-7.0,HOT,HOT,COOL,5.69,0.17,COOL,Yellow,Red,Green,Yellow,76,85,81,71,SOG,85,0.0,4.0,0.0,2.0,3.0,0.0,A,Hybrid,12.6,,49.8,,2,2.620277777777778,157.21666666666667,2.620277777777778,0.12595134456698803,12.6,12.6,3.755327043358422,1.8089685147885084,2.289833563023428,7.0393554384877595,7.875,49.8,66.2,False,,,,🎯 D:2,,False,False,2,,False,0,,False,0,,ALTLINE_NB_v1_2026-01-18,,,,exp/fallback,2.9699999999999998,,,,,,,,,exp/fallback,1.1960000000000002,,,,,,,,,exp/fallback,0.5690000000000001,,,,,,,,,exp/fallback,0.4308,,,,,,,,,exp/fallback,0.5125500000000001,,,,,,15.4,,2026-09-24-frozen-v2,[],2025-2026
2026-09-29,FLA@CAR,,4:00 PM,2026-09-29T21:00:00Z,Seth Jarvis,8482093,CAR,C,⭐ STAR,Healthy,Unknown,,,0,0.0,,FLA,Sergei Bobrovsky,0.8768,3.0701244330736133,79.5,,moneypuck_team_proxy,25.0,4,25.0,4,8.5,97.7,89.1,A1+A2,18.88,79.5,91.0,1.2,STAR,False,True,30.49987126200022,2.976863942325376,94.9,94.9,18,4.5,True,2.0,2.375,2.2,2.0700000000000003,74.8,6.0,2.0,24.0,1.0,2.0,4.0,11.0,11.0,7.0,7.0,47.0,47.0,OK,0.6,,LOW,0.55,,LOW,0.275,,LOW,0.4,,LOW,0.35,,LOW,0.175,,LOW,2.4,,LOW,2.35,,LOW,1.175,,1.8417570785922202,0.31754432389521037,,,4.0,2.5561842144182134,2.6924815874317054,50.0,58.6,68.4,58.6,12.11,5.8,22.77,5.01,3.27,-3.3,HOT,HOT,COOL,6.31,1.74,WARM,Yellow,Red,Green,Yellow,82,80,83,78,GOAL,83,1.0,1.0,4.0,1.0,2.0,4.0,A,Distributor,15.2,,38.6,,2,2.8715962441314553,203.88333333333333,2.8715962441314553,0.1521006627127706,15.2,15.2,4.510667865609417,1.5714869614975884,3.4578598871903865,7.6757302031271495,6.195408690126301,38.6,73.4,False,,,,🥅 D:4,🥅 GOAL EARNED,False,True,3,"iXG,REG,G",False,0,,False,0,,ALTLINE_NB_v1_2026-01-18,,,,exp/fallback,2.277,,,,,,,,,exp/fallback,1.2109999999999999,,,,,,,,,exp/fallback,0.631,,,,,,,,,exp/fallback,0.412,,,,,,,,,exp/fallback,0.482,,,,,,8.5,,2026-09-24-frozen-v2,[],2025-2026
2026-09-29,FLA@CAR,,4:00 PM,2026-09-29T21:00:00Z,Noah Gregor,8479393,FLA,L,,Healthy,Unknown,,,0,0.0,,CAR,Brandon Bussi,0.893640350877193,2.4652486074734026,43.7,,moneypuck_team_proxy,29.25,4,29.25,4,,46.0,34.6,A1+A2,9.56,9.4,34.7,0.94,NONE,False,False,25.61660448155363,2.480733882928602,53.9,64.0,15,3.75,True,,,,,50.0,,,,,,,,,,,,,,,,,,,,,,,,,,,,,,,,,,,,,,,,1.272020594619151,0.5451516834082075,,,0.0,2.310074668039872,2.1627983962923456,50.0,14.1,56.6,14.1,2.46,1.19,,,,,COOL,COOL,COOL,1.27,,COOL,Red,Red,Red,Red,34,34,37,30,GOAL,37,,,,,,,C,Passenger,2.1,,62.5,,0,0.2045045045045045,7.566666666666666,0.2045045045045045,0.021391886161240166,2.1,2.1,7.295154185022026,0.5550660792951542,7.929515418502202,8.328119961302805,6.917211529606778,62.5,65.0,False,,,,,,False,False,0,,False,0,,False,0,,ALTLINE_NB_v1_2026-01-18,,,,league_avg,2.3,,,,,,,,,exp/fallback,0.246,,,,,,,,,exp/fallback,0.127,,,,,,,,,exp/fallback,0.2276,,,,,,,,,exp/fallback,0.18235,,,,,,,,2026-09-24-frozen-v2,[],2025-2026
2026-09-29,CHI@VGK,,9:30 PM,2026-09-30T02:30:00Z,Landon Slaggert,8482172,CHI,L,,Healthy,Unknown,,,0,0.0,,VGK,Akira Schmid,0.8925410872313527,2.5943856138774195,48.8,,moneypuck_team_proxy,21.25,4,21.25,4,,50.7,31.9,A1+A2,10.53,13.5,36.7,0.95,NONE,False,False,23.53719609781112,2.168816399449161,14.3,4.2,9,2.25,True,,,,,50.0,,,,,,,,,,,,,,,,,,,,,,,,,,,,,,,,,,,,,,,,0.8511788151050462,0.12159697358643518,,,0.0,2.110930465732193,1.998905475419135,50.0,4.2,47.2,4.2,1.77,1.04,,,,,COOL,COOL,COOL,0.73,,COOL,Red,Red,Red,Red,31,35,39,27,GOAL,39,,,,,,,C,Passenger,0.1,,17.7,,0,0.00641025641025641,0.3333333333333333,0.00641025641025641,0.0006087909411907951,0.1,0.1,0.0,0.0,0.0,6.805363673303535,6.308402585410895,17.7,18.1,False,,,,,,False,False,0,,False,0,,False,0,,ALTLINE_NB_v1_2026-01-18,,,,league_avg,2.3,,,,,,,,,exp/fallback,0.177,,,,,,,,,exp/fallback,0.073,,,,,,,,,exp/fallback,0.2216,,,,,,,,,exp/fallback,0.1726,,,,,,,,2026-09-24-frozen-v2,[],2025-2026
2026-09-29,CHI@VGK,,9:30 PM,2026-09-30T02:30:00Z,Connor Bedard,8484144,CHI,C,⭐ STAR,Healthy,Unknown,,,0,0.0,,VGK,Akira Schmid,0.8925410872313527,2.5943856138774195,48.8,,moneypuck_team_proxy,21.25,4,21.25,4,24.0,93.8,94.8,A1+A2,20.89,90.6,93.5,1.21,STAR,False,True,23.53719609781112,2.168816399449161,14.3,4.2,9,2.25,True,3.0,2.875,3.2,3.0700000000000003,96.7,8.0,0.0,30.0,0.0,4.0,8.0,18.0,35.0,13.0,23.0,64.0,128.0,GOOD,0.8,,GOOD,0.9,,GOOD,0.875,,STRONG,0.8,,GOOD,0.65,,OK,0.575,,GOOD,3.0,,GOOD,3.2,,GOOD,3.2,,2.37015756161063,1.0773443461866499,,,8.0,2.110930465732193,1.998905475419135,50.0,4.2,72.6,4.2,13.48,5.07,33.77,4.25,4.61,0.7,HOT,HOT,COOL,8.42,-0.35,COOL,Green,Yellow,Yellow,Green,79,76,75,76,POINTS,79,0.0,0.0,10.0,2.0,2.0,5.0,A,Distributor,16.0,,17.7,,2,3.3473039215686278,227.61666666666667,3.3473039215686278,0.16023888582524728,16.0,16.0,3.509848429376876,1.3812696785531229,2.5042102950867684,6.805363673303535,6.308402585410895,17.7,68.5,False,,,,🅿️ D:0,,False,False,2,,False,0,,False,0,,ALTLINE_NB_v1_2026-01-18,,,,exp/fallback,3.3770000000000002,,,,,,,,,exp/fallback,1.348,,,,,,,,,exp/fallback,0.842,,,,,,,,,exp/fallback,0.38280000000000003,,,,,,,,,exp/fallback,0.43455,,,,,,24.0,,2026-09-24-frozen-v2,[],2025-2026
2026-09-29,NYR@BOS,,7:00 PM,2026-09-30T00:00:00Z,Mika Zibanejad,8476459,NYR,C,⭐ STAR,Healthy,Unknown,,,0,0.0,,BOS,Jeremy Swayman,0.9071246819338422,2.707645389120994,32.0,,moneypuck_team_proxy,29.0,4,29.0,4,16.0,96.3,95.3,A1+A2,20.9,90.9,94.9,1.21,STAR,False,True,23.53754892467431,2.2585501208368255,23.4,33.2,15,3.75,True,2.0,2.0,2.0,2.0,68.7,9.0,2.0,19.0,1.0,5.0,7.0,22.0,48.0,13.0,26.0,48.0,107.0,GOOD,0.9,,STRONG,1.1,,STRONG,1.2,,GOOD,0.7,,GOOD,0.65,,GOOD,0.65,,LOW,1.9,,LOW,2.4,,OK,2.675,,1.8533205326209459,0.7513461618733565,,,7.0,2.666162545755205,2.6773806209827864,50.0,65.3,69.1,65.3,12.03,4.78,22.0,1.94,2.35,1.0,WARM,WARM,COOL,8.9,-0.41,COOL,Green,Red,Green,Green,76,80,78,81,ASSISTS,81,0.0,0.0,0.0,0.0,4.0,0.0,A,Hybrid,14.9,,61.4,,2,3.117695473251029,252.53333333333333,3.117695473251029,0.1491896575490833,14.9,14.9,5.63509767687434,2.858236536430834,3.2668954593453012,8.75699777062175,6.692271808427927,61.4,76.3,False,,,,🅰️ D:0,,False,False,2,,False,0,,False,0,,ALTLINE_NB_v1_2026-01-18,,,,exp/fallback,2.2,,,,,,,,,exp/fallback,1.2029999999999998,,,,,,,,,exp/fallback,0.89,,,,,,,,,exp/fallback,0.37120000000000003,,,,,,,,,exp/fallback,0.4157,,,,,,16.0,,2026-09-24-frozen-v2,[],2025-2026
2026-09-29,VAN@EDM,,9:00 PM,2026-09-30T02:00:00Z,Connor McDavid,8478402,EDM,C,👑 ELITE,Healthy,Unknown,,,0,0.0,,VAN,Kevin Lankinen,0.8754863813229572,3.7032036569136113,97.3,,moneypuck_team_proxy,27.75,4,27.75,4,19.4,100.0,100.0,A1+A2,22.99,97.0,99.4,1.27,ELITE,True,False,27.51428261280349,2.6375211575650606,84.7,84.7,13,3.25,True,3.0,3.25,3.4,3.14,98.1,6.0,1.0,20.0,1.0,5.0,5.0,6.0,6.0,5.0,5.0,20.0,20.0,OK,0.6,,LOW,0.3,,LOW,0.15,,OK,0.5,,LOW,0.25,,LOW,0.125,,LOW,2.0,,LOW,1.0,,LOW,0.5,,2.4519705011978017,0.8032317159096247,,,5.0,2.8103479152760364,2.5495335623463524,50.0,72.1,73.5,72.1,27.93,9.11,42.39,14.69,5.75,11.4,HOT,HOT,HOT,18.82,8.94,HOT,Green,Green,Green,Green,95,89,100,92,GOAL,100,1.0,1.0,3.0,0.0,4.0,1.0,A,Distributor,15.0,,97.2,,2,3.451626016260163,283.03333333333336,3.451626016260163,0.15011447311428752,15.0,15.0,8.691025792015076,2.429395830879755,7.3666234836886115,9.539183194819762,8.332820945108345,97.2,93.4,False,,,,🥅 D:3,🥅 GOAL EARNED,False,True,3,"iXG,REG,G",False,0,,False,0,,ALTLINE_NB_v1_2026-01-18,,,,exp/fallback,4.239,,,,,,,,,exp/fallback,2.793,,,,,,,,,exp/fallback,1.8820000000000001,,,,,,,,,exp/fallback,0.5444,,,,,,,,,exp/fallback,0.6971499999999999,,,,,,19.4,,2026-09-24-frozen-v2,[],2025-2026
2026-09-29,FLA@CAR,,4:00 PM,2026-09-29T21:00:00Z,Justin Robidas,8482785,CAR,C,,Healthy,Unknown,,,0,0.0,,FLA,Sergei Bobrovsky,0.8768,3.0701244330736133,79.5,,moneypuck_team_proxy,25.0,4,25.0,4,,6.1,17.6,A1+A2,10.68,15.8,12.0,0.94,NONE,False,False,30.49987126200022,2.976863942325376,94.9,94.9,18,4.5,True,,,,,50.0,,,,,,,,,,,,,,,,,,,,,,,,,,,,,,,,,,,,,,,,0.046801872074883,0.046801872074883,,,0.0,2.5561842144182134,2.6924815874317054,50.0,58.6,36.8,58.6,5.12,0.42,,,,,COOL,COOL,COOL,4.7,,COOL,Red,Red,Red,Red,31,20,22,23,POINTS,31,,,,,,,C,Passenger,0.0,,38.6,,0,0.0,0.0,0.0,0.0,0.0,0.0,0.0,,,7.6757302031271495,6.195408690126301,38.6,6.1,False,,,,,,False,False,1,,False,0,,False,0,,ALTLINE_NB_v1_2026-01-18,,,,league_avg,2.3,,,,,,,,,exp/fallback,0.512,,,,,,,,,exp/fallback,0.47000000000000003,,,,,,,,,exp/fallback,0.1968,,,,,,,,,exp/fallback,0.1323,,,,,,,,2026-09-24-frozen-v2,[],2025-2026
2026-09-29,NYR@BOS,,7:00 PM,2026-09-30T00:00:00Z,Mason Lohrei,8482511,BOS,D,,Healthy,Unknown,,,0,0.0,,NYR,Igor Shesterkin,0.911578947368421,2.4998208902580834,20.0,,moneypuck_team_proxy,24.5,4,24.5,4,,49.8,69.6,A1+A2,16.91,66.7,60.1,1.04,NONE,False,False,25.711828421616815,2.3918432128567453,64.8,43.3,10,2.5,True,,,,,50.0,,,,,,,,,,,,,,,,,,,,,,,,,,,,,,,,,,,,,,,,1.093859196013491,0.4375436784053964,,,0.0,2.398134962935236,2.2409738553050214,50.0,25.1,52.6,25.1,3.47,0.76,,,,,COOL,COOL,COOL,2.71,,COOL,Red,Red,Red,Red,56,42,41,51,POINTS,56,,,,,,,B,Distributor,7.7,,68.0,,1,1.3070776255707763,95.41666666666667,1.3070776255707763,0.0773178472550476,7.7,7.7,2.25589519650655,0.7860262008733624,1.7292576419213972,7.852567975830816,7.578865779615037,68.0,64.7,False,,,,,,False,False,0,,False,0,,False,0,,ALTLINE_NB_v1_2026-01-18,,,,league_avg,2.3,,,,,,,,,exp/fallback,0.34700000000000003,,,,,,,,,exp/fallback,0.271,,,,,,,,,exp/fallback,0.2104,,,,,,,,,exp/fallback,0.15439999999999998,,,,,,,,2026-09-24-frozen-v2,[],2025-2026
2026-09-29,NYR@BOS,,7:00 PM,2026-09-30T00:00:00Z,Connor Mackey,8482067,NYR,D,,Healthy,Unknown,,,0,0.0,,BOS,Jeremy Swayman,0.9071246819338422,2.707645389120994,32.0,,moneypuck_team_proxy,29.0,4,29.0,4,,7.0,6.9,A1+A2,12.78,33.0,12.2,0.94,NONE,False,False,23.53754892467431,2.2585501208368255,23.4,33.2,15,3.75,True,,,,,50.0,,,,,,,,,,,,,,,,,,,,,,,,,,,,,,,,,,,,,,,,0.0,0.0,,,0.0,2.666162545755205,2.6773806209827864,50.0,65.3,27.9,65.3,0.38,0.38,,,,,COOL,COOL,COOL,0.0,,COOL,Red,Red,Red,Red,23,23,20,17,POINTS,23,,,,,,,C,Passenger,0.0,,61.4,,0,0.0,0.0,0.0,0.0,0.0,0.0,0.0,,,8.75699777062175,6.692271808427927,61.4,10.1,False,,,,,,False,False,0,,False,0,,False,0,,ALTLINE_NB_v1_2026-01-18,,,,league_avg,2.3,,,,,,,,,exp/fallback,0.038,,,,,,,,,league_avg,0.35,,,,,,,,,exp/fallback,0.19519999999999998,,,,,,,,,exp/fallback,0.12969999999999998,,,,,,,,2026-09-24-frozen-v2,[],2025-2026
2026-09-29,MTL@TOR,,6:00 PM,2026-09-29T23:00:00Z,Oliver Kapanen,8482775,MTL,C,,Healthy,Unknown,,,0,0.0,,TOR,Joseph Woll,0.8984438984438985,3.33622313234283,61.6,,moneypuck_team_proxy,23.5,4,23.5,4,6.5,82.3,60.9,A1+A2,14.47,44.4,67.2,1.07,NONE,False,False,24.46043165467626,2.406324940047962,43.1,53.2,18,3.6,True,1.0,0.6,0.4,0.79,10.7,0.0,0.0,4.0,0.0,0.0,0.0,0.0,0.0,0.0,0.0,4.0,4.0,LOW,0.0,,LOW,0.0,,LOW,0.0,,LOW,0.0,,LOW,0.0,,LOW,0.0,,LOW,0.4,,LOW,0.2,,LOW,0.1,,1.9641662853321131,0.31680101376324404,,,0.0,2.674871645486655,2.417798492517205,50.0,57.7,70.3,57.7,4.26,2.3,7.9,4.26,2.3,3.9,HOT,WARM,HOT,1.96,1.96,WARM,Red,Red,Yellow,Red,71,63,69,65,POINTS,71,7.0,7.0,7.0,7.0,0.0,7.0,B,Shooter,6.5,,72.7,,1,0.9410569105691058,77.16666666666667,0.9410569105691058,0.06501439303517517,6.5,6.5,1.9904967602591792,1.9904967602591792,0.0,7.76794133053955,7.933755914650478,72.7,51.7,False,,,,🅿️ D:7,,False,False,1,,False,0,,False,0,,ALTLINE_NB_v1_2026-01-18,,,,exp/fallback,0.79,,,,,,,,,exp/fallback,0.426,,,,,,,,,exp/fallback,0.196,,,,,,,,,exp/fallback,0.20400000000000001,,,,,,,,,exp/fallback,0.19087500000000002,,,,,,6.5,,2026-09-24-frozen-v2,[],2025-2026
2026-09-29,CHI@VGK,,9:30 PM,2026-09-30T02:30:00Z,William Karlsson,8476448,VGK,C,,Healthy,Unknown,,,0,0.0,,CHI,Spencer Knight,0.9019987105093488,2.822524488185321,42.3,,moneypuck_team_proxy,28.75,4,28.75,4,,40.5,28.5,A1+A2,15.15,54.5,39.1,0.96,NONE,False,False,26.819846846450986,2.5171828375350027,74.7,74.7,13,3.25,True,,,,,50.0,,,,,,,,,,,,,,,,,,,,,,,,,,,,,,,,,,,,,,,,0.7109706724597611,0.35548533622988054,,,0.0,2.941628448429158,2.9328448015615374,50.0,95.3,43.0,95.3,4.69,2.64,,,,,COOL,COOL,COOL,2.05,,COOL,Red,Red,Red,Red,42,47,44,39,SOG,47,,,,,,,C,Passenger,6.2,,73.4,,0,0.944047619047619,13.216666666666667,0.944047619047619,0.062328067279729615,6.2,6.2,1.1803278688524592,1.1803278688524592,0.0,8.262546073149986,7.431258595448294,73.4,52.9,False,,,,,,False,False,0,,False,0,,False,0,,ALTLINE_NB_v1_2026-01-18,,,,league_avg,2.3,,,,,,,,,exp/fallback,0.46900000000000003,,,,,,,,,exp/fallback,0.205,,,,,,,,,exp/fallback,0.2856,,,,,,,,,exp/fallback,0.2766,,,,,,,,2026-09-24-frozen-v2,[],2025-2026
2026-09-29,VAN@EDM,,9:00 PM,2026-09-30T02:00:00Z,Mattias Ekholm,8475218,EDM,D,,Healthy,Unknown,,,0,0.0,,VAN,Kevin Lankinen,0.8754863813229572,3.7032036569136113,97.3,,moneypuck_team_proxy,27.75,4,27.75,4,6.5,57.4,89.9,A1+A2,20.57,88.6,75.0,1.1,NONE,False,False,27.51428261280349,2.6375211575650606,84.7,84.7,13,3.25,True,1.0,1.0,0.8,0.9299999999999999,15.9,2.0,0.0,6.0,0.0,1.0,2.0,2.0,2.0,2.0,2.0,6.0,6.0,LOW,0.2,,LOW,0.1,,LOW,0.05,,LOW,0.2,,LOW,0.1,,LOW,0.05,,LOW,0.6,,LOW,0.3,,LOW,0.15,,1.3780303909059275,0.5011019603294281,,,2.0,2.8103479152760364,2.5495335623463524,50.0,72.1,59.2,72.1,5.68,0.99,9.3,3.68,0.99,3.3,HOT,COOL,HOT,5.17,2.7,HOT,Yellow,Red,Red,Yellow,89,57,59,80,POINTS,89,4.0,4.0,6.0,5.0,0.0,6.0,C,Passenger,2.2,,97.2,,0,0.45365853658536587,37.2,0.45365853658536587,0.0220518495099589,2.2,2.2,1.157258064516129,0.12903225806451613,1.2096774193548387,9.539183194819762,8.332820945108345,97.2,60.5,False,,,,🅿️ D:4,,False,False,2,,False,0,,False,0,,ALTLINE_NB_v1_2026-01-18,,,,exp/fallback,0.93,,,,,,,,,exp/fallback,0.568,,,,,,,,,exp/fallback,0.517,,,,,,,,,exp/fallback,0.16469999999999999,,,,,,,,,exp/fallback,0.1270125,,,,,,6.5,,2026-09-24-frozen-v2,[],2025-2026
2026-09-29,NYR@BOS,,7:00 PM,2026-09-30T00:00:00Z,Hampus Lindholm,8476854,BOS,D,,Healthy,Unknown,,,0,0.0,,NYR,Igor Shesterkin,0.911578947368421,2.4998208902580834,20.0,,moneypuck_team_proxy,24.5,4,24.5,4,2.5,45.7,72.9,A1+A2,21.62,93.9,64.9,1.06,NONE,False,False,25.711828421616815,2.3918432128567453,64.8,43.3,10,2.5,True,0.5,0.5,1.0,0.675,8.4,2.0,0.0,6.0,0.0,2.0,2.0,2.0,2.0,2.0,2.0,6.0,6.0,LOW,0.2,,LOW,0.1,,LOW,0.05,,LOW,0.2,,LOW,0.1,,LOW,0.05,,LOW,0.6,,LOW,0.3,,LOW,0.15,,1.080902553632283,0.48640614913452734,,,2.0,2.398134962935236,2.2409738553050214,50.0,25.1,52.3,25.1,4.06,0.73,6.75,2.06,0.73,0.75,WARM,COOL,COOL,3.32,1.32,COOL,Yellow,Red,Red,Yellow,59,34,41,57,POINTS,59,0.0,0.0,6.0,2.0,0.0,6.0,B,Distributor,6.5,,68.0,,1,1.404726368159204,94.11666666666666,1.404726368159204,0.06496404946793212,6.5,6.5,1.8137063927749248,0.4590047812998052,1.5937666017354348,7.852567975830816,7.578865779615037,68.0,62.7,False,,,,🅿️ D:0,,False,False,1,,False,0,,False,0,,ALTLINE_NB_v1_2026-01-18,,,,exp/fallback,0.675,,,,,,,,,exp/fallback,0.40599999999999997,,,,,,,,,exp/fallback,0.33199999999999996,,,,,,,,,exp/fallback,0.15689999999999998,,,,,,,,,exp/fallback,0.11433750000000001,,,,,,2.5,,2026-09-24-frozen-v2,[],2025-2026
2026-09-29,FLA@CAR,,4:00 PM,2026-09-29T21:00:00Z,William Carrier,8477478,CAR,L,,Healthy,Unknown,,,0,0.0,,FLA,Sergei Bobrovsky,0.8768,3.0701244330736133,79.5,,moneypuck_team_proxy,25.0,4,25.0,4,,66.8,51.9,A1+A2,10.75,16.2,51.4,1.01,NONE,False,False,30.49987126200022,2.976863942325376,94.9,94.9,18,4.5,True,,,,,50.0,,,,,,,,,,,,,,,,,,,,,,,,,,,,,,,,,,,,,,,,1.4580801944106927,0.6480356419603078,,,0.0,2.5561842144182134,2.6924815874317054,50.0,58.6,61.4,58.6,3.02,1.43,,,,,COOL,COOL,COOL,1.58,,COOL,Red,Red,Red,Red,51,53,57,49,GOAL,57,,,,,,,C,Passenger,0.3,,38.6,,0,0.03214285714285714,2.25,0.03214285714285714,0.0029889740069964127,0.3,0.3,2.4,2.4,0.0,7.6757302031271495,6.195408690126301,38.6,24.4,False,,,,,,False,False,1,,False,0,,False,0,,ALTLINE_NB_v1_2026-01-18,,,,league_avg,2.3,,,,,,,,,exp/fallback,0.302,,,,,,,,,exp/fallback,0.158,,,,,,,,,exp/fallback,0.2372,,,,,,,,,exp/fallback,0.19795,,,,,,,,2026-09-24-frozen-v2,[],2025-2026
2026-09-29,VAN@EDM,,9:00 PM,2026-09-30T02:00:00Z,Elias Pettersson,8483678,VAN,D,,Healthy,Unknown,,,0,0.0,,EDM,Tristan Jarry,0.8822115384615384,3.3152597799223806,83.3,,moneypuck_team_proxy,22.25,4,22.25,4,,29.4,40.6,A1+A2,14.98,52.2,37.9,0.95,NONE,False,False,23.458639271933965,2.22263647167999,5.2,13.3,8,2.0,True,,,,,50.0,,,,,,,,,,,,,,,,,,,,,,,,,,,,,,,,,,,,,,,,0.6272979142344351,0.06272979142344352,,,0.0,2.466443398236635,2.4605092289198285,50.0,39.5,41.3,39.5,1.22,0.27,,,,,COOL,COOL,COOL,0.95,,COOL,Red,Red,Red,Red,45,32,35,38,POINTS,45,,,,,,,C,Passenger,0.3,,88.0,,0,0.03761904761904762,2.6333333333333333,0.03761904761904762,0.0025114844780721973,0.3,0.3,0.9113924050632912,0.9113924050632912,0.0,7.968727923515283,8.893028671226896,88.0,38.7,False,,,,,,False,False,1,,False,0,,False,0,,ALTLINE_NB_v1_2026-01-18,,,,league_avg,2.3,,,,,,,,,exp/fallback,0.122,,,,,,,,,exp/fallback,0.095,,,,,,,,,exp/fallback,0.1908,,,,,,,,,exp/fallback,0.12254999999999999,,,,,,,,2026-09-24-frozen-v2,[],2025-2026
2026-09-29,NYR@BOS,,7:00 PM,2026-09-30T00:00:00Z,Casey Mittelstadt,8479999,BOS,C,,Healthy,Unknown,,,0,0.0,,NYR,Igor Shesterkin,0.911578947368421,2.4998208902580834,20.0,,moneypuck_team_proxy,24.5,4,24.5,4,7.5,70.6,82.2,A1+A2,15.16,54.9,71.5,1.09,NONE,False,False,25.711828421616815,2.3918432128567453,64.8,43.3,10,2.5,True,1.5,1.5,1.4,1.465,46.3,2.0,0.0,8.0,0.0,2.0,2.0,2.0,2.0,2.0,2.0,8.0,8.0,LOW,0.2,,LOW,0.1,,LOW,0.05,,LOW,0.2,,LOW,0.1,,LOW,0.05,,LOW,0.8,,LOW,0.4,,LOW,0.2,,1.9547865119730674,0.6515955039910225,,,2.0,2.398134962935236,2.2409738553050214,50.0,25.1,70.1,25.1,5.96,1.83,14.65,3.96,1.83,6.65,HOT,WARM,HOT,4.13,2.13,WARM,Yellow,Red,Red,Yellow,73,60,58,65,POINTS,73,4.0,4.0,6.0,6.0,0.0,6.0,B,Distributor,10.9,,68.0,,1,1.6596244131455398,117.83333333333333,1.6596244131455398,0.10945627941540748,10.9,10.9,3.230834512022631,1.2831683168316832,2.2913719943422914,7.852567975830816,7.578865779615037,68.0,71.3,False,,,,🅿️ D:4,,False,False,1,,False,0,,False,0,,ALTLINE_NB_v1_2026-01-18,,,,exp/fallback,1.465,,,,,,,,,exp/fallback,0.596,,,,,,,,,exp/fallback,0.413,,,,,,,,,exp/fallback,0.18989999999999999,,,,,,,,,exp/fallback,0.1679625,,,,,,7.5,,2026-09-24-frozen-v2,[],2025-2026
2026-09-29,NYR@BOS,,7:00 PM,2026-09-30T00:00:00Z,Brendan Brisson,8482153,NYR,C,,Healthy,Unknown,,,0,0.0,,BOS,Jeremy Swayman,0.9071246819338422,2.707645389120994,32.0,,moneypuck_team_proxy,29.0,4,29.0,4,,17.0,17.6,A1+A2,10.59,14.8,16.8,0.94,NONE,False,False,23.53754892467431,2.2585501208368255,23.4,33.2,15,3.75,True,,,,,50.0,,,,,,,,,,,,,,,,,,,,,,,,,,,,,,,,,,,,,,,,0.03387916431394692,0.0,,,0.0,2.666162545755205,2.6773806209827864,50.0,65.3,35.4,65.3,4.83,1.69,,,,,COOL,COOL,COOL,3.13,,COOL,Red,Red,Red,Red,27,27,25,22,POINTS,27,,,,,,,C,Passenger,6.4,,61.4,,0,0.6777777777777777,2.033333333333333,0.6777777777777777,0.06400839454354668,6.4,6.4,0.0,0.0,0.0,8.75699777062175,6.692271808427927,61.4,45.1,False,,,,,,False,False,0,,False,0,,False,0,,ALTLINE_NB_v1_2026-01-18,,,,league_avg,2.3,,,,,,,,,exp/fallback,0.483,,,,,,,,,exp/fallback,0.313,,,,,,,,,exp/fallback,0.2476,,,,,,,,,exp/fallback,0.21484999999999999,,,,,,,,2026-09-24-frozen-v2,[],2025-2026
2026-09-29,MTL@TOR,,6:00 PM,2026-09-29T23:00:00Z,Henry Thrun,8481567,TOR,D,,Healthy,Unknown,,,0,0.0,,MTL,Jakub Dobes,0.9014321819713563,2.7795558781799583,41.8,,moneypuck_team_proxy,24.8,5,24.8,5,,5.5,6.9,A1+A2,14.86,50.5,15.0,0.94,NONE,False,False,24.25081018097076,2.2433091796234934,33.3,23.2,14,3.5,True,,,,,50.0,,,,,,,,,,,,,,,,,,,,,,,,,,,,,,,,,,,,,,,,0.0,0.0,,,0.0,2.6185551558753,2.697841726618705,50.0,57.7,27.9,68.7,0.19,0.19,,,,,COOL,COOL,COOL,0.0,,COOL,Red,Red,Red,Red,25,22,20,18,POINTS,25,,,,,,,C,Passenger,0.0,,49.8,,0,0.0,0.0,0.0,0.0,0.0,0.0,0.0,,,7.0393554384877595,7.875,49.8,8.1,False,,,,,,False,False,0,,False,0,,False,0,,ALTLINE_NB_v1_2026-01-18,,,,league_avg,2.3,,,,,,,,,exp/fallback,0.019,,,,,,,,,league_avg,0.35,,,,,,,,,exp/fallback,0.1876,,,,,,,,,exp/fallback,0.11735,,,,,,,,2026-09-24-frozen-v2,[],2025-2026
2026-09-29,MTL@TOR,,6:00 PM,2026-09-29T23:00:00Z,Noah Dobson,8480865,MTL,D,,Healthy,Unknown,,,0,0.0,,TOR,Joseph Woll,0.8984438984438985,3.33622313234283,61.6,,moneypuck_team_proxy,23.5,4,23.5,4,6.5,64.5,89.9,A1+A2,22.48,95.6,79.6,1.12,NONE,False,False,24.46043165467626,2.406324940047962,43.1,53.2,18,3.6,True,1.0,1.375,1.6,1.21,31.8,0.0,0.0,14.0,0.0,0.0,0.0,1.0,1.0,1.0,1.0,21.0,21.0,LOW,0.0,,LOW,0.05,,LOW,0.025,,LOW,0.0,,LOW,0.05,,LOW,0.025,,LOW,1.4,,LOW,1.05,,LOW,0.525,,1.4764817549040288,0.5484075089643535,,,0.0,2.674871645486655,2.417798492517205,50.0,57.7,62.0,57.7,6.82,1.3,12.1,6.2,1.3,-1.9,HOT,COOL,COOL,5.38,4.89,HOT,Yellow,Red,Red,Yellow,90,54,61,83,POINTS,90,10.0,10.0,10.0,0.0,0.0,10.0,B,Distributor,6.1,,72.7,,1,1.3641666666666667,109.13333333333334,1.3641666666666667,0.060673449343044056,6.1,6.1,1.4115760537568722,0.5937690897984117,0.9621258399511301,7.76794133053955,7.933755914650478,72.7,59.9,False,,,,🅿️ D:10,,False,False,1,,False,0,,False,0,,ALTLINE_NB_v1_2026-01-18,,,,exp/fallback,1.21,,,,,,,,,exp/fallback,0.682,,,,,,,,,exp/fallback,0.538,,,,,,,,,exp/fallback,0.174,,,,,,,,,exp/fallback,0.142125,,,,,,6.5,,2026-09-24-frozen-v2,[],2025-2026
2026-09-29,NYR@BOS,,7:00 PM,2026-09-30T00:00:00Z,Urho Vaakanainen,8480001,NYR,D,,Healthy,Unknown,,,0,0.0,,BOS,Jeremy Swayman,0.9071246819338422,2.707645389120994,32.0,,moneypuck_team_proxy,29.0,4,29.0,4,,21.9,37.3,A1+A2,13.86,40.4,31.0,0.94,NONE,False,False,23.53754892467431,2.2585501208368255,23.4,33.2,15,3.75,True,,,,,50.0,,,,,,,,,,,,,,,,,,,,,,,,,,,,,,,,,,,,,,,,0.8014544914845461,0.2671514971615153,,,0.0,2.666162545755205,2.6773806209827864,50.0,65.3,45.4,65.3,1.93,0.27,,,,,COOL,COOL,COOL,1.66,,COOL,Red,Red,Red,Red,41,31,29,35,POINTS,41,,,,,,,C,Passenger,0.1,,61.4,,0,0.008333333333333333,0.2833333333333333,0.008333333333333333,0.0006014505572262516,0.1,0.1,0.0,0.0,0.0,8.75699777062175,6.692271808427927,61.4,23.9,False,,,,,,False,False,0,,False,0,,False,0,,ALTLINE_NB_v1_2026-01-18,,,,league_avg,2.3,,,,,,,,,exp/fallback,0.193,,,,,,,,,exp/fallback,0.16599999999999998,,,,,,,,,exp/fallback,0.1908,,,,,,,,,exp/fallback,0.12254999999999999,,,,,,,,2026-09-24-frozen-v2,[],2025-2026
2026-09-29,CHI@VGK,,9:30 PM,2026-09-30T02:30:00Z,Jonas Rondbjerg,8480007,VGK,R,,Healthy,Unknown,,,0,0.0,,CHI,Spencer Knight,0.9019987105093488,2.822524488185321,42.3,,moneypuck_team_proxy,28.75,4,28.75,4,,21.4,17.6,A1+A2,12.08,26.9,21.2,0.94,NONE,False,False,26.819846846450986,2.5171828375350027,74.7,74.7,13,3.25,True,,,,,50.0,,,,,,,,,,,,,,,,,,,,,,,,,,,,,,,,,,,,,,,,0.02142857142857143,0.02142857142857143,,,0.0,2.941628448429158,2.9328448015615374,50.0,95.3,33.8,95.3,4.51,2.16,,,,,COOL,COOL,COOL,2.35,,COOL,Red,Red,Red,Red,32,35,32,27,SOG,35,,,,,,,C,Passenger,0.0,,73.4,,0,0.0,0.0,0.0,0.0,0.0,0.0,0.0,,,8.262546073149986,7.431258595448294,73.4,18.4,False,,,,,,False,False,0,,False,0,,False,0,,ALTLINE_NB_v1_2026-01-18,,,,league_avg,2.3,,,,,,,,,exp/fallback,0.45099999999999996,,,,,,,,,exp/fallback,0.23500000000000001,,,,,,,,,exp/fallback,0.2664,,,,,,,,,exp/fallback,0.2454,,,,,,,,2026-09-24-frozen-v2,[],2025-2026
2026-09-29,CHI@VGK,,9:30 PM,2026-09-30T02:30:00Z,Ethan Del Mastro,8482807,CHI,D,,Healthy,Unknown,,,0,0.0,,VGK,Akira Schmid,0.8925410872313527,2.5943856138774195,48.8,,moneypuck_team_proxy,21.25,4,21.25,4,,15.3,17.6,A1+A2,14.08,41.8,21.4,0.94,NONE,False,False,23.53719609781112,2.168816399449161,14.3,4.2,9,2.25,True,,,,,50.0,,,,,,,,,,,,,,,,,,,,,,,,,,,,,,,,,,,,,,,,0.25513819985825653,0.25513819985825653,,,0.0,2.110930465732193,1.998905475419135,50.0,4.2,37.6,4.2,0.76,0.24,,,,,COOL,COOL,COOL,0.52,,COOL,Red,Red,Red,Red,25,18,20,18,POINTS,25,,,,,,,C,Passenger,0.0,,17.7,,0,0.000925925925925926,0.016666666666666666,0.000925925925925926,6.578081831337982e-05,0.0,0.0,0.0,0.0,0.0,6.805363673303535,6.308402585410895,17.7,13.1,False,,,,,,False,False,0,,False,0,,False,0,,ALTLINE_NB_v1_2026-01-18,,,,league_avg,2.3,,,,,,,,,exp/fallback,0.076,,,,,,,,,exp/fallback,0.052000000000000005,,,,,,,,,exp/fallback,0.1896,,,,,,,,,exp/fallback,0.1206,,,,,,,,2026-09-24-frozen-v2,[],2025-2026
2026-09-29,FLA@CAR,,4:00 PM,2026-09-29T21:00:00Z,Jonah Gadjovich,8479981,FLA,L,,Healthy,Unknown,,,0,0.0,,CAR,Brandon Bussi,0.893640350877193,2.4652486074734026,43.7,,moneypuck_team_proxy,29.25,4,29.25,4,,15.5,28.5,A1+A2,7.94,2.4,17.4,0.94,NONE,False,False,25.61660448155363,2.480733882928602,53.9,64.0,15,3.75,True,,,,,50.0,,,,,,,,,,,,,,,,,,,,,,,,,,,,,,,,,,,,,,,,0.03807106598984772,0.03807106598984772,,,0.0,2.310074668039872,2.1627983962923456,50.0,14.1,35.8,14.1,3.26,0.44,,,,,COOL,COOL,COOL,2.82,,COOL,Red,Red,Red,Red,28,17,19,20,POINTS,28,,,,,,,C,Passenger,0.5,,62.5,,0,0.043333333333333335,0.43333333333333335,0.043333333333333335,0.005455308434746118,0.5,0.5,0.0,0.0,0.0,8.328119961302805,6.917211529606778,62.5,33.7,False,,,,,,False,False,0,,False,0,,False,0,,ALTLINE_NB_v1_2026-01-18,,,,league_avg,2.3,,,,,,,,,exp/fallback,0.32599999999999996,,,,,,,,,exp/fallback,0.282,,,,,,,,,exp/fallback,0.1976,,,,,,,,,exp/fallback,0.1336,,,,,,,,2026-09-24-frozen-v2,[],2025-2026
2026-09-29,FLA@CAR,,4:00 PM,2026-09-29T21:00:00Z,Brad Marchand,8473419,FLA,L,,Healthy,Unknown,,,0,0.0,,CAR,Brandon Bussi,0.893640350877193,2.4652486074734026,43.7,,moneypuck_team_proxy,29.25,4,29.25,4,4.3,86.5,82.2,A1+A2,17.73,73.4,82.4,1.13,NONE,False,False,25.61660448155363,2.480733882928602,53.9,64.0,15,3.75,True,1.0,1.625,1.6,1.21,31.8,5.0,2.0,17.0,0.0,2.0,3.0,17.0,41.0,9.0,21.0,48.0,101.0,LOW,0.5,,GOOD,0.85,,STRONG,1.025,,LOW,0.3,,OK,0.45,,OK,0.525,,LOW,1.7,,LOW,2.4,,OK,2.525,,2.4726581074655254,0.47551117451260105,,,3.0,2.310074668039872,2.1627983962923456,50.0,14.1,73.7,14.1,11.14,4.7,13.31,5.13,2.27,-4.9,HOT,WARM,COOL,6.46,2.87,HOT,Yellow,Red,Yellow,Yellow,71,62,67,68,POINTS,71,0.0,0.0,5.0,4.0,2.0,0.0,A,Distributor,20.1,,62.5,ON,2,3.5730769230769233,185.8,3.5730769230769233,0.20147109319935663,20.1,20.1,4.902045209903122,1.6081808396124866,3.8751345532831003,8.328119961302805,6.917211529606778,62.5,85.5,True,,,,🅿️ D:0,,False,False,1,,False,0,,False,0,,ALTLINE_NB_v1_2026-01-18,,,,exp/fallback,1.331,,,,,,,,,exp/fallback,1.114,,,,,,,,,exp/fallback,0.646,,,,,,,,,exp/fallback,0.276,,,,,,,,,exp/fallback,0.307875,,,,,,4.3,,2026-09-24-frozen-v2,[],2025-2026
2026-09-29,NYR@BOS,,7:00 PM,2026-09-30T00:00:00Z,Matthew Poitras,8483505,BOS,C,,Healthy,Unknown,,,0,0.0,,NYR,Igor Shesterkin,0.911578947368421,2.4998208902580834,20.0,,moneypuck_team_proxy,24.5,4,24.5,4,,16.2,6.9,A1+A2,12.12,27.6,15.2,0.94,NONE,False,False,25.711828421616815,2.3918432128567453,64.8,43.3,10,2.5,True,,,,,50.0,,,,,,,,,,,,,,,,,,,,,,,,,,,,,,,,,,,,,,,,0.02957121734844751,0.0,,,0.0,2.398134962935236,2.2409738553050214,50.0,25.1,34.6,25.1,1.57,1.57,,,,,COOL,COOL,COOL,0.0,,COOL,Red,Red,Red,Red,18,21,20,13,SOG,21,,,,,,,C,Passenger,7.0,,68.0,,0,0.8444444444444444,2.533333333333333,0.8444444444444444,0.06969280146721687,7.0,7.0,0.0,0.0,0.0,7.852567975830816,7.578865779615037,68.0,50.3,False,,,,,,False,False,0,,False,0,,False,0,,ALTLINE_NB_v1_2026-01-18,,,,league_avg,2.3,,,,,,,,,exp/fallback,0.157,,,,,,,,,league_avg,0.35,,,,,,,,,exp/fallback,0.24280000000000002,,,,,,,,,exp/fallback,0.20705,,,,,,,,2026-09-24-frozen-v2,[],2025-2026
2026-09-29,CHI@VGK,,9:30 PM,2026-09-30T02:30:00Z,Brayden McNabb,8475188,VGK,D,,Healthy,Unknown,,,0,0.0,,CHI,Spencer Knight,0.9019987105093488,2.822524488185321,42.3,,moneypuck_team_proxy,28.75,4,28.75,4,,46.9,40.6,A1+A2,20.52,87.9,52.9,1.01,NONE,False,False,26.819846846450986,2.5171828375350027,74.7,74.7,13,3.25,True,,,,,50.0,,,,,,,,,,,,,,,,,,,,,,,,,,,,,,,,,,,,,,,,0.5487052081269338,0.16461156243808014,,,0.0,2.941628448429158,2.9328448015615374,50.0,95.3,40.2,95.3,1.9,0.78,,,,,COOL,COOL,COOL,1.12,,COOL,Red,Red,Red,Red,51,54,50,48,SOG,54,,,,,,,C,Passenger,0.4,,73.4,,0,0.0746031746031746,4.7,0.0746031746031746,0.003635051174301993,0.4,0.4,3.3191489361702127,3.3191489361702127,0.0,8.262546073149986,7.431258595448294,73.4,38.7,False,,,,,,False,False,0,,False,0,,False,0,,ALTLINE_NB_v1_2026-01-18,,,,league_avg,2.3,,,,,,,,,exp/fallback,0.19,,,,,,,,,exp/fallback,0.11200000000000002,,,,,,,,,exp/fallback,0.2112,,,,,,,,,exp/fallback,0.1557,,,,,,,,2026-09-24-frozen-v2,[],2025-2026
2026-09-29,VAN@EDM,,9:00 PM,2026-09-30T02:00:00Z,Drew O'Connor,8482055,VAN,L,,Healthy,Unknown,,,0,0.0,,EDM,Tristan Jarry,0.8822115384615384,3.3152597799223806,83.3,,moneypuck_team_proxy,22.25,4,22.25,4,12.9,85.0,54.3,A1+A2,14.59,47.8,66.8,1.07,NONE,False,False,23.458639271933965,2.22263647167999,5.2,13.3,8,2.0,True,2.0,1.875,1.8,1.9300000000000002,64.0,2.0,0.0,18.0,0.0,0.0,2.0,5.0,13.0,3.0,6.0,45.0,82.0,LOW,0.2,,LOW,0.25,,LOW,0.325,,LOW,0.2,,LOW,0.15,,LOW,0.15,,LOW,1.8,,LOW,2.25,,LOW,2.05,,1.3728231854582433,0.5148086945468412,,,2.0,2.466443398236635,2.4605092289198285,50.0,39.5,58.8,39.5,4.04,2.48,19.3,2.04,2.48,1.3,WARM,WARM,COOL,1.56,-0.44,COOL,Red,Red,Yellow,Red,60,67,78,57,GOAL,78,8.0,8.0,10.0,3.0,0.0,10.0,B,Shooter,2.5,,88.0,,1,0.36016260162601627,29.533333333333335,0.36016260162601627,0.02468723007049514,2.5,2.5,1.1986455981941309,1.1986455981941309,0.0,7.968727923515283,8.893028671226896,88.0,48.6,False,,,,🥅 D:10,,False,False,2,,False,0,,False,0,,ALTLINE_NB_v1_2026-01-18,,,,exp/fallback,1.9300000000000002,,,,,,,,,exp/fallback,0.404,,,,,,,,,exp/fallback,0.156,,,,,,,,,exp/fallback,0.23732,,,,,,,,,exp/fallback,0.22627,,,,,,12.9,,2026-09-24-frozen-v2,[],2025-2026
2026-09-29,VAN@EDM,,9:00 PM,2026-09-30T02:00:00Z,Isaac Howard,8483455,EDM,L,,Healthy,Unknown,,,0,0.0,,VAN,Kevin Lankinen,0.8754863813229572,3.7032036569136113,97.3,,moneypuck_team_proxy,27.75,4,27.75,4,,42.1,28.5,A1+A2,10.31,12.8,31.5,0.94,NONE,False,False,27.51428261280349,2.6375211575650606,84.7,84.7,13,3.25,True,,,,,50.0,,,,,,,,,,,,,,,,,,,,,,,,,,,,,,,,,,,,,,,,1.054234508609582,0.4216938034438327,,,0.0,2.8103479152760364,2.5495335623463524,50.0,72.1,51.6,72.1,2.29,1.32,,,,,COOL,COOL,COOL,0.97,,COOL,Red,Red,Red,Red,40,41,45,37,GOAL,45,,,,,,,C,Passenger,4.3,,97.2,,0,0.4454022988505747,12.916666666666666,0.4454022988505747,0.04319714620143805,4.3,4.3,0.09290322580645162,0.09290322580645162,0.0,9.539183194819762,8.332820945108345,97.2,54.4,False,,,,,,False,False,1,,False,0,,False,0,,ALTLINE_NB_v1_2026-01-18,,,,league_avg,2.3,,,,,,,,,exp/fallback,0.229,,,,,,,,,exp/fallback,0.097,,,,,,,,,exp/fallback,0.2328,,,,,,,,,exp/fallback,0.1908,,,,,,,,2026-09-24-frozen-v2,[],2025-2026
2026-09-29,NYR@BOS,,7:00 PM,2026-09-30T00:00:00Z,David Pastrnak,8477956,BOS,R,👑 ELITE,Healthy,Unknown,,,0,0.0,,NYR,Igor Shesterkin,0.911578947368421,2.4998208902580834,20.0,,moneypuck_team_proxy,24.5,4,24.5,4,22.5,96.6,99.5,A1+A2,20.66,89.2,96.1,1.26,ELITE,True,False,25.711828421616815,2.3918432128567453,64.8,43.3,10,2.5,True,4.5,3.75,3.6,4.1850000000000005,100.0,7.0,3.0,22.0,2.0,2.0,4.0,7.0,7.0,4.0,4.0,22.0,22.0,OK,0.7,,LOW,0.35,,LOW,0.175,,LOW,0.4,,LOW,0.2,,LOW,0.1,,LOW,2.2,,LOW,1.1,,LOW,0.55,,2.642273660174249,1.565791798621777,,,4.0,2.398134962935236,2.2409738553050214,50.0,25.1,74.7,25.1,22.18,6.55,56.5,9.43,1.85,19.85,HOT,WARM,HOT,15.63,7.58,HOT,Green,Green,Green,Green,81,80,81,88,ASSISTS,88,0.0,4.0,0.0,0.0,2.0,4.0,A,Distributor,16.7,,68.0,,2,3.4474025974025975,265.45,3.4474025974025975,0.16689895105261504,16.7,16.7,5.5716707477867775,1.729139197589,4.520625353173856,7.852567975830816,7.578865779615037,68.0,86.1,False,,,,🅰️ D:4,🥅 GOAL EARNED,False,True,3,"iXG,SOG,REG",False,0,,False,0,,ALTLINE_NB_v1_2026-01-18,,,,exp/fallback,5.65,,,,,,,,,exp/fallback,2.218,,,,,,,,,exp/fallback,1.5630000000000002,,,,,,,,,exp/fallback,0.442,,,,,,,,,exp/fallback,0.53075,,,,,,22.5,,2026-09-24-frozen-v2,[],2025-2026
2026-09-29,MTL@TOR,,6:00 PM,2026-09-29T23:00:00Z,Cole Caufield,8481540,MTL,R,⭐ STAR,Healthy,Unknown,,,0,0.0,,TOR,Joseph Woll,0.8984438984438985,3.33622313234283,61.6,,moneypuck_team_proxy,23.5,4,23.5,4,16.1,98.1,91.3,A1+A2,18.18,76.1,91.3,1.2,STAR,False,True,24.46043165467626,2.406324940047962,43.1,53.2,18,3.6,True,2.5,2.625,1.8,2.255,82.2,9.0,5.0,27.0,2.0,2.0,4.0,13.0,13.0,7.0,7.0,43.0,43.0,GOOD,0.9,,OK,0.65,,LOW,0.325,,LOW,0.4,,LOW,0.35,,LOW,0.175,,OK,2.7,,LOW,2.15,,LOW,1.075,,2.619776041821368,0.5881129889803072,,,4.0,2.674871645486655,2.417798492517205,50.0,57.7,74.2,57.7,11.52,5.49,24.81,1.47,-0.01,-4.45,COOL,COOL,COOL,6.03,1.48,COOL,Green,Red,Green,Yellow,73,81,84,79,GOAL,84,0.0,2.0,0.0,0.0,6.0,0.0,A,Distributor,17.6,,72.7,,2,3.201851851851852,259.35,3.201851851851852,0.17608518535282672,17.6,17.6,5.3181029496818955,2.2209369577790627,3.6437246963562746,7.76794133053955,7.933755914650478,72.7,87.9,True,,,,🥅 D:0,,False,False,1,,False,0,,False,0,,ALTLINE_NB_v1_2026-01-18,,,,exp/fallback,2.481,,,,,,,,,exp/fallback,1.152,,,,,,,,,exp/fallback,0.603,,,,,,,,,exp/fallback,0.3996,,,,,,,,,exp/fallback,0.46185000000000004,,,,,,16.1,,2026-09-24-frozen-v2,[],2025-2026
2026-09-29,FLA@CAR,,4:00 PM,2026-09-29T21:00:00Z,Bradly Nadeau,8484203,CAR,L,,Healthy,Unknown,,,0,0.0,,FLA,Sergei Bobrovsky,0.8768,3.0701244330736133,79.5,,moneypuck_team_proxy,25.0,4,25.0,4,,34.0,6.9,A1+A2,12.96,33.7,24.5,0.94,NONE,False,False,30.49987126200022,2.976863942325376,94.9,94.9,18,4.5,True,,,,,50.0,,,,,,,,,,,,,,,,,,,,,,,,,,,,,,,,,,,,,,,,0.014763779527559055,0.0,,,0.0,2.5561842144182134,2.6924815874317054,50.0,58.6,32.1,58.6,2.16,2.16,,,,,COOL,COOL,COOL,0.0,,COOL,Red,Red,Red,Red,26,36,42,22,GOAL,42,,,,,,,C,Passenger,8.6,,38.6,,0,1.1194444444444445,13.433333333333334,1.1194444444444445,0.08636948135447922,8.6,8.6,2.9925558312655087,2.9925558312655087,0.0,7.6757302031271495,6.195408690126301,38.6,44.5,False,,,,,,False,False,1,,False,0,,False,0,,ALTLINE_NB_v1_2026-01-18,,,,league_avg,2.3,,,,,,,,,exp/fallback,0.21600000000000003,,,,,,,,,league_avg,0.35,,,,,,,,,exp/fallback,0.2664,,,,,,,,,exp/fallback,0.2454,,,,,,,,2026-09-24-frozen-v2,[],2025-2026
2026-09-29,MTL@TOR,,6:00 PM,2026-09-29T23:00:00Z,Alexandre Texier,8480074,MTL,L,,Healthy,Unknown,,,0,0.0,,TOR,Joseph Woll,0.8984438984438985,3.33622313234283,61.6,,moneypuck_team_proxy,23.5,4,23.5,4,,58.0,56.5,A1+A2,13.65,38.7,53.6,1.01,NONE,False,False,24.46043165467626,2.406324940047962,43.1,53.2,18,3.6,True,,,,,50.0,,,,,,,,,,,,,,,,,,,,,,,,,,,,,,,,,,,,,,,,1.832159215707283,0.38571772962258594,,,0.0,2.674871645486655,2.417798492517205,50.0,57.7,68.1,57.7,4.07,1.49,,,,,COOL,COOL,COOL,2.58,,COOL,Red,Red,Red,Red,55,50,51,52,POINTS,55,,,,,,,C,Passenger,7.1,,72.7,,0,0.973202614379085,49.63333333333333,0.973202614379085,0.07127641751035159,7.1,7.1,1.2572196104768303,0.22968435191403627,1.2088650100738751,7.76794133053955,7.933755914650478,72.7,63.2,False,,,,,,False,False,0,,False,0,,False,0,,ALTLINE_NB_v1_2026-01-18,,,,league_avg,2.3,,,,,,,,,exp/fallback,0.40700000000000003,,,,,,,,,exp/fallback,0.258,,,,,,,,,exp/fallback,0.23959999999999998,,,,,,,,,exp/fallback,0.20185,,,,,,,,2026-09-24-frozen-v2,[],2025-2026
