Date,Game,Game_ID,StartTimeLocal,StartTimeUTC,Player,Player_ID,Model_Stats_Team,Team_Changed,Form_Log,Form_Season,Team,Pos,Tier,Injury_Status,Injury_Type,Injury_Text,Injury_Return,Team_Out_Count,Injury_DFO_Score,Injury_Badge,Injury_Reports_Count,Injury_Excluded_Count,Injury_Check_UTC,Opp,Opp_Goalie,Opp_SV,Opp_GAA,Goalie_Weak,Opp_Goalie_Status,Opp_Goalie_Source,Opp_SOG_Against_L10,Opp_SOG_Used_L10,Opp_SOG_Against_L50,Opp_SOG_Used_L50,Player_5v5_SOG_Share,iXG%,iXA%,iXA_Source,TOI_per_game,TOI_Pct,StarScore,TalentMult,Talent_Tier,Is_Elite,Is_Star,team_5v5_SF60,team_5v5_xGF60,team_5v5_SF60_pct,team_5v5_xGF60_pct,Team_GF_L5,Team_GF_Avg_L5,Team_GF_Gate,Med10_SOG,Trim10_SOG,Avg5_SOG,ShotIntent,ShotIntent_Pct,L10_P,L10_G,L10_S,L5_G,L5_A,L10_A,L20_P,L40_P,L20_A,L40_A,L20_S,L40_S,L10_Tier_Points,L10_Rate_Points,L10_Diff_Points,L20_Tier_Points,L20_Rate_Points,L20_Diff_Points,L40_Tier_Points,L40_Rate_Points,L40_Diff_Points,L10_Tier_Assists,L10_Rate_Assists,L10_Diff_Assists,L20_Tier_Assists,L20_Rate_Assists,L20_Diff_Assists,L40_Tier_Assists,L40_Rate_Assists,L40_Diff_Assists,L10_Tier_SOG,L10_Rate_SOG,L10_Diff_SOG,L20_Tier_SOG,L20_Rate_SOG,L20_Diff_SOG,L40_Tier_SOG,L40_Rate_SOG,L40_Diff_SOG,i5v5_points60,i5v5_primaryAssists60,i5v5_shotAssists60,i5v5_iCF60,Assist_Volume,opp_5v5_xGA60,opp_5v5_HDCA60,opp_5v5_SlotSA60,Opp_DefWeak,v2_player_stability,v2_defense_vulnerability,Exp_P_10,Exp_G_10,Exp_S_10,Reg_Gap_P10,Reg_Gap_G10,Reg_Gap_S10,Reg_Heat_P,Reg_Heat_G,Reg_Heat_S,Exp_A_10,Reg_Gap_A10,Reg_Heat_A,Matrix_Points,Matrix_SOG,Matrix_Goal,Matrix_Assists,Conf_Points,Conf_SOG,Conf_Goal,Conf_Assists,Best_Market,Best_Conf,Drought_P,Drought_A,Drought_G,Drought_SOG,PPP10_total,Drought_PPP,PP_Tier,PP_Path,PP_TeamShare_pct,PP_TOI_stability,PP_Env_Score,PP_BOOST,PP_Role,PP_TOI,PP_TOI_min,PP_TOI_per_game,PP_TOI_Share,PP_TOI_Pct_Game,PP_TOI_Pct,PP_Points60,PP_iXG60,PP_iXA60,Team_PP_xGF60,Opp_PK_xGA60,PP_Matchup,Assist_Dagger,Assist_PP_Proof,Line,Odds,Result,Best_Drought,Play_Tag,Plays_Points,Plays_Goal,Goal_ProofCount,Goal_Why,Plays_Assists,Assist_ProofCount,Assist_Why,Plays_SOG,SOG_ProofCount,SOG_Why,BDL_SOG_Line_1,BDL_SOG_Odds_1,BDL_SOG_Book_1,BDL_SOG_Line_2,BDL_SOG_Odds_2,BDL_SOG_Book_2,BDL_SOG_Line_3,BDL_SOG_Odds_3,BDL_SOG_Book_3,BDL_SOG_Line_4,BDL_SOG_Odds_4,BDL_SOG_Book_4,BDL_SOG_Line,BDL_SOG_Odds,BDL_SOG_Book,BDL_Points_Line_1,BDL_Points_Odds_1,BDL_Points_Book_1,BDL_Points_Line_2,BDL_Points_Odds_2,BDL_Points_Book_2,BDL_Points_Line_3,BDL_Points_Odds_3,BDL_Points_Book_3,BDL_Points_Line_4,BDL_Points_Odds_4,BDL_Points_Book_4,BDL_Points_Line,BDL_Points_Odds,BDL_Points_Book,BDL_Assists_Line_1,BDL_Assists_Odds_1,BDL_Assists_Book_1,BDL_Assists_Line_2,BDL_Assists_Odds_2,BDL_Assists_Book_2,BDL_Assists_Line_3,BDL_Assists_Odds_3,BDL_Assists_Book_3,BDL_Assists_Line_4,BDL_Assists_Odds_4,BDL_Assists_Book_4,BDL_Assists_Line,BDL_Assists_Odds,BDL_Assists_Book,BDL_Goal_Line_1,BDL_Goal_Odds_1,BDL_Goal_Book_1,BDL_Goal_Line_2,BDL_Goal_Odds_2,BDL_Goal_Book_2,BDL_Goal_Line_3,BDL_Goal_Odds_3,BDL_Goal_Book_3,BDL_Goal_Line_4,BDL_Goal_Odds_4,BDL_Goal_Book_4,BDL_Goal_Line,BDL_Goal_Odds,BDL_Goal_Book,BDL_ATG_Line_1,BDL_ATG_Odds_1,BDL_ATG_Book_1,BDL_ATG_Line_2,BDL_ATG_Odds_2,BDL_ATG_Book_2,BDL_ATG_Line_3,BDL_ATG_Odds_3,BDL_ATG_Book_3,BDL_ATG_Line_4,BDL_ATG_Odds_4,BDL_ATG_Book_4,BDL_ATG_Line,BDL_ATG_Odds,BDL_ATG_Book,Goal_Odds_Source,Goal_Available_Books,ATG_Odds_Source,ATG_Available_Books,BDL_PPP_Line_1,BDL_PPP_Odds_1,BDL_PPP_Book_1,BDL_PPP_Line_2,BDL_PPP_Odds_2,BDL_PPP_Book_2,BDL_PPP_Line_3,BDL_PPP_Odds_3,BDL_PPP_Book_3,BDL_PPP_Line_4,BDL_PPP_Odds_4,BDL_PPP_Book_4,BDL_PPP_Line,BDL_PPP_Odds,BDL_PPP_Book,PPP_Odds_Source,PPP_Available_Books,SOG_Odds_Source,SOG_Available_Books,Assists_Odds_Source,Assists_Available_Books,Points_Odds_Source,Points_Available_Books,Odds_Checked_UTC,BDL_EV_ENGINE,SOG_Line,SOG_Odds_Over,SOG_Book,SOG_ModelSrc,SOG_mu,SOG_p_model_over,SOG_Model%,SOG_p_imp_over,SOG_EVpct_over,SOG_EV%,SOG_p_model_over_1,SOG_Model%_1,SOG_EVpct_over_1,SOG_EV%_1,SOG_p_model_over_2,SOG_Model%_2,SOG_EVpct_over_2,SOG_EV%_2,SOG_p_model_over_3,SOG_Model%_3,SOG_EVpct_over_3,SOG_EV%_3,SOG_p_model_over_4,SOG_Model%_4,SOG_EVpct_over_4,SOG_EV%_4,Points_Line,Points_Odds_Over,Points_Book,Points_ModelSrc,Points_mu,Points_p_model_over,Points_Model%,Points_p_imp_over,Points_EVpct_over,Points_EV%,Points_p_model_over_1,Points_Model%_1,Points_EVpct_over_1,Points_EV%_1,Points_p_model_over_2,Points_Model%_2,Points_EVpct_over_2,Points_EV%_2,Points_p_model_over_3,Points_Model%_3,Points_EVpct_over_3,Points_EV%_3,Points_p_model_over_4,Points_Model%_4,Points_EVpct_over_4,Points_EV%_4,Assists_Line,Assists_Odds_Over,Assists_Book,Assists_ModelSrc,Assists_mu,Assists_p_model_over,Assists_Model%,Assists_p_imp_over,Assists_EVpct_over,Assists_EV%,Assists_p_model_over_1,Assists_Model%_1,Assists_EVpct_over_1,Assists_EV%_1,Assists_p_model_over_2,Assists_Model%_2,Assists_EVpct_over_2,Assists_EV%_2,Assists_p_model_over_3,Assists_Model%_3,Assists_EVpct_over_3,Assists_EV%_3,Assists_p_model_over_4,Assists_Model%_4,Assists_EVpct_over_4,Assists_EV%_4,Goal_Line,Goal_Odds_Over,Goal_Book,Goal_ModelSrc,Goal_mu,Goal_p_model_over,Goal_Model%,Goal_p_imp_over,Goal_EVpct_over,Goal_EV%,Goal_p_model_over_1,Goal_Model%_1,Goal_EVpct_over_1,Goal_EV%_1,Goal_p_model_over_2,Goal_Model%_2,Goal_EVpct_over_2,Goal_EV%_2,Goal_p_model_over_3,Goal_Model%_3,Goal_EVpct_over_3,Goal_EV%_3,Goal_p_model_over_4,Goal_Model%_4,Goal_EVpct_over_4,Goal_EV%_4,ATG_Line,ATG_Odds_Over,ATG_Book,ATG_ModelSrc,ATG_mu,ATG_p_model_over,ATG_Model%,ATG_p_imp_over,ATG_EVpct_over,ATG_EV%,ATG_p_model_over_1,ATG_Model%_1,ATG_EVpct_over_1,ATG_EV%_1,ATG_p_model_over_2,ATG_Model%_2,ATG_EVpct_over_2,ATG_EV%_2,ATG_p_model_over_3,ATG_Model%_3,ATG_EVpct_over_3,ATG_EV%_3,ATG_p_model_over_4,ATG_Model%_4,ATG_EVpct_over_4,ATG_EV%_4,Plays_EV_SOG,Plays_EV_Points,Plays_EV_Goal,Plays_EV_ATG,Plays_EV_Assists,Player_SOG_Share_Proxy,Outcome,Roster_Status,Roster_Check_UTC,Roster_Watch,Fired_Moves,Model_Stats_Season,Available,Move_Kit_Version,Frozen_At_UTC
2026-10-07,COL@WPG,2026020054,6:30 PM,2026-10-07T23:30:00Z,Artturi Lehkonen,8477476,COL,False,"{""season"":""2026-27"",""games"":[{""d"":""2026-10-03"",""g"":1,""a"":1,""s"":2,""pp"":0,""h"":""H"",""toi"":""19:26""},{""d"":""2026-09-30"",""g"":2,""a"":0,""s"":3,""pp"":2,""h"":""H"",""toi"":""19:27""}]}",2026-27,COL,L,,Healthy,Unknown,,,0.0,0.0,,17.0,11.0,2026-10-07T17:50:49+00:00,WPG,Stuart Skinner,,,50.0,Unconfirmed,dailyfaceoff_name_only,30.43,7.0,30.43,7.0,,94.4,82.2,A1+A2,18.48,78.0,86.8,1.15,NONE,False,False,32.85276761036827,3.032344812131172,91.8,91.8,20.0,4.0,True,,,2.5,,50.0,4.0,3.0,5.0,3.0,1.0,1.0,4.0,4.0,1.0,1.0,5.0,5.0,LOW,0.4,-0.1,LOW,0.2,,LOW,0.1,,LOW,0.1,,LOW,0.05,,LOW,0.025,,LOW,0.5,,LOW,0.25,,LOW,0.125,,2.367447595561036,0.8877928483353884,,,1.0,2.554356044173969,2.8408175406849194,50.0,64.5,72.0,70.7,8.83,4.85,,4.83,1.41,,HOT,COOL,COOL,4.86,3.42,HOT,Yellow,Yellow,Yellow,Yellow,77.0,74.0,80.0,76.0,GOAL,80.0,0.0,0.0,0.0,1.0,2.0,1.0,B,Shooter,11.6,,59.2,,1.0,2.1473809523809524,150.31666666666666,2.1473809523809524,0.1161912859756254,11.6,11.6,2.4308681672025725,2.091584432863954,0.3991573345160217,7.1974135866528295,7.923402579501821,59.2,64.8,False,,,,🥅 D:0,,False,False,1.0,,False,0.0,,False,0.0,,1.5,-140.0,BetMGM,2.5,225.0,FanDuel,3.5,625.0,BetOnline.ag,4.5,1900.0,BetOnline.ag,1.5,-140.0,BetMGM,0.5,100.0,Fanatics,1.5,525.0,Fanatics,2.5,2200.0,Fanatics,3.5,4500.0,BetOnline.ag,0.5,100.0,Fanatics,0.5,225.0,Hard Rock Bet,1.5,1300.0,Fanatics,,,,,,,0.5,225.0,Hard Rock Bet,0.5,270.0,FanDuel,,,,,,,,,,0.5,270.0,FanDuel,0.5,270.0,FanDuel,,,,,,,,,,0.5,270.0,FanDuel,The Odds API,"[""Bally Bet"", ""BetMGM"", ""BetRivers"", ""Bovada"", ""Courtside"", ""DraftKings"", ""FanDuel"", ""Fanatics"", ""Fliff"", ""Hard Rock Bet"", ""fanduel"", ""theScore Bet""]",The Odds API,"[""Bally Bet"", ""BetMGM"", ""BetRivers"", ""Bovada"", ""Courtside"", ""DraftKings"", ""FanDuel"", ""Fanatics"", ""fanduel""]",0.5,800.0,Hard Rock Bet,,,,,,,,,,0.5,800.0,Hard Rock Bet,The Odds API,"[""Hard Rock Bet"", ""theScore Bet""]",The Odds API,"[""Bally Bet"", ""BetMGM"", ""BetOnline.ag"", ""BetRivers"", ""Bovada"", ""Courtside"", ""DraftKings"", ""FanDuel"", ""Fanatics"", ""Fliff"", ""Hard Rock Bet"", ""ReBet"", ""theScore Bet""]",The Odds API,"[""Bally Bet"", ""BetMGM"", ""BetOnline.ag"", ""BetRivers"", ""Bovada"", ""Courtside"", ""DraftKings"", ""FanDuel"", ""Fanatics"", ""Fliff"", ""Hard Rock Bet"", ""ReBet"", ""betmgm"", ""theScore Bet""]",The Odds API,"[""Bally Bet"", ""BetMGM"", ""BetOnline.ag"", ""BetRivers"", ""Bovada"", ""Courtside"", ""DraftKings"", ""FanDuel"", ""Fanatics"", ""Fliff"", ""Hard Rock Bet"", ""ReBet"", ""betmgm"", ""theScore Bet""]",2026-10-07T17:51:03.097302+00:00,ALTLINE_NB_v1_2026-01-18,1.5,-140.0,BetMGM,exp/fallback,0.5,0.0982404443767041,9.8,0.5833333333333334,-83.15878096399358,-83.2,0.0982404443767041,9.8,-83.15878096399358,-83.2,0.0211669780841146,2.1,-93.12073212266276,-93.1,0.0040395411302058,0.4,-97.07133268060072,-97.1,0.0007092061669458,0.1,-98.5815876661084,-98.6,0.5,100.0,Fanatics,exp/fallback,0.883,0.536724505273751,53.7,0.5,7.344901054750208,7.3,0.536724505273751,53.7,7.344901054750208,7.3,0.2242289842139918,22.4,40.1431151337449,40.1,0.0819463036902204,8.2,88.47649848750713,88.5,0.027560672447657,2.8,26.77909325922233,26.8,0.5,225.0,Hard Rock Bet,exp/fallback,0.486,0.3527713360547142,35.3,0.3076923076923077,14.650684217782128,14.7,0.3527713360547142,35.3,14.650684217782128,14.7,0.0997116975370883,10.0,39.59637655192362,39.6,,,,,,,,,0.5,270.0,FanDuel,exp/fallback,0.2804999999999999,0.2334459665586241,23.3,0.2702702702702703,-13.624992373309064,-13.6,0.2334459665586241,23.3,-13.624992373309064,-13.6,,,,,,,,,,,,,0.5,270.0,FanDuel,exp/fallback,0.3151874999999999,0.2492841428848011,24.9,0.2702702702702703,-7.764867132623565,-7.8,0.2492841428848011,24.9,-7.764867132623565,-7.8,,,,,,,,,,,,,False,False,False,False,True,,,Active roster,2026-10-07T17:51:03+00:00,False,[],2025-2026,,2026-09-24-frozen-v2,2026-10-07T17:51:05.183913+00:00
2026-10-07,COL@WPG,2026020054,6:30 PM,2026-10-07T23:30:00Z,Brent Burns,8470613,COL,False,"{""season"":""2026-27"",""games"":[{""d"":""2026-10-03"",""g"":0,""a"":0,""s"":2,""pp"":0,""h"":""H"",""toi"":""13:10""},{""d"":""2026-09-30"",""g"":0,""a"":1,""s"":0,""pp"":0,""h"":""H"",""toi"":""15:23""}]}",2026-27,COL,D,,Healthy,Unknown,,,0.0,0.0,,17.0,11.0,2026-10-07T17:50:49+00:00,WPG,Stuart Skinner,,,50.0,Unconfirmed,dailyfaceoff_name_only,30.43,7.0,30.43,7.0,,56.0,76.4,A1+A2,18.88,79.5,67.8,1.07,NONE,False,False,32.85276761036827,3.032344812131172,91.8,91.8,20.0,4.0,True,,,1.0,,50.0,1.0,0.0,2.0,0.0,1.0,1.0,1.0,1.0,1.0,1.0,2.0,2.0,LOW,0.1,,LOW,0.05,,LOW,0.025,,LOW,0.1,,LOW,0.05,,LOW,0.025,,LOW,0.2,,LOW,0.1,,LOW,0.05,,1.5979320878862648,0.6109740336035718,,,1.0,2.554356044173969,2.8408175406849194,50.0,64.5,61.8,70.7,3.91,0.9,,2.91,0.9,,HOT,COOL,COOL,3.3,2.0,WARM,Yellow,Red,Red,Yellow,70.0,53.0,53.0,67.0,POINTS,70.0,1.0,1.0,2.0,0.0,0.0,2.0,C,Passenger,3.3,,59.2,,0.0,0.6254065040650406,51.28333333333333,0.6254065040650406,0.0331319787662456,3.3,3.3,1.3191420214494638,0.5732856678583036,0.8774780630484239,7.1974135866528295,7.923402579501821,59.2,56.3,False,,,,🅿️ D:1,,False,False,1.0,,False,0.0,,False,0.0,,1.5,-114.0,BetOnline.ag,2.5,265.0,Fanatics,3.5,750.0,Fanatics,4.5,1900.0,Fanatics,1.5,-114.0,BetOnline.ag,,,,,,,,,,,,,,,,,,,,,,,,,,,,,,,0.5,1100.0,Fanatics,,,,,,,,,,0.5,1100.0,Fanatics,0.5,1100.0,Fanatics,,,,,,,,,,0.5,1100.0,Fanatics,The Odds API,"[""Bally Bet"", ""BetMGM"", ""BetRivers"", ""Bovada"", ""Courtside"", ""DraftKings"", ""FanDuel"", ""Fanatics"", ""Fliff"", ""Hard Rock Bet"", ""theScore Bet""]",The Odds API,"[""Bally Bet"", ""BetMGM"", ""BetRivers"", ""Bovada"", ""Courtside"", ""DraftKings"", ""FanDuel"", ""Fanatics"", ""fanatics""]",,,,,,,,,,,,,,,,,,The Odds API,"[""Bally Bet"", ""BetOnline.ag"", ""BetRivers"", ""Courtside"", ""DraftKings"", ""Fanatics"", ""Fliff"", ""Hard Rock Bet"", ""ReBet"", ""theScore Bet""]",,,,,2026-10-07T17:51:03.097302+00:00,ALTLINE_NB_v1_2026-01-18,1.5,-114.0,BetOnline.ag,exp/fallback,0.2,0.0205922919144261,2.1,0.5327102803738317,-96.13442941255512,-96.1,0.0205922919144261,2.1,-96.13442941255512,-96.1,0.0019369069985104,0.2,-99.29302894554368,-99.3,0.0001602036731851,0.0,-99.86382687779265,-99.9,1.2145062741386605e-05,0.0,-99.97570987451722,-100.0,,,,exp/fallback,0.391,,,,,,,,,,,,,,,,,,,,,,,,,exp/fallback,0.3299999999999999,,,,,,,,,,,,,,,,,,,,,,0.5,1100.0,Fanatics,exp/fallback,0.162,0.1452681374180959,14.5,0.0833333333333333,74.32176490171516,74.3,0.1452681374180959,14.5,74.32176490171516,74.3,,,,,,,,,,,,,0.5,1100.0,Fanatics,exp/fallback,0.1226249999999999,0.1112889261064887,11.1,0.0833333333333333,33.54671132778652,33.5,0.1112889261064887,11.1,33.54671132778652,33.5,,,,,,,,,,,,,False,False,True,True,False,,,Active roster,2026-10-07T17:51:03+00:00,False,[],2025-2026,,2026-09-24-frozen-v2,2026-10-07T17:51:05.183913+00:00
2026-10-07,COL@WPG,2026020054,6:30 PM,2026-10-07T23:30:00Z,Brett Kulak,8476967,COL,False,,2026-27,COL,D,,Healthy,Unknown,,,0.0,0.0,,17.0,11.0,2026-10-07T17:50:49+00:00,WPG,Stuart Skinner,,,50.0,Unconfirmed,dailyfaceoff_name_only,30.43,7.0,30.43,7.0,,36.8,51.9,A1+A2,18.96,81.0,50.9,1.0,NONE,False,False,32.85276761036827,3.032344812131172,91.8,91.8,20.0,4.0,True,,,,,50.0,,,,,,,,,,,,,,,,,,,,,,,,,,,,,,,,,,,,,,,,0.4682123981697151,0.2128238173498705,,,0.0,2.554356044173969,2.8408175406849194,50.0,64.5,37.5,70.7,1.74,0.41,,,,,COOL,COOL,COOL,1.33,,COOL,Red,Red,Red,Red,53.0,43.0,41.0,47.0,POINTS,53.0,,,,,,,C,Passenger,0.7,,59.2,,0.0,0.1349397590361445,11.2,0.1349397590361445,0.0071167593328038,0.7,0.7,0.0,0.0,0.0,7.1974135866528295,7.923402579501821,59.2,39.0,False,,,,,,False,False,0.0,,False,0.0,,False,0.0,,,,,,,,,,,,,,,,,,,,,,,,,,,,,,,,,,,,,,,,,,,,,,,0.5,1800.0,Fanatics,,,,,,,,,,0.5,1800.0,Fanatics,0.5,1800.0,Fanatics,,,,,,,,,,0.5,1800.0,Fanatics,The Odds API,"[""Bally Bet"", ""BetMGM"", ""BetRivers"", ""Bovada"", ""Courtside"", ""DraftKings"", ""Fanatics"", ""Fliff"", ""Hard Rock Bet"", ""theScore Bet""]",The Odds API,"[""Bally Bet"", ""BetMGM"", ""BetRivers"", ""Bovada"", ""Courtside"", ""DraftKings"", ""Fanatics"", ""fanatics""]",,,,,,,,,,,,,,,,,,,,,,,,2026-10-07T17:51:03.097302+00:00,ALTLINE_NB_v1_2026-01-18,,,,league_avg,2.3,,,,,,,,,,,,,,,,,,,,,,,,,exp/fallback,0.174,,,,,,,,,,,,,,,,,,,,,,,,,exp/fallback,0.133,,,,,,,,,,,,,,,,,,,,,,0.5,1800.0,Fanatics,exp/fallback,0.1964,0.172268990645696,17.2,0.0526315789473684,227.3110822268224,227.3,0.172268990645696,17.2,227.3110822268224,227.3,,,,,,,,,,,,,0.5,1800.0,Fanatics,exp/fallback,0.13165,0.1186665436361614,11.9,0.0526315789473684,125.46643290870682,125.5,0.1186665436361614,11.9,125.46643290870682,125.5,,,,,,,,,,,,,False,False,True,True,False,,,Active roster,2026-10-07T17:51:03+00:00,False,[],2025-2026,,2026-09-24-frozen-v2,2026-10-07T17:51:05.183913+00:00
2026-10-07,COL@WPG,2026020054,6:30 PM,2026-10-07T23:30:00Z,Brock Nelson,8475754,COL,False,"{""season"":""2026-27"",""games"":[{""d"":""2026-10-03"",""g"":0,""a"":0,""s"":1,""pp"":0,""h"":""H"",""toi"":""16:11""},{""d"":""2026-09-30"",""g"":1,""a"":2,""s"":1,""pp"":3,""h"":""H"",""toi"":""19:14""}]}",2026-27,COL,C,⭐ STAR,Healthy,Unknown,,,0.0,0.0,,17.0,11.0,2026-10-07T17:50:49+00:00,WPG,Stuart Skinner,,,50.0,Unconfirmed,dailyfaceoff_name_only,30.43,7.0,30.43,7.0,,97.3,87.4,A1+A2,19.65,86.0,91.6,1.2,STAR,False,True,32.85276761036827,3.032344812131172,91.8,91.8,20.0,4.0,True,,,1.0,,50.0,3.0,1.0,2.0,1.0,2.0,2.0,3.0,3.0,2.0,2.0,2.0,2.0,LOW,0.3,-0.2,LOW,0.15,,LOW,0.075,,LOW,0.2,,LOW,0.1,,LOW,0.05,,LOW,0.2,,LOW,0.1,,LOW,0.05,,2.045485129861392,0.4306284483918718,,,2.0,2.554356044173969,2.8408175406849194,50.0,64.5,69.2,70.7,10.19,4.97,,6.26,3.52,,HOT,HOT,COOL,5.21,2.74,HOT,Yellow,Yellow,Green,Yellow,80.0,78.0,78.0,79.0,POINTS,80.0,1.0,1.0,1.0,2.0,3.0,1.0,A,Hybrid,15.8,,59.2,,2.0,3.098765432098765,251.0,3.098765432098765,0.1576715699104852,15.8,15.8,2.928884462151394,1.4557768924302787,1.7330677290836651,7.1974135866528295,7.923402579501821,59.2,78.1,False,,,,🅿️ D:1,,False,False,2.0,,False,0.0,,False,0.0,,1.5,-160.0,BetMGM,2.5,192.0,FanDuel,3.5,490.0,FanDuel,4.5,900.0,Fanatics,1.5,-160.0,BetMGM,0.5,-102.0,BetOnline.ag,1.5,480.0,FanDuel,2.5,1900.0,Fanatics,3.5,4300.0,BetOnline.ag,0.5,-102.0,BetOnline.ag,0.5,220.0,BetMGM,1.5,1500.0,Bovada,,,,,,,0.5,220.0,BetMGM,0.5,235.0,BetRivers,,,,,,,,,,0.5,235.0,BetRivers,0.5,235.0,BetRivers,,,,,,,,,,0.5,235.0,BetRivers,The Odds API,"[""Bally Bet"", ""BetMGM"", ""BetRivers"", ""Bovada"", ""Courtside"", ""DraftKings"", ""FanDuel"", ""Fanatics"", ""Fliff"", ""Hard Rock Bet"", ""fanduel"", ""theScore Bet""]",The Odds API,"[""Bally Bet"", ""BetMGM"", ""BetRivers"", ""Bovada"", ""Courtside"", ""DraftKings"", ""FanDuel"", ""Fanatics"", ""betrivers""]",0.5,450.0,Hard Rock Bet,,,,,,,,,,0.5,450.0,Hard Rock Bet,The Odds API,"[""Bovada"", ""Hard Rock Bet"", ""theScore Bet""]",The Odds API,"[""Bally Bet"", ""BetMGM"", ""BetOnline.ag"", ""BetRivers"", ""Bovada"", ""Courtside"", ""DraftKings"", ""FanDuel"", ""Fanatics"", ""Fliff"", ""Hard Rock Bet"", ""ReBet"", ""theScore Bet""]",The Odds API,"[""Bally Bet"", ""BetMGM"", ""BetOnline.ag"", ""BetRivers"", ""Bovada"", ""Courtside"", ""DraftKings"", ""FanDuel"", ""Fanatics"", ""Fliff"", ""Hard Rock Bet"", ""ReBet"", ""betmgm"", ""theScore Bet""]",The Odds API,"[""Bally Bet"", ""BetMGM"", ""BetOnline.ag"", ""BetRivers"", ""Bovada"", ""Courtside"", ""DraftKings"", ""FanDuel"", ""Fanatics"", ""Fliff"", ""Hard Rock Bet"", ""ReBet"", ""betmgm"", ""theScore Bet""]",2026-10-07T17:51:03.097302+00:00,ALTLINE_NB_v1_2026-01-18,1.5,-160.0,BetMGM,exp/fallback,0.2,0.0205922919144261,2.1,0.6153846153846154,-96.65375256390575,-96.7,0.0205922919144261,2.1,-96.65375256390575,-96.7,0.0019369069985104,0.2,-99.43442315643496,-99.4,0.0001602036731851,0.0,-99.90547983282076,-99.9,1.2145062741386605e-05,0.0,-99.98785493725862,-100.0,0.5,-102.0,BetOnline.ag,exp/fallback,1.019,0.5816685492450464,58.2,0.504950495049505,15.193183281862131,15.2,0.5816685492450464,58.2,15.193183281862131,15.2,0.2674535724129248,26.7,55.123071999496375,55.1,0.1081457801013086,10.8,116.29156020261722,116.3,0.0403393233582496,4.0,77.49302277629839,77.5,0.5,220.0,BetMGM,exp/fallback,0.521,0.3706180263493909,37.1,0.3125,18.597768431805093,18.6,0.3706180263493909,37.1,18.597768431805093,18.6,0.1104768059828956,11.0,76.76288957263306,76.8,,,,,,,,,0.5,235.0,BetRivers,exp/fallback,0.2841,0.2359215590862566,23.6,0.2985074626865671,-20.96627770610401,-21.0,0.2359215590862566,23.6,-20.96627770610401,-21.0,,,,,,,,,,,,,0.5,235.0,BetRivers,exp/fallback,0.3210375,0.2529145385337134,25.3,0.2985074626865671,-15.273629591206015,-15.3,0.2529145385337134,25.3,-15.273629591206015,-15.3,,,,,,,,,,,,,False,True,False,False,True,,,Active roster,2026-10-07T17:51:03+00:00,False,[],2025-2026,,2026-09-24-frozen-v2,2026-10-07T17:51:05.183913+00:00
2026-10-07,COL@WPG,2026020054,6:30 PM,2026-10-07T23:30:00Z,Cale Makar,8480069,COL,False,"{""season"":""2026-27"",""games"":[{""d"":""2026-10-03"",""g"":1,""a"":0,""s"":3,""pp"":0,""h"":""H"",""toi"":""20:04""},{""d"":""2026-09-30"",""g"":0,""a"":2,""s"":1,""pp"":1,""h"":""H"",""toi"":""18:14""}]}",2026-27,COL,D,⭐ STAR,Healthy,Unknown,,,0.0,0.0,,17.0,11.0,2026-10-07T17:50:49+00:00,WPG,Stuart Skinner,,,50.0,Unconfirmed,dailyfaceoff_name_only,30.43,7.0,30.43,7.0,,83.8,98.5,A1+A2,24.85,99.5,92.1,1.2,STAR,False,True,32.85276761036827,3.032344812131172,91.8,91.8,20.0,4.0,True,,,2.0,,50.0,3.0,1.0,4.0,1.0,2.0,2.0,3.0,3.0,2.0,2.0,4.0,4.0,LOW,0.3,-0.2,LOW,0.15,,LOW,0.075,,LOW,0.2,,LOW,0.1,,LOW,0.05,,LOW,0.4,,LOW,0.2,,LOW,0.1,,1.7550219377742222,0.8100101251265641,,,2.0,2.554356044173969,2.8408175406849194,50.0,64.5,65.0,70.7,16.75,3.23,,9.41,1.94,,HOT,WARM,COOL,12.77,7.46,HOT,Green,Yellow,Yellow,Green,87.0,70.0,71.0,84.0,POINTS,87.0,0.0,1.0,0.0,0.0,1.0,1.0,A,Distributor,15.8,,59.2,,2.0,3.926,294.45,3.926,0.1580034700484733,15.8,15.8,4.385124808965869,1.0942435048395314,3.871625063678044,7.1974135866528295,7.923402579501821,59.2,86.0,False,,,,🅿️ D:0,,False,False,1.0,,False,0.0,,False,0.0,,1.5,-300.0,DraftKings,2.5,102.0,BetOnline.ag,3.5,250.0,FanDuel,4.5,600.0,BetOnline.ag,2.5,102.0,BetOnline.ag,0.5,-200.0,Hard Rock Bet,1.5,220.0,Bovada,2.5,800.0,Bovada,3.5,2500.0,Fanatics,0.5,-200.0,Hard Rock Bet,0.5,-135.0,BetMGM,1.5,330.0,Bovada,2.5,1200.0,Fanatics,,,,0.5,-135.0,BetMGM,0.5,335.0,BetRivers,,,,,,,,,,0.5,335.0,BetRivers,0.5,335.0,BetRivers,,,,,,,,,,0.5,335.0,BetRivers,The Odds API,"[""Bally Bet"", ""BetMGM"", ""BetRivers"", ""Bovada"", ""Courtside"", ""DraftKings"", ""FanDuel"", ""Fanatics"", ""Fliff"", ""Hard Rock Bet"", ""theScore Bet""]",The Odds API,"[""Bally Bet"", ""BetMGM"", ""BetRivers"", ""Bovada"", ""Courtside"", ""DraftKings"", ""FanDuel"", ""Fanatics"", ""betrivers""]",0.5,200.0,BetMGM,1.5,550.0,Bovada,,,,,,,0.5,200.0,BetMGM,The Odds API,"[""Bally Bet"", ""BetMGM"", ""BetRivers"", ""Bovada"", ""Fliff"", ""Hard Rock Bet"", ""theScore Bet""]",The Odds API,"[""Bally Bet"", ""BetMGM"", ""BetOnline.ag"", ""BetRivers"", ""Bovada"", ""Courtside"", ""DraftKings"", ""FanDuel"", ""Fanatics"", ""Fliff"", ""Hard Rock Bet"", ""ReBet"", ""fanduel"", ""theScore Bet""]",The Odds API,"[""Bally Bet"", ""BetMGM"", ""BetOnline.ag"", ""BetRivers"", ""Bovada"", ""Courtside"", ""DraftKings"", ""FanDuel"", ""Fanatics"", ""Fliff"", ""Hard Rock Bet"", ""ReBet"", ""betmgm"", ""theScore Bet""]",The Odds API,"[""Bally Bet"", ""BetMGM"", ""BetOnline.ag"", ""BetRivers"", ""Bovada"", ""Courtside"", ""DraftKings"", ""FanDuel"", ""Fanatics"", ""Fliff"", ""Hard Rock Bet"", ""ReBet"", ""betmgm"", ""theScore Bet""]",2026-10-07T17:51:03.097302+00:00,ALTLINE_NB_v1_2026-01-18,2.5,102.0,BetOnline.ag,exp/fallback,0.4,0.0121706224058896,1.2,0.495049504950495,-97.5415342740103,-97.5,0.0686180154112674,6.9,-90.85093127849768,-90.9,0.0121706224058896,1.2,-97.5415342740103,-97.5,0.0019074600412755,0.2,-99.33238898555356,-99.3,0.0002746842105414,0.0,-99.807721052621,-99.8,0.5,-200.0,Hard Rock Bet,exp/fallback,1.675,0.7323855165544736,73.2,0.6666666666666666,9.85782748317104,9.9,0.7323855165544736,73.2,9.85782748317104,9.9,0.4497981187475347,45.0,43.935397999211126,43.9,0.2483794415872697,24.8,123.54149742854278,123.5,0.1278562615055561,12.8,232.4262799144461,232.4,0.5,-135.0,BetMGM,exp/fallback,1.277,0.6275164407258996,62.8,0.574468085106383,9.234343385619564,9.2,0.6275164407258996,62.8,9.234343385619564,9.2,0.3372134165006777,33.7,45.00176909529141,45.0,0.1675230158588063,16.8,117.77992061644828,117.8,,,,,0.5,335.0,BetRivers,exp/fallback,0.2319,0.1988976119953769,19.9,0.2298850574712643,-13.479538782011035,-13.5,0.1988976119953769,19.9,-13.479538782011035,-13.5,,,,,,,,,,,,,0.5,335.0,BetRivers,exp/fallback,0.2362125,0.1972760392556325,19.7,0.2298850574712643,-14.184922923799848,-14.2,0.1972760392556325,19.7,-14.184922923799848,-14.2,,,,,,,,,,,,,False,False,False,False,False,,,Active roster,2026-10-07T17:51:03+00:00,False,"[{""market"":""Points"",""name"":""Hammer Fists"",""kind"":""FLOOR"",""rule"":""Conf_Points >= 80"",""icon"":""PTS05_HAMMER_FISTS.svg"",""kit_version"":""2026-09-24-frozen-v2""},{""market"":""Points"",""name"":""Echo Stomp II"",""kind"":""TIER"",""rule"":""Conf_Points >= 80 + TOI_per_game >= 19.18"",""icon"":""PTS05_HAMMER_STOMP.svg"",""kit_version"":""2026-09-24-frozen-v2""},{""market"":""Points"",""name"":""Gaia’s Blessing"",""kind"":""TIER"",""rule"":""Conf_Points >= 80 + Assists_mu >= 0.746"",""icon"":""PTS05_GAIAS_BLESSING.svg"",""kit_version"":""2026-09-24-frozen-v2""},{""market"":""Points"",""name"":""Gaia’s Blessing+ (Press)"",""kind"":""HEAVY"",""rule"":""Conf_Points >= 81 + Assists_mu >= 0.746"",""icon"":""PTS05_GAIAS_BLESSING.svg"",""kit_version"":""2026-09-24-frozen-v2""},{""market"":""Points"",""name"":""Gaia’s Blessing++ (Smash)"",""kind"":""HEAVY"",""rule"":""Conf_Points >= 83 + Assists_mu >= 0.746"",""icon"":""PTS05_GAIAS_BLESSING.svg"",""kit_version"":""2026-09-24-frozen-v2""},{""market"":""Points"",""name"":""Blood Stomp"",""kind"":""CRIT"",""rule"":""Conf_Points >= 83 + TOI_per_game >= 19.18 + Opp_PK_xGA60 >= 7.784"",""icon"":""PTS05_BLEED_ENV.svg"",""kit_version"":""2026-09-24-frozen-v2""},{""market"":""Assists"",""name"":""Staff (Green Stance)"",""kind"":""STANCE"",""rule"":""Green + Assists 0.5"",""icon"":""staff.svg"",""kit_version"":""2026-09-24-frozen-v2""},{""market"":""Assists"",""name"":""Staff Awakened"",""kind"":""STANCE"",""rule"":""Green + Assists 0.5 + Conf_Assists ≥ 83"",""icon"":""staff.svg"",""kit_version"":""2026-09-24-frozen-v2""},{""market"":""Assists"",""name"":""Assist Dagger"",""kind"":""VOLUME"",""rule"":""Green + Assists 0.5 + Conf_Assists ≥ 83 + Assist_Dagger ≥ 86"",""icon"":""magic-dagger.svg"",""kit_version"":""2026-09-24-frozen-v2""}]",2025-2026,,2026-09-24-frozen-v2,2026-10-07T17:51:05.183913+00:00
2026-10-07,COL@WPG,2026020054,6:30 PM,2026-10-07T23:30:00Z,Devon Toews,8478038,COL,False,"{""season"":""2026-27"",""games"":[{""d"":""2026-10-03"",""g"":0,""a"":0,""s"":0,""pp"":0,""h"":""H"",""toi"":""18:55""},{""d"":""2026-09-30"",""g"":0,""a"":2,""s"":0,""pp"":2,""h"":""H"",""toi"":""20:04""}]}",2026-27,COL,D,,Healthy,Unknown,,,0.0,0.0,,17.0,11.0,2026-10-07T17:50:49+00:00,WPG,Stuart Skinner,,,50.0,Unconfirmed,dailyfaceoff_name_only,30.43,7.0,30.43,7.0,,55.9,72.9,A1+A2,22.37,94.5,69.6,1.08,NONE,False,False,32.85276761036827,3.032344812131172,91.8,91.8,20.0,4.0,True,,,0.0,,50.0,2.0,0.0,0.0,0.0,2.0,2.0,2.0,2.0,2.0,2.0,0.0,0.0,LOW,0.2,-0.3,LOW,0.1,,LOW,0.05,,LOW,0.2,,LOW,0.1,,LOW,0.05,,LOW,0.0,,LOW,0.0,,LOW,0.0,,1.037478214329825,0.3952297959351713,,,2.0,2.554356044173969,2.8408175406849194,50.0,64.5,49.0,70.7,4.42,1.09,,2.42,1.09,,WARM,COOL,COOL,3.66,1.33,COOL,Yellow,Red,Red,Yellow,66.0,54.0,54.0,64.0,POINTS,66.0,1.0,1.0,2.0,2.0,2.0,1.0,B,Shooter,5.9,,59.2,,1.0,1.3208333333333333,89.81666666666666,1.3208333333333333,0.0590478277543417,5.9,5.9,0.1937279643718686,0.1937279643718686,0.0,7.1974135866528295,7.923402579501821,59.2,49.1,False,,,,🅿️ D:1,,False,False,1.0,,False,0.0,,False,0.0,,1.5,100.0,theScore Bet,2.5,310.0,BetOnline.ag,3.5,1000.0,BetOnline.ag,4.5,3200.0,BetOnline.ag,1.5,100.0,theScore Bet,0.5,130.0,DraftKings,1.5,850.0,Bovada,2.5,3000.0,Fanatics,3.5,3700.0,BetOnline.ag,0.5,130.0,DraftKings,0.5,175.0,Bovada,1.5,1100.0,DraftKings,,,,,,,0.5,175.0,Bovada,0.5,700.0,DraftKings,,,,,,,,,,0.5,700.0,DraftKings,0.5,700.0,DraftKings,,,,,,,,,,0.5,700.0,DraftKings,The Odds API,"[""Bally Bet"", ""BetMGM"", ""BetRivers"", ""Bovada"", ""Courtside"", ""DraftKings"", ""FanDuel"", ""Fanatics"", ""Fliff"", ""Hard Rock Bet"", ""theScore Bet""]",The Odds API,"[""Bally Bet"", ""BetMGM"", ""BetRivers"", ""Bovada"", ""Courtside"", ""DraftKings"", ""FanDuel"", ""Fanatics"", ""betmgm""]",0.5,850.0,Hard Rock Bet,,,,,,,,,,0.5,850.0,Hard Rock Bet,The Odds API,"[""Hard Rock Bet"", ""theScore Bet""]",The Odds API,"[""Bally Bet"", ""BetMGM"", ""BetOnline.ag"", ""BetRivers"", ""Courtside"", ""DraftKings"", ""Fanatics"", ""Fliff"", ""Hard Rock Bet"", ""ReBet"", ""theScore Bet""]",The Odds API,"[""Bally Bet"", ""BetMGM"", ""BetOnline.ag"", ""BetRivers"", ""Bovada"", ""Courtside"", ""DraftKings"", ""Fanatics"", ""Fliff"", ""Hard Rock Bet"", ""ReBet"", ""draftkings"", ""theScore Bet""]",The Odds API,"[""Bally Bet"", ""BetMGM"", ""BetOnline.ag"", ""BetRivers"", ""Bovada"", ""Courtside"", ""DraftKings"", ""Fanatics"", ""Fliff"", ""Hard Rock Bet"", ""ReBet"", ""draftkings"", ""theScore Bet""]",2026-10-07T17:51:03.097302+00:00,ALTLINE_NB_v1_2026-01-18,1.5,100.0,theScore Bet,league_avg,2.3,0.6001759479749428,60.0,0.5,20.035189594988555,20.0,0.6001759479749428,60.0,20.035189594988555,20.0,0.3835789960842564,38.4,57.26738839454513,57.3,0.2254288407355011,22.5,147.9717248090513,148.0,0.1243884637071297,12.4,310.48193023352815,310.5,0.5,130.0,DraftKings,exp/fallback,0.442,0.3369952053503654,33.7,0.4347826086956521,-22.49110276941595,-22.5,0.3369952053503654,33.7,-22.49110276941595,-22.5,0.0832079712331587,8.3,-20.952427328499237,-21.0,0.0176347303057587,1.8,-45.33233605214774,-45.3,0.0034111994513238,0.3,-87.0374420849694,-87.0,0.5,175.0,Bovada,exp/fallback,0.366,0.2854534762331108,28.5,0.3636363636363636,-21.50029403589453,-21.5,0.2854534762331108,28.5,-21.50029403589453,-21.5,0.0643849828276319,6.4,-22.73802060684167,-22.7,,,,,,,,,0.5,700.0,DraftKings,exp/fallback,0.2236,0.1927803823304223,19.3,0.125,54.22430586433791,54.2,0.1927803823304223,19.3,54.22430586433791,54.2,,,,,,,,,,,,,0.5,700.0,DraftKings,exp/fallback,0.17585,0.1533819353786762,15.3,0.125,22.705548302941025,22.7,0.1533819353786762,15.3,22.705548302941025,22.7,,,,,,,,,,,,,True,False,True,True,False,,,Active roster,2026-10-07T17:51:03+00:00,False,[],2025-2026,,2026-09-24-frozen-v2,2026-10-07T17:51:05.183913+00:00
2026-10-07,COL@WPG,2026020054,6:30 PM,2026-10-07T23:30:00Z,Fedor Svechkov,8482768,NSH,True,,2026-27,COL,C,,Healthy,Unknown,,,0.0,0.0,,17.0,11.0,2026-10-07T17:50:49+00:00,WPG,Stuart Skinner,,,50.0,Unconfirmed,dailyfaceoff_name_only,30.43,7.0,30.43,7.0,,60.0,56.5,A1+A2,12.08,29.5,52.7,1.01,NONE,False,False,32.85276761036827,3.032344812131172,91.8,91.8,20.0,4.0,True,,,,,50.0,,,,,,,,,,,,,,,,,,,,,,,,,,,,,,,,,,,,,,,,1.2246460007654036,0.5357826253348641,,,0.0,2.554356044173969,2.8408175406849194,50.0,64.5,52.8,70.7,3.02,1.15,,,,,COOL,COOL,COOL,1.88,,COOL,Red,Red,Red,Red,52.0,51.0,52.0,49.0,POINTS,52.0,,,,,,,,Passenger,2.1,,59.2,,,0.2585714285714286,18.1,0.2585714285714286,0.021410827648752,2.1,2.1,0.9944751381215468,0.9944751381215468,0.0,7.1974135866528295,7.923402579501821,59.2,43.2,False,,,,,,False,False,0.0,,False,0.0,,False,0.0,,,,,,,,,,,,,,,,,,,,,,,,,,,,,,,,,,,,,,,,,,,,,,,0.5,725.0,FanDuel,,,,,,,,,,0.5,725.0,FanDuel,0.5,725.0,FanDuel,,,,,,,,,,0.5,725.0,FanDuel,The Odds API,"[""Bally Bet"", ""BetMGM"", ""BetRivers"", ""Bovada"", ""Courtside"", ""DraftKings"", ""FanDuel"", ""Fanatics"", ""Fliff"", ""Hard Rock Bet"", ""theScore Bet""]",The Odds API,"[""Bally Bet"", ""BetMGM"", ""BetRivers"", ""Bovada"", ""Courtside"", ""DraftKings"", ""FanDuel"", ""Fanatics"", ""fanduel""]",,,,,,,,,,,,,,,,,,,,,,,,2026-10-07T17:51:03.097302+00:00,ALTLINE_NB_v1_2026-01-18,,,,league_avg,2.3,,,,,,,,,,,,,,,,,,,,,,,,,exp/fallback,0.302,,,,,,,,,,,,,,,,,,,,,,,,,exp/fallback,0.188,,,,,,,,,,,,,,,,,,,,,,0.5,725.0,FanDuel,exp/fallback,0.2259999999999999,0.1945559216162683,19.5,0.1212121212121212,60.50863533342138,60.5,0.1945559216162683,19.5,60.50863533342138,60.5,,,,,,,,,,,,,0.5,725.0,FanDuel,exp/fallback,0.17975,0.1563365209908994,15.6,0.1212121212121212,28.977629817492044,29.0,0.1563365209908994,15.6,28.977629817492044,29.0,,,,,,,,,,,,,False,False,True,True,False,,,Active roster,2026-10-07T17:51:03+00:00,False,[],2025-2026,,2026-09-24-frozen-v2,2026-10-07T17:51:05.183913+00:00
2026-10-07,COL@WPG,2026020054,6:30 PM,2026-10-07T23:30:00Z,Gabriel Landeskog,8476455,COL,False,"{""season"":""2026-27"",""games"":[{""d"":""2026-10-03"",""g"":0,""a"":1,""s"":0,""pp"":0,""h"":""H"",""toi"":""14:35""},{""d"":""2026-09-30"",""g"":1,""a"":0,""s"":1,""pp"":0,""h"":""H"",""toi"":""17:52""}]}",2026-27,COL,L,,Healthy,Unknown,,,0.0,0.0,,17.0,11.0,2026-10-07T17:50:49+00:00,WPG,Stuart Skinner,,,50.0,Unconfirmed,dailyfaceoff_name_only,30.43,7.0,30.43,7.0,,81.1,72.9,A1+A2,16.41,64.0,74.8,1.1,NONE,False,False,32.85276761036827,3.032344812131172,91.8,91.8,20.0,4.0,True,,,0.5,,50.0,2.0,1.0,1.0,1.0,1.0,1.0,2.0,2.0,1.0,1.0,1.0,1.0,LOW,0.2,-0.3,LOW,0.1,,LOW,0.05,,LOW,0.1,,LOW,0.05,,LOW,0.025,,LOW,0.1,,LOW,0.05,,LOW,0.025,,1.7936102634365074,0.2989350439060845,,,1.0,2.554356044173969,2.8408175406849194,50.0,64.5,65.5,70.7,6.96,3.12,,4.96,2.12,,HOT,WARM,COOL,4.24,2.85,HOT,Yellow,Yellow,Yellow,Yellow,70.0,65.0,68.0,68.0,POINTS,70.0,0.0,0.0,1.0,2.0,0.0,2.0,B,Hybrid,14.1,,59.2,,1.0,2.3105555555555557,138.63333333333333,2.3105555555555557,0.1407707018226742,14.1,14.1,1.2789132002885308,0.7270978600625151,0.6491945179129599,7.1974135866528295,7.923402579501821,59.2,69.2,False,,,,🅿️ D:0,,False,False,1.0,,False,0.0,,False,0.0,,1.5,-169.0,BetOnline.ag,2.5,175.0,Fanatics,3.5,460.0,Fanatics,4.5,1100.0,Fanatics,1.5,-169.0,BetOnline.ag,0.5,115.0,Fanatics,1.5,600.0,DraftKings,2.5,2800.0,Fanatics,3.5,4000.0,BetOnline.ag,0.5,115.0,Fanatics,0.5,230.0,Hard Rock Bet,1.5,1500.0,Fanatics,,,,,,,0.5,230.0,Hard Rock Bet,0.5,300.0,FanDuel,,,,,,,,,,0.5,300.0,FanDuel,0.5,300.0,FanDuel,,,,,,,,,,0.5,300.0,FanDuel,The Odds API,"[""Bally Bet"", ""BetMGM"", ""BetRivers"", ""Bovada"", ""Courtside"", ""DraftKings"", ""FanDuel"", ""Fanatics"", ""Fliff"", ""Hard Rock Bet"", ""theScore Bet""]",The Odds API,"[""Bally Bet"", ""BetMGM"", ""BetRivers"", ""Bovada"", ""Courtside"", ""DraftKings"", ""FanDuel"", ""Fanatics"", ""fanduel""]",0.5,525.0,Hard Rock Bet,,,,,,,,,,0.5,525.0,Hard Rock Bet,The Odds API,"[""BetMGM"", ""Bovada"", ""Hard Rock Bet"", ""theScore Bet""]",The Odds API,"[""Bally Bet"", ""BetMGM"", ""BetOnline.ag"", ""BetRivers"", ""Bovada"", ""Courtside"", ""DraftKings"", ""Fanatics"", ""Fliff"", ""Hard Rock Bet"", ""ReBet"", ""theScore Bet""]",The Odds API,"[""Bally Bet"", ""BetMGM"", ""BetOnline.ag"", ""BetRivers"", ""Bovada"", ""Courtside"", ""DraftKings"", ""Fanatics"", ""Fliff"", ""Hard Rock Bet"", ""ReBet"", ""draftkings"", ""theScore Bet""]",The Odds API,"[""Bally Bet"", ""BetMGM"", ""BetOnline.ag"", ""BetRivers"", ""Bovada"", ""Courtside"", ""DraftKings"", ""Fanatics"", ""Fliff"", ""Hard Rock Bet"", ""ReBet"", ""draftkings"", ""theScore Bet""]",2026-10-07T17:51:03.097302+00:00,ALTLINE_NB_v1_2026-01-18,1.5,-169.0,BetOnline.ag,exp/fallback,0.1,0.0056639264392934,0.6,0.6282527881040892,-99.0984637797811,-99.1,0.0056639264392934,0.6,-99.0984637797811,-99.1,0.0002745710270403,0.0,-99.92449296756392,-99.9,1.167564107673602e-05,0.0,-99.99346164099704,-100.0,1.0000000000287557e-06,0.0,-99.99879999999996,-100.0,0.5,115.0,Fanatics,exp/fallback,0.696,0.463606290481236,46.4,0.4651162790697674,-0.3246475465342624,-0.3,0.463606290481236,46.4,-0.3246475465342624,-0.3,0.1634052436614712,16.3,14.38367056302987,14.4,0.0499970321819558,5.0,44.99139332767192,45.0,0.0140303237487611,1.4,-42.47567263007941,-42.5,0.5,230.0,Hard Rock Bet,exp/fallback,0.424,0.3192388545785272,31.9,0.303030303030303,5.348822010913967,5.3,0.3192388545785272,31.9,5.348822010913967,5.3,0.0810847905036884,8.1,29.735664805901507,29.7,,,,,,,,,0.5,300.0,FanDuel,exp/fallback,0.2286,0.1964732585741425,19.6,0.25,-21.410696570342974,-21.4,0.1964732585741425,19.6,-21.410696570342974,-21.4,,,,,,,,,,,,,0.5,300.0,FanDuel,exp/fallback,0.23085,0.1935300205799763,19.4,0.25,-22.58799176800945,-22.6,0.1935300205799763,19.4,-22.58799176800945,-22.6,,,,,,,,,,,,,False,False,False,False,False,,,Active roster,2026-10-07T17:51:03+00:00,False,[],2025-2026,,2026-09-24-frozen-v2,2026-10-07T17:51:05.183913+00:00
2026-10-07,COL@WPG,2026020054,6:30 PM,2026-10-07T23:30:00Z,Jaden Schwartz,8475768,SEA,True,"{""season"":""2026-27"",""games"":[{""d"":""2026-10-03"",""g"":0,""a"":0,""s"":4,""pp"":0,""h"":""H"",""toi"":""14:14""},{""d"":""2026-09-30"",""g"":0,""a"":2,""s"":1,""pp"":1,""h"":""H"",""toi"":""12:49""}]}",2026-27,COL,L,,Healthy,Unknown,,,0.0,0.0,,17.0,11.0,2026-10-07T17:50:49+00:00,WPG,Stuart Skinner,,,50.0,Unconfirmed,dailyfaceoff_name_only,30.43,7.0,30.43,7.0,,70.5,60.9,A1+A2,16.14,62.0,65.5,1.06,NONE,False,False,32.85276761036827,3.032344812131172,91.8,91.8,20.0,4.0,True,,,2.5,,50.0,2.0,0.0,5.0,0.0,2.0,2.0,2.0,2.0,2.0,2.0,5.0,5.0,LOW,0.2,-0.3,LOW,0.1,,LOW,0.05,,LOW,0.2,,LOW,0.1,,LOW,0.05,,LOW,0.5,,LOW,0.25,,LOW,0.125,,1.73234727991085,0.547057035761321,,,2.0,2.554356044173969,2.8408175406849194,50.0,64.5,64.2,70.7,5.68,2.49,,3.68,2.49,,HOT,WARM,COOL,3.19,1.19,COOL,Red,Red,Red,Red,63.0,59.0,60.0,59.0,POINTS,63.0,1.0,1.0,2.0,0.0,1.0,1.0,,Passenger,9.6,,59.2,,,1.5556666666666663,77.78333333333333,1.5556666666666663,0.0963818099211102,9.6,9.6,2.931219198628669,2.275551746303836,0.7713734733233341,7.1974135866528295,7.923402579501821,59.2,63.9,False,,,,🅿️ D:1,,False,False,1.0,,False,0.0,,False,0.0,,1.5,108.0,BetRivers,,,,,,,,,,1.5,108.0,BetRivers,0.5,195.0,BetRivers,,,,,,,,,,0.5,195.0,BetRivers,,,,,,,,,,,,,,,,0.5,450.0,theScore Bet,,,,,,,,,,0.5,450.0,theScore Bet,0.5,400.0,DraftKings,,,,,,,,,,0.5,400.0,DraftKings,The Odds API,"[""Bally Bet"", ""BetMGM"", ""BetRivers"", ""Bovada"", ""Courtside"", ""DraftKings"", ""FanDuel"", ""Fanatics"", ""Fliff"", ""Hard Rock Bet"", ""theScore Bet""]",The Odds API,"[""Bally Bet"", ""BetMGM"", ""BetRivers"", ""Bovada"", ""Courtside"", ""DraftKings"", ""FanDuel"", ""Fanatics"", ""fanatics""]",,,,,,,,,,,,,,,,,,The Odds API,"[""Bally Bet"", ""BetRivers""]",,,The Odds API,"[""Bally Bet"", ""BetRivers""]",2026-10-07T17:51:03.097302+00:00,ALTLINE_NB_v1_2026-01-18,1.5,108.0,BetRivers,exp/fallback,0.5,0.0982404443767041,9.8,0.4807692307692308,-79.56598756964554,-79.6,0.0982404443767041,9.8,-79.56598756964554,-79.6,,,,,,,,,,,,,0.5,195.0,BetRivers,exp/fallback,0.568,0.4043250587656719,40.4,0.3389830508474576,19.275892335873213,19.3,0.4043250587656719,40.4,19.275892335873213,19.3,,,,,,,,,,,,,,,,exp/fallback,0.319,,,,,,,,,,,,,,,,,,,,,,0.5,450.0,theScore Bet,exp/fallback,0.2097,0.1823884962248204,18.2,0.1818181818181818,0.3136729236512425,0.3,0.1823884962248204,18.2,0.3136729236512425,0.3,,,,,,,,,,,,,0.5,400.0,DraftKings,exp/fallback,0.2001375,0.1715085846709247,17.2,0.2,-14.24570766453761,-14.2,0.1715085846709247,17.2,-14.24570766453761,-14.2,,,,,,,,,,,,,False,True,False,False,False,,,Active roster,2026-10-07T17:51:03+00:00,False,[],2025-2026,,2026-09-24-frozen-v2,2026-10-07T17:51:05.183913+00:00
2026-10-07,COL@WPG,2026020054,6:30 PM,2026-10-07T23:30:00Z,Josh Manson,8476312,COL,False,"{""season"":""2026-27"",""games"":[{""d"":""2026-10-03"",""g"":1,""a"":1,""s"":2,""pp"":0,""h"":""H"",""toi"":""16:36""},{""d"":""2026-09-30"",""g"":0,""a"":1,""s"":1,""pp"":0,""h"":""H"",""toi"":""14:31""}]}",2026-27,COL,D,,Healthy,Unknown,,,0.0,0.0,,17.0,11.0,2026-10-07T17:50:49+00:00,WPG,Stuart Skinner,,,50.0,Unconfirmed,dailyfaceoff_name_only,30.43,7.0,30.43,7.0,,54.3,80.9,A1+A2,17.78,74.0,67.5,1.07,NONE,False,False,32.85276761036827,3.032344812131172,91.8,91.8,20.0,4.0,True,,,1.5,,50.0,3.0,1.0,3.0,1.0,2.0,2.0,3.0,3.0,2.0,2.0,3.0,3.0,LOW,0.3,,LOW,0.15,,LOW,0.075,,LOW,0.2,,LOW,0.1,,LOW,0.05,,LOW,0.3,,LOW,0.15,,LOW,0.075,,1.431117203564085,0.6415352981494175,,,2.0,2.554356044173969,2.8408175406849194,50.0,64.5,57.8,70.7,4.39,0.86,,1.39,-0.14,,COOL,COOL,COOL,3.52,1.52,WARM,Yellow,Red,Red,Yellow,66.0,52.0,53.0,67.0,ASSISTS,67.0,0.0,0.0,0.0,0.0,0.0,2.0,C,Passenger,0.3,,59.2,,0.0,0.0478902953586497,3.783333333333333,0.0478902953586497,0.0026928278250966,0.3,0.3,1.7444933920704846,1.7444933920704846,0.0,7.1974135866528295,7.923402579501821,59.2,34.0,False,,,,🅰️ D:0,,False,False,0.0,,False,0.0,,False,0.0,,,,,,,,,,,,,,,,,,,,,,,,,,,,,,,,,,,,,,,,,,,,,,,0.5,1600.0,FanDuel,,,,,,,,,,0.5,1600.0,FanDuel,0.5,1600.0,FanDuel,,,,,,,,,,0.5,1600.0,FanDuel,The Odds API,"[""Bally Bet"", ""BetMGM"", ""BetRivers"", ""Bovada"", ""Courtside"", ""DraftKings"", ""FanDuel"", ""Fanatics"", ""Fliff"", ""Hard Rock Bet"", ""theScore Bet""]",The Odds API,"[""Bally Bet"", ""BetMGM"", ""BetRivers"", ""Bovada"", ""Courtside"", ""DraftKings"", ""FanDuel"", ""Fanatics"", ""fanduel""]",,,,,,,,,,,,,,,,,,,,,,,,2026-10-07T17:51:03.097302+00:00,ALTLINE_NB_v1_2026-01-18,,,,exp/fallback,0.3,,,,,,,,,,,,,,,,,,,,,,,,,exp/fallback,0.4389999999999999,,,,,,,,,,,,,,,,,,,,,,,,,exp/fallback,0.352,,,,,,,,,,,,,,,,,,,,,,0.5,1600.0,FanDuel,exp/fallback,0.1608,0.1443041179588886,14.4,0.0588235294117647,145.3170005301107,145.3,0.1443041179588886,14.4,145.3170005301107,145.3,,,,,,,,,,,,,0.5,1600.0,FanDuel,exp/fallback,0.1206749999999999,0.109681477502358,11.0,0.0588235294117647,86.45851175400863,86.5,0.109681477502358,11.0,86.45851175400863,86.5,,,,,,,,,,,,,False,False,True,True,False,,,Active roster,2026-10-07T17:51:03+00:00,False,[],2025-2026,,2026-09-24-frozen-v2,2026-10-07T17:51:05.183913+00:00
2026-10-07,COL@WPG,2026020054,6:30 PM,2026-10-07T23:30:00Z,Logan O'Connor,8481186,COL,False,,2026-27,COL,R,,GTD,Unknown,,,0.0,-1.0,🟡 GTD,17.0,11.0,2026-10-07T17:50:49+00:00,WPG,Stuart Skinner,,,50.0,Unconfirmed,dailyfaceoff_name_only,30.43,7.0,30.43,7.0,,23.0,24.0,A1+A2,11.44,22.5,23.3,0.94,NONE,False,False,32.85276761036827,3.032344812131172,91.8,91.8,20.0,4.0,True,,,,,50.0,,,,,,,,,,,,,,,,,,,,,,,,,,,,,,,,,,,,,,,,0.0154420280530176,0.0077210140265088,,,0.0,2.554356044173969,2.8408175406849194,50.0,64.5,32.5,70.7,2.25,0.8,,,,,COOL,COOL,COOL,1.45,,COOL,Red,Red,Red,Red,31.0,29.0,28.0,25.0,POINTS,31.0,,,,,,,C,Passenger,0.0,,59.2,,0.0,0.0012820512820512,0.0166666666666666,0.0012820512820512,0.0001120197154699,0.0,0.0,0.0,0.0,0.0,7.1974135866528295,7.923402579501821,59.2,24.7,False,,,,,,False,False,0.0,,False,0.0,,False,0.0,,,,,,,,,,,,,,,,,,,,,,,,,,,,,,,,,,,,,,,,,,,,,,,,,,,,,,,,,,,,,,,,,,,,,,,,,,,,,,,,,,,,,,,,,,,,,,,,,,,,,,,,2026-10-07T17:51:03.097302+00:00,ALTLINE_NB_v1_2026-01-18,,,,league_avg,2.3,,,,,,,,,,,,,,,,,,,,,,,,,exp/fallback,0.225,,,,,,,,,,,,,,,,,,,,,,,,,exp/fallback,0.145,,,,,,,,,,,,,,,,,,,,,,,,,exp/fallback,0.212,,,,,,,,,,,,,,,,,,,,,,,,,exp/fallback,0.157,,,,,,,,,,,,,,,,,,,,,,False,False,False,False,False,,,Active roster,2026-10-07T17:51:03+00:00,False,[],2025-2026,,2026-09-24-frozen-v2,2026-10-07T17:51:05.183913+00:00
2026-10-07,COL@WPG,2026020054,6:30 PM,2026-10-07T23:30:00Z,Martin Necas,8480039,COL,False,"{""season"":""2026-27"",""games"":[{""d"":""2026-10-03"",""g"":2,""a"":1,""s"":4,""pp"":0,""h"":""H"",""toi"":""19:21""},{""d"":""2026-09-30"",""g"":0,""a"":1,""s"":4,""pp"":0,""h"":""H"",""toi"":""19:11""}]}",2026-27,COL,C,👑 ELITE,Healthy,Unknown,,,0.0,0.0,,17.0,11.0,2026-10-07T17:50:49+00:00,WPG,Stuart Skinner,,,50.0,Unconfirmed,dailyfaceoff_name_only,30.43,7.0,30.43,7.0,,94.1,98.7,A1+A2,21.5,91.0,95.1,1.25,ELITE,True,False,32.85276761036827,3.032344812131172,91.8,91.8,20.0,4.0,True,,,4.0,,50.0,4.0,2.0,8.0,2.0,2.0,2.0,4.0,4.0,2.0,2.0,8.0,8.0,LOW,0.4,-1.1,LOW,0.2,,LOW,0.1,,LOW,0.2,,LOW,0.1,,LOW,0.05,,LOW,0.8,,LOW,0.4,,LOW,0.2,,2.821642874580801,0.971385251904866,,,2.0,2.554356044173969,2.8408175406849194,50.0,64.5,74.5,70.7,19.18,4.7,,10.21,2.27,,HOT,WARM,COOL,13.42,7.94,HOT,Green,Green,Green,Green,87.0,74.0,79.0,86.0,POINTS,87.0,0.0,0.0,0.0,0.0,0.0,2.0,A,Hybrid,18.0,,59.2,,2.0,3.8604700854700855,301.1166666666667,3.8604700854700855,0.179572810130105,18.0,18.0,3.3350860685227204,1.5143632036309291,2.142026899872696,7.1974135866528295,7.923402579501821,59.2,83.3,True,,,,🅿️ D:0,,False,False,2.0,,False,0.0,,False,0.0,,1.5,-380.0,FanDuel,2.5,-111.0,BetMGM,3.5,205.0,FanDuel,4.5,460.0,FanDuel,2.5,-111.0,BetMGM,0.5,-250.0,Bovada,1.5,165.0,DraftKings,2.5,650.0,Bovada,3.5,1700.0,Fanatics,1.5,165.0,DraftKings,0.5,-110.0,BetMGM,1.5,425.0,Bovada,2.5,1700.0,Fanatics,,,,0.5,-110.0,BetMGM,0.5,145.0,DraftKings,,,,,,,,,,0.5,145.0,DraftKings,0.5,145.0,DraftKings,,,,,,,,,,0.5,145.0,DraftKings,The Odds API,"[""Bally Bet"", ""BetMGM"", ""BetRivers"", ""Bovada"", ""Courtside"", ""DraftKings"", ""FanDuel"", ""Fanatics"", ""Fliff"", ""Hard Rock Bet"", ""fanduel"", ""theScore Bet""]",The Odds API,"[""Bally Bet"", ""BetMGM"", ""BetRivers"", ""Bovada"", ""Courtside"", ""DraftKings"", ""FanDuel"", ""Fanatics"", ""caesars""]",0.5,200.0,BetMGM,1.5,750.0,Bovada,,,,,,,0.5,200.0,BetMGM,The Odds API,"[""Bally Bet"", ""BetMGM"", ""BetRivers"", ""Bovada"", ""Fliff"", ""Hard Rock Bet"", ""theScore Bet""]",The Odds API,"[""Bally Bet"", ""BetMGM"", ""BetOnline.ag"", ""BetRivers"", ""Bovada"", ""Courtside"", ""DraftKings"", ""FanDuel"", ""Fanatics"", ""Fliff"", ""Hard Rock Bet"", ""ReBet"", ""betmgm"", ""theScore Bet""]",The Odds API,"[""Bally Bet"", ""BetMGM"", ""BetOnline.ag"", ""BetRivers"", ""Bovada"", ""Courtside"", ""DraftKings"", ""FanDuel"", ""Fanatics"", ""Fliff"", ""Hard Rock Bet"", ""ReBet"", ""betmgm"", ""theScore Bet""]",The Odds API,"[""Bally Bet"", ""BetMGM"", ""BetOnline.ag"", ""BetRivers"", ""Bovada"", ""Courtside"", ""DraftKings"", ""FanDuel"", ""Fanatics"", ""Fliff"", ""Hard Rock Bet"", ""ReBet"", ""betmgm"", ""draftkings"", ""theScore Bet""]",2026-10-07T17:51:03.097302+00:00,ALTLINE_NB_v1_2026-01-18,2.5,-111.0,BetMGM,exp/fallback,0.8,0.0622856652949246,6.2,0.5260663507109005,-88.16011227276658,-88.2,0.1962448559670782,19.6,-75.21117608836907,-75.2,0.0622856652949246,6.2,-88.16011227276658,-88.2,0.0176326017375401,1.8,-94.62205647005028,-94.6,0.0046087915333029,0.5,-97.41907674135034,-97.4,1.5,165.0,DraftKings,exp/fallback,1.918,0.5049409291468789,50.5,0.3773584905660377,33.80934622392291,33.8,0.7694836806294205,76.9,7.727715288118874,7.7,0.5049409291468789,50.5,33.80934622392291,33.8,0.3000164552601607,30.0,125.01234144512054,125.0,0.1667515836921131,16.7,200.15285064580368,200.2,0.5,-110.0,BetMGM,exp/fallback,1.342,0.64186472442744,64.2,0.5238095238095238,22.53781102705673,22.5,0.64186472442744,64.2,22.53781102705673,22.5,0.3542420195690468,35.4,85.97706027374956,86.0,0.1809971048832461,18.1,225.7947887898431,225.8,,,,,0.5,145.0,DraftKings,exp/fallback,0.276,0.2303356566689139,23.0,0.4081632653061224,-43.56776411611608,-43.6,0.2303356566689139,23.0,-43.56776411611608,-43.6,,,,,,,,,,,,,0.5,145.0,DraftKings,exp/fallback,0.307875,0.2447050462591741,24.5,0.4081632653061224,-40.04726366650234,-40.0,0.2447050462591741,24.5,-40.04726366650234,-40.0,,,,,,,,,,,,,False,True,False,False,True,,,Active roster,2026-10-07T17:51:03+00:00,False,"[{""market"":""Points"",""name"":""DPS Tank stance"",""kind"":""STANCE"",""rule"":""Conf_Points >= 75"",""icon"":""PTS15_TWO_HANDED_HAMMER.svg"",""kit_version"":""2026-09-24-frozen-v2""},{""market"":""Assists"",""name"":""Staff (Green Stance)"",""kind"":""STANCE"",""rule"":""Green + Assists 0.5"",""icon"":""staff.svg"",""kit_version"":""2026-09-24-frozen-v2""},{""market"":""Assists"",""name"":""Staff Awakened"",""kind"":""STANCE"",""rule"":""Green + Assists 0.5 + Conf_Assists ≥ 83"",""icon"":""staff.svg"",""kit_version"":""2026-09-24-frozen-v2""},{""market"":""Goal"",""name"":""Weakened Armor"",""kind"":""WEAK DEFENSE"",""rule"":""Opp_PK_xGA60 >= 7.3"",""icon"":""shattered_armor.svg"",""kit_version"":""2026-09-24-frozen-v2""},{""market"":""Goal"",""name"":""Open Lanes"",""kind"":""WEAK DEFENSE"",""rule"":""Opp_SOG_Against_L50 >= 29.2"",""icon"":""armor_shred.svg"",""kit_version"":""2026-09-24-frozen-v2""},{""market"":""Goal"",""name"":""Bloodlust"",""kind"":""HEAVY ATTACK"",""rule"":""Opp_SOG_Against_L50 >= 29.2 + Opp_PK_xGA60 >= 7.3"",""icon"":""armor_shred.svg"",""kit_version"":""2026-09-24-frozen-v2""},{""market"":""Goal"",""name"":""Finisher Strike"",""kind"":""HEAVY ATTACK"",""rule"":""Opp_SOG_Against_L50 >= 29.2 + iXG% >= 93.2"",""icon"":""fenrir_claw.svg"",""kit_version"":""2026-09-24-frozen-v2""},{""market"":""Goal"",""name"":""Armor Annihilation"",""kind"":""SPECIAL ATTACK"",""rule"":""Opp_SOG_Against_L50 >= 29.2 + Opp_PK_xGA60 >= 7.3 + opp_5v5_HDCA60 >= 2.5"",""icon"":""stack_armor_annihilation.svg"",""kit_version"":""2026-09-24-frozen-v2""},{""market"":""Goal"",""name"":""Bloodlusted Surge"",""kind"":""LAB CRIT"",""rule"":""Bloodlust + PP_TOI_Pct >= 17.2"",""icon"":""armor_shred.svg"",""kit_version"":""2026-09-24-frozen-v2""}]",2025-2026,,2026-09-24-frozen-v2,2026-10-07T17:51:05.183913+00:00
2026-10-07,COL@WPG,2026020054,6:30 PM,2026-10-07T23:30:00Z,Nathan MacKinnon,8477492,COL,False,"{""season"":""2026-27"",""games"":[{""d"":""2026-10-03"",""g"":0,""a"":3,""s"":4,""pp"":0,""h"":""H"",""toi"":""18:16""},{""d"":""2026-09-30"",""g"":2,""a"":0,""s"":8,""pp"":1,""h"":""H"",""toi"":""17:44""}]}",2026-27,COL,C,👑 ELITE,Healthy,Unknown,,,0.0,0.0,,17.0,11.0,2026-10-07T17:50:49+00:00,WPG,Stuart Skinner,,,50.0,Unconfirmed,dailyfaceoff_name_only,30.43,7.0,30.43,7.0,,99.9,99.7,A1+A2,22.26,94.0,98.7,1.27,ELITE,True,False,32.85276761036827,3.032344812131172,91.8,91.8,20.0,4.0,True,,,6.0,,50.0,5.0,2.0,12.0,2.0,3.0,3.0,5.0,5.0,3.0,3.0,12.0,12.0,LOW,0.5,-1.0,LOW,0.25,,LOW,0.125,,LOW,0.3,,LOW,0.15,,LOW,0.075,,LOW,1.2,,LOW,0.6,,LOW,0.3,,3.3202572584512846,1.2838328066011633,,,3.0,2.554356044173969,2.8408175406849194,50.0,64.5,75.0,70.7,24.5,8.68,,13.15,4.43,,HOT,HOT,COOL,15.82,8.72,HOT,Green,Green,Green,Green,88.0,78.0,82.0,88.0,ASSISTS,88.0,0.0,0.0,1.0,0.0,1.0,1.0,A,Distributor,18.2,,59.2,,2.0,4.04875,323.9,4.04875,0.1818692270978971,18.2,18.2,4.289749922815684,1.809817845013893,2.9175671503550484,7.1974135866528295,7.923402579501821,59.2,86.4,True,,,,🅰️ D:0,,False,False,2.0,,False,0.0,,False,0.0,,1.5,-800.0,Fanatics,2.5,-250.0,Fanatics,3.5,-105.0,Fanatics,4.5,210.0,Fanatics,3.5,-105.0,Fanatics,0.5,-400.0,theScore Bet,1.5,125.0,BetMGM,2.5,400.0,Bovada,3.5,1100.0,Fanatics,1.5,125.0,BetMGM,0.5,-165.0,BetMGM,1.5,260.0,Bovada,2.5,1000.0,DraftKings,3.5,3500.0,Fanatics,0.5,-165.0,BetMGM,0.5,125.0,BetRivers,,,,,,,,,,0.5,125.0,BetRivers,0.5,125.0,BetRivers,,,,,,,,,,0.5,125.0,BetRivers,The Odds API,"[""Bally Bet"", ""BetMGM"", ""BetRivers"", ""Bovada"", ""Courtside"", ""DraftKings"", ""FanDuel"", ""Fanatics"", ""Fliff"", ""Hard Rock Bet"", ""fanduel"", ""theScore Bet""]",The Odds API,"[""Bally Bet"", ""BetMGM"", ""BetRivers"", ""Bovada"", ""Courtside"", ""DraftKings"", ""FanDuel"", ""Fanatics"", ""betrivers""]",0.5,180.0,BetMGM,1.5,550.0,Bovada,,,,,,,0.5,180.0,BetMGM,The Odds API,"[""Bally Bet"", ""BetMGM"", ""BetRivers"", ""Bovada"", ""Fliff"", ""Hard Rock Bet"", ""theScore Bet""]",The Odds API,"[""Bally Bet"", ""BetMGM"", ""BetOnline.ag"", ""BetRivers"", ""Bovada"", ""Courtside"", ""DraftKings"", ""FanDuel"", ""Fanatics"", ""Fliff"", ""Hard Rock Bet"", ""ReBet"", ""fanduel"", ""theScore Bet""]",The Odds API,"[""Bally Bet"", ""BetMGM"", ""BetOnline.ag"", ""BetRivers"", ""Bovada"", ""Courtside"", ""DraftKings"", ""FanDuel"", ""Fanatics"", ""Fliff"", ""Hard Rock Bet"", ""ReBet"", ""betmgm"", ""theScore Bet""]",The Odds API,"[""Bally Bet"", ""BetMGM"", ""BetOnline.ag"", ""BetRivers"", ""Bovada"", ""Courtside"", ""DraftKings"", ""FanDuel"", ""Fanatics"", ""Fliff"", ""Hard Rock Bet"", ""ReBet"", ""betmgm"", ""theScore Bet""]",2026-10-07T17:51:03.097302+00:00,ALTLINE_NB_v1_2026-01-18,3.5,-105.0,Fanatics,exp/fallback,1.2000000000000002,0.0541609134762498,5.4,0.5121951219512195,-89.42572641654169,-89.4,0.326677314142739,32.7,-63.24880215894186,-63.2,0.1402187242130359,14.0,-80.36937861017496,-80.4,0.0541609134762498,5.4,-89.42572641654169,-89.4,0.0194067976017785,1.9,-93.98389274344864,-94.0,1.5,125.0,BetMGM,exp/fallback,2.45,0.6046985570827863,60.5,0.4444444444444444,36.05717534362691,36.1,0.8295362901407488,83.0,3.692036267593602,3.7,0.6046985570827863,60.5,36.05717534362691,36.1,0.4045233748245869,40.5,102.26168741229344,102.3,0.2549083664611233,25.5,205.890039753348,205.9,0.5,-165.0,BetMGM,exp/fallback,1.582,0.6882483014988087,68.8,0.6226415094339622,10.536848422535938,10.5,0.6882483014988087,68.8,10.536848422535938,10.5,0.4128763377752549,41.3,48.63548159909177,48.6,0.2304481775530346,23.0,153.492995308338,153.5,0.1230216562533687,12.3,342.8779625121273,342.9,0.5,125.0,BetRivers,exp/fallback,0.3954,0.3072467107598254,30.7,0.4444444444444444,-30.869490079039277,-30.9,0.3072467107598254,30.7,-30.869490079039277,-30.9,,,,,,,,,,,,,0.5,125.0,BetRivers,exp/fallback,0.5019,0.3523310155991637,35.2,0.4444444444444444,-20.72552149018817,-20.7,0.3523310155991637,35.2,-20.72552149018817,-20.7,,,,,,,,,,,,,False,True,False,False,True,,,Active roster,2026-10-07T17:51:03+00:00,False,"[{""market"":""Points"",""name"":""DPS Tank stance"",""kind"":""STANCE"",""rule"":""Conf_Points >= 75"",""icon"":""PTS15_TWO_HANDED_HAMMER.svg"",""kit_version"":""2026-09-24-frozen-v2""},{""market"":""Assists"",""name"":""Staff (Green Stance)"",""kind"":""STANCE"",""rule"":""Green + Assists 0.5"",""icon"":""staff.svg"",""kit_version"":""2026-09-24-frozen-v2""},{""market"":""Assists"",""name"":""Staff Awakened"",""kind"":""STANCE"",""rule"":""Green + Assists 0.5 + Conf_Assists ≥ 83"",""icon"":""staff.svg"",""kit_version"":""2026-09-24-frozen-v2""},{""market"":""Assists"",""name"":""Assist Dagger"",""kind"":""VOLUME"",""rule"":""Green + Assists 0.5 + Conf_Assists ≥ 83 + Assist_Dagger ≥ 86"",""icon"":""magic-dagger.svg"",""kit_version"":""2026-09-24-frozen-v2""},{""market"":""SOG"",""name"":""Sniper Stance"",""kind"":""STANCE"",""rule"":""Green + SOG 3.5 + Conf_SOG >= 75"",""icon"":""sog_class_shooter.svg"",""kit_version"":""2026-09-24-frozen-v2""},{""market"":""Goal"",""name"":""Weakened Armor"",""kind"":""WEAK DEFENSE"",""rule"":""Opp_PK_xGA60 >= 7.3"",""icon"":""shattered_armor.svg"",""kit_version"":""2026-09-24-frozen-v2""},{""market"":""Goal"",""name"":""Open Lanes"",""kind"":""WEAK DEFENSE"",""rule"":""Opp_SOG_Against_L50 >= 29.2"",""icon"":""armor_shred.svg"",""kit_version"":""2026-09-24-frozen-v2""},{""market"":""Goal"",""name"":""Bloodlust"",""kind"":""HEAVY ATTACK"",""rule"":""Opp_SOG_Against_L50 >= 29.2 + Opp_PK_xGA60 >= 7.3"",""icon"":""armor_shred.svg"",""kit_version"":""2026-09-24-frozen-v2""},{""market"":""Goal"",""name"":""Finisher Strike"",""kind"":""HEAVY ATTACK"",""rule"":""Opp_SOG_Against_L50 >= 29.2 + iXG% >= 93.2"",""icon"":""fenrir_claw.svg"",""kit_version"":""2026-09-24-frozen-v2""},{""market"":""Goal"",""name"":""Enraged Finisher"",""kind"":""HEAVY ATTACK"",""rule"":""Opp_SOG_Against_L50 >= 29.2 + iXG% >= 96.2"",""icon"":""fenrir_claw.svg"",""kit_version"":""2026-09-24-frozen-v2""},{""market"":""Goal"",""name"":""Tyr’s Wrath Unleashed"",""kind"":""SPECIAL ATTACK"",""rule"":""Opp_SOG_Against_L50 >= 29.2 + Opp_PK_xGA60 >= 7.3 + iXG% >= 95"",""icon"":""fury.svg"",""kit_version"":""2026-09-24-frozen-v2""},{""market"":""Goal"",""name"":""Armor Annihilation"",""kind"":""SPECIAL ATTACK"",""rule"":""Opp_SOG_Against_L50 >= 29.2 + Opp_PK_xGA60 >= 7.3 + opp_5v5_HDCA60 >= 2.5"",""icon"":""stack_armor_annihilation.svg"",""kit_version"":""2026-09-24-frozen-v2""},{""market"":""Goal"",""name"":""Bloodlusted Surge"",""kind"":""LAB CRIT"",""rule"":""Bloodlust + PP_TOI_Pct >= 17.2"",""icon"":""armor_shred.svg"",""kit_version"":""2026-09-24-frozen-v2""}]",2025-2026,,2026-09-24-frozen-v2,2026-10-07T17:51:05.183913+00:00
2026-10-07,COL@WPG,2026020054,6:30 PM,2026-10-07T23:30:00Z,Nazem Kadri,8475172,COL,False,"{""season"":""2026-27"",""games"":[{""d"":""2026-10-03"",""g"":0,""a"":0,""s"":4,""pp"":0,""h"":""H"",""toi"":""18:27""},{""d"":""2026-09-30"",""g"":0,""a"":2,""s"":2,""pp"":2,""h"":""H"",""toi"":""17:57""}]}",2026-27,COL,C,,Healthy,Unknown,,,0.0,0.0,,17.0,11.0,2026-10-07T17:50:49+00:00,WPG,Stuart Skinner,,,50.0,Unconfirmed,dailyfaceoff_name_only,30.43,7.0,30.43,7.0,,90.1,89.1,A1+A2,19.03,82.0,88.2,1.15,NONE,False,False,32.85276761036827,3.032344812131172,91.8,91.8,20.0,4.0,True,,,3.0,,50.0,2.0,0.0,6.0,0.0,2.0,2.0,2.0,2.0,2.0,2.0,6.0,6.0,LOW,0.2,-0.3,LOW,0.1,,LOW,0.05,,LOW,0.2,,LOW,0.1,,LOW,0.05,,LOW,0.6,,LOW,0.3,,LOW,0.15,,1.5350909438456677,0.5293417047743681,,,2.0,2.554356044173969,2.8408175406849194,50.0,64.5,60.0,70.7,9.3,3.35,,6.45,3.35,,HOT,HOT,COOL,5.6,3.09,HOT,Yellow,Yellow,Yellow,Yellow,80.0,72.0,73.0,77.0,POINTS,80.0,1.0,1.0,2.0,0.0,2.0,1.0,A,Distributor,16.1,,59.2,,2.0,3.0664502164502165,236.11666666666667,3.0664502164502165,0.1611076363222835,16.1,16.1,3.4762476177031125,1.3162984400367048,2.5411166796075384,7.1974135866528295,7.923402579501821,59.2,82.1,False,,,,🅿️ D:1,,False,False,1.0,,False,0.0,,False,0.0,,1.5,-245.0,DraftKings,2.5,120.0,Fanatics,3.5,290.0,Fanatics,4.5,700.0,Fanatics,2.5,120.0,Fanatics,0.5,-120.0,DraftKings,1.5,400.0,theScore Bet,2.5,1700.0,Fanatics,3.5,3200.0,BetOnline.ag,0.5,-120.0,DraftKings,0.5,160.0,DraftKings,1.5,1000.0,DraftKings,2.5,4500.0,Fanatics,,,,0.5,160.0,DraftKings,0.5,250.0,Fanatics,,,,,,,,,,0.5,250.0,Fanatics,0.5,250.0,Fanatics,,,,,,,,,,0.5,250.0,Fanatics,The Odds API,"[""Bally Bet"", ""BetMGM"", ""BetRivers"", ""Bovada"", ""Courtside"", ""DraftKings"", ""FanDuel"", ""Fanatics"", ""Fliff"", ""Hard Rock Bet"", ""fanduel"", ""theScore Bet""]",The Odds API,"[""Bally Bet"", ""BetMGM"", ""BetRivers"", ""Bovada"", ""Courtside"", ""DraftKings"", ""FanDuel"", ""Fanatics"", ""fanatics""]",0.5,260.0,Hard Rock Bet,,,,,,,,,,0.5,260.0,Hard Rock Bet,The Odds API,"[""Bally Bet"", ""BetMGM"", ""BetRivers"", ""Bovada"", ""Fliff"", ""Hard Rock Bet"", ""theScore Bet""]",The Odds API,"[""Bally Bet"", ""BetMGM"", ""BetOnline.ag"", ""BetRivers"", ""Bovada"", ""Courtside"", ""DraftKings"", ""FanDuel"", ""Fanatics"", ""Fliff"", ""Hard Rock Bet"", ""ReBet"", ""draftkings"", ""theScore Bet""]",The Odds API,"[""Bally Bet"", ""BetMGM"", ""BetOnline.ag"", ""BetRivers"", ""Bovada"", ""Courtside"", ""DraftKings"", ""FanDuel"", ""Fanatics"", ""Fliff"", ""Hard Rock Bet"", ""ReBet"", ""draftkings"", ""theScore Bet""]",The Odds API,"[""Bally Bet"", ""BetMGM"", ""BetOnline.ag"", ""BetRivers"", ""Bovada"", ""Courtside"", ""DraftKings"", ""FanDuel"", ""Fanatics"", ""Fliff"", ""Hard Rock Bet"", ""ReBet"", ""draftkings"", ""theScore Bet""]",2026-10-07T17:51:03.097302+00:00,ALTLINE_NB_v1_2026-01-18,2.5,120.0,Fanatics,exp/fallback,0.6000000000000001,0.0326670041478929,3.3,0.4545454545454545,-92.81325908746356,-92.8,0.1299407132279931,13.0,-81.70222609646626,-81.7,0.0326670041478929,3.3,-92.81325908746356,-92.8,0.0072912539530841,0.7,-97.15641095829716,-97.2,0.0014989631477473,0.1,-98.80082948180214,-98.8,0.5,-120.0,DraftKings,exp/fallback,0.93,0.5529628428169305,55.3,0.5454545454545454,1.3765211831039348,1.4,0.5529628428169305,55.3,1.3765211831039348,1.4,0.2393117253667195,23.9,19.65586268335976,19.7,0.0907681652163083,9.1,63.38269738935507,63.4,0.0317093525423991,3.2,4.640863389917193,4.6,0.5,160.0,DraftKings,exp/fallback,0.5599999999999999,0.3896484375,39.0,0.3846153846153846,1.3085937500000089,1.3,0.3896484375,39.0,1.3085937500000089,1.3,0.12261962890625,12.3,34.881591796875,34.9,0.0350008010864257,3.5,61.003684997558594,61.0,,,,,0.5,250.0,Fanatics,exp/fallback,0.2355,0.2015306979754831,20.2,0.2857142857142857,-29.46425570858089,-29.5,0.2015306979754831,20.2,-29.46425570858089,-29.5,,,,,,,,,,,,,0.5,250.0,Fanatics,exp/fallback,0.2420625,0.2013299703789015,20.1,0.2857142857142857,-29.53451036738446,-29.5,0.2013299703789015,20.1,-29.53451036738446,-29.5,,,,,,,,,,,,,False,False,False,False,False,,,Active roster,2026-10-07T17:51:03+00:00,False,[],2025-2026,,2026-09-24-frozen-v2,2026-10-07T17:51:05.183913+00:00
2026-10-07,COL@WPG,2026020054,6:30 PM,2026-10-07T23:30:00Z,Nicolas Roy,8478462,COL,False,"{""season"":""2026-27"",""games"":[{""d"":""2026-10-03"",""g"":1,""a"":1,""s"":3,""pp"":0,""h"":""H"",""toi"":""12:53""},{""d"":""2026-09-30"",""g"":1,""a"":0,""s"":2,""pp"":0,""h"":""H"",""toi"":""12:12""}]}",2026-27,COL,C,,Healthy,Unknown,,,0.0,0.0,,17.0,11.0,2026-10-07T17:50:49+00:00,WPG,Stuart Skinner,,,50.0,Unconfirmed,dailyfaceoff_name_only,30.43,7.0,30.43,7.0,,70.3,66.1,A1+A2,14.46,46.5,64.1,1.06,NONE,False,False,32.85276761036827,3.032344812131172,91.8,91.8,20.0,4.0,True,,,2.5,,50.0,3.0,2.0,5.0,2.0,1.0,1.0,3.0,3.0,1.0,1.0,5.0,5.0,LOW,0.3,,LOW,0.15,,LOW,0.075,,LOW,0.1,,LOW,0.05,,LOW,0.025,,LOW,0.5,,LOW,0.25,,LOW,0.125,,1.3030060578351812,0.6172133958166648,,,1.0,2.554356044173969,2.8408175406849194,50.0,64.5,54.2,70.7,4.07,1.65,,1.07,-0.35,,COOL,COOL,COOL,2.43,1.43,COOL,Red,Red,Red,Red,54.0,58.0,63.0,58.0,GOAL,63.0,0.0,0.0,0.0,0.0,0.0,2.0,C,Passenger,5.7,,59.2,,0.0,0.8202702702702703,60.7,0.8202702702702703,0.0567289719626168,5.7,5.7,3.9736408566721577,3.9736408566721577,0.0,7.1974135866528295,7.923402579501821,59.2,48.9,False,,,,🥅 D:0,,False,False,0.0,,False,0.0,,False,0.0,,,,,,,,,,,,,,,,,,,,,,,,,,,,,,,,,,,,,,,,,,,,,,,0.5,625.0,FanDuel,,,,,,,,,,0.5,625.0,FanDuel,0.5,625.0,FanDuel,,,,,,,,,,0.5,625.0,FanDuel,The Odds API,"[""Bally Bet"", ""BetMGM"", ""BetRivers"", ""Bovada"", ""Courtside"", ""DraftKings"", ""FanDuel"", ""Fanatics"", ""Fliff"", ""Hard Rock Bet"", ""theScore Bet""]",The Odds API,"[""Bally Bet"", ""BetMGM"", ""BetRivers"", ""Bovada"", ""Courtside"", ""DraftKings"", ""FanDuel"", ""Fanatics"", ""fanduel""]",,,,,,,,,,,,,,,,,,,,,,,,2026-10-07T17:51:03.097302+00:00,ALTLINE_NB_v1_2026-01-18,,,,exp/fallback,0.5,,,,,,,,,,,,,,,,,,,,,,,,,exp/fallback,0.407,,,,,,,,,,,,,,,,,,,,,,,,,exp/fallback,0.243,,,,,,,,,,,,,,,,,,,,,,0.5,625.0,FanDuel,exp/fallback,0.1845,0.1630654416539491,16.3,0.1379310344827586,18.222445199113103,18.2,0.1630654416539491,16.3,18.222445199113103,18.2,,,,,,,,,,,,,0.5,625.0,FanDuel,exp/fallback,0.1591874999999999,0.1405642142838636,14.1,0.1379310344827586,1.9090553558011705,1.9,0.1405642142838636,14.1,1.9090553558011705,1.9,,,,,,,,,,,,,False,False,True,False,False,,,Active roster,2026-10-07T17:51:03+00:00,False,[],2025-2026,,2026-09-24-frozen-v2,2026-10-07T17:51:05.183913+00:00
2026-10-07,COL@WPG,2026020054,6:30 PM,2026-10-07T23:30:00Z,Noah Juulsen,8478454,PHI,True,,2026-27,COL,D,,Healthy,Unknown,,,0.0,0.0,,17.0,11.0,2026-10-07T17:50:49+00:00,WPG,Stuart Skinner,,,50.0,Unconfirmed,dailyfaceoff_name_only,30.43,7.0,30.43,7.0,,24.3,46.6,A1+A2,13.82,42.0,35.7,0.94,NONE,False,False,32.85276761036827,3.032344812131172,91.8,91.8,20.0,4.0,True,,,,,50.0,,,,,,,,,,,,,,,,,,,,,,,,,,,,,,,,,,,,,,,,0.8484562809333019,0.1885458402074004,,,0.0,2.554356044173969,2.8408175406849194,50.0,64.5,43.5,70.7,1.86,0.23,,,,,COOL,COOL,COOL,1.63,,COOL,Red,Red,Red,Red,47.0,33.0,32.0,41.0,POINTS,47.0,,,,,,,,Passenger,0.0,,59.2,,,0.0057692307692307,0.3,0.0057692307692307,0.0004175752795434,0.0,0.0,0.0,0.0,0.0,7.1974135866528295,7.923402579501821,59.2,24.7,False,,,,,,False,False,0.0,,False,0.0,,False,0.0,,,,,,,,,,,,,,,,,,,,,,,,,,,,,,,,,,,,,,,,,,,,,,,,,,,,,,,,,,,,,,,,,,,,,,,,,,,,,,,,,,,,,,,,,,,,,,,,,,,,,,,,2026-10-07T17:51:03.097302+00:00,ALTLINE_NB_v1_2026-01-18,,,,league_avg,2.3,,,,,,,,,,,,,,,,,,,,,,,,,exp/fallback,0.186,,,,,,,,,,,,,,,,,,,,,,,,,exp/fallback,0.1629999999999999,,,,,,,,,,,,,,,,,,,,,,,,,exp/fallback,0.1891999999999999,,,,,,,,,,,,,,,,,,,,,,,,,exp/fallback,0.11995,,,,,,,,,,,,,,,,,,,,,,False,False,False,False,False,,,Active roster,2026-10-07T17:51:03+00:00,False,[],2025-2026,,2026-09-24-frozen-v2,2026-10-07T17:51:05.183913+00:00
2026-10-07,COL@WPG,2026020054,6:30 PM,2026-10-07T23:30:00Z,Parker Kelly,8480448,COL,False,"{""season"":""2026-27"",""games"":[{""d"":""2026-10-03"",""g"":0,""a"":2,""s"":1,""pp"":0,""h"":""H"",""toi"":""15:31""},{""d"":""2026-09-30"",""g"":1,""a"":1,""s"":1,""pp"":0,""h"":""H"",""toi"":""12:53""}]}",2026-27,COL,C,,Healthy,Unknown,,,0.0,0.0,,17.0,11.0,2026-10-07T17:50:49+00:00,WPG,Stuart Skinner,,,50.0,Unconfirmed,dailyfaceoff_name_only,30.43,7.0,30.43,7.0,,72.7,58.4,A1+A2,12.7,35.5,60.2,1.04,NONE,False,False,32.85276761036827,3.032344812131172,91.8,91.8,20.0,4.0,True,,,1.0,,50.0,4.0,1.0,2.0,1.0,3.0,3.0,4.0,4.0,3.0,3.0,2.0,2.0,LOW,0.4,,LOW,0.2,,LOW,0.1,,LOW,0.3,,LOW,0.15,,LOW,0.075,,LOW,0.2,,LOW,0.1,,LOW,0.05,,2.243733322945679,0.4206999980523148,,,3.0,2.554356044173969,2.8408175406849194,50.0,64.5,71.2,70.7,3.43,1.66,,-0.57,0.66,,COOL,COOL,COOL,1.78,-1.22,COOL,Red,Yellow,Red,Red,46.0,58.0,61.0,55.0,GOAL,61.0,0.0,0.0,1.0,2.0,0.0,2.0,C,Passenger,0.3,,59.2,,0.0,0.0339430894308943,2.783333333333333,0.0339430894308943,0.0026721282621565,0.3,0.3,0.2155688622754491,0.2155688622754491,0.0,7.1974135866528295,7.923402579501821,59.2,34.0,False,,,,🥅 D:1,,False,False,0.0,,False,0.0,,False,0.0,,,,,,,,,,,,,,,,,,,,,,,,,,,,,,,,,,,,,,,,,,,,,,,0.5,700.0,FanDuel,,,,,,,,,,0.5,700.0,FanDuel,0.5,700.0,FanDuel,,,,,,,,,,0.5,700.0,FanDuel,The Odds API,"[""Bally Bet"", ""BetMGM"", ""BetRivers"", ""Bovada"", ""Courtside"", ""DraftKings"", ""FanDuel"", ""Fanatics"", ""Fliff"", ""Hard Rock Bet"", ""theScore Bet""]",The Odds API,"[""Bally Bet"", ""BetMGM"", ""BetRivers"", ""Bovada"", ""Courtside"", ""DraftKings"", ""FanDuel"", ""Fanatics"", ""fanduel""]",,,,,,,,,,,,,,,,,,,,,,,,2026-10-07T17:51:03.097302+00:00,ALTLINE_NB_v1_2026-01-18,,,,exp/fallback,0.2,,,,,,,,,,,,,,,,,,,,,,,,,exp/fallback,0.343,,,,,,,,,,,,,,,,,,,,,,,,,exp/fallback,0.178,,,,,,,,,,,,,,,,,,,,,,0.5,700.0,FanDuel,exp/fallback,0.1848,0.1632992200788542,16.3,0.125,30.63937606308339,30.6,0.1632992200788542,16.3,30.63937606308339,30.6,,,,,,,,,,,,,0.5,700.0,FanDuel,exp/fallback,0.1596749999999999,0.1409437638682197,14.1,0.125,12.755011094575774,12.8,0.1409437638682197,14.1,12.755011094575774,12.8,,,,,,,,,,,,,False,False,True,True,False,,,Active roster,2026-10-07T17:51:03+00:00,False,[],2025-2026,,2026-09-24-frozen-v2,2026-10-07T17:51:05.183913+00:00
2026-10-07,COL@WPG,2026020054,6:30 PM,2026-10-07T23:30:00Z,Sam Malinski,8484258,COL,False,"{""season"":""2026-27"",""games"":[{""d"":""2026-10-03"",""g"":0,""a"":0,""s"":1,""pp"":0,""h"":""H"",""toi"":""15:37""},{""d"":""2026-09-30"",""g"":0,""a"":0,""s"":2,""pp"":0,""h"":""H"",""toi"":""14:27""}]}",2026-27,COL,D,,Healthy,Unknown,,,0.0,0.0,,17.0,11.0,2026-10-07T17:50:49+00:00,WPG,Stuart Skinner,,,50.0,Unconfirmed,dailyfaceoff_name_only,30.43,7.0,30.43,7.0,,54.6,87.4,A1+A2,17.62,73.0,69.7,1.08,NONE,False,False,32.85276761036827,3.032344812131172,91.8,91.8,20.0,4.0,True,,,1.5,,50.0,0.0,0.0,3.0,0.0,0.0,0.0,0.0,0.0,0.0,0.0,3.0,3.0,LOW,0.0,-0.5,LOW,0.0,,LOW,0.0,,LOW,0.0,,LOW,0.0,,LOW,0.0,,LOW,0.3,,LOW,0.15,,LOW,0.075,,1.708185053380783,0.8091402884435287,,,0.0,2.554356044173969,2.8408175406849194,50.0,64.5,62.8,70.7,5.05,0.84,,5.05,0.84,,HOT,COOL,COOL,4.21,4.21,HOT,Yellow,Red,Red,Yellow,78.0,52.0,52.0,73.0,POINTS,78.0,2.0,2.0,2.0,1.0,0.0,2.0,C,Passenger,1.2,,59.2,,0.0,0.2189024390243902,17.95,0.2189024390243902,0.0124261583902529,1.2,1.2,3.610027855153204,0.7688022284122564,3.3426183844011144,7.1974135866528295,7.923402579501821,59.2,63.7,False,,,,🅿️ D:2,,False,False,1.0,,False,0.0,,False,0.0,,1.5,-120.0,BetOnline.ag,2.5,235.0,Fanatics,3.5,650.0,Fanatics,4.5,1700.0,Fanatics,1.5,-120.0,BetOnline.ag,0.5,190.0,BetRivers,1.5,1000.0,theScore Bet,,,,,,,0.5,190.0,BetRivers,0.5,260.0,Hard Rock Bet,,,,,,,,,,0.5,260.0,Hard Rock Bet,0.5,950.0,FanDuel,,,,,,,,,,0.5,950.0,FanDuel,0.5,950.0,FanDuel,,,,,,,,,,0.5,950.0,FanDuel,The Odds API,"[""Bally Bet"", ""BetMGM"", ""BetRivers"", ""Bovada"", ""Courtside"", ""DraftKings"", ""FanDuel"", ""Fanatics"", ""Fliff"", ""Hard Rock Bet"", ""theScore Bet""]",The Odds API,"[""Bally Bet"", ""BetMGM"", ""BetRivers"", ""Bovada"", ""Courtside"", ""DraftKings"", ""FanDuel"", ""Fanatics"", ""fanduel""]",,,,,,,,,,,,,,,,,,The Odds API,"[""Bally Bet"", ""BetOnline.ag"", ""BetRivers"", ""Courtside"", ""DraftKings"", ""Fanatics"", ""Fliff"", ""Hard Rock Bet"", ""ReBet"", ""theScore Bet""]",The Odds API,"[""Bally Bet"", ""BetRivers"", ""Hard Rock Bet"", ""theScore Bet""]",The Odds API,"[""Bally Bet"", ""BetRivers"", ""Hard Rock Bet"", ""theScore Bet""]",2026-10-07T17:51:03.097302+00:00,ALTLINE_NB_v1_2026-01-18,1.5,-120.0,BetOnline.ag,exp/fallback,0.3,0.0422318805185903,4.2,0.5454545454545454,-92.25748857159176,-92.3,0.0422318805185903,4.2,-92.25748857159176,-92.3,0.0057840451049215,0.6,-98.06234488985127,-98.1,0.0006983006285956,0.1,-99.47627452855326,-99.5,7.736670997449124e-05,0.0,-99.86073992204592,-99.9,0.5,190.0,BetRivers,exp/fallback,0.505,0.3718763829358538,37.2,0.3448275862068966,7.8441510513975965,7.8,0.3718763829358538,37.2,7.8441510513975965,7.8,0.102318340346184,10.2,12.550174380802437,12.6,,,,,,,,,0.5,260.0,Hard Rock Bet,exp/fallback,0.421,0.3175506688771199,31.8,0.2777777777777778,14.31824079576317,14.3,0.3175506688771199,31.8,14.31824079576317,14.3,,,,,,,,,,,,,0.5,950.0,FanDuel,exp/fallback,0.1601999999999999,0.14382153734248,14.4,0.0952380952380952,51.01261420960406,51.0,0.14382153734248,14.4,51.01261420960406,51.0,,,,,,,,,,,,,0.5,950.0,FanDuel,exp/fallback,0.1197,0.1088759533418524,10.9,0.0952380952380952,14.319751008945026,14.3,0.1088759533418524,10.9,14.319751008945026,14.3,,,,,,,,,,,,,False,False,True,True,True,,,Active roster,2026-10-07T17:51:03+00:00,False,[],2025-2026,,2026-09-24-frozen-v2,2026-10-07T17:51:05.183913+00:00
2026-10-07,COL@WPG,2026020054,6:30 PM,2026-10-07T23:30:00Z,T.J. Hughes,8486171,,,,,COL,R,,Unknown,,,,,,,,,,,,,,,,,,,,,,,,,,,,,,,,,,,,,,,,,,,,,,,,,,,,,,,,,,,,,,,,,,,,,,,,,,,,,,,,,,,,,,,,,,,,,,,,,,,,,,,,,,,,,,,,,,,,,,,,,,,,,,,,,,,,,,,,,,,,,,,,,,,,,,,,,,,,,,,,,,,,,,,,,,,,,,,,,,,,,,,,,,,,,,,,,,,,,,,,,,,,,,,,,,,,,,,,,,,,,,,,,,,,,,,,,,,,,,,,,,,,,,,,,0.5,360.0,betmgm,,,,,,,,,,,2.5,195.0,draftkings,,,,,,,,,,,,,,,,,,,,,,,,0.5,145.0,draftkings,,,,,,,,,,,,,,,,,,,,,,,,0.5,280.0,draftkings,,,,,,,,,,,,,,,,,,,,,,,,0.5,370.0,fanduel,,,,,,,,,,,,,,,,,,,,,,,,,,,,,,,,,,,,,,,,,,,,,,,,,,,,,,,,,Active roster,2026-10-07T17:51:03+00:00,True,[],Unavailable,True,2026-09-24-frozen-v2,2026-10-07T17:51:05.183913+00:00
2026-10-07,COL@WPG,2026020054,6:30 PM,2026-10-07T23:30:00Z,Zachary L'Heureux,8482742,NSH,True,,2026-27,COL,L,,Healthy,Unknown,,,0.0,0.0,,17.0,11.0,2026-10-07T17:50:49+00:00,WPG,Stuart Skinner,,,50.0,Unconfirmed,dailyfaceoff_name_only,30.43,7.0,30.43,7.0,,43.2,17.6,A1+A2,13.39,38.5,33.3,0.94,NONE,False,False,32.85276761036827,3.032344812131172,91.8,91.8,20.0,4.0,True,,,,,50.0,,,,,,,,,,,,,,,,,,,,,,,,,,,,,,,,,,,,,,,,0.8684639044689705,0.0,,,0.0,2.554356044173969,2.8408175406849194,50.0,64.5,44.2,70.7,1.96,1.59,,,,,COOL,COOL,COOL,0.38,,COOL,Red,Red,Red,Red,32.0,43.0,45.0,29.0,GOAL,45.0,,,,,,,,Passenger,3.3,,59.2,,,0.446,11.15,0.446,0.0333067808423777,3.3,3.3,5.757847533632287,1.1838565022421523,5.381165919282511,7.1974135866528295,7.923402579501821,59.2,71.0,False,,,,,,False,False,0.0,,False,0.0,,False,0.0,,,,,,,,,,,,,,,,,,,,,,,,,,,,,,,,,,,,,,,,,,,,,,,,,,,,,,,,,,,,,,0.5,750.0,fanduel,,,,,,,,,,0.5,750.0,fanduel,,,BallDontLie,"[""fanduel""]",,,,,,,,,,,,,,,,,,,,,,,,2026-10-07T17:51:03.097302+00:00,ALTLINE_NB_v1_2026-01-18,,,,league_avg,2.3,,,,,,,,,,,,,,,,,,,,,,,,,exp/fallback,0.196,,,,,,,,,,,,,,,,,,,,,,,,,exp/fallback,0.038,,,,,,,,,,,,,,,,,,,,,,,,,exp/fallback,0.2435999999999999,,,,,,,,,,,,,,,,,,,,,,0.5,750.0,fanduel,exp/fallback,0.20835,0.1774934381668885,17.7,0.1176470588235294,50.86942244185527,50.9,0.1774934381668885,17.7,50.86942244185527,50.9,,,,,,,,,,,,,False,False,False,True,False,,,Active roster,2026-10-07T17:51:03+00:00,False,[],2025-2026,,2026-09-24-frozen-v2,2026-10-07T17:51:05.183913+00:00
2026-10-07,COL@WPG,2026020054,6:30 PM,2026-10-07T23:30:00Z,Adam Lowry,8476392,WPG,False,"{""season"":""2026-27"",""games"":[{""d"":""2026-10-05"",""g"":1,""a"":0,""s"":1,""pp"":0,""h"":""R"",""toi"":""15:49""},{""d"":""2026-10-04"",""g"":0,""a"":0,""s"":0,""pp"":0,""h"":""R"",""toi"":""15:17""},{""d"":""2026-10-02"",""g"":0,""a"":2,""s"":2,""pp"":0,""h"":""H"",""toi"":""16:07""}]}",2026-27,WPG,C,,Healthy,Unknown,,,2.0,0.0,,17.0,11.0,2026-10-07T17:50:49+00:00,COL,Mackenzie Blackwood,0.9035369774919614,2.5050255141487554,31.2,Likely,dailyfaceoff_name_and_stats,26.83,6.0,26.83,6.0,4.9,71.2,63.9,A1+A2,14.97,52.0,64.8,1.06,NONE,False,False,24.83856174316134,2.3401792243526978,8.0,8.0,12.0,2.4,True,1.0,,1.0,1.0,25.0,3.0,1.0,3.0,1.0,2.0,2.0,3.0,3.0,2.0,2.0,3.0,3.0,LOW,0.3,,LOW,0.15,,LOW,0.075,,LOW,0.2,,LOW,0.1,,LOW,0.05,,LOW,0.3,,LOW,0.15,,LOW,0.075,,1.2277145184820295,0.5456508971031242,,,2.0,2.301187719429297,2.1513408530664075,50.0,13.1,53.0,8.0,4.27,1.85,10.0,1.27,0.85,7.0,COOL,COOL,HOT,2.42,0.42,COOL,Red,Red,Red,Red,47.0,48.0,51.0,49.0,GOAL,51.0,0.0,2.0,0.0,3.0,0.0,3.0,C,Passenger,0.5,,32.8,,0.0,0.0714285714285714,5.0,0.0714285714285714,0.0047709923664122,0.5,0.5,0.0,0.0,0.0,7.211801710007531,6.430636967565455,32.8,29.9,False,,,,🥅 D:0,,False,False,0.0,,False,0.0,,False,0.0,,,,,,,,,,,,,,,,,,,,,,,,,,,,,,,,,,,,,,,,,,,,,,,0.5,650.0,theScore Bet,,,,,,,,,,0.5,650.0,theScore Bet,0.5,600.0,Fanatics,,,,,,,,,,0.5,600.0,Fanatics,The Odds API,"[""Bally Bet"", ""BetMGM"", ""BetRivers"", ""Bovada"", ""Courtside"", ""DraftKings"", ""FanDuel"", ""Fanatics"", ""Fliff"", ""Hard Rock Bet"", ""theScore Bet""]",The Odds API,"[""Bally Bet"", ""BetMGM"", ""BetRivers"", ""Bovada"", ""Courtside"", ""DraftKings"", ""FanDuel"", ""Fanatics"", ""betrivers""]",,,,,,,,,,,,,,,,,,,,,,,,2026-10-07T17:51:03.097302+00:00,ALTLINE_NB_v1_2026-01-18,,,,exp/fallback,1.0,,,,,,,,,,,,,,,,,,,,,,,,,exp/fallback,0.4269999999999999,,,,,,,,,,,,,,,,,,,,,,,,,exp/fallback,0.242,,,,,,,,,,,,,,,,,,,,,,0.5,650.0,theScore Bet,exp/fallback,0.1905,0.1677236943721936,16.8,0.1333333333333333,25.79277077914519,25.8,0.1677236943721936,16.8,25.79277077914519,25.8,,,,,,,,,,,,,0.5,600.0,Fanatics,exp/fallback,0.1689375,0.1481029906687618,14.8,0.1428571428571428,3.672093468133309,3.7,0.1481029906687618,14.8,3.672093468133309,3.7,,,,,,,,,,,,,False,False,True,False,False,4.9,,Active roster,2026-10-07T17:51:03+00:00,False,[],2025-2026,,2026-09-24-frozen-v2,2026-10-07T17:51:05.183913+00:00
2026-10-07,COL@WPG,2026020054,6:30 PM,2026-10-07T23:30:00Z,Alex Iafallo,8480113,WPG,False,"{""season"":""2026-27"",""games"":[{""d"":""2026-10-05"",""g"":1,""a"":1,""s"":3,""pp"":0,""h"":""R"",""toi"":""10:24""},{""d"":""2026-10-04"",""g"":0,""a"":0,""s"":1,""pp"":0,""h"":""R"",""toi"":""11:44""},{""d"":""2026-10-02"",""g"":0,""a"":0,""s"":0,""pp"":0,""h"":""H"",""toi"":""12:12""}]}",2026-27,WPG,L,,Healthy,Unknown,,,2.0,0.0,,17.0,11.0,2026-10-07T17:50:49+00:00,COL,Mackenzie Blackwood,0.9035369774919614,2.5050255141487554,31.2,Likely,dailyfaceoff_name_and_stats,26.83,6.0,26.83,6.0,4.9,79.4,63.9,A1+A2,15.59,57.0,69.5,1.08,NONE,False,False,24.83856174316134,2.3401792243526978,8.0,8.0,12.0,2.4,True,1.0,,1.3333333333333333,1.1166666666666667,33.8,2.0,1.0,4.0,1.0,1.0,1.0,2.0,2.0,1.0,1.0,4.0,4.0,LOW,0.2,,LOW,0.1,,LOW,0.05,,LOW,0.1,,LOW,0.05,,LOW,0.025,,LOW,0.4,,LOW,0.2,,LOW,0.1,,1.187726822830749,0.2375453645661497,,,1.0,2.301187719429297,2.1513408530664075,50.0,13.1,52.2,8.0,4.37,2.19,11.17,2.37,1.19,7.17,WARM,COOL,HOT,2.18,1.18,COOL,Red,Red,Red,Red,51.0,52.0,57.0,51.0,GOAL,57.0,0.0,0.0,0.0,0.0,0.0,3.0,B,Hybrid,7.6,,32.8,,1.0,1.183755274261603,93.51666666666668,1.183755274261603,0.0759289831930498,7.6,7.6,2.9481375868829085,1.584744252361433,1.6039921582605596,7.211801710007531,6.430636967565455,32.8,58.9,False,,,,🥅 D:0,,False,False,0.0,,False,0.0,,False,0.0,,1.5,143.0,BetRivers,,,,,,,,,,1.5,143.0,BetRivers,,,,,,,,,,,,,,,,,,,,,,,,,,,,,,,0.5,525.0,BetRivers,,,,,,,,,,0.5,525.0,BetRivers,0.5,525.0,BetRivers,,,,,,,,,,0.5,525.0,BetRivers,The Odds API,"[""Bally Bet"", ""BetMGM"", ""BetRivers"", ""Bovada"", ""Courtside"", ""DraftKings"", ""FanDuel"", ""Fanatics"", ""Fliff"", ""Hard Rock Bet"", ""theScore Bet""]",The Odds API,"[""Bally Bet"", ""BetMGM"", ""BetRivers"", ""Bovada"", ""Courtside"", ""DraftKings"", ""FanDuel"", ""Fanatics"", ""betrivers""]",,,,,,,,,,,,,,,,,,The Odds API,"[""Bally Bet"", ""BetRivers""]",,,,,2026-10-07T17:51:03.097302+00:00,ALTLINE_NB_v1_2026-01-18,1.5,143.0,BetRivers,exp/fallback,1.117,0.3005527006257277,30.1,0.411522633744856,-26.965693747948173,-27.0,0.3005527006257277,30.1,-26.965693747948173,-27.0,,,,,,,,,,,,,,,,exp/fallback,0.437,,,,,,,,,,,,,,,,,,,,,,,,,exp/fallback,0.218,,,,,,,,,,,,,,,,,,,,,,0.5,525.0,BetRivers,exp/fallback,0.2007,0.1755597988174414,17.6,0.16,9.724874260900895,9.7,0.1755597988174414,17.6,9.724874260900895,9.7,,,,,,,,,,,,,0.5,525.0,BetRivers,exp/fallback,0.1855125,0.1606710798164929,16.1,0.16,0.4194248853081062,0.4,0.1606710798164929,16.1,0.4194248853081062,0.4,,,,,,,,,,,,,False,False,False,False,False,4.9,,Active roster,2026-10-07T17:51:03+00:00,False,[],2025-2026,,2026-09-24-frozen-v2,2026-10-07T17:51:05.183913+00:00
2026-10-07,COL@WPG,2026020054,6:30 PM,2026-10-07T23:30:00Z,Brad Lambert,8483471,WPG,False,,2026-27,WPG,C,,Healthy,Unknown,,,2.0,0.0,,17.0,11.0,2026-10-07T17:50:49+00:00,COL,Mackenzie Blackwood,0.9035369774919614,2.5050255141487554,31.2,Likely,dailyfaceoff_name_and_stats,26.83,6.0,26.83,6.0,,31.5,28.5,A1+A2,10.81,18.5,27.9,0.94,NONE,False,False,24.83856174316134,2.3401792243526978,8.0,8.0,12.0,2.4,True,,,,,50.0,,,,,,,,,,,,,,,,,,,,,,,,,,,,,,,,,,,,,,,,1.2756909992912828,0.5102763997165131,,,0.0,2.301187719429297,2.1513408530664075,50.0,13.1,53.8,8.0,2.02,0.89,,,,,COOL,COOL,COOL,1.13,,COOL,Red,Red,Red,Red,30.0,27.0,28.0,25.0,POINTS,30.0,,,,,,,C,Passenger,12.4,,32.8,,0.0,1.344666666666667,33.61666666666667,1.344666666666667,0.1244370411499784,12.4,12.4,1.887456618740704,0.7496281606346058,1.338621715418939,7.211801710007531,6.430636967565455,32.8,63.3,False,,,,,,False,False,0.0,,False,0.0,,False,0.0,,,,,,,,,,,,,,,,,,,,,,,,,,,,,,,,,,,,,,,,,,,,,,,0.5,850.0,FanDuel,,,,,,,,,,0.5,850.0,FanDuel,0.5,850.0,FanDuel,,,,,,,,,,0.5,850.0,FanDuel,The Odds API,"[""Bally Bet"", ""BetMGM"", ""BetRivers"", ""Bovada"", ""Courtside"", ""DraftKings"", ""FanDuel"", ""Fanatics"", ""Fliff"", ""Hard Rock Bet"", ""theScore Bet""]",The Odds API,"[""Bally Bet"", ""BetMGM"", ""BetRivers"", ""Bovada"", ""Courtside"", ""DraftKings"", ""FanDuel"", ""Fanatics"", ""fanduel""]",,,,,,,,,,,,,,,,,,,,,,,,2026-10-07T17:51:03.097302+00:00,ALTLINE_NB_v1_2026-01-18,,,,league_avg,2.3,,,,,,,,,,,,,,,,,,,,,,,,,exp/fallback,0.202,,,,,,,,,,,,,,,,,,,,,,,,,exp/fallback,0.1129999999999999,,,,,,,,,,,,,,,,,,,,,,0.5,850.0,FanDuel,exp/fallback,0.2155999999999999,0.1868221851758579,18.7,0.1052631578947368,77.48107591706503,77.5,0.1868221851758579,18.7,77.48107591706503,77.5,,,,,,,,,,,,,0.5,850.0,FanDuel,exp/fallback,0.16285,0.1434089504531858,14.3,0.1052631578947368,36.23850293052652,36.2,0.1434089504531858,14.3,36.23850293052652,36.2,,,,,,,,,,,,,False,False,True,True,False,,,Active roster,2026-10-07T17:51:03+00:00,False,[],2025-2026,,2026-09-24-frozen-v2,2026-10-07T17:51:05.183913+00:00
2026-10-07,COL@WPG,2026020054,6:30 PM,2026-10-07T23:30:00Z,Cole Koepke,8481043,WPG,False,,2026-27,WPG,L,,Healthy,Unknown,,,2.0,0.0,,17.0,11.0,2026-10-07T17:50:49+00:00,COL,Mackenzie Blackwood,0.9035369774919614,2.5050255141487554,31.2,Likely,dailyfaceoff_name_and_stats,26.83,6.0,26.83,6.0,,66.6,46.6,A1+A2,10.46,16.0,49.5,1.0,NONE,False,False,24.83856174316134,2.3401792243526978,8.0,8.0,12.0,2.4,True,,,,,50.0,,,,,,,,,,,,,,,,,,,,,,,,,,,,,,,,,,,,,,,,1.7097061442564558,0.5342831700801425,,,0.0,2.301187719429297,2.1513408530664075,50.0,13.1,63.2,8.0,2.87,1.5,,,,,COOL,COOL,COOL,1.36,,COOL,Red,Red,Red,Red,40.0,45.0,48.0,38.0,GOAL,48.0,,,,,,,C,Passenger,0.1,,32.8,,0.0,0.008080808080808,0.5333333333333333,0.008080808080808,0.0007726482518833,0.1,0.1,0.0,0.0,0.0,7.211801710007531,6.430636967565455,32.8,22.0,False,,,,,,False,False,0.0,,False,0.0,,False,0.0,,,,,,,,,,,,,,,,,,,,,,,,,,,,,,,,,,,,,,,,,,,,,,,0.5,800.0,FanDuel,,,,,,,,,,0.5,800.0,FanDuel,0.5,800.0,FanDuel,,,,,,,,,,0.5,800.0,FanDuel,The Odds API,"[""Bally Bet"", ""BetRivers"", ""Bovada"", ""Courtside"", ""DraftKings"", ""FanDuel"", ""Fanatics"", ""Fliff"", ""Hard Rock Bet"", ""theScore Bet""]",The Odds API,"[""Bally Bet"", ""BetRivers"", ""Bovada"", ""Courtside"", ""DraftKings"", ""FanDuel"", ""Fanatics"", ""fanduel""]",,,,,,,,,,,,,,,,,,,,,,,,2026-10-07T17:51:03.097302+00:00,ALTLINE_NB_v1_2026-01-18,,,,league_avg,2.3,,,,,,,,,,,,,,,,,,,,,,,,,exp/fallback,0.287,,,,,,,,,,,,,,,,,,,,,,,,,exp/fallback,0.136,,,,,,,,,,,,,,,,,,,,,,0.5,800.0,FanDuel,exp/fallback,0.24,0.2048050476549696,20.5,0.1111111111111111,84.32454288947268,84.3,0.2048050476549696,20.5,84.32454288947268,84.3,,,,,,,,,,,,,0.5,800.0,FanDuel,exp/fallback,0.2025,0.1732375988926996,17.3,0.1111111111111111,55.91383900342967,55.9,0.1732375988926996,17.3,55.91383900342967,55.9,,,,,,,,,,,,,False,False,True,True,False,,,Active roster,2026-10-07T17:51:03+00:00,False,[],2025-2026,,2026-09-24-frozen-v2,2026-10-07T17:51:05.183913+00:00
2026-10-07,COL@WPG,2026020054,6:30 PM,2026-10-07T23:30:00Z,Cole Perfetti,8482149,WPG,False,"{""season"":""2026-27"",""games"":[{""d"":""2026-10-05"",""g"":1,""a"":0,""s"":4,""pp"":0,""h"":""R"",""toi"":""19:59""},{""d"":""2026-10-04"",""g"":1,""a"":2,""s"":2,""pp"":3,""h"":""R"",""toi"":""17:10""},{""d"":""2026-10-02"",""g"":0,""a"":1,""s"":4,""pp"":1,""h"":""H"",""toi"":""17:06""}]}",2026-27,WPG,C,,Healthy,Unknown,,,2.0,0.0,,17.0,11.0,2026-10-07T17:50:49+00:00,COL,Mackenzie Blackwood,0.9035369774919614,2.5050255141487554,31.2,Likely,dailyfaceoff_name_and_stats,26.83,6.0,26.83,6.0,19.5,87.3,71.0,A1+A2,15.62,58.0,75.7,1.1,NONE,False,False,24.83856174316134,2.3401792243526978,8.0,8.0,12.0,2.4,True,4.0,,3.333333333333333,3.7666666666666666,87.5,5.0,2.0,10.0,2.0,3.0,3.0,5.0,5.0,3.0,3.0,10.0,10.0,LOW,0.5,0.0,LOW,0.25,,LOW,0.125,,LOW,0.3,,LOW,0.15,,LOW,0.075,,LOW,1.0,,LOW,0.5,,LOW,0.25,,1.46548549053056,0.6280652102273828,,,3.0,2.301187719429297,2.1513408530664075,50.0,13.1,58.0,8.0,6.51,3.6,41.44,1.51,1.27,27.67,WARM,COOL,HOT,3.24,0.24,COOL,Yellow,Yellow,Yellow,Yellow,53.0,68.0,72.0,55.0,GOAL,72.0,0.0,1.0,0.0,0.0,4.0,1.0,B,Shooter,13.9,,32.8,,1.0,2.174509803921569,147.86666666666667,2.174509803921569,0.1391795434936073,13.9,13.9,3.7736699729486025,2.738954012623985,1.217312894499549,7.211801710007531,6.430636967565455,32.8,65.2,False,,,,🥅 D:0,,False,False,1.0,,False,0.0,,False,0.0,,1.5,-200.0,theScore Bet,2.5,135.0,theScore Bet,3.5,340.0,theScore Bet,4.5,750.0,Fanatics,2.5,135.0,theScore Bet,0.5,100.0,Fanatics,1.5,550.0,Bovada,2.5,1900.0,Fanatics,3.5,4500.0,BetOnline.ag,0.5,100.0,Fanatics,0.5,190.0,Fanatics,1.5,1200.0,DraftKings,,,,,,,0.5,190.0,Fanatics,0.5,290.0,FanDuel,,,,,,,,,,0.5,290.0,FanDuel,0.5,290.0,FanDuel,,,,,,,,,,0.5,290.0,FanDuel,The Odds API,"[""Bally Bet"", ""BetMGM"", ""BetRivers"", ""Bovada"", ""Courtside"", ""DraftKings"", ""FanDuel"", ""Fanatics"", ""Fliff"", ""Hard Rock Bet"", ""fanduel"", ""theScore Bet""]",The Odds API,"[""Bally Bet"", ""BetMGM"", ""BetRivers"", ""Bovada"", ""Courtside"", ""DraftKings"", ""FanDuel"", ""Fanatics"", ""fanduel""]",0.5,300.0,Hard Rock Bet,1.5,1000.0,Bovada,,,,,,,0.5,300.0,Hard Rock Bet,The Odds API,"[""Bally Bet"", ""BetMGM"", ""BetRivers"", ""Bovada"", ""Fliff"", ""Hard Rock Bet"", ""theScore Bet""]",The Odds API,"[""Bally Bet"", ""BetMGM"", ""BetOnline.ag"", ""BetRivers"", ""Courtside"", ""DraftKings"", ""FanDuel"", ""Fanatics"", ""Fliff"", ""Hard Rock Bet"", ""ReBet"", ""fanduel"", ""theScore Bet""]",The Odds API,"[""Bally Bet"", ""BetMGM"", ""BetOnline.ag"", ""BetRivers"", ""Bovada"", ""Courtside"", ""DraftKings"", ""FanDuel"", ""Fanatics"", ""Fliff"", ""Hard Rock Bet"", ""ReBet"", ""draftkings"", ""theScore Bet""]",The Odds API,"[""Bally Bet"", ""BetMGM"", ""BetOnline.ag"", ""BetRivers"", ""Bovada"", ""Courtside"", ""DraftKings"", ""FanDuel"", ""Fanatics"", ""Fliff"", ""Hard Rock Bet"", ""ReBet"", ""draftkings"", ""theScore Bet""]",2026-10-07T17:51:03.097302+00:00,ALTLINE_NB_v1_2026-01-18,2.5,135.0,theScore Bet,exp/fallback,4.144,0.672676660256369,67.3,0.425531914893617,58.07901516024672,58.1,0.8233557086695579,82.3,23.50335630043368,23.5,0.672676660256369,67.3,58.07901516024672,58.1,0.5193333457612179,51.9,128.50667213493588,128.5,0.3827854925295338,38.3,225.36766865010375,225.4,0.5,100.0,Fanatics,exp/fallback,0.651,0.4437127562285498,44.4,0.5,-11.257448754290046,-11.3,0.4437127562285498,44.4,-11.257448754290046,-11.3,0.1487720096428806,14.9,-3.2981937321275967,-3.3,0.0432181247478139,4.3,-13.563750504372107,-13.6,0.0115051075732486,1.2,-47.076505163056304,-47.1,0.5,190.0,Fanatics,exp/fallback,0.324,0.259393117095873,25.9,0.3448275862068966,-24.775996042196837,-24.8,0.259393117095873,25.9,-24.775996042196837,-24.8,0.0528899931191629,5.3,-31.243008945088125,-31.2,,,,,,,,,0.5,290.0,FanDuel,exp/fallback,0.3239999999999999,0.2626252011066187,26.3,0.2564102564102564,2.4238284315812875,2.4,0.2626252011066187,26.3,2.4238284315812875,2.4,,,,,,,,,,,,,0.5,290.0,FanDuel,exp/fallback,0.3389999999999999,0.2638826254579205,26.4,0.2564102564102564,2.9142239285889997,2.9,0.2638826254579205,26.4,2.9142239285889997,2.9,,,,,,,,,,,,,True,False,False,False,False,19.5,,Active roster,2026-10-07T17:51:03+00:00,False,[],2025-2026,,2026-09-24-frozen-v2,2026-10-07T17:51:05.183913+00:00
2026-10-07,COL@WPG,2026020054,6:30 PM,2026-10-07T23:30:00Z,Dylan DeMelo,8476331,WPG,False,,2026-27,WPG,D,,Healthy,Unknown,,,2.0,1.0,🟢 ROLE+,17.0,11.0,2026-10-07T17:50:49+00:00,COL,Mackenzie Blackwood,0.9035369774919614,2.5050255141487554,31.2,Likely,dailyfaceoff_name_and_stats,26.83,6.0,26.83,6.0,,34.7,63.9,A1+A2,21.46,90.5,56.1,1.02,NONE,False,False,24.83856174316134,2.3401792243526978,8.0,8.0,12.0,2.4,True,,,,,50.0,,,,,,,,,,,,,,,,,,,,,,,,,,,,,,,,,,,,,,,,0.6414896815939237,0.1603724203984809,,,0.0,2.301187719429297,2.1513408530664075,50.0,13.1,39.2,8.0,2.36,0.36,,,,,COOL,COOL,COOL,2.0,,COOL,Red,Red,Red,Red,56.0,36.0,35.0,48.0,POINTS,56.0,,,,,,,C,Passenger,0.5,,32.8,,0.0,0.1111788617886179,9.116666666666667,0.1111788617886179,0.0051813962299895,0.5,0.5,0.0,0.0,0.0,7.211801710007531,6.430636967565455,32.8,29.9,False,,,,,,False,False,0.0,,False,0.0,,False,0.0,,,,,,,,,,,,,,,,,,,,,,,,,,,,,,,,,,,,,,,,,,,,,,,0.5,2000.0,FanDuel,,,,,,,,,,0.5,2000.0,FanDuel,0.5,2000.0,FanDuel,,,,,,,,,,0.5,2000.0,FanDuel,The Odds API,"[""Bally Bet"", ""BetMGM"", ""BetRivers"", ""Bovada"", ""Courtside"", ""DraftKings"", ""FanDuel"", ""Fanatics"", ""Fliff"", ""Hard Rock Bet"", ""theScore Bet""]",The Odds API,"[""Bally Bet"", ""BetMGM"", ""BetRivers"", ""Bovada"", ""Courtside"", ""DraftKings"", ""FanDuel"", ""Fanatics"", ""fanduel""]",,,,,,,,,,,,,,,,,,,,,,,,2026-10-07T17:51:03.097302+00:00,ALTLINE_NB_v1_2026-01-18,,,,league_avg,2.3,,,,,,,,,,,,,,,,,,,,,,,,,exp/fallback,0.236,,,,,,,,,,,,,,,,,,,,,,,,,exp/fallback,0.2,,,,,,,,,,,,,,,,,,,,,,0.5,2000.0,FanDuel,exp/fallback,0.1944,0.1707321143974325,17.1,0.0476190476190476,258.5374402346083,258.5,0.1707321143974325,17.1,258.5374402346083,258.5,,,,,,,,,,,,,0.5,2000.0,FanDuel,exp/fallback,0.1284,0.1160214650159255,11.6,0.0476190476190476,143.64507653344373,143.6,0.1160214650159255,11.6,143.64507653344373,143.6,,,,,,,,,,,,,False,False,True,True,False,,,Active roster,2026-10-07T17:51:03+00:00,False,[],2025-2026,,2026-09-24-frozen-v2,2026-10-07T17:51:05.183913+00:00
2026-10-07,COL@WPG,2026020054,6:30 PM,2026-10-07T23:30:00Z,Dylan Samberg,8480049,WPG,False,,2026-27,WPG,D,,Healthy,Unknown,,,2.0,1.0,🟢 ROLE+,17.0,11.0,2026-10-07T17:50:49+00:00,COL,Mackenzie Blackwood,0.9035369774919614,2.5050255141487554,31.2,Likely,dailyfaceoff_name_and_stats,26.83,6.0,26.83,6.0,,41.4,56.5,A1+A2,21.82,93.5,57.1,1.03,NONE,False,False,24.83856174316134,2.3401792243526978,8.0,8.0,12.0,2.4,True,,,,,50.0,,,,,,,,,,,,,,,,,,,,,,,,,,,,,,,,,,,,,,,,0.443866018220426,0.0986368929378724,,,0.0,2.301187719429297,2.1513408530664075,50.0,13.1,37.0,8.0,2.64,0.62,,,,,COOL,COOL,COOL,2.02,,COOL,Red,Red,Red,Red,52.0,40.0,39.0,46.0,POINTS,52.0,,,,,,,C,Passenger,0.5,,32.8,,0.0,0.1053030303030303,6.95,0.1053030303030303,0.0048256069618348,0.5,0.5,0.0,0.0,0.0,7.211801710007531,6.430636967565455,32.8,29.9,False,,,,,,False,False,0.0,,False,0.0,,False,0.0,,1.5,110.0,BetRivers,,,,,,,,,,1.5,110.0,BetRivers,,,,,,,,,,,,,,,,,,,,,,,,,,,,,,,0.5,2200.0,Fanatics,,,,,,,,,,0.5,2200.0,Fanatics,0.5,2200.0,Fanatics,,,,,,,,,,0.5,2200.0,Fanatics,The Odds API,"[""Bally Bet"", ""BetMGM"", ""BetRivers"", ""Bovada"", ""Courtside"", ""DraftKings"", ""FanDuel"", ""Fanatics"", ""Fliff"", ""Hard Rock Bet"", ""theScore Bet""]",The Odds API,"[""Bally Bet"", ""BetMGM"", ""BetRivers"", ""Bovada"", ""Courtside"", ""DraftKings"", ""FanDuel"", ""Fanatics"", ""fanatics""]",,,,,,,,,,,,,,,,,,The Odds API,"[""Bally Bet"", ""BetRivers""]",,,,,2026-10-07T17:51:03.097302+00:00,ALTLINE_NB_v1_2026-01-18,1.5,110.0,BetRivers,league_avg,2.3,0.6001759479749428,60.0,0.4761904761904761,26.03694907473799,26.0,0.6001759479749428,60.0,26.03694907473799,26.0,,,,,,,,,,,,,,,,exp/fallback,0.264,,,,,,,,,,,,,,,,,,,,,,,,,exp/fallback,0.202,,,,,,,,,,,,,,,,,,,,,,0.5,2200.0,Fanatics,exp/fallback,0.2047999999999999,0.1786805128719816,17.9,0.0434782608695652,310.9651796055577,311.0,0.1786805128719816,17.9,310.9651796055577,311.0,,,,,,,,,,,,,0.5,2200.0,Fanatics,exp/fallback,0.1452999999999999,0.1296345790859625,13.0,0.0434782608695652,198.15953189771383,198.2,0.1296345790859625,13.0,198.15953189771383,198.2,,,,,,,,,,,,,True,False,True,True,False,,,Active roster,2026-10-07T17:51:03+00:00,False,[],2025-2026,,2026-09-24-frozen-v2,2026-10-07T17:51:05.183913+00:00
2026-10-07,COL@WPG,2026020054,6:30 PM,2026-10-07T23:30:00Z,Gabriel Vilardi,8480014,WPG,False,"{""season"":""2026-27"",""games"":[{""d"":""2026-10-05"",""g"":0,""a"":0,""s"":3,""pp"":0,""h"":""R"",""toi"":""14:21""},{""d"":""2026-10-04"",""g"":0,""a"":1,""s"":2,""pp"":1,""h"":""R"",""toi"":""14:41""},{""d"":""2026-10-02"",""g"":0,""a"":1,""s"":1,""pp"":1,""h"":""H"",""toi"":""19:25""}]}",2026-27,WPG,C,⭐ STAR,Healthy,Unknown,,,2.0,1.0,🟢 ROLE+,17.0,11.0,2026-10-07T17:50:49+00:00,COL,Mackenzie Blackwood,0.9035369774919614,2.5050255141487554,31.2,Likely,dailyfaceoff_name_and_stats,26.83,6.0,26.83,6.0,9.8,95.0,92.8,A1+A2,18.74,78.5,90.9,1.2,STAR,False,True,24.83856174316134,2.3401792243526978,8.0,8.0,12.0,2.4,True,2.0,,2.0,2.0,63.7,2.0,0.0,6.0,0.0,2.0,2.0,2.0,2.0,2.0,2.0,6.0,6.0,LOW,0.2,-0.3,LOW,0.1,,LOW,0.05,,LOW,0.2,,LOW,0.1,,LOW,0.05,,LOW,0.6,,LOW,0.3,,LOW,0.15,,2.1351429635453303,0.5958538502917201,,,2.0,2.301187719429297,2.1513408530664075,50.0,13.1,69.8,8.0,10.76,4.48,22.0,7.78,4.07,14.0,HOT,HOT,HOT,6.27,3.7,HOT,Green,Red,Green,Green,78.0,71.0,72.0,76.0,POINTS,78.0,1.0,1.0,3.0,0.0,2.0,1.0,A,Hybrid,15.9,,32.8,,2.0,2.984552845528455,244.7333333333333,2.984552845528455,0.1592642002624757,15.9,15.9,4.371288477254154,2.495777717243258,2.2064832470716427,7.211801710007531,6.430636967565455,32.8,73.5,False,,,,🅿️ D:1,,False,False,2.0,,False,0.0,,False,0.0,,1.5,-115.0,Bovada,2.5,260.0,theScore Bet,3.5,700.0,BetOnline.ag,4.5,2200.0,BetOnline.ag,1.5,-115.0,Bovada,0.5,-104.0,FanDuel,1.5,500.0,FanDuel,2.5,1900.0,Fanatics,3.5,2700.0,BetOnline.ag,0.5,-104.0,FanDuel,0.5,200.0,FanDuel,1.5,1200.0,DraftKings,,,,,,,0.5,200.0,FanDuel,0.5,260.0,Hard Rock Bet,,,,,,,,,,0.5,260.0,Hard Rock Bet,0.5,260.0,FanDuel,,,,,,,,,,0.5,260.0,FanDuel,The Odds API,"[""Bally Bet"", ""BetMGM"", ""BetRivers"", ""Bovada"", ""Courtside"", ""DraftKings"", ""FanDuel"", ""Fanatics"", ""Fliff"", ""Hard Rock Bet"", ""fanduel"", ""theScore Bet""]",The Odds API,"[""Bally Bet"", ""BetMGM"", ""BetRivers"", ""Bovada"", ""Courtside"", ""DraftKings"", ""FanDuel"", ""Fanatics"", ""fanduel""]",0.5,300.0,BetRivers,,,,,,,,,,0.5,300.0,BetRivers,The Odds API,"[""Bally Bet"", ""BetMGM"", ""BetRivers"", ""Bovada"", ""Fliff"", ""Hard Rock Bet"", ""theScore Bet""]",The Odds API,"[""Bally Bet"", ""BetMGM"", ""BetOnline.ag"", ""BetRivers"", ""Bovada"", ""Courtside"", ""DraftKings"", ""FanDuel"", ""Fanatics"", ""Fliff"", ""Hard Rock Bet"", ""ReBet"", ""theScore Bet""]",The Odds API,"[""Bally Bet"", ""BetMGM"", ""BetOnline.ag"", ""BetRivers"", ""Bovada"", ""Courtside"", ""DraftKings"", ""FanDuel"", ""Fanatics"", ""Fliff"", ""Hard Rock Bet"", ""ReBet"", ""draftkings"", ""theScore Bet""]",The Odds API,"[""Bally Bet"", ""BetMGM"", ""BetOnline.ag"", ""BetRivers"", ""Bovada"", ""Courtside"", ""DraftKings"", ""FanDuel"", ""Fanatics"", ""Fliff"", ""Hard Rock Bet"", ""ReBet"", ""draftkings"", ""theScore Bet""]",2026-10-07T17:51:03.097302+00:00,ALTLINE_NB_v1_2026-01-18,1.5,-115.0,Bovada,exp/fallback,2.2,0.5808468089046723,58.1,0.5348837209302325,8.593099056090914,8.6,0.5808468089046723,58.1,8.593099056090914,8.6,0.3627068685926952,36.3,30.574472693370268,30.6,0.2078978786938726,20.8,66.31830295509812,66.3,0.1117664898050877,11.2,157.0629265517018,157.1,0.5,-104.0,FanDuel,exp/fallback,1.076,0.5987580012967522,59.9,0.5098039215686274,17.448684869747545,17.4,0.5987580012967522,59.9,17.448684869747545,17.4,0.2851328446755878,28.5,71.07970680535271,71.1,0.1196628815389093,12.0,139.32576307781872,139.3,0.0463717641555948,4.6,29.84093963566557,29.8,0.5,200.0,FanDuel,exp/fallback,0.627,0.4203846935769494,42.0,0.3333333333333333,26.115408073084826,26.1,0.4203846935769494,42.0,26.115408073084826,26.1,0.1437049850674308,14.4,86.81648058766002,86.8,,,,,,,,,0.5,260.0,Hard Rock Bet,exp/fallback,0.3592,0.2851108861732843,28.5,0.2777777777777778,2.639919022382342,2.6,0.2851108861732843,28.5,2.639919022382342,2.6,,,,,,,,,,,,,0.5,260.0,FanDuel,exp/fallback,0.3962,0.297097902592856,29.7,0.2777777777777778,6.955244933428184,7.0,0.297097902592856,29.7,6.955244933428184,7.0,,,,,,,,,,,,,False,True,False,False,True,9.8,,Active roster,2026-10-07T17:51:03+00:00,False,"[{""market"":""Assists"",""name"":""Staff (Green Stance)"",""kind"":""STANCE"",""rule"":""Green + Assists 0.5"",""icon"":""staff.svg"",""kit_version"":""2026-09-24-frozen-v2""}]",2025-2026,,2026-09-24-frozen-v2,2026-10-07T17:51:05.183913+00:00
2026-10-07,COL@WPG,2026020054,6:30 PM,2026-10-07T23:30:00Z,Haydn Fleury,8477938,WPG,False,,2026-27,WPG,D,,Healthy,Unknown,,,2.0,0.0,,17.0,11.0,2026-10-07T17:50:49+00:00,COL,Mackenzie Blackwood,0.9035369774919614,2.5050255141487554,31.2,Likely,dailyfaceoff_name_and_stats,26.83,6.0,26.83,6.0,,30.5,24.0,A1+A2,13.93,44.0,30.9,0.94,NONE,False,False,24.83856174316134,2.3401792243526978,8.0,8.0,12.0,2.4,True,,,,,50.0,,,,,,,,,,,,,,,,,,,,,,,,,,,,,,,,,,,,,,,,0.4037685060565276,0.0,,,0.0,2.301187719429297,2.1513408530664075,50.0,13.1,36.8,8.0,1.03,0.54,,,,,COOL,COOL,COOL,0.49,,COOL,Red,Red,Red,Red,28.0,28.0,29.0,23.0,GOAL,29.0,,,,,,,C,Passenger,1.2,,32.8,,0.0,0.1605263157894736,6.1,0.1605263157894736,0.0115261069471562,1.2,1.2,4.426229508196722,4.426229508196722,0.0,7.211801710007531,6.430636967565455,32.8,33.4,False,,,,,,False,False,0.0,,False,0.0,,False,0.0,,,,,,,,,,,,,,,,,,,,,,,,,,,,,,,,,,,,,,,,,,,,,,,,,,,,,,,,,,,,,,,,,,,,,,,,,,,,,,,,,,,,,,,,,,,,,,,,,,,,,,,,2026-10-07T17:51:03.097302+00:00,ALTLINE_NB_v1_2026-01-18,,,,league_avg,2.3,,,,,,,,,,,,,,,,,,,,,,,,,exp/fallback,0.103,,,,,,,,,,,,,,,,,,,,,,,,,exp/fallback,0.049,,,,,,,,,,,,,,,,,,,,,,,,,exp/fallback,0.2016,,,,,,,,,,,,,,,,,,,,,,,,,exp/fallback,0.1401,,,,,,,,,,,,,,,,,,,,,,False,False,False,False,False,,,Active roster,2026-10-07T17:51:03+00:00,False,[],2025-2026,,2026-09-24-frozen-v2,2026-10-07T17:51:05.183913+00:00
2026-10-07,COL@WPG,2026020054,6:30 PM,2026-10-07T23:30:00Z,Isak Rosen,8482765,WPG,False,,2026-27,WPG,R,,Healthy,Unknown,,,2.0,0.0,,17.0,11.0,2026-10-07T17:50:49+00:00,COL,Mackenzie Blackwood,0.9035369774919614,2.5050255141487554,31.2,Likely,dailyfaceoff_name_and_stats,26.83,6.0,26.83,6.0,,46.3,31.9,A1+A2,11.5,24.0,36.8,0.95,NONE,False,False,24.83856174316134,2.3401792243526978,8.0,8.0,12.0,2.4,True,,,,,50.0,,,,,,,,,,,,,,,,,,,,,,,,,,,,,,,,,,,,,,,,1.1614508918283637,0.3318431119509609,,,0.0,2.301187719429297,2.1513408530664075,50.0,13.1,51.2,8.0,2.23,1.21,,,,,COOL,COOL,COOL,1.02,,COOL,Red,Red,Red,Red,32.0,35.0,37.0,29.0,GOAL,37.0,,,,,,,C,Passenger,13.6,,32.8,,0.0,1.5648648648648649,57.9,1.5648648648648649,0.1360219263899765,13.6,13.6,3.1917098445595857,1.4300518134715026,2.072538860103627,7.211801710007531,6.430636967565455,32.8,69.2,False,,,,,,False,False,0.0,,False,0.0,,False,0.0,,1.5,128.0,BetRivers,,,,,,,,,,1.5,128.0,BetRivers,0.5,190.0,BetRivers,,,,,,,,,,0.5,190.0,BetRivers,,,,,,,,,,,,,,,,0.5,550.0,FanDuel,,,,,,,,,,0.5,550.0,FanDuel,0.5,550.0,FanDuel,,,,,,,,,,0.5,550.0,FanDuel,The Odds API,"[""Bally Bet"", ""BetMGM"", ""BetRivers"", ""Bovada"", ""Courtside"", ""DraftKings"", ""FanDuel"", ""Fanatics"", ""Fliff"", ""Hard Rock Bet"", ""theScore Bet""]",The Odds API,"[""Bally Bet"", ""BetMGM"", ""BetRivers"", ""Bovada"", ""Courtside"", ""DraftKings"", ""FanDuel"", ""Fanatics"", ""fanduel""]",,,,,,,,,,,,,,,,,,The Odds API,"[""Bally Bet"", ""BetRivers""]",,,The Odds API,"[""Bally Bet"", ""BetRivers""]",2026-10-07T17:51:03.097302+00:00,ALTLINE_NB_v1_2026-01-18,1.5,128.0,BetRivers,league_avg,2.3,0.6001759479749428,60.0,0.4385964912280701,36.84011613828696,36.8,0.6001759479749428,60.0,36.84011613828696,36.8,,,,,,,,,,,,,0.5,190.0,BetRivers,exp/fallback,0.223,0.1932369692293506,19.3,0.3448275862068966,-43.96127892348832,-44.0,0.1932369692293506,19.3,-43.96127892348832,-44.0,,,,,,,,,,,,,,,,exp/fallback,0.102,,,,,,,,,,,,,,,,,,,,,,0.5,550.0,FanDuel,exp/fallback,0.2284,0.1963259981068948,19.6,0.1538461538461538,27.61189876948168,27.6,0.1963259981068948,19.6,27.61189876948168,27.6,,,,,,,,,,,,,0.5,550.0,FanDuel,exp/fallback,0.1836499999999999,0.1592741317733985,15.9,0.1538461538461538,3.52818565270906,3.5,0.1592741317733985,15.9,3.52818565270906,3.5,,,,,,,,,,,,,True,False,True,False,False,,,Active roster,2026-10-07T17:51:03+00:00,False,[],2025-2026,,2026-09-24-frozen-v2,2026-10-07T17:51:05.183913+00:00
2026-10-07,COL@WPG,2026020054,6:30 PM,2026-10-07T23:30:00Z,Jack St. Ivany,8481030,PIT,True,,2026-27,WPG,D,,Healthy,Unknown,,,2.0,0.0,,17.0,11.0,2026-10-07T17:50:49+00:00,COL,Mackenzie Blackwood,0.9035369774919614,2.5050255141487554,31.2,Likely,dailyfaceoff_name_and_stats,26.83,6.0,26.83,6.0,,25.6,40.6,A1+A2,16.33,63.5,38.4,0.95,NONE,False,False,24.83856174316134,2.3401792243526978,8.0,8.0,12.0,2.4,True,,,,,50.0,,,,,,,,,,,,,,,,,,,,,,,,,,,,,,,,,,,,,,,,1.411527474374055,0.6049403461603092,,,0.0,2.301187719429297,2.1513408530664075,50.0,13.1,57.2,8.0,4.04,0.7,,,,,COOL,COOL,COOL,3.34,,COOL,Red,Red,Red,Red,41.0,27.0,27.0,35.0,POINTS,41.0,,,,,,,,Passenger,0.0,,32.8,,,0.0041666666666666,0.0833333333333333,0.0041666666666666,0.0002552192333214,0.0,0.0,0.0,0.0,0.0,7.211801710007531,6.430636967565455,32.8,17.2,False,,,,,,False,False,0.0,,False,0.0,,False,0.0,,,,,,,,,,,,,,,,,,,,,,,,,,,,,,,,,,,,,,,,,,,,,,,0.5,1900.0,Fanatics,,,,,,,,,,0.5,1900.0,Fanatics,0.5,1900.0,Fanatics,,,,,,,,,,0.5,1900.0,Fanatics,The Odds API,"[""Bally Bet"", ""BetRivers"", ""Bovada"", ""Courtside"", ""DraftKings"", ""Fanatics"", ""Fliff"", ""Hard Rock Bet"", ""theScore Bet""]",The Odds API,"[""Bally Bet"", ""BetRivers"", ""Bovada"", ""Courtside"", ""DraftKings"", ""Fanatics"", ""fanatics""]",,,,,,,,,,,,,,,,,,,,,,,,2026-10-07T17:51:03.097302+00:00,ALTLINE_NB_v1_2026-01-18,,,,league_avg,2.3,,,,,,,,,,,,,,,,,,,,,,,,,exp/fallback,0.404,,,,,,,,,,,,,,,,,,,,,,,,,exp/fallback,0.3339999999999999,,,,,,,,,,,,,,,,,,,,,,0.5,1900.0,Fanatics,exp/fallback,0.208,0.1811047129473061,18.1,0.05,262.20942589461225,262.2,0.1811047129473061,18.1,262.20942589461225,262.2,,,,,,,,,,,,,0.5,1900.0,Fanatics,exp/fallback,0.1505,0.133753766422828,13.4,0.05,167.507532845656,167.5,0.133753766422828,13.4,167.507532845656,167.5,,,,,,,,,,,,,False,False,True,True,False,,,Active roster,2026-10-07T17:51:03+00:00,False,[],2025-2026,,2026-09-24-frozen-v2,2026-10-07T17:51:05.183913+00:00
2026-10-07,COL@WPG,2026020054,6:30 PM,2026-10-07T23:30:00Z,Josh Morrissey,8477504,WPG,False,"{""season"":""2026-27"",""games"":[{""d"":""2026-10-05"",""g"":0,""a"":1,""s"":0,""pp"":0,""h"":""R"",""toi"":""23:50""},{""d"":""2026-10-04"",""g"":0,""a"":2,""s"":7,""pp"":2,""h"":""R"",""toi"":""21:33""},{""d"":""2026-10-02"",""g"":0,""a"":0,""s"":4,""pp"":0,""h"":""H"",""toi"":""25:22""}]}",2026-27,WPG,D,⭐ STAR,Healthy,Unknown,,,2.0,1.0,🟢 ROLE+,17.0,11.0,2026-10-07T17:50:49+00:00,COL,Mackenzie Blackwood,0.9035369774919614,2.5050255141487554,31.2,Likely,dailyfaceoff_name_and_stats,26.83,6.0,26.83,6.0,19.5,61.3,93.9,A1+A2,24.72,99.0,80.2,1.16,STAR,False,True,24.83856174316134,2.3401792243526978,8.0,8.0,12.0,2.4,True,4.0,,3.6666666666666665,3.883333333333333,90.0,3.0,0.0,11.0,0.0,3.0,3.0,3.0,3.0,3.0,3.0,11.0,11.0,LOW,0.3,-0.2,LOW,0.15,,LOW,0.075,,LOW,0.3,,LOW,0.15,,LOW,0.075,,LOW,1.1,,LOW,0.55,,LOW,0.275,,1.3350785340314135,0.5890052356020943,,,3.0,2.301187719429297,2.1513408530664075,50.0,13.1,55.2,8.0,8.14,1.38,42.71,4.4,1.25,27.83,HOT,COOL,HOT,6.76,3.15,HOT,Yellow,Red,Red,Yellow,79.0,59.0,59.0,72.0,POINTS,79.0,0.0,0.0,3.0,1.0,2.0,1.0,A,Distributor,12.2,,32.8,,2.0,3.023809523809524,232.83333333333331,3.023809523809524,0.1223217491046958,12.2,12.2,3.2186113099498925,0.5901216893342878,3.092340730136005,7.211801710007531,6.430636967565455,32.8,70.0,False,,,,🅿️ D:0,,False,False,2.0,,False,0.0,,False,0.0,,1.5,-160.0,theScore Bet,2.5,190.0,theScore Bet,3.5,460.0,FanDuel,4.5,1100.0,Fanatics,1.5,-160.0,theScore Bet,0.5,-105.0,DraftKings,1.5,500.0,DraftKings,2.5,1900.0,Fanatics,3.5,3900.0,BetOnline.ag,0.5,-105.0,DraftKings,0.5,125.0,theScore Bet,1.5,700.0,DraftKings,2.5,2800.0,Fanatics,,,,0.5,125.0,theScore Bet,0.5,650.0,DraftKings,,,,,,,,,,0.5,650.0,DraftKings,0.5,650.0,DraftKings,,,,,,,,,,0.5,650.0,DraftKings,The Odds API,"[""Bally Bet"", ""BetMGM"", ""BetRivers"", ""Bovada"", ""Courtside"", ""DraftKings"", ""FanDuel"", ""Fanatics"", ""Fliff"", ""Hard Rock Bet"", ""theScore Bet""]",The Odds API,"[""Bally Bet"", ""BetMGM"", ""BetRivers"", ""Bovada"", ""Courtside"", ""DraftKings"", ""FanDuel"", ""Fanatics"", ""betrivers""]",0.5,280.0,BetMGM,1.5,800.0,Bovada,,,,,,,0.5,280.0,BetMGM,The Odds API,"[""Bally Bet"", ""BetMGM"", ""BetRivers"", ""Bovada"", ""Fliff"", ""Hard Rock Bet"", ""theScore Bet""]",The Odds API,"[""Bally Bet"", ""BetMGM"", ""BetOnline.ag"", ""BetRivers"", ""Bovada"", ""Courtside"", ""DraftKings"", ""FanDuel"", ""Fanatics"", ""Fliff"", ""Hard Rock Bet"", ""ReBet"", ""theScore Bet""]",The Odds API,"[""Bally Bet"", ""BetMGM"", ""BetOnline.ag"", ""BetRivers"", ""Bovada"", ""Courtside"", ""DraftKings"", ""FanDuel"", ""Fanatics"", ""Fliff"", ""Hard Rock Bet"", ""ReBet"", ""draftkings"", ""theScore Bet""]",The Odds API,"[""Bally Bet"", ""BetMGM"", ""BetOnline.ag"", ""BetRivers"", ""Bovada"", ""Courtside"", ""DraftKings"", ""FanDuel"", ""Fanatics"", ""Fliff"", ""Hard Rock Bet"", ""ReBet"", ""draftkings"", ""theScore Bet""]",2026-10-07T17:51:03.097302+00:00,ALTLINE_NB_v1_2026-01-18,1.5,-160.0,theScore Bet,exp/fallback,4.271,0.8323075630439997,83.2,0.6153846153846154,35.24997899464994,35.2,0.8323075630439997,83.2,35.24997899464994,35.2,0.6864426010416547,68.6,99.06835430207984,99.1,0.5357983614788411,53.6,200.04708242815096,200.0,0.3996657647490187,40.0,379.5989176988225,379.6,0.5,-105.0,DraftKings,exp/fallback,0.8140000000000001,0.511409775045764,51.1,0.5121951219512195,-0.1533296339222667,-0.2,0.511409775045764,51.1,-0.1533296339222667,-0.2,0.201881840488407,20.2,21.129104293044243,21.1,0.0695212492808891,7.0,39.04249856177818,39.0,0.0220050778244946,2.2,-11.979688702021283,-12.0,0.5,125.0,theScore Bet,exp/fallback,0.6759999999999999,0.4414169241734644,44.1,0.4444444444444444,-0.6811920609705036,-0.7,0.4414169241734644,44.1,-0.6811920609705036,-0.7,0.1592030532775468,15.9,27.36244262203744,27.4,0.0522655102699008,5.2,51.56997978271259,51.6,,,,,0.5,650.0,DraftKings,exp/fallback,0.2352,0.2013117373000228,20.1,0.1333333333333333,50.98380297501712,51.0,0.2013117373000228,20.1,50.98380297501712,51.0,,,,,,,,,,,,,0.5,650.0,DraftKings,exp/fallback,0.1946999999999999,0.1675063607315534,16.8,0.1333333333333333,25.62977054866509,25.6,0.1675063607315534,16.8,25.62977054866509,25.6,,,,,,,,,,,,,True,False,True,True,False,19.5,,Active roster,2026-10-07T17:51:03+00:00,False,[],2025-2026,,2026-09-24-frozen-v2,2026-10-07T17:51:05.183913+00:00
2026-10-07,COL@WPG,2026020054,6:30 PM,2026-10-07T23:30:00Z,Kyle Connor,8478398,WPG,False,"{""season"":""2026-27"",""games"":[{""d"":""2026-10-05"",""g"":0,""a"":0,""s"":6,""pp"":0,""h"":""R"",""toi"":""21:59""},{""d"":""2026-10-04"",""g"":2,""a"":1,""s"":5,""pp"":3,""h"":""R"",""toi"":""20:05""},{""d"":""2026-10-02"",""g"":1,""a"":1,""s"":9,""pp"":1,""h"":""H"",""toi"":""20:56""}]}",2026-27,WPG,L,👑 ELITE,Healthy,Unknown,,,2.0,1.0,🟢 ROLE+,17.0,11.0,2026-10-07T17:50:49+00:00,COL,Mackenzie Blackwood,0.9035369774919614,2.5050255141487554,31.2,Likely,dailyfaceoff_name_and_stats,26.83,6.0,26.83,6.0,29.3,98.0,97.7,A1+A2,21.51,92.0,96.7,1.26,ELITE,True,False,24.83856174316134,2.3401792243526978,8.0,8.0,12.0,2.4,True,6.0,,6.666666666666667,6.233333333333334,100.0,5.0,3.0,20.0,3.0,2.0,2.0,5.0,5.0,2.0,2.0,20.0,20.0,LOW,0.5,0.0,LOW,0.25,,LOW,0.125,,LOW,0.2,,LOW,0.1,,LOW,0.05,,LOW,2.0,,LOW,1.0,,LOW,0.5,,2.489376147250371,0.8599663054137645,,,2.0,2.301187719429297,2.1513408530664075,50.0,13.1,73.2,8.0,17.77,6.79,68.56,8.16,2.03,42.33,HOT,WARM,HOT,8.94,6.13,HOT,Green,Green,Green,Green,84.0,81.0,86.0,81.0,GOAL,86.0,1.0,1.0,1.0,0.0,4.0,1.0,A,Distributor,14.0,,32.8,,2.0,3.0134146341463413,247.1,3.0134146341463413,0.1401177571330012,14.0,14.0,4.29481991096722,1.6632942128692836,3.095912585997572,7.211801710007531,6.430636967565455,32.8,73.4,False,,,,🥅 D:1,🥅 GOAL EARNED,False,True,3.0,"iXG,SOG,REG",False,0.0,,False,0.0,,1.5,-600.0,DraftKings,2.5,-175.0,Hard Rock Bet,3.5,128.0,BetRivers,4.5,280.0,FanDuel,3.5,128.0,BetRivers,0.5,-190.0,theScore Bet,1.5,240.0,DraftKings,2.5,850.0,DraftKings,3.5,2800.0,Fanatics,0.5,-190.0,theScore Bet,0.5,120.0,DraftKings,1.5,650.0,Fanatics,2.5,2500.0,Fanatics,,,,0.5,120.0,DraftKings,0.5,170.0,FanDuel,,,,,,,,,,0.5,170.0,FanDuel,0.5,170.0,FanDuel,,,,,,,,,,0.5,170.0,FanDuel,The Odds API,"[""Bally Bet"", ""BetMGM"", ""BetRivers"", ""Bovada"", ""Courtside"", ""DraftKings"", ""FanDuel"", ""Fanatics"", ""Fliff"", ""Hard Rock Bet"", ""fanduel"", ""theScore Bet""]",The Odds API,"[""Bally Bet"", ""BetMGM"", ""BetRivers"", ""Bovada"", ""Courtside"", ""DraftKings"", ""FanDuel"", ""Fanatics"", ""fanduel""]",0.5,210.0,BetRivers,1.5,650.0,Bovada,,,,,,,0.5,210.0,BetRivers,The Odds API,"[""Bally Bet"", ""BetMGM"", ""BetRivers"", ""Bovada"", ""Fliff"", ""Hard Rock Bet"", ""theScore Bet""]",The Odds API,"[""Bally Bet"", ""BetMGM"", ""BetOnline.ag"", ""BetRivers"", ""Bovada"", ""Courtside"", ""DraftKings"", ""FanDuel"", ""Fanatics"", ""Fliff"", ""Hard Rock Bet"", ""ReBet"", ""fanduel"", ""theScore Bet""]",The Odds API,"[""Bally Bet"", ""BetMGM"", ""BetOnline.ag"", ""BetRivers"", ""Bovada"", ""Courtside"", ""DraftKings"", ""FanDuel"", ""Fanatics"", ""Fliff"", ""Hard Rock Bet"", ""ReBet"", ""draftkings"", ""theScore Bet""]",The Odds API,"[""Bally Bet"", ""BetMGM"", ""BetOnline.ag"", ""BetRivers"", ""Bovada"", ""Courtside"", ""DraftKings"", ""FanDuel"", ""Fanatics"", ""Fliff"", ""Hard Rock Bet"", ""ReBet"", ""betmgm"", ""theScore Bet""]",2026-10-07T17:51:03.097302+00:00,ALTLINE_NB_v1_2026-01-18,3.5,128.0,BetRivers,exp/fallback,6.856,0.7686423560185904,76.9,0.4385964912280701,75.25045717223861,75.3,0.9350075780714998,93.5,9.084217441674976,9.1,0.8614948440025327,86.1,35.377761200398,35.4,0.7686423560185904,76.9,75.25045717223861,75.3,0.6660222242176196,66.6,153.08844520269545,153.1,0.5,-190.0,theScore Bet,exp/fallback,1.777,0.7488732561324772,74.9,0.6551724137931034,14.301707514957052,14.3,0.7488732561324772,74.9,14.301707514957052,14.3,0.4737400992209892,47.4,61.07163373513633,61.1,0.2702718397885733,27.0,156.7582477991446,156.8,0.1439512041505274,14.4,317.4584920365295,317.5,0.5,120.0,DraftKings,exp/fallback,0.8939999999999999,0.5224015179990151,52.2,0.4545454545454545,14.928333959783323,14.9,0.5224015179990151,52.2,14.928333959783323,14.9,0.2273268511649582,22.7,70.49513837371866,70.5,0.0905973666368067,9.1,135.5531532556975,135.6,,,,,0.5,170.0,FanDuel,exp/fallback,0.4516,0.3397532570150563,34.0,0.3703703703703703,-8.266620605934794,-8.3,0.3397532570150563,34.0,-8.266620605934794,-8.3,,,,,,,,,,,,,0.5,170.0,FanDuel,exp/fallback,0.54635,0.3734530761166238,37.3,0.3703703703703703,0.8323305514884249,0.8,0.3734530761166238,37.3,0.8323305514884249,0.8,,,,,,,,,,,,,True,True,False,False,True,29.3,,Active roster,2026-10-07T17:51:03+00:00,False,"[{""market"":""Points"",""name"":""Hammer Fists"",""kind"":""FLOOR"",""rule"":""Conf_Points >= 80"",""icon"":""PTS05_HAMMER_FISTS.svg"",""kit_version"":""2026-09-24-frozen-v2""},{""market"":""Points"",""name"":""Echo Stomp I"",""kind"":""TIER"",""rule"":""Conf_Points >= 80 + L10_S >= 17"",""icon"":""PTS05_HAMMER_STOMP.svg"",""kit_version"":""2026-09-24-frozen-v2""},{""market"":""Points"",""name"":""Echo Stomp II"",""kind"":""TIER"",""rule"":""Conf_Points >= 80 + TOI_per_game >= 19.18"",""icon"":""PTS05_HAMMER_STOMP.svg"",""kit_version"":""2026-09-24-frozen-v2""},{""market"":""Points"",""name"":""Gaia’s Blessing"",""kind"":""TIER"",""rule"":""Conf_Points >= 80 + Assists_mu >= 0.746"",""icon"":""PTS05_GAIAS_BLESSING.svg"",""kit_version"":""2026-09-24-frozen-v2""},{""market"":""Points"",""name"":""Gaia’s Blessing+ (Press)"",""kind"":""HEAVY"",""rule"":""Conf_Points >= 81 + Assists_mu >= 0.746"",""icon"":""PTS05_GAIAS_BLESSING.svg"",""kit_version"":""2026-09-24-frozen-v2""},{""market"":""Points"",""name"":""Gaia’s Blessing++ (Smash)"",""kind"":""HEAVY"",""rule"":""Conf_Points >= 83 + Assists_mu >= 0.746"",""icon"":""PTS05_GAIAS_BLESSING.svg"",""kit_version"":""2026-09-24-frozen-v2""},{""market"":""Points"",""name"":""Hammer Fists II"",""kind"":""HEAVY"",""rule"":""Conf_Points >= 80 + TOI_per_game >= 19.18 + L10_S >= 17"",""icon"":""PTS05_HAMMER_FISTS.svg"",""kit_version"":""2026-09-24-frozen-v2""},{""market"":""Assists"",""name"":""Staff (Green Stance)"",""kind"":""STANCE"",""rule"":""Green + Assists 0.5"",""icon"":""staff.svg"",""kit_version"":""2026-09-24-frozen-v2""},{""market"":""SOG"",""name"":""Sniper Stance"",""kind"":""STANCE"",""rule"":""Green + SOG 3.5 + Conf_SOG >= 75"",""icon"":""sog_class_shooter.svg"",""kit_version"":""2026-09-24-frozen-v2""},{""market"":""Goal"",""name"":""Base Attack"",""kind"":""BASE ATTACK"",""rule"":""Goal_mu >= 0.4048"",""icon"":""base.svg"",""kit_version"":""2026-09-24-frozen-v2""}]",2025-2026,,2026-09-24-frozen-v2,2026-10-07T17:51:05.183913+00:00
2026-10-07,COL@WPG,2026020054,6:30 PM,2026-10-07T23:30:00Z,Mario Ferraro,8479983,SJS,True,,2026-27,WPG,D,,Healthy,Unknown,,,2.0,1.0,🟢 ROLE+,17.0,11.0,2026-10-07T17:50:49+00:00,COL,Mackenzie Blackwood,0.9035369774919614,2.5050255141487554,31.2,Likely,dailyfaceoff_name_and_stats,26.83,6.0,26.83,6.0,,44.7,63.9,A1+A2,21.03,90.0,60.5,1.04,NONE,False,False,24.83856174316134,2.3401792243526978,8.0,8.0,12.0,2.4,True,,,,,50.0,,,,,,,,,,,,,,,,,,,,,,,,,,,,,,,,,,,,,,,,0.8551576696953501,0.3848209513629075,,,0.0,2.301187719429297,2.1513408530664075,50.0,13.1,43.8,8.0,2.6,0.56,,,,,COOL,COOL,COOL,2.03,,COOL,Red,Red,Red,Red,57.0,41.0,41.0,50.0,POINTS,57.0,,,,,,,,Passenger,0.2,,32.8,,,0.0463414634146341,3.8,0.0463414634146341,0.0022037928434727,0.2,0.2,0.4736842105263158,0.4736842105263158,0.0,7.211801710007531,6.430636967565455,32.8,24.3,False,,,,,,False,False,0.0,,False,0.0,,False,0.0,,,,,,,,,,,,,,,,,,,,,,,,,,,,,,,,,,,,,,,,,,,,,,,0.5,1700.0,FanDuel,,,,,,,,,,0.5,1700.0,FanDuel,0.5,1700.0,FanDuel,,,,,,,,,,0.5,1700.0,FanDuel,The Odds API,"[""Bally Bet"", ""BetMGM"", ""BetRivers"", ""Bovada"", ""Courtside"", ""DraftKings"", ""FanDuel"", ""Fanatics"", ""Fliff"", ""Hard Rock Bet"", ""theScore Bet""]",The Odds API,"[""Bally Bet"", ""BetMGM"", ""BetRivers"", ""Bovada"", ""Courtside"", ""DraftKings"", ""FanDuel"", ""Fanatics"", ""fanduel""]",,,,,,,,,,,,,,,,,,,,,,,,2026-10-07T17:51:03.097302+00:00,ALTLINE_NB_v1_2026-01-18,,,,league_avg,2.3,,,,,,,,,,,,,,,,,,,,,,,,,exp/fallback,0.26,,,,,,,,,,,,,,,,,,,,,,,,,exp/fallback,0.2029999999999999,,,,,,,,,,,,,,,,,,,,,,0.5,1700.0,FanDuel,exp/fallback,0.2024,0.1768557645856978,17.7,0.0555555555555555,218.34037625425609,218.3,0.1768557645856978,17.7,218.34037625425609,218.3,,,,,,,,,,,,,0.5,1700.0,FanDuel,exp/fallback,0.1414,0.1265239325354448,12.7,0.0555555555555555,127.74307856380068,127.7,0.1265239325354448,12.7,127.74307856380068,127.7,,,,,,,,,,,,,False,False,True,True,False,,,Active roster,2026-10-07T17:51:03+00:00,False,[],2025-2026,,2026-09-24-frozen-v2,2026-10-07T17:51:05.183913+00:00
2026-10-07,COL@WPG,2026020054,6:30 PM,2026-10-07T23:30:00Z,Mark Scheifele,8476460,WPG,False,"{""season"":""2026-27"",""games"":[{""d"":""2026-10-05"",""g"":0,""a"":0,""s"":3,""pp"":0,""h"":""R"",""toi"":""21:18""},{""d"":""2026-10-04"",""g"":0,""a"":0,""s"":2,""pp"":0,""h"":""R"",""toi"":""18:06""},{""d"":""2026-10-02"",""g"":0,""a"":0,""s"":0,""pp"":0,""h"":""H"",""toi"":""22:29""}]}",2026-27,WPG,C,👑 ELITE,Healthy,Unknown,,,2.0,1.0,🟢 ROLE+,17.0,11.0,2026-10-07T17:50:49+00:00,COL,Mackenzie Blackwood,0.9035369774919614,2.5050255141487554,31.2,Likely,dailyfaceoff_name_and_stats,26.83,6.0,26.83,6.0,9.8,94.9,99.1,A1+A2,21.5,91.5,95.7,1.25,ELITE,True,False,24.83856174316134,2.3401792243526978,8.0,8.0,12.0,2.4,True,2.0,,1.6666666666666667,1.8833333333333333,57.5,0.0,0.0,5.0,0.0,0.0,0.0,0.0,0.0,0.0,0.0,5.0,5.0,LOW,0.0,-0.5,LOW,0.0,,LOW,0.0,,LOW,0.0,,LOW,0.0,,LOW,0.0,,LOW,0.5,,LOW,0.25,,LOW,0.125,,2.8377739240107203,1.1787676299736838,,,0.0,2.301187719429297,2.1513408530664075,50.0,13.1,74.8,8.0,19.58,4.69,20.71,14.5,4.26,13.83,HOT,HOT,HOT,11.28,10.25,HOT,Green,Green,Green,Green,94.0,70.0,80.0,89.0,POINTS,94.0,3.0,3.0,3.0,0.0,0.0,3.0,A,Distributor,14.3,,32.8,,2.0,3.069918699186992,251.7333333333333,3.069918699186992,0.1427599243856332,14.3,14.3,3.534096927966102,1.1536016949152543,2.8005826271186445,7.211801710007531,6.430636967565455,32.8,72.9,False,,,,🅿️ PTS D:3 | 🅿️ D:3,,False,False,2.0,,False,0.0,,False,0.0,,1.5,-160.0,FanDuel,2.5,192.0,FanDuel,3.5,470.0,FanDuel,4.5,1200.0,Fanatics,1.5,-160.0,FanDuel,0.5,-185.0,DraftKings,1.5,250.0,DraftKings,2.5,900.0,DraftKings,3.5,2500.0,Fanatics,0.5,-185.0,DraftKings,0.5,100.0,DraftKings,1.5,500.0,DraftKings,2.5,2200.0,Fanatics,,,,0.5,100.0,DraftKings,0.5,230.0,theScore Bet,,,,,,,,,,0.5,230.0,theScore Bet,0.5,230.0,BetRivers,,,,,,,,,,0.5,230.0,BetRivers,The Odds API,"[""Bally Bet"", ""BetMGM"", ""BetRivers"", ""Bovada"", ""Courtside"", ""DraftKings"", ""FanDuel"", ""Fanatics"", ""Fliff"", ""Hard Rock Bet"", ""fanduel"", ""theScore Bet""]",The Odds API,"[""Bally Bet"", ""BetMGM"", ""BetRivers"", ""Bovada"", ""Courtside"", ""DraftKings"", ""FanDuel"", ""Fanatics"", ""betrivers""]",0.5,215.0,BetRivers,1.5,750.0,Bovada,,,,,,,0.5,215.0,BetRivers,The Odds API,"[""Bally Bet"", ""BetMGM"", ""BetRivers"", ""Bovada"", ""Fliff"", ""Hard Rock Bet"", ""theScore Bet""]",The Odds API,"[""Bally Bet"", ""BetMGM"", ""BetOnline.ag"", ""BetRivers"", ""Bovada"", ""Courtside"", ""DraftKings"", ""FanDuel"", ""Fanatics"", ""Fliff"", ""Hard Rock Bet"", ""ReBet"", ""theScore Bet""]",The Odds API,"[""Bally Bet"", ""BetMGM"", ""BetOnline.ag"", ""BetRivers"", ""Bovada"", ""Courtside"", ""DraftKings"", ""FanDuel"", ""Fanatics"", ""Fliff"", ""Hard Rock Bet"", ""ReBet"", ""draftkings"", ""theScore Bet""]",The Odds API,"[""Bally Bet"", ""BetMGM"", ""BetOnline.ag"", ""BetRivers"", ""Bovada"", ""Courtside"", ""DraftKings"", ""FanDuel"", ""Fanatics"", ""Fliff"", ""Hard Rock Bet"", ""ReBet"", ""draftkings"", ""theScore Bet""]",2026-10-07T17:51:03.097302+00:00,ALTLINE_NB_v1_2026-01-18,1.5,-160.0,FanDuel,exp/fallback,2.071,0.554403267269739,55.4,0.6153846153846154,-9.909469068667416,-9.9,0.554403267269739,55.4,-9.909469068667416,-9.9,0.3351031995128235,33.5,-2.14986574225553,-2.1,0.1854835519013684,18.5,5.72562458378002,5.7,0.0961639986390037,9.6,25.013198230704823,25.0,0.5,-185.0,DraftKings,exp/fallback,1.958,0.7749128005106205,77.5,0.6491228070175439,19.378458457041543,19.4,0.7749128005106205,77.5,19.378458457041543,19.4,0.5134040266423449,51.3,79.6914093248207,79.7,0.3083229900417358,30.8,208.32299004173575,208.3,0.1733059330531111,17.3,350.595425938089,350.6,0.5,100.0,DraftKings,exp/fallback,1.128,0.591185300985734,59.1,0.5,18.237060197146796,18.2,0.591185300985734,59.1,18.237060197146796,18.2,0.2963368479882327,29.6,77.8021087929396,77.8,0.136847211648152,13.7,214.74858679074973,214.7,,,,,0.5,230.0,theScore Bet,exp/fallback,0.3676,0.2903346639920691,29.0,0.303030303030303,-4.189560882617204,-4.2,0.2903346639920691,29.0,-4.189560882617204,-4.2,,,,,,,,,,,,,0.5,230.0,BetRivers,exp/fallback,0.40985,0.304659871434263,30.5,0.303030303030303,0.5377575733067852,0.5,0.304659871434263,30.5,0.5377575733067852,0.5,,,,,,,,,,,,,False,True,False,False,True,9.8,,Active roster,2026-10-07T17:51:03+00:00,False,"[{""market"":""Points"",""name"":""Hammer Fists"",""kind"":""FLOOR"",""rule"":""Conf_Points >= 80"",""icon"":""PTS05_HAMMER_FISTS.svg"",""kit_version"":""2026-09-24-frozen-v2""},{""market"":""Points"",""name"":""Echo Stomp II"",""kind"":""TIER"",""rule"":""Conf_Points >= 80 + TOI_per_game >= 19.18"",""icon"":""PTS05_HAMMER_STOMP.svg"",""kit_version"":""2026-09-24-frozen-v2""},{""market"":""Points"",""name"":""Gaia’s Blessing"",""kind"":""TIER"",""rule"":""Conf_Points >= 80 + Assists_mu >= 0.746"",""icon"":""PTS05_GAIAS_BLESSING.svg"",""kit_version"":""2026-09-24-frozen-v2""},{""market"":""Points"",""name"":""Gaia’s Blessing+ (Press)"",""kind"":""HEAVY"",""rule"":""Conf_Points >= 81 + Assists_mu >= 0.746"",""icon"":""PTS05_GAIAS_BLESSING.svg"",""kit_version"":""2026-09-24-frozen-v2""},{""market"":""Points"",""name"":""Gaia’s Blessing++ (Smash)"",""kind"":""HEAVY"",""rule"":""Conf_Points >= 83 + Assists_mu >= 0.746"",""icon"":""PTS05_GAIAS_BLESSING.svg"",""kit_version"":""2026-09-24-frozen-v2""},{""market"":""Assists"",""name"":""Staff (Green Stance)"",""kind"":""STANCE"",""rule"":""Green + Assists 0.5"",""icon"":""staff.svg"",""kit_version"":""2026-09-24-frozen-v2""},{""market"":""Assists"",""name"":""Staff Awakened"",""kind"":""STANCE"",""rule"":""Green + Assists 0.5 + Conf_Assists ≥ 83"",""icon"":""staff.svg"",""kit_version"":""2026-09-24-frozen-v2""}]",2025-2026,,2026-09-24-frozen-v2,2026-10-07T17:51:05.183913+00:00
2026-10-07,COL@WPG,2026020054,6:30 PM,2026-10-07T23:30:00Z,Morgan Barron,8480289,WPG,False,,2026-27,WPG,C,,Healthy,Unknown,,,2.0,0.0,,17.0,11.0,2026-10-07T17:50:49+00:00,COL,Mackenzie Blackwood,0.9035369774919614,2.5050255141487554,31.2,Likely,dailyfaceoff_name_and_stats,26.83,6.0,26.83,6.0,,69.9,54.3,A1+A2,12.8,37.0,57.9,1.03,NONE,False,False,24.83856174316134,2.3401792243526978,8.0,8.0,12.0,2.4,True,,,,,50.0,,,,,,,,,,,,,,,,,,,,,,,,,,,,,,,,,,,,,,,,1.7511856986501275,0.4377964246625319,,,0.0,2.301187719429297,2.1513408530664075,50.0,13.1,64.5,8.0,3.73,1.82,,,,,COOL,COOL,COOL,1.9,,COOL,Red,Red,Red,Red,46.0,49.0,51.0,45.0,GOAL,51.0,,,,,,,C,Passenger,0.2,,32.8,,0.0,0.0302564102564102,1.9666666666666663,0.0302564102564102,0.002363782051282,0.2,0.2,0.0,0.0,0.0,7.211801710007531,6.430636967565455,32.8,24.3,False,,,,,,False,False,0.0,,False,0.0,,False,0.0,,,,,,,,,,,,,,,,,,,,,,,,,,,,,,,,,,,,,,,,,,,,,,,0.5,800.0,FanDuel,,,,,,,,,,0.5,800.0,FanDuel,0.5,800.0,FanDuel,,,,,,,,,,0.5,800.0,FanDuel,The Odds API,"[""Bally Bet"", ""BetMGM"", ""BetRivers"", ""Bovada"", ""Courtside"", ""DraftKings"", ""FanDuel"", ""Fanatics"", ""Fliff"", ""Hard Rock Bet"", ""theScore Bet""]",The Odds API,"[""Bally Bet"", ""BetMGM"", ""BetRivers"", ""Bovada"", ""Courtside"", ""DraftKings"", ""FanDuel"", ""Fanatics"", ""fanduel""]",,,,,,,,,,,,,,,,,,,,,,,,2026-10-07T17:51:03.097302+00:00,ALTLINE_NB_v1_2026-01-18,,,,league_avg,2.3,,,,,,,,,,,,,,,,,,,,,,,,,exp/fallback,0.373,,,,,,,,,,,,,,,,,,,,,,,,,exp/fallback,0.19,,,,,,,,,,,,,,,,,,,,,,0.5,800.0,FanDuel,exp/fallback,0.2528,0.2140166021210695,21.4,0.1111111111111111,92.6149419089626,92.6,0.2140166021210695,21.4,92.6149419089626,92.6,,,,,,,,,,,,,0.5,800.0,FanDuel,exp/fallback,0.2233,0.1882067916997827,18.8,0.1111111111111111,69.38611252980445,69.4,0.1882067916997827,18.8,69.38611252980445,69.4,,,,,,,,,,,,,False,False,True,True,False,,,Active roster,2026-10-07T17:51:03+00:00,False,[],2025-2026,,2026-09-24-frozen-v2,2026-10-07T17:51:05.183913+00:00
2026-10-07,COL@WPG,2026020054,6:30 PM,2026-10-07T23:30:00Z,Neal Pionk,8480145,WPG,False,,2026-27,WPG,D,,Healthy,Unknown,,,2.0,1.0,🟢 ROLE+,17.0,11.0,2026-10-07T17:50:49+00:00,COL,Mackenzie Blackwood,0.9035369774919614,2.5050255141487554,31.2,Likely,dailyfaceoff_name_and_stats,26.83,6.0,26.83,6.0,,41.6,46.6,A1+A2,22.71,95.0,54.0,1.02,NONE,False,False,24.83856174316134,2.3401792243526978,8.0,8.0,12.0,2.4,True,,,,,50.0,,,,,,,,,,,,,,,,,,,,,,,,,,,,,,,,,,,,,,,,0.6599934000659994,0.1979980200197998,,,0.0,2.301187719429297,2.1513408530664075,50.0,13.1,39.5,8.0,2.59,0.79,,,,,COOL,COOL,COOL,1.79,,COOL,Red,Red,Red,Red,48.0,40.0,40.0,42.0,POINTS,48.0,,,,,,,C,Passenger,6.8,,32.8,,0.0,1.545751633986928,78.83333333333333,1.545751633986928,0.0680653888217348,6.8,6.8,1.3699788583509511,0.7230443974630021,0.7610993657505285,7.211801710007531,6.430636967565455,32.8,52.6,False,,,,,,False,False,0.0,,False,0.0,,False,0.0,,1.5,-139.0,BetRivers,2.5,225.0,theScore Bet,,,,,,,1.5,-139.0,BetRivers,0.5,215.0,BetRivers,1.5,1000.0,theScore Bet,,,,,,,0.5,215.0,BetRivers,0.5,230.0,Hard Rock Bet,,,,,,,,,,0.5,230.0,Hard Rock Bet,0.5,800.0,FanDuel,,,,,,,,,,0.5,800.0,FanDuel,0.5,800.0,FanDuel,,,,,,,,,,0.5,800.0,FanDuel,The Odds API,"[""Bally Bet"", ""BetMGM"", ""BetRivers"", ""Bovada"", ""Courtside"", ""DraftKings"", ""FanDuel"", ""Fanatics"", ""Fliff"", ""Hard Rock Bet"", ""theScore Bet""]",The Odds API,"[""Bally Bet"", ""BetMGM"", ""BetRivers"", ""Bovada"", ""Courtside"", ""DraftKings"", ""FanDuel"", ""Fanatics"", ""fanduel""]",0.5,650.0,Hard Rock Bet,,,,,,,,,,0.5,650.0,Hard Rock Bet,The Odds API,"[""Bovada"", ""Hard Rock Bet"", ""theScore Bet""]",The Odds API,"[""Bally Bet"", ""BetRivers"", ""Fliff"", ""Hard Rock Bet"", ""theScore Bet""]",The Odds API,"[""Hard Rock Bet"", ""theScore Bet""]",The Odds API,"[""Bally Bet"", ""BetRivers"", ""Hard Rock Bet"", ""theScore Bet""]",2026-10-07T17:51:03.097302+00:00,ALTLINE_NB_v1_2026-01-18,1.5,-139.0,BetRivers,league_avg,2.3,0.6001759479749428,60.0,0.5815899581589958,3.195720551087283,3.2,0.6001759479749428,60.0,3.195720551087283,3.2,0.3835789960842564,38.4,24.663173727383324,24.7,,,,,,,,,0.5,215.0,BetRivers,exp/fallback,0.259,0.2195817477923074,22.0,0.3174603174603174,-30.831749445423164,-30.8,0.2195817477923074,22.0,-30.831749445423164,-30.8,0.0342534322723951,3.4,-62.32122450036529,-62.3,,,,,,,,,0.5,230.0,Hard Rock Bet,exp/fallback,0.179,0.1575472916093184,15.8,0.303030303030303,-48.00939376892492,-48.0,0.1575472916093184,15.8,-48.00939376892492,-48.0,,,,,,,,,,,,,0.5,800.0,FanDuel,exp/fallback,0.2116,0.1838199809361185,18.4,0.1111111111111111,65.43798284250666,65.4,0.1838199809361185,18.4,65.43798284250666,65.4,,,,,,,,,,,,,0.5,800.0,FanDuel,exp/fallback,0.15635,0.1383495382806694,13.8,0.1111111111111111,24.514584452602485,24.5,0.1383495382806694,13.8,24.514584452602485,24.5,,,,,,,,,,,,,False,False,True,True,False,,,Active roster,2026-10-07T17:51:03+00:00,False,[],2025-2026,,2026-09-24-frozen-v2,2026-10-07T17:51:05.183913+00:00
2026-10-07,COL@WPG,2026020054,6:30 PM,2026-10-07T23:30:00Z,Nino Niederreiter,8475799,WPG,False,"{""season"":""2026-27"",""games"":[{""d"":""2026-10-04"",""g"":0,""a"":0,""s"":0,""pp"":0,""h"":""R"",""toi"":""11:15""},{""d"":""2026-10-02"",""g"":0,""a"":0,""s"":0,""pp"":0,""h"":""H"",""toi"":""12:17""}]}",2026-27,WPG,R,,Healthy,Unknown,,,2.0,0.0,,17.0,11.0,2026-10-07T17:50:49+00:00,COL,Mackenzie Blackwood,0.9035369774919614,2.5050255141487554,31.2,Likely,dailyfaceoff_name_and_stats,26.83,6.0,26.83,6.0,,74.8,51.9,A1+A2,13.77,41.0,60.0,1.04,NONE,False,False,24.83856174316134,2.3401792243526978,8.0,8.0,12.0,2.4,True,,,0.0,,50.0,0.0,0.0,0.0,0.0,0.0,0.0,0.0,0.0,0.0,0.0,0.0,0.0,LOW,0.0,,LOW,0.0,,LOW,0.0,,LOW,0.0,,LOW,0.0,,LOW,0.0,,LOW,0.0,,LOW,0.0,,LOW,0.0,,0.9848847548047328,0.4103686478353053,,,0.0,2.301187719429297,2.1513408530664075,50.0,13.1,47.0,8.0,4.28,2.41,,4.28,2.41,,HOT,WARM,COOL,1.88,1.88,WARM,Red,Yellow,Red,Red,49.0,52.0,58.0,44.0,GOAL,58.0,2.0,2.0,2.0,2.0,0.0,2.0,B,Hybrid,11.0,,32.8,,1.0,1.51120218579235,92.18333333333334,1.51120218579235,0.1097529516817144,11.0,11.0,3.1502440788284214,1.4905080455613813,1.9526306273729883,7.211801710007531,6.430636967565455,32.8,64.3,False,,,,🥅 D:2,,False,False,1.0,,False,0.0,,False,0.0,,,,,,,,,,,,,,,,,,,,,,,,,,,,,,,,,,,,,,,,,,,,,,,0.5,490.0,Fliff,,,,,,,,,,0.5,490.0,Fliff,0.5,475.0,Fanatics,,,,,,,,,,0.5,475.0,Fanatics,The Odds API,"[""BetMGM"", ""Bovada"", ""Fanatics"", ""Fliff""]",The Odds API,"[""BetMGM"", ""Bovada"", ""Fanatics"", ""fanatics""]",,,,,,,,,,,,,,,,,,,,,,,,2026-10-07T17:51:03.097302+00:00,ALTLINE_NB_v1_2026-01-18,,,,league_avg,2.3,,,,,,,,,,,,,,,,,,,,,,,,,exp/fallback,0.428,,,,,,,,,,,,,,,,,,,,,,,,,exp/fallback,0.188,,,,,,,,,,,,,,,,,,,,,,0.5,490.0,Fliff,exp/fallback,0.2764,0.23061284337844,23.1,0.1694915254237288,36.061577593279615,36.1,0.23061284337844,23.1,36.061577593279615,36.1,,,,,,,,,,,,,0.5,475.0,Fanatics,exp/fallback,0.26165,0.2146608042288683,21.5,0.1739130434782608,23.429962431599304,23.4,0.2146608042288683,21.5,23.429962431599304,23.4,,,,,,,,,,,,,False,False,True,True,False,,,Active roster,2026-10-07T17:51:03+00:00,False,[],2025-2026,,2026-09-24-frozen-v2,2026-10-07T17:51:05.183913+00:00
2026-10-07,COL@WPG,2026020054,6:30 PM,2026-10-07T23:30:00Z,Tyrel Bauer,8482459,,,,,WPG,D,,Unknown,,,,,,,,,,,,,,,,,,,,,,,,,,,,,,,,,,,,,,,,,,,,,,,,,,,,,,,,,,,,,,,,,,,,,,,,,,,,,,,,,,,,,,,,,,,,,,,,,,,,,,,,,,,,,,,,,,,,,,,,,,,,,,,,,,,,,,,,,,,,,,,,,,,,,,,,,,,,,,,,,,,,,,,,,,,,,,,,,,,,,,,,,,,,,,,,,,,,,,,,,,,,,,,,,,,,,,,,,,,,,,,,,,,,,,,,,,,,,,,,,,,,,,,,,,,,,,,,,,,,,,,,,,,,,,,,,,,,,,,,,,,,,,,,,,,,,,,,,,,,,,,,,,,,,,,,,,,,,,,,,,,,,,,,,,,,,,,,,,,,0.5,2500.0,fanduel,,,,,,,,,,,,,,,,,,,,,,,,,,,,,,,,,,,,,,,,,,,,,,,,,,,,,,,,,Active roster,2026-10-07T17:51:03+00:00,True,[],Unavailable,True,2026-09-24-frozen-v2,2026-10-07T17:51:05.183913+00:00
2026-10-07,COL@WPG,2026020054,6:30 PM,2026-10-07T23:30:00Z,Viggo Björck,8486025,,,,,WPG,C,,Unknown,,,,,,,,,,,,,,,,,,,,,,,,,,,,,,,,,,,,,,,,,,,,,,,,,,,,,,,,,,,,,,,,,,,,,,,,,,,,,,,,,,,,,,,,,,,,,,,,,,,,,,,,,,,,,,,,,,,,,,,,,,,,,,,,,,,,,,,,,,,,,,,,,,,,,,,,,,,,,,,,,,,,,,,,,,,,,,,,,,,,,,,,,,,,,,,,,,,,,,,,,,,,,,,,,,,,,,,,,,,,,,,,,,,,,,,,,,,,,,,,,,,,,,,,,,,,,,,,,,,,,,,,,,,,,,,,,,,,,,,,,,,,,,,,0.5,162.0,fanduel,,,,,,,,,,,,,,,,,,,,,,,,0.5,285.0,fanduel,,,,,,,,,,,,,,,,,,,,,,,,0.5,440.0,fanduel,,,,,,,,,,,,,,,,,,,,,,,,,,,,,,,,,,,,,,,,,,,,,,,,,,,,,,,,,Active roster,2026-10-07T17:51:03+00:00,True,[],Unavailable,True,2026-09-24-frozen-v2,2026-10-07T17:51:05.183913+00:00
2026-10-07,COL@WPG,2026020054,6:30 PM,2026-10-07T23:30:00Z,Vladislav Namestnikov,8476480,WPG,False,,2026-27,WPG,C,,Healthy,Unknown,,,2.0,0.0,,17.0,11.0,2026-10-07T17:50:49+00:00,COL,Mackenzie Blackwood,0.9035369774919614,2.5050255141487554,31.2,Likely,dailyfaceoff_name_and_stats,26.83,6.0,26.83,6.0,,65.1,37.3,A1+A2,13.78,41.5,50.6,1.0,NONE,False,False,24.83856174316134,2.3401792243526978,8.0,8.0,12.0,2.4,True,,,,,50.0,,,,,,,,,,,,,,,,,,,,,,,,,,,,,,,,,,,,,,,,0.884281889415637,0.3537127557662548,,,0.0,2.301187719429297,2.1513408530664075,50.0,13.1,44.8,8.0,2.6,1.6,,,,,COOL,COOL,COOL,1.0,,COOL,Red,Red,Red,Red,36.0,47.0,52.0,34.0,GOAL,52.0,,,,,,,B,Shooter,10.4,,32.8,,1.0,1.4361111111111111,86.16666666666667,1.4361111111111111,0.1042422776030325,10.4,10.4,0.8286266924564797,0.8286266924564797,0.0,7.211801710007531,6.430636967565455,32.8,46.8,False,,,,,,False,False,0.0,,False,0.0,,False,0.0,,,,,,,,,,,,,,,,,,,,,,,,,,,,,,,,,,,,,,,,,,,,,,,0.5,600.0,FanDuel,,,,,,,,,,0.5,600.0,FanDuel,0.5,600.0,FanDuel,,,,,,,,,,0.5,600.0,FanDuel,The Odds API,"[""Bally Bet"", ""BetMGM"", ""BetRivers"", ""Bovada"", ""Courtside"", ""DraftKings"", ""FanDuel"", ""Fanatics"", ""Fliff"", ""Hard Rock Bet"", ""theScore Bet""]",The Odds API,"[""Bally Bet"", ""BetMGM"", ""BetRivers"", ""Bovada"", ""Courtside"", ""DraftKings"", ""FanDuel"", ""Fanatics"", ""betrivers""]",0.5,850.0,Hard Rock Bet,,,,,,,,,,0.5,850.0,Hard Rock Bet,The Odds API,"[""Bovada"", ""Hard Rock Bet"", ""theScore Bet""]",,,,,,,2026-10-07T17:51:03.097302+00:00,ALTLINE_NB_v1_2026-01-18,,,,league_avg,2.3,,,,,,,,,,,,,,,,,,,,,,,,,exp/fallback,0.26,,,,,,,,,,,,,,,,,,,,,,,,,exp/fallback,0.1,,,,,,,,,,,,,,,,,,,,,,0.5,600.0,FanDuel,exp/fallback,0.244,0.2076998209106814,20.8,0.1428571428571428,45.38987463747698,45.4,0.2076998209106814,20.8,45.38987463747698,45.4,,,,,,,,,,,,,0.5,600.0,FanDuel,exp/fallback,0.209,0.177964077530834,17.8,0.1428571428571428,24.57485427158379,24.6,0.177964077530834,17.8,24.57485427158379,24.6,,,,,,,,,,,,,False,False,True,True,False,,,Active roster,2026-10-07T17:51:03+00:00,False,[],2025-2026,,2026-09-24-frozen-v2,2026-10-07T17:51:05.183913+00:00
2026-10-07,EDM@ANA,2026020055,9:00 PM,2026-10-08T02:00:00Z,A.J. Greer,8478421,FLA,True,"{""season"":""2026-27"",""games"":[{""d"":""2026-10-04"",""g"":0,""a"":0,""s"":2,""pp"":0,""h"":""H"",""toi"":""15:02""},{""d"":""2026-10-02"",""g"":0,""a"":1,""s"":4,""pp"":0,""h"":""R"",""toi"":""13:24""}]}",2026-27,ANA,L,,Healthy,Unknown,,,3.0,0.0,,17.0,11.0,2026-10-07T17:50:49+00:00,EDM,Devon Levi,,,50.0,Confirmed,dailyfaceoff_name_only,22.0,7.0,22.0,7.0,,78.8,60.9,A1+A2,12.43,32.5,63.3,1.05,NONE,False,False,28.835637200147826,2.7964140233445587,75.5,75.5,10.0,2.0,True,,,3.0,,50.0,1.0,0.0,6.0,0.0,1.0,1.0,1.0,1.0,1.0,1.0,6.0,6.0,LOW,0.1,-0.4,LOW,0.05,,LOW,0.025,,LOW,0.1,,LOW,0.05,,LOW,0.025,,LOW,0.6,,LOW,0.3,,LOW,0.15,,1.8519539216226644,0.6614121148652373,,,1.0,2.466443398236635,2.4605092289198285,50.0,38.4,67.0,37.1,4.17,2.15,,3.17,2.15,,HOT,WARM,COOL,2.02,1.02,COOL,Red,Yellow,Red,Red,56.0,57.0,61.0,54.0,GOAL,61.0,1.0,1.0,2.0,1.0,0.0,2.0,,Passenger,1.0,,77.7,,,0.126068376068376,9.833333333333334,0.126068376068376,0.0101432083483762,1.0,1.0,0.2440677966101695,0.2440677966101695,0.0,7.467388668875778,8.893028671226896,77.7,42.9,False,,,,🥅 D:2,,False,False,1.0,,False,0.0,,False,0.0,,1.5,110.0,BetRivers,,,,,,,,,,1.5,110.0,BetRivers,0.5,165.0,theScore Bet,1.5,600.0,BetRivers,2.5,1600.0,BetOnline.ag,3.5,3400.0,BetOnline.ag,0.5,165.0,theScore Bet,0.5,260.0,Hard Rock Bet,1.5,1600.0,DraftKings,,,,,,,0.5,260.0,Hard Rock Bet,0.5,500.0,Fanatics,,,,,,,,,,0.5,500.0,Fanatics,0.5,500.0,Fanatics,,,,,,,,,,0.5,500.0,Fanatics,The Odds API,"[""Bally Bet"", ""BetMGM"", ""BetRivers"", ""Bovada"", ""Courtside"", ""DraftKings"", ""FanDuel"", ""Fanatics"", ""Fliff"", ""Hard Rock Bet"", ""theScore Bet""]",The Odds API,"[""Bally Bet"", ""BetMGM"", ""BetRivers"", ""Bovada"", ""Courtside"", ""DraftKings"", ""FanDuel"", ""Fanatics"", ""fanatics""]",,,,,,,,,,,,,,,,,,The Odds API,"[""Bally Bet"", ""BetRivers""]",The Odds API,"[""Bally Bet"", ""BetOnline.ag"", ""BetRivers"", ""Courtside"", ""DraftKings"", ""Hard Rock Bet"", ""ReBet"", ""theScore Bet""]",The Odds API,"[""Bally Bet"", ""BetOnline.ag"", ""BetRivers"", ""Courtside"", ""DraftKings"", ""Fliff"", ""Hard Rock Bet"", ""ReBet"", ""draftkings"", ""theScore Bet""]",2026-10-07T17:51:03.097302+00:00,ALTLINE_NB_v1_2026-01-18,1.5,110.0,BetRivers,exp/fallback,0.6000000000000001,0.1299407132279931,13.0,0.4761904761904761,-72.71245022212143,-72.7,0.1299407132279931,13.0,-72.71245022212143,-72.7,,,,,,,,,,,,,0.5,165.0,theScore Bet,exp/fallback,0.417,0.3224283421525414,32.2,0.3773584905660377,-14.556489329576516,-14.6,0.3224283421525414,32.2,-14.556489329576516,-14.6,0.0758666410989264,7.6,-46.893351230751456,-46.9,0.015304701394693,1.5,-73.98200762902175,-74.0,0.0028165593709482,0.3,-90.14204220168106,-90.1,0.5,260.0,Hard Rock Bet,exp/fallback,0.202,0.1750543020505676,17.5,0.2777777777777778,-36.98045126179566,-37.0,0.1750543020505676,17.5,-36.98045126179566,-37.0,0.0237018670044409,2.4,-59.70682609245032,-59.7,,,,,,,,,0.5,500.0,Fanatics,exp/fallback,0.1995,0.1746432789961635,17.5,0.1666666666666666,4.785967397698099,4.8,0.1746432789961635,17.5,4.785967397698099,4.8,,,,,,,,,,,,,0.5,500.0,Fanatics,exp/fallback,0.1835625,0.159208409006571,15.9,0.1666666666666666,-4.474954596057357,-4.5,0.159208409006571,15.9,-4.474954596057357,-4.5,,,,,,,,,,,,,False,False,False,False,False,,,Active roster,2026-10-07T17:51:03+00:00,False,[],2025-2026,,2026-09-24-frozen-v2,2026-10-07T17:51:05.183913+00:00
2026-10-07,EDM@ANA,2026020055,9:00 PM,2026-10-08T02:00:00Z,Alex Killorn,8473986,ANA,False,"{""season"":""2026-27"",""games"":[{""d"":""2026-10-04"",""g"":0,""a"":0,""s"":0,""pp"":0,""h"":""H"",""toi"":""16:32""},{""d"":""2026-10-02"",""g"":1,""a"":0,""s"":2,""pp"":0,""h"":""R"",""toi"":""15:14""}]}",2026-27,ANA,L,,Healthy,Unknown,,,3.0,0.0,,17.0,11.0,2026-10-07T17:50:49+00:00,EDM,Devon Levi,,,50.0,Confirmed,dailyfaceoff_name_only,22.0,7.0,22.0,7.0,,79.8,68.0,A1+A2,16.7,64.5,72.6,1.09,NONE,False,False,28.835637200147826,2.7964140233445587,75.5,75.5,10.0,2.0,True,,,1.0,,50.0,1.0,1.0,2.0,1.0,0.0,0.0,1.0,1.0,0.0,0.0,2.0,2.0,LOW,0.1,-0.4,LOW,0.05,,LOW,0.025,,LOW,0.0,,LOW,0.0,,LOW,0.0,,LOW,0.2,,LOW,0.1,,LOW,0.05,,1.3345798007801166,0.3481512523774217,,,0.0,2.466443398236635,2.4605092289198285,50.0,38.4,55.0,37.1,4.54,2.14,,3.54,1.14,,HOT,COOL,COOL,2.39,2.39,WARM,Red,Yellow,Red,Red,63.0,60.0,64.0,60.0,GOAL,64.0,1.0,2.0,1.0,2.0,0.0,2.0,B,Hybrid,8.6,,77.7,,1.0,1.4353658536585363,117.7,1.4353658536585363,0.0859249525478172,8.6,8.6,1.645284621920136,0.887000849617672,0.8920985556499575,7.467388668875778,8.893028671226896,77.7,66.6,False,,,,🥅 D:1,,False,False,0.0,,False,0.0,,False,0.0,,1.5,-105.0,theScore Bet,2.5,265.0,Fanatics,3.5,750.0,Fanatics,4.5,2200.0,Fanatics,1.5,-105.0,theScore Bet,0.5,138.0,BetRivers,1.5,700.0,Fanatics,2.5,3000.0,Fanatics,3.5,3600.0,BetOnline.ag,0.5,138.0,BetRivers,0.5,250.0,Hard Rock Bet,1.5,1700.0,BetOnline.ag,,,,,,,0.5,250.0,Hard Rock Bet,0.5,340.0,Fanatics,,,,,,,,,,0.5,340.0,Fanatics,0.5,340.0,Fanatics,,,,,,,,,,0.5,340.0,Fanatics,The Odds API,"[""Bally Bet"", ""BetMGM"", ""BetRivers"", ""Bovada"", ""Courtside"", ""DraftKings"", ""FanDuel"", ""Fanatics"", ""Fliff"", ""Hard Rock Bet"", ""theScore Bet""]",The Odds API,"[""Bally Bet"", ""BetMGM"", ""BetRivers"", ""Bovada"", ""Courtside"", ""DraftKings"", ""FanDuel"", ""Fanatics"", ""betrivers""]",0.5,800.0,Hard Rock Bet,,,,,,,,,,0.5,800.0,Hard Rock Bet,The Odds API,"[""Hard Rock Bet"", ""theScore Bet""]",The Odds API,"[""Bally Bet"", ""BetMGM"", ""BetOnline.ag"", ""BetRivers"", ""Bovada"", ""Courtside"", ""DraftKings"", ""Fanatics"", ""Fliff"", ""Hard Rock Bet"", ""ReBet"", ""theScore Bet""]",The Odds API,"[""Bally Bet"", ""BetMGM"", ""BetOnline.ag"", ""BetRivers"", ""Bovada"", ""Courtside"", ""DraftKings"", ""Fanatics"", ""Fliff"", ""Hard Rock Bet"", ""ReBet"", ""betmgm"", ""theScore Bet""]",The Odds API,"[""Bally Bet"", ""BetMGM"", ""BetOnline.ag"", ""BetRivers"", ""Bovada"", ""Courtside"", ""DraftKings"", ""Fanatics"", ""Fliff"", ""Hard Rock Bet"", ""ReBet"", ""betmgm"", ""theScore Bet""]",2026-10-07T17:51:03.097302+00:00,ALTLINE_NB_v1_2026-01-18,1.5,-105.0,theScore Bet,exp/fallback,0.2,0.0205922919144261,2.1,0.5121951219512195,-95.9796001500406,-96.0,0.0205922919144261,2.1,-95.9796001500406,-96.0,0.0019369069985104,0.2,-99.29302894554368,-99.3,0.0001602036731851,0.0,-99.86382687779265,-99.9,1.2145062741386605e-05,0.0,-99.9720663556948,-100.0,0.5,138.0,BetRivers,exp/fallback,0.454,0.3438373065322352,34.4,0.4201680672268907,-18.16672104532802,-18.2,0.3438373065322352,34.4,-18.16672104532802,-18.2,0.0867850476364155,8.7,-30.571961890867527,-30.6,0.0188122590104564,1.9,-41.68199706758495,-41.7,0.0037228356315295,0.4,-86.22550816334073,-86.2,0.5,250.0,Hard Rock Bet,exp/fallback,0.239,0.2020938652787357,20.2,0.2857142857142857,-29.267147152442487,-29.3,0.2020938652787357,20.2,-29.267147152442487,-29.3,0.0317503492462369,3.2,-42.84937135677343,-42.8,,,,,,,,,0.5,340.0,Fanatics,exp/fallback,0.1992,0.1744139261724405,17.4,0.2272727272727272,-23.257872484126157,-23.3,0.1744139261724405,17.4,-23.257872484126157,-23.3,,,,,,,,,,,,,0.5,340.0,Fanatics,exp/fallback,0.183075,0.1588420840674574,15.9,0.2272727272727272,-30.10948301031872,-30.1,0.1588420840674574,15.9,-30.10948301031872,-30.1,,,,,,,,,,,,,False,False,False,False,False,,,Active roster,2026-10-07T17:51:03+00:00,False,[],2025-2026,,2026-09-24-frozen-v2,2026-10-07T17:51:05.183913+00:00
2026-10-07,EDM@ANA,2026020055,9:00 PM,2026-10-08T02:00:00Z,Beckett Sennecke,8484762,ANA,False,"{""season"":""2026-27"",""games"":[{""d"":""2026-10-04"",""g"":0,""a"":1,""s"":3,""pp"":1,""h"":""H"",""toi"":""21:44""},{""d"":""2026-10-02"",""g"":1,""a"":0,""s"":1,""pp"":0,""h"":""R"",""toi"":""18:04""}]}",2026-27,ANA,R,,Healthy,Unknown,,,3.0,1.0,🟢 ROLE+,17.0,11.0,2026-10-07T17:50:49+00:00,EDM,Devon Levi,,,50.0,Confirmed,dailyfaceoff_name_only,22.0,7.0,22.0,7.0,,96.1,91.3,A1+A2,17.45,70.5,89.3,1.16,NONE,False,False,28.835637200147826,2.7964140233445587,75.5,75.5,10.0,2.0,True,,,2.0,,50.0,2.0,1.0,4.0,1.0,1.0,1.0,2.0,2.0,1.0,1.0,4.0,4.0,LOW,0.2,-0.3,LOW,0.1,,LOW,0.05,,LOW,0.1,,LOW,0.05,,LOW,0.025,,LOW,0.4,,LOW,0.2,,LOW,0.1,,1.997751817754948,0.5634684614180623,,,1.0,2.466443398236635,2.4605092289198285,50.0,38.4,68.8,37.1,10.24,4.5,,7.31,3.09,,HOT,HOT,COOL,5.74,4.22,HOT,Green,Yellow,Green,Green,80.0,72.0,76.0,79.0,POINTS,80.0,0.0,0.0,1.0,0.0,1.0,0.0,A,Distributor,12.9,,77.7,,2.0,2.254065040650407,184.83333333333331,2.254065040650407,0.129208901316556,12.9,12.9,4.932551848512173,2.035347159603246,3.408476104598737,7.467388668875778,8.893028671226896,77.7,83.8,False,,,,🅿️ D:0,,False,False,2.0,,False,0.0,,False,0.0,,1.5,-208.0,BetOnline.ag,2.5,140.0,Bovada,3.5,340.0,Fanatics,4.5,800.0,Fanatics,2.5,140.0,Bovada,0.5,-132.0,theScore Bet,1.5,350.0,Bovada,2.5,1400.0,Bovada,3.5,4000.0,Fanatics,0.5,-132.0,theScore Bet,0.5,160.0,Hard Rock Bet,1.5,900.0,Bovada,2.5,3500.0,Fanatics,,,,0.5,160.0,Hard Rock Bet,0.5,220.0,BetRivers,,,,,,,,,,0.5,220.0,BetRivers,0.5,220.0,BetRivers,,,,,,,,,,0.5,220.0,BetRivers,The Odds API,"[""Bally Bet"", ""BetMGM"", ""BetRivers"", ""Bovada"", ""Courtside"", ""DraftKings"", ""FanDuel"", ""Fanatics"", ""Fliff"", ""Hard Rock Bet"", ""fanduel"", ""theScore Bet""]",The Odds API,"[""Bally Bet"", ""BetMGM"", ""BetRivers"", ""Bovada"", ""Courtside"", ""DraftKings"", ""FanDuel"", ""Fanatics"", ""betrivers""]",0.5,230.0,BetRivers,1.5,800.0,Bovada,,,,,,,0.5,230.0,BetRivers,The Odds API,"[""Bally Bet"", ""BetRivers"", ""Bovada"", ""Fliff"", ""Hard Rock Bet"", ""theScore Bet""]",The Odds API,"[""Bally Bet"", ""BetMGM"", ""BetOnline.ag"", ""BetRivers"", ""Bovada"", ""Courtside"", ""DraftKings"", ""FanDuel"", ""Fanatics"", ""Fliff"", ""Hard Rock Bet"", ""ReBet"", ""fanduel"", ""theScore Bet""]",The Odds API,"[""Bally Bet"", ""BetMGM"", ""BetOnline.ag"", ""BetRivers"", ""Bovada"", ""Courtside"", ""DraftKings"", ""FanDuel"", ""Fanatics"", ""Fliff"", ""Hard Rock Bet"", ""ReBet"", ""draftkings"", ""theScore Bet""]",The Odds API,"[""Bally Bet"", ""BetMGM"", ""BetOnline.ag"", ""BetRivers"", ""Bovada"", ""Courtside"", ""DraftKings"", ""FanDuel"", ""Fanatics"", ""Fliff"", ""Hard Rock Bet"", ""ReBet"", ""draftkings"", ""theScore Bet""]",2026-10-07T17:51:03.097302+00:00,ALTLINE_NB_v1_2026-01-18,2.5,140.0,Bovada,exp/fallback,0.4,0.0121706224058896,1.2,0.4166666666666667,-97.0790506225865,-97.1,0.0686180154112674,6.9,-89.83925541025462,-89.8,0.0121706224058896,1.2,-97.0790506225865,-97.1,0.0019074600412755,0.2,-99.16071758183878,-99.2,0.0002746842105414,0.0,-99.7527842105127,-99.8,0.5,-132.0,theScore Bet,exp/fallback,1.024,0.5832065027258089,58.3,0.5689655172413793,2.5029610851421635,2.5,0.5832065027258089,58.3,2.5029610851421635,2.5,0.2690158805167602,26.9,21.05714623254208,21.1,0.1091450338803537,10.9,63.71755082053069,63.7,0.0408531292315865,4.1,67.49782984950494,67.5,0.5,160.0,Hard Rock Bet,exp/fallback,0.5740000000000001,0.3962697925401887,39.6,0.3846153846153846,3.030146060449057,3.0,0.3962697925401887,39.6,3.030146060449057,3.0,0.1270070582107935,12.7,27.00705821079349,27.0,0.0369389874036415,3.7,32.98035465310954,33.0,,,,,0.5,220.0,BetRivers,exp/fallback,0.27,0.2261610258827879,22.6,0.3125,-27.628471717507846,-27.6,0.2261610258827879,22.6,-27.628471717507846,-27.6,,,,,,,,,,,,,0.5,220.0,BetRivers,exp/fallback,0.298125,0.2385274968703864,23.9,0.3125,-23.671201001476337,-23.7,0.2385274968703864,23.9,-23.671201001476337,-23.7,,,,,,,,,,,,,False,False,False,False,False,,,Active roster,2026-10-07T17:51:03+00:00,False,"[{""market"":""Points"",""name"":""Hammer Fists"",""kind"":""FLOOR"",""rule"":""Conf_Points >= 80"",""icon"":""PTS05_HAMMER_FISTS.svg"",""kit_version"":""2026-09-24-frozen-v2""},{""market"":""Assists"",""name"":""Staff (Green Stance)"",""kind"":""STANCE"",""rule"":""Green + Assists 0.5"",""icon"":""staff.svg"",""kit_version"":""2026-09-24-frozen-v2""}]",2025-2026,,2026-09-24-frozen-v2,2026-10-07T17:51:05.183913+00:00
2026-10-07,EDM@ANA,2026020055,9:00 PM,2026-10-08T02:00:00Z,Cutter Gauthier,8483445,ANA,False,"{""season"":""2026-27"",""games"":[{""d"":""2026-10-04"",""g"":2,""a"":1,""s"":4,""pp"":3,""h"":""H"",""toi"":""20:50""},{""d"":""2026-10-02"",""g"":0,""a"":1,""s"":5,""pp"":0,""h"":""R"",""toi"":""17:51""}]}",2026-27,ANA,L,,Healthy,Unknown,,,3.0,1.0,🟢 ROLE+,17.0,11.0,2026-10-07T17:50:49+00:00,EDM,Devon Levi,,,50.0,Confirmed,dailyfaceoff_name_only,22.0,7.0,22.0,7.0,,96.7,83.1,A1+A2,17.25,70.0,86.6,1.15,NONE,False,False,28.835637200147826,2.7964140233445587,75.5,75.5,10.0,2.0,True,,,4.5,,50.0,4.0,2.0,9.0,2.0,2.0,2.0,4.0,4.0,2.0,2.0,9.0,9.0,LOW,0.4,-0.1,LOW,0.2,,LOW,0.1,,LOW,0.2,,LOW,0.1,,LOW,0.05,,LOW,0.9,,LOW,0.45,,LOW,0.225,,2.407633961340837,0.5872277954489846,,,2.0,2.466443398236635,2.4605092289198285,50.0,38.4,72.5,37.1,9.59,4.95,,4.72,2.5,,HOT,HOT,COOL,4.64,2.22,WARM,Yellow,Yellow,Green,Yellow,76.0,72.0,78.0,74.0,GOAL,78.0,0.0,0.0,0.0,0.0,3.0,0.0,A,Hybrid,15.4,,77.7,,2.0,2.6530701754385966,201.63333333333333,2.6530701754385966,0.1537757553417309,15.4,15.4,3.7025128120350472,2.121673003802281,1.8598115390973715,7.467388668875778,8.893028671226896,77.7,81.2,False,,,,🥅 D:0,,False,False,2.0,,False,0.0,,False,0.0,,1.5,-700.0,DraftKings,2.5,-245.0,Fanatics,3.5,100.0,Fanatics,4.5,215.0,Fanatics,3.5,100.0,Fanatics,0.5,-175.0,theScore Bet,1.5,215.0,DraftKings,2.5,750.0,DraftKings,3.5,2200.0,Fanatics,0.5,-175.0,theScore Bet,0.5,140.0,BetMGM,1.5,800.0,DraftKings,2.5,3500.0,Fanatics,,,,0.5,140.0,BetMGM,0.5,125.0,theScore Bet,,,,,,,,,,0.5,125.0,theScore Bet,0.5,121.0,caesars,,,,,,,,,,0.5,121.0,caesars,The Odds API,"[""Bally Bet"", ""BetMGM"", ""BetRivers"", ""Bovada"", ""Courtside"", ""DraftKings"", ""FanDuel"", ""Fanatics"", ""Fliff"", ""Hard Rock Bet"", ""fanduel"", ""theScore Bet""]",BallDontLie,"[""Bally Bet"", ""BetMGM"", ""BetRivers"", ""Bovada"", ""Courtside"", ""DraftKings"", ""FanDuel"", ""Fanatics"", ""caesars""]",0.5,170.0,BetRivers,1.5,600.0,Bovada,,,,,,,0.5,170.0,BetRivers,The Odds API,"[""Bally Bet"", ""BetRivers"", ""Bovada"", ""Fliff"", ""Hard Rock Bet"", ""theScore Bet""]",The Odds API,"[""Bally Bet"", ""BetMGM"", ""BetOnline.ag"", ""BetRivers"", ""Bovada"", ""Courtside"", ""DraftKings"", ""FanDuel"", ""Fanatics"", ""Fliff"", ""Hard Rock Bet"", ""ReBet"", ""draftkings"", ""theScore Bet""]",The Odds API,"[""Bally Bet"", ""BetMGM"", ""BetOnline.ag"", ""BetRivers"", ""Bovada"", ""Courtside"", ""DraftKings"", ""FanDuel"", ""Fanatics"", ""Fliff"", ""Hard Rock Bet"", ""ReBet"", ""betmgm"", ""theScore Bet""]",The Odds API,"[""Bally Bet"", ""BetMGM"", ""BetOnline.ag"", ""BetRivers"", ""Bovada"", ""Courtside"", ""DraftKings"", ""FanDuel"", ""Fanatics"", ""Fliff"", ""Hard Rock Bet"", ""ReBet"", ""betmgm"", ""theScore Bet""]",2026-10-07T17:51:03.097302+00:00,ALTLINE_NB_v1_2026-01-18,3.5,100.0,Fanatics,exp/fallback,0.9,0.0248211444330324,2.5,0.5,-95.03577111339352,-95.0,0.2296670211980238,23.0,-73.75234043451157,-73.8,0.0798543650564629,8.0,-88.75520165531441,-88.8,0.0248211444330324,2.5,-95.03577111339352,-95.0,0.0071318949469296,0.7,-97.75345309171716,-97.8,0.5,-175.0,theScore Bet,exp/fallback,0.959,0.562600693573403,56.3,0.6363636363636364,-11.591319581322384,-11.6,0.562600693573403,56.3,-11.591319581322384,-11.6,0.2485469108735141,24.9,-21.707723074843056,-21.7,0.0963402213319384,9.6,-18.110811867852338,-18.1,0.0344121798141677,3.4,-20.851986427414115,-20.9,0.5,140.0,BetMGM,exp/fallback,0.4639999999999999,0.3411620846685782,34.1,0.4166666666666667,-18.12109967954123,-18.1,0.3411620846685782,34.1,-18.12109967954123,-18.1,0.0930283243489518,9.3,-16.274508085943374,-16.3,0.0229385933495768,2.3,-17.42106394152345,-17.4,,,,,0.5,125.0,theScore Bet,exp/fallback,0.2835,0.2355097383722663,23.6,0.4444444444444444,-47.01030886624008,-47.0,0.2355097383722663,23.6,-47.01030886624008,-47.0,,,,,,,,,,,,,0.5,121.0,caesars,exp/fallback,0.3200624999999999,0.2523114866306958,25.2,0.4524886877828054,-44.23916145461623,-44.2,0.2523114866306958,25.2,-44.23916145461623,-44.2,,,,,,,,,,,,,False,False,False,False,False,,,Active roster,2026-10-07T17:51:03+00:00,False,[],2025-2026,,2026-09-24-frozen-v2,2026-10-07T17:51:05.183913+00:00
2026-10-07,EDM@ANA,2026020055,9:00 PM,2026-10-08T02:00:00Z,Frank Vatrano,8478366,ANA,False,,2026-27,ANA,R,,Healthy,Unknown,,,3.0,0.0,,17.0,11.0,2026-10-07T17:50:49+00:00,EDM,Devon Levi,,,50.0,Confirmed,dailyfaceoff_name_only,22.0,7.0,22.0,7.0,,65.7,31.9,A1+A2,11.82,26.0,46.0,0.98,NONE,False,False,28.835637200147826,2.7964140233445587,75.5,75.5,10.0,2.0,True,,,,,50.0,,,,,,,,,,,,,,,,,,,,,,,,,,,,,,,,,,,,,,,,0.8307783602017604,0.2373652457719315,,,0.0,2.466443398236635,2.4605092289198285,50.0,38.4,43.2,37.1,2.71,1.92,,,,,COOL,COOL,COOL,0.79,,COOL,Red,Red,Red,Red,35.0,50.0,55.0,33.0,GOAL,55.0,,,,,,,C,Passenger,6.3,,77.7,,0.0,0.7463333333333334,37.31666666666667,0.7463333333333334,0.0631291059294555,6.3,6.3,3.3242518981688245,2.299240732469852,1.2058954890576148,7.467388668875778,8.893028671226896,77.7,65.9,False,,,,,,False,False,0.0,,False,0.0,,False,0.0,,,,,,,,,,,,,,,,,,,,,,,,,,,,,,,,,,,,,,,,,,,,,,,,,,,,,,,,,,,,,,,,,,,,,,,,,,,,,,,,,,,,,,,,,,,,,,,,,,,,,,,,2026-10-07T17:51:03.097302+00:00,ALTLINE_NB_v1_2026-01-18,,,,league_avg,2.3,,,,,,,,,,,,,,,,,,,,,,,,,exp/fallback,0.271,,,,,,,,,,,,,,,,,,,,,,,,,exp/fallback,0.079,,,,,,,,,,,,,,,,,,,,,,,,,exp/fallback,0.2568,,,,,,,,,,,,,,,,,,,,,,,,,exp/fallback,0.2298,,,,,,,,,,,,,,,,,,,,,,False,False,False,False,False,,,Active roster,2026-10-07T17:51:03+00:00,False,[],2025-2026,,2026-09-24-frozen-v2,2026-10-07T17:51:05.183913+00:00
2026-10-07,EDM@ANA,2026020055,9:00 PM,2026-10-08T02:00:00Z,Jackson LaCombe,8481605,ANA,False,"{""season"":""2026-27"",""games"":[{""d"":""2026-10-04"",""g"":0,""a"":1,""s"":0,""pp"":1,""h"":""H"",""toi"":""28:41""},{""d"":""2026-10-02"",""g"":0,""a"":1,""s"":2,""pp"":0,""h"":""R"",""toi"":""29:37""}]}",2026-27,ANA,D,,Healthy,Unknown,,,3.0,1.0,🟢 ROLE+,17.0,11.0,2026-10-07T17:50:49+00:00,EDM,Devon Levi,,,50.0,Confirmed,dailyfaceoff_name_only,22.0,7.0,22.0,7.0,,74.3,96.1,A1+A2,24.25,98.0,86.7,1.15,NONE,False,False,28.835637200147826,2.7964140233445587,75.5,75.5,10.0,2.0,True,,,1.0,,50.0,2.0,0.0,2.0,0.0,2.0,2.0,2.0,2.0,2.0,2.0,2.0,2.0,LOW,0.2,-0.3,LOW,0.1,,LOW,0.05,,LOW,0.2,,LOW,0.1,,LOW,0.05,,LOW,0.2,,LOW,0.1,,LOW,0.05,,1.1543309524336038,0.5572632184162225,,,2.0,2.466443398236635,2.4605092289198285,50.0,38.4,51.0,37.1,9.5,2.12,,6.64,1.93,,HOT,WARM,COOL,7.38,4.71,HOT,Green,Yellow,Red,Yellow,84.0,62.0,64.0,79.0,POINTS,84.0,0.0,0.0,2.0,1.0,1.0,0.0,A,Distributor,12.7,,77.7,,2.0,3.078658536585366,252.45,3.078658536585366,0.1269656328583403,12.7,12.7,2.768270944741533,0.5965537730243613,2.5549613784907903,7.467388668875778,8.893028671226896,77.7,79.8,False,,,,🅿️ D:0,,False,False,1.0,,False,0.0,,False,0.0,,1.5,-130.0,theScore Bet,2.5,215.0,Fanatics,3.5,575.0,Fanatics,4.5,1500.0,Fanatics,1.5,-130.0,theScore Bet,0.5,-130.0,Fanatics,1.5,390.0,Fanatics,2.5,1500.0,Fanatics,3.5,3200.0,BetOnline.ag,0.5,-130.0,Fanatics,0.5,105.0,Fanatics,1.5,550.0,Fanatics,2.5,2500.0,Fanatics,,,,0.5,105.0,Fanatics,0.5,500.0,theScore Bet,,,,,,,,,,0.5,500.0,theScore Bet,0.5,500.0,BetRivers,,,,,,,,,,0.5,500.0,BetRivers,The Odds API,"[""Bally Bet"", ""BetMGM"", ""BetRivers"", ""Bovada"", ""Courtside"", ""DraftKings"", ""FanDuel"", ""Fanatics"", ""Fliff"", ""Hard Rock Bet"", ""theScore Bet""]",The Odds API,"[""Bally Bet"", ""BetMGM"", ""BetRivers"", ""Bovada"", ""Courtside"", ""DraftKings"", ""FanDuel"", ""Fanatics"", ""betrivers""]",0.5,230.0,BetRivers,1.5,700.0,Bovada,,,,,,,0.5,230.0,BetRivers,The Odds API,"[""Bally Bet"", ""BetRivers"", ""Bovada"", ""Fliff"", ""Hard Rock Bet"", ""theScore Bet""]",The Odds API,"[""Bally Bet"", ""BetMGM"", ""BetOnline.ag"", ""BetRivers"", ""Bovada"", ""Courtside"", ""DraftKings"", ""Fanatics"", ""Fliff"", ""Hard Rock Bet"", ""ReBet"", ""theScore Bet""]",The Odds API,"[""Bally Bet"", ""BetMGM"", ""BetOnline.ag"", ""BetRivers"", ""Bovada"", ""Courtside"", ""DraftKings"", ""FanDuel"", ""Fanatics"", ""Fliff"", ""Hard Rock Bet"", ""ReBet"", ""draftkings"", ""theScore Bet""]",The Odds API,"[""Bally Bet"", ""BetMGM"", ""BetOnline.ag"", ""BetRivers"", ""Bovada"", ""Courtside"", ""DraftKings"", ""FanDuel"", ""Fanatics"", ""Fliff"", ""Hard Rock Bet"", ""ReBet"", ""draftkings"", ""theScore Bet""]",2026-10-07T17:51:03.097302+00:00,ALTLINE_NB_v1_2026-01-18,1.5,-130.0,theScore Bet,exp/fallback,0.2,0.0205922919144261,2.1,0.5652173913043478,-96.35674835360152,-96.4,0.0205922919144261,2.1,-96.35674835360152,-96.4,0.0019369069985104,0.2,-99.3898742954692,-99.4,0.0001602036731851,0.0,-99.89186252060004,-99.9,1.2145062741386605e-05,0.0,-99.9805678996138,-100.0,0.5,-130.0,Fanatics,exp/fallback,0.95,0.5596399124122431,56.0,0.5652173913043478,-0.9867847270646825,-1.0,0.5596399124122431,56.0,-0.9867847270646825,-1.0,0.2456871295166566,24.6,20.38669346316174,20.4,0.094601034183227,9.5,51.36165469316332,51.4,0.0335618737170635,3.4,10.75418326630968,10.8,0.5,105.0,Fanatics,exp/fallback,0.738,0.4664279109425496,46.6,0.4878048780487805,-4.382278256777322,-4.4,0.4664279109425496,46.6,-4.382278256777322,-4.4,0.1787900718451074,17.9,16.213546699319824,16.2,0.0624952990617369,6.2,62.48777756051594,62.5,,,,,0.5,500.0,theScore Bet,exp/fallback,0.1986,0.1739549527706811,17.4,0.1666666666666666,4.372971662408709,4.4,0.1739549527706811,17.4,4.372971662408709,4.4,,,,,,,,,,,,,0.5,500.0,BetRivers,exp/fallback,0.1821,0.1581086436599791,15.8,0.1666666666666666,-5.134813804012528,-5.1,0.1581086436599791,15.8,-5.134813804012528,-5.1,,,,,,,,,,,,,False,False,False,False,False,,,Active roster,2026-10-07T17:51:03+00:00,False,"[{""market"":""Points"",""name"":""Hammer Fists"",""kind"":""FLOOR"",""rule"":""Conf_Points >= 80"",""icon"":""PTS05_HAMMER_FISTS.svg"",""kit_version"":""2026-09-24-frozen-v2""},{""market"":""Points"",""name"":""Echo Stomp II"",""kind"":""TIER"",""rule"":""Conf_Points >= 80 + TOI_per_game >= 19.18"",""icon"":""PTS05_HAMMER_STOMP.svg"",""kit_version"":""2026-09-24-frozen-v2""},{""market"":""Points"",""name"":""Blood Stomp"",""kind"":""CRIT"",""rule"":""Conf_Points >= 83 + TOI_per_game >= 19.18 + Opp_PK_xGA60 >= 7.784"",""icon"":""PTS05_BLEED_ENV.svg"",""kit_version"":""2026-09-24-frozen-v2""}]",2025-2026,,2026-09-24-frozen-v2,2026-10-07T17:51:05.183913+00:00
2026-10-07,EDM@ANA,2026020055,9:00 PM,2026-10-08T02:00:00Z,Jeff Malott,8482408,LAK,True,,2026-27,ANA,L,,Healthy,Unknown,,,3.0,0.0,,17.0,11.0,2026-10-07T17:50:49+00:00,EDM,Devon Levi,,,50.0,Confirmed,dailyfaceoff_name_only,22.0,7.0,22.0,7.0,,63.6,37.3,A1+A2,8.82,8.0,43.3,0.97,NONE,False,False,28.835637200147826,2.7964140233445587,75.5,75.5,10.0,2.0,True,,,,,50.0,,,,,,,,,,,,,,,,,,,,,,,,,,,,,,,,,,,,,,,,1.068390160258524,0.5935500890325134,,,0.0,2.466443398236635,2.4605092289198285,50.0,38.4,50.2,37.1,2.53,1.52,,,,,COOL,COOL,COOL,1.01,,COOL,Red,Red,Red,Red,37.0,47.0,53.0,35.0,GOAL,53.0,,,,,,,,Passenger,0.1,,77.7,,,0.0054597701149425,0.3166666666666666,0.0054597701149425,0.0006190941674812,0.1,0.1,0.0,0.0,0.0,7.467388668875778,8.893028671226896,77.7,32.7,False,,,,,,False,False,0.0,,False,0.0,,False,0.0,,,,,,,,,,,,,,,,,,,,,,,,,,,,,,,,,,,,,,,,,,,,,,,0.5,1200.0,DraftKings,,,,,,,,,,0.5,1200.0,DraftKings,0.5,1200.0,DraftKings,,,,,,,,,,0.5,1200.0,DraftKings,The Odds API,"[""Bally Bet"", ""BetMGM"", ""BetRivers"", ""Bovada"", ""Courtside"", ""DraftKings"", ""FanDuel"", ""Fanatics"", ""Fliff"", ""Hard Rock Bet"", ""theScore Bet""]",The Odds API,"[""Bally Bet"", ""BetMGM"", ""BetRivers"", ""Bovada"", ""Courtside"", ""DraftKings"", ""FanDuel"", ""Fanatics"", ""fanatics""]",,,,,,,,,,,,,,,,,,,,,,,,2026-10-07T17:51:03.097302+00:00,ALTLINE_NB_v1_2026-01-18,,,,league_avg,2.3,,,,,,,,,,,,,,,,,,,,,,,,,exp/fallback,0.253,,,,,,,,,,,,,,,,,,,,,,,,,exp/fallback,0.101,,,,,,,,,,,,,,,,,,,,,,0.5,1200.0,DraftKings,exp/fallback,0.2408,0.2053851854843326,20.5,0.0769230769230769,167.00074112963236,167.0,0.2053851854843326,20.5,167.00074112963236,167.0,,,,,,,,,,,,,0.5,1200.0,DraftKings,exp/fallback,0.2037999999999999,0.1741864762878276,17.4,0.0769230769230769,126.44241917417598,126.4,0.1741864762878276,17.4,126.44241917417598,126.4,,,,,,,,,,,,,False,False,True,True,False,,,Active roster,2026-10-07T17:51:03+00:00,False,[],2025-2026,,2026-09-24-frozen-v2,2026-10-07T17:51:05.183913+00:00
2026-10-07,EDM@ANA,2026020055,9:00 PM,2026-10-08T02:00:00Z,Judd Caulfield,8481538,,,,,ANA,R,,Unknown,,,,,,,,,,,,,,,,,,,,,,,,,,,,,,,,,,,,,,,,,,,,,,,,,,,,,,,,,,,,,,,,,,,,,,,,,,,,,,,,,,,,,,,,,,,,,,,,,,,,,,,,,,,,,,,,,,,,,,,,,,,,,,,,,,,,,,,,,,,,,,,,,,,,,,,,,,,,,,,,,,,,,,,,,,,,,,,,,,,,,,,,,,,,,,,,,,,,,,,,,,,,,,,,,,,,,,,,,,,,,,,,,,,,,,,,,,,,,,,,,,,,,,,,,,,,,,,,,,,,,,,,,,,,,,,,,,,,,,,,,,,,,,,,,,,,,,,,,,,,,,,,,,,,,,,,,,,,,,,,,,,,,,,,,,,,,,,,,,,,0.5,950.0,fanduel,,,,,,,,,,,,,,,,,,,,,,,,,,,,,,,,,,,,,,,,,,,,,,,,,,,,,,,,,Active roster,2026-10-07T17:51:03+00:00,True,[],Unavailable,True,2026-09-24-frozen-v2,2026-10-07T17:51:05.183913+00:00
2026-10-07,EDM@ANA,2026020055,9:00 PM,2026-10-08T02:00:00Z,Leo Carlsson,8484153,ANA,False,"{""season"":""2026-27"",""games"":[{""d"":""2026-10-04"",""g"":0,""a"":3,""s"":0,""pp"":3,""h"":""H"",""toi"":""20:26""},{""d"":""2026-10-02"",""g"":1,""a"":1,""s"":1,""pp"":0,""h"":""R"",""toi"":""17:43""}]}",2026-27,ANA,C,,Healthy,Unknown,,,3.0,1.0,🟢 ROLE+,17.0,11.0,2026-10-07T17:50:49+00:00,EDM,Devon Levi,,,50.0,Confirmed,dailyfaceoff_name_only,22.0,7.0,22.0,7.0,,90.2,92.1,A1+A2,19.15,83.0,89.4,1.16,NONE,False,False,28.835637200147826,2.7964140233445587,75.5,75.5,10.0,2.0,True,,,0.5,,50.0,5.0,1.0,1.0,1.0,4.0,4.0,5.0,5.0,4.0,4.0,1.0,1.0,LOW,0.5,0.0,LOW,0.25,,LOW,0.125,,LOW,0.4,,LOW,0.2,,LOW,0.1,,LOW,0.1,,LOW,0.05,,LOW,0.025,,2.023333049476284,0.5518181044026228,,,4.0,2.466443398236635,2.4605092289198285,50.0,38.4,69.0,37.1,13.5,4.08,,5.0,2.71,,HOT,HOT,COOL,6.92,2.29,WARM,Green,Yellow,Yellow,Green,82.0,69.0,73.0,78.0,POINTS,82.0,0.0,0.0,1.0,2.0,3.0,0.0,A,Distributor,16.8,,77.7,,2.0,3.2214285714285715,225.5,3.2214285714285715,0.1682187216371797,16.8,16.8,3.868070953436807,1.436807095343681,2.860310421286031,7.467388668875778,8.893028671226896,77.7,87.8,False,,,,🅿️ D:0,,False,False,1.0,,False,0.0,,False,0.0,,1.5,-250.0,DraftKings,2.5,115.0,DraftKings,3.5,285.0,DraftKings,4.5,650.0,Fanatics,2.5,115.0,DraftKings,0.5,-170.0,theScore Bet,1.5,270.0,DraftKings,2.5,1000.0,DraftKings,3.5,3500.0,Fanatics,0.5,-170.0,theScore Bet,0.5,125.0,Hard Rock Bet,1.5,650.0,Fanatics,2.5,2800.0,Fanatics,,,,0.5,125.0,Hard Rock Bet,0.5,190.0,DraftKings,,,,,,,,,,0.5,190.0,DraftKings,0.5,190.0,DraftKings,,,,,,,,,,0.5,190.0,DraftKings,The Odds API,"[""Bally Bet"", ""BetMGM"", ""BetRivers"", ""Bovada"", ""Courtside"", ""DraftKings"", ""FanDuel"", ""Fanatics"", ""Fliff"", ""Hard Rock Bet"", ""fanduel"", ""theScore Bet""]",The Odds API,"[""Bally Bet"", ""BetMGM"", ""BetRivers"", ""Bovada"", ""Courtside"", ""DraftKings"", ""FanDuel"", ""Fanatics"", ""caesars""]",0.5,225.0,BetRivers,1.5,700.0,Bovada,,,,,,,0.5,225.0,BetRivers,The Odds API,"[""Bally Bet"", ""BetRivers"", ""Bovada"", ""Fliff"", ""Hard Rock Bet"", ""theScore Bet""]",The Odds API,"[""Bally Bet"", ""BetMGM"", ""BetOnline.ag"", ""BetRivers"", ""Bovada"", ""Courtside"", ""DraftKings"", ""FanDuel"", ""Fanatics"", ""Fliff"", ""Hard Rock Bet"", ""ReBet"", ""draftkings"", ""theScore Bet""]",The Odds API,"[""Bally Bet"", ""BetMGM"", ""BetOnline.ag"", ""BetRivers"", ""Bovada"", ""Courtside"", ""DraftKings"", ""FanDuel"", ""Fanatics"", ""Fliff"", ""Hard Rock Bet"", ""ReBet"", ""draftkings"", ""theScore Bet""]",The Odds API,"[""Bally Bet"", ""BetMGM"", ""BetOnline.ag"", ""BetRivers"", ""Bovada"", ""Courtside"", ""DraftKings"", ""FanDuel"", ""Fanatics"", ""Fliff"", ""Hard Rock Bet"", ""ReBet"", ""betmgm"", ""theScore Bet""]",2026-10-07T17:51:03.097302+00:00,ALTLINE_NB_v1_2026-01-18,2.5,115.0,DraftKings,exp/fallback,0.1,0.0002745710270403,0.0,0.4651162790697674,-99.94096722918631,-99.9,0.0056639264392934,0.6,-99.20705029849891,-99.2,0.0002745710270403,0.0,-99.94096722918631,-99.9,1.167564107673602e-05,0.0,-99.99550487818546,-100.0,1.0000000000287557e-06,0.0,-99.99925,-100.0,0.5,-170.0,theScore Bet,exp/fallback,1.35,0.6689893324374918,66.9,0.6296296296296297,6.251246916542819,6.3,0.6689893324374918,66.9,6.251246916542819,6.3,0.3655160548759393,36.6,35.24094030409755,35.2,0.1777129824291041,17.8,95.48428067201458,95.5,0.0801446629575735,8.0,188.5207866472646,188.5,0.5,125.0,Hard Rock Bet,exp/fallback,0.692,0.4480371095690495,44.8,0.4444444444444444,0.8083496530361445,0.8,0.4480371095690495,44.8,0.8083496530361445,0.8,0.1642642119626469,16.4,23.198158971985205,23.2,0.0548450931976224,5.5,59.05077027310504,59.1,,,,,0.5,190.0,DraftKings,exp/fallback,0.2574,0.2172905206877463,21.7,0.3448275862068966,-36.98574900055356,-37.0,0.2172905206877463,21.7,-36.98574900055356,-37.0,,,,,,,,,,,,,0.5,190.0,DraftKings,exp/fallback,0.27765,0.225279926886824,22.5,0.3448275862068966,-34.66882120282102,-34.7,0.225279926886824,22.5,-34.66882120282102,-34.7,,,,,,,,,,,,,False,False,False,False,False,,,Active roster,2026-10-07T17:51:03+00:00,False,"[{""market"":""Points"",""name"":""Hammer Fists"",""kind"":""FLOOR"",""rule"":""Conf_Points >= 80"",""icon"":""PTS05_HAMMER_FISTS.svg"",""kit_version"":""2026-09-24-frozen-v2""},{""market"":""Assists"",""name"":""Staff (Green Stance)"",""kind"":""STANCE"",""rule"":""Green + Assists 0.5"",""icon"":""staff.svg"",""kit_version"":""2026-09-24-frozen-v2""}]",2025-2026,,2026-09-24-frozen-v2,2026-10-07T17:51:05.183913+00:00
2026-10-07,EDM@ANA,2026020055,9:00 PM,2026-10-08T02:00:00Z,Mikael Granlund,8475798,ANA,False,"{""season"":""2026-27"",""games"":[{""d"":""2026-10-04"",""g"":1,""a"":0,""s"":2,""pp"":1,""h"":""H"",""toi"":""22:31""},{""d"":""2026-10-02"",""g"":0,""a"":1,""s"":0,""pp"":0,""h"":""R"",""toi"":""18:39""}]}",2026-27,ANA,C,,Healthy,Unknown,,,3.0,1.0,🟢 ROLE+,17.0,11.0,2026-10-07T17:50:49+00:00,EDM,Devon Levi,,,50.0,Confirmed,dailyfaceoff_name_only,22.0,7.0,22.0,7.0,,84.8,74.9,A1+A2,19.17,83.5,81.1,1.12,NONE,False,False,28.835637200147826,2.7964140233445587,75.5,75.5,10.0,2.0,True,,,1.0,,50.0,2.0,1.0,2.0,1.0,1.0,1.0,2.0,2.0,1.0,1.0,2.0,2.0,LOW,0.2,-0.3,LOW,0.1,,LOW,0.05,,LOW,0.1,,LOW,0.05,,LOW,0.025,,LOW,0.2,,LOW,0.1,,LOW,0.05,,1.6968762051677593,0.4627844195912071,,,1.0,2.466443398236635,2.4605092289198285,50.0,38.4,62.5,37.1,7.93,4.04,,5.93,2.67,,HOT,HOT,COOL,4.69,3.26,HOT,Yellow,Yellow,Yellow,Yellow,72.0,67.0,70.0,70.0,POINTS,72.0,0.0,1.0,0.0,2.0,1.0,0.0,B,Shooter,15.3,,77.7,,1.0,2.9304597701149424,169.96666666666667,2.9304597701149424,0.1528362682652679,15.3,15.3,3.144440086291429,2.319278289860757,0.9707785840360856,7.467388668875778,8.893028671226896,77.7,75.4,False,,,,🅿️ D:0,,False,False,1.0,,False,0.0,,False,0.0,,1.5,-120.0,Bovada,2.5,250.0,Fanatics,3.5,650.0,Fanatics,4.5,1700.0,Fanatics,1.5,-120.0,Bovada,0.5,-117.0,BetRivers,1.5,410.0,BetRivers,2.5,1600.0,DraftKings,3.5,3000.0,BetOnline.ag,0.5,-117.0,BetRivers,0.5,163.0,BetRivers,1.5,850.0,DraftKings,2.5,3500.0,Fanatics,,,,0.5,163.0,BetRivers,0.5,275.0,DraftKings,,,,,,,,,,0.5,275.0,DraftKings,0.5,275.0,DraftKings,,,,,,,,,,0.5,275.0,DraftKings,The Odds API,"[""Bally Bet"", ""BetMGM"", ""BetRivers"", ""Bovada"", ""Courtside"", ""DraftKings"", ""FanDuel"", ""Fanatics"", ""Fliff"", ""Hard Rock Bet"", ""theScore Bet""]",The Odds API,"[""Bally Bet"", ""BetMGM"", ""BetRivers"", ""Bovada"", ""Courtside"", ""DraftKings"", ""FanDuel"", ""Fanatics"", ""fanatics""]",0.5,240.0,BetRivers,1.5,750.0,Bovada,,,,,,,0.5,240.0,BetRivers,The Odds API,"[""Bally Bet"", ""BetRivers"", ""Bovada"", ""Fliff"", ""Hard Rock Bet"", ""theScore Bet""]",The Odds API,"[""Bally Bet"", ""BetMGM"", ""BetOnline.ag"", ""BetRivers"", ""Bovada"", ""Courtside"", ""DraftKings"", ""Fanatics"", ""Fliff"", ""Hard Rock Bet"", ""ReBet"", ""theScore Bet""]",The Odds API,"[""Bally Bet"", ""BetMGM"", ""BetOnline.ag"", ""BetRivers"", ""Bovada"", ""Courtside"", ""DraftKings"", ""FanDuel"", ""Fanatics"", ""Fliff"", ""Hard Rock Bet"", ""ReBet"", ""draftkings"", ""theScore Bet""]",The Odds API,"[""Bally Bet"", ""BetMGM"", ""BetOnline.ag"", ""BetRivers"", ""Bovada"", ""Courtside"", ""DraftKings"", ""FanDuel"", ""Fanatics"", ""Fliff"", ""Hard Rock Bet"", ""ReBet"", ""draftkings"", ""theScore Bet""]",2026-10-07T17:51:03.097302+00:00,ALTLINE_NB_v1_2026-01-18,1.5,-120.0,Bovada,exp/fallback,0.2,0.0205922919144261,2.1,0.5454545454545454,-96.2247464823552,-96.2,0.0205922919144261,2.1,-96.2247464823552,-96.2,0.0019369069985104,0.2,-99.32208255052134,-99.3,0.0001602036731851,0.0,-99.87984724511114,-99.9,1.2145062741386605e-05,0.0,-99.9781388870655,-100.0,0.5,-117.0,BetRivers,exp/fallback,0.7929999999999999,0.5033354934374084,50.3,0.5391705069124424,-6.646323012036231,-6.6,0.5033354934374084,50.3,-6.646323012036231,-6.6,0.1950462259299644,19.5,-0.5264247757181373,-0.5,0.0658774750669477,6.6,11.991707613811164,12.0,0.020443534310961,2.0,-36.625043636020834,-36.6,0.5,163.0,BetRivers,exp/fallback,0.469,0.3438278230454558,34.4,0.3802281368821292,-9.573282539045136,-9.6,0.3438278230454558,34.4,-9.573282539045136,-9.6,0.0945408639594442,9.5,-10.186179238527938,-10.2,0.0235107401372454,2.4,-15.361335505916518,-15.4,,,,,0.5,275.0,DraftKings,exp/fallback,0.2562,0.2164382983369379,21.6,0.2666666666666666,-18.83563812364827,-18.8,0.2164382983369379,21.6,-18.83563812364827,-18.8,,,,,,,,,,,,,0.5,275.0,DraftKings,exp/fallback,0.2757,0.2239984353286956,22.4,0.2666666666666666,-16.00058675173912,-16.0,0.2239984353286956,22.4,-16.00058675173912,-16.0,,,,,,,,,,,,,False,False,False,False,False,,,Active roster,2026-10-07T17:51:03+00:00,False,[],2025-2026,,2026-09-24-frozen-v2,2026-10-07T17:51:05.183913+00:00
2026-10-07,EDM@ANA,2026020055,9:00 PM,2026-10-08T02:00:00Z,Nick Jensen,8475324,OTT,True,,2026-27,ANA,D,,Healthy,Unknown,,,3.0,0.0,,17.0,11.0,2026-10-07T17:50:49+00:00,EDM,Devon Levi,,,50.0,Confirmed,dailyfaceoff_name_only,22.0,7.0,22.0,7.0,,29.6,56.5,A1+A2,17.01,68.0,46.7,0.99,NONE,False,False,28.835637200147826,2.7964140233445587,75.5,75.5,10.0,2.0,True,,,,,50.0,,,,,,,,,,,,,,,,,,,,,,,,,,,,,,,,,,,,,,,,1.0638667732851232,0.3129019921426833,,,0.0,2.466443398236635,2.4605092289198285,50.0,38.4,50.0,37.1,2.43,0.32,,,,,COOL,COOL,COOL,2.1,,COOL,Red,Red,Red,Red,53.0,34.0,33.0,46.0,POINTS,53.0,,,,,,,,Passenger,0.3,,77.7,,,0.0519125683060109,3.1666666666666665,0.0519125683060109,0.0030521107755574,0.3,0.3,0.1894736842105263,0.1894736842105263,0.0,7.467388668875778,8.893028671226896,77.7,37.3,False,,,,,,False,False,0.0,,False,0.0,,False,0.0,,,,,,,,,,,,,,,,,,,,,,,,,,,,,,,,,,,,,,,,,,,,,,,,,,,,,,,,,,,,,,,,,,,,,,,,,,,,,,,,,,,,,,,,,,,,,,,,,,,,,,,,2026-10-07T17:51:03.097302+00:00,ALTLINE_NB_v1_2026-01-18,,,,league_avg,2.3,,,,,,,,,,,,,,,,,,,,,,,,,exp/fallback,0.243,,,,,,,,,,,,,,,,,,,,,,,,,exp/fallback,0.21,,,,,,,,,,,,,,,,,,,,,,,,,exp/fallback,0.1928,,,,,,,,,,,,,,,,,,,,,,,,,exp/fallback,0.1258,,,,,,,,,,,,,,,,,,,,,,False,False,False,False,False,,,Active roster,2026-10-07T17:51:03+00:00,False,[],2025-2026,,2026-09-24-frozen-v2,2026-10-07T17:51:05.183913+00:00
2026-10-07,EDM@ANA,2026020055,9:00 PM,2026-10-08T02:00:00Z,Nikita Klepov,8486052,,,,,ANA,R,,Unknown,,,,,,,,,,,,,,,,,,,,,,,,,,,,,,,,,,,,,,,,,,,,,,,,,,,,,,,,,,,,,,,,,,,,,,,,,,,,,,,,,,,,,,,,,,,,,,,,,,,,,,,,,,,,,,,,,,,,,,,,,,,,,,,,,,,,,,,,,,,,,,,,,,,,,,,,,,,,,,,,,,,,,,,,,,,,,,,,,,,,,,,,,,,,,,,,,,,,,,,,,,,,,,,,,,,,,,,,,,,,,,,,,,,,,,,,,,,,,,,,,,,,,,,,,,,,,,,,,,,,,,,,,,,,,,,,,,,,,,,,,,,,,,,,,,,,,,,,,,,,,,,,,,,,,,,,,,,,,,,,,,,,,,,,,,,,,,,,,,,,0.5,330.0,fanduel,,,,,,,,,,,,,,,,,,,,,,,,,,,,,,,,,,,,,,,,,,,,,,,,,,,,,,,,,Active roster,2026-10-07T17:51:03+00:00,True,[],Unavailable,True,2026-09-24-frozen-v2,2026-10-07T17:51:05.183913+00:00
2026-10-07,EDM@ANA,2026020055,9:00 PM,2026-10-08T02:00:00Z,Nikita Nesterenko,8481754,ANA,False,,2026-27,ANA,C,,Healthy,Unknown,,,3.0,0.0,,17.0,11.0,2026-10-07T17:50:49+00:00,EDM,Devon Levi,,,50.0,Confirmed,dailyfaceoff_name_only,22.0,7.0,22.0,7.0,,37.8,43.8,A1+A2,12.26,32.0,38.7,0.96,NONE,False,False,28.835637200147826,2.7964140233445587,75.5,75.5,10.0,2.0,True,,,,,50.0,,,,,,,,,,,,,,,,,,,,,,,,,,,,,,,,,,,,,,,,1.4894497310715764,0.9309060819197352,,,0.0,2.466443398236635,2.4605092289198285,50.0,38.4,58.5,37.1,3.78,1.14,,,,,COOL,COOL,COOL,2.63,,COOL,Red,Red,Red,Red,44.0,35.0,36.0,39.0,POINTS,44.0,,,,,,,C,Passenger,0.6,,77.7,,0.0,0.0770114942528735,2.2333333333333334,0.0770114942528735,0.0062831152998546,0.6,0.6,0.2686567164179104,0.2686567164179104,0.0,7.467388668875778,8.893028671226896,77.7,41.8,False,,,,,,False,False,0.0,,False,0.0,,False,0.0,,,,,,,,,,,,,,,,,0.5,245.0,BetRivers,,,,,,,,,,0.5,245.0,BetRivers,,,,,,,,,,,,,,,,0.5,650.0,FanDuel,,,,,,,,,,0.5,650.0,FanDuel,0.5,650.0,FanDuel,,,,,,,,,,0.5,650.0,FanDuel,The Odds API,"[""Bally Bet"", ""BetMGM"", ""BetRivers"", ""Bovada"", ""Courtside"", ""DraftKings"", ""FanDuel"", ""Fanatics"", ""Fliff"", ""Hard Rock Bet"", ""theScore Bet""]",The Odds API,"[""Bally Bet"", ""BetMGM"", ""BetRivers"", ""Bovada"", ""Courtside"", ""DraftKings"", ""FanDuel"", ""Fanatics"", ""fanduel""]",,,,,,,,,,,,,,,,,,,,,,The Odds API,"[""Bally Bet"", ""BetRivers""]",2026-10-07T17:51:03.097302+00:00,ALTLINE_NB_v1_2026-01-18,,,,league_avg,2.3,,,,,,,,,,,,,,,,,,,,,,0.5,245.0,BetRivers,exp/fallback,0.378,0.2988284846909161,29.9,0.2898550724637681,3.095827218366076,3.1,0.2988284846909161,29.9,3.095827218366076,3.1,,,,,,,,,,,,,,,,exp/fallback,0.263,,,,,,,,,,,,,,,,,,,,,,0.5,650.0,FanDuel,exp/fallback,0.2256,0.194260378347346,19.4,0.1333333333333333,45.69528376050951,45.7,0.194260378347346,19.4,45.69528376050951,45.7,,,,,,,,,,,,,0.5,650.0,FanDuel,exp/fallback,0.1790999999999999,0.1558452725466189,15.6,0.1333333333333333,16.883954409964208,16.9,0.1558452725466189,15.6,16.883954409964208,16.9,,,,,,,,,,,,,False,False,True,True,False,,,Active roster,2026-10-07T17:51:03+00:00,False,[],2025-2026,,2026-09-24-frozen-v2,2026-10-07T17:51:05.183913+00:00
2026-10-07,EDM@ANA,2026020055,9:00 PM,2026-10-08T02:00:00Z,Noah Warren,8483521,,,,,ANA,D,,Unknown,,,,,,,,,,,,,,,,,,,,,,,,,,,,,,,,,,,,,,,,,,,,,,,,,,,,,,,,,,,,,,,,,,,,,,,,,,,,,,,,,,,,,,,,,,,,,,,,,,,,,,,,,,,,,,,,,,,,,,,,,,,,,,,,,,,,,,,,,,,,,,,,,,,,,,,,,,,,,,,,,,,,,,,,,,,,,,,,,,,,,,,,,,,,,,,,,,,,,,,,,,,,,,,,,,,,,,,,,,,,,,,,,,,,,,,,,,,,,,,,,,,,,,,,,,,,,,,,,,,,,,,,,,,,,,,,,,,,,,,,,,,,,,,,,,,,,,,,,,,,,,,,,,,,,,,,,,,,,,,,,,,,,,,,,,,,,,,,,,,,0.5,1800.0,fanduel,,,,,,,,,,,,,,,,,,,,,,,,,,,,,,,,,,,,,,,,,,,,,,,,,,,,,,,,,Active roster,2026-10-07T17:51:03+00:00,True,[],Unavailable,True,2026-09-24-frozen-v2,2026-10-07T17:51:05.183913+00:00
2026-10-07,EDM@ANA,2026020055,9:00 PM,2026-10-08T02:00:00Z,Pavel Mintyukov,8483490,ANA,False,,2026-27,ANA,D,,Healthy,Unknown,,,3.0,1.0,🟢 ROLE+,17.0,11.0,2026-10-07T17:50:49+00:00,EDM,Devon Levi,,,50.0,Confirmed,dailyfaceoff_name_only,22.0,7.0,22.0,7.0,,54.0,58.4,A1+A2,18.43,77.5,60.3,1.04,NONE,False,False,28.835637200147826,2.7964140233445587,75.5,75.5,10.0,2.0,True,,,,,50.0,,,,,,,,,,,,,,,,,,,,,,,,,,,,,,,,,,,,,,,,0.9244712990936556,0.1087613293051359,,,0.0,2.466443398236635,2.4605092289198285,50.0,38.4,46.0,37.1,2.9,0.91,,,,,COOL,COOL,COOL,2.0,,COOL,Red,Red,Red,Red,57.0,50.0,50.0,52.0,POINTS,57.0,,,,,,,C,Passenger,4.1,,77.7,,0.0,0.7616438356164383,55.6,0.7616438356164383,0.0413367532805471,4.1,4.1,1.9424460431654675,0.1079136690647482,2.158273381294964,7.467388668875778,8.893028671226896,77.7,68.5,False,,,,,,False,False,0.0,,False,0.0,,False,0.0,,1.5,125.0,BetMGM,,,,,,,,,,1.5,125.0,BetMGM,0.5,180.0,BetRivers,,,,,,,,,,0.5,180.0,BetRivers,0.5,215.0,BetRivers,,,,,,,,,,0.5,215.0,BetRivers,0.5,1100.0,Fanatics,,,,,,,,,,0.5,1100.0,Fanatics,0.5,1100.0,Fanatics,,,,,,,,,,0.5,1100.0,Fanatics,The Odds API,"[""Bally Bet"", ""BetMGM"", ""BetRivers"", ""Bovada"", ""Courtside"", ""DraftKings"", ""FanDuel"", ""Fanatics"", ""Fliff"", ""Hard Rock Bet"", ""theScore Bet""]",The Odds API,"[""Bally Bet"", ""BetMGM"", ""BetRivers"", ""Bovada"", ""Courtside"", ""DraftKings"", ""FanDuel"", ""Fanatics"", ""fanatics""]",,,,,,,,,,,,,,,,,,The Odds API,"[""Bally Bet"", ""BetMGM"", ""BetRivers""]",The Odds API,"[""Bally Bet"", ""BetRivers""]",The Odds API,"[""Bally Bet"", ""BetRivers""]",2026-10-07T17:51:03.097302+00:00,ALTLINE_NB_v1_2026-01-18,1.5,125.0,BetMGM,league_avg,2.3,0.6001759479749428,60.0,0.4444444444444444,35.039588294362126,35.0,0.6001759479749428,60.0,35.039588294362126,35.0,,,,,,,,,,,,,0.5,180.0,BetRivers,exp/fallback,0.29,0.2413450750589532,24.1,0.3571428571428571,-32.42337898349311,-32.4,0.2413450750589532,24.1,-32.42337898349311,-32.4,,,,,,,,,,,,,0.5,215.0,BetRivers,exp/fallback,0.2,0.1735537190082646,17.4,0.3174603174603174,-45.33057851239664,-45.3,0.1735537190082646,17.4,-45.33057851239664,-45.3,,,,,,,,,,,,,0.5,1100.0,Fanatics,exp/fallback,0.2163999999999999,0.1874207702211061,18.7,0.0833333333333333,124.9049242653274,124.9,0.1874207702211061,18.7,124.9049242653274,124.9,,,,,,,,,,,,,0.5,1100.0,Fanatics,exp/fallback,0.16415,0.1444149520255159,14.4,0.0833333333333333,73.29794243061907,73.3,0.1444149520255159,14.4,73.29794243061907,73.3,,,,,,,,,,,,,True,False,True,True,False,,,Active roster,2026-10-07T17:51:03+00:00,False,[],2025-2026,,2026-09-24-frozen-v2,2026-10-07T17:51:05.183913+00:00
2026-10-07,EDM@ANA,2026020055,9:00 PM,2026-10-08T02:00:00Z,Ryan Poehling,8480068,ANA,False,"{""season"":""2026-27"",""games"":[{""d"":""2026-10-04"",""g"":0,""a"":0,""s"":1,""pp"":0,""h"":""H"",""toi"":""14:55""},{""d"":""2026-10-02"",""g"":0,""a"":0,""s"":2,""pp"":0,""h"":""R"",""toi"":""14:03""}]}",2026-27,ANA,C,,Healthy,Unknown,,,3.0,0.0,,17.0,11.0,2026-10-07T17:50:49+00:00,EDM,Devon Levi,,,50.0,Confirmed,dailyfaceoff_name_only,22.0,7.0,22.0,7.0,,68.8,79.4,A1+A2,15.07,53.0,69.4,1.08,NONE,False,False,28.835637200147826,2.7964140233445587,75.5,75.5,10.0,2.0,True,,,1.5,,50.0,0.0,0.0,3.0,0.0,0.0,0.0,0.0,0.0,0.0,0.0,3.0,3.0,LOW,0.0,-0.5,LOW,0.0,,LOW,0.0,,LOW,0.0,,LOW,0.0,,LOW,0.0,,LOW,0.3,,LOW,0.15,,LOW,0.075,,1.9346230820547032,1.067378252168112,,,0.0,2.466443398236635,2.4605092289198285,50.0,38.4,68.2,37.1,5.17,1.58,,5.17,1.58,,HOT,WARM,COOL,3.59,3.59,HOT,Yellow,Red,Red,Yellow,70.0,54.0,56.0,67.0,POINTS,70.0,2.0,2.0,2.0,2.0,0.0,2.0,C,Passenger,2.0,,77.7,,0.0,0.2993333333333333,22.45,0.2993333333333333,0.0198663775939117,2.0,2.0,2.3719376391982183,0.6681514476614699,2.0044543429844097,7.467388668875778,8.893028671226896,77.7,63.4,False,,,,🅿️ D:2,,False,False,1.0,,False,0.0,,False,0.0,,1.5,115.0,BetRivers,,,,,,,,,,1.5,115.0,BetRivers,0.5,160.0,theScore Bet,1.5,750.0,BetRivers,,,,,,,0.5,160.0,theScore Bet,0.5,300.0,Hard Rock Bet,,,,,,,,,,0.5,300.0,Hard Rock Bet,0.5,430.0,Fanatics,,,,,,,,,,0.5,430.0,Fanatics,0.5,430.0,Fanatics,,,,,,,,,,0.5,430.0,Fanatics,The Odds API,"[""Bally Bet"", ""BetMGM"", ""BetRivers"", ""Bovada"", ""Courtside"", ""DraftKings"", ""FanDuel"", ""Fanatics"", ""Fliff"", ""Hard Rock Bet"", ""theScore Bet""]",The Odds API,"[""Bally Bet"", ""BetMGM"", ""BetRivers"", ""Bovada"", ""Courtside"", ""DraftKings"", ""FanDuel"", ""Fanatics"", ""fanatics""]",,,,,,,,,,,,,,,,,,The Odds API,"[""Bally Bet"", ""BetRivers""]",The Odds API,"[""Bally Bet"", ""BetRivers"", ""Fliff"", ""Hard Rock Bet"", ""theScore Bet""]",The Odds API,"[""Bally Bet"", ""BetRivers"", ""Fliff"", ""Hard Rock Bet"", ""theScore Bet""]",2026-10-07T17:51:03.097302+00:00,ALTLINE_NB_v1_2026-01-18,1.5,115.0,BetRivers,exp/fallback,0.3,0.0422318805185903,4.2,0.4651162790697674,-90.92014568850306,-90.9,0.0422318805185903,4.2,-90.92014568850306,-90.9,,,,,,,,,,,,,0.5,160.0,theScore Bet,exp/fallback,0.517,0.3782378857261773,37.8,0.3846153846153846,-1.6581497111938903,-1.7,0.3782378857261773,37.8,-1.6581497111938903,-1.7,0.1060409145761995,10.6,-9.865222610230362,-9.9,,,,,,,,,0.5,300.0,Hard Rock Bet,exp/fallback,0.359,0.2812065523054311,28.1,0.25,12.48262092217245,12.5,0.2812065523054311,28.1,12.48262092217245,12.5,,,,,,,,,,,,,0.5,430.0,Fanatics,exp/fallback,0.1824,0.1614264293152539,16.1,0.1886792452830188,-14.4439924629154,-14.4,0.1614264293152539,16.1,-14.4439924629154,-14.4,,,,,,,,,,,,,0.5,430.0,Fanatics,exp/fallback,0.155775,0.137899601757092,13.8,0.1886792452830188,-26.913211068741223,-26.9,0.137899601757092,13.8,-26.913211068741223,-26.9,,,,,,,,,,,,,False,False,False,False,True,,,Active roster,2026-10-07T17:51:03+00:00,False,[],2025-2026,,2026-09-24-frozen-v2,2026-10-07T17:51:05.183913+00:00
2026-10-07,EDM@ANA,2026020055,9:00 PM,2026-10-08T02:00:00Z,Sam Colangelo,8482118,ANA,False,,2026-27,ANA,R,,Healthy,Unknown,,,3.0,0.0,,17.0,11.0,2026-10-07T17:50:49+00:00,EDM,Devon Levi,,,50.0,Confirmed,dailyfaceoff_name_only,22.0,7.0,22.0,7.0,,17.0,6.9,A1+A2,10.18,14.5,13.0,0.94,NONE,False,False,28.835637200147826,2.7964140233445587,75.5,75.5,10.0,2.0,True,,,,,50.0,,,,,,,,,,,,,,,,,,,,,,,,,,,,,,,,,,,,,,,,0.0117050331642606,0.0,,,0.0,2.466443398236635,2.4605092289198285,50.0,38.4,32.0,37.1,0.56,0.56,,,,,COOL,COOL,COOL,0.0,,COOL,Red,Red,Red,Red,20.0,22.0,23.0,14.0,GOAL,23.0,,,,,,,C,Passenger,4.4,,77.7,,0.0,0.4481481481481481,4.033333333333333,0.4481481481481481,0.0440320232896652,4.4,4.4,0.0,0.0,0.0,7.467388668875778,8.893028671226896,77.7,50.9,False,,,,,,False,False,0.0,,False,0.0,,False,0.0,,,,,,,,,,,,,,,,,,,,,,,,,,,,,,,,,,,,,,,,,,,,,,,,,,,,,,,,,,,,,,,,,,,,,,,,,,,,,,,,,,,,,,,,,,,,,,,,,,,,,,,,2026-10-07T17:51:03.097302+00:00,ALTLINE_NB_v1_2026-01-18,,,,league_avg,2.3,,,,,,,,,,,,,,,,,,,,,,,,,exp/fallback,0.056,,,,,,,,,,,,,,,,,,,,,,,,,league_avg,0.35,,,,,,,,,,,,,,,,,,,,,,,,,exp/fallback,0.2024,,,,,,,,,,,,,,,,,,,,,,,,,exp/fallback,0.1414,,,,,,,,,,,,,,,,,,,,,,False,False,False,False,False,,,Active roster,2026-10-07T17:51:03+00:00,False,[],2025-2026,,2026-09-24-frozen-v2,2026-10-07T17:51:05.183913+00:00
2026-10-07,EDM@ANA,2026020055,9:00 PM,2026-10-08T02:00:00Z,Tim Washe,8485512,ANA,False,,2026-27,ANA,C,,Healthy,Unknown,,,3.0,0.0,,17.0,11.0,2026-10-07T17:50:49+00:00,EDM,Devon Levi,,,50.0,Confirmed,dailyfaceoff_name_only,22.0,7.0,22.0,7.0,,47.8,28.5,A1+A2,12.05,29.0,37.3,0.95,NONE,False,False,28.835637200147826,2.7964140233445587,75.5,75.5,10.0,2.0,True,,,,,50.0,,,,,,,,,,,,,,,,,,,,,,,,,,,,,,,,,,,,,,,,0.7720682851505534,0.3088273140602213,,,0.0,2.466443398236635,2.4605092289198285,50.0,38.4,41.8,37.1,1.95,1.22,,,,,COOL,COOL,COOL,0.73,,COOL,Red,Red,Red,Red,34.0,40.0,42.0,30.0,GOAL,42.0,,,,,,,C,Passenger,0.2,,77.7,,0.0,0.0209401709401709,0.8166666666666667,0.0209401709401709,0.0017374654279838,0.2,0.2,0.0,0.0,0.0,7.467388668875778,8.893028671226896,77.7,35.0,False,,,,,,False,False,0.0,,False,0.0,,False,0.0,,,,,,,,,,,,,,,,,,,,,,,,,,,,,,,,,,,,,,,,,,,,,,,0.5,1100.0,BetMGM,,,,,,,,,,0.5,1100.0,BetMGM,0.5,1100.0,BetMGM,,,,,,,,,,0.5,1100.0,BetMGM,The Odds API,"[""Bally Bet"", ""BetMGM"", ""BetRivers"", ""Bovada"", ""Courtside"", ""DraftKings"", ""FanDuel"", ""Fanatics"", ""Fliff"", ""Hard Rock Bet"", ""theScore Bet""]",The Odds API,"[""Bally Bet"", ""BetMGM"", ""BetRivers"", ""Bovada"", ""Courtside"", ""DraftKings"", ""FanDuel"", ""Fanatics"", ""betmgm""]",,,,,,,,,,,,,,,,,,,,,,,,2026-10-07T17:51:03.097302+00:00,ALTLINE_NB_v1_2026-01-18,,,,league_avg,2.3,,,,,,,,,,,,,,,,,,,,,,,,,exp/fallback,0.195,,,,,,,,,,,,,,,,,,,,,,,,,exp/fallback,0.073,,,,,,,,,,,,,,,,,,,,,,0.5,1100.0,BetMGM,exp/fallback,0.2288,0.1966204812677677,19.7,0.0833333333333333,135.94457752132132,135.9,0.1966204812677677,19.7,135.94457752132132,135.9,,,,,,,,,,,,,0.5,1100.0,BetMGM,exp/fallback,0.1843,0.1597620927840479,16.0,0.0833333333333333,91.71451134085756,91.7,0.1597620927840479,16.0,91.71451134085756,91.7,,,,,,,,,,,,,False,False,True,True,False,,,Active roster,2026-10-07T17:51:03+00:00,False,[],2025-2026,,2026-09-24-frozen-v2,2026-10-07T17:51:05.183913+00:00
2026-10-07,EDM@ANA,2026020055,9:00 PM,2026-10-08T02:00:00Z,Travis Mitchell,8484262,NYI,True,,2026-27,ANA,D,,Healthy,Unknown,,,3.0,0.0,,17.0,11.0,2026-10-07T17:50:49+00:00,EDM,Devon Levi,,,50.0,Confirmed,dailyfaceoff_name_only,22.0,7.0,22.0,7.0,,13.8,6.9,A1+A2,11.54,25.0,13.6,0.94,NONE,False,False,28.835637200147826,2.7964140233445587,75.5,75.5,10.0,2.0,True,,,,,50.0,,,,,,,,,,,,,,,,,,,,,,,,,,,,,,,,,,,,,,,,0.0097529258777633,0.0,,,0.0,2.466443398236635,2.4605092289198285,50.0,38.4,31.8,37.1,0.4,0.4,,,,,COOL,COOL,COOL,0.0,,COOL,Red,Red,Red,Red,21.0,22.0,22.0,15.0,SOG,22.0,,,,,,,,Passenger,0.0,,77.7,,,0.0,0.0,0.0,0.0,0.0,0.0,0.0,,,7.467388668875778,8.893028671226896,77.7,18.7,False,,,,,,False,False,0.0,,False,0.0,,False,0.0,,,,,,,,,,,,,,,,,,,,,,,,,,,,,,,,,,,,,,,,,,,,,,,0.5,1600.0,FanDuel,,,,,,,,,,0.5,1600.0,FanDuel,0.5,1600.0,FanDuel,,,,,,,,,,0.5,1600.0,FanDuel,The Odds API,"[""Bally Bet"", ""BetMGM"", ""BetRivers"", ""Bovada"", ""Courtside"", ""DraftKings"", ""FanDuel"", ""Fanatics"", ""Fliff"", ""Hard Rock Bet"", ""theScore Bet""]",The Odds API,"[""Bally Bet"", ""BetMGM"", ""BetRivers"", ""Bovada"", ""Courtside"", ""DraftKings"", ""FanDuel"", ""Fanatics"", ""fanduel""]",,,,,,,,,,,,,,,,,,,,,,,,2026-10-07T17:51:03.097302+00:00,ALTLINE_NB_v1_2026-01-18,,,,league_avg,2.3,,,,,,,,,,,,,,,,,,,,,,,,,exp/fallback,0.04,,,,,,,,,,,,,,,,,,,,,,,,,league_avg,0.35,,,,,,,,,,,,,,,,,,,,,,0.5,1600.0,FanDuel,exp/fallback,0.196,0.1719619345929518,17.2,0.0588235294117647,192.3352888080181,192.3,0.1719619345929518,17.2,192.3352888080181,192.3,,,,,,,,,,,,,0.5,1600.0,FanDuel,exp/fallback,0.131,0.1181385734999141,11.8,0.0588235294117647,100.83557494985412,100.8,0.1181385734999141,11.8,100.83557494985412,100.8,,,,,,,,,,,,,False,False,True,True,False,,,Active roster,2026-10-07T17:51:03+00:00,False,[],2025-2026,,2026-09-24-frozen-v2,2026-10-07T17:51:05.183913+00:00
2026-10-07,EDM@ANA,2026020055,9:00 PM,2026-10-08T02:00:00Z,Tristan Luneau,8483482,ANA,False,,2026-27,ANA,D,,Healthy,Unknown,,,3.0,0.0,,17.0,11.0,2026-10-07T17:50:49+00:00,EDM,Devon Levi,,,50.0,Confirmed,dailyfaceoff_name_only,22.0,7.0,22.0,7.0,,13.0,6.9,A1+A2,11.62,25.5,13.4,0.94,NONE,False,False,28.835637200147826,2.7964140233445587,75.5,75.5,10.0,2.0,True,,,,,50.0,,,,,,,,,,,,,,,,,,,,,,,,,,,,,,,,,,,,,,,,0.0860832137733142,0.0,,,0.0,2.466443398236635,2.4605092289198285,50.0,38.4,35.5,37.1,3.01,3.01,,,,,COOL,COOL,COOL,0.0,,COOL,Red,Red,Red,Red,22.0,21.0,22.0,16.0,POINTS,22.0,,,,,,,C,Passenger,0.0,,77.7,,0.0,0.0,0.0,0.0,0.0,0.0,0.0,0.0,,,7.467388668875778,8.893028671226896,77.7,18.7,False,,,,,,False,False,0.0,,False,0.0,,False,0.0,,1.5,-129.0,BetRivers,,,,,,,,,,1.5,-129.0,BetRivers,0.5,160.0,BetRivers,1.5,800.0,BetRivers,,,,,,,0.5,160.0,BetRivers,0.5,205.0,BetRivers,,,,,,,,,,0.5,205.0,BetRivers,0.5,1000.0,Hard Rock Bet,,,,,,,,,,0.5,1000.0,Hard Rock Bet,0.5,1000.0,DraftKings,,,,,,,,,,0.5,1000.0,DraftKings,The Odds API,"[""Bally Bet"", ""BetMGM"", ""BetRivers"", ""Bovada"", ""Courtside"", ""DraftKings"", ""FanDuel"", ""Fanatics"", ""Fliff"", ""Hard Rock Bet"", ""theScore Bet""]",The Odds API,"[""Bally Bet"", ""BetMGM"", ""BetRivers"", ""Bovada"", ""Courtside"", ""DraftKings"", ""FanDuel"", ""Fanatics"", ""fanatics""]",,,,,,,,,,,,,,,,,,The Odds API,"[""Bally Bet"", ""BetRivers""]",The Odds API,"[""Bally Bet"", ""BetRivers""]",The Odds API,"[""Bally Bet"", ""BetRivers""]",2026-10-07T17:51:03.097302+00:00,ALTLINE_NB_v1_2026-01-18,1.5,-129.0,BetRivers,league_avg,2.3,0.6001759479749428,60.0,0.5633187772925764,6.542862082373569,6.5,0.6001759479749428,60.0,6.542862082373569,6.5,,,,,,,,,,,,,0.5,160.0,BetRivers,exp/fallback,0.301,0.248870510800388,24.9,0.3846153846153846,-35.29366719189911,-35.3,0.248870510800388,24.9,-35.29366719189911,-35.3,0.0443289843616281,4.4,-60.10391407453468,-60.1,,,,,,,,,0.5,205.0,BetRivers,league_avg,0.35,0.2756903576278859,27.6,0.3278688524590163,-15.914440923494787,-15.9,0.2756903576278859,27.6,-15.914440923494787,-15.9,,,,,,,,,,,,,0.5,1000.0,Hard Rock Bet,exp/fallback,0.3004,0.2469915508668765,24.7,0.0909090909090909,171.69070595356416,171.7,0.2469915508668765,24.7,171.69070595356416,171.7,,,,,,,,,,,,,0.5,1000.0,DraftKings,exp/fallback,0.30065,0.2401353026530833,24.0,0.0909090909090909,164.14883291839172,164.1,0.2401353026530833,24.0,164.14883291839172,164.1,,,,,,,,,,,,,False,False,True,True,False,,,Active roster,2026-10-07T17:51:03+00:00,False,[],2025-2026,,2026-09-24-frozen-v2,2026-10-07T17:51:05.183913+00:00
2026-10-07,EDM@ANA,2026020055,9:00 PM,2026-10-08T02:00:00Z,Tyson Hinds,8482731,ANA,False,,2026-27,ANA,D,,Healthy,Unknown,,,3.0,0.0,,17.0,11.0,2026-10-07T17:50:49+00:00,EDM,Devon Levi,,,50.0,Confirmed,dailyfaceoff_name_only,22.0,7.0,22.0,7.0,,12.7,6.9,A1+A2,15.62,57.5,19.6,0.94,NONE,False,False,28.835637200147826,2.7964140233445587,75.5,75.5,10.0,2.0,True,,,,,50.0,,,,,,,,,,,,,,,,,,,,,,,,,,,,,,,,,,,,,,,,0.0,0.0,,,0.0,2.466443398236635,2.4605092289198285,50.0,38.4,27.8,37.1,0.49,0.49,,,,,COOL,COOL,COOL,0.0,,COOL,Red,Red,Red,Red,24.0,24.0,23.0,17.0,POINTS,24.0,,,,,,,C,Passenger,0.0,,77.7,,0.0,0.0,0.0,0.0,0.0,0.0,0.0,0.0,,,7.467388668875778,8.893028671226896,77.7,18.7,False,,,,,,False,False,0.0,,False,0.0,,False,0.0,,,,,,,,,,,,,,,,,0.5,280.0,BetRivers,,,,,,,,,,0.5,280.0,BetRivers,,,,,,,,,,,,,,,,0.5,1700.0,Fanatics,,,,,,,,,,0.5,1700.0,Fanatics,0.5,1700.0,Fanatics,,,,,,,,,,0.5,1700.0,Fanatics,The Odds API,"[""Bally Bet"", ""BetRivers"", ""Bovada"", ""Courtside"", ""DraftKings"", ""Fanatics"", ""Fliff"", ""Hard Rock Bet"", ""theScore Bet""]",The Odds API,"[""Bally Bet"", ""BetRivers"", ""Bovada"", ""Courtside"", ""DraftKings"", ""Fanatics"", ""fanatics""]",,,,,,,,,,,,,,,,,,,,,,The Odds API,"[""Bally Bet"", ""BetRivers""]",2026-10-07T17:51:03.097302+00:00,ALTLINE_NB_v1_2026-01-18,,,,league_avg,2.3,,,,,,,,,,,,,,,,,,,,,,0.5,280.0,BetRivers,exp/fallback,0.049,0.0474232216566161,4.7,0.2631578947368421,-81.97917577048585,-82.0,0.0474232216566161,4.7,-81.97917577048585,-82.0,,,,,,,,,,,,,,,,league_avg,0.35,,,,,,,,,,,,,,,,,,,,,,0.5,1700.0,Fanatics,exp/fallback,0.1996,0.1747197101147712,17.5,0.0555555555555555,214.49547820658825,214.5,0.1747197101147712,17.5,214.49547820658825,214.5,,,,,,,,,,,,,0.5,1700.0,Fanatics,exp/fallback,0.13685,0.1228715960535401,12.3,0.0555555555555555,121.16887289637228,121.2,0.1228715960535401,12.3,121.16887289637228,121.2,,,,,,,,,,,,,False,False,True,True,False,,,Active roster,2026-10-07T17:51:03+00:00,False,[],2025-2026,,2026-09-24-frozen-v2,2026-10-07T17:51:05.183913+00:00
2026-10-07,EDM@ANA,2026020055,9:00 PM,2026-10-08T02:00:00Z,Alex Formenton,8480029,,,,,EDM,L,,Unknown,,,,,,,,,,,,,,,,,,,,,,,,,,,,,,,,,,,,,,,,,,,,,,,,,,,,,,,,,,,,,,,,,,,,,,,,,,,,,,,,,,,,,,,,,,,,,,,,,,,,,,,,,,,,,,,,,,,,,,,,,,,,,,,,,,,,,,,,,,,,,,,,,,,,,,,,,,,,,,,,,,,,,,,,,,,,,,,,,,,,,,,,,,,,,,,,,,,,,,,,,,,,,,,,,,,,,,,,,,,,,,,,,,,,,,,,,,,,,,,,,,,,,,,,,,,,,,,,,,,,,,,,,,,,,,,,,,,,,,,,,,,,,,,,,,,,,,,,,,,,,,,,,,,,,,,,,,,,,,,,,,,,,,,,,,,,,,,,,,,,0.5,700.0,fanduel,,,,,,,,,,,,,,,,,,,,,,,,,,,,,,,,,,,,,,,,,,,,,,,,,,,,,,,,,Active roster,2026-10-07T17:51:03+00:00,True,[],Unavailable,True,2026-09-24-frozen-v2,2026-10-07T17:51:05.183913+00:00
2026-10-07,EDM@ANA,2026020055,9:00 PM,2026-10-08T02:00:00Z,Colton Dach,8482703,EDM,False,,2026-27,EDM,C,,Healthy,Unknown,,,7.0,0.0,,17.0,11.0,2026-10-07T17:50:49+00:00,ANA,Lukas Dostal,0.8883013879709187,3.1028784756930987,69.0,Unconfirmed,dailyfaceoff_name_and_stats,25.67,6.0,25.67,6.0,,58.5,43.8,A1+A2,11.48,23.0,46.3,0.98,NONE,False,False,27.51428261280349,2.637521157565061,59.5,38.5,23.0,4.6,True,,,,,50.0,,,,,,,,,,,,,,,,,,,,,,,,,,,,,,,,,,,,,,,,1.021487347486264,0.3714499445404596,,,0.0,2.588181557715705,2.1525825592645345,50.0,60.8,48.2,50.4,2.51,1.22,,,,,COOL,COOL,COOL,1.29,,COOL,Red,Red,Red,Red,46.0,49.0,52.0,43.0,GOAL,52.0,,,,,,,B,Hybrid,6.3,,88.8,,1.0,0.7265027322404373,44.31666666666667,0.7265027322404373,0.0632959603894403,6.3,6.3,1.743136517487777,0.8800300864986836,1.0154193305754042,9.539183194819762,7.911066699975018,88.8,67.5,False,,,,,,False,False,1.0,,False,0.0,,False,0.0,,,,,,,,,,,,,,,,,0.5,260.0,BetRivers,,,,,,,,,,0.5,260.0,BetRivers,,,,,,,,,,,,,,,,0.5,700.0,DraftKings,,,,,,,,,,0.5,700.0,DraftKings,0.5,700.0,DraftKings,,,,,,,,,,0.5,700.0,DraftKings,The Odds API,"[""Bally Bet"", ""BetMGM"", ""BetRivers"", ""Bovada"", ""Courtside"", ""DraftKings"", ""FanDuel"", ""Fanatics"", ""Fliff"", ""Hard Rock Bet"", ""theScore Bet""]",The Odds API,"[""Bally Bet"", ""BetMGM"", ""BetRivers"", ""Bovada"", ""Courtside"", ""DraftKings"", ""FanDuel"", ""Fanatics"", ""fanatics""]",,,,,,,,,,,,,,,,,,,,,,The Odds API,"[""Bally Bet"", ""BetRivers""]",2026-10-07T17:51:03.097302+00:00,ALTLINE_NB_v1_2026-01-18,,,,league_avg,2.3,,,,,,,,,,,,,,,,,,,,,,0.5,260.0,BetRivers,exp/fallback,0.251,0.2138288601625505,21.4,0.2777777777777778,-23.021610341481804,-23.0,0.2138288601625505,21.4,-23.021610341481804,-23.0,,,,,,,,,,,,,,,,exp/fallback,0.129,,,,,,,,,,,,,,,,,,,,,,0.5,700.0,DraftKings,exp/fallback,0.2288,0.1966204812677677,19.7,0.125,57.29638501421422,57.3,0.1966204812677677,19.7,57.29638501421422,57.3,,,,,,,,,,,,,0.5,700.0,DraftKings,exp/fallback,0.1843,0.1597620927840479,16.0,0.125,27.809674227238368,27.8,0.1597620927840479,16.0,27.809674227238368,27.8,,,,,,,,,,,,,False,False,True,True,False,,,Active roster,2026-10-07T17:51:03+00:00,False,[],2025-2026,,2026-09-24-frozen-v2,2026-10-07T17:51:05.183913+00:00
2026-10-07,EDM@ANA,2026020055,9:00 PM,2026-10-08T02:00:00Z,Connor McDavid,8478402,EDM,False,"{""season"":""2026-27"",""games"":[{""d"":""2026-10-03"",""g"":1,""a"":1,""s"":4,""pp"":0,""h"":""H"",""toi"":""26:17""},{""d"":""2026-10-01"",""g"":1,""a"":4,""s"":3,""pp"":2,""h"":""R"",""toi"":""22:03""},{""d"":""2026-09-29"",""g"":0,""a"":2,""s"":0,""pp"":0,""h"":""H"",""toi"":""22:51""}]}",2026-27,EDM,C,👑 ELITE,Healthy,Unknown,,,7.0,1.0,🟢 ROLE+,17.0,11.0,2026-10-07T17:50:49+00:00,ANA,Lukas Dostal,0.8883013879709187,3.1028784756930987,69.0,Unconfirmed,dailyfaceoff_name_and_stats,25.67,6.0,25.67,6.0,15.4,100.0,100.0,A1+A2,22.99,96.0,99.2,1.27,ELITE,True,False,27.51428261280349,2.637521157565061,59.5,38.5,23.0,4.6,True,3.0,,2.333333333333333,2.7666666666666666,77.5,9.0,2.0,7.0,2.0,7.0,7.0,9.0,9.0,7.0,7.0,7.0,7.0,GOOD,0.9,-0.6,LOW,0.45,,LOW,0.225,,GOOD,0.7,,LOW,0.35,,LOW,0.175,,LOW,0.7,,LOW,0.35,,LOW,0.175,,2.4519705011978017,0.8032317159096247,,,7.0,2.588181557715705,2.1525825592645345,50.0,60.8,73.0,50.4,27.92,9.11,37.35,11.68,4.75,20.67,HOT,HOT,HOT,18.81,6.93,HOT,Green,Green,Green,Green,92.0,85.0,89.0,93.0,ASSISTS,93.0,0.0,0.0,0.0,0.0,2.0,1.0,A,Distributor,15.0,,88.8,,2.0,3.451626016260163,283.03333333333336,3.451626016260163,0.1501144731142875,15.0,15.0,8.691025792015076,2.429395830879755,7.3666234836886115,9.539183194819762,7.911066699975018,88.8,92.6,False,,,,🅰️ D:0,🥅 GOAL EARNED,False,True,3.0,"iXG,REG,G",False,0.0,,False,0.0,,1.5,-500.0,Courtside,2.5,-170.0,Courtside,3.5,135.0,Courtside,4.5,295.0,Courtside,3.5,135.0,Courtside,0.5,-450.0,Courtside,1.5,100.0,Hard Rock Bet,2.5,320.0,Courtside,3.5,900.0,Fanatics,1.5,100.0,Hard Rock Bet,0.5,-205.0,Fanatics,1.5,230.0,Fanatics,2.5,900.0,Courtside,3.5,3000.0,Fanatics,0.5,-205.0,Fanatics,0.5,120.0,FanDuel,,,,,,,,,,0.5,120.0,FanDuel,0.5,120.0,FanDuel,,,,,,,,,,0.5,120.0,FanDuel,The Odds API,"[""Bally Bet"", ""BetMGM"", ""BetRivers"", ""Bovada"", ""Courtside"", ""DraftKings"", ""FanDuel"", ""Fanatics"", ""Fliff"", ""Hard Rock Bet"", ""fanduel"", ""theScore Bet""]",The Odds API,"[""Bally Bet"", ""BetMGM"", ""BetRivers"", ""Bovada"", ""Courtside"", ""DraftKings"", ""FanDuel"", ""Fanatics"", ""fanduel""]",0.5,-105.0,theScore Bet,1.5,410.0,BetRivers,,,,,,,0.5,-105.0,theScore Bet,The Odds API,"[""Bally Bet"", ""BetRivers"", ""Bovada"", ""Fliff"", ""Hard Rock Bet"", ""theScore Bet""]",The Odds API,"[""Bally Bet"", ""BetMGM"", ""BetOnline.ag"", ""BetRivers"", ""Bovada"", ""Courtside"", ""FanDuel"", ""Fanatics"", ""Fliff"", ""Hard Rock Bet"", ""ReBet"", ""draftkings"", ""fanduel"", ""theScore Bet""]",The Odds API,"[""Bally Bet"", ""BetMGM"", ""BetOnline.ag"", ""BetRivers"", ""Bovada"", ""Courtside"", ""FanDuel"", ""Fanatics"", ""Fliff"", ""Hard Rock Bet"", ""ReBet"", ""draftkings"", ""theScore Bet""]",The Odds API,"[""Bally Bet"", ""BetMGM"", ""BetOnline.ag"", ""BetRivers"", ""Bovada"", ""Courtside"", ""FanDuel"", ""Fanatics"", ""Fliff"", ""Hard Rock Bet"", ""ReBet"", ""betmgm"", ""theScore Bet""]",2026-10-07T17:51:03.097302+00:00,ALTLINE_NB_v1_2026-01-18,3.5,135.0,Courtside,exp/fallback,3.735,0.462572231553303,46.3,0.425531914893617,8.704474415026231,8.7,0.7903544391405984,79.0,-5.157467303128185,-5.2,0.6236069629362098,62.4,-0.9565411807196222,-1.0,0.462572231553303,46.3,8.704474415026231,8.7,0.3264942402150323,32.6,28.96522488493779,29.0,1.5,100.0,Hard Rock Bet,exp/fallback,2.7920000000000003,0.6560177196351444,65.6,0.5,31.20354392702889,31.2,0.8573929034770208,85.7,4.792465980524763,4.8,0.6560177196351444,65.6,31.20354392702889,31.2,0.4640737223316848,46.4,94.91096337930765,94.9,0.3104822817758246,31.0,210.48228177582456,210.5,0.5,-205.0,Fanatics,exp/fallback,1.881,0.7344338571337804,73.4,0.6721311475409836,9.26942752478196,9.3,0.7344338571337804,73.4,9.26942752478196,9.3,0.4770105565765224,47.7,57.4134836702524,57.4,0.2898629547928834,29.0,189.86295479288336,189.9,0.1689234584585967,16.9,423.6627212216497,423.7,0.5,120.0,FanDuel,exp/fallback,0.5444,0.3889232804872459,38.9,0.4545454545454545,-14.436878292805904,-14.4,0.3889232804872459,38.9,-14.436878292805904,-14.4,,,,,,,,,,,,,0.5,120.0,FanDuel,exp/fallback,0.6971499999999999,0.4372794562200058,43.7,0.4545454545454545,-3.798519631598718,-3.8,0.4372794562200058,43.7,-3.798519631598718,-3.8,,,,,,,,,,,,,False,True,False,False,False,15.4,,Active roster,2026-10-07T17:51:03+00:00,False,"[{""market"":""Points"",""name"":""DPS Tank stance"",""kind"":""STANCE"",""rule"":""Conf_Points >= 75"",""icon"":""PTS15_TWO_HANDED_HAMMER.svg"",""kit_version"":""2026-09-24-frozen-v2""},{""market"":""Points"",""name"":""Blade Impale"",""kind"":""SPECIAL"",""rule"":""Conf_Points >= 83 + Goal_ProofCount >= 3"",""icon"":""PTS15_BLADE_IMPALE.svg"",""kit_version"":""2026-09-24-frozen-v2""},{""market"":""Points"",""name"":""Blade Slash"",""kind"":""SPECIAL"",""rule"":""Conf_Points >= 75 + Goal_Model% >= 33.4 + Opp_PK_xGA60 >= 7.38249"",""icon"":""PTS15_BLADE_SLASH.svg"",""kit_version"":""2026-09-24-frozen-v2""},{""market"":""Points"",""name"":""Ragnarok"",""kind"":""ULTIMATE"",""rule"":""Blade Impale + Blade Slash"",""icon"":""PTS15_POLARIZING_SMASH.svg"",""kit_version"":""2026-09-24-frozen-v2""},{""market"":""Assists"",""name"":""Staff (Green Stance)"",""kind"":""STANCE"",""rule"":""Green + Assists 0.5"",""icon"":""staff.svg"",""kit_version"":""2026-09-24-frozen-v2""},{""market"":""Assists"",""name"":""Staff Awakened"",""kind"":""STANCE"",""rule"":""Green + Assists 0.5 + Conf_Assists ≥ 83"",""icon"":""staff.svg"",""kit_version"":""2026-09-24-frozen-v2""},{""market"":""Assists"",""name"":""Arcane Channel I"",""kind"":""VOLUME"",""rule"":""Green + Assists 0.5 + Conf_Assists ≥ 83 + PP_Points60 ≥ 5.3"",""icon"":""arcane_channel_i.svg"",""kit_version"":""2026-09-24-frozen-v2""},{""market"":""Assists"",""name"":""Runic Infusion"",""kind"":""VOLUME"",""rule"":""Green + Assists 0.5 + Conf_Assists ≥ 83 + PP_iXA60 ≥ 4.4"",""icon"":""runic_infusion.svg"",""kit_version"":""2026-09-24-frozen-v2""},{""market"":""Assists"",""name"":""Assist Dagger"",""kind"":""VOLUME"",""rule"":""Green + Assists 0.5 + Conf_Assists ≥ 83 + Assist_Dagger ≥ 86"",""icon"":""magic-dagger.svg"",""kit_version"":""2026-09-24-frozen-v2""},{""market"":""Assists"",""name"":""Rune Orchestration"",""kind"":""HEAVY"",""rule"":""Green + Assists 0.5 + Conf_Assists ≥ 83 + PP_Points60 ≥ 5.3 + Assists_mu ≥ 1.4"",""icon"":""runic_infusion.svg"",""kit_version"":""2026-09-24-frozen-v2""},{""market"":""SOG"",""name"":""Sniper Stance"",""kind"":""STANCE"",""rule"":""Green + SOG 3.5 + Conf_SOG >= 75"",""icon"":""sog_class_shooter.svg"",""kit_version"":""2026-09-24-frozen-v2""},{""market"":""Goal"",""name"":""Base Attack"",""kind"":""BASE ATTACK"",""rule"":""Goal_mu >= 0.4048"",""icon"":""base.svg"",""kit_version"":""2026-09-24-frozen-v2""},{""market"":""Goal"",""name"":""Weakened Armor"",""kind"":""WEAK DEFENSE"",""rule"":""Opp_PK_xGA60 >= 7.3"",""icon"":""shattered_armor.svg"",""kit_version"":""2026-09-24-frozen-v2""},{""market"":""Goal"",""name"":""Fallen Guardian"",""kind"":""WEAK DEFENSE"",""rule"":""Opp_GAA >= 3.01"",""icon"":""fenrir_claw.svg"",""kit_version"":""2026-09-24-frozen-v2""},{""market"":""Goal"",""name"":""Armor Sunder"",""kind"":""HEAVY ATTACK"",""rule"":""Goal_mu >= 0.4048 + Opp_PK_xGA60 >= 7.3"",""icon"":""smash.svg"",""kit_version"":""2026-09-24-frozen-v2""},{""market"":""Goal"",""name"":""Berserker Aggression"",""kind"":""HEAVY ATTACK"",""rule"":""Goal_mu >= 0.4048 + Opp_GAA >= 3.01"",""icon"":""fury.svg"",""kit_version"":""2026-09-24-frozen-v2""},{""market"":""Goal"",""name"":""Press the Attack"",""kind"":""SPECIAL ATTACK"",""rule"":""Goal_mu >= 0.4048 + Opp_PK_xGA60 >= 7.3 + Opp_GAA >= 2.85"",""icon"":""smash.svg"",""kit_version"":""2026-09-24-frozen-v2""},{""market"":""Goal"",""name"":""Press the Attack (Crit)"",""kind"":""SPECIAL ATTACK"",""rule"":""Goal_mu >= 0.4048 + Opp_PK_xGA60 >= 7.3 + Opp_GAA >= 3.01"",""icon"":""smash.svg"",""kit_version"":""2026-09-24-frozen-v2""}]",2025-2026,,2026-09-24-frozen-v2,2026-10-07T17:51:05.183913+00:00
2026-10-07,EDM@ANA,2026020055,9:00 PM,2026-10-08T02:00:00Z,Connor Murphy,8476473,EDM,False,,2026-27,EDM,D,,Healthy,Unknown,,,7.0,1.0,🟢 ROLE+,17.0,11.0,2026-10-07T17:50:49+00:00,ANA,Lukas Dostal,0.8883013879709187,3.1028784756930987,69.0,Unconfirmed,dailyfaceoff_name_and_stats,25.67,6.0,25.67,6.0,,33.9,54.3,A1+A2,17.54,72.0,48.7,1.0,NONE,False,False,27.51428261280349,2.637521157565061,59.5,38.5,23.0,4.6,True,,,,,50.0,,,,,,,,,,,,,,,,,,,,,,,,,,,,,,,,,,,,,,,,0.7225599265970868,0.15483426998509,,,0.0,2.588181557715705,2.1525825592645345,50.0,60.8,40.8,50.4,1.83,0.34,,,,,COOL,COOL,COOL,1.49,,COOL,Red,Red,Red,Red,57.0,42.0,42.0,50.0,POINTS,57.0,,,,,,,C,Passenger,0.2,,88.8,,0.0,0.0297916666666666,2.3833333333333333,0.0297916666666666,0.0016984583224457,0.2,0.2,0.0,0.0,0.0,9.539183194819762,7.911066699975018,88.8,38.2,False,,,,,,False,False,1.0,,False,0.0,,False,0.0,,,,,,,,,,,,,,,,,,,,,,,,,,,,,,,,,,,,,,,,,,,,,,,0.5,1800.0,FanDuel,,,,,,,,,,0.5,1800.0,FanDuel,0.5,1800.0,FanDuel,,,,,,,,,,0.5,1800.0,FanDuel,The Odds API,"[""Bally Bet"", ""BetMGM"", ""BetRivers"", ""Bovada"", ""Courtside"", ""DraftKings"", ""FanDuel"", ""Fanatics"", ""Fliff"", ""Hard Rock Bet"", ""theScore Bet""]",The Odds API,"[""Bally Bet"", ""BetMGM"", ""BetRivers"", ""Bovada"", ""Courtside"", ""DraftKings"", ""FanDuel"", ""Fanatics"", ""betmgm""]",,,,,,,,,,,,,,,,,,,,,,,,2026-10-07T17:51:03.097302+00:00,ALTLINE_NB_v1_2026-01-18,,,,league_avg,2.3,,,,,,,,,,,,,,,,,,,,,,,,,exp/fallback,0.183,,,,,,,,,,,,,,,,,,,,,,,,,exp/fallback,0.149,,,,,,,,,,,,,,,,,,,,,,0.5,1800.0,FanDuel,exp/fallback,0.1936,0.1701162452154071,17.0,0.0526315789473684,223.2208659092736,223.2,0.1701162452154071,17.0,223.2208659092736,223.2,,,,,,,,,,,,,0.5,1800.0,FanDuel,exp/fallback,0.1271,0.1149597639007977,11.5,0.0526315789473684,118.42355141151576,118.4,0.1149597639007977,11.5,118.42355141151576,118.4,,,,,,,,,,,,,False,False,True,True,False,,,Active roster,2026-10-07T17:51:03+00:00,False,[],2025-2026,,2026-09-24-frozen-v2,2026-10-07T17:51:05.183913+00:00
2026-10-07,EDM@ANA,2026020055,9:00 PM,2026-10-08T02:00:00Z,Evan Bouchard,8480803,EDM,False,"{""season"":""2026-27"",""games"":[{""d"":""2026-10-03"",""g"":0,""a"":0,""s"":2,""pp"":0,""h"":""H"",""toi"":""27:01""},{""d"":""2026-10-01"",""g"":1,""a"":2,""s"":4,""pp"":0,""h"":""R"",""toi"":""24:21""},{""d"":""2026-09-29"",""g"":3,""a"":2,""s"":6,""pp"":1,""h"":""H"",""toi"":""25:41""}]}",2026-27,EDM,D,⭐ STAR,Healthy,Unknown,,,7.0,1.0,🟢 ROLE+,17.0,11.0,2026-10-07T17:50:49+00:00,ANA,Lukas Dostal,0.8883013879709187,3.1028784756930987,69.0,Unconfirmed,dailyfaceoff_name_and_stats,25.67,6.0,25.67,6.0,20.5,76.4,99.7,A1+A2,24.68,98.5,89.0,1.19,STAR,False,True,27.51428261280349,2.637521157565061,59.5,38.5,23.0,4.6,True,4.0,,4.0,4.0,92.5,8.0,4.0,12.0,4.0,4.0,4.0,8.0,8.0,4.0,4.0,12.0,12.0,GOOD,0.8,-0.7,LOW,0.4,,LOW,0.2,,LOW,0.4,,LOW,0.2,,LOW,0.1,,LOW,1.2,,LOW,0.6,,LOW,0.3,,1.8441596044411284,0.761718097486553,,,4.0,2.588181557715705,2.1525825592645345,50.0,60.8,66.5,50.4,17.43,2.39,44.0,4.91,-1.83,28.0,HOT,COOL,HOT,14.51,6.75,HOT,Green,Yellow,Red,Green,91.0,76.0,83.0,87.0,POINTS,91.0,1.0,1.0,1.0,0.0,1.0,2.0,A,Distributor,14.1,,88.8,,2.0,3.478252032520325,285.21666666666664,3.478252032520325,0.140946341061648,14.1,14.1,4.78215391807398,0.9824110325483552,4.470285747677205,9.539183194819762,7.911066699975018,88.8,90.8,False,,,,🅿️ D:1,,False,False,2.0,,False,0.0,,False,0.0,,1.5,-350.0,Courtside,2.5,-115.0,BetMGM,3.5,205.0,Courtside,4.5,460.0,Fanatics,2.5,-115.0,BetMGM,0.5,-220.0,BetMGM,1.5,200.0,Bovada,2.5,700.0,Bovada,3.5,1900.0,Fanatics,1.5,200.0,Bovada,0.5,-140.0,Hard Rock Bet,1.5,310.0,Fanatics,2.5,1100.0,Fanatics,3.5,4000.0,Fanatics,0.5,-140.0,Hard Rock Bet,0.5,295.0,BetRivers,,,,,,,,,,0.5,295.0,BetRivers,0.5,295.0,BetRivers,,,,,,,,,,0.5,295.0,BetRivers,The Odds API,"[""Bally Bet"", ""BetMGM"", ""BetRivers"", ""Bovada"", ""Courtside"", ""DraftKings"", ""FanDuel"", ""Fanatics"", ""Fliff"", ""Hard Rock Bet"", ""theScore Bet""]",The Odds API,"[""Bally Bet"", ""BetMGM"", ""BetRivers"", ""Bovada"", ""Courtside"", ""DraftKings"", ""FanDuel"", ""Fanatics"", ""betrivers""]",0.5,128.0,BetRivers,1.5,500.0,Bovada,,,,,,,0.5,128.0,BetRivers,The Odds API,"[""Bally Bet"", ""BetRivers"", ""Bovada"", ""Fliff"", ""Hard Rock Bet"", ""theScore Bet""]",The Odds API,"[""Bally Bet"", ""BetMGM"", ""BetOnline.ag"", ""BetRivers"", ""Bovada"", ""Courtside"", ""FanDuel"", ""Fanatics"", ""Fliff"", ""Hard Rock Bet"", ""ReBet"", ""betmgm"", ""theScore Bet""]",The Odds API,"[""Bally Bet"", ""BetMGM"", ""BetOnline.ag"", ""BetRivers"", ""Bovada"", ""Courtside"", ""FanDuel"", ""Fanatics"", ""Fliff"", ""Hard Rock Bet"", ""ReBet"", ""betmgm"", ""theScore Bet""]",The Odds API,"[""Bally Bet"", ""BetMGM"", ""BetOnline.ag"", ""BetRivers"", ""Bovada"", ""Courtside"", ""FanDuel"", ""Fanatics"", ""Fliff"", ""Hard Rock Bet"", ""ReBet"", ""betmgm"", ""draftkings"", ""theScore Bet""]",2026-10-07T17:51:03.097302+00:00,ALTLINE_NB_v1_2026-01-18,2.5,-115.0,BetMGM,exp/fallback,4.4,0.6997648990094818,70.0,0.5348837209302325,30.8256115539466,30.8,0.8408462474360943,84.1,8.108803241783546,8.1,0.6997648990094818,70.0,30.8256115539466,30.8,0.551965391133983,55.2,68.3494442958648,68.3,0.4164825089147759,41.6,133.23020499227448,133.2,1.5,200.0,Bovada,exp/fallback,1.743,0.4658895721297946,46.6,0.3333333333333333,39.7668716389384,39.8,0.7435336501416847,74.4,8.150349111517773,8.2,0.4658895721297946,46.6,39.7668716389384,39.8,0.2630044450325375,26.3,110.40355602603,110.4,0.1385426953763399,13.9,177.0853907526798,177.1,0.5,-140.0,Hard Rock Bet,exp/fallback,1.451,0.6641308828210588,66.4,0.5833333333333334,13.851008483610084,13.9,0.6641308828210588,66.4,13.851008483610084,13.9,0.3816932768942875,38.2,56.494243526657904,56.5,0.2035636190271135,20.4,144.27634283253622,144.3,0.1037022711800085,10.4,325.17931183803495,325.2,0.5,295.0,BetRivers,exp/fallback,0.2756,0.2300583301325617,23.0,0.2531645569620253,-9.126959597638118,-9.1,0.2300583301325617,23.0,-9.126959597638118,-9.1,,,,,,,,,,,,,0.5,295.0,BetRivers,exp/fallback,0.26035,0.2137874587252117,21.4,0.2531645569620253,-15.553953803541354,-15.6,0.2137874587252117,21.4,-15.553953803541354,-15.6,,,,,,,,,,,,,True,True,False,False,True,20.5,,Active roster,2026-10-07T17:51:03+00:00,False,"[{""market"":""Points"",""name"":""DPS Tank stance"",""kind"":""STANCE"",""rule"":""Conf_Points >= 75"",""icon"":""PTS15_TWO_HANDED_HAMMER.svg"",""kit_version"":""2026-09-24-frozen-v2""},{""market"":""Assists"",""name"":""Staff (Green Stance)"",""kind"":""STANCE"",""rule"":""Green + Assists 0.5"",""icon"":""staff.svg"",""kit_version"":""2026-09-24-frozen-v2""},{""market"":""Assists"",""name"":""Staff Awakened"",""kind"":""STANCE"",""rule"":""Green + Assists 0.5 + Conf_Assists ≥ 83"",""icon"":""staff.svg"",""kit_version"":""2026-09-24-frozen-v2""},{""market"":""Assists"",""name"":""Runic Infusion"",""kind"":""VOLUME"",""rule"":""Green + Assists 0.5 + Conf_Assists ≥ 83 + PP_iXA60 ≥ 4.4"",""icon"":""runic_infusion.svg"",""kit_version"":""2026-09-24-frozen-v2""},{""market"":""Assists"",""name"":""Assist Dagger"",""kind"":""VOLUME"",""rule"":""Green + Assists 0.5 + Conf_Assists ≥ 83 + Assist_Dagger ≥ 86"",""icon"":""magic-dagger.svg"",""kit_version"":""2026-09-24-frozen-v2""}]",2025-2026,,2026-09-24-frozen-v2,2026-10-07T17:51:05.183913+00:00
2026-10-07,EDM@ANA,2026020055,9:00 PM,2026-10-08T02:00:00Z,Isaac Howard,8483455,EDM,False,,2026-27,EDM,L,,Healthy,Unknown,,,7.0,0.0,,17.0,11.0,2026-10-07T17:50:49+00:00,ANA,Lukas Dostal,0.8883013879709187,3.1028784756930987,69.0,Unconfirmed,dailyfaceoff_name_and_stats,25.67,6.0,25.67,6.0,,42.1,28.5,A1+A2,10.31,15.0,31.9,0.94,NONE,False,False,27.51428261280349,2.637521157565061,59.5,38.5,23.0,4.6,True,,,,,50.0,,,,,,,,,,,,,,,,,,,,,,,,,,,,,,,,,,,,,,,,1.054234508609582,0.4216938034438327,,,0.0,2.588181557715705,2.1525825592645345,50.0,60.8,49.8,50.4,2.29,1.32,,,,,COOL,COOL,COOL,0.97,,COOL,Red,Red,Red,Red,37.0,40.0,42.0,33.0,GOAL,42.0,,,,,,,C,Passenger,4.3,,88.8,,0.0,0.4454022988505747,12.916666666666666,0.4454022988505747,0.043197146201438,4.3,4.3,0.0929032258064516,0.0929032258064516,0.0,9.539183194819762,7.911066699975018,88.8,53.7,False,,,,,,False,False,1.0,,False,0.0,,False,0.0,,,,,,,,,,,,,,,,,,,,,,,,,,,,,,,,,,,,,,,,,,,,,,,0.5,500.0,Fanatics,,,,,,,,,,0.5,500.0,Fanatics,0.5,500.0,Fanatics,,,,,,,,,,0.5,500.0,Fanatics,The Odds API,"[""Bally Bet"", ""BetMGM"", ""BetRivers"", ""Bovada"", ""Courtside"", ""DraftKings"", ""FanDuel"", ""Fanatics"", ""Fliff"", ""Hard Rock Bet"", ""theScore Bet""]",The Odds API,"[""Bally Bet"", ""BetMGM"", ""BetRivers"", ""Bovada"", ""Courtside"", ""DraftKings"", ""FanDuel"", ""Fanatics"", ""fanatics""]",,,,,,,,,,,,,,,,,,,,,,,,2026-10-07T17:51:03.097302+00:00,ALTLINE_NB_v1_2026-01-18,,,,league_avg,2.3,,,,,,,,,,,,,,,,,,,,,,,,,exp/fallback,0.229,,,,,,,,,,,,,,,,,,,,,,,,,exp/fallback,0.097,,,,,,,,,,,,,,,,,,,,,,0.5,500.0,Fanatics,exp/fallback,0.2328,0.1995570218262653,20.0,0.1666666666666666,19.7342130957592,19.7,0.1995570218262653,20.0,19.7342130957592,19.7,,,,,,,,,,,,,0.5,500.0,Fanatics,exp/fallback,0.1908,0.1646161133098411,16.5,0.1666666666666666,-1.2303320140953034,-1.2,0.1646161133098411,16.5,-1.2303320140953034,-1.2,,,,,,,,,,,,,False,False,True,False,False,,,Active roster,2026-10-07T17:51:03+00:00,False,[],2025-2026,,2026-09-24-frozen-v2,2026-10-07T17:51:05.183913+00:00
2026-10-07,EDM@ANA,2026020055,9:00 PM,2026-10-08T02:00:00Z,Jake Walman,8478013,EDM,False,,2026-27,EDM,D,,Healthy,Unknown,,,7.0,1.0,🟢 ROLE+,17.0,11.0,2026-10-07T17:50:49+00:00,ANA,Lukas Dostal,0.8883013879709187,3.1028784756930987,69.0,Unconfirmed,dailyfaceoff_name_and_stats,25.67,6.0,25.67,6.0,,46.1,54.3,A1+A2,18.75,79.0,55.5,1.02,NONE,False,False,27.51428261280349,2.637521157565061,59.5,38.5,23.0,4.6,True,,,,,50.0,,,,,,,,,,,,,,,,,,,,,,,,,,,,,,,,,,,,,,,,1.022436807725078,0.4089747230900312,,,0.0,2.588181557715705,2.1525825592645345,50.0,60.8,48.5,50.4,3.22,0.91,,,,,COOL,COOL,COOL,2.31,,COOL,Red,Red,Red,Red,59.0,49.0,49.0,54.0,POINTS,59.0,,,,,,,C,Passenger,3.6,,88.8,,0.0,0.6657232704402516,35.28333333333333,0.6657232704402516,0.0355040501786103,3.6,3.6,1.6962683042040625,0.6121870571563534,1.2753897024090697,9.539183194819762,7.911066699975018,88.8,66.4,False,,,,,,False,False,1.0,,False,0.0,,False,0.0,,1.5,-180.0,BetRivers,,,,,,,,,,1.5,-180.0,BetRivers,0.5,175.0,BetRivers,1.5,950.0,BetRivers,,,,,,,0.5,175.0,BetRivers,0.5,240.0,BetRivers,,,,,,,,,,0.5,240.0,BetRivers,0.5,850.0,DraftKings,,,,,,,,,,0.5,850.0,DraftKings,0.5,850.0,DraftKings,,,,,,,,,,0.5,850.0,DraftKings,The Odds API,"[""Bally Bet"", ""BetMGM"", ""BetRivers"", ""Bovada"", ""Courtside"", ""DraftKings"", ""FanDuel"", ""Fanatics"", ""Fliff"", ""Hard Rock Bet"", ""theScore Bet""]",The Odds API,"[""Bally Bet"", ""BetMGM"", ""BetRivers"", ""Bovada"", ""Courtside"", ""DraftKings"", ""FanDuel"", ""Fanatics"", ""fanatics""]",,,,,,,,,,,,,,,,,,The Odds API,"[""Bally Bet"", ""BetRivers""]",The Odds API,"[""Bally Bet"", ""BetRivers""]",The Odds API,"[""Bally Bet"", ""BetRivers""]",2026-10-07T17:51:03.097302+00:00,ALTLINE_NB_v1_2026-01-18,1.5,-180.0,BetRivers,league_avg,2.3,0.6001759479749428,60.0,0.6428571428571429,-6.639296981675569,-6.6,0.6001759479749428,60.0,-6.639296981675569,-6.6,,,,,,,,,,,,,0.5,175.0,BetRivers,exp/fallback,0.322,0.2629597982995142,26.3,0.3636363636363636,-27.68605546763359,-27.7,0.2629597982995142,26.3,-27.68605546763359,-27.7,0.04967055146968,5.0,-47.845920956835975,-47.8,,,,,,,,,0.5,240.0,BetRivers,exp/fallback,0.231,0.1963612846245228,19.6,0.2941176470588235,-33.23716322766224,-33.2,0.1963612846245228,19.6,-33.23716322766224,-33.2,,,,,,,,,,,,,0.5,850.0,DraftKings,exp/fallback,0.2163999999999999,0.1874207702211061,18.7,0.1052631578947368,78.04973171005084,78.0,0.1874207702211061,18.7,78.04973171005084,78.0,,,,,,,,,,,,,0.5,850.0,DraftKings,exp/fallback,0.16415,0.1444149520255159,14.4,0.1052631578947368,37.19420442424012,37.2,0.1444149520255159,14.4,37.19420442424012,37.2,,,,,,,,,,,,,False,False,True,True,False,,,Active roster,2026-10-07T17:51:03+00:00,False,[],2025-2026,,2026-09-24-frozen-v2,2026-10-07T17:51:05.183913+00:00
2026-10-07,EDM@ANA,2026020055,9:00 PM,2026-10-08T02:00:00Z,Josh Samanski,8484509,EDM,False,,2026-27,EDM,C,,Healthy,Unknown,,,7.0,0.0,,17.0,11.0,2026-10-07T17:50:49+00:00,ANA,Lukas Dostal,0.8883013879709187,3.1028784756930987,69.0,Unconfirmed,dailyfaceoff_name_and_stats,25.67,6.0,25.67,6.0,,24.1,24.0,A1+A2,10.56,17.0,22.7,0.94,NONE,False,False,27.51428261280349,2.637521157565061,59.5,38.5,23.0,4.6,True,,,,,50.0,,,,,,,,,,,,,,,,,,,,,,,,,,,,,,,,,,,,,,,,0.9944064636420136,0.2486016159105034,,,0.0,2.588181557715705,2.1525825592645345,50.0,60.8,47.2,50.4,1.27,0.48,,,,,COOL,COOL,COOL,0.78,,COOL,Red,Red,Red,Red,35.0,30.0,31.0,29.0,POINTS,35.0,,,,,,,C,Passenger,0.0,,88.8,,0.0,0.0,0.0,0.0,0.0,0.0,0.0,0.0,,,9.539183194819762,7.911066699975018,88.8,21.9,False,,,,,,False,False,1.0,,False,0.0,,False,0.0,,,,,,,,,,,,,,,,,,,,,,,,,,,,,,,,,,,,,,,,,,,,,,,0.5,900.0,Fanatics,,,,,,,,,,0.5,900.0,Fanatics,0.5,900.0,Fanatics,,,,,,,,,,0.5,900.0,Fanatics,The Odds API,"[""Bally Bet"", ""BetMGM"", ""BetRivers"", ""Bovada"", ""Courtside"", ""DraftKings"", ""FanDuel"", ""Fanatics"", ""Hard Rock Bet"", ""theScore Bet""]",The Odds API,"[""Bally Bet"", ""BetMGM"", ""BetRivers"", ""Bovada"", ""Courtside"", ""DraftKings"", ""FanDuel"", ""Fanatics""]",,,,,,,,,,,,,,,,,,,,,,,,2026-10-07T17:51:03.097302+00:00,ALTLINE_NB_v1_2026-01-18,,,,league_avg,2.3,,,,,,,,,,,,,,,,,,,,,,,,,exp/fallback,0.127,,,,,,,,,,,,,,,,,,,,,,,,,exp/fallback,0.078,,,,,,,,,,,,,,,,,,,,,,0.5,900.0,Fanatics,exp/fallback,0.1992,0.1744139261724405,17.4,0.1,74.41392617244055,74.4,0.1744139261724405,17.4,74.41392617244055,74.4,,,,,,,,,,,,,0.5,900.0,Fanatics,exp/fallback,0.1362,0.1223477767401269,12.2,0.1,22.347776740126967,22.3,0.1223477767401269,12.2,22.347776740126967,22.3,,,,,,,,,,,,,False,False,True,True,False,,,Active roster,2026-10-07T17:51:03+00:00,False,[],2025-2026,,2026-09-24-frozen-v2,2026-10-07T17:51:05.183913+00:00
2026-10-07,EDM@ANA,2026020055,9:00 PM,2026-10-08T02:00:00Z,Kasperi Kapanen,8477953,EDM,False,,2026-27,EDM,R,,Healthy,Unknown,,,7.0,0.0,,17.0,11.0,2026-10-07T17:50:49+00:00,ANA,Lukas Dostal,0.8883013879709187,3.1028784756930987,69.0,Unconfirmed,dailyfaceoff_name_and_stats,25.67,6.0,25.67,6.0,,52.8,46.6,A1+A2,14.59,48.5,49.8,1.0,NONE,False,False,27.51428261280349,2.637521157565061,59.5,38.5,23.0,4.6,True,,,,,50.0,,,,,,,,,,,,,,,,,,,,,,,,,,,,,,,,,,,,,,,,1.779975278121137,0.8899876390605687,,,0.0,2.588181557715705,2.1525825592645345,50.0,60.8,65.2,50.4,3.7,1.51,,,,,COOL,COOL,COOL,2.19,,COOL,Red,Red,Red,Red,51.0,48.0,50.0,49.0,POINTS,51.0,,,,,,,C,Passenger,1.8,,88.8,,0.0,0.2609756097560975,10.7,0.2609756097560975,0.0178864959741453,1.8,1.8,0.0560747663551401,0.0560747663551401,0.0,9.539183194819762,7.911066699975018,88.8,48.8,False,,,,,,False,False,1.0,,False,0.0,,False,0.0,,1.5,-135.0,BetOnline.ag,2.5,220.0,BetOnline.ag,3.5,600.0,BetOnline.ag,4.5,1750.0,BetOnline.ag,1.5,-135.0,BetOnline.ag,0.5,110.0,Fanatics,1.5,550.0,Fanatics,2.5,2500.0,Fanatics,3.5,4200.0,BetOnline.ag,0.5,110.0,Fanatics,0.5,220.0,draftkings,1.5,1500.0,Fanatics,,,,,,,0.5,220.0,draftkings,0.5,280.0,Fliff,,,,,,,,,,0.5,280.0,Fliff,0.5,280.0,FanDuel,,,,,,,,,,0.5,280.0,FanDuel,The Odds API,"[""Bally Bet"", ""BetMGM"", ""BetRivers"", ""Bovada"", ""Courtside"", ""DraftKings"", ""FanDuel"", ""Fanatics"", ""Fliff"", ""Hard Rock Bet"", ""theScore Bet""]",The Odds API,"[""Bally Bet"", ""BetMGM"", ""BetRivers"", ""Bovada"", ""Courtside"", ""DraftKings"", ""FanDuel"", ""Fanatics"", ""fanduel""]",0.5,230.0,Hard Rock Bet,,,,,,,,,,0.5,230.0,Hard Rock Bet,The Odds API,"[""Bally Bet"", ""BetRivers"", ""Bovada"", ""Fliff"", ""Hard Rock Bet"", ""theScore Bet""]",The Odds API,"[""Bally Bet"", ""BetMGM"", ""BetOnline.ag"", ""BetRivers"", ""Bovada"", ""Courtside"", ""Fanatics"", ""Fliff"", ""Hard Rock Bet"", ""ReBet"", ""theScore Bet""]",BallDontLie,"[""Bally Bet"", ""BetMGM"", ""BetOnline.ag"", ""BetRivers"", ""Bovada"", ""Courtside"", ""FanDuel"", ""Fanatics"", ""Fliff"", ""Hard Rock Bet"", ""ReBet"", ""draftkings"", ""theScore Bet""]",The Odds API,"[""Bally Bet"", ""BetMGM"", ""BetOnline.ag"", ""BetRivers"", ""Bovada"", ""Courtside"", ""FanDuel"", ""Fanatics"", ""Fliff"", ""Hard Rock Bet"", ""ReBet"", ""draftkings"", ""theScore Bet""]",2026-10-07T17:51:03.097302+00:00,ALTLINE_NB_v1_2026-01-18,1.5,-135.0,BetOnline.ag,league_avg,2.3,0.6001759479749428,60.0,0.574468085106383,4.475072425267817,4.5,0.6001759479749428,60.0,4.475072425267817,4.5,0.3835789960842564,38.4,22.74527874696205,22.7,0.2254288407355011,22.5,57.80018851485082,57.8,0.1243884637071297,12.4,130.11865785819006,130.1,0.5,110.0,Fanatics,exp/fallback,0.37,0.2938508012022753,29.4,0.4761904761904761,-38.29133174752217,-38.3,0.2938508012022753,29.4,-38.29133174752217,-38.3,0.0625314532118741,6.3,-59.354555412281805,-59.4,0.0113831511661878,1.1,-70.40380696791166,-70.4,0.0018886013693052,0.2,-91.87901411198746,-91.9,0.5,220.0,draftkings,exp/fallback,0.219,0.1876458810295206,18.8,0.3125,-39.953318070553394,-40.0,0.1876458810295206,18.8,-39.953318070553394,-40.0,0.0272983803043878,2.7,-56.32259151297952,-56.3,,,,,,,,,0.5,280.0,Fliff,exp/fallback,0.2404,0.2050951906640308,20.5,0.2631578947368421,-22.06382754766829,-22.1,0.2050951906640308,20.5,-22.06382754766829,-22.1,,,,,,,,,,,,,0.5,280.0,FanDuel,exp/fallback,0.20315,0.1737122623314922,17.4,0.2631578947368421,-33.98934031403294,-34.0,0.1737122623314922,17.4,-33.98934031403294,-34.0,,,,,,,,,,,,,False,False,False,False,False,,,Active roster,2026-10-07T17:51:03+00:00,False,[],2025-2026,,2026-09-24-frozen-v2,2026-10-07T17:51:05.183913+00:00
2026-10-07,EDM@ANA,2026020055,9:00 PM,2026-10-08T02:00:00Z,Leon Draisaitl,8477934,EDM,False,"{""season"":""2026-27"",""games"":[{""d"":""2026-10-03"",""g"":1,""a"":0,""s"":6,""pp"":0,""h"":""H"",""toi"":""24:08""},{""d"":""2026-10-01"",""g"":2,""a"":1,""s"":5,""pp"":1,""h"":""R"",""toi"":""20:19""},{""d"":""2026-09-29"",""g"":0,""a"":1,""s"":5,""pp"":1,""h"":""H"",""toi"":""21:15""}]}",2026-27,EDM,C,👑 ELITE,Healthy,Unknown,,,7.0,1.0,🟢 ROLE+,17.0,11.0,2026-10-07T17:50:49+00:00,ANA,Lukas Dostal,0.8883013879709187,3.1028784756930987,69.0,Unconfirmed,dailyfaceoff_name_and_stats,25.67,6.0,25.67,6.0,25.6,92.3,98.7,A1+A2,21.58,92.5,94.6,1.25,ELITE,True,False,27.51428261280349,2.637521157565061,59.5,38.5,23.0,4.6,True,5.0,,5.333333333333333,5.116666666666666,97.5,5.0,3.0,16.0,3.0,2.0,2.0,5.0,5.0,2.0,2.0,16.0,16.0,LOW,0.5,-1.0,LOW,0.25,,LOW,0.125,,LOW,0.2,,LOW,0.1,,LOW,0.05,,LOW,1.6,,LOW,0.8,,LOW,0.4,,2.42098184263618,1.0697361630252888,,,2.0,2.588181557715705,2.1525825592645345,50.0,60.8,72.8,50.4,22.29,6.21,69.08,11.51,1.6,35.17,HOT,WARM,HOT,16.08,9.91,HOT,Green,Green,Green,Green,90.0,85.0,90.0,89.0,POINTS,90.0,0.0,1.0,0.0,0.0,2.0,1.0,A,Distributor,16.1,,88.8,,2.0,3.4679487179487176,225.41666666666663,3.4679487179487176,0.1607382669978488,16.1,16.1,7.500110905730129,2.5792236598890943,5.789279112754159,9.539183194819762,7.911066699975018,88.8,94.7,False,,,,🅿️ D:0,🥅 GOAL EARNED,False,True,4.0,"iXG,SOG,REG,G",False,0.0,,False,0.0,,1.5,-475.0,Courtside,2.5,-165.0,Courtside,3.5,140.0,Courtside,4.5,310.0,Fanatics,3.5,140.0,Courtside,0.5,-380.0,Courtside,1.5,120.0,theScore Bet,2.5,390.0,Bovada,3.5,1100.0,Fanatics,1.5,120.0,theScore Bet,0.5,-150.0,Bovada,1.5,330.0,Bovada,2.5,1200.0,Courtside,3.5,4000.0,Fanatics,0.5,-150.0,Bovada,0.5,115.0,DraftKings,,,,,,,,,,0.5,115.0,DraftKings,0.5,115.0,DraftKings,,,,,,,,,,0.5,115.0,DraftKings,The Odds API,"[""Bally Bet"", ""BetMGM"", ""BetRivers"", ""Bovada"", ""Courtside"", ""DraftKings"", ""FanDuel"", ""Fanatics"", ""Fliff"", ""Hard Rock Bet"", ""fanduel"", ""theScore Bet""]",The Odds API,"[""Bally Bet"", ""BetMGM"", ""BetRivers"", ""Bovada"", ""Courtside"", ""DraftKings"", ""FanDuel"", ""Fanatics"", ""betmgm""]",0.5,115.0,Hard Rock Bet,1.5,525.0,BetRivers,,,,,,,0.5,115.0,Hard Rock Bet,The Odds API,"[""Bally Bet"", ""BetRivers"", ""Bovada"", ""Fliff"", ""Hard Rock Bet"", ""theScore Bet""]",The Odds API,"[""Bally Bet"", ""BetMGM"", ""BetOnline.ag"", ""BetRivers"", ""Bovada"", ""Courtside"", ""FanDuel"", ""Fanatics"", ""Fliff"", ""Hard Rock Bet"", ""ReBet"", ""draftkings"", ""fanduel"", ""theScore Bet""]",The Odds API,"[""Bally Bet"", ""BetMGM"", ""BetOnline.ag"", ""BetRivers"", ""Bovada"", ""Courtside"", ""FanDuel"", ""Fanatics"", ""Fliff"", ""Hard Rock Bet"", ""ReBet"", ""draftkings"", ""theScore Bet""]",The Odds API,"[""Bally Bet"", ""BetMGM"", ""BetOnline.ag"", ""BetRivers"", ""Bovada"", ""Courtside"", ""FanDuel"", ""Fanatics"", ""Fliff"", ""Hard Rock Bet"", ""ReBet"", ""draftkings"", ""theScore Bet""]",2026-10-07T17:51:03.097302+00:00,ALTLINE_NB_v1_2026-01-18,3.5,140.0,Courtside,exp/fallback,6.908,0.7717315854559407,77.2,0.4166666666666667,85.21558050942576,85.2,0.936111009012108,93.6,13.318701090939372,13.3,0.8635883285335982,86.4,38.69751943115366,38.7,0.7717315854559407,77.2,85.21558050942576,85.2,0.6699295899420241,67.0,174.67113187622988,174.7,1.5,120.0,theScore Bet,exp/fallback,2.229,0.5664837063169317,56.6,0.4545454545454545,24.626415389724965,24.6,0.8075093148922056,80.8,2.001176617962808,2.0,0.5664837063169317,56.6,24.626415389724965,24.6,0.362769915331822,36.3,77.75725851259278,77.8,0.2182254166135724,21.8,161.8704999362869,161.9,0.5,-150.0,Bovada,exp/fallback,1.608,0.6927252078406695,69.3,0.6,15.454201306778248,15.5,0.6927252078406695,69.3,15.454201306778248,15.5,0.4188350383327961,41.9,80.09906648310232,80.1,0.2357355125974882,23.6,206.45616637673476,206.5,0.1269313598323829,12.7,420.41857531277,420.4,0.5,115.0,DraftKings,exp/fallback,0.4284,0.3265985825152965,32.7,0.4651162790697674,-29.78130475921126,-29.8,0.3265985825152965,32.7,-29.78130475921126,-29.8,,,,,,,,,,,,,0.5,115.0,DraftKings,exp/fallback,0.50865,0.3556136015105565,35.6,0.4651162790697674,-23.543075675230345,-23.5,0.3556136015105565,35.6,-23.543075675230345,-23.5,,,,,,,,,,,,,True,True,False,False,True,25.6,,Active roster,2026-10-07T17:51:03+00:00,False,"[{""market"":""Points"",""name"":""DPS Tank stance"",""kind"":""STANCE"",""rule"":""Conf_Points >= 75"",""icon"":""PTS15_TWO_HANDED_HAMMER.svg"",""kit_version"":""2026-09-24-frozen-v2""},{""market"":""Points"",""name"":""Blade Impale"",""kind"":""SPECIAL"",""rule"":""Conf_Points >= 83 + Goal_ProofCount >= 3"",""icon"":""PTS15_BLADE_IMPALE.svg"",""kit_version"":""2026-09-24-frozen-v2""},{""market"":""Assists"",""name"":""Staff (Green Stance)"",""kind"":""STANCE"",""rule"":""Green + Assists 0.5"",""icon"":""staff.svg"",""kit_version"":""2026-09-24-frozen-v2""},{""market"":""Assists"",""name"":""Staff Awakened"",""kind"":""STANCE"",""rule"":""Green + Assists 0.5 + Conf_Assists ≥ 83"",""icon"":""staff.svg"",""kit_version"":""2026-09-24-frozen-v2""},{""market"":""Assists"",""name"":""Arcane Channel I"",""kind"":""VOLUME"",""rule"":""Green + Assists 0.5 + Conf_Assists ≥ 83 + PP_Points60 ≥ 5.3"",""icon"":""arcane_channel_i.svg"",""kit_version"":""2026-09-24-frozen-v2""},{""market"":""Assists"",""name"":""Runic Infusion"",""kind"":""VOLUME"",""rule"":""Green + Assists 0.5 + Conf_Assists ≥ 83 + PP_iXA60 ≥ 4.4"",""icon"":""runic_infusion.svg"",""kit_version"":""2026-09-24-frozen-v2""},{""market"":""Assists"",""name"":""Assist Dagger"",""kind"":""VOLUME"",""rule"":""Green + Assists 0.5 + Conf_Assists ≥ 83 + Assist_Dagger ≥ 86"",""icon"":""magic-dagger.svg"",""kit_version"":""2026-09-24-frozen-v2""},{""market"":""Assists"",""name"":""Rune Orchestration"",""kind"":""HEAVY"",""rule"":""Green + Assists 0.5 + Conf_Assists ≥ 83 + PP_Points60 ≥ 5.3 + Assists_mu ≥ 1.4"",""icon"":""runic_infusion.svg"",""kit_version"":""2026-09-24-frozen-v2""},{""market"":""SOG"",""name"":""Sniper Stance"",""kind"":""STANCE"",""rule"":""Green + SOG 3.5 + Conf_SOG >= 75"",""icon"":""sog_class_shooter.svg"",""kit_version"":""2026-09-24-frozen-v2""},{""market"":""Goal"",""name"":""Base Attack"",""kind"":""BASE ATTACK"",""rule"":""Goal_mu >= 0.4048"",""icon"":""base.svg"",""kit_version"":""2026-09-24-frozen-v2""},{""market"":""Goal"",""name"":""Weakened Armor"",""kind"":""WEAK DEFENSE"",""rule"":""Opp_PK_xGA60 >= 7.3"",""icon"":""shattered_armor.svg"",""kit_version"":""2026-09-24-frozen-v2""},{""market"":""Goal"",""name"":""Fallen Guardian"",""kind"":""WEAK DEFENSE"",""rule"":""Opp_GAA >= 3.01"",""icon"":""fenrir_claw.svg"",""kit_version"":""2026-09-24-frozen-v2""},{""market"":""Goal"",""name"":""Armor Sunder"",""kind"":""HEAVY ATTACK"",""rule"":""Goal_mu >= 0.4048 + Opp_PK_xGA60 >= 7.3"",""icon"":""smash.svg"",""kit_version"":""2026-09-24-frozen-v2""},{""market"":""Goal"",""name"":""Berserker Aggression"",""kind"":""HEAVY ATTACK"",""rule"":""Goal_mu >= 0.4048 + Opp_GAA >= 3.01"",""icon"":""fury.svg"",""kit_version"":""2026-09-24-frozen-v2""},{""market"":""Goal"",""name"":""Press the Attack"",""kind"":""SPECIAL ATTACK"",""rule"":""Goal_mu >= 0.4048 + Opp_PK_xGA60 >= 7.3 + Opp_GAA >= 2.85"",""icon"":""smash.svg"",""kit_version"":""2026-09-24-frozen-v2""},{""market"":""Goal"",""name"":""Press the Attack (Crit)"",""kind"":""SPECIAL ATTACK"",""rule"":""Goal_mu >= 0.4048 + Opp_PK_xGA60 >= 7.3 + Opp_GAA >= 3.01"",""icon"":""smash.svg"",""kit_version"":""2026-09-24-frozen-v2""},{""market"":""Goal"",""name"":""FOR VALHALLA!"",""kind"":""ULTIMATE ATTACK"",""rule"":""Goal_mu >= 0.4048 + Opp_GAA >= 3.01 + StarScore <= 96.9"",""icon"":""valhalla.svg"",""kit_version"":""2026-09-24-frozen-v2""}]",2025-2026,,2026-09-24-frozen-v2,2026-10-07T17:51:05.183913+00:00
2026-10-07,EDM@ANA,2026020055,9:00 PM,2026-10-08T02:00:00Z,Mathieu Joseph,8478472,LAK,True,,2026-27,EDM,R,,Healthy,Unknown,,,7.0,0.0,,17.0,11.0,2026-10-07T17:50:49+00:00,ANA,Lukas Dostal,0.8883013879709187,3.1028784756930987,69.0,Unconfirmed,dailyfaceoff_name_and_stats,25.67,6.0,25.67,6.0,,47.8,46.6,A1+A2,11.99,28.0,43.4,0.97,NONE,False,False,27.51428261280349,2.637521157565061,59.5,38.5,23.0,4.6,True,,,,,50.0,,,,,,,,,,,,,,,,,,,,,,,,,,,,,,,,,,,,,,,,0.953866988547708,0.2119704418994906,,,0.0,2.588181557715705,2.1525825592645345,50.0,60.8,46.5,50.4,2.67,0.95,,,,,COOL,COOL,COOL,1.72,,COOL,Red,Red,Red,Red,47.0,44.0,46.0,43.0,POINTS,47.0,,,,,,,,Passenger,0.3,,88.8,,,0.0385620915032679,1.9666666666666663,0.0385620915032679,0.0032168365956054,0.3,0.3,0.0,0.0,0.0,9.539183194819762,7.911066699975018,88.8,40.5,False,,,,,,False,False,1.0,,False,0.0,,False,0.0,,,,,,,,,,,,,,,,,,,,,,,,,,,,,,,,,,,,,,,,,,,,,,,0.5,1000.0,DraftKings,,,,,,,,,,0.5,1000.0,DraftKings,0.5,1000.0,DraftKings,,,,,,,,,,0.5,1000.0,DraftKings,The Odds API,"[""Bally Bet"", ""BetMGM"", ""BetRivers"", ""Bovada"", ""Courtside"", ""DraftKings"", ""FanDuel"", ""Fanatics"", ""Fliff"", ""Hard Rock Bet"", ""theScore Bet""]",The Odds API,"[""Bally Bet"", ""BetMGM"", ""BetRivers"", ""Bovada"", ""Courtside"", ""DraftKings"", ""FanDuel"", ""Fanatics"", ""fanatics""]",,,,,,,,,,,,,,,,,,,,,,,,2026-10-07T17:51:03.097302+00:00,ALTLINE_NB_v1_2026-01-18,,,,league_avg,2.3,,,,,,,,,,,,,,,,,,,,,,,,,exp/fallback,0.267,,,,,,,,,,,,,,,,,,,,,,,,,exp/fallback,0.172,,,,,,,,,,,,,,,,,,,,,,0.5,1000.0,DraftKings,exp/fallback,0.218,0.188616091060477,18.9,0.0909090909090909,107.47770016652476,107.5,0.188616091060477,18.9,107.47770016652476,107.5,,,,,,,,,,,,,0.5,1000.0,DraftKings,exp/fallback,0.16675,0.1464211165939293,14.6,0.0909090909090909,61.06322825332224,61.1,0.1464211165939293,14.6,61.06322825332224,61.1,,,,,,,,,,,,,False,False,True,True,False,,,Active roster,2026-10-07T17:51:03+00:00,False,[],2025-2026,,2026-09-24-frozen-v2,2026-10-07T17:51:05.183913+00:00
2026-10-07,EDM@ANA,2026020055,9:00 PM,2026-10-08T02:00:00Z,Matt Savoie,8483512,EDM,False,"{""season"":""2026-27"",""games"":[]}",2026-27,EDM,C,,Healthy,Unknown,,,7.0,0.0,,17.0,11.0,2026-10-07T17:50:49+00:00,ANA,Lukas Dostal,0.8883013879709187,3.1028784756930987,69.0,Unconfirmed,dailyfaceoff_name_and_stats,25.67,6.0,25.67,6.0,7.7,86.9,69.6,A1+A2,14.78,50.5,73.6,1.09,NONE,False,False,27.51428261280349,2.637521157565061,59.5,38.5,23.0,4.6,True,1.5,1.5,1.6,1.535,47.5,1.0,0.0,10.0,0.0,1.0,1.0,1.0,1.0,1.0,1.0,10.0,10.0,LOW,0.1,,LOW,0.05,,LOW,0.025,,LOW,0.1,,LOW,0.05,,LOW,0.025,,LOW,1.0,,LOW,0.5,,LOW,0.25,,1.502654689952249,0.4808495007847196,,,1.0,2.588181557715705,2.1525825592645345,50.0,60.8,58.8,50.4,5.2,2.66,15.35,4.2,2.66,5.35,HOT,HOT,HOT,2.53,1.53,WARM,Red,Red,Yellow,Red,73.0,71.0,75.0,65.0,GOAL,75.0,4.0,4.0,6.0,4.0,0.0,6.0,B,Shooter,5.3,,88.8,,1.0,0.78130081300813,64.06666666666666,0.78130081300813,0.0528566517703678,5.3,5.3,3.34105098855359,2.7440166493236213,0.7023933402705516,9.539183194819762,7.911066699975018,88.8,64.5,False,,,,🥅 D:6,,False,False,2.0,,False,0.0,,False,0.0,,,,,,,,,,,,,,,,,,,,,,,,,,,,,,,,,,,,,,,,,,,,,,,,,,,,,,,,,,,,,,,,,,,,,,,,,,,,,,,,,,,,,,,,,,,,,,,,,,,,,,,,2026-10-07T17:51:03.097302+00:00,ALTLINE_NB_v1_2026-01-18,,,,exp/fallback,1.535,,,,,,,,,,,,,,,,,,,,,,,,,exp/fallback,0.52,,,,,,,,,,,,,,,,,,,,,,,,,exp/fallback,0.253,,,,,,,,,,,,,,,,,,,,,,,,,exp/fallback,0.24344,,,,,,,,,,,,,,,,,,,,,,,,,exp/fallback,0.236215,,,,,,,,,,,,,,,,,,,,,,False,False,False,False,False,7.7,,Active roster,2026-10-07T17:51:03+00:00,False,[],2025-2026,,2026-09-24-frozen-v2,2026-10-07T17:51:05.183913+00:00
2026-10-07,EDM@ANA,2026020055,9:00 PM,2026-10-08T02:00:00Z,Mattias Ekholm,8475218,EDM,False,"{""season"":""2026-27"",""games"":[{""d"":""2026-10-03"",""g"":0,""a"":0,""s"":0,""pp"":0,""h"":""H"",""toi"":""22:41""},{""d"":""2026-10-01"",""g"":0,""a"":0,""s"":0,""pp"":0,""h"":""R"",""toi"":""20:42""},{""d"":""2026-09-29"",""g"":0,""a"":0,""s"":2,""pp"":0,""h"":""H"",""toi"":""20:56""}]}",2026-27,EDM,D,,Healthy,Unknown,,,7.0,1.0,🟢 ROLE+,17.0,11.0,2026-10-07T17:50:49+00:00,ANA,Lukas Dostal,0.8883013879709187,3.1028784756930987,69.0,Unconfirmed,dailyfaceoff_name_and_stats,25.67,6.0,25.67,6.0,0.0,57.4,89.9,A1+A2,20.57,88.5,75.0,1.1,NONE,False,False,27.51428261280349,2.637521157565061,59.5,38.5,23.0,4.6,True,0.0,,0.6666666666666666,0.2333333333333333,7.5,0.0,0.0,2.0,0.0,0.0,0.0,0.0,0.0,0.0,0.0,2.0,2.0,LOW,0.0,-0.5,LOW,0.0,,LOW,0.0,,LOW,0.0,,LOW,0.0,,LOW,0.0,,LOW,0.2,,LOW,0.1,,LOW,0.05,,1.3780303909059275,0.5011019603294281,,,0.0,2.588181557715705,2.1525825592645345,50.0,60.8,56.0,50.4,5.68,0.99,2.33,5.68,0.99,0.33,HOT,COOL,COOL,5.17,4.7,HOT,Yellow,Red,Red,Yellow,86.0,47.0,51.0,78.0,POINTS,86.0,3.0,3.0,3.0,2.0,0.0,3.0,C,Passenger,2.2,,88.8,,0.0,0.4536585365853658,37.2,0.4536585365853658,0.0220518495099589,2.2,2.2,1.157258064516129,0.1290322580645161,1.2096774193548387,9.539183194819762,7.911066699975018,88.8,63.3,False,,,,🅿️ D:3,,False,False,2.0,,False,0.0,,False,0.0,,1.5,-143.0,BetRivers,,,,,,,,,,1.5,-143.0,BetRivers,0.5,205.0,BetRivers,1.5,1200.0,Bovada,2.5,1500.0,BetOnline.ag,3.5,3100.0,BetOnline.ag,0.5,205.0,BetRivers,0.5,270.0,BetRivers,1.5,1500.0,Fanatics,,,,,,,0.5,270.0,BetRivers,0.5,1000.0,DraftKings,,,,,,,,,,0.5,1000.0,DraftKings,0.5,1000.0,DraftKings,,,,,,,,,,0.5,1000.0,DraftKings,The Odds API,"[""Bally Bet"", ""BetMGM"", ""BetRivers"", ""Bovada"", ""Courtside"", ""DraftKings"", ""FanDuel"", ""Fanatics"", ""Fliff"", ""Hard Rock Bet"", ""theScore Bet""]",The Odds API,"[""Bally Bet"", ""BetMGM"", ""BetRivers"", ""Bovada"", ""Courtside"", ""DraftKings"", ""FanDuel"", ""Fanatics"", ""fanatics""]",,,,,,,,,,,,,,,,,,The Odds API,"[""Bally Bet"", ""BetRivers""]",The Odds API,"[""Bally Bet"", ""BetMGM"", ""BetOnline.ag"", ""BetRivers"", ""Bovada"", ""Courtside"", ""Fanatics"", ""Fliff"", ""Hard Rock Bet"", ""ReBet"", ""draftkings"", ""theScore Bet""]",The Odds API,"[""Bally Bet"", ""BetMGM"", ""BetOnline.ag"", ""BetRivers"", ""Bovada"", ""Courtside"", ""Fanatics"", ""Fliff"", ""Hard Rock Bet"", ""ReBet"", ""draftkings"", ""theScore Bet""]",2026-10-07T17:51:03.097302+00:00,ALTLINE_NB_v1_2026-01-18,1.5,-143.0,BetRivers,exp/fallback,0.233,0.0270983301538821,2.7,0.588477366255144,-95.39517886196268,-95.4,0.0270983301538821,2.7,-95.39517886196268,-95.4,,,,,,,,,,,,,0.5,205.0,BetRivers,exp/fallback,0.568,0.4043250587656719,40.4,0.3278688524590163,23.31914292352993,23.3,0.4043250587656719,40.4,23.31914292352993,23.3,0.1220900182075317,12.2,58.71702366979126,58.7,0.0318256583893877,3.2,-49.078946576979554,-49.1,0.0075905160691787,0.8,-75.71034857862813,-75.7,0.5,270.0,BetRivers,exp/fallback,0.517,0.3686160173592711,36.9,0.2702702702702703,36.38792642293031,36.4,0.3686160173592711,36.9,36.38792642293031,36.4,0.1092393633860834,10.9,74.78298141773347,74.8,,,,,,,,,0.5,1000.0,DraftKings,exp/fallback,0.1646999999999999,0.1474316291473275,14.7,0.0909090909090909,62.17479206206031,62.2,0.1474316291473275,14.7,62.17479206206031,62.2,,,,,,,,,,,,,0.5,1000.0,DraftKings,exp/fallback,0.1270125,0.1148882276809455,11.5,0.0909090909090909,26.377050449040084,26.4,0.1148882276809455,11.5,26.377050449040084,26.4,,,,,,,,,,,,,False,True,True,True,True,0.0,,Active roster,2026-10-07T17:51:03+00:00,False,[],2025-2026,,2026-09-24-frozen-v2,2026-10-07T17:51:05.183913+00:00
2026-10-07,EDM@ANA,2026020055,9:00 PM,2026-10-08T02:00:00Z,Max Jones,8479368,EDM,False,,2026-27,EDM,L,,Healthy,Unknown,,,7.0,0.0,,17.0,11.0,2026-10-07T17:50:49+00:00,ANA,Lukas Dostal,0.8883013879709187,3.1028784756930987,69.0,Unconfirmed,dailyfaceoff_name_and_stats,25.67,6.0,25.67,6.0,,30.3,24.0,A1+A2,8.35,6.5,23.4,0.94,NONE,False,False,27.51428261280349,2.637521157565061,59.5,38.5,23.0,4.6,True,,,,,50.0,,,,,,,,,,,,,,,,,,,,,,,,,,,,,,,,,,,,,,,,1.713796058269066,0.6855184233076264,,,0.0,2.588181557715705,2.1525825592645345,50.0,60.8,63.8,50.4,1.85,0.96,,,,,COOL,COOL,COOL,0.9,,COOL,Red,Red,Red,Red,35.0,33.0,35.0,32.0,POINTS,35.0,,,,,,,C,Passenger,0.1,,88.8,,0.0,0.0055555555555555,0.1166666666666666,0.0055555555555555,0.0006656523392925,0.1,0.1,0.0,0.0,0.0,9.539183194819762,7.911066699975018,88.8,35.9,False,,,,,,False,False,1.0,,False,0.0,,False,0.0,,1.5,112.0,BetRivers,,,,,,,,,,1.5,112.0,BetRivers,,,,,,,,,,,,,,,,,,,,,,,,,,,,,,,0.5,525.0,BetRivers,,,,,,,,,,0.5,525.0,BetRivers,0.5,525.0,BetRivers,,,,,,,,,,0.5,525.0,BetRivers,The Odds API,"[""Bally Bet"", ""BetRivers""]",The Odds API,"[""Bally Bet"", ""BetRivers"", ""betrivers""]",,,,,,,,,,,,,,,,,,The Odds API,"[""Bally Bet"", ""BetRivers""]",,,,,2026-10-07T17:51:03.097302+00:00,ALTLINE_NB_v1_2026-01-18,1.5,112.0,BetRivers,league_avg,2.3,0.6001759479749428,60.0,0.4716981132075472,27.237300970687876,27.2,0.6001759479749428,60.0,27.237300970687876,27.2,,,,,,,,,,,,,,,,exp/fallback,0.185,,,,,,,,,,,,,,,,,,,,,,,,,exp/fallback,0.09,,,,,,,,,,,,,,,,,,,,,,0.5,525.0,BetRivers,exp/fallback,0.2183999999999999,0.1889145366047641,18.9,0.16,18.071585377977563,18.1,0.1889145366047641,18.9,18.071585377977563,18.1,,,,,,,,,,,,,0.5,525.0,BetRivers,exp/fallback,0.1674,0.1469214451918492,14.7,0.16,-8.174096755094219,-8.2,0.1469214451918492,14.7,-8.174096755094219,-8.2,,,,,,,,,,,,,True,False,True,False,False,,,Active roster,2026-10-07T17:51:03+00:00,False,[],2025-2026,,2026-09-24-frozen-v2,2026-10-07T17:51:05.183913+00:00
2026-10-07,EDM@ANA,2026020055,9:00 PM,2026-10-08T02:00:00Z,Owen Michaels,8486161,,,,,EDM,R,,Unknown,,,,,,,,,,,,,,,,,,,,,,,,,,,,,,,,,,,,,,,,,,,,,,,,,,,,,,,,,,,,,,,,,,,,,,,,,,,,,,,,,,,,,,,,,,,,,,,,,,,,,,,,,,,,,,,,,,,,,,,,,,,,,,,,,,,,,,,,,,,,,,,,,,,,,,,,,,,,,,,,,,,,,,,,,,,,,,,,,,,,,,,,,,,,,,,,,,,,,,,,,,,,,,,,,,,,,,,,,,,,,,,,,,,,,,,,,,,,,,,,,,,,,,,,,,,,,,,,,,,,,,,,,,,,,,,,,,,,,,,,,,,,,,,,,,,,,,,,,,,,,,,,,,,,,,,,,,,,,,,,,,,,,,,,,,,,,,,,,,,,0.5,575.0,fanduel,,,,,,,,,,,,,,,,,,,,,,,,,,,,,,,,,,,,,,,,,,,,,,,,,,,,,,,,,Active roster,2026-10-07T17:51:03+00:00,True,[],Unavailable,True,2026-09-24-frozen-v2,2026-10-07T17:51:05.183913+00:00
2026-10-07,EDM@ANA,2026020055,9:00 PM,2026-10-08T02:00:00Z,Ryan Shea,8478854,PIT,True,"{""season"":""2026-27"",""games"":[{""d"":""2026-10-03"",""g"":0,""a"":1,""s"":0,""pp"":0,""h"":""H"",""toi"":""21:31""},{""d"":""2026-10-01"",""g"":1,""a"":0,""s"":1,""pp"":0,""h"":""R"",""toi"":""23:05""},{""d"":""2026-09-29"",""g"":0,""a"":1,""s"":0,""pp"":0,""h"":""H"",""toi"":""22:41""}]}",2026-27,EDM,D,,Healthy,Unknown,,,7.0,1.0,🟢 ROLE+,17.0,11.0,2026-10-07T17:50:49+00:00,ANA,Lukas Dostal,0.8883013879709187,3.1028784756930987,69.0,Unconfirmed,dailyfaceoff_name_and_stats,25.67,6.0,25.67,6.0,0.0,40.3,84.1,A1+A2,18.89,80.0,63.6,1.05,NONE,False,False,27.51428261280349,2.637521157565061,59.5,38.5,23.0,4.6,True,0.0,,0.3333333333333333,0.1166666666666666,3.8,3.0,1.0,1.0,1.0,2.0,2.0,3.0,3.0,2.0,2.0,1.0,1.0,LOW,0.3,-0.2,LOW,0.15,,LOW,0.075,,LOW,0.2,,LOW,0.1,,LOW,0.05,,LOW,0.1,,LOW,0.05,,LOW,0.025,,1.5515214836097688,0.8933002481389578,,,2.0,2.588181557715705,2.1525825592645345,50.0,60.8,60.8,50.4,4.33,0.51,1.17,1.33,-0.49,0.17,COOL,COOL,COOL,3.82,1.82,WARM,Yellow,Red,Red,Yellow,71.0,39.0,41.0,71.0,ASSISTS,71.0,0.0,0.0,1.0,3.0,0.0,3.0,,Passenger,0.8,,88.8,,,0.1560416666666666,12.483333333333333,0.1560416666666666,0.0082620925486735,0.8,0.8,0.0,0.0,0.0,9.539183194819762,7.911066699975018,88.8,45.6,False,,,,🅰️ D:0,,False,False,1.0,,False,0.0,,False,0.0,,,,,,,,,,,,,,,,,0.5,190.0,BetRivers,,,,,,,,,,0.5,190.0,BetRivers,0.5,255.0,BetRivers,,,,,,,,,,0.5,255.0,BetRivers,0.5,1245.0,Fliff,,,,,,,,,,0.5,1245.0,Fliff,0.5,1000.0,FanDuel,,,,,,,,,,0.5,1000.0,FanDuel,The Odds API,"[""Bally Bet"", ""BetMGM"", ""BetRivers"", ""Bovada"", ""Courtside"", ""DraftKings"", ""FanDuel"", ""Fanatics"", ""Fliff"", ""Hard Rock Bet"", ""theScore Bet""]",The Odds API,"[""Bally Bet"", ""BetMGM"", ""BetRivers"", ""Bovada"", ""Courtside"", ""DraftKings"", ""FanDuel"", ""Fanatics"", ""fanduel""]",,,,,,,,,,,,,,,,,,,,The Odds API,"[""Bally Bet"", ""BetRivers"", ""Hard Rock Bet"", ""theScore Bet""]",The Odds API,"[""Bally Bet"", ""BetRivers"", ""Hard Rock Bet"", ""theScore Bet""]",2026-10-07T17:51:03.097302+00:00,ALTLINE_NB_v1_2026-01-18,,,,exp/fallback,0.1169999999999999,,,,,,,,,,,,,,,,,,,,,,0.5,190.0,BetRivers,exp/fallback,0.433,0.3318002840595141,33.2,0.3448275862068966,-3.777917622740912,-3.8,0.3318002840595141,33.2,-3.777917622740912,-3.8,,,,,,,,,,,,,0.5,255.0,BetRivers,exp/fallback,0.382,0.2950205184278113,29.5,0.2816901408450704,4.732284041873003,4.7,0.2950205184278113,29.5,4.732284041873003,4.7,,,,,,,,,,,,,0.5,1245.0,Fliff,exp/fallback,0.1503,0.1358036449069041,13.6,0.0743494423791821,82.655902399786,82.7,0.1358036449069041,13.6,82.655902399786,82.7,,,,,,,,,,,,,0.5,1000.0,FanDuel,exp/fallback,0.1036125,0.0954091991456344,9.5,0.0909090909090909,4.950119060197833,5.0,0.0954091991456344,9.5,4.950119060197833,5.0,,,,,,,,,,,,,False,False,True,False,False,0.0,,Active roster,2026-10-07T17:51:03+00:00,False,[],2025-2026,,2026-09-24-frozen-v2,2026-10-07T17:51:05.183913+00:00
2026-10-07,EDM@ANA,2026020055,9:00 PM,2026-10-08T02:00:00Z,Shakir Mukhamadullin,8482166,SJS,True,,2026-27,EDM,D,,Healthy,Unknown,,,7.0,0.0,,17.0,11.0,2026-10-07T17:50:49+00:00,ANA,Lukas Dostal,0.8883013879709187,3.1028784756930987,69.0,Unconfirmed,dailyfaceoff_name_and_stats,25.67,6.0,25.67,6.0,,28.0,40.6,A1+A2,17.14,69.0,40.6,0.96,NONE,False,False,27.51428261280349,2.637521157565061,59.5,38.5,23.0,4.6,True,,,,,50.0,,,,,,,,,,,,,,,,,,,,,,,,,,,,,,,,,,,,,,,,0.9319383022327687,0.2329845755581922,,,0.0,2.588181557715705,2.1525825592645345,50.0,60.8,46.2,50.4,1.69,0.34,,,,,COOL,COOL,COOL,1.35,,COOL,Red,Red,Red,Red,48.0,36.0,36.0,42.0,POINTS,48.0,,,,,,,,Passenger,0.4,,88.8,,,0.06,3.0,0.06,0.0035001069477122,0.4,0.4,0.0,0.0,0.0,9.539183194819762,7.911066699975018,88.8,42.4,False,,,,,,False,False,1.0,,False,0.0,,False,0.0,,,,,,,,,,,,,,,,,,,,,,,,,,,,,,,,,,,,,,,,,,,,,,,,,,,,,,,,,,,,,,,,,,,,,,,,,,,,,,,,,,,,,,,,,,,,,,,,,,,,,,,,2026-10-07T17:51:03.097302+00:00,ALTLINE_NB_v1_2026-01-18,,,,league_avg,2.3,,,,,,,,,,,,,,,,,,,,,,,,,exp/fallback,0.1689999999999999,,,,,,,,,,,,,,,,,,,,,,,,,exp/fallback,0.135,,,,,,,,,,,,,,,,,,,,,,,,,exp/fallback,0.1936,,,,,,,,,,,,,,,,,,,,,,,,,exp/fallback,0.1271,,,,,,,,,,,,,,,,,,,,,,False,False,False,False,False,,,Active roster,2026-10-07T17:51:03+00:00,False,[],2025-2026,,2026-09-24-frozen-v2,2026-10-07T17:51:05.183913+00:00
2026-10-07,EDM@ANA,2026020055,9:00 PM,2026-10-08T02:00:00Z,Spencer Stastney,8481056,EDM,False,,2026-27,EDM,D,,Healthy,Unknown,,,7.0,0.0,,17.0,11.0,2026-10-07T17:50:49+00:00,ANA,Lukas Dostal,0.8883013879709187,3.1028784756930987,69.0,Unconfirmed,dailyfaceoff_name_and_stats,25.67,6.0,25.67,6.0,,30.0,43.8,A1+A2,15.5,55.5,39.9,0.96,NONE,False,False,27.51428261280349,2.637521157565061,59.5,38.5,23.0,4.6,True,,,,,50.0,,,,,,,,,,,,,,,,,,,,,,,,,,,,,,,,,,,,,,,,0.5957305973854046,0.3309614429918914,,,0.0,2.588181557715705,2.1525825592645345,50.0,60.8,39.0,50.4,1.47,0.3,,,,,COOL,COOL,COOL,1.16,,COOL,Red,Red,Red,Red,48.0,36.0,37.0,41.0,POINTS,48.0,,,,,,,C,Passenger,0.3,,88.8,,0.0,0.0502525252525252,3.316666666666667,0.0502525252525252,0.0032414118873487,0.3,0.3,0.0,0.0,0.0,9.539183194819762,7.911066699975018,88.8,40.5,False,,,,,,False,False,1.0,,False,0.0,,False,0.0,,,,,,,,,,,,,,,,,,,,,,,,,,,,,,,,,,,,,,,,,,,,,,,,,,,,,,,,,,,,,,,,,,,,,,,,,,,,,,,,,,,,,,,,,,,,,,,,,,,,,,,,2026-10-07T17:51:03.097302+00:00,ALTLINE_NB_v1_2026-01-18,,,,league_avg,2.3,,,,,,,,,,,,,,,,,,,,,,,,,exp/fallback,0.147,,,,,,,,,,,,,,,,,,,,,,,,,exp/fallback,0.1159999999999999,,,,,,,,,,,,,,,,,,,,,,,,,exp/fallback,0.192,,,,,,,,,,,,,,,,,,,,,,,,,exp/fallback,0.1245,,,,,,,,,,,,,,,,,,,,,,False,False,False,False,False,,,Active roster,2026-10-07T17:51:03+00:00,False,[],2025-2026,,2026-09-24-frozen-v2,2026-10-07T17:51:05.183913+00:00
2026-10-07,EDM@ANA,2026020055,9:00 PM,2026-10-08T02:00:00Z,Trent Frederic,8479365,EDM,False,,2026-27,EDM,C,,Healthy,Unknown,,,7.0,0.0,,17.0,11.0,2026-10-07T17:50:49+00:00,ANA,Lukas Dostal,0.8883013879709187,3.1028784756930987,69.0,Unconfirmed,dailyfaceoff_name_and_stats,25.67,6.0,25.67,6.0,,66.9,28.5,A1+A2,11.04,20.5,44.2,0.98,NONE,False,False,27.51428261280349,2.637521157565061,59.5,38.5,23.0,4.6,True,,,,,50.0,,,,,,,,,,,,,,,,,,,,,,,,,,,,,,,,,,,,,,,,0.5221066589317532,0.149173331123358,,,0.0,2.588181557715705,2.1525825592645345,50.0,60.8,38.5,50.4,1.75,1.36,,,,,COOL,COOL,COOL,0.4,,COOL,Red,Red,Red,Red,36.0,54.0,59.0,35.0,GOAL,59.0,,,,,,,C,Passenger,1.1,,88.8,,0.0,0.125,9.25,0.125,0.011323295384992,1.1,1.1,2.724324324324324,2.724324324324324,0.0,9.539183194819762,7.911066699975018,88.8,46.7,False,,,,,,False,False,1.0,,False,0.0,,False,0.0,,,,,,,,,,,,,,,,,0.5,260.0,BetRivers,,,,,,,,,,0.5,260.0,BetRivers,,,,,,,,,,,,,,,,0.5,425.0,Fliff,,,,,,,,,,0.5,425.0,Fliff,0.5,425.0,DraftKings,,,,,,,,,,0.5,425.0,DraftKings,The Odds API,"[""Bally Bet"", ""BetMGM"", ""BetRivers"", ""Bovada"", ""Courtside"", ""DraftKings"", ""FanDuel"", ""Fanatics"", ""Fliff"", ""Hard Rock Bet"", ""theScore Bet""]",The Odds API,"[""Bally Bet"", ""BetMGM"", ""BetRivers"", ""Bovada"", ""Courtside"", ""DraftKings"", ""FanDuel"", ""Fanatics"", ""fanatics""]",,,,,,,,,,,,,,,,,,,,,,The Odds API,"[""Bally Bet"", ""BetRivers""]",2026-10-07T17:51:03.097302+00:00,ALTLINE_NB_v1_2026-01-18,,,,league_avg,2.3,,,,,,,,,,,,,,,,,,,,,,0.5,260.0,BetRivers,exp/fallback,0.175,0.1562085244856299,15.6,0.2777777777777778,-43.764931185173225,-43.8,0.1562085244856299,15.6,-43.764931185173225,-43.8,,,,,,,,,,,,,,,,exp/fallback,0.04,,,,,,,,,,,,,,,,,,,,,,0.5,425.0,Fliff,exp/fallback,0.2344,0.2007274310356378,20.1,0.1904761904761904,5.381901293709868,5.4,0.2007274310356378,20.1,5.381901293709868,5.4,,,,,,,,,,,,,0.5,425.0,DraftKings,exp/fallback,0.1934,0.1665447805545165,16.7,0.1904761904761904,-12.563990208878838,-12.6,0.1665447805545165,16.7,-12.563990208878838,-12.6,,,,,,,,,,,,,False,False,False,False,False,,,Active roster,2026-10-07T17:51:03+00:00,False,[],2025-2026,,2026-09-24-frozen-v2,2026-10-07T17:51:05.183913+00:00
2026-10-07,EDM@ANA,2026020055,9:00 PM,2026-10-08T02:00:00Z,Ty Emberson,8480834,EDM,False,,2026-27,EDM,D,,Healthy,Unknown,,,7.0,0.0,,17.0,11.0,2026-10-07T17:50:49+00:00,ANA,Lukas Dostal,0.8883013879709187,3.1028784756930987,69.0,Unconfirmed,dailyfaceoff_name_and_stats,25.67,6.0,25.67,6.0,,24.8,49.3,A1+A2,15.52,56.0,39.6,0.96,NONE,False,False,27.51428261280349,2.637521157565061,59.5,38.5,23.0,4.6,True,,,,,50.0,,,,,,,,,,,,,,,,,,,,,,,,,,,,,,,,,,,,,,,,0.7074081351935547,0.1768520337983886,,,0.0,2.588181557715705,2.1525825592645345,50.0,60.8,40.2,50.4,1.5,0.17,,,,,COOL,COOL,COOL,1.33,,COOL,Red,Red,Red,Red,51.0,34.0,34.0,44.0,POINTS,51.0,,,,,,,C,Passenger,0.1,,88.8,,0.0,0.0125,0.9,0.0125,0.0008053931511752,0.1,0.1,0.0,0.0,0.0,9.539183194819762,7.911066699975018,88.8,35.9,False,,,,,,False,False,1.0,,False,0.0,,False,0.0,,,,,,,,,,,,,,,,,,,,,,,,,,,,,,,,,,,,,,,,,,,,,,,0.5,1100.0,DraftKings,,,,,,,,,,0.5,1100.0,DraftKings,0.5,1100.0,DraftKings,,,,,,,,,,0.5,1100.0,DraftKings,The Odds API,"[""Bally Bet"", ""BetRivers"", ""Bovada"", ""Courtside"", ""DraftKings"", ""Fanatics"", ""Fliff"", ""Hard Rock Bet"", ""theScore Bet""]",The Odds API,"[""Bally Bet"", ""BetRivers"", ""Bovada"", ""Courtside"", ""DraftKings"", ""Fanatics"", ""fanatics""]",,,,,,,,,,,,,,,,,,,,,,,,2026-10-07T17:51:03.097302+00:00,ALTLINE_NB_v1_2026-01-18,,,,league_avg,2.3,,,,,,,,,,,,,,,,,,,,,,,,,exp/fallback,0.15,,,,,,,,,,,,,,,,,,,,,,,,,exp/fallback,0.133,,,,,,,,,,,,,,,,,,,,,,0.5,1100.0,DraftKings,exp/fallback,0.1868,0.164855409077713,16.5,0.0833333333333333,97.8264908932556,97.8,0.164855409077713,16.5,97.8264908932556,97.8,,,,,,,,,,,,,0.5,1100.0,DraftKings,exp/fallback,0.11605,0.1058496974038051,10.6,0.0833333333333333,27.01963688456616,27.0,0.1058496974038051,10.6,27.01963688456616,27.0,,,,,,,,,,,,,False,False,True,True,False,,,Active roster,2026-10-07T17:51:03+00:00,False,[],2025-2026,,2026-09-24-frozen-v2,2026-10-07T17:51:05.183913+00:00
2026-10-07,EDM@ANA,2026020055,9:00 PM,2026-10-08T02:00:00Z,Vasily Podkolzin,8481617,EDM,False,"{""season"":""2026-27"",""games"":[{""d"":""2026-10-03"",""g"":0,""a"":1,""s"":2,""pp"":0,""h"":""H"",""toi"":""20:22""},{""d"":""2026-10-01"",""g"":1,""a"":1,""s"":4,""pp"":2,""h"":""R"",""toi"":""18:04""},{""d"":""2026-09-29"",""g"":2,""a"":0,""s"":7,""pp"":1,""h"":""H"",""toi"":""18:20""}]}",2026-27,EDM,R,,Healthy,Unknown,,,7.0,0.0,,17.0,11.0,2026-10-07T17:50:49+00:00,ANA,Lukas Dostal,0.8883013879709187,3.1028784756930987,69.0,Unconfirmed,dailyfaceoff_name_and_stats,25.67,6.0,25.67,6.0,20.5,80.2,68.0,A1+A2,15.38,55.0,70.9,1.08,NONE,False,False,27.51428261280349,2.637521157565061,59.5,38.5,23.0,4.6,True,4.0,,4.333333333333333,4.116666666666666,95.0,5.0,3.0,13.0,3.0,2.0,2.0,5.0,5.0,2.0,2.0,13.0,13.0,LOW,0.5,0.0,LOW,0.25,,LOW,0.125,,LOW,0.2,,LOW,0.1,,LOW,0.05,,LOW,1.3,,LOW,0.65,,LOW,0.325,,1.724162953717545,0.4702262601047849,,,2.0,2.588181557715705,2.1525825592645345,50.0,60.8,64.0,50.4,4.57,2.19,45.29,-0.43,-0.81,28.17,COOL,COOL,HOT,2.38,0.38,COOL,Red,Green,Yellow,Red,54.0,73.0,79.0,62.0,GOAL,79.0,0.0,0.0,1.0,1.0,3.0,1.0,C,Passenger,2.9,,88.8,,0.0,0.4390243902439024,36.0,0.4390243902439024,0.0285502802157132,2.9,2.9,4.729166666666668,2.2500000000000004,2.916666666666667,9.539183194819762,7.911066699975018,88.8,72.2,False,,,,🥅 D:1,,False,False,2.0,,False,0.0,,False,0.0,,1.5,-225.0,Courtside,2.5,120.0,Courtside,3.5,295.0,Courtside,4.5,725.0,BetOnline.ag,2.5,120.0,Courtside,0.5,-145.0,theScore Bet,1.5,330.0,Courtside,2.5,1300.0,Courtside,3.5,4000.0,Fanatics,0.5,-145.0,theScore Bet,0.5,150.0,Bovada,1.5,900.0,Bovada,2.5,3000.0,Fanatics,,,,0.5,150.0,Bovada,0.5,215.0,DraftKings,,,,,,,,,,0.5,215.0,DraftKings,0.5,215.0,DraftKings,,,,,,,,,,0.5,215.0,DraftKings,The Odds API,"[""Bally Bet"", ""BetMGM"", ""BetRivers"", ""Bovada"", ""Courtside"", ""DraftKings"", ""FanDuel"", ""Fanatics"", ""Fliff"", ""Hard Rock Bet"", ""fanduel"", ""theScore Bet""]",The Odds API,"[""Bally Bet"", ""BetMGM"", ""BetRivers"", ""Bovada"", ""Courtside"", ""DraftKings"", ""FanDuel"", ""Fanatics"", ""fanatics""]",0.5,215.0,BetRivers,1.5,850.0,Bovada,,,,,,,0.5,215.0,BetRivers,The Odds API,"[""Bally Bet"", ""BetRivers"", ""Bovada"", ""Fliff"", ""Hard Rock Bet"", ""theScore Bet""]",The Odds API,"[""Bally Bet"", ""BetMGM"", ""BetOnline.ag"", ""BetRivers"", ""Bovada"", ""Courtside"", ""FanDuel"", ""Fanatics"", ""Fliff"", ""Hard Rock Bet"", ""ReBet"", ""draftkings"", ""theScore Bet""]",The Odds API,"[""Bally Bet"", ""BetMGM"", ""BetOnline.ag"", ""BetRivers"", ""Bovada"", ""Courtside"", ""FanDuel"", ""Fanatics"", ""Fliff"", ""Hard Rock Bet"", ""ReBet"", ""betmgm"", ""theScore Bet""]",The Odds API,"[""Bally Bet"", ""BetMGM"", ""BetOnline.ag"", ""BetRivers"", ""Bovada"", ""Courtside"", ""FanDuel"", ""Fanatics"", ""Fliff"", ""Hard Rock Bet"", ""ReBet"", ""betmgm"", ""theScore Bet""]",2026-10-07T17:51:03.097302+00:00,ALTLINE_NB_v1_2026-01-18,2.5,120.0,Courtside,exp/fallback,4.529,0.7124519262063511,71.2,0.4545454545454545,56.73942376539725,56.7,0.8488649765149735,84.9,22.613829941051726,22.6,0.7124519262063511,71.2,56.73942376539725,56.7,0.5675780359852817,56.8,124.19332421418623,124.2,0.4329509712157141,43.3,257.1845512529642,257.2,0.5,-145.0,theScore Bet,exp/fallback,0.457,0.345532926075201,34.6,0.5918367346938775,-41.61685042177638,-41.6,0.345532926075201,34.6,-41.61685042177638,-41.6,0.0876843526163166,8.8,-62.295728374983824,-62.3,0.0191125704724921,1.9,-73.24240133851099,-73.2,0.0038034572786656,0.4,-84.40582515747104,-84.4,0.5,150.0,Bovada,exp/fallback,0.238,0.2013806531268742,20.1,0.4,-49.65483671828144,-49.7,0.2013806531268742,20.1,-49.65483671828144,-49.7,0.0315223827463524,3.2,-68.47761725364757,-68.5,0.0044270286239903,0.4,-86.27621126562988,-86.3,,,,,0.5,215.0,DraftKings,exp/fallback,0.2676,0.2244822955635959,22.4,0.3174603174603174,-29.288076897467292,-29.3,0.2244822955635959,22.4,-29.288076897467292,-29.3,,,,,,,,,,,,,0.5,215.0,DraftKings,exp/fallback,0.24735,0.2049651200199427,20.5,0.3174603174603174,-35.43598719371805,-35.4,0.2049651200199427,20.5,-35.43598719371805,-35.4,,,,,,,,,,,,,True,False,False,False,False,20.5,,Active roster,2026-10-07T17:51:03+00:00,False,[],2025-2026,,2026-09-24-frozen-v2,2026-10-07T17:51:05.183913+00:00
2026-10-07,PIT@WSH,2026020053,6:30 PM,2026-10-07T23:30:00Z,Andrei Kuzmenko,8483808,LAK,True,,2026-27,PIT,L,,Healthy,Unknown,,,1.0,0.0,,17.0,11.0,2026-10-07T17:50:49+00:00,WSH,Logan Thompson,0.9117832388153748,2.43828101188662,18.0,Confirmed,dailyfaceoff_name_and_stats,28.67,6.0,28.67,6.0,,66.0,54.3,A1+A2,14.92,51.0,58.9,1.03,NONE,False,False,26.46218931782126,2.6557377049180326,40.8,57.2,18.0,3.6,True,,,,,50.0,,,,,,,,,,,,,,,,,,,,,,,,,,,,,,,,,,,,,,,,1.087941976427924,0.1978076320778043,,,0.0,2.6230263896920856,2.6360568982230745,50.0,65.1,50.8,82.3,4.34,1.95,,,,,COOL,COOL,COOL,2.39,,COOL,Red,Red,Red,Red,50.0,56.0,54.0,49.0,SOG,56.0,,,,,,,,Passenger,18.5,,58.9,,,2.7625,143.65,2.7625,0.1852074693254829,18.5,18.5,1.955795335885833,1.1569787678384964,0.9397841977027498,7.794052863436123,7.348475341950056,58.9,73.0,False,,,,,,False,False,0.0,,False,0.0,,False,0.0,,,,,,,,,,,,,,,,,,,,,,,,,,,,,,,,,,,,,,,,,,,,,,,,,,,,,,,,,,,,,,,,,,,,,,,,,,,,,,,,,,,,,,,,,,,,,,,,,,,,,,,,2026-10-07T17:51:03.097302+00:00,ALTLINE_NB_v1_2026-01-18,,,,league_avg,2.3,,,,,,,,,,,,,,,,,,,,,,,,,exp/fallback,0.434,,,,,,,,,,,,,,,,,,,,,,,,,exp/fallback,0.239,,,,,,,,,,,,,,,,,,,,,,,,,exp/fallback,0.258,,,,,,,,,,,,,,,,,,,,,,,,,exp/fallback,0.23175,,,,,,,,,,,,,,,,,,,,,,False,False,False,False,False,,,Active roster,2026-10-07T17:51:03+00:00,False,[],2025-2026,,2026-09-24-frozen-v2,2026-10-07T17:51:05.183913+00:00
2026-10-07,PIT@WSH,2026020053,6:30 PM,2026-10-07T23:30:00Z,Ben Kindel,8485414,PIT,False,"{""season"":""2026-27"",""games"":[{""d"":""2026-10-05"",""g"":1,""a"":1,""s"":2,""pp"":0,""h"":""H"",""toi"":""18:37""},{""d"":""2026-10-03"",""g"":1,""a"":0,""s"":5,""pp"":1,""h"":""H"",""toi"":""14:18""}]}",2026-27,PIT,C,,Healthy,Unknown,,,1.0,0.0,,17.0,11.0,2026-10-07T17:50:49+00:00,WSH,Logan Thompson,0.9117832388153748,2.43828101188662,18.0,Confirmed,dailyfaceoff_name_and_stats,28.67,6.0,28.67,6.0,,89.4,68.0,A1+A2,15.06,52.5,74.5,1.1,NONE,False,False,26.46218931782126,2.6557377049180326,40.8,57.2,18.0,3.6,True,,,3.5,,50.0,3.0,2.0,7.0,2.0,1.0,1.0,3.0,3.0,1.0,1.0,7.0,7.0,LOW,0.3,-0.2,LOW,0.15,,LOW,0.075,,LOW,0.1,,LOW,0.05,,LOW,0.025,,LOW,0.7,,LOW,0.35,,LOW,0.175,,1.4102815221068752,0.5128296444025,,,1.0,2.6230263896920856,2.6360568982230745,50.0,65.1,56.8,82.3,5.66,3.1,,2.66,1.1,,HOT,COOL,COOL,2.57,1.57,WARM,Red,Yellow,Yellow,Red,59.0,69.0,74.0,60.0,GOAL,74.0,0.0,0.0,0.0,1.0,1.0,1.0,B,Hybrid,11.7,,58.9,,1.0,1.767965367965368,136.13333333333333,1.767965367965368,0.1173698126221405,11.7,11.7,4.423971596474045,2.2698334965719886,2.534280117531832,7.794052863436123,7.348475341950056,58.9,71.0,False,,,,🥅 D:0,,False,False,0.0,,False,0.0,,False,0.0,,1.5,-156.0,BetOnline.ag,2.5,178.0,FanDuel,3.5,440.0,Fanatics,4.5,1100.0,Fanatics,1.5,-156.0,BetOnline.ag,0.5,150.0,BetRivers,1.5,800.0,theScore Bet,2.5,4000.0,Fanatics,3.5,3500.0,BetOnline.ag,0.5,150.0,BetRivers,0.5,270.0,BetRivers,1.5,1700.0,Fanatics,,,,,,,0.5,270.0,BetRivers,0.5,380.0,FanDuel,,,,,,,,,,0.5,380.0,FanDuel,0.5,380.0,FanDuel,,,,,,,,,,0.5,380.0,FanDuel,The Odds API,"[""Bally Bet"", ""BetMGM"", ""BetRivers"", ""Bovada"", ""Courtside"", ""DraftKings"", ""FanDuel"", ""Fanatics"", ""Fliff"", ""Hard Rock Bet"", ""theScore Bet""]",The Odds API,"[""Bally Bet"", ""BetMGM"", ""BetRivers"", ""Bovada"", ""Courtside"", ""DraftKings"", ""FanDuel"", ""Fanatics"", ""fanduel""]",0.5,350.0,Hard Rock Bet,,,,,,,,,,0.5,350.0,Hard Rock Bet,The Odds API,"[""Bovada"", ""Fliff"", ""Hard Rock Bet"", ""theScore Bet""]",The Odds API,"[""Bally Bet"", ""BetMGM"", ""BetOnline.ag"", ""BetRivers"", ""Bovada"", ""Courtside"", ""DraftKings"", ""FanDuel"", ""Fanatics"", ""Fliff"", ""Hard Rock Bet"", ""ReBet"", ""theScore Bet""]",The Odds API,"[""Bally Bet"", ""BetMGM"", ""BetOnline.ag"", ""BetRivers"", ""Bovada"", ""Courtside"", ""DraftKings"", ""Fanatics"", ""Fliff"", ""Hard Rock Bet"", ""ReBet"", ""draftkings"", ""theScore Bet""]",The Odds API,"[""Bally Bet"", ""BetMGM"", ""BetOnline.ag"", ""BetRivers"", ""Bovada"", ""Courtside"", ""DraftKings"", ""Fanatics"", ""Fliff"", ""Hard Rock Bet"", ""ReBet"", ""betmgm"", ""theScore Bet""]",2026-10-07T17:51:03.097302+00:00,ALTLINE_NB_v1_2026-01-18,1.5,-156.0,BetOnline.ag,exp/fallback,0.7000000000000001,0.1628333116491176,16.3,0.609375,-73.27863603706788,-73.3,0.1628333116491176,16.3,-73.27863603706788,-73.3,0.0464612046159451,4.6,-87.08378511676725,-87.1,0.0117971727337236,1.2,-93.62952672378924,-93.6,0.0027623984665487,0.3,-96.68512184014143,-96.7,0.5,150.0,BetRivers,exp/fallback,0.5660000000000001,0.4033301532250258,40.3,0.4,0.8325383062564584,0.8,0.4033301532250258,40.3,0.8325383062564584,0.8,0.1214545724933376,12.1,9.309115244003918,9.3,0.0315701174240267,3.2,29.437481438509515,29.4,0.0075079015078006,0.8,-72.97155457191758,-73.0,0.5,270.0,BetRivers,exp/fallback,0.257,0.2147700188985226,21.5,0.2702702702702703,-20.53509300754661,-20.5,0.2147700188985226,21.5,-20.53509300754661,-20.5,0.0359449368045219,3.6,-35.299113751860524,-35.3,,,,,,,,,0.5,380.0,FanDuel,exp/fallback,0.2279999999999999,0.1960313638016801,19.6,0.2083333333333333,-5.904945375193515,-5.9,0.1960313638016801,19.6,-5.904945375193515,-5.9,,,,,,,,,,,,,0.5,380.0,FanDuel,exp/fallback,0.229875,0.1928458269880052,19.3,0.2083333333333333,-7.434003045757498,-7.4,0.1928458269880052,19.3,-7.434003045757498,-7.4,,,,,,,,,,,,,False,False,False,False,False,,,Active roster,2026-10-07T17:51:03+00:00,False,[],2025-2026,,2026-09-24-frozen-v2,2026-10-07T17:51:05.183913+00:00
2026-10-07,PIT@WSH,2026020053,6:30 PM,2026-10-07T23:30:00Z,Blake Lizotte,8481481,PIT,False,,2026-27,PIT,C,,Healthy,Unknown,,,1.0,0.0,,17.0,11.0,2026-10-07T17:50:49+00:00,WSH,Logan Thompson,0.9117832388153748,2.43828101188662,18.0,Confirmed,dailyfaceoff_name_and_stats,28.67,6.0,28.67,6.0,,59.8,54.3,A1+A2,13.87,43.0,54.5,1.02,NONE,False,False,26.46218931782126,2.6557377049180326,40.8,57.2,18.0,3.6,True,,,,,50.0,,,,,,,,,,,,,,,,,,,,,,,,,,,,,,,,,,,,,,,,1.3766730401529637,0.3933351543294182,,,0.0,2.6230263896920856,2.6360568982230745,50.0,65.1,55.8,82.3,3.69,1.46,,,,,COOL,COOL,COOL,2.22,,COOL,Red,Red,Red,Red,50.0,52.0,50.0,48.0,SOG,52.0,,,,,,,C,Passenger,0.3,,58.9,,0.0,0.0418181818181818,2.3,0.0418181818181818,0.0030140217533743,0.3,0.3,0.0,0.0,0.0,7.794052863436123,7.348475341950056,58.9,30.2,False,,,,,,False,False,0.0,,False,0.0,,False,0.0,,,,,,,,,,,,,,,,,,,,,,,,,,,,,,,,,,,,,,,,,,,,,,,0.5,850.0,Fanatics,,,,,,,,,,0.5,850.0,Fanatics,0.5,850.0,Fanatics,,,,,,,,,,0.5,850.0,Fanatics,The Odds API,"[""Bally Bet"", ""BetRivers"", ""Bovada"", ""Courtside"", ""DraftKings"", ""Fanatics"", ""Fliff"", ""Hard Rock Bet"", ""theScore Bet""]",The Odds API,"[""Bally Bet"", ""BetRivers"", ""Bovada"", ""Courtside"", ""DraftKings"", ""Fanatics"", ""fanatics""]",,,,,,,,,,,,,,,,,,,,,,,,2026-10-07T17:51:03.097302+00:00,ALTLINE_NB_v1_2026-01-18,,,,league_avg,2.3,,,,,,,,,,,,,,,,,,,,,,,,,exp/fallback,0.369,,,,,,,,,,,,,,,,,,,,,,,,,exp/fallback,0.222,,,,,,,,,,,,,,,,,,,,,,0.5,850.0,Fanatics,exp/fallback,0.2384,0.2036429917824578,20.4,0.1052631578947368,93.46084219333493,93.5,0.2036429917824578,20.4,93.46084219333493,93.5,,,,,,,,,,,,,0.5,850.0,Fanatics,exp/fallback,0.1999,0.1713344384158959,17.1,0.1052631578947368,62.76771649510111,62.8,0.1713344384158959,17.1,62.76771649510111,62.8,,,,,,,,,,,,,False,False,True,True,False,,,Active roster,2026-10-07T17:51:03+00:00,False,[],2025-2026,,2026-09-24-frozen-v2,2026-10-07T17:51:05.183913+00:00
2026-10-07,PIT@WSH,2026020053,6:30 PM,2026-10-07T23:30:00Z,Connor Dewar,8480980,PIT,False,"{""season"":""2026-27"",""games"":[{""d"":""2026-10-05"",""g"":0,""a"":0,""s"":4,""pp"":0,""h"":""H"",""toi"":""14:46""},{""d"":""2026-10-03"",""g"":0,""a"":0,""s"":1,""pp"":0,""h"":""H"",""toi"":""13:54""},{""d"":""2026-09-30"",""g"":0,""a"":0,""s"":0,""pp"":0,""h"":""R"",""toi"":""14:51""}]}",2026-27,PIT,C,,Healthy,Unknown,,,1.0,0.0,,17.0,11.0,2026-10-07T17:50:49+00:00,WSH,Logan Thompson,0.9117832388153748,2.43828101188662,18.0,Confirmed,dailyfaceoff_name_and_stats,28.67,6.0,28.67,6.0,5.1,77.9,63.9,A1+A2,13.92,43.5,66.1,1.06,NONE,False,False,26.46218931782126,2.6557377049180326,40.8,57.2,18.0,3.6,True,1.0,,1.6666666666666667,1.2333333333333334,41.2,0.0,0.0,5.0,0.0,0.0,0.0,0.0,0.0,0.0,0.0,5.0,5.0,LOW,0.0,,LOW,0.0,,LOW,0.0,,LOW,0.0,,LOW,0.0,,LOW,0.0,,LOW,0.5,,LOW,0.25,,LOW,0.125,,1.5378342168113242,0.4893108871672394,,,0.0,2.6230263896920856,2.6360568982230745,50.0,65.1,60.2,82.3,4.29,2.11,12.33,4.29,2.11,7.33,HOT,WARM,HOT,2.18,2.18,WARM,Red,Red,Red,Red,63.0,60.0,59.0,58.0,POINTS,63.0,3.0,3.0,3.0,0.0,0.0,3.0,C,Passenger,0.2,,58.9,,0.0,0.029059829059829,2.2666666666666666,0.029059829059829,0.0020869778718963,0.2,0.2,4.5,4.5,0.0,7.794052863436123,7.348475341950056,58.9,28.0,False,,,,🅿️ D:3,,False,False,1.0,,False,0.0,,False,0.0,,,,,,,,,,,,,,,,,,,,,,,,,,,,,,,,,,,,,,,,,,,,,,,0.5,750.0,BetMGM,,,,,,,,,,0.5,750.0,BetMGM,0.5,750.0,BetMGM,,,,,,,,,,0.5,750.0,BetMGM,The Odds API,"[""Bally Bet"", ""BetMGM"", ""BetRivers"", ""Bovada"", ""Courtside"", ""DraftKings"", ""FanDuel"", ""Fanatics"", ""Fliff"", ""Hard Rock Bet"", ""theScore Bet""]",The Odds API,"[""Bally Bet"", ""BetMGM"", ""BetRivers"", ""Bovada"", ""Courtside"", ""DraftKings"", ""FanDuel"", ""Fanatics"", ""betmgm""]",,,,,,,,,,,,,,,,,,,,,,,,2026-10-07T17:51:03.097302+00:00,ALTLINE_NB_v1_2026-01-18,,,,exp/fallback,1.233,,,,,,,,,,,,,,,,,,,,,,,,,exp/fallback,0.429,,,,,,,,,,,,,,,,,,,,,,,,,exp/fallback,0.218,,,,,,,,,,,,,,,,,,,,,,0.5,750.0,BetMGM,exp/fallback,0.1982999999999999,0.1737253321033273,17.4,0.1176470588235294,47.66653228782821,47.7,0.1737253321033273,17.4,47.66653228782821,47.7,,,,,,,,,,,,,0.5,750.0,BetMGM,exp/fallback,0.1816124999999999,0.1577415276630318,15.8,0.1176470588235294,34.080298513577056,34.1,0.1577415276630318,15.8,34.080298513577056,34.1,,,,,,,,,,,,,False,False,True,True,False,5.1,,Active roster,2026-10-07T17:51:03+00:00,False,[],2025-2026,,2026-09-24-frozen-v2,2026-10-07T17:51:05.183913+00:00
2026-10-07,PIT@WSH,2026020053,6:30 PM,2026-10-07T23:30:00Z,Declan Carlile,8483398,TBL,True,,2026-27,PIT,D,,Healthy,Unknown,,,1.0,0.0,,17.0,11.0,2026-10-07T17:50:49+00:00,WSH,Logan Thompson,0.9117832388153748,2.43828101188662,18.0,Confirmed,dailyfaceoff_name_and_stats,28.67,6.0,28.67,6.0,,27.6,24.0,A1+A2,14.78,50.0,30.8,0.94,NONE,False,False,26.46218931782126,2.6557377049180326,40.8,57.2,18.0,3.6,True,,,,,50.0,,,,,,,,,,,,,,,,,,,,,,,,,,,,,,,,,,,,,,,,0.2124520507524343,0.0,,,0.0,2.6230263896920856,2.6360568982230745,50.0,65.1,36.0,82.3,0.82,0.37,,,,,COOL,COOL,COOL,0.45,,COOL,Red,Red,Red,Red,33.0,35.0,31.0,29.0,SOG,35.0,,,,,,,,Passenger,0.1,,58.9,,,0.0186507936507936,0.7833333333333333,0.0186507936507936,0.0012620498912488,0.1,0.1,0.0,0.0,0.0,7.794052863436123,7.348475341950056,58.9,25.6,False,,,,,,False,False,0.0,,False,0.0,,False,0.0,,,,,,,,,,,,,,,,,,,,,,,,,,,,,,,,,,,,,,,,,,,,,,,0.5,1500.0,DraftKings,,,,,,,,,,0.5,1500.0,DraftKings,0.5,1500.0,DraftKings,,,,,,,,,,0.5,1500.0,DraftKings,The Odds API,"[""Bally Bet"", ""BetMGM"", ""BetRivers"", ""Bovada"", ""Courtside"", ""DraftKings"", ""FanDuel"", ""Fanatics"", ""Fliff"", ""Hard Rock Bet"", ""theScore Bet""]",The Odds API,"[""Bally Bet"", ""BetMGM"", ""BetRivers"", ""Bovada"", ""Courtside"", ""DraftKings"", ""FanDuel"", ""Fanatics"", ""fanatics""]",,,,,,,,,,,,,,,,,,,,,,,,2026-10-07T17:51:03.097302+00:00,ALTLINE_NB_v1_2026-01-18,,,,league_avg,2.3,,,,,,,,,,,,,,,,,,,,,,,,,exp/fallback,0.0819999999999999,,,,,,,,,,,,,,,,,,,,,,,,,exp/fallback,0.045,,,,,,,,,,,,,,,,,,,,,,0.5,1500.0,DraftKings,exp/fallback,0.1948,0.171039809057226,17.1,0.0625,173.66369449156167,173.7,0.171039809057226,17.1,173.66369449156167,173.7,,,,,,,,,,,,,0.5,1500.0,DraftKings,exp/fallback,0.12905,0.1165515277701038,11.7,0.0625,86.48244443216608,86.5,0.1165515277701038,11.7,86.48244443216608,86.5,,,,,,,,,,,,,False,False,True,True,False,,,Active roster,2026-10-07T17:51:03+00:00,False,[],2025-2026,,2026-09-24-frozen-v2,2026-10-07T17:51:05.183913+00:00
2026-10-07,PIT@WSH,2026020053,6:30 PM,2026-10-07T23:30:00Z,Egor Chinakhov,8482475,PIT,False,"{""season"":""2026-27"",""games"":[{""d"":""2026-10-05"",""g"":0,""a"":0,""s"":0,""pp"":0,""h"":""H"",""toi"":""14:00""},{""d"":""2026-10-03"",""g"":0,""a"":1,""s"":2,""pp"":0,""h"":""H"",""toi"":""17:59""},{""d"":""2026-09-30"",""g"":1,""a"":0,""s"":3,""pp"":1,""h"":""R"",""toi"":""16:58""}]}",2026-27,PIT,R,,Healthy,Unknown,,,1.0,0.0,,17.0,11.0,2026-10-07T17:50:49+00:00,WSH,Logan Thompson,0.9117832388153748,2.43828101188662,18.0,Confirmed,dailyfaceoff_name_and_stats,28.67,6.0,28.67,6.0,10.3,76.5,72.9,A1+A2,13.48,39.0,67.7,1.07,NONE,False,False,26.46218931782126,2.6557377049180326,40.8,57.2,18.0,3.6,True,2.0,,1.6666666666666667,1.8833333333333333,57.5,2.0,1.0,5.0,1.0,1.0,1.0,2.0,2.0,1.0,1.0,5.0,5.0,LOW,0.2,-0.3,LOW,0.1,,LOW,0.05,,LOW,0.1,,LOW,0.05,,LOW,0.025,,LOW,0.5,,LOW,0.25,,LOW,0.125,,2.385825390328051,0.5613706800771885,,,1.0,2.6230263896920856,2.6360568982230745,50.0,65.1,72.2,82.3,5.34,2.22,18.83,3.34,1.22,13.83,HOT,COOL,HOT,3.12,2.12,WARM,Yellow,Red,Red,Yellow,64.0,62.0,63.0,63.0,POINTS,64.0,1.0,1.0,2.0,2.0,1.0,2.0,B,Distributor,8.8,,58.9,,1.0,1.183101851851852,85.18333333333334,1.183101851851852,0.087768103996016,8.8,8.8,2.567403639209548,1.070631970260223,1.7609078458227352,7.794052863436123,7.348475341950056,58.9,65.4,False,,,,🅿️ D:1,,False,False,1.0,,False,0.0,,False,0.0,,2.5,130.0,betmgm,,,,,,,,,,2.5,130.0,betmgm,0.5,140.0,draftkings,,,,,,,,,,0.5,140.0,draftkings,0.5,340.0,draftkings,,,,,,,,,,0.5,340.0,draftkings,,,,,,,,,,,,,,,,0.5,320.0,betrivers,,,,,,,,,,0.5,320.0,betrivers,,,BallDontLie,"[""betrivers""]",,,,,,,,,,,,,,,,,,BallDontLie,"[""betmgm""]",BallDontLie,"[""draftkings""]",BallDontLie,"[""draftkings""]",2026-10-07T17:51:03.097302+00:00,ALTLINE_NB_v1_2026-01-18,2.5,130.0,betmgm,exp/fallback,1.883,0.2937038348872862,29.4,0.4347826086956521,-32.44811797592416,-32.4,0.2937038348872862,29.4,-32.44811797592416,-32.4,,,,,,,,,,,,,0.5,140.0,draftkings,exp/fallback,0.534,0.3871020052455782,38.7,0.4166666666666667,-7.095518741061224,-7.1,0.3871020052455782,38.7,-7.095518741061224,-7.1,,,,,,,,,,,,,0.5,340.0,draftkings,exp/fallback,0.312,0.2516852049185234,25.2,0.2272727272727272,10.741490164150305,10.7,0.2516852049185234,25.2,10.741490164150305,10.7,,,,,,,,,,,,,,,,exp/fallback,0.22848,,,,,,,,,,,,,,,,,,,,,,0.5,320.0,betrivers,exp/fallback,0.211905,0.1800620530950099,18.0,0.238095238095238,-24.373937700095848,-24.4,0.1800620530950099,18.0,-24.373937700095848,-24.4,,,,,,,,,,,,,False,False,False,False,True,10.3,,Active roster,2026-10-07T17:51:03+00:00,False,[],2025-2026,,2026-09-24-frozen-v2,2026-10-07T17:51:05.183913+00:00
2026-10-07,PIT@WSH,2026020053,6:30 PM,2026-10-07T23:30:00Z,Elmer Soderblom,8481725,PIT,False,,2026-27,PIT,L,,Healthy,Unknown,,,1.0,0.0,,17.0,11.0,2026-10-07T17:50:49+00:00,WSH,Logan Thompson,0.9117832388153748,2.43828101188662,18.0,Confirmed,dailyfaceoff_name_and_stats,28.67,6.0,28.67,6.0,,60.1,37.3,A1+A2,11.11,21.5,44.4,0.98,NONE,False,False,26.46218931782126,2.6557377049180326,40.8,57.2,18.0,3.6,True,,,,,50.0,,,,,,,,,,,,,,,,,,,,,,,,,,,,,,,,,,,,,,,,1.2304779933743493,0.3786086133459536,,,0.0,2.6230263896920856,2.6360568982230745,50.0,65.1,53.5,82.3,2.31,1.32,,,,,COOL,COOL,COOL,0.99,,COOL,Red,Red,Red,Red,39.0,51.0,52.0,38.0,GOAL,52.0,,,,,,,C,Passenger,1.5,,58.9,,0.0,0.1700564971751412,10.033333333333331,0.1700564971751412,0.01530677108495,1.5,1.5,0.1196013289036544,0.1196013289036544,0.0,7.794052863436123,7.348475341950056,58.9,38.2,False,,,,,,False,False,0.0,,False,0.0,,False,0.0,,,,,,,,,,,,,,,,,,,,,,,,,,,,,,,,,,,,,,,,,,,,,,,,,,,,,,,,,,,,,,,,,,,,,,,,,,,,,,,,,,,,,,,,,,,,,,,,,,,,,,,,2026-10-07T17:51:03.097302+00:00,ALTLINE_NB_v1_2026-01-18,,,,league_avg,2.3,,,,,,,,,,,,,,,,,,,,,,,,,exp/fallback,0.231,,,,,,,,,,,,,,,,,,,,,,,,,exp/fallback,0.099,,,,,,,,,,,,,,,,,,,,,,,,,exp/fallback,0.2328,,,,,,,,,,,,,,,,,,,,,,,,,exp/fallback,0.1908,,,,,,,,,,,,,,,,,,,,,,False,False,False,False,False,,,Active roster,2026-10-07T17:51:03+00:00,False,[],2025-2026,,2026-09-24-frozen-v2,2026-10-07T17:51:05.183913+00:00
2026-10-07,PIT@WSH,2026020053,6:30 PM,2026-10-07T23:30:00Z,Erik Karlsson,8474578,PIT,False,"{""season"":""2026-27"",""games"":[{""d"":""2026-10-05"",""g"":0,""a"":1,""s"":1,""pp"":0,""h"":""H"",""toi"":""24:00""},{""d"":""2026-10-03"",""g"":0,""a"":2,""s"":0,""pp"":1,""h"":""H"",""toi"":""19:38""},{""d"":""2026-09-30"",""g"":0,""a"":1,""s"":3,""pp"":1,""h"":""R"",""toi"":""19:59""}]}",2026-27,PIT,D,,Healthy,Unknown,,,1.0,0.0,,17.0,11.0,2026-10-07T17:50:49+00:00,WSH,Logan Thompson,0.9117832388153748,2.43828101188662,18.0,Confirmed,dailyfaceoff_name_and_stats,28.67,6.0,28.67,6.0,5.1,69.6,97.3,A1+A2,23.6,97.5,84.9,1.14,NONE,False,False,26.46218931782126,2.6557377049180326,40.8,57.2,18.0,3.6,True,1.0,,1.3333333333333333,1.1166666666666667,33.8,4.0,0.0,4.0,0.0,4.0,4.0,4.0,4.0,4.0,4.0,4.0,4.0,LOW,0.4,-0.1,LOW,0.2,,LOW,0.1,,LOW,0.4,,LOW,0.2,,LOW,0.1,,LOW,0.4,,LOW,0.2,,LOW,0.1,,1.4683576572557515,0.5965202982601492,,,4.0,2.6230263896920856,2.6360568982230745,50.0,65.1,58.2,82.3,10.44,1.73,12.29,5.49,1.73,7.17,HOT,WARM,HOT,8.52,3.75,HOT,Green,Red,Red,Green,83.0,59.0,56.0,79.0,POINTS,83.0,0.0,0.0,3.0,2.0,2.0,1.0,A,Distributor,13.3,,58.9,,2.0,3.128,234.6,3.128,0.1325398768384776,13.3,13.3,3.992966751918159,0.6777493606138107,3.900255754475704,7.794052863436123,7.348475341950056,58.9,78.4,False,,,,🅿️ D:0,,False,False,1.0,,False,0.0,,False,0.0,,1.5,-200.0,BetOnline.ag,2.5,140.0,DraftKings,3.5,360.0,Fanatics,4.5,900.0,Fanatics,2.5,140.0,DraftKings,0.5,-115.0,DraftKings,1.5,425.0,DraftKings,2.5,1500.0,Fanatics,3.5,1600.0,BetOnline.ag,0.5,-115.0,DraftKings,0.5,115.0,Fanatics,1.5,650.0,Bovada,2.5,2500.0,Fanatics,,,,0.5,115.0,Fanatics,0.5,500.0,DraftKings,,,,,,,,,,0.5,500.0,DraftKings,0.5,500.0,DraftKings,,,,,,,,,,0.5,500.0,DraftKings,The Odds API,"[""Bally Bet"", ""BetMGM"", ""BetRivers"", ""Bovada"", ""Courtside"", ""DraftKings"", ""FanDuel"", ""Fanatics"", ""Fliff"", ""Hard Rock Bet"", ""theScore Bet""]",The Odds API,"[""Bally Bet"", ""BetMGM"", ""BetRivers"", ""Bovada"", ""Courtside"", ""DraftKings"", ""FanDuel"", ""Fanatics"", ""betmgm""]",0.5,290.0,BetMGM,1.5,750.0,Bovada,,,,,,,0.5,290.0,BetMGM,The Odds API,"[""Bally Bet"", ""BetMGM"", ""BetRivers"", ""Bovada"", ""Fliff"", ""Hard Rock Bet"", ""theScore Bet""]",The Odds API,"[""Bally Bet"", ""BetMGM"", ""BetOnline.ag"", ""BetRivers"", ""Bovada"", ""Courtside"", ""DraftKings"", ""FanDuel"", ""Fanatics"", ""Fliff"", ""Hard Rock Bet"", ""ReBet"", ""draftkings"", ""theScore Bet""]",The Odds API,"[""Bally Bet"", ""BetMGM"", ""BetOnline.ag"", ""BetRivers"", ""Bovada"", ""Courtside"", ""DraftKings"", ""FanDuel"", ""Fanatics"", ""Fliff"", ""Hard Rock Bet"", ""ReBet"", ""draftkings"", ""theScore Bet""]",The Odds API,"[""Bally Bet"", ""BetMGM"", ""BetOnline.ag"", ""BetRivers"", ""Bovada"", ""Courtside"", ""DraftKings"", ""FanDuel"", ""Fanatics"", ""Fliff"", ""Hard Rock Bet"", ""ReBet"", ""draftkings"", ""theScore Bet""]",2026-10-07T17:51:03.097302+00:00,ALTLINE_NB_v1_2026-01-18,2.5,140.0,DraftKings,exp/fallback,1.229,0.1464860207183798,14.6,0.4166666666666667,-64.84335502758884,-64.8,0.3356471421779319,33.6,-49.65292867331021,-49.7,0.1464860207183798,14.6,-64.84335502758884,-64.8,0.0575669087375844,5.8,-73.51922198071117,-73.5,0.0209934185687766,2.1,-79.00658143122332,-79.0,0.5,-115.0,DraftKings,exp/fallback,1.044,0.5892825574296378,58.9,0.5348837209302325,10.170217258584447,10.2,0.5892825574296378,58.9,10.170217258584447,10.2,0.275243440655463,27.5,44.502806344118085,44.5,0.1131639287243359,11.3,81.06228595893744,81.1,0.0429381785716664,4.3,-27.005096428166976,-27.0,0.5,115.0,Fanatics,exp/fallback,0.852,0.5082312257435051,50.8,0.4651162790697674,9.269713534853596,9.3,0.5082312257435051,50.8,9.269713534853596,9.3,0.2144114531863287,21.4,60.80858988974652,60.8,0.0827488762830778,8.3,115.14707833600228,115.1,,,,,0.5,500.0,DraftKings,exp/fallback,0.1868999999999999,0.1649331121257889,16.5,0.1666666666666666,-1.04013272452661,-1.0,0.1649331121257889,16.5,-1.04013272452661,-1.0,,,,,,,,,,,,,0.5,500.0,DraftKings,exp/fallback,0.1630875,0.1435928848695444,14.4,0.1666666666666666,-13.84426907827332,-13.8,0.1435928848695444,14.4,-13.84426907827332,-13.8,,,,,,,,,,,,,False,True,False,False,False,5.1,,Active roster,2026-10-07T17:51:03+00:00,False,"[{""market"":""Points"",""name"":""Hammer Fists"",""kind"":""FLOOR"",""rule"":""Conf_Points >= 80"",""icon"":""PTS05_HAMMER_FISTS.svg"",""kit_version"":""2026-09-24-frozen-v2""},{""market"":""Points"",""name"":""Echo Stomp II"",""kind"":""TIER"",""rule"":""Conf_Points >= 80 + TOI_per_game >= 19.18"",""icon"":""PTS05_HAMMER_STOMP.svg"",""kit_version"":""2026-09-24-frozen-v2""},{""market"":""Points"",""name"":""Gaia’s Blessing"",""kind"":""TIER"",""rule"":""Conf_Points >= 80 + Assists_mu >= 0.746"",""icon"":""PTS05_GAIAS_BLESSING.svg"",""kit_version"":""2026-09-24-frozen-v2""},{""market"":""Points"",""name"":""Gaia’s Blessing+ (Press)"",""kind"":""HEAVY"",""rule"":""Conf_Points >= 81 + Assists_mu >= 0.746"",""icon"":""PTS05_GAIAS_BLESSING.svg"",""kit_version"":""2026-09-24-frozen-v2""},{""market"":""Points"",""name"":""Gaia’s Blessing++ (Smash)"",""kind"":""HEAVY"",""rule"":""Conf_Points >= 83 + Assists_mu >= 0.746"",""icon"":""PTS05_GAIAS_BLESSING.svg"",""kit_version"":""2026-09-24-frozen-v2""},{""market"":""Assists"",""name"":""Staff (Green Stance)"",""kind"":""STANCE"",""rule"":""Green + Assists 0.5"",""icon"":""staff.svg"",""kit_version"":""2026-09-24-frozen-v2""}]",2025-2026,,2026-09-24-frozen-v2,2026-10-07T17:51:05.183913+00:00
2026-10-07,PIT@WSH,2026020053,6:30 PM,2026-10-07T23:30:00Z,Evgeni Malkin,8471215,PIT,False,"{""season"":""2026-27"",""games"":[{""d"":""2026-10-05"",""g"":0,""a"":0,""s"":4,""pp"":0,""h"":""H"",""toi"":""17:47""},{""d"":""2026-10-03"",""g"":1,""a"":2,""s"":1,""pp"":1,""h"":""H"",""toi"":""19:41""},{""d"":""2026-09-30"",""g"":1,""a"":0,""s"":2,""pp"":1,""h"":""R"",""toi"":""15:47""}]}",2026-27,PIT,C,,Healthy,Unknown,,,1.0,0.0,,17.0,11.0,2026-10-07T17:50:49+00:00,WSH,Logan Thompson,0.9117832388153748,2.43828101188662,18.0,Confirmed,dailyfaceoff_name_and_stats,28.67,6.0,28.67,6.0,10.3,84.4,94.4,A1+A2,17.59,72.5,85.5,1.14,NONE,False,False,26.46218931782126,2.6557377049180326,40.8,57.2,18.0,3.6,True,2.0,,2.333333333333333,2.1166666666666667,67.5,4.0,2.0,7.0,2.0,2.0,2.0,4.0,4.0,2.0,2.0,7.0,7.0,LOW,0.4,-0.1,LOW,0.2,,LOW,0.1,,LOW,0.2,,LOW,0.1,,LOW,0.05,,LOW,0.7,,LOW,0.35,,LOW,0.175,,2.495937601559961,1.1699707507312318,,,2.0,2.6230263896920856,2.6360568982230745,50.0,65.1,73.5,82.3,16.69,4.18,23.29,8.36,1.8,14.17,HOT,WARM,HOT,11.56,6.56,HOT,Green,Red,Yellow,Green,81.0,71.0,71.0,80.0,POINTS,81.0,1.0,1.0,1.0,0.0,2.0,1.0,B,Distributor,17.4,,58.9,,1.0,3.052678571428572,170.95,3.052678571428572,0.1735092616087287,17.4,17.4,5.758701374670957,1.6566247440772155,4.825972506580872,7.794052863436123,7.348475341950056,58.9,85.8,False,,,,🅿️ D:1,,False,False,1.0,,False,0.0,,False,0.0,,1.5,-150.0,Fanatics,2.5,210.0,Fanatics,3.5,550.0,Fanatics,4.5,1300.0,Fanatics,1.5,-150.0,Fanatics,0.5,-120.0,DraftKings,1.5,400.0,FanDuel,2.5,1700.0,Fanatics,3.5,3300.0,BetOnline.ag,0.5,-120.0,DraftKings,0.5,150.0,Hard Rock Bet,1.5,900.0,DraftKings,2.5,4000.0,Fanatics,,,,0.5,150.0,Hard Rock Bet,0.5,310.0,BetRivers,,,,,,,,,,0.5,310.0,BetRivers,0.5,310.0,BetRivers,,,,,,,,,,0.5,310.0,BetRivers,The Odds API,"[""Bally Bet"", ""BetMGM"", ""BetRivers"", ""Bovada"", ""Courtside"", ""DraftKings"", ""FanDuel"", ""Fanatics"", ""Fliff"", ""Hard Rock Bet"", ""theScore Bet""]",The Odds API,"[""Bally Bet"", ""BetMGM"", ""BetRivers"", ""Bovada"", ""Courtside"", ""DraftKings"", ""FanDuel"", ""Fanatics"", ""betrivers""]",0.5,300.0,Hard Rock Bet,1.5,1000.0,Bovada,,,,,,,0.5,300.0,Hard Rock Bet,The Odds API,"[""Bally Bet"", ""BetMGM"", ""BetRivers"", ""Bovada"", ""Fliff"", ""Hard Rock Bet"", ""theScore Bet""]",The Odds API,"[""Bally Bet"", ""BetMGM"", ""BetOnline.ag"", ""BetRivers"", ""Bovada"", ""Courtside"", ""DraftKings"", ""FanDuel"", ""Fanatics"", ""Fliff"", ""Hard Rock Bet"", ""ReBet"", ""theScore Bet""]",The Odds API,"[""Bally Bet"", ""BetMGM"", ""BetOnline.ag"", ""BetRivers"", ""Bovada"", ""Courtside"", ""DraftKings"", ""FanDuel"", ""Fanatics"", ""Fliff"", ""Hard Rock Bet"", ""ReBet"", ""draftkings"", ""theScore Bet""]",The Odds API,"[""Bally Bet"", ""BetMGM"", ""BetOnline.ag"", ""BetRivers"", ""Bovada"", ""Courtside"", ""DraftKings"", ""FanDuel"", ""Fanatics"", ""Fliff"", ""Hard Rock Bet"", ""ReBet"", ""draftkings"", ""theScore Bet""]",2026-10-07T17:51:03.097302+00:00,ALTLINE_NB_v1_2026-01-18,1.5,-150.0,Fanatics,exp/fallback,2.329,0.6055971410281227,60.6,0.6,0.932856838020446,0.9,0.6055971410281227,60.6,0.932856838020446,0.9,0.3895401276886253,39.0,20.757439583473857,20.8,0.2305270816884075,23.1,49.84260309746489,49.8,0.1281258457529693,12.8,79.37618405415711,79.4,0.5,-120.0,DraftKings,exp/fallback,1.669,0.7313706731621403,73.1,0.5454545454545454,34.08462341305907,34.1,0.7313706731621403,73.1,34.08462341305907,34.1,0.4483530634077686,44.8,124.1765317038843,124.2,0.2470838883239501,24.7,344.75099898311026,344.8,0.1269224914727853,12.7,331.5364710074702,331.5,0.5,150.0,Hard Rock Bet,exp/fallback,1.156,0.5984071220087355,59.8,0.4,49.60178050218387,49.6,0.5984071220087355,59.8,49.60178050218387,49.6,0.3042110719720423,30.4,204.2110719720423,204.2,0.1425710368758364,14.3,484.54125119092913,484.5,,,,,0.5,310.0,BetRivers,exp/fallback,0.3472,0.2775545101016299,27.8,0.2439024390243902,13.797349141668258,13.8,0.2775545101016299,27.8,13.797349141668258,13.8,,,,,,,,,,,,,0.5,310.0,BetRivers,exp/fallback,0.3767,0.2860571742297499,28.6,0.2439024390243902,17.28344143419749,17.3,0.2860571742297499,28.6,17.28344143419749,17.3,,,,,,,,,,,,,False,True,True,True,True,10.3,,Active roster,2026-10-07T17:51:03+00:00,False,"[{""market"":""Points"",""name"":""Hammer Fists"",""kind"":""FLOOR"",""rule"":""Conf_Points >= 80"",""icon"":""PTS05_HAMMER_FISTS.svg"",""kit_version"":""2026-09-24-frozen-v2""},{""market"":""Points"",""name"":""Gaia’s Blessing"",""kind"":""TIER"",""rule"":""Conf_Points >= 80 + Assists_mu >= 0.746"",""icon"":""PTS05_GAIAS_BLESSING.svg"",""kit_version"":""2026-09-24-frozen-v2""},{""market"":""Points"",""name"":""Gaia’s Blessing+ (Press)"",""kind"":""HEAVY"",""rule"":""Conf_Points >= 81 + Assists_mu >= 0.746"",""icon"":""PTS05_GAIAS_BLESSING.svg"",""kit_version"":""2026-09-24-frozen-v2""},{""market"":""Assists"",""name"":""Staff (Green Stance)"",""kind"":""STANCE"",""rule"":""Green + Assists 0.5"",""icon"":""staff.svg"",""kit_version"":""2026-09-24-frozen-v2""}]",2025-2026,,2026-09-24-frozen-v2,2026-10-07T17:51:05.183913+00:00
2026-10-07,PIT@WSH,2026020053,6:30 PM,2026-10-07T23:30:00Z,Filip Hallander,8480842,PIT,False,,2026-27,PIT,C,,Healthy,Unknown,,,1.0,0.0,,17.0,11.0,2026-10-07T17:50:49+00:00,WSH,Logan Thompson,0.9117832388153748,2.43828101188662,18.0,Confirmed,dailyfaceoff_name_and_stats,28.67,6.0,28.67,6.0,,37.0,28.5,A1+A2,13.14,37.5,34.1,0.94,NONE,False,False,26.46218931782126,2.6557377049180326,40.8,57.2,18.0,3.6,True,,,,,50.0,,,,,,,,,,,,,,,,,,,,,,,,,,,,,,,,,,,,,,,,0.0196035722064909,0.0130690481376606,,,0.0,2.6230263896920856,2.6360568982230745,50.0,65.1,33.2,82.3,4.61,2.44,,,,,COOL,COOL,COOL,2.17,,COOL,Red,Red,Red,Red,34.0,39.0,36.0,30.0,SOG,39.0,,,,,,,C,Passenger,2.6,,58.9,,0.0,0.3435897435897436,4.466666666666667,0.3435897435897436,0.0261437908496732,2.6,2.6,0.0,0.0,0.0,7.794052863436123,7.348475341950056,58.9,41.0,False,,,,,,False,False,0.0,,False,0.0,,False,0.0,,,,,,,,,,,,,,,,,,,,,,,,,,,,,,,,,,,,,,,,,,,,,,,,,,,,,,,,,,,,,,,,,,,,,,,,,,,,,,,,,,,,,,,,,,,,,,,,,,,,,,,,2026-10-07T17:51:03.097302+00:00,ALTLINE_NB_v1_2026-01-18,,,,league_avg,2.3,,,,,,,,,,,,,,,,,,,,,,,,,exp/fallback,0.461,,,,,,,,,,,,,,,,,,,,,,,,,exp/fallback,0.217,,,,,,,,,,,,,,,,,,,,,,,,,exp/fallback,0.2776,,,,,,,,,,,,,,,,,,,,,,,,,exp/fallback,0.2636,,,,,,,,,,,,,,,,,,,,,,False,False,False,False,False,,,Active roster,2026-10-07T17:51:03+00:00,False,[],2025-2026,,2026-09-24-frozen-v2,2026-10-07T17:51:05.183913+00:00
2026-10-07,PIT@WSH,2026020053,6:30 PM,2026-10-07T23:30:00Z,Hendrix Lapierre,8482148,WSH,True,,2026-27,PIT,C,,Healthy,Unknown,,,1.0,0.0,,17.0,11.0,2026-10-07T17:50:49+00:00,WSH,Logan Thompson,0.9117832388153748,2.43828101188662,18.0,Confirmed,dailyfaceoff_name_and_stats,28.67,6.0,28.67,6.0,,62.5,54.3,A1+A2,8.83,8.5,48.8,1.0,NONE,False,False,26.46218931782126,2.6557377049180326,40.8,57.2,18.0,3.6,True,,,,,50.0,,,,,,,,,,,,,,,,,,,,,,,,,,,,,,,,,,,,,,,,1.4107688690336233,0.4702562896778744,,,0.0,2.6230263896920856,2.6360568982230745,50.0,65.1,57.0,82.3,2.78,1.17,,,,,COOL,COOL,COOL,1.61,,COOL,Red,Red,Red,Red,47.0,51.0,50.0,45.0,SOG,51.0,,,,,,,,Passenger,1.5,,58.9,,,0.1337837837837837,9.9,0.1337837837837837,0.0151441756112485,1.5,1.5,0.0,0.0,0.0,7.794052863436123,7.348475341950056,58.9,38.2,False,,,,,,False,False,0.0,,False,0.0,,False,0.0,,1.5,175.0,BetRivers,,,,,,,,,,1.5,175.0,BetRivers,0.5,195.0,BetMGM,1.5,850.0,DraftKings,2.5,1550.0,BetOnline.ag,3.5,3200.0,BetOnline.ag,0.5,195.0,BetMGM,0.5,310.0,BetMGM,1.5,1700.0,BetOnline.ag,,,,,,,0.5,310.0,BetMGM,0.5,485.0,Fliff,,,,,,,,,,0.5,485.0,Fliff,0.5,425.0,DraftKings,,,,,,,,,,0.5,425.0,DraftKings,The Odds API,"[""Bally Bet"", ""BetMGM"", ""BetRivers"", ""Bovada"", ""Courtside"", ""DraftKings"", ""FanDuel"", ""Fanatics"", ""Fliff"", ""Hard Rock Bet"", ""theScore Bet""]",The Odds API,"[""Bally Bet"", ""BetMGM"", ""BetRivers"", ""Bovada"", ""Courtside"", ""DraftKings"", ""FanDuel"", ""Fanatics"", ""fanduel""]",,,,,,,,,,,,,,,,,,The Odds API,"[""Bally Bet"", ""BetRivers""]",The Odds API,"[""BetMGM"", ""BetOnline.ag"", ""Courtside"", ""DraftKings"", ""Hard Rock Bet"", ""ReBet"", ""betmgm"", ""theScore Bet""]",The Odds API,"[""Bally Bet"", ""BetMGM"", ""BetOnline.ag"", ""BetRivers"", ""Courtside"", ""DraftKings"", ""Fliff"", ""Hard Rock Bet"", ""ReBet"", ""betmgm"", ""theScore Bet""]",2026-10-07T17:51:03.097302+00:00,ALTLINE_NB_v1_2026-01-18,1.5,175.0,BetRivers,league_avg,2.3,0.6001759479749428,60.0,0.3636363636363636,65.04838569310925,65.0,0.6001759479749428,60.0,65.04838569310925,65.0,,,,,,,,,,,,,0.5,195.0,BetMGM,exp/fallback,0.2779999999999999,0.2330189552929013,23.3,0.3389830508474576,-31.25940818859412,-31.3,0.2330189552929013,23.3,-31.25940818859412,-31.3,0.0387049751338077,3.9,-63.23027362288261,-63.2,0.0054752126469272,0.5,-90.96589913256996,-91.0,0.0007045981837602,0.1,-97.67482599359124,-97.7,0.5,310.0,BetMGM,exp/fallback,0.161,0.1434544610069421,14.3,0.2439024390243902,-41.18367098715372,-41.2,0.1434544610069421,14.3,-41.18367098715372,-41.2,0.0158248156780366,1.6,-71.51533177953408,-71.5,,,,,,,,,0.5,485.0,Fliff,exp/fallback,0.2268,0.1951465530220431,19.5,0.1709401709401709,14.160733517895196,14.2,0.1951465530220431,19.5,14.160733517895196,14.2,,,,,,,,,,,,,0.5,425.0,DraftKings,exp/fallback,0.18105,0.157317603950434,15.7,0.1904761904761904,-17.40825792602213,-17.4,0.157317603950434,15.7,-17.40825792602213,-17.4,,,,,,,,,,,,,True,False,True,False,False,,,Active roster,2026-10-07T17:51:03+00:00,False,[],2025-2026,,2026-09-24-frozen-v2,2026-10-07T17:51:05.183913+00:00
2026-10-07,PIT@WSH,2026020053,6:30 PM,2026-10-07T23:30:00Z,Ilya Solovyov,8482470,PIT,False,,2026-27,PIT,D,,Healthy,Unknown,,,1.0,0.0,,17.0,11.0,2026-10-07T17:50:49+00:00,WSH,Logan Thompson,0.9117832388153748,2.43828101188662,18.0,Confirmed,dailyfaceoff_name_and_stats,28.67,6.0,28.67,6.0,,21.3,40.6,A1+A2,12.75,36.5,31.1,0.94,NONE,False,False,26.46218931782126,2.6557377049180326,40.8,57.2,18.0,3.6,True,,,,,50.0,,,,,,,,,,,,,,,,,,,,,,,,,,,,,,,,,,,,,,,,1.2862310749854853,0.482336653119557,,,0.0,2.6230263896920856,2.6360568982230745,50.0,65.1,54.0,82.3,2.48,0.29,,,,,COOL,COOL,COOL,2.19,,COOL,Red,Red,Red,Red,42.0,31.0,27.0,37.0,POINTS,42.0,,,,,,,C,Passenger,0.1,,58.9,,0.0,0.01,0.3,0.01,0.0007845188284518,0.1,0.1,0.0,0.0,0.0,7.794052863436123,7.348475341950056,58.9,25.6,False,,,,,,False,False,0.0,,False,0.0,,False,0.0,,,,,,,,,,,,,,,,,,,,,,,,,,,,,,,,,,,,,,,,,,,,,,,,,,,,,,,,,,,,,,,,,,,,,,,,,,,,,,,,,,,,,,,,,,,,,,,,,,,,,,,,2026-10-07T17:51:03.097302+00:00,ALTLINE_NB_v1_2026-01-18,,,,league_avg,2.3,,,,,,,,,,,,,,,,,,,,,,,,,exp/fallback,0.248,,,,,,,,,,,,,,,,,,,,,,,,,exp/fallback,0.219,,,,,,,,,,,,,,,,,,,,,,,,,exp/fallback,0.1916,,,,,,,,,,,,,,,,,,,,,,,,,exp/fallback,0.1238499999999999,,,,,,,,,,,,,,,,,,,,,,False,False,False,False,False,,,Active roster,2026-10-07T17:51:03+00:00,False,[],2025-2026,,2026-09-24-frozen-v2,2026-10-07T17:51:05.183913+00:00
2026-10-07,PIT@WSH,2026020053,6:30 PM,2026-10-07T23:30:00Z,Justin Brazeau,8479638,PIT,False,"{""season"":""2026-27"",""games"":[]}",2026-27,PIT,R,,GTD,Unknown,,,1.0,-1.0,🟡 GTD,17.0,11.0,2026-10-07T17:50:49+00:00,WSH,Logan Thompson,0.9117832388153748,2.43828101188662,18.0,Confirmed,dailyfaceoff_name_and_stats,28.67,6.0,28.67,6.0,,75.5,66.1,A1+A2,12.65,34.0,63.9,1.06,NONE,False,False,26.46218931782126,2.6557377049180326,40.8,57.2,18.0,3.6,True,,,0.0,,50.0,0.0,0.0,0.0,0.0,0.0,0.0,0.0,0.0,0.0,0.0,0.0,0.0,LOW,0.0,,LOW,0.0,,LOW,0.0,,LOW,0.0,,LOW,0.0,,LOW,0.0,,LOW,0.0,,LOW,0.0,,LOW,0.0,,2.20949263502455,0.7364975450081833,,,0.0,2.6230263896920856,2.6360568982230745,50.0,65.1,70.8,82.3,5.17,2.36,,5.17,2.36,,HOT,WARM,COOL,2.8,2.8,HOT,Red,Yellow,Red,Red,60.0,58.0,56.0,58.0,POINTS,60.0,1.0,1.0,1.0,1.0,0.0,1.0,C,Passenger,7.8,,58.9,,0.0,0.9856770833333334,63.083333333333336,0.9856770833333334,0.077890274519488,7.8,7.8,3.0982826948480846,1.6834874504623514,1.6644649933949802,7.794052863436123,7.348475341950056,58.9,63.2,False,,,,🅿️ D:1,,False,False,1.0,,False,0.0,,False,0.0,,,,,,,,,,,,,,,,,,,,,,,,,,,,,,,,,,,,,,,,,,,,,,,,,,,,,,,,,,,,,,,,,,,,,,,,,,,,,,,,,,,,,,,,,,,,,,,,,,,,,,,,2026-10-07T17:51:03.097302+00:00,ALTLINE_NB_v1_2026-01-18,,,,league_avg,2.3,,,,,,,,,,,,,,,,,,,,,,,,,exp/fallback,0.517,,,,,,,,,,,,,,,,,,,,,,,,,exp/fallback,0.2799999999999999,,,,,,,,,,,,,,,,,,,,,,,,,exp/fallback,0.2744,,,,,,,,,,,,,,,,,,,,,,,,,exp/fallback,0.2584,,,,,,,,,,,,,,,,,,,,,,False,False,False,False,False,,,Active roster,2026-10-07T17:51:03+00:00,False,[],2025-2026,,2026-09-24-frozen-v2,2026-10-07T17:51:05.183913+00:00
2026-10-07,PIT@WSH,2026020053,6:30 PM,2026-10-07T23:30:00Z,Kaedan Korczak,8481527,VGK,True,,2026-27,PIT,D,,Healthy,Unknown,,,1.0,0.0,,17.0,11.0,2026-10-07T17:50:49+00:00,WSH,Logan Thompson,0.9117832388153748,2.43828101188662,18.0,Confirmed,dailyfaceoff_name_and_stats,28.67,6.0,28.67,6.0,,35.5,56.5,A1+A2,15.97,61.0,48.0,0.99,NONE,False,False,26.46218931782126,2.6557377049180326,40.8,57.2,18.0,3.6,True,,,,,50.0,,,,,,,,,,,,,,,,,,,,,,,,,,,,,,,,,,,,,,,,0.7548119260284313,0.3019247704113725,,,0.0,2.6230263896920856,2.6360568982230745,50.0,65.1,41.2,82.3,2.04,0.38,,,,,COOL,COOL,COOL,1.65,,COOL,Red,Red,Red,Red,52.0,40.0,37.0,46.0,POINTS,52.0,,,,,,,,Passenger,0.3,,58.9,,,0.0431623931623931,3.3666666666666667,0.0431623931623931,0.0027030281944574,0.3,0.3,0.0,0.0,0.0,7.794052863436123,7.348475341950056,58.9,30.2,False,,,,,,False,False,0.0,,False,0.0,,False,0.0,,,,,,,,,,,,,,,,,,,,,,,,,,,,,,,,,,,,,,,,,,,,,,,0.5,2500.0,Fanatics,,,,,,,,,,0.5,2500.0,Fanatics,0.5,2500.0,Fanatics,,,,,,,,,,0.5,2500.0,Fanatics,The Odds API,"[""Bally Bet"", ""BetMGM"", ""BetRivers"", ""Bovada"", ""Courtside"", ""DraftKings"", ""FanDuel"", ""Fanatics"", ""Fliff"", ""Hard Rock Bet"", ""theScore Bet""]",The Odds API,"[""Bally Bet"", ""BetMGM"", ""BetRivers"", ""Bovada"", ""Courtside"", ""DraftKings"", ""FanDuel"", ""Fanatics"", ""fanatics""]",,,,,,,,,,,,,,,,,,,,,,,,2026-10-07T17:51:03.097302+00:00,ALTLINE_NB_v1_2026-01-18,,,,league_avg,2.3,,,,,,,,,,,,,,,,,,,,,,,,,exp/fallback,0.204,,,,,,,,,,,,,,,,,,,,,,,,,exp/fallback,0.1649999999999999,,,,,,,,,,,,,,,,,,,,,,0.5,2500.0,Fanatics,exp/fallback,0.1951999999999999,0.1713473439052892,17.1,0.0384615384615384,345.50309415375204,345.5,0.1713473439052892,17.1,345.50309415375204,345.5,,,,,,,,,,,,,0.5,2500.0,Fanatics,exp/fallback,0.1296999999999999,0.1170810662874134,11.7,0.0384615384615384,204.41077234727496,204.4,0.1170810662874134,11.7,204.41077234727496,204.4,,,,,,,,,,,,,False,False,True,True,False,,,Active roster,2026-10-07T17:51:03+00:00,False,[],2025-2026,,2026-09-24-frozen-v2,2026-10-07T17:51:05.183913+00:00
2026-10-07,PIT@WSH,2026020053,6:30 PM,2026-10-07T23:30:00Z,Kris Letang,8471724,PIT,False,"{""season"":""2026-27"",""games"":[{""d"":""2026-10-05"",""g"":0,""a"":0,""s"":2,""pp"":0,""h"":""H"",""toi"":""23:23""},{""d"":""2026-10-03"",""g"":0,""a"":2,""s"":3,""pp"":1,""h"":""H"",""toi"":""19:30""},{""d"":""2026-09-30"",""g"":0,""a"":1,""s"":4,""pp"":0,""h"":""R"",""toi"":""18:44""}]}",2026-27,PIT,D,,Healthy,Unknown,,,1.0,0.0,,17.0,11.0,2026-10-07T17:50:49+00:00,WSH,Logan Thompson,0.9117832388153748,2.43828101188662,18.0,Confirmed,dailyfaceoff_name_and_stats,28.67,6.0,28.67,6.0,15.4,54.4,86.3,A1+A2,21.68,93.0,73.3,1.09,NONE,False,False,26.46218931782126,2.6557377049180326,40.8,57.2,18.0,3.6,True,3.0,,3.0,3.0,82.5,3.0,0.0,9.0,0.0,3.0,3.0,3.0,3.0,3.0,3.0,9.0,9.0,LOW,0.3,-0.2,LOW,0.15,,LOW,0.075,,LOW,0.3,,LOW,0.15,,LOW,0.075,,LOW,0.9,,LOW,0.45,,LOW,0.225,,0.8082219117940531,0.2245060866094592,,,3.0,2.6230263896920856,2.6360568982230745,50.0,65.1,42.2,82.3,5.52,0.95,33.0,2.52,0.95,21.0,HOT,COOL,HOT,4.58,1.58,WARM,Yellow,Red,Red,Yellow,70.0,60.0,55.0,67.0,POINTS,70.0,1.0,1.0,3.0,0.0,1.0,1.0,B,Distributor,6.9,,58.9,,1.0,1.491891891891892,110.4,1.491891891891892,0.0688064817700218,6.9,6.9,3.841032608695651,0.2608695652173913,4.21195652173913,7.794052863436123,7.348475341950056,58.9,70.8,False,,,,🅿️ D:1,,False,False,1.0,,False,0.0,,False,0.0,,1.5,107.0,BetOnline.ag,2.5,320.0,Fanatics,3.5,1000.0,BetOnline.ag,4.5,3200.0,BetOnline.ag,1.5,107.0,BetOnline.ag,0.5,175.0,Hard Rock Bet,1.5,1100.0,Fanatics,2.5,1550.0,BetOnline.ag,3.5,3200.0,BetOnline.ag,0.5,175.0,Hard Rock Bet,0.5,220.0,Hard Rock Bet,1.5,1500.0,Fanatics,,,,,,,0.5,220.0,Hard Rock Bet,0.5,1100.0,DraftKings,,,,,,,,,,0.5,1100.0,DraftKings,0.5,1100.0,DraftKings,,,,,,,,,,0.5,1100.0,DraftKings,The Odds API,"[""Bally Bet"", ""BetMGM"", ""BetRivers"", ""Bovada"", ""Courtside"", ""DraftKings"", ""FanDuel"", ""Fanatics"", ""Fliff"", ""Hard Rock Bet"", ""theScore Bet""]",The Odds API,"[""Bally Bet"", ""BetMGM"", ""BetRivers"", ""Bovada"", ""Courtside"", ""DraftKings"", ""FanDuel"", ""Fanatics"", ""fanatics""]",0.5,575.0,Hard Rock Bet,,,,,,,,,,0.5,575.0,Hard Rock Bet,The Odds API,"[""Hard Rock Bet"", ""theScore Bet""]",The Odds API,"[""Bally Bet"", ""BetMGM"", ""BetOnline.ag"", ""BetRivers"", ""Courtside"", ""DraftKings"", ""FanDuel"", ""Fanatics"", ""Fliff"", ""ReBet""]",The Odds API,"[""Bally Bet"", ""BetMGM"", ""BetOnline.ag"", ""BetRivers"", ""Bovada"", ""Courtside"", ""DraftKings"", ""FanDuel"", ""Fanatics"", ""Fliff"", ""Hard Rock Bet"", ""ReBet"", ""draftkings"", ""theScore Bet""]",The Odds API,"[""Bally Bet"", ""BetMGM"", ""BetOnline.ag"", ""BetRivers"", ""Bovada"", ""Courtside"", ""DraftKings"", ""FanDuel"", ""Fanatics"", ""Fliff"", ""Hard Rock Bet"", ""ReBet"", ""draftkings"", ""theScore Bet""]",2026-10-07T17:51:03.097302+00:00,ALTLINE_NB_v1_2026-01-18,1.5,107.0,BetOnline.ag,exp/fallback,3.3,0.7468490708318726,74.7,0.4830917874396135,54.59775766219763,54.6,0.7468490708318726,74.7,54.59775766219763,54.6,0.5626316556203185,56.3,136.30529536053376,136.3,0.3960789240591873,39.6,335.686816465106,335.7,0.2643197425844569,26.4,772.2551505287078,772.3,0.5,175.0,Hard Rock Bet,exp/fallback,0.5519999999999999,0.3963026063320695,39.6,0.3636363636363636,8.983216741319112,9.0,0.3963026063320695,39.6,8.983216741319112,9.0,0.1170191992714781,11.7,40.42303912577383,40.4,0.0298075017599325,3.0,-50.817622096111336,-50.8,0.0069447637599229,0.7,-77.08227959225435,-77.1,0.5,220.0,Hard Rock Bet,exp/fallback,0.458,0.3379417004702602,33.8,0.3125,8.141344150483265,8.1,0.3379417004702602,33.8,8.141344150483265,8.1,0.0912185912883065,9.1,45.9497460612905,45.9,,,,,,,,,0.5,1100.0,DraftKings,exp/fallback,0.218,0.188616091060477,18.9,0.0833333333333333,126.33930927257246,126.3,0.188616091060477,18.9,126.33930927257246,126.3,,,,,,,,,,,,,0.5,1100.0,DraftKings,exp/fallback,0.16675,0.1464211165939293,14.6,0.0833333333333333,75.70533991271517,75.7,0.1464211165939293,14.6,75.70533991271517,75.7,,,,,,,,,,,,,True,False,True,True,False,15.4,,Active roster,2026-10-07T17:51:03+00:00,False,[],2025-2026,,2026-09-24-frozen-v2,2026-10-07T17:51:05.183913+00:00
2026-10-07,PIT@WSH,2026020053,6:30 PM,2026-10-07T23:30:00Z,Nicholas Robertson,8481582,TOR,True,"{""season"":""2026-27"",""games"":[{""d"":""2026-10-05"",""g"":0,""a"":0,""s"":1,""pp"":0,""h"":""H"",""toi"":""15:14""},{""d"":""2026-10-03"",""g"":0,""a"":0,""s"":1,""pp"":0,""h"":""H"",""toi"":""13:35""},{""d"":""2026-09-30"",""g"":2,""a"":0,""s"":4,""pp"":0,""h"":""R"",""toi"":""15:02""}]}",2026-27,PIT,L,,Healthy,Unknown,,,1.0,0.0,,17.0,11.0,2026-10-07T17:50:49+00:00,WSH,Logan Thompson,0.9117832388153748,2.43828101188662,18.0,Confirmed,dailyfaceoff_name_and_stats,28.67,6.0,28.67,6.0,5.1,75.0,63.9,A1+A2,12.66,34.5,63.0,1.05,NONE,False,False,26.46218931782126,2.6557377049180326,40.8,57.2,18.0,3.6,True,1.0,,2.0,1.35,45.0,2.0,2.0,6.0,2.0,0.0,0.0,2.0,2.0,0.0,0.0,6.0,6.0,LOW,0.2,,LOW,0.1,,LOW,0.05,,LOW,0.0,,LOW,0.0,,LOW,0.0,,LOW,0.6,,LOW,0.3,,LOW,0.15,,1.837568058076225,0.4764065335753176,,,0.0,2.6230263896920856,2.6360568982230745,50.0,65.1,66.2,82.3,4.07,1.91,13.5,2.07,-0.09,7.5,WARM,COOL,HOT,2.16,2.16,WARM,Red,Red,Red,Red,53.0,59.0,62.0,58.0,GOAL,62.0,2.0,3.0,2.0,2.0,0.0,3.0,,Passenger,8.5,,58.9,,,1.078846153846154,84.15,1.078846153846154,0.0852137516666385,8.5,8.5,2.1301247771836005,1.06951871657754,1.2477718360071302,7.794052863436123,7.348475341950056,58.9,62.3,False,,,,🥅 D:2,,False,False,1.0,,False,0.0,,False,0.0,,,,,,,,,,,,,,,,,,,,,,,,,,,,,,,,,,,,,,,,,,,,,,,,,,,,,,,,,,,,,,,,,,,,,,,,,,,,,,,,,,,,,,,,,,,,,,,,,,,,,,,,2026-10-07T17:51:03.097302+00:00,ALTLINE_NB_v1_2026-01-18,,,,exp/fallback,1.35,,,,,,,,,,,,,,,,,,,,,,,,,exp/fallback,0.407,,,,,,,,,,,,,,,,,,,,,,,,,exp/fallback,0.216,,,,,,,,,,,,,,,,,,,,,,,,,exp/fallback,0.1923,,,,,,,,,,,,,,,,,,,,,,,,,exp/fallback,0.1718625,,,,,,,,,,,,,,,,,,,,,,False,False,False,False,False,5.1,,Active roster,2026-10-07T17:51:03+00:00,False,[],2025-2026,,2026-09-24-frozen-v2,2026-10-07T17:51:05.183913+00:00
2026-10-07,PIT@WSH,2026020053,6:30 PM,2026-10-07T23:30:00Z,Rickard Rakell,8476483,PIT,False,"{""season"":""2026-27"",""games"":[{""d"":""2026-10-05"",""g"":0,""a"":0,""s"":2,""pp"":0,""h"":""H"",""toi"":""20:37""},{""d"":""2026-10-03"",""g"":0,""a"":1,""s"":2,""pp"":0,""h"":""H"",""toi"":""18:26""},{""d"":""2026-09-30"",""g"":0,""a"":1,""s"":2,""pp"":1,""h"":""R"",""toi"":""18:32""}]}",2026-27,PIT,R,,Healthy,Unknown,,,1.0,0.0,,17.0,11.0,2026-10-07T17:50:49+00:00,WSH,Logan Thompson,0.9117832388153748,2.43828101188662,18.0,Confirmed,dailyfaceoff_name_and_stats,28.67,6.0,28.67,6.0,10.3,93.0,77.8,A1+A2,18.95,80.5,85.2,1.14,NONE,False,False,26.46218931782126,2.6557377049180326,40.8,57.2,18.0,3.6,True,2.0,,2.0,2.0,63.7,2.0,0.0,6.0,0.0,2.0,2.0,2.0,2.0,2.0,2.0,6.0,6.0,LOW,0.2,-0.3,LOW,0.1,,LOW,0.05,,LOW,0.2,,LOW,0.1,,LOW,0.05,,LOW,0.6,,LOW,0.3,,LOW,0.15,,1.8297689330257652,0.5630058255463893,,,2.0,2.6230263896920856,2.6360568982230745,50.0,65.1,66.0,82.3,10.18,5.15,22.0,7.25,4.68,14.0,HOT,HOT,HOT,5.02,2.56,HOT,Yellow,Red,Red,Yellow,72.0,78.0,73.0,71.0,SOG,78.0,1.0,1.0,3.0,3.0,1.0,2.0,A,Hybrid,16.2,,58.9,,2.0,3.078333333333333,184.7,3.078333333333333,0.1624569376236898,16.2,16.2,3.495397942609637,2.114780725500812,1.6242555495397943,7.794052863436123,7.348475341950056,58.9,75.0,False,,,,🎯 D:3,,False,False,2.0,,False,0.0,,False,0.0,,1.5,-255.0,DraftKings,2.5,118.0,BetOnline.ag,3.5,280.0,FanDuel,4.5,650.0,Fanatics,2.5,118.0,BetOnline.ag,0.5,105.0,BetRivers,1.5,500.0,theScore Bet,2.5,1900.0,Fanatics,3.5,4500.0,BetOnline.ag,0.5,105.0,BetRivers,0.5,210.0,BetRivers,1.5,1200.0,DraftKings,,,,,,,0.5,210.0,BetRivers,0.5,270.0,DraftKings,,,,,,,,,,0.5,270.0,DraftKings,0.5,270.0,DraftKings,,,,,,,,,,0.5,270.0,DraftKings,The Odds API,"[""Bally Bet"", ""BetMGM"", ""BetRivers"", ""Bovada"", ""Courtside"", ""DraftKings"", ""FanDuel"", ""Fanatics"", ""Fliff"", ""Hard Rock Bet"", ""theScore Bet""]",The Odds API,"[""Bally Bet"", ""BetMGM"", ""BetRivers"", ""Bovada"", ""Courtside"", ""DraftKings"", ""FanDuel"", ""Fanatics"", ""betrivers""]",0.5,280.0,BetMGM,,,,,,,,,,0.5,280.0,BetMGM,The Odds API,"[""Bally Bet"", ""BetMGM"", ""BetRivers"", ""Bovada"", ""Fliff"", ""Hard Rock Bet"", ""theScore Bet""]",The Odds API,"[""Bally Bet"", ""BetMGM"", ""BetOnline.ag"", ""BetRivers"", ""Bovada"", ""Courtside"", ""DraftKings"", ""FanDuel"", ""Fanatics"", ""Fliff"", ""Hard Rock Bet"", ""ReBet"", ""betmgm"", ""theScore Bet""]",The Odds API,"[""Bally Bet"", ""BetMGM"", ""BetOnline.ag"", ""BetRivers"", ""Bovada"", ""Courtside"", ""DraftKings"", ""FanDuel"", ""Fanatics"", ""Fliff"", ""Hard Rock Bet"", ""ReBet"", ""draftkings"", ""theScore Bet""]",The Odds API,"[""Bally Bet"", ""BetMGM"", ""BetOnline.ag"", ""BetRivers"", ""Bovada"", ""Courtside"", ""DraftKings"", ""FanDuel"", ""Fanatics"", ""Fliff"", ""Hard Rock Bet"", ""ReBet"", ""draftkings"", ""theScore Bet""]",2026-10-07T17:51:03.097302+00:00,ALTLINE_NB_v1_2026-01-18,2.5,118.0,BetOnline.ag,exp/fallback,2.2,0.3627068685926952,36.3,0.4587155963302752,-20.929902646792453,-20.9,0.5808468089046723,58.1,-19.13701287797699,-19.1,0.3627068685926952,36.3,-20.929902646792453,-20.9,0.2078978786938726,20.8,-20.998806096328394,-21.0,0.1117664898050877,11.2,-16.17513264618419,-16.2,0.5,105.0,BetRivers,exp/fallback,1.018,0.5813600395497174,58.1,0.4878048780487805,19.17880810769207,19.2,0.5813600395497174,58.1,19.17880810769207,19.2,0.2671408551964122,26.7,60.28451311784732,60.3,0.1079461987572957,10.8,115.89239751459144,115.9,0.0402369229251211,4.0,85.08984545555731,85.1,0.5,210.0,BetRivers,exp/fallback,0.502,0.3610227725094105,36.1,0.3225806451612903,11.917059477917258,11.9,0.3610227725094105,36.1,11.917059477917258,11.9,0.104614644451636,10.5,35.99903778712685,36.0,,,,,,,,,0.5,270.0,DraftKings,exp/fallback,0.386,0.3015920009953594,30.2,0.2702702702702703,11.589040368283,11.6,0.3015920009953594,30.2,11.589040368283,11.6,,,,,,,,,,,,,0.5,270.0,DraftKings,exp/fallback,0.43975,0.3207628921297292,32.1,0.2702702702702703,18.682270087999807,18.7,0.3207628921297292,32.1,18.682270087999807,18.7,,,,,,,,,,,,,False,True,True,True,True,10.3,,Active roster,2026-10-07T17:51:03+00:00,False,[],2025-2026,,2026-09-24-frozen-v2,2026-10-07T17:51:05.183913+00:00
2026-10-07,PIT@WSH,2026020053,6:30 PM,2026-10-07T23:30:00Z,Samuel Girard,8479398,PIT,False,,2026-27,PIT,D,,Healthy,Unknown,,,1.0,0.0,,17.0,11.0,2026-10-07T17:50:49+00:00,WSH,Logan Thompson,0.9117832388153748,2.43828101188662,18.0,Confirmed,dailyfaceoff_name_and_stats,28.67,6.0,28.67,6.0,,31.2,63.9,A1+A2,18.1,75.5,51.5,1.01,NONE,False,False,26.46218931782126,2.6557377049180326,40.8,57.2,18.0,3.6,True,,,,,50.0,,,,,,,,,,,,,,,,,,,,,,,,,,,,,,,,,,,,,,,,1.0095344924284912,0.2969219095377916,,,0.0,2.6230263896920856,2.6360568982230745,50.0,65.1,47.8,82.3,3.07,0.38,,,,,COOL,COOL,COOL,2.68,,COOL,Red,Red,Red,Red,58.0,39.0,35.0,51.0,POINTS,58.0,,,,,,,C,Passenger,0.4,,58.9,,0.0,0.0702777777777777,4.216666666666667,0.0702777777777777,0.0038826905664431,0.4,0.4,0.0,0.0,0.0,7.794052863436123,7.348475341950056,58.9,32.1,False,,,,,,False,False,0.0,,False,0.0,,False,0.0,,,,,,,,,,,,,,,,,0.5,270.0,BetRivers,,,,,,,,,,0.5,270.0,BetRivers,,,,,,,,,,,,,,,,0.5,1300.0,Hard Rock Bet,,,,,,,,,,0.5,1300.0,Hard Rock Bet,0.5,1100.0,Fanatics,,,,,,,,,,0.5,1100.0,Fanatics,The Odds API,"[""Bally Bet"", ""BetMGM"", ""BetRivers"", ""Bovada"", ""Courtside"", ""DraftKings"", ""FanDuel"", ""Fanatics"", ""Fliff"", ""Hard Rock Bet"", ""theScore Bet""]",The Odds API,"[""Bally Bet"", ""BetMGM"", ""BetRivers"", ""Bovada"", ""Courtside"", ""DraftKings"", ""FanDuel"", ""Fanatics"", ""fanatics""]",,,,,,,,,,,,,,,,,,,,,,The Odds API,"[""Bally Bet"", ""BetRivers""]",2026-10-07T17:51:03.097302+00:00,ALTLINE_NB_v1_2026-01-18,,,,league_avg,2.3,,,,,,,,,,,,,,,,,,,,,,0.5,270.0,BetRivers,exp/fallback,0.307,0.2529328573566373,25.3,0.2702702702702703,-6.414842778044195,-6.4,0.2529328573566373,25.3,-6.414842778044195,-6.4,,,,,,,,,,,,,,,,exp/fallback,0.268,,,,,,,,,,,,,,,,,,,,,,0.5,1300.0,Hard Rock Bet,exp/fallback,0.1951999999999999,0.1713473439052892,17.1,0.0714285714285714,139.88628146740496,139.9,0.1713473439052892,17.1,139.88628146740496,139.9,,,,,,,,,,,,,0.5,1100.0,Fanatics,exp/fallback,0.1296999999999999,0.1170810662874134,11.7,0.0833333333333333,40.49727954489612,40.5,0.1170810662874134,11.7,40.49727954489612,40.5,,,,,,,,,,,,,False,False,True,True,False,,,Active roster,2026-10-07T17:51:03+00:00,False,[],2025-2026,,2026-09-24-frozen-v2,2026-10-07T17:51:05.183913+00:00
2026-10-07,PIT@WSH,2026020053,6:30 PM,2026-10-07T23:30:00Z,Sidney Crosby,8471675,PIT,False,"{""season"":""2026-27"",""games"":[{""d"":""2026-10-05"",""g"":0,""a"":0,""s"":5,""pp"":0,""h"":""H"",""toi"":""19:27""},{""d"":""2026-10-03"",""g"":0,""a"":1,""s"":2,""pp"":0,""h"":""H"",""toi"":""19:53""},{""d"":""2026-09-30"",""g"":0,""a"":1,""s"":3,""pp"":0,""h"":""R"",""toi"":""17:39""}]}",2026-27,PIT,C,⭐ STAR,Healthy,Unknown,,,1.0,0.0,,17.0,11.0,2026-10-07T17:50:49+00:00,WSH,Logan Thompson,0.9117832388153748,2.43828101188662,18.0,Confirmed,dailyfaceoff_name_and_stats,28.67,6.0,28.67,6.0,15.4,88.7,95.7,A1+A2,19.23,84.5,90.3,1.2,STAR,False,True,26.46218931782126,2.6557377049180326,40.8,57.2,18.0,3.6,True,3.0,,3.333333333333333,3.116666666666667,85.0,2.0,0.0,10.0,0.0,2.0,2.0,2.0,2.0,2.0,2.0,10.0,10.0,LOW,0.2,-0.3,LOW,0.1,,LOW,0.05,,LOW,0.2,,LOW,0.1,,LOW,0.05,,LOW,1.0,,LOW,0.5,,LOW,0.25,,2.4996770443095206,0.9301123885802868,,,2.0,2.6230263896920856,2.6360568982230745,50.0,65.1,73.8,82.3,15.77,4.15,34.29,9.68,3.77,21.17,HOT,HOT,HOT,10.68,5.91,HOT,Green,Yellow,Yellow,Green,83.0,78.0,75.0,82.0,POINTS,83.0,1.0,1.0,3.0,0.0,0.0,3.0,A,Hybrid,15.4,,58.9,,2.0,2.9622549019607844,201.4333333333333,2.9622549019607844,0.1540363488057913,15.4,15.4,5.238705940757901,2.516961773953334,3.20205196094655,7.794052863436123,7.348475341950056,58.9,79.3,False,,,,🅿️ D:1,,False,False,1.0,,False,0.0,,False,0.0,,1.5,-250.0,theScore Bet,2.5,135.0,Bovada,3.5,300.0,DraftKings,4.5,800.0,DraftKings,2.5,135.0,Bovada,0.5,-170.0,theScore Bet,1.5,300.0,theScore Bet,2.5,1000.0,DraftKings,3.5,3500.0,Fanatics,0.5,-170.0,theScore Bet,0.5,110.0,Hard Rock Bet,1.5,550.0,DraftKings,2.5,2200.0,Fanatics,,,,0.5,110.0,Hard Rock Bet,0.5,245.0,DraftKings,,,,,,,,,,0.5,245.0,DraftKings,0.5,245.0,DraftKings,,,,,,,,,,0.5,245.0,DraftKings,The Odds API,"[""Bally Bet"", ""BetMGM"", ""BetRivers"", ""Bovada"", ""Courtside"", ""DraftKings"", ""FanDuel"", ""Fanatics"", ""Fliff"", ""Hard Rock Bet"", ""theScore Bet""]",The Odds API,"[""Bally Bet"", ""BetMGM"", ""BetRivers"", ""Bovada"", ""Courtside"", ""DraftKings"", ""FanDuel"", ""Fanatics"", ""betrivers""]",0.5,210.0,BetMGM,1.5,800.0,Bovada,,,,,,,0.5,210.0,BetMGM,The Odds API,"[""Bally Bet"", ""BetMGM"", ""BetRivers"", ""Bovada"", ""Fliff"", ""Hard Rock Bet"", ""theScore Bet""]",The Odds API,"[""Bally Bet"", ""BetMGM"", ""BetOnline.ag"", ""BetRivers"", ""Bovada"", ""Courtside"", ""DraftKings"", ""FanDuel"", ""Fanatics"", ""Fliff"", ""Hard Rock Bet"", ""ReBet"", ""betmgm"", ""theScore Bet""]",The Odds API,"[""Bally Bet"", ""BetMGM"", ""BetOnline.ag"", ""BetRivers"", ""Bovada"", ""Courtside"", ""DraftKings"", ""FanDuel"", ""Fanatics"", ""Fliff"", ""Hard Rock Bet"", ""ReBet"", ""draftkings"", ""theScore Bet""]",The Odds API,"[""Bally Bet"", ""BetMGM"", ""BetOnline.ag"", ""BetRivers"", ""Bovada"", ""Courtside"", ""DraftKings"", ""FanDuel"", ""Fanatics"", ""Fliff"", ""Hard Rock Bet"", ""ReBet"", ""draftkings"", ""theScore Bet""]",2026-10-07T17:51:03.097302+00:00,ALTLINE_NB_v1_2026-01-18,2.5,135.0,Bovada,exp/fallback,3.429,0.5817232831304785,58.2,0.425531914893617,36.70497153566246,36.7,0.7607808939834475,76.1,6.509325157682655,6.5,0.5817232831304785,58.2,36.70497153566246,36.7,0.4164282104114502,41.6,66.57128416458006,66.6,0.2829116661095644,28.3,154.62049949860796,154.6,0.5,-170.0,theScore Bet,exp/fallback,1.577,0.7151376382002618,71.5,0.6296296296296297,13.580683714159225,13.6,0.7151376382002618,71.5,13.580683714159225,13.6,0.4256773175983176,42.6,70.27092703932703,70.3,0.227137883484619,22.7,149.851671833081,149.9,0.1128162517921429,11.3,306.1385064517146,306.1,0.5,110.0,Hard Rock Bet,exp/fallback,1.068,0.5750387989576553,57.5,0.4761904761904761,20.758147781107617,20.8,0.5750387989576553,57.5,20.758147781107617,20.8,0.2791727215696342,27.9,81.46226902026226,81.5,0.1246820253585488,12.5,186.76865832466245,186.8,,,,,0.5,245.0,DraftKings,exp/fallback,0.346,0.2767927314994365,27.7,0.2898550724637681,-4.506507632694401,-4.5,0.2767927314994365,27.7,-4.506507632694401,-4.5,,,,,,,,,,,,,0.5,245.0,DraftKings,exp/fallback,0.37475,0.2849373732687127,28.5,0.2898550724637681,-1.6966062222941058,-1.7,0.2849373732687127,28.5,-1.6966062222941058,-1.7,,,,,,,,,,,,,True,True,False,False,True,15.4,,Active roster,2026-10-07T17:51:03+00:00,False,"[{""market"":""Points"",""name"":""Hammer Fists"",""kind"":""FLOOR"",""rule"":""Conf_Points >= 80"",""icon"":""PTS05_HAMMER_FISTS.svg"",""kit_version"":""2026-09-24-frozen-v2""},{""market"":""Points"",""name"":""Echo Stomp II"",""kind"":""TIER"",""rule"":""Conf_Points >= 80 + TOI_per_game >= 19.18"",""icon"":""PTS05_HAMMER_STOMP.svg"",""kit_version"":""2026-09-24-frozen-v2""},{""market"":""Points"",""name"":""Gaia’s Blessing"",""kind"":""TIER"",""rule"":""Conf_Points >= 80 + Assists_mu >= 0.746"",""icon"":""PTS05_GAIAS_BLESSING.svg"",""kit_version"":""2026-09-24-frozen-v2""},{""market"":""Points"",""name"":""Gaia’s Blessing+ (Press)"",""kind"":""HEAVY"",""rule"":""Conf_Points >= 81 + Assists_mu >= 0.746"",""icon"":""PTS05_GAIAS_BLESSING.svg"",""kit_version"":""2026-09-24-frozen-v2""},{""market"":""Points"",""name"":""Gaia’s Blessing++ (Smash)"",""kind"":""HEAVY"",""rule"":""Conf_Points >= 83 + Assists_mu >= 0.746"",""icon"":""PTS05_GAIAS_BLESSING.svg"",""kit_version"":""2026-09-24-frozen-v2""},{""market"":""Assists"",""name"":""Staff (Green Stance)"",""kind"":""STANCE"",""rule"":""Green + Assists 0.5"",""icon"":""staff.svg"",""kit_version"":""2026-09-24-frozen-v2""}]",2025-2026,,2026-09-24-frozen-v2,2026-10-07T17:51:05.183913+00:00
2026-10-07,PIT@WSH,2026020053,6:30 PM,2026-10-07T23:30:00Z,Tommy Novak,8478438,PIT,False,"{""season"":""2026-27"",""games"":[{""d"":""2026-10-05"",""g"":0,""a"":0,""s"":2,""pp"":0,""h"":""H"",""toi"":""15:12""},{""d"":""2026-10-03"",""g"":2,""a"":1,""s"":3,""pp"":1,""h"":""H"",""toi"":""14:42""},{""d"":""2026-09-30"",""g"":0,""a"":1,""s"":0,""pp"":1,""h"":""R"",""toi"":""16:04""}]}",2026-27,PIT,C,,Healthy,Unknown,,,1.0,0.0,,17.0,11.0,2026-10-07T17:50:49+00:00,WSH,Logan Thompson,0.9117832388153748,2.43828101188662,18.0,Confirmed,dailyfaceoff_name_and_stats,28.67,6.0,28.67,6.0,10.3,81.7,80.9,A1+A2,14.28,45.5,74.2,1.1,NONE,False,False,26.46218931782126,2.6557377049180326,40.8,57.2,18.0,3.6,True,2.0,,1.6666666666666667,1.8833333333333333,57.5,4.0,2.0,5.0,2.0,2.0,2.0,4.0,4.0,2.0,2.0,5.0,5.0,LOW,0.4,-0.1,LOW,0.2,,LOW,0.1,,LOW,0.2,,LOW,0.1,,LOW,0.05,,LOW,0.5,,LOW,0.25,,LOW,0.125,,1.8922018348623848,0.8600917431192661,,,2.0,2.6230263896920856,2.6360568982230745,50.0,65.1,67.2,82.3,5.79,2.31,18.83,1.79,0.31,13.83,WARM,COOL,HOT,3.48,1.48,COOL,Yellow,Red,Yellow,Yellow,63.0,66.0,67.0,66.0,GOAL,67.0,1.0,1.0,1.0,1.0,2.0,1.0,B,Hybrid,7.9,,58.9,,1.0,1.129471544715447,92.61666666666666,1.129471544715447,0.0790874416486394,7.9,7.9,2.6350548857297103,1.6714054345870075,1.133705236638474,7.794052863436123,7.348475341950056,58.9,60.3,False,,,,🥅 D:1,,False,False,0.0,,False,0.0,,False,0.0,,1.5,-120.0,DraftKings,2.5,245.0,DraftKings,3.5,650.0,DraftKings,4.5,1700.0,DraftKings,1.5,-120.0,DraftKings,0.5,130.0,Bovada,1.5,750.0,Bovada,2.5,1650.0,BetOnline.ag,3.5,3900.0,BetOnline.ag,0.5,130.0,Bovada,0.5,225.0,Hard Rock Bet,1.5,1500.0,DraftKings,,,,,,,0.5,225.0,Hard Rock Bet,0.5,400.0,FanDuel,,,,,,,,,,0.5,400.0,FanDuel,0.5,400.0,FanDuel,,,,,,,,,,0.5,400.0,FanDuel,The Odds API,"[""Bally Bet"", ""BetMGM"", ""BetRivers"", ""Bovada"", ""Courtside"", ""DraftKings"", ""FanDuel"", ""Fliff"", ""Hard Rock Bet"", ""theScore Bet""]",The Odds API,"[""Bally Bet"", ""BetMGM"", ""BetRivers"", ""Bovada"", ""Courtside"", ""DraftKings"", ""FanDuel"", ""betmgm""]",0.5,550.0,BetRivers,,,,,,,,,,0.5,550.0,BetRivers,The Odds API,"[""Bally Bet"", ""BetMGM"", ""BetRivers"", ""Bovada"", ""Fliff"", ""Hard Rock Bet"", ""theScore Bet""]",The Odds API,"[""Bally Bet"", ""BetMGM"", ""BetOnline.ag"", ""BetRivers"", ""Courtside"", ""DraftKings"", ""Fliff"", ""Hard Rock Bet"", ""ReBet"", ""theScore Bet""]",The Odds API,"[""Bally Bet"", ""BetMGM"", ""BetOnline.ag"", ""BetRivers"", ""Bovada"", ""Courtside"", ""DraftKings"", ""Fliff"", ""Hard Rock Bet"", ""ReBet"", ""draftkings"", ""theScore Bet""]",The Odds API,"[""Bally Bet"", ""BetMGM"", ""BetOnline.ag"", ""BetRivers"", ""Bovada"", ""Courtside"", ""DraftKings"", ""Fliff"", ""Hard Rock Bet"", ""ReBet"", ""draftkings"", ""theScore Bet""]",2026-10-07T17:51:03.097302+00:00,ALTLINE_NB_v1_2026-01-18,1.5,-120.0,DraftKings,exp/fallback,1.883,0.5126551282866589,51.3,0.5454545454545454,-6.013226480779194,-6.0,0.5126551282866589,51.3,-6.013226480779194,-6.0,0.2937038348872862,29.4,1.3278230361137622,1.3,0.1535422556008613,15.4,15.156691700645986,15.2,0.0750334260676993,7.5,35.06016692185884,35.1,0.5,130.0,Bovada,exp/fallback,0.579,0.4097571998042326,41.0,0.4347826086956521,-5.7558440450264925,-5.8,0.4097571998042326,41.0,-5.7558440450264925,-5.8,0.1255925789142402,12.6,6.753692077104212,6.8,0.0332476423497108,3.3,-41.81662588800593,-41.8,0.0080546321748287,0.8,-67.78147130068515,-67.8,0.5,225.0,Hard Rock Bet,exp/fallback,0.348,0.2744559144902763,27.4,0.3076923076923077,-10.801827790660212,-10.8,0.2744559144902763,27.4,-10.801827790660212,-10.8,0.0593883320734246,5.9,-4.978668682520571,-5.0,,,,,,,,,0.5,400.0,FanDuel,exp/fallback,0.2315399999999999,0.1986336351114638,19.9,0.2,-0.6831824442680934,-0.7,0.1986336351114638,19.9,-0.6831824442680934,-0.7,,,,,,,,,,,,,0.5,400.0,FanDuel,exp/fallback,0.2168774999999999,0.1836327247331709,18.4,0.2,-8.18363763341453,-8.2,0.1836327247331709,18.4,-8.18363763341453,-8.2,,,,,,,,,,,,,False,False,False,False,False,10.3,,Active roster,2026-10-07T17:51:03+00:00,False,[],2025-2026,,2026-09-24-frozen-v2,2026-10-07T17:51:05.183913+00:00
2026-10-07,PIT@WSH,2026020053,6:30 PM,2026-10-07T23:30:00Z,Trevor van Riemsdyk,8477845,WSH,True,,2026-27,PIT,D,,Healthy,Unknown,,,1.0,0.0,,17.0,11.0,2026-10-07T17:50:49+00:00,WSH,Logan Thompson,0.9117832388153748,2.43828101188662,18.0,Confirmed,dailyfaceoff_name_and_stats,28.67,6.0,28.67,6.0,,41.0,51.9,A1+A2,16.24,63.0,49.2,1.0,NONE,False,False,26.46218931782126,2.6557377049180326,40.8,57.2,18.0,3.6,True,,,,,50.0,,,,,,,,,,,,,,,,,,,,,,,,,,,,,,,,,,,,,,,,0.8664408877580843,0.1856659045195894,,,0.0,2.6230263896920856,2.6360568982230745,50.0,65.1,44.0,82.3,2.18,0.57,,,,,COOL,COOL,COOL,1.61,,COOL,Red,Red,Red,Red,50.0,44.0,40.0,45.0,POINTS,50.0,,,,,,,,Passenger,0.4,,58.9,,,0.0654411764705882,4.45,0.0654411764705882,0.0040297020737118,0.4,0.4,0.0,0.0,0.0,7.794052863436123,7.348475341950056,58.9,32.1,False,,,,,,False,False,0.0,,False,0.0,,False,0.0,,,,,,,,,,,,,,,,,0.5,280.0,Fanatics,1.5,1900.0,Fanatics,,,,,,,0.5,280.0,Fanatics,0.5,310.0,Fanatics,1.5,2200.0,Fanatics,,,,,,,0.5,310.0,Fanatics,0.5,2500.0,Fanatics,,,,,,,,,,0.5,2500.0,Fanatics,0.5,2500.0,Fanatics,,,,,,,,,,0.5,2500.0,Fanatics,The Odds API,"[""Bally Bet"", ""BetRivers"", ""Bovada"", ""Courtside"", ""DraftKings"", ""Fanatics"", ""Fliff"", ""Hard Rock Bet"", ""theScore Bet""]",The Odds API,"[""Bally Bet"", ""BetRivers"", ""Bovada"", ""Courtside"", ""DraftKings"", ""Fanatics"", ""fanatics""]",,,,,,,,,,,,,,,,,,,,The Odds API,"[""BetMGM"", ""BetOnline.ag"", ""Courtside"", ""DraftKings"", ""Fanatics"", ""Fliff"", ""ReBet"", ""draftkings""]",The Odds API,"[""BetMGM"", ""Courtside"", ""DraftKings"", ""Fanatics"", ""Fliff"", ""draftkings""]",2026-10-07T17:51:03.097302+00:00,ALTLINE_NB_v1_2026-01-18,,,,league_avg,2.3,,,,,,,,,,,,,,,,,,,,,,0.5,280.0,Fanatics,exp/fallback,0.218,0.1894834541819314,18.9,0.2631578947368421,-27.99628741086605,-28.0,0.1894834541819314,18.9,-27.99628741086605,-28.0,0.0253167655371866,2.5,-49.36646892562671,-49.4,,,,,,,,,0.5,310.0,Fanatics,exp/fallback,0.161,0.1434544610069421,14.3,0.2439024390243902,-41.18367098715372,-41.2,0.1434544610069421,14.3,-41.18367098715372,-41.2,0.0158248156780366,1.6,-63.60292394051578,-63.6,,,,,,,,,0.5,2500.0,Fanatics,exp/fallback,0.2027999999999999,0.1771602831856483,17.7,0.0384615384615384,360.61673628268574,360.6,0.1771602831856483,17.7,360.61673628268574,360.6,,,,,,,,,,,,,0.5,2500.0,Fanatics,exp/fallback,0.14205,0.1270436463741587,12.7,0.0384615384615384,230.3134805728128,230.3,0.1270436463741587,12.7,230.3134805728128,230.3,,,,,,,,,,,,,False,False,True,True,False,,,Active roster,2026-10-07T17:51:03+00:00,False,[],2025-2026,,2026-09-24-frozen-v2,2026-10-07T17:51:05.183913+00:00
2026-10-07,PIT@WSH,2026020053,6:30 PM,2026-10-07T23:30:00Z,Ville Koivunen,8482758,PIT,False,,2026-27,PIT,R,,Healthy,Unknown,,,1.0,0.0,,17.0,11.0,2026-10-07T17:50:49+00:00,WSH,Logan Thompson,0.9117832388153748,2.43828101188662,18.0,Confirmed,dailyfaceoff_name_and_stats,28.67,6.0,28.67,6.0,,48.1,34.6,A1+A2,12.74,36.0,41.0,0.96,NONE,False,False,26.46218931782126,2.6557377049180326,40.8,57.2,18.0,3.6,True,,,,,50.0,,,,,,,,,,,,,,,,,,,,,,,,,,,,,,,,,,,,,,,,0.3987152508583453,0.1329050836194484,,,0.0,2.6230263896920856,2.6360568982230745,50.0,65.1,36.5,82.3,2.48,1.25,,,,,COOL,COOL,COOL,1.24,,COOL,Red,Red,Red,Red,37.0,45.0,43.0,34.0,SOG,45.0,,,,,,,C,Passenger,7.2,,58.9,,0.0,0.9128205128205128,35.6,0.9128205128205128,0.0716634234717842,7.2,7.2,4.3693820224719095,1.146067415730337,3.792134831460674,7.794052863436123,7.348475341950056,58.9,70.7,False,,,,,,False,False,0.0,,False,0.0,,False,0.0,,,,,,,,,,,,,,,,,0.5,175.0,BetRivers,,,,,,,,,,0.5,175.0,BetRivers,0.5,270.0,BetRivers,,,,,,,,,,0.5,270.0,BetRivers,0.5,700.0,theScore Bet,,,,,,,,,,0.5,700.0,theScore Bet,0.5,625.0,FanDuel,,,,,,,,,,0.5,625.0,FanDuel,The Odds API,"[""Bally Bet"", ""BetMGM"", ""BetRivers"", ""Bovada"", ""Courtside"", ""DraftKings"", ""FanDuel"", ""Fanatics"", ""Fliff"", ""Hard Rock Bet"", ""theScore Bet""]",The Odds API,"[""Bally Bet"", ""BetMGM"", ""BetRivers"", ""Bovada"", ""Courtside"", ""DraftKings"", ""FanDuel"", ""Fanatics"", ""fanduel""]",,,,,,,,,,,,,,,,,,,,The Odds API,"[""Bally Bet"", ""BetRivers""]",The Odds API,"[""Bally Bet"", ""BetRivers""]",2026-10-07T17:51:03.097302+00:00,ALTLINE_NB_v1_2026-01-18,,,,league_avg,2.3,,,,,,,,,,,,,,,,,,,,,,0.5,175.0,BetRivers,exp/fallback,0.248,0.2116567678780568,21.2,0.3636363636363636,-41.79438883353436,-41.8,0.2116567678780568,21.2,-41.79438883353436,-41.8,,,,,,,,,,,,,0.5,270.0,BetRivers,exp/fallback,0.124,0.1133525558499224,11.3,0.2702702702702703,-58.059554335528695,-58.1,0.1133525558499224,11.3,-58.059554335528695,-58.1,,,,,,,,,,,,,0.5,700.0,theScore Bet,exp/fallback,0.2299999999999999,0.1975030248806748,19.8,0.125,58.00241990453987,58.0,0.1975030248806748,19.8,58.00241990453987,58.0,,,,,,,,,,,,,0.5,625.0,FanDuel,exp/fallback,0.18625,0.1612231755389774,16.1,0.1379310344827586,16.88680226575867,16.9,0.1612231755389774,16.1,16.88680226575867,16.9,,,,,,,,,,,,,False,False,True,True,False,,,Active roster,2026-10-07T17:51:03+00:00,False,[],2025-2026,,2026-09-24-frozen-v2,2026-10-07T17:51:05.183913+00:00
2026-10-07,PIT@WSH,2026020053,6:30 PM,2026-10-07T23:30:00Z,Alex Ovechkin,8471214,WSH,False,"{""season"":""2026-27"",""games"":[{""d"":""2026-10-03"",""g"":0,""a"":0,""s"":0,""pp"":0,""h"":""R"",""toi"":""13:34""},{""d"":""2026-10-02"",""g"":0,""a"":1,""s"":1,""pp"":0,""h"":""R"",""toi"":""12:46""}]}",2026-27,WSH,L,,Healthy,Unknown,,,1.0,0.0,,17.0,11.0,2026-10-07T17:50:49+00:00,PIT,Arturs Silovs,0.8873653281096964,3.071376110035388,69.4,Confirmed,dailyfaceoff_name_and_stats,23.86,7.0,23.86,7.0,,98.3,87.4,A1+A2,17.45,71.0,89.0,1.16,NONE,False,False,26.180837830079174,2.62122907817057,23.0,23.0,19.0,3.8,True,,,0.5,,50.0,1.0,0.0,1.0,0.0,1.0,1.0,1.0,1.0,1.0,1.0,1.0,1.0,LOW,0.1,-0.4,LOW,0.05,,LOW,0.025,,LOW,0.1,,LOW,0.05,,LOW,0.025,,LOW,0.1,,LOW,0.05,,LOW,0.025,,2.147117296222664,0.7753479125248509,,,1.0,2.548981003132246,2.445592482609934,50.0,42.2,70.0,38.9,10.2,5.24,,8.27,4.76,,HOT,HOT,COOL,4.96,3.51,HOT,Yellow,Yellow,Green,Yellow,78.0,72.0,76.0,77.0,POINTS,78.0,1.0,1.0,2.0,2.0,0.0,2.0,A,Distributor,24.4,,16.6,,2.0,4.254065040650406,348.8333333333333,4.254065040650406,0.243808680660718,24.4,24.4,3.06292403248925,1.3450549450549452,2.0210224558050647,6.890141837723548,6.160814794961136,16.6,73.1,True,,,,🅿️ D:1,,False,False,3.0,,False,0.0,,False,0.0,,1.5,-475.0,DraftKings,2.5,-145.0,Bovada,3.5,162.0,BetOnline.ag,4.5,350.0,BetOnline.ag,2.5,-145.0,Bovada,0.5,-125.0,DraftKings,1.5,450.0,theScore Bet,2.5,1500.0,Fanatics,3.5,3200.0,BetOnline.ag,0.5,-125.0,DraftKings,0.5,185.0,DraftKings,1.5,1200.0,DraftKings,,,,,,,0.5,185.0,DraftKings,0.5,205.0,DraftKings,,,,,,,,,,0.5,205.0,DraftKings,0.5,205.0,DraftKings,,,,,,,,,,0.5,205.0,DraftKings,The Odds API,"[""Bally Bet"", ""BetMGM"", ""BetRivers"", ""Bovada"", ""Courtside"", ""DraftKings"", ""FanDuel"", ""Fanatics"", ""Fliff"", ""Hard Rock Bet"", ""theScore Bet""]",The Odds API,"[""Bally Bet"", ""BetMGM"", ""BetRivers"", ""Bovada"", ""Courtside"", ""DraftKings"", ""FanDuel"", ""Fanatics"", ""betrivers""]",0.5,270.0,BetMGM,1.5,800.0,Bovada,,,,,,,0.5,270.0,BetMGM,The Odds API,"[""Bally Bet"", ""BetMGM"", ""BetRivers"", ""Bovada"", ""Fliff"", ""Hard Rock Bet"", ""theScore Bet""]",The Odds API,"[""Bally Bet"", ""BetMGM"", ""BetOnline.ag"", ""BetRivers"", ""Bovada"", ""Courtside"", ""DraftKings"", ""FanDuel"", ""Fanatics"", ""Fliff"", ""Hard Rock Bet"", ""ReBet"", ""betmgm"", ""theScore Bet""]",The Odds API,"[""Bally Bet"", ""BetMGM"", ""BetOnline.ag"", ""BetRivers"", ""Bovada"", ""Courtside"", ""DraftKings"", ""FanDuel"", ""Fanatics"", ""Fliff"", ""Hard Rock Bet"", ""ReBet"", ""draftkings"", ""theScore Bet""]",The Odds API,"[""Bally Bet"", ""BetMGM"", ""BetOnline.ag"", ""BetRivers"", ""Bovada"", ""Courtside"", ""DraftKings"", ""FanDuel"", ""Fanatics"", ""Fliff"", ""Hard Rock Bet"", ""ReBet"", ""draftkings"", ""theScore Bet""]",2026-10-07T17:51:03.097302+00:00,ALTLINE_NB_v1_2026-01-18,2.5,-145.0,Bovada,exp/fallback,0.1,0.0002745710270403,0.0,0.5918367346938775,-99.95360696439664,-100.0,0.0056639264392934,0.6,-99.31436679945396,-99.3,0.0002745710270403,0.0,-99.95360696439664,-100.0,1.167564107673602e-05,0.0,-99.9969409820379,-100.0,1.0000000000287557e-06,0.0,-99.99955,-100.0,0.5,-125.0,DraftKings,exp/fallback,1.02,0.5819767520956125,58.2,0.5555555555555556,4.755815377210254,4.8,0.5819767520956125,58.2,4.755815377210254,4.8,0.2677662046656379,26.8,47.27141256610088,47.3,0.1083454516033406,10.8,73.35272256534502,73.4,0.0404418441825537,4.0,33.458085802427206,33.5,0.5,185.0,DraftKings,exp/fallback,0.496,0.357947074293228,35.8,0.3508771929824561,2.014916173569992,2.0,0.357947074293228,35.8,2.014916173569992,2.0,0.1027721935636136,10.3,33.60385163269777,33.6,,,,,,,,,0.5,205.0,DraftKings,exp/fallback,0.2922,0.2414508696449167,24.1,0.3278688524590163,-26.357484758300416,-26.4,0.2414508696449167,24.1,-26.357484758300416,-26.4,,,,,,,,,,,,,0.5,205.0,DraftKings,exp/fallback,0.3342,0.2609778327885032,26.1,0.3278688524590163,-20.401760999506536,-20.4,0.2609778327885032,26.1,-20.401760999506536,-20.4,,,,,,,,,,,,,False,False,False,False,False,,,Active roster,2026-10-07T17:51:03+00:00,False,[],2025-2026,,2026-09-24-frozen-v2,2026-10-07T17:51:05.183913+00:00
2026-10-07,PIT@WSH,2026020053,6:30 PM,2026-10-07T23:30:00Z,Alex Tuch,8477949,BUF,True,"{""season"":""2026-27"",""games"":[{""d"":""2026-10-03"",""g"":0,""a"":0,""s"":2,""pp"":0,""h"":""R"",""toi"":""17:53""},{""d"":""2026-10-02"",""g"":2,""a"":0,""s"":3,""pp"":0,""h"":""R"",""toi"":""16:38""}]}",2026-27,WSH,R,,Healthy,Unknown,,,1.0,0.0,,17.0,11.0,2026-10-07T17:50:49+00:00,PIT,Arturs Silovs,0.8873653281096964,3.071376110035388,69.4,Confirmed,dailyfaceoff_name_and_stats,23.86,7.0,23.86,7.0,,91.6,88.4,A1+A2,18.99,81.5,88.5,1.15,NONE,False,False,26.180837830079174,2.62122907817057,23.0,23.0,19.0,3.8,True,,,2.5,,50.0,2.0,2.0,5.0,2.0,0.0,0.0,2.0,2.0,0.0,0.0,5.0,5.0,LOW,0.2,-0.3,LOW,0.1,,LOW,0.05,,LOW,0.0,,LOW,0.0,,LOW,0.0,,LOW,0.5,,LOW,0.25,,LOW,0.125,,2.5413800354471445,0.7029349034215506,,,0.0,2.548981003132246,2.445592482609934,50.0,42.2,74.0,38.9,9.05,3.75,,6.23,1.41,,HOT,COOL,COOL,5.3,4.82,HOT,Yellow,Yellow,Yellow,Yellow,80.0,69.0,76.0,79.0,POINTS,80.0,1.0,2.0,1.0,1.0,0.0,2.0,,Passenger,8.3,,16.6,,,1.570886075949367,124.1,1.570886075949367,0.0827048461085626,8.3,8.3,2.045124899274778,1.2232070910556,0.96696212731668,6.890141837723548,6.160814794961136,16.6,52.8,False,,,,🅿️ D:1,,False,False,1.0,,False,0.0,,False,0.0,,1.5,-270.0,BetOnline.ag,2.5,110.0,theScore Bet,3.5,260.0,theScore Bet,4.5,550.0,Fanatics,2.5,110.0,theScore Bet,0.5,-135.0,theScore Bet,1.5,340.0,Fanatics,2.5,1300.0,Fanatics,3.5,2800.0,BetOnline.ag,0.5,-135.0,theScore Bet,0.5,175.0,Hard Rock Bet,1.5,950.0,Fanatics,,,,,,,0.5,175.0,Hard Rock Bet,0.5,200.0,FanDuel,,,,,,,,,,0.5,200.0,FanDuel,0.5,200.0,FanDuel,,,,,,,,,,0.5,200.0,FanDuel,The Odds API,"[""Bally Bet"", ""BetMGM"", ""BetRivers"", ""Bovada"", ""Courtside"", ""DraftKings"", ""FanDuel"", ""Fanatics"", ""Fliff"", ""Hard Rock Bet"", ""fanduel"", ""theScore Bet""]",The Odds API,"[""Bally Bet"", ""BetMGM"", ""BetRivers"", ""Bovada"", ""Courtside"", ""DraftKings"", ""FanDuel"", ""Fanatics"", ""fanduel""]",0.5,400.0,Bovada,,,,,,,,,,0.5,400.0,Bovada,The Odds API,"[""BetMGM"", ""Bovada"", ""Hard Rock Bet"", ""theScore Bet""]",The Odds API,"[""Bally Bet"", ""BetMGM"", ""BetOnline.ag"", ""BetRivers"", ""Bovada"", ""Courtside"", ""DraftKings"", ""FanDuel"", ""Fanatics"", ""Fliff"", ""Hard Rock Bet"", ""ReBet"", ""draftkings"", ""theScore Bet""]",The Odds API,"[""Bally Bet"", ""BetMGM"", ""BetOnline.ag"", ""BetRivers"", ""Bovada"", ""Courtside"", ""DraftKings"", ""FanDuel"", ""Fanatics"", ""Fliff"", ""Hard Rock Bet"", ""ReBet"", ""betmgm"", ""theScore Bet""]",The Odds API,"[""Bally Bet"", ""BetMGM"", ""BetOnline.ag"", ""BetRivers"", ""Bovada"", ""Courtside"", ""DraftKings"", ""FanDuel"", ""Fanatics"", ""Fliff"", ""Hard Rock Bet"", ""ReBet"", ""betmgm"", ""theScore Bet""]",2026-10-07T17:51:03.097302+00:00,ALTLINE_NB_v1_2026-01-18,2.5,110.0,theScore Bet,exp/fallback,0.5,0.0211669780841146,2.1,0.4761904761904761,-95.55493460233592,-95.6,0.0982404443767041,9.8,-86.53742058541462,-86.5,0.0211669780841146,2.1,-95.55493460233592,-95.6,0.0040395411302058,0.4,-98.54576519312587,-98.5,0.0007092061669458,0.1,-99.53901599148524,-99.5,0.5,-135.0,theScore Bet,exp/fallback,0.905,0.5444228611586779,54.4,0.574468085106383,-5.230094539044961,-5.2,0.5444228611586779,54.4,-5.230094539044961,-5.2,0.2313054807513137,23.1,1.774411530578046,1.8,0.0860420824172726,8.6,20.458915384181665,20.5,0.0294664888885283,2.9,-14.547182223267876,-14.5,0.5,175.0,Hard Rock Bet,exp/fallback,0.53,0.3750878782671188,37.5,0.3636363636363636,3.1491665234576915,3.1,0.3750878782671188,37.5,3.1491665234576915,3.1,0.1132669893197456,11.3,18.930338785732943,18.9,,,,,,,,,0.5,200.0,FanDuel,exp/fallback,0.2475,0.2102206596531589,21.0,0.3333333333333333,-36.93380210405232,-36.9,0.2102206596531589,21.0,-36.93380210405232,-36.9,,,,,,,,,,,,,0.5,200.0,FanDuel,exp/fallback,0.2615625,0.2146020716124089,21.5,0.3333333333333333,-35.61937851627731,-35.6,0.2146020716124089,21.5,-35.61937851627731,-35.6,,,,,,,,,,,,,False,False,False,False,False,,,Active roster,2026-10-07T17:51:03+00:00,False,[],2025-2026,,2026-09-24-frozen-v2,2026-10-07T17:51:05.183913+00:00
2026-10-07,PIT@WSH,2026020053,6:30 PM,2026-10-07T23:30:00Z,Aliaksei Protas,8481656,WSH,False,"{""season"":""2026-27"",""games"":[{""d"":""2026-10-03"",""g"":0,""a"":0,""s"":0,""pp"":0,""h"":""R"",""toi"":""15:21""},{""d"":""2026-10-02"",""g"":0,""a"":1,""s"":2,""pp"":0,""h"":""R"",""toi"":""17:36""}]}",2026-27,WSH,L,,Healthy,Unknown,,,1.0,0.0,,17.0,11.0,2026-10-07T17:50:49+00:00,PIT,Arturs Silovs,0.8873653281096964,3.071376110035388,69.4,Confirmed,dailyfaceoff_name_and_stats,23.86,7.0,23.86,7.0,,91.0,82.2,A1+A2,18.24,76.5,85.0,1.14,NONE,False,False,26.180837830079174,2.62122907817057,23.0,23.0,19.0,3.8,True,,,1.0,,50.0,1.0,0.0,2.0,0.0,1.0,1.0,1.0,1.0,1.0,1.0,2.0,2.0,LOW,0.1,-0.4,LOW,0.05,,LOW,0.025,,LOW,0.1,,LOW,0.05,,LOW,0.025,,LOW,0.2,,LOW,0.1,,LOW,0.05,,1.903111646279681,0.7400989735532093,,,1.0,2.548981003132246,2.445592482609934,50.0,42.2,67.5,38.9,7.49,3.78,,6.49,3.44,,HOT,HOT,COOL,4.46,3.05,HOT,Yellow,Yellow,Yellow,Yellow,76.0,68.0,72.0,73.0,POINTS,76.0,1.0,1.0,2.0,2.0,0.0,2.0,C,Passenger,2.5,,16.6,,0.0,0.4559210526315789,34.65,0.4559210526315789,0.0250009019084382,2.5,2.5,1.4675324675324677,0.3636363636363636,1.2987012987012987,6.890141837723548,6.160814794961136,16.6,48.1,False,,,,🅿️ D:1,,False,False,2.0,,False,0.0,,False,0.0,,1.5,-105.0,theScore Bet,2.5,310.0,Fanatics,3.5,950.0,BetOnline.ag,4.5,3200.0,BetOnline.ag,1.5,-105.0,theScore Bet,0.5,155.0,Hard Rock Bet,1.5,900.0,Fanatics,2.5,4000.0,Fanatics,3.5,3500.0,BetOnline.ag,0.5,155.0,Hard Rock Bet,0.5,325.0,Hard Rock Bet,1.5,1900.0,Fanatics,,,,,,,0.5,325.0,Hard Rock Bet,0.5,400.0,FanDuel,,,,,,,,,,0.5,400.0,FanDuel,0.5,400.0,FanDuel,,,,,,,,,,0.5,400.0,FanDuel,The Odds API,"[""Bally Bet"", ""BetMGM"", ""BetRivers"", ""Bovada"", ""Courtside"", ""DraftKings"", ""FanDuel"", ""Fanatics"", ""Fliff"", ""Hard Rock Bet"", ""theScore Bet""]",The Odds API,"[""Bally Bet"", ""BetMGM"", ""BetRivers"", ""Bovada"", ""Courtside"", ""DraftKings"", ""FanDuel"", ""Fanatics"", ""fanduel""]",,,,,,,,,,,,,,,,,,The Odds API,"[""Bally Bet"", ""BetOnline.ag"", ""BetRivers"", ""Courtside"", ""DraftKings"", ""Fanatics"", ""Fliff"", ""Hard Rock Bet"", ""ReBet"", ""theScore Bet""]",The Odds API,"[""Bally Bet"", ""BetOnline.ag"", ""BetRivers"", ""Courtside"", ""DraftKings"", ""Fanatics"", ""Fliff"", ""Hard Rock Bet"", ""ReBet"", ""draftkings"", ""theScore Bet""]",The Odds API,"[""Bally Bet"", ""BetOnline.ag"", ""BetRivers"", ""Courtside"", ""DraftKings"", ""Fanatics"", ""Fliff"", ""Hard Rock Bet"", ""ReBet"", ""draftkings"", ""theScore Bet""]",2026-10-07T17:51:03.097302+00:00,ALTLINE_NB_v1_2026-01-18,1.5,-105.0,theScore Bet,exp/fallback,0.2,0.0205922919144261,2.1,0.5121951219512195,-95.9796001500406,-96.0,0.0205922919144261,2.1,-95.9796001500406,-96.0,0.0019369069985104,0.2,-99.20586813061072,-99.2,0.0001602036731851,0.0,-99.8317861431556,-99.8,1.2145062741386605e-05,0.0,-99.95992129295342,-100.0,0.5,155.0,Hard Rock Bet,exp/fallback,0.749,0.4858243454086529,48.6,0.392156862745098,23.8852080792065,23.9,0.4858243454086529,48.6,23.8852080792065,23.9,0.1806961393405002,18.1,80.69613934050022,80.7,0.0584720037124795,5.8,139.73521522116602,139.7,0.0173707104443369,1.7,-37.46544240038712,-37.5,0.5,325.0,Hard Rock Bet,exp/fallback,0.446,0.3314296908062892,33.1,0.2352941176470588,40.85761859267294,40.9,0.3314296908062892,33.1,40.85761859267294,40.9,0.0876174603071926,8.8,75.23492061438529,75.2,,,,,,,,,0.5,400.0,FanDuel,exp/fallback,0.2484,0.210867060145114,21.1,0.2,5.433530072557014,5.4,0.210867060145114,21.1,5.433530072557014,5.4,,,,,,,,,,,,,0.5,400.0,FanDuel,exp/fallback,0.263025,0.2155827944814594,21.6,0.2,7.791397240729725,7.8,0.2155827944814594,21.6,7.791397240729725,7.8,,,,,,,,,,,,,False,True,False,False,True,,,Active roster,2026-10-07T17:51:03+00:00,False,[],2025-2026,,2026-09-24-frozen-v2,2026-10-07T17:51:05.183913+00:00
2026-10-07,PIT@WSH,2026020053,6:30 PM,2026-10-07T23:30:00Z,Anthony Beauvillier,8478463,WSH,False,"{""season"":""2026-27"",""games"":[{""d"":""2026-10-03"",""g"":0,""a"":0,""s"":2,""pp"":0,""h"":""R"",""toi"":""11:37""},{""d"":""2026-10-02"",""g"":0,""a"":0,""s"":3,""pp"":0,""h"":""R"",""toi"":""13:55""}]}",2026-27,WSH,R,,Healthy,Unknown,,,1.0,0.0,,17.0,11.0,2026-10-07T17:50:49+00:00,PIT,Arturs Silovs,0.8873653281096964,3.071376110035388,69.4,Confirmed,dailyfaceoff_name_and_stats,23.86,7.0,23.86,7.0,,84.6,56.5,A1+A2,15.8,60.0,69.8,1.08,NONE,False,False,26.180837830079174,2.62122907817057,23.0,23.0,19.0,3.8,True,,,2.5,,50.0,0.0,0.0,5.0,0.0,0.0,0.0,0.0,0.0,0.0,0.0,5.0,5.0,LOW,0.0,-0.5,LOW,0.0,,LOW,0.0,,LOW,0.0,,LOW,0.0,,LOW,0.0,,LOW,0.5,,LOW,0.25,,LOW,0.125,,1.2187403405996555,0.2119548418434183,,,0.0,2.548981003132246,2.445592482609934,50.0,42.2,52.5,38.9,4.18,2.47,,4.18,2.47,,HOT,WARM,COOL,1.71,1.71,WARM,Red,Yellow,Yellow,Red,59.0,63.0,71.0,55.0,GOAL,71.0,2.0,2.0,2.0,1.0,0.0,2.0,C,Passenger,3.0,,16.6,,0.0,0.4786585365853658,39.25,0.4786585365853658,0.0303003010730552,3.0,3.0,1.1770700636942677,1.1770700636942677,0.0,6.890141837723548,6.160814794961136,16.6,35.0,False,,,,🥅 D:2,,False,False,2.0,,False,0.0,,False,0.0,,1.5,102.0,BetRivers,2.5,290.0,theScore Bet,3.5,825.0,BetOnline.ag,4.5,2500.0,BetOnline.ag,1.5,102.0,BetRivers,0.5,188.0,BetRivers,1.5,1000.0,theScore Bet,2.5,4000.0,Fanatics,3.5,3300.0,BetOnline.ag,0.5,188.0,BetRivers,0.5,325.0,Hard Rock Bet,1.5,2200.0,Fanatics,,,,,,,0.5,325.0,Hard Rock Bet,0.5,400.0,DraftKings,,,,,,,,,,0.5,400.0,DraftKings,0.5,400.0,DraftKings,,,,,,,,,,0.5,400.0,DraftKings,The Odds API,"[""Bally Bet"", ""BetMGM"", ""BetRivers"", ""Bovada"", ""Courtside"", ""DraftKings"", ""FanDuel"", ""Fanatics"", ""Fliff"", ""Hard Rock Bet"", ""theScore Bet""]",The Odds API,"[""Bally Bet"", ""BetMGM"", ""BetRivers"", ""Bovada"", ""Courtside"", ""DraftKings"", ""FanDuel"", ""Fanatics"", ""fanatics""]",,,,,,,,,,,,,,,,,,The Odds API,"[""Bally Bet"", ""BetMGM"", ""BetOnline.ag"", ""BetRivers"", ""Courtside"", ""DraftKings"", ""Fanatics"", ""Fliff"", ""Hard Rock Bet"", ""ReBet"", ""theScore Bet""]",The Odds API,"[""BetMGM"", ""BetOnline.ag"", ""Courtside"", ""DraftKings"", ""Fanatics"", ""Fliff"", ""Hard Rock Bet"", ""ReBet"", ""draftkings"", ""theScore Bet""]",The Odds API,"[""Bally Bet"", ""BetMGM"", ""BetOnline.ag"", ""BetRivers"", ""Courtside"", ""DraftKings"", ""Fanatics"", ""Fliff"", ""Hard Rock Bet"", ""ReBet"", ""draftkings"", ""theScore Bet""]",2026-10-07T17:51:03.097302+00:00,ALTLINE_NB_v1_2026-01-18,1.5,102.0,BetRivers,exp/fallback,0.5,0.0982404443767041,9.8,0.495049504950495,-80.15543023590577,-80.2,0.0982404443767041,9.8,-80.15543023590577,-80.2,0.0211669780841146,2.1,-91.74487854719531,-91.7,0.0040395411302058,0.4,-96.26342445455955,-96.3,0.0007092061669458,0.1,-98.1560639659409,-98.2,0.5,188.0,BetRivers,exp/fallback,0.418,0.3230192691078629,32.3,0.3472222222222222,-6.970450496935476,-7.0,0.3230192691078629,32.3,-6.970450496935476,-7.0,0.0761572386508155,7.6,-16.22703748410286,-16.2,0.0153946792043739,1.5,-36.88181526206667,-36.9,0.0028389565190265,0.3,-90.34754783530974,-90.3,0.5,325.0,Hard Rock Bet,exp/fallback,0.1709999999999999,0.1513270804527073,15.1,0.2352941176470588,-35.68599080759937,-35.7,0.1513270804527073,15.1,-35.68599080759937,-35.7,0.017634708971743,1.8,-59.44016936499106,-59.4,,,,,,,,,0.5,400.0,DraftKings,exp/fallback,0.2091,0.1819357181880333,18.2,0.2,-9.032140905983333,-9.0,0.1819357181880333,18.2,-9.032140905983333,-9.0,,,,,,,,,,,,,0.5,400.0,DraftKings,exp/fallback,0.1991625,0.1707932833068045,17.1,0.2,-14.603358346597728,-14.6,0.1707932833068045,17.1,-14.603358346597728,-14.6,,,,,,,,,,,,,False,False,False,False,False,,,Active roster,2026-10-07T17:51:03+00:00,False,[],2025-2026,,2026-09-24-frozen-v2,2026-10-07T17:51:05.183913+00:00
2026-10-07,PIT@WSH,2026020053,6:30 PM,2026-10-07T23:30:00Z,Boone Jenner,8476432,CBJ,True,"{""season"":""2026-27"",""games"":[{""d"":""2026-10-03"",""g"":0,""a"":1,""s"":3,""pp"":0,""h"":""R"",""toi"":""14:57""},{""d"":""2026-10-02"",""g"":0,""a"":0,""s"":3,""pp"":0,""h"":""R"",""toi"":""16:18""}]}",2026-27,WSH,C,,Healthy,Unknown,,,1.0,0.0,,17.0,11.0,2026-10-07T17:50:49+00:00,PIT,Arturs Silovs,0.8873653281096964,3.071376110035388,69.4,Confirmed,dailyfaceoff_name_and_stats,23.86,7.0,23.86,7.0,,82.9,79.4,A1+A2,16.08,61.5,77.4,1.11,NONE,False,False,26.180837830079174,2.62122907817057,23.0,23.0,19.0,3.8,True,,,3.0,,50.0,1.0,0.0,6.0,0.0,1.0,1.0,1.0,1.0,1.0,1.0,6.0,6.0,LOW,0.1,-0.4,LOW,0.05,,LOW,0.025,,LOW,0.1,,LOW,0.05,,LOW,0.025,,LOW,0.6,,LOW,0.3,,LOW,0.15,,2.148652429357456,1.0071808262613076,,,1.0,2.548981003132246,2.445592482609934,50.0,42.2,70.2,38.9,7.11,2.97,,6.11,2.97,,HOT,HOT,COOL,4.55,3.14,HOT,Yellow,Yellow,Yellow,Yellow,73.0,62.0,67.0,70.0,POINTS,73.0,0.0,0.0,2.0,0.0,0.0,2.0,,Passenger,4.8,,16.6,,,0.7721393034825871,51.73333333333333,0.7721393034825871,0.0480205448722907,4.8,4.8,2.2934922680412373,1.5541237113402062,0.8698453608247423,6.890141837723548,6.160814794961136,16.6,48.0,False,,,,🅿️ D:0,,False,False,2.0,,False,0.0,,False,0.0,,,,,,,,,,,,,,,,,0.5,265.0,BetRivers,,,,,,,,,,0.5,265.0,BetRivers,,,,,,,,,,,,,,,,0.5,600.0,Fanatics,,,,,,,,,,0.5,600.0,Fanatics,0.5,600.0,Fanatics,,,,,,,,,,0.5,600.0,Fanatics,The Odds API,"[""Bally Bet"", ""BetMGM"", ""BetRivers"", ""Bovada"", ""Courtside"", ""DraftKings"", ""FanDuel"", ""Fanatics"", ""Fliff"", ""Hard Rock Bet"", ""theScore Bet""]",The Odds API,"[""Bally Bet"", ""BetMGM"", ""BetRivers"", ""Bovada"", ""Courtside"", ""DraftKings"", ""FanDuel"", ""Fanatics"", ""fanatics""]",,,,,,,,,,,,,,,,,,,,,,The Odds API,"[""Bally Bet"", ""BetRivers""]",2026-10-07T17:51:03.097302+00:00,ALTLINE_NB_v1_2026-01-18,,,,exp/fallback,0.6000000000000001,,,,,,,,,,,,,,,,,,,,,,0.5,265.0,BetRivers,exp/fallback,0.7110000000000001,0.4700238229674194,47.0,0.273972602739726,71.55869538310809,71.6,0.4700238229674194,47.0,71.55869538310809,71.6,,,,,,,,,,,,,,,,exp/fallback,0.4549999999999999,,,,,,,,,,,,,,,,,,,,,,0.5,600.0,Fanatics,exp/fallback,0.2241,0.1931507379061628,19.3,0.1428571428571428,35.20551653431402,35.2,0.1931507379061628,19.3,35.20551653431402,35.2,,,,,,,,,,,,,0.5,600.0,Fanatics,exp/fallback,0.2235375,0.1883751266298107,18.8,0.1428571428571428,31.862588640867497,31.9,0.1883751266298107,18.8,31.862588640867497,31.9,,,,,,,,,,,,,False,True,True,True,False,,,Active roster,2026-10-07T17:51:03+00:00,False,[],2025-2026,,2026-09-24-frozen-v2,2026-10-07T17:51:05.183913+00:00
2026-10-07,PIT@WSH,2026020053,6:30 PM,2026-10-07T23:30:00Z,Cole Hutson,8484873,WSH,False,,2026-27,WSH,D,,Healthy,Unknown,,,1.0,0.0,,17.0,11.0,2026-10-07T17:50:49+00:00,PIT,Arturs Silovs,0.8873653281096964,3.071376110035388,69.4,Confirmed,dailyfaceoff_name_and_stats,23.86,7.0,23.86,7.0,,32.3,40.6,A1+A2,17.46,71.5,43.1,0.97,NONE,False,False,26.180837830079174,2.62122907817057,23.0,23.0,19.0,3.8,True,,,,,50.0,,,,,,,,,,,,,,,,,,,,,,,,,,,,,,,,,,,,,,,,0.8830744071954211,0.588716271463614,,,0.0,2.548981003132246,2.445592482609934,50.0,42.2,44.5,38.9,6.62,1.76,,,,,COOL,COOL,COOL,4.86,,COOL,Red,Red,Red,Red,47.0,36.0,37.0,40.0,POINTS,47.0,,,,,,,C,Passenger,12.5,,16.6,,0.0,2.1785714285714284,30.5,2.1785714285714284,0.1247954173486088,12.5,12.5,7.662295081967213,0.1377049180327869,8.852459016393443,6.890141837723548,6.160814794961136,16.6,72.2,False,,,,,,False,False,1.0,,False,0.0,,False,0.0,,1.5,-120.0,Bovada,2.5,250.0,theScore Bet,3.5,650.0,Fanatics,4.5,1500.0,Fanatics,1.5,-120.0,Bovada,0.5,130.0,theScore Bet,1.5,700.0,theScore Bet,2.5,3000.0,Fanatics,3.5,3700.0,BetOnline.ag,0.5,130.0,theScore Bet,0.5,200.0,BetOnline.ag,1.5,1200.0,DraftKings,,,,,,,0.5,200.0,BetOnline.ag,0.5,600.0,theScore Bet,,,,,,,,,,0.5,600.0,theScore Bet,0.5,550.0,FanDuel,,,,,,,,,,0.5,550.0,FanDuel,The Odds API,"[""Bally Bet"", ""BetMGM"", ""BetRivers"", ""Bovada"", ""Courtside"", ""DraftKings"", ""FanDuel"", ""Fanatics"", ""Fliff"", ""Hard Rock Bet"", ""theScore Bet""]",The Odds API,"[""Bally Bet"", ""BetMGM"", ""BetRivers"", ""Bovada"", ""Courtside"", ""DraftKings"", ""FanDuel"", ""Fanatics"", ""fanduel""]",0.5,400.0,Bovada,,,,,,,,,,0.5,400.0,Bovada,The Odds API,"[""Bovada"", ""Hard Rock Bet"", ""theScore Bet""]",The Odds API,"[""Bally Bet"", ""BetOnline.ag"", ""BetRivers"", ""Bovada"", ""Courtside"", ""DraftKings"", ""Fanatics"", ""Fliff"", ""Hard Rock Bet"", ""ReBet"", ""theScore Bet""]",The Odds API,"[""Bally Bet"", ""BetMGM"", ""BetOnline.ag"", ""BetRivers"", ""Bovada"", ""Courtside"", ""DraftKings"", ""Fanatics"", ""Fliff"", ""Hard Rock Bet"", ""ReBet"", ""draftkings"", ""theScore Bet""]",The Odds API,"[""Bally Bet"", ""BetMGM"", ""BetOnline.ag"", ""BetRivers"", ""Bovada"", ""Courtside"", ""DraftKings"", ""Fanatics"", ""Fliff"", ""Hard Rock Bet"", ""ReBet"", ""betmgm"", ""theScore Bet""]",2026-10-07T17:51:03.097302+00:00,ALTLINE_NB_v1_2026-01-18,1.5,-120.0,Bovada,league_avg,2.3,0.6001759479749428,60.0,0.5454545454545454,10.032257128739507,10.0,0.6001759479749428,60.0,10.032257128739507,10.0,0.3835789960842564,38.4,34.252648629489734,34.3,0.2254288407355011,22.5,69.07163055162589,69.1,0.1243884637071297,12.4,99.0215419314076,99.0,0.5,130.0,theScore Bet,exp/fallback,0.662,0.4486664094963669,44.9,0.4347826086956521,3.1932741841643963,3.2,0.4486664094963669,44.9,3.1932741841643963,3.2,0.1523419498768126,15.2,21.87355990145008,21.9,0.0448380245857531,4.5,38.99787621583475,39.0,0.0120960372180071,1.2,-54.03505857157296,-54.0,0.5,200.0,BetOnline.ag,exp/fallback,0.486,0.3527713360547142,35.3,0.3333333333333333,5.831400816414267,5.8,0.3527713360547142,35.3,5.831400816414267,5.8,0.0997116975370883,10.0,29.6252067982148,29.6,,,,,,,,,0.5,600.0,theScore Bet,exp/fallback,0.2504,0.2123008563537912,21.2,0.1428571428571428,48.61059944765388,48.6,0.2123008563537912,21.2,48.61059944765388,48.6,,,,,,,,,,,,,0.5,550.0,FanDuel,exp/fallback,0.2193999999999999,0.1854342936749825,18.5,0.1538461538461538,20.532290888738657,20.5,0.1854342936749825,18.5,20.532290888738657,20.5,,,,,,,,,,,,,True,False,True,True,False,,,Active roster,2026-10-07T17:51:03+00:00,False,[],2025-2026,,2026-09-24-frozen-v2,2026-10-07T17:51:05.183913+00:00
2026-10-07,PIT@WSH,2026020053,6:30 PM,2026-10-07T23:30:00Z,Dylan McIlrath,8475795,WSH,False,,2026-27,WSH,D,,Healthy,Unknown,,,1.0,0.0,,17.0,11.0,2026-10-07T17:50:49+00:00,PIT,Arturs Silovs,0.8873653281096964,3.071376110035388,69.4,Confirmed,dailyfaceoff_name_and_stats,23.86,7.0,23.86,7.0,,12.0,6.9,A1+A2,9.31,10.5,9.9,0.94,NONE,False,False,26.180837830079174,2.62122907817057,23.0,23.0,19.0,3.8,True,,,,,50.0,,,,,,,,,,,,,,,,,,,,,,,,,,,,,,,,,,,,,,,,0.0,0.0,,,0.0,2.548981003132246,2.445592482609934,50.0,42.2,27.8,38.9,0.21,0.21,,,,,COOL,COOL,COOL,0.0,,COOL,Red,Red,Red,Red,21.0,20.0,22.0,14.0,GOAL,22.0,,,,,,,C,Passenger,0.0,,16.6,,0.0,0.0,0.0,0.0,0.0,0.0,0.0,0.0,,,6.890141837723548,6.160814794961136,16.6,5.0,False,,,,,,False,False,1.0,,False,0.0,,False,0.0,,,,,,,,,,,,,,,,,,,,,,,,,,,,,,,,,,,,,,,,,,,,,,,0.5,1900.0,Fanatics,,,,,,,,,,0.5,1900.0,Fanatics,0.5,1900.0,Fanatics,,,,,,,,,,0.5,1900.0,Fanatics,The Odds API,"[""Bally Bet"", ""BetRivers"", ""Bovada"", ""Courtside"", ""DraftKings"", ""Fanatics"", ""Fliff"", ""Hard Rock Bet"", ""theScore Bet""]",The Odds API,"[""Bally Bet"", ""BetRivers"", ""Bovada"", ""Courtside"", ""DraftKings"", ""Fanatics"", ""fanatics""]",,,,,,,,,,,,,,,,,,,,,,,,2026-10-07T17:51:03.097302+00:00,ALTLINE_NB_v1_2026-01-18,,,,league_avg,2.3,,,,,,,,,,,,,,,,,,,,,,,,,exp/fallback,0.0209999999999999,,,,,,,,,,,,,,,,,,,,,,,,,league_avg,0.35,,,,,,,,,,,,,,,,,,,,,,0.5,1900.0,Fanatics,exp/fallback,0.1883999999999999,0.1660974442673685,16.6,0.05,232.194888534737,232.2,0.1660974442673685,16.6,232.194888534737,232.2,,,,,,,,,,,,,0.5,1900.0,Fanatics,exp/fallback,0.1186499999999999,0.1080071200807156,10.8,0.05,116.01424016143132,116.0,0.1080071200807156,10.8,116.01424016143132,116.0,,,,,,,,,,,,,False,False,True,True,False,,,Active roster,2026-10-07T17:51:03+00:00,False,[],2025-2026,,2026-09-24-frozen-v2,2026-10-07T17:51:05.183913+00:00
2026-10-07,PIT@WSH,2026020053,6:30 PM,2026-10-07T23:30:00Z,Dylan Strome,8478440,WSH,False,"{""season"":""2026-27"",""games"":[{""d"":""2026-10-03"",""g"":0,""a"":0,""s"":1,""pp"":0,""h"":""R"",""toi"":""18:02""},{""d"":""2026-10-02"",""g"":0,""a"":2,""s"":2,""pp"":1,""h"":""R"",""toi"":""13:11""}]}",2026-27,WSH,C,,Healthy,Unknown,,,1.0,0.0,,17.0,11.0,2026-10-07T17:50:49+00:00,PIT,Arturs Silovs,0.8873653281096964,3.071376110035388,69.4,Confirmed,dailyfaceoff_name_and_stats,23.86,7.0,23.86,7.0,,85.4,92.8,A1+A2,18.04,75.0,85.9,1.14,NONE,False,False,26.180837830079174,2.62122907817057,23.0,23.0,19.0,3.8,True,,,1.5,,50.0,2.0,0.0,3.0,0.0,2.0,2.0,2.0,2.0,2.0,2.0,3.0,3.0,LOW,0.2,-0.3,LOW,0.1,,LOW,0.05,,LOW,0.2,,LOW,0.1,,LOW,0.05,,LOW,0.3,,LOW,0.15,,LOW,0.075,,1.5607247503438375,0.5381809483944269,,,2.0,2.548981003132246,2.445592482609934,50.0,42.2,61.0,38.9,9.14,3.0,,6.31,2.73,,HOT,HOT,COOL,6.14,3.58,HOT,Green,Yellow,Yellow,Green,81.0,65.0,69.0,77.0,POINTS,81.0,1.0,1.0,2.0,2.0,1.0,1.0,A,Distributor,16.2,,16.6,,2.0,2.926875,234.15,2.926875,0.1622642381122879,16.2,16.2,4.1627162075592565,1.2222934016655989,3.459320948110185,6.890141837723548,6.160814794961136,16.6,76.1,False,,,,🅿️ D:1,,False,False,2.0,,False,0.0,,False,0.0,,1.5,-114.0,BetRivers,2.5,230.0,Fanatics,3.5,650.0,Fanatics,4.5,1700.0,Fanatics,1.5,-114.0,BetRivers,0.5,-130.0,Fanatics,1.5,370.0,DraftKings,2.5,1400.0,DraftKings,3.5,3200.0,BetOnline.ag,0.5,-130.0,Fanatics,0.5,125.0,DraftKings,1.5,700.0,DraftKings,2.5,2800.0,Fanatics,,,,0.5,125.0,DraftKings,0.5,320.0,BetRivers,,,,,,,,,,0.5,320.0,BetRivers,0.5,320.0,BetRivers,,,,,,,,,,0.5,320.0,BetRivers,The Odds API,"[""Bally Bet"", ""BetMGM"", ""BetRivers"", ""Bovada"", ""Courtside"", ""DraftKings"", ""FanDuel"", ""Fanatics"", ""Fliff"", ""Hard Rock Bet"", ""fanduel"", ""theScore Bet""]",The Odds API,"[""Bally Bet"", ""BetMGM"", ""BetRivers"", ""Bovada"", ""Courtside"", ""DraftKings"", ""FanDuel"", ""Fanatics"", ""betrivers""]",0.5,235.0,BetRivers,1.5,750.0,Bovada,,,,,,,0.5,235.0,BetRivers,The Odds API,"[""Bally Bet"", ""BetMGM"", ""BetRivers"", ""Bovada"", ""Fliff"", ""Hard Rock Bet"", ""theScore Bet""]",The Odds API,"[""Bally Bet"", ""BetMGM"", ""BetOnline.ag"", ""BetRivers"", ""Bovada"", ""Courtside"", ""DraftKings"", ""FanDuel"", ""Fanatics"", ""Fliff"", ""Hard Rock Bet"", ""ReBet"", ""theScore Bet""]",The Odds API,"[""Bally Bet"", ""BetMGM"", ""BetOnline.ag"", ""BetRivers"", ""Bovada"", ""Courtside"", ""DraftKings"", ""FanDuel"", ""Fanatics"", ""Fliff"", ""Hard Rock Bet"", ""ReBet"", ""draftkings"", ""theScore Bet""]",The Odds API,"[""Bally Bet"", ""BetMGM"", ""BetOnline.ag"", ""BetRivers"", ""Bovada"", ""Courtside"", ""DraftKings"", ""FanDuel"", ""Fanatics"", ""Fliff"", ""Hard Rock Bet"", ""ReBet"", ""draftkings"", ""theScore Bet""]",2026-10-07T17:51:03.097302+00:00,ALTLINE_NB_v1_2026-01-18,1.5,-114.0,BetRivers,exp/fallback,0.3,0.0422318805185903,4.2,0.5327102803738317,-92.0722610254576,-92.1,0.0422318805185903,4.2,-92.0722610254576,-92.1,0.0057840451049215,0.6,-98.09126511537588,-98.1,0.0006983006285956,0.1,-99.47627452855326,-99.5,7.736670997449124e-05,0.0,-99.86073992204592,-99.9,0.5,-130.0,Fanatics,exp/fallback,0.914,0.5475224248375428,54.8,0.5652173913043478,-3.130647913357815,-3.1,0.5475224248375428,54.8,-3.130647913357815,-3.1,0.2341922455069222,23.4,10.070355388253438,10.1,0.087734897118388,8.8,31.602345677582,31.6,0.0302645261493488,3.0,-0.1270637071488778,-0.1,0.5,125.0,DraftKings,exp/fallback,0.614,0.4146052478297952,41.5,0.4444444444444444,-6.71381923829607,-6.7,0.4146052478297952,41.5,-6.71381923829607,-6.7,0.1395996029694236,14.0,11.679682375538912,11.7,0.0427058772936768,4.3,23.847044151662743,23.8,,,,,0.5,320.0,BetRivers,exp/fallback,0.2249999999999999,0.1938167787045269,19.4,0.238095238095238,-18.59695294409868,-18.6,0.1938167787045269,19.4,-18.59695294409868,-18.6,,,,,,,,,,,,,0.5,320.0,BetRivers,exp/fallback,0.2249999999999999,0.1894104472901471,18.9,0.238095238095238,-20.447612138138204,-20.4,0.1894104472901471,18.9,-20.447612138138204,-20.4,,,,,,,,,,,,,False,False,False,False,False,,,Active roster,2026-10-07T17:51:03+00:00,False,"[{""market"":""Points"",""name"":""Hammer Fists"",""kind"":""FLOOR"",""rule"":""Conf_Points >= 80"",""icon"":""PTS05_HAMMER_FISTS.svg"",""kit_version"":""2026-09-24-frozen-v2""},{""market"":""Assists"",""name"":""Staff (Green Stance)"",""kind"":""STANCE"",""rule"":""Green + Assists 0.5"",""icon"":""staff.svg"",""kit_version"":""2026-09-24-frozen-v2""}]",2025-2026,,2026-09-24-frozen-v2,2026-10-07T17:51:05.183913+00:00
2026-10-07,PIT@WSH,2026020053,6:30 PM,2026-10-07T23:30:00Z,Ethen Frank,8483573,WSH,False,"{""season"":""2026-27"",""games"":[]}",2026-27,WSH,R,,Healthy,Unknown,,,1.0,0.0,,17.0,11.0,2026-10-07T17:50:49+00:00,PIT,Arturs Silovs,0.8873653281096964,3.071376110035388,69.4,Confirmed,dailyfaceoff_name_and_stats,23.86,7.0,23.86,7.0,33.3,72.0,54.3,A1+A2,12.24,31.5,57.7,1.03,NONE,False,False,26.180837830079174,2.62122907817057,23.0,23.0,19.0,3.8,True,1.0,0.75,0.8,0.93,17.5,1.0,1.0,9.0,0.0,0.0,0.0,3.0,14.0,2.0,6.0,22.0,62.0,LOW,0.1,,LOW,0.15,,LOW,0.35,,LOW,0.0,,LOW,0.1,,LOW,0.15,,LOW,0.9,,LOW,1.1,,LOW,1.55,,1.5461182831013314,0.5456888058004699,,,0.0,2.548981003132246,2.445592482609934,50.0,42.2,60.5,38.9,4.1,2.11,9.3,3.1,1.11,0.3,HOT,COOL,COOL,2.0,2.0,WARM,Red,Red,Red,Red,61.0,56.0,60.0,57.0,POINTS,61.0,8.0,10.0,8.0,8.0,0.0,10.0,B,Hybrid,11.6,,16.6,,1.0,1.4166666666666663,87.83333333333333,1.4166666666666663,0.1157707431734803,11.6,11.6,2.3413662239089184,1.325237191650854,1.1954459203036054,6.890141837723548,6.160814794961136,16.6,57.9,False,,,,🅿️ D:8,,False,False,2.0,,False,0.0,,False,0.0,,,,,,,,,,,,,,,,,,,,,,,,,,,,,,,,,,,,,,,,,,,,,,,,,,,,,,,,,,,,,,,,,,,,,,,,,,,,,,,,,,,,,,,,,,,,,,,,,,,,,,,,2026-10-07T17:51:03.097302+00:00,ALTLINE_NB_v1_2026-01-18,,,,exp/fallback,0.93,,,,,,,,,,,,,,,,,,,,,,,,,exp/fallback,0.41,,,,,,,,,,,,,,,,,,,,,,,,,exp/fallback,0.2,,,,,,,,,,,,,,,,,,,,,,,,,exp/fallback,0.1982999999999999,,,,,,,,,,,,,,,,,,,,,,,,,exp/fallback,0.1816124999999999,,,,,,,,,,,,,,,,,,,,,,False,False,False,False,False,33.3,,Active roster,2026-10-07T17:51:03+00:00,False,[],2025-2026,,2026-09-24-frozen-v2,2026-10-07T17:51:05.183913+00:00
2026-10-07,PIT@WSH,2026020053,6:30 PM,2026-10-07T23:30:00Z,Ilya Protas,8484999,WSH,False,,2026-27,WSH,L,,Healthy,Unknown,,,1.0,0.0,,17.0,11.0,2026-10-07T17:50:49+00:00,PIT,Arturs Silovs,0.8873653281096964,3.071376110035388,69.4,Confirmed,dailyfaceoff_name_and_stats,23.86,7.0,23.86,7.0,,24.9,28.5,A1+A2,15.89,60.5,33.3,0.94,NONE,False,False,26.180837830079174,2.62122907817057,23.0,23.0,19.0,3.8,True,,,,,50.0,,,,,,,,,,,,,,,,,,,,,,,,,,,,,,,,,,,,,,,,0.0385232744783306,0.0385232744783306,,,0.0,2.548981003132246,2.445592482609934,50.0,42.2,34.8,38.9,10.27,3.22,,,,,COOL,COOL,COOL,7.05,,COOL,Red,Red,Red,Red,38.0,31.0,32.0,31.0,POINTS,38.0,,,,,,,C,Passenger,15.3,,16.6,,0.0,2.4291666666666667,9.716666666666669,2.4291666666666667,0.1528578919769271,15.3,15.3,6.051457975986278,6.051457975986278,0.0,6.890141837723548,6.160814794961136,16.6,50.5,False,,,,,,False,False,1.0,,False,0.0,,False,0.0,,1.5,-118.0,BetRivers,,,,,,,,,,1.5,-118.0,BetRivers,0.5,135.0,Hard Rock Bet,1.5,600.0,DraftKings,2.5,2200.0,Fanatics,3.5,2800.0,BetOnline.ag,0.5,135.0,Hard Rock Bet,0.5,230.0,DraftKings,1.5,1600.0,DraftKings,,,,,,,0.5,230.0,DraftKings,0.5,375.0,Hard Rock Bet,,,,,,,,,,0.5,375.0,Hard Rock Bet,0.5,295.0,BetRivers,,,,,,,,,,0.5,295.0,BetRivers,The Odds API,"[""Bally Bet"", ""BetMGM"", ""BetRivers"", ""Bovada"", ""Courtside"", ""DraftKings"", ""FanDuel"", ""Fanatics"", ""Fliff"", ""Hard Rock Bet"", ""theScore Bet""]",The Odds API,"[""Bally Bet"", ""BetMGM"", ""BetRivers"", ""Bovada"", ""Courtside"", ""DraftKings"", ""FanDuel"", ""Fanatics"", ""betrivers""]",0.5,475.0,Bovada,,,,,,,,,,0.5,475.0,Bovada,The Odds API,"[""Bovada"", ""Hard Rock Bet"", ""theScore Bet""]",The Odds API,"[""Bally Bet"", ""BetRivers""]",The Odds API,"[""Bally Bet"", ""BetMGM"", ""BetOnline.ag"", ""BetRivers"", ""Courtside"", ""DraftKings"", ""Fanatics"", ""Fliff"", ""Hard Rock Bet"", ""ReBet"", ""draftkings"", ""theScore Bet""]",The Odds API,"[""Bally Bet"", ""BetMGM"", ""BetOnline.ag"", ""BetRivers"", ""Courtside"", ""DraftKings"", ""Fanatics"", ""Fliff"", ""Hard Rock Bet"", ""ReBet"", ""betmgm"", ""theScore Bet""]",2026-10-07T17:51:03.097302+00:00,ALTLINE_NB_v1_2026-01-18,1.5,-118.0,BetRivers,league_avg,2.3,0.6001759479749428,60.0,0.5412844036697247,10.879963269947057,10.9,0.6001759479749428,60.0,10.879963269947057,10.9,,,,,,,,,,,,,0.5,135.0,Hard Rock Bet,exp/fallback,1.027,0.5841256125971354,58.4,0.425531914893617,37.26951896032682,37.3,0.5841256125971354,58.4,37.26951896032682,37.3,0.2699522367004551,27.0,88.96656569031856,89.0,0.1097456542546305,11.0,152.4150047856503,152.4,0.0411628518241954,4.1,19.37227029016676,19.4,0.5,230.0,DraftKings,exp/fallback,0.705,0.4533297344207516,45.3,0.303030303030303,49.59881235884804,49.6,0.4533297344207516,45.3,49.59881235884804,49.6,0.1683740691835094,16.8,186.235917611966,186.2,,,,,,,,,0.5,375.0,Hard Rock Bet,exp/fallback,0.3087999999999999,0.2526087991362912,25.3,0.2105263157894736,19.989179589738317,20.0,0.2526087991362912,25.3,19.989179589738317,20.0,,,,,,,,,,,,,0.5,295.0,BetRivers,exp/fallback,0.3143,0.2487308347323545,24.9,0.2531645569620253,-1.7513202807199368,-1.8,0.2487308347323545,24.9,-1.7513202807199368,-1.8,,,,,,,,,,,,,True,True,True,False,True,,,Active roster,2026-10-07T17:51:03+00:00,False,[],2025-2026,,2026-09-24-frozen-v2,2026-10-07T17:51:05.183913+00:00
2026-10-07,PIT@WSH,2026020053,6:30 PM,2026-10-07T23:30:00Z,Ivan Miroshnichenko,8483491,WSH,False,,2026-27,WSH,L,,Healthy,Unknown,,,1.0,0.0,,17.0,11.0,2026-10-07T17:50:49+00:00,PIT,Arturs Silovs,0.8873653281096964,3.071376110035388,69.4,Confirmed,dailyfaceoff_name_and_stats,23.86,7.0,23.86,7.0,,27.2,17.6,A1+A2,9.64,13.0,21.0,0.94,NONE,False,False,26.180837830079174,2.62122907817057,23.0,23.0,19.0,3.8,True,,,,,50.0,,,,,,,,,,,,,,,,,,,,,,,,,,,,,,,,,,,,,,,,0.0239457230278036,0.0079819076759345,,,0.0,2.548981003132246,2.445592482609934,50.0,42.2,33.5,38.9,1.91,1.19,,,,,COOL,COOL,COOL,0.72,,COOL,Red,Red,Red,Red,28.0,28.0,31.0,22.0,GOAL,31.0,,,,,,,C,Passenger,0.0,,16.6,,0.0,0.0,0.0,0.0,0.0,0.0,0.0,0.0,,,6.890141837723548,6.160814794961136,16.6,5.0,False,,,,,,False,False,1.0,,False,0.0,,False,0.0,,,,,,,,,,,,,,,,,,,,,,,,,,,,,,,,,,,,,,,,,,,,,,,,,,,,,,,,,,,,,,,,,,,,,,,,,,,,,,,,,,,,,,,,,,,,,,,,,,,,,,,,2026-10-07T17:51:03.097302+00:00,ALTLINE_NB_v1_2026-01-18,,,,league_avg,2.3,,,,,,,,,,,,,,,,,,,,,,,,,exp/fallback,0.191,,,,,,,,,,,,,,,,,,,,,,,,,exp/fallback,0.072,,,,,,,,,,,,,,,,,,,,,,,,,exp/fallback,0.2276,,,,,,,,,,,,,,,,,,,,,,,,,exp/fallback,0.18235,,,,,,,,,,,,,,,,,,,,,,False,False,False,False,False,,,Active roster,2026-10-07T17:51:03+00:00,False,[],2025-2026,,2026-09-24-frozen-v2,2026-10-07T17:51:05.183913+00:00
2026-10-07,PIT@WSH,2026020053,6:30 PM,2026-10-07T23:30:00Z,Jakob Chychrun,8479345,WSH,False,"{""season"":""2026-27"",""games"":[{""d"":""2026-10-03"",""g"":0,""a"":1,""s"":2,""pp"":0,""h"":""R"",""toi"":""27:11""},{""d"":""2026-10-02"",""g"":1,""a"":1,""s"":3,""pp"":1,""h"":""R"",""toi"":""18:51""}]}",2026-27,WSH,D,,Healthy,Unknown,,,1.0,0.0,,17.0,11.0,2026-10-07T17:50:49+00:00,PIT,Arturs Silovs,0.8873653281096964,3.071376110035388,69.4,Confirmed,dailyfaceoff_name_and_stats,23.86,7.0,23.86,7.0,,84.7,89.1,A1+A2,23.34,97.0,88.7,1.16,NONE,False,False,26.180837830079174,2.62122907817057,23.0,23.0,19.0,3.8,True,,,2.5,,50.0,3.0,1.0,5.0,1.0,2.0,2.0,3.0,3.0,2.0,2.0,5.0,5.0,LOW,0.3,-0.2,LOW,0.15,,LOW,0.075,,LOW,0.2,,LOW,0.1,,LOW,0.05,,LOW,0.5,,LOW,0.25,,LOW,0.125,,1.5140615142828684,0.4781246887209058,,,2.0,2.548981003132246,2.445592482609934,50.0,42.2,59.0,38.9,8.38,2.98,,4.62,1.71,,HOT,WARM,COOL,5.4,2.91,HOT,Yellow,Yellow,Yellow,Yellow,81.0,66.0,71.0,76.0,POINTS,81.0,0.0,0.0,1.0,0.0,1.0,1.0,A,Hybrid,12.1,,16.6,,2.0,2.8233333333333333,225.86666666666667,2.8233333333333333,0.1209611196401156,12.1,12.1,3.351756198347108,1.6018299881936249,2.058736717827627,6.890141837723548,6.160814794961136,16.6,63.2,False,,,,🅿️ D:0,,False,False,2.0,,False,0.0,,False,0.0,,1.5,-222.0,BetOnline.ag,2.5,110.0,BetOnline.ag,3.5,240.0,Fanatics,4.5,575.0,Fanatics,2.5,110.0,BetOnline.ag,0.5,-135.0,DraftKings,1.5,350.0,DraftKings,2.5,1400.0,DraftKings,3.5,2800.0,BetOnline.ag,0.5,-135.0,DraftKings,0.5,115.0,DraftKings,1.5,600.0,DraftKings,2.5,2800.0,Fanatics,,,,0.5,115.0,DraftKings,0.5,360.0,theScore Bet,,,,,,,,,,0.5,360.0,theScore Bet,0.5,340.0,DraftKings,,,,,,,,,,0.5,340.0,DraftKings,The Odds API,"[""Bally Bet"", ""BetMGM"", ""BetRivers"", ""Bovada"", ""Courtside"", ""DraftKings"", ""FanDuel"", ""Fanatics"", ""Fliff"", ""Hard Rock Bet"", ""theScore Bet""]",The Odds API,"[""Bally Bet"", ""BetMGM"", ""BetRivers"", ""Bovada"", ""Courtside"", ""DraftKings"", ""FanDuel"", ""Fanatics"", ""betrivers""]",0.5,215.0,BetRivers,1.5,700.0,Bovada,,,,,,,0.5,215.0,BetRivers,The Odds API,"[""Bally Bet"", ""BetMGM"", ""BetRivers"", ""Bovada"", ""Fliff"", ""Hard Rock Bet"", ""theScore Bet""]",The Odds API,"[""Bally Bet"", ""BetMGM"", ""BetOnline.ag"", ""BetRivers"", ""Bovada"", ""Courtside"", ""DraftKings"", ""FanDuel"", ""Fanatics"", ""Fliff"", ""Hard Rock Bet"", ""ReBet"", ""draftkings"", ""theScore Bet""]",The Odds API,"[""Bally Bet"", ""BetMGM"", ""BetOnline.ag"", ""BetRivers"", ""Bovada"", ""Courtside"", ""DraftKings"", ""FanDuel"", ""Fanatics"", ""Fliff"", ""Hard Rock Bet"", ""ReBet"", ""draftkings"", ""theScore Bet""]",The Odds API,"[""Bally Bet"", ""BetMGM"", ""BetOnline.ag"", ""BetRivers"", ""Bovada"", ""Courtside"", ""DraftKings"", ""FanDuel"", ""Fanatics"", ""Fliff"", ""Hard Rock Bet"", ""ReBet"", ""betmgm"", ""theScore Bet""]",2026-10-07T17:51:03.097302+00:00,ALTLINE_NB_v1_2026-01-18,2.5,110.0,BetOnline.ag,exp/fallback,0.5,0.0211669780841146,2.1,0.4761904761904761,-95.55493460233592,-95.6,0.0982404443767041,9.8,-85.75071032013571,-85.8,0.0211669780841146,2.1,-95.55493460233592,-95.6,0.0040395411302058,0.4,-98.62655601573,-98.6,0.0007092061669458,0.1,-99.52128583731158,-99.5,0.5,-135.0,DraftKings,exp/fallback,0.8380000000000001,0.5204220499924024,52.0,0.574468085106383,-9.408013519841068,-9.4,0.5204220499924024,52.0,-9.408013519841068,-9.4,0.2096771941149053,21.0,-5.645262648292581,-5.6,0.0737668657091942,7.4,10.650298563791328,10.7,0.0238640708312911,2.4,-30.794194589255632,-30.8,0.5,115.0,DraftKings,exp/fallback,0.54,0.37999875999752,38.0,0.4651162790697674,-18.30026660053321,-18.3,0.37999875999752,38.0,-18.30026660053321,-18.3,0.1163761855082764,11.6,-18.53667014420649,-18.5,0.0323075692341475,3.2,-6.308049220972045,-6.3,,,,,0.5,360.0,theScore Bet,exp/fallback,0.2244,0.1933728370733366,19.3,0.217391304347826,-11.04849494626514,-11.0,0.1933728370733366,19.3,-11.04849494626514,-11.0,,,,,,,,,,,,,0.5,340.0,DraftKings,exp/fallback,0.224025,0.1887204758335392,18.9,0.2272727272727272,-16.962990633242736,-17.0,0.1887204758335392,18.9,-16.962990633242736,-17.0,,,,,,,,,,,,,False,False,False,False,False,,,Active roster,2026-10-07T17:51:03+00:00,False,[],2025-2026,,2026-09-24-frozen-v2,2026-10-07T17:51:05.183913+00:00
2026-10-07,PIT@WSH,2026020053,6:30 PM,2026-10-07T23:30:00Z,Jordan Kyrou,8479385,STL,True,"{""season"":""2026-27"",""games"":[{""d"":""2026-10-03"",""g"":0,""a"":0,""s"":1,""pp"":0,""h"":""R"",""toi"":""14:45""},{""d"":""2026-10-02"",""g"":0,""a"":0,""s"":2,""pp"":0,""h"":""R"",""toi"":""12:16""}]}",2026-27,WSH,R,,Healthy,Unknown,,,1.0,0.0,,17.0,11.0,2026-10-07T17:50:49+00:00,PIT,Arturs Silovs,0.8873653281096964,3.071376110035388,69.4,Confirmed,dailyfaceoff_name_and_stats,23.86,7.0,23.86,7.0,,84.5,83.1,A1+A2,15.73,59.0,78.9,1.12,NONE,False,False,26.180837830079174,2.62122907817057,23.0,23.0,19.0,3.8,True,,,1.5,,50.0,0.0,0.0,3.0,0.0,0.0,0.0,0.0,0.0,0.0,0.0,3.0,3.0,LOW,0.0,-0.5,LOW,0.0,,LOW,0.0,,LOW,0.0,,LOW,0.0,,LOW,0.0,,LOW,0.3,,LOW,0.15,,LOW,0.075,,1.8500797448165869,0.7655502392344498,,,0.0,2.548981003132246,2.445592482609934,50.0,42.2,66.8,38.9,7.23,2.89,,7.23,2.89,,HOT,HOT,COOL,4.34,4.34,HOT,Yellow,Yellow,Yellow,Yellow,75.0,63.0,68.0,72.0,POINTS,75.0,2.0,2.0,2.0,2.0,0.0,2.0,,Passenger,13.3,,16.6,,,2.0881944444444445,150.35,2.0881944444444445,0.1327457068440337,13.3,13.3,4.207183239108746,1.4087130029930162,3.292317924842035,6.890141837723548,6.160814794961136,16.6,69.9,False,,,,🅿️ D:2,,False,False,2.0,,False,0.0,,False,0.0,,1.5,-155.0,Bovada,2.5,175.0,Fanatics,3.5,460.0,Fanatics,4.5,1200.0,Fanatics,1.5,-155.0,Bovada,0.5,100.0,DraftKings,1.5,550.0,DraftKings,2.5,2200.0,Fanatics,3.5,4200.0,BetOnline.ag,0.5,100.0,DraftKings,0.5,225.0,BetRivers,1.5,1300.0,Bovada,,,,,,,0.5,225.0,BetRivers,0.5,290.0,DraftKings,,,,,,,,,,0.5,290.0,DraftKings,0.5,290.0,DraftKings,,,,,,,,,,0.5,290.0,DraftKings,The Odds API,"[""Bally Bet"", ""BetMGM"", ""BetRivers"", ""Bovada"", ""Courtside"", ""DraftKings"", ""FanDuel"", ""Fanatics"", ""Fliff"", ""Hard Rock Bet"", ""theScore Bet""]",The Odds API,"[""Bally Bet"", ""BetMGM"", ""BetRivers"", ""Bovada"", ""Courtside"", ""DraftKings"", ""FanDuel"", ""Fanatics"", ""fanatics""]",0.5,330.0,Bovada,,,,,,,,,,0.5,330.0,Bovada,The Odds API,"[""BetMGM"", ""Bovada"", ""Fliff"", ""Hard Rock Bet"", ""theScore Bet""]",The Odds API,"[""Bally Bet"", ""BetMGM"", ""BetOnline.ag"", ""BetRivers"", ""Bovada"", ""Courtside"", ""DraftKings"", ""FanDuel"", ""Fanatics"", ""Fliff"", ""Hard Rock Bet"", ""ReBet"", ""theScore Bet""]",The Odds API,"[""Bally Bet"", ""BetMGM"", ""BetOnline.ag"", ""BetRivers"", ""Bovada"", ""Courtside"", ""DraftKings"", ""FanDuel"", ""Fanatics"", ""Fliff"", ""Hard Rock Bet"", ""ReBet"", ""draftkings"", ""theScore Bet""]",The Odds API,"[""Bally Bet"", ""BetMGM"", ""BetOnline.ag"", ""BetRivers"", ""Bovada"", ""Courtside"", ""DraftKings"", ""FanDuel"", ""Fanatics"", ""Fliff"", ""Hard Rock Bet"", ""ReBet"", ""betmgm"", ""theScore Bet""]",2026-10-07T17:51:03.097302+00:00,ALTLINE_NB_v1_2026-01-18,1.5,-155.0,Bovada,exp/fallback,0.3,0.0422318805185903,4.2,0.6078431372549019,-93.05217449532869,-93.1,0.0422318805185903,4.2,-93.05217449532869,-93.1,0.0057840451049215,0.6,-98.40938759614656,-98.4,0.0006983006285956,0.1,-99.60895164798644,-99.6,7.736670997449124e-05,0.0,-99.89942327703316,-99.9,0.5,100.0,DraftKings,exp/fallback,0.7230000000000001,0.4750834287868021,47.5,0.5,-4.9833142426395804,-5.0,0.4750834287868021,47.5,-4.9833142426395804,-5.0,0.1722106934712584,17.2,11.936950756317955,11.9,0.0542509419430925,5.4,24.777166469112856,24.8,0.0156825606326184,1.6,-32.56498927974082,-32.6,0.5,225.0,BetRivers,exp/fallback,0.434,0.3248211282373984,32.5,0.3076923076923077,5.566866677154481,5.6,0.3248211282373984,32.5,5.566866677154481,5.6,0.0840424673130194,8.4,17.659454238227244,17.7,,,,,,,,,0.5,290.0,DraftKings,exp/fallback,0.2217,0.191370858526291,19.1,0.2564102564102564,-25.36536517474651,-25.4,0.191370858526291,19.1,-25.36536517474651,-25.4,,,,,,,,,,,,,0.5,290.0,DraftKings,exp/fallback,0.2196374999999999,0.1856035781952163,18.6,0.2564102564102564,-27.614604503865635,-27.6,0.1856035781952163,18.6,-27.614604503865635,-27.6,,,,,,,,,,,,,False,False,False,False,False,,,Active roster,2026-10-07T17:51:03+00:00,False,[],2025-2026,,2026-09-24-frozen-v2,2026-10-07T17:51:05.183913+00:00
2026-10-07,PIT@WSH,2026020053,6:30 PM,2026-10-07T23:30:00Z,Justin Sourdif,8482088,WSH,False,"{""season"":""2026-27"",""games"":[{""d"":""2026-10-03"",""g"":1,""a"":0,""s"":1,""pp"":0,""h"":""R"",""toi"":""12:24""},{""d"":""2026-10-02"",""g"":0,""a"":0,""s"":0,""pp"":0,""h"":""R"",""toi"":""13:00""}]}",2026-27,WSH,C,,Healthy,Unknown,,,1.0,0.0,,17.0,11.0,2026-10-07T17:50:49+00:00,PIT,Arturs Silovs,0.8873653281096964,3.071376110035388,69.4,Confirmed,dailyfaceoff_name_and_stats,23.86,7.0,23.86,7.0,,78.1,71.0,A1+A2,14.74,49.5,69.9,1.08,NONE,False,False,26.180837830079174,2.62122907817057,23.0,23.0,19.0,3.8,True,,,0.5,,50.0,1.0,1.0,1.0,1.0,0.0,0.0,1.0,1.0,0.0,0.0,1.0,1.0,LOW,0.1,-0.4,LOW,0.05,,LOW,0.025,,LOW,0.0,,LOW,0.0,,LOW,0.0,,LOW,0.1,,LOW,0.05,,LOW,0.025,,1.6327059509540316,0.5247983413780816,,,0.0,2.548981003132246,2.445592482609934,50.0,42.2,62.0,38.9,4.92,2.15,,3.92,1.15,,HOT,COOL,COOL,2.77,2.77,HOT,Yellow,Yellow,Red,Yellow,67.0,59.0,65.0,63.0,POINTS,67.0,0.0,2.0,0.0,2.0,0.0,2.0,B,Shooter,6.6,,16.6,,1.0,0.9743589743589745,76.0,0.9743589743589745,0.0661080344457653,6.6,6.6,2.139473684210526,2.139473684210526,0.0,6.890141837723548,6.160814794961136,16.6,39.5,False,,,,🅿️ D:0,,False,False,1.0,,False,0.0,,False,0.0,,1.5,138.0,BetRivers,2.5,410.0,Fanatics,3.5,1200.0,Fanatics,4.5,2000.0,BetOnline.ag,1.5,138.0,BetRivers,0.5,188.0,BetRivers,1.5,900.0,Fanatics,2.5,4000.0,Fanatics,3.5,2800.0,BetOnline.ag,0.5,188.0,BetRivers,0.5,275.0,BetRivers,1.5,1700.0,BetOnline.ag,,,,,,,0.5,275.0,BetRivers,0.5,600.0,FanDuel,,,,,,,,,,0.5,600.0,FanDuel,0.5,600.0,FanDuel,,,,,,,,,,0.5,600.0,FanDuel,The Odds API,"[""Bally Bet"", ""BetMGM"", ""BetRivers"", ""Bovada"", ""Courtside"", ""DraftKings"", ""FanDuel"", ""Fanatics"", ""Fliff"", ""Hard Rock Bet"", ""theScore Bet""]",The Odds API,"[""Bally Bet"", ""BetMGM"", ""BetRivers"", ""Bovada"", ""Courtside"", ""DraftKings"", ""FanDuel"", ""Fanatics"", ""fanduel""]",0.5,350.0,BetMGM,,,,,,,,,,0.5,350.0,BetMGM,The Odds API,"[""BetMGM""]",The Odds API,"[""Bally Bet"", ""BetMGM"", ""BetOnline.ag"", ""BetRivers"", ""Courtside"", ""DraftKings"", ""Fanatics"", ""ReBet""]",The Odds API,"[""Bally Bet"", ""BetMGM"", ""BetOnline.ag"", ""BetRivers"", ""Courtside"", ""DraftKings"", ""Fanatics"", ""ReBet"", ""draftkings""]",The Odds API,"[""Bally Bet"", ""BetMGM"", ""BetOnline.ag"", ""BetRivers"", ""Courtside"", ""DraftKings"", ""Fanatics"", ""ReBet"", ""draftkings""]",2026-10-07T17:51:03.097302+00:00,ALTLINE_NB_v1_2026-01-18,1.5,138.0,BetRivers,exp/fallback,0.1,0.0056639264392934,0.6,0.4201680672268907,-98.65198550744816,-98.7,0.0056639264392934,0.6,-98.65198550744816,-98.7,0.0002745710270403,0.0,-99.85996877620944,-99.9,1.167564107673602e-05,0.0,-99.98482166660024,-100.0,1.0000000000287557e-06,0.0,-99.99789999999994,-100.0,0.5,188.0,BetRivers,exp/fallback,0.492,0.3648851943754443,36.5,0.3472222222222222,5.08693598012796,5.1,0.3648851943754443,36.5,5.08693598012796,5.1,0.0983125238693178,9.8,-1.6874761306821195,-1.7,0.0227889068457002,2.3,-6.5654819326290585,-6.6,0.0048261151495864,0.5,-86.00426606619939,-86.0,0.5,275.0,BetRivers,exp/fallback,0.277,0.2285035534161958,22.9,0.2666666666666666,-14.311167468926543,-14.3,0.2285035534161958,22.9,-14.311167468926543,-14.3,0.0407964689157885,4.1,-26.566355951580544,-26.6,,,,,,,,,0.5,600.0,FanDuel,exp/fallback,0.1995,0.1746432789961635,17.5,0.1428571428571428,22.250295297314448,22.3,0.1746432789961635,17.5,22.250295297314448,22.3,,,,,,,,,,,,,0.5,600.0,FanDuel,exp/fallback,0.1835625,0.159208409006571,15.9,0.1428571428571428,11.44588630459975,11.4,0.159208409006571,15.9,11.44588630459975,11.4,,,,,,,,,,,,,False,False,True,True,False,,,Active roster,2026-10-07T17:51:03+00:00,False,[],2025-2026,,2026-09-24-frozen-v2,2026-10-07T17:51:05.183913+00:00
2026-10-07,PIT@WSH,2026020053,6:30 PM,2026-10-07T23:30:00Z,Martin Fehrvry,8480796,WSH,False,"{""season"":""2026-27"",""games"":[{""d"":""2026-10-03"",""g"":0,""a"":0,""s"":0,""pp"":0,""h"":""R"",""toi"":""18:11""},{""d"":""2026-10-02"",""g"":0,""a"":0,""s"":1,""pp"":0,""h"":""R"",""toi"":""19:29""}]}",2026-27,WSH,D,,Healthy,Unknown,,,1.0,0.0,,17.0,11.0,2026-10-07T17:50:49+00:00,PIT,Arturs Silovs,0.8873653281096964,3.071376110035388,69.4,Confirmed,dailyfaceoff_name_and_stats,23.86,7.0,23.86,7.0,,48.5,74.9,A1+A2,19.28,85.0,65.1,1.06,NONE,False,False,26.180837830079174,2.62122907817057,23.0,23.0,19.0,3.8,True,,,0.5,,50.0,0.0,0.0,1.0,0.0,0.0,0.0,0.0,0.0,0.0,0.0,1.0,1.0,LOW,0.0,,LOW,0.0,,LOW,0.0,,LOW,0.0,,LOW,0.0,,LOW,0.0,,LOW,0.1,,LOW,0.05,,LOW,0.025,,1.0291728932493016,0.2339029302839321,,,0.0,2.548981003132246,2.445592482609934,50.0,42.2,48.8,38.9,3.55,0.67,,3.55,0.67,,HOT,COOL,COOL,2.88,2.88,HOT,Yellow,Red,Red,Yellow,70.0,46.0,48.0,63.0,POINTS,70.0,2.0,2.0,2.0,2.0,0.0,2.0,C,Passenger,0.2,,16.6,,0.0,0.0436213991769547,3.533333333333333,0.0436213991769547,0.0022623710075021,0.2,0.2,0.0,0.0,0.0,6.890141837723548,6.160814794961136,16.6,21.3,False,,,,🅿️ D:2,,False,False,2.0,,False,0.0,,False,0.0,,,,,,,,,,,,,,,,,,,,,,,,,,,,,,,,,,,,,,,,,,,,,,,,,,,,,,,,,,,,,,,,,,,,,,,,,,,,,,,,,,,,,,,,,,,,,,,,,,,,,,,,2026-10-07T17:51:03.097302+00:00,ALTLINE_NB_v1_2026-01-18,,,,exp/fallback,0.1,,,,,,,,,,,,,,,,,,,,,,,,,exp/fallback,0.355,,,,,,,,,,,,,,,,,,,,,,,,,exp/fallback,0.288,,,,,,,,,,,,,,,,,,,,,,,,,exp/fallback,0.1551,,,,,,,,,,,,,,,,,,,,,,,,,exp/fallback,0.1114125,,,,,,,,,,,,,,,,,,,,,,False,False,False,False,False,,,Active roster,2026-10-07T17:51:03+00:00,False,[],2025-2026,,2026-09-24-frozen-v2,2026-10-07T17:51:05.183913+00:00
2026-10-07,PIT@WSH,2026020053,6:30 PM,2026-10-07T23:30:00Z,Martin Fehérváry,8480796,,,,,WSH,D,,Unknown,,,,,,,,,,,,,,,,,,,,,,,,,,,,,,,,,,,,,,,,,,,,,,,,,,,,,,,,,,,,,,,,,,,,,,,,,,,,,,,,,,,,,,,,,,,,,,,,,,,,,,,,,,,,,,,,,,,,,,,,,,,,,,,,,,,,,,,,,,,,,,,,,,,,,,,,,,,,,,,,,,,,,,,,,,,,,,,,,,,,,,,,,,,,,,,,,,,,,,,,,,,,,,,,,,,,,,,,,,,,,,,,,,,,,,,,,,,,,,,,,,,,,,,,,,,,,,,,,,,,,,,,,,,,,,,,,,,,,,,,,,,,,,,,0.5,240.0,draftkings,,,,,,,,,,,,,,,,,,,,,,,,0.5,285.0,draftkings,,,,,,,,,,,,,,,,,,,,,,,,0.5,1600.0,fanduel,,,,,,,,,,,,,,,,,,,,,,,,,,,,,,,,,,,,,,,,,,,,,,,,,,,,,,,,,Active roster,2026-10-07T17:51:03+00:00,True,[],Unavailable,True,2026-09-24-frozen-v2,2026-10-07T17:51:05.183913+00:00
2026-10-07,PIT@WSH,2026020053,6:30 PM,2026-10-07T23:30:00Z,Matt Roy,8478911,WSH,False,,2026-27,WSH,D,,GTD,Unknown,,,1.0,-1.0,🟡 GTD,17.0,11.0,2026-10-07T17:50:49+00:00,PIT,Arturs Silovs,0.8873653281096964,3.071376110035388,69.4,Confirmed,dailyfaceoff_name_and_stats,23.86,7.0,23.86,7.0,,43.9,66.1,A1+A2,20.61,89.0,60.7,1.04,NONE,False,False,26.180837830079174,2.62122907817057,23.0,23.0,19.0,3.8,True,,,,,50.0,,,,,,,,,,,,,,,,,,,,,,,,,,,,,,,,,,,,,,,,0.7449424252014509,0.4382014265890888,,,0.0,2.548981003132246,2.445592482609934,50.0,42.2,41.0,38.9,2.82,0.57,,,,,COOL,COOL,COOL,2.24,,COOL,Red,Red,Red,Red,59.0,42.0,43.0,52.0,POINTS,59.0,,,,,,,C,Passenger,0.5,,16.6,,0.0,0.1132911392405063,8.95,0.1132911392405063,0.0054969239745728,0.5,0.5,0.0,0.0,0.0,6.890141837723548,6.160814794961136,16.6,26.9,False,,,,,,False,False,1.0,,False,0.0,,False,0.0,,,,,,,,,,,,,,,,,,,,,,,,,,,,,,,,,,,,,,,,,,,,,,,,,,,,,,,,,,,,,,,,,,,,,,,,,,,,,,,,,,,,,,,,,,,,,,,,,,,,,,,,2026-10-07T17:51:03.097302+00:00,ALTLINE_NB_v1_2026-01-18,,,,league_avg,2.3,,,,,,,,,,,,,,,,,,,,,,,,,exp/fallback,0.282,,,,,,,,,,,,,,,,,,,,,,,,,exp/fallback,0.224,,,,,,,,,,,,,,,,,,,,,,,,,exp/fallback,0.2027999999999999,,,,,,,,,,,,,,,,,,,,,,,,,exp/fallback,0.14205,,,,,,,,,,,,,,,,,,,,,,False,False,False,False,False,,,Active roster,2026-10-07T17:51:03+00:00,False,[],2025-2026,,2026-09-24-frozen-v2,2026-10-07T17:51:05.183913+00:00
2026-10-07,PIT@WSH,2026020053,6:30 PM,2026-10-07T23:30:00Z,Pierre-Luc Dubois,8479400,WSH,False,,2026-27,WSH,C,,Healthy,Unknown,,,1.0,0.0,,17.0,11.0,2026-10-07T17:50:49+00:00,PIT,Arturs Silovs,0.8873653281096964,3.071376110035388,69.4,Confirmed,dailyfaceoff_name_and_stats,23.86,7.0,23.86,7.0,,51.3,58.4,A1+A2,16.82,66.0,56.7,1.03,NONE,False,False,26.180837830079174,2.62122907817057,23.0,23.0,19.0,3.8,True,,,,,50.0,,,,,,,,,,,,,,,,,,,,,,,,,,,,,,,,,,,,,,,,1.7108787695498142,0.6221377343817506,,,0.0,2.548981003132246,2.445592482609934,50.0,42.2,63.5,38.9,7.02,2.06,,,,,COOL,COOL,COOL,4.96,,COOL,Red,Red,Red,Red,57.0,46.0,48.0,53.0,POINTS,57.0,,,,,,,B,Hybrid,12.9,,16.6,,1.0,2.1724137931034484,63.0,2.1724137931034484,0.1291424666894431,12.9,12.9,3.804761904761905,1.780952380952381,2.380952380952381,6.890141837723548,6.160814794961136,16.6,65.9,False,,,,,,False,False,1.0,,False,0.0,,False,0.0,,1.5,100.0,BetOnline.ag,2.5,250.0,theScore Bet,3.5,700.0,Fanatics,4.5,1700.0,Fanatics,1.5,100.0,BetOnline.ag,0.5,-120.0,Fanatics,1.5,410.0,Fanatics,2.5,1700.0,Fanatics,3.5,2800.0,BetOnline.ag,0.5,-120.0,Fanatics,0.5,135.0,Fanatics,1.5,800.0,Bovada,2.5,3500.0,Fanatics,,,,0.5,135.0,Fanatics,0.5,330.0,BetRivers,,,,,,,,,,0.5,330.0,BetRivers,0.5,330.0,BetRivers,,,,,,,,,,0.5,330.0,BetRivers,The Odds API,"[""Bally Bet"", ""BetMGM"", ""BetRivers"", ""Bovada"", ""Courtside"", ""DraftKings"", ""FanDuel"", ""Fanatics"", ""Fliff"", ""Hard Rock Bet"", ""theScore Bet""]",The Odds API,"[""Bally Bet"", ""BetMGM"", ""BetRivers"", ""Bovada"", ""Courtside"", ""DraftKings"", ""FanDuel"", ""Fanatics"", ""betrivers""]",0.5,280.0,BetRivers,1.5,900.0,Bovada,,,,,,,0.5,280.0,BetRivers,The Odds API,"[""Bally Bet"", ""BetMGM"", ""BetRivers"", ""Bovada"", ""Fliff"", ""Hard Rock Bet"", ""theScore Bet""]",The Odds API,"[""Bally Bet"", ""BetMGM"", ""BetOnline.ag"", ""BetRivers"", ""Bovada"", ""Courtside"", ""DraftKings"", ""Fanatics"", ""Fliff"", ""Hard Rock Bet"", ""ReBet"", ""theScore Bet""]",The Odds API,"[""Bally Bet"", ""BetMGM"", ""BetOnline.ag"", ""BetRivers"", ""Bovada"", ""Courtside"", ""DraftKings"", ""Fanatics"", ""Fliff"", ""Hard Rock Bet"", ""ReBet"", ""draftkings"", ""theScore Bet""]",The Odds API,"[""Bally Bet"", ""BetMGM"", ""BetOnline.ag"", ""BetRivers"", ""Bovada"", ""Courtside"", ""DraftKings"", ""Fanatics"", ""Fliff"", ""Hard Rock Bet"", ""ReBet"", ""draftkings"", ""theScore Bet""]",2026-10-07T17:51:03.097302+00:00,ALTLINE_NB_v1_2026-01-18,1.5,100.0,BetOnline.ag,league_avg,2.3,0.6001759479749428,60.0,0.5,20.035189594988555,20.0,0.6001759479749428,60.0,20.035189594988555,20.0,0.3835789960842564,38.4,34.252648629489734,34.3,0.2254288407355011,22.5,80.34307258840094,80.3,0.1243884637071297,12.4,123.89923467283354,123.9,0.5,-120.0,Fanatics,exp/fallback,0.702,0.4661858254479832,46.6,0.5454545454545454,-14.532598667869737,-14.5,0.4661858254479832,46.6,-14.532598667869737,-14.5,0.1653609474392205,16.5,-15.665916805997504,-15.7,0.0509306123308861,5.1,-8.324897804404952,-8.3,0.0143885979565621,1.4,-58.27306592596988,-58.3,0.5,135.0,Fanatics,exp/fallback,0.496,0.357947074293228,35.8,0.425531914893617,-15.88243754109141,-15.9,0.357947074293228,35.8,-15.88243754109141,-15.9,0.1027721935636136,10.3,-7.505025792747699,-7.5,0.0267104502692093,2.7,-3.842379030846255,-3.8,,,,,0.5,330.0,BetRivers,exp/fallback,0.2624,0.2208275141531328,22.1,0.2325581395348837,-5.0441689141528805,-5.0,0.2208275141531328,22.1,-5.0441689141528805,-5.0,,,,,,,,,,,,,0.5,330.0,BetRivers,exp/fallback,0.2389,0.1991426281946087,19.9,0.2325581395348837,-14.368669876318265,-14.4,0.1991426281946087,19.9,-14.368669876318265,-14.4,,,,,,,,,,,,,True,False,False,False,False,,,Active roster,2026-10-07T17:51:03+00:00,False,[],2025-2026,,2026-09-24-frozen-v2,2026-10-07T17:51:05.183913+00:00
2026-10-07,PIT@WSH,2026020053,6:30 PM,2026-10-07T23:30:00Z,Ryan Leonard,8484186,WSH,False,"{""season"":""2026-27"",""games"":[{""d"":""2026-10-03"",""g"":0,""a"":0,""s"":3,""pp"":0,""h"":""R"",""toi"":""14:10""},{""d"":""2026-10-02"",""g"":1,""a"":0,""s"":3,""pp"":0,""h"":""R"",""toi"":""12:08""}]}",2026-27,WSH,R,,Healthy,Unknown,,,1.0,0.0,,17.0,11.0,2026-10-07T17:50:49+00:00,PIT,Arturs Silovs,0.8873653281096964,3.071376110035388,69.4,Confirmed,dailyfaceoff_name_and_stats,23.86,7.0,23.86,7.0,,78.6,79.4,A1+A2,14.41,46.0,72.4,1.09,NONE,False,False,26.180837830079174,2.62122907817057,23.0,23.0,19.0,3.8,True,,,3.0,,50.0,1.0,1.0,6.0,1.0,0.0,0.0,1.0,1.0,0.0,0.0,6.0,6.0,LOW,0.1,-0.4,LOW,0.05,,LOW,0.025,,LOW,0.0,,LOW,0.0,,LOW,0.0,,LOW,0.6,,LOW,0.3,,LOW,0.15,,2.1058590433059723,0.747240305689216,,,0.0,2.548981003132246,2.445592482609934,50.0,42.2,69.5,38.9,5.93,2.3,,4.93,1.3,,HOT,COOL,COOL,3.63,3.63,HOT,Yellow,Yellow,Red,Yellow,72.0,59.0,65.0,69.0,POINTS,72.0,1.0,2.0,1.0,0.0,0.0,2.0,A,Distributor,15.6,,16.6,,2.0,2.2413333333333334,168.1,2.2413333333333334,0.1555017653135166,15.6,15.6,4.081499107674003,1.502676977989292,3.0339083878643662,6.890141837723548,6.160814794961136,16.6,72.2,False,,,,🅿️ D:1,,False,False,1.0,,False,0.0,,False,0.0,,1.5,-130.0,theScore Bet,2.5,250.0,BetOnline.ag,3.5,775.0,BetOnline.ag,4.5,2500.0,BetOnline.ag,1.5,-130.0,theScore Bet,0.5,148.0,BetRivers,1.5,900.0,theScore Bet,2.5,3500.0,Fanatics,3.5,3600.0,BetOnline.ag,0.5,148.0,BetRivers,0.5,325.0,Hard Rock Bet,1.5,2200.0,Fanatics,,,,,,,0.5,325.0,Hard Rock Bet,0.5,325.0,BetRivers,,,,,,,,,,0.5,325.0,BetRivers,0.5,325.0,BetRivers,,,,,,,,,,0.5,325.0,BetRivers,The Odds API,"[""Bally Bet"", ""BetMGM"", ""BetRivers"", ""Bovada"", ""Courtside"", ""DraftKings"", ""FanDuel"", ""Fanatics"", ""Fliff"", ""Hard Rock Bet"", ""theScore Bet""]",The Odds API,"[""Bally Bet"", ""BetMGM"", ""BetRivers"", ""Bovada"", ""Courtside"", ""DraftKings"", ""FanDuel"", ""Fanatics"", ""betrivers""]",0.5,400.0,Hard Rock Bet,,,,,,,,,,0.5,400.0,Hard Rock Bet,The Odds API,"[""Bovada"", ""Hard Rock Bet"", ""theScore Bet""]",The Odds API,"[""Bally Bet"", ""BetMGM"", ""BetOnline.ag"", ""BetRivers"", ""Courtside"", ""DraftKings"", ""Fanatics"", ""Fliff"", ""Hard Rock Bet"", ""ReBet"", ""theScore Bet""]",The Odds API,"[""BetMGM"", ""BetOnline.ag"", ""Courtside"", ""DraftKings"", ""Fanatics"", ""Fliff"", ""Hard Rock Bet"", ""ReBet"", ""draftkings"", ""theScore Bet""]",The Odds API,"[""Bally Bet"", ""BetMGM"", ""BetOnline.ag"", ""BetRivers"", ""Courtside"", ""DraftKings"", ""Fanatics"", ""Fliff"", ""Hard Rock Bet"", ""ReBet"", ""betmgm"", ""theScore Bet""]",2026-10-07T17:51:03.097302+00:00,ALTLINE_NB_v1_2026-01-18,1.5,-130.0,theScore Bet,exp/fallback,0.6000000000000001,0.1299407132279931,13.0,0.5652173913043478,-77.01048919812429,-77.0,0.1299407132279931,13.0,-77.01048919812429,-77.0,0.0326670041478929,3.3,-88.56654854823748,-88.6,0.0072912539530841,0.7,-93.62015279105135,-93.6,0.0014989631477473,0.1,-96.10269581585692,-96.1,0.5,148.0,BetRivers,exp/fallback,0.593,0.4165745565591372,41.7,0.4032258064516129,3.3104900266660358,3.3,0.4165745565591372,41.7,3.3104900266660358,3.3,0.1300677552172204,13.0,30.067755217220476,30.1,0.0350973524122553,3.5,26.35046868411912,26.4,0.0086692781937453,0.9,-67.92367068314239,-67.9,0.5,325.0,Hard Rock Bet,exp/fallback,0.363,0.28363798717318,28.4,0.2352941176470588,20.546144548601507,20.5,0.28363798717318,28.4,20.546144548601507,20.5,0.0635453839940554,6.4,46.15438318632743,46.2,,,,,,,,,0.5,325.0,BetRivers,exp/fallback,0.204,0.1780728932406484,17.8,0.2352941176470588,-24.31902037272441,-24.3,0.1780728932406484,17.8,-24.31902037272441,-24.3,,,,,,,,,,,,,0.5,325.0,BetRivers,exp/fallback,0.190875,0.1646718510571366,16.5,0.2352941176470588,-30.01446330071692,-30.0,0.1646718510571366,16.5,-30.01446330071692,-30.0,,,,,,,,,,,,,False,False,False,False,True,,,Active roster,2026-10-07T17:51:03+00:00,False,[],2025-2026,,2026-09-24-frozen-v2,2026-10-07T17:51:05.183913+00:00
2026-10-07,PIT@WSH,2026020053,6:30 PM,2026-10-07T23:30:00Z,Timothy Liljegren,8480043,WSH,False,,2026-27,WSH,D,,Healthy,Unknown,,,1.0,0.0,,17.0,11.0,2026-10-07T17:50:49+00:00,PIT,Arturs Silovs,0.8873653281096964,3.071376110035388,69.4,Confirmed,dailyfaceoff_name_and_stats,23.86,7.0,23.86,7.0,,30.2,49.3,A1+A2,19.85,86.5,48.2,0.99,NONE,False,False,26.180837830079174,2.62122907817057,23.0,23.0,19.0,3.8,True,,,,,50.0,,,,,,,,,,,,,,,,,,,,,,,,,,,,,,,,,,,,,,,,0.6993006993006993,0.3885003885003885,,,0.0,2.548981003132246,2.445592482609934,50.0,42.2,40.0,38.9,2.56,0.45,,,,,COOL,COOL,COOL,2.11,,COOL,Red,Red,Red,Red,52.0,36.0,37.0,45.0,POINTS,52.0,,,,,,,C,Passenger,3.9,,16.6,,0.0,0.7645390070921985,35.93333333333333,0.7645390070921985,0.0385123789789575,3.9,3.9,3.0389610389610398,0.2003710575139146,3.3395176252319114,6.890141837723548,6.160814794961136,16.6,58.6,False,,,,,,False,False,1.0,,False,0.0,,False,0.0,,,,,,,,,,,,,,,,,0.5,275.0,BetRivers,,,,,,,,,,0.5,275.0,BetRivers,,,,,,,,,,,,,,,,0.5,2200.0,Fanatics,,,,,,,,,,0.5,2200.0,Fanatics,0.5,2200.0,Fanatics,,,,,,,,,,0.5,2200.0,Fanatics,The Odds API,"[""Bally Bet"", ""BetMGM"", ""BetRivers"", ""Bovada"", ""Courtside"", ""DraftKings"", ""FanDuel"", ""Fanatics"", ""Fliff"", ""Hard Rock Bet"", ""theScore Bet""]",The Odds API,"[""Bally Bet"", ""BetMGM"", ""BetRivers"", ""Bovada"", ""Courtside"", ""DraftKings"", ""FanDuel"", ""Fanatics"", ""fanatics""]",,,,,,,,,,,,,,,,,,,,,,The Odds API,"[""Bally Bet"", ""BetRivers""]",2026-10-07T17:51:03.097302+00:00,ALTLINE_NB_v1_2026-01-18,,,,league_avg,2.3,,,,,,,,,,,,,,,,,,,,,,0.5,275.0,BetRivers,exp/fallback,0.256,0.2174310958614389,21.7,0.2666666666666666,-18.463339051960403,-18.5,0.2174310958614389,21.7,-18.463339051960403,-18.5,,,,,,,,,,,,,,,,exp/fallback,0.211,,,,,,,,,,,,,,,,,,,,,,0.5,2200.0,Fanatics,exp/fallback,0.1979999999999999,0.1734956220653994,17.3,0.0434782608695652,299.0399307504188,299.0,0.1734956220653994,17.3,299.0399307504188,299.0,,,,,,,,,,,,,0.5,2200.0,Fanatics,exp/fallback,0.1342499999999999,0.1207732178008296,12.1,0.0434782608695652,177.7784009419081,177.8,0.1207732178008296,12.1,177.7784009419081,177.8,,,,,,,,,,,,,False,False,True,True,False,,,Active roster,2026-10-07T17:51:03+00:00,False,[],2025-2026,,2026-09-24-frozen-v2,2026-10-07T17:51:05.183913+00:00
2026-10-07,PIT@WSH,2026020053,6:30 PM,2026-10-07T23:30:00Z,Tom Wilson,8476880,WSH,False,"{""season"":""2026-27"",""games"":[{""d"":""2026-10-03"",""g"":0,""a"":0,""s"":2,""pp"":0,""h"":""R"",""toi"":""17:49""},{""d"":""2026-10-02"",""g"":0,""a"":1,""s"":0,""pp"":0,""h"":""R"",""toi"":""16:37""}]}",2026-27,WSH,R,,Healthy,Unknown,,,1.0,0.0,,17.0,11.0,2026-10-07T17:50:49+00:00,PIT,Arturs Silovs,0.8873653281096964,3.071376110035388,69.4,Confirmed,dailyfaceoff_name_and_stats,23.86,7.0,23.86,7.0,,93.4,87.4,A1+A2,19.46,85.5,89.7,1.16,NONE,False,False,26.180837830079174,2.62122907817057,23.0,23.0,19.0,3.8,True,,,1.0,,50.0,1.0,0.0,2.0,0.0,1.0,1.0,1.0,1.0,1.0,1.0,2.0,2.0,LOW,0.1,-0.4,LOW,0.05,,LOW,0.025,,LOW,0.1,,LOW,0.05,,LOW,0.025,,LOW,0.2,,LOW,0.1,,LOW,0.05,,2.2721845041110846,0.5526935280270205,,,1.0,2.548981003132246,2.445592482609934,50.0,42.2,71.8,38.9,10.12,4.46,,8.2,4.05,,HOT,HOT,COOL,5.67,4.15,HOT,Yellow,Yellow,Yellow,Yellow,80.0,70.0,74.0,79.0,POINTS,80.0,1.0,1.0,2.0,2.0,0.0,2.0,A,Shooter,13.5,,16.6,,2.0,2.6307870370370368,189.41666666666663,2.6307870370370368,0.1351704944159659,13.5,13.5,3.100307963044435,2.0906291245050594,1.1878574571051477,6.890141837723548,6.160814794961136,16.6,60.7,False,,,,🅿️ D:1,,False,False,3.0,,False,0.0,,False,0.0,,1.5,-175.0,BetRivers,2.5,149.0,BetOnline.ag,3.5,325.0,FanDuel,4.5,800.0,Fanatics,2.5,149.0,BetOnline.ag,0.5,-135.0,theScore Bet,1.5,375.0,theScore Bet,2.5,1600.0,Bovada,3.5,3000.0,BetOnline.ag,0.5,-135.0,theScore Bet,0.5,140.0,Bovada,1.5,800.0,DraftKings,2.5,3500.0,Fanatics,,,,0.5,140.0,Bovada,0.5,245.0,BetRivers,,,,,,,,,,0.5,245.0,BetRivers,0.5,245.0,BetRivers,,,,,,,,,,0.5,245.0,BetRivers,The Odds API,"[""Bally Bet"", ""BetMGM"", ""BetRivers"", ""Bovada"", ""Courtside"", ""DraftKings"", ""FanDuel"", ""Fanatics"", ""Fliff"", ""Hard Rock Bet"", ""fanduel"", ""theScore Bet""]",The Odds API,"[""Bally Bet"", ""BetMGM"", ""BetRivers"", ""Bovada"", ""Courtside"", ""DraftKings"", ""FanDuel"", ""Fanatics"", ""betrivers""]",0.5,285.0,BetRivers,1.5,900.0,Bovada,,,,,,,0.5,285.0,BetRivers,The Odds API,"[""Bally Bet"", ""BetMGM"", ""BetRivers"", ""Bovada"", ""Fliff"", ""Hard Rock Bet"", ""theScore Bet""]",The Odds API,"[""Bally Bet"", ""BetMGM"", ""BetOnline.ag"", ""BetRivers"", ""Bovada"", ""Courtside"", ""DraftKings"", ""FanDuel"", ""Fanatics"", ""Fliff"", ""Hard Rock Bet"", ""ReBet"", ""draftkings"", ""theScore Bet""]",The Odds API,"[""Bally Bet"", ""BetMGM"", ""BetOnline.ag"", ""BetRivers"", ""Bovada"", ""Courtside"", ""DraftKings"", ""FanDuel"", ""Fanatics"", ""Fliff"", ""Hard Rock Bet"", ""ReBet"", ""draftkings"", ""theScore Bet""]",The Odds API,"[""Bally Bet"", ""BetMGM"", ""BetOnline.ag"", ""BetRivers"", ""Bovada"", ""Courtside"", ""DraftKings"", ""FanDuel"", ""Fanatics"", ""Fliff"", ""Hard Rock Bet"", ""ReBet"", ""betmgm"", ""theScore Bet""]",2026-10-07T17:51:03.097302+00:00,ALTLINE_NB_v1_2026-01-18,2.5,149.0,BetOnline.ag,exp/fallback,0.2,0.0019369069985104,0.2,0.4016064257028112,-99.5177101573709,-99.5,0.0205922919144261,2.1,-96.76406841344732,-96.8,0.0019369069985104,0.2,-99.5177101573709,-99.5,0.0001602036731851,0.0,-99.93191343889632,-99.9,1.2145062741386605e-05,0.0,-99.98906944353276,-100.0,0.5,-135.0,theScore Bet,exp/fallback,1.012,0.5795025160484688,58.0,0.574468085106383,0.876363904733457,0.9,0.5795025160484688,58.0,0.876363904733457,0.9,0.2652627776354209,26.5,25.999819376824952,26.0,0.1067506189365928,10.7,81.47605219220789,81.5,0.0396250545626786,4.0,22.83766914430372,22.8,0.5,140.0,Bovada,exp/fallback,0.567,0.3929726569086008,39.3,0.4166666666666667,-5.686562341935808,-5.7,0.3929726569086008,39.3,-5.686562341935808,-5.7,0.1248117659597709,12.5,12.330589363793854,12.3,0.035964536605669,3.6,29.47233178040841,29.5,,,,,0.5,245.0,BetRivers,exp/fallback,0.2688,0.2253222973407336,22.5,0.2898550724637681,-22.263807417446905,-22.3,0.2253222973407336,22.5,-22.263807417446905,-22.3,,,,,,,,,,,,,0.5,245.0,BetRivers,exp/fallback,0.2961749999999999,0.2372819798079853,23.7,0.2898550724637681,-18.137716966245044,-18.1,0.2372819798079853,23.7,-18.137716966245044,-18.1,,,,,,,,,,,,,False,False,False,False,False,,,Active roster,2026-10-07T17:51:03+00:00,False,[],2025-2026,,2026-09-24-frozen-v2,2026-10-07T17:51:05.183913+00:00
2026-10-07,PIT@WSH,2026020053,6:30 PM,2026-10-07T23:30:00Z,Vincent Desharnais,8479576,SJS,True,,2026-27,WSH,D,,Healthy,Unknown,,,1.0,0.0,,17.0,11.0,2026-10-07T17:50:49+00:00,PIT,Arturs Silovs,0.8873653281096964,3.071376110035388,69.4,Confirmed,dailyfaceoff_name_and_stats,23.86,7.0,23.86,7.0,,22.6,37.3,A1+A2,18.18,76.0,38.4,0.95,NONE,False,False,26.180837830079174,2.62122907817057,23.0,23.0,19.0,3.8,True,,,,,50.0,,,,,,,,,,,,,,,,,,,,,,,,,,,,,,,,,,,,,,,,0.5490435313085538,0.0,,,0.0,2.548981003132246,2.445592482609934,50.0,42.2,38.8,38.9,1.27,0.19,,,,,COOL,COOL,COOL,1.08,,COOL,Red,Red,Red,Red,45.0,31.0,32.0,37.0,POINTS,45.0,,,,,,,,Passenger,0.2,,16.6,,,0.0339622641509433,1.8,0.0339622641509433,0.0018683828108781,0.2,0.2,0.0,0.0,0.0,6.890141837723548,6.160814794961136,16.6,21.3,False,,,,,,False,False,1.0,,False,0.0,,False,0.0,,,,,,,,,,,,,,,,,,,,,,,,,,,,,,,,,,,,,,,,,,,,,,,0.5,2000.0,Fanatics,,,,,,,,,,0.5,2000.0,Fanatics,0.5,2000.0,Fanatics,,,,,,,,,,0.5,2000.0,Fanatics,The Odds API,"[""Bally Bet"", ""BetRivers"", ""Bovada"", ""Courtside"", ""DraftKings"", ""Fanatics"", ""Fliff"", ""Hard Rock Bet"", ""theScore Bet""]",The Odds API,"[""Bally Bet"", ""BetRivers"", ""Bovada"", ""Courtside"", ""DraftKings"", ""Fanatics"", ""fanatics""]",,,,,,,,,,,,,,,,,,,,,,,,2026-10-07T17:51:03.097302+00:00,ALTLINE_NB_v1_2026-01-18,,,,league_avg,2.3,,,,,,,,,,,,,,,,,,,,,,,,,exp/fallback,0.127,,,,,,,,,,,,,,,,,,,,,,,,,exp/fallback,0.108,,,,,,,,,,,,,,,,,,,,,,0.5,2000.0,Fanatics,exp/fallback,0.1876,0.1654767501673278,16.5,0.0476190476190476,247.50117535138853,247.5,0.1654767501673278,16.5,247.50117535138853,247.5,,,,,,,,,,,,,0.5,2000.0,Fanatics,exp/fallback,0.11735,0.1069294836674515,10.7,0.0476190476190476,124.55191570164833,124.6,0.1069294836674515,10.7,124.55191570164833,124.6,,,,,,,,,,,,,False,False,True,True,False,,,Active roster,2026-10-07T17:51:03+00:00,False,[],2025-2026,,2026-09-24-frozen-v2,2026-10-07T17:51:05.183913+00:00
