Date,Game,Game_ID,StartTimeLocal,StartTimeUTC,Player,Player_ID,Model_Stats_Team,Team_Changed,Form_Log,Form_Season,Team,Pos,Tier,Injury_Status,Injury_Type,Injury_Text,Injury_Return,Team_Out_Count,Injury_DFO_Score,Injury_Badge,Injury_Reports_Count,Injury_Excluded_Count,Injury_Check_UTC,Opp,Opp_Goalie,Opp_SV,Opp_GAA,Goalie_Weak,Opp_Goalie_Status,Opp_Goalie_Source,Opp_SOG_Against_L10,Opp_SOG_Used_L10,Opp_SOG_Against_L50,Opp_SOG_Used_L50,Player_5v5_SOG_Share,iXG%,iXA%,iXA_Source,TOI_per_game,TOI_Pct,StarScore,TalentMult,Talent_Tier,Is_Elite,Is_Star,team_5v5_SF60,team_5v5_xGF60,team_5v5_SF60_pct,team_5v5_xGF60_pct,Team_GF_L5,Team_GF_Avg_L5,Team_GF_Gate,Med10_SOG,Trim10_SOG,Avg5_SOG,ShotIntent,ShotIntent_Pct,L10_P,L10_G,L10_S,L5_G,L5_A,L10_A,L20_P,L40_P,L20_A,L40_A,L20_S,L40_S,L10_Tier_Points,L10_Rate_Points,L10_Diff_Points,L20_Tier_Points,L20_Rate_Points,L20_Diff_Points,L40_Tier_Points,L40_Rate_Points,L40_Diff_Points,L10_Tier_Assists,L10_Rate_Assists,L10_Diff_Assists,L20_Tier_Assists,L20_Rate_Assists,L20_Diff_Assists,L40_Tier_Assists,L40_Rate_Assists,L40_Diff_Assists,L10_Tier_SOG,L10_Rate_SOG,L10_Diff_SOG,L20_Tier_SOG,L20_Rate_SOG,L20_Diff_SOG,L40_Tier_SOG,L40_Rate_SOG,L40_Diff_SOG,i5v5_points60,i5v5_primaryAssists60,i5v5_shotAssists60,i5v5_iCF60,Assist_Volume,opp_5v5_xGA60,opp_5v5_HDCA60,opp_5v5_SlotSA60,Opp_DefWeak,v2_player_stability,v2_defense_vulnerability,Exp_P_10,Exp_G_10,Exp_S_10,Reg_Gap_P10,Reg_Gap_G10,Reg_Gap_S10,Reg_Heat_P,Reg_Heat_G,Reg_Heat_S,Exp_A_10,Reg_Gap_A10,Reg_Heat_A,Matrix_Points,Matrix_SOG,Matrix_Goal,Matrix_Assists,Conf_Points,Conf_SOG,Conf_Goal,Conf_Assists,Best_Market,Best_Conf,Drought_P,Drought_A,Drought_G,Drought_SOG,PPP10_total,Drought_PPP,PP_Tier,PP_Path,PP_TeamShare_pct,PP_TOI_stability,PP_Env_Score,PP_BOOST,PP_Role,PP_TOI,PP_TOI_min,PP_TOI_per_game,PP_TOI_Share,PP_TOI_Pct_Game,PP_TOI_Pct,PP_Points60,PP_iXG60,PP_iXA60,Team_PP_xGF60,Opp_PK_xGA60,PP_Matchup,Assist_Dagger,Assist_PP_Proof,Line,Odds,Result,Best_Drought,Play_Tag,Plays_Points,Plays_Goal,Goal_ProofCount,Goal_Why,Plays_Assists,Assist_ProofCount,Assist_Why,Plays_SOG,SOG_ProofCount,SOG_Why,BDL_SOG_Line_1,BDL_SOG_Odds_1,BDL_SOG_Book_1,BDL_SOG_Line_2,BDL_SOG_Odds_2,BDL_SOG_Book_2,BDL_SOG_Line_3,BDL_SOG_Odds_3,BDL_SOG_Book_3,BDL_SOG_Line_4,BDL_SOG_Odds_4,BDL_SOG_Book_4,BDL_SOG_Line,BDL_SOG_Odds,BDL_SOG_Book,BDL_Points_Line_1,BDL_Points_Odds_1,BDL_Points_Book_1,BDL_Points_Line_2,BDL_Points_Odds_2,BDL_Points_Book_2,BDL_Points_Line_3,BDL_Points_Odds_3,BDL_Points_Book_3,BDL_Points_Line_4,BDL_Points_Odds_4,BDL_Points_Book_4,BDL_Points_Line,BDL_Points_Odds,BDL_Points_Book,BDL_Assists_Line_1,BDL_Assists_Odds_1,BDL_Assists_Book_1,BDL_Assists_Line_2,BDL_Assists_Odds_2,BDL_Assists_Book_2,BDL_Assists_Line_3,BDL_Assists_Odds_3,BDL_Assists_Book_3,BDL_Assists_Line_4,BDL_Assists_Odds_4,BDL_Assists_Book_4,BDL_Assists_Line,BDL_Assists_Odds,BDL_Assists_Book,BDL_Goal_Line_1,BDL_Goal_Odds_1,BDL_Goal_Book_1,BDL_Goal_Line_2,BDL_Goal_Odds_2,BDL_Goal_Book_2,BDL_Goal_Line_3,BDL_Goal_Odds_3,BDL_Goal_Book_3,BDL_Goal_Line_4,BDL_Goal_Odds_4,BDL_Goal_Book_4,BDL_Goal_Line,BDL_Goal_Odds,BDL_Goal_Book,BDL_ATG_Line_1,BDL_ATG_Odds_1,BDL_ATG_Book_1,BDL_ATG_Line_2,BDL_ATG_Odds_2,BDL_ATG_Book_2,BDL_ATG_Line_3,BDL_ATG_Odds_3,BDL_ATG_Book_3,BDL_ATG_Line_4,BDL_ATG_Odds_4,BDL_ATG_Book_4,BDL_ATG_Line,BDL_ATG_Odds,BDL_ATG_Book,Goal_Odds_Source,Goal_Available_Books,ATG_Odds_Source,ATG_Available_Books,Assists_Odds_Source,Assists_Available_Books,BDL_PPP_Line_1,BDL_PPP_Odds_1,BDL_PPP_Book_1,BDL_PPP_Line_2,BDL_PPP_Odds_2,BDL_PPP_Book_2,BDL_PPP_Line_3,BDL_PPP_Odds_3,BDL_PPP_Book_3,BDL_PPP_Line_4,BDL_PPP_Odds_4,BDL_PPP_Book_4,BDL_PPP_Line,BDL_PPP_Odds,BDL_PPP_Book,PPP_Odds_Source,PPP_Available_Books,Points_Odds_Source,Points_Available_Books,SOG_Odds_Source,SOG_Available_Books,Odds_Checked_UTC,BDL_EV_ENGINE,SOG_Line,SOG_Odds_Over,SOG_Book,SOG_ModelSrc,SOG_mu,SOG_p_model_over,SOG_Model%,SOG_p_imp_over,SOG_EVpct_over,SOG_EV%,SOG_p_model_over_1,SOG_Model%_1,SOG_EVpct_over_1,SOG_EV%_1,SOG_p_model_over_2,SOG_Model%_2,SOG_EVpct_over_2,SOG_EV%_2,SOG_p_model_over_3,SOG_Model%_3,SOG_EVpct_over_3,SOG_EV%_3,SOG_p_model_over_4,SOG_Model%_4,SOG_EVpct_over_4,SOG_EV%_4,Points_Line,Points_Odds_Over,Points_Book,Points_ModelSrc,Points_mu,Points_p_model_over,Points_Model%,Points_p_imp_over,Points_EVpct_over,Points_EV%,Points_p_model_over_1,Points_Model%_1,Points_EVpct_over_1,Points_EV%_1,Points_p_model_over_2,Points_Model%_2,Points_EVpct_over_2,Points_EV%_2,Points_p_model_over_3,Points_Model%_3,Points_EVpct_over_3,Points_EV%_3,Points_p_model_over_4,Points_Model%_4,Points_EVpct_over_4,Points_EV%_4,Assists_Line,Assists_Odds_Over,Assists_Book,Assists_ModelSrc,Assists_mu,Assists_p_model_over,Assists_Model%,Assists_p_imp_over,Assists_EVpct_over,Assists_EV%,Assists_p_model_over_1,Assists_Model%_1,Assists_EVpct_over_1,Assists_EV%_1,Assists_p_model_over_2,Assists_Model%_2,Assists_EVpct_over_2,Assists_EV%_2,Assists_p_model_over_3,Assists_Model%_3,Assists_EVpct_over_3,Assists_EV%_3,Assists_p_model_over_4,Assists_Model%_4,Assists_EVpct_over_4,Assists_EV%_4,Goal_Line,Goal_Odds_Over,Goal_Book,Goal_ModelSrc,Goal_mu,Goal_p_model_over,Goal_Model%,Goal_p_imp_over,Goal_EVpct_over,Goal_EV%,Goal_p_model_over_1,Goal_Model%_1,Goal_EVpct_over_1,Goal_EV%_1,Goal_p_model_over_2,Goal_Model%_2,Goal_EVpct_over_2,Goal_EV%_2,Goal_p_model_over_3,Goal_Model%_3,Goal_EVpct_over_3,Goal_EV%_3,Goal_p_model_over_4,Goal_Model%_4,Goal_EVpct_over_4,Goal_EV%_4,ATG_Line,ATG_Odds_Over,ATG_Book,ATG_ModelSrc,ATG_mu,ATG_p_model_over,ATG_Model%,ATG_p_imp_over,ATG_EVpct_over,ATG_EV%,ATG_p_model_over_1,ATG_Model%_1,ATG_EVpct_over_1,ATG_EV%_1,ATG_p_model_over_2,ATG_Model%_2,ATG_EVpct_over_2,ATG_EV%_2,ATG_p_model_over_3,ATG_Model%_3,ATG_EVpct_over_3,ATG_EV%_3,ATG_p_model_over_4,ATG_Model%_4,ATG_EVpct_over_4,ATG_EV%_4,Plays_EV_SOG,Plays_EV_Points,Plays_EV_Goal,Plays_EV_ATG,Plays_EV_Assists,Player_SOG_Share_Proxy,Outcome,Roster_Status,Roster_Check_UTC,Roster_Watch,Fired_Moves,Model_Stats_Season,Available,Move_Kit_Version,Frozen_At_UTC
2026-10-09,ANA@WPG,2026020069,7:00 PM,2026-10-10T00:00:00Z,A.J. Greer,8478421,FLA,True,"{""season"":""2026-27"",""games"":[{""d"":""2026-10-07"",""g"":0,""a"":0,""s"":1,""pp"":0,""h"":""H"",""toi"":""9:18""},{""d"":""2026-10-04"",""g"":0,""a"":0,""s"":2,""pp"":0,""h"":""H"",""toi"":""15:02""},{""d"":""2026-10-02"",""g"":0,""a"":1,""s"":4,""pp"":0,""h"":""R"",""toi"":""13:24""}]}",2026-27,ANA,L,,Healthy,Unknown,,,3.0,0.0,,19.0,12.0,2026-10-09T17:27:50+00:00,WPG,Clay Stevenson,,,50.0,Likely,dailyfaceoff_name_only,30.88,8.0,30.88,8.0,8.7,78.8,60.9,A1+A2,12.43,30.0,62.8,1.05,NONE,False,False,28.835637200147826,2.7964140233445587,94.2,94.2,11.0,2.2,True,2.0,,2.333333333333333,2.1166666666666667,67.8,1.0,0.0,7.0,0.0,1.0,1.0,1.0,1.0,1.0,1.0,7.0,7.0,LOW,0.1,-0.4,LOW,0.05,,LOW,0.025,,LOW,0.1,,LOW,0.05,,LOW,0.025,,LOW,0.7,,LOW,0.35,,LOW,0.175,,1.8519539216226644,0.6614121148652373,,,1.0,2.554356044173969,2.8408175406849194,50.0,64.7,68.1,79.7,4.16,2.14,21.17,3.16,2.14,14.17,HOT,WARM,HOT,2.02,1.02,COOL,Red,Red,Red,Red,58.0,65.0,66.0,57.0,GOAL,66.0,2.0,2.0,3.0,2.0,0.0,3.0,,Passenger,1.0,,67.8,,,0.126068376068376,9.833333333333334,0.126068376068376,0.0101432083483762,1.0,1.0,0.2440677966101695,0.2440677966101695,0.0,7.467388668875778,7.923402579501821,67.8,34.3,False,,,,🥅 D:3,,False,False,1.0,,False,0.0,,False,0.0,,1.5,-120.0,BetRivers,,,,,,,,,,1.5,-120.0,BetRivers,0.5,180.0,DraftKings,1.5,1200.0,Caesars,2.5,1550.0,BetOnline.ag,3.5,3100.0,BetOnline.ag,0.5,180.0,DraftKings,0.5,300.0,Hard Rock Bet,1.5,1900.0,Fanatics,,,,,,,0.5,300.0,Hard Rock Bet,0.5,500.0,DraftKings,,,,,,,,,,0.5,500.0,DraftKings,0.5,500.0,DraftKings,,,,,,,,,,0.5,500.0,DraftKings,The Odds API,"[""Bally Bet"", ""BetMGM"", ""BetRivers"", ""Bovada"", ""Caesars"", ""Courtside"", ""DraftKings"", ""FanDuel"", ""Fanatics"", ""Fliff"", ""Hard Rock Bet"", ""theScore Bet""]",The Odds API,"[""Bally Bet"", ""BetMGM"", ""BetRivers"", ""Bovada"", ""Caesars"", ""Courtside"", ""DraftKings"", ""FanDuel"", ""Fanatics"", ""fanatics""]",The Odds API,"[""Bally Bet"", ""BetOnline.ag"", ""BetRivers"", ""Courtside"", ""DraftKings"", ""Fanatics"", ""Hard Rock Bet"", ""ReBet"", ""draftkings"", ""theScore Bet""]",,,,,,,,,,,,,,,,,,The Odds API,"[""Bally Bet"", ""BetOnline.ag"", ""BetRivers"", ""Caesars"", ""Courtside"", ""DraftKings"", ""Fanatics"", ""Hard Rock Bet"", ""ReBet"", ""draftkings"", ""theScore Bet""]",The Odds API,"[""Bally Bet"", ""BetRivers""]",2026-10-09T17:28:13.749821+00:00,ALTLINE_NB_v1_2026-01-18,1.5,-120.0,BetRivers,exp/fallback,2.117,0.564032619370957,56.4,0.5454545454545454,3.405980218008775,3.4,0.564032619370957,56.4,3.405980218008775,3.4,,,,,,,,,,,,,0.5,180.0,DraftKings,exp/fallback,0.416,0.3218367186384604,32.2,0.3571428571428571,-9.88571878123108,-9.9,0.3218367186384604,32.2,-9.88571878123108,-9.9,0.0755763092054992,7.6,-1.7507980328509198,-1.8,0.0152149937648782,1.5,-74.89526028795093,-74.9,0.0027942761555884,0.3,-91.05831630211688,-91.1,0.5,300.0,Hard Rock Bet,exp/fallback,0.202,0.1750543020505676,17.5,0.25,-29.97827917977296,-30.0,0.1750543020505676,17.5,-29.97827917977296,-30.0,0.0237018670044409,2.4,-52.59626599111802,-52.6,,,,,,,,,0.5,500.0,DraftKings,exp/fallback,0.2656,0.2230794564351915,22.3,0.1666666666666666,33.84767386111495,33.8,0.2230794564351915,22.3,33.84767386111495,33.8,,,,,,,,,,,,,0.5,500.0,DraftKings,exp/fallback,0.2441,0.2027339908007579,20.3,0.1666666666666666,21.64039448045476,21.6,0.2027339908007579,20.3,21.64039448045476,21.6,,,,,,,,,,,,,False,False,True,True,False,8.7,,Active roster,2026-10-09T17:28:13+00:00,False,[],2025-2026,,2026-09-24-frozen-v2,2026-10-09T17:28:17.103488+00:00
2026-10-09,ANA@WPG,2026020069,7:00 PM,2026-10-10T00:00:00Z,Alex Killorn,8473986,ANA,False,"{""season"":""2026-27"",""games"":[{""d"":""2026-10-07"",""g"":0,""a"":0,""s"":2,""pp"":0,""h"":""H"",""toi"":""9:30""},{""d"":""2026-10-04"",""g"":0,""a"":0,""s"":0,""pp"":0,""h"":""H"",""toi"":""16:32""},{""d"":""2026-10-02"",""g"":1,""a"":0,""s"":2,""pp"":0,""h"":""R"",""toi"":""15:14""}]}",2026-27,ANA,L,,Healthy,Unknown,,,3.0,0.0,,19.0,12.0,2026-10-09T17:27:50+00:00,WPG,Clay Stevenson,,,50.0,Likely,dailyfaceoff_name_only,30.88,8.0,30.88,8.0,8.7,79.8,68.0,A1+A2,16.7,64.6,72.6,1.09,NONE,False,False,28.835637200147826,2.7964140233445587,94.2,94.2,11.0,2.2,True,2.0,,1.3333333333333333,1.7666666666666666,51.7,1.0,1.0,4.0,1.0,0.0,0.0,1.0,1.0,0.0,0.0,4.0,4.0,LOW,0.1,-0.4,LOW,0.05,,LOW,0.025,,LOW,0.0,,LOW,0.0,,LOW,0.0,,LOW,0.4,,LOW,0.2,,LOW,0.1,,1.3345798007801166,0.3481512523774217,,,0.0,2.554356044173969,2.8408175406849194,50.0,64.7,57.7,79.7,4.54,2.15,19.44,3.54,1.15,13.67,HOT,COOL,HOT,2.39,2.39,WARM,Red,Red,Red,Red,65.0,67.0,68.0,64.0,GOAL,68.0,2.0,3.0,2.0,3.0,0.0,3.0,B,Hybrid,8.6,,67.8,,1.0,1.4353658536585363,117.7,1.4353658536585363,0.0859249525478172,8.6,8.6,1.645284621920136,0.887000849617672,0.8920985556499575,7.467388668875778,7.923402579501821,67.8,57.0,False,,,,🥅 D:2,,False,False,1.0,,False,0.0,,False,0.0,,1.5,-114.0,BetOnline.ag,2.5,250.0,BetOnline.ag,3.5,700.0,BetOnline.ag,4.5,2000.0,BetOnline.ag,1.5,-114.0,BetOnline.ag,0.5,145.0,theScore Bet,1.5,1000.0,theScore Bet,2.5,3000.0,Fanatics,3.5,3600.0,BetOnline.ag,0.5,145.0,theScore Bet,0.5,275.0,Hard Rock Bet,1.5,1900.0,Fanatics,,,,,,,0.5,275.0,Hard Rock Bet,0.5,350.0,BetRivers,,,,,,,,,,0.5,350.0,BetRivers,0.5,350.0,BetRivers,,,,,,,,,,0.5,350.0,BetRivers,The Odds API,"[""Bally Bet"", ""BetMGM"", ""BetRivers"", ""Bovada"", ""Caesars"", ""Courtside"", ""DraftKings"", ""FanDuel"", ""Fanatics"", ""Fliff"", ""Hard Rock Bet"", ""theScore Bet""]",The Odds API,"[""Bally Bet"", ""BetMGM"", ""BetRivers"", ""Bovada"", ""Caesars"", ""Courtside"", ""DraftKings"", ""FanDuel"", ""Fanatics"", ""betrivers""]",The Odds API,"[""Bally Bet"", ""BetMGM"", ""BetOnline.ag"", ""BetRivers"", ""Bovada"", ""Courtside"", ""DraftKings"", ""Fanatics"", ""Fliff"", ""Hard Rock Bet"", ""ReBet"", ""betmgm"", ""theScore Bet""]",,,,,,,,,,,,,,,,,,The Odds API,"[""Bally Bet"", ""BetMGM"", ""BetOnline.ag"", ""BetRivers"", ""Caesars"", ""Courtside"", ""DraftKings"", ""Fanatics"", ""Fliff"", ""Hard Rock Bet"", ""ReBet"", ""betmgm"", ""theScore Bet""]",The Odds API,"[""Bally Bet"", ""BetMGM"", ""BetOnline.ag"", ""BetRivers"", ""Bovada"", ""Courtside"", ""DraftKings"", ""Fanatics"", ""Fliff"", ""Hard Rock Bet"", ""ReBet"", ""theScore Bet""]",2026-10-09T17:28:13.749821+00:00,ALTLINE_NB_v1_2026-01-18,1.5,-114.0,BetOnline.ag,exp/fallback,1.944,0.5266307171708831,52.7,0.5327102803738317,-1.1412513380973932,-1.1,0.5266307171708831,52.7,-1.1412513380973932,-1.1,0.3072695834660105,30.7,7.544354213103677,7.5,0.1637843735325407,16.4,31.027498826032584,31.0,0.0816617819790979,8.2,71.48974215610559,71.5,0.5,145.0,theScore Bet,exp/fallback,0.454,0.3438373065322352,34.4,0.4081632653061224,-15.759859899602374,-15.8,0.3438373065322352,34.4,-15.759859899602374,-15.8,0.0867850476364155,8.7,-4.53644759994285,-4.5,0.0188122590104564,1.9,-41.68199706758495,-41.7,0.0037228356315295,0.4,-86.22550816334073,-86.2,0.5,275.0,Hard Rock Bet,exp/fallback,0.239,0.2020938652787357,20.2,0.2666666666666666,-24.2148005204741,-24.2,0.2020938652787357,20.2,-24.2148005204741,-24.2,0.0317503492462369,3.2,-36.49930150752603,-36.5,,,,,,,,,0.5,350.0,BetRivers,exp/fallback,0.2261,0.1946297837195736,19.5,0.2222222222222222,-12.41659732619187,-12.4,0.1946297837195736,19.5,-12.41659732619187,-12.4,,,,,,,,,,,,,0.5,350.0,BetRivers,exp/fallback,0.2080375,0.1772670109618055,17.7,0.2222222222222222,-20.22984506718751,-20.2,0.1772670109618055,17.7,-20.22984506718751,-20.2,,,,,,,,,,,,,False,False,False,False,False,8.7,,Active roster,2026-10-09T17:28:13+00:00,False,[],2025-2026,,2026-09-24-frozen-v2,2026-10-09T17:28:17.103488+00:00
2026-10-09,ANA@WPG,2026020069,7:00 PM,2026-10-10T00:00:00Z,Beckett Sennecke,8484762,ANA,False,"{""season"":""2026-27"",""games"":[{""d"":""2026-10-07"",""g"":2,""a"":0,""s"":7,""pp"":2,""h"":""H"",""toi"":""24:58""},{""d"":""2026-10-04"",""g"":0,""a"":1,""s"":3,""pp"":1,""h"":""H"",""toi"":""21:44""},{""d"":""2026-10-02"",""g"":1,""a"":0,""s"":1,""pp"":0,""h"":""R"",""toi"":""18:04""}]}",2026-27,ANA,R,⭐ STAR,Healthy,Unknown,,,3.0,1.0,🟢 ROLE+,19.0,12.0,2026-10-09T17:27:50+00:00,WPG,Clay Stevenson,,,50.0,Likely,dailyfaceoff_name_only,30.88,8.0,30.88,8.0,13.0,96.1,91.3,A1+A2,17.45,70.8,89.3,1.19,STAR,False,True,28.835637200147826,2.7964140233445587,94.2,94.2,11.0,2.2,True,3.0,,3.6666666666666665,3.2333333333333334,94.8,4.0,3.0,11.0,3.0,1.0,1.0,4.0,4.0,1.0,1.0,11.0,11.0,LOW,0.4,-0.1,LOW,0.2,,LOW,0.1,,LOW,0.1,,LOW,0.05,,LOW,0.025,,LOW,1.1,,LOW,0.55,,LOW,0.275,,1.997751817754948,0.5634684614180623,,,1.0,2.554356044173969,2.8408175406849194,50.0,64.7,70.2,79.7,10.55,4.63,35.56,5.59,1.21,21.33,HOT,COOL,HOT,5.92,4.38,HOT,Green,Yellow,Green,Green,83.0,85.0,89.0,82.0,GOAL,89.0,0.0,1.0,0.0,0.0,3.0,0.0,A,Distributor,12.9,,67.8,,2.0,2.254065040650407,184.83333333333331,2.254065040650407,0.129208901316556,12.9,12.9,4.932551848512173,2.035347159603246,3.408476104598737,7.467388668875778,7.923402579501821,67.8,77.2,False,,,,🥅 D:0,,False,False,1.0,,False,0.0,,False,0.0,,1.5,-333.0,BetOnline.ag,2.5,-115.0,Hard Rock Bet,3.5,198.0,FanDuel,4.5,450.0,FanDuel,2.5,-115.0,Hard Rock Bet,0.5,-135.0,theScore Bet,1.5,375.0,theScore Bet,2.5,1200.0,Fanatics,3.5,2400.0,BetOnline.ag,0.5,-135.0,theScore Bet,0.5,165.0,Hard Rock Bet,1.5,900.0,Fanatics,2.5,4000.0,Fanatics,,,,0.5,165.0,Hard Rock Bet,0.5,195.0,BetRivers,,,,,,,,,,0.5,195.0,BetRivers,0.5,195.0,BetRivers,,,,,,,,,,0.5,195.0,BetRivers,The Odds API,"[""Bally Bet"", ""BetMGM"", ""BetRivers"", ""Bovada"", ""Caesars"", ""Courtside"", ""DraftKings"", ""FanDuel"", ""Fanatics"", ""Fliff"", ""Hard Rock Bet"", ""fanduel"", ""theScore Bet""]",The Odds API,"[""Bally Bet"", ""BetMGM"", ""BetRivers"", ""Bovada"", ""Caesars"", ""Courtside"", ""DraftKings"", ""FanDuel"", ""Fanatics"", ""betrivers""]",The Odds API,"[""Bally Bet"", ""BetMGM"", ""BetOnline.ag"", ""BetRivers"", ""Bovada"", ""Courtside"", ""DraftKings"", ""FanDuel"", ""Fanatics"", ""Fliff"", ""Hard Rock Bet"", ""ReBet"", ""draftkings"", ""theScore Bet""]",0.5,225.0,Hard Rock Bet,1.5,1200.0,Bovada,,,,,,,0.5,225.0,Hard Rock Bet,The Odds API,"[""Bally Bet"", ""BetMGM"", ""BetRivers"", ""Bovada"", ""Fliff"", ""Hard Rock Bet"", ""theScore Bet""]",The Odds API,"[""Bally Bet"", ""BetMGM"", ""BetOnline.ag"", ""BetRivers"", ""Caesars"", ""Courtside"", ""DraftKings"", ""FanDuel"", ""Fanatics"", ""Fliff"", ""Hard Rock Bet"", ""ReBet"", ""betmgm"", ""theScore Bet""]",The Odds API,"[""Bally Bet"", ""BetMGM"", ""BetOnline.ag"", ""BetRivers"", ""Bovada"", ""Courtside"", ""DraftKings"", ""FanDuel"", ""Fanatics"", ""Fliff"", ""Hard Rock Bet"", ""ReBet"", ""fanduel"", ""theScore Bet""]",2026-10-09T17:28:13.749821+00:00,ALTLINE_NB_v1_2026-01-18,2.5,-115.0,Hard Rock Bet,exp/fallback,3.556,0.5996750498881467,60.0,0.5348837209302325,12.113161500827418,12.1,0.773619979724065,77.4,0.5938291953514002,0.6,0.5996750498881467,60.0,12.113161500827418,12.1,0.4359513414454453,43.6,29.913499750742712,29.9,0.3011111300056716,30.1,65.61112150311938,65.6,0.5,-135.0,theScore Bet,exp/fallback,1.0550000000000002,0.5925734871346494,59.3,0.574468085106383,3.151681093809339,3.2,0.5925734871346494,59.3,3.151681093809339,3.2,0.2786534790477808,27.9,32.36040254769588,32.4,0.1153887094594212,11.5,50.00532229724763,50.0,0.0441050713955851,4.4,10.262678488962928,10.3,0.5,165.0,Hard Rock Bet,exp/fallback,0.592,0.4046258192348728,40.5,0.3773584905660377,7.225842097241298,7.2,0.4046258192348728,40.5,7.225842097241298,7.2,0.132664773700185,13.3,32.66477370018502,32.7,0.0394929340262641,3.9,61.92102950768319,61.9,,,,,0.5,195.0,BetRivers,exp/fallback,0.3651999999999999,0.2888476238619042,28.9,0.3389830508474576,-14.789950960738263,-14.8,0.2888476238619042,28.9,-14.789950960738263,-14.8,,,,,,,,,,,,,0.5,195.0,BetRivers,exp/fallback,0.40595,0.3025130558377331,30.3,0.3389830508474576,-10.758648527868733,-10.8,0.3025130558377331,30.3,-10.758648527868733,-10.8,,,,,,,,,,,,,True,False,False,False,False,13.0,,Active roster,2026-10-09T17:28:13+00:00,False,"[{""market"":""Points"",""name"":""Hammer Fists"",""kind"":""FLOOR"",""rule"":""Conf_Points >= 80"",""icon"":""PTS05_HAMMER_FISTS.svg"",""kit_version"":""2026-09-24-frozen-v2""},{""market"":""Assists"",""name"":""Staff (Green Stance)"",""kind"":""STANCE"",""rule"":""Green + Assists 0.5"",""icon"":""staff.svg"",""kit_version"":""2026-09-24-frozen-v2""}]",2025-2026,,2026-09-24-frozen-v2,2026-10-09T17:28:17.103488+00:00
2026-10-09,ANA@WPG,2026020069,7:00 PM,2026-10-10T00:00:00Z,Cutter Gauthier,8483445,ANA,False,"{""season"":""2026-27"",""games"":[{""d"":""2026-10-07"",""g"":0,""a"":0,""s"":7,""pp"":0,""h"":""H"",""toi"":""24:10""},{""d"":""2026-10-04"",""g"":2,""a"":1,""s"":4,""pp"":3,""h"":""H"",""toi"":""20:50""},{""d"":""2026-10-02"",""g"":0,""a"":1,""s"":5,""pp"":0,""h"":""R"",""toi"":""17:51""}]}",2026-27,ANA,L,⭐ STAR,Healthy,Unknown,,,3.0,0.0,,19.0,12.0,2026-10-09T17:27:50+00:00,WPG,Clay Stevenson,,,50.0,Likely,dailyfaceoff_name_only,30.88,8.0,30.88,8.0,21.7,96.7,83.1,A1+A2,17.25,69.6,86.5,1.18,STAR,False,True,28.835637200147826,2.7964140233445587,94.2,94.2,11.0,2.2,True,5.0,,5.333333333333333,5.116666666666666,98.9,4.0,2.0,16.0,2.0,2.0,2.0,4.0,4.0,2.0,2.0,16.0,16.0,LOW,0.4,-0.1,LOW,0.2,,LOW,0.1,,LOW,0.2,,LOW,0.1,,LOW,0.05,,LOW,1.6,,LOW,0.8,,LOW,0.4,,2.407633961340837,0.5872277954489846,,,2.0,2.554356044173969,2.8408175406849194,50.0,64.7,73.7,79.7,9.88,6.25,69.08,4.98,2.63,35.17,HOT,HOT,HOT,4.78,2.35,WARM,Yellow,Green,Green,Yellow,77.0,84.0,86.0,75.0,GOAL,86.0,1.0,1.0,1.0,0.0,3.0,1.0,A,Hybrid,15.4,,67.8,,2.0,2.6530701754385966,201.63333333333333,2.6530701754385966,0.1537757553417309,15.4,15.4,3.7025128120350472,2.121673003802281,1.8598115390973715,7.467388668875778,7.923402579501821,67.8,73.4,False,,,,🥅 D:1,🥅 GOAL EARNED,False,True,3.0,"iXG,SOG,REG",False,0.0,,False,0.0,,1.5,-900.0,DraftKings,2.5,-280.0,DraftKings,3.5,-116.0,BetOnline.ag,4.5,185.0,FanDuel,3.5,-116.0,BetOnline.ag,0.5,-160.0,theScore Bet,1.5,260.0,DraftKings,2.5,1000.0,DraftKings,3.5,3000.0,Fanatics,0.5,-160.0,theScore Bet,0.5,175.0,Hard Rock Bet,1.5,1100.0,DraftKings,2.5,4000.0,Fanatics,,,,0.5,175.0,Hard Rock Bet,0.5,130.0,Caesars,,,,,,,,,,0.5,130.0,Caesars,0.5,130.0,Caesars,,,,,,,,,,0.5,130.0,Caesars,The Odds API,"[""Bally Bet"", ""BetMGM"", ""BetRivers"", ""Bovada"", ""Caesars"", ""Courtside"", ""DraftKings"", ""FanDuel"", ""Fanatics"", ""Fliff"", ""Hard Rock Bet"", ""fanduel"", ""theScore Bet""]",The Odds API,"[""Bally Bet"", ""BetMGM"", ""BetRivers"", ""Bovada"", ""Caesars"", ""Courtside"", ""DraftKings"", ""FanDuel"", ""Fanatics"", ""caesars""]",The Odds API,"[""Bally Bet"", ""BetMGM"", ""BetOnline.ag"", ""BetRivers"", ""Bovada"", ""Courtside"", ""DraftKings"", ""FanDuel"", ""Fanatics"", ""Fliff"", ""Hard Rock Bet"", ""ReBet"", ""draftkings"", ""theScore Bet""]",0.5,180.0,BetRivers,1.5,900.0,Bovada,,,,,,,0.5,180.0,BetRivers,The Odds API,"[""Bally Bet"", ""BetRivers"", ""Bovada"", ""Fliff"", ""Hard Rock Bet"", ""theScore Bet""]",The Odds API,"[""Bally Bet"", ""BetMGM"", ""BetOnline.ag"", ""BetRivers"", ""Caesars"", ""Courtside"", ""DraftKings"", ""FanDuel"", ""Fanatics"", ""Fliff"", ""Hard Rock Bet"", ""ReBet"", ""betmgm"", ""theScore Bet""]",The Odds API,"[""Bally Bet"", ""BetMGM"", ""BetOnline.ag"", ""BetRivers"", ""Bovada"", ""Courtside"", ""DraftKings"", ""FanDuel"", ""Fanatics"", ""Fliff"", ""Hard Rock Bet"", ""ReBet"", ""fanduel"", ""theScore Bet""]",2026-10-09T17:28:13.749821+00:00,ALTLINE_NB_v1_2026-01-18,3.5,-116.0,BetOnline.ag,exp/fallback,6.908,0.7717315854559407,77.2,0.5370370370370371,43.7017434986924,43.7,0.936111009012108,93.6,4.012334334678651,4.0,0.8635883285335982,86.4,17.20127315813119,17.2,0.7717315854559407,77.2,43.7017434986924,43.7,0.6699295899420241,67.0,90.92993313347688,90.9,0.5,-160.0,theScore Bet,exp/fallback,0.988,0.5719601361581726,57.2,0.6153846153846154,-7.056477874296946,-7.1,0.5719601361581726,57.2,-7.056477874296946,-7.1,0.2577207354480186,25.8,-7.220535238713277,-7.2,0.1020020132503654,10.2,12.202214575401936,12.2,0.0372214203432523,3.7,15.386403064082366,15.4,0.5,175.0,Hard Rock Bet,exp/fallback,0.478,0.3485855512366779,34.9,0.3636363636363636,-4.138973409913582,-4.1,0.3485855512366779,34.9,-4.138973409913582,-4.1,0.097273116604823,9.7,16.727739925787688,16.7,0.0245568068263566,2.5,0.6829079880622091,0.7,,,,,0.5,130.0,Caesars,exp/fallback,0.43,0.3275175253778015,32.8,0.4347826086956521,-24.67096916310564,-24.7,0.3275175253778015,32.8,-24.67096916310564,-24.7,,,,,,,,,,,,,0.5,130.0,Caesars,exp/fallback,0.51125,0.3568706882334257,35.7,0.4347826086956521,-17.919741706312088,-17.9,0.3568706882334257,35.7,-17.919741706312088,-17.9,,,,,,,,,,,,,True,False,False,False,False,21.7,,Active roster,2026-10-09T17:28:13+00:00,False,"[{""market"":""SOG"",""name"":""Sniper Stance"",""kind"":""STANCE"",""rule"":""Green + SOG 3.5 + Conf_SOG >= 75"",""icon"":""sog_class_shooter.svg"",""kit_version"":""2026-09-24-frozen-v2""},{""market"":""SOG"",""name"":""Strong"",""kind"":""FLOOR"",""rule"":""PPP10_total >= 3 + opp_5v5_HDCA60 >= 2.36"",""icon"":""sog_berserkers_rage.svg"",""kit_version"":""2026-09-24-frozen-v2""}]",2025-2026,,2026-09-24-frozen-v2,2026-10-09T17:28:17.103488+00:00
2026-10-09,ANA@WPG,2026020069,7:00 PM,2026-10-10T00:00:00Z,Frank Vatrano,8478366,ANA,False,,2026-27,ANA,R,,Healthy,Unknown,,,3.0,0.0,,19.0,12.0,2026-10-09T17:27:50+00:00,WPG,Clay Stevenson,,,50.0,Likely,dailyfaceoff_name_only,30.88,8.0,30.88,8.0,,65.7,31.9,A1+A2,11.82,23.5,45.4,0.98,NONE,False,False,28.835637200147826,2.7964140233445587,94.2,94.2,11.0,2.2,True,,,,,50.0,,,,,,,,,,,,,,,,,,,,,,,,,,,,,,,,,,,,,,,,0.8307783602017604,0.2373652457719315,,,0.0,2.554356044173969,2.8408175406849194,50.0,64.7,43.8,79.7,2.7,1.92,,,,,COOL,COOL,COOL,0.79,,COOL,Red,Red,Red,Red,38.0,54.0,58.0,36.0,GOAL,58.0,,,,,,,C,Passenger,6.3,,67.8,,0.0,0.7463333333333334,37.31666666666667,0.7463333333333334,0.0631291059294555,6.3,6.3,3.3242518981688245,2.299240732469852,1.2058954890576148,7.467388668875778,7.923402579501821,67.8,55.4,False,,,,,,False,False,0.0,,False,0.0,,False,0.0,,,,,,,,,,,,,,,,,,,,,,,,,,,,,,,,,,,,,,,,,,,,,,,,,,,,,,,,,,,,,,,,,,,,,,,,,,,,,,,,,,,,,,,,,,,,,,,,,,,,,,,,2026-10-09T17:28:13.749821+00:00,ALTLINE_NB_v1_2026-01-18,,,,league_avg,2.3,,,,,,,,,,,,,,,,,,,,,,,,,exp/fallback,0.27,,,,,,,,,,,,,,,,,,,,,,,,,exp/fallback,0.079,,,,,,,,,,,,,,,,,,,,,,,,,exp/fallback,0.2568,,,,,,,,,,,,,,,,,,,,,,,,,exp/fallback,0.2298,,,,,,,,,,,,,,,,,,,,,,False,False,False,False,False,,,Active roster,2026-10-09T17:28:13+00:00,False,[],2025-2026,,2026-09-24-frozen-v2,2026-10-09T17:28:17.103488+00:00
2026-10-09,ANA@WPG,2026020069,7:00 PM,2026-10-10T00:00:00Z,Jackson LaCombe,8481605,ANA,False,"{""season"":""2026-27"",""games"":[{""d"":""2026-10-07"",""g"":0,""a"":1,""s"":0,""pp"":1,""h"":""H"",""toi"":""29:18""},{""d"":""2026-10-04"",""g"":0,""a"":1,""s"":0,""pp"":1,""h"":""H"",""toi"":""28:41""},{""d"":""2026-10-02"",""g"":0,""a"":1,""s"":2,""pp"":0,""h"":""R"",""toi"":""29:37""}]}",2026-27,ANA,D,,Healthy,Unknown,,,3.0,1.0,🟢 ROLE+,19.0,12.0,2026-10-09T17:27:50+00:00,WPG,Clay Stevenson,,,50.0,Likely,dailyfaceoff_name_only,30.88,8.0,30.88,8.0,0.0,74.3,96.1,A1+A2,24.25,98.1,86.7,1.15,NONE,False,False,28.835637200147826,2.7964140233445587,94.2,94.2,11.0,2.2,True,0.0,,0.6666666666666666,0.2333333333333333,10.3,3.0,0.0,2.0,0.0,3.0,3.0,3.0,3.0,3.0,3.0,2.0,2.0,LOW,0.3,-0.2,LOW,0.15,,LOW,0.075,,LOW,0.3,,LOW,0.15,,LOW,0.075,,LOW,0.2,,LOW,0.1,,LOW,0.05,,1.1543309524336038,0.5572632184162225,,,3.0,2.554356044173969,2.8408175406849194,50.0,64.7,52.3,79.7,9.5,2.12,2.56,5.64,1.93,0.33,HOT,WARM,COOL,7.38,3.71,HOT,Green,Red,Red,Yellow,86.0,58.0,60.0,82.0,POINTS,86.0,0.0,0.0,3.0,2.0,2.0,0.0,A,Distributor,12.7,,67.8,,2.0,3.078658536585366,252.45,3.078658536585366,0.1269656328583403,12.7,12.7,2.768270944741533,0.5965537730243613,2.5549613784907903,7.467388668875778,7.923402579501821,67.8,72.6,False,,,,🅿️ D:0,,False,False,1.0,,False,0.0,,False,0.0,,1.5,-130.0,Fanatics,2.5,230.0,Fanatics,3.5,600.0,DraftKings,4.5,1600.0,DraftKings,1.5,-130.0,Fanatics,0.5,-130.0,Fanatics,1.5,375.0,theScore Bet,2.5,1500.0,Fanatics,3.5,3100.0,BetOnline.ag,0.5,-130.0,Fanatics,0.5,102.0,FanDuel,1.5,525.0,Fanatics,2.5,2200.0,Fanatics,,,,0.5,102.0,FanDuel,0.5,500.0,theScore Bet,,,,,,,,,,0.5,500.0,theScore Bet,0.5,500.0,Fanatics,,,,,,,,,,0.5,500.0,Fanatics,The Odds API,"[""Bally Bet"", ""BetMGM"", ""BetRivers"", ""Bovada"", ""Caesars"", ""Courtside"", ""DraftKings"", ""FanDuel"", ""Fanatics"", ""Fliff"", ""Hard Rock Bet"", ""theScore Bet""]",The Odds API,"[""Bally Bet"", ""BetMGM"", ""BetRivers"", ""Bovada"", ""Caesars"", ""Courtside"", ""DraftKings"", ""FanDuel"", ""Fanatics"", ""fanatics""]",The Odds API,"[""Bally Bet"", ""BetMGM"", ""BetOnline.ag"", ""BetRivers"", ""Bovada"", ""Courtside"", ""DraftKings"", ""FanDuel"", ""Fanatics"", ""Fliff"", ""Hard Rock Bet"", ""ReBet"", ""draftkings"", ""theScore Bet""]",0.5,225.0,BetRivers,1.5,1100.0,Bovada,,,,,,,0.5,225.0,BetRivers,The Odds API,"[""Bally Bet"", ""BetRivers"", ""Bovada"", ""Fliff"", ""Hard Rock Bet"", ""theScore Bet""]",The Odds API,"[""Bally Bet"", ""BetMGM"", ""BetOnline.ag"", ""BetRivers"", ""Caesars"", ""Courtside"", ""DraftKings"", ""FanDuel"", ""Fanatics"", ""Fliff"", ""Hard Rock Bet"", ""ReBet"", ""draftkings"", ""theScore Bet""]",The Odds API,"[""Bally Bet"", ""BetMGM"", ""BetOnline.ag"", ""BetRivers"", ""Bovada"", ""Courtside"", ""DraftKings"", ""FanDuel"", ""Fanatics"", ""Fliff"", ""Hard Rock Bet"", ""ReBet"", ""theScore Bet""]",2026-10-09T17:28:13.749821+00:00,ALTLINE_NB_v1_2026-01-18,1.5,-130.0,Fanatics,exp/fallback,0.256,0.0320213212172196,3.2,0.5652173913043478,-94.33468932310728,-94.3,0.0320213212172196,3.2,-94.33468932310728,-94.3,0.0037913665842289,0.4,-98.74884902720444,-98.7,0.0003952818163504,0.0,-99.72330272855471,-99.7,3.779920920532476e-05,0.0,-99.93574134435094,-99.9,0.5,-130.0,Fanatics,exp/fallback,0.95,0.5596399124122431,56.0,0.5652173913043478,-0.9867847270646825,-1.0,0.5596399124122431,56.0,-0.9867847270646825,-1.0,0.2456871295166566,24.6,16.701386520411887,16.7,0.094601034183227,9.5,51.36165469316332,51.4,0.0335618737170635,3.4,7.397995894603326,7.4,0.5,102.0,FanDuel,exp/fallback,0.738,0.4664279109425496,46.6,0.495049504950495,-5.781561989604972,-5.8,0.4664279109425496,46.6,-5.781561989604972,-5.8,0.1787900718451074,17.9,11.74379490319214,11.7,0.0624952990617369,6.2,43.73918784199486,43.7,,,,,0.5,500.0,theScore Bet,exp/fallback,0.1986,0.1739549527706811,17.4,0.1666666666666666,4.372971662408709,4.4,0.1739549527706811,17.4,4.372971662408709,4.4,,,,,,,,,,,,,0.5,500.0,Fanatics,exp/fallback,0.1821,0.1581086436599791,15.8,0.1666666666666666,-5.134813804012528,-5.1,0.1581086436599791,15.8,-5.134813804012528,-5.1,,,,,,,,,,,,,False,False,False,False,False,0.0,,Active roster,2026-10-09T17:28:13+00:00,False,"[{""market"":""Points"",""name"":""Hammer Fists"",""kind"":""FLOOR"",""rule"":""Conf_Points >= 80"",""icon"":""PTS05_HAMMER_FISTS.svg"",""kit_version"":""2026-09-24-frozen-v2""},{""market"":""Points"",""name"":""Echo Stomp II"",""kind"":""TIER"",""rule"":""Conf_Points >= 80 + TOI_per_game >= 19.18"",""icon"":""PTS05_HAMMER_STOMP.svg"",""kit_version"":""2026-09-24-frozen-v2""},{""market"":""Points"",""name"":""Blood Stomp"",""kind"":""CRIT"",""rule"":""Conf_Points >= 83 + TOI_per_game >= 19.18 + Opp_PK_xGA60 >= 7.784"",""icon"":""PTS05_BLEED_ENV.svg"",""kit_version"":""2026-09-24-frozen-v2""}]",2025-2026,,2026-09-24-frozen-v2,2026-10-09T17:28:17.103488+00:00
2026-10-09,ANA@WPG,2026020069,7:00 PM,2026-10-10T00:00:00Z,Jeff Malott,8482408,LAK,True,,2026-27,ANA,L,,Healthy,Unknown,,,3.0,0.0,,19.0,12.0,2026-10-09T17:27:50+00:00,WPG,Clay Stevenson,,,50.0,Likely,dailyfaceoff_name_only,30.88,8.0,30.88,8.0,,63.6,37.3,A1+A2,8.82,5.0,42.7,0.97,NONE,False,False,28.835637200147826,2.7964140233445587,94.2,94.2,11.0,2.2,True,,,,,50.0,,,,,,,,,,,,,,,,,,,,,,,,,,,,,,,,,,,,,,,,1.068390160258524,0.5935500890325134,,,0.0,2.554356044173969,2.8408175406849194,50.0,64.7,50.4,79.7,2.53,1.52,,,,,COOL,COOL,COOL,1.0,,COOL,Red,Red,Red,Red,40.0,51.0,56.0,38.0,GOAL,56.0,,,,,,,,Passenger,0.1,,67.8,,,0.0054597701149425,0.3166666666666666,0.0054597701149425,0.0006190941674812,0.1,0.1,0.0,0.0,0.0,7.467388668875778,7.923402579501821,67.8,23.6,False,,,,,,False,False,0.0,,False,0.0,,False,0.0,,,,,,,,,,,,,,,,,,,,,,,,,,,,,,,,,,,,,,,,,,,,,,,0.5,1000.0,Fanatics,,,,,,,,,,0.5,1000.0,Fanatics,0.5,1000.0,Fanatics,,,,,,,,,,0.5,1000.0,Fanatics,The Odds API,"[""Bally Bet"", ""BetMGM"", ""BetRivers"", ""Bovada"", ""Caesars"", ""Courtside"", ""DraftKings"", ""FanDuel"", ""Fanatics"", ""Fliff"", ""Hard Rock Bet"", ""theScore Bet""]",The Odds API,"[""Bally Bet"", ""BetMGM"", ""BetRivers"", ""Bovada"", ""Caesars"", ""Courtside"", ""DraftKings"", ""FanDuel"", ""Fanatics"", ""fanatics""]",,,,,,,,,,,,,,,,,,,,,,,,2026-10-09T17:28:13.749821+00:00,ALTLINE_NB_v1_2026-01-18,,,,league_avg,2.3,,,,,,,,,,,,,,,,,,,,,,,,,exp/fallback,0.253,,,,,,,,,,,,,,,,,,,,,,,,,exp/fallback,0.1,,,,,,,,,,,,,,,,,,,,,,0.5,1000.0,Fanatics,exp/fallback,0.2408,0.2053851854843326,20.5,0.0909090909090909,125.92370403276584,125.9,0.2053851854843326,20.5,125.92370403276584,125.9,,,,,,,,,,,,,0.5,1000.0,Fanatics,exp/fallback,0.2037999999999999,0.1741864762878276,17.4,0.0909090909090909,91.60512391661044,91.6,0.1741864762878276,17.4,91.60512391661044,91.6,,,,,,,,,,,,,False,False,True,True,False,,,Active roster,2026-10-09T17:28:13+00:00,False,[],2025-2026,,2026-09-24-frozen-v2,2026-10-09T17:28:17.103488+00:00
2026-10-09,ANA@WPG,2026020069,7:00 PM,2026-10-10T00:00:00Z,Judd Caulfield,8481538,,,,,ANA,R,,Unknown,,,,,,,,,,,,,,,,,,,,,,,,,,,,,,,,,,,,,,,,,,,,,,,,,,,,,,,,,,,,,,,,,,,,,,,,,,,,,,,,,,,,,,,,,,,,,,,,,,,,,,,,,,,,,,,,,,,,,,,,,,,,,,,,,,,,,,,,,,,,,,,,,,,,,,,,,,,,,,,,,,,,,,,,,,,,,,,,,,,,,,,,,,,,,,,,,,,,,,,,,,,,,,,,,,,,,,,,,,,,,,,,,,,,,,,,,,,,,,,,,,,,,,,,,,,,,,,,,,,,,,,,,,,,,,,,,,,,,,,,,,,,,,,,,,,,,,,,,,,,,,,,,,,,,,,,,,,,,,,,,,,,,,,,,,,,,,,,,,,,0.5,1300.0,fanduel,,,,,,,,,,,,,,,,,,,,,,,,,,,,,,,,,,,,,,,,,,,,,,,,,,,,,,,,,Active roster,2026-10-09T17:28:13+00:00,True,[],Unavailable,True,2026-09-24-frozen-v2,2026-10-09T17:28:17.103488+00:00
2026-10-09,ANA@WPG,2026020069,7:00 PM,2026-10-10T00:00:00Z,Leo Carlsson,8484153,ANA,False,"{""season"":""2026-27"",""games"":[{""d"":""2026-10-07"",""g"":0,""a"":2,""s"":0,""pp"":2,""h"":""H"",""toi"":""23:36""},{""d"":""2026-10-04"",""g"":0,""a"":3,""s"":0,""pp"":3,""h"":""H"",""toi"":""20:26""},{""d"":""2026-10-02"",""g"":1,""a"":1,""s"":1,""pp"":0,""h"":""R"",""toi"":""17:43""}]}",2026-27,ANA,C,,Healthy,Unknown,,,3.0,1.0,🟢 ROLE+,19.0,12.0,2026-10-09T17:27:50+00:00,WPG,Clay Stevenson,,,50.0,Likely,dailyfaceoff_name_only,30.88,8.0,30.88,8.0,0.0,90.2,92.1,A1+A2,19.15,82.7,89.4,1.16,NONE,False,False,28.835637200147826,2.7964140233445587,94.2,94.2,11.0,2.2,True,0.0,,0.3333333333333333,0.1166666666666666,2.3,7.0,1.0,1.0,1.0,6.0,6.0,7.0,7.0,6.0,6.0,1.0,1.0,OK,0.7,0.2,LOW,0.35,,LOW,0.175,,GOOD,0.6,,LOW,0.3,,LOW,0.15,,LOW,0.1,,LOW,0.05,,LOW,0.025,,2.023333049476284,0.5518181044026228,,,6.0,2.554356044173969,2.8408175406849194,50.0,64.7,70.6,79.7,10.99,4.08,1.29,2.99,2.71,0.17,HOT,HOT,COOL,6.91,0.28,COOL,Green,Red,Red,Green,81.0,66.0,70.0,80.0,POINTS,81.0,0.0,0.0,2.0,3.0,5.0,0.0,A,Distributor,16.8,,67.8,,2.0,3.2214285714285715,225.5,3.2214285714285715,0.1682187216371797,16.8,16.8,3.868070953436807,1.436807095343681,2.860310421286031,7.467388668875778,7.923402579501821,67.8,81.7,False,,,,🅿️ D:0,,False,False,1.0,,False,0.0,,False,0.0,,1.5,-278.0,BetOnline.ag,2.5,110.0,theScore Bet,3.5,260.0,theScore Bet,4.5,575.0,Fanatics,2.5,110.0,theScore Bet,0.5,-160.0,BetMGM,1.5,260.0,DraftKings,2.5,950.0,DraftKings,3.5,3500.0,Fanatics,0.5,-160.0,BetMGM,0.5,130.0,Hard Rock Bet,1.5,650.0,DraftKings,2.5,2800.0,Fanatics,,,,0.5,130.0,Hard Rock Bet,0.5,180.0,FanDuel,,,,,,,,,,0.5,180.0,FanDuel,0.5,180.0,FanDuel,,,,,,,,,,0.5,180.0,FanDuel,The Odds API,"[""Bally Bet"", ""BetMGM"", ""BetRivers"", ""Bovada"", ""Caesars"", ""Courtside"", ""DraftKings"", ""FanDuel"", ""Fanatics"", ""Fliff"", ""Hard Rock Bet"", ""fanduel"", ""theScore Bet""]",The Odds API,"[""Bally Bet"", ""BetMGM"", ""BetRivers"", ""Bovada"", ""Caesars"", ""Courtside"", ""DraftKings"", ""FanDuel"", ""Fanatics"", ""betrivers""]",The Odds API,"[""Bally Bet"", ""BetMGM"", ""BetOnline.ag"", ""BetRivers"", ""Bovada"", ""Courtside"", ""DraftKings"", ""FanDuel"", ""Fanatics"", ""Fliff"", ""Hard Rock Bet"", ""ReBet"", ""betmgm"", ""theScore Bet""]",0.5,220.0,BetRivers,1.5,1100.0,Bovada,,,,,,,0.5,220.0,BetRivers,The Odds API,"[""Bally Bet"", ""BetRivers"", ""Bovada"", ""Fliff"", ""Hard Rock Bet"", ""theScore Bet""]",The Odds API,"[""Bally Bet"", ""BetMGM"", ""BetOnline.ag"", ""BetRivers"", ""Caesars"", ""Courtside"", ""DraftKings"", ""FanDuel"", ""Fanatics"", ""Fliff"", ""Hard Rock Bet"", ""ReBet"", ""betmgm"", ""theScore Bet""]",The Odds API,"[""Bally Bet"", ""BetMGM"", ""BetOnline.ag"", ""BetRivers"", ""Bovada"", ""Courtside"", ""DraftKings"", ""FanDuel"", ""Fanatics"", ""Fliff"", ""Hard Rock Bet"", ""ReBet"", ""fanduel"", ""theScore Bet""]",2026-10-09T17:28:13.749821+00:00,ALTLINE_NB_v1_2026-01-18,2.5,110.0,theScore Bet,exp/fallback,0.129,0.0005680967084262,0.1,0.4761904761904761,-99.88069969123048,-99.9,0.0091651592999618,0.9,-98.75380208079656,-98.8,0.0005680967084262,0.1,-99.88069969123048,-99.9,3.09104287904427e-05,0.0,-99.98887224563543,-100.0,1.5401690113270303e-06,0.0,-99.99896038591736,-100.0,0.5,-160.0,BetMGM,exp/fallback,1.099,0.6053869895240347,60.5,0.6153846153846154,-1.6246142023443657,-1.6,0.6053869895240347,60.5,-1.6246142023443657,-1.6,0.2921817040633867,29.2,5.185413462819222,5.2,0.1243822522980704,12.4,30.60136491297396,30.6,0.0489119852671383,4.9,76.08314696169808,76.1,0.5,130.0,Hard Rock Bet,exp/fallback,0.6910000000000001,0.4476268045169214,44.8,0.4347826086956521,2.9541650388919205,3.0,0.4476268045169214,44.8,2.9541650388919205,3.0,0.1639479653650764,16.4,22.96097402380728,23.0,0.0546825930942151,5.5,58.57951997322406,58.6,,,,,0.5,180.0,FanDuel,exp/fallback,0.2574,0.2172905206877463,21.7,0.3571428571428571,-39.15865420743102,-39.2,0.2172905206877463,21.7,-39.15865420743102,-39.2,,,,,,,,,,,,,0.5,180.0,FanDuel,exp/fallback,0.27765,0.225279926886824,22.5,0.3571428571428571,-36.92162047168926,-36.9,0.225279926886824,22.5,-36.92162047168926,-36.9,,,,,,,,,,,,,False,False,False,False,False,0.0,,Active roster,2026-10-09T17:28:13+00:00,False,"[{""market"":""Points"",""name"":""Hammer Fists"",""kind"":""FLOOR"",""rule"":""Conf_Points >= 80"",""icon"":""PTS05_HAMMER_FISTS.svg"",""kit_version"":""2026-09-24-frozen-v2""},{""market"":""Assists"",""name"":""Staff (Green Stance)"",""kind"":""STANCE"",""rule"":""Green + Assists 0.5"",""icon"":""staff.svg"",""kit_version"":""2026-09-24-frozen-v2""}]",2025-2026,,2026-09-24-frozen-v2,2026-10-09T17:28:17.103488+00:00
2026-10-09,ANA@WPG,2026020069,7:00 PM,2026-10-10T00:00:00Z,Mikael Granlund,8475798,ANA,False,"{""season"":""2026-27"",""games"":[{""d"":""2026-10-07"",""g"":0,""a"":1,""s"":2,""pp"":1,""h"":""H"",""toi"":""21:33""},{""d"":""2026-10-04"",""g"":1,""a"":0,""s"":2,""pp"":1,""h"":""H"",""toi"":""22:31""},{""d"":""2026-10-02"",""g"":0,""a"":1,""s"":0,""pp"":0,""h"":""R"",""toi"":""18:39""}]}",2026-27,ANA,C,,Healthy,Unknown,,,3.0,1.0,🟢 ROLE+,19.0,12.0,2026-10-09T17:27:50+00:00,WPG,Clay Stevenson,,,50.0,Likely,dailyfaceoff_name_only,30.88,8.0,30.88,8.0,8.7,84.8,74.9,A1+A2,19.17,83.1,81.0,1.12,NONE,False,False,28.835637200147826,2.7964140233445587,94.2,94.2,11.0,2.2,True,2.0,,1.3333333333333333,1.7666666666666666,51.7,3.0,1.0,4.0,1.0,2.0,2.0,3.0,3.0,2.0,2.0,4.0,4.0,LOW,0.3,-0.2,LOW,0.15,,LOW,0.075,,LOW,0.2,,LOW,0.1,,LOW,0.05,,LOW,0.4,,LOW,0.2,,LOW,0.1,,1.6968762051677593,0.4627844195912071,,,2.0,2.554356044173969,2.8408175406849194,50.0,64.7,65.0,79.7,7.93,4.04,19.44,4.93,2.67,13.67,HOT,HOT,HOT,4.69,2.26,WARM,Yellow,Red,Yellow,Yellow,75.0,73.0,73.0,72.0,POINTS,75.0,0.0,0.0,1.0,3.0,2.0,0.0,B,Shooter,15.3,,67.8,,1.0,2.9304597701149424,169.96666666666667,2.9304597701149424,0.1528362682652679,15.3,15.3,3.144440086291429,2.319278289860757,0.9707785840360856,7.467388668875778,7.923402579501821,67.8,68.1,False,,,,🅿️ D:0,,False,False,1.0,,False,0.0,,False,0.0,,1.5,-120.0,theScore Bet,2.5,250.0,theScore Bet,3.5,650.0,Fanatics,4.5,1500.0,Fanatics,1.5,-120.0,theScore Bet,0.5,-122.0,BetRivers,1.5,420.0,FanDuel,2.5,1500.0,Fanatics,3.5,2800.0,BetOnline.ag,0.5,-122.0,BetRivers,0.5,150.0,BetOnline.ag,1.5,750.0,Fanatics,2.5,3500.0,Fanatics,,,,0.5,150.0,BetOnline.ag,0.5,290.0,FanDuel,,,,,,,,,,0.5,290.0,FanDuel,0.5,290.0,FanDuel,,,,,,,,,,0.5,290.0,FanDuel,The Odds API,"[""Bally Bet"", ""BetMGM"", ""BetRivers"", ""Bovada"", ""Caesars"", ""Courtside"", ""DraftKings"", ""FanDuel"", ""Fanatics"", ""Fliff"", ""Hard Rock Bet"", ""theScore Bet""]",The Odds API,"[""Bally Bet"", ""BetMGM"", ""BetRivers"", ""Bovada"", ""Caesars"", ""Courtside"", ""DraftKings"", ""FanDuel"", ""Fanatics"", ""fanduel""]",The Odds API,"[""Bally Bet"", ""BetMGM"", ""BetOnline.ag"", ""BetRivers"", ""Bovada"", ""Courtside"", ""DraftKings"", ""FanDuel"", ""Fanatics"", ""Fliff"", ""Hard Rock Bet"", ""ReBet"", ""draftkings"", ""theScore Bet""]",0.5,235.0,BetRivers,1.5,1100.0,Bovada,,,,,,,0.5,235.0,BetRivers,The Odds API,"[""Bally Bet"", ""BetRivers"", ""Bovada"", ""Fliff"", ""Hard Rock Bet"", ""theScore Bet""]",The Odds API,"[""Bally Bet"", ""BetMGM"", ""BetOnline.ag"", ""BetRivers"", ""Caesars"", ""Courtside"", ""DraftKings"", ""FanDuel"", ""Fanatics"", ""Fliff"", ""Hard Rock Bet"", ""ReBet"", ""draftkings"", ""theScore Bet""]",The Odds API,"[""Bally Bet"", ""BetMGM"", ""BetOnline.ag"", ""BetRivers"", ""Bovada"", ""Courtside"", ""DraftKings"", ""FanDuel"", ""Fanatics"", ""Fliff"", ""Hard Rock Bet"", ""ReBet"", ""theScore Bet""]",2026-10-09T17:28:13.749821+00:00,ALTLINE_NB_v1_2026-01-18,1.5,-120.0,theScore Bet,exp/fallback,1.944,0.5266307171708831,52.7,0.5454545454545454,-3.4510351853381027,-3.5,0.5266307171708831,52.7,-3.4510351853381027,-3.5,0.3072695834660105,30.7,7.544354213103677,7.5,0.1637843735325407,16.4,22.83828014940553,22.8,0.0816617819790979,8.2,30.658851166556644,30.7,0.5,-122.0,BetRivers,exp/fallback,0.7929999999999999,0.5033354934374084,50.3,0.5495495495495496,-8.409442997455201,-8.4,0.5033354934374084,50.3,-8.409442997455201,-8.4,0.1950462259299644,19.5,1.4240374835815195,1.4,0.0658774750669477,6.6,5.40396010711639,5.4,0.020443534310961,2.0,-40.713750498213045,-40.7,0.5,150.0,BetOnline.ag,exp/fallback,0.469,0.3438278230454558,34.4,0.4,-14.04304423863606,-14.0,0.3438278230454558,34.4,-14.04304423863606,-14.0,0.0945408639594442,9.5,-19.640265634472364,-19.6,0.0235107401372454,2.4,-15.361335505916518,-15.4,,,,,0.5,290.0,FanDuel,exp/fallback,0.29036,0.2401997580070678,24.0,0.2564102564102564,-6.322094377243548,-6.3,0.2401997580070678,24.0,-6.322094377243548,-6.3,,,,,,,,,,,,,0.5,290.0,FanDuel,exp/fallback,0.3124599999999999,0.2475815484485918,24.8,0.2564102564102564,-3.4431961050491955,-3.4,0.2475815484485918,24.8,-3.4431961050491955,-3.4,,,,,,,,,,,,,False,False,False,False,False,8.7,,Active roster,2026-10-09T17:28:13+00:00,False,[],2025-2026,,2026-09-24-frozen-v2,2026-10-09T17:28:17.103488+00:00
2026-10-09,ANA@WPG,2026020069,7:00 PM,2026-10-10T00:00:00Z,Nick Jensen,8475324,OTT,True,,2026-27,ANA,D,,Healthy,Unknown,,,3.0,0.0,,19.0,12.0,2026-10-09T17:27:50+00:00,WPG,Clay Stevenson,,,50.0,Likely,dailyfaceoff_name_only,30.88,8.0,30.88,8.0,,29.6,56.5,A1+A2,17.01,67.7,46.6,0.99,NONE,False,False,28.835637200147826,2.7964140233445587,94.2,94.2,11.0,2.2,True,,,,,50.0,,,,,,,,,,,,,,,,,,,,,,,,,,,,,,,,,,,,,,,,1.0638667732851232,0.3129019921426833,,,0.0,2.554356044173969,2.8408175406849194,50.0,64.7,50.2,79.7,2.43,0.32,,,,,COOL,COOL,COOL,2.1,,COOL,Red,Red,Red,Red,56.0,38.0,36.0,49.0,POINTS,56.0,,,,,,,,Passenger,0.3,,67.8,,,0.0519125683060109,3.1666666666666665,0.0519125683060109,0.0030521107755574,0.3,0.3,0.1894736842105263,0.1894736842105263,0.0,7.467388668875778,7.923402579501821,67.8,28.4,False,,,,,,False,False,0.0,,False,0.0,,False,0.0,,,,,,,,,,,,,,,,,,,,,,,,,,,,,,,,,,,,,,,,,,,,,,,,,,,,,,,,,,,,,,,,,,,,,,,,,,,,,,,,,,,,,,,,,,,,,,,,,,,,,,,,2026-10-09T17:28:13.749821+00:00,ALTLINE_NB_v1_2026-01-18,,,,league_avg,2.3,,,,,,,,,,,,,,,,,,,,,,,,,exp/fallback,0.243,,,,,,,,,,,,,,,,,,,,,,,,,exp/fallback,0.21,,,,,,,,,,,,,,,,,,,,,,,,,exp/fallback,0.1928,,,,,,,,,,,,,,,,,,,,,,,,,exp/fallback,0.1258,,,,,,,,,,,,,,,,,,,,,,False,False,False,False,False,,,Active roster,2026-10-09T17:28:13+00:00,False,[],2025-2026,,2026-09-24-frozen-v2,2026-10-09T17:28:17.103488+00:00
2026-10-09,ANA@WPG,2026020069,7:00 PM,2026-10-10T00:00:00Z,Nikita Klepov,8486052,,,,,ANA,R,,Unknown,,,,,,,,,,,,,,,,,,,,,,,,,,,,,,,,,,,,,,,,,,,,,,,,,,,,,,,,,,,,,,,,,,,,,,,,,,,,,,,,,,,,,,,,,,,,,,,,,,,,,,,,,,,,,,,,,,,,,,,,,,,,,,,,,,,,,,,,,,,,,,,,,,,,,,,,,,,,,,,,,,,,,,,,,,,,,,,,,,,,,,,,,,,,,,,,,,,,,,,,,,,,,,,,,,,,,,,,,,,,,,,,,,,,,,,,,,,,,,,,,,,,,,,,,,,,,,,,,,,,,,,,,,,,,,,,,,,,,,,,,,,,,,,,,,,,,,,,,,,,,,,,,,,,,,,,,,,,,,,,,,,,,,,,,,,,,,,,,,,,0.5,430.0,fanduel,,,,,,,,,,,,,,,,,,,,,,,,,,,,,,,,,,,,,,,,,,,,,,,,,,,,,,,,,Active roster,2026-10-09T17:28:13+00:00,True,[],Unavailable,True,2026-09-24-frozen-v2,2026-10-09T17:28:17.103488+00:00
2026-10-09,ANA@WPG,2026020069,7:00 PM,2026-10-10T00:00:00Z,Nikita Nesterenko,8481754,ANA,False,,2026-27,ANA,C,,Healthy,Unknown,,,3.0,0.0,,19.0,12.0,2026-10-09T17:27:50+00:00,WPG,Clay Stevenson,,,50.0,Likely,dailyfaceoff_name_only,30.88,8.0,30.88,8.0,,37.8,43.8,A1+A2,12.26,29.2,38.2,0.95,NONE,False,False,28.835637200147826,2.7964140233445587,94.2,94.2,11.0,2.2,True,,,,,50.0,,,,,,,,,,,,,,,,,,,,,,,,,,,,,,,,,,,,,,,,1.4894497310715764,0.9309060819197352,,,0.0,2.554356044173969,2.8408175406849194,50.0,64.7,61.0,79.7,3.77,1.14,,,,,COOL,COOL,COOL,2.63,,COOL,Red,Red,Red,Red,46.0,39.0,39.0,43.0,POINTS,46.0,,,,,,,C,Passenger,0.6,,67.8,,0.0,0.0770114942528735,2.2333333333333334,0.0770114942528735,0.0062831152998546,0.6,0.6,0.2686567164179104,0.2686567164179104,0.0,7.467388668875778,7.923402579501821,67.8,33.1,False,,,,,,False,False,0.0,,False,0.0,,False,0.0,,,,,,,,,,,,,,,,,0.5,280.0,BetRivers,,,,,,,,,,0.5,280.0,BetRivers,,,,,,,,,,,,,,,,0.5,750.0,FanDuel,,,,,,,,,,0.5,750.0,FanDuel,0.5,750.0,FanDuel,,,,,,,,,,0.5,750.0,FanDuel,The Odds API,"[""Bally Bet"", ""BetMGM"", ""BetRivers"", ""Bovada"", ""Caesars"", ""Courtside"", ""DraftKings"", ""FanDuel"", ""Fanatics"", ""Fliff"", ""Hard Rock Bet"", ""theScore Bet""]",The Odds API,"[""Bally Bet"", ""BetMGM"", ""BetRivers"", ""Bovada"", ""Caesars"", ""Courtside"", ""DraftKings"", ""FanDuel"", ""Fanatics"", ""fanduel""]",,,,,,,,,,,,,,,,,,,,The Odds API,"[""Bally Bet"", ""BetRivers""]",,,2026-10-09T17:28:13.749821+00:00,ALTLINE_NB_v1_2026-01-18,,,,league_avg,2.3,,,,,,,,,,,,,,,,,,,,,,0.5,280.0,BetRivers,exp/fallback,0.377,0.2982088699993995,29.8,0.2631578947368421,13.31937059977183,13.3,0.2982088699993995,29.8,13.31937059977183,13.3,,,,,,,,,,,,,,,,exp/fallback,0.263,,,,,,,,,,,,,,,,,,,,,,0.5,750.0,FanDuel,exp/fallback,0.2256,0.194260378347346,19.4,0.1176470588235294,65.12132159524408,65.1,0.194260378347346,19.4,65.12132159524408,65.1,,,,,,,,,,,,,0.5,750.0,FanDuel,exp/fallback,0.1790999999999999,0.1558452725466189,15.6,0.1176470588235294,32.46848166462611,32.5,0.1558452725466189,15.6,32.46848166462611,32.5,,,,,,,,,,,,,False,True,True,True,False,,,Active roster,2026-10-09T17:28:13+00:00,False,[],2025-2026,,2026-09-24-frozen-v2,2026-10-09T17:28:17.103488+00:00
2026-10-09,ANA@WPG,2026020069,7:00 PM,2026-10-10T00:00:00Z,Noah Warren,8483521,,,,,ANA,D,,Unknown,,,,,,,,,,,,,,,,,,,,,,,,,,,,,,,,,,,,,,,,,,,,,,,,,,,,,,,,,,,,,,,,,,,,,,,,,,,,,,,,,,,,,,,,,,,,,,,,,,,,,,,,,,,,,,,,,,,,,,,,,,,,,,,,,,,,,,,,,,,,,,,,,,,,,,,,,,,,,,,,,,,,,,,,,,,,,,,,,,,,,,,,,,,,,,,,,,,,,,,,,,,,,,,,,,,,,,,,,,,,,,,,,,,,,,,,,,,,,,,,,,,,,,,,,,,,,,,,,,,,,,,,,,,,,,,,,,,,,,,,,,,,,,,,,,,,,,,,,,,,,,,,,,,,,,,,,,,,,,,,,,,,,,,,,,,,,,,,,,,,0.5,2100.0,fanduel,,,,,,,,,,,,,,,,,,,,,,,,,,,,,,,,,,,,,,,,,,,,,,,,,,,,,,,,,Active roster,2026-10-09T17:28:13+00:00,True,[],Unavailable,True,2026-09-24-frozen-v2,2026-10-09T17:28:17.103488+00:00
2026-10-09,ANA@WPG,2026020069,7:00 PM,2026-10-10T00:00:00Z,Pavel Mintyukov,8483490,ANA,False,,2026-27,ANA,D,,Healthy,Unknown,,,3.0,1.0,🟢 ROLE+,19.0,12.0,2026-10-09T17:27:50+00:00,WPG,Clay Stevenson,,,50.0,Likely,dailyfaceoff_name_only,30.88,8.0,30.88,8.0,,54.0,58.4,A1+A2,18.43,78.1,60.4,1.04,NONE,False,False,28.835637200147826,2.7964140233445587,94.2,94.2,11.0,2.2,True,,,,,50.0,,,,,,,,,,,,,,,,,,,,,,,,,,,,,,,,,,,,,,,,0.9244712990936556,0.1087613293051359,,,0.0,2.554356044173969,2.8408175406849194,50.0,64.7,47.5,79.7,2.91,0.91,,,,,COOL,COOL,COOL,2.0,,COOL,Red,Red,Red,Red,60.0,54.0,53.0,55.0,POINTS,60.0,,,,,,,C,Passenger,4.1,,67.8,,0.0,0.7616438356164383,55.6,0.7616438356164383,0.0413367532805471,4.1,4.1,1.9424460431654675,0.1079136690647482,2.158273381294964,7.467388668875778,7.923402579501821,67.8,59.1,False,,,,,,False,False,0.0,,False,0.0,,False,0.0,,1.5,118.0,BetRivers,,,,,,,,,,1.5,118.0,BetRivers,0.5,190.0,Fanatics,1.5,1200.0,Caesars,2.5,1500.0,BetOnline.ag,3.5,3100.0,BetOnline.ag,0.5,190.0,Fanatics,0.5,240.0,Hard Rock Bet,1.5,1500.0,Fanatics,,,,,,,0.5,240.0,Hard Rock Bet,0.5,1100.0,Fanatics,,,,,,,,,,0.5,1100.0,Fanatics,0.5,1100.0,Fanatics,,,,,,,,,,0.5,1100.0,Fanatics,The Odds API,"[""Bally Bet"", ""BetMGM"", ""BetRivers"", ""Bovada"", ""Caesars"", ""Courtside"", ""DraftKings"", ""FanDuel"", ""Fanatics"", ""Fliff"", ""Hard Rock Bet"", ""theScore Bet""]",The Odds API,"[""Bally Bet"", ""BetMGM"", ""BetRivers"", ""Bovada"", ""Caesars"", ""Courtside"", ""DraftKings"", ""FanDuel"", ""Fanatics"", ""fanatics""]",The Odds API,"[""Bally Bet"", ""BetOnline.ag"", ""BetRivers"", ""Courtside"", ""DraftKings"", ""Fanatics"", ""Hard Rock Bet"", ""ReBet"", ""draftkings"", ""theScore Bet""]",0.5,850.0,Hard Rock Bet,,,,,,,,,,0.5,850.0,Hard Rock Bet,The Odds API,"[""Hard Rock Bet"", ""theScore Bet""]",The Odds API,"[""Bally Bet"", ""BetOnline.ag"", ""BetRivers"", ""Caesars"", ""Courtside"", ""DraftKings"", ""Fanatics"", ""Hard Rock Bet"", ""ReBet"", ""draftkings"", ""theScore Bet""]",The Odds API,"[""Bally Bet"", ""BetRivers""]",2026-10-09T17:28:13.749821+00:00,ALTLINE_NB_v1_2026-01-18,1.5,118.0,BetRivers,league_avg,2.3,0.6001759479749428,60.0,0.4587155963302752,30.838356658537524,30.8,0.6001759479749428,60.0,30.838356658537524,30.8,,,,,,,,,,,,,0.5,190.0,Fanatics,exp/fallback,0.291,0.2420334003060804,24.2,0.3448275862068966,-29.81031391123668,-29.8,0.2420334003060804,24.2,-29.81031391123668,-29.8,0.0418534479432992,4.2,-45.59051767371096,-45.6,0.0061676947619594,0.6,-90.13168838086489,-90.1,0.0008270579242747,0.1,-97.35341464232086,-97.4,0.5,240.0,Hard Rock Bet,exp/fallback,0.2,0.1735537190082646,17.4,0.2941176470588235,-40.99173553719002,-41.0,0.1735537190082646,17.4,-40.99173553719002,-41.0,0.0232907588279489,2.3,-62.73478587528167,-62.7,,,,,,,,,0.5,1100.0,Fanatics,exp/fallback,0.2163999999999999,0.1874207702211061,18.7,0.0833333333333333,124.9049242653274,124.9,0.1874207702211061,18.7,124.9049242653274,124.9,,,,,,,,,,,,,0.5,1100.0,Fanatics,exp/fallback,0.16415,0.1444149520255159,14.4,0.0833333333333333,73.29794243061907,73.3,0.1444149520255159,14.4,73.29794243061907,73.3,,,,,,,,,,,,,True,False,True,True,False,,,Active roster,2026-10-09T17:28:13+00:00,False,[],2025-2026,,2026-09-24-frozen-v2,2026-10-09T17:28:17.103488+00:00
2026-10-09,ANA@WPG,2026020069,7:00 PM,2026-10-10T00:00:00Z,Ryan Poehling,8480068,ANA,False,"{""season"":""2026-27"",""games"":[{""d"":""2026-10-07"",""g"":0,""a"":0,""s"":0,""pp"":0,""h"":""H"",""toi"":""13:07""},{""d"":""2026-10-04"",""g"":0,""a"":0,""s"":1,""pp"":0,""h"":""H"",""toi"":""14:55""},{""d"":""2026-10-02"",""g"":0,""a"":0,""s"":2,""pp"":0,""h"":""R"",""toi"":""14:03""}]}",2026-27,ANA,C,,Healthy,Unknown,,,3.0,0.0,,19.0,12.0,2026-10-09T17:27:50+00:00,WPG,Clay Stevenson,,,50.0,Likely,dailyfaceoff_name_only,30.88,8.0,30.88,8.0,4.3,68.8,79.4,A1+A2,15.07,50.8,68.9,1.08,NONE,False,False,28.835637200147826,2.7964140233445587,94.2,94.2,11.0,2.2,True,1.0,,1.0,1.0,25.3,0.0,0.0,3.0,0.0,0.0,0.0,0.0,0.0,0.0,0.0,3.0,3.0,LOW,0.0,-0.5,LOW,0.0,,LOW,0.0,,LOW,0.0,,LOW,0.0,,LOW,0.0,,LOW,0.3,,LOW,0.15,,LOW,0.075,,1.9346230820547032,1.067378252168112,,,0.0,2.554356044173969,2.8408175406849194,50.0,64.7,69.6,79.7,5.16,1.58,10.0,5.16,1.58,7.0,HOT,WARM,HOT,3.59,3.59,HOT,Yellow,Red,Red,Yellow,75.0,55.0,55.0,70.0,POINTS,75.0,3.0,3.0,3.0,3.0,0.0,3.0,C,Passenger,2.0,,67.8,,0.0,0.2993333333333333,22.45,0.2993333333333333,0.0198663775939117,2.0,2.0,2.3719376391982183,0.6681514476614699,2.0044543429844097,7.467388668875778,7.923402579501821,67.8,54.1,False,,,,🅿️ D:3,,False,False,1.0,,False,0.0,,False,0.0,,1.5,-110.0,BetRivers,,,,,,,,,,1.5,-110.0,BetRivers,0.5,190.0,Fanatics,1.5,1200.0,Fanatics,2.5,1550.0,BetOnline.ag,3.5,3200.0,BetOnline.ag,0.5,190.0,Fanatics,0.5,350.0,Hard Rock Bet,1.5,2200.0,Fanatics,,,,,,,0.5,350.0,Hard Rock Bet,0.5,525.0,Fanatics,,,,,,,,,,0.5,525.0,Fanatics,0.5,525.0,Fanatics,,,,,,,,,,0.5,525.0,Fanatics,The Odds API,"[""Bally Bet"", ""BetMGM"", ""BetRivers"", ""Bovada"", ""Caesars"", ""Courtside"", ""DraftKings"", ""FanDuel"", ""Fanatics"", ""Fliff"", ""Hard Rock Bet"", ""theScore Bet""]",The Odds API,"[""Bally Bet"", ""BetMGM"", ""BetRivers"", ""Bovada"", ""Caesars"", ""Courtside"", ""DraftKings"", ""FanDuel"", ""Fanatics"", ""fanatics""]",The Odds API,"[""Bally Bet"", ""BetMGM"", ""BetOnline.ag"", ""BetRivers"", ""Bovada"", ""Courtside"", ""DraftKings"", ""Fanatics"", ""Fliff"", ""Hard Rock Bet"", ""ReBet"", ""draftkings"", ""theScore Bet""]",,,,,,,,,,,,,,,,,,The Odds API,"[""Bally Bet"", ""BetMGM"", ""BetOnline.ag"", ""BetRivers"", ""Caesars"", ""Courtside"", ""DraftKings"", ""Fanatics"", ""Fliff"", ""Hard Rock Bet"", ""ReBet"", ""draftkings"", ""theScore Bet""]",The Odds API,"[""Bally Bet"", ""BetRivers""]",2026-10-09T17:28:13.749821+00:00,ALTLINE_NB_v1_2026-01-18,1.5,-110.0,BetRivers,exp/fallback,1.0,0.2627199999999999,26.3,0.5238095238095238,-49.84436363636364,-49.8,0.2627199999999999,26.3,-49.84436363636364,-49.8,,,,,,,,,,,,,0.5,190.0,Fanatics,exp/fallback,0.516,0.3777110914776765,37.8,0.3448275862068966,9.536216528526198,9.5,0.3777110914776765,37.8,9.536216528526198,9.5,0.1057298304260765,10.6,37.44877955389949,37.4,0.0254900597804113,2.5,-57.94140136232136,-57.9,0.0056170215483323,0.6,-81.46382889050334,-81.5,0.5,350.0,Hard Rock Bet,exp/fallback,0.359,0.2812065523054311,28.1,0.2222222222222222,26.542948537444,26.5,0.2812065523054311,28.1,26.542948537444,26.5,0.0624300811546466,6.2,43.58918665568731,43.6,,,,,,,,,0.5,525.0,Fanatics,exp/fallback,0.1824,0.1614264293152539,16.1,0.16,0.8915183220337353,0.9,0.1614264293152539,16.1,0.8915183220337353,0.9,,,,,,,,,,,,,0.5,525.0,Fanatics,exp/fallback,0.155775,0.137899601757092,13.8,0.16,-13.812748901817471,-13.8,0.137899601757092,13.8,-13.812748901817471,-13.8,,,,,,,,,,,,,False,False,False,False,True,4.3,,Active roster,2026-10-09T17:28:13+00:00,False,[],2025-2026,,2026-09-24-frozen-v2,2026-10-09T17:28:17.103488+00:00
2026-10-09,ANA@WPG,2026020069,7:00 PM,2026-10-10T00:00:00Z,Sam Colangelo,8482118,ANA,False,,2026-27,ANA,R,,Healthy,Unknown,,,3.0,0.0,,19.0,12.0,2026-10-09T17:27:50+00:00,WPG,Clay Stevenson,,,50.0,Likely,dailyfaceoff_name_only,30.88,8.0,30.88,8.0,,17.0,6.9,A1+A2,10.18,13.1,12.7,0.94,NONE,False,False,28.835637200147826,2.7964140233445587,94.2,94.2,11.0,2.2,True,,,,,50.0,,,,,,,,,,,,,,,,,,,,,,,,,,,,,,,,,,,,,,,,0.0117050331642606,0.0,,,0.0,2.554356044173969,2.8408175406849194,50.0,64.7,31.5,79.7,0.56,0.56,,,,,COOL,COOL,COOL,0.0,,COOL,Red,Red,Red,Red,23.0,27.0,26.0,17.0,SOG,27.0,,,,,,,C,Passenger,4.4,,67.8,,0.0,0.4481481481481481,4.033333333333333,0.4481481481481481,0.0440320232896652,4.4,4.4,0.0,0.0,0.0,7.467388668875778,7.923402579501821,67.8,41.8,False,,,,,,False,False,0.0,,False,0.0,,False,0.0,,,,,,,,,,,,,,,,,,,,,,,,,,,,,,,,,,,,,,,,,,,,,,,,,,,,,,,,,,,,,,,,,,,,,,,,,,,,,,,,,,,,,,,,,,,,,,,,,,,,,,,,2026-10-09T17:28:13.749821+00:00,ALTLINE_NB_v1_2026-01-18,,,,league_avg,2.3,,,,,,,,,,,,,,,,,,,,,,,,,exp/fallback,0.056,,,,,,,,,,,,,,,,,,,,,,,,,league_avg,0.35,,,,,,,,,,,,,,,,,,,,,,,,,exp/fallback,0.2024,,,,,,,,,,,,,,,,,,,,,,,,,exp/fallback,0.1414,,,,,,,,,,,,,,,,,,,,,,False,False,False,False,False,,,Active roster,2026-10-09T17:28:13+00:00,False,[],2025-2026,,2026-09-24-frozen-v2,2026-10-09T17:28:17.103488+00:00
2026-10-09,ANA@WPG,2026020069,7:00 PM,2026-10-10T00:00:00Z,Tim Washe,8485512,ANA,False,,2026-27,ANA,C,,Healthy,Unknown,,,3.0,0.0,,19.0,12.0,2026-10-09T17:27:50+00:00,WPG,Clay Stevenson,,,50.0,Likely,dailyfaceoff_name_only,30.88,8.0,30.88,8.0,,47.8,28.5,A1+A2,12.05,26.9,36.9,0.95,NONE,False,False,28.835637200147826,2.7964140233445587,94.2,94.2,11.0,2.2,True,,,,,50.0,,,,,,,,,,,,,,,,,,,,,,,,,,,,,,,,,,,,,,,,0.7720682851505534,0.3088273140602213,,,0.0,2.554356044173969,2.8408175406849194,50.0,64.7,42.5,79.7,1.94,1.21,,,,,COOL,COOL,COOL,0.73,,COOL,Red,Red,Red,Red,36.0,44.0,45.0,33.0,GOAL,45.0,,,,,,,C,Passenger,0.2,,67.8,,0.0,0.0209401709401709,0.8166666666666667,0.0209401709401709,0.0017374654279838,0.2,0.2,0.0,0.0,0.0,7.467388668875778,7.923402579501821,67.8,26.0,False,,,,,,False,False,0.0,,False,0.0,,False,0.0,,,,,,,,,,,,,,,,,,,,,,,,,,,,,,,,,,,,,,,,,,,,,,,0.5,1000.0,FanDuel,,,,,,,,,,0.5,1000.0,FanDuel,0.5,1000.0,FanDuel,,,,,,,,,,0.5,1000.0,FanDuel,The Odds API,"[""Bally Bet"", ""BetMGM"", ""BetRivers"", ""Bovada"", ""Caesars"", ""Courtside"", ""DraftKings"", ""FanDuel"", ""Fanatics"", ""Fliff"", ""Hard Rock Bet"", ""theScore Bet""]",The Odds API,"[""Bally Bet"", ""BetMGM"", ""BetRivers"", ""Bovada"", ""Caesars"", ""Courtside"", ""DraftKings"", ""FanDuel"", ""Fanatics"", ""fanduel""]",,,,,,,,,,,,,,,,,,,,,,,,2026-10-09T17:28:13.749821+00:00,ALTLINE_NB_v1_2026-01-18,,,,league_avg,2.3,,,,,,,,,,,,,,,,,,,,,,,,,exp/fallback,0.194,,,,,,,,,,,,,,,,,,,,,,,,,exp/fallback,0.073,,,,,,,,,,,,,,,,,,,,,,0.5,1000.0,FanDuel,exp/fallback,0.2284,0.1963259981068948,19.6,0.0909090909090909,115.95859791758438,116.0,0.1963259981068948,19.6,115.95859791758438,116.0,,,,,,,,,,,,,0.5,1000.0,FanDuel,exp/fallback,0.1836499999999999,0.1592741317733985,15.9,0.0909090909090909,75.20154495073841,75.2,0.1592741317733985,15.9,75.20154495073841,75.2,,,,,,,,,,,,,False,False,True,True,False,,,Active roster,2026-10-09T17:28:13+00:00,False,[],2025-2026,,2026-09-24-frozen-v2,2026-10-09T17:28:17.103488+00:00
2026-10-09,ANA@WPG,2026020069,7:00 PM,2026-10-10T00:00:00Z,Travis Mitchell,8484262,NYI,True,,2026-27,ANA,D,,Healthy,Unknown,,,3.0,0.0,,19.0,12.0,2026-10-09T17:27:50+00:00,WPG,Clay Stevenson,,,50.0,Likely,dailyfaceoff_name_only,30.88,8.0,30.88,8.0,,13.8,6.9,A1+A2,11.54,21.9,13.0,0.94,NONE,False,False,28.835637200147826,2.7964140233445587,94.2,94.2,11.0,2.2,True,,,,,50.0,,,,,,,,,,,,,,,,,,,,,,,,,,,,,,,,,,,,,,,,0.0097529258777633,0.0,,,0.0,2.554356044173969,2.8408175406849194,50.0,64.7,31.3,79.7,0.4,0.4,,,,,COOL,COOL,COOL,0.0,,COOL,Red,Red,Red,Red,23.0,26.0,25.0,18.0,SOG,26.0,,,,,,,,Passenger,0.0,,67.8,,,0.0,0.0,0.0,0.0,0.0,0.0,0.0,,,7.467388668875778,7.923402579501821,67.8,11.2,False,,,,,,False,False,0.0,,False,0.0,,False,0.0,,,,,,,,,,,,,,,,,,,,,,,,,,,,,,,,,,,,,,,,,,,,,,,0.5,1700.0,FanDuel,,,,,,,,,,0.5,1700.0,FanDuel,0.5,1700.0,FanDuel,,,,,,,,,,0.5,1700.0,FanDuel,The Odds API,"[""Bally Bet"", ""BetMGM"", ""BetRivers"", ""Bovada"", ""Caesars"", ""Courtside"", ""DraftKings"", ""FanDuel"", ""Fanatics"", ""Fliff"", ""Hard Rock Bet"", ""theScore Bet""]",The Odds API,"[""Bally Bet"", ""BetMGM"", ""BetRivers"", ""Bovada"", ""Caesars"", ""Courtside"", ""DraftKings"", ""FanDuel"", ""Fanatics"", ""fanduel""]",,,,,,,,,,,,,,,,,,,,,,,,2026-10-09T17:28:13.749821+00:00,ALTLINE_NB_v1_2026-01-18,,,,league_avg,2.3,,,,,,,,,,,,,,,,,,,,,,,,,exp/fallback,0.04,,,,,,,,,,,,,,,,,,,,,,,,,league_avg,0.35,,,,,,,,,,,,,,,,,,,,,,0.5,1700.0,FanDuel,exp/fallback,0.196,0.1719619345929518,17.2,0.0555555555555555,209.5314822673133,209.5,0.1719619345929518,17.2,209.5314822673133,209.5,,,,,,,,,,,,,0.5,1700.0,FanDuel,exp/fallback,0.131,0.1181385734999141,11.8,0.0555555555555555,112.64943229984556,112.6,0.1181385734999141,11.8,112.64943229984556,112.6,,,,,,,,,,,,,False,False,True,True,False,,,Active roster,2026-10-09T17:28:13+00:00,False,[],2025-2026,,2026-09-24-frozen-v2,2026-10-09T17:28:17.103488+00:00
2026-10-09,ANA@WPG,2026020069,7:00 PM,2026-10-10T00:00:00Z,Tristan Luneau,8483482,ANA,False,,2026-27,ANA,D,,Healthy,Unknown,,,3.0,0.0,,19.0,12.0,2026-10-09T17:27:50+00:00,WPG,Clay Stevenson,,,50.0,Likely,dailyfaceoff_name_only,30.88,8.0,30.88,8.0,,13.0,6.9,A1+A2,11.62,22.7,12.8,0.94,NONE,False,False,28.835637200147826,2.7964140233445587,94.2,94.2,11.0,2.2,True,,,,,50.0,,,,,,,,,,,,,,,,,,,,,,,,,,,,,,,,,,,,,,,,0.0860832137733142,0.0,,,0.0,2.554356044173969,2.8408175406849194,50.0,64.7,34.6,79.7,3.01,3.01,,,,,COOL,COOL,COOL,0.0,,COOL,Red,Red,Red,Red,24.0,25.0,24.0,18.0,SOG,25.0,,,,,,,C,Passenger,0.0,,67.8,,0.0,0.0,0.0,0.0,0.0,0.0,0.0,0.0,,,7.467388668875778,7.923402579501821,67.8,11.2,False,,,,,,False,False,0.0,,False,0.0,,False,0.0,,1.5,-103.0,BetRivers,,,,,,,,,,1.5,-103.0,BetRivers,0.5,185.0,Hard Rock Bet,1.5,1100.0,theScore Bet,2.5,4500.0,Fanatics,3.5,3300.0,BetOnline.ag,0.5,185.0,Hard Rock Bet,0.5,230.0,Hard Rock Bet,1.5,1300.0,DraftKings,,,,,,,0.5,230.0,Hard Rock Bet,0.5,1000.0,FanDuel,,,,,,,,,,0.5,1000.0,FanDuel,0.5,1000.0,FanDuel,,,,,,,,,,0.5,1000.0,FanDuel,The Odds API,"[""Bally Bet"", ""BetMGM"", ""BetRivers"", ""Bovada"", ""Caesars"", ""Courtside"", ""DraftKings"", ""FanDuel"", ""Fanatics"", ""Fliff"", ""Hard Rock Bet"", ""theScore Bet""]",The Odds API,"[""Bally Bet"", ""BetMGM"", ""BetRivers"", ""Bovada"", ""Caesars"", ""Courtside"", ""DraftKings"", ""FanDuel"", ""Fanatics"", ""fanduel""]",The Odds API,"[""Bally Bet"", ""BetOnline.ag"", ""BetRivers"", ""Courtside"", ""DraftKings"", ""Fanatics"", ""Hard Rock Bet"", ""ReBet"", ""draftkings"", ""theScore Bet""]",0.5,850.0,Hard Rock Bet,,,,,,,,,,0.5,850.0,Hard Rock Bet,The Odds API,"[""Hard Rock Bet"", ""theScore Bet""]",The Odds API,"[""Bally Bet"", ""BetOnline.ag"", ""BetRivers"", ""Caesars"", ""Courtside"", ""DraftKings"", ""Fanatics"", ""Hard Rock Bet"", ""ReBet"", ""draftkings"", ""theScore Bet""]",The Odds API,"[""Bally Bet"", ""BetRivers""]",2026-10-09T17:28:13.749821+00:00,ALTLINE_NB_v1_2026-01-18,1.5,-103.0,BetRivers,league_avg,2.3,0.6001759479749428,60.0,0.5073891625615764,18.287104309624645,18.3,0.6001759479749428,60.0,18.287104309624645,18.3,,,,,,,,,,,,,0.5,185.0,Hard Rock Bet,exp/fallback,0.301,0.248870510800388,24.9,0.3508771929824561,-29.07190442188941,-29.1,0.248870510800388,24.9,-29.07190442188941,-29.1,0.0443289843616281,4.4,-46.80521876604624,-46.8,0.0067320923055417,0.7,-69.03237539450807,-69.0,0.0009305122132332,0.1,-96.83625847500691,-96.8,0.5,230.0,Hard Rock Bet,league_avg,0.35,0.2756903576278859,27.6,0.303030303030303,-9.02218198279764,-9.0,0.2756903576278859,27.6,-9.02218198279764,-9.0,0.0599385492617242,6.0,-16.086031033586035,-16.1,,,,,,,,,0.5,1000.0,FanDuel,exp/fallback,0.3004,0.2469915508668765,24.7,0.0909090909090909,171.69070595356416,171.7,0.2469915508668765,24.7,171.69070595356416,171.7,,,,,,,,,,,,,0.5,1000.0,FanDuel,exp/fallback,0.30065,0.2401353026530833,24.0,0.0909090909090909,164.14883291839172,164.1,0.2401353026530833,24.0,164.14883291839172,164.1,,,,,,,,,,,,,True,False,True,True,False,,,Active roster,2026-10-09T17:28:13+00:00,False,[],2025-2026,,2026-09-24-frozen-v2,2026-10-09T17:28:17.103488+00:00
2026-10-09,ANA@WPG,2026020069,7:00 PM,2026-10-10T00:00:00Z,Tyson Hinds,8482731,ANA,False,,2026-27,ANA,D,,Healthy,Unknown,,,3.0,0.0,,19.0,12.0,2026-10-09T17:27:50+00:00,WPG,Clay Stevenson,,,50.0,Likely,dailyfaceoff_name_only,30.88,8.0,30.88,8.0,,12.7,6.9,A1+A2,15.62,54.2,19.0,0.94,NONE,False,False,28.835637200147826,2.7964140233445587,94.2,94.2,11.0,2.2,True,,,,,50.0,,,,,,,,,,,,,,,,,,,,,,,,,,,,,,,,,,,,,,,,0.0,0.0,,,0.0,2.554356044173969,2.8408175406849194,50.0,64.7,27.5,79.7,0.49,0.49,,,,,COOL,COOL,COOL,0.0,,COOL,Red,Red,Red,Red,26.0,28.0,26.0,20.0,SOG,28.0,,,,,,,C,Passenger,0.0,,67.8,,0.0,0.0,0.0,0.0,0.0,0.0,0.0,0.0,,,7.467388668875778,7.923402579501821,67.8,11.2,False,,,,,,False,False,0.0,,False,0.0,,False,0.0,,,,,,,,,,,,,,,,,,,,,,,,,,,,,,,,,,,,,,,,,,,,,,,0.5,2200.0,Fanatics,,,,,,,,,,0.5,2200.0,Fanatics,0.5,2200.0,Fanatics,,,,,,,,,,0.5,2200.0,Fanatics,The Odds API,"[""Bally Bet"", ""BetMGM"", ""BetRivers"", ""Bovada"", ""Caesars"", ""Courtside"", ""DraftKings"", ""FanDuel"", ""Fanatics"", ""Fliff"", ""Hard Rock Bet"", ""theScore Bet""]",The Odds API,"[""Bally Bet"", ""BetMGM"", ""BetRivers"", ""Bovada"", ""Caesars"", ""Courtside"", ""DraftKings"", ""FanDuel"", ""Fanatics"", ""fanatics""]",,,,,,,,,,,,,,,,,,,,,,,,2026-10-09T17:28:13.749821+00:00,ALTLINE_NB_v1_2026-01-18,,,,league_avg,2.3,,,,,,,,,,,,,,,,,,,,,,,,,exp/fallback,0.049,,,,,,,,,,,,,,,,,,,,,,,,,league_avg,0.35,,,,,,,,,,,,,,,,,,,,,,0.5,2200.0,Fanatics,exp/fallback,0.1996,0.1747197101147712,17.5,0.0434782608695652,301.85533326397393,301.9,0.1747197101147712,17.5,301.85533326397393,301.9,,,,,,,,,,,,,0.5,2200.0,Fanatics,exp/fallback,0.13685,0.1228715960535401,12.3,0.0434782608695652,182.60467092314232,182.6,0.1228715960535401,12.3,182.60467092314232,182.6,,,,,,,,,,,,,False,False,True,True,False,,,Active roster,2026-10-09T17:28:13+00:00,False,[],2025-2026,,2026-09-24-frozen-v2,2026-10-09T17:28:17.103488+00:00
2026-10-09,ANA@WPG,2026020069,7:00 PM,2026-10-10T00:00:00Z,Adam Lowry,8476392,WPG,False,"{""season"":""2026-27"",""games"":[{""d"":""2026-10-07"",""g"":0,""a"":0,""s"":2,""pp"":0,""h"":""H"",""toi"":""14:49""},{""d"":""2026-10-05"",""g"":1,""a"":0,""s"":1,""pp"":0,""h"":""R"",""toi"":""15:49""},{""d"":""2026-10-04"",""g"":0,""a"":0,""s"":0,""pp"":0,""h"":""R"",""toi"":""15:17""},{""d"":""2026-10-02"",""g"":0,""a"":2,""s"":2,""pp"":0,""h"":""H"",""toi"":""16:07""}]}",2026-27,WPG,C,,Healthy,Unknown,,,2.0,0.0,,19.0,12.0,2026-10-09T17:27:50+00:00,ANA,Lukas Dostal,0.8883013879709187,3.1028784756930987,69.0,Unconfirmed,dailyfaceoff_name_and_stats,24.71,7.0,24.71,7.0,8.3,71.2,63.9,A1+A2,14.97,50.0,64.4,1.06,NONE,False,False,24.83856174316134,2.3401792243526978,30.0,30.0,14.0,2.8,True,1.5,,1.25,1.4125,40.2,3.0,1.0,5.0,1.0,2.0,2.0,3.0,3.0,2.0,2.0,5.0,5.0,LOW,0.3,-0.2,LOW,0.15,,LOW,0.075,,LOW,0.2,,LOW,0.1,,LOW,0.05,,LOW,0.5,,LOW,0.25,,LOW,0.125,,1.2277145184820295,0.5456508971031242,,,2.0,2.588181557715705,2.1525825592645345,50.0,60.1,54.0,47.9,4.27,1.85,14.12,1.27,0.85,9.12,COOL,COOL,HOT,2.42,0.42,COOL,Red,Red,Red,Red,55.0,61.0,61.0,57.0,SOG,61.0,1.0,3.0,1.0,4.0,0.0,4.0,C,Passenger,0.5,,59.5,,0.0,0.0714285714285714,5.0,0.0714285714285714,0.0047709923664122,0.5,0.5,0.0,0.0,0.0,7.211801710007531,7.911066699975018,59.5,29.7,False,,,,🎯 D:4,,False,False,1.0,,False,0.0,,False,0.0,,1.5,148.0,BetRivers,,,,,,,,,,1.5,148.0,BetRivers,0.5,285.0,BetRivers,,,,,,,,,,0.5,285.0,BetRivers,,,,,,,,,,,,,,,,0.5,650.0,DraftKings,,,,,,,,,,0.5,650.0,DraftKings,0.5,650.0,DraftKings,,,,,,,,,,0.5,650.0,DraftKings,The Odds API,"[""Bally Bet"", ""BetMGM"", ""BetRivers"", ""Bovada"", ""Caesars"", ""Courtside"", ""DraftKings"", ""FanDuel"", ""Fanatics"", ""Fliff"", ""Hard Rock Bet"", ""theScore Bet""]",The Odds API,"[""Bally Bet"", ""BetMGM"", ""BetRivers"", ""Bovada"", ""Caesars"", ""Courtside"", ""DraftKings"", ""FanDuel"", ""Fanatics"", ""fanatics""]",,,,,,,,,,,,,,,,,,,,The Odds API,"[""Bally Bet"", ""BetRivers""]",The Odds API,"[""Bally Bet"", ""BetRivers""]",2026-10-09T17:28:13.749821+00:00,ALTLINE_NB_v1_2026-01-18,1.5,148.0,BetRivers,exp/fallback,1.412,0.3901736966494128,39.0,0.4032258064516129,-3.236923230945621,-3.2,0.3901736966494128,39.0,-3.236923230945621,-3.2,,,,,,,,,,,,,0.5,285.0,BetRivers,exp/fallback,0.4269999999999999,0.3283064363024359,32.8,0.2597402597402597,26.39797797643784,26.4,0.3283064363024359,32.8,26.39797797643784,26.4,,,,,,,,,,,,,,,,exp/fallback,0.242,,,,,,,,,,,,,,,,,,,,,,0.5,650.0,DraftKings,exp/fallback,0.1905,0.1677236943721936,16.8,0.1333333333333333,25.79277077914519,25.8,0.1677236943721936,16.8,25.79277077914519,25.8,,,,,,,,,,,,,0.5,650.0,DraftKings,exp/fallback,0.1689375,0.1481029906687618,14.8,0.1333333333333333,11.077243001571402,11.1,0.1481029906687618,14.8,11.077243001571402,11.1,,,,,,,,,,,,,False,True,True,True,False,8.3,,Active roster,2026-10-09T17:28:13+00:00,False,[],2025-2026,,2026-09-24-frozen-v2,2026-10-09T17:28:17.103488+00:00
2026-10-09,ANA@WPG,2026020069,7:00 PM,2026-10-10T00:00:00Z,Alex Iafallo,8480113,WPG,False,"{""season"":""2026-27"",""games"":[{""d"":""2026-10-07"",""g"":0,""a"":0,""s"":2,""pp"":0,""h"":""H"",""toi"":""15:24""},{""d"":""2026-10-05"",""g"":1,""a"":1,""s"":3,""pp"":0,""h"":""R"",""toi"":""10:24""},{""d"":""2026-10-04"",""g"":0,""a"":0,""s"":1,""pp"":0,""h"":""R"",""toi"":""11:44""},{""d"":""2026-10-02"",""g"":0,""a"":0,""s"":0,""pp"":0,""h"":""H"",""toi"":""12:12""}]}",2026-27,WPG,L,,Healthy,Unknown,,,2.0,0.0,,19.0,12.0,2026-10-09T17:27:50+00:00,ANA,Lukas Dostal,0.8883013879709187,3.1028784756930987,69.0,Unconfirmed,dailyfaceoff_name_and_stats,24.71,7.0,24.71,7.0,8.3,79.4,63.9,A1+A2,15.59,53.8,68.9,1.08,NONE,False,False,24.83856174316134,2.3401792243526978,30.0,30.0,14.0,2.8,True,1.5,,1.5,1.5,42.0,2.0,1.0,6.0,1.0,1.0,1.0,2.0,2.0,1.0,1.0,6.0,6.0,LOW,0.2,-0.3,LOW,0.1,,LOW,0.05,,LOW,0.1,,LOW,0.05,,LOW,0.025,,LOW,0.6,,LOW,0.3,,LOW,0.15,,1.187726822830749,0.2375453645661497,,,1.0,2.588181557715705,2.1525825592645345,50.0,60.1,53.3,47.9,4.36,2.19,15.0,2.36,1.19,9.0,WARM,COOL,HOT,2.18,1.18,COOL,Red,Red,Red,Red,59.0,61.0,66.0,59.0,GOAL,66.0,1.0,1.0,1.0,1.0,0.0,4.0,B,Hybrid,7.6,,59.5,,1.0,1.183755274261603,93.51666666666668,1.183755274261603,0.0759289831930498,7.6,7.6,2.9481375868829085,1.584744252361433,1.6039921582605596,7.211801710007531,7.911066699975018,59.5,56.5,False,,,,🥅 D:1,,False,False,1.0,,False,0.0,,False,0.0,,1.5,105.0,BetRivers,,,,,,,,,,1.5,105.0,BetRivers,0.5,235.0,BetRivers,,,,,,,,,,0.5,235.0,BetRivers,,,,,,,,,,,,,,,,0.5,450.0,Fanatics,,,,,,,,,,0.5,450.0,Fanatics,0.5,450.0,Fanatics,,,,,,,,,,0.5,450.0,Fanatics,The Odds API,"[""Bally Bet"", ""BetMGM"", ""BetRivers"", ""Bovada"", ""Caesars"", ""Courtside"", ""DraftKings"", ""FanDuel"", ""Fanatics"", ""Fliff"", ""Hard Rock Bet"", ""theScore Bet""]",The Odds API,"[""Bally Bet"", ""BetMGM"", ""BetRivers"", ""Bovada"", ""Caesars"", ""Courtside"", ""DraftKings"", ""FanDuel"", ""Fanatics"", ""fanatics""]",,,,,,,,,,,,,,,,,,,,The Odds API,"[""Bally Bet"", ""BetRivers""]",The Odds API,"[""Bally Bet"", ""BetRivers""]",2026-10-09T17:28:13.749821+00:00,ALTLINE_NB_v1_2026-01-18,1.5,105.0,BetRivers,exp/fallback,1.5,0.415042439972431,41.5,0.4878048780487805,-14.916299805651628,-14.9,0.415042439972431,41.5,-14.916299805651628,-14.9,,,,,,,,,,,,,0.5,235.0,BetRivers,exp/fallback,0.436,0.3335380108264274,33.4,0.2985074626865671,11.735233626853192,11.7,0.3335380108264274,33.4,11.735233626853192,11.7,,,,,,,,,,,,,,,,exp/fallback,0.218,,,,,,,,,,,,,,,,,,,,,,0.5,450.0,Fanatics,exp/fallback,0.22746,0.1956333675602209,19.6,0.1818181818181818,7.598352158121536,7.6,0.1956333675602209,19.6,7.598352158121536,7.6,,,,,,,,,,,,,0.5,450.0,Fanatics,exp/fallback,0.2102475,0.1788660992804621,17.9,0.1818181818181818,-1.6236453957458097,-1.6,0.1788660992804621,17.9,-1.6236453957458097,-1.6,,,,,,,,,,,,,False,True,False,False,False,8.3,,Active roster,2026-10-09T17:28:13+00:00,False,[],2025-2026,,2026-09-24-frozen-v2,2026-10-09T17:28:17.103488+00:00
2026-10-09,ANA@WPG,2026020069,7:00 PM,2026-10-10T00:00:00Z,Brad Lambert,8483471,WPG,False,,2026-27,WPG,C,,Healthy,Unknown,,,2.0,0.0,,19.0,12.0,2026-10-09T17:27:50+00:00,ANA,Lukas Dostal,0.8883013879709187,3.1028784756930987,69.0,Unconfirmed,dailyfaceoff_name_and_stats,24.71,7.0,24.71,7.0,,31.5,28.5,A1+A2,10.81,16.2,27.4,0.94,NONE,False,False,24.83856174316134,2.3401792243526978,30.0,30.0,14.0,2.8,True,,,,,50.0,,,,,,,,,,,,,,,,,,,,,,,,,,,,,,,,,,,,,,,,1.2756909992912828,0.5102763997165131,,,0.0,2.588181557715705,2.1525825592645345,50.0,60.1,55.4,47.9,2.02,0.89,,,,,COOL,COOL,COOL,1.13,,COOL,Red,Red,Red,Red,38.0,34.0,36.0,33.0,POINTS,38.0,,,,,,,C,Passenger,12.4,,59.5,,0.0,1.344666666666667,33.61666666666667,1.344666666666667,0.1244370411499784,12.4,12.4,1.887456618740704,0.7496281606346058,1.338621715418939,7.211801710007531,7.911066699975018,59.5,62.8,False,,,,,,False,False,1.0,,False,0.0,,False,0.0,,,,,,,,,,,,,,,,,0.5,285.0,BetRivers,,,,,,,,,,0.5,285.0,BetRivers,,,,,,,,,,,,,,,,0.5,700.0,DraftKings,,,,,,,,,,0.5,700.0,DraftKings,0.5,700.0,DraftKings,,,,,,,,,,0.5,700.0,DraftKings,The Odds API,"[""Bally Bet"", ""BetMGM"", ""BetRivers"", ""Bovada"", ""Caesars"", ""Courtside"", ""DraftKings"", ""FanDuel"", ""Fanatics"", ""Fliff"", ""Hard Rock Bet"", ""theScore Bet""]",The Odds API,"[""Bally Bet"", ""BetMGM"", ""BetRivers"", ""Bovada"", ""Caesars"", ""Courtside"", ""DraftKings"", ""FanDuel"", ""Fanatics"", ""fanatics""]",,,,,,,,,,,,,,,,,,,,The Odds API,"[""Bally Bet"", ""BetRivers""]",,,2026-10-09T17:28:13.749821+00:00,ALTLINE_NB_v1_2026-01-18,,,,league_avg,2.3,,,,,,,,,,,,,,,,,,,,,,0.5,285.0,BetRivers,exp/fallback,0.202,0.1773125930889858,17.7,0.2597402597402597,-31.73465166074045,-31.7,0.1773125930889858,17.7,-31.73465166074045,-31.7,,,,,,,,,,,,,,,,exp/fallback,0.1129999999999999,,,,,,,,,,,,,,,,,,,,,,0.5,700.0,DraftKings,exp/fallback,0.2155999999999999,0.1868221851758579,18.7,0.125,49.45774814068632,49.5,0.1868221851758579,18.7,49.45774814068632,49.5,,,,,,,,,,,,,0.5,700.0,DraftKings,exp/fallback,0.16285,0.1434089504531858,14.3,0.125,14.72716036254863,14.7,0.1434089504531858,14.3,14.72716036254863,14.7,,,,,,,,,,,,,False,False,True,True,False,,,Active roster,2026-10-09T17:28:13+00:00,False,[],2025-2026,,2026-09-24-frozen-v2,2026-10-09T17:28:17.103488+00:00
2026-10-09,ANA@WPG,2026020069,7:00 PM,2026-10-10T00:00:00Z,Cole Koepke,8481043,WPG,False,,2026-27,WPG,L,,Healthy,Unknown,,,2.0,0.0,,19.0,12.0,2026-10-09T17:27:50+00:00,ANA,Lukas Dostal,0.8883013879709187,3.1028784756930987,69.0,Unconfirmed,dailyfaceoff_name_and_stats,24.71,7.0,24.71,7.0,,66.6,46.6,A1+A2,10.46,13.8,49.1,1.0,NONE,False,False,24.83856174316134,2.3401792243526978,30.0,30.0,14.0,2.8,True,,,,,50.0,,,,,,,,,,,,,,,,,,,,,,,,,,,,,,,,,,,,,,,,1.7097061442564558,0.5342831700801425,,,0.0,2.588181557715705,2.1525825592645345,50.0,60.1,65.2,47.9,2.86,1.5,,,,,COOL,COOL,COOL,1.36,,COOL,Red,Red,Red,Red,48.0,53.0,56.0,46.0,GOAL,56.0,,,,,,,C,Passenger,0.1,,59.5,,0.0,0.008080808080808,0.5333333333333333,0.008080808080808,0.0007726482518833,0.1,0.1,0.0,0.0,0.0,7.211801710007531,7.911066699975018,59.5,21.2,False,,,,,,False,False,1.0,,False,0.0,,False,0.0,,,,,,,,,,,,,,,,,,,,,,,,,,,,,,,,,,,,,,,,,,,,,,,0.5,750.0,DraftKings,,,,,,,,,,0.5,750.0,DraftKings,0.5,750.0,DraftKings,,,,,,,,,,0.5,750.0,DraftKings,The Odds API,"[""Bally Bet"", ""BetMGM"", ""BetRivers"", ""Bovada"", ""Caesars"", ""Courtside"", ""DraftKings"", ""FanDuel"", ""Fanatics"", ""Fliff"", ""Hard Rock Bet"", ""theScore Bet""]",The Odds API,"[""Bally Bet"", ""BetMGM"", ""BetRivers"", ""Bovada"", ""Caesars"", ""Courtside"", ""DraftKings"", ""FanDuel"", ""Fanatics"", ""fanatics""]",,,,,,,,,,,,,,,,,,,,,,,,2026-10-09T17:28:13.749821+00:00,ALTLINE_NB_v1_2026-01-18,,,,league_avg,2.3,,,,,,,,,,,,,,,,,,,,,,,,,exp/fallback,0.286,,,,,,,,,,,,,,,,,,,,,,,,,exp/fallback,0.136,,,,,,,,,,,,,,,,,,,,,,0.5,750.0,DraftKings,exp/fallback,0.24,0.2048050476549696,20.5,0.1176470588235294,74.0842905067242,74.1,0.2048050476549696,20.5,74.0842905067242,74.1,,,,,,,,,,,,,0.5,750.0,DraftKings,exp/fallback,0.2025,0.1732375988926996,17.3,0.1176470588235294,47.25195905879468,47.3,0.1732375988926996,17.3,47.25195905879468,47.3,,,,,,,,,,,,,False,False,True,True,False,,,Active roster,2026-10-09T17:28:13+00:00,False,[],2025-2026,,2026-09-24-frozen-v2,2026-10-09T17:28:17.103488+00:00
2026-10-09,ANA@WPG,2026020069,7:00 PM,2026-10-10T00:00:00Z,Cole Perfetti,8482149,WPG,False,"{""season"":""2026-27"",""games"":[{""d"":""2026-10-07"",""g"":1,""a"":0,""s"":2,""pp"":0,""h"":""H"",""toi"":""19:02""},{""d"":""2026-10-05"",""g"":1,""a"":0,""s"":4,""pp"":0,""h"":""R"",""toi"":""19:59""},{""d"":""2026-10-04"",""g"":1,""a"":2,""s"":2,""pp"":3,""h"":""R"",""toi"":""17:10""},{""d"":""2026-10-02"",""g"":0,""a"":1,""s"":4,""pp"":1,""h"":""H"",""toi"":""17:06""}]}",2026-27,WPG,C,,Healthy,Unknown,,,2.0,0.0,,19.0,12.0,2026-10-09T17:27:50+00:00,ANA,Lukas Dostal,0.8883013879709187,3.1028784756930987,69.0,Unconfirmed,dailyfaceoff_name_and_stats,24.71,7.0,24.71,7.0,16.7,87.3,71.0,A1+A2,15.62,54.6,75.1,1.1,NONE,False,False,24.83856174316134,2.3401792243526978,30.0,30.0,14.0,2.8,True,3.0,,3.0,3.0,90.2,6.0,3.0,12.0,3.0,3.0,3.0,6.0,6.0,3.0,3.0,12.0,12.0,OK,0.6,0.1,LOW,0.3,,LOW,0.15,,LOW,0.3,,LOW,0.15,,LOW,0.075,,LOW,1.2,,LOW,0.6,,LOW,0.3,,1.46548549053056,0.6280652102273828,,,3.0,2.588181557715705,2.1525825592645345,50.0,60.1,60.4,47.9,6.49,3.26,33.0,0.49,0.26,18.0,COOL,COOL,HOT,3.24,0.24,COOL,Yellow,Yellow,Yellow,Yellow,57.0,75.0,81.0,63.0,GOAL,81.0,0.0,2.0,0.0,1.0,4.0,2.0,B,Shooter,13.9,,59.5,,1.0,2.174509803921569,147.86666666666667,2.174509803921569,0.1391795434936073,13.9,13.9,3.7736699729486025,2.738954012623985,1.217312894499549,7.211801710007531,7.911066699975018,59.5,66.1,False,,,,🥅 D:0,,False,False,1.0,,False,0.0,,False,0.0,,1.5,-285.0,Fanatics,2.5,110.0,BetMGM,3.5,270.0,theScore Bet,4.5,725.0,BetOnline.ag,2.5,110.0,BetMGM,0.5,-125.0,DraftKings,1.5,390.0,Fanatics,2.5,1600.0,DraftKings,3.5,2800.0,BetOnline.ag,0.5,-125.0,DraftKings,0.5,170.0,Hard Rock Bet,1.5,1000.0,DraftKings,,,,,,,0.5,170.0,Hard Rock Bet,0.5,230.0,FanDuel,,,,,,,,,,0.5,230.0,FanDuel,0.5,230.0,FanDuel,,,,,,,,,,0.5,230.0,FanDuel,The Odds API,"[""Bally Bet"", ""BetMGM"", ""BetRivers"", ""Bovada"", ""Caesars"", ""Courtside"", ""DraftKings"", ""FanDuel"", ""Fanatics"", ""Fliff"", ""Hard Rock Bet"", ""fanduel"", ""theScore Bet""]",The Odds API,"[""Bally Bet"", ""BetMGM"", ""BetRivers"", ""Bovada"", ""Caesars"", ""Courtside"", ""DraftKings"", ""FanDuel"", ""Fanatics"", ""betmgm""]",The Odds API,"[""Bally Bet"", ""BetMGM"", ""BetOnline.ag"", ""BetRivers"", ""Bovada"", ""Courtside"", ""DraftKings"", ""FanDuel"", ""Fanatics"", ""Fliff"", ""Hard Rock Bet"", ""ReBet"", ""draftkings"", ""theScore Bet""]",0.5,250.0,Hard Rock Bet,1.5,1400.0,Bovada,,,,,,,0.5,250.0,Hard Rock Bet,The Odds API,"[""Bally Bet"", ""BetRivers"", ""Bovada"", ""Fliff"", ""Hard Rock Bet"", ""theScore Bet""]",The Odds API,"[""Bally Bet"", ""BetMGM"", ""BetOnline.ag"", ""BetRivers"", ""Caesars"", ""Courtside"", ""DraftKings"", ""FanDuel"", ""Fanatics"", ""Fliff"", ""Hard Rock Bet"", ""ReBet"", ""draftkings"", ""theScore Bet""]",The Odds API,"[""Bally Bet"", ""BetMGM"", ""BetOnline.ag"", ""BetRivers"", ""Bovada"", ""Courtside"", ""DraftKings"", ""FanDuel"", ""Fanatics"", ""Fliff"", ""Hard Rock Bet"", ""ReBet"", ""betmgm"", ""theScore Bet""]",2026-10-09T17:28:13.749821+00:00,ALTLINE_NB_v1_2026-01-18,2.5,110.0,BetMGM,exp/fallback,3.3,0.5626316556203185,56.3,0.4761904761904761,18.152647680266888,18.2,0.7468490708318726,74.7,0.8901376386915572,0.9,0.5626316556203185,56.3,18.152647680266888,18.2,0.3960789240591873,39.6,46.54920190189931,46.5,0.2643197425844569,26.4,118.06378763217693,118.1,0.5,-125.0,DraftKings,exp/fallback,0.649,0.4428056430843285,44.3,0.5555555555555556,-20.294984244820856,-20.3,0.4428056430843285,44.3,-20.294984244820856,-20.3,0.1481235442062201,14.8,-27.41946333895216,-27.4,0.0429262492821869,4.3,-27.025376220282247,-27.0,0.0113994933871766,1.1,-66.94146917718784,-66.9,0.5,170.0,Hard Rock Bet,exp/fallback,0.324,0.259393117095873,25.9,0.3703703703703703,-29.963858384114296,-30.0,0.259393117095873,25.9,-29.963858384114296,-30.0,0.0528899931191629,5.3,-41.82100756892072,-41.8,,,,,,,,,0.5,230.0,FanDuel,exp/fallback,0.3104,0.2536720956150183,25.4,0.303030303030303,-16.28820844704395,-16.3,0.2536720956150183,25.4,-16.28820844704395,-16.3,,,,,,,,,,,,,0.5,230.0,FanDuel,exp/fallback,0.3168999999999999,0.2503498952680081,25.0,0.303030303030303,-17.38453456155733,-17.4,0.2503498952680081,25.0,-17.38453456155733,-17.4,,,,,,,,,,,,,True,False,False,False,False,16.7,,Active roster,2026-10-09T17:28:13+00:00,False,[],2025-2026,,2026-09-24-frozen-v2,2026-10-09T17:28:17.103488+00:00
2026-10-09,ANA@WPG,2026020069,7:00 PM,2026-10-10T00:00:00Z,Dylan DeMelo,8476331,WPG,False,,2026-27,WPG,D,,Healthy,Unknown,,,2.0,1.0,🟢 ROLE+,19.0,12.0,2026-10-09T17:27:50+00:00,ANA,Lukas Dostal,0.8883013879709187,3.1028784756930987,69.0,Unconfirmed,dailyfaceoff_name_and_stats,24.71,7.0,24.71,7.0,,34.7,63.9,A1+A2,21.46,91.9,56.4,1.02,NONE,False,False,24.83856174316134,2.3401792243526978,30.0,30.0,14.0,2.8,True,,,,,50.0,,,,,,,,,,,,,,,,,,,,,,,,,,,,,,,,,,,,,,,,0.6414896815939237,0.1603724203984809,,,0.0,2.588181557715705,2.1525825592645345,50.0,60.1,40.2,47.9,2.36,0.36,,,,,COOL,COOL,COOL,2.0,,COOL,Red,Red,Red,Red,64.0,44.0,43.0,57.0,POINTS,64.0,,,,,,,C,Passenger,0.5,,59.5,,0.0,0.1111788617886179,9.116666666666667,0.1111788617886179,0.0051813962299895,0.5,0.5,0.0,0.0,0.0,7.211801710007531,7.911066699975018,59.5,29.7,False,,,,,,False,False,1.0,,False,0.0,,False,0.0,,,,,,,,,,,,,,,,,0.5,265.0,Fanatics,1.5,1900.0,Fanatics,2.5,1450.0,BetOnline.ag,3.5,2800.0,BetOnline.ag,0.5,265.0,Fanatics,0.5,350.0,BetOnline.ag,1.5,2400.0,BetOnline.ag,,,,,,,0.5,350.0,BetOnline.ag,0.5,1500.0,FanDuel,,,,,,,,,,0.5,1500.0,FanDuel,0.5,1500.0,FanDuel,,,,,,,,,,0.5,1500.0,FanDuel,The Odds API,"[""Bally Bet"", ""BetMGM"", ""BetRivers"", ""Bovada"", ""Caesars"", ""Courtside"", ""DraftKings"", ""FanDuel"", ""Fanatics"", ""Fliff"", ""Hard Rock Bet"", ""theScore Bet""]",The Odds API,"[""Bally Bet"", ""BetMGM"", ""BetRivers"", ""Bovada"", ""Caesars"", ""Courtside"", ""DraftKings"", ""FanDuel"", ""Fanatics"", ""fanduel""]",The Odds API,"[""BetOnline.ag"", ""Courtside"", ""DraftKings"", ""Fanatics"", ""ReBet"", ""draftkings""]",,,,,,,,,,,,,,,,,,The Odds API,"[""BetOnline.ag"", ""Courtside"", ""DraftKings"", ""Fanatics"", ""ReBet"", ""draftkings""]",,,2026-10-09T17:28:13.749821+00:00,ALTLINE_NB_v1_2026-01-18,,,,league_avg,2.3,,,,,,,,,,,,,,,,,,,,,,0.5,265.0,Fanatics,exp/fallback,0.236,0.2028869211643794,20.3,0.273972602739726,-25.946273775001504,-25.9,0.2028869211643794,20.3,-25.946273775001504,-25.9,0.0291212767849167,2.9,-41.75744643016657,-41.8,0.0035523989448572,0.4,-94.49378163547124,-94.5,0.0003938812438191,0.0,-98.85774439292456,-98.9,0.5,350.0,BetOnline.ag,exp/fallback,0.2,0.1735537190082646,17.4,0.2222222222222222,-21.90082644628089,-21.9,0.1735537190082646,17.4,-21.90082644628089,-21.9,0.0232907588279489,2.3,-41.773102930127614,-41.8,,,,,,,,,0.5,1500.0,FanDuel,exp/fallback,0.1944,0.1707321143974325,17.1,0.0625,173.17138303589203,173.2,0.1707321143974325,17.1,173.17138303589203,173.2,,,,,,,,,,,,,0.5,1500.0,FanDuel,exp/fallback,0.1284,0.1160214650159255,11.6,0.0625,85.63434402548093,85.6,0.1160214650159255,11.6,85.63434402548093,85.6,,,,,,,,,,,,,False,False,True,True,False,,,Active roster,2026-10-09T17:28:13+00:00,False,[],2025-2026,,2026-09-24-frozen-v2,2026-10-09T17:28:17.103488+00:00
2026-10-09,ANA@WPG,2026020069,7:00 PM,2026-10-10T00:00:00Z,Dylan Samberg,8480049,WPG,False,,2026-27,WPG,D,,Healthy,Unknown,,,2.0,1.0,🟢 ROLE+,19.0,12.0,2026-10-09T17:27:50+00:00,ANA,Lukas Dostal,0.8883013879709187,3.1028784756930987,69.0,Unconfirmed,dailyfaceoff_name_and_stats,24.71,7.0,24.71,7.0,,41.4,56.5,A1+A2,21.82,93.8,57.2,1.03,NONE,False,False,24.83856174316134,2.3401792243526978,30.0,30.0,14.0,2.8,True,,,,,50.0,,,,,,,,,,,,,,,,,,,,,,,,,,,,,,,,,,,,,,,,0.443866018220426,0.0986368929378724,,,0.0,2.588181557715705,2.1525825592645345,50.0,60.1,37.3,47.9,2.64,0.62,,,,,COOL,COOL,COOL,2.03,,COOL,Red,Red,Red,Red,60.0,47.0,47.0,54.0,POINTS,60.0,,,,,,,C,Passenger,0.5,,59.5,,0.0,0.1053030303030303,6.95,0.1053030303030303,0.0048256069618348,0.5,0.5,0.0,0.0,0.0,7.211801710007531,7.911066699975018,59.5,29.7,False,,,,,,False,False,1.0,,False,0.0,,False,0.0,,1.5,-121.0,BetRivers,,,,,,,,,,1.5,-121.0,BetRivers,0.5,195.0,BetRivers,1.5,1100.0,theScore Bet,2.5,1600.0,BetOnline.ag,3.5,3400.0,BetOnline.ag,0.5,195.0,BetRivers,0.5,235.0,BetRivers,1.5,1000.0,Fanatics,,,,,,,0.5,235.0,BetRivers,0.5,1600.0,Fanatics,,,,,,,,,,0.5,1600.0,Fanatics,0.5,1600.0,Fanatics,,,,,,,,,,0.5,1600.0,Fanatics,The Odds API,"[""Bally Bet"", ""BetMGM"", ""BetRivers"", ""Bovada"", ""Caesars"", ""Courtside"", ""DraftKings"", ""FanDuel"", ""Fanatics"", ""Fliff"", ""Hard Rock Bet"", ""theScore Bet""]",The Odds API,"[""Bally Bet"", ""BetMGM"", ""BetRivers"", ""Bovada"", ""Caesars"", ""Courtside"", ""DraftKings"", ""FanDuel"", ""Fanatics"", ""fanatics""]",The Odds API,"[""Bally Bet"", ""BetOnline.ag"", ""BetRivers"", ""Courtside"", ""DraftKings"", ""Fanatics"", ""Hard Rock Bet"", ""ReBet"", ""draftkings"", ""theScore Bet""]",,,,,,,,,,,,,,,,,,The Odds API,"[""Bally Bet"", ""BetOnline.ag"", ""BetRivers"", ""Caesars"", ""Courtside"", ""DraftKings"", ""Fanatics"", ""Hard Rock Bet"", ""ReBet"", ""draftkings"", ""theScore Bet""]",The Odds API,"[""Bally Bet"", ""BetRivers""]",2026-10-09T17:28:13.749821+00:00,ALTLINE_NB_v1_2026-01-18,1.5,-121.0,BetRivers,league_avg,2.3,0.6001759479749428,60.0,0.5475113122171946,9.618912811952365,9.6,0.6001759479749428,60.0,9.618912811952365,9.6,,,,,,,,,,,,,0.5,195.0,BetRivers,exp/fallback,0.264,0.2231484718501334,22.3,0.3389830508474576,-34.17120080421064,-34.2,0.2231484718501334,22.3,-34.17120080421064,-34.2,0.0354069820738931,3.5,-57.51162151132823,-57.5,0.0047812648657953,0.5,-91.87184972814794,-91.9,0.0005871900815299,0.1,-97.94483471464513,-97.9,0.5,235.0,BetRivers,exp/fallback,0.2029999999999999,0.1758030614383183,17.6,0.2985074626865671,-41.10597441816335,-41.1,0.1758030614383183,17.6,-41.10597441816335,-41.1,0.0239083918713448,2.4,-73.70076894152065,-73.7,,,,,,,,,0.5,1600.0,Fanatics,exp/fallback,0.2047999999999999,0.1786805128719816,17.9,0.0588235294117647,203.7568718823688,203.8,0.1786805128719816,17.9,203.7568718823688,203.8,,,,,,,,,,,,,0.5,1600.0,Fanatics,exp/fallback,0.1452999999999999,0.1296345790859625,13.0,0.0588235294117647,120.37878444613632,120.4,0.1296345790859625,13.0,120.37878444613632,120.4,,,,,,,,,,,,,False,False,True,True,False,,,Active roster,2026-10-09T17:28:13+00:00,False,[],2025-2026,,2026-09-24-frozen-v2,2026-10-09T17:28:17.103488+00:00
2026-10-09,ANA@WPG,2026020069,7:00 PM,2026-10-10T00:00:00Z,Gabriel Vilardi,8480014,WPG,False,"{""season"":""2026-27"",""games"":[{""d"":""2026-10-07"",""g"":0,""a"":0,""s"":2,""pp"":0,""h"":""H"",""toi"":""14:21""},{""d"":""2026-10-05"",""g"":0,""a"":0,""s"":3,""pp"":0,""h"":""R"",""toi"":""14:21""},{""d"":""2026-10-04"",""g"":0,""a"":1,""s"":2,""pp"":1,""h"":""R"",""toi"":""14:41""},{""d"":""2026-10-02"",""g"":0,""a"":1,""s"":1,""pp"":1,""h"":""H"",""toi"":""19:25""}]}",2026-27,WPG,C,⭐ STAR,Healthy,Unknown,,,2.0,1.0,🟢 ROLE+,19.0,12.0,2026-10-09T17:27:50+00:00,ANA,Lukas Dostal,0.8883013879709187,3.1028784756930987,69.0,Unconfirmed,dailyfaceoff_name_and_stats,24.71,7.0,24.71,7.0,11.1,95.0,92.8,A1+A2,18.74,79.2,91.1,1.2,STAR,False,True,24.83856174316134,2.3401792243526978,30.0,30.0,14.0,2.8,True,2.0,,2.0,2.0,61.5,2.0,0.0,8.0,0.0,2.0,2.0,2.0,2.0,2.0,2.0,8.0,8.0,LOW,0.2,-0.3,LOW,0.1,,LOW,0.05,,LOW,0.2,,LOW,0.1,,LOW,0.05,,LOW,0.8,,LOW,0.4,,LOW,0.2,,2.1351429635453303,0.5958538502917201,,,2.0,2.588181557715705,2.1525825592645345,50.0,60.1,71.3,47.9,10.76,4.48,22.0,7.78,4.07,12.0,HOT,HOT,HOT,6.27,3.7,HOT,Green,Red,Green,Green,88.0,78.0,80.0,84.0,POINTS,88.0,2.0,2.0,4.0,1.0,2.0,2.0,A,Hybrid,15.9,,59.5,,2.0,2.984552845528455,244.7333333333333,2.984552845528455,0.1592642002624757,15.9,15.9,4.371288477254154,2.495777717243258,2.2064832470716427,7.211801710007531,7.911066699975018,59.5,75.0,False,,,,🅿️ PTS D:2 | 🅿️ D:2,🥅 GOAL EARNED,False,True,3.0,"iXG,REG,G",False,0.0,,False,0.0,,1.5,-110.0,Fanatics,2.5,265.0,Fanatics,3.5,750.0,Fanatics,4.5,1900.0,Fanatics,1.5,-110.0,Fanatics,0.5,-130.0,Hard Rock Bet,1.5,360.0,Fanatics,2.5,1300.0,Fanatics,3.5,2100.0,BetOnline.ag,0.5,-130.0,Hard Rock Bet,0.5,175.0,BetMGM,1.5,900.0,Fanatics,2.5,4000.0,Fanatics,,,,0.5,175.0,BetMGM,0.5,250.0,theScore Bet,,,,,,,,,,0.5,250.0,theScore Bet,0.5,240.0,BetRivers,,,,,,,,,,0.5,240.0,BetRivers,The Odds API,"[""Bally Bet"", ""BetMGM"", ""BetRivers"", ""Bovada"", ""Caesars"", ""Courtside"", ""DraftKings"", ""FanDuel"", ""Fanatics"", ""Fliff"", ""Hard Rock Bet"", ""fanduel"", ""theScore Bet""]",The Odds API,"[""Bally Bet"", ""BetMGM"", ""BetRivers"", ""Bovada"", ""Caesars"", ""Courtside"", ""DraftKings"", ""FanDuel"", ""Fanatics"", ""betrivers""]",The Odds API,"[""Bally Bet"", ""BetMGM"", ""BetOnline.ag"", ""BetRivers"", ""Bovada"", ""Courtside"", ""DraftKings"", ""FanDuel"", ""Fanatics"", ""Fliff"", ""Hard Rock Bet"", ""ReBet"", ""betmgm"", ""theScore Bet""]",0.5,240.0,Bovada,1.5,1200.0,Bovada,,,,,,,0.5,240.0,Bovada,The Odds API,"[""Bally Bet"", ""BetRivers"", ""Bovada"", ""Fliff"", ""Hard Rock Bet"", ""theScore Bet""]",The Odds API,"[""Bally Bet"", ""BetMGM"", ""BetOnline.ag"", ""BetRivers"", ""Caesars"", ""Courtside"", ""DraftKings"", ""FanDuel"", ""Fanatics"", ""Fliff"", ""Hard Rock Bet"", ""ReBet"", ""draftkings"", ""theScore Bet""]",The Odds API,"[""Bally Bet"", ""BetMGM"", ""BetOnline.ag"", ""BetRivers"", ""Bovada"", ""Courtside"", ""DraftKings"", ""FanDuel"", ""Fanatics"", ""Fliff"", ""Hard Rock Bet"", ""ReBet"", ""theScore Bet""]",2026-10-09T17:28:13.749821+00:00,ALTLINE_NB_v1_2026-01-18,1.5,-110.0,Fanatics,exp/fallback,2.2,0.5808468089046723,58.1,0.5238095238095238,10.888936245437442,10.9,0.5808468089046723,58.1,10.888936245437442,10.9,0.3627068685926952,36.3,32.38800703633375,32.4,0.2078978786938726,20.8,76.71319688979176,76.7,0.1117664898050877,11.2,123.53297961017547,123.5,0.5,-130.0,Hard Rock Bet,exp/fallback,1.076,0.5987580012967522,59.9,0.5652173913043478,5.934107921733078,5.9,0.5987580012967522,59.9,5.934107921733078,5.9,0.2851328446755878,28.5,31.16110855077041,31.2,0.1196628815389093,12.0,67.5280341544731,67.5,0.0463717641555948,4.6,2.017881142308675,2.0,0.5,175.0,BetMGM,exp/fallback,0.627,0.4203846935769494,42.0,0.3636363636363636,15.605790733661085,15.6,0.4203846935769494,42.0,15.605790733661085,15.6,0.1437049850674308,14.4,43.70498506743079,43.7,0.0446500684883663,4.5,83.0652808023022,83.1,,,,,0.5,250.0,theScore Bet,exp/fallback,0.3592,0.2851108861732843,28.5,0.2857142857142857,-0.2111898393505007,-0.2,0.2851108861732843,28.5,-0.2111898393505007,-0.2,,,,,,,,,,,,,0.5,240.0,BetRivers,exp/fallback,0.3962,0.297097902592856,29.7,0.2941176470588235,1.0132868815710627,1.0,0.297097902592856,29.7,1.0132868815710627,1.0,,,,,,,,,,,,,True,False,False,False,True,11.1,,Active roster,2026-10-09T17:28:13+00:00,False,"[{""market"":""Points"",""name"":""Hammer Fists"",""kind"":""FLOOR"",""rule"":""Conf_Points >= 80"",""icon"":""PTS05_HAMMER_FISTS.svg"",""kit_version"":""2026-09-24-frozen-v2""},{""market"":""Assists"",""name"":""Staff (Green Stance)"",""kind"":""STANCE"",""rule"":""Green + Assists 0.5"",""icon"":""staff.svg"",""kit_version"":""2026-09-24-frozen-v2""},{""market"":""Assists"",""name"":""Staff Awakened"",""kind"":""STANCE"",""rule"":""Green + Assists 0.5 + Conf_Assists ≥ 83"",""icon"":""staff.svg"",""kit_version"":""2026-09-24-frozen-v2""},{""market"":""Goal"",""name"":""Weakened Armor"",""kind"":""WEAK DEFENSE"",""rule"":""Opp_PK_xGA60 >= 7.3"",""icon"":""shattered_armor.svg"",""kit_version"":""2026-09-24-frozen-v2""},{""market"":""Goal"",""name"":""Fallen Guardian"",""kind"":""WEAK DEFENSE"",""rule"":""Opp_GAA >= 3.01"",""icon"":""fenrir_claw.svg"",""kit_version"":""2026-09-24-frozen-v2""}]",2025-2026,,2026-09-24-frozen-v2,2026-10-09T17:28:17.103488+00:00
2026-10-09,ANA@WPG,2026020069,7:00 PM,2026-10-10T00:00:00Z,Haydn Fleury,8477938,WPG,False,,2026-27,WPG,D,,Healthy,Unknown,,,2.0,0.0,,19.0,12.0,2026-10-09T17:27:50+00:00,ANA,Lukas Dostal,0.8883013879709187,3.1028784756930987,69.0,Unconfirmed,dailyfaceoff_name_and_stats,24.71,7.0,24.71,7.0,,30.5,24.0,A1+A2,13.93,42.3,30.6,0.94,NONE,False,False,24.83856174316134,2.3401792243526978,30.0,30.0,14.0,2.8,True,,,,,50.0,,,,,,,,,,,,,,,,,,,,,,,,,,,,,,,,,,,,,,,,0.4037685060565276,0.0,,,0.0,2.588181557715705,2.1525825592645345,50.0,60.1,36.7,47.9,1.03,0.54,,,,,COOL,COOL,COOL,0.49,,COOL,Red,Red,Red,Red,36.0,35.0,36.0,31.0,POINTS,36.0,,,,,,,C,Passenger,1.2,,59.5,,0.0,0.1605263157894736,6.1,0.1605263157894736,0.0115261069471562,1.2,1.2,4.426229508196722,4.426229508196722,0.0,7.211801710007531,7.911066699975018,59.5,33.1,False,,,,,,False,False,1.0,,False,0.0,,False,0.0,,,,,,,,,,,,,,,,,0.5,175.0,BetRivers,1.5,900.0,BetRivers,,,,,,,0.5,175.0,BetRivers,0.5,240.0,BetRivers,,,,,,,,,,0.5,240.0,BetRivers,0.5,1500.0,Hard Rock Bet,,,,,,,,,,0.5,1500.0,Hard Rock Bet,0.5,1400.0,DraftKings,,,,,,,,,,0.5,1400.0,DraftKings,The Odds API,"[""Bally Bet"", ""BetRivers"", ""Bovada"", ""Caesars"", ""Courtside"", ""DraftKings"", ""FanDuel"", ""Fanatics"", ""Hard Rock Bet"", ""theScore Bet""]",The Odds API,"[""Bally Bet"", ""BetRivers"", ""Bovada"", ""Caesars"", ""Courtside"", ""DraftKings"", ""FanDuel"", ""Fanatics"", ""fanatics""]",The Odds API,"[""Bally Bet"", ""BetRivers""]",,,,,,,,,,,,,,,,,,The Odds API,"[""Bally Bet"", ""BetRivers""]",,,2026-10-09T17:28:13.749821+00:00,ALTLINE_NB_v1_2026-01-18,,,,league_avg,2.3,,,,,,,,,,,,,,,,,,,,,,0.5,175.0,BetRivers,exp/fallback,0.103,0.096235871159761,9.6,0.3636363636363636,-73.53513543106571,-73.5,0.096235871159761,9.6,-73.53513543106571,-73.5,0.0063872101197102,0.6,-93.61278988028978,-93.6,,,,,,,,,0.5,240.0,BetRivers,exp/fallback,0.049,0.0472563244911574,4.7,0.2941176470588235,-83.93284967300646,-83.9,0.0472563244911574,4.7,-83.93284967300646,-83.9,,,,,,,,,,,,,0.5,1500.0,Hard Rock Bet,exp/fallback,0.2016,0.1762462538831184,17.6,0.0625,181.9940062129895,182.0,0.1762462538831184,17.6,181.9940062129895,182.0,,,,,,,,,,,,,0.5,1400.0,DraftKings,exp/fallback,0.1401,0.1254829719797822,12.5,0.0666666666666666,88.2244579696733,88.2,0.1254829719797822,12.5,88.2244579696733,88.2,,,,,,,,,,,,,False,False,True,True,False,,,Active roster,2026-10-09T17:28:13+00:00,False,[],2025-2026,,2026-09-24-frozen-v2,2026-10-09T17:28:17.103488+00:00
2026-10-09,ANA@WPG,2026020069,7:00 PM,2026-10-10T00:00:00Z,Isak Rosen,8482765,WPG,False,,2026-27,WPG,R,,Healthy,Unknown,,,2.0,0.0,,19.0,12.0,2026-10-09T17:27:50+00:00,ANA,Lukas Dostal,0.8883013879709187,3.1028784756930987,69.0,Unconfirmed,dailyfaceoff_name_and_stats,24.71,7.0,24.71,7.0,,46.3,31.9,A1+A2,11.5,21.5,36.3,0.94,NONE,False,False,24.83856174316134,2.3401792243526978,30.0,30.0,14.0,2.8,True,,,,,50.0,,,,,,,,,,,,,,,,,,,,,,,,,,,,,,,,,,,,,,,,1.1614508918283637,0.3318431119509609,,,0.0,2.588181557715705,2.1525825592645345,50.0,60.1,52.5,47.9,2.23,1.21,,,,,COOL,COOL,COOL,1.02,,COOL,Red,Red,Red,Red,40.0,42.0,44.0,36.0,GOAL,44.0,,,,,,,C,Passenger,13.6,,59.5,,0.0,1.5648648648648649,57.9,1.5648648648648649,0.1360219263899765,13.6,13.6,3.1917098445595857,1.4300518134715026,2.072538860103627,7.211801710007531,7.911066699975018,59.5,70.3,False,,,,,,False,False,1.0,,False,0.0,,False,0.0,,1.5,107.0,BetRivers,,,,,,,,,,1.5,107.0,BetRivers,0.5,165.0,BetRivers,1.5,850.0,BetRivers,,,,,,,0.5,165.0,BetRivers,0.5,270.0,BetRivers,,,,,,,,,,0.5,270.0,BetRivers,0.5,500.0,Fanatics,,,,,,,,,,0.5,500.0,Fanatics,0.5,500.0,Fanatics,,,,,,,,,,0.5,500.0,Fanatics,The Odds API,"[""Bally Bet"", ""BetMGM"", ""BetRivers"", ""Bovada"", ""Caesars"", ""Courtside"", ""DraftKings"", ""FanDuel"", ""Fanatics"", ""Fliff"", ""Hard Rock Bet"", ""theScore Bet""]",The Odds API,"[""Bally Bet"", ""BetMGM"", ""BetRivers"", ""Bovada"", ""Caesars"", ""Courtside"", ""DraftKings"", ""FanDuel"", ""Fanatics"", ""fanatics""]",The Odds API,"[""Bally Bet"", ""BetRivers""]",0.5,850.0,Hard Rock Bet,,,,,,,,,,0.5,850.0,Hard Rock Bet,The Odds API,"[""Hard Rock Bet"", ""theScore Bet""]",The Odds API,"[""Bally Bet"", ""BetRivers""]",The Odds API,"[""Bally Bet"", ""BetRivers""]",2026-10-09T17:28:13.749821+00:00,ALTLINE_NB_v1_2026-01-18,1.5,107.0,BetRivers,league_avg,2.3,0.6001759479749428,60.0,0.4830917874396135,24.236421230813157,24.2,0.6001759479749428,60.0,24.236421230813157,24.2,,,,,,,,,,,,,0.5,165.0,BetRivers,exp/fallback,0.223,0.1932369692293506,19.3,0.3773584905660377,-48.792203154222086,-48.8,0.1932369692293506,19.3,-48.792203154222086,-48.8,0.0263540270078816,2.6,-74.96367434251239,-75.0,,,,,,,,,0.5,270.0,BetRivers,exp/fallback,0.102,0.0946957317619664,9.5,0.2702702702702703,-64.96257924807242,-65.0,0.0946957317619664,9.5,-64.96257924807242,-65.0,,,,,,,,,,,,,0.5,500.0,Fanatics,exp/fallback,0.2284,0.1963259981068948,19.6,0.1666666666666666,17.79559886413693,17.8,0.1963259981068948,19.6,17.79559886413693,17.8,,,,,,,,,,,,,0.5,500.0,Fanatics,exp/fallback,0.1836499999999999,0.1592741317733985,15.9,0.1666666666666666,-4.435520935960868,-4.4,0.1592741317733985,15.9,-4.435520935960868,-4.4,,,,,,,,,,,,,True,False,True,False,False,,,Active roster,2026-10-09T17:28:13+00:00,False,[],2025-2026,,2026-09-24-frozen-v2,2026-10-09T17:28:17.103488+00:00
2026-10-09,ANA@WPG,2026020069,7:00 PM,2026-10-10T00:00:00Z,Jack St. Ivany,8481030,PIT,True,,2026-27,WPG,D,,Healthy,Unknown,,,2.0,0.0,,19.0,12.0,2026-10-09T17:27:50+00:00,ANA,Lukas Dostal,0.8883013879709187,3.1028784756930987,69.0,Unconfirmed,dailyfaceoff_name_and_stats,24.71,7.0,24.71,7.0,,25.6,40.6,A1+A2,16.33,62.7,38.3,0.95,NONE,False,False,24.83856174316134,2.3401792243526978,30.0,30.0,14.0,2.8,True,,,,,50.0,,,,,,,,,,,,,,,,,,,,,,,,,,,,,,,,,,,,,,,,1.411527474374055,0.6049403461603092,,,0.0,2.588181557715705,2.1525825592645345,50.0,60.1,59.4,47.9,4.04,0.7,,,,,COOL,COOL,COOL,3.34,,COOL,Red,Red,Red,Red,49.0,34.0,35.0,44.0,POINTS,49.0,,,,,,,,Passenger,0.0,,59.5,,,0.0041666666666666,0.0833333333333333,0.0041666666666666,0.0002552192333214,0.0,0.0,0.0,0.0,0.0,7.211801710007531,7.911066699975018,59.5,17.3,False,,,,,,False,False,1.0,,False,0.0,,False,0.0,,,,,,,,,,,,,,,,,,,,,,,,,,,,,,,,,,,,,,,,,,,,,,,0.5,2200.0,Fanatics,,,,,,,,,,0.5,2200.0,Fanatics,0.5,2200.0,Fanatics,,,,,,,,,,0.5,2200.0,Fanatics,The Odds API,"[""BetMGM"", ""Caesars"", ""Fanatics"", ""Fliff"", ""Hard Rock Bet""]",The Odds API,"[""BetMGM"", ""Caesars"", ""Fanatics"", ""fanatics""]",,,,,,,,,,,,,,,,,,,,,,,,2026-10-09T17:28:13.749821+00:00,ALTLINE_NB_v1_2026-01-18,,,,league_avg,2.3,,,,,,,,,,,,,,,,,,,,,,,,,exp/fallback,0.404,,,,,,,,,,,,,,,,,,,,,,,,,exp/fallback,0.3339999999999999,,,,,,,,,,,,,,,,,,,,,,0.5,2200.0,Fanatics,exp/fallback,0.208,0.1811047129473061,18.1,0.0434782608695652,316.54083977880407,316.5,0.1811047129473061,18.1,316.54083977880407,316.5,,,,,,,,,,,,,0.5,2200.0,Fanatics,exp/fallback,0.1505,0.133753766422828,13.4,0.0434782608695652,207.6336627725044,207.6,0.133753766422828,13.4,207.6336627725044,207.6,,,,,,,,,,,,,False,False,True,True,False,,,Active roster,2026-10-09T17:28:13+00:00,False,[],2025-2026,,2026-09-24-frozen-v2,2026-10-09T17:28:17.103488+00:00
2026-10-09,ANA@WPG,2026020069,7:00 PM,2026-10-10T00:00:00Z,Josh Morrissey,8477504,WPG,False,"{""season"":""2026-27"",""games"":[{""d"":""2026-10-07"",""g"":0,""a"":0,""s"":1,""pp"":0,""h"":""H"",""toi"":""9:32""},{""d"":""2026-10-05"",""g"":0,""a"":1,""s"":0,""pp"":0,""h"":""R"",""toi"":""23:50""},{""d"":""2026-10-04"",""g"":0,""a"":2,""s"":7,""pp"":2,""h"":""R"",""toi"":""21:33""},{""d"":""2026-10-02"",""g"":0,""a"":0,""s"":4,""pp"":0,""h"":""H"",""toi"":""25:22""}]}",2026-27,WPG,D,,GTD,Unknown,,,2.0,-1.0,🟡 GTD,19.0,12.0,2026-10-09T17:27:50+00:00,ANA,Lukas Dostal,0.8883013879709187,3.1028784756930987,69.0,Unconfirmed,dailyfaceoff_name_and_stats,24.71,7.0,24.71,7.0,13.9,61.3,93.9,A1+A2,24.72,98.5,80.1,1.12,NONE,False,False,24.83856174316134,2.3401792243526978,30.0,30.0,14.0,2.8,True,2.5,,3.0,2.675,76.4,3.0,0.0,12.0,0.0,3.0,3.0,3.0,3.0,3.0,3.0,12.0,12.0,LOW,0.3,,LOW,0.15,,LOW,0.075,,LOW,0.3,,LOW,0.15,,LOW,0.075,,LOW,1.2,,LOW,0.6,,LOW,0.3,,1.3350785340314135,0.5890052356020943,,,3.0,2.588181557715705,2.1525825592645345,50.0,60.1,58.1,47.9,7.9,1.21,29.42,4.18,1.21,14.75,HOT,COOL,HOT,6.57,2.97,HOT,Yellow,Red,Red,Yellow,83.0,60.0,61.0,76.0,POINTS,83.0,1.0,1.0,4.0,2.0,2.0,2.0,A,Distributor,12.2,,59.5,,2.0,3.023809523809524,232.83333333333331,3.023809523809524,0.1223217491046958,12.2,12.2,3.2186113099498925,0.5901216893342878,3.092340730136005,7.211801710007531,7.911066699975018,59.5,72.1,False,,,,🅿️ D:1,,False,False,2.0,,False,0.0,,False,0.0,,,,,,,,,,,,,,,,,,,,,,,,,,,,,,,,,,,,,,,,,,,,,,,0.5,450.0,BetMGM,,,,,,,,,,0.5,450.0,BetMGM,0.5,575.0,fanatics,,,,,,,,,,0.5,575.0,fanatics,The Odds API,"[""BetMGM"", ""Bovada"", ""Caesars"", ""Fliff""]",BallDontLie,"[""BetMGM"", ""Bovada"", ""Caesars"", ""fanatics""]",,,,,,,,,,,,,,,,,,,,,,,,2026-10-09T17:28:13.749821+00:00,ALTLINE_NB_v1_2026-01-18,,,,exp/fallback,2.942,,,,,,,,,,,,,,,,,,,,,,,,,exp/fallback,0.79,,,,,,,,,,,,,,,,,,,,,,,,,exp/fallback,0.657,,,,,,,,,,,,,,,,,,,,,,0.5,450.0,BetMGM,exp/fallback,0.2284,0.1963259981068948,19.6,0.1818181818181818,7.97929895879218,8.0,0.1963259981068948,19.6,7.97929895879218,8.0,,,,,,,,,,,,,0.5,575.0,fanatics,exp/fallback,0.1836499999999999,0.1592741317733985,15.9,0.1481481481481481,7.510038947044029,7.5,0.1592741317733985,15.9,7.510038947044029,7.5,,,,,,,,,,,,,False,False,False,False,False,13.9,,Active roster,2026-10-09T17:28:13+00:00,False,[],2025-2026,,2026-09-24-frozen-v2,2026-10-09T17:28:17.103488+00:00
2026-10-09,ANA@WPG,2026020069,7:00 PM,2026-10-10T00:00:00Z,Kyle Connor,8478398,WPG,False,"{""season"":""2026-27"",""games"":[{""d"":""2026-10-07"",""g"":2,""a"":0,""s"":4,""pp"":0,""h"":""H"",""toi"":""19:55""},{""d"":""2026-10-05"",""g"":0,""a"":0,""s"":6,""pp"":0,""h"":""R"",""toi"":""21:59""},{""d"":""2026-10-04"",""g"":2,""a"":1,""s"":5,""pp"":3,""h"":""R"",""toi"":""20:05""},{""d"":""2026-10-02"",""g"":1,""a"":1,""s"":9,""pp"":1,""h"":""H"",""toi"":""20:56""}]}",2026-27,WPG,L,👑 ELITE,Healthy,Unknown,,,2.0,1.0,🟢 ROLE+,19.0,12.0,2026-10-09T17:27:50+00:00,ANA,Lukas Dostal,0.8883013879709187,3.1028784756930987,69.0,Unconfirmed,dailyfaceoff_name_and_stats,24.71,7.0,24.71,7.0,30.6,98.0,97.7,A1+A2,21.51,92.7,96.8,1.26,ELITE,True,False,24.83856174316134,2.3401792243526978,30.0,30.0,14.0,2.8,True,5.5,,6.0,5.675,100.0,7.0,5.0,24.0,5.0,2.0,2.0,7.0,7.0,2.0,2.0,24.0,24.0,OK,0.7,-0.8,LOW,0.35,,LOW,0.175,,LOW,0.2,,LOW,0.1,,LOW,0.05,,LOW,2.4,,LOW,1.2,,LOW,0.6,,2.489376147250371,0.8599663054137645,,,2.0,2.588181557715705,2.1525825592645345,50.0,60.1,73.8,47.9,17.77,6.79,76.61,6.16,0.03,32.75,HOT,COOL,HOT,10.98,6.13,HOT,Green,Green,Green,Green,90.0,88.0,97.0,94.0,GOAL,97.0,0.0,2.0,0.0,0.0,4.0,2.0,A,Distributor,14.0,,59.5,,2.0,3.0134146341463413,247.1,3.0134146341463413,0.1401177571330012,14.0,14.0,4.29481991096722,1.6632942128692836,3.095912585997572,7.211801710007531,7.911066699975018,59.5,76.7,False,,,,🥅 D:0,🥅 GOAL EARNED,False,True,3.0,"iXG,SOG,G",False,0.0,,False,0.0,,1.5,-650.0,DraftKings,2.5,-210.0,DraftKings,3.5,110.0,DraftKings,4.5,245.0,DraftKings,3.5,110.0,DraftKings,0.5,-260.0,theScore Bet,1.5,180.0,theScore Bet,2.5,575.0,Fanatics,3.5,1900.0,Fanatics,1.5,180.0,theScore Bet,0.5,100.0,theScore Bet,1.5,500.0,Fanatics,2.5,2200.0,Fanatics,,,,0.5,100.0,theScore Bet,0.5,125.0,BetRivers,,,,,,,,,,0.5,125.0,BetRivers,0.5,125.0,BetRivers,,,,,,,,,,0.5,125.0,BetRivers,The Odds API,"[""Bally Bet"", ""BetMGM"", ""BetRivers"", ""Bovada"", ""Caesars"", ""Courtside"", ""DraftKings"", ""FanDuel"", ""Fanatics"", ""Fliff"", ""Hard Rock Bet"", ""fanduel"", ""theScore Bet""]",The Odds API,"[""Bally Bet"", ""BetMGM"", ""BetRivers"", ""Bovada"", ""Caesars"", ""Courtside"", ""DraftKings"", ""FanDuel"", ""Fanatics"", ""betrivers""]",The Odds API,"[""Bally Bet"", ""BetMGM"", ""BetOnline.ag"", ""BetRivers"", ""Bovada"", ""Courtside"", ""DraftKings"", ""FanDuel"", ""Fanatics"", ""Fliff"", ""Hard Rock Bet"", ""ReBet"", ""betmgm"", ""theScore Bet""]",0.5,165.0,BetRivers,1.5,825.0,Bovada,,,,,,,0.5,165.0,BetRivers,The Odds API,"[""Bally Bet"", ""BetRivers"", ""Bovada"", ""Fliff"", ""Hard Rock Bet"", ""theScore Bet""]",The Odds API,"[""Bally Bet"", ""BetMGM"", ""BetOnline.ag"", ""BetRivers"", ""Caesars"", ""Courtside"", ""DraftKings"", ""FanDuel"", ""Fanatics"", ""Fliff"", ""Hard Rock Bet"", ""ReBet"", ""betmgm"", ""theScore Bet""]",The Odds API,"[""Bally Bet"", ""BetMGM"", ""BetOnline.ag"", ""BetRivers"", ""Bovada"", ""Courtside"", ""DraftKings"", ""FanDuel"", ""Fanatics"", ""Fliff"", ""Hard Rock Bet"", ""ReBet"", ""draftkings"", ""theScore Bet""]",2026-10-09T17:28:13.749821+00:00,ALTLINE_NB_v1_2026-01-18,3.5,110.0,DraftKings,exp/fallback,7.661,0.811494019942877,81.1,0.4761904761904761,70.41374418800417,70.4,0.9497712132716468,95.0,9.588986146728468,9.6,0.8900132044732632,89.0,31.3829016127198,31.4,0.811494019942877,81.1,70.41374418800417,70.4,0.721219851586582,72.1,148.8208487973708,148.8,1.5,180.0,theScore Bet,exp/fallback,1.777,0.4737400992209892,47.4,0.3571428571428571,32.647227781877,32.6,0.7488732561324772,74.9,3.690143156804543,3.7,0.4737400992209892,47.4,32.647227781877,32.6,0.2702718397885733,27.0,82.43349185728697,82.4,0.1439512041505274,14.4,187.90240830105483,187.9,0.5,100.0,theScore Bet,exp/fallback,1.098,0.5832293143163647,58.3,0.5,16.645862863272942,16.6,0.5832293143163647,58.3,16.645862863272942,16.6,0.287803741120347,28.8,72.68224467220821,72.7,0.1307456652475771,13.1,200.71503006942743,200.7,,,,,0.5,125.0,BetRivers,exp/fallback,0.4516,0.3397532570150563,34.0,0.4444444444444444,-23.55551717161233,-23.6,0.3397532570150563,34.0,-23.55551717161233,-23.6,,,,,,,,,,,,,0.5,125.0,BetRivers,exp/fallback,0.54635,0.3734530761166238,37.3,0.4444444444444444,-15.973057873759643,-16.0,0.3734530761166238,37.3,-15.973057873759643,-16.0,,,,,,,,,,,,,True,True,False,False,True,30.6,,Active roster,2026-10-09T17:28:13+00:00,False,"[{""market"":""Points"",""name"":""DPS Tank stance"",""kind"":""STANCE"",""rule"":""Conf_Points >= 75"",""icon"":""PTS15_TWO_HANDED_HAMMER.svg"",""kit_version"":""2026-09-24-frozen-v2""},{""market"":""Points"",""name"":""Blade Impale"",""kind"":""SPECIAL"",""rule"":""Conf_Points >= 83 + Goal_ProofCount >= 3"",""icon"":""PTS15_BLADE_IMPALE.svg"",""kit_version"":""2026-09-24-frozen-v2""},{""market"":""Points"",""name"":""Blade Slash"",""kind"":""SPECIAL"",""rule"":""Conf_Points >= 75 + Goal_Model% >= 33.4 + Opp_PK_xGA60 >= 7.38249"",""icon"":""PTS15_BLADE_SLASH.svg"",""kit_version"":""2026-09-24-frozen-v2""},{""market"":""Points"",""name"":""Ragnarok"",""kind"":""ULTIMATE"",""rule"":""Blade Impale + Blade Slash"",""icon"":""PTS15_POLARIZING_SMASH.svg"",""kit_version"":""2026-09-24-frozen-v2""},{""market"":""Assists"",""name"":""Staff (Green Stance)"",""kind"":""STANCE"",""rule"":""Green + Assists 0.5"",""icon"":""staff.svg"",""kit_version"":""2026-09-24-frozen-v2""},{""market"":""Assists"",""name"":""Staff Awakened"",""kind"":""STANCE"",""rule"":""Green + Assists 0.5 + Conf_Assists ≥ 83"",""icon"":""staff.svg"",""kit_version"":""2026-09-24-frozen-v2""},{""market"":""SOG"",""name"":""Sniper Stance"",""kind"":""STANCE"",""rule"":""Green + SOG 3.5 + Conf_SOG >= 75"",""icon"":""sog_class_shooter.svg"",""kit_version"":""2026-09-24-frozen-v2""},{""market"":""Goal"",""name"":""Base Attack"",""kind"":""BASE ATTACK"",""rule"":""Goal_mu >= 0.4048"",""icon"":""base.svg"",""kit_version"":""2026-09-24-frozen-v2""},{""market"":""Goal"",""name"":""Weakened Armor"",""kind"":""WEAK DEFENSE"",""rule"":""Opp_PK_xGA60 >= 7.3"",""icon"":""shattered_armor.svg"",""kit_version"":""2026-09-24-frozen-v2""},{""market"":""Goal"",""name"":""Fallen Guardian"",""kind"":""WEAK DEFENSE"",""rule"":""Opp_GAA >= 3.01"",""icon"":""fenrir_claw.svg"",""kit_version"":""2026-09-24-frozen-v2""},{""market"":""Goal"",""name"":""Armor Sunder"",""kind"":""HEAVY ATTACK"",""rule"":""Goal_mu >= 0.4048 + Opp_PK_xGA60 >= 7.3"",""icon"":""smash.svg"",""kit_version"":""2026-09-24-frozen-v2""},{""market"":""Goal"",""name"":""Berserker Aggression"",""kind"":""HEAVY ATTACK"",""rule"":""Goal_mu >= 0.4048 + Opp_GAA >= 3.01"",""icon"":""fury.svg"",""kit_version"":""2026-09-24-frozen-v2""},{""market"":""Goal"",""name"":""Press the Attack"",""kind"":""SPECIAL ATTACK"",""rule"":""Goal_mu >= 0.4048 + Opp_PK_xGA60 >= 7.3 + Opp_GAA >= 2.85"",""icon"":""smash.svg"",""kit_version"":""2026-09-24-frozen-v2""},{""market"":""Goal"",""name"":""Press the Attack (Crit)"",""kind"":""SPECIAL ATTACK"",""rule"":""Goal_mu >= 0.4048 + Opp_PK_xGA60 >= 7.3 + Opp_GAA >= 3.01"",""icon"":""smash.svg"",""kit_version"":""2026-09-24-frozen-v2""},{""market"":""Goal"",""name"":""FOR VALHALLA!"",""kind"":""ULTIMATE ATTACK"",""rule"":""Goal_mu >= 0.4048 + Opp_GAA >= 3.01 + StarScore <= 96.9"",""icon"":""valhalla.svg"",""kit_version"":""2026-09-24-frozen-v2""}]",2025-2026,,2026-09-24-frozen-v2,2026-10-09T17:28:17.103488+00:00
2026-10-09,ANA@WPG,2026020069,7:00 PM,2026-10-10T00:00:00Z,Mario Ferraro,8479983,SJS,True,,2026-27,WPG,D,,Healthy,Unknown,,,2.0,1.0,🟢 ROLE+,19.0,12.0,2026-10-09T17:27:50+00:00,ANA,Lukas Dostal,0.8883013879709187,3.1028784756930987,69.0,Unconfirmed,dailyfaceoff_name_and_stats,24.71,7.0,24.71,7.0,,44.7,63.9,A1+A2,21.03,90.4,60.5,1.04,NONE,False,False,24.83856174316134,2.3401792243526978,30.0,30.0,14.0,2.8,True,,,,,50.0,,,,,,,,,,,,,,,,,,,,,,,,,,,,,,,,,,,,,,,,0.8551576696953501,0.3848209513629075,,,0.0,2.588181557715705,2.1525825592645345,50.0,60.1,44.2,47.9,2.6,0.56,,,,,COOL,COOL,COOL,2.03,,COOL,Red,Red,Red,Red,64.0,49.0,49.0,58.0,POINTS,64.0,,,,,,,,Passenger,0.2,,59.5,,,0.0463414634146341,3.8,0.0463414634146341,0.0022037928434727,0.2,0.2,0.4736842105263158,0.4736842105263158,0.0,7.211801710007531,7.911066699975018,59.5,23.6,False,,,,,,False,False,1.0,,False,0.0,,False,0.0,,1.5,145.0,BetRivers,,,,,,,,,,1.5,145.0,BetRivers,0.5,195.0,BetRivers,,,,,,,,,,0.5,195.0,BetRivers,0.5,240.0,BetRivers,,,,,,,,,,0.5,240.0,BetRivers,0.5,1400.0,Fanatics,,,,,,,,,,0.5,1400.0,Fanatics,0.5,1400.0,Fanatics,,,,,,,,,,0.5,1400.0,Fanatics,The Odds API,"[""Bally Bet"", ""BetMGM"", ""BetRivers"", ""Bovada"", ""Caesars"", ""Courtside"", ""DraftKings"", ""FanDuel"", ""Fanatics"", ""Fliff"", ""Hard Rock Bet"", ""theScore Bet""]",The Odds API,"[""Bally Bet"", ""BetMGM"", ""BetRivers"", ""Bovada"", ""Caesars"", ""Courtside"", ""DraftKings"", ""FanDuel"", ""Fanatics"", ""fanatics""]",The Odds API,"[""Bally Bet"", ""BetRivers""]",,,,,,,,,,,,,,,,,,The Odds API,"[""Bally Bet"", ""BetRivers""]",The Odds API,"[""Bally Bet"", ""BetRivers""]",2026-10-09T17:28:13.749821+00:00,ALTLINE_NB_v1_2026-01-18,1.5,145.0,BetRivers,league_avg,2.3,0.6001759479749428,60.0,0.4081632653061224,47.04310725386098,47.0,0.6001759479749428,60.0,47.04310725386098,47.0,,,,,,,,,,,,,0.5,195.0,BetRivers,exp/fallback,0.26,0.2202968585102594,22.0,0.3389830508474576,-35.012426739473455,-35.0,0.2202968585102594,22.0,-35.012426739473455,-35.0,,,,,,,,,,,,,0.5,240.0,BetRivers,exp/fallback,0.2029999999999999,0.1758030614383183,17.6,0.2941176470588235,-40.22695911097176,-40.2,0.1758030614383183,17.6,-40.22695911097176,-40.2,,,,,,,,,,,,,0.5,1400.0,Fanatics,exp/fallback,0.2024,0.1768557645856978,17.7,0.0666666666666666,165.28364687854676,165.3,0.1768557645856978,17.7,165.28364687854676,165.3,,,,,,,,,,,,,0.5,1400.0,Fanatics,exp/fallback,0.1414,0.1265239325354448,12.7,0.0666666666666666,89.78589880316721,89.8,0.1265239325354448,12.7,89.78589880316721,89.8,,,,,,,,,,,,,True,False,True,True,False,,,Active roster,2026-10-09T17:28:13+00:00,False,[],2025-2026,,2026-09-24-frozen-v2,2026-10-09T17:28:17.103488+00:00
2026-10-09,ANA@WPG,2026020069,7:00 PM,2026-10-10T00:00:00Z,Mark Scheifele,8476460,WPG,False,"{""season"":""2026-27"",""games"":[{""d"":""2026-10-07"",""g"":0,""a"":2,""s"":1,""pp"":0,""h"":""H"",""toi"":""22:18""},{""d"":""2026-10-05"",""g"":0,""a"":0,""s"":3,""pp"":0,""h"":""R"",""toi"":""21:18""},{""d"":""2026-10-04"",""g"":0,""a"":0,""s"":2,""pp"":0,""h"":""R"",""toi"":""18:06""},{""d"":""2026-10-02"",""g"":0,""a"":0,""s"":0,""pp"":0,""h"":""H"",""toi"":""22:29""}]}",2026-27,WPG,C,👑 ELITE,Healthy,Unknown,,,2.0,1.0,🟢 ROLE+,19.0,12.0,2026-10-09T17:27:50+00:00,ANA,Lukas Dostal,0.8883013879709187,3.1028784756930987,69.0,Unconfirmed,dailyfaceoff_name_and_stats,24.71,7.0,24.71,7.0,8.3,94.9,99.1,A1+A2,21.5,92.3,95.9,1.25,ELITE,True,False,24.83856174316134,2.3401792243526978,30.0,30.0,14.0,2.8,True,1.5,,1.5,1.5,42.0,2.0,0.0,6.0,0.0,2.0,2.0,2.0,2.0,2.0,2.0,6.0,6.0,LOW,0.2,-1.3,LOW,0.1,,LOW,0.05,,LOW,0.2,,LOW,0.1,,LOW,0.05,,LOW,0.6,,LOW,0.3,,LOW,0.15,,2.8377739240107203,1.1787676299736838,,,2.0,2.588181557715705,2.1525825592645345,50.0,60.1,74.8,47.9,19.58,4.69,16.5,12.5,4.26,9.0,HOT,HOT,HOT,13.84,8.25,HOT,Green,Green,Green,Green,91.0,77.0,86.0,89.0,POINTS,91.0,0.0,0.0,4.0,1.0,0.0,4.0,A,Distributor,14.3,,59.5,,2.0,3.069918699186992,251.7333333333333,3.069918699186992,0.1427599243856332,14.3,14.3,3.534096927966102,1.1536016949152543,2.8005826271186445,7.211801710007531,7.911066699975018,59.5,75.6,False,,,,🅿️ D:0,🥅 GOAL EARNED,False,True,3.0,"iXG,REG,G",False,0.0,,False,0.0,,1.5,-182.0,BetOnline.ag,2.5,162.0,FanDuel,3.5,400.0,theScore Bet,4.5,800.0,Fanatics,2.5,162.0,FanDuel,0.5,-235.0,Fanatics,1.5,200.0,Fanatics,2.5,700.0,Fanatics,3.5,2200.0,Fanatics,1.5,200.0,Fanatics,0.5,-120.0,Fanatics,1.5,425.0,DraftKings,2.5,1700.0,Fanatics,,,,0.5,-120.0,Fanatics,0.5,195.0,FanDuel,,,,,,,,,,0.5,195.0,FanDuel,0.5,195.0,FanDuel,,,,,,,,,,0.5,195.0,FanDuel,The Odds API,"[""Bally Bet"", ""BetMGM"", ""BetRivers"", ""Bovada"", ""Caesars"", ""Courtside"", ""DraftKings"", ""FanDuel"", ""Fanatics"", ""Fliff"", ""Hard Rock Bet"", ""fanduel"", ""theScore Bet""]",The Odds API,"[""Bally Bet"", ""BetMGM"", ""BetRivers"", ""Bovada"", ""Caesars"", ""Courtside"", ""DraftKings"", ""FanDuel"", ""Fanatics"", ""fanduel""]",The Odds API,"[""Bally Bet"", ""BetMGM"", ""BetOnline.ag"", ""BetRivers"", ""Bovada"", ""Courtside"", ""DraftKings"", ""FanDuel"", ""Fanatics"", ""Fliff"", ""Hard Rock Bet"", ""ReBet"", ""draftkings"", ""theScore Bet""]",0.5,175.0,BetRivers,1.5,850.0,Bovada,,,,,,,0.5,175.0,BetRivers,The Odds API,"[""Bally Bet"", ""BetRivers"", ""Bovada"", ""Fliff"", ""Hard Rock Bet"", ""theScore Bet""]",The Odds API,"[""Bally Bet"", ""BetMGM"", ""BetOnline.ag"", ""BetRivers"", ""Caesars"", ""Courtside"", ""DraftKings"", ""FanDuel"", ""Fanatics"", ""Fliff"", ""Hard Rock Bet"", ""ReBet"", ""betmgm"", ""draftkings"", ""theScore Bet""]",The Odds API,"[""Bally Bet"", ""BetMGM"", ""BetOnline.ag"", ""BetRivers"", ""Bovada"", ""Courtside"", ""DraftKings"", ""FanDuel"", ""Fanatics"", ""Fliff"", ""Hard Rock Bet"", ""ReBet"", ""draftkings"", ""theScore Bet""]",2026-10-09T17:28:13.749821+00:00,ALTLINE_NB_v1_2026-01-18,2.5,162.0,FanDuel,exp/fallback,1.65,0.2410813564627607,24.1,0.3816793893129771,-36.83668460675669,-36.8,0.4553295490258335,45.5,-29.44893800808513,-29.4,0.2410813564627607,24.1,-36.83668460675669,-36.8,0.1159452439922934,11.6,-42.02737800385328,-42.0,0.0519929387253068,5.2,-53.20635514722383,-53.2,1.5,200.0,Fanatics,exp/fallback,1.958,0.5134040266423449,51.3,0.3333333333333333,54.02120799270346,54.0,0.7749128005106205,77.5,10.466292838748032,10.5,0.5134040266423449,51.3,54.02120799270346,54.0,0.3083229900417358,30.8,146.65839203338865,146.7,0.1733059330531111,17.3,298.60364602215566,298.6,0.5,-120.0,Fanatics,exp/fallback,1.384,0.6506994394424606,65.1,0.5454545454545454,19.29489723111777,19.3,0.6506994394424606,65.1,19.29489723111777,19.3,0.3649831416814471,36.5,91.61614938275972,91.6,0.1897032852535913,19.0,241.4659134564644,241.5,,,,,0.5,195.0,FanDuel,exp/fallback,0.31246,0.2550379737160178,25.5,0.3389830508474576,-24.76379775377476,-24.8,0.2550379737160178,25.5,-24.76379775377476,-24.8,,,,,,,,,,,,,0.5,195.0,FanDuel,exp/fallback,0.3483725,0.2695005230612405,27.0,0.3389830508474576,-20.49734569693405,-20.5,0.2695005230612405,27.0,-20.49734569693405,-20.5,,,,,,,,,,,,,False,True,False,False,True,8.3,,Active roster,2026-10-09T17:28:13+00:00,False,"[{""market"":""Points"",""name"":""DPS Tank stance"",""kind"":""STANCE"",""rule"":""Conf_Points >= 75"",""icon"":""PTS15_TWO_HANDED_HAMMER.svg"",""kit_version"":""2026-09-24-frozen-v2""},{""market"":""Points"",""name"":""Blade Impale"",""kind"":""SPECIAL"",""rule"":""Conf_Points >= 83 + Goal_ProofCount >= 3"",""icon"":""PTS15_BLADE_IMPALE.svg"",""kit_version"":""2026-09-24-frozen-v2""},{""market"":""Assists"",""name"":""Staff (Green Stance)"",""kind"":""STANCE"",""rule"":""Green + Assists 0.5"",""icon"":""staff.svg"",""kit_version"":""2026-09-24-frozen-v2""},{""market"":""Assists"",""name"":""Staff Awakened"",""kind"":""STANCE"",""rule"":""Green + Assists 0.5 + Conf_Assists ≥ 83"",""icon"":""staff.svg"",""kit_version"":""2026-09-24-frozen-v2""},{""market"":""SOG"",""name"":""Jungle Stance"",""kind"":""STANCE"",""rule"":""Green + SOG 2.5 + Conf_SOG >= 75"",""icon"":""sog_basic_swipe.svg"",""kit_version"":""2026-09-24-frozen-v2""},{""market"":""SOG"",""name"":""Berserker Swipe"",""kind"":""FLOOR"",""rule"":""iXG% >= 93.2"",""icon"":""sog_basic_swipe.svg"",""kit_version"":""2026-09-24-frozen-v2""},{""market"":""SOG"",""name"":""Paralysis"",""kind"":""ENV"",""rule"":""Goalie_Weak >= 62.5"",""icon"":""sog_env_paralysis.svg"",""kit_version"":""2026-09-24-frozen-v2""},{""market"":""Goal"",""name"":""Weakened Armor"",""kind"":""WEAK DEFENSE"",""rule"":""Opp_PK_xGA60 >= 7.3"",""icon"":""shattered_armor.svg"",""kit_version"":""2026-09-24-frozen-v2""},{""market"":""Goal"",""name"":""Fallen Guardian"",""kind"":""WEAK DEFENSE"",""rule"":""Opp_GAA >= 3.01"",""icon"":""fenrir_claw.svg"",""kit_version"":""2026-09-24-frozen-v2""}]",2025-2026,,2026-09-24-frozen-v2,2026-10-09T17:28:17.103488+00:00
2026-10-09,ANA@WPG,2026020069,7:00 PM,2026-10-10T00:00:00Z,Morgan Barron,8480289,WPG,False,,2026-27,WPG,C,,Healthy,Unknown,,,2.0,0.0,,19.0,12.0,2026-10-09T17:27:50+00:00,ANA,Lukas Dostal,0.8883013879709187,3.1028784756930987,69.0,Unconfirmed,dailyfaceoff_name_and_stats,24.71,7.0,24.71,7.0,,69.9,54.3,A1+A2,12.8,33.8,57.2,1.03,NONE,False,False,24.83856174316134,2.3401792243526978,30.0,30.0,14.0,2.8,True,,,,,50.0,,,,,,,,,,,,,,,,,,,,,,,,,,,,,,,,,,,,,,,,1.7511856986501275,0.4377964246625319,,,0.0,2.588181557715705,2.1525825592645345,50.0,60.1,66.2,47.9,3.72,1.82,,,,,COOL,COOL,COOL,1.9,,COOL,Red,Red,Red,Red,54.0,56.0,59.0,52.0,GOAL,59.0,,,,,,,C,Passenger,0.2,,59.5,,0.0,0.0302564102564102,1.9666666666666663,0.0302564102564102,0.002363782051282,0.2,0.2,0.0,0.0,0.0,7.211801710007531,7.911066699975018,59.5,23.6,False,,,,,,False,False,1.0,,False,0.0,,False,0.0,,1.5,123.0,BetRivers,,,,,,,,,,1.5,123.0,BetRivers,0.5,220.0,BetRivers,,,,,,,,,,0.5,220.0,BetRivers,,,,,,,,,,,,,,,,0.5,700.0,DraftKings,,,,,,,,,,0.5,700.0,DraftKings,0.5,700.0,DraftKings,,,,,,,,,,0.5,700.0,DraftKings,The Odds API,"[""Bally Bet"", ""BetMGM"", ""BetRivers"", ""Bovada"", ""Caesars"", ""Courtside"", ""DraftKings"", ""FanDuel"", ""Fanatics"", ""Fliff"", ""Hard Rock Bet"", ""theScore Bet""]",The Odds API,"[""Bally Bet"", ""BetMGM"", ""BetRivers"", ""Bovada"", ""Caesars"", ""Courtside"", ""DraftKings"", ""FanDuel"", ""Fanatics"", ""betmgm""]",,,,,,,,,,,,,,,,,,,,The Odds API,"[""Bally Bet"", ""BetRivers""]",The Odds API,"[""Bally Bet"", ""BetRivers""]",2026-10-09T17:28:13.749821+00:00,ALTLINE_NB_v1_2026-01-18,1.5,123.0,BetRivers,league_avg,2.3,0.6001759479749428,60.0,0.4484304932735426,33.83923639841224,33.8,0.6001759479749428,60.0,33.83923639841224,33.8,,,,,,,,,,,,,0.5,220.0,BetRivers,exp/fallback,0.372,0.2950996830825247,29.5,0.3125,-5.568101413592075,-5.6,0.2950996830825247,29.5,-5.568101413592075,-5.6,,,,,,,,,,,,,,,,exp/fallback,0.19,,,,,,,,,,,,,,,,,,,,,,0.5,700.0,DraftKings,exp/fallback,0.2528,0.2140166021210695,21.4,0.125,71.21328169685565,71.2,0.2140166021210695,21.4,71.21328169685565,71.2,,,,,,,,,,,,,0.5,700.0,DraftKings,exp/fallback,0.2233,0.1882067916997827,18.8,0.125,50.56543335982617,50.6,0.1882067916997827,18.8,50.56543335982617,50.6,,,,,,,,,,,,,True,False,True,True,False,,,Active roster,2026-10-09T17:28:13+00:00,False,[],2025-2026,,2026-09-24-frozen-v2,2026-10-09T17:28:17.103488+00:00
2026-10-09,ANA@WPG,2026020069,7:00 PM,2026-10-10T00:00:00Z,Neal Pionk,8480145,WPG,False,,2026-27,WPG,D,,Healthy,Unknown,,,2.0,1.0,🟢 ROLE+,19.0,12.0,2026-10-09T17:27:50+00:00,ANA,Lukas Dostal,0.8883013879709187,3.1028784756930987,69.0,Unconfirmed,dailyfaceoff_name_and_stats,24.71,7.0,24.71,7.0,,41.6,46.6,A1+A2,22.71,95.4,54.1,1.02,NONE,False,False,24.83856174316134,2.3401792243526978,30.0,30.0,14.0,2.8,True,,,,,50.0,,,,,,,,,,,,,,,,,,,,,,,,,,,,,,,,,,,,,,,,0.6599934000659994,0.1979980200197998,,,0.0,2.588181557715705,2.1525825592645345,50.0,60.1,40.4,47.9,2.59,0.79,,,,,COOL,COOL,COOL,1.79,,COOL,Red,Red,Red,Red,55.0,48.0,47.0,50.0,POINTS,55.0,,,,,,,C,Passenger,6.8,,59.5,,0.0,1.545751633986928,78.83333333333333,1.545751633986928,0.0680653888217348,6.8,6.8,1.3699788583509511,0.7230443974630021,0.7610993657505285,7.211801710007531,7.911066699975018,59.5,51.0,False,,,,,,False,False,1.0,,False,0.0,,False,0.0,,1.5,-150.0,theScore Bet,2.5,200.0,theScore Bet,3.5,415.0,FanDuel,4.5,1000.0,Fanatics,1.5,-150.0,theScore Bet,0.5,-105.0,theScore Bet,1.5,440.0,Fanatics,2.5,1700.0,Fanatics,3.5,2900.0,BetOnline.ag,0.5,-105.0,theScore Bet,0.5,130.0,BetRivers,1.5,650.0,Fanatics,2.5,3000.0,Fanatics,,,,0.5,130.0,BetRivers,0.5,500.0,theScore Bet,,,,,,,,,,0.5,500.0,theScore Bet,0.5,480.0,FanDuel,,,,,,,,,,0.5,480.0,FanDuel,The Odds API,"[""Bally Bet"", ""BetMGM"", ""BetRivers"", ""Bovada"", ""Caesars"", ""Courtside"", ""DraftKings"", ""FanDuel"", ""Fanatics"", ""Fliff"", ""Hard Rock Bet"", ""theScore Bet""]",The Odds API,"[""Bally Bet"", ""BetMGM"", ""BetRivers"", ""Bovada"", ""Caesars"", ""Courtside"", ""DraftKings"", ""FanDuel"", ""Fanatics"", ""fanduel""]",The Odds API,"[""Bally Bet"", ""BetMGM"", ""BetOnline.ag"", ""BetRivers"", ""Bovada"", ""Courtside"", ""DraftKings"", ""FanDuel"", ""Fanatics"", ""Fliff"", ""Hard Rock Bet"", ""ReBet"", ""betmgm"", ""theScore Bet""]",0.5,230.0,BetRivers,1.5,1000.0,Bovada,,,,,,,0.5,230.0,BetRivers,The Odds API,"[""Bally Bet"", ""BetRivers"", ""Bovada"", ""Fliff"", ""Hard Rock Bet"", ""theScore Bet""]",The Odds API,"[""Bally Bet"", ""BetMGM"", ""BetOnline.ag"", ""BetRivers"", ""Caesars"", ""Courtside"", ""DraftKings"", ""Fanatics"", ""Fliff"", ""Hard Rock Bet"", ""ReBet"", ""betmgm"", ""theScore Bet""]",The Odds API,"[""Bally Bet"", ""BetMGM"", ""BetOnline.ag"", ""BetRivers"", ""Bovada"", ""Courtside"", ""DraftKings"", ""FanDuel"", ""Fanatics"", ""Fliff"", ""Hard Rock Bet"", ""ReBet"", ""theScore Bet""]",2026-10-09T17:28:13.749821+00:00,ALTLINE_NB_v1_2026-01-18,1.5,-150.0,theScore Bet,league_avg,2.3,0.6001759479749428,60.0,0.6,0.0293246624904597,0.0,0.6001759479749428,60.0,0.0293246624904597,0.0,0.3835789960842564,38.4,15.073698825276916,15.1,0.2254288407355011,22.5,16.09585297878312,16.1,0.1243884637071297,12.4,36.827310077842725,36.8,0.5,-105.0,theScore Bet,exp/fallback,0.259,0.2195817477923074,22.0,0.5121951219512195,-57.12927781197807,-57.1,0.2195817477923074,22.0,-57.12927781197807,-57.1,0.0342534322723951,3.4,-81.50314657290659,-81.5,0.0045463559777373,0.5,-91.8165592400728,-91.8,0.0005487320248841,0.1,-98.35380392534756,-98.4,0.5,130.0,BetRivers,exp/fallback,0.179,0.1575472916093184,15.8,0.4347826086956521,-63.76412292985676,-63.8,0.1575472916093184,15.8,-63.76412292985676,-63.8,0.019136061869133,1.9,-85.64795359815018,-85.6,0.0020808001962373,0.2,-93.5495193916642,-93.5,,,,,0.5,500.0,theScore Bet,exp/fallback,0.2116,0.1838199809361185,18.4,0.1666666666666666,10.291988561671106,10.3,0.1838199809361185,18.4,10.291988561671106,10.3,,,,,,,,,,,,,0.5,480.0,FanDuel,exp/fallback,0.15635,0.1383495382806694,13.8,0.1724137931034483,-19.75726779721173,-19.8,0.1383495382806694,13.8,-19.75726779721173,-19.8,,,,,,,,,,,,,False,False,True,False,False,,,Active roster,2026-10-09T17:28:13+00:00,False,[],2025-2026,,2026-09-24-frozen-v2,2026-10-09T17:28:17.103488+00:00
2026-10-09,ANA@WPG,2026020069,7:00 PM,2026-10-10T00:00:00Z,Nino Niederreiter,8475799,WPG,False,"{""season"":""2026-27"",""games"":[{""d"":""2026-10-04"",""g"":0,""a"":0,""s"":0,""pp"":0,""h"":""R"",""toi"":""11:15""},{""d"":""2026-10-02"",""g"":0,""a"":0,""s"":0,""pp"":0,""h"":""H"",""toi"":""12:17""}]}",2026-27,WPG,R,,Healthy,Unknown,,,2.0,0.0,,19.0,12.0,2026-10-09T17:27:50+00:00,ANA,Lukas Dostal,0.8883013879709187,3.1028784756930987,69.0,Unconfirmed,dailyfaceoff_name_and_stats,24.71,7.0,24.71,7.0,,74.8,51.9,A1+A2,13.77,39.2,59.7,1.04,NONE,False,False,24.83856174316134,2.3401792243526978,30.0,30.0,14.0,2.8,True,,,0.0,,50.0,0.0,0.0,0.0,0.0,0.0,0.0,0.0,0.0,0.0,0.0,0.0,0.0,LOW,0.0,,LOW,0.0,,LOW,0.0,,LOW,0.0,,LOW,0.0,,LOW,0.0,,LOW,0.0,,LOW,0.0,,LOW,0.0,,0.9848847548047328,0.4103686478353053,,,0.0,2.588181557715705,2.1525825592645345,50.0,60.1,48.7,47.9,4.28,2.41,,4.28,2.41,,HOT,WARM,COOL,1.87,1.87,WARM,Red,Yellow,Red,Red,56.0,59.0,66.0,52.0,GOAL,66.0,2.0,2.0,2.0,2.0,0.0,2.0,B,Hybrid,11.0,,59.5,,1.0,1.51120218579235,92.18333333333334,1.51120218579235,0.1097529516817144,11.0,11.0,3.1502440788284214,1.4905080455613813,1.9526306273729883,7.211801710007531,7.911066699975018,59.5,63.5,False,,,,🥅 D:2,,False,False,2.0,,False,0.0,,False,0.0,,,,,,,,,,,,,,,,,,,,,,,,,,,,,,,,,,,,,,,,,,,,,,,,,,,,,,,,,,,,,,,,,,,,,,,,,,,,,,,,,,,,,,,,,,,,,,,,,,,,,,,,2026-10-09T17:28:13.749821+00:00,ALTLINE_NB_v1_2026-01-18,,,,league_avg,2.3,,,,,,,,,,,,,,,,,,,,,,,,,exp/fallback,0.428,,,,,,,,,,,,,,,,,,,,,,,,,exp/fallback,0.187,,,,,,,,,,,,,,,,,,,,,,,,,exp/fallback,0.2764,,,,,,,,,,,,,,,,,,,,,,,,,exp/fallback,0.26165,,,,,,,,,,,,,,,,,,,,,,False,False,False,False,False,,,Active roster,2026-10-09T17:28:13+00:00,False,[],2025-2026,,2026-09-24-frozen-v2,2026-10-09T17:28:17.103488+00:00
2026-10-09,ANA@WPG,2026020069,7:00 PM,2026-10-10T00:00:00Z,Viggo Björck,8486025,,,,,WPG,C,,Unknown,,,,,,,,,,,,,,,,,,,,,,,,,,,,,,,,,,,,,,,,,,,,,,,,,,,,,,,,,,,,,,,,,,,,,,,,,,,,,,,,,,,,,,,,,,,,,,,,,,,,,,,,,,,,,,,,,,,,,,,,,,,,,,,,,,,,,,,,,,,,,,,,,,,,,,,,,,,,,,,,,,,,,,,,,,,,,,,,,,,,,,,,,,,,,,,,,,,,,,,,,,,,,,,,,,,,,,,,,,,,,,,,,,,,,,,,,,,,,,,,,,,,,,,,,,,,,,,,,,,,,,2.5,340.0,draftkings,,,,,,,,,,,,,,,,,,,,,,,,0.5,145.0,draftkings,,,,,,,,,,,,,,,,,,,,,,,,0.5,270.0,draftkings,,,,,,,,,,,,,,,,,,,,,,,,0.5,370.0,fanduel,,,,,,,,,,,,,,,,,,,,,,,,,,,,,,,,,,,,,,,,,,,,,,,,,,,,,,,,,Active roster,2026-10-09T17:28:13+00:00,True,[],Unavailable,True,2026-09-24-frozen-v2,2026-10-09T17:28:17.103488+00:00
2026-10-09,ANA@WPG,2026020069,7:00 PM,2026-10-10T00:00:00Z,Vladislav Namestnikov,8476480,WPG,False,,2026-27,WPG,C,,Healthy,Unknown,,,2.0,0.0,,19.0,12.0,2026-10-09T17:27:50+00:00,ANA,Lukas Dostal,0.8883013879709187,3.1028784756930987,69.0,Unconfirmed,dailyfaceoff_name_and_stats,24.71,7.0,24.71,7.0,,65.1,37.3,A1+A2,13.78,39.6,50.3,1.0,NONE,False,False,24.83856174316134,2.3401792243526978,30.0,30.0,14.0,2.8,True,,,,,50.0,,,,,,,,,,,,,,,,,,,,,,,,,,,,,,,,,,,,,,,,0.884281889415637,0.3537127557662548,,,0.0,2.588181557715705,2.1525825592645345,50.0,60.1,45.4,47.9,2.6,1.6,,,,,COOL,COOL,COOL,1.0,,COOL,Red,Red,Red,Red,44.0,54.0,59.0,41.0,GOAL,59.0,,,,,,,B,Shooter,10.4,,59.5,,1.0,1.4361111111111111,86.16666666666667,1.4361111111111111,0.1042422776030325,10.4,10.4,0.8286266924564797,0.8286266924564797,0.0,7.211801710007531,7.911066699975018,59.5,46.8,False,,,,,,False,False,1.0,,False,0.0,,False,0.0,,,,,,,,,,,,,,,,,,,,,,,,,,,,,,,,,,,,,,,,,,,,,,,0.5,575.0,Fanatics,,,,,,,,,,0.5,575.0,Fanatics,0.5,575.0,Fanatics,,,,,,,,,,0.5,575.0,Fanatics,The Odds API,"[""Bally Bet"", ""BetMGM"", ""BetRivers"", ""Bovada"", ""Caesars"", ""Courtside"", ""DraftKings"", ""FanDuel"", ""Fanatics"", ""Fliff"", ""Hard Rock Bet"", ""theScore Bet""]",The Odds API,"[""Bally Bet"", ""BetMGM"", ""BetRivers"", ""Bovada"", ""Caesars"", ""Courtside"", ""DraftKings"", ""FanDuel"", ""Fanatics"", ""fanatics""]",,,0.5,750.0,Hard Rock Bet,,,,,,,,,,0.5,750.0,Hard Rock Bet,The Odds API,"[""Hard Rock Bet"", ""theScore Bet""]",,,,,2026-10-09T17:28:13.749821+00:00,ALTLINE_NB_v1_2026-01-18,,,,league_avg,2.3,,,,,,,,,,,,,,,,,,,,,,,,,exp/fallback,0.26,,,,,,,,,,,,,,,,,,,,,,,,,exp/fallback,0.1,,,,,,,,,,,,,,,,,,,,,,0.5,575.0,Fanatics,exp/fallback,0.244,0.2076998209106814,20.8,0.1481481481481481,40.19737911470994,40.2,0.2076998209106814,20.8,40.19737911470994,40.2,,,,,,,,,,,,,0.5,575.0,Fanatics,exp/fallback,0.209,0.177964077530834,17.8,0.1481481481481481,20.12575233331293,20.1,0.177964077530834,17.8,20.12575233331293,20.1,,,,,,,,,,,,,False,False,True,True,False,,,Active roster,2026-10-09T17:28:13+00:00,False,[],2025-2026,,2026-09-24-frozen-v2,2026-10-09T17:28:17.103488+00:00
2026-10-09,NYR@WSH,2026020067,6:00 PM,2026-10-09T23:00:00Z,Adam Fox,8479323,NYR,False,"{""season"":""2026-27"",""games"":[{""d"":""2026-10-06"",""g"":0,""a"":1,""s"":0,""pp"":0,""h"":""H"",""toi"":""23:49""},{""d"":""2026-10-04"",""g"":0,""a"":1,""s"":1,""pp"":0,""h"":""H"",""toi"":""21:35""},{""d"":""2026-10-02"",""g"":0,""a"":1,""s"":2,""pp"":0,""h"":""R"",""toi"":""22:50""},{""d"":""2026-10-01"",""g"":0,""a"":2,""s"":0,""pp"":1,""h"":""H"",""toi"":""19:04""},{""d"":""2026-09-29"",""g"":0,""a"":0,""s"":0,""pp"":0,""h"":""R"",""toi"":""18:25""}]}",2026-27,NYR,D,,Healthy,Unknown,,,2.0,1.0,🟢 ROLE+,19.0,12.0,2026-10-09T17:27:50+00:00,WSH,Logan Thompson,0.9117832388153748,2.43828101188662,18.0,Confirmed,dailyfaceoff_name_and_stats,28.86,7.0,28.86,7.0,0.0,59.4,95.3,A1+A2,23.63,97.3,79.5,1.12,NONE,False,False,23.53754892467431,2.258550120836825,7.1,17.1,16.0,3.2,True,0.0,0.3333333333333333,0.6,0.21,7.5,5.0,0.0,3.0,0.0,5.0,5.0,5.0,5.0,5.0,5.0,3.0,3.0,LOW,0.5,0.0,LOW,0.25,,LOW,0.125,,OK,0.5,,LOW,0.25,,LOW,0.125,,LOW,0.3,,LOW,0.15,,LOW,0.075,,1.286696018065732,0.4678894611148116,,,5.0,2.6230263896920856,2.6360568982230745,50.0,70.3,56.0,88.1,11.58,1.58,2.1,5.53,1.58,-0.9,HOT,WARM,COOL,9.83,3.94,HOT,Green,Red,Red,Yellow,84.0,51.0,54.0,80.0,POINTS,84.0,0.0,0.0,5.0,2.0,1.0,3.0,A,Distributor,13.7,,72.7,,2.0,3.226363636363636,177.45,3.226363636363636,0.1365437640269317,13.7,13.7,5.215553677092139,0.760777683854607,5.240912933220626,8.75699777062175,7.348475341950056,72.7,86.5,False,,,,🅿️ D:0,,False,False,1.0,,False,0.0,,False,0.0,,1.5,105.0,theScore Bet,2.5,320.0,theScore Bet,3.5,900.0,Fanatics,4.5,2600.0,BetOnline.ag,1.5,105.0,theScore Bet,0.5,-120.0,theScore Bet,1.5,450.0,theScore Bet,2.5,1600.0,DraftKings,3.5,2800.0,BetOnline.ag,0.5,-120.0,theScore Bet,0.5,105.0,theScore Bet,1.5,500.0,Fanatics,2.5,2200.0,Fanatics,,,,0.5,105.0,theScore Bet,0.5,650.0,DraftKings,,,,,,,,,,0.5,650.0,DraftKings,0.5,650.0,DraftKings,,,,,,,,,,0.5,650.0,DraftKings,The Odds API,"[""Bally Bet"", ""BetMGM"", ""BetRivers"", ""Bovada"", ""Caesars"", ""Courtside"", ""DraftKings"", ""FanDuel"", ""Fanatics"", ""Fliff"", ""Hard Rock Bet"", ""theScore Bet""]",The Odds API,"[""Bally Bet"", ""BetMGM"", ""BetRivers"", ""Bovada"", ""Caesars"", ""Courtside"", ""DraftKings"", ""FanDuel"", ""Fanatics"", ""fanduel""]",The Odds API,"[""Bally Bet"", ""BetMGM"", ""BetOnline.ag"", ""BetRivers"", ""Bovada"", ""Courtside"", ""DraftKings"", ""FanDuel"", ""Fanatics"", ""Fliff"", ""Hard Rock Bet"", ""ReBet"", ""draftkings"", ""theScore Bet""]",0.5,250.0,BetMGM,1.5,700.0,Bovada,,,,,,,0.5,250.0,BetMGM,The Odds API,"[""Bally Bet"", ""BetMGM"", ""BetRivers"", ""Bovada"", ""Fliff"", ""Hard Rock Bet"", ""theScore Bet""]",The Odds API,"[""Bally Bet"", ""BetMGM"", ""BetOnline.ag"", ""BetRivers"", ""Caesars"", ""Courtside"", ""DraftKings"", ""FanDuel"", ""Fanatics"", ""Fliff"", ""Hard Rock Bet"", ""ReBet"", ""draftkings"", ""theScore Bet""]",The Odds API,"[""Bally Bet"", ""BetMGM"", ""BetOnline.ag"", ""BetRivers"", ""Bovada"", ""Courtside"", ""DraftKings"", ""FanDuel"", ""Fanatics"", ""Fliff"", ""Hard Rock Bet"", ""ReBet"", ""theScore Bet""]",2026-10-09T17:28:13.749821+00:00,ALTLINE_NB_v1_2026-01-18,1.5,105.0,theScore Bet,exp/fallback,0.21,0.0224907758578867,2.2,0.4878048780487805,-95.38939094913324,-95.4,0.0224907758578867,2.2,-95.38939094913324,-95.4,0.002214603244511,0.2,-99.06986663730537,-99.1,0.0001918021761933,0.0,-99.8081978238067,-99.8,1.5227498614489576e-05,0.0,-99.95888575374089,-100.0,0.5,-120.0,theScore Bet,exp/fallback,1.158,0.6217292809668944,62.2,0.5454545454545454,13.983701510597314,14.0,0.6217292809668944,62.2,13.983701510597314,14.0,0.3100253795648193,31.0,70.51395876065062,70.5,0.1366507588212543,13.7,132.30628999613234,132.3,0.0556940761684916,5.6,61.512820888625775,61.5,0.5,105.0,theScore Bet,exp/fallback,0.983,0.5504753779069211,55.0,0.4878048780487805,12.84745247091884,12.8,0.5504753779069211,55.0,12.84745247091884,12.8,0.2542080607647847,25.4,52.52483645887085,52.5,0.107762818013836,10.8,147.85448143182288,147.9,,,,,0.5,650.0,DraftKings,exp/fallback,0.1824,0.1614264293152539,16.1,0.1333333333333333,21.069821986440484,21.1,0.1614264293152539,16.1,21.069821986440484,21.1,,,,,,,,,,,,,0.5,650.0,DraftKings,exp/fallback,0.155775,0.137899601757092,13.8,0.1333333333333333,3.4247013178190344,3.4,0.137899601757092,13.8,3.4247013178190344,3.4,,,,,,,,,,,,,False,True,True,False,True,0.0,,Active roster,2026-10-09T17:28:13+00:00,False,"[{""market"":""Points"",""name"":""Hammer Fists"",""kind"":""FLOOR"",""rule"":""Conf_Points >= 80"",""icon"":""PTS05_HAMMER_FISTS.svg"",""kit_version"":""2026-09-24-frozen-v2""},{""market"":""Points"",""name"":""Echo Stomp II"",""kind"":""TIER"",""rule"":""Conf_Points >= 80 + TOI_per_game >= 19.18"",""icon"":""PTS05_HAMMER_STOMP.svg"",""kit_version"":""2026-09-24-frozen-v2""},{""market"":""Points"",""name"":""Gaia’s Blessing"",""kind"":""TIER"",""rule"":""Conf_Points >= 80 + Assists_mu >= 0.746"",""icon"":""PTS05_GAIAS_BLESSING.svg"",""kit_version"":""2026-09-24-frozen-v2""},{""market"":""Points"",""name"":""Gaia’s Blessing+ (Press)"",""kind"":""HEAVY"",""rule"":""Conf_Points >= 81 + Assists_mu >= 0.746"",""icon"":""PTS05_GAIAS_BLESSING.svg"",""kit_version"":""2026-09-24-frozen-v2""},{""market"":""Points"",""name"":""Gaia’s Blessing++ (Smash)"",""kind"":""HEAVY"",""rule"":""Conf_Points >= 83 + Assists_mu >= 0.746"",""icon"":""PTS05_GAIAS_BLESSING.svg"",""kit_version"":""2026-09-24-frozen-v2""}]",2025-2026,,2026-09-24-frozen-v2,2026-10-09T17:28:17.103488+00:00
2026-10-09,NYR@WSH,2026020067,6:00 PM,2026-10-09T23:00:00Z,Adam Sykora,8483669,NYR,False,,2026-27,NYR,L,,Healthy,Unknown,,,2.0,0.0,,19.0,12.0,2026-10-09T17:27:50+00:00,WSH,Logan Thompson,0.9117832388153748,2.43828101188662,18.0,Confirmed,dailyfaceoff_name_and_stats,28.86,7.0,28.86,7.0,,28.2,17.6,A1+A2,11.17,20.0,22.9,0.94,NONE,False,False,23.53754892467431,2.258550120836825,7.1,17.1,16.0,3.2,True,,,,,50.0,,,,,,,,,,,,,,,,,,,,,,,,,,,,,,,,,,,,,,,,0.0331583310306714,0.0,,,0.0,2.6230263896920856,2.6360568982230745,50.0,70.3,33.8,88.1,2.42,1.56,,,,,COOL,COOL,COOL,0.85,,COOL,Red,Red,Red,Red,27.0,34.0,31.0,23.0,SOG,34.0,,,,,,,C,Passenger,1.0,,72.7,,0.0,0.109090909090909,1.2,0.109090909090909,0.0097627118644067,1.0,1.0,0.0,0.0,0.0,8.75699777062175,7.348475341950056,72.7,38.8,False,,,,,,False,False,0.0,,False,0.0,,False,0.0,,,,,,,,,,,,,,,,,,,,,,,,,,,,,,,,,,,,,,,,,,,,,,,,,,,,,,,,,,,,,,,,,,,,,,,,,,,,,,,,,,,,,,,,,,,,,,,,,,,,,,,,2026-10-09T17:28:13.749821+00:00,ALTLINE_NB_v1_2026-01-18,,,,league_avg,2.3,,,,,,,,,,,,,,,,,,,,,,,,,exp/fallback,0.242,,,,,,,,,,,,,,,,,,,,,,,,,exp/fallback,0.0849999999999999,,,,,,,,,,,,,,,,,,,,,,,,,exp/fallback,0.2424,,,,,,,,,,,,,,,,,,,,,,,,,exp/fallback,0.2064,,,,,,,,,,,,,,,,,,,,,,False,False,False,False,False,,,Active roster,2026-10-09T17:28:13+00:00,False,[],2025-2026,,2026-09-24-frozen-v2,2026-10-09T17:28:17.103488+00:00
2026-10-09,NYR@WSH,2026020067,6:00 PM,2026-10-09T23:00:00Z,Alberts Smits,8485957,,,,,NYR,D,,Unknown,,,,,,,,,,,,,,,,,,,,,,,,,,,,,,,,,,,,,,,,,,,,,,,,,,,,,,,,,,,,,,,,,,,,,,,,,,,,,,,,,,,,,,,,,,,,,,,,,,,,,,,,,,,,,,,,,,,,,,,,,,,,,,,,,,,,,,,,,,,,,,,,,,,,,,,,,,,,,,,,,,,,,,,,,,,,,,,,,,,,,,,,,,,,,,,,,,,,,,,,,,,,,,,,,,,,,,,,,,,,,,,,,,,,,,,,,,,,,,,,,,,,,,,,,,,,,,,,,,,,,,,,,,,,,,,,,,,,,,,,,,,,,,,,,,,,,,,,,,,,,,,,,,,,,,,,,,,,,,,,,,,,,,,,,,,,,,,,,,,,0.5,2200.0,fanduel,,,,,,,,,,,,,,,,,,,,,,,,,,,,,,,,,,,,,,,,,,,,,,,,,,,,,,,,,Active roster,2026-10-09T17:28:13+00:00,True,[],Unavailable,True,2026-09-24-frozen-v2,2026-10-09T17:28:17.103488+00:00
2026-10-09,NYR@WSH,2026020067,6:00 PM,2026-10-09T23:00:00Z,Alexis Lafrenire,8482109,NYR,False,"{""season"":""2026-27"",""games"":[{""d"":""2026-10-06"",""g"":3,""a"":1,""s"":3,""pp"":0,""h"":""H"",""toi"":""18:54""},{""d"":""2026-10-04"",""g"":0,""a"":1,""s"":4,""pp"":0,""h"":""H"",""toi"":""21:44""},{""d"":""2026-10-02"",""g"":0,""a"":0,""s"":1,""pp"":0,""h"":""R"",""toi"":""21:30""},{""d"":""2026-10-01"",""g"":0,""a"":0,""s"":3,""pp"":0,""h"":""H"",""toi"":""15:15""},{""d"":""2026-09-29"",""g"":0,""a"":0,""s"":0,""pp"":0,""h"":""R"",""toi"":""18:17""}]}",2026-27,NYR,L,,Healthy,Unknown,,,2.0,1.0,🟢 ROLE+,19.0,12.0,2026-10-09T17:27:50+00:00,WSH,Logan Thompson,0.9117832388153748,2.43828101188662,18.0,Confirmed,dailyfaceoff_name_and_stats,28.86,7.0,28.86,7.0,16.7,91.5,88.4,A1+A2,17.6,72.3,86.6,1.15,NONE,False,False,23.53754892467431,2.258550120836825,7.1,17.1,16.0,3.2,True,3.0,2.333333333333333,2.2,2.72,78.2,5.0,3.0,11.0,3.0,2.0,2.0,5.0,5.0,2.0,2.0,11.0,11.0,LOW,0.5,,LOW,0.25,,LOW,0.125,,LOW,0.2,,LOW,0.1,,LOW,0.05,,LOW,1.1,,LOW,0.55,,LOW,0.275,,1.7652497968561742,0.5043570848160498,,,2.0,2.6230263896920856,2.6360568982230745,50.0,70.3,66.5,88.1,8.65,3.58,29.92,2.86,0.25,16.2,HOT,COOL,HOT,5.07,2.61,HOT,Yellow,Yellow,Green,Yellow,75.0,80.0,82.0,77.0,GOAL,82.0,0.0,0.0,0.0,0.0,0.0,5.0,A,Hybrid,13.0,,72.7,,2.0,2.2894308943089428,187.7333333333333,2.2894308943089428,0.1300933197819458,13.0,13.0,3.474076704545455,1.844105113636364,1.9176136363636365,8.75699777062175,7.348475341950056,72.7,73.6,False,,,,🥅 D:0,,False,False,0.0,,False,0.0,,False,0.0,,,,,,,,,,,,,,,,,,,,,,,,,,,,,,,,,,,,,,,,,,,,,,,,,,,,,,,,,,,,,,,,,,,,,,,,,,,,,,,,,,,,,,,,,,,,,,,,,,,,,,,,2026-10-09T17:28:13.749821+00:00,ALTLINE_NB_v1_2026-01-18,,,,exp/fallback,2.992,,,,,,,,,,,,,,,,,,,,,,,,,exp/fallback,0.865,,,,,,,,,,,,,,,,,,,,,,,,,exp/fallback,0.507,,,,,,,,,,,,,,,,,,,,,,,,,exp/fallback,0.3232,,,,,,,,,,,,,,,,,,,,,,,,,exp/fallback,0.3377,,,,,,,,,,,,,,,,,,,,,,False,False,False,False,False,16.7,,Active roster,2026-10-09T17:28:13+00:00,False,[],2025-2026,,2026-09-24-frozen-v2,2026-10-09T17:28:17.103488+00:00
2026-10-09,NYR@WSH,2026020067,6:00 PM,2026-10-09T23:00:00Z,Alexis Lafrenière,8482109,,,,,NYR,L,,Unknown,,,,,,,,,,,,,,,,,,,,,,,,,,,,,,,,,,,,,,,,,,,,,,,,,,,,,,,,,,,,,,,,,,,,,,,,,,,,,,,,,,,,,,,,,,,,,,,,,,,,,,,,,,,,,,,,,,,,,,,,,,,,,,,,,,,,,,,,,,,,,,,,,,,,,,,,,,,,,,,,,,,,,,,,,,,,,,,,,,,,,,,,,,,,,,,,,,,,,,,,,,,,,,,,,,,,,,,,,,,,,,,,,,,,,,,,,,,,,,,,,,,,,,,,,,,0.5,280.0,betmgm,,,,,,,,,2.5,145.0,draftkings,,,,,,,,,,,,,,,,,,,,,,,,0.5,105.0,draftkings,,,,,,,,,,,,,,,,,,,,,,,,0.5,210.0,draftkings,,,,,,,,,,,,,,,,,,,,,,,,0.5,270.0,fanduel,,,,,,,,,,,,,,,,,,,,,,,,,,,,,,,,,,,,,,,,,,,,,,,,,,,,,,,,,Active roster,2026-10-09T17:28:13+00:00,True,[],Unavailable,True,2026-09-24-frozen-v2,2026-10-09T17:28:17.103488+00:00
2026-10-09,NYR@WSH,2026020067,6:00 PM,2026-10-09T23:00:00Z,Braden Schneider,8482073,NYR,False,,2026-27,NYR,D,,Healthy,Unknown,,,2.0,1.0,🟢 ROLE+,19.0,12.0,2026-10-09T17:27:50+00:00,WSH,Logan Thompson,0.9117832388153748,2.43828101188662,18.0,Confirmed,dailyfaceoff_name_and_stats,28.86,7.0,28.86,7.0,,44.5,63.9,A1+A2,20.44,88.5,60.1,1.04,NONE,False,False,23.53754892467431,2.258550120836825,7.1,17.1,16.0,3.2,True,,,,,50.0,,,,,,,,,,,,,,,,,,,,,,,,,,,,,,,,,,,,,,,,0.7174929950643048,0.3798492326811025,,,0.0,2.6230263896920856,2.6360568982230745,50.0,70.3,41.7,88.1,2.59,0.56,,,,,COOL,COOL,COOL,2.03,,COOL,Red,Red,Red,Red,61.0,50.0,46.0,56.0,POINTS,61.0,,,,,,,C,Passenger,1.7,,72.7,,0.0,0.3567073170731707,29.25,0.3567073170731707,0.0174494909322303,1.7,1.7,0.0205128205128205,0.0205128205128205,0.0,8.75699777062175,7.348475341950056,72.7,41.4,False,,,,,,False,False,0.0,,False,0.0,,False,0.0,,,,,,,,,,,,,,,,,,,,,,,,,,,,,,,,,,,,,,,,,,,,,,,0.5,2200.0,Fanatics,,,,,,,,,,0.5,2200.0,Fanatics,0.5,2600.0,fanduel,,,,,,,,,,0.5,2600.0,fanduel,The Odds API,"[""Bally Bet"", ""BetMGM"", ""BetRivers"", ""Bovada"", ""Caesars"", ""Courtside"", ""DraftKings"", ""Fanatics"", ""Fliff"", ""Hard Rock Bet"", ""theScore Bet""]",BallDontLie,"[""Bally Bet"", ""BetMGM"", ""BetRivers"", ""Bovada"", ""Caesars"", ""Courtside"", ""DraftKings"", ""Fanatics"", ""fanduel""]",,,,,,,,,,,,,,,,,,,,,,,,2026-10-09T17:28:13.749821+00:00,ALTLINE_NB_v1_2026-01-18,,,,league_avg,2.3,,,,,,,,,,,,,,,,,,,,,,,,,exp/fallback,0.259,,,,,,,,,,,,,,,,,,,,,,,,,exp/fallback,0.2029999999999999,,,,,,,,,,,,,,,,,,,,,,0.5,2200.0,Fanatics,exp/fallback,0.2024,0.1768557645856978,17.7,0.0434782608695652,306.76825854710506,306.8,0.1768557645856978,17.7,306.76825854710506,306.8,,,,,,,,,,,,,0.5,2600.0,fanduel,exp/fallback,0.1414,0.1265239325354448,12.7,0.037037037037037,241.61461784570096,241.6,0.1265239325354448,12.7,241.61461784570096,241.6,,,,,,,,,,,,,False,False,True,True,False,,,Active roster,2026-10-09T17:28:13+00:00,False,[],2025-2026,,2026-09-24-frozen-v2,2026-10-09T17:28:17.103488+00:00
2026-10-09,NYR@WSH,2026020067,6:00 PM,2026-10-09T23:00:00Z,Eeli Tolvanen,8480009,SEA,True,"{""season"":""2026-27"",""games"":[{""d"":""2026-10-06"",""g"":0,""a"":0,""s"":0,""pp"":0,""h"":""H"",""toi"":""13:57""},{""d"":""2026-10-04"",""g"":1,""a"":0,""s"":2,""pp"":0,""h"":""H"",""toi"":""14:15""},{""d"":""2026-10-02"",""g"":1,""a"":0,""s"":1,""pp"":0,""h"":""R"",""toi"":""11:26""},{""d"":""2026-10-01"",""g"":1,""a"":0,""s"":1,""pp"":0,""h"":""H"",""toi"":""14:18""},{""d"":""2026-09-29"",""g"":0,""a"":0,""s"":2,""pp"":0,""h"":""R"",""toi"":""13:56""}]}",2026-27,NYR,R,,Healthy,Unknown,,,2.0,0.0,,19.0,12.0,2026-10-09T17:27:50+00:00,WSH,Logan Thompson,0.9117832388153748,2.43828101188662,18.0,Confirmed,dailyfaceoff_name_and_stats,28.86,7.0,28.86,7.0,5.6,78.9,77.8,A1+A2,16.04,59.6,74.7,1.1,NONE,False,False,23.53754892467431,2.258550120836825,7.1,17.1,16.0,3.2,True,1.0,1.3333333333333333,1.2,1.07,31.0,3.0,3.0,6.0,3.0,0.0,0.0,3.0,3.0,0.0,0.0,6.0,6.0,LOW,0.3,-0.2,LOW,0.15,,LOW,0.075,,LOW,0.0,,LOW,0.0,,LOW,0.0,,LOW,0.6,,LOW,0.3,,LOW,0.15,,0.9639038104322506,0.4217079170641096,,,0.0,2.6230263896920856,2.6360568982230745,50.0,70.3,48.3,88.1,5.62,2.24,11.77,2.62,-0.76,4.7,HOT,COOL,HOT,3.38,3.38,HOT,Yellow,Red,Red,Yellow,64.0,69.0,65.0,71.0,ASSISTS,71.0,1.0,5.0,1.0,5.0,0.0,5.0,,Passenger,10.9,,72.7,,,1.7564102564102564,137.0,1.7564102564102564,0.1094875927381222,10.9,10.9,4.226277372262774,1.9927007299270076,2.6277372262773726,8.75699777062175,7.348475341950056,72.7,74.6,False,,,,🅰️ D:5,,False,False,0.0,,False,0.0,,False,0.0,,1.5,130.0,Fanatics,2.5,410.0,Fanatics,3.5,1200.0,Fanatics,4.5,2500.0,BetOnline.ag,1.5,130.0,Fanatics,0.5,225.0,Fanatics,1.5,1400.0,DraftKings,2.5,1500.0,BetOnline.ag,3.5,2900.0,BetOnline.ag,0.5,225.0,Fanatics,0.5,375.0,Fanatics,1.5,2800.0,Fanatics,,,,,,,0.5,375.0,Fanatics,0.5,575.0,Fanatics,,,,,,,,,,0.5,575.0,Fanatics,0.5,575.0,Fanatics,,,,,,,,,,0.5,575.0,Fanatics,The Odds API,"[""Bally Bet"", ""BetMGM"", ""BetRivers"", ""Bovada"", ""Caesars"", ""Courtside"", ""DraftKings"", ""FanDuel"", ""Fanatics"", ""Fliff"", ""Hard Rock Bet"", ""theScore Bet""]",The Odds API,"[""Bally Bet"", ""BetMGM"", ""BetRivers"", ""Bovada"", ""Caesars"", ""Courtside"", ""DraftKings"", ""FanDuel"", ""Fanatics"", ""betrivers""]",The Odds API,"[""BetOnline.ag"", ""Courtside"", ""DraftKings"", ""Fanatics"", ""Hard Rock Bet"", ""ReBet"", ""draftkings"", ""theScore Bet""]",0.5,800.0,Bovada,,,,,,,,,,0.5,800.0,Bovada,The Odds API,"[""Bovada"", ""Hard Rock Bet"", ""theScore Bet""]",The Odds API,"[""Bally Bet"", ""BetOnline.ag"", ""BetRivers"", ""Caesars"", ""Courtside"", ""DraftKings"", ""Fanatics"", ""Hard Rock Bet"", ""ReBet"", ""draftkings"", ""theScore Bet""]",The Odds API,"[""Bally Bet"", ""BetMGM"", ""BetOnline.ag"", ""BetRivers"", ""Bovada"", ""Courtside"", ""DraftKings"", ""Fanatics"", ""Fliff"", ""Hard Rock Bet"", ""ReBet"", ""theScore Bet""]",2026-10-09T17:28:13.749821+00:00,ALTLINE_NB_v1_2026-01-18,1.5,130.0,Fanatics,exp/fallback,1.177,0.3195036281482534,32.0,0.4347826086956521,-26.51416552590172,-26.5,0.3195036281482534,32.0,-26.51416552590172,-26.5,0.1352890902025563,13.5,-31.002563996696285,-31.0,0.0515260957416385,5.2,-33.016075535869845,-33.0,0.0181996851098296,1.8,-52.68081871444301,-52.7,0.5,225.0,Fanatics,exp/fallback,0.562,0.4013336019148067,40.1,0.3076923076923077,30.43342062231218,30.4,0.4013336019148067,40.1,30.43342062231218,30.4,0.1201850135268409,12.0,80.27752029026145,80.3,0.0310618272604626,3.1,-50.30107638325969,-50.3,0.0073443006849083,0.7,-77.96709794527503,-78.0,0.5,375.0,Fanatics,exp/fallback,0.3379999999999999,0.2682361050842226,26.8,0.2105263157894736,27.41214991500573,27.4,0.2682361050842226,26.8,27.41214991500573,27.4,0.0566568095482662,5.7,64.3047476899721,64.3,,,,,,,,,0.5,575.0,Fanatics,exp/fallback,0.2022,0.176703446117601,17.7,0.1481481481481481,19.274826129380685,19.3,0.176703446117601,17.7,19.274826129380685,19.3,,,,,,,,,,,,,0.5,575.0,Fanatics,exp/fallback,0.18795,0.1624935228941818,16.2,0.1481481481481481,9.683127953572743,9.7,0.1624935228941818,16.2,9.683127953572743,9.7,,,,,,,,,,,,,False,True,True,False,True,5.6,,Active roster,2026-10-09T17:28:13+00:00,False,[],2025-2026,,2026-09-24-frozen-v2,2026-10-09T17:28:17.103488+00:00
2026-10-09,NYR@WSH,2026020067,6:00 PM,2026-10-09T23:00:00Z,Gabe Perreault,8484210,NYR,False,"{""season"":""2026-27"",""games"":[{""d"":""2026-10-06"",""g"":0,""a"":1,""s"":1,""pp"":1,""h"":""H"",""toi"":""13:45""},{""d"":""2026-10-04"",""g"":1,""a"":0,""s"":1,""pp"":0,""h"":""H"",""toi"":""18:18""},{""d"":""2026-10-02"",""g"":0,""a"":1,""s"":2,""pp"":1,""h"":""R"",""toi"":""15:24""},{""d"":""2026-10-01"",""g"":1,""a"":0,""s"":1,""pp"":0,""h"":""H"",""toi"":""10:46""},{""d"":""2026-09-29"",""g"":0,""a"":0,""s"":0,""pp"":0,""h"":""R"",""toi"":""16:20""}]}",2026-27,NYR,R,,Healthy,Unknown,,,2.0,0.0,,19.0,12.0,2026-10-09T17:27:50+00:00,WSH,Logan Thompson,0.9117832388153748,2.43828101188662,18.0,Confirmed,dailyfaceoff_name_and_stats,28.86,7.0,28.86,7.0,5.6,73.2,60.9,A1+A2,15.99,59.2,66.1,1.06,NONE,False,False,23.53754892467431,2.258550120836825,7.1,17.1,16.0,3.2,True,1.0,1.0,1.0,1.0,25.3,4.0,2.0,5.0,2.0,2.0,2.0,4.0,4.0,2.0,2.0,5.0,5.0,LOW,0.4,-0.1,LOW,0.2,,LOW,0.1,,LOW,0.2,,LOW,0.1,,LOW,0.05,,LOW,0.5,,LOW,0.25,,LOW,0.125,,1.6184369306485578,0.5962662376073634,,,2.0,2.6230263896920856,2.6360568982230745,50.0,70.3,63.7,88.1,6.13,2.87,11.0,2.13,0.87,5.0,WARM,COOL,HOT,3.26,1.26,COOL,Red,Red,Red,Red,55.0,65.0,59.0,58.0,SOG,65.0,0.0,0.0,1.0,5.0,2.0,0.0,B,Hybrid,7.5,,72.7,,1.0,1.1928571428571428,58.45,1.1928571428571428,0.0746170212765957,7.5,7.5,5.317365269461078,2.699743370402053,3.0795551753635584,8.75699777062175,7.348475341950056,72.7,71.6,False,,,,🎯 D:5,,False,False,0.0,,False,0.0,,False,0.0,,1.5,117.0,BetOnline.ag,2.5,360.0,Fanatics,3.5,1000.0,Fanatics,4.5,800.0,BetOnline.ag,1.5,117.0,BetOnline.ag,0.5,160.0,theScore Bet,1.5,900.0,theScore Bet,2.5,1600.0,BetOnline.ag,3.5,3400.0,BetOnline.ag,0.5,160.0,theScore Bet,0.5,320.0,DraftKings,1.5,2200.0,Fanatics,,,,,,,0.5,320.0,DraftKings,0.5,380.0,theScore Bet,,,,,,,,,,0.5,380.0,theScore Bet,0.5,390.0,fanatics,,,,,,,,,,0.5,390.0,fanatics,The Odds API,"[""Bally Bet"", ""BetMGM"", ""BetRivers"", ""Bovada"", ""Caesars"", ""Courtside"", ""DraftKings"", ""FanDuel"", ""Fanatics"", ""Hard Rock Bet"", ""fanduel"", ""theScore Bet""]",BallDontLie,"[""Bally Bet"", ""BetMGM"", ""BetRivers"", ""Bovada"", ""Caesars"", ""Courtside"", ""DraftKings"", ""FanDuel"", ""Fanatics"", ""fanatics""]",The Odds API,"[""Bally Bet"", ""BetMGM"", ""BetOnline.ag"", ""BetRivers"", ""Courtside"", ""DraftKings"", ""FanDuel"", ""Fanatics"", ""Hard Rock Bet"", ""ReBet"", ""draftkings"", ""theScore Bet""]",0.5,800.0,Bovada,,,,,,,,,,0.5,800.0,Bovada,The Odds API,"[""Bovada""]",The Odds API,"[""Bally Bet"", ""BetMGM"", ""BetOnline.ag"", ""BetRivers"", ""Caesars"", ""Courtside"", ""DraftKings"", ""FanDuel"", ""Fanatics"", ""Hard Rock Bet"", ""ReBet"", ""draftkings"", ""theScore Bet""]",The Odds API,"[""Bally Bet"", ""BetOnline.ag"", ""BetRivers"", ""Courtside"", ""DraftKings"", ""FanDuel"", ""Fanatics"", ""Hard Rock Bet"", ""ReBet"", ""theScore Bet""]",2026-10-09T17:28:13.749821+00:00,ALTLINE_NB_v1_2026-01-18,1.5,117.0,BetOnline.ag,exp/fallback,1.1,0.2951240545579663,29.5,0.4608294930875576,-35.95808016092131,-36.0,0.2951240545579663,29.5,-35.95808016092131,-36.0,0.1190869247365296,11.9,-45.220014621196384,-45.2,0.0431493393233607,4.3,-52.53572674430319,-52.5,0.014486623260547,1.4,-86.96203906550764,-87.0,0.5,160.0,theScore Bet,exp/fallback,0.613,0.4261304945376426,42.6,0.3846153846153846,10.793928579787082,10.8,0.4261304945376426,42.6,10.793928579787082,10.8,0.1364907046167458,13.6,36.49070461674584,36.5,0.0378157187581816,3.8,-35.71327811109114,-35.7,0.0095942367927871,1.0,-66.42017122524499,-66.4,0.5,320.0,DraftKings,exp/fallback,0.3259999999999999,0.2606661841281295,26.1,0.238095238095238,9.479797333814387,9.5,0.2606661841281295,26.1,9.479797333814387,9.5,0.0534238591287916,5.3,22.874875996220823,22.9,,,,,,,,,0.5,380.0,theScore Bet,exp/fallback,0.2211,0.1909250298873965,19.1,0.2083333333333333,-8.355985654049647,-8.4,0.1909250298873965,19.1,-8.355985654049647,-8.4,,,,,,,,,,,,,0.5,390.0,fanatics,exp/fallback,0.2186625,0.1849082504399398,18.5,0.2040816326530612,-9.394957284429474,-9.4,0.1849082504399398,18.5,-9.394957284429474,-9.4,,,,,,,,,,,,,False,True,False,False,False,5.6,,Active roster,2026-10-09T17:28:13+00:00,False,[],2025-2026,,2026-09-24-frozen-v2,2026-10-09T17:28:17.103488+00:00
2026-10-09,NYR@WSH,2026020067,6:00 PM,2026-10-09T23:00:00Z,J.T. Miller,8476468,NYR,False,"{""season"":""2026-27"",""games"":[{""d"":""2026-10-06"",""g"":0,""a"":1,""s"":3,""pp"":0,""h"":""H"",""toi"":""16:29""},{""d"":""2026-10-04"",""g"":1,""a"":0,""s"":1,""pp"":0,""h"":""H"",""toi"":""20:27""},{""d"":""2026-10-02"",""g"":0,""a"":0,""s"":2,""pp"":0,""h"":""R"",""toi"":""17:28""},{""d"":""2026-10-01"",""g"":0,""a"":0,""s"":1,""pp"":0,""h"":""H"",""toi"":""15:33""},{""d"":""2026-09-29"",""g"":0,""a"":0,""s"":2,""pp"":0,""h"":""R"",""toi"":""16:12""}]}",2026-27,NYR,C,,Healthy,Unknown,,,2.0,1.0,🟢 ROLE+,19.0,12.0,2026-10-09T17:27:50+00:00,WSH,Logan Thompson,0.9117832388153748,2.43828101188662,18.0,Confirmed,dailyfaceoff_name_and_stats,28.86,7.0,28.86,7.0,11.1,90.0,90.6,A1+A2,20.15,87.3,89.7,1.16,NONE,False,False,23.53754892467431,2.258550120836825,7.1,17.1,16.0,3.2,True,2.0,1.6666666666666667,1.8,1.93,58.0,2.0,1.0,9.0,1.0,1.0,1.0,2.0,2.0,1.0,1.0,9.0,9.0,LOW,0.2,-0.3,LOW,0.1,,LOW,0.05,,LOW,0.1,,LOW,0.05,,LOW,0.025,,LOW,0.9,,LOW,0.45,,LOW,0.225,,1.538330057260063,0.6153320229040253,,,1.0,2.6230263896920856,2.6360568982230745,50.0,70.3,62.1,88.1,10.93,4.18,21.23,7.94,2.8,10.3,HOT,HOT,HOT,6.75,5.14,HOT,Green,Red,Red,Green,82.0,77.0,75.0,81.0,POINTS,82.0,0.0,0.0,1.0,0.0,0.0,5.0,A,Hybrid,14.8,,72.7,,2.0,2.985294117647059,203.0,2.985294117647059,0.1481859989780276,14.8,14.8,4.544334975369457,2.157635467980296,2.8078817733990147,8.75699777062175,7.348475341950056,72.7,83.0,False,,,,🅿️ D:0,,False,False,1.0,,False,0.0,,False,0.0,,1.5,-130.0,theScore Bet,2.5,225.0,theScore Bet,3.5,575.0,Fanatics,4.5,1500.0,Fanatics,1.5,-130.0,theScore Bet,0.5,-115.0,Fanatics,1.5,450.0,theScore Bet,2.5,1700.0,Fanatics,3.5,2900.0,BetOnline.ag,0.5,-115.0,Fanatics,0.5,150.0,BetOnline.ag,1.5,850.0,DraftKings,2.5,3500.0,Fanatics,,,,0.5,150.0,BetOnline.ag,0.5,320.0,BetRivers,,,,,,,,,,0.5,320.0,BetRivers,0.5,320.0,BetRivers,,,,,,,,,,0.5,320.0,BetRivers,The Odds API,"[""Bally Bet"", ""BetMGM"", ""BetRivers"", ""Bovada"", ""Caesars"", ""Courtside"", ""DraftKings"", ""FanDuel"", ""Fanatics"", ""Fliff"", ""Hard Rock Bet"", ""fanduel"", ""theScore Bet""]",The Odds API,"[""Bally Bet"", ""BetMGM"", ""BetRivers"", ""Bovada"", ""Caesars"", ""Courtside"", ""DraftKings"", ""FanDuel"", ""Fanatics"", ""betrivers""]",The Odds API,"[""Bally Bet"", ""BetMGM"", ""BetOnline.ag"", ""BetRivers"", ""Bovada"", ""Courtside"", ""DraftKings"", ""FanDuel"", ""Fanatics"", ""Fliff"", ""Hard Rock Bet"", ""ReBet"", ""draftkings"", ""theScore Bet""]",0.5,230.0,BetMGM,1.5,750.0,Bovada,,,,,,,0.5,230.0,BetMGM,The Odds API,"[""Bally Bet"", ""BetMGM"", ""BetRivers"", ""Bovada"", ""Fliff"", ""Hard Rock Bet"", ""theScore Bet""]",The Odds API,"[""Bally Bet"", ""BetMGM"", ""BetOnline.ag"", ""BetRivers"", ""Caesars"", ""Courtside"", ""DraftKings"", ""FanDuel"", ""Fanatics"", ""Fliff"", ""Hard Rock Bet"", ""ReBet"", ""draftkings"", ""theScore Bet""]",The Odds API,"[""Bally Bet"", ""BetMGM"", ""BetOnline.ag"", ""BetRivers"", ""Bovada"", ""Courtside"", ""DraftKings"", ""FanDuel"", ""Fanatics"", ""Fliff"", ""Hard Rock Bet"", ""ReBet"", ""theScore Bet""]",2026-10-09T17:28:13.749821+00:00,ALTLINE_NB_v1_2026-01-18,1.5,-130.0,theScore Bet,exp/fallback,2.123,0.565272125468078,56.5,0.5652173913043478,0.00968373665996,0.0,0.565272125468078,56.5,0.00968373665996,0.0,0.3463173624489833,34.6,12.553142795919593,12.6,0.194482979992822,19.4,31.276011495154886,31.3,0.1023544989508077,10.2,63.76719832129235,63.8,0.5,-115.0,Fanatics,exp/fallback,1.093,0.6036720287824047,60.4,0.5348837209302325,12.860422772362613,12.9,0.6036720287824047,60.4,12.860422772362613,12.9,0.2903477565746495,29.0,59.69126611605724,59.7,0.1231474275246502,12.3,121.66536954437044,121.7,0.0482435828396349,4.8,44.73074851890478,44.7,0.5,150.0,BetOnline.ag,exp/fallback,0.675,0.4409992139051446,44.1,0.4,10.249803476286155,10.2,0.4409992139051446,44.1,10.249803476286155,10.2,0.1588866676516661,15.9,50.94233426908284,50.9,0.0521057506117981,5.2,87.58070220247322,87.6,,,,,0.5,320.0,BetRivers,exp/fallback,0.3472,0.2775545101016299,27.8,0.238095238095238,16.572894242684566,16.6,0.2775545101016299,27.8,16.572894242684566,16.6,,,,,,,,,,,,,0.5,320.0,BetRivers,exp/fallback,0.3767,0.2860571742297499,28.6,0.238095238095238,20.14401317649499,20.1,0.2860571742297499,28.6,20.14401317649499,20.1,,,,,,,,,,,,,False,True,True,True,True,11.1,,Active roster,2026-10-09T17:28:13+00:00,False,"[{""market"":""Points"",""name"":""Hammer Fists"",""kind"":""FLOOR"",""rule"":""Conf_Points >= 80"",""icon"":""PTS05_HAMMER_FISTS.svg"",""kit_version"":""2026-09-24-frozen-v2""},{""market"":""Points"",""name"":""Echo Stomp II"",""kind"":""TIER"",""rule"":""Conf_Points >= 80 + TOI_per_game >= 19.18"",""icon"":""PTS05_HAMMER_STOMP.svg"",""kit_version"":""2026-09-24-frozen-v2""},{""market"":""Assists"",""name"":""Staff (Green Stance)"",""kind"":""STANCE"",""rule"":""Green + Assists 0.5"",""icon"":""staff.svg"",""kit_version"":""2026-09-24-frozen-v2""}]",2025-2026,,2026-09-24-frozen-v2,2026-10-09T17:28:17.103488+00:00
2026-10-09,NYR@WSH,2026020067,6:00 PM,2026-10-09T23:00:00Z,Jaroslav Chmelar,8482877,NYR,False,,2026-27,NYR,R,,Healthy,Unknown,,,2.0,0.0,,19.0,12.0,2026-10-09T17:27:50+00:00,WSH,Logan Thompson,0.9117832388153748,2.43828101188662,18.0,Confirmed,dailyfaceoff_name_and_stats,28.86,7.0,28.86,7.0,,33.0,24.0,A1+A2,9.15,7.3,24.7,0.94,NONE,False,False,23.53754892467431,2.258550120836825,7.1,17.1,16.0,3.2,True,,,,,50.0,,,,,,,,,,,,,,,,,,,,,,,,,,,,,,,,,,,,,,,,1.4194650719589932,0.0,,,0.0,2.6230263896920856,2.6360568982230745,50.0,70.3,59.8,88.1,1.54,0.87,,,,,COOL,COOL,COOL,0.67,,COOL,Red,Red,Red,Red,32.0,36.0,33.0,30.0,SOG,36.0,,,,,,,C,Passenger,0.8,,72.7,,0.0,0.0720238095238095,2.0166666666666666,0.0720238095238095,0.007870430597112,0.8,0.8,5.355371900826446,5.355371900826446,0.0,8.75699777062175,7.348475341950056,72.7,38.4,False,,,,,,False,False,0.0,,False,0.0,,False,0.0,,,,,,,,,,,,,,,,,,,,,,,,,,,,,,,,,,,,,,,,,,,,,,,0.5,1000.0,Fanatics,,,,,,,,,,0.5,1000.0,Fanatics,0.5,1000.0,Fanatics,,,,,,,,,,0.5,1000.0,Fanatics,The Odds API,"[""Bally Bet"", ""BetMGM"", ""BetRivers"", ""Bovada"", ""Caesars"", ""Courtside"", ""DraftKings"", ""FanDuel"", ""Fanatics"", ""Fliff"", ""Hard Rock Bet"", ""theScore Bet""]",The Odds API,"[""Bally Bet"", ""BetMGM"", ""BetRivers"", ""Bovada"", ""Caesars"", ""Courtside"", ""DraftKings"", ""FanDuel"", ""Fanatics"", ""fanduel""]",,,,,,,,,,,,,,,,,,,,,,,,2026-10-09T17:28:13.749821+00:00,ALTLINE_NB_v1_2026-01-18,,,,league_avg,2.3,,,,,,,,,,,,,,,,,,,,,,,,,exp/fallback,0.154,,,,,,,,,,,,,,,,,,,,,,,,,exp/fallback,0.067,,,,,,,,,,,,,,,,,,,,,,0.5,1000.0,Fanatics,exp/fallback,0.2148,0.1862229826234092,18.6,0.0909090909090909,104.84528088575011,104.8,0.1862229826234092,18.6,104.84528088575011,104.8,,,,,,,,,,,,,0.5,1000.0,Fanatics,exp/fallback,0.16155,0.1424009956655799,14.2,0.0909090909090909,56.64109523213795,56.6,0.1424009956655799,14.2,56.64109523213795,56.6,,,,,,,,,,,,,False,False,True,True,False,,,Active roster,2026-10-09T17:28:13+00:00,False,[],2025-2026,,2026-09-24-frozen-v2,2026-10-09T17:28:17.103488+00:00
2026-10-09,NYR@WSH,2026020067,6:00 PM,2026-10-09T23:00:00Z,Marcus Pettersson,8477969,VAN,True,,2026-27,NYR,D,,Healthy,Unknown,,,2.0,1.0,🟢 ROLE+,19.0,12.0,2026-10-09T17:27:50+00:00,WSH,Logan Thompson,0.9117832388153748,2.43828101188662,18.0,Confirmed,dailyfaceoff_name_and_stats,28.86,7.0,28.86,7.0,,47.5,60.9,A1+A2,21.45,91.5,61.0,1.04,NONE,False,False,23.53754892467431,2.258550120836825,7.1,17.1,16.0,3.2,True,,,,,50.0,,,,,,,,,,,,,,,,,,,,,,,,,,,,,,,,,,,,,,,,0.6094601762919991,0.1218920352583998,,,0.0,2.6230263896920856,2.6360568982230745,50.0,70.3,40.0,88.1,2.54,0.63,,,,,COOL,COOL,COOL,1.91,,COOL,Red,Red,Red,Red,59.0,52.0,48.0,55.0,POINTS,59.0,,,,,,,,Passenger,0.4,,72.7,,,0.0837398373983739,6.866666666666666,0.0837398373983739,0.0039034372986697,0.4,0.4,4.281553398058253,4.281553398058253,0.0,8.75699777062175,7.348475341950056,72.7,35.1,False,,,,,,False,False,0.0,,False,0.0,,False,0.0,,,,,,,,,,,,,,,,,0.5,340.0,Fanatics,1.5,2500.0,Fanatics,,,,,,,0.5,340.0,Fanatics,0.5,400.0,DraftKings,1.5,3000.0,Fanatics,,,,,,,0.5,400.0,DraftKings,0.5,2200.0,Fanatics,,,,,,,,,,0.5,2200.0,Fanatics,0.5,2900.0,fanduel,,,,,,,,,,0.5,2900.0,fanduel,The Odds API,"[""Bally Bet"", ""BetMGM"", ""BetRivers"", ""Bovada"", ""Caesars"", ""Courtside"", ""DraftKings"", ""Fanatics"", ""Fliff"", ""Hard Rock Bet"", ""theScore Bet""]",BallDontLie,"[""Bally Bet"", ""BetMGM"", ""BetRivers"", ""Bovada"", ""Caesars"", ""Courtside"", ""DraftKings"", ""Fanatics"", ""fanduel""]",The Odds API,"[""BetOnline.ag"", ""Courtside"", ""DraftKings"", ""Fanatics"", ""ReBet"", ""draftkings""]",,,,,,,,,,,,,,,,,,The Odds API,"[""Courtside"", ""DraftKings"", ""Fanatics"", ""draftkings""]",,,2026-10-09T17:28:13.749821+00:00,ALTLINE_NB_v1_2026-01-18,,,,league_avg,2.3,,,,,,,,,,,,,,,,,,,,,,0.5,340.0,Fanatics,exp/fallback,0.254,0.2159928809089293,21.6,0.2272727272727272,-4.9631324000711015,-5.0,0.2159928809089293,21.6,-4.9631324000711015,-5.0,0.0331130863923236,3.3,-13.905975379958411,-13.9,,,,,,,,,0.5,400.0,DraftKings,exp/fallback,0.191,0.1667501652438577,16.7,0.2,-16.624917378071114,-16.6,0.1667501652438577,16.7,-16.624917378071114,-16.6,0.0214733798139872,2.1,-33.4325225766396,-33.4,,,,,,,,,0.5,2200.0,Fanatics,exp/fallback,0.2052,0.1789840868802135,17.9,0.0434782608695652,311.663399824491,311.7,0.1789840868802135,17.9,311.663399824491,311.7,,,,,,,,,,,,,0.5,2900.0,fanduel,exp/fallback,0.14595,0.1301512431968752,13.0,0.0333333333333333,290.45372959062564,290.5,0.1301512431968752,13.0,290.45372959062564,290.5,,,,,,,,,,,,,False,False,True,True,False,,,Active roster,2026-10-09T17:28:13+00:00,False,[],2025-2026,,2026-09-24-frozen-v2,2026-10-09T17:28:17.103488+00:00
2026-10-09,NYR@WSH,2026020067,6:00 PM,2026-10-09T23:00:00Z,Matt Rempe,8482460,NYR,False,,2026-27,NYR,C,,Healthy,Unknown,,,2.0,0.0,,19.0,12.0,2026-10-09T17:27:50+00:00,WSH,Logan Thompson,0.9117832388153748,2.43828101188662,18.0,Confirmed,dailyfaceoff_name_and_stats,28.86,7.0,28.86,7.0,,32.8,6.9,A1+A2,8.61,4.2,18.0,0.94,NONE,False,False,23.53754892467431,2.258550120836825,7.1,17.1,16.0,3.2,True,,,,,50.0,,,,,,,,,,,,,,,,,,,,,,,,,,,,,,,,,,,,,,,,0.2801338417243794,0.0,,,0.0,2.6230263896920856,2.6360568982230745,50.0,70.3,35.4,88.1,0.93,0.93,,,,,COOL,COOL,COOL,0.0,,COOL,Red,Red,Red,Red,20.0,35.0,36.0,17.0,GOAL,36.0,,,,,,,C,Passenger,3.5,,72.7,,0.0,0.3038461538461539,7.9,0.3038461538461539,0.0352993744414656,3.5,3.5,0.0759493670886075,0.0759493670886075,0.0,8.75699777062175,7.348475341950056,72.7,44.8,False,,,,,,False,False,0.0,,False,0.0,,False,0.0,,,,,,,,,,,,,,,,,,,,,,,,,,,,,,,,,,,,,,,,,,,,,,,,,,,,,,,,,,,,,,,,,,,,,,,,,,,,,,,,,,,,,,,,,,,,,,,,,,,,,,,,2026-10-09T17:28:13.749821+00:00,ALTLINE_NB_v1_2026-01-18,,,,league_avg,2.3,,,,,,,,,,,,,,,,,,,,,,,,,exp/fallback,0.093,,,,,,,,,,,,,,,,,,,,,,,,,league_avg,0.35,,,,,,,,,,,,,,,,,,,,,,,,,exp/fallback,0.2172,,,,,,,,,,,,,,,,,,,,,,,,,exp/fallback,0.1654499999999999,,,,,,,,,,,,,,,,,,,,,,False,False,False,False,False,,,Active roster,2026-10-09T17:28:13+00:00,False,[],2025-2026,,2026-09-24-frozen-v2,2026-10-09T17:28:17.103488+00:00
2026-10-09,NYR@WSH,2026020067,6:00 PM,2026-10-09T23:00:00Z,Mika Zibanejad,8476459,NYR,False,"{""season"":""2026-27"",""games"":[{""d"":""2026-10-06"",""g"":0,""a"":2,""s"":3,""pp"":0,""h"":""H"",""toi"":""20:05""},{""d"":""2026-10-04"",""g"":0,""a"":1,""s"":0,""pp"":0,""h"":""H"",""toi"":""24:32""},{""d"":""2026-10-02"",""g"":0,""a"":0,""s"":1,""pp"":0,""h"":""R"",""toi"":""21:21""},{""d"":""2026-10-01"",""g"":1,""a"":1,""s"":3,""pp"":1,""h"":""H"",""toi"":""18:53""},{""d"":""2026-09-29"",""g"":0,""a"":0,""s"":2,""pp"":0,""h"":""R"",""toi"":""18:31""}]}",2026-27,NYR,C,⭐ STAR,Healthy,Unknown,,,2.0,1.0,🟢 ROLE+,19.0,12.0,2026-10-09T17:27:50+00:00,WSH,Logan Thompson,0.9117832388153748,2.43828101188662,18.0,Confirmed,dailyfaceoff_name_and_stats,28.86,7.0,28.86,7.0,11.1,96.3,95.3,A1+A2,20.9,90.0,94.7,1.21,STAR,False,True,23.53754892467431,2.258550120836825,7.1,17.1,16.0,3.2,True,2.0,2.0,1.8,1.93,58.0,5.0,1.0,9.0,1.0,4.0,4.0,5.0,5.0,4.0,4.0,9.0,9.0,LOW,0.5,0.0,LOW,0.25,,LOW,0.125,,LOW,0.4,,LOW,0.2,,LOW,0.1,,LOW,0.9,,LOW,0.45,,LOW,0.225,,1.8533205326209456,0.7513461618733565,,,4.0,2.6230263896920856,2.6360568982230745,50.0,70.3,68.3,88.1,14.77,4.78,21.23,5.94,3.35,10.3,HOT,HOT,HOT,8.9,2.59,HOT,Green,Red,Green,Green,85.0,80.0,80.0,83.0,POINTS,85.0,0.0,0.0,3.0,0.0,1.0,3.0,A,Hybrid,14.9,,72.7,,2.0,3.117695473251029,252.53333333333333,3.117695473251029,0.1491896575490833,14.9,14.9,5.63509767687434,2.858236536430834,3.266895459345301,8.75699777062175,7.348475341950056,72.7,85.1,False,,,,🅿️ D:0,,False,False,2.0,,False,0.0,,False,0.0,,1.5,-227.0,BetOnline.ag,2.5,130.0,theScore Bet,3.5,320.0,theScore Bet,4.5,700.0,Fanatics,2.5,130.0,theScore Bet,0.5,-132.0,theScore Bet,1.5,400.0,theScore Bet,2.5,1500.0,Fanatics,3.5,2600.0,BetOnline.ag,0.5,-132.0,theScore Bet,0.5,135.0,Hard Rock Bet,1.5,800.0,Fanatics,2.5,3500.0,Fanatics,,,,0.5,135.0,Hard Rock Bet,0.5,250.0,Fanatics,,,,,,,,,,0.5,250.0,Fanatics,0.5,250.0,Fanatics,,,,,,,,,,0.5,250.0,Fanatics,The Odds API,"[""Bally Bet"", ""BetMGM"", ""BetRivers"", ""Bovada"", ""Caesars"", ""Courtside"", ""DraftKings"", ""FanDuel"", ""Fanatics"", ""Fliff"", ""Hard Rock Bet"", ""fanduel"", ""theScore Bet""]",The Odds API,"[""Bally Bet"", ""BetMGM"", ""BetRivers"", ""Bovada"", ""Caesars"", ""Courtside"", ""DraftKings"", ""FanDuel"", ""Fanatics"", ""betrivers""]",The Odds API,"[""Bally Bet"", ""BetMGM"", ""BetOnline.ag"", ""BetRivers"", ""Bovada"", ""Courtside"", ""DraftKings"", ""FanDuel"", ""Fanatics"", ""Fliff"", ""Hard Rock Bet"", ""ReBet"", ""draftkings"", ""theScore Bet""]",0.5,225.0,BetMGM,1.5,700.0,Bovada,,,,,,,0.5,225.0,BetMGM,The Odds API,"[""Bally Bet"", ""BetMGM"", ""BetRivers"", ""Bovada"", ""Fliff"", ""Hard Rock Bet"", ""theScore Bet""]",The Odds API,"[""Bally Bet"", ""BetMGM"", ""BetOnline.ag"", ""BetRivers"", ""Caesars"", ""Courtside"", ""DraftKings"", ""FanDuel"", ""Fanatics"", ""Fliff"", ""Hard Rock Bet"", ""ReBet"", ""draftkings"", ""theScore Bet""]",The Odds API,"[""Bally Bet"", ""BetMGM"", ""BetOnline.ag"", ""BetRivers"", ""Bovada"", ""Courtside"", ""DraftKings"", ""FanDuel"", ""Fanatics"", ""Fliff"", ""Hard Rock Bet"", ""ReBet"", ""fanduel"", ""theScore Bet""]",2026-10-09T17:28:13.749821+00:00,ALTLINE_NB_v1_2026-01-18,2.5,130.0,theScore Bet,exp/fallback,2.123,0.3463173624489833,34.6,0.4347826086956521,-20.347006636733823,-20.3,0.565272125468078,56.5,-18.57093170569977,-18.6,0.3463173624489833,34.6,-20.347006636733823,-20.3,0.194482979992822,19.4,-18.317148403014738,-18.3,0.1023544989508077,10.2,-18.11640083935382,-18.1,0.5,-132.0,theScore Bet,exp/fallback,1.477,0.6959540385725063,69.6,0.5689655172413793,22.31919465819807,22.3,0.6959540385725063,69.6,22.31919465819807,22.3,0.3999153523742742,40.0,99.95767618713712,100.0,0.2053518076480259,20.5,228.56289223684155,228.6,0.0980027180377033,9.8,164.60733870179897,164.6,0.5,135.0,Hard Rock Bet,exp/fallback,0.89,0.521078531147855,52.1,0.425531914893617,22.45345481974592,22.5,0.521078531147855,52.1,22.45345481974592,22.5,0.2261026783600286,22.6,103.49241052402576,103.5,0.0898422065704963,9.0,223.43194365378687,223.4,,,,,0.5,250.0,Fanatics,exp/fallback,0.3712,0.2925570738297597,29.3,0.2857142857142857,2.394975840415892,2.4,0.2925570738297597,29.3,2.394975840415892,2.4,,,,,,,,,,,,,0.5,250.0,Fanatics,exp/fallback,0.4157,0.307859716935668,30.8,0.2857142857142857,7.750900927483817,7.8,0.307859716935668,30.8,7.750900927483817,7.8,,,,,,,,,,,,,False,True,False,False,True,11.1,,Active roster,2026-10-09T17:28:13+00:00,False,"[{""market"":""Points"",""name"":""Hammer Fists"",""kind"":""FLOOR"",""rule"":""Conf_Points >= 80"",""icon"":""PTS05_HAMMER_FISTS.svg"",""kit_version"":""2026-09-24-frozen-v2""},{""market"":""Points"",""name"":""Echo Stomp II"",""kind"":""TIER"",""rule"":""Conf_Points >= 80 + TOI_per_game >= 19.18"",""icon"":""PTS05_HAMMER_STOMP.svg"",""kit_version"":""2026-09-24-frozen-v2""},{""market"":""Points"",""name"":""Gaia’s Blessing"",""kind"":""TIER"",""rule"":""Conf_Points >= 80 + Assists_mu >= 0.746"",""icon"":""PTS05_GAIAS_BLESSING.svg"",""kit_version"":""2026-09-24-frozen-v2""},{""market"":""Points"",""name"":""Gaia’s Blessing+ (Press)"",""kind"":""HEAVY"",""rule"":""Conf_Points >= 81 + Assists_mu >= 0.746"",""icon"":""PTS05_GAIAS_BLESSING.svg"",""kit_version"":""2026-09-24-frozen-v2""},{""market"":""Points"",""name"":""Gaia’s Blessing++ (Smash)"",""kind"":""HEAVY"",""rule"":""Conf_Points >= 83 + Assists_mu >= 0.746"",""icon"":""PTS05_GAIAS_BLESSING.svg"",""kit_version"":""2026-09-24-frozen-v2""},{""market"":""Assists"",""name"":""Staff (Green Stance)"",""kind"":""STANCE"",""rule"":""Green + Assists 0.5"",""icon"":""staff.svg"",""kit_version"":""2026-09-24-frozen-v2""},{""market"":""Assists"",""name"":""Staff Awakened"",""kind"":""STANCE"",""rule"":""Green + Assists 0.5 + Conf_Assists ≥ 83"",""icon"":""staff.svg"",""kit_version"":""2026-09-24-frozen-v2""},{""market"":""Assists"",""name"":""Arcane Channel I"",""kind"":""VOLUME"",""rule"":""Green + Assists 0.5 + Conf_Assists ≥ 83 + PP_Points60 ≥ 5.3"",""icon"":""arcane_channel_i.svg"",""kit_version"":""2026-09-24-frozen-v2""},{""market"":""Goal"",""name"":""Weakened Armor"",""kind"":""WEAK DEFENSE"",""rule"":""Opp_PK_xGA60 >= 7.3"",""icon"":""shattered_armor.svg"",""kit_version"":""2026-09-24-frozen-v2""}]",2025-2026,,2026-09-24-frozen-v2,2026-10-09T17:28:17.103488+00:00
2026-10-09,NYR@WSH,2026020067,6:00 PM,2026-10-09T23:00:00Z,Noah Laba,8483690,NYR,False,"{""season"":""2026-27"",""games"":[{""d"":""2026-10-06"",""g"":0,""a"":0,""s"":0,""pp"":0,""h"":""H"",""toi"":""14:47""},{""d"":""2026-10-04"",""g"":0,""a"":0,""s"":1,""pp"":0,""h"":""H"",""toi"":""17:37""},{""d"":""2026-10-02"",""g"":0,""a"":0,""s"":2,""pp"":0,""h"":""R"",""toi"":""12:05""},{""d"":""2026-10-01"",""g"":0,""a"":1,""s"":0,""pp"":0,""h"":""H"",""toi"":""16:14""},{""d"":""2026-09-29"",""g"":0,""a"":0,""s"":0,""pp"":0,""h"":""R"",""toi"":""12:56""}]}",2026-27,NYR,C,,Healthy,Unknown,,,2.0,0.0,,19.0,12.0,2026-10-09T17:27:50+00:00,WSH,Logan Thompson,0.9117832388153748,2.43828101188662,18.0,Confirmed,dailyfaceoff_name_and_stats,28.86,7.0,28.86,7.0,0.0,71.4,60.9,A1+A2,13.47,35.8,60.6,1.04,NONE,False,False,23.53754892467431,2.258550120836825,7.1,17.1,16.0,3.2,True,0.0,0.3333333333333333,0.6,0.21,7.5,1.0,0.0,3.0,0.0,1.0,1.0,1.0,1.0,1.0,1.0,3.0,3.0,LOW,0.1,-0.4,LOW,0.05,,LOW,0.025,,LOW,0.1,,LOW,0.05,,LOW,0.025,,LOW,0.3,,LOW,0.15,,LOW,0.075,,1.2580081537565522,0.489225393127548,,,1.0,2.6230263896920856,2.6360568982230745,50.0,70.3,55.2,88.1,3.86,1.75,2.1,2.86,1.75,-0.9,HOT,WARM,COOL,2.11,1.11,COOL,Red,Red,Red,Red,56.0,58.0,56.0,53.0,SOG,58.0,3.0,3.0,5.0,5.0,0.0,5.0,B,Hybrid,3.8,,72.7,,1.0,0.5105855855855855,37.78333333333333,0.5105855855855855,0.0379027269231412,3.8,3.8,4.311424790471989,2.286722540802823,2.382002646669608,8.75699777062175,7.348475341950056,72.7,63.5,False,,,,🎯 D:5,,False,False,1.0,,False,0.0,,False,0.0,,,,,,,,,,,,,,,,,0.5,310.0,Fanatics,1.5,2200.0,Fanatics,,,,,,,0.5,310.0,Fanatics,0.5,450.0,DraftKings,1.5,4000.0,Fanatics,,,,,,,0.5,450.0,DraftKings,0.5,850.0,DraftKings,,,,,,,,,,0.5,850.0,DraftKings,0.5,850.0,DraftKings,,,,,,,,,,0.5,850.0,DraftKings,The Odds API,"[""Bally Bet"", ""BetMGM"", ""BetRivers"", ""Bovada"", ""Caesars"", ""Courtside"", ""DraftKings"", ""FanDuel"", ""Fanatics"", ""Fliff"", ""Hard Rock Bet"", ""theScore Bet""]",The Odds API,"[""Bally Bet"", ""BetMGM"", ""BetRivers"", ""Bovada"", ""Caesars"", ""Courtside"", ""DraftKings"", ""FanDuel"", ""Fanatics"", ""fanatics""]",The Odds API,"[""BetOnline.ag"", ""Courtside"", ""DraftKings"", ""Fanatics"", ""ReBet"", ""draftkings""]",,,,,,,,,,,,,,,,,,The Odds API,"[""Courtside"", ""DraftKings"", ""Fanatics"", ""draftkings""]",,,2026-10-09T17:28:13.749821+00:00,ALTLINE_NB_v1_2026-01-18,,,,exp/fallback,0.21,,,,,,,,,,,,,,,,,,,,,,0.5,310.0,Fanatics,exp/fallback,0.386,0.303758916060596,30.4,0.2439024390243902,24.541155584844365,24.5,0.303758916060596,30.4,24.541155584844365,24.5,0.0669964648222821,6.7,54.09186909124898,54.1,,,,,,,,,0.5,450.0,DraftKings,exp/fallback,0.211,0.1817566090030091,18.2,0.1818181818181818,-0.0338650483449609,-0.0,0.1817566090030091,18.2,-0.0338650483449609,-0.0,0.0255835149275999,2.6,4.892411203159652,4.9,,,,,,,,,0.5,850.0,DraftKings,exp/fallback,0.1875,0.1653991179311418,16.5,0.1052631578947368,57.12916203458474,57.1,0.1653991179311418,16.5,57.12916203458474,57.1,,,,,,,,,,,,,0.5,850.0,DraftKings,exp/fallback,0.1640625,0.1443473015833747,14.4,0.1052631578947368,37.12993650420599,37.1,0.1443473015833747,14.4,37.12993650420599,37.1,,,,,,,,,,,,,False,True,True,True,False,0.0,,Active roster,2026-10-09T17:28:13+00:00,False,[],2025-2026,,2026-09-24-frozen-v2,2026-10-09T17:28:17.103488+00:00
2026-10-09,NYR@WSH,2026020067,6:00 PM,2026-10-09T23:00:00Z,Oliver Bjorkstrand,8477416,TBL,True,"{""season"":""2026-27"",""games"":[{""d"":""2026-10-06"",""g"":2,""a"":0,""s"":3,""pp"":1,""h"":""H"",""toi"":""8:58""},{""d"":""2026-10-04"",""g"":0,""a"":0,""s"":0,""pp"":0,""h"":""H"",""toi"":""7:49""},{""d"":""2026-10-02"",""g"":0,""a"":0,""s"":0,""pp"":0,""h"":""R"",""toi"":""13:22""},{""d"":""2026-10-01"",""g"":0,""a"":1,""s"":1,""pp"":0,""h"":""H"",""toi"":""12:25""},{""d"":""2026-09-29"",""g"":0,""a"":0,""s"":4,""pp"":0,""h"":""R"",""toi"":""14:33""}]}",2026-27,NYR,R,,Healthy,Unknown,,,2.0,0.0,,19.0,12.0,2026-10-09T17:27:50+00:00,WSH,Logan Thompson,0.9117832388153748,2.43828101188662,18.0,Confirmed,dailyfaceoff_name_and_stats,28.86,7.0,28.86,7.0,5.6,79.7,71.0,A1+A2,13.64,37.3,68.2,1.07,NONE,False,False,23.53754892467431,2.258550120836825,7.1,17.1,16.0,3.2,True,1.0,1.3333333333333333,1.6,1.21,36.8,3.0,2.0,8.0,2.0,1.0,1.0,3.0,3.0,1.0,1.0,8.0,8.0,LOW,0.3,-0.2,LOW,0.15,,LOW,0.075,,LOW,0.1,,LOW,0.05,,LOW,0.025,,LOW,0.8,,LOW,0.4,,LOW,0.2,,1.3136022704236772,0.8027569430366917,,,1.0,2.6230263896920856,2.6360568982230745,50.0,70.3,56.9,88.1,4.84,2.16,12.1,1.84,0.16,4.1,WARM,COOL,HOT,2.68,1.68,WARM,Yellow,Red,Red,Yellow,56.0,61.0,63.0,60.0,GOAL,63.0,0.0,3.0,0.0,0.0,1.0,0.0,,Passenger,21.8,,72.7,,,2.9779166666666663,238.2333333333333,2.9779166666666663,0.2183823754086839,21.8,21.8,2.6715405065062265,1.6546802854344482,1.1963061424373864,8.75699777062175,7.348475341950056,72.7,77.9,False,,,,🥅 D:0,,False,False,0.0,,False,0.0,,False,0.0,,1.5,124.0,BetOnline.ag,2.5,340.0,Fanatics,3.5,950.0,Fanatics,4.5,2000.0,BetOnline.ag,1.5,124.0,BetOnline.ag,0.5,220.0,Hard Rock Bet,1.5,1500.0,theScore Bet,,,,,,,0.5,220.0,Hard Rock Bet,0.5,400.0,Hard Rock Bet,,,,,,,,,,0.5,400.0,Hard Rock Bet,0.5,550.0,FanDuel,,,,,,,,,,0.5,550.0,FanDuel,0.5,575.0,fanatics,,,,,,,,,,0.5,575.0,fanatics,The Odds API,"[""Bally Bet"", ""BetMGM"", ""BetRivers"", ""Bovada"", ""Caesars"", ""Courtside"", ""DraftKings"", ""FanDuel"", ""Fanatics"", ""Fliff"", ""Hard Rock Bet"", ""theScore Bet""]",BallDontLie,"[""Bally Bet"", ""BetMGM"", ""BetRivers"", ""Bovada"", ""Caesars"", ""Courtside"", ""DraftKings"", ""FanDuel"", ""Fanatics"", ""fanatics""]",The Odds API,"[""Hard Rock Bet"", ""theScore Bet""]",0.5,700.0,Hard Rock Bet,,,,,,,,,,0.5,700.0,Hard Rock Bet,The Odds API,"[""Bovada"", ""Hard Rock Bet"", ""theScore Bet""]",The Odds API,"[""Bally Bet"", ""BetRivers"", ""Hard Rock Bet"", ""theScore Bet""]",The Odds API,"[""Bally Bet"", ""BetOnline.ag"", ""BetRivers"", ""Courtside"", ""DraftKings"", ""FanDuel"", ""Fanatics"", ""Fliff"", ""ReBet""]",2026-10-09T17:28:13.749821+00:00,ALTLINE_NB_v1_2026-01-18,1.5,124.0,BetOnline.ag,exp/fallback,1.21,0.329779958148648,33.0,0.4464285714285714,-26.12928937470284,-26.1,0.329779958148648,33.0,-26.12928937470284,-26.1,0.1423735805788074,14.2,-37.35562454532472,-37.4,0.0553249368707433,5.5,-41.90881628571948,-41.9,0.0199457616208728,2.0,-58.11390059616711,-58.1,0.5,220.0,Hard Rock Bet,exp/fallback,0.484,0.3605306340063462,36.1,0.3125,15.369802882030791,15.4,0.3605306340063462,36.1,15.369802882030791,15.4,0.095862280029154,9.6,53.37964804664656,53.4,,,,,,,,,0.5,400.0,Hard Rock Bet,exp/fallback,0.268,0.2223684169598339,22.2,0.2,11.184208479916949,11.2,0.2223684169598339,22.2,11.184208479916949,11.2,,,,,,,,,,,,,0.5,550.0,FanDuel,exp/fallback,0.1998,0.1748725426279482,17.5,0.1538461538461538,13.667152708166377,13.7,0.1748725426279482,17.5,13.667152708166377,13.7,,,,,,,,,,,,,0.5,575.0,fanatics,exp/fallback,0.18405,0.159574470787757,16.0,0.1481481481481481,7.712767781735974,7.7,0.159574470787757,16.0,7.712767781735974,7.7,,,,,,,,,,,,,False,True,True,False,True,5.6,,Active roster,2026-10-09T17:28:13+00:00,False,[],2025-2026,,2026-09-24-frozen-v2,2026-10-09T17:28:17.103488+00:00
2026-10-09,NYR@WSH,2026020067,6:00 PM,2026-10-09T23:00:00Z,Pavel Dorofeyev,8481604,VGK,True,"{""season"":""2026-27"",""games"":[{""d"":""2026-10-06"",""g"":0,""a"":0,""s"":0,""pp"":0,""h"":""H"",""toi"":""16:25""},{""d"":""2026-10-04"",""g"":0,""a"":0,""s"":3,""pp"":0,""h"":""H"",""toi"":""17:57""},{""d"":""2026-10-02"",""g"":0,""a"":0,""s"":2,""pp"":0,""h"":""R"",""toi"":""17:30""},{""d"":""2026-10-01"",""g"":1,""a"":1,""s"":5,""pp"":1,""h"":""H"",""toi"":""13:44""},{""d"":""2026-09-29"",""g"":0,""a"":0,""s"":5,""pp"":0,""h"":""R"",""toi"":""15:49""}]}",2026-27,NYR,R,⭐ STAR,Healthy,Unknown,,,2.0,1.0,🟢 ROLE+,19.0,12.0,2026-10-09T17:27:50+00:00,WSH,Logan Thompson,0.9117832388153748,2.43828101188662,18.0,Confirmed,dailyfaceoff_name_and_stats,28.86,7.0,28.86,7.0,16.7,97.6,82.2,A1+A2,17.6,72.7,87.2,1.18,STAR,False,True,23.53754892467431,2.258550120836825,7.1,17.1,16.0,3.2,True,3.0,3.333333333333333,3.0,3.0,90.2,2.0,1.0,15.0,1.0,1.0,1.0,2.0,2.0,1.0,1.0,15.0,15.0,LOW,0.2,-0.3,LOW,0.1,,LOW,0.05,,LOW,0.1,,LOW,0.05,,LOW,0.025,,LOW,1.5,,LOW,0.75,,LOW,0.375,,1.727758113864059,0.5939168516407702,,,1.0,2.6230263896920856,2.6360568982230745,50.0,70.3,65.6,88.1,9.17,4.9,33.0,6.34,3.45,15.0,HOT,HOT,HOT,4.29,2.9,HOT,Yellow,Yellow,Green,Yellow,82.0,86.0,84.0,75.0,SOG,86.0,3.0,3.0,3.0,1.0,1.0,3.0,,Passenger,18.7,,72.7,,,3.2890243902439025,269.7,3.2890243902439025,0.1868289191123836,18.7,18.7,4.623470522803114,2.8743047830923247,2.057842046718576,8.75699777062175,7.348475341950056,72.7,82.9,True,,,,🅿️ PTS D:3 | 🎯 D:1,,False,False,2.0,,False,0.0,,False,0.0,,1.5,-390.0,DraftKings,2.5,-125.0,BetOnline.ag,3.5,200.0,BetOnline.ag,4.5,500.0,BetOnline.ag,2.5,-125.0,BetOnline.ag,0.5,-108.0,BetOnline.ag,1.5,475.0,DraftKings,2.5,1900.0,Fanatics,3.5,3200.0,BetOnline.ag,0.5,-108.0,BetOnline.ag,0.5,250.0,BetOnline.ag,1.5,1700.0,BetOnline.ag,,,,,,,0.5,250.0,BetOnline.ag,0.5,200.0,FanDuel,,,,,,,,,,0.5,200.0,FanDuel,0.5,200.0,FanDuel,,,,,,,,,,0.5,200.0,FanDuel,The Odds API,"[""Bally Bet"", ""BetMGM"", ""BetRivers"", ""Bovada"", ""Caesars"", ""Courtside"", ""DraftKings"", ""FanDuel"", ""Fanatics"", ""Fliff"", ""Hard Rock Bet"", ""fanduel"", ""theScore Bet""]",The Odds API,"[""Bally Bet"", ""BetMGM"", ""BetRivers"", ""Bovada"", ""Caesars"", ""Courtside"", ""DraftKings"", ""FanDuel"", ""Fanatics"", ""fanduel""]",The Odds API,"[""Bally Bet"", ""BetMGM"", ""BetOnline.ag"", ""BetRivers"", ""Bovada"", ""Courtside"", ""DraftKings"", ""FanDuel"", ""Fanatics"", ""Fliff"", ""Hard Rock Bet"", ""ReBet"", ""draftkings"", ""theScore Bet""]",0.5,280.0,BetMGM,1.5,850.0,Bovada,,,,,,,0.5,280.0,BetMGM,The Odds API,"[""Bally Bet"", ""BetMGM"", ""BetRivers"", ""Bovada"", ""Fliff"", ""Hard Rock Bet"", ""theScore Bet""]",The Odds API,"[""Bally Bet"", ""BetMGM"", ""BetOnline.ag"", ""BetRivers"", ""Caesars"", ""Courtside"", ""DraftKings"", ""FanDuel"", ""Fanatics"", ""Fliff"", ""Hard Rock Bet"", ""ReBet"", ""betmgm"", ""theScore Bet""]",The Odds API,"[""Bally Bet"", ""BetMGM"", ""BetOnline.ag"", ""BetRivers"", ""Bovada"", ""Courtside"", ""DraftKings"", ""FanDuel"", ""Fanatics"", ""Fliff"", ""Hard Rock Bet"", ""ReBet"", ""betmgm"", ""theScore Bet""]",2026-10-09T17:28:13.749821+00:00,ALTLINE_NB_v1_2026-01-18,2.5,-125.0,BetOnline.ag,exp/fallback,3.3,0.5626316556203185,56.3,0.5555555555555556,1.273698011657326,1.3,0.7468490708318726,74.7,-6.165116741636526,-6.2,0.5626316556203185,56.3,1.273698011657326,1.3,0.3960789240591873,39.6,18.823677217756195,18.8,0.2643197425844569,26.4,58.59184555067415,58.6,0.5,-108.0,BetOnline.ag,exp/fallback,0.917,0.5485492850706728,54.9,0.5192307692307693,5.646528976574016,5.6,0.5485492850706728,54.9,5.646528976574016,5.6,0.235153391516645,23.5,35.2132001220709,35.2,0.0883013356382209,8.8,76.60267127644191,76.6,0.0305328937570306,3.1,0.7585493982010139,0.8,0.5,250.0,BetOnline.ag,exp/fallback,0.429,0.3220386095622047,32.2,0.2857142857142857,12.713513346771666,12.7,0.3220386095622047,32.2,12.713513346771666,12.7,0.0825610990658571,8.3,48.60997831854292,48.6,,,,,,,,,0.5,200.0,FanDuel,exp/fallback,0.376,0.2955051585542931,29.6,0.3333333333333333,-11.348452433712051,-11.3,0.2955051585542931,29.6,-11.348452433712051,-11.3,,,,,,,,,,,,,0.5,200.0,FanDuel,exp/fallback,0.4235,0.3120885398454428,31.2,0.3333333333333333,-6.373438046367152,-6.4,0.3120885398454428,31.2,-6.373438046367152,-6.4,,,,,,,,,,,,,False,False,False,False,True,16.7,,Active roster,2026-10-09T17:28:13+00:00,False,[],2025-2026,,2026-09-24-frozen-v2,2026-10-09T17:28:17.103488+00:00
2026-10-09,NYR@WSH,2026020067,6:00 PM,2026-10-09T23:00:00Z,Scott Morrow,8482666,NYR,False,,2026-27,NYR,D,,Healthy,Unknown,,,2.0,0.0,,19.0,12.0,2026-10-09T17:27:50+00:00,WSH,Logan Thompson,0.9117832388153748,2.43828101188662,18.0,Confirmed,dailyfaceoff_name_and_stats,28.86,7.0,28.86,7.0,,20.1,37.3,A1+A2,15.67,55.8,33.3,0.94,NONE,False,False,23.53754892467431,2.258550120836825,7.1,17.1,16.0,3.2,True,,,,,50.0,,,,,,,,,,,,,,,,,,,,,,,,,,,,,,,,,,,,,,,,0.4415552557340856,0.1471850852446952,,,0.0,2.6230263896920856,2.6360568982230745,50.0,70.3,37.1,88.1,2.21,0.27,,,,,COOL,COOL,COOL,1.94,,COOL,Red,Red,Red,Red,41.0,33.0,28.0,35.0,POINTS,41.0,,,,,,,C,Passenger,8.2,,72.7,,0.0,1.2810344827586206,37.15,1.2810344827586206,0.0817561619718309,8.2,8.2,2.6769851951547783,0.2745625841184388,2.826379542395693,8.75699777062175,7.348475341950056,72.7,72.4,False,,,,,,False,False,0.0,,False,0.0,,False,0.0,,,,,,,,,,,,,,,,,,,,,,,,,,,,,,,,,,,,,,,,,,,,,,,,,,,,,,,,,,,,,,,,,,,,,,,,,,,,,,,,,,,,,,,,,,,,,,,,,,,,,,,,2026-10-09T17:28:13.749821+00:00,ALTLINE_NB_v1_2026-01-18,,,,league_avg,2.3,,,,,,,,,,,,,,,,,,,,,,,,,exp/fallback,0.221,,,,,,,,,,,,,,,,,,,,,,,,,exp/fallback,0.194,,,,,,,,,,,,,,,,,,,,,,,,,exp/fallback,0.1908,,,,,,,,,,,,,,,,,,,,,,,,,exp/fallback,0.1225499999999999,,,,,,,,,,,,,,,,,,,,,,False,False,False,False,False,,,Active roster,2026-10-09T17:28:13+00:00,False,[],2025-2026,,2026-09-24-frozen-v2,2026-10-09T17:28:17.103488+00:00
2026-10-09,NYR@WSH,2026020067,6:00 PM,2026-10-09T23:00:00Z,Sean Durzi,8480434,UTA,True,"{""season"":""2026-27"",""games"":[{""d"":""2026-10-06"",""g"":0,""a"":1,""s"":0,""pp"":0,""h"":""H"",""toi"":""17:34""},{""d"":""2026-10-04"",""g"":0,""a"":0,""s"":0,""pp"":0,""h"":""H"",""toi"":""22:57""},{""d"":""2026-10-02"",""g"":1,""a"":0,""s"":2,""pp"":1,""h"":""R"",""toi"":""19:19""},{""d"":""2026-10-01"",""g"":0,""a"":0,""s"":0,""pp"":0,""h"":""H"",""toi"":""20:54""},{""d"":""2026-09-29"",""g"":0,""a"":0,""s"":1,""pp"":0,""h"":""R"",""toi"":""23:15""}]}",2026-27,NYR,D,,Healthy,Unknown,,,2.0,1.0,🟢 ROLE+,19.0,12.0,2026-10-09T17:27:50+00:00,WSH,Logan Thompson,0.9117832388153748,2.43828101188662,18.0,Confirmed,dailyfaceoff_name_and_stats,28.86,7.0,28.86,7.0,0.0,49.9,74.9,A1+A2,19.26,84.6,65.6,1.06,NONE,False,False,23.53754892467431,2.258550120836825,7.1,17.1,16.0,3.2,True,0.0,0.3333333333333333,0.6,0.21,7.5,2.0,1.0,3.0,1.0,1.0,1.0,2.0,2.0,1.0,1.0,3.0,3.0,LOW,0.2,-0.3,LOW,0.1,,LOW,0.05,,LOW,0.1,,LOW,0.05,,LOW,0.025,,LOW,0.3,,LOW,0.15,,LOW,0.075,,1.2877629995772495,0.4682774543917271,,,1.0,2.6230263896920856,2.6360568982230745,50.0,70.3,56.2,88.1,4.85,0.96,2.1,2.85,-0.04,-0.9,HOT,COOL,COOL,3.89,2.89,HOT,Yellow,Red,Red,Yellow,68.0,44.0,45.0,67.0,POINTS,68.0,0.0,0.0,2.0,2.0,1.0,2.0,,Passenger,6.6,,72.7,,,1.2641666666666669,75.85,1.2641666666666669,0.0656331122007499,6.6,6.6,3.3342122610415297,0.980883322346737,2.768622280817403,8.75699777062175,7.348475341950056,72.7,69.3,False,,,,🅿️ D:0,,False,False,1.0,,False,0.0,,False,0.0,,1.5,-114.0,BetRivers,,,,,,,,,,1.5,-114.0,BetRivers,0.5,215.0,Fanatics,1.5,1300.0,Fanatics,2.5,1250.0,BetOnline.ag,3.5,2700.0,BetOnline.ag,0.5,215.0,Fanatics,0.5,280.0,Fanatics,1.5,1900.0,Fanatics,,,,,,,0.5,280.0,Fanatics,0.5,1100.0,FanDuel,,,,,,,,,,0.5,1100.0,FanDuel,0.5,1100.0,FanDuel,,,,,,,,,,0.5,1100.0,FanDuel,The Odds API,"[""Bally Bet"", ""BetMGM"", ""BetRivers"", ""Bovada"", ""Caesars"", ""Courtside"", ""DraftKings"", ""FanDuel"", ""Fanatics"", ""Fliff"", ""Hard Rock Bet"", ""theScore Bet""]",The Odds API,"[""Bally Bet"", ""BetMGM"", ""BetRivers"", ""Bovada"", ""Caesars"", ""Courtside"", ""DraftKings"", ""FanDuel"", ""Fanatics"", ""fanduel""]",The Odds API,"[""Bally Bet"", ""BetOnline.ag"", ""BetRivers"", ""Courtside"", ""DraftKings"", ""FanDuel"", ""Fanatics"", ""Fliff"", ""ReBet"", ""draftkings""]",0.5,750.0,Hard Rock Bet,,,,,,,,,,0.5,750.0,Hard Rock Bet,The Odds API,"[""Bovada"", ""Hard Rock Bet"", ""theScore Bet""]",The Odds API,"[""Bally Bet"", ""BetOnline.ag"", ""BetRivers"", ""Caesars"", ""Courtside"", ""DraftKings"", ""FanDuel"", ""Fanatics"", ""Fliff"", ""ReBet"", ""draftkings""]",The Odds API,"[""Bally Bet"", ""BetRivers""]",2026-10-09T17:28:13.749821+00:00,ALTLINE_NB_v1_2026-01-18,1.5,-114.0,BetRivers,exp/fallback,0.21,0.0224907758578867,2.2,0.5327102803738317,-95.7780473389581,-95.8,0.0224907758578867,2.2,-95.7780473389581,-95.8,,,,,,,,,,,,,0.5,215.0,Fanatics,exp/fallback,0.485,0.3610771539574807,36.1,0.3174603174603174,13.739303496606436,13.7,0.3610771539574807,36.1,13.739303496606436,13.7,0.096167916658381,9.6,34.63508332173353,34.6,0.0220284325286159,2.2,-70.26161608636843,-70.3,0.0046093245525551,0.5,-87.09389125284561,-87.1,0.5,280.0,Fanatics,exp/fallback,0.389,0.2991457813569622,29.9,0.2631578947368421,13.675396915645644,13.7,0.2991457813569622,29.9,13.675396915645644,13.7,0.0709061069725826,7.1,41.812213945165176,41.8,,,,,,,,,0.5,1100.0,FanDuel,exp/fallback,0.1638,0.1467113179570499,14.7,0.0833333333333333,76.05358154845995,76.1,0.1467113179570499,14.7,76.05358154845995,76.1,,,,,,,,,,,,,0.5,1100.0,FanDuel,exp/fallback,0.12555,0.1136911370232609,11.4,0.0833333333333333,36.429364427913136,36.4,0.1136911370232609,11.4,36.429364427913136,36.4,,,,,,,,,,,,,False,True,True,True,True,0.0,,Active roster,2026-10-09T17:28:13+00:00,False,[],2025-2026,,2026-09-24-frozen-v2,2026-10-09T17:28:17.103488+00:00
2026-10-09,NYR@WSH,2026020067,6:00 PM,2026-10-09T23:00:00Z,Tye Kartye,8481789,NYR,False,,2026-27,NYR,L,,Healthy,Unknown,,,2.0,0.0,,19.0,12.0,2026-10-09T17:27:50+00:00,WSH,Logan Thompson,0.9117832388153748,2.43828101188662,18.0,Confirmed,dailyfaceoff_name_and_stats,28.86,7.0,28.86,7.0,,51.5,58.4,A1+A2,11.96,26.2,48.8,1.0,NONE,False,False,23.53754892467431,2.258550120836825,7.1,17.1,16.0,3.2,True,,,,,50.0,,,,,,,,,,,,,,,,,,,,,,,,,,,,,,,,,,,,,,,,1.7893533475818877,0.715741339032755,,,0.0,2.6230263896920856,2.6360568982230745,50.0,70.3,67.1,88.1,3.09,0.91,,,,,COOL,COOL,COOL,2.18,,COOL,Red,Red,Red,Red,52.0,47.0,45.0,50.0,POINTS,52.0,,,,,,,C,Passenger,0.3,,72.7,,0.0,0.0388020833333333,2.4833333333333334,0.0388020833333333,0.0032435021115416,0.3,0.3,0.4832214765100671,0.4832214765100671,0.0,8.75699777062175,7.348475341950056,72.7,33.0,False,,,,,,False,False,0.0,,False,0.0,,False,0.0,,1.5,188.0,BetRivers,,,,,,,,,,1.5,188.0,BetRivers,0.5,245.0,BetRivers,1.5,1300.0,Fanatics,2.5,1500.0,BetOnline.ag,3.5,3000.0,BetOnline.ag,0.5,245.0,BetRivers,0.5,340.0,Fanatics,1.5,2500.0,Fanatics,,,,,,,0.5,340.0,Fanatics,0.5,605.0,Fliff,,,,,,,,,,0.5,605.0,Fliff,0.5,600.0,FanDuel,,,,,,,,,,0.5,600.0,FanDuel,The Odds API,"[""Bally Bet"", ""BetMGM"", ""BetRivers"", ""Bovada"", ""Caesars"", ""Courtside"", ""DraftKings"", ""FanDuel"", ""Fanatics"", ""Fliff"", ""Hard Rock Bet"", ""theScore Bet""]",The Odds API,"[""Bally Bet"", ""BetMGM"", ""BetRivers"", ""Bovada"", ""Caesars"", ""Courtside"", ""DraftKings"", ""FanDuel"", ""Fanatics"", ""fanatics""]",The Odds API,"[""BetOnline.ag"", ""Courtside"", ""DraftKings"", ""Fanatics"", ""ReBet"", ""draftkings""]",,,,,,,,,,,,,,,,,,The Odds API,"[""Bally Bet"", ""BetOnline.ag"", ""BetRivers"", ""Courtside"", ""DraftKings"", ""Fanatics"", ""ReBet"", ""draftkings""]",The Odds API,"[""Bally Bet"", ""BetRivers""]",2026-10-09T17:28:13.749821+00:00,ALTLINE_NB_v1_2026-01-18,1.5,188.0,BetRivers,league_avg,2.3,0.6001759479749428,60.0,0.3472222222222222,72.8506730167835,72.9,0.6001759479749428,60.0,72.8506730167835,72.9,,,,,,,,,,,,,0.5,245.0,BetRivers,exp/fallback,0.309,0.2542803807418202,25.4,0.2898550724637681,-12.273268644072012,-12.3,0.2542803807418202,25.4,-12.273268644072012,-12.3,0.0463415977694992,4.6,-35.121763122701125,-35.1,0.0072035463699126,0.7,-88.47432580813984,-88.5,0.0010192998328304,0.1,-96.84017051822562,-96.8,0.5,340.0,Fanatics,exp/fallback,0.218,0.1869132054239393,18.7,0.2272727272727272,-17.758189613466712,-17.8,0.1869132054239393,18.7,-17.758189613466712,-17.8,0.0270818968418101,2.7,-29.587068211293555,-29.6,,,,,,,,,0.5,605.0,Fliff,exp/fallback,0.2163999999999999,0.1874207702211061,18.7,0.1418439716312056,32.13164300587983,32.1,0.1874207702211061,18.7,32.13164300587983,32.1,,,,,,,,,,,,,0.5,600.0,FanDuel,exp/fallback,0.16415,0.1444149520255159,14.4,0.1428571428571428,1.0904664178611356,1.1,0.1444149520255159,14.4,1.0904664178611356,1.1,,,,,,,,,,,,,True,False,True,False,False,,,Active roster,2026-10-09T17:28:13+00:00,False,[],2025-2026,,2026-09-24-frozen-v2,2026-10-09T17:28:17.103488+00:00
2026-10-09,NYR@WSH,2026020067,6:00 PM,2026-10-09T23:00:00Z,Vincent Iorio,8482861,NYR,False,,2026-27,NYR,D,,Healthy,Unknown,,,2.0,0.0,,19.0,12.0,2026-10-09T17:27:50+00:00,WSH,Logan Thompson,0.9117832388153748,2.43828101188662,18.0,Confirmed,dailyfaceoff_name_and_stats,28.86,7.0,28.86,7.0,,18.3,28.5,A1+A2,15.74,56.9,29.6,0.94,NONE,False,False,23.53754892467431,2.258550120836825,7.1,17.1,16.0,3.2,True,,,,,50.0,,,,,,,,,,,,,,,,,,,,,,,,,,,,,,,,,,,,,,,,0.469157254561251,0.156385751520417,,,0.0,2.6230263896920856,2.6360568982230745,50.0,70.3,37.7,88.1,1.26,0.22,,,,,COOL,COOL,COOL,1.04,,COOL,Red,Red,Red,Red,37.0,32.0,27.0,31.0,POINTS,37.0,,,,,,,C,Passenger,0.3,,72.7,,0.0,0.0524691358024691,1.4166666666666667,0.0524691358024691,0.0033341178316466,0.3,0.3,0.0,0.0,0.0,8.75699777062175,7.348475341950056,72.7,33.0,False,,,,,,False,False,0.0,,False,0.0,,False,0.0,,,,,,,,,,,,,,,,,,,,,,,,,,,,,,,,,,,,,,,,,,,,,,,,,,,,,,,,,,,,,,,,,,,,,,,,,,,,,,,,,,,,,,,,,,,,,,,,,,,,,,,,2026-10-09T17:28:13.749821+00:00,ALTLINE_NB_v1_2026-01-18,,,,league_avg,2.3,,,,,,,,,,,,,,,,,,,,,,,,,exp/fallback,0.126,,,,,,,,,,,,,,,,,,,,,,,,,exp/fallback,0.104,,,,,,,,,,,,,,,,,,,,,,,,,exp/fallback,0.1888,,,,,,,,,,,,,,,,,,,,,,,,,exp/fallback,0.1192999999999999,,,,,,,,,,,,,,,,,,,,,,False,False,False,False,False,,,Active roster,2026-10-09T17:28:13+00:00,False,[],2025-2026,,2026-09-24-frozen-v2,2026-10-09T17:28:17.103488+00:00
2026-10-09,NYR@WSH,2026020067,6:00 PM,2026-10-09T23:00:00Z,Vladislav Gavrikov,8478882,NYR,False,"{""season"":""2026-27"",""games"":[{""d"":""2026-10-06"",""g"":0,""a"":2,""s"":3,""pp"":0,""h"":""H"",""toi"":""24:10""},{""d"":""2026-10-04"",""g"":1,""a"":1,""s"":3,""pp"":0,""h"":""H"",""toi"":""19:09""},{""d"":""2026-10-02"",""g"":0,""a"":0,""s"":0,""pp"":0,""h"":""R"",""toi"":""21:07""},{""d"":""2026-10-01"",""g"":0,""a"":0,""s"":0,""pp"":0,""h"":""H"",""toi"":""23:20""},{""d"":""2026-09-29"",""g"":0,""a"":0,""s"":1,""pp"":0,""h"":""R"",""toi"":""19:58""}]}",2026-27,NYR,D,,Healthy,Unknown,,,2.0,1.0,🟢 ROLE+,19.0,12.0,2026-10-09T17:27:50+00:00,WSH,Logan Thompson,0.9117832388153748,2.43828101188662,18.0,Confirmed,dailyfaceoff_name_and_stats,28.86,7.0,28.86,7.0,5.6,61.1,72.9,A1+A2,23.73,97.7,72.5,1.09,NONE,False,False,23.53754892467431,2.258550120836825,7.1,17.1,16.0,3.2,True,1.0,1.3333333333333333,1.4,1.14,35.1,4.0,1.0,7.0,1.0,3.0,3.0,4.0,4.0,3.0,3.0,7.0,7.0,LOW,0.4,-0.1,LOW,0.2,,LOW,0.1,,LOW,0.3,,LOW,0.15,,LOW,0.075,,LOW,0.7,,LOW,0.35,,LOW,0.175,,0.934375681315601,0.2242501635157442,,,3.0,2.6230263896920856,2.6360568982230745,50.0,70.3,48.1,88.1,3.87,1.08,11.4,-0.13,0.08,4.4,COOL,COOL,HOT,3.07,-0.21,COOL,Yellow,Red,Red,Yellow,58.0,57.0,55.0,63.0,ASSISTS,63.0,0.0,0.0,1.0,0.0,0.0,5.0,B,Hybrid,3.9,,72.7,,1.0,0.933130081300813,76.51666666666667,0.933130081300813,0.0393307518333219,3.9,3.9,3.1561751252450447,1.489871487693313,1.960357220649096,8.75699777062175,7.348475341950056,72.7,61.1,False,,,,🅰️ D:0,,False,False,0.0,,False,0.0,,False,0.0,,1.5,125.0,BetRivers,,,,,,,,,,1.5,125.0,BetRivers,0.5,225.0,Fanatics,1.5,1500.0,Fanatics,2.5,1500.0,BetOnline.ag,3.5,2900.0,BetOnline.ag,0.5,225.0,Fanatics,0.5,265.0,Fanatics,1.5,1700.0,Fanatics,,,,,,,0.5,265.0,Fanatics,0.5,1400.0,Fanatics,,,,,,,,,,0.5,1400.0,Fanatics,0.5,1400.0,Fanatics,,,,,,,,,,0.5,1400.0,Fanatics,The Odds API,"[""Bally Bet"", ""BetMGM"", ""BetRivers"", ""Bovada"", ""Caesars"", ""Courtside"", ""DraftKings"", ""FanDuel"", ""Fanatics"", ""Fliff"", ""Hard Rock Bet"", ""theScore Bet""]",The Odds API,"[""Bally Bet"", ""BetMGM"", ""BetRivers"", ""Bovada"", ""Caesars"", ""Courtside"", ""DraftKings"", ""FanDuel"", ""Fanatics"", ""fanatics""]",The Odds API,"[""BetOnline.ag"", ""Courtside"", ""DraftKings"", ""Fanatics"", ""ReBet"", ""draftkings""]",,,,,,,,,,,,,,,,,,The Odds API,"[""BetOnline.ag"", ""Courtside"", ""DraftKings"", ""Fanatics"", ""ReBet"", ""draftkings""]",The Odds API,"[""Bally Bet"", ""BetRivers""]",2026-10-09T17:28:13.749821+00:00,ALTLINE_NB_v1_2026-01-18,1.5,125.0,BetRivers,exp/fallback,1.14,0.3078565639720687,30.8,0.4444444444444444,-30.73227310628453,-30.7,0.3078565639720687,30.8,-30.73227310628453,-30.7,,,,,,,,,,,,,0.5,225.0,Fanatics,exp/fallback,0.387,0.3043719257187187,30.4,0.3076923076923077,-1.07912414141641,-1.1,0.3043719257187187,30.4,-1.07912414141641,-1.1,0.0672782053903415,6.7,7.6451286245465155,7.6,0.0127317197742595,1.3,-79.62924836118468,-79.6,0.0021966505985082,0.2,-93.4100482044752,-93.4,0.5,265.0,Fanatics,exp/fallback,0.307,0.2484380193410719,24.8,0.273972602739726,-9.320122940508757,-9.3,0.2484380193410719,24.8,-9.320122940508757,-9.3,0.0484124206741529,4.8,-12.85764278652466,-12.9,,,,,,,,,0.5,1400.0,Fanatics,exp/fallback,0.1674,0.1495874619293876,15.0,0.0666666666666666,124.3811928940815,124.4,0.1495874619293876,15.0,124.3811928940815,124.4,,,,,,,,,,,,,0.5,1400.0,Fanatics,exp/fallback,0.1314,0.1184635399371534,11.8,0.0666666666666666,77.69530990573013,77.7,0.1184635399371534,11.8,77.69530990573013,77.7,,,,,,,,,,,,,False,False,True,True,False,5.6,,Active roster,2026-10-09T17:28:13+00:00,False,[],2025-2026,,2026-09-24-frozen-v2,2026-10-09T17:28:17.103488+00:00
2026-10-09,NYR@WSH,2026020067,6:00 PM,2026-10-09T23:00:00Z,Will Cuylle,8482157,NYR,False,"{""season"":""2026-27"",""games"":[{""d"":""2026-10-06"",""g"":0,""a"":1,""s"":4,""pp"":1,""h"":""H"",""toi"":""17:44""},{""d"":""2026-10-04"",""g"":0,""a"":1,""s"":2,""pp"":0,""h"":""H"",""toi"":""14:06""},{""d"":""2026-10-02"",""g"":0,""a"":1,""s"":2,""pp"":1,""h"":""R"",""toi"":""14:43""},{""d"":""2026-10-01"",""g"":0,""a"":0,""s"":3,""pp"":0,""h"":""H"",""toi"":""14:12""},{""d"":""2026-09-29"",""g"":0,""a"":0,""s"":3,""pp"":0,""h"":""R"",""toi"":""15:03""}]}",2026-27,NYR,L,,Healthy,Unknown,,,2.0,0.0,,19.0,12.0,2026-10-09T17:27:50+00:00,WSH,Logan Thompson,0.9117832388153748,2.43828101188662,18.0,Confirmed,dailyfaceoff_name_and_stats,28.86,7.0,28.86,7.0,16.7,91.7,68.0,A1+A2,16.86,65.8,78.2,1.11,NONE,False,False,23.53754892467431,2.258550120836825,7.1,17.1,16.0,3.2,True,3.0,2.6666666666666665,2.8,2.93,87.4,3.0,0.0,14.0,0.0,3.0,3.0,3.0,3.0,3.0,3.0,14.0,14.0,LOW,0.3,-0.2,LOW,0.15,,LOW,0.075,,LOW,0.3,,LOW,0.15,,LOW,0.075,,LOW,1.4,,LOW,0.7,,LOW,0.35,,1.3270258647170854,0.6635129323585427,,,3.0,2.6230263896920856,2.6360568982230745,50.0,70.3,57.5,88.1,5.63,3.51,32.23,2.63,3.19,15.3,HOT,HOT,HOT,2.44,-0.56,COOL,Red,Yellow,Yellow,Red,60.0,80.0,84.0,61.0,GOAL,84.0,0.0,0.0,5.0,0.0,2.0,0.0,B,Hybrid,8.0,,72.7,,1.0,1.3556910569105691,111.16666666666669,1.3556910569105691,0.0804224893593932,8.0,8.0,4.456821589205397,2.736431784107946,2.023988005997001,8.75699777062175,7.348475341950056,72.7,67.5,False,,,,🥅 D:5,,False,False,1.0,,False,0.0,,False,0.0,,1.5,-137.0,BetRivers,2.5,220.0,theScore Bet,3.5,525.0,Fanatics,4.5,1300.0,Fanatics,1.5,-137.0,BetRivers,0.5,190.0,theScore Bet,1.5,1100.0,theScore Bet,2.5,1300.0,BetOnline.ag,3.5,2900.0,BetOnline.ag,0.5,190.0,theScore Bet,0.5,400.0,Hard Rock Bet,1.5,2800.0,Fanatics,,,,,,,0.5,400.0,Hard Rock Bet,0.5,400.0,DraftKings,,,,,,,,,,0.5,400.0,DraftKings,0.5,400.0,DraftKings,,,,,,,,,,0.5,400.0,DraftKings,The Odds API,"[""Bally Bet"", ""BetMGM"", ""BetRivers"", ""Bovada"", ""Caesars"", ""Courtside"", ""DraftKings"", ""FanDuel"", ""Fanatics"", ""Fliff"", ""Hard Rock Bet"", ""theScore Bet""]",The Odds API,"[""Bally Bet"", ""BetMGM"", ""BetRivers"", ""Bovada"", ""Caesars"", ""Courtside"", ""DraftKings"", ""FanDuel"", ""Fanatics"", ""fanatics""]",The Odds API,"[""BetOnline.ag"", ""Courtside"", ""DraftKings"", ""FanDuel"", ""Fanatics"", ""Fliff"", ""Hard Rock Bet"", ""ReBet"", ""draftkings"", ""theScore Bet""]",0.5,850.0,Hard Rock Bet,,,,,,,,,,0.5,850.0,Hard Rock Bet,The Odds API,"[""Bovada"", ""Hard Rock Bet"", ""theScore Bet""]",The Odds API,"[""Bally Bet"", ""BetOnline.ag"", ""BetRivers"", ""Caesars"", ""Courtside"", ""DraftKings"", ""FanDuel"", ""Fanatics"", ""Fliff"", ""Hard Rock Bet"", ""ReBet"", ""draftkings"", ""theScore Bet""]",The Odds API,"[""Bally Bet"", ""BetMGM"", ""BetOnline.ag"", ""BetRivers"", ""Bovada"", ""Courtside"", ""DraftKings"", ""FanDuel"", ""Fanatics"", ""Fliff"", ""Hard Rock Bet"", ""ReBet"", ""theScore Bet""]",2026-10-09T17:28:13.749821+00:00,ALTLINE_NB_v1_2026-01-18,1.5,-137.0,BetRivers,exp/fallback,3.223,0.7380780303811518,73.8,0.5780590717299579,27.682111825060574,27.7,0.7380780303811518,73.8,27.682111825060574,27.7,0.550813775373761,55.1,76.26040811960353,76.3,0.3836941037999494,38.4,139.80881487496836,139.8,0.2531947645234451,25.3,254.4726703328232,254.5,0.5,190.0,theScore Bet,exp/fallback,0.563,0.4018335842658146,40.2,0.3448275862068966,16.531739437086234,16.5,0.4018335842658146,40.2,16.531739437086234,16.5,0.1205022346493855,12.1,44.60268157926271,44.6,0.0311885500597832,3.1,-56.33602991630342,-56.3,0.0073849975708288,0.7,-77.84500728751334,-77.8,0.5,400.0,Hard Rock Bet,exp/fallback,0.244,0.2056456353405078,20.6,0.2,2.8228176702539187,2.8,0.2056456353405078,20.6,2.8228176702539187,2.8,0.0328983403521691,3.3,-4.5948129787096175,-4.6,,,,,,,,,0.5,400.0,DraftKings,exp/fallback,0.3204,0.2602699580153775,26.0,0.2,30.134979007688777,30.1,0.2602699580153775,26.0,30.134979007688777,30.1,,,,,,,,,,,,,0.5,400.0,DraftKings,exp/fallback,0.33315,0.2603398877266275,26.0,0.2,30.169943863313765,30.2,0.2603398877266275,26.0,30.169943863313765,30.2,,,,,,,,,,,,,True,True,True,True,False,16.7,,Active roster,2026-10-09T17:28:13+00:00,False,[],2025-2026,,2026-09-24-frozen-v2,2026-10-09T17:28:17.103488+00:00
2026-10-09,NYR@WSH,2026020067,6:00 PM,2026-10-09T23:00:00Z,Alex Ovechkin,8471214,WSH,False,"{""season"":""2026-27"",""games"":[{""d"":""2026-10-07"",""g"":0,""a"":0,""s"":2,""pp"":0,""h"":""H"",""toi"":""14:05""},{""d"":""2026-10-03"",""g"":0,""a"":0,""s"":0,""pp"":0,""h"":""R"",""toi"":""13:34""},{""d"":""2026-10-02"",""g"":0,""a"":1,""s"":1,""pp"":0,""h"":""R"",""toi"":""12:46""}]}",2026-27,WSH,L,,Healthy,Unknown,,,1.0,0.0,,19.0,12.0,2026-10-09T17:27:50+00:00,NYR,Igor Shesterkin,0.911578947368421,2.4998208902580834,20.0,Confirmed,dailyfaceoff_name_and_stats,24.0,9.0,24.0,9.0,4.5,98.3,87.4,A1+A2,17.45,71.2,89.1,1.16,NONE,False,False,26.180837830079174,2.62122907817057,53.1,53.1,19.0,3.8,True,1.0,,1.0,1.0,25.3,1.0,0.0,3.0,0.0,1.0,1.0,1.0,1.0,1.0,1.0,3.0,3.0,LOW,0.1,-0.4,LOW,0.05,,LOW,0.025,,LOW,0.1,,LOW,0.05,,LOW,0.025,,LOW,0.3,,LOW,0.15,,LOW,0.075,,2.147117296222664,0.7753479125248509,,,1.0,2.398134962935236,2.2409738553050214,50.0,19.0,71.5,15.4,10.2,5.24,11.0,8.27,4.76,7.0,HOT,HOT,HOT,4.96,3.51,HOT,Yellow,Red,Green,Yellow,75.0,65.0,66.0,74.0,POINTS,75.0,2.0,2.0,3.0,3.0,0.0,3.0,A,Distributor,24.4,,40.5,,2.0,4.254065040650406,348.8333333333333,4.254065040650406,0.243808680660718,24.4,24.4,3.06292403248925,1.3450549450549452,2.0210224558050647,6.890141837723548,7.578865779615037,40.5,73.5,True,,,,🅿️ D:2,,False,False,2.0,,False,0.0,,False,0.0,,1.5,-350.0,theScore Bet,2.5,-103.0,BetOnline.ag,3.5,220.0,BetOnline.ag,4.5,500.0,Fanatics,2.5,-103.0,BetOnline.ag,0.5,-115.0,theScore Bet,1.5,450.0,theScore Bet,2.5,1700.0,Fanatics,3.5,4500.0,BetOnline.ag,0.5,-115.0,theScore Bet,0.5,210.0,theScore Bet,1.5,1400.0,DraftKings,,,,,,,0.5,210.0,theScore Bet,0.5,220.0,BetMGM,,,,,,,,,,0.5,220.0,BetMGM,0.5,220.0,BetMGM,,,,,,,,,,0.5,220.0,BetMGM,The Odds API,"[""Bally Bet"", ""BetMGM"", ""BetRivers"", ""Bovada"", ""Caesars"", ""Courtside"", ""DraftKings"", ""FanDuel"", ""Fanatics"", ""Fliff"", ""Hard Rock Bet"", ""theScore Bet""]",The Odds API,"[""Bally Bet"", ""BetMGM"", ""BetRivers"", ""Bovada"", ""Caesars"", ""Courtside"", ""DraftKings"", ""FanDuel"", ""Fanatics"", ""betmgm""]",The Odds API,"[""Bally Bet"", ""BetMGM"", ""BetOnline.ag"", ""BetRivers"", ""Bovada"", ""Courtside"", ""DraftKings"", ""FanDuel"", ""Fanatics"", ""Fliff"", ""Hard Rock Bet"", ""ReBet"", ""draftkings"", ""theScore Bet""]",0.5,250.0,BetRivers,,,,,,,,,,0.5,250.0,BetRivers,The Odds API,"[""Bally Bet"", ""BetMGM"", ""BetRivers"", ""Bovada"", ""Fliff"", ""Hard Rock Bet"", ""theScore Bet""]",The Odds API,"[""Bally Bet"", ""BetMGM"", ""BetOnline.ag"", ""BetRivers"", ""Caesars"", ""Courtside"", ""DraftKings"", ""FanDuel"", ""Fanatics"", ""Fliff"", ""Hard Rock Bet"", ""ReBet"", ""draftkings"", ""theScore Bet""]",The Odds API,"[""Bally Bet"", ""BetMGM"", ""BetOnline.ag"", ""BetRivers"", ""Bovada"", ""Courtside"", ""DraftKings"", ""FanDuel"", ""Fanatics"", ""Fliff"", ""Hard Rock Bet"", ""ReBet"", ""draftkings"", ""theScore Bet""]",2026-10-09T17:28:13.749821+00:00,ALTLINE_NB_v1_2026-01-18,2.5,-103.0,BetOnline.ag,exp/fallback,1.1,0.1190869247365296,11.9,0.5073891625615764,-76.52947017328592,-76.5,0.2951240545579663,29.5,-62.05547869969005,-62.1,0.1190869247365296,11.9,-76.52947017328592,-76.5,0.0431493393233607,4.3,-86.19221141652457,-86.2,0.014486623260547,1.4,-91.30802604367176,-91.3,0.5,-115.0,theScore Bet,exp/fallback,1.02,0.5819767520956125,58.2,0.5348837209302325,8.804349304831904,8.8,0.5819767520956125,58.2,8.804349304831904,8.8,0.2677662046656379,26.8,47.27141256610088,47.3,0.1083454516033406,10.8,95.02181288601317,95.0,0.0404418441825537,4.0,86.03248323974701,86.0,0.5,210.0,theScore Bet,exp/fallback,0.496,0.357947074293228,35.8,0.3225806451612903,10.963593030900686,11.0,0.357947074293228,35.8,10.963593030900686,11.0,0.1027721935636136,10.3,54.1582903454205,54.2,,,,,,,,,0.5,220.0,BetMGM,exp/fallback,0.2922,0.2414508696449167,24.1,0.3125,-22.735721713626656,-22.7,0.2414508696449167,24.1,-22.735721713626656,-22.7,,,,,,,,,,,,,0.5,220.0,BetMGM,exp/fallback,0.3342,0.2609778327885032,26.1,0.3125,-16.487093507678985,-16.5,0.2609778327885032,26.1,-16.487093507678985,-16.5,,,,,,,,,,,,,False,False,False,False,True,4.5,,Active roster,2026-10-09T17:28:13+00:00,False,[],2025-2026,,2026-09-24-frozen-v2,2026-10-09T17:28:17.103488+00:00
2026-10-09,NYR@WSH,2026020067,6:00 PM,2026-10-09T23:00:00Z,Alex Tuch,8477949,BUF,True,"{""season"":""2026-27"",""games"":[{""d"":""2026-10-07"",""g"":1,""a"":0,""s"":6,""pp"":0,""h"":""H"",""toi"":""18:35""},{""d"":""2026-10-03"",""g"":0,""a"":0,""s"":2,""pp"":0,""h"":""R"",""toi"":""17:53""},{""d"":""2026-10-02"",""g"":2,""a"":0,""s"":3,""pp"":0,""h"":""R"",""toi"":""16:38""}]}",2026-27,WSH,R,⭐ STAR,Healthy,Unknown,,,1.0,0.0,,19.0,12.0,2026-10-09T17:27:50+00:00,NYR,Igor Shesterkin,0.911578947368421,2.4998208902580834,20.0,Confirmed,dailyfaceoff_name_and_stats,24.0,9.0,24.0,9.0,13.6,91.6,88.4,A1+A2,18.99,82.3,88.6,1.19,STAR,False,True,26.180837830079174,2.62122907817057,53.1,53.1,19.0,3.8,True,3.0,,3.6666666666666665,3.2333333333333334,94.8,3.0,3.0,11.0,3.0,0.0,0.0,3.0,3.0,0.0,0.0,11.0,11.0,LOW,0.3,-0.2,LOW,0.15,,LOW,0.075,,LOW,0.0,,LOW,0.0,,LOW,0.0,,LOW,1.1,,LOW,0.55,,LOW,0.275,,2.5413800354471445,0.7029349034215506,,,0.0,2.398134962935236,2.2409738553050214,50.0,19.0,74.4,15.4,9.33,3.86,35.56,5.48,0.51,21.33,HOT,COOL,HOT,5.47,4.97,HOT,Yellow,Yellow,Yellow,Yellow,77.0,74.0,78.0,76.0,GOAL,78.0,0.0,3.0,0.0,0.0,0.0,3.0,,Passenger,8.3,,40.5,,,1.570886075949367,124.1,1.570886075949367,0.0827048461085626,8.3,8.3,2.045124899274778,1.2232070910556,0.96696212731668,6.890141837723548,7.578865779615037,40.5,52.0,False,,,,🥅 D:0,,False,False,0.0,,False,0.0,,False,0.0,,1.5,-244.0,BetOnline.ag,2.5,107.0,BetOnline.ag,3.5,250.0,FanDuel,4.5,580.0,FanDuel,2.5,107.0,BetOnline.ag,0.5,-110.0,DraftKings,1.5,475.0,DraftKings,2.5,1900.0,Fanatics,3.5,2900.0,BetOnline.ag,0.5,-110.0,DraftKings,0.5,205.0,DraftKings,1.5,1300.0,DraftKings,,,,,,,0.5,205.0,DraftKings,0.5,240.0,DraftKings,,,,,,,,,,0.5,240.0,DraftKings,0.5,240.0,DraftKings,,,,,,,,,,0.5,240.0,DraftKings,The Odds API,"[""Bally Bet"", ""BetMGM"", ""BetRivers"", ""Bovada"", ""Caesars"", ""Courtside"", ""DraftKings"", ""FanDuel"", ""Fanatics"", ""Fliff"", ""Hard Rock Bet"", ""fanduel"", ""theScore Bet""]",The Odds API,"[""Bally Bet"", ""BetMGM"", ""BetRivers"", ""Bovada"", ""Caesars"", ""Courtside"", ""DraftKings"", ""FanDuel"", ""Fanatics"", ""betrivers""]",The Odds API,"[""Bally Bet"", ""BetMGM"", ""BetOnline.ag"", ""BetRivers"", ""Bovada"", ""Courtside"", ""DraftKings"", ""FanDuel"", ""Fanatics"", ""Fliff"", ""Hard Rock Bet"", ""ReBet"", ""draftkings"", ""theScore Bet""]",0.5,450.0,Hard Rock Bet,,,,,,,,,,0.5,450.0,Hard Rock Bet,The Odds API,"[""Bovada"", ""Hard Rock Bet"", ""theScore Bet""]",The Odds API,"[""Bally Bet"", ""BetMGM"", ""BetOnline.ag"", ""BetRivers"", ""Caesars"", ""Courtside"", ""DraftKings"", ""FanDuel"", ""Fanatics"", ""Fliff"", ""Hard Rock Bet"", ""ReBet"", ""draftkings"", ""theScore Bet""]",The Odds API,"[""Bally Bet"", ""BetMGM"", ""BetOnline.ag"", ""BetRivers"", ""Bovada"", ""Courtside"", ""DraftKings"", ""FanDuel"", ""Fanatics"", ""Fliff"", ""Hard Rock Bet"", ""ReBet"", ""fanduel"", ""theScore Bet""]",2026-10-09T17:28:13.749821+00:00,ALTLINE_NB_v1_2026-01-18,2.5,107.0,BetOnline.ag,exp/fallback,3.556,0.5996750498881467,60.0,0.4830917874396135,24.132735326846365,24.1,0.773619979724065,77.4,9.067734846343594,9.1,0.5996750498881467,60.0,24.132735326846365,24.1,0.4359513414454453,43.6,52.58296950590587,52.6,0.3011111300056716,30.1,104.75556840385669,104.8,0.5,-110.0,DraftKings,exp/fallback,0.933,0.5539730768766702,55.4,0.5238095238095238,5.758496494637033,5.8,0.5539730768766702,55.4,5.758496494637033,5.8,0.2402697718568316,24.0,38.15511881767819,38.2,0.0913402185653093,9.1,82.68043713061877,82.7,0.0319839524424886,3.2,-4.048142672534083,-4.0,0.5,205.0,DraftKings,exp/fallback,0.5469999999999999,0.3834020146414272,38.3,0.3278688524590163,16.937614465635285,16.9,0.3834020146414272,38.3,16.937614465635285,16.9,0.1185578073456761,11.9,65.98093028394656,66.0,,,,,,,,,0.5,240.0,DraftKings,exp/fallback,0.3344,0.269370550466773,26.9,0.2941176470588235,-8.414012841297168,-8.4,0.269370550466773,26.9,-8.414012841297168,-8.4,,,,,,,,,,,,,0.5,240.0,DraftKings,exp/fallback,0.3559,0.2739614930021893,27.4,0.2941176470588235,-6.853092379255643,-6.9,0.2739614930021893,27.4,-6.853092379255643,-6.9,,,,,,,,,,,,,True,False,False,False,True,13.6,,Active roster,2026-10-09T17:28:13+00:00,False,[],2025-2026,,2026-09-24-frozen-v2,2026-10-09T17:28:17.103488+00:00
2026-10-09,NYR@WSH,2026020067,6:00 PM,2026-10-09T23:00:00Z,Aliaksei Protas,8481656,WSH,False,"{""season"":""2026-27"",""games"":[{""d"":""2026-10-07"",""g"":0,""a"":0,""s"":1,""pp"":0,""h"":""H"",""toi"":""16:04""},{""d"":""2026-10-03"",""g"":0,""a"":0,""s"":0,""pp"":0,""h"":""R"",""toi"":""15:21""},{""d"":""2026-10-02"",""g"":0,""a"":1,""s"":2,""pp"":0,""h"":""R"",""toi"":""17:36""}]}",2026-27,WSH,L,,Healthy,Unknown,,,1.0,0.0,,19.0,12.0,2026-10-09T17:27:50+00:00,NYR,Igor Shesterkin,0.911578947368421,2.4998208902580834,20.0,Confirmed,dailyfaceoff_name_and_stats,24.0,9.0,24.0,9.0,4.5,91.0,82.2,A1+A2,18.24,76.9,85.1,1.14,NONE,False,False,26.180837830079174,2.62122907817057,53.1,53.1,19.0,3.8,True,1.0,,1.0,1.0,25.3,1.0,0.0,3.0,0.0,1.0,1.0,1.0,1.0,1.0,1.0,3.0,3.0,LOW,0.1,-0.4,LOW,0.05,,LOW,0.025,,LOW,0.1,,LOW,0.05,,LOW,0.025,,LOW,0.3,,LOW,0.15,,LOW,0.075,,1.903111646279681,0.7400989735532093,,,1.0,2.398134962935236,2.2409738553050214,50.0,19.0,68.8,15.4,7.49,3.78,11.0,6.49,3.44,7.0,HOT,HOT,HOT,4.46,3.05,HOT,Yellow,Red,Red,Yellow,72.0,61.0,62.0,70.0,POINTS,72.0,2.0,2.0,3.0,3.0,0.0,3.0,C,Passenger,2.5,,40.5,,0.0,0.4559210526315789,34.65,0.4559210526315789,0.0250009019084382,2.5,2.5,1.4675324675324677,0.3636363636363636,1.2987012987012987,6.890141837723548,7.578865779615037,40.5,46.7,False,,,,🅿️ D:2,,False,False,1.0,,False,0.0,,False,0.0,,1.5,-105.0,theScore Bet,2.5,300.0,BetOnline.ag,3.5,950.0,BetOnline.ag,4.5,3100.0,BetOnline.ag,1.5,-105.0,theScore Bet,0.5,195.0,BetRivers,1.5,1100.0,theScore Bet,2.5,1550.0,BetOnline.ag,3.5,3300.0,BetOnline.ag,0.5,195.0,BetRivers,0.5,375.0,Hard Rock Bet,1.5,2200.0,Fanatics,,,,,,,0.5,375.0,Hard Rock Bet,0.5,480.0,BetRivers,,,,,,,,,,0.5,480.0,BetRivers,0.5,480.0,BetRivers,,,,,,,,,,0.5,480.0,BetRivers,The Odds API,"[""Bally Bet"", ""BetMGM"", ""BetRivers"", ""Bovada"", ""Caesars"", ""Courtside"", ""DraftKings"", ""FanDuel"", ""Fanatics"", ""Fliff"", ""Hard Rock Bet"", ""theScore Bet""]",The Odds API,"[""Bally Bet"", ""BetMGM"", ""BetRivers"", ""Bovada"", ""Caesars"", ""Courtside"", ""DraftKings"", ""FanDuel"", ""Fanatics"", ""betrivers""]",The Odds API,"[""BetOnline.ag"", ""Courtside"", ""DraftKings"", ""Fanatics"", ""Hard Rock Bet"", ""ReBet"", ""draftkings"", ""theScore Bet""]",,,,,,,,,,,,,,,,,,The Odds API,"[""Bally Bet"", ""BetOnline.ag"", ""BetRivers"", ""Caesars"", ""Courtside"", ""DraftKings"", ""Fanatics"", ""Hard Rock Bet"", ""ReBet"", ""draftkings"", ""theScore Bet""]",The Odds API,"[""Bally Bet"", ""BetOnline.ag"", ""BetRivers"", ""Courtside"", ""DraftKings"", ""Fanatics"", ""Hard Rock Bet"", ""ReBet"", ""theScore Bet""]",2026-10-09T17:28:13.749821+00:00,ALTLINE_NB_v1_2026-01-18,1.5,-105.0,theScore Bet,exp/fallback,1.1,0.2951240545579663,29.5,0.5121951219512195,-42.38054172915896,-42.4,0.2951240545579663,29.5,-42.38054172915896,-42.4,0.1190869247365296,11.9,-52.36523010538816,-52.4,0.0431493393233607,4.3,-54.69319371047124,-54.7,0.014486623260547,1.4,-53.64280556624941,-53.6,0.5,195.0,BetRivers,exp/fallback,0.749,0.4858243454086529,48.6,0.3389830508474576,43.31818189555261,43.3,0.4858243454086529,48.6,43.31818189555261,43.3,0.1806961393405002,18.1,116.83536720860026,116.8,0.0584720037124795,5.8,-3.521193874408801,-3.5,0.0173707104443369,1.7,-40.9395844892545,-40.9,0.5,375.0,Hard Rock Bet,exp/fallback,0.446,0.3314296908062892,33.1,0.2105263157894736,57.42910313298739,57.4,0.3314296908062892,33.1,57.42910313298739,57.4,0.0876174603071926,8.8,101.52015870654309,101.5,,,,,,,,,0.5,480.0,BetRivers,exp/fallback,0.2484,0.210867060145114,21.1,0.1724137931034483,22.302894884166136,22.3,0.210867060145114,21.1,22.302894884166136,22.3,,,,,,,,,,,,,0.5,480.0,BetRivers,exp/fallback,0.263025,0.2155827944814594,21.6,0.1724137931034483,25.038020799246485,25.0,0.2155827944814594,21.6,25.038020799246485,25.0,,,,,,,,,,,,,False,True,True,True,True,4.5,,Active roster,2026-10-09T17:28:13+00:00,False,[],2025-2026,,2026-09-24-frozen-v2,2026-10-09T17:28:17.103488+00:00
2026-10-09,NYR@WSH,2026020067,6:00 PM,2026-10-09T23:00:00Z,Anthony Beauvillier,8478463,WSH,False,"{""season"":""2026-27"",""games"":[{""d"":""2026-10-07"",""g"":1,""a"":0,""s"":1,""pp"":0,""h"":""H"",""toi"":""10:46""},{""d"":""2026-10-03"",""g"":0,""a"":0,""s"":2,""pp"":0,""h"":""R"",""toi"":""11:37""},{""d"":""2026-10-02"",""g"":0,""a"":0,""s"":3,""pp"":0,""h"":""R"",""toi"":""13:55""}]}",2026-27,WSH,R,,Healthy,Unknown,,,1.0,0.0,,19.0,12.0,2026-10-09T17:27:50+00:00,NYR,Igor Shesterkin,0.911578947368421,2.4998208902580834,20.0,Confirmed,dailyfaceoff_name_and_stats,24.0,9.0,24.0,9.0,9.1,84.6,56.5,A1+A2,15.8,57.3,69.3,1.08,NONE,False,False,26.180837830079174,2.62122907817057,53.1,53.1,19.0,3.8,True,2.0,,2.0,2.0,61.5,1.0,1.0,6.0,1.0,0.0,0.0,1.0,1.0,0.0,0.0,6.0,6.0,LOW,0.1,-0.4,LOW,0.05,,LOW,0.025,,LOW,0.0,,LOW,0.0,,LOW,0.0,,LOW,0.6,,LOW,0.3,,LOW,0.15,,1.2187403405996555,0.2119548418434183,,,0.0,2.398134962935236,2.2409738553050214,50.0,19.0,53.5,15.4,4.17,2.47,20.0,3.17,1.47,14.0,HOT,COOL,HOT,1.71,1.71,WARM,Red,Red,Yellow,Red,53.0,62.0,67.0,52.0,GOAL,67.0,0.0,3.0,0.0,2.0,0.0,3.0,C,Passenger,3.0,,40.5,,0.0,0.4786585365853658,39.25,0.4786585365853658,0.0303003010730552,3.0,3.0,1.1770700636942677,1.1770700636942677,0.0,6.890141837723548,7.578865779615037,40.5,35.3,False,,,,🥅 D:0,,False,False,0.0,,False,0.0,,False,0.0,,1.5,112.0,BetRivers,,,,,,,,,,1.5,112.0,BetRivers,0.5,185.0,Fanatics,1.5,1200.0,Fanatics,2.5,1550.0,BetOnline.ag,3.5,3100.0,BetOnline.ag,0.5,185.0,Fanatics,0.5,350.0,BetOnline.ag,1.5,2500.0,Fanatics,,,,,,,0.5,350.0,BetOnline.ag,0.5,475.0,DraftKings,,,,,,,,,,0.5,475.0,DraftKings,0.5,475.0,DraftKings,,,,,,,,,,0.5,475.0,DraftKings,The Odds API,"[""Bally Bet"", ""BetMGM"", ""BetRivers"", ""Bovada"", ""Caesars"", ""Courtside"", ""DraftKings"", ""FanDuel"", ""Fanatics"", ""Fliff"", ""Hard Rock Bet"", ""theScore Bet""]",The Odds API,"[""Bally Bet"", ""BetMGM"", ""BetRivers"", ""Bovada"", ""Caesars"", ""Courtside"", ""DraftKings"", ""FanDuel"", ""Fanatics"", ""fanduel""]",The Odds API,"[""Bally Bet"", ""BetOnline.ag"", ""BetRivers"", ""Courtside"", ""DraftKings"", ""Fanatics"", ""ReBet"", ""draftkings""]",,,,,,,,,,,,,,,,,,The Odds API,"[""Bally Bet"", ""BetOnline.ag"", ""BetRivers"", ""Courtside"", ""DraftKings"", ""Fanatics"", ""ReBet"", ""draftkings""]",The Odds API,"[""Bally Bet"", ""BetRivers""]",2026-10-09T17:28:13.749821+00:00,ALTLINE_NB_v1_2026-01-18,1.5,112.0,BetRivers,exp/fallback,2.0,0.5390946502057614,53.9,0.4716981132075472,14.288065843621425,14.3,0.5390946502057614,53.9,14.288065843621425,14.3,,,,,,,,,,,,,0.5,185.0,Fanatics,exp/fallback,0.417,0.3224283421525414,32.2,0.3508771929824561,-8.107922486525677,-8.1,0.3224283421525414,32.2,-8.107922486525677,-8.1,0.0758666410989264,7.6,-1.3733665713955625,-1.4,0.015304701394693,1.5,-74.74724269875641,-74.7,0.0028165593709482,0.3,-90.98701001296554,-91.0,0.5,350.0,BetOnline.ag,exp/fallback,0.1709999999999999,0.1513270804527073,15.1,0.2222222222222222,-31.90281379628168,-31.9,0.1513270804527073,15.1,-31.90281379628168,-31.9,0.017634708971743,1.8,-54.14975667346816,-54.1,,,,,,,,,0.5,475.0,DraftKings,exp/fallback,0.2788,0.232273032342516,23.2,0.1739130434782608,33.55699359694674,33.6,0.232273032342516,23.2,33.55699359694674,33.6,,,,,,,,,,,,,0.5,475.0,DraftKings,exp/fallback,0.26555,0.2172712596424568,21.7,0.1739130434782608,24.93097429441269,24.9,0.2172712596424568,21.7,24.93097429441269,24.9,,,,,,,,,,,,,True,False,True,True,False,9.1,,Active roster,2026-10-09T17:28:13+00:00,False,[],2025-2026,,2026-09-24-frozen-v2,2026-10-09T17:28:17.103488+00:00
2026-10-09,NYR@WSH,2026020067,6:00 PM,2026-10-09T23:00:00Z,Boone Jenner,8476432,CBJ,True,"{""season"":""2026-27"",""games"":[{""d"":""2026-10-07"",""g"":0,""a"":0,""s"":2,""pp"":0,""h"":""H"",""toi"":""17:52""},{""d"":""2026-10-03"",""g"":0,""a"":1,""s"":3,""pp"":0,""h"":""R"",""toi"":""14:57""},{""d"":""2026-10-02"",""g"":0,""a"":0,""s"":3,""pp"":0,""h"":""R"",""toi"":""16:18""}]}",2026-27,WSH,C,,Healthy,Unknown,,,1.0,0.0,,19.0,12.0,2026-10-09T17:27:50+00:00,NYR,Igor Shesterkin,0.911578947368421,2.4998208902580834,20.0,Confirmed,dailyfaceoff_name_and_stats,24.0,9.0,24.0,9.0,13.6,82.9,79.4,A1+A2,16.08,60.0,77.1,1.11,NONE,False,False,26.180837830079174,2.62122907817057,53.1,53.1,19.0,3.8,True,3.0,,2.6666666666666665,2.8833333333333333,83.9,1.0,0.0,8.0,0.0,1.0,1.0,1.0,1.0,1.0,1.0,8.0,8.0,LOW,0.1,-0.4,LOW,0.05,,LOW,0.025,,LOW,0.1,,LOW,0.05,,LOW,0.025,,LOW,0.8,,LOW,0.4,,LOW,0.2,,2.148652429357456,1.0071808262613076,,,1.0,2.398134962935236,2.2409738553050214,50.0,19.0,71.7,15.4,7.1,3.27,31.71,6.1,2.97,20.83,HOT,HOT,HOT,4.54,3.13,HOT,Yellow,Yellow,Yellow,Yellow,69.0,66.0,65.0,67.0,POINTS,69.0,1.0,1.0,3.0,1.0,0.0,3.0,,Passenger,4.8,,40.5,,,0.7721393034825871,51.73333333333333,0.7721393034825871,0.0480205448722907,4.8,4.8,2.2934922680412373,1.5541237113402062,0.8698453608247423,6.890141837723548,7.578865779615037,40.5,46.7,False,,,,🅿️ D:1,,False,False,1.0,,False,0.0,,False,0.0,,,,,,,,,,,,,,,,,0.5,275.0,BetRivers,,,,,,,,,,0.5,275.0,BetRivers,,,,,,,,,,,,,,,,0.5,650.0,Fanatics,,,,,,,,,,0.5,650.0,Fanatics,0.5,650.0,Fanatics,,,,,,,,,,0.5,650.0,Fanatics,The Odds API,"[""Bally Bet"", ""BetMGM"", ""BetRivers"", ""Bovada"", ""Caesars"", ""Courtside"", ""DraftKings"", ""FanDuel"", ""Fanatics"", ""Fliff"", ""Hard Rock Bet"", ""theScore Bet""]",The Odds API,"[""Bally Bet"", ""BetMGM"", ""BetRivers"", ""Bovada"", ""Caesars"", ""Courtside"", ""DraftKings"", ""FanDuel"", ""Fanatics"", ""fanatics""]",,,,,,,,,,,,,,,,,,,,The Odds API,"[""Bally Bet"", ""BetRivers""]",,,2026-10-09T17:28:13.749821+00:00,ALTLINE_NB_v1_2026-01-18,,,,exp/fallback,3.1710000000000003,,,,,,,,,,,,,,,,,,,,,,0.5,275.0,BetRivers,exp/fallback,0.71,0.4695992221284608,47.0,0.2666666666666666,76.09970829817281,76.1,0.4695992221284608,47.0,76.09970829817281,76.1,,,,,,,,,,,,,,,,exp/fallback,0.454,,,,,,,,,,,,,,,,,,,,,,0.5,650.0,Fanatics,exp/fallback,0.3107999999999999,0.2539375888019461,25.4,0.1333333333333333,90.45319160145964,90.5,0.2539375888019461,25.4,90.45319160145964,90.5,,,,,,,,,,,,,0.5,650.0,Fanatics,exp/fallback,0.31755,0.2507537609780135,25.1,0.1333333333333333,88.06532073351012,88.1,0.2507537609780135,25.1,88.06532073351012,88.1,,,,,,,,,,,,,False,True,True,True,False,13.6,,Active roster,2026-10-09T17:28:13+00:00,False,[],2025-2026,,2026-09-24-frozen-v2,2026-10-09T17:28:17.103488+00:00
2026-10-09,NYR@WSH,2026020067,6:00 PM,2026-10-09T23:00:00Z,Cole Hutson,8484873,WSH,False,,2026-27,WSH,D,,Healthy,Unknown,,,1.0,0.0,,19.0,12.0,2026-10-09T17:27:50+00:00,NYR,Igor Shesterkin,0.911578947368421,2.4998208902580834,20.0,Confirmed,dailyfaceoff_name_and_stats,24.0,9.0,24.0,9.0,,32.3,40.6,A1+A2,17.46,71.5,43.1,0.97,NONE,False,False,26.180837830079174,2.62122907817057,53.1,53.1,19.0,3.8,True,,,,,50.0,,,,,,,,,,,,,,,,,,,,,,,,,,,,,,,,,,,,,,,,0.8830744071954211,0.588716271463614,,,0.0,2.398134962935236,2.2409738553050214,50.0,19.0,45.2,15.4,6.62,1.76,,,,,COOL,COOL,COOL,4.86,,COOL,Red,Red,Red,Red,43.0,32.0,31.0,37.0,POINTS,43.0,,,,,,,C,Passenger,12.5,,40.5,,0.0,2.1785714285714284,30.5,2.1785714285714284,0.1247954173486088,12.5,12.5,7.662295081967213,0.1377049180327869,8.852459016393443,6.890141837723548,7.578865779615037,40.5,74.5,False,,,,,,False,False,0.0,,False,0.0,,False,0.0,,1.5,-105.0,theScore Bet,2.5,290.0,theScore Bet,3.5,650.0,Fanatics,4.5,1700.0,Fanatics,1.5,-105.0,theScore Bet,0.5,164.0,BetOnline.ag,1.5,950.0,Fanatics,2.5,1550.0,BetOnline.ag,3.5,3300.0,BetOnline.ag,0.5,164.0,BetOnline.ag,0.5,220.0,DraftKings,1.5,1500.0,DraftKings,,,,,,,0.5,220.0,DraftKings,0.5,800.0,DraftKings,,,,,,,,,,0.5,800.0,DraftKings,0.5,800.0,DraftKings,,,,,,,,,,0.5,800.0,DraftKings,The Odds API,"[""Bally Bet"", ""BetMGM"", ""BetRivers"", ""Bovada"", ""Caesars"", ""Courtside"", ""DraftKings"", ""FanDuel"", ""Fanatics"", ""Fliff"", ""Hard Rock Bet"", ""theScore Bet""]",The Odds API,"[""Bally Bet"", ""BetMGM"", ""BetRivers"", ""Bovada"", ""Caesars"", ""Courtside"", ""DraftKings"", ""FanDuel"", ""Fanatics"", ""fanduel""]",The Odds API,"[""Bally Bet"", ""BetMGM"", ""BetOnline.ag"", ""BetRivers"", ""Bovada"", ""Courtside"", ""DraftKings"", ""Fanatics"", ""Fliff"", ""Hard Rock Bet"", ""ReBet"", ""draftkings"", ""theScore Bet""]",0.5,425.0,Hard Rock Bet,,,,,,,,,,0.5,425.0,Hard Rock Bet,The Odds API,"[""Bovada"", ""Hard Rock Bet"", ""theScore Bet""]",The Odds API,"[""Bally Bet"", ""BetMGM"", ""BetOnline.ag"", ""BetRivers"", ""Caesars"", ""Courtside"", ""DraftKings"", ""Fanatics"", ""Fliff"", ""Hard Rock Bet"", ""ReBet"", ""draftkings"", ""theScore Bet""]",The Odds API,"[""Bally Bet"", ""BetOnline.ag"", ""BetRivers"", ""Courtside"", ""DraftKings"", ""Fanatics"", ""Hard Rock Bet"", ""ReBet"", ""theScore Bet""]",2026-10-09T17:28:13.749821+00:00,ALTLINE_NB_v1_2026-01-18,1.5,-105.0,theScore Bet,league_avg,2.3,0.6001759479749428,60.0,0.5121951219512195,17.177208890345963,17.2,0.6001759479749428,60.0,17.177208890345963,17.2,0.3835789960842564,38.4,49.59580847285998,49.6,0.2254288407355011,22.5,69.07163055162589,69.1,0.1243884637071297,12.4,123.89923467283354,123.9,0.5,164.0,BetOnline.ag,exp/fallback,0.662,0.4486664094963669,44.9,0.3787878787878788,18.447932107040867,18.4,0.4486664094963669,44.9,18.447932107040867,18.4,0.1523419498768126,15.2,59.95904737065323,60.0,0.0448380245857531,4.5,-26.017259433507316,-26.0,0.0120960372180071,1.2,-58.873473458775806,-58.9,0.5,220.0,DraftKings,exp/fallback,0.486,0.3527713360547142,35.3,0.3125,12.88682753750856,12.9,0.3527713360547142,35.3,12.88682753750856,12.9,0.0997116975370883,10.0,59.5387160593413,59.5,,,,,,,,,0.5,800.0,DraftKings,exp/fallback,0.2504,0.2123008563537912,21.2,0.1111111111111111,91.07077071841212,91.1,0.2123008563537912,21.2,91.07077071841212,91.1,,,,,,,,,,,,,0.5,800.0,DraftKings,exp/fallback,0.2193999999999999,0.1854342936749825,18.5,0.1111111111111111,66.89086430748429,66.9,0.1854342936749825,18.5,66.89086430748429,66.9,,,,,,,,,,,,,True,True,True,True,True,,,Active roster,2026-10-09T17:28:13+00:00,False,[],2025-2026,,2026-09-24-frozen-v2,2026-10-09T17:28:17.103488+00:00
2026-10-09,NYR@WSH,2026020067,6:00 PM,2026-10-09T23:00:00Z,Dylan McIlrath,8475795,WSH,False,,2026-27,WSH,D,,Healthy,Unknown,,,1.0,0.0,,19.0,12.0,2026-10-09T17:27:50+00:00,NYR,Igor Shesterkin,0.911578947368421,2.4998208902580834,20.0,Confirmed,dailyfaceoff_name_and_stats,24.0,9.0,24.0,9.0,,12.0,6.9,A1+A2,9.31,8.5,9.5,0.94,NONE,False,False,26.180837830079174,2.62122907817057,53.1,53.1,19.0,3.8,True,,,,,50.0,,,,,,,,,,,,,,,,,,,,,,,,,,,,,,,,,,,,,,,,0.0,0.0,,,0.0,2.398134962935236,2.2409738553050214,50.0,19.0,27.5,15.4,0.21,0.21,,,,,COOL,COOL,COOL,0.0,,COOL,Red,Red,Red,Red,17.0,16.0,16.0,11.0,POINTS,17.0,,,,,,,C,Passenger,0.0,,40.5,,0.0,0.0,0.0,0.0,0.0,0.0,0.0,0.0,,,6.890141837723548,7.578865779615037,40.5,6.5,False,,,,,,False,False,0.0,,False,0.0,,False,0.0,,,,,,,,,,,,,,,,,,,,,,,,,,,,,,,,,,,,,,,,,,,,,,,0.5,1900.0,Fanatics,,,,,,,,,,0.5,1900.0,Fanatics,0.5,2000.0,fanatics,,,,,,,,,,0.5,2000.0,fanatics,The Odds API,"[""Bally Bet"", ""BetMGM"", ""BetRivers"", ""Bovada"", ""Caesars"", ""Courtside"", ""DraftKings"", ""Fanatics"", ""Fliff"", ""Hard Rock Bet"", ""theScore Bet""]",BallDontLie,"[""Bally Bet"", ""BetMGM"", ""BetRivers"", ""Bovada"", ""Caesars"", ""Courtside"", ""DraftKings"", ""Fanatics"", ""fanatics""]",,,,,,,,,,,,,,,,,,,,,,,,2026-10-09T17:28:13.749821+00:00,ALTLINE_NB_v1_2026-01-18,,,,league_avg,2.3,,,,,,,,,,,,,,,,,,,,,,,,,exp/fallback,0.0209999999999999,,,,,,,,,,,,,,,,,,,,,,,,,league_avg,0.35,,,,,,,,,,,,,,,,,,,,,,0.5,1900.0,Fanatics,exp/fallback,0.1883999999999999,0.1660974442673685,16.6,0.05,232.194888534737,232.2,0.1660974442673685,16.6,232.194888534737,232.2,,,,,,,,,,,,,0.5,2000.0,fanatics,exp/fallback,0.1186499999999999,0.1080071200807156,10.8,0.0476190476190476,126.81495216950292,126.8,0.1080071200807156,10.8,126.81495216950292,126.8,,,,,,,,,,,,,False,False,True,True,False,,,Active roster,2026-10-09T17:28:13+00:00,False,[],2025-2026,,2026-09-24-frozen-v2,2026-10-09T17:28:17.103488+00:00
2026-10-09,NYR@WSH,2026020067,6:00 PM,2026-10-09T23:00:00Z,Dylan Strome,8478440,WSH,False,"{""season"":""2026-27"",""games"":[{""d"":""2026-10-07"",""g"":0,""a"":1,""s"":1,""pp"":0,""h"":""H"",""toi"":""13:31""},{""d"":""2026-10-03"",""g"":0,""a"":0,""s"":1,""pp"":0,""h"":""R"",""toi"":""18:02""},{""d"":""2026-10-02"",""g"":0,""a"":2,""s"":2,""pp"":1,""h"":""R"",""toi"":""13:11""}]}",2026-27,WSH,C,,Healthy,Unknown,,,1.0,0.0,,19.0,12.0,2026-10-09T17:27:50+00:00,NYR,Igor Shesterkin,0.911578947368421,2.4998208902580834,20.0,Confirmed,dailyfaceoff_name_and_stats,24.0,9.0,24.0,9.0,4.5,85.4,92.8,A1+A2,18.04,75.0,85.9,1.14,NONE,False,False,26.180837830079174,2.62122907817057,53.1,53.1,19.0,3.8,True,1.0,,1.3333333333333333,1.1166666666666667,32.8,3.0,0.0,4.0,0.0,3.0,3.0,3.0,3.0,3.0,3.0,4.0,4.0,LOW,0.3,-0.2,LOW,0.15,,LOW,0.075,,LOW,0.3,,LOW,0.15,,LOW,0.075,,LOW,0.4,,LOW,0.2,,LOW,0.1,,1.5607247503438375,0.5381809483944269,,,3.0,2.398134962935236,2.2409738553050214,50.0,19.0,62.7,15.4,9.14,3.0,12.29,5.31,2.73,7.17,HOT,HOT,HOT,6.14,2.58,HOT,Green,Red,Yellow,Green,77.0,60.0,60.0,73.0,POINTS,77.0,0.0,0.0,3.0,3.0,1.0,2.0,A,Distributor,16.2,,40.5,,2.0,2.926875,234.15,2.926875,0.1622642381122879,16.2,16.2,4.1627162075592565,1.2222934016655989,3.459320948110185,6.890141837723548,7.578865779615037,40.5,79.2,False,,,,🅿️ D:0,,False,False,1.0,,False,0.0,,False,0.0,,1.5,-103.0,BetOnline.ag,2.5,260.0,theScore Bet,3.5,700.0,Fanatics,4.5,1900.0,Fanatics,1.5,-103.0,BetOnline.ag,0.5,-110.0,Fanatics,1.5,550.0,theScore Bet,2.5,2200.0,Fanatics,3.5,3400.0,BetOnline.ag,0.5,-110.0,Fanatics,0.5,150.0,Fanatics,1.5,900.0,Fanatics,,,,,,,0.5,150.0,Fanatics,0.5,350.0,DraftKings,,,,,,,,,,0.5,350.0,DraftKings,0.5,350.0,DraftKings,,,,,,,,,,0.5,350.0,DraftKings,The Odds API,"[""Bally Bet"", ""BetMGM"", ""BetRivers"", ""Bovada"", ""Caesars"", ""Courtside"", ""DraftKings"", ""FanDuel"", ""Fanatics"", ""Fliff"", ""Hard Rock Bet"", ""theScore Bet""]",The Odds API,"[""Bally Bet"", ""BetMGM"", ""BetRivers"", ""Bovada"", ""Caesars"", ""Courtside"", ""DraftKings"", ""FanDuel"", ""Fanatics"", ""betmgm""]",The Odds API,"[""Bally Bet"", ""BetMGM"", ""BetOnline.ag"", ""BetRivers"", ""Bovada"", ""Courtside"", ""DraftKings"", ""FanDuel"", ""Fanatics"", ""Fliff"", ""Hard Rock Bet"", ""ReBet"", ""draftkings"", ""theScore Bet""]",0.5,290.0,BetMGM,1.5,850.0,Bovada,,,,,,,0.5,290.0,BetMGM,The Odds API,"[""Bally Bet"", ""BetMGM"", ""BetRivers"", ""Bovada"", ""Fliff"", ""Hard Rock Bet"", ""theScore Bet""]",The Odds API,"[""Bally Bet"", ""BetMGM"", ""BetOnline.ag"", ""BetRivers"", ""Caesars"", ""Courtside"", ""DraftKings"", ""FanDuel"", ""Fanatics"", ""Fliff"", ""Hard Rock Bet"", ""ReBet"", ""draftkings"", ""theScore Bet""]",The Odds API,"[""Bally Bet"", ""BetMGM"", ""BetOnline.ag"", ""BetRivers"", ""Bovada"", ""Courtside"", ""DraftKings"", ""FanDuel"", ""Fanatics"", ""Fliff"", ""Hard Rock Bet"", ""ReBet"", ""theScore Bet""]",2026-10-09T17:28:13.749821+00:00,ALTLINE_NB_v1_2026-01-18,1.5,-103.0,BetOnline.ag,exp/fallback,1.229,0.3356471421779319,33.6,0.5073891625615764,-33.848184599883325,-33.8,0.3356471421779319,33.6,-33.848184599883325,-33.8,0.1464860207183798,14.6,-47.26503254138327,-47.3,0.0575669087375844,5.8,-53.94647300993248,-53.9,0.0209934185687766,2.1,-58.01316286244664,-58.0,0.5,-110.0,Fanatics,exp/fallback,0.914,0.5475224248375428,54.8,0.5238095238095238,4.527008378076348,4.5,0.5475224248375428,54.8,4.527008378076348,4.5,0.2341922455069222,23.4,52.22495957949943,52.2,0.087734897118388,8.8,101.7902633722924,101.8,0.0302645261493488,3.0,5.925841522720887,5.9,0.5,150.0,Fanatics,exp/fallback,0.614,0.4146052478297952,41.5,0.4,3.65131195744881,3.7,0.4146052478297952,41.5,3.65131195744881,3.7,0.1395996029694236,14.0,39.59960296942365,39.6,,,,,,,,,0.5,350.0,DraftKings,exp/fallback,0.2249999999999999,0.1938167787045269,19.4,0.2222222222222222,-12.782449582962874,-12.8,0.1938167787045269,19.4,-12.782449582962874,-12.8,,,,,,,,,,,,,0.5,350.0,DraftKings,exp/fallback,0.2249999999999999,0.1894104472901471,18.9,0.2222222222222222,-14.765298719433806,-14.8,0.1894104472901471,18.9,-14.765298719433806,-14.8,,,,,,,,,,,,,False,False,False,False,False,4.5,,Active roster,2026-10-09T17:28:13+00:00,False,"[{""market"":""Assists"",""name"":""Staff (Green Stance)"",""kind"":""STANCE"",""rule"":""Green + Assists 0.5"",""icon"":""staff.svg"",""kit_version"":""2026-09-24-frozen-v2""}]",2025-2026,,2026-09-24-frozen-v2,2026-10-09T17:28:17.103488+00:00
2026-10-09,NYR@WSH,2026020067,6:00 PM,2026-10-09T23:00:00Z,Ethen Frank,8483573,WSH,False,"{""season"":""2026-27"",""games"":[]}",2026-27,WSH,R,,Healthy,Unknown,,,1.0,0.0,,19.0,12.0,2026-10-09T17:27:50+00:00,NYR,Igor Shesterkin,0.911578947368421,2.4998208902580834,20.0,Confirmed,dailyfaceoff_name_and_stats,24.0,9.0,24.0,9.0,4.5,72.0,54.3,A1+A2,12.24,28.8,57.2,1.03,NONE,False,False,26.180837830079174,2.62122907817057,53.1,53.1,19.0,3.8,True,1.0,0.75,0.8,0.93,19.5,1.0,1.0,9.0,0.0,0.0,0.0,3.0,14.0,2.0,6.0,22.0,62.0,LOW,0.1,,LOW,0.15,,LOW,0.35,,LOW,0.0,,LOW,0.1,,LOW,0.15,,LOW,0.9,,LOW,1.1,,LOW,1.55,,1.5461182831013314,0.5456888058004699,,,0.0,2.398134962935236,2.2409738553050214,50.0,19.0,62.3,15.4,4.09,2.1,9.3,3.09,1.1,0.3,HOT,COOL,COOL,1.99,1.99,WARM,Red,Red,Red,Red,57.0,52.0,53.0,54.0,POINTS,57.0,8.0,10.0,8.0,8.0,0.0,10.0,B,Hybrid,11.6,,40.5,,1.0,1.4166666666666663,87.83333333333333,1.4166666666666663,0.1157707431734803,11.6,11.6,2.3413662239089184,1.325237191650854,1.1954459203036054,6.890141837723548,7.578865779615037,40.5,57.8,False,,,,🅿️ D:8,,False,False,1.0,,False,0.0,,False,0.0,,,,,,,,,,,,,,,,,,,,,,,,,,,,,,,,,,,,,,,,,,,,,,,,,,,,,,,,,,,,,,,,,,,,,,,,,,,,,,,,,,,,,,,,,,,,,,,,,,,,,,,,2026-10-09T17:28:13.749821+00:00,ALTLINE_NB_v1_2026-01-18,,,,exp/fallback,0.93,,,,,,,,,,,,,,,,,,,,,,,,,exp/fallback,0.409,,,,,,,,,,,,,,,,,,,,,,,,,exp/fallback,0.199,,,,,,,,,,,,,,,,,,,,,,,,,exp/fallback,0.198,,,,,,,,,,,,,,,,,,,,,,,,,exp/fallback,0.1811249999999999,,,,,,,,,,,,,,,,,,,,,,False,False,False,False,False,4.5,,Active roster,2026-10-09T17:28:13+00:00,False,[],2025-2026,,2026-09-24-frozen-v2,2026-10-09T17:28:17.103488+00:00
2026-10-09,NYR@WSH,2026020067,6:00 PM,2026-10-09T23:00:00Z,Ilya Protas,8484999,WSH,False,,2026-27,WSH,L,,Healthy,Unknown,,,1.0,0.0,,19.0,12.0,2026-10-09T17:27:50+00:00,NYR,Igor Shesterkin,0.911578947368421,2.4998208902580834,20.0,Confirmed,dailyfaceoff_name_and_stats,24.0,9.0,24.0,9.0,,24.9,28.5,A1+A2,15.89,57.7,32.7,0.94,NONE,False,False,26.180837830079174,2.62122907817057,53.1,53.1,19.0,3.8,True,,,,,50.0,,,,,,,,,,,,,,,,,,,,,,,,,,,,,,,,,,,,,,,,0.0385232744783306,0.0385232744783306,,,0.0,2.398134962935236,2.2409738553050214,50.0,19.0,34.2,15.4,10.27,3.22,,,,,COOL,COOL,COOL,7.05,,COOL,Red,Red,Red,Red,34.0,27.0,26.0,28.0,POINTS,34.0,,,,,,,C,Passenger,15.3,,40.5,,0.0,2.4291666666666667,9.716666666666669,2.4291666666666667,0.1528578919769271,15.3,15.3,6.051457975986278,6.051457975986278,0.0,6.890141837723548,7.578865779615037,40.5,53.6,False,,,,,,False,False,0.0,,False,0.0,,False,0.0,,1.5,102.0,BetRivers,,,,,,,,,,1.5,102.0,BetRivers,0.5,160.0,betmgm,1.5,900.0,theScore Bet,2.5,3000.0,Fanatics,3.5,2200.0,BetOnline.ag,0.5,160.0,betmgm,0.5,255.0,BetRivers,1.5,1600.0,DraftKings,,,,,,,0.5,255.0,BetRivers,0.5,475.0,Hard Rock Bet,,,,,,,,,,0.5,475.0,Hard Rock Bet,0.5,360.0,FanDuel,,,,,,,,,,0.5,360.0,FanDuel,The Odds API,"[""Bally Bet"", ""BetMGM"", ""BetRivers"", ""Bovada"", ""Caesars"", ""Courtside"", ""DraftKings"", ""FanDuel"", ""Fanatics"", ""Fliff"", ""Hard Rock Bet"", ""theScore Bet""]",The Odds API,"[""Bally Bet"", ""BetMGM"", ""BetRivers"", ""Bovada"", ""Caesars"", ""Courtside"", ""DraftKings"", ""FanDuel"", ""Fanatics"", ""betmgm""]",The Odds API,"[""Bally Bet"", ""BetMGM"", ""BetOnline.ag"", ""BetRivers"", ""Bovada"", ""Courtside"", ""DraftKings"", ""Fanatics"", ""Fliff"", ""Hard Rock Bet"", ""ReBet"", ""betmgm"", ""theScore Bet""]",0.5,575.0,Hard Rock Bet,,,,,,,,,,0.5,575.0,Hard Rock Bet,The Odds API,"[""Bovada"", ""Hard Rock Bet"", ""theScore Bet""]",BallDontLie,"[""Bally Bet"", ""BetMGM"", ""BetOnline.ag"", ""BetRivers"", ""Caesars"", ""Courtside"", ""DraftKings"", ""Fanatics"", ""Fliff"", ""Hard Rock Bet"", ""ReBet"", ""betmgm"", ""theScore Bet""]",The Odds API,"[""Bally Bet"", ""BetRivers""]",2026-10-09T17:28:13.749821+00:00,ALTLINE_NB_v1_2026-01-18,1.5,102.0,BetRivers,league_avg,2.3,0.6001759479749428,60.0,0.495049504950495,21.23554149093845,21.2,0.6001759479749428,60.0,21.23554149093845,21.2,,,,,,,,,,,,,0.5,160.0,betmgm,exp/fallback,1.027,0.5841256125971354,58.4,0.3846153846153846,51.8726592752552,51.9,0.5841256125971354,58.4,51.8726592752552,51.9,0.2699522367004551,27.0,169.9522367004551,170.0,0.1097456542546305,11.0,240.21152818935477,240.2,0.0411628518241954,4.1,-5.325440804350501,-5.3,0.5,255.0,BetRivers,exp/fallback,0.705,0.4533297344207516,45.3,0.2816901408450704,60.932055719366815,60.9,0.4533297344207516,45.3,60.932055719366815,60.9,0.1683740691835094,16.8,186.235917611966,186.2,,,,,,,,,0.5,475.0,Hard Rock Bet,exp/fallback,0.3087999999999999,0.2526087991362912,25.3,0.1739130434782608,45.25005950336743,45.3,0.2526087991362912,25.3,45.25005950336743,45.3,,,,,,,,,,,,,0.5,360.0,FanDuel,exp/fallback,0.3143,0.2487308347323545,24.9,0.217391304347826,14.416183976883111,14.4,0.2487308347323545,24.9,14.416183976883111,14.4,,,,,,,,,,,,,True,True,True,True,True,,,Active roster,2026-10-09T17:28:13+00:00,False,[],2025-2026,,2026-09-24-frozen-v2,2026-10-09T17:28:17.103488+00:00
2026-10-09,NYR@WSH,2026020067,6:00 PM,2026-10-09T23:00:00Z,Ivan Miroshnichenko,8483491,WSH,False,,2026-27,WSH,L,,Healthy,Unknown,,,1.0,0.0,,19.0,12.0,2026-10-09T17:27:50+00:00,NYR,Igor Shesterkin,0.911578947368421,2.4998208902580834,20.0,Confirmed,dailyfaceoff_name_and_stats,24.0,9.0,24.0,9.0,,27.2,17.6,A1+A2,9.64,10.8,20.5,0.94,NONE,False,False,26.180837830079174,2.62122907817057,53.1,53.1,19.0,3.8,True,,,,,50.0,,,,,,,,,,,,,,,,,,,,,,,,,,,,,,,,,,,,,,,,0.0239457230278036,0.0079819076759345,,,0.0,2.398134962935236,2.2409738553050214,50.0,19.0,33.3,15.4,1.91,1.19,,,,,COOL,COOL,COOL,0.72,,COOL,Red,Red,Red,Red,24.0,25.0,25.0,18.0,SOG,25.0,,,,,,,C,Passenger,0.0,,40.5,,0.0,0.0,0.0,0.0,0.0,0.0,0.0,0.0,,,6.890141837723548,7.578865779615037,40.5,6.5,False,,,,,,False,False,0.0,,False,0.0,,False,0.0,,,,,,,,,,,,,,,,,,,,,,,,,,,,,,,,,,,,,,,,,,,,,,,,,,,,,,,,,,,,,,,,,,,,,,,,,,,,,,,,,,,,,,,,,,,,,,,,,,,,,,,,2026-10-09T17:28:13.749821+00:00,ALTLINE_NB_v1_2026-01-18,,,,league_avg,2.3,,,,,,,,,,,,,,,,,,,,,,,,,exp/fallback,0.191,,,,,,,,,,,,,,,,,,,,,,,,,exp/fallback,0.072,,,,,,,,,,,,,,,,,,,,,,,,,exp/fallback,0.2276,,,,,,,,,,,,,,,,,,,,,,,,,exp/fallback,0.18235,,,,,,,,,,,,,,,,,,,,,,False,False,False,False,False,,,Active roster,2026-10-09T17:28:13+00:00,False,[],2025-2026,,2026-09-24-frozen-v2,2026-10-09T17:28:17.103488+00:00
2026-10-09,NYR@WSH,2026020067,6:00 PM,2026-10-09T23:00:00Z,Jakob Chychrun,8479345,WSH,False,"{""season"":""2026-27"",""games"":[{""d"":""2026-10-07"",""g"":0,""a"":0,""s"":1,""pp"":0,""h"":""H"",""toi"":""25:22""},{""d"":""2026-10-03"",""g"":0,""a"":1,""s"":2,""pp"":0,""h"":""R"",""toi"":""27:11""},{""d"":""2026-10-02"",""g"":1,""a"":1,""s"":3,""pp"":1,""h"":""R"",""toi"":""18:51""}]}",2026-27,WSH,D,,Healthy,Unknown,,,1.0,0.0,,19.0,12.0,2026-10-09T17:27:50+00:00,NYR,Igor Shesterkin,0.911578947368421,2.4998208902580834,20.0,Confirmed,dailyfaceoff_name_and_stats,24.0,9.0,24.0,9.0,9.1,84.7,89.1,A1+A2,23.34,96.5,88.6,1.15,NONE,False,False,26.180837830079174,2.62122907817057,53.1,53.1,19.0,3.8,True,2.0,,2.0,2.0,61.5,3.0,1.0,6.0,1.0,2.0,2.0,3.0,3.0,2.0,2.0,6.0,6.0,LOW,0.3,-0.2,LOW,0.15,,LOW,0.075,,LOW,0.2,,LOW,0.1,,LOW,0.05,,LOW,0.6,,LOW,0.3,,LOW,0.15,,1.5140615142828684,0.4781246887209058,,,2.0,2.398134962935236,2.2409738553050214,50.0,19.0,61.3,15.4,8.37,2.98,22.0,4.61,1.71,14.0,HOT,WARM,HOT,5.39,2.9,HOT,Yellow,Yellow,Yellow,Yellow,77.0,65.0,67.0,73.0,POINTS,77.0,1.0,1.0,2.0,1.0,1.0,2.0,A,Hybrid,12.1,,40.5,,2.0,2.8233333333333333,225.86666666666667,2.8233333333333333,0.1209611196401156,12.1,12.1,3.351756198347108,1.6018299881936249,2.058736717827627,6.890141837723548,7.578865779615037,40.5,64.2,False,,,,🅿️ D:1,,False,False,1.0,,False,0.0,,False,0.0,,1.5,-250.0,BetOnline.ag,2.5,100.0,theScore Bet,3.5,250.0,FanDuel,4.5,530.0,FanDuel,2.5,100.0,theScore Bet,0.5,-110.0,BetMGM,1.5,400.0,theScore Bet,2.5,1700.0,Fanatics,3.5,3000.0,BetOnline.ag,0.5,-110.0,BetMGM,0.5,130.0,theScore Bet,1.5,650.0,Fanatics,2.5,3000.0,Fanatics,,,,0.5,130.0,theScore Bet,0.5,375.0,BetRivers,,,,,,,,,,0.5,375.0,BetRivers,0.5,375.0,BetRivers,,,,,,,,,,0.5,375.0,BetRivers,The Odds API,"[""Bally Bet"", ""BetMGM"", ""BetRivers"", ""Bovada"", ""Caesars"", ""Courtside"", ""DraftKings"", ""FanDuel"", ""Fanatics"", ""Fliff"", ""Hard Rock Bet"", ""theScore Bet""]",The Odds API,"[""Bally Bet"", ""BetMGM"", ""BetRivers"", ""Bovada"", ""Caesars"", ""Courtside"", ""DraftKings"", ""FanDuel"", ""Fanatics"", ""betrivers""]",The Odds API,"[""Bally Bet"", ""BetMGM"", ""BetOnline.ag"", ""BetRivers"", ""Bovada"", ""Courtside"", ""DraftKings"", ""FanDuel"", ""Fanatics"", ""Fliff"", ""Hard Rock Bet"", ""ReBet"", ""betmgm"", ""theScore Bet""]",0.5,240.0,BetMGM,1.5,800.0,Bovada,,,,,,,0.5,240.0,BetMGM,The Odds API,"[""Bally Bet"", ""BetMGM"", ""BetRivers"", ""Bovada"", ""Fliff"", ""Hard Rock Bet"", ""theScore Bet""]",The Odds API,"[""Bally Bet"", ""BetMGM"", ""BetOnline.ag"", ""BetRivers"", ""Caesars"", ""Courtside"", ""DraftKings"", ""FanDuel"", ""Fanatics"", ""Fliff"", ""Hard Rock Bet"", ""ReBet"", ""betmgm"", ""theScore Bet""]",The Odds API,"[""Bally Bet"", ""BetMGM"", ""BetOnline.ag"", ""BetRivers"", ""Bovada"", ""Courtside"", ""DraftKings"", ""FanDuel"", ""Fanatics"", ""Fliff"", ""Hard Rock Bet"", ""ReBet"", ""fanduel"", ""theScore Bet""]",2026-10-09T17:28:13.749821+00:00,ALTLINE_NB_v1_2026-01-18,2.5,100.0,theScore Bet,exp/fallback,2.2,0.3627068685926952,36.3,0.5,-27.45862628146096,-27.5,0.5808468089046723,58.1,-18.681446753345877,-18.7,0.3627068685926952,36.3,-27.45862628146096,-27.5,0.2078978786938726,20.8,-27.235742457144564,-27.2,0.1117664898050877,11.2,-29.58711142279472,-29.6,0.5,-110.0,BetMGM,exp/fallback,0.837,0.5200510391199318,52.0,0.5238095238095238,-0.7175288952857517,-0.7,0.5200510391199318,52.0,-0.7175288952857517,-0.7,0.2093528061978411,20.9,4.676403098920567,4.7,0.0735882877360613,7.4,32.458917924910324,32.5,0.0237850384948514,2.4,-26.266380665960437,-26.3,0.5,130.0,theScore Bet,exp/fallback,0.5389999999999999,0.3795102815921951,38.0,0.4347826086956521,-12.712635233795115,-12.7,0.3795102815921951,38.0,-12.712635233795115,-12.7,0.1160648635364198,11.6,-12.951352347685097,-13.0,0.0321752926431176,3.2,-0.2565928063351541,-0.3,,,,,0.5,375.0,BetRivers,exp/fallback,0.2992,0.2461842660275998,24.6,0.2105263157894736,16.9375263631099,16.9,0.2461842660275998,24.6,16.9375263631099,16.9,,,,,,,,,,,,,0.5,375.0,BetRivers,exp/fallback,0.2987,0.238894124144521,23.9,0.2105263157894736,13.474708968647498,13.5,0.238894124144521,23.9,13.474708968647498,13.5,,,,,,,,,,,,,False,False,True,True,False,9.1,,Active roster,2026-10-09T17:28:13+00:00,False,[],2025-2026,,2026-09-24-frozen-v2,2026-10-09T17:28:17.103488+00:00
2026-10-09,NYR@WSH,2026020067,6:00 PM,2026-10-09T23:00:00Z,Jordan Kyrou,8479385,STL,True,"{""season"":""2026-27"",""games"":[{""d"":""2026-10-07"",""g"":0,""a"":1,""s"":1,""pp"":1,""h"":""H"",""toi"":""11:58""},{""d"":""2026-10-03"",""g"":0,""a"":0,""s"":1,""pp"":0,""h"":""R"",""toi"":""14:45""},{""d"":""2026-10-02"",""g"":0,""a"":0,""s"":2,""pp"":0,""h"":""R"",""toi"":""12:16""}]}",2026-27,WSH,R,,Healthy,Unknown,,,1.0,0.0,,19.0,12.0,2026-10-09T17:27:50+00:00,NYR,Igor Shesterkin,0.911578947368421,2.4998208902580834,20.0,Confirmed,dailyfaceoff_name_and_stats,24.0,9.0,24.0,9.0,4.5,84.5,83.1,A1+A2,15.73,56.5,78.4,1.11,NONE,False,False,26.180837830079174,2.62122907817057,53.1,53.1,19.0,3.8,True,1.0,,1.3333333333333333,1.1166666666666667,32.8,1.0,0.0,4.0,0.0,1.0,1.0,1.0,1.0,1.0,1.0,4.0,4.0,LOW,0.1,-0.4,LOW,0.05,,LOW,0.025,,LOW,0.1,,LOW,0.05,,LOW,0.025,,LOW,0.4,,LOW,0.2,,LOW,0.1,,1.8500797448165869,0.7655502392344498,,,1.0,2.398134962935236,2.2409738553050214,50.0,19.0,67.9,15.4,7.22,2.88,11.17,6.22,2.88,7.17,HOT,HOT,HOT,4.33,3.33,HOT,Yellow,Red,Yellow,Yellow,71.0,58.0,58.0,68.0,POINTS,71.0,0.0,0.0,3.0,3.0,1.0,0.0,,Passenger,13.3,,40.5,,,2.0881944444444445,150.35,2.0881944444444445,0.1327457068440337,13.3,13.3,4.207183239108746,1.4087130029930162,3.292317924842035,6.890141837723548,7.578865779615037,40.5,73.3,False,,,,🅿️ D:0,,False,False,1.0,,False,0.0,,False,0.0,,1.5,-159.0,BetOnline.ag,2.5,165.0,FanDuel,3.5,410.0,Fanatics,4.5,1000.0,Fanatics,1.5,-159.0,BetOnline.ag,0.5,130.0,Fanatics,1.5,900.0,theScore Bet,2.5,3500.0,Fanatics,3.5,3700.0,BetOnline.ag,0.5,130.0,Fanatics,0.5,230.0,Fanatics,1.5,1500.0,Fanatics,,,,,,,0.5,230.0,Fanatics,0.5,380.0,DraftKings,,,,,,,,,,0.5,380.0,DraftKings,0.5,380.0,DraftKings,,,,,,,,,,0.5,380.0,DraftKings,The Odds API,"[""Bally Bet"", ""BetMGM"", ""BetRivers"", ""Bovada"", ""Caesars"", ""Courtside"", ""DraftKings"", ""FanDuel"", ""Fanatics"", ""Fliff"", ""Hard Rock Bet"", ""theScore Bet""]",The Odds API,"[""Bally Bet"", ""BetMGM"", ""BetRivers"", ""Bovada"", ""Caesars"", ""Courtside"", ""DraftKings"", ""FanDuel"", ""Fanatics"", ""fanatics""]",The Odds API,"[""Bally Bet"", ""BetMGM"", ""BetOnline.ag"", ""BetRivers"", ""Bovada"", ""Courtside"", ""DraftKings"", ""FanDuel"", ""Fanatics"", ""Fliff"", ""Hard Rock Bet"", ""ReBet"", ""draftkings"", ""theScore Bet""]",0.5,400.0,Hard Rock Bet,,,,,,,,,,0.5,400.0,Hard Rock Bet,The Odds API,"[""Bovada"", ""Fliff"", ""Hard Rock Bet"", ""theScore Bet""]",The Odds API,"[""Bally Bet"", ""BetMGM"", ""BetOnline.ag"", ""BetRivers"", ""Caesars"", ""Courtside"", ""DraftKings"", ""FanDuel"", ""Fanatics"", ""Fliff"", ""Hard Rock Bet"", ""ReBet"", ""betmgm"", ""theScore Bet""]",The Odds API,"[""Bally Bet"", ""BetMGM"", ""BetOnline.ag"", ""BetRivers"", ""Bovada"", ""Courtside"", ""DraftKings"", ""FanDuel"", ""Fanatics"", ""Fliff"", ""Hard Rock Bet"", ""ReBet"", ""theScore Bet""]",2026-10-09T17:28:13.749821+00:00,ALTLINE_NB_v1_2026-01-18,1.5,-159.0,BetOnline.ag,exp/fallback,1.117,0.3005527006257277,30.1,0.6138996138996139,-51.0420443634821,-51.0,0.3005527006257277,30.1,-51.0420443634821,-51.0,0.1226208033171691,12.3,-67.50548712095016,-67.5,0.0449385952680545,4.5,-77.08131641329217,-77.1,0.015263141646009,1.5,-83.21054418939003,-83.2,0.5,130.0,Fanatics,exp/fallback,0.722,0.4746642919094691,47.5,0.4347826086956521,9.172787139177895,9.2,0.4746642919094691,47.5,9.172787139177895,9.2,0.1718843915012602,17.2,71.88439150126023,71.9,0.054090997660803,5.4,94.727591578891,94.7,0.0156195329313447,1.6,-40.64577486088987,-40.6,0.5,230.0,Fanatics,exp/fallback,0.433,0.3242659966088287,32.4,0.303030303030303,7.007778880913474,7.0,0.3242659966088287,32.4,7.007778880913474,7.0,0.0837457964704175,8.4,33.993274352668124,34.0,,,,,,,,,0.5,380.0,DraftKings,exp/fallback,0.2214,0.1911479872104513,19.1,0.2083333333333333,-8.24896613898336,-8.2,0.1911479872104513,19.1,-8.24896613898336,-8.2,,,,,,,,,,,,,0.5,380.0,DraftKings,exp/fallback,0.21915,0.1852560367092538,18.5,0.2083333333333333,-11.077102379558156,-11.1,0.1852560367092538,18.5,-11.077102379558156,-11.1,,,,,,,,,,,,,False,False,False,False,False,4.5,,Active roster,2026-10-09T17:28:13+00:00,False,[],2025-2026,,2026-09-24-frozen-v2,2026-10-09T17:28:17.103488+00:00
2026-10-09,NYR@WSH,2026020067,6:00 PM,2026-10-09T23:00:00Z,Justin Sourdif,8482088,WSH,False,"{""season"":""2026-27"",""games"":[{""d"":""2026-10-07"",""g"":0,""a"":0,""s"":0,""pp"":0,""h"":""H"",""toi"":""15:08""},{""d"":""2026-10-03"",""g"":1,""a"":0,""s"":1,""pp"":0,""h"":""R"",""toi"":""12:24""},{""d"":""2026-10-02"",""g"":0,""a"":0,""s"":0,""pp"":0,""h"":""R"",""toi"":""13:00""}]}",2026-27,WSH,C,,Healthy,Unknown,,,1.0,0.0,,19.0,12.0,2026-10-09T17:27:50+00:00,NYR,Igor Shesterkin,0.911578947368421,2.4998208902580834,20.0,Confirmed,dailyfaceoff_name_and_stats,24.0,9.0,24.0,9.0,0.0,78.1,71.0,A1+A2,14.74,47.7,69.5,1.08,NONE,False,False,26.180837830079174,2.62122907817057,53.1,53.1,19.0,3.8,True,0.0,,0.3333333333333333,0.1166666666666666,2.3,1.0,1.0,1.0,1.0,0.0,0.0,1.0,1.0,0.0,0.0,1.0,1.0,LOW,0.1,-0.4,LOW,0.05,,LOW,0.025,,LOW,0.0,,LOW,0.0,,LOW,0.0,,LOW,0.1,,LOW,0.05,,LOW,0.025,,1.6327059509540316,0.5247983413780816,,,0.0,2.398134962935236,2.2409738553050214,50.0,19.0,64.0,15.4,4.92,2.15,1.17,3.92,1.15,0.17,HOT,COOL,COOL,2.76,2.76,HOT,Yellow,Red,Red,Yellow,63.0,47.0,51.0,60.0,POINTS,63.0,1.0,3.0,1.0,3.0,0.0,3.0,B,Shooter,6.6,,40.5,,1.0,0.9743589743589745,76.0,0.9743589743589745,0.0661080344457653,6.6,6.6,2.139473684210526,2.139473684210526,0.0,6.890141837723548,7.578865779615037,40.5,39.6,False,,,,🅿️ D:1,,False,False,0.0,,False,0.0,,False,0.0,,1.5,140.0,BetRivers,,,,,,,,,,1.5,140.0,BetRivers,0.5,240.0,BetRivers,,,,,,,,,,0.5,240.0,BetRivers,,,,,,,,,,,,,,,,0.5,650.0,Fanatics,,,,,,,,,,0.5,650.0,Fanatics,0.5,650.0,Fanatics,,,,,,,,,,0.5,650.0,Fanatics,The Odds API,"[""Bally Bet"", ""BetMGM"", ""BetRivers"", ""Bovada"", ""Caesars"", ""Courtside"", ""DraftKings"", ""FanDuel"", ""Fanatics"", ""Fliff"", ""Hard Rock Bet"", ""theScore Bet""]",The Odds API,"[""Bally Bet"", ""BetMGM"", ""BetRivers"", ""Bovada"", ""Caesars"", ""Courtside"", ""DraftKings"", ""FanDuel"", ""Fanatics"", ""fanatics""]",,,,,,,,,,,,,,,,,,,,The Odds API,"[""Bally Bet"", ""BetRivers""]",The Odds API,"[""Bally Bet"", ""BetRivers""]",2026-10-09T17:28:13.749821+00:00,ALTLINE_NB_v1_2026-01-18,1.5,140.0,BetRivers,exp/fallback,0.1169999999999999,0.0076269299829044,0.8,0.4166666666666667,-98.16953680410292,-98.2,0.0076269299829044,0.8,-98.16953680410292,-98.2,,,,,,,,,,,,,0.5,240.0,BetRivers,exp/fallback,0.492,0.3648851943754443,36.5,0.2941176470588235,24.06096608765106,24.1,0.3648851943754443,36.5,24.06096608765106,24.1,,,,,,,,,,,,,,,,exp/fallback,0.2759999999999999,,,,,,,,,,,,,,,,,,,,,,0.5,650.0,Fanatics,exp/fallback,0.1995,0.1746432789961635,17.5,0.1333333333333333,30.98245924712263,31.0,0.1746432789961635,17.5,30.98245924712263,31.0,,,,,,,,,,,,,0.5,650.0,Fanatics,exp/fallback,0.1835625,0.159208409006571,15.9,0.1333333333333333,19.40630675492832,19.4,0.159208409006571,15.9,19.40630675492832,19.4,,,,,,,,,,,,,False,True,True,True,False,0.0,,Active roster,2026-10-09T17:28:13+00:00,False,[],2025-2026,,2026-09-24-frozen-v2,2026-10-09T17:28:17.103488+00:00
2026-10-09,NYR@WSH,2026020067,6:00 PM,2026-10-09T23:00:00Z,Martin Fehrvry,8480796,WSH,False,"{""season"":""2026-27"",""games"":[{""d"":""2026-10-07"",""g"":0,""a"":0,""s"":0,""pp"":0,""h"":""H"",""toi"":""23:56""},{""d"":""2026-10-03"",""g"":0,""a"":0,""s"":0,""pp"":0,""h"":""R"",""toi"":""18:11""},{""d"":""2026-10-02"",""g"":0,""a"":0,""s"":1,""pp"":0,""h"":""R"",""toi"":""19:29""}]}",2026-27,WSH,D,,Healthy,Unknown,,,1.0,0.0,,19.0,12.0,2026-10-09T17:27:50+00:00,NYR,Igor Shesterkin,0.911578947368421,2.4998208902580834,20.0,Confirmed,dailyfaceoff_name_and_stats,24.0,9.0,24.0,9.0,0.0,48.5,74.9,A1+A2,19.28,85.4,65.1,1.06,NONE,False,False,26.180837830079174,2.62122907817057,53.1,53.1,19.0,3.8,True,0.0,,0.3333333333333333,0.1166666666666666,2.3,0.0,0.0,1.0,0.0,0.0,0.0,0.0,0.0,0.0,0.0,1.0,1.0,LOW,0.0,,LOW,0.0,,LOW,0.0,,LOW,0.0,,LOW,0.0,,LOW,0.0,,LOW,0.1,,LOW,0.05,,LOW,0.025,,1.0291728932493016,0.2339029302839321,,,0.0,2.398134962935236,2.2409738553050214,50.0,19.0,49.4,15.4,3.55,0.67,1.17,3.55,0.67,0.17,HOT,COOL,COOL,2.88,2.88,HOT,Yellow,Red,Red,Yellow,68.0,35.0,35.0,60.0,POINTS,68.0,3.0,3.0,3.0,3.0,0.0,3.0,C,Passenger,0.2,,40.5,,0.0,0.0436213991769547,3.533333333333333,0.0436213991769547,0.0022623710075021,0.2,0.2,0.0,0.0,0.0,6.890141837723548,7.578865779615037,40.5,21.3,False,,,,🅿️ D:3,,False,False,1.0,,False,0.0,,False,0.0,,,,,,,,,,,,,,,,,,,,,,,,,,,,,,,,,,,,,,,,,,,,,,,,,,,,,,,,,,,,,,,,,,,,,,,,,,,,,,,,,,,,,,,,,,,,,,,,,,,,,,,,2026-10-09T17:28:13.749821+00:00,ALTLINE_NB_v1_2026-01-18,,,,exp/fallback,0.1169999999999999,,,,,,,,,,,,,,,,,,,,,,,,,exp/fallback,0.355,,,,,,,,,,,,,,,,,,,,,,,,,exp/fallback,0.288,,,,,,,,,,,,,,,,,,,,,,,,,exp/fallback,0.1551,,,,,,,,,,,,,,,,,,,,,,,,,exp/fallback,0.1114125,,,,,,,,,,,,,,,,,,,,,,False,False,False,False,False,0.0,,Active roster,2026-10-09T17:28:13+00:00,False,[],2025-2026,,2026-09-24-frozen-v2,2026-10-09T17:28:17.103488+00:00
2026-10-09,NYR@WSH,2026020067,6:00 PM,2026-10-09T23:00:00Z,Martin Fehérváry,8480796,,,,,WSH,D,,Unknown,,,,,,,,,,,,,,,,,,,,,,,,,,,,,,,,,,,,,,,,,,,,,,,,,,,,,,,,,,,,,,,,,,,,,,,,,,,,,,,,,,,,,,,,,,,,,,,,,,,,,,,,,,,,,,,,,,,,,,,,,,,,,,,,,,,,,,,,,,,,,,,,,,,,,,,,,,,,,,,,,,,,,,,,,,,,,,,,,,,,,,,,,,,,,,,,,,,,,,,,,,,,,,,,,,,,,,,,,,,,,,,,,,,,,,,,,,,,,,,,,,,,,,,,,,,,,,,,,,,,,,,,,,,,,,,,,,,,,,,,,,,,,,,,0.5,290.0,draftkings,,,,,,,,,,,,,,,,,,,,,,,,0.5,340.0,draftkings,,,,,,,,,,,,,,,,,,,,,,,,0.5,1900.0,fanduel,,,,,,,,,,,,,,,,,,,,,,,,,,,,,,,,,,,,,,,,,,,,,,,,,,,,,,,,,Active roster,2026-10-09T17:28:13+00:00,True,[],Unavailable,True,2026-09-24-frozen-v2,2026-10-09T17:28:17.103488+00:00
2026-10-09,NYR@WSH,2026020067,6:00 PM,2026-10-09T23:00:00Z,Matt Roy,8478911,WSH,False,,2026-27,WSH,D,,GTD,Unknown,,,1.0,-1.0,🟡 GTD,19.0,12.0,2026-10-09T17:27:50+00:00,NYR,Igor Shesterkin,0.911578947368421,2.4998208902580834,20.0,Confirmed,dailyfaceoff_name_and_stats,24.0,9.0,24.0,9.0,,43.9,66.1,A1+A2,20.61,89.2,60.8,1.04,NONE,False,False,26.180837830079174,2.62122907817057,53.1,53.1,19.0,3.8,True,,,,,50.0,,,,,,,,,,,,,,,,,,,,,,,,,,,,,,,,,,,,,,,,0.7449424252014509,0.4382014265890888,,,0.0,2.398134962935236,2.2409738553050214,50.0,19.0,41.9,15.4,2.82,0.57,,,,,COOL,COOL,COOL,2.24,,COOL,Red,Red,Red,Red,56.0,38.0,36.0,49.0,POINTS,56.0,,,,,,,C,Passenger,0.5,,40.5,,0.0,0.1132911392405063,8.95,0.1132911392405063,0.0054969239745728,0.5,0.5,0.0,0.0,0.0,6.890141837723548,7.578865779615037,40.5,27.4,False,,,,,,False,False,0.0,,False,0.0,,False,0.0,,,,,,,,,,,,,,,,,,,,,,,,,,,,,,,,,,,,,,,,,,,,,,,,,,,,,,,,,,,,,,,,,,,,,,,,,,,,,,,,,,,,,,,,,,,,,,,,,,,,,,,,2026-10-09T17:28:13.749821+00:00,ALTLINE_NB_v1_2026-01-18,,,,league_avg,2.3,,,,,,,,,,,,,,,,,,,,,,,,,exp/fallback,0.282,,,,,,,,,,,,,,,,,,,,,,,,,exp/fallback,0.224,,,,,,,,,,,,,,,,,,,,,,,,,exp/fallback,0.2027999999999999,,,,,,,,,,,,,,,,,,,,,,,,,exp/fallback,0.14205,,,,,,,,,,,,,,,,,,,,,,False,False,False,False,False,,,Active roster,2026-10-09T17:28:13+00:00,False,[],2025-2026,,2026-09-24-frozen-v2,2026-10-09T17:28:17.103488+00:00
2026-10-09,NYR@WSH,2026020067,6:00 PM,2026-10-09T23:00:00Z,Pierre-Luc Dubois,8479400,WSH,False,,2026-27,WSH,C,,Healthy,Unknown,,,1.0,0.0,,19.0,12.0,2026-10-09T17:27:50+00:00,NYR,Igor Shesterkin,0.911578947368421,2.4998208902580834,20.0,Confirmed,dailyfaceoff_name_and_stats,24.0,9.0,24.0,9.0,,51.3,58.4,A1+A2,16.82,65.4,56.6,1.03,NONE,False,False,26.180837830079174,2.62122907817057,53.1,53.1,19.0,3.8,True,,,,,50.0,,,,,,,,,,,,,,,,,,,,,,,,,,,,,,,,,,,,,,,,1.7108787695498142,0.6221377343817506,,,0.0,2.398134962935236,2.2409738553050214,50.0,19.0,65.4,15.4,7.02,2.06,,,,,COOL,COOL,COOL,4.95,,COOL,Red,Red,Red,Red,54.0,42.0,42.0,50.0,POINTS,54.0,,,,,,,B,Hybrid,12.9,,40.5,,1.0,2.1724137931034484,63.0,2.1724137931034484,0.1291424666894431,12.9,12.9,3.804761904761905,1.780952380952381,2.380952380952381,6.890141837723548,7.578865779615037,40.5,67.1,False,,,,,,False,False,0.0,,False,0.0,,False,0.0,,1.5,-103.0,BetOnline.ag,2.5,265.0,Fanatics,3.5,750.0,Fanatics,4.5,1900.0,Fanatics,1.5,-103.0,BetOnline.ag,0.5,-110.0,betmgm,1.5,375.0,theScore Bet,2.5,1500.0,Fanatics,3.5,2400.0,BetOnline.ag,0.5,-110.0,betmgm,0.5,150.0,BetMGM,1.5,750.0,Fanatics,2.5,3500.0,Fanatics,,,,0.5,150.0,BetMGM,0.5,280.0,BetMGM,,,,,,,,,,0.5,280.0,BetMGM,0.5,280.0,BetMGM,,,,,,,,,,0.5,280.0,BetMGM,The Odds API,"[""Bally Bet"", ""BetMGM"", ""BetRivers"", ""Bovada"", ""Caesars"", ""Courtside"", ""DraftKings"", ""FanDuel"", ""Fanatics"", ""Fliff"", ""Hard Rock Bet"", ""fanduel"", ""theScore Bet""]",The Odds API,"[""Bally Bet"", ""BetMGM"", ""BetRivers"", ""Bovada"", ""Caesars"", ""Courtside"", ""DraftKings"", ""FanDuel"", ""Fanatics"", ""betmgm""]",The Odds API,"[""Bally Bet"", ""BetMGM"", ""BetOnline.ag"", ""BetRivers"", ""Bovada"", ""Courtside"", ""DraftKings"", ""FanDuel"", ""Fanatics"", ""Fliff"", ""Hard Rock Bet"", ""ReBet"", ""betmgm"", ""theScore Bet""]",0.5,310.0,BetMGM,,,,,,,,,,0.5,310.0,BetMGM,The Odds API,"[""Bally Bet"", ""BetMGM"", ""BetRivers"", ""Bovada"", ""Fliff"", ""Hard Rock Bet"", ""theScore Bet""]",BallDontLie,"[""Bally Bet"", ""BetMGM"", ""BetOnline.ag"", ""BetRivers"", ""Caesars"", ""Courtside"", ""DraftKings"", ""FanDuel"", ""Fanatics"", ""Fliff"", ""Hard Rock Bet"", ""ReBet"", ""betmgm"", ""theScore Bet""]",The Odds API,"[""Bally Bet"", ""BetMGM"", ""BetOnline.ag"", ""BetRivers"", ""Bovada"", ""Courtside"", ""DraftKings"", ""FanDuel"", ""Fanatics"", ""Fliff"", ""Hard Rock Bet"", ""ReBet"", ""theScore Bet""]",2026-10-09T17:28:13.749821+00:00,ALTLINE_NB_v1_2026-01-18,1.5,-103.0,BetOnline.ag,league_avg,2.3,0.6001759479749428,60.0,0.5073891625615764,18.287104309624645,18.3,0.6001759479749428,60.0,18.287104309624645,18.3,0.3835789960842564,38.4,40.00633357075358,40.0,0.2254288407355011,22.5,91.614514625176,91.6,0.1243884637071297,12.4,148.7769274142595,148.8,0.5,-110.0,betmgm,exp/fallback,0.702,0.4661858254479832,46.6,0.5238095238095238,-11.00088786902138,-11.0,0.4661858254479832,46.6,-11.00088786902138,-11.0,0.1653609474392205,16.5,-21.453549966370225,-21.5,0.0509306123308861,5.1,-18.51102027058218,-18.5,0.0143885979565621,1.4,-64.02850510859473,-64.0,0.5,150.0,BetMGM,exp/fallback,0.495,0.3574322994686769,35.7,0.4,-10.641925132830766,-10.6,0.3574322994686769,35.7,-10.641925132830766,-10.6,0.1024655565724805,10.2,-12.90427691339151,-12.9,0.0265886801795243,2.7,-4.280751353712464,-4.3,,,,,0.5,280.0,BetMGM,exp/fallback,0.2624,0.2208275141531328,22.1,0.2631578947368421,-16.08554462180952,-16.1,0.2208275141531328,22.1,-16.08554462180952,-16.1,,,,,,,,,,,,,0.5,280.0,BetMGM,exp/fallback,0.2389,0.1991426281946087,19.9,0.2631578947368421,-24.325801286048694,-24.3,0.1991426281946087,19.9,-24.325801286048694,-24.3,,,,,,,,,,,,,True,False,False,False,False,,,Active roster,2026-10-09T17:28:13+00:00,False,[],2025-2026,,2026-09-24-frozen-v2,2026-10-09T17:28:17.103488+00:00
2026-10-09,NYR@WSH,2026020067,6:00 PM,2026-10-09T23:00:00Z,Ryan Leonard,8484186,WSH,False,"{""season"":""2026-27"",""games"":[{""d"":""2026-10-07"",""g"":1,""a"":0,""s"":2,""pp"":1,""h"":""H"",""toi"":""13:53""},{""d"":""2026-10-03"",""g"":0,""a"":0,""s"":3,""pp"":0,""h"":""R"",""toi"":""14:10""},{""d"":""2026-10-02"",""g"":1,""a"":0,""s"":3,""pp"":0,""h"":""R"",""toi"":""12:08""}]}",2026-27,WSH,R,,Healthy,Unknown,,,1.0,0.0,,19.0,12.0,2026-10-09T17:27:50+00:00,NYR,Igor Shesterkin,0.911578947368421,2.4998208902580834,20.0,Confirmed,dailyfaceoff_name_and_stats,24.0,9.0,24.0,9.0,13.6,78.6,79.4,A1+A2,14.41,45.8,72.3,1.09,NONE,False,False,26.180837830079174,2.62122907817057,53.1,53.1,19.0,3.8,True,3.0,,2.6666666666666665,2.8833333333333333,83.9,2.0,2.0,8.0,2.0,0.0,0.0,2.0,2.0,0.0,0.0,8.0,8.0,LOW,0.2,-0.3,LOW,0.1,,LOW,0.05,,LOW,0.0,,LOW,0.0,,LOW,0.0,,LOW,0.8,,LOW,0.4,,LOW,0.2,,2.1058590433059723,0.747240305689216,,,0.0,2.398134962935236,2.2409738553050214,50.0,19.0,71.0,15.4,5.93,2.3,31.71,3.93,0.3,20.83,HOT,COOL,HOT,3.63,3.63,HOT,Yellow,Yellow,Red,Yellow,68.0,62.0,65.0,66.0,POINTS,68.0,0.0,3.0,0.0,1.0,1.0,0.0,A,Distributor,15.6,,40.5,,2.0,2.2413333333333334,168.1,2.2413333333333334,0.1555017653135166,15.6,15.6,4.081499107674003,1.502676977989292,3.0339083878643662,6.890141837723548,7.578865779615037,40.5,75.9,False,,,,🅿️ D:0,,False,False,0.0,,False,0.0,,False,0.0,,1.5,-118.0,BetRivers,2.5,250.0,Fanatics,3.5,825.0,BetOnline.ag,4.5,2800.0,BetOnline.ag,1.5,-118.0,BetRivers,0.5,188.0,BetRivers,,,,,,,,,,0.5,188.0,BetRivers,,,,,,,,,,,,,,,,0.5,440.0,FanDuel,,,,,,,,,,0.5,440.0,FanDuel,0.5,440.0,FanDuel,,,,,,,,,,0.5,440.0,FanDuel,The Odds API,"[""Bally Bet"", ""BetMGM"", ""BetRivers"", ""Bovada"", ""Caesars"", ""Courtside"", ""DraftKings"", ""FanDuel"", ""Fanatics"", ""Fliff"", ""Hard Rock Bet"", ""theScore Bet""]",The Odds API,"[""Bally Bet"", ""BetMGM"", ""BetRivers"", ""Bovada"", ""Caesars"", ""Courtside"", ""DraftKings"", ""FanDuel"", ""Fanatics"", ""fanduel""]",,,0.5,500.0,Hard Rock Bet,,,,,,,,,,0.5,500.0,Hard Rock Bet,The Odds API,"[""Bovada"", ""Hard Rock Bet"", ""theScore Bet""]",The Odds API,"[""Bally Bet"", ""BetRivers""]",The Odds API,"[""Bally Bet"", ""BetMGM"", ""BetOnline.ag"", ""BetRivers"", ""Bovada"", ""Courtside"", ""DraftKings"", ""Fanatics"", ""Fliff"", ""Hard Rock Bet"", ""ReBet"", ""theScore Bet""]",2026-10-09T17:28:13.749821+00:00,ALTLINE_NB_v1_2026-01-18,1.5,-118.0,BetRivers,exp/fallback,3.1710000000000003,0.7319528189948734,73.2,0.5412844036697247,35.22518181430711,35.2,0.7319528189948734,73.2,35.22518181430711,35.2,0.5426512932401402,54.3,89.92795263404905,89.9,0.3752338791644857,37.5,247.0913382271493,247.1,0.2456785751539815,24.6,612.4678679465463,612.5,0.5,188.0,BetRivers,exp/fallback,0.593,0.4165745565591372,41.7,0.3472222222222222,19.973472289031516,20.0,0.4165745565591372,41.7,19.973472289031516,20.0,,,,,,,,,,,,,,,,exp/fallback,0.363,,,,,,,,,,,,,,,,,,,,,,0.5,440.0,FanDuel,exp/fallback,0.272,0.2275560841086936,22.8,0.1851851851851851,22.88028541869458,22.9,0.2275560841086936,22.8,22.88028541869458,22.9,,,,,,,,,,,,,0.5,440.0,FanDuel,exp/fallback,0.2545,0.2098374992129428,21.0,0.1851851851851851,13.31224957498912,13.3,0.2098374992129428,21.0,13.31224957498912,13.3,,,,,,,,,,,,,True,True,True,True,False,13.6,,Active roster,2026-10-09T17:28:13+00:00,False,[],2025-2026,,2026-09-24-frozen-v2,2026-10-09T17:28:17.103488+00:00
2026-10-09,NYR@WSH,2026020067,6:00 PM,2026-10-09T23:00:00Z,Timothy Liljegren,8480043,WSH,False,,2026-27,WSH,D,,Healthy,Unknown,,,1.0,0.0,,19.0,12.0,2026-10-09T17:27:50+00:00,NYR,Igor Shesterkin,0.911578947368421,2.4998208902580834,20.0,Confirmed,dailyfaceoff_name_and_stats,24.0,9.0,24.0,9.0,,30.2,49.3,A1+A2,19.85,86.5,48.2,0.99,NONE,False,False,26.180837830079174,2.62122907817057,53.1,53.1,19.0,3.8,True,,,,,50.0,,,,,,,,,,,,,,,,,,,,,,,,,,,,,,,,,,,,,,,,0.6993006993006993,0.3885003885003885,,,0.0,2.398134962935236,2.2409738553050214,50.0,19.0,41.3,15.4,2.56,0.45,,,,,COOL,COOL,COOL,2.11,,COOL,Red,Red,Red,Red,49.0,32.0,30.0,42.0,POINTS,49.0,,,,,,,C,Passenger,3.9,,40.5,,0.0,0.7645390070921985,35.93333333333333,0.7645390070921985,0.0385123789789575,3.9,3.9,3.0389610389610398,0.2003710575139146,3.3395176252319114,6.890141837723548,7.578865779615037,40.5,59.6,False,,,,,,False,False,0.0,,False,0.0,,False,0.0,,,,,,,,,,,,,,,,,0.5,440.0,Fanatics,1.5,3500.0,Fanatics,,,,,,,0.5,440.0,Fanatics,0.5,500.0,Fanatics,1.5,2650.0,BetOnline.ag,,,,,,,0.5,500.0,Fanatics,0.5,2200.0,Fanatics,,,,,,,,,,0.5,2200.0,Fanatics,0.5,2200.0,Fanatics,,,,,,,,,,0.5,2200.0,Fanatics,The Odds API,"[""Bally Bet"", ""BetMGM"", ""BetRivers"", ""Bovada"", ""Caesars"", ""Courtside"", ""DraftKings"", ""FanDuel"", ""Fanatics"", ""Fliff"", ""Hard Rock Bet"", ""theScore Bet""]",The Odds API,"[""Bally Bet"", ""BetMGM"", ""BetRivers"", ""Bovada"", ""Caesars"", ""Courtside"", ""DraftKings"", ""FanDuel"", ""Fanatics"", ""fanatics""]",The Odds API,"[""BetOnline.ag"", ""Courtside"", ""DraftKings"", ""Fanatics"", ""ReBet"", ""draftkings""]",,,,,,,,,,,,,,,,,,The Odds API,"[""Bally Bet"", ""BetRivers"", ""Courtside"", ""DraftKings"", ""Fanatics"", ""draftkings""]",,,2026-10-09T17:28:13.749821+00:00,ALTLINE_NB_v1_2026-01-18,,,,league_avg,2.3,,,,,,,,,,,,,,,,,,,,,,0.5,440.0,Fanatics,exp/fallback,0.256,0.2174310958614389,21.7,0.1851851851851851,17.412791765177037,17.4,0.2174310958614389,21.7,17.412791765177037,17.4,0.0335676235234508,3.4,20.8434446844232,20.8,,,,,,,,,0.5,500.0,Fanatics,exp/fallback,0.211,0.1817566090030091,18.2,0.1666666666666666,9.053965401805495,9.1,0.1817566090030091,18.2,9.053965401805495,9.1,0.0255835149275999,2.6,-29.64533394910024,-29.6,,,,,,,,,0.5,2200.0,Fanatics,exp/fallback,0.1979999999999999,0.1734956220653994,17.3,0.0434782608695652,299.0399307504188,299.0,0.1734956220653994,17.3,299.0399307504188,299.0,,,,,,,,,,,,,0.5,2200.0,Fanatics,exp/fallback,0.1342499999999999,0.1207732178008296,12.1,0.0434782608695652,177.7784009419081,177.8,0.1207732178008296,12.1,177.7784009419081,177.8,,,,,,,,,,,,,False,True,True,True,False,,,Active roster,2026-10-09T17:28:13+00:00,False,[],2025-2026,,2026-09-24-frozen-v2,2026-10-09T17:28:17.103488+00:00
2026-10-09,NYR@WSH,2026020067,6:00 PM,2026-10-09T23:00:00Z,Tom Wilson,8476880,WSH,False,"{""season"":""2026-27"",""games"":[{""d"":""2026-10-07"",""g"":1,""a"":2,""s"":2,""pp"":0,""h"":""H"",""toi"":""19:49""},{""d"":""2026-10-03"",""g"":0,""a"":0,""s"":2,""pp"":0,""h"":""R"",""toi"":""17:49""},{""d"":""2026-10-02"",""g"":0,""a"":1,""s"":0,""pp"":0,""h"":""R"",""toi"":""16:37""}]}",2026-27,WSH,R,,Healthy,Unknown,,,1.0,0.0,,19.0,12.0,2026-10-09T17:27:50+00:00,NYR,Igor Shesterkin,0.911578947368421,2.4998208902580834,20.0,Confirmed,dailyfaceoff_name_and_stats,24.0,9.0,24.0,9.0,9.1,93.4,87.4,A1+A2,19.46,86.2,89.9,1.16,NONE,False,False,26.180837830079174,2.62122907817057,53.1,53.1,19.0,3.8,True,2.0,,1.3333333333333333,1.7666666666666666,51.7,4.0,1.0,4.0,1.0,3.0,3.0,4.0,4.0,3.0,3.0,4.0,4.0,LOW,0.4,-0.1,LOW,0.2,,LOW,0.1,,LOW,0.3,,LOW,0.15,,LOW,0.075,,LOW,0.4,,LOW,0.2,,LOW,0.1,,2.2721845041110846,0.5526935280270205,,,3.0,2.398134962935236,2.2409738553050214,50.0,19.0,73.1,15.4,10.12,4.46,19.44,5.2,3.05,13.67,HOT,HOT,HOT,5.67,2.15,WARM,Yellow,Red,Red,Yellow,76.0,69.0,69.0,73.0,POINTS,76.0,0.0,0.0,0.0,3.0,0.0,3.0,A,Shooter,13.5,,40.5,,2.0,2.6307870370370368,189.41666666666663,2.6307870370370368,0.1351704944159659,13.5,13.5,3.100307963044435,2.0906291245050594,1.1878574571051477,6.890141837723548,7.578865779615037,40.5,61.8,False,,,,🅿️ D:0,,False,False,2.0,,False,0.0,,False,0.0,,1.5,-160.0,BetMGM,2.5,182.0,FanDuel,3.5,460.0,FanDuel,4.5,1000.0,Fanatics,1.5,-160.0,BetMGM,0.5,-110.0,BetMGM,1.5,410.0,Fanatics,2.5,1500.0,Fanatics,3.5,2700.0,BetOnline.ag,0.5,-110.0,BetMGM,0.5,175.0,BetMGM,1.5,950.0,DraftKings,2.5,4000.0,Fanatics,,,,0.5,175.0,BetMGM,0.5,250.0,BetMGM,,,,,,,,,,0.5,250.0,BetMGM,0.5,250.0,BetMGM,,,,,,,,,,0.5,250.0,BetMGM,The Odds API,"[""Bally Bet"", ""BetMGM"", ""BetRivers"", ""Bovada"", ""Caesars"", ""Courtside"", ""DraftKings"", ""FanDuel"", ""Fanatics"", ""Fliff"", ""Hard Rock Bet"", ""fanduel"", ""theScore Bet""]",The Odds API,"[""Bally Bet"", ""BetMGM"", ""BetRivers"", ""Bovada"", ""Caesars"", ""Courtside"", ""DraftKings"", ""FanDuel"", ""Fanatics"", ""betmgm""]",The Odds API,"[""Bally Bet"", ""BetMGM"", ""BetOnline.ag"", ""BetRivers"", ""Bovada"", ""Courtside"", ""DraftKings"", ""FanDuel"", ""Fanatics"", ""Fliff"", ""Hard Rock Bet"", ""ReBet"", ""betmgm"", ""theScore Bet""]",0.5,325.0,BetMGM,,,,,,,,,,0.5,325.0,BetMGM,The Odds API,"[""Bally Bet"", ""BetMGM"", ""BetRivers"", ""Bovada"", ""Fliff"", ""Hard Rock Bet"", ""theScore Bet""]",The Odds API,"[""Bally Bet"", ""BetMGM"", ""BetOnline.ag"", ""BetRivers"", ""Caesars"", ""Courtside"", ""DraftKings"", ""FanDuel"", ""Fanatics"", ""Fliff"", ""Hard Rock Bet"", ""ReBet"", ""betmgm"", ""theScore Bet""]",The Odds API,"[""Bally Bet"", ""BetMGM"", ""BetOnline.ag"", ""BetRivers"", ""Bovada"", ""Courtside"", ""DraftKings"", ""FanDuel"", ""Fanatics"", ""Fliff"", ""Hard Rock Bet"", ""ReBet"", ""theScore Bet""]",2026-10-09T17:28:13.749821+00:00,ALTLINE_NB_v1_2026-01-18,1.5,-160.0,BetMGM,exp/fallback,1.944,0.5266307171708831,52.7,0.6153846153846154,-14.422508459731503,-14.4,0.5266307171708831,52.7,-14.422508459731503,-14.4,0.3072695834660105,30.7,-13.349977462585027,-13.3,0.1637843735325407,16.4,-8.280750821777206,-8.3,0.0816617819790979,8.2,-10.172039822992309,-10.2,0.5,-110.0,BetMGM,exp/fallback,1.012,0.5795025160484688,58.0,0.5238095238095238,10.63229851834404,10.6,0.5795025160484688,58.0,10.63229851834404,10.6,0.2652627776354209,26.5,35.284016594064674,35.3,0.1067506189365928,10.7,70.8009902985486,70.8,0.0396250545626786,4.0,10.950152775500133,11.0,0.5,175.0,BetMGM,exp/fallback,0.567,0.3929726569086008,39.3,0.3636363636363636,8.067480649865233,8.1,0.3929726569086008,39.3,8.067480649865233,8.1,0.1248117659597709,12.5,31.052354257759497,31.1,0.035964536605669,3.6,47.45460008324292,47.5,,,,,0.5,250.0,BetMGM,exp/fallback,0.3046399999999999,0.2498342835145376,25.0,0.2857142857142857,-12.558000769911835,-12.6,0.2498342835145376,25.0,-12.558000769911835,-12.6,,,,,,,,,,,,,0.5,250.0,BetMGM,exp/fallback,0.335665,0.2618664022883377,26.2,0.2857142857142857,-8.34675919908181,-8.3,0.2618664022883377,26.2,-8.34675919908181,-8.3,,,,,,,,,,,,,False,True,False,False,False,9.1,,Active roster,2026-10-09T17:28:13+00:00,False,[],2025-2026,,2026-09-24-frozen-v2,2026-10-09T17:28:17.103488+00:00
2026-10-09,NYR@WSH,2026020067,6:00 PM,2026-10-09T23:00:00Z,Vincent Desharnais,8479576,SJS,True,,2026-27,WSH,D,,Healthy,Unknown,,,1.0,0.0,,19.0,12.0,2026-10-09T17:27:50+00:00,NYR,Igor Shesterkin,0.911578947368421,2.4998208902580834,20.0,Confirmed,dailyfaceoff_name_and_stats,24.0,9.0,24.0,9.0,,22.6,37.3,A1+A2,18.18,76.5,38.5,0.95,NONE,False,False,26.180837830079174,2.62122907817057,53.1,53.1,19.0,3.8,True,,,,,50.0,,,,,,,,,,,,,,,,,,,,,,,,,,,,,,,,,,,,,,,,0.5490435313085538,0.0,,,0.0,2.398134962935236,2.2409738553050214,50.0,19.0,39.0,15.4,1.27,0.19,,,,,COOL,COOL,COOL,1.08,,COOL,Red,Red,Red,Red,41.0,27.0,25.0,34.0,POINTS,41.0,,,,,,,,Passenger,0.2,,40.5,,,0.0339622641509433,1.8,0.0339622641509433,0.0018683828108781,0.2,0.2,0.0,0.0,0.0,6.890141837723548,7.578865779615037,40.5,21.3,False,,,,,,False,False,0.0,,False,0.0,,False,0.0,,,,,,,,,,,,,,,,,0.5,650.0,Fanatics,,,,,,,,,,0.5,650.0,Fanatics,0.5,700.0,Fanatics,1.5,2900.0,BetOnline.ag,,,,,,,0.5,700.0,Fanatics,0.5,2800.0,Fanatics,,,,,,,,,,0.5,2800.0,Fanatics,0.5,2800.0,Fanatics,,,,,,,,,,0.5,2800.0,Fanatics,The Odds API,"[""Bally Bet"", ""BetMGM"", ""BetRivers"", ""Bovada"", ""Caesars"", ""Courtside"", ""DraftKings"", ""Fanatics"", ""Fliff"", ""Hard Rock Bet"", ""theScore Bet""]",The Odds API,"[""Bally Bet"", ""BetMGM"", ""BetRivers"", ""Bovada"", ""Caesars"", ""Courtside"", ""DraftKings"", ""Fanatics"", ""fanatics""]",The Odds API,"[""BetOnline.ag"", ""Courtside"", ""DraftKings"", ""Fanatics"", ""ReBet"", ""draftkings""]",,,,,,,,,,,,,,,,,,The Odds API,"[""Courtside"", ""DraftKings"", ""Fanatics"", ""draftkings""]",,,2026-10-09T17:28:13.749821+00:00,ALTLINE_NB_v1_2026-01-18,,,,league_avg,2.3,,,,,,,,,,,,,,,,,,,,,,0.5,650.0,Fanatics,exp/fallback,0.127,0.116848372457234,11.7,0.1333333333333333,-12.363720657074497,-12.4,0.116848372457234,11.7,-12.363720657074497,-12.4,,,,,,,,,,,,,0.5,700.0,Fanatics,exp/fallback,0.108,0.0998419322433019,10.0,0.125,-20.126454205358435,-20.1,0.0998419322433019,10.0,-20.126454205358435,-20.1,0.0076056216951773,0.8,-77.18313491446807,-77.2,,,,,,,,,0.5,2800.0,Fanatics,exp/fallback,0.1876,0.1654767501673278,16.5,0.0344827586206896,379.88257548525087,379.9,0.1654767501673278,16.5,379.88257548525087,379.9,,,,,,,,,,,,,0.5,2800.0,Fanatics,exp/fallback,0.11735,0.1069294836674515,10.7,0.0344827586206896,210.0955026356096,210.1,0.1069294836674515,10.7,210.0955026356096,210.1,,,,,,,,,,,,,False,False,True,True,False,,,Active roster,2026-10-09T17:28:13+00:00,False,[],2025-2026,,2026-09-24-frozen-v2,2026-10-09T17:28:17.103488+00:00
2026-10-09,PIT@CBJ,2026020068,6:00 PM,2026-10-09T23:00:00Z,Adam Fantilli,8484166,CBJ,False,"{""season"":""2026-27"",""games"":[{""d"":""2026-10-03"",""g"":0,""a"":0,""s"":1,""pp"":0,""h"":""H"",""toi"":""20:31""},{""d"":""2026-10-01"",""g"":1,""a"":0,""s"":2,""pp"":0,""h"":""H"",""toi"":""17:28""}]}",2026-27,CBJ,C,⭐ STAR,Healthy,Unknown,,,3.0,1.0,🟢 ROLE+,19.0,12.0,2026-10-09T17:27:50+00:00,PIT,Sergei Murashov,0.896551724137931,2.559696628547728,42.4,Confirmed,dailyfaceoff_name_and_stats,24.25,8.0,24.25,8.0,,94.6,89.9,A1+A2,18.9,81.2,90.3,1.2,STAR,False,True,27.618301283983364,2.6307553197902225,81.9,65.0,16.0,3.2,True,,,1.5,,50.0,1.0,1.0,3.0,1.0,0.0,0.0,1.0,1.0,0.0,0.0,3.0,3.0,LOW,0.1,-0.4,LOW,0.05,,LOW,0.025,,LOW,0.0,,LOW,0.0,,LOW,0.0,,LOW,0.3,,LOW,0.15,,LOW,0.075,,1.6101449656660265,0.4735720487253019,,,0.0,2.548981003132246,2.445592482609934,50.0,59.6,63.3,61.4,10.03,4.42,,8.12,3.02,,HOT,HOT,COOL,5.61,5.1,HOT,Yellow,Yellow,Green,Yellow,82.0,77.0,77.0,80.0,POINTS,82.0,1.0,2.0,1.0,2.0,0.0,2.0,A,Hybrid,13.1,,18.3,,2.0,2.467479674796748,202.33333333333331,2.467479674796748,0.1305376344086021,13.1,13.1,3.247116968698517,1.4827018121911038,2.0757825370675453,6.9164855634896,6.160814794961136,18.3,64.6,False,,,,🅿️ D:1,,False,False,2.0,,False,0.0,,False,0.0,,1.5,-238.0,BetOnline.ag,2.5,105.0,theScore Bet,3.5,250.0,theScore Bet,4.5,550.0,Fanatics,2.5,105.0,theScore Bet,0.5,-140.0,BetMGM,1.5,325.0,theScore Bet,2.5,1200.0,DraftKings,3.5,4000.0,Fanatics,0.5,-140.0,BetMGM,0.5,145.0,BetMGM,1.5,750.0,DraftKings,2.5,3500.0,Fanatics,,,,0.5,145.0,BetMGM,0.5,190.0,DraftKings,,,,,,,,,,0.5,190.0,DraftKings,0.5,190.0,DraftKings,,,,,,,,,,0.5,190.0,DraftKings,The Odds API,"[""Bally Bet"", ""BetMGM"", ""BetRivers"", ""Bovada"", ""Caesars"", ""Courtside"", ""DraftKings"", ""FanDuel"", ""Fanatics"", ""Hard Rock Bet"", ""fanduel"", ""theScore Bet""]",The Odds API,"[""Bally Bet"", ""BetMGM"", ""BetRivers"", ""Bovada"", ""Caesars"", ""Courtside"", ""DraftKings"", ""FanDuel"", ""Fanatics"", ""betrivers""]",The Odds API,"[""Bally Bet"", ""BetMGM"", ""BetOnline.ag"", ""BetRivers"", ""Bovada"", ""Courtside"", ""DraftKings"", ""FanDuel"", ""Fanatics"", ""Hard Rock Bet"", ""ReBet"", ""betmgm"", ""theScore Bet""]",0.5,275.0,BetMGM,1.5,750.0,Bovada,,,,,,,0.5,275.0,BetMGM,The Odds API,"[""Bally Bet"", ""BetMGM"", ""BetRivers"", ""Bovada"", ""Hard Rock Bet"", ""theScore Bet""]",The Odds API,"[""Bally Bet"", ""BetMGM"", ""BetOnline.ag"", ""BetRivers"", ""Caesars"", ""Courtside"", ""DraftKings"", ""FanDuel"", ""Fanatics"", ""Hard Rock Bet"", ""ReBet"", ""betmgm"", ""theScore Bet""]",The Odds API,"[""Bally Bet"", ""BetMGM"", ""BetOnline.ag"", ""BetRivers"", ""Bovada"", ""Courtside"", ""DraftKings"", ""FanDuel"", ""Fanatics"", ""Hard Rock Bet"", ""ReBet"", ""fanduel"", ""theScore Bet""]",2026-10-09T17:28:13.749821+00:00,ALTLINE_NB_v1_2026-01-18,2.5,105.0,theScore Bet,exp/fallback,0.3,0.0057840451049215,0.6,0.4878048780487805,-98.81427075349109,-98.8,0.0422318805185903,4.2,-94.00236318685565,-94.0,0.0057840451049215,0.6,-98.81427075349109,-98.8,0.0006983006285956,0.1,-99.75559477999153,-99.8,7.736670997449124e-05,0.0,-99.94971163851658,-99.9,0.5,-140.0,BetMGM,exp/fallback,1.003,0.5766953096967932,57.7,0.5833333333333334,-1.137946909121168,-1.1,0.5766953096967932,57.7,-1.137946909121168,-1.1,0.2624400235311319,26.2,11.537010000731074,11.5,0.1049634792756959,10.5,36.45252305840472,36.5,0.0387154362449805,3.9,58.73328860442017,58.7,0.5,145.0,BetMGM,exp/fallback,0.561,0.3901249954068788,39.0,0.4081632653061224,-4.419376125314689,-4.4,0.3901249954068788,39.0,-4.419376125314689,-4.4,0.1229325880841604,12.3,4.492699871536344,4.5,0.0351378162129899,3.5,26.496138366763823,26.5,,,,,0.5,190.0,DraftKings,exp/fallback,0.2676,0.2244822955635959,22.4,0.3448275862068966,-34.9001342865572,-34.9,0.2244822955635959,22.4,-34.9001342865572,-34.9,,,,,,,,,,,,,0.5,190.0,DraftKings,exp/fallback,0.2942249999999999,0.2360330976993139,23.6,0.3448275862068966,-31.55040166719897,-31.6,0.2360330976993139,23.6,-31.55040166719897,-31.6,,,,,,,,,,,,,False,False,False,False,False,,,Active roster,2026-10-09T17:28:13+00:00,False,[],2025-2026,,2026-09-24-frozen-v2,2026-10-09T17:28:17.103488+00:00
2026-10-09,PIT@CBJ,2026020068,6:00 PM,2026-10-09T23:00:00Z,Carson Soucy,8477369,NYI,True,,2026-27,CBJ,D,,Healthy,Unknown,,,3.0,0.0,,19.0,12.0,2026-10-09T17:27:50+00:00,PIT,Sergei Murashov,0.896551724137931,2.559696628547728,42.4,Confirmed,dailyfaceoff_name_and_stats,24.25,8.0,24.25,8.0,,37.3,40.6,A1+A2,16.52,63.5,43.7,0.98,NONE,False,False,27.618301283983364,2.6307553197902225,81.9,65.0,16.0,3.2,True,,,,,50.0,,,,,,,,,,,,,,,,,,,,,,,,,,,,,,,,,,,,,,,,0.58985625977508,0.1608698890295672,,,0.0,2.548981003132246,2.445592482609934,50.0,59.6,39.6,61.4,1.34,0.44,,,,,COOL,COOL,COOL,0.9,,COOL,Red,Red,Red,Red,45.0,41.0,39.0,40.0,POINTS,45.0,,,,,,,,Passenger,0.2,,18.3,,,0.0307017543859649,2.333333333333333,0.0307017543859649,0.001858538657604,0.2,0.2,0.0,0.0,0.0,6.9164855634896,6.160814794961136,18.3,18.9,False,,,,,,False,False,0.0,,False,0.0,,False,0.0,,,,,,,,,,,,,,,,,,,,,,,,,,,,,,,,,,,,,,,,,,,,,,,0.5,1700.0,Fanatics,,,,,,,,,,0.5,1700.0,Fanatics,0.5,1900.0,fanatics,,,,,,,,,,0.5,1900.0,fanatics,The Odds API,"[""Bally Bet"", ""BetMGM"", ""BetRivers"", ""Bovada"", ""Caesars"", ""Courtside"", ""DraftKings"", ""FanDuel"", ""Fanatics"", ""Hard Rock Bet"", ""theScore Bet""]",BallDontLie,"[""Bally Bet"", ""BetMGM"", ""BetRivers"", ""Bovada"", ""Caesars"", ""Courtside"", ""DraftKings"", ""FanDuel"", ""Fanatics"", ""fanatics""]",,,,,,,,,,,,,,,,,,,,,,,,2026-10-09T17:28:13.749821+00:00,ALTLINE_NB_v1_2026-01-18,,,,league_avg,2.3,,,,,,,,,,,,,,,,,,,,,,,,,exp/fallback,0.134,,,,,,,,,,,,,,,,,,,,,,,,,exp/fallback,0.09,,,,,,,,,,,,,,,,,,,,,,0.5,1700.0,Fanatics,exp/fallback,0.1976,0.1731892029166272,17.3,0.0555555555555555,211.74056524992895,211.7,0.1731892029166272,17.3,211.74056524992895,211.7,,,,,,,,,,,,,0.5,1900.0,fanatics,exp/fallback,0.1336,0.120247328784536,12.0,0.05,140.49465756907207,140.5,0.120247328784536,12.0,140.49465756907207,140.5,,,,,,,,,,,,,False,False,True,True,False,,,Active roster,2026-10-09T17:28:13+00:00,False,[],2025-2026,,2026-09-24-frozen-v2,2026-10-09T17:28:17.103488+00:00
2026-10-09,PIT@CBJ,2026020068,6:00 PM,2026-10-09T23:00:00Z,Charlie Coyle,8475745,CBJ,False,"{""season"":""2026-27"",""games"":[{""d"":""2026-10-03"",""g"":0,""a"":0,""s"":1,""pp"":0,""h"":""H"",""toi"":""15:24""},{""d"":""2026-10-01"",""g"":0,""a"":3,""s"":0,""pp"":1,""h"":""H"",""toi"":""19:04""}]}",2026-27,CBJ,C,,Healthy,Unknown,,,3.0,1.0,🟢 ROLE+,19.0,12.0,2026-10-09T17:27:50+00:00,PIT,Sergei Murashov,0.896551724137931,2.559696628547728,42.4,Confirmed,dailyfaceoff_name_and_stats,24.25,8.0,24.25,8.0,,92.5,92.1,A1+A2,18.1,75.8,89.0,1.16,NONE,False,False,27.618301283983364,2.6307553197902225,81.9,65.0,16.0,3.2,True,,,0.5,,50.0,3.0,0.0,1.0,0.0,3.0,3.0,3.0,3.0,3.0,3.0,1.0,1.0,LOW,0.3,-0.2,LOW,0.15,,LOW,0.075,,LOW,0.3,,LOW,0.15,,LOW,0.075,,LOW,0.1,,LOW,0.05,,LOW,0.025,,2.242641333125681,1.0652546332346986,,,3.0,2.548981003132246,2.445592482609934,50.0,59.6,72.5,61.4,9.61,3.73,,5.74,3.39,,HOT,HOT,COOL,5.9,2.36,WARM,Green,Yellow,Yellow,Green,83.0,74.0,75.0,80.0,POINTS,83.0,1.0,1.0,2.0,2.0,1.0,1.0,A,Hybrid,10.7,,18.3,,2.0,1.9369918699186992,158.83333333333334,1.9369918699186992,0.1070269420392394,10.7,10.7,3.97208814270724,2.206086044071353,2.0776495278069254,6.9164855634896,6.160814794961136,18.3,59.9,False,,,,🅿️ D:1,,False,False,2.0,,False,0.0,,False,0.0,,1.5,-110.0,FanDuel,2.5,275.0,FanDuel,3.5,650.0,Fanatics,4.5,1700.0,Fanatics,1.5,-110.0,FanDuel,0.5,102.0,BetRivers,1.5,500.0,Fanatics,2.5,2200.0,Fanatics,3.5,1800.0,BetOnline.ag,0.5,102.0,BetRivers,0.5,185.0,Bovada,1.5,1000.0,Fanatics,,,,,,,0.5,185.0,Bovada,0.5,320.0,BetRivers,,,,,,,,,,0.5,320.0,BetRivers,0.5,320.0,BetRivers,,,,,,,,,,0.5,320.0,BetRivers,The Odds API,"[""Bally Bet"", ""BetMGM"", ""BetRivers"", ""Bovada"", ""Caesars"", ""Courtside"", ""DraftKings"", ""FanDuel"", ""Fanatics"", ""Hard Rock Bet"", ""theScore Bet""]",The Odds API,"[""Bally Bet"", ""BetMGM"", ""BetRivers"", ""Bovada"", ""Caesars"", ""Courtside"", ""DraftKings"", ""FanDuel"", ""Fanatics"", ""betrivers""]",The Odds API,"[""Bally Bet"", ""BetMGM"", ""BetOnline.ag"", ""BetRivers"", ""Bovada"", ""Courtside"", ""DraftKings"", ""FanDuel"", ""Fanatics"", ""Hard Rock Bet"", ""ReBet"", ""draftkings"", ""theScore Bet""]",0.5,340.0,BetRivers,1.5,1000.0,Bovada,,,,,,,0.5,340.0,BetRivers,The Odds API,"[""Bally Bet"", ""BetMGM"", ""BetRivers"", ""Bovada"", ""Hard Rock Bet"", ""theScore Bet""]",The Odds API,"[""Bally Bet"", ""BetMGM"", ""BetOnline.ag"", ""BetRivers"", ""Caesars"", ""Courtside"", ""DraftKings"", ""FanDuel"", ""Fanatics"", ""Hard Rock Bet"", ""ReBet"", ""draftkings"", ""theScore Bet""]",The Odds API,"[""Bally Bet"", ""BetMGM"", ""BetOnline.ag"", ""BetRivers"", ""Bovada"", ""Courtside"", ""DraftKings"", ""FanDuel"", ""Fanatics"", ""Hard Rock Bet"", ""ReBet"", ""theScore Bet""]",2026-10-09T17:28:13.749821+00:00,ALTLINE_NB_v1_2026-01-18,1.5,-110.0,FanDuel,exp/fallback,0.1,0.0056639264392934,0.6,0.5238095238095238,-98.91870495249852,-98.9,0.0056639264392934,0.6,-98.91870495249852,-98.9,0.0002745710270403,0.0,-99.89703586485987,-99.9,1.167564107673602e-05,0.0,-99.99124326919244,-100.0,1.0000000000287557e-06,0.0,-99.99819999999995,-100.0,0.5,102.0,BetRivers,exp/fallback,0.961,0.5632549931019015,56.3,0.495049504950495,13.77750860658411,13.8,0.5632549931019015,56.3,13.77750860658411,13.8,0.249181620385867,24.9,49.5089722315202,49.5,0.096727888170075,9.7,122.4741427911726,122.5,0.0346025312099624,3.5,-34.25519070107128,-34.3,0.5,185.0,Bovada,exp/fallback,0.5900000000000001,0.403705967412531,40.4,0.3508771929824561,15.056200712571355,15.1,0.403705967412531,40.4,15.056200712571355,15.1,0.132035327083105,13.2,45.23885979141557,45.2,,,,,,,,,0.5,320.0,BetRivers,exp/fallback,0.2469,0.2097893141031616,21.0,0.238095238095238,-11.888488076672122,-11.9,0.2097893141031616,21.0,-11.888488076672122,-11.9,,,,,,,,,,,,,0.5,320.0,BetRivers,exp/fallback,0.2605874999999999,0.2139471318360749,21.4,0.238095238095238,-10.142204628848518,-10.1,0.2139471318360749,21.4,-10.142204628848518,-10.1,,,,,,,,,,,,,False,True,False,False,True,,,Active roster,2026-10-09T17:28:13+00:00,False,"[{""market"":""Points"",""name"":""Hammer Fists"",""kind"":""FLOOR"",""rule"":""Conf_Points >= 80"",""icon"":""PTS05_HAMMER_FISTS.svg"",""kit_version"":""2026-09-24-frozen-v2""},{""market"":""Assists"",""name"":""Staff (Green Stance)"",""kind"":""STANCE"",""rule"":""Green + Assists 0.5"",""icon"":""staff.svg"",""kit_version"":""2026-09-24-frozen-v2""}]",2025-2026,,2026-09-24-frozen-v2,2026-10-09T17:28:17.103488+00:00
2026-10-09,PIT@CBJ,2026020068,6:00 PM,2026-10-09T23:00:00Z,Cole Sillinger,8482705,CBJ,False,"{""season"":""2026-27"",""games"":[{""d"":""2026-10-03"",""g"":0,""a"":0,""s"":2,""pp"":0,""h"":""H"",""toi"":""13:21""},{""d"":""2026-10-01"",""g"":1,""a"":0,""s"":3,""pp"":0,""h"":""H"",""toi"":""15:21""}]}",2026-27,CBJ,C,,Healthy,Unknown,,,3.0,0.0,,19.0,12.0,2026-10-09T17:27:50+00:00,PIT,Sergei Murashov,0.896551724137931,2.559696628547728,42.4,Confirmed,dailyfaceoff_name_and_stats,24.25,8.0,24.25,8.0,,76.6,79.4,A1+A2,15.22,51.5,72.6,1.09,NONE,False,False,27.618301283983364,2.6307553197902225,81.9,65.0,16.0,3.2,True,,,2.5,,50.0,1.0,1.0,5.0,1.0,0.0,0.0,1.0,1.0,0.0,0.0,5.0,5.0,LOW,0.1,-0.4,LOW,0.05,,LOW,0.025,,LOW,0.0,,LOW,0.0,,LOW,0.0,,LOW,0.5,,LOW,0.25,,LOW,0.125,,1.3074862668543152,0.4903073500703682,,,0.0,2.548981003132246,2.445592482609934,50.0,59.6,56.7,61.4,5.38,2.01,,4.38,1.01,,HOT,COOL,COOL,3.36,3.36,HOT,Yellow,Yellow,Red,Yellow,70.0,61.0,63.0,67.0,POINTS,70.0,1.0,2.0,1.0,1.0,0.0,2.0,C,Passenger,1.8,,18.3,,0.0,0.2726337448559671,22.08333333333333,0.2726337448559671,0.0179116987049503,1.8,1.8,2.547169811320755,0.8150943396226416,2.037735849056604,6.9164855634896,6.160814794961136,18.3,46.7,False,,,,🅿️ D:1,,False,False,0.0,,False,0.0,,False,0.0,,1.5,100.0,BetRivers,,,,,,,,,,1.5,100.0,BetRivers,0.5,185.0,BetRivers,,,,,,,,,,0.5,185.0,BetRivers,,,,,,,,,,,,,,,,0.5,440.0,BetRivers,,,,,,,,,,0.5,440.0,BetRivers,0.5,440.0,BetRivers,,,,,,,,,,0.5,440.0,BetRivers,The Odds API,"[""Bally Bet"", ""BetMGM"", ""BetRivers"", ""Bovada"", ""Caesars"", ""Courtside"", ""DraftKings"", ""FanDuel"", ""Fanatics"", ""Hard Rock Bet"", ""theScore Bet""]",The Odds API,"[""Bally Bet"", ""BetMGM"", ""BetRivers"", ""Bovada"", ""Caesars"", ""Courtside"", ""DraftKings"", ""FanDuel"", ""Fanatics"", ""betrivers""]",,,,,,,,,,,,,,,,,,,,The Odds API,"[""Bally Bet"", ""BetRivers""]",The Odds API,"[""Bally Bet"", ""BetRivers""]",2026-10-09T17:28:13.749821+00:00,ALTLINE_NB_v1_2026-01-18,1.5,100.0,BetRivers,exp/fallback,0.5,0.0982404443767041,9.8,0.5,-80.35191112465918,-80.4,0.0982404443767041,9.8,-80.35191112465918,-80.4,,,,,,,,,,,,,0.5,185.0,BetRivers,exp/fallback,0.538,0.3891628575898177,38.9,0.3508771929824561,10.911414413098052,10.9,0.3891628575898177,38.9,10.911414413098052,10.9,,,,,,,,,,,,,,,,exp/fallback,0.3359999999999999,,,,,,,,,,,,,,,,,,,,,,0.5,440.0,BetRivers,exp/fallback,0.1952999999999999,0.1714242026592288,17.1,0.1851851851851851,-7.430930564016402,-7.4,0.1714242026592288,17.1,-7.430930564016402,-7.4,,,,,,,,,,,,,0.5,440.0,BetRivers,exp/fallback,0.1767375,0.1540557920020239,15.4,0.1851851851851851,-16.809872318907082,-16.8,0.1540557920020239,15.4,-16.809872318907082,-16.8,,,,,,,,,,,,,False,True,False,False,False,,,Active roster,2026-10-09T17:28:13+00:00,False,[],2025-2026,,2026-09-24-frozen-v2,2026-10-09T17:28:17.103488+00:00
2026-10-09,PIT@CBJ,2026020068,6:00 PM,2026-10-09T23:00:00Z,Conor Garland,8478856,CBJ,False,"{""season"":""2026-27"",""games"":[{""d"":""2026-10-03"",""g"":0,""a"":0,""s"":0,""pp"":0,""h"":""H"",""toi"":""12:43""},{""d"":""2026-10-01"",""g"":0,""a"":0,""s"":0,""pp"":0,""h"":""H"",""toi"":""12:09""}]}",2026-27,CBJ,R,,Healthy,Unknown,,,3.0,0.0,,19.0,12.0,2026-10-09T17:27:50+00:00,PIT,Sergei Murashov,0.896551724137931,2.559696628547728,42.4,Confirmed,dailyfaceoff_name_and_stats,24.25,8.0,24.25,8.0,,75.6,72.9,A1+A2,17.19,69.2,73.4,1.09,NONE,False,False,27.618301283983364,2.6307553197902225,81.9,65.0,16.0,3.2,True,,,0.0,,50.0,0.0,0.0,0.0,0.0,0.0,0.0,0.0,0.0,0.0,0.0,0.0,0.0,LOW,0.0,-0.5,LOW,0.0,,LOW,0.0,,LOW,0.0,,LOW,0.0,,LOW,0.0,,LOW,0.0,,LOW,0.0,,LOW,0.0,,1.2864034304091478,0.5788815436841165,,,0.0,2.548981003132246,2.445592482609934,50.0,59.6,55.8,61.4,5.47,2.23,,5.47,2.23,,HOT,WARM,COOL,3.56,3.24,HOT,Yellow,Yellow,Red,Yellow,69.0,62.0,63.0,66.0,POINTS,69.0,2.0,2.0,2.0,2.0,0.0,2.0,B,Distributor,11.6,,18.3,,1.0,1.989906103286385,141.28333333333333,1.989906103286385,0.1157475046765979,11.6,11.6,4.067358735401675,1.2697888403916482,3.2912587000117965,6.9164855634896,6.160814794961136,18.3,66.9,False,,,,🅿️ D:2,,False,False,1.0,,False,0.0,,False,0.0,,1.5,115.0,theScore Bet,2.5,340.0,theScore Bet,3.5,825.0,BetOnline.ag,4.5,2500.0,BetOnline.ag,1.5,115.0,theScore Bet,0.5,180.0,BetRivers,1.5,1000.0,theScore Bet,,,,,,,0.5,180.0,BetRivers,0.5,300.0,Hard Rock Bet,,,,,,,,,,0.5,300.0,Hard Rock Bet,0.5,450.0,DraftKings,,,,,,,,,,0.5,450.0,DraftKings,0.5,450.0,DraftKings,,,,,,,,,,0.5,450.0,DraftKings,The Odds API,"[""Bally Bet"", ""BetMGM"", ""BetRivers"", ""Bovada"", ""Caesars"", ""Courtside"", ""DraftKings"", ""FanDuel"", ""Fanatics"", ""Hard Rock Bet"", ""theScore Bet""]",The Odds API,"[""Bally Bet"", ""BetMGM"", ""BetRivers"", ""Bovada"", ""Caesars"", ""Courtside"", ""DraftKings"", ""FanDuel"", ""Fanatics"", ""betrivers""]",The Odds API,"[""Hard Rock Bet"", ""theScore Bet""]",0.5,525.0,Hard Rock Bet,,,,,,,,,,0.5,525.0,Hard Rock Bet,The Odds API,"[""Bovada"", ""Hard Rock Bet"", ""theScore Bet""]",The Odds API,"[""Bally Bet"", ""BetRivers"", ""Hard Rock Bet"", ""theScore Bet""]",The Odds API,"[""Bally Bet"", ""BetMGM"", ""BetOnline.ag"", ""BetRivers"", ""Courtside"", ""DraftKings"", ""Fanatics"", ""Hard Rock Bet"", ""ReBet"", ""theScore Bet""]",2026-10-09T17:28:13.749821+00:00,ALTLINE_NB_v1_2026-01-18,1.5,115.0,theScore Bet,league_avg,2.3,0.6001759479749428,60.0,0.4651162790697674,29.037828814612688,29.0,0.6001759479749428,60.0,29.037828814612688,29.0,0.3835789960842564,38.4,68.7747582770728,68.8,0.2254288407355011,22.5,108.5216776803386,108.5,0.1243884637071297,12.4,223.4100056385373,223.4,0.5,180.0,BetRivers,exp/fallback,0.5469999999999999,0.3937656928543454,39.4,0.3571428571428571,10.254393999216704,10.3,0.3937656928543454,39.4,10.254393999216704,10.3,0.1154408231504777,11.5,26.984905465525543,27.0,,,,,,,,,0.5,300.0,Hard Rock Bet,exp/fallback,0.356,0.2793748432640283,27.9,0.25,11.749937305611311,11.7,0.2793748432640283,27.9,11.749937305611311,11.7,,,,,,,,,,,,,0.5,450.0,DraftKings,exp/fallback,0.2692,0.2256020148693807,22.6,0.1818181818181818,24.081108178159383,24.1,0.2256020148693807,22.6,24.081108178159383,24.1,,,,,,,,,,,,,0.5,450.0,DraftKings,exp/fallback,0.24995,0.2067426161042829,20.7,0.1818181818181818,13.7084388573556,13.7,0.2067426161042829,20.7,13.7084388573556,13.7,,,,,,,,,,,,,True,True,True,True,True,,,Active roster,2026-10-09T17:28:13+00:00,False,[],2025-2026,,2026-09-24-frozen-v2,2026-10-09T17:28:17.103488+00:00
2026-10-09,PIT@CBJ,2026020068,6:00 PM,2026-10-09T23:00:00Z,Danton Heinen,8478046,CBJ,False,,2026-27,CBJ,L,,Healthy,Unknown,,,3.0,0.0,,19.0,12.0,2026-10-09T17:27:50+00:00,PIT,Sergei Murashov,0.896551724137931,2.559696628547728,42.4,Confirmed,dailyfaceoff_name_and_stats,24.25,8.0,24.25,8.0,,53.7,37.3,A1+A2,11.34,20.4,41.3,0.96,NONE,False,False,27.618301283983364,2.6307553197902225,81.9,65.0,16.0,3.2,True,,,,,50.0,,,,,,,,,,,,,,,,,,,,,,,,,,,,,,,,,,,,,,,,1.3249464668094215,0.3613490364025696,,,0.0,2.548981003132246,2.445592482609934,50.0,59.6,57.3,61.4,2.58,1.32,,,,,COOL,COOL,COOL,1.26,,COOL,Red,Red,Red,Red,41.0,46.0,47.0,39.0,GOAL,47.0,,,,,,,C,Passenger,1.1,,18.3,,0.0,0.1213768115942029,5.583333333333333,0.1213768115942029,0.0107035593328647,1.1,1.1,4.835820895522389,4.835820895522389,0.0,6.9164855634896,6.160814794961136,18.3,27.7,False,,,,,,False,False,0.0,,False,0.0,,False,0.0,,,,,,,,,,,,,,,,,,,,,,,,,,,,,,,,,,,,,,,,,,,,,,,0.5,850.0,FanDuel,,,,,,,,,,0.5,850.0,FanDuel,0.5,850.0,FanDuel,,,,,,,,,,0.5,850.0,FanDuel,The Odds API,"[""Bally Bet"", ""BetMGM"", ""BetRivers"", ""Bovada"", ""Caesars"", ""Courtside"", ""DraftKings"", ""FanDuel"", ""Fanatics"", ""Hard Rock Bet"", ""theScore Bet""]",The Odds API,"[""Bally Bet"", ""BetMGM"", ""BetRivers"", ""Bovada"", ""Caesars"", ""Courtside"", ""DraftKings"", ""FanDuel"", ""Fanatics"", ""fanatics""]",,,,,,,,,,,,,,,,,,,,,,,,2026-10-09T17:28:13.749821+00:00,ALTLINE_NB_v1_2026-01-18,,,,league_avg,2.3,,,,,,,,,,,,,,,,,,,,,,,,,exp/fallback,0.258,,,,,,,,,,,,,,,,,,,,,,,,,exp/fallback,0.126,,,,,,,,,,,,,,,,,,,,,,0.5,850.0,FanDuel,exp/fallback,0.2328,0.1995570218262653,20.0,0.1052631578947368,89.57917073495206,89.6,0.1995570218262653,20.0,89.57917073495206,89.6,,,,,,,,,,,,,0.5,850.0,FanDuel,exp/fallback,0.1908,0.1646161133098411,16.5,0.1052631578947368,56.38530764434911,56.4,0.1646161133098411,16.5,56.38530764434911,56.4,,,,,,,,,,,,,False,False,True,True,False,,,Active roster,2026-10-09T17:28:13+00:00,False,[],2025-2026,,2026-09-24-frozen-v2,2026-10-09T17:28:17.103488+00:00
2026-10-09,PIT@CBJ,2026020068,6:00 PM,2026-10-09T23:00:00Z,Denton Mateychuk,8483485,CBJ,False,,2026-27,CBJ,D,,Healthy,Unknown,,,3.0,1.0,🟢 ROLE+,19.0,12.0,2026-10-09T17:27:50+00:00,PIT,Sergei Murashov,0.896551724137931,2.559696628547728,42.4,Confirmed,dailyfaceoff_name_and_stats,24.25,8.0,24.25,8.0,,50.4,68.0,A1+A2,19.19,83.5,63.2,1.05,NONE,False,False,27.618301283983364,2.6307553197902225,81.9,65.0,16.0,3.2,True,,,,,50.0,,,,,,,,,,,,,,,,,,,,,,,,,,,,,,,,,,,,,,,,1.305661898045537,0.386862784606085,,,0.0,2.548981003132246,2.445592482609934,50.0,59.6,56.3,61.4,3.31,0.79,,,,,COOL,COOL,COOL,2.53,,COOL,Red,Red,Red,Red,65.0,51.0,50.0,60.0,POINTS,65.0,,,,,,,C,Passenger,2.7,,18.3,,0.0,0.5197777777777778,38.98333333333333,0.5197777777777778,0.0270921410783575,2.7,2.7,3.309106455750321,0.6926036767849508,3.07823856348867,6.9164855634896,6.160814794961136,18.3,54.3,False,,,,,,False,False,0.0,,False,0.0,,False,0.0,,1.5,-105.0,BetRivers,,,,,,,,,,1.5,-105.0,BetRivers,0.5,165.0,theScore Bet,1.5,1000.0,theScore Bet,,,,,,,0.5,165.0,theScore Bet,0.5,225.0,Hard Rock Bet,,,,,,,,,,0.5,225.0,Hard Rock Bet,0.5,800.0,DraftKings,,,,,,,,,,0.5,800.0,DraftKings,0.5,800.0,DraftKings,,,,,,,,,,0.5,800.0,DraftKings,The Odds API,"[""Bally Bet"", ""BetMGM"", ""BetRivers"", ""Bovada"", ""Caesars"", ""Courtside"", ""DraftKings"", ""FanDuel"", ""Fanatics"", ""Hard Rock Bet"", ""theScore Bet""]",The Odds API,"[""Bally Bet"", ""BetMGM"", ""BetRivers"", ""Bovada"", ""Caesars"", ""Courtside"", ""DraftKings"", ""FanDuel"", ""Fanatics"", ""fanduel""]",The Odds API,"[""Bally Bet"", ""BetRivers"", ""Hard Rock Bet"", ""theScore Bet""]",0.5,600.0,Hard Rock Bet,,,,,,,,,,0.5,600.0,Hard Rock Bet,The Odds API,"[""Bovada"", ""Hard Rock Bet"", ""theScore Bet""]",The Odds API,"[""Bally Bet"", ""BetRivers"", ""Hard Rock Bet"", ""theScore Bet""]",The Odds API,"[""Bally Bet"", ""BetRivers""]",2026-10-09T17:28:13.749821+00:00,ALTLINE_NB_v1_2026-01-18,1.5,-105.0,BetRivers,league_avg,2.3,0.6001759479749428,60.0,0.5121951219512195,17.177208890345963,17.2,0.6001759479749428,60.0,17.177208890345963,17.2,,,,,,,,,,,,,0.5,165.0,theScore Bet,exp/fallback,0.331,0.2688888995916769,26.9,0.3773584905660377,-28.74444160820561,-28.7,0.2688888995916769,26.9,-28.74444160820561,-28.7,0.0520158662671667,5.2,-42.78254710611663,-42.8,,,,,,,,,0.5,225.0,Hard Rock Bet,exp/fallback,0.253,0.2119793325819557,21.2,0.3076923076923077,-31.10671691086437,-31.1,0.2119793325819557,21.2,-31.10671691086437,-31.1,,,,,,,,,,,,,0.5,800.0,DraftKings,exp/fallback,0.2116,0.1838199809361185,18.4,0.1111111111111111,65.43798284250666,65.4,0.1838199809361185,18.4,65.43798284250666,65.4,,,,,,,,,,,,,0.5,800.0,DraftKings,exp/fallback,0.15635,0.1383495382806694,13.8,0.1111111111111111,24.514584452602485,24.5,0.1383495382806694,13.8,24.514584452602485,24.5,,,,,,,,,,,,,True,False,True,True,False,,,Active roster,2026-10-09T17:28:13+00:00,False,[],2025-2026,,2026-09-24-frozen-v2,2026-10-09T17:28:17.103488+00:00
2026-10-09,PIT@CBJ,2026020068,6:00 PM,2026-10-09T23:00:00Z,Dmitri Voronkov,8481716,CBJ,False,"{""season"":""2026-27"",""games"":[{""d"":""2026-10-03"",""g"":0,""a"":0,""s"":1,""pp"":0,""h"":""H"",""toi"":""12:50""},{""d"":""2026-10-01"",""g"":0,""a"":1,""s"":0,""pp"":1,""h"":""H"",""toi"":""10:44""}]}",2026-27,CBJ,L,,Healthy,Unknown,,,3.0,0.0,,19.0,12.0,2026-10-09T17:27:50+00:00,PIT,Sergei Murashov,0.896551724137931,2.559696628547728,42.4,Confirmed,dailyfaceoff_name_and_stats,24.25,8.0,24.25,8.0,,83.6,60.9,A1+A2,13.94,42.7,67.5,1.07,NONE,False,False,27.618301283983364,2.6307553197902225,81.9,65.0,16.0,3.2,True,,,0.5,,50.0,1.0,0.0,1.0,0.0,1.0,1.0,1.0,1.0,1.0,1.0,1.0,1.0,LOW,0.1,-0.4,LOW,0.05,,LOW,0.025,,LOW,0.1,,LOW,0.05,,LOW,0.025,,LOW,0.1,,LOW,0.05,,LOW,0.025,,1.8086734111306493,0.7399118500079929,,,1.0,2.548981003132246,2.445592482609934,50.0,59.6,67.3,61.4,5.64,3.09,,4.64,3.09,,HOT,HOT,COOL,2.55,1.55,WARM,Red,Yellow,Yellow,Red,61.0,64.0,69.0,58.0,GOAL,69.0,1.0,1.0,2.0,2.0,1.0,1.0,B,Shooter,14.1,,18.3,,1.0,1.966137566137566,123.86666666666666,1.966137566137566,0.1410434023494581,14.1,14.1,3.582077502691066,2.964477933261572,0.7265877287405813,6.9164855634896,6.160814794961136,18.3,58.6,False,,,,🥅 D:2,,False,False,1.0,,False,0.0,,False,0.0,,1.5,135.0,Fanatics,2.5,440.0,Fanatics,3.5,1200.0,Fanatics,4.5,2000.0,BetOnline.ag,1.5,135.0,Fanatics,0.5,158.0,BetOnline.ag,1.5,950.0,DraftKings,2.5,1300.0,BetOnline.ag,3.5,3000.0,BetOnline.ag,0.5,158.0,BetOnline.ag,0.5,330.0,DraftKings,1.5,2500.0,Fanatics,,,,,,,0.5,330.0,DraftKings,0.5,360.0,DraftKings,,,,,,,,,,0.5,360.0,DraftKings,0.5,360.0,DraftKings,,,,,,,,,,0.5,360.0,DraftKings,The Odds API,"[""Bally Bet"", ""BetMGM"", ""BetRivers"", ""Bovada"", ""Caesars"", ""Courtside"", ""DraftKings"", ""FanDuel"", ""Fanatics"", ""Hard Rock Bet"", ""theScore Bet""]",The Odds API,"[""Bally Bet"", ""BetMGM"", ""BetRivers"", ""Bovada"", ""Caesars"", ""Courtside"", ""DraftKings"", ""FanDuel"", ""Fanatics"", ""fanatics""]",The Odds API,"[""Bally Bet"", ""BetOnline.ag"", ""BetRivers"", ""Courtside"", ""DraftKings"", ""FanDuel"", ""Fanatics"", ""Hard Rock Bet"", ""ReBet"", ""draftkings"", ""theScore Bet""]",0.5,525.0,Hard Rock Bet,,,,,,,,,,0.5,525.0,Hard Rock Bet,The Odds API,"[""Bovada"", ""Hard Rock Bet"", ""theScore Bet""]",The Odds API,"[""Bally Bet"", ""BetOnline.ag"", ""BetRivers"", ""Caesars"", ""Courtside"", ""DraftKings"", ""FanDuel"", ""Fanatics"", ""Hard Rock Bet"", ""ReBet"", ""draftkings"", ""theScore Bet""]",The Odds API,"[""Bally Bet"", ""BetMGM"", ""BetOnline.ag"", ""BetRivers"", ""Courtside"", ""DraftKings"", ""Fanatics"", ""Hard Rock Bet"", ""ReBet"", ""theScore Bet""]",2026-10-09T17:28:13.749821+00:00,ALTLINE_NB_v1_2026-01-18,1.5,135.0,Fanatics,exp/fallback,0.1,0.0056639264392934,0.6,0.425531914893617,-98.66897728676604,-98.7,0.0056639264392934,0.6,-98.66897728676604,-98.7,0.0002745710270403,0.0,-99.85173164539825,-99.9,1.167564107673602e-05,0.0,-99.98482166660024,-100.0,1.0000000000287557e-06,0.0,-99.99789999999994,-100.0,0.5,158.0,BetOnline.ag,exp/fallback,0.564,0.4023330030683195,40.2,0.3875968992248062,3.801914791626448,3.8,0.4023330030683195,40.2,3.801914791626448,3.8,0.1208195687360431,12.1,26.860547172845315,26.9,0.0313155062253552,3.1,-56.1582912845026,-56.2,0.007425829944734,0.7,-76.9799271713244,-77.0,0.5,330.0,DraftKings,exp/fallback,0.255,0.2133765320721136,21.3,0.2325581395348837,-8.248091208991159,-8.2,0.2133765320721136,21.3,-8.248091208991159,-8.2,0.0354705592813278,3.5,-7.776545868547702,-7.8,,,,,,,,,0.5,360.0,DraftKings,exp/fallback,0.2276999999999999,0.19581028882429,19.6,0.217391304347826,-9.927267140826556,-9.9,0.19581028882429,19.6,-9.927267140826556,-9.9,,,,,,,,,,,,,0.5,360.0,DraftKings,exp/fallback,0.2293875,0.192503370953186,19.3,0.217391304347826,-11.44844936153442,-11.4,0.192503370953186,19.3,-11.44844936153442,-11.4,,,,,,,,,,,,,False,False,False,False,False,,,Active roster,2026-10-09T17:28:13+00:00,False,[],2025-2026,,2026-09-24-frozen-v2,2026-10-09T17:28:17.103488+00:00
2026-10-09,PIT@CBJ,2026020068,6:00 PM,2026-10-09T23:00:00Z,Emil Andrae,8482126,PHI,True,,2026-27,CBJ,D,,Healthy,Unknown,,,3.0,0.0,,19.0,12.0,2026-10-09T17:27:50+00:00,PIT,Sergei Murashov,0.896551724137931,2.559696628547728,42.4,Confirmed,dailyfaceoff_name_and_stats,24.25,8.0,24.25,8.0,,35.1,51.9,A1+A2,15.34,52.7,44.5,0.98,NONE,False,False,27.618301283983364,2.6307553197902225,81.9,65.0,16.0,3.2,True,,,,,50.0,,,,,,,,,,,,,,,,,,,,,,,,,,,,,,,,,,,,,,,,0.8127633955448526,0.5418422636965683,,,0.0,2.548981003132246,2.445592482609934,50.0,59.6,43.5,61.4,2.23,0.47,,,,,COOL,COOL,COOL,1.76,,COOL,Red,Red,Red,Red,50.0,39.0,37.0,44.0,POINTS,50.0,,,,,,,,Passenger,2.5,,18.3,,,0.3898907103825136,23.78333333333333,0.3898907103825136,0.0254213132860654,2.5,2.5,2.9768745620182195,0.8325157673440785,2.522775052557813,6.9164855634896,6.160814794961136,18.3,51.1,False,,,,,,False,False,0.0,,False,0.0,,False,0.0,,,,,,,,,,,,,,,,,0.5,260.0,BetRivers,,,,,,,,,,0.5,260.0,BetRivers,,,,,,,,,,,,,,,,0.5,2500.0,Fanatics,,,,,,,,,,0.5,2500.0,Fanatics,0.5,2500.0,Fanatics,,,,,,,,,,0.5,2500.0,Fanatics,The Odds API,"[""Bally Bet"", ""BetMGM"", ""BetRivers"", ""Bovada"", ""Caesars"", ""Courtside"", ""DraftKings"", ""FanDuel"", ""Fanatics"", ""Hard Rock Bet"", ""theScore Bet""]",The Odds API,"[""Bally Bet"", ""BetMGM"", ""BetRivers"", ""Bovada"", ""Caesars"", ""Courtside"", ""DraftKings"", ""FanDuel"", ""Fanatics"", ""fanatics""]",,,,,,,,,,,,,,,,,,,,The Odds API,"[""Bally Bet"", ""BetRivers""]",,,2026-10-09T17:28:13.749821+00:00,ALTLINE_NB_v1_2026-01-18,,,,league_avg,2.3,,,,,,,,,,,,,,,,,,,,,,0.5,260.0,BetRivers,exp/fallback,0.223,0.1932369692293506,19.3,0.2777777777777778,-30.43469107743377,-30.4,0.1932369692293506,19.3,-30.43469107743377,-30.4,,,,,,,,,,,,,,,,exp/fallback,0.176,,,,,,,,,,,,,,,,,,,,,,0.5,2500.0,Fanatics,exp/fallback,0.1988,0.1741079835873404,17.4,0.0384615384615384,352.6807573270853,352.7,0.1741079835873404,17.4,352.6807573270853,352.7,,,,,,,,,,,,,0.5,2500.0,Fanatics,exp/fallback,0.13555,0.1218234410669462,12.2,0.0384615384615384,216.7409467740601,216.7,0.1218234410669462,12.2,216.7409467740601,216.7,,,,,,,,,,,,,False,False,True,True,False,,,Active roster,2026-10-09T17:28:13+00:00,False,[],2025-2026,,2026-09-24-frozen-v2,2026-10-09T17:28:17.103488+00:00
2026-10-09,PIT@CBJ,2026020068,6:00 PM,2026-10-09T23:00:00Z,Erik Gudbranson,8475790,CBJ,False,,2026-27,CBJ,D,,Healthy,Unknown,,,3.0,1.0,🟢 ROLE+,19.0,12.0,2026-10-09T17:27:50+00:00,PIT,Sergei Murashov,0.896551724137931,2.559696628547728,42.4,Confirmed,dailyfaceoff_name_and_stats,24.25,8.0,24.25,8.0,,23.0,24.0,A1+A2,17.77,73.8,33.5,0.94,NONE,False,False,27.618301283983364,2.6307553197902225,81.9,65.0,16.0,3.2,True,,,,,50.0,,,,,,,,,,,,,,,,,,,,,,,,,,,,,,,,,,,,,,,,0.3336010378698956,0.2224006919132637,,,0.0,2.548981003132246,2.445592482609934,50.0,59.6,35.6,61.4,0.79,0.28,,,,,COOL,COOL,COOL,0.51,,COOL,Red,Red,Red,Red,39.0,36.0,33.0,33.0,POINTS,39.0,,,,,,,C,Passenger,0.0,,18.3,,0.0,0.0009009009009009,0.0333333333333333,0.0009009009009009,5.069451485349286e-05,0.0,0.0,0.0,0.0,0.0,6.9164855634896,6.160814794961136,18.3,12.7,False,,,,,,False,False,0.0,,False,0.0,,False,0.0,,,,,,,,,,,,,,,,,,,,,,,,,,,,,,,,,,,,,,,,,,,,,,,0.5,2500.0,Fanatics,,,,,,,,,,0.5,2500.0,Fanatics,0.5,2500.0,Fanatics,,,,,,,,,,0.5,2500.0,Fanatics,The Odds API,"[""Bally Bet"", ""BetMGM"", ""BetRivers"", ""Bovada"", ""Caesars"", ""Courtside"", ""DraftKings"", ""FanDuel"", ""Fanatics"", ""Hard Rock Bet"", ""theScore Bet""]",The Odds API,"[""Bally Bet"", ""BetMGM"", ""BetRivers"", ""Bovada"", ""Caesars"", ""Courtside"", ""DraftKings"", ""FanDuel"", ""Fanatics"", ""fanatics""]",,,,,,,,,,,,,,,,,,,,,,,,2026-10-09T17:28:13.749821+00:00,ALTLINE_NB_v1_2026-01-18,,,,league_avg,2.3,,,,,,,,,,,,,,,,,,,,,,,,,exp/fallback,0.079,,,,,,,,,,,,,,,,,,,,,,,,,exp/fallback,0.051,,,,,,,,,,,,,,,,,,,,,,0.5,2500.0,Fanatics,exp/fallback,0.1911999999999999,0.1682647910636237,16.8,0.0384615384615384,337.48845676542163,337.5,0.1682647910636237,16.8,337.48845676542163,337.5,,,,,,,,,,,,,0.5,2500.0,Fanatics,exp/fallback,0.1232,0.1117620033388435,11.2,0.0384615384615384,190.58120868099329,190.6,0.1117620033388435,11.2,190.58120868099329,190.6,,,,,,,,,,,,,False,False,True,True,False,,,Active roster,2026-10-09T17:28:13+00:00,False,[],2025-2026,,2026-09-24-frozen-v2,2026-10-09T17:28:17.103488+00:00
2026-10-09,PIT@CBJ,2026020068,6:00 PM,2026-10-09T23:00:00Z,Jake Christiansen,8481161,CBJ,False,,2026-27,CBJ,D,,Healthy,Unknown,,,3.0,0.0,,19.0,12.0,2026-10-09T17:27:50+00:00,PIT,Sergei Murashov,0.896551724137931,2.559696628547728,42.4,Confirmed,dailyfaceoff_name_and_stats,24.25,8.0,24.25,8.0,,21.0,28.5,A1+A2,10.05,12.3,21.9,0.94,NONE,False,False,27.618301283983364,2.6307553197902225,81.9,65.0,16.0,3.2,True,,,,,50.0,,,,,,,,,,,,,,,,,,,,,,,,,,,,,,,,,,,,,,,,0.4577434941086717,0.3051623294057811,,,0.0,2.548981003132246,2.445592482609934,50.0,59.6,37.5,61.4,0.91,0.21,,,,,COOL,COOL,COOL,0.7,,COOL,Red,Red,Red,Red,33.0,28.0,27.0,27.0,POINTS,33.0,,,,,,,C,Passenger,0.0,,18.3,,0.0,0.0004166666666666,0.0166666666666666,0.0004166666666666,4.147484550620048e-05,0.0,0.0,0.0,0.0,0.0,6.9164855634896,6.160814794961136,18.3,12.7,False,,,,,,False,False,0.0,,False,0.0,,False,0.0,,,,,,,,,,,,,,,,,,,,,,,,,,,,,,,,,,,,,,,,,,,,,,,,,,,,,,,,,,,,,,,,,,,,,,,,,,,,,,,,,,,,,,,,,,,,,,,,,,,,,,,,2026-10-09T17:28:13.749821+00:00,ALTLINE_NB_v1_2026-01-18,,,,league_avg,2.3,,,,,,,,,,,,,,,,,,,,,,,,,exp/fallback,0.091,,,,,,,,,,,,,,,,,,,,,,,,,exp/fallback,0.0699999999999999,,,,,,,,,,,,,,,,,,,,,,,,,exp/fallback,0.1883999999999999,,,,,,,,,,,,,,,,,,,,,,,,,exp/fallback,0.1186499999999999,,,,,,,,,,,,,,,,,,,,,,False,False,False,False,False,,,Active roster,2026-10-09T17:28:13+00:00,False,[],2025-2026,,2026-09-24-frozen-v2,2026-10-09T17:28:17.103488+00:00
2026-10-09,PIT@CBJ,2026020068,6:00 PM,2026-10-09T23:00:00Z,Kent Johnson,8482660,CBJ,False,"{""season"":""2026-27"",""games"":[{""d"":""2026-10-03"",""g"":1,""a"":0,""s"":5,""pp"":0,""h"":""H"",""toi"":""17:14""},{""d"":""2026-10-01"",""g"":0,""a"":1,""s"":1,""pp"":0,""h"":""H"",""toi"":""14:53""}]}",2026-27,CBJ,C,,Healthy,Unknown,,,3.0,0.0,,19.0,12.0,2026-10-09T17:27:50+00:00,PIT,Sergei Murashov,0.896551724137931,2.559696628547728,42.4,Confirmed,dailyfaceoff_name_and_stats,24.25,8.0,24.25,8.0,,70.2,60.9,A1+A2,13.24,35.4,60.0,1.04,NONE,False,False,27.618301283983364,2.6307553197902225,81.9,65.0,16.0,3.2,True,,,3.0,,50.0,2.0,1.0,6.0,1.0,1.0,1.0,2.0,2.0,1.0,1.0,6.0,6.0,LOW,0.2,-0.3,LOW,0.1,,LOW,0.05,,LOW,0.1,,LOW,0.05,,LOW,0.025,,LOW,0.6,,LOW,0.3,,LOW,0.15,,1.2495420274205056,0.4165140091401685,,,1.0,2.548981003132246,2.445592482609934,50.0,59.6,55.0,61.4,3.63,1.58,,1.63,0.58,,WARM,COOL,COOL,2.05,1.05,COOL,Red,Red,Red,Red,51.0,56.0,59.0,53.0,GOAL,59.0,0.0,1.0,0.0,0.0,0.0,2.0,B,Shooter,11.8,,18.3,,1.0,1.5605263157894735,118.6,1.5605263157894735,0.1178594497904831,11.8,11.8,1.613827993254637,1.1838111298482292,0.5059021922428331,6.9164855634896,6.160814794961136,18.3,52.9,False,,,,🥅 D:0,,False,False,0.0,,False,0.0,,False,0.0,,1.5,-110.0,theScore Bet,2.5,270.0,theScore Bet,3.5,875.0,BetOnline.ag,4.5,2900.0,BetOnline.ag,1.5,-110.0,theScore Bet,0.5,105.0,Hard Rock Bet,1.5,500.0,Fanatics,2.5,1900.0,Fanatics,3.5,4300.0,BetOnline.ag,0.5,105.0,Hard Rock Bet,0.5,225.0,BetOnline.ag,1.5,1400.0,BetOnline.ag,,,,,,,0.5,225.0,BetOnline.ag,0.5,300.0,theScore Bet,,,,,,,,,,0.5,300.0,theScore Bet,0.5,295.0,DraftKings,,,,,,,,,,0.5,295.0,DraftKings,The Odds API,"[""Bally Bet"", ""BetMGM"", ""BetRivers"", ""Bovada"", ""Caesars"", ""Courtside"", ""DraftKings"", ""FanDuel"", ""Fanatics"", ""Hard Rock Bet"", ""theScore Bet""]",The Odds API,"[""Bally Bet"", ""BetMGM"", ""BetRivers"", ""Bovada"", ""Caesars"", ""Courtside"", ""DraftKings"", ""FanDuel"", ""Fanatics"", ""betrivers""]",The Odds API,"[""Bally Bet"", ""BetMGM"", ""BetOnline.ag"", ""BetRivers"", ""Bovada"", ""Courtside"", ""DraftKings"", ""FanDuel"", ""Fanatics"", ""Hard Rock Bet"", ""ReBet"", ""betmgm"", ""theScore Bet""]",0.5,380.0,BetRivers,,,,,,,,,,0.5,380.0,BetRivers,The Odds API,"[""Bally Bet"", ""BetRivers"", ""Bovada"", ""Hard Rock Bet"", ""theScore Bet""]",The Odds API,"[""Bally Bet"", ""BetMGM"", ""BetOnline.ag"", ""BetRivers"", ""Caesars"", ""Courtside"", ""DraftKings"", ""FanDuel"", ""Fanatics"", ""Hard Rock Bet"", ""ReBet"", ""betmgm"", ""theScore Bet""]",The Odds API,"[""Bally Bet"", ""BetMGM"", ""BetOnline.ag"", ""BetRivers"", ""Bovada"", ""Courtside"", ""DraftKings"", ""FanDuel"", ""Fanatics"", ""Hard Rock Bet"", ""ReBet"", ""theScore Bet""]",2026-10-09T17:28:13.749821+00:00,ALTLINE_NB_v1_2026-01-18,1.5,-110.0,theScore Bet,exp/fallback,0.6000000000000001,0.1299407132279931,13.0,0.5238095238095238,-75.19313656556494,-75.2,0.1299407132279931,13.0,-75.19313656556494,-75.2,0.0326670041478929,3.3,-87.91320846527961,-87.9,0.0072912539530841,0.7,-92.89102739574294,-92.9,0.0014989631477473,0.1,-95.503110556758,-95.5,0.5,105.0,Hard Rock Bet,exp/fallback,0.363,0.2894561174342777,28.9,0.4878048780487805,-40.66149592597307,-40.7,0.2894561174342777,28.9,-40.66149592597307,-40.7,0.0606043101751878,6.1,-63.63741389488729,-63.6,0.0108510480540233,1.1,-78.29790389195325,-78.3,0.0017704872818096,0.2,-92.20985596003769,-92.2,0.5,225.0,BetOnline.ag,exp/fallback,0.205,0.177297525208118,17.7,0.3076923076923077,-42.37830430736164,-42.4,0.177297525208118,17.7,-42.37830430736164,-42.4,0.0243233688976094,2.4,-63.51494665358584,-63.5,,,,,,,,,0.5,300.0,theScore Bet,exp/fallback,0.1824,0.1614264293152539,16.1,0.25,-35.42942827389841,-35.4,0.1614264293152539,16.1,-35.42942827389841,-35.4,,,,,,,,,,,,,0.5,295.0,DraftKings,exp/fallback,0.155775,0.137899601757092,13.8,0.2531645569620253,-45.52965730594864,-45.5,0.137899601757092,13.8,-45.52965730594864,-45.5,,,,,,,,,,,,,False,False,False,False,False,,,Active roster,2026-10-09T17:28:13+00:00,False,[],2025-2026,,2026-09-24-frozen-v2,2026-10-09T17:28:17.103488+00:00
2026-10-09,PIT@CBJ,2026020068,6:00 PM,2026-10-09T23:00:00Z,Luca Del Bel Belluz,8483432,CBJ,False,,2026-27,CBJ,C,,Healthy,Unknown,,,3.0,0.0,,19.0,12.0,2026-10-09T17:27:50+00:00,PIT,Sergei Murashov,0.896551724137931,2.559696628547728,42.4,Confirmed,dailyfaceoff_name_and_stats,24.25,8.0,24.25,8.0,,21.0,17.6,A1+A2,9.1,6.9,17.0,0.94,NONE,False,False,27.618301283983364,2.6307553197902225,81.9,65.0,16.0,3.2,True,,,,,50.0,,,,,,,,,,,,,,,,,,,,,,,,,,,,,,,,,,,,,,,,0.0080677692617991,0.0,,,0.0,2.548981003132246,2.445592482609934,50.0,59.6,30.8,61.4,1.26,0.59,,,,,COOL,COOL,COOL,0.67,,COOL,Red,Red,Red,Red,26.0,27.0,27.0,21.0,SOG,27.0,,,,,,,C,Passenger,2.4,,18.3,,0.0,0.2226190476190476,3.1166666666666667,0.2226190476190476,0.0244700340225071,2.4,2.4,0.1925133689839572,0.1925133689839572,0.0,6.9164855634896,6.160814794961136,18.3,31.5,False,,,,,,False,False,0.0,,False,0.0,,False,0.0,,,,,,,,,,,,,,,,,,,,,,,,,,,,,,,,,,,,,,,,,,,,,,,,,,,,,,,,,,,,,,,,,,,,,,,,,,,,,,,,,,,,,,,,,,,,,,,,,,,,,,,,2026-10-09T17:28:13.749821+00:00,ALTLINE_NB_v1_2026-01-18,,,,league_avg,2.3,,,,,,,,,,,,,,,,,,,,,,,,,exp/fallback,0.126,,,,,,,,,,,,,,,,,,,,,,,,,exp/fallback,0.067,,,,,,,,,,,,,,,,,,,,,,,,,exp/fallback,0.2036,,,,,,,,,,,,,,,,,,,,,,,,,exp/fallback,0.14335,,,,,,,,,,,,,,,,,,,,,,False,False,False,False,False,,,Active roster,2026-10-09T17:28:13+00:00,False,[],2025-2026,,2026-09-24-frozen-v2,2026-10-09T17:28:17.103488+00:00
2026-10-09,PIT@CBJ,2026020068,6:00 PM,2026-10-09T23:00:00Z,Mathieu Olivier,8479671,CBJ,False,"{""season"":""2026-27"",""games"":[{""d"":""2026-10-03"",""g"":0,""a"":0,""s"":1,""pp"":0,""h"":""H"",""toi"":""15:23""},{""d"":""2026-10-01"",""g"":1,""a"":0,""s"":3,""pp"":0,""h"":""H"",""toi"":""14:32""}]}",2026-27,CBJ,R,,Healthy,Unknown,,,3.0,0.0,,19.0,12.0,2026-10-09T17:27:50+00:00,PIT,Sergei Murashov,0.896551724137931,2.559696628547728,42.4,Confirmed,dailyfaceoff_name_and_stats,24.25,8.0,24.25,8.0,,75.9,51.9,A1+A2,14.23,43.8,61.1,1.04,NONE,False,False,27.618301283983364,2.6307553197902225,81.9,65.0,16.0,3.2,True,,,2.0,,50.0,1.0,1.0,4.0,1.0,0.0,0.0,1.0,1.0,0.0,0.0,4.0,4.0,LOW,0.1,-0.4,LOW,0.05,,LOW,0.025,,LOW,0.0,,LOW,0.0,,LOW,0.0,,LOW,0.4,,LOW,0.2,,LOW,0.1,,1.5858032848782329,0.3775722106852935,,,0.0,2.548981003132246,2.445592482609934,50.0,59.6,63.1,61.4,4.4,2.51,,3.4,1.51,,HOT,WARM,COOL,1.88,1.88,WARM,Red,Yellow,Red,Red,54.0,60.0,66.0,53.0,GOAL,66.0,1.0,2.0,1.0,1.0,0.0,2.0,C,Passenger,0.2,,18.3,,0.0,0.0281420765027322,1.7166666666666666,0.0281420765027322,0.0019778784852907,0.2,0.2,0.0,0.0,0.0,6.9164855634896,6.160814794961136,18.3,18.9,False,,,,🥅 D:1,,False,False,1.0,,False,0.0,,False,0.0,,1.5,115.0,BetRivers,2.5,320.0,theScore Bet,3.5,900.0,Fanatics,4.5,2500.0,BetOnline.ag,1.5,115.0,BetRivers,0.5,245.0,BetRivers,,,,,,,,,,0.5,245.0,BetRivers,,,,,,,,,,,,,,,,0.5,500.0,FanDuel,,,,,,,,,,0.5,500.0,FanDuel,0.5,500.0,FanDuel,,,,,,,,,,0.5,500.0,FanDuel,The Odds API,"[""Bally Bet"", ""BetMGM"", ""BetRivers"", ""Bovada"", ""Caesars"", ""Courtside"", ""DraftKings"", ""FanDuel"", ""Fanatics"", ""Hard Rock Bet"", ""theScore Bet""]",The Odds API,"[""Bally Bet"", ""BetMGM"", ""BetRivers"", ""Bovada"", ""Caesars"", ""Courtside"", ""DraftKings"", ""FanDuel"", ""Fanatics"", ""fanduel""]",,,,,,,,,,,,,,,,,,,,The Odds API,"[""Bally Bet"", ""BetRivers""]",The Odds API,"[""Bally Bet"", ""BetMGM"", ""BetOnline.ag"", ""BetRivers"", ""Courtside"", ""DraftKings"", ""Fanatics"", ""Hard Rock Bet"", ""ReBet"", ""theScore Bet""]",2026-10-09T17:28:13.749821+00:00,ALTLINE_NB_v1_2026-01-18,1.5,115.0,BetRivers,exp/fallback,0.4,0.0686180154112674,6.9,0.4651162790697674,-85.2471266865775,-85.2,0.0686180154112674,6.9,-85.2471266865775,-85.2,0.0121706224058896,1.2,-94.88833858952636,-94.9,0.0019074600412755,0.2,-98.09253995872449,-98.1,0.0002746842105414,0.0,-99.28582105259224,-99.3,0.5,245.0,BetRivers,exp/fallback,0.44,0.3358455029200735,33.6,0.2898550724637681,15.86669850742538,15.9,0.3358455029200735,33.6,15.86669850742538,15.9,,,,,,,,,,,,,,,,exp/fallback,0.188,,,,,,,,,,,,,,,,,,,,,,0.5,500.0,FanDuel,exp/fallback,0.2103,0.1828409234974823,18.3,0.1666666666666666,9.704554098489426,9.7,0.1828409234974823,18.3,9.704554098489426,9.7,,,,,,,,,,,,,0.5,500.0,FanDuel,exp/fallback,0.2011125,0.1722228684849772,17.2,0.1666666666666666,3.3337210909863524,3.3,0.1722228684849772,17.2,3.3337210909863524,3.3,,,,,,,,,,,,,False,True,False,False,False,,,Active roster,2026-10-09T17:28:13+00:00,False,[],2025-2026,,2026-09-24-frozen-v2,2026-10-09T17:28:17.103488+00:00
2026-10-09,PIT@CBJ,2026020068,6:00 PM,2026-10-09T23:00:00Z,Matthew Knies,8482720,TOR,True,"{""season"":""2026-27"",""games"":[{""d"":""2026-10-03"",""g"":0,""a"":1,""s"":1,""pp"":0,""h"":""H"",""toi"":""17:44""},{""d"":""2026-10-01"",""g"":2,""a"":1,""s"":4,""pp"":1,""h"":""H"",""toi"":""16:06""}]}",2026-27,CBJ,L,⭐ STAR,Healthy,Unknown,,,3.0,1.0,🟢 ROLE+,19.0,12.0,2026-10-09T17:27:50+00:00,PIT,Sergei Murashov,0.896551724137931,2.559696628547728,42.4,Confirmed,dailyfaceoff_name_and_stats,24.25,8.0,24.25,8.0,,92.7,94.8,A1+A2,18.79,80.0,90.9,1.2,STAR,False,True,27.618301283983364,2.6307553197902225,81.9,65.0,16.0,3.2,True,,,2.5,,50.0,4.0,2.0,5.0,2.0,2.0,2.0,4.0,4.0,2.0,2.0,5.0,5.0,LOW,0.4,-0.1,LOW,0.2,,LOW,0.1,,LOW,0.2,,LOW,0.1,,LOW,0.05,,LOW,0.5,,LOW,0.25,,LOW,0.125,,2.049438202247191,0.9168539325842696,,,2.0,2.548981003132246,2.445592482609934,50.0,59.6,70.8,61.4,11.19,4.02,,6.17,1.65,,HOT,WARM,COOL,7.17,4.52,HOT,Green,Yellow,Yellow,Green,85.0,74.0,78.0,84.0,POINTS,85.0,0.0,0.0,1.0,1.0,1.0,1.0,,Passenger,13.8,,18.3,,,2.585654008438819,204.26666666666668,2.585654008438819,0.1375919169239405,13.8,13.8,3.450636422976501,1.7653394255874673,1.982702349869452,6.9164855634896,6.160814794961136,18.3,65.0,False,,,,🅿️ D:0,,False,False,2.0,,False,0.0,,False,0.0,,1.5,-125.0,theScore Bet,2.5,250.0,theScore Bet,3.5,550.0,Fanatics,4.5,1300.0,Fanatics,1.5,-125.0,theScore Bet,0.5,-125.0,betmgm,1.5,325.0,theScore Bet,2.5,1100.0,Caesars,3.5,3500.0,Fanatics,0.5,-125.0,betmgm,0.5,160.0,BetMGM,1.5,750.0,Fanatics,2.5,3000.0,Fanatics,,,,0.5,160.0,BetMGM,0.5,200.0,theScore Bet,,,,,,,,,,0.5,200.0,theScore Bet,0.5,190.0,BetMGM,,,,,,,,,,0.5,190.0,BetMGM,The Odds API,"[""Bally Bet"", ""BetMGM"", ""BetRivers"", ""Bovada"", ""Caesars"", ""Courtside"", ""DraftKings"", ""FanDuel"", ""Fanatics"", ""Hard Rock Bet"", ""fanduel"", ""theScore Bet""]",The Odds API,"[""Bally Bet"", ""BetMGM"", ""BetRivers"", ""Bovada"", ""Caesars"", ""Courtside"", ""DraftKings"", ""FanDuel"", ""Fanatics"", ""betmgm""]",The Odds API,"[""Bally Bet"", ""BetMGM"", ""BetOnline.ag"", ""BetRivers"", ""Bovada"", ""Courtside"", ""DraftKings"", ""FanDuel"", ""Fanatics"", ""Hard Rock Bet"", ""ReBet"", ""betmgm"", ""theScore Bet""]",0.5,310.0,BetMGM,,,,,,,,,,0.5,310.0,BetMGM,The Odds API,"[""Bally Bet"", ""BetMGM"", ""BetRivers"", ""Bovada"", ""Hard Rock Bet"", ""theScore Bet""]",BallDontLie,"[""Bally Bet"", ""BetMGM"", ""BetOnline.ag"", ""BetRivers"", ""Caesars"", ""Courtside"", ""DraftKings"", ""FanDuel"", ""Fanatics"", ""Hard Rock Bet"", ""ReBet"", ""betmgm"", ""theScore Bet""]",The Odds API,"[""Bally Bet"", ""BetMGM"", ""BetOnline.ag"", ""BetRivers"", ""Bovada"", ""Courtside"", ""DraftKings"", ""FanDuel"", ""Fanatics"", ""Hard Rock Bet"", ""ReBet"", ""theScore Bet""]",2026-10-09T17:28:13.749821+00:00,ALTLINE_NB_v1_2026-01-18,1.5,-125.0,theScore Bet,exp/fallback,0.5,0.0982404443767041,9.8,0.5555555555555556,-82.31672001219326,-82.3,0.0982404443767041,9.8,-82.31672001219326,-82.3,0.0211669780841146,2.1,-92.5915576705599,-92.6,0.0040395411302058,0.4,-97.37429826536618,-97.4,0.0007092061669458,0.1,-99.00711136627586,-99.0,0.5,-125.0,betmgm,exp/fallback,1.119,0.6110316923592174,61.1,0.5555555555555556,9.985704624659132,10.0,0.6110316923592174,61.1,9.985704624659132,10.0,0.2982694775422478,29.8,26.764527955455343,26.8,0.12851622068411,12.9,54.21946482093208,54.2,0.0511687984344458,5.1,84.20767436400519,84.2,0.5,160.0,BetMGM,exp/fallback,0.717,0.458147957847704,45.8,0.3846153846153846,19.118469040403053,19.1,0.458147957847704,45.8,19.118469040403053,19.1,0.1721649514265069,17.2,46.34020871253086,46.3,0.0589611518659631,5.9,82.77957078448586,82.8,,,,,0.5,200.0,theScore Bet,exp/fallback,0.2556,0.2160116999564091,21.6,0.3333333333333333,-35.196490013077266,-35.2,0.2160116999564091,21.6,-35.196490013077266,-35.2,,,,,,,,,,,,,0.5,190.0,BetMGM,exp/fallback,0.274725,0.2233563773692997,22.3,0.3448275862068966,-35.22665056290309,-35.2,0.2233563773692997,22.3,-35.22665056290309,-35.2,,,,,,,,,,,,,False,False,False,False,True,,,Active roster,2026-10-09T17:28:13+00:00,False,"[{""market"":""Points"",""name"":""Hammer Fists"",""kind"":""FLOOR"",""rule"":""Conf_Points >= 80"",""icon"":""PTS05_HAMMER_FISTS.svg"",""kit_version"":""2026-09-24-frozen-v2""},{""market"":""Assists"",""name"":""Staff (Green Stance)"",""kind"":""STANCE"",""rule"":""Green + Assists 0.5"",""icon"":""staff.svg"",""kit_version"":""2026-09-24-frozen-v2""},{""market"":""Assists"",""name"":""Staff Awakened"",""kind"":""STANCE"",""rule"":""Green + Assists 0.5 + Conf_Assists ≥ 83"",""icon"":""staff.svg"",""kit_version"":""2026-09-24-frozen-v2""}]",2025-2026,,2026-09-24-frozen-v2,2026-10-09T17:28:17.103488+00:00
2026-10-09,PIT@CBJ,2026020068,6:00 PM,2026-10-09T23:00:00Z,Ryan Lomberg,8479066,CGY,True,,2026-27,CBJ,L,,Healthy,Unknown,,,3.0,0.0,,19.0,12.0,2026-10-09T17:27:50+00:00,PIT,Sergei Murashov,0.896551724137931,2.559696628547728,42.4,Confirmed,dailyfaceoff_name_and_stats,24.25,8.0,24.25,8.0,,48.4,34.6,A1+A2,9.04,6.5,35.2,0.94,NONE,False,False,27.618301283983364,2.6307553197902225,81.9,65.0,16.0,3.2,True,,,,,50.0,,,,,,,,,,,,,,,,,,,,,,,,,,,,,,,,,,,,,,,,1.0573032241221774,0.469912544054301,,,0.0,2.548981003132246,2.445592482609934,50.0,59.6,50.0,61.4,1.66,0.84,,,,,COOL,COOL,COOL,0.83,,COOL,Red,Red,Red,Red,37.0,42.0,43.0,34.0,GOAL,43.0,,,,,,,,Passenger,0.1,,18.3,,,0.0125730994152046,0.7166666666666667,0.0125730994152046,0.0013901461269882,0.1,0.1,0.0,0.0,0.0,6.9164855634896,6.160814794961136,18.3,16.5,False,,,,,,False,False,0.0,,False,0.0,,False,0.0,,,,,,,,,,,,,,,,,,,,,,,,,,,,,,,,,,,,,,,,,,,,,,,0.5,1100.0,FanDuel,,,,,,,,,,0.5,1100.0,FanDuel,0.5,1100.0,FanDuel,,,,,,,,,,0.5,1100.0,FanDuel,The Odds API,"[""Bally Bet"", ""BetMGM"", ""BetRivers"", ""Bovada"", ""Caesars"", ""Courtside"", ""DraftKings"", ""FanDuel"", ""Fanatics"", ""Hard Rock Bet"", ""theScore Bet""]",The Odds API,"[""Bally Bet"", ""BetMGM"", ""BetRivers"", ""Bovada"", ""Caesars"", ""Courtside"", ""DraftKings"", ""FanDuel"", ""Fanatics"", ""fanduel""]",,,,,,,,,,,,,,,,,,,,,,,,2026-10-09T17:28:13.749821+00:00,ALTLINE_NB_v1_2026-01-18,,,,league_avg,2.3,,,,,,,,,,,,,,,,,,,,,,,,,exp/fallback,0.1659999999999999,,,,,,,,,,,,,,,,,,,,,,,,,exp/fallback,0.0829999999999999,,,,,,,,,,,,,,,,,,,,,,0.5,1100.0,FanDuel,exp/fallback,0.2135999999999999,0.1853230191762027,18.5,0.0833333333333333,122.38762301144332,122.4,0.1853230191762027,18.5,122.38762301144332,122.4,,,,,,,,,,,,,0.5,1100.0,FanDuel,exp/fallback,0.1596,0.1408853896280385,14.1,0.0833333333333333,69.06246755364623,69.1,0.1408853896280385,14.1,69.06246755364623,69.1,,,,,,,,,,,,,False,False,True,True,False,,,Active roster,2026-10-09T17:28:13+00:00,False,[],2025-2026,,2026-09-24-frozen-v2,2026-10-09T17:28:17.103488+00:00
2026-10-09,PIT@CBJ,2026020068,6:00 PM,2026-10-09T23:00:00Z,Sean Monahan,8477497,CBJ,False,"{""season"":""2026-27"",""games"":[{""d"":""2026-10-03"",""g"":0,""a"":0,""s"":1,""pp"":0,""h"":""H"",""toi"":""16:53""},{""d"":""2026-10-01"",""g"":1,""a"":0,""s"":1,""pp"":1,""h"":""H"",""toi"":""15:31""}]}",2026-27,CBJ,C,,Healthy,Unknown,,,3.0,0.0,,19.0,12.0,2026-10-09T17:27:50+00:00,PIT,Sergei Murashov,0.896551724137931,2.559696628547728,42.4,Confirmed,dailyfaceoff_name_and_stats,24.25,8.0,24.25,8.0,,81.3,76.4,A1+A2,17.12,68.5,77.0,1.11,NONE,False,False,27.618301283983364,2.6307553197902225,81.9,65.0,16.0,3.2,True,,,1.0,,50.0,1.0,1.0,2.0,1.0,0.0,0.0,1.0,1.0,0.0,0.0,2.0,2.0,LOW,0.1,-0.4,LOW,0.05,,LOW,0.025,,LOW,0.0,,LOW,0.0,,LOW,0.0,,LOW,0.2,,LOW,0.1,,LOW,0.05,,1.080342108334306,0.3601140361114353,,,0.0,2.548981003132246,2.445592482609934,50.0,59.6,51.0,61.4,5.69,2.43,,4.69,1.43,,HOT,COOL,COOL,3.6,3.27,HOT,Yellow,Yellow,Yellow,Yellow,70.0,65.0,67.0,67.0,POINTS,70.0,1.0,2.0,1.0,2.0,1.0,1.0,B,Distributor,10.8,,18.3,,1.0,1.848931623931624,144.21666666666667,1.848931623931624,0.1079681573168297,10.8,10.8,2.875881197272622,0.6656650872529759,2.6002542470819368,6.9164855634896,6.160814794961136,18.3,62.4,False,,,,🅿️ D:1,,False,False,0.0,,False,0.0,,False,0.0,,1.5,115.0,Bovada,2.5,280.0,Fanatics,3.5,800.0,BetOnline.ag,4.5,2500.0,BetOnline.ag,1.5,115.0,Bovada,0.5,120.0,theScore Bet,1.5,650.0,Fanatics,2.5,2800.0,Fanatics,3.5,3900.0,BetOnline.ag,0.5,120.0,theScore Bet,0.5,230.0,Hard Rock Bet,1.5,1600.0,DraftKings,,,,,,,0.5,230.0,Hard Rock Bet,0.5,340.0,BetRivers,,,,,,,,,,0.5,340.0,BetRivers,0.5,340.0,BetRivers,,,,,,,,,,0.5,340.0,BetRivers,The Odds API,"[""Bally Bet"", ""BetMGM"", ""BetRivers"", ""Bovada"", ""Caesars"", ""Courtside"", ""DraftKings"", ""FanDuel"", ""Fanatics"", ""Hard Rock Bet"", ""theScore Bet""]",The Odds API,"[""Bally Bet"", ""BetMGM"", ""BetRivers"", ""Bovada"", ""Caesars"", ""Courtside"", ""DraftKings"", ""FanDuel"", ""Fanatics"", ""fanatics""]",The Odds API,"[""Bally Bet"", ""BetOnline.ag"", ""BetRivers"", ""Bovada"", ""Courtside"", ""DraftKings"", ""FanDuel"", ""Fanatics"", ""Hard Rock Bet"", ""ReBet"", ""draftkings"", ""theScore Bet""]",0.5,475.0,Hard Rock Bet,,,,,,,,,,0.5,475.0,Hard Rock Bet,The Odds API,"[""Bovada"", ""Hard Rock Bet"", ""theScore Bet""]",The Odds API,"[""Bally Bet"", ""BetOnline.ag"", ""BetRivers"", ""Caesars"", ""Courtside"", ""DraftKings"", ""FanDuel"", ""Fanatics"", ""Hard Rock Bet"", ""ReBet"", ""draftkings"", ""theScore Bet""]",The Odds API,"[""Bally Bet"", ""BetMGM"", ""BetOnline.ag"", ""BetRivers"", ""Bovada"", ""Courtside"", ""DraftKings"", ""Fanatics"", ""Hard Rock Bet"", ""ReBet"", ""theScore Bet""]",2026-10-09T17:28:13.749821+00:00,ALTLINE_NB_v1_2026-01-18,1.5,115.0,Bovada,exp/fallback,0.2,0.0205922919144261,2.1,0.4651162790697674,-95.57265723839838,-95.6,0.0205922919144261,2.1,-95.57265723839838,-95.6,0.0019369069985104,0.2,-99.26397534056602,-99.3,0.0001602036731851,0.0,-99.85581669413337,-99.9,1.2145062741386605e-05,0.0,-99.9684228368724,-100.0,0.5,120.0,theScore Bet,exp/fallback,0.5690000000000001,0.404821671792993,40.5,0.4545454545454545,-10.939232205541543,-10.9,0.404821671792993,40.5,-10.939232205541543,-10.9,0.1224079047498483,12.2,-8.19407143761377,-8.2,0.0319537767616101,3.2,-7.3340473913305555,-7.3,0.0076320271881559,0.8,-69.47189124737632,-69.5,0.5,230.0,Hard Rock Bet,exp/fallback,0.36,0.2818155702384372,28.2,0.303030303030303,-7.00086182131574,-7.0,0.2818155702384372,28.2,-7.00086182131574,-7.0,0.0627084560738926,6.3,6.604375325617484,6.6,,,,,,,,,0.5,340.0,BetRivers,exp/fallback,0.2079,0.1810291084227739,18.1,0.2272727272727272,-20.34719229397945,-20.3,0.1810291084227739,18.1,-20.34719229397945,-20.3,,,,,,,,,,,,,0.5,340.0,BetRivers,exp/fallback,0.1972125,0.1693596198361867,16.9,0.2272727272727272,-25.48176727207784,-25.5,0.1693596198361867,16.9,-25.48176727207784,-25.5,,,,,,,,,,,,,False,False,False,False,False,,,Active roster,2026-10-09T17:28:13+00:00,False,[],2025-2026,,2026-09-24-frozen-v2,2026-10-09T17:28:17.103488+00:00
2026-10-09,PIT@CBJ,2026020068,6:00 PM,2026-10-09T23:00:00Z,Valeri Nichushkin,8477501,COL,True,"{""season"":""2026-27"",""games"":[{""d"":""2026-10-03"",""g"":0,""a"":0,""s"":2,""pp"":0,""h"":""H"",""toi"":""16:47""},{""d"":""2026-10-01"",""g"":0,""a"":1,""s"":0,""pp"":1,""h"":""H"",""toi"":""15:45""}]}",2026-27,CBJ,R,,Healthy,Unknown,,,3.0,1.0,🟢 ROLE+,19.0,12.0,2026-10-09T17:27:50+00:00,PIT,Sergei Murashov,0.896551724137931,2.559696628547728,42.4,Confirmed,dailyfaceoff_name_and_stats,24.25,8.0,24.25,8.0,,90.6,87.4,A1+A2,17.73,73.5,86.0,1.14,NONE,False,False,27.618301283983364,2.6307553197902225,81.9,65.0,16.0,3.2,True,,,1.0,,50.0,1.0,0.0,2.0,0.0,1.0,1.0,1.0,1.0,1.0,1.0,2.0,2.0,LOW,0.1,-0.4,LOW,0.05,,LOW,0.025,,LOW,0.1,,LOW,0.05,,LOW,0.025,,LOW,0.2,,LOW,0.1,,LOW,0.05,,2.2233277864507386,0.5558319466126846,,,1.0,2.548981003132246,2.445592482609934,50.0,59.6,72.3,61.4,9.57,3.97,,7.7,3.61,,HOT,HOT,COOL,5.59,4.08,HOT,Yellow,Yellow,Yellow,Yellow,80.0,72.0,74.0,80.0,ASSISTS,80.0,1.0,1.0,2.0,2.0,1.0,1.0,,Passenger,9.9,,18.3,,,1.7583333333333333,126.6,1.7583333333333333,0.0992007522331922,9.9,9.9,2.313981042654029,1.4075829383886258,1.066350710900474,6.9164855634896,6.160814794961136,18.3,51.9,False,,,,🅰️ D:1,,False,False,1.0,,False,0.0,,False,0.0,,1.5,-140.0,theScore Bet,2.5,220.0,theScore Bet,3.5,440.0,Fanatics,4.5,1100.0,Fanatics,1.5,-140.0,theScore Bet,0.5,105.0,theScore Bet,1.5,560.0,FanDuel,2.5,1900.0,Fanatics,3.5,4200.0,BetOnline.ag,0.5,105.0,theScore Bet,0.5,210.0,FanDuel,1.5,1200.0,DraftKings,,,,,,,0.5,210.0,FanDuel,0.5,320.0,theScore Bet,,,,,,,,,,0.5,320.0,theScore Bet,0.5,300.0,BetMGM,,,,,,,,,,0.5,300.0,BetMGM,The Odds API,"[""Bally Bet"", ""BetMGM"", ""BetRivers"", ""Bovada"", ""Caesars"", ""Courtside"", ""DraftKings"", ""FanDuel"", ""Fanatics"", ""Hard Rock Bet"", ""theScore Bet""]",The Odds API,"[""Bally Bet"", ""BetMGM"", ""BetRivers"", ""Bovada"", ""Caesars"", ""Courtside"", ""DraftKings"", ""FanDuel"", ""Fanatics"", ""betmgm""]",The Odds API,"[""Bally Bet"", ""BetOnline.ag"", ""BetRivers"", ""Bovada"", ""Courtside"", ""DraftKings"", ""FanDuel"", ""Fanatics"", ""Hard Rock Bet"", ""ReBet"", ""draftkings"", ""theScore Bet""]",0.5,525.0,Hard Rock Bet,,,,,,,,,,0.5,525.0,Hard Rock Bet,The Odds API,"[""Bovada"", ""Hard Rock Bet"", ""theScore Bet""]",The Odds API,"[""Bally Bet"", ""BetOnline.ag"", ""BetRivers"", ""Caesars"", ""Courtside"", ""DraftKings"", ""FanDuel"", ""Fanatics"", ""Hard Rock Bet"", ""ReBet"", ""draftkings"", ""theScore Bet""]",The Odds API,"[""Bally Bet"", ""BetMGM"", ""BetOnline.ag"", ""BetRivers"", ""Bovada"", ""Courtside"", ""DraftKings"", ""FanDuel"", ""Fanatics"", ""Hard Rock Bet"", ""ReBet"", ""theScore Bet""]",2026-10-09T17:28:13.749821+00:00,ALTLINE_NB_v1_2026-01-18,1.5,-140.0,theScore Bet,exp/fallback,0.2,0.0205922919144261,2.1,0.5833333333333334,-96.4698928146698,-96.5,0.0205922919144261,2.1,-96.4698928146698,-96.5,0.0019369069985104,0.2,-99.38018976047664,-99.4,0.0001602036731851,0.0,-99.91349001648004,-99.9,1.2145062741386605e-05,0.0,-99.98542592471034,-100.0,0.5,105.0,theScore Bet,exp/fallback,0.957,0.5619450700485301,56.2,0.4878048780487805,15.198739359948677,15.2,0.5619450700485301,56.2,15.198739359948677,15.2,0.2479119092832905,24.8,63.62186012697174,63.6,0.0959529812145796,9.6,91.90596242915925,91.9,0.0342223346048474,3.4,47.15603880084412,47.2,0.5,210.0,FanDuel,exp/fallback,0.5589999999999999,0.389171320799434,38.9,0.3225806451612903,20.64310944782456,20.6,0.389171320799434,38.9,20.64310944782456,20.6,0.1223067395777723,12.2,58.9987614511041,59.0,,,,,,,,,0.5,320.0,theScore Bet,exp/fallback,0.2541,0.2149437804353201,21.5,0.238095238095238,-9.723612217165536,-9.7,0.2149437804353201,21.5,-9.723612217165536,-9.7,,,,,,,,,,,,,0.5,300.0,BetMGM,exp/fallback,0.2722875,0.221747391905966,22.2,0.25,-11.301043237613584,-11.3,0.221747391905966,22.2,-11.301043237613584,-11.3,,,,,,,,,,,,,False,True,False,False,True,,,Active roster,2026-10-09T17:28:13+00:00,False,[],2025-2026,,2026-09-24-frozen-v2,2026-10-09T17:28:17.103488+00:00
2026-10-09,PIT@CBJ,2026020068,6:00 PM,2026-10-09T23:00:00Z,Zach Werenski,8478460,CBJ,False,"{""season"":""2026-27"",""games"":[{""d"":""2026-10-03"",""g"":0,""a"":0,""s"":1,""pp"":0,""h"":""H"",""toi"":""31:43""},{""d"":""2026-10-01"",""g"":0,""a"":2,""s"":3,""pp"":1,""h"":""H"",""toi"":""28:46""}]}",2026-27,CBJ,D,⭐ STAR,Healthy,Unknown,,,3.0,1.0,🟢 ROLE+,19.0,12.0,2026-10-09T17:27:50+00:00,PIT,Sergei Murashov,0.896551724137931,2.559696628547728,42.4,Confirmed,dailyfaceoff_name_and_stats,24.25,8.0,24.25,8.0,,79.1,98.5,A1+A2,26.61,100.0,90.1,1.2,STAR,False,True,27.618301283983364,2.6307553197902225,81.9,65.0,16.0,3.2,True,,,2.0,,50.0,2.0,0.0,4.0,0.0,2.0,2.0,2.0,2.0,2.0,2.0,4.0,4.0,LOW,0.2,-0.3,LOW,0.1,,LOW,0.05,,LOW,0.2,,LOW,0.1,,LOW,0.05,,LOW,0.4,,LOW,0.2,,LOW,0.1,,1.7695042878058984,0.4894373562016315,,,2.0,2.548981003132246,2.445592482609934,50.0,59.6,66.7,61.4,16.12,2.79,,9.94,2.54,,HOT,HOT,COOL,12.69,7.4,HOT,Green,Yellow,Red,Green,88.0,68.0,68.0,85.0,POINTS,88.0,1.0,1.0,2.0,1.0,1.0,1.0,A,Distributor,10.9,,18.3,,2.0,2.888,216.6,2.888,0.1085134097057546,10.9,10.9,3.784626038781163,0.9002770083102494,3.393351800554017,6.9164855634896,6.160814794961136,18.3,66.6,False,,,,🅿️ D:1,,False,False,1.0,,False,0.0,,False,0.0,,1.5,-800.0,FanDuel,2.5,-250.0,FanDuel,3.5,105.0,Bovada,4.5,210.0,Fanatics,3.5,105.0,Bovada,0.5,-195.0,BetRivers,1.5,240.0,BetRivers,2.5,750.0,Fanatics,3.5,2500.0,Fanatics,0.5,-195.0,BetRivers,0.5,-130.0,BetRivers,1.5,340.0,Fanatics,2.5,1300.0,Fanatics,3.5,4000.0,Fanatics,0.5,-130.0,BetRivers,0.5,320.0,BetMGM,,,,,,,,,,0.5,320.0,BetMGM,0.5,320.0,BetMGM,,,,,,,,,,0.5,320.0,BetMGM,The Odds API,"[""Bally Bet"", ""BetMGM"", ""BetRivers"", ""Bovada"", ""Caesars"", ""Courtside"", ""DraftKings"", ""FanDuel"", ""Fanatics"", ""Hard Rock Bet"", ""theScore Bet""]",The Odds API,"[""Bally Bet"", ""BetMGM"", ""BetRivers"", ""Bovada"", ""Caesars"", ""Courtside"", ""DraftKings"", ""FanDuel"", ""Fanatics"", ""betmgm""]",The Odds API,"[""Bally Bet"", ""BetMGM"", ""BetOnline.ag"", ""BetRivers"", ""Bovada"", ""Courtside"", ""DraftKings"", ""FanDuel"", ""Fanatics"", ""Hard Rock Bet"", ""ReBet"", ""betmgm"", ""theScore Bet""]",0.5,185.0,BetRivers,1.5,550.0,Bovada,,,,,,,0.5,185.0,BetRivers,The Odds API,"[""Bally Bet"", ""BetMGM"", ""BetRivers"", ""Bovada"", ""Hard Rock Bet"", ""theScore Bet""]",The Odds API,"[""Bally Bet"", ""BetMGM"", ""BetOnline.ag"", ""BetRivers"", ""Caesars"", ""Courtside"", ""DraftKings"", ""FanDuel"", ""Fanatics"", ""Hard Rock Bet"", ""ReBet"", ""betmgm"", ""theScore Bet""]",The Odds API,"[""Bally Bet"", ""BetMGM"", ""BetOnline.ag"", ""BetRivers"", ""Bovada"", ""Courtside"", ""DraftKings"", ""FanDuel"", ""Fanatics"", ""Hard Rock Bet"", ""ReBet"", ""fanduel"", ""theScore Bet""]",2026-10-09T17:28:13.749821+00:00,ALTLINE_NB_v1_2026-01-18,3.5,105.0,Bovada,exp/fallback,0.4,0.0019074600412755,0.2,0.4878048780487805,-99.60897069153852,-99.6,0.0686180154112674,6.9,-92.2804732662324,-92.3,0.0121706224058896,1.2,-98.29611286317544,-98.3,0.0019074600412755,0.2,-99.60897069153852,-99.6,0.0002746842105414,0.0,-99.91484789473216,-99.9,0.5,-195.0,BetRivers,exp/fallback,1.612,0.7214653717993,72.1,0.6610169491525424,9.144761374765896,9.1,0.7214653717993,72.1,9.144761374765896,9.1,0.4344190729503494,43.4,47.70248480311881,47.7,0.2347418719673912,23.5,99.53059117228258,99.5,0.1181337226314797,11.8,207.14767884184724,207.1,0.5,-130.0,BetRivers,exp/fallback,1.269,0.6256911028927434,62.6,0.5652173913043478,10.699195127177685,10.7,0.6256911028927434,62.6,10.699195127177685,10.7,0.3350835835112148,33.5,47.436776744934505,47.4,0.165866265327446,16.6,132.21277145842453,132.2,0.0782811621255687,7.8,220.95276471483203,221.0,0.5,320.0,BetMGM,exp/fallback,0.2187,0.1891382699163878,18.9,0.238095238095238,-20.56192663511711,-20.6,0.1891382699163878,18.9,-20.56192663511711,-20.6,,,,,,,,,,,,,0.5,320.0,BetMGM,exp/fallback,0.2147625,0.1821171191739042,18.2,0.238095238095238,-23.5108099469602,-23.5,0.1821171191739042,18.2,-23.5108099469602,-23.5,,,,,,,,,,,,,False,False,False,False,True,,,Active roster,2026-10-09T17:28:13+00:00,False,"[{""market"":""Points"",""name"":""Hammer Fists"",""kind"":""FLOOR"",""rule"":""Conf_Points >= 80"",""icon"":""PTS05_HAMMER_FISTS.svg"",""kit_version"":""2026-09-24-frozen-v2""},{""market"":""Points"",""name"":""Echo Stomp II"",""kind"":""TIER"",""rule"":""Conf_Points >= 80 + TOI_per_game >= 19.18"",""icon"":""PTS05_HAMMER_STOMP.svg"",""kit_version"":""2026-09-24-frozen-v2""},{""market"":""Points"",""name"":""Gaia’s Blessing"",""kind"":""TIER"",""rule"":""Conf_Points >= 80 + Assists_mu >= 0.746"",""icon"":""PTS05_GAIAS_BLESSING.svg"",""kit_version"":""2026-09-24-frozen-v2""},{""market"":""Points"",""name"":""Gaia’s Blessing+ (Press)"",""kind"":""HEAVY"",""rule"":""Conf_Points >= 81 + Assists_mu >= 0.746"",""icon"":""PTS05_GAIAS_BLESSING.svg"",""kit_version"":""2026-09-24-frozen-v2""},{""market"":""Points"",""name"":""Gaia’s Blessing++ (Smash)"",""kind"":""HEAVY"",""rule"":""Conf_Points >= 83 + Assists_mu >= 0.746"",""icon"":""PTS05_GAIAS_BLESSING.svg"",""kit_version"":""2026-09-24-frozen-v2""},{""market"":""Assists"",""name"":""Staff (Green Stance)"",""kind"":""STANCE"",""rule"":""Green + Assists 0.5"",""icon"":""staff.svg"",""kit_version"":""2026-09-24-frozen-v2""},{""market"":""Assists"",""name"":""Staff Awakened"",""kind"":""STANCE"",""rule"":""Green + Assists 0.5 + Conf_Assists ≥ 83"",""icon"":""staff.svg"",""kit_version"":""2026-09-24-frozen-v2""}]",2025-2026,,2026-09-24-frozen-v2,2026-10-09T17:28:17.103488+00:00
2026-10-09,PIT@CBJ,2026020068,6:00 PM,2026-10-09T23:00:00Z,Andrei Kuzmenko,8483808,LAK,True,,2026-27,PIT,L,,Healthy,Unknown,,,0.0,0.0,,19.0,12.0,2026-10-09T17:27:50+00:00,CBJ,Cam Talbot,,,50.0,Confirmed,dailyfaceoff_name_only,26.33,6.0,26.33,6.0,,66.0,54.3,A1+A2,14.92,49.2,58.5,1.03,NONE,False,False,26.46218931782126,2.6557377049180326,67.1,79.8,21.0,4.2,True,,,,,50.0,,,,,,,,,,,,,,,,,,,,,,,,,,,,,,,,,,,,,,,,1.087941976427924,0.1978076320778043,,,0.0,2.429802881427452,2.358189161492555,50.0,29.6,51.5,29.4,4.33,1.95,,,,,COOL,COOL,COOL,2.39,,COOL,Red,Red,Red,Red,49.0,50.0,53.0,47.0,GOAL,53.0,,,,,,,,Passenger,18.5,,81.4,,,2.7625,143.65,2.7625,0.1852074693254829,18.5,18.5,1.955795335885833,1.1569787678384964,0.9397841977027498,7.794052863436123,8.642420281058873,81.4,78.5,False,,,,,,False,False,0.0,,False,0.0,,False,0.0,,,,,,,,,,,,,,,,,,,,,,,,,,,,,,,,,,,,,,,,,,,,,,,,,,,,,,,,,,,,,,,,,,,,,,,,,,,,,,,,,,,,,,,,,,,,,,,,,,,,,,,,2026-10-09T17:28:13.749821+00:00,ALTLINE_NB_v1_2026-01-18,,,,league_avg,2.3,,,,,,,,,,,,,,,,,,,,,,,,,exp/fallback,0.433,,,,,,,,,,,,,,,,,,,,,,,,,exp/fallback,0.239,,,,,,,,,,,,,,,,,,,,,,,,,exp/fallback,0.258,,,,,,,,,,,,,,,,,,,,,,,,,exp/fallback,0.23175,,,,,,,,,,,,,,,,,,,,,,False,False,False,False,False,,,Active roster,2026-10-09T17:28:13+00:00,False,[],2025-2026,,2026-09-24-frozen-v2,2026-10-09T17:28:17.103488+00:00
2026-10-09,PIT@CBJ,2026020068,6:00 PM,2026-10-09T23:00:00Z,Ben Kindel,8485414,PIT,False,"{""season"":""2026-27"",""games"":[{""d"":""2026-10-07"",""g"":0,""a"":1,""s"":2,""pp"":0,""h"":""R"",""toi"":""19:36""},{""d"":""2026-10-05"",""g"":1,""a"":1,""s"":2,""pp"":0,""h"":""H"",""toi"":""18:37""},{""d"":""2026-10-03"",""g"":1,""a"":0,""s"":5,""pp"":1,""h"":""H"",""toi"":""14:18""}]}",2026-27,PIT,C,,Healthy,Unknown,,,0.0,0.0,,19.0,12.0,2026-10-09T17:27:50+00:00,CBJ,Cam Talbot,,,50.0,Confirmed,dailyfaceoff_name_only,26.33,6.0,26.33,6.0,9.3,89.4,68.0,A1+A2,15.06,50.4,74.1,1.1,NONE,False,False,26.46218931782126,2.6557377049180326,67.1,79.8,21.0,4.2,True,2.0,,3.0,2.35,71.3,4.0,2.0,9.0,2.0,2.0,2.0,4.0,4.0,2.0,2.0,9.0,9.0,LOW,0.4,-0.1,LOW,0.2,,LOW,0.1,,LOW,0.2,,LOW,0.1,,LOW,0.05,,LOW,0.9,,LOW,0.45,,LOW,0.225,,1.4102815221068752,0.5128296444025,,,2.0,2.429802881427452,2.358189161492555,50.0,29.6,59.0,29.4,5.65,3.09,25.85,1.65,1.09,14.5,WARM,COOL,HOT,2.56,0.56,COOL,Red,Red,Red,Red,54.0,67.0,76.0,57.0,GOAL,76.0,0.0,0.0,1.0,2.0,1.0,2.0,B,Hybrid,11.7,,81.4,,1.0,1.767965367965368,136.13333333333333,1.767965367965368,0.1173698126221405,11.7,11.7,4.423971596474045,2.2698334965719886,2.534280117531832,7.794052863436123,8.642420281058873,81.4,78.2,False,,,,🥅 D:1,,False,False,0.0,,False,0.0,,False,0.0,,1.5,-154.0,BetOnline.ag,2.5,192.0,FanDuel,3.5,470.0,FanDuel,4.5,1200.0,Fanatics,1.5,-154.0,BetOnline.ag,0.5,130.0,Hard Rock Bet,1.5,800.0,theScore Bet,2.5,3000.0,Fanatics,3.5,3900.0,BetOnline.ag,0.5,130.0,Hard Rock Bet,0.5,300.0,Hard Rock Bet,1.5,1700.0,Fanatics,,,,,,,0.5,300.0,Hard Rock Bet,0.5,290.0,FanDuel,,,,,,,,,,0.5,290.0,FanDuel,0.5,290.0,FanDuel,,,,,,,,,,0.5,290.0,FanDuel,The Odds API,"[""Bally Bet"", ""BetMGM"", ""BetRivers"", ""Bovada"", ""Caesars"", ""Courtside"", ""DraftKings"", ""FanDuel"", ""Fanatics"", ""Hard Rock Bet"", ""fanduel"", ""theScore Bet""]",The Odds API,"[""Bally Bet"", ""BetMGM"", ""BetRivers"", ""Bovada"", ""Caesars"", ""Courtside"", ""DraftKings"", ""FanDuel"", ""Fanatics"", ""fanduel""]",The Odds API,"[""BetOnline.ag"", ""Courtside"", ""DraftKings"", ""FanDuel"", ""Fanatics"", ""Hard Rock Bet"", ""ReBet"", ""draftkings"", ""theScore Bet""]",0.5,400.0,Bovada,,,,,,,,,,0.5,400.0,Bovada,The Odds API,"[""Bovada"", ""Hard Rock Bet"", ""theScore Bet""]",The Odds API,"[""Bally Bet"", ""BetOnline.ag"", ""BetRivers"", ""Caesars"", ""Courtside"", ""DraftKings"", ""FanDuel"", ""Fanatics"", ""Hard Rock Bet"", ""ReBet"", ""draftkings"", ""theScore Bet""]",The Odds API,"[""Bally Bet"", ""BetMGM"", ""BetOnline.ag"", ""BetRivers"", ""Bovada"", ""Courtside"", ""DraftKings"", ""FanDuel"", ""Fanatics"", ""Hard Rock Bet"", ""ReBet"", ""theScore Bet""]",2026-10-09T17:28:13.749821+00:00,ALTLINE_NB_v1_2026-01-18,1.5,-154.0,BetOnline.ag,exp/fallback,2.585,0.6500630951820459,65.0,0.6062992125984252,7.218198815740029,7.2,0.6500630951820459,65.0,7.218198815740029,7.2,0.440252998263136,44.0,28.55387549283571,28.6,0.2755273792698536,27.6,57.05060618381657,57.1,0.1623645062370728,16.2,111.07385810819474,111.1,0.5,130.0,Hard Rock Bet,exp/fallback,0.5650000000000001,0.4028318591219647,40.3,0.4347826086956521,-7.348672401948109,-7.3,0.4028318591219647,40.3,-7.348672401948109,-7.3,0.1211370149590844,12.1,9.02331346317602,9.0,0.0314426954494886,3.1,-2.527644106585236,-2.5,0.0074667978946381,0.7,-70.13280842144755,-70.1,0.5,300.0,Hard Rock Bet,exp/fallback,0.256,0.2140737387455357,21.4,0.25,-14.37050450178572,-14.4,0.2140737387455357,21.4,-14.37050450178572,-14.4,0.0357074950565794,3.6,-35.72650889815701,-35.7,,,,,,,,,0.5,290.0,FanDuel,exp/fallback,0.3036,0.2491384019575944,24.9,0.2564102564102564,-2.836023236538188,-2.8,0.2491384019575944,24.9,-2.836023236538188,-2.8,,,,,,,,,,,,,0.5,290.0,FanDuel,exp/fallback,0.30585,0.2434288357670803,24.3,0.2564102564102564,-5.062754050838681,-5.1,0.2434288357670803,24.3,-5.062754050838681,-5.1,,,,,,,,,,,,,False,False,False,False,False,9.3,,Active roster,2026-10-09T17:28:13+00:00,False,[],2025-2026,,2026-09-24-frozen-v2,2026-10-09T17:28:17.103488+00:00
2026-10-09,PIT@CBJ,2026020068,6:00 PM,2026-10-09T23:00:00Z,Blake Lizotte,8481481,PIT,False,,2026-27,PIT,C,,Healthy,Unknown,,,0.0,0.0,,19.0,12.0,2026-10-09T17:27:50+00:00,CBJ,Cam Talbot,,,50.0,Confirmed,dailyfaceoff_name_only,26.33,6.0,26.33,6.0,,59.8,54.3,A1+A2,13.87,41.5,54.2,1.02,NONE,False,False,26.46218931782126,2.6557377049180326,67.1,79.8,21.0,4.2,True,,,,,50.0,,,,,,,,,,,,,,,,,,,,,,,,,,,,,,,,,,,,,,,,1.3766730401529637,0.3933351543294182,,,0.0,2.429802881427452,2.358189161492555,50.0,29.6,58.5,29.4,3.68,1.46,,,,,COOL,COOL,COOL,2.22,,COOL,Red,Red,Red,Red,49.0,46.0,49.0,46.0,POINTS,49.0,,,,,,,C,Passenger,0.3,,81.4,,0.0,0.0418181818181818,2.3,0.0418181818181818,0.0030140217533743,0.3,0.3,0.0,0.0,0.0,7.794052863436123,8.642420281058873,81.4,36.0,False,,,,,,False,False,0.0,,False,0.0,,False,0.0,,,,,,,,,,,,,,,,,,,,,,,,,,,,,,,,,,,,,,,,,,,,,,,0.5,850.0,FanDuel,,,,,,,,,,0.5,850.0,FanDuel,0.5,850.0,FanDuel,,,,,,,,,,0.5,850.0,FanDuel,The Odds API,"[""Bally Bet"", ""BetMGM"", ""BetRivers"", ""Bovada"", ""Caesars"", ""Courtside"", ""DraftKings"", ""FanDuel"", ""Fanatics"", ""Hard Rock Bet"", ""theScore Bet""]",The Odds API,"[""Bally Bet"", ""BetMGM"", ""BetRivers"", ""Bovada"", ""Caesars"", ""Courtside"", ""DraftKings"", ""FanDuel"", ""Fanatics"", ""fanatics""]",,,,,,,,,,,,,,,,,,,,,,,,2026-10-09T17:28:13.749821+00:00,ALTLINE_NB_v1_2026-01-18,,,,league_avg,2.3,,,,,,,,,,,,,,,,,,,,,,,,,exp/fallback,0.368,,,,,,,,,,,,,,,,,,,,,,,,,exp/fallback,0.222,,,,,,,,,,,,,,,,,,,,,,0.5,850.0,FanDuel,exp/fallback,0.2384,0.2036429917824578,20.4,0.1052631578947368,93.46084219333493,93.5,0.2036429917824578,20.4,93.46084219333493,93.5,,,,,,,,,,,,,0.5,850.0,FanDuel,exp/fallback,0.1999,0.1713344384158959,17.1,0.1052631578947368,62.76771649510111,62.8,0.1713344384158959,17.1,62.76771649510111,62.8,,,,,,,,,,,,,False,False,True,True,False,,,Active roster,2026-10-09T17:28:13+00:00,False,[],2025-2026,,2026-09-24-frozen-v2,2026-10-09T17:28:17.103488+00:00
2026-10-09,PIT@CBJ,2026020068,6:00 PM,2026-10-09T23:00:00Z,Bryan Rust,8475810,PIT,False,"{""season"":""2026-27"",""games"":[{""d"":""2026-10-07"",""g"":1,""a"":0,""s"":3,""pp"":0,""h"":""R"",""toi"":""19:09""}]}",2026-27,PIT,R,⭐ STAR,Healthy,Unknown,,,0.0,0.0,,19.0,12.0,2026-10-09T17:27:50+00:00,CBJ,Cam Talbot,,,50.0,Confirmed,dailyfaceoff_name_only,26.33,6.0,26.33,6.0,,96.2,90.6,A1+A2,19.94,86.9,92.4,1.2,STAR,False,True,26.46218931782126,2.6557377049180326,67.1,79.8,21.0,4.2,True,,,3.0,,50.0,1.0,1.0,3.0,1.0,0.0,0.0,1.0,1.0,0.0,0.0,3.0,3.0,LOW,0.1,-0.4,LOW,0.05,,LOW,0.025,,LOW,0.0,,LOW,0.0,,LOW,0.0,,LOW,0.3,,LOW,0.15,,LOW,0.075,,1.9166854893356136,0.5808137846471556,,,0.0,2.429802881427452,2.358189161492555,50.0,29.6,69.4,29.4,11.96,5.34,,9.87,3.85,,HOT,HOT,COOL,6.62,6.02,HOT,Green,Yellow,Green,Green,79.0,70.0,74.0,78.0,POINTS,79.0,0.0,1.0,0.0,0.0,0.0,1.0,A,Hybrid,15.7,,81.4,,2.0,3.1324074074074075,225.53333333333333,3.1324074074074075,0.1570566388115135,15.7,15.7,5.215637008572273,2.3890038427431275,3.3254507833284066,7.794052863436123,8.642420281058873,81.4,90.3,False,,,,🅿️ D:0,,False,False,2.0,,False,0.0,,False,0.0,,1.5,-190.0,theScore Bet,2.5,160.0,theScore Bet,3.5,425.0,theScore Bet,4.5,750.0,Fanatics,2.5,160.0,theScore Bet,0.5,-115.0,theScore Bet,1.5,410.0,Fanatics,2.5,1700.0,Fanatics,,,,0.5,-115.0,theScore Bet,0.5,200.0,Bovada,1.5,1000.0,Fanatics,,,,,,,0.5,200.0,Bovada,0.5,235.0,DraftKings,,,,,,,,,,0.5,235.0,DraftKings,0.5,235.0,DraftKings,,,,,,,,,,0.5,235.0,DraftKings,The Odds API,"[""Bally Bet"", ""BetMGM"", ""BetRivers"", ""Bovada"", ""Caesars"", ""Courtside"", ""DraftKings"", ""FanDuel"", ""Fanatics"", ""Hard Rock Bet"", ""theScore Bet""]",The Odds API,"[""Bally Bet"", ""BetMGM"", ""BetRivers"", ""Bovada"", ""Caesars"", ""Courtside"", ""DraftKings"", ""FanDuel"", ""Fanatics"", ""betmgm""]",The Odds API,"[""Bally Bet"", ""BetRivers"", ""Bovada"", ""Courtside"", ""DraftKings"", ""Fanatics"", ""Hard Rock Bet"", ""draftkings"", ""theScore Bet""]",0.5,350.0,Hard Rock Bet,1.5,1000.0,Bovada,,,,,,,0.5,350.0,Hard Rock Bet,The Odds API,"[""Bally Bet"", ""BetRivers"", ""Bovada"", ""Hard Rock Bet"", ""theScore Bet""]",The Odds API,"[""Bally Bet"", ""BetRivers"", ""Caesars"", ""Courtside"", ""DraftKings"", ""Fanatics"", ""Hard Rock Bet"", ""draftkings"", ""theScore Bet""]",The Odds API,"[""Bally Bet"", ""BetMGM"", ""BetRivers"", ""Bovada"", ""Courtside"", ""DraftKings"", ""FanDuel"", ""Fanatics"", ""Hard Rock Bet"", ""draftkings"", ""theScore Bet""]",2026-10-09T17:28:13.749821+00:00,ALTLINE_NB_v1_2026-01-18,2.5,160.0,theScore Bet,exp/fallback,0.3,0.0057840451049215,0.6,0.3846153846153846,-98.4961482727204,-98.5,0.0422318805185903,4.2,-93.55408139453094,-93.6,0.0057840451049215,0.6,-98.4961482727204,-98.5,0.0006983006285956,0.1,-99.63339216998727,-99.6,7.736670997449124e-05,0.0,-99.93423829652168,-99.9,0.5,-115.0,theScore Bet,exp/fallback,1.1960000000000002,0.6317740317495786,63.2,0.5348837209302325,18.11427550100817,18.1,0.6317740317495786,63.2,18.11427550100817,18.1,0.3213283402033328,32.1,63.8774535036997,63.9,0.144659225029722,14.5,160.3866050534997,160.4,,,,,0.5,200.0,Bovada,exp/fallback,0.662,0.4355260699462226,43.6,0.3333333333333333,30.6578209838668,30.7,0.4355260699462226,43.6,30.6578209838668,30.7,0.1547734465836376,15.5,70.25079124200144,70.3,,,,,,,,,0.5,235.0,DraftKings,exp/fallback,0.2952,0.2434845487495841,24.3,0.2985074626865671,-18.432676168889305,-18.4,0.2434845487495841,24.3,-18.432676168889305,-18.4,,,,,,,,,,,,,0.5,235.0,DraftKings,exp/fallback,0.339075,0.2639278633027919,26.4,0.2985074626865671,-11.584165793564694,-11.6,0.2639278633027919,26.4,-11.584165793564694,-11.6,,,,,,,,,,,,,False,True,False,False,True,,,Active roster,2026-10-09T17:28:13+00:00,False,"[{""market"":""Assists"",""name"":""Staff (Green Stance)"",""kind"":""STANCE"",""rule"":""Green + Assists 0.5"",""icon"":""staff.svg"",""kit_version"":""2026-09-24-frozen-v2""}]",2025-2026,,2026-09-24-frozen-v2,2026-10-09T17:28:17.103488+00:00
2026-10-09,PIT@CBJ,2026020068,6:00 PM,2026-10-09T23:00:00Z,Connor Dewar,8480980,PIT,False,"{""season"":""2026-27"",""games"":[{""d"":""2026-10-07"",""g"":0,""a"":0,""s"":0,""pp"":0,""h"":""R"",""toi"":""11:11""},{""d"":""2026-10-05"",""g"":0,""a"":0,""s"":4,""pp"":0,""h"":""H"",""toi"":""14:46""},{""d"":""2026-10-03"",""g"":0,""a"":0,""s"":1,""pp"":0,""h"":""H"",""toi"":""13:54""},{""d"":""2026-09-30"",""g"":0,""a"":0,""s"":0,""pp"":0,""h"":""R"",""toi"":""14:51""}]}",2026-27,PIT,C,,Healthy,Unknown,,,0.0,0.0,,19.0,12.0,2026-10-09T17:27:50+00:00,CBJ,Cam Talbot,,,50.0,Confirmed,dailyfaceoff_name_only,26.33,6.0,26.33,6.0,2.3,77.9,63.9,A1+A2,13.92,41.9,65.8,1.06,NONE,False,False,26.46218931782126,2.6557377049180326,67.1,79.8,21.0,4.2,True,0.5,,1.25,0.7625,17.2,0.0,0.0,5.0,0.0,0.0,0.0,0.0,0.0,0.0,0.0,5.0,5.0,LOW,0.0,,LOW,0.0,,LOW,0.0,,LOW,0.0,,LOW,0.0,,LOW,0.0,,LOW,0.5,,LOW,0.25,,LOW,0.125,,1.5378342168113242,0.4893108871672394,,,0.0,2.429802881427452,2.358189161492555,50.0,29.6,61.9,29.4,4.28,2.1,7.62,4.28,2.1,2.62,HOT,WARM,HOT,2.18,2.18,WARM,Red,Red,Red,Red,65.0,50.0,57.0,58.0,POINTS,65.0,4.0,4.0,4.0,1.0,0.0,4.0,C,Passenger,0.2,,81.4,,0.0,0.029059829059829,2.2666666666666666,0.029059829059829,0.0020869778718963,0.2,0.2,4.5,4.5,0.0,7.794052863436123,8.642420281058873,81.4,33.6,False,,,,🅿️ D:4,,False,False,1.0,,False,0.0,,False,0.0,,,,,,,,,,,,,,,,,,,,,,,,,,,,,,,,,,,,,,,,,,,,,,,0.5,750.0,FanDuel,,,,,,,,,,0.5,750.0,FanDuel,0.5,750.0,FanDuel,,,,,,,,,,0.5,750.0,FanDuel,The Odds API,"[""Bally Bet"", ""BetMGM"", ""BetRivers"", ""Bovada"", ""Caesars"", ""Courtside"", ""DraftKings"", ""FanDuel"", ""Fanatics"", ""Hard Rock Bet"", ""theScore Bet""]",The Odds API,"[""Bally Bet"", ""BetMGM"", ""BetRivers"", ""Bovada"", ""Caesars"", ""Courtside"", ""DraftKings"", ""FanDuel"", ""Fanatics"", ""fanduel""]",,,,,,,,,,,,,,,,,,,,,,,,2026-10-09T17:28:13.749821+00:00,ALTLINE_NB_v1_2026-01-18,,,,exp/fallback,0.762,,,,,,,,,,,,,,,,,,,,,,,,,exp/fallback,0.428,,,,,,,,,,,,,,,,,,,,,,,,,exp/fallback,0.218,,,,,,,,,,,,,,,,,,,,,,0.5,750.0,FanDuel,exp/fallback,0.198,0.1734956220653996,17.3,0.1176470588235294,47.47127875558965,47.5,0.1734956220653996,17.3,47.47127875558965,47.5,,,,,,,,,,,,,0.5,750.0,FanDuel,exp/fallback,0.1811249999999999,0.1573741474509907,15.7,0.1176470588235294,33.768025333342145,33.8,0.1573741474509907,15.7,33.768025333342145,33.8,,,,,,,,,,,,,False,False,True,True,False,2.3,,Active roster,2026-10-09T17:28:13+00:00,False,[],2025-2026,,2026-09-24-frozen-v2,2026-10-09T17:28:17.103488+00:00
2026-10-09,PIT@CBJ,2026020068,6:00 PM,2026-10-09T23:00:00Z,Declan Carlile,8483398,TBL,True,,2026-27,PIT,D,,Healthy,Unknown,,,0.0,0.0,,19.0,12.0,2026-10-09T17:27:50+00:00,CBJ,Cam Talbot,,,50.0,Confirmed,dailyfaceoff_name_only,26.33,6.0,26.33,6.0,,27.6,24.0,A1+A2,14.78,48.1,30.4,0.94,NONE,False,False,26.46218931782126,2.6557377049180326,67.1,79.8,21.0,4.2,True,,,,,50.0,,,,,,,,,,,,,,,,,,,,,,,,,,,,,,,,,,,,,,,,0.2124520507524343,0.0,,,0.0,2.429802881427452,2.358189161492555,50.0,29.6,35.0,29.4,0.82,0.37,,,,,COOL,COOL,COOL,0.45,,COOL,Red,Red,Red,Red,32.0,29.0,30.0,26.0,POINTS,32.0,,,,,,,,Passenger,0.1,,81.4,,,0.0186507936507936,0.7833333333333333,0.0186507936507936,0.0012620498912488,0.1,0.1,0.0,0.0,0.0,7.794052863436123,8.642420281058873,81.4,31.3,False,,,,,,False,False,0.0,,False,0.0,,False,0.0,,1.5,185.0,BetRivers,,,,,,,,,,1.5,185.0,BetRivers,,,,,,,,,,,,,,,,,,,,,,,,,,,,,,,0.5,1400.0,Fanatics,,,,,,,,,,0.5,1400.0,Fanatics,0.5,1400.0,Fanatics,,,,,,,,,,0.5,1400.0,Fanatics,The Odds API,"[""Bally Bet"", ""BetMGM"", ""BetRivers"", ""Bovada"", ""Caesars"", ""Courtside"", ""DraftKings"", ""FanDuel"", ""Fanatics"", ""Hard Rock Bet"", ""theScore Bet""]",The Odds API,"[""Bally Bet"", ""BetMGM"", ""BetRivers"", ""Bovada"", ""Caesars"", ""Courtside"", ""DraftKings"", ""FanDuel"", ""Fanatics"", ""fanduel""]",,,,,,,,,,,,,,,,,,,,,,The Odds API,"[""Bally Bet"", ""BetRivers""]",2026-10-09T17:28:13.749821+00:00,ALTLINE_NB_v1_2026-01-18,1.5,185.0,BetRivers,league_avg,2.3,0.6001759479749428,60.0,0.3508771929824561,71.05014517285869,71.1,0.6001759479749428,60.0,71.05014517285869,71.1,,,,,,,,,,,,,,,,exp/fallback,0.0819999999999999,,,,,,,,,,,,,,,,,,,,,,,,,exp/fallback,0.045,,,,,,,,,,,,,,,,,,,,,,0.5,1400.0,Fanatics,exp/fallback,0.1948,0.171039809057226,17.1,0.0666666666666666,156.55971358583906,156.6,0.171039809057226,17.1,156.55971358583906,156.6,,,,,,,,,,,,,0.5,1400.0,Fanatics,exp/fallback,0.12905,0.1165515277701038,11.7,0.0666666666666666,74.8272916551557,74.8,0.1165515277701038,11.7,74.8272916551557,74.8,,,,,,,,,,,,,True,False,True,True,False,,,Active roster,2026-10-09T17:28:13+00:00,False,[],2025-2026,,2026-09-24-frozen-v2,2026-10-09T17:28:17.103488+00:00
2026-10-09,PIT@CBJ,2026020068,6:00 PM,2026-10-09T23:00:00Z,Egor Chinakhov,8482475,PIT,False,"{""season"":""2026-27"",""games"":[{""d"":""2026-10-07"",""g"":0,""a"":0,""s"":2,""pp"":0,""h"":""R"",""toi"":""15:29""},{""d"":""2026-10-05"",""g"":0,""a"":0,""s"":0,""pp"":0,""h"":""H"",""toi"":""14:00""},{""d"":""2026-10-03"",""g"":0,""a"":1,""s"":2,""pp"":0,""h"":""H"",""toi"":""17:59""},{""d"":""2026-09-30"",""g"":1,""a"":0,""s"":3,""pp"":1,""h"":""R"",""toi"":""16:58""}]}",2026-27,PIT,R,,Healthy,Unknown,,,0.0,0.0,,19.0,12.0,2026-10-09T17:27:50+00:00,CBJ,Cam Talbot,,,50.0,Confirmed,dailyfaceoff_name_only,26.33,6.0,26.33,6.0,9.3,76.5,72.9,A1+A2,13.48,36.2,67.2,1.07,NONE,False,False,26.46218931782126,2.6557377049180326,67.1,79.8,21.0,4.2,True,2.0,,1.75,1.9125,56.3,2.0,1.0,7.0,1.0,1.0,1.0,2.0,2.0,1.0,1.0,7.0,7.0,LOW,0.2,-0.3,LOW,0.1,,LOW,0.05,,LOW,0.1,,LOW,0.05,,LOW,0.025,,LOW,0.7,,LOW,0.35,,LOW,0.175,,2.385825390328051,0.5613706800771885,,,1.0,2.429802881427452,2.358189161492555,50.0,29.6,73.5,29.4,5.33,2.22,19.12,3.33,1.22,12.12,HOT,COOL,HOT,3.12,2.12,WARM,Yellow,Red,Red,Yellow,63.0,58.0,62.0,61.0,POINTS,63.0,2.0,2.0,3.0,3.0,1.0,3.0,B,Distributor,8.8,,81.4,,1.0,1.183101851851852,85.18333333333334,1.183101851851852,0.087768103996016,8.8,8.8,2.567403639209548,1.070631970260223,1.7609078458227352,7.794052863436123,8.642420281058873,81.4,69.6,False,,,,🅿️ D:2,,False,False,1.0,,False,0.0,,False,0.0,,2.5,140.0,draftkings,,,,,,,,,,2.5,140.0,draftkings,0.5,105.0,draftkings,,,,,,,,,,0.5,105.0,draftkings,0.5,225.0,draftkings,,,,,,,,,,0.5,225.0,draftkings,,,,,,,,,,,,,,,,0.5,320.0,fanduel,,,,,,,,,,0.5,320.0,fanduel,,,BallDontLie,"[""fanduel""]",BallDontLie,"[""draftkings""]",,,,,,,,,,,,,,,,,,BallDontLie,"[""draftkings""]",BallDontLie,"[""draftkings""]",2026-10-09T17:28:13.749821+00:00,ALTLINE_NB_v1_2026-01-18,2.5,140.0,draftkings,exp/fallback,1.912,0.3001673983004188,30.0,0.4166666666666667,-27.95982440789948,-28.0,0.3001673983004188,30.0,-27.95982440789948,-28.0,,,,,,,,,,,,,0.5,105.0,draftkings,exp/fallback,0.533,0.3865853258947663,38.7,0.4878048780487805,-20.750008191572896,-20.8,0.3865853258947663,38.7,-20.750008191572896,-20.8,,,,,,,,,,,,,0.5,225.0,draftkings,exp/fallback,0.312,0.2516852049185234,25.2,0.3076923076923077,-18.202308401479893,-18.2,0.2516852049185234,25.2,-18.202308401479893,-18.2,,,,,,,,,,,,,,,,exp/fallback,0.22848,,,,,,,,,,,,,,,,,,,,,,0.5,320.0,fanduel,exp/fallback,0.211905,0.1800620530950099,18.0,0.238095238095238,-24.373937700095848,-24.4,0.1800620530950099,18.0,-24.373937700095848,-24.4,,,,,,,,,,,,,False,False,False,False,False,9.3,,Active roster,2026-10-09T17:28:13+00:00,False,[],2025-2026,,2026-09-24-frozen-v2,2026-10-09T17:28:17.103488+00:00
2026-10-09,PIT@CBJ,2026020068,6:00 PM,2026-10-09T23:00:00Z,Elmer Soderblom,8481725,PIT,False,,2026-27,PIT,L,,Healthy,Unknown,,,0.0,0.0,,19.0,12.0,2026-10-09T17:27:50+00:00,CBJ,Cam Talbot,,,50.0,Confirmed,dailyfaceoff_name_only,26.33,6.0,26.33,6.0,,60.1,37.3,A1+A2,11.11,18.8,43.9,0.98,NONE,False,False,26.46218931782126,2.6557377049180326,67.1,79.8,21.0,4.2,True,,,,,50.0,,,,,,,,,,,,,,,,,,,,,,,,,,,,,,,,,,,,,,,,1.2304779933743493,0.3786086133459536,,,0.0,2.429802881427452,2.358189161492555,50.0,29.6,54.4,29.4,2.31,1.31,,,,,COOL,COOL,COOL,0.99,,COOL,Red,Red,Red,Red,38.0,45.0,51.0,36.0,GOAL,51.0,,,,,,,C,Passenger,1.5,,81.4,,0.0,0.1700564971751412,10.033333333333331,0.1700564971751412,0.01530677108495,1.5,1.5,0.1196013289036544,0.1196013289036544,0.0,7.794052863436123,8.642420281058873,81.4,44.1,False,,,,,,False,False,0.0,,False,0.0,,False,0.0,,,,,,,,,,,,,,,,,,,,,,,,,,,,,,,,,,,,,,,,,,,,,,,,,,,,,,,,,,,,,,,,,,,,,,,,,,,,,,,,,,,,,,,,,,,,,,,,,,,,,,,,2026-10-09T17:28:13.749821+00:00,ALTLINE_NB_v1_2026-01-18,,,,league_avg,2.3,,,,,,,,,,,,,,,,,,,,,,,,,exp/fallback,0.231,,,,,,,,,,,,,,,,,,,,,,,,,exp/fallback,0.099,,,,,,,,,,,,,,,,,,,,,,,,,exp/fallback,0.2324,,,,,,,,,,,,,,,,,,,,,,,,,exp/fallback,0.1901499999999999,,,,,,,,,,,,,,,,,,,,,,False,False,False,False,False,,,Active roster,2026-10-09T17:28:13+00:00,False,[],2025-2026,,2026-09-24-frozen-v2,2026-10-09T17:28:17.103488+00:00
2026-10-09,PIT@CBJ,2026020068,6:00 PM,2026-10-09T23:00:00Z,Erik Karlsson,8474578,PIT,False,"{""season"":""2026-27"",""games"":[{""d"":""2026-10-07"",""g"":0,""a"":0,""s"":4,""pp"":0,""h"":""R"",""toi"":""24:44""},{""d"":""2026-10-05"",""g"":0,""a"":1,""s"":1,""pp"":0,""h"":""H"",""toi"":""24:00""},{""d"":""2026-10-03"",""g"":0,""a"":2,""s"":0,""pp"":1,""h"":""H"",""toi"":""19:38""},{""d"":""2026-09-30"",""g"":0,""a"":1,""s"":3,""pp"":1,""h"":""R"",""toi"":""19:59""}]}",2026-27,PIT,D,,Healthy,Unknown,,,0.0,0.0,,19.0,12.0,2026-10-09T17:27:50+00:00,CBJ,Cam Talbot,,,50.0,Confirmed,dailyfaceoff_name_only,26.33,6.0,26.33,6.0,9.3,69.6,97.3,A1+A2,23.6,96.9,84.8,1.14,NONE,False,False,26.46218931782126,2.6557377049180326,67.1,79.8,21.0,4.2,True,2.0,,2.0,2.0,61.5,4.0,0.0,8.0,0.0,4.0,4.0,4.0,4.0,4.0,4.0,8.0,8.0,LOW,0.4,-0.1,LOW,0.2,,LOW,0.1,,LOW,0.4,,LOW,0.2,,LOW,0.1,,LOW,0.8,,LOW,0.4,,LOW,0.2,,1.4683576572557515,0.5965202982601492,,,4.0,2.429802881427452,2.358189161492555,50.0,29.6,60.6,29.4,10.43,1.73,22.0,5.48,1.73,12.0,HOT,WARM,HOT,8.52,3.75,HOT,Green,Red,Red,Green,82.0,59.0,61.0,77.0,POINTS,82.0,1.0,1.0,4.0,0.0,2.0,2.0,A,Distributor,13.3,,81.4,,2.0,3.128,234.6,3.128,0.1325398768384776,13.3,13.3,3.992966751918159,0.6777493606138107,3.900255754475704,7.794052863436123,8.642420281058873,81.4,87.4,False,,,,🅿️ D:1,,False,False,1.0,,False,0.0,,False,0.0,,1.5,-204.0,BetOnline.ag,2.5,146.0,FanDuel,3.5,360.0,FanDuel,4.5,800.0,Fanatics,2.5,146.0,FanDuel,0.5,-125.0,Fanatics,1.5,410.0,Fanatics,2.5,1500.0,Fanatics,3.5,1850.0,BetOnline.ag,0.5,-125.0,Fanatics,0.5,110.0,Fanatics,1.5,575.0,Fanatics,2.5,2200.0,Fanatics,,,,0.5,110.0,Fanatics,0.5,475.0,DraftKings,,,,,,,,,,0.5,475.0,DraftKings,0.5,475.0,DraftKings,,,,,,,,,,0.5,475.0,DraftKings,The Odds API,"[""Bally Bet"", ""BetMGM"", ""BetRivers"", ""Bovada"", ""Caesars"", ""Courtside"", ""DraftKings"", ""FanDuel"", ""Fanatics"", ""Hard Rock Bet"", ""theScore Bet""]",The Odds API,"[""Bally Bet"", ""BetMGM"", ""BetRivers"", ""Bovada"", ""Caesars"", ""Courtside"", ""DraftKings"", ""FanDuel"", ""Fanatics"", ""fanduel""]",The Odds API,"[""Bally Bet"", ""BetMGM"", ""BetOnline.ag"", ""BetRivers"", ""Bovada"", ""Courtside"", ""DraftKings"", ""FanDuel"", ""Fanatics"", ""Hard Rock Bet"", ""ReBet"", ""draftkings"", ""theScore Bet""]",0.5,215.0,BetRivers,,,,,,,,,,0.5,215.0,BetRivers,The Odds API,"[""Bally Bet"", ""BetMGM"", ""BetRivers"", ""Bovada"", ""Hard Rock Bet"", ""theScore Bet""]",The Odds API,"[""Bally Bet"", ""BetMGM"", ""BetOnline.ag"", ""BetRivers"", ""Caesars"", ""Courtside"", ""DraftKings"", ""FanDuel"", ""Fanatics"", ""Hard Rock Bet"", ""ReBet"", ""draftkings"", ""theScore Bet""]",The Odds API,"[""Bally Bet"", ""BetMGM"", ""BetOnline.ag"", ""BetRivers"", ""Bovada"", ""Courtside"", ""DraftKings"", ""FanDuel"", ""Fanatics"", ""Hard Rock Bet"", ""ReBet"", ""fanduel"", ""theScore Bet""]",2026-10-09T17:28:13.749821+00:00,ALTLINE_NB_v1_2026-01-18,2.5,146.0,FanDuel,exp/fallback,2.2,0.3627068685926952,36.3,0.4065040650406504,-10.774110326196984,-10.8,0.5808468089046723,58.1,-13.442436320088047,-13.4,0.3627068685926952,36.3,-10.774110326196984,-10.8,0.2078978786938726,20.8,-4.366975800818573,-4.4,0.1117664898050877,11.2,0.5898408245789688,0.6,0.5,-125.0,Fanatics,exp/fallback,1.043,0.5889816049106682,58.9,0.5555555555555556,6.01668888392028,6.0,0.5889816049106682,58.9,6.01668888392028,6.0,0.2749328989451922,27.5,40.21577846204802,40.2,0.1129621724389513,11.3,80.73947590232216,80.7,0.042832801068375,4.3,-16.47603791666864,-16.5,0.5,110.0,Fanatics,exp/fallback,0.852,0.5082312257435051,50.8,0.4761904761904761,6.728557406136071,6.7,0.5082312257435051,50.8,6.728557406136071,6.7,0.2144114531863287,21.4,44.72773090077188,44.7,0.0827488762830778,8.3,90.32241545107895,90.3,,,,,0.5,475.0,DraftKings,exp/fallback,0.2491999999999999,0.2114410167315003,21.1,0.1739130434782608,21.578584620612677,21.6,0.2114410167315003,21.1,21.578584620612677,21.6,,,,,,,,,,,,,0.5,475.0,DraftKings,exp/fallback,0.2174499999999999,0.1840421804724286,18.4,0.1739130434782608,5.824253771646437,5.8,0.1840421804724286,18.4,5.824253771646437,5.8,,,,,,,,,,,,,False,False,True,False,False,9.3,,Active roster,2026-10-09T17:28:13+00:00,False,"[{""market"":""Points"",""name"":""Hammer Fists"",""kind"":""FLOOR"",""rule"":""Conf_Points >= 80"",""icon"":""PTS05_HAMMER_FISTS.svg"",""kit_version"":""2026-09-24-frozen-v2""},{""market"":""Points"",""name"":""Echo Stomp II"",""kind"":""TIER"",""rule"":""Conf_Points >= 80 + TOI_per_game >= 19.18"",""icon"":""PTS05_HAMMER_STOMP.svg"",""kit_version"":""2026-09-24-frozen-v2""},{""market"":""Points"",""name"":""Gaia’s Blessing"",""kind"":""TIER"",""rule"":""Conf_Points >= 80 + Assists_mu >= 0.746"",""icon"":""PTS05_GAIAS_BLESSING.svg"",""kit_version"":""2026-09-24-frozen-v2""},{""market"":""Points"",""name"":""Gaia’s Blessing+ (Press)"",""kind"":""HEAVY"",""rule"":""Conf_Points >= 81 + Assists_mu >= 0.746"",""icon"":""PTS05_GAIAS_BLESSING.svg"",""kit_version"":""2026-09-24-frozen-v2""},{""market"":""Assists"",""name"":""Staff (Green Stance)"",""kind"":""STANCE"",""rule"":""Green + Assists 0.5"",""icon"":""staff.svg"",""kit_version"":""2026-09-24-frozen-v2""}]",2025-2026,,2026-09-24-frozen-v2,2026-10-09T17:28:17.103488+00:00
2026-10-09,PIT@CBJ,2026020068,6:00 PM,2026-10-09T23:00:00Z,Evgeni Malkin,8471215,PIT,False,"{""season"":""2026-27"",""games"":[{""d"":""2026-10-07"",""g"":0,""a"":0,""s"":1,""pp"":0,""h"":""R"",""toi"":""17:22""},{""d"":""2026-10-05"",""g"":0,""a"":0,""s"":4,""pp"":0,""h"":""H"",""toi"":""17:47""},{""d"":""2026-10-03"",""g"":1,""a"":2,""s"":1,""pp"":1,""h"":""H"",""toi"":""19:41""},{""d"":""2026-09-30"",""g"":1,""a"":0,""s"":2,""pp"":1,""h"":""R"",""toi"":""15:47""}]}",2026-27,PIT,C,,Healthy,Unknown,,,0.0,0.0,,19.0,12.0,2026-10-09T17:27:50+00:00,CBJ,Cam Talbot,,,50.0,Confirmed,dailyfaceoff_name_only,26.33,6.0,26.33,6.0,7.0,84.4,94.4,A1+A2,17.59,71.9,85.4,1.14,NONE,False,False,26.46218931782126,2.6557377049180326,67.1,79.8,21.0,4.2,True,1.5,,2.0,1.675,48.3,4.0,2.0,8.0,2.0,2.0,2.0,4.0,4.0,2.0,2.0,8.0,8.0,LOW,0.4,-0.1,LOW,0.2,,LOW,0.1,,LOW,0.2,,LOW,0.1,,LOW,0.05,,LOW,0.8,,LOW,0.4,,LOW,0.2,,2.495937601559961,1.1699707507312318,,,2.0,2.429802881427452,2.358189161492555,50.0,29.6,74.0,29.4,16.69,4.18,18.42,8.36,1.8,8.75,HOT,WARM,HOT,9.42,6.56,HOT,Green,Red,Yellow,Green,80.0,62.0,69.0,78.0,POINTS,80.0,2.0,2.0,2.0,1.0,2.0,2.0,B,Distributor,17.4,,81.4,,1.0,3.052678571428572,170.95,3.052678571428572,0.1735092616087287,17.4,17.4,5.758701374670957,1.6566247440772155,4.825972506580872,7.794052863436123,8.642420281058873,81.4,94.3,False,,,,🅿️ D:2,,False,False,1.0,,False,0.0,,False,0.0,,1.5,-147.0,BetOnline.ag,2.5,178.0,FanDuel,3.5,450.0,FanDuel,4.5,1000.0,Fanatics,1.5,-147.0,BetOnline.ag,0.5,-132.0,BetRivers,1.5,370.0,BetRivers,2.5,1300.0,DraftKings,3.5,4000.0,Fanatics,0.5,-132.0,BetRivers,0.5,132.0,BetRivers,1.5,650.0,Fanatics,2.5,2800.0,Fanatics,,,,0.5,132.0,BetRivers,0.5,290.0,BetMGM,,,,,,,,,,0.5,290.0,BetMGM,0.5,290.0,BetMGM,,,,,,,,,,0.5,290.0,BetMGM,The Odds API,"[""Bally Bet"", ""BetMGM"", ""BetRivers"", ""Bovada"", ""Caesars"", ""Courtside"", ""DraftKings"", ""FanDuel"", ""Fanatics"", ""Hard Rock Bet"", ""fanduel"", ""theScore Bet""]",The Odds API,"[""Bally Bet"", ""BetMGM"", ""BetRivers"", ""Bovada"", ""Caesars"", ""Courtside"", ""DraftKings"", ""FanDuel"", ""Fanatics"", ""betmgm""]",The Odds API,"[""Bally Bet"", ""BetOnline.ag"", ""BetRivers"", ""Courtside"", ""DraftKings"", ""FanDuel"", ""Fanatics"", ""Hard Rock Bet"", ""ReBet"", ""draftkings"", ""theScore Bet""]",0.5,300.0,BetRivers,,,,,,,,,,0.5,300.0,BetRivers,The Odds API,"[""Bally Bet"", ""BetRivers"", ""Bovada"", ""Hard Rock Bet"", ""theScore Bet""]",The Odds API,"[""Bally Bet"", ""BetOnline.ag"", ""BetRivers"", ""Caesars"", ""Courtside"", ""DraftKings"", ""FanDuel"", ""Fanatics"", ""Hard Rock Bet"", ""ReBet"", ""draftkings"", ""theScore Bet""]",The Odds API,"[""Bally Bet"", ""BetMGM"", ""BetOnline.ag"", ""BetRivers"", ""Bovada"", ""Courtside"", ""DraftKings"", ""FanDuel"", ""Fanatics"", ""Hard Rock Bet"", ""ReBet"", ""theScore Bet""]",2026-10-09T17:28:13.749821+00:00,ALTLINE_NB_v1_2026-01-18,1.5,-147.0,BetOnline.ag,exp/fallback,1.842,0.5030244537508199,50.3,0.5951417004048583,-15.478204029624132,-15.5,0.5030244537508199,50.3,-15.478204029624132,-15.5,0.2845252285956678,28.5,-20.90198645040433,-20.9,0.1467383156426415,14.7,-19.293926396547175,-19.3,0.070710223567311,7.1,-22.218754075957847,-22.2,0.5,-132.0,BetRivers,exp/fallback,1.669,0.7313706731621403,73.1,0.5689655172413793,28.543936495164058,28.5,0.7313706731621403,73.1,28.543936495164058,28.5,0.4483530634077686,44.8,110.72593980165124,110.7,0.2470838883239501,24.7,245.9174436535302,245.9,0.1269224914727853,12.7,420.38221503841993,420.4,0.5,132.0,BetRivers,exp/fallback,0.942,0.5378588352841083,53.8,0.4310344827586206,24.78324978591312,24.8,0.5378588352841083,53.8,24.78324978591312,24.8,0.2419125557719599,24.2,81.43441682896994,81.4,0.0997738430083075,10.0,189.34414472409173,189.3,,,,,0.5,290.0,BetMGM,exp/fallback,0.29512,0.2434304164267732,24.3,0.2564102564102564,-5.062137593558447,-5.1,0.2434304164267732,24.3,-5.062137593558447,-5.1,,,,,,,,,,,,,0.5,290.0,BetMGM,exp/fallback,0.3201949999999999,0.2523934869891688,25.2,0.2564102564102564,-1.566540074224143,-1.6,0.2523934869891688,25.2,-1.566540074224143,-1.6,,,,,,,,,,,,,False,True,False,False,True,7.0,,Active roster,2026-10-09T17:28:13+00:00,False,"[{""market"":""Points"",""name"":""Hammer Fists"",""kind"":""FLOOR"",""rule"":""Conf_Points >= 80"",""icon"":""PTS05_HAMMER_FISTS.svg"",""kit_version"":""2026-09-24-frozen-v2""},{""market"":""Points"",""name"":""Gaia’s Blessing"",""kind"":""TIER"",""rule"":""Conf_Points >= 80 + Assists_mu >= 0.746"",""icon"":""PTS05_GAIAS_BLESSING.svg"",""kit_version"":""2026-09-24-frozen-v2""},{""market"":""Assists"",""name"":""Staff (Green Stance)"",""kind"":""STANCE"",""rule"":""Green + Assists 0.5"",""icon"":""staff.svg"",""kit_version"":""2026-09-24-frozen-v2""}]",2025-2026,,2026-09-24-frozen-v2,2026-10-09T17:28:17.103488+00:00
2026-10-09,PIT@CBJ,2026020068,6:00 PM,2026-10-09T23:00:00Z,Hendrix Lapierre,8482148,WSH,True,,2026-27,PIT,C,,Healthy,Unknown,,,0.0,0.0,,19.0,12.0,2026-10-09T17:27:50+00:00,CBJ,Cam Talbot,,,50.0,Confirmed,dailyfaceoff_name_only,26.33,6.0,26.33,6.0,,62.5,54.3,A1+A2,8.83,5.4,48.2,0.99,NONE,False,False,26.46218931782126,2.6557377049180326,67.1,79.8,21.0,4.2,True,,,,,50.0,,,,,,,,,,,,,,,,,,,,,,,,,,,,,,,,,,,,,,,,1.4107688690336233,0.4702562896778744,,,0.0,2.429802881427452,2.358189161492555,50.0,29.6,59.2,29.4,2.78,1.17,,,,,COOL,COOL,COOL,1.61,,COOL,Red,Red,Red,Red,46.0,45.0,48.0,43.0,GOAL,48.0,,,,,,,,Passenger,1.5,,81.4,,,0.1337837837837837,9.9,0.1337837837837837,0.0151441756112485,1.5,1.5,0.0,0.0,0.0,7.794052863436123,8.642420281058873,81.4,44.1,False,,,,,,False,False,0.0,,False,0.0,,False,0.0,,1.5,170.0,Fanatics,2.5,575.0,Fanatics,3.5,1700.0,Fanatics,4.5,3000.0,BetOnline.ag,1.5,170.0,Fanatics,0.5,178.0,BetOnline.ag,1.5,1000.0,Fanatics,2.5,1550.0,BetOnline.ag,3.5,3100.0,BetOnline.ag,0.5,178.0,BetOnline.ag,0.5,280.0,Fanatics,1.5,1900.0,Fanatics,,,,,,,0.5,280.0,Fanatics,0.5,500.0,DraftKings,,,,,,,,,,0.5,500.0,DraftKings,0.5,500.0,DraftKings,,,,,,,,,,0.5,500.0,DraftKings,The Odds API,"[""Bally Bet"", ""BetMGM"", ""BetRivers"", ""Bovada"", ""Caesars"", ""Courtside"", ""DraftKings"", ""FanDuel"", ""Fanatics"", ""Hard Rock Bet"", ""theScore Bet""]",The Odds API,"[""Bally Bet"", ""BetMGM"", ""BetRivers"", ""Bovada"", ""Caesars"", ""Courtside"", ""DraftKings"", ""FanDuel"", ""Fanatics"", ""fanatics""]",The Odds API,"[""Bally Bet"", ""BetOnline.ag"", ""BetRivers"", ""Courtside"", ""DraftKings"", ""Fanatics"", ""ReBet"", ""draftkings""]",0.5,800.0,Hard Rock Bet,,,,,,,,,,0.5,800.0,Hard Rock Bet,The Odds API,"[""Hard Rock Bet"", ""theScore Bet""]",The Odds API,"[""Bally Bet"", ""BetOnline.ag"", ""BetRivers"", ""Courtside"", ""DraftKings"", ""Fanatics"", ""ReBet"", ""draftkings""]",The Odds API,"[""Bally Bet"", ""BetOnline.ag"", ""BetRivers"", ""Courtside"", ""DraftKings"", ""Fanatics"", ""ReBet""]",2026-10-09T17:28:13.749821+00:00,ALTLINE_NB_v1_2026-01-18,1.5,170.0,Fanatics,league_avg,2.3,0.6001759479749428,60.0,0.3703703703703703,62.04750595323455,62.0,0.6001759479749428,60.0,62.04750595323455,62.0,0.3835789960842564,38.4,158.91582235687304,158.9,0.2254288407355011,22.5,305.77191332390214,305.8,0.1243884637071297,12.4,285.60423749210224,285.6,0.5,178.0,BetOnline.ag,exp/fallback,0.2779999999999999,0.2330189552929013,23.3,0.3597122302158273,-35.22073042857345,-35.2,0.2330189552929013,23.3,-35.22073042857345,-35.2,0.0387049751338077,3.9,-57.42452735281145,-57.4,0.0054752126469272,0.5,-90.96589913256996,-91.0,0.0007045981837602,0.1,-97.74528581196726,-97.7,0.5,280.0,Fanatics,exp/fallback,0.161,0.1434544610069421,14.3,0.2631578947368421,-45.48730481736199,-45.5,0.1434544610069421,14.3,-45.48730481736199,-45.5,0.0158248156780366,1.6,-68.35036864392676,-68.4,,,,,,,,,0.5,500.0,DraftKings,exp/fallback,0.2268,0.1951465530220431,19.5,0.1666666666666666,17.087931813225854,17.1,0.1951465530220431,19.5,17.087931813225854,17.1,,,,,,,,,,,,,0.5,500.0,DraftKings,exp/fallback,0.18105,0.157317603950434,15.7,0.1666666666666666,-5.609437629739578,-5.6,0.157317603950434,15.7,-5.609437629739578,-5.6,,,,,,,,,,,,,True,False,True,False,False,,,Active roster,2026-10-09T17:28:13+00:00,False,[],2025-2026,,2026-09-24-frozen-v2,2026-10-09T17:28:17.103488+00:00
2026-10-09,PIT@CBJ,2026020068,6:00 PM,2026-10-09T23:00:00Z,Ilya Solovyov,8482470,PIT,False,,2026-27,PIT,D,,Healthy,Unknown,,,0.0,0.0,,19.0,12.0,2026-10-09T17:27:50+00:00,CBJ,Cam Talbot,,,50.0,Confirmed,dailyfaceoff_name_only,26.33,6.0,26.33,6.0,,21.3,40.6,A1+A2,12.75,33.1,30.4,0.94,NONE,False,False,26.46218931782126,2.6557377049180326,67.1,79.8,21.0,4.2,True,,,,,50.0,,,,,,,,,,,,,,,,,,,,,,,,,,,,,,,,,,,,,,,,1.2862310749854853,0.482336653119557,,,0.0,2.429802881427452,2.358189161492555,50.0,29.6,55.6,29.4,2.48,0.29,,,,,COOL,COOL,COOL,2.19,,COOL,Red,Red,Red,Red,41.0,25.0,26.0,35.0,POINTS,41.0,,,,,,,C,Passenger,0.1,,81.4,,0.0,0.01,0.3,0.01,0.0007845188284518,0.1,0.1,0.0,0.0,0.0,7.794052863436123,8.642420281058873,81.4,31.3,False,,,,,,False,False,0.0,,False,0.0,,False,0.0,,,,,,,,,,,,,,,,,,,,,,,,,,,,,,,,,,,,,,,,,,,,,,,,,,,,,,,,,,,,,,,,,,,,,,,,,,,,,,,,,,,,,,,,,,,,,,,,,,,,,,,,2026-10-09T17:28:13.749821+00:00,ALTLINE_NB_v1_2026-01-18,,,,league_avg,2.3,,,,,,,,,,,,,,,,,,,,,,,,,exp/fallback,0.248,,,,,,,,,,,,,,,,,,,,,,,,,exp/fallback,0.219,,,,,,,,,,,,,,,,,,,,,,,,,exp/fallback,0.1916,,,,,,,,,,,,,,,,,,,,,,,,,exp/fallback,0.1238499999999999,,,,,,,,,,,,,,,,,,,,,,False,False,False,False,False,,,Active roster,2026-10-09T17:28:13+00:00,False,[],2025-2026,,2026-09-24-frozen-v2,2026-10-09T17:28:17.103488+00:00
2026-10-09,PIT@CBJ,2026020068,6:00 PM,2026-10-09T23:00:00Z,Justin Brazeau,8479638,PIT,False,"{""season"":""2026-27"",""games"":[]}",2026-27,PIT,R,,GTD,Unknown,,,0.0,-1.0,🟡 GTD,19.0,12.0,2026-10-09T17:27:50+00:00,CBJ,Cam Talbot,,,50.0,Confirmed,dailyfaceoff_name_only,26.33,6.0,26.33,6.0,,75.5,66.1,A1+A2,12.65,31.5,63.4,1.05,NONE,False,False,26.46218931782126,2.6557377049180326,67.1,79.8,21.0,4.2,True,,,0.0,,50.0,0.0,0.0,0.0,0.0,0.0,0.0,0.0,0.0,0.0,0.0,0.0,0.0,LOW,0.0,,LOW,0.0,,LOW,0.0,,LOW,0.0,,LOW,0.0,,LOW,0.0,,LOW,0.0,,LOW,0.0,,LOW,0.0,,2.20949263502455,0.7364975450081833,,,0.0,2.429802881427452,2.358189161492555,50.0,29.6,72.1,29.4,5.16,2.36,,5.16,2.36,,HOT,WARM,COOL,2.8,2.8,HOT,Red,Yellow,Red,Red,59.0,52.0,55.0,56.0,POINTS,59.0,1.0,1.0,1.0,1.0,0.0,1.0,C,Passenger,7.8,,81.4,,0.0,0.9856770833333334,63.083333333333336,0.9856770833333334,0.077890274519488,7.8,7.8,3.0982826948480846,1.6834874504623514,1.6644649933949802,7.794052863436123,8.642420281058873,81.4,67.1,False,,,,🅿️ D:1,,False,False,1.0,,False,0.0,,False,0.0,,,,,,,,,,,,,,,,,,,,,,,,,,,,,,,,,,,,,,,,,,,,,,,,,,,,,,,,,,,,,,,,,,,,,,,,,,,,,,,,,,,,,,,,,,,,,,,,,,,,,,,,2026-10-09T17:28:13.749821+00:00,ALTLINE_NB_v1_2026-01-18,,,,league_avg,2.3,,,,,,,,,,,,,,,,,,,,,,,,,exp/fallback,0.516,,,,,,,,,,,,,,,,,,,,,,,,,exp/fallback,0.2799999999999999,,,,,,,,,,,,,,,,,,,,,,,,,exp/fallback,0.2744,,,,,,,,,,,,,,,,,,,,,,,,,exp/fallback,0.2584,,,,,,,,,,,,,,,,,,,,,,False,False,False,False,False,,,Active roster,2026-10-09T17:28:13+00:00,False,[],2025-2026,,2026-09-24-frozen-v2,2026-10-09T17:28:17.103488+00:00
2026-10-09,PIT@CBJ,2026020068,6:00 PM,2026-10-09T23:00:00Z,Kaedan Korczak,8481527,VGK,True,,2026-27,PIT,D,,Healthy,Unknown,,,0.0,0.0,,19.0,12.0,2026-10-09T17:27:50+00:00,CBJ,Cam Talbot,,,50.0,Confirmed,dailyfaceoff_name_only,26.33,6.0,26.33,6.0,,35.5,56.5,A1+A2,15.97,58.8,47.5,0.99,NONE,False,False,26.46218931782126,2.6557377049180326,67.1,79.8,21.0,4.2,True,,,,,50.0,,,,,,,,,,,,,,,,,,,,,,,,,,,,,,,,,,,,,,,,0.7548119260284313,0.3019247704113725,,,0.0,2.429802881427452,2.358189161492555,50.0,29.6,42.1,29.4,2.03,0.38,,,,,COOL,COOL,COOL,1.65,,COOL,Red,Red,Red,Red,51.0,35.0,36.0,44.0,POINTS,51.0,,,,,,,,Passenger,0.3,,81.4,,,0.0431623931623931,3.3666666666666667,0.0431623931623931,0.0027030281944574,0.3,0.3,0.0,0.0,0.0,7.794052863436123,8.642420281058873,81.4,36.0,False,,,,,,False,False,0.0,,False,0.0,,False,0.0,,,,,,,,,,,,,,,,,,,,,,,,,,,,,,,,,,,,,,,,,,,,,,,0.5,2500.0,DraftKings,,,,,,,,,,0.5,2500.0,DraftKings,0.5,2500.0,DraftKings,,,,,,,,,,0.5,2500.0,DraftKings,The Odds API,"[""Bally Bet"", ""BetMGM"", ""BetRivers"", ""Bovada"", ""Caesars"", ""Courtside"", ""DraftKings"", ""FanDuel"", ""Fanatics"", ""Hard Rock Bet"", ""theScore Bet""]",The Odds API,"[""Bally Bet"", ""BetMGM"", ""BetRivers"", ""Bovada"", ""Caesars"", ""Courtside"", ""DraftKings"", ""FanDuel"", ""Fanatics"", ""fanatics""]",,,,,,,,,,,,,,,,,,,,,,,,2026-10-09T17:28:13.749821+00:00,ALTLINE_NB_v1_2026-01-18,,,,league_avg,2.3,,,,,,,,,,,,,,,,,,,,,,,,,exp/fallback,0.2029999999999999,,,,,,,,,,,,,,,,,,,,,,,,,exp/fallback,0.1649999999999999,,,,,,,,,,,,,,,,,,,,,,0.5,2500.0,DraftKings,exp/fallback,0.1951999999999999,0.1713473439052892,17.1,0.0384615384615384,345.50309415375204,345.5,0.1713473439052892,17.1,345.50309415375204,345.5,,,,,,,,,,,,,0.5,2500.0,DraftKings,exp/fallback,0.1296999999999999,0.1170810662874134,11.7,0.0384615384615384,204.41077234727496,204.4,0.1170810662874134,11.7,204.41077234727496,204.4,,,,,,,,,,,,,False,False,True,True,False,,,Active roster,2026-10-09T17:28:13+00:00,False,[],2025-2026,,2026-09-24-frozen-v2,2026-10-09T17:28:17.103488+00:00
2026-10-09,PIT@CBJ,2026020068,6:00 PM,2026-10-09T23:00:00Z,Kris Letang,8471724,PIT,False,"{""season"":""2026-27"",""games"":[{""d"":""2026-10-07"",""g"":0,""a"":0,""s"":3,""pp"":0,""h"":""R"",""toi"":""17:16""},{""d"":""2026-10-05"",""g"":0,""a"":0,""s"":2,""pp"":0,""h"":""H"",""toi"":""23:23""},{""d"":""2026-10-03"",""g"":0,""a"":2,""s"":3,""pp"":1,""h"":""H"",""toi"":""19:30""},{""d"":""2026-09-30"",""g"":0,""a"":1,""s"":4,""pp"":0,""h"":""R"",""toi"":""18:44""}]}",2026-27,PIT,D,,Healthy,Unknown,,,0.0,0.0,,19.0,12.0,2026-10-09T17:27:50+00:00,CBJ,Cam Talbot,,,50.0,Confirmed,dailyfaceoff_name_only,26.33,6.0,26.33,6.0,14.0,54.4,86.3,A1+A2,21.68,93.5,73.4,1.09,NONE,False,False,26.46218931782126,2.6557377049180326,67.1,79.8,21.0,4.2,True,3.0,,3.0,3.0,90.2,3.0,0.0,12.0,0.0,3.0,3.0,3.0,3.0,3.0,3.0,12.0,12.0,LOW,0.3,-0.2,LOW,0.15,,LOW,0.075,,LOW,0.3,,LOW,0.15,,LOW,0.075,,LOW,1.2,,LOW,0.6,,LOW,0.3,,0.8082219117940531,0.2245060866094592,,,3.0,2.429802881427452,2.358189161492555,50.0,29.6,43.1,29.4,5.53,0.95,33.0,2.53,0.95,18.0,HOT,COOL,HOT,4.58,1.58,WARM,Yellow,Red,Red,Yellow,69.0,56.0,56.0,65.0,POINTS,69.0,2.0,2.0,4.0,0.0,1.0,2.0,B,Distributor,6.9,,81.4,,1.0,1.491891891891892,110.4,1.491891891891892,0.0688064817700218,6.9,6.9,3.841032608695651,0.2608695652173913,4.21195652173913,7.794052863436123,8.642420281058873,81.4,77.6,False,,,,🅿️ D:2,,False,False,1.0,,False,0.0,,False,0.0,,1.5,110.0,BetRivers,2.5,320.0,FanDuel,3.5,800.0,Fanatics,4.5,1800.0,DraftKings,1.5,110.0,BetRivers,0.5,180.0,theScore Bet,1.5,1100.0,theScore Bet,,,,,,,0.5,180.0,theScore Bet,0.5,240.0,Hard Rock Bet,,,,,,,,,,0.5,240.0,Hard Rock Bet,0.5,800.0,FanDuel,,,,,,,,,,0.5,800.0,FanDuel,0.5,800.0,FanDuel,,,,,,,,,,0.5,800.0,FanDuel,The Odds API,"[""Bally Bet"", ""BetMGM"", ""BetRivers"", ""Bovada"", ""Caesars"", ""Courtside"", ""DraftKings"", ""FanDuel"", ""Fanatics"", ""Hard Rock Bet"", ""theScore Bet""]",The Odds API,"[""Bally Bet"", ""BetMGM"", ""BetRivers"", ""Bovada"", ""Caesars"", ""Courtside"", ""DraftKings"", ""FanDuel"", ""Fanatics"", ""fanduel""]",The Odds API,"[""Bally Bet"", ""BetMGM"", ""BetRivers"", ""Hard Rock Bet"", ""betmgm"", ""theScore Bet""]",0.5,800.0,Hard Rock Bet,,,,,,,,,,0.5,800.0,Hard Rock Bet,The Odds API,"[""Bovada"", ""Hard Rock Bet"", ""theScore Bet""]",The Odds API,"[""Bally Bet"", ""BetMGM"", ""BetRivers"", ""Hard Rock Bet"", ""betmgm"", ""theScore Bet""]",The Odds API,"[""Bally Bet"", ""BetMGM"", ""BetOnline.ag"", ""BetRivers"", ""Bovada"", ""Courtside"", ""DraftKings"", ""FanDuel"", ""Fanatics"", ""Hard Rock Bet"", ""ReBet"", ""theScore Bet""]",2026-10-09T17:28:13.749821+00:00,ALTLINE_NB_v1_2026-01-18,1.5,110.0,BetRivers,exp/fallback,3.3,0.7468490708318726,74.7,0.4761904761904761,56.83830487469324,56.8,0.7468490708318726,74.7,56.83830487469324,56.8,0.5626316556203185,56.3,136.30529536053376,136.3,0.3960789240591873,39.6,256.4710316532686,256.5,0.2643197425844569,26.4,402.2075109104681,402.2,0.5,180.0,theScore Bet,exp/fallback,0.553,0.3968082684513726,39.7,0.3571428571428571,11.10631516638434,11.1,0.3968082684513726,39.7,11.10631516638434,11.1,0.117335244659834,11.7,40.80229359180084,40.8,,,,,,,,,0.5,240.0,Hard Rock Bet,exp/fallback,0.458,0.3379417004702602,33.8,0.2941176470588235,14.900178159888457,14.9,0.3379417004702602,33.8,14.900178159888457,14.9,,,,,,,,,,,,,0.5,800.0,FanDuel,exp/fallback,0.218,0.188616091060477,18.9,0.1111111111111111,69.75448195442935,69.8,0.188616091060477,18.9,69.75448195442935,69.8,,,,,,,,,,,,,0.5,800.0,FanDuel,exp/fallback,0.16675,0.1464211165939293,14.6,0.1111111111111111,31.77900493453638,31.8,0.1464211165939293,14.6,31.77900493453638,31.8,,,,,,,,,,,,,True,True,True,True,True,14.0,,Active roster,2026-10-09T17:28:13+00:00,False,[],2025-2026,,2026-09-24-frozen-v2,2026-10-09T17:28:17.103488+00:00
2026-10-09,PIT@CBJ,2026020068,6:00 PM,2026-10-09T23:00:00Z,Nicholas Robertson,8481582,TOR,True,"{""season"":""2026-27"",""games"":[{""d"":""2026-10-07"",""g"":1,""a"":0,""s"":1,""pp"":0,""h"":""R"",""toi"":""8:32""},{""d"":""2026-10-05"",""g"":0,""a"":0,""s"":1,""pp"":0,""h"":""H"",""toi"":""15:14""},{""d"":""2026-10-03"",""g"":0,""a"":0,""s"":1,""pp"":0,""h"":""H"",""toi"":""13:35""},{""d"":""2026-09-30"",""g"":2,""a"":0,""s"":4,""pp"":0,""h"":""R"",""toi"":""15:02""}]}",2026-27,PIT,L,,Healthy,Unknown,,,0.0,0.0,,19.0,12.0,2026-10-09T17:27:50+00:00,CBJ,Cam Talbot,,,50.0,Confirmed,dailyfaceoff_name_only,26.33,6.0,26.33,6.0,4.7,75.0,63.9,A1+A2,12.66,31.9,62.5,1.05,NONE,False,False,26.46218931782126,2.6557377049180326,67.1,79.8,21.0,4.2,True,1.0,,1.75,1.2625,39.1,3.0,3.0,7.0,3.0,0.0,0.0,3.0,3.0,0.0,0.0,7.0,7.0,LOW,0.3,,LOW,0.15,,LOW,0.075,,LOW,0.0,,LOW,0.0,,LOW,0.0,,LOW,0.7,,LOW,0.35,,LOW,0.175,,1.837568058076225,0.4764065335753176,,,0.0,2.429802881427452,2.358189161492555,50.0,29.6,67.7,29.4,4.06,1.9,12.62,1.06,-1.1,5.62,COOL,COOL,HOT,2.15,2.15,WARM,Red,Red,Red,Red,49.0,54.0,61.0,58.0,GOAL,61.0,0.0,4.0,0.0,3.0,0.0,4.0,,Passenger,8.5,,81.4,,,1.078846153846154,84.15,1.078846153846154,0.0852137516666385,8.5,8.5,2.1301247771836005,1.06951871657754,1.2477718360071302,7.794052863436123,8.642420281058873,81.4,66.9,False,,,,🥅 D:0,,False,False,0.0,,False,0.0,,False,0.0,,,,,,,,,,,,,,,,,,,,,,,,,,,,,,,,,,,,,,,,,,,,,,,,,,,,,,,,,,,,,,,,,,,,,,,,,,,,,,,,,,,,,,,,,,,,,,,,,,,,,,,,2026-10-09T17:28:13.749821+00:00,ALTLINE_NB_v1_2026-01-18,,,,exp/fallback,1.262,,,,,,,,,,,,,,,,,,,,,,,,,exp/fallback,0.4059999999999999,,,,,,,,,,,,,,,,,,,,,,,,,exp/fallback,0.215,,,,,,,,,,,,,,,,,,,,,,,,,exp/fallback,0.192,,,,,,,,,,,,,,,,,,,,,,,,,exp/fallback,0.171375,,,,,,,,,,,,,,,,,,,,,,False,False,False,False,False,4.7,,Active roster,2026-10-09T17:28:13+00:00,False,[],2025-2026,,2026-09-24-frozen-v2,2026-10-09T17:28:17.103488+00:00
2026-10-09,PIT@CBJ,2026020068,6:00 PM,2026-10-09T23:00:00Z,Rickard Rakell,8476483,PIT,False,"{""season"":""2026-27"",""games"":[{""d"":""2026-10-07"",""g"":0,""a"":0,""s"":3,""pp"":0,""h"":""R"",""toi"":""19:22""},{""d"":""2026-10-05"",""g"":0,""a"":0,""s"":2,""pp"":0,""h"":""H"",""toi"":""20:37""},{""d"":""2026-10-03"",""g"":0,""a"":1,""s"":2,""pp"":0,""h"":""H"",""toi"":""18:26""},{""d"":""2026-09-30"",""g"":0,""a"":1,""s"":2,""pp"":1,""h"":""R"",""toi"":""18:32""}]}",2026-27,PIT,R,,Healthy,Unknown,,,0.0,0.0,,19.0,12.0,2026-10-09T17:27:50+00:00,CBJ,Cam Talbot,,,50.0,Confirmed,dailyfaceoff_name_only,26.33,6.0,26.33,6.0,9.3,93.0,77.8,A1+A2,18.95,81.9,85.5,1.14,NONE,False,False,26.46218931782126,2.6557377049180326,67.1,79.8,21.0,4.2,True,2.0,,2.25,2.0875,65.5,2.0,0.0,9.0,0.0,2.0,2.0,2.0,2.0,2.0,2.0,9.0,9.0,LOW,0.2,-0.3,LOW,0.1,,LOW,0.05,,LOW,0.2,,LOW,0.1,,LOW,0.05,,LOW,0.9,,LOW,0.45,,LOW,0.225,,1.8297689330257652,0.5630058255463893,,,2.0,2.429802881427452,2.358189161492555,50.0,29.6,67.5,29.4,10.18,5.16,22.97,7.25,4.69,11.88,HOT,HOT,HOT,5.03,2.57,HOT,Yellow,Red,Red,Yellow,71.0,71.0,75.0,69.0,GOAL,75.0,2.0,2.0,4.0,0.0,1.0,3.0,A,Hybrid,16.2,,81.4,,2.0,3.078333333333333,184.7,3.078333333333333,0.1624569376236898,16.2,16.2,3.495397942609637,2.114780725500812,1.6242555495397943,7.794052863436123,8.642420281058873,81.4,81.0,False,,,,🥅 D:4,,False,False,2.0,,False,0.0,,False,0.0,,1.5,-255.0,DraftKings,2.5,116.0,FanDuel,3.5,290.0,FanDuel,4.5,670.0,FanDuel,2.5,116.0,FanDuel,0.5,-119.0,BetOnline.ag,1.5,450.0,theScore Bet,2.5,1500.0,Fanatics,3.5,3000.0,BetOnline.ag,0.5,-119.0,BetOnline.ag,0.5,190.0,FanDuel,1.5,1200.0,DraftKings,,,,,,,0.5,190.0,FanDuel,0.5,210.0,FanDuel,,,,,,,,,,0.5,210.0,FanDuel,0.5,210.0,FanDuel,,,,,,,,,,0.5,210.0,FanDuel,The Odds API,"[""Bally Bet"", ""BetMGM"", ""BetRivers"", ""Bovada"", ""Caesars"", ""Courtside"", ""DraftKings"", ""FanDuel"", ""Fanatics"", ""Hard Rock Bet"", ""fanduel"", ""theScore Bet""]",The Odds API,"[""Bally Bet"", ""BetMGM"", ""BetRivers"", ""Bovada"", ""Caesars"", ""Courtside"", ""DraftKings"", ""FanDuel"", ""Fanatics"", ""betmgm""]",The Odds API,"[""Bally Bet"", ""BetOnline.ag"", ""BetRivers"", ""Bovada"", ""Courtside"", ""DraftKings"", ""FanDuel"", ""Fanatics"", ""Hard Rock Bet"", ""ReBet"", ""draftkings"", ""theScore Bet""]",0.5,280.0,BetRivers,,,,,,,,,,0.5,280.0,BetRivers,The Odds API,"[""Bally Bet"", ""BetRivers"", ""Bovada"", ""Hard Rock Bet"", ""theScore Bet""]",The Odds API,"[""Bally Bet"", ""BetOnline.ag"", ""BetRivers"", ""Caesars"", ""Courtside"", ""DraftKings"", ""FanDuel"", ""Fanatics"", ""Hard Rock Bet"", ""ReBet"", ""draftkings"", ""theScore Bet""]",The Odds API,"[""Bally Bet"", ""BetMGM"", ""BetOnline.ag"", ""BetRivers"", ""Bovada"", ""Courtside"", ""DraftKings"", ""FanDuel"", ""Fanatics"", ""Hard Rock Bet"", ""ReBet"", ""fanduel"", ""theScore Bet""]",2026-10-09T17:28:13.749821+00:00,ALTLINE_NB_v1_2026-01-18,2.5,116.0,FanDuel,exp/fallback,2.297,0.3829599235631955,38.3,0.4629629629629629,-17.28065651034977,-17.3,0.5996104735611413,60.0,-16.524816425801898,-16.5,0.3829599235631955,38.3,-17.28065651034977,-17.3,0.2249017011254374,22.5,-12.288336561079417,-12.3,0.1240037275437035,12.4,-4.5171297913482285,-4.5,0.5,-119.0,BetOnline.ag,exp/fallback,1.018,0.5813600395497174,58.1,0.54337899543379,6.989788791082441,7.0,0.5813600395497174,58.1,6.989788791082441,7.0,0.2671408551964122,26.7,46.9274703580267,46.9,0.1079461987572957,10.8,72.71391801167316,72.7,0.0402369229251211,4.0,24.73446106787558,24.7,0.5,190.0,FanDuel,exp/fallback,0.503,0.3615332396170541,36.2,0.3448275862068966,4.844639488945679,4.8,0.3615332396170541,36.2,4.844639488945679,4.8,0.1049221485482392,10.5,36.39879311271099,36.4,,,,,,,,,0.5,210.0,FanDuel,exp/fallback,0.3864,0.3018339409243915,30.2,0.3225806451612903,-6.431478313438621,-6.4,0.3018339409243915,30.2,-6.431478313438621,-6.4,,,,,,,,,,,,,0.5,210.0,FanDuel,exp/fallback,0.4404,0.3211061081777006,32.1,0.3225806451612903,-0.4571064649128153,-0.5,0.3211061081777006,32.1,-0.4571064649128153,-0.5,,,,,,,,,,,,,False,False,False,False,False,9.3,,Active roster,2026-10-09T17:28:13+00:00,False,[],2025-2026,,2026-09-24-frozen-v2,2026-10-09T17:28:17.103488+00:00
2026-10-09,PIT@CBJ,2026020068,6:00 PM,2026-10-09T23:00:00Z,Samuel Girard,8479398,PIT,False,,2026-27,PIT,D,,Healthy,Unknown,,,0.0,0.0,,19.0,12.0,2026-10-09T17:27:50+00:00,CBJ,Cam Talbot,,,50.0,Confirmed,dailyfaceoff_name_only,26.33,6.0,26.33,6.0,,31.2,63.9,A1+A2,18.1,76.2,51.6,1.01,NONE,False,False,26.46218931782126,2.6557377049180326,67.1,79.8,21.0,4.2,True,,,,,50.0,,,,,,,,,,,,,,,,,,,,,,,,,,,,,,,,,,,,,,,,1.0095344924284912,0.2969219095377916,,,0.0,2.429802881427452,2.358189161492555,50.0,29.6,49.0,29.4,3.07,0.38,,,,,COOL,COOL,COOL,2.69,,COOL,Red,Red,Red,Red,57.0,34.0,34.0,50.0,POINTS,57.0,,,,,,,C,Passenger,0.4,,81.4,,0.0,0.0702777777777777,4.216666666666667,0.0702777777777777,0.0038826905664431,0.4,0.4,0.0,0.0,0.0,7.794052863436123,8.642420281058873,81.4,38.2,False,,,,,,False,False,0.0,,False,0.0,,False,0.0,,,,,,,,,,,,,,,,,0.5,265.0,BetRivers,,,,,,,,,,0.5,265.0,BetRivers,,,,,,,,,,,,,,,,0.5,1800.0,Fanatics,,,,,,,,,,0.5,1800.0,Fanatics,0.5,1800.0,Fanatics,,,,,,,,,,0.5,1800.0,Fanatics,The Odds API,"[""Bally Bet"", ""BetMGM"", ""BetRivers"", ""Bovada"", ""Caesars"", ""Courtside"", ""DraftKings"", ""FanDuel"", ""Fanatics"", ""Hard Rock Bet"", ""theScore Bet""]",The Odds API,"[""Bally Bet"", ""BetMGM"", ""BetRivers"", ""Bovada"", ""Caesars"", ""Courtside"", ""DraftKings"", ""FanDuel"", ""Fanatics"", ""fanatics""]",,,,,,,,,,,,,,,,,,,,The Odds API,"[""Bally Bet"", ""BetRivers""]",,,2026-10-09T17:28:13.749821+00:00,ALTLINE_NB_v1_2026-01-18,,,,league_avg,2.3,,,,,,,,,,,,,,,,,,,,,,0.5,265.0,BetRivers,exp/fallback,0.307,0.2529328573566373,25.3,0.273972602739726,-7.679507064827396,-7.7,0.2529328573566373,25.3,-7.679507064827396,-7.7,,,,,,,,,,,,,,,,exp/fallback,0.269,,,,,,,,,,,,,,,,,,,,,,0.5,1800.0,Fanatics,exp/fallback,0.1951999999999999,0.1713473439052892,17.1,0.0526315789473684,225.55995342004965,225.6,0.1713473439052892,17.1,225.55995342004965,225.6,,,,,,,,,,,,,0.5,1800.0,Fanatics,exp/fallback,0.1296999999999999,0.1170810662874134,11.7,0.0526315789473684,122.45402594608557,122.5,0.1170810662874134,11.7,122.45402594608557,122.5,,,,,,,,,,,,,False,False,True,True,False,,,Active roster,2026-10-09T17:28:13+00:00,False,[],2025-2026,,2026-09-24-frozen-v2,2026-10-09T17:28:17.103488+00:00
2026-10-09,PIT@CBJ,2026020068,6:00 PM,2026-10-09T23:00:00Z,Sidney Crosby,8471675,PIT,False,"{""season"":""2026-27"",""games"":[{""d"":""2026-10-07"",""g"":0,""a"":0,""s"":2,""pp"":0,""h"":""R"",""toi"":""19:07""},{""d"":""2026-10-05"",""g"":0,""a"":0,""s"":5,""pp"":0,""h"":""H"",""toi"":""19:27""},{""d"":""2026-10-03"",""g"":0,""a"":1,""s"":2,""pp"":0,""h"":""H"",""toi"":""19:53""},{""d"":""2026-09-30"",""g"":0,""a"":1,""s"":3,""pp"":0,""h"":""R"",""toi"":""17:39""}]}",2026-27,PIT,C,⭐ STAR,Healthy,Unknown,,,0.0,0.0,,19.0,12.0,2026-10-09T17:27:50+00:00,CBJ,Cam Talbot,,,50.0,Confirmed,dailyfaceoff_name_only,26.33,6.0,26.33,6.0,11.6,88.7,95.7,A1+A2,19.23,84.2,90.3,1.2,STAR,False,True,26.46218931782126,2.6557377049180326,67.1,79.8,21.0,4.2,True,2.5,,3.0,2.675,76.4,2.0,0.0,12.0,0.0,2.0,2.0,2.0,2.0,2.0,2.0,12.0,12.0,LOW,0.2,-0.3,LOW,0.1,,LOW,0.05,,LOW,0.2,,LOW,0.1,,LOW,0.05,,LOW,1.2,,LOW,0.6,,LOW,0.3,,2.4996770443095206,0.9301123885802868,,,2.0,2.429802881427452,2.358189161492555,50.0,29.6,74.2,29.4,15.77,4.15,29.42,9.68,3.77,14.75,HOT,HOT,HOT,10.68,5.91,HOT,Green,Red,Yellow,Green,84.0,71.0,72.0,80.0,POINTS,84.0,2.0,2.0,4.0,1.0,0.0,4.0,A,Hybrid,15.4,,81.4,,2.0,2.9622549019607844,201.4333333333333,2.9622549019607844,0.1540363488057913,15.4,15.4,5.238705940757901,2.516961773953334,3.20205196094655,7.794052863436123,8.642420281058873,81.4,88.8,False,,,,🅿️ PTS D:2 | 🅿️ D:2,,False,False,1.0,,False,0.0,,False,0.0,,1.5,-220.0,DraftKings,2.5,134.0,BetOnline.ag,3.5,320.0,Fanatics,4.5,750.0,Fanatics,2.5,134.0,BetOnline.ag,0.5,-190.0,theScore Bet,1.5,225.0,Fanatics,2.5,850.0,DraftKings,3.5,2500.0,Fanatics,0.5,-190.0,theScore Bet,0.5,-105.0,DraftKings,1.5,500.0,Fanatics,2.5,1900.0,Fanatics,,,,0.5,-105.0,DraftKings,0.5,205.0,BetRivers,,,,,,,,,,0.5,205.0,BetRivers,0.5,205.0,BetRivers,,,,,,,,,,0.5,205.0,BetRivers,The Odds API,"[""Bally Bet"", ""BetMGM"", ""BetRivers"", ""Bovada"", ""Caesars"", ""Courtside"", ""DraftKings"", ""FanDuel"", ""Fanatics"", ""Hard Rock Bet"", ""fanduel"", ""theScore Bet""]",The Odds API,"[""Bally Bet"", ""BetMGM"", ""BetRivers"", ""Bovada"", ""Caesars"", ""Courtside"", ""DraftKings"", ""FanDuel"", ""Fanatics"", ""betrivers""]",The Odds API,"[""Bally Bet"", ""BetMGM"", ""BetOnline.ag"", ""BetRivers"", ""Bovada"", ""Courtside"", ""DraftKings"", ""FanDuel"", ""Fanatics"", ""Hard Rock Bet"", ""ReBet"", ""draftkings"", ""theScore Bet""]",0.5,225.0,BetMGM,1.5,750.0,Bovada,,,,,,,0.5,225.0,BetMGM,The Odds API,"[""Bally Bet"", ""BetMGM"", ""BetRivers"", ""Bovada"", ""Hard Rock Bet"", ""theScore Bet""]",The Odds API,"[""Bally Bet"", ""BetMGM"", ""BetOnline.ag"", ""BetRivers"", ""Caesars"", ""Courtside"", ""DraftKings"", ""FanDuel"", ""Fanatics"", ""Hard Rock Bet"", ""ReBet"", ""draftkings"", ""theScore Bet""]",The Odds API,"[""Bally Bet"", ""BetMGM"", ""BetOnline.ag"", ""BetRivers"", ""Bovada"", ""Courtside"", ""DraftKings"", ""FanDuel"", ""Fanatics"", ""Hard Rock Bet"", ""ReBet"", ""draftkings"", ""theScore Bet""]",2026-10-09T17:28:13.749821+00:00,ALTLINE_NB_v1_2026-01-18,2.5,134.0,BetOnline.ag,exp/fallback,2.942,0.5049298466641965,50.5,0.4273504273504273,18.153584119421986,18.2,0.7029081718960981,70.3,2.241188639432451,2.2,0.5049298466641965,50.5,18.153584119421986,18.2,0.3371245361392023,33.7,41.592305178465,41.6,0.2126725567041789,21.3,80.7716731985521,80.8,0.5,-190.0,theScore Bet,exp/fallback,1.577,0.7151376382002618,71.5,0.6551724137931034,9.15258688319785,9.2,0.7151376382002618,71.5,9.15258688319785,9.2,0.4256773175983176,42.6,38.34512821945323,38.3,0.227137883484619,22.7,115.7809893103881,115.8,0.1128162517921429,11.3,193.32225465957168,193.3,0.5,-105.0,DraftKings,exp/fallback,1.068,0.5750387989576553,57.5,0.5121951219512195,12.26947979649461,12.3,0.5750387989576553,57.5,12.26947979649461,12.3,0.2791727215696342,27.9,67.50363294178055,67.5,0.1246820253585488,12.5,149.36405071709777,149.4,,,,,0.5,205.0,BetRivers,exp/fallback,0.346,0.2767927314994365,27.7,0.3278688524590163,-15.57821689267187,-15.6,0.2767927314994365,27.7,-15.57821689267187,-15.6,,,,,,,,,,,,,0.5,205.0,BetRivers,exp/fallback,0.37475,0.2849373732687127,28.5,0.3278688524590163,-13.094101153042626,-13.1,0.2849373732687127,28.5,-13.094101153042626,-13.1,,,,,,,,,,,,,True,False,False,False,True,11.6,,Active roster,2026-10-09T17:28:13+00:00,False,"[{""market"":""Points"",""name"":""Hammer Fists"",""kind"":""FLOOR"",""rule"":""Conf_Points >= 80"",""icon"":""PTS05_HAMMER_FISTS.svg"",""kit_version"":""2026-09-24-frozen-v2""},{""market"":""Points"",""name"":""Echo Stomp II"",""kind"":""TIER"",""rule"":""Conf_Points >= 80 + TOI_per_game >= 19.18"",""icon"":""PTS05_HAMMER_STOMP.svg"",""kit_version"":""2026-09-24-frozen-v2""},{""market"":""Points"",""name"":""Gaia’s Blessing"",""kind"":""TIER"",""rule"":""Conf_Points >= 80 + Assists_mu >= 0.746"",""icon"":""PTS05_GAIAS_BLESSING.svg"",""kit_version"":""2026-09-24-frozen-v2""},{""market"":""Points"",""name"":""Gaia’s Blessing+ (Press)"",""kind"":""HEAVY"",""rule"":""Conf_Points >= 81 + Assists_mu >= 0.746"",""icon"":""PTS05_GAIAS_BLESSING.svg"",""kit_version"":""2026-09-24-frozen-v2""},{""market"":""Points"",""name"":""Gaia’s Blessing++ (Smash)"",""kind"":""HEAVY"",""rule"":""Conf_Points >= 83 + Assists_mu >= 0.746"",""icon"":""PTS05_GAIAS_BLESSING.svg"",""kit_version"":""2026-09-24-frozen-v2""},{""market"":""Points"",""name"":""Blood Stomp"",""kind"":""CRIT"",""rule"":""Conf_Points >= 83 + TOI_per_game >= 19.18 + Opp_PK_xGA60 >= 7.784"",""icon"":""PTS05_BLEED_ENV.svg"",""kit_version"":""2026-09-24-frozen-v2""},{""market"":""Assists"",""name"":""Staff (Green Stance)"",""kind"":""STANCE"",""rule"":""Green + Assists 0.5"",""icon"":""staff.svg"",""kit_version"":""2026-09-24-frozen-v2""}]",2025-2026,,2026-09-24-frozen-v2,2026-10-09T17:28:17.103488+00:00
2026-10-09,PIT@CBJ,2026020068,6:00 PM,2026-10-09T23:00:00Z,Spencer Stastney,8481056,EDM,True,,2026-27,PIT,D,,Healthy,Unknown,,,0.0,0.0,,19.0,12.0,2026-10-09T17:27:50+00:00,CBJ,Cam Talbot,,,50.0,Confirmed,dailyfaceoff_name_only,26.33,6.0,26.33,6.0,,30.0,43.8,A1+A2,15.5,53.5,39.5,0.96,NONE,False,False,26.46218931782126,2.6557377049180326,67.1,79.8,21.0,4.2,True,,,,,50.0,,,,,,,,,,,,,,,,,,,,,,,,,,,,,,,,,,,,,,,,0.5957305973854046,0.3309614429918914,,,0.0,2.429802881427452,2.358189161492555,50.0,29.6,39.8,29.4,1.46,0.3,,,,,COOL,COOL,COOL,1.16,,COOL,Red,Red,Red,Red,43.0,31.0,32.0,37.0,POINTS,43.0,,,,,,,,Passenger,0.3,,81.4,,,0.0502525252525252,3.316666666666667,0.0502525252525252,0.0032414118873487,0.3,0.3,0.0,0.0,0.0,7.794052863436123,8.642420281058873,81.4,36.0,False,,,,,,False,False,0.0,,False,0.0,,False,0.0,,,,,,,,,,,,,,,,,,,,,,,,,,,,,,,,,,,,,,,,,,,,,,,,,,,,,,,,,,,,,,,,,,,,,,,,,,,,,,,,,,,,,,,,,,,,,,,,,,,,,,,,2026-10-09T17:28:13.749821+00:00,ALTLINE_NB_v1_2026-01-18,,,,league_avg,2.3,,,,,,,,,,,,,,,,,,,,,,,,,exp/fallback,0.146,,,,,,,,,,,,,,,,,,,,,,,,,exp/fallback,0.1159999999999999,,,,,,,,,,,,,,,,,,,,,,,,,exp/fallback,0.192,,,,,,,,,,,,,,,,,,,,,,,,,exp/fallback,0.1245,,,,,,,,,,,,,,,,,,,,,,False,False,False,False,False,,,Active roster,2026-10-09T17:28:13+00:00,False,[],2025-2026,,2026-09-24-frozen-v2,2026-10-09T17:28:17.103488+00:00
2026-10-09,PIT@CBJ,2026020068,6:00 PM,2026-10-09T23:00:00Z,Tommy Novak,8478438,PIT,False,"{""season"":""2026-27"",""games"":[{""d"":""2026-10-07"",""g"":1,""a"":0,""s"":3,""pp"":0,""h"":""R"",""toi"":""15:17""},{""d"":""2026-10-05"",""g"":0,""a"":0,""s"":2,""pp"":0,""h"":""H"",""toi"":""15:12""},{""d"":""2026-10-03"",""g"":2,""a"":1,""s"":3,""pp"":1,""h"":""H"",""toi"":""14:42""},{""d"":""2026-09-30"",""g"":0,""a"":1,""s"":0,""pp"":1,""h"":""R"",""toi"":""16:04""}]}",2026-27,PIT,C,,Healthy,Unknown,,,0.0,0.0,,19.0,12.0,2026-10-09T17:27:50+00:00,CBJ,Cam Talbot,,,50.0,Confirmed,dailyfaceoff_name_only,26.33,6.0,26.33,6.0,11.6,81.7,80.9,A1+A2,14.28,45.0,74.1,1.1,NONE,False,False,26.46218931782126,2.6557377049180326,67.1,79.8,21.0,4.2,True,2.5,,2.0,2.325,70.1,5.0,3.0,8.0,3.0,2.0,2.0,5.0,5.0,2.0,2.0,8.0,8.0,LOW,0.5,0.0,LOW,0.25,,LOW,0.125,,LOW,0.2,,LOW,0.1,,LOW,0.05,,LOW,0.8,,LOW,0.4,,LOW,0.2,,1.8922018348623848,0.8600917431192661,,,2.0,2.429802881427452,2.358189161492555,50.0,29.6,68.7,29.4,5.78,2.31,25.58,0.78,-0.69,15.25,COOL,COOL,HOT,3.48,1.48,COOL,Yellow,Red,Yellow,Yellow,58.0,63.0,70.0,65.0,GOAL,70.0,0.0,2.0,0.0,0.0,2.0,2.0,B,Hybrid,7.9,,81.4,,1.0,1.129471544715447,92.61666666666666,1.129471544715447,0.0790874416486394,7.9,7.9,2.6350548857297103,1.6714054345870075,1.133705236638474,7.794052863436123,8.642420281058873,81.4,64.7,False,,,,🥅 D:0,,False,False,0.0,,False,0.0,,False,0.0,,1.5,100.0,BetMGM,2.5,305.0,FanDuel,3.5,750.0,DraftKings,4.5,2000.0,DraftKings,1.5,100.0,BetMGM,0.5,150.0,theScore Bet,1.5,900.0,theScore Bet,2.5,1650.0,BetOnline.ag,3.5,3900.0,BetOnline.ag,0.5,150.0,theScore Bet,0.5,300.0,BetOnline.ag,1.5,1900.0,BetOnline.ag,,,,,,,0.5,300.0,BetOnline.ag,0.5,360.0,theScore Bet,,,,,,,,,,0.5,360.0,theScore Bet,0.5,310.0,DraftKings,,,,,,,,,,0.5,310.0,DraftKings,The Odds API,"[""Bally Bet"", ""BetMGM"", ""BetRivers"", ""Bovada"", ""Caesars"", ""Courtside"", ""DraftKings"", ""FanDuel"", ""Hard Rock Bet"", ""fanduel"", ""theScore Bet""]",The Odds API,"[""Bally Bet"", ""BetMGM"", ""BetRivers"", ""Bovada"", ""Caesars"", ""Courtside"", ""DraftKings"", ""FanDuel"", ""fanduel""]",The Odds API,"[""Bally Bet"", ""BetOnline.ag"", ""BetRivers"", ""Bovada"", ""Courtside"", ""DraftKings"", ""FanDuel"", ""Hard Rock Bet"", ""ReBet"", ""draftkings"", ""theScore Bet""]",0.5,650.0,Hard Rock Bet,,,,,,,,,,0.5,650.0,Hard Rock Bet,The Odds API,"[""Bovada"", ""Hard Rock Bet"", ""theScore Bet""]",The Odds API,"[""Bally Bet"", ""BetOnline.ag"", ""BetRivers"", ""Caesars"", ""Courtside"", ""DraftKings"", ""FanDuel"", ""Hard Rock Bet"", ""ReBet"", ""draftkings"", ""theScore Bet""]",The Odds API,"[""Bally Bet"", ""BetMGM"", ""BetOnline.ag"", ""BetRivers"", ""Bovada"", ""Courtside"", ""DraftKings"", ""FanDuel"", ""ReBet""]",2026-10-09T17:28:13.749821+00:00,ALTLINE_NB_v1_2026-01-18,1.5,100.0,BetMGM,exp/fallback,2.558,0.6456490513390754,64.6,0.5,29.12981026781507,29.1,0.6456490513390754,64.6,29.12981026781507,29.1,0.4350712574045166,43.5,76.2038592488292,76.2,0.2707961744875902,27.1,130.17674831445166,130.2,0.1586617724324482,15.9,233.18972210814135,233.2,0.5,150.0,theScore Bet,exp/fallback,0.5780000000000001,0.4092661390331407,40.9,0.4,2.3165347582851714,2.3,0.4092661390331407,40.9,2.3165347582851714,2.3,0.1252736482747237,12.5,25.273648274723747,25.3,0.0331172228655942,3.3,-42.04485998521004,-42.0,0.008011757339239,0.8,-67.95297064304364,-68.0,0.5,300.0,BetOnline.ag,exp/fallback,0.348,0.2744559144902763,27.4,0.25,9.782365796110517,9.8,0.2744559144902763,27.4,9.782365796110517,9.8,0.0593883320734246,5.9,18.7766641468493,18.8,,,,,,,,,0.5,360.0,theScore Bet,exp/fallback,0.2724,0.2278346731766982,22.8,0.217391304347826,4.803949661281203,4.8,0.2278346731766982,22.8,4.803949661281203,4.8,,,,,,,,,,,,,0.5,310.0,DraftKings,exp/fallback,0.25515,0.2102779989446687,21.0,0.2439024390243902,-13.78602043268583,-13.8,0.2102779989446687,21.0,-13.78602043268583,-13.8,,,,,,,,,,,,,True,False,False,False,False,11.6,,Active roster,2026-10-09T17:28:13+00:00,False,[],2025-2026,,2026-09-24-frozen-v2,2026-10-09T17:28:17.103488+00:00
2026-10-09,PIT@CBJ,2026020068,6:00 PM,2026-10-09T23:00:00Z,Trevor van Riemsdyk,8477845,WSH,True,,2026-27,PIT,D,,Healthy,Unknown,,,0.0,0.0,,19.0,12.0,2026-10-09T17:27:50+00:00,CBJ,Cam Talbot,,,50.0,Confirmed,dailyfaceoff_name_only,26.33,6.0,26.33,6.0,,41.0,51.9,A1+A2,16.24,61.9,49.0,1.0,NONE,False,False,26.46218931782126,2.6557377049180326,67.1,79.8,21.0,4.2,True,,,,,50.0,,,,,,,,,,,,,,,,,,,,,,,,,,,,,,,,,,,,,,,,0.8664408877580843,0.1856659045195894,,,0.0,2.429802881427452,2.358189161492555,50.0,29.6,44.6,29.4,2.18,0.57,,,,,COOL,COOL,COOL,1.61,,COOL,Red,Red,Red,Red,49.0,38.0,39.0,43.0,POINTS,49.0,,,,,,,,Passenger,0.4,,81.4,,,0.0654411764705882,4.45,0.0654411764705882,0.0040297020737118,0.4,0.4,0.0,0.0,0.0,7.794052863436123,8.642420281058873,81.4,38.2,False,,,,,,False,False,0.0,,False,0.0,,False,0.0,,1.5,190.0,BetRivers,,,,,,,,,,1.5,190.0,BetRivers,,,,,,,,,,,,,,,,,,,,,,,,,,,,,,,0.5,2100.0,FanDuel,,,,,,,,,,0.5,2100.0,FanDuel,0.5,2100.0,FanDuel,,,,,,,,,,0.5,2100.0,FanDuel,The Odds API,"[""Bally Bet"", ""BetMGM"", ""BetRivers"", ""Bovada"", ""Caesars"", ""Courtside"", ""DraftKings"", ""FanDuel"", ""Fanatics"", ""Hard Rock Bet""]",The Odds API,"[""Bally Bet"", ""BetMGM"", ""BetRivers"", ""Bovada"", ""Caesars"", ""Courtside"", ""DraftKings"", ""FanDuel"", ""Fanatics"", ""fanduel""]",,,,,,,,,,,,,,,,,,,,,,The Odds API,"[""Bally Bet"", ""BetRivers""]",2026-10-09T17:28:13.749821+00:00,ALTLINE_NB_v1_2026-01-18,1.5,190.0,BetRivers,league_avg,2.3,0.6001759479749428,60.0,0.3448275862068966,74.0510249127334,74.1,0.6001759479749428,60.0,74.0510249127334,74.1,,,,,,,,,,,,,,,,exp/fallback,0.218,,,,,,,,,,,,,,,,,,,,,,,,,exp/fallback,0.161,,,,,,,,,,,,,,,,,,,,,,0.5,2100.0,FanDuel,exp/fallback,0.2027999999999999,0.1771602831856483,17.7,0.0454545454545454,289.75262300842644,289.8,0.1771602831856483,17.7,289.75262300842644,289.8,,,,,,,,,,,,,0.5,2100.0,FanDuel,exp/fallback,0.14205,0.1270436463741587,12.7,0.0454545454545454,179.4960220231493,179.5,0.1270436463741587,12.7,179.4960220231493,179.5,,,,,,,,,,,,,True,False,True,True,False,,,Active roster,2026-10-09T17:28:13+00:00,False,[],2025-2026,,2026-09-24-frozen-v2,2026-10-09T17:28:17.103488+00:00
2026-10-09,PIT@CBJ,2026020068,6:00 PM,2026-10-09T23:00:00Z,Ville Koivunen,8482758,PIT,False,,2026-27,PIT,R,,Healthy,Unknown,,,0.0,0.0,,19.0,12.0,2026-10-09T17:27:50+00:00,CBJ,Cam Talbot,,,50.0,Confirmed,dailyfaceoff_name_only,26.33,6.0,26.33,6.0,,48.1,34.6,A1+A2,12.74,32.7,40.3,0.96,NONE,False,False,26.46218931782126,2.6557377049180326,67.1,79.8,21.0,4.2,True,,,,,50.0,,,,,,,,,,,,,,,,,,,,,,,,,,,,,,,,,,,,,,,,0.3987152508583453,0.1329050836194484,,,0.0,2.429802881427452,2.358189161492555,50.0,29.6,36.5,29.4,2.48,1.24,,,,,COOL,COOL,COOL,1.23,,COOL,Red,Red,Red,Red,36.0,39.0,42.0,32.0,GOAL,42.0,,,,,,,C,Passenger,7.2,,81.4,,0.0,0.9128205128205128,35.6,0.9128205128205128,0.0716634234717842,7.2,7.2,4.3693820224719095,1.146067415730337,3.792134831460674,7.794052863436123,8.642420281058873,81.4,77.2,False,,,,,,False,False,0.0,,False,0.0,,False,0.0,,,,,,,,,,,,,,,,,0.5,170.0,BetRivers,,,,,,,,,,0.5,170.0,BetRivers,0.5,260.0,BetRivers,,,,,,,,,,0.5,260.0,BetRivers,0.5,700.0,theScore Bet,,,,,,,,,,0.5,700.0,theScore Bet,0.5,600.0,BetMGM,,,,,,,,,,0.5,600.0,BetMGM,The Odds API,"[""Bally Bet"", ""BetMGM"", ""BetRivers"", ""Bovada"", ""Caesars"", ""Courtside"", ""DraftKings"", ""FanDuel"", ""Fanatics"", ""Hard Rock Bet"", ""theScore Bet""]",The Odds API,"[""Bally Bet"", ""BetMGM"", ""BetRivers"", ""Bovada"", ""Caesars"", ""Courtside"", ""DraftKings"", ""FanDuel"", ""Fanatics"", ""betmgm""]",The Odds API,"[""Bally Bet"", ""BetRivers""]",,,,,,,,,,,,,,,,,,The Odds API,"[""Bally Bet"", ""BetRivers""]",,,2026-10-09T17:28:13.749821+00:00,ALTLINE_NB_v1_2026-01-18,,,,league_avg,2.3,,,,,,,,,,,,,,,,,,,,,,0.5,170.0,BetRivers,exp/fallback,0.248,0.2116567678780568,21.2,0.3703703703703703,-42.85267267292465,-42.9,0.2116567678780568,21.2,-42.85267267292465,-42.9,,,,,,,,,,,,,0.5,260.0,BetRivers,exp/fallback,0.123,0.1125170812728012,11.3,0.2777777777777778,-59.49385074179154,-59.5,0.1125170812728012,11.3,-59.49385074179154,-59.5,,,,,,,,,,,,,0.5,700.0,theScore Bet,exp/fallback,0.2296,0.1972089945551044,19.7,0.125,57.76719564408356,57.8,0.1972089945551044,19.7,57.76719564408356,57.8,,,,,,,,,,,,,0.5,600.0,BetMGM,exp/fallback,0.1856,0.1607366140442573,16.1,0.1428571428571428,12.515629830980124,12.5,0.1607366140442573,16.1,12.515629830980124,12.5,,,,,,,,,,,,,False,False,True,True,False,,,Active roster,2026-10-09T17:28:13+00:00,False,[],2025-2026,,2026-09-24-frozen-v2,2026-10-09T17:28:17.103488+00:00
2026-10-09,SEA@DET,2026020066,6:00 PM,2026-10-09T23:00:00Z,Albert Johansson,8481607,DET,False,,2026-27,DET,D,,Healthy,Unknown,,,3.0,0.0,,19.0,12.0,2026-10-09T17:27:50+00:00,SEA,Joey Daccord,0.8961038961038961,3.029834213115667,56.2,Unconfirmed,dailyfaceoff_name_and_stats,27.62,8.0,27.62,8.0,,34.8,43.8,A1+A2,15.94,58.5,42.7,0.97,NONE,False,False,25.99016902875088,2.3782259155553187,41.7,41.7,12.0,2.4,True,,,,,50.0,,,,,,,,,,,,,,,,,,,,,,,,,,,,,,,,,,,,,,,,0.4695448023998956,0.1565149341332985,,,0.0,2.50617758761598,2.394115667515985,50.0,46.2,37.9,49.3,1.29,0.34,,,,,COOL,COOL,COOL,0.95,,COOL,Red,Red,Red,Red,46.0,37.0,37.0,39.0,POINTS,46.0,,,,,,,C,Passenger,1.3,,85.5,,0.0,0.2040650406504065,16.733333333333334,0.2040650406504065,0.0128022034071202,1.3,1.3,0.5378486055776892,0.5378486055776892,0.0,8.179119624508436,8.069910250354274,85.5,46.4,False,,,,,,False,False,0.0,,False,0.0,,False,0.0,,,,,,,,,,,,,,,,,0.5,245.0,BetRivers,,,,,,,,,,0.5,245.0,BetRivers,,,,,,,,,,,,,,,,0.5,1400.0,FanDuel,,,,,,,,,,0.5,1400.0,FanDuel,0.5,1400.0,FanDuel,,,,,,,,,,0.5,1400.0,FanDuel,The Odds API,"[""Bally Bet"", ""BetMGM"", ""BetRivers"", ""Bovada"", ""Caesars"", ""Courtside"", ""DraftKings"", ""FanDuel"", ""Fanatics"", ""Hard Rock Bet"", ""theScore Bet""]",The Odds API,"[""Bally Bet"", ""BetMGM"", ""BetRivers"", ""Bovada"", ""Caesars"", ""Courtside"", ""DraftKings"", ""FanDuel"", ""Fanatics"", ""fanduel""]",,,,,,,,,,,,,,,,,,,,The Odds API,"[""Bally Bet"", ""BetRivers""]",,,2026-10-09T17:28:13.749821+00:00,ALTLINE_NB_v1_2026-01-18,,,,league_avg,2.3,,,,,,,,,,,,,,,,,,,,,,0.5,245.0,BetRivers,exp/fallback,0.129,0.1185373213788735,11.9,0.2898550724637681,-59.10462412428863,-59.1,0.1185373213788735,11.9,-59.10462412428863,-59.1,,,,,,,,,,,,,,,,exp/fallback,0.095,,,,,,,,,,,,,,,,,,,,,,0.5,1400.0,FanDuel,exp/fallback,0.1936,0.1701162452154071,17.0,0.0666666666666666,155.17436782311069,155.2,0.1701162452154071,17.0,155.17436782311069,155.2,,,,,,,,,,,,,0.5,1400.0,FanDuel,exp/fallback,0.1271,0.1149597639007977,11.5,0.0666666666666666,72.43964585119664,72.4,0.1149597639007977,11.5,72.43964585119664,72.4,,,,,,,,,,,,,False,False,True,True,False,,,Active roster,2026-10-09T17:28:13+00:00,False,[],2025-2026,,2026-09-24-frozen-v2,2026-10-09T17:28:17.103488+00:00
2026-10-09,SEA@DET,2026020066,6:00 PM,2026-10-09T23:00:00Z,Alex DeBrincat,8479337,DET,False,"{""season"":""2026-27"",""games"":[{""d"":""2026-10-06"",""g"":2,""a"":1,""s"":3,""pp"":1,""h"":""H"",""toi"":""18:45""},{""d"":""2026-10-04"",""g"":0,""a"":1,""s"":4,""pp"":0,""h"":""H"",""toi"":""23:16""},{""d"":""2026-10-02"",""g"":0,""a"":0,""s"":1,""pp"":0,""h"":""H"",""toi"":""19:43""}]}",2026-27,DET,R,⭐ STAR,Healthy,Unknown,,,3.0,1.0,🟢 ROLE+,19.0,12.0,2026-10-09T17:27:50+00:00,SEA,Joey Daccord,0.8961038961038961,3.029834213115667,56.2,Unconfirmed,dailyfaceoff_name_and_stats,27.62,8.0,27.62,8.0,17.6,99.6,95.3,A1+A2,18.5,78.8,93.9,1.21,STAR,False,True,25.99016902875088,2.3782259155553187,41.7,41.7,12.0,2.4,True,3.0,,2.6666666666666665,2.8833333333333333,83.9,4.0,2.0,8.0,2.0,2.0,2.0,4.0,4.0,2.0,2.0,8.0,8.0,LOW,0.4,-0.1,LOW,0.2,,LOW,0.1,,LOW,0.2,,LOW,0.1,,LOW,0.05,,LOW,0.8,,LOW,0.4,,LOW,0.2,,2.312006736217157,0.7192909846008934,,,2.0,2.50617758761598,2.394115667515985,50.0,46.2,73.3,49.3,16.12,6.0,31.71,7.94,3.45,20.83,HOT,HOT,HOT,8.78,4.5,HOT,Green,Yellow,Green,Green,85.0,82.0,86.0,84.0,GOAL,86.0,0.0,0.0,0.0,0.0,1.0,0.0,A,Shooter,17.4,,85.5,,2.0,3.217479674796748,263.8333333333333,3.217479674796748,0.1739159095153865,17.4,17.4,4.11396083385976,2.7608338597599498,1.5919140871762476,8.179119624508436,8.069910250354274,85.5,84.8,False,,,,🥅 D:0,,False,False,2.0,,False,0.0,,False,0.0,,1.5,-700.0,Fanatics,2.5,-227.0,BetOnline.ag,3.5,110.0,Fanatics,4.5,240.0,Fanatics,3.5,110.0,Fanatics,0.5,-190.0,BetMGM,1.5,235.0,Fanatics,2.5,800.0,Fanatics,3.5,3000.0,Fanatics,0.5,-190.0,BetMGM,0.5,130.0,Fanatics,1.5,700.0,Fanatics,2.5,3000.0,Fanatics,,,,0.5,130.0,Fanatics,0.5,138.0,Caesars,,,,,,,,,,0.5,138.0,Caesars,0.5,138.0,Caesars,,,,,,,,,,0.5,138.0,Caesars,The Odds API,"[""Bally Bet"", ""BetMGM"", ""BetRivers"", ""Bovada"", ""Caesars"", ""Courtside"", ""DraftKings"", ""FanDuel"", ""Fanatics"", ""Hard Rock Bet"", ""fanduel"", ""theScore Bet""]",The Odds API,"[""Bally Bet"", ""BetMGM"", ""BetRivers"", ""Bovada"", ""Caesars"", ""Courtside"", ""DraftKings"", ""FanDuel"", ""Fanatics"", ""caesars""]",The Odds API,"[""Bally Bet"", ""BetMGM"", ""BetOnline.ag"", ""BetRivers"", ""Bovada"", ""Courtside"", ""DraftKings"", ""FanDuel"", ""Fanatics"", ""Hard Rock Bet"", ""ReBet"", ""betmgm"", ""theScore Bet""]",0.5,230.0,BetMGM,1.5,750.0,Bovada,,,,,,,0.5,230.0,BetMGM,The Odds API,"[""Bally Bet"", ""BetMGM"", ""BetRivers"", ""Bovada"", ""Hard Rock Bet"", ""theScore Bet""]",The Odds API,"[""Bally Bet"", ""BetMGM"", ""BetOnline.ag"", ""BetRivers"", ""Caesars"", ""Courtside"", ""DraftKings"", ""FanDuel"", ""Fanatics"", ""Hard Rock Bet"", ""ReBet"", ""betmgm"", ""theScore Bet""]",The Odds API,"[""Bally Bet"", ""BetMGM"", ""BetOnline.ag"", ""BetRivers"", ""Bovada"", ""Courtside"", ""DraftKings"", ""FanDuel"", ""Fanatics"", ""Hard Rock Bet"", ""ReBet"", ""fanduel"", ""theScore Bet""]",2026-10-09T17:28:13.749821+00:00,ALTLINE_NB_v1_2026-01-18,3.5,110.0,Fanatics,exp/fallback,3.1710000000000003,0.3752338791644857,37.5,0.4761904761904761,-21.200885375458,-21.2,0.7319528189948734,73.2,-16.348249257728753,-16.3,0.5426512932401402,54.3,-21.829527361442366,-21.8,0.3752338791644857,37.5,-21.200885375458,-21.2,0.2456785751539815,24.6,-16.46928444764629,-16.5,0.5,-190.0,BetMGM,exp/fallback,1.612,0.7214653717993,72.1,0.6551724137931034,10.118398853577371,10.1,0.7214653717993,72.1,10.118398853577371,10.1,0.4344190729503494,43.4,45.53038943836707,45.5,0.2347418719673912,23.5,111.26768477065214,111.3,0.1181337226314797,11.8,266.21454015758707,266.2,0.5,130.0,Fanatics,exp/fallback,0.8779999999999999,0.5170764192761844,51.7,0.4347826086956521,18.927576433522415,18.9,0.5170764192761844,51.7,18.927576433522415,18.9,0.2224225597379564,22.2,77.93804779036516,77.9,0.0875861688373844,8.8,171.51712339589182,171.5,,,,,0.5,138.0,Caesars,exp/fallback,0.42,0.3217451732655292,32.2,0.4201680672268907,-23.42464876280405,-23.4,0.3217451732655292,32.2,-23.42464876280405,-23.4,,,,,,,,,,,,,0.5,138.0,Caesars,exp/fallback,0.495,0.3489468684505953,34.9,0.4201680672268907,-16.95064530875832,-17.0,0.3489468684505953,34.9,-16.95064530875832,-17.0,,,,,,,,,,,,,False,True,False,False,True,17.6,,Active roster,2026-10-09T17:28:13+00:00,False,"[{""market"":""Points"",""name"":""Hammer Fists"",""kind"":""FLOOR"",""rule"":""Conf_Points >= 80"",""icon"":""PTS05_HAMMER_FISTS.svg"",""kit_version"":""2026-09-24-frozen-v2""},{""market"":""Points"",""name"":""Gaia’s Blessing"",""kind"":""TIER"",""rule"":""Conf_Points >= 80 + Assists_mu >= 0.746"",""icon"":""PTS05_GAIAS_BLESSING.svg"",""kit_version"":""2026-09-24-frozen-v2""},{""market"":""Points"",""name"":""Gaia’s Blessing+ (Press)"",""kind"":""HEAVY"",""rule"":""Conf_Points >= 81 + Assists_mu >= 0.746"",""icon"":""PTS05_GAIAS_BLESSING.svg"",""kit_version"":""2026-09-24-frozen-v2""},{""market"":""Points"",""name"":""Gaia’s Blessing++ (Smash)"",""kind"":""HEAVY"",""rule"":""Conf_Points >= 83 + Assists_mu >= 0.746"",""icon"":""PTS05_GAIAS_BLESSING.svg"",""kit_version"":""2026-09-24-frozen-v2""},{""market"":""Assists"",""name"":""Staff (Green Stance)"",""kind"":""STANCE"",""rule"":""Green + Assists 0.5"",""icon"":""staff.svg"",""kit_version"":""2026-09-24-frozen-v2""},{""market"":""Assists"",""name"":""Staff Awakened"",""kind"":""STANCE"",""rule"":""Green + Assists 0.5 + Conf_Assists ≥ 83"",""icon"":""staff.svg"",""kit_version"":""2026-09-24-frozen-v2""},{""market"":""Goal"",""name"":""Base Attack"",""kind"":""BASE ATTACK"",""rule"":""Goal_mu >= 0.4048"",""icon"":""base.svg"",""kit_version"":""2026-09-24-frozen-v2""},{""market"":""Goal"",""name"":""Weakened Armor"",""kind"":""WEAK DEFENSE"",""rule"":""Opp_PK_xGA60 >= 7.3"",""icon"":""shattered_armor.svg"",""kit_version"":""2026-09-24-frozen-v2""},{""market"":""Goal"",""name"":""Fallen Guardian"",""kind"":""WEAK DEFENSE"",""rule"":""Opp_GAA >= 3.01"",""icon"":""fenrir_claw.svg"",""kit_version"":""2026-09-24-frozen-v2""},{""market"":""Goal"",""name"":""Armor Sunder"",""kind"":""HEAVY ATTACK"",""rule"":""Goal_mu >= 0.4048 + Opp_PK_xGA60 >= 7.3"",""icon"":""smash.svg"",""kit_version"":""2026-09-24-frozen-v2""},{""market"":""Goal"",""name"":""Berserker Aggression"",""kind"":""HEAVY ATTACK"",""rule"":""Goal_mu >= 0.4048 + Opp_GAA >= 3.01"",""icon"":""fury.svg"",""kit_version"":""2026-09-24-frozen-v2""},{""market"":""Goal"",""name"":""Press the Attack"",""kind"":""SPECIAL ATTACK"",""rule"":""Goal_mu >= 0.4048 + Opp_PK_xGA60 >= 7.3 + Opp_GAA >= 2.85"",""icon"":""smash.svg"",""kit_version"":""2026-09-24-frozen-v2""},{""market"":""Goal"",""name"":""Press the Attack (Crit)"",""kind"":""SPECIAL ATTACK"",""rule"":""Goal_mu >= 0.4048 + Opp_PK_xGA60 >= 7.3 + Opp_GAA >= 3.01"",""icon"":""smash.svg"",""kit_version"":""2026-09-24-frozen-v2""},{""market"":""Goal"",""name"":""FOR VALHALLA!"",""kind"":""ULTIMATE ATTACK"",""rule"":""Goal_mu >= 0.4048 + Opp_GAA >= 3.01 + StarScore <= 96.9"",""icon"":""valhalla.svg"",""kit_version"":""2026-09-24-frozen-v2""}]",2025-2026,,2026-09-24-frozen-v2,2026-10-09T17:28:17.103488+00:00
2026-10-09,SEA@DET,2026020066,6:00 PM,2026-10-09T23:00:00Z,Andreas Englund,8477971,NSH,True,,2026-27,DET,D,,Healthy,Unknown,,,3.0,0.0,,19.0,12.0,2026-10-09T17:27:50+00:00,SEA,Joey Daccord,0.8961038961038961,3.029834213115667,56.2,Unconfirmed,dailyfaceoff_name_and_stats,27.62,8.0,27.62,8.0,,5.1,6.9,A1+A2,8.82,4.6,5.6,0.94,NONE,False,False,25.99016902875088,2.3782259155553187,41.7,41.7,12.0,2.4,True,,,,,50.0,,,,,,,,,,,,,,,,,,,,,,,,,,,,,,,,,,,,,,,,0.0,0.0,,,0.0,2.50617758761598,2.394115667515985,50.0,46.2,27.5,49.3,0.22,0.22,,,,,COOL,COOL,COOL,0.0,,COOL,Red,Red,Red,Red,20.0,16.0,17.0,13.0,POINTS,20.0,,,,,,,,Passenger,0.0,,85.5,,,0.0,0.0,0.0,0.0,0.0,0.0,0.0,,,8.179119624508436,8.069910250354274,85.5,21.7,False,,,,,,False,False,0.0,,False,0.0,,False,0.0,,,,,,,,,,,,,,,,,,,,,,,,,,,,,,,,,,,,,,,,,,,,,,,,,,,,,,,,,,,,,,,,,,,,,,,,,,,,,,,,,,,,,,,,,,,,,,,,,,,,,,,,2026-10-09T17:28:13.749821+00:00,ALTLINE_NB_v1_2026-01-18,,,,league_avg,2.3,,,,,,,,,,,,,,,,,,,,,,,,,exp/fallback,0.022,,,,,,,,,,,,,,,,,,,,,,,,,league_avg,0.35,,,,,,,,,,,,,,,,,,,,,,,,,exp/fallback,0.1888,,,,,,,,,,,,,,,,,,,,,,,,,exp/fallback,0.1192999999999999,,,,,,,,,,,,,,,,,,,,,,False,False,False,False,False,,,Active roster,2026-10-09T17:28:13+00:00,False,[],2025-2026,,2026-09-24-frozen-v2,2026-10-09T17:28:17.103488+00:00
2026-10-09,SEA@DET,2026020066,6:00 PM,2026-10-09T23:00:00Z,Andrew Copp,8477429,DET,False,"{""season"":""2026-27"",""games"":[{""d"":""2026-10-06"",""g"":0,""a"":0,""s"":3,""pp"":0,""h"":""H"",""toi"":""18:24""},{""d"":""2026-10-04"",""g"":0,""a"":1,""s"":1,""pp"":1,""h"":""H"",""toi"":""23:44""},{""d"":""2026-10-02"",""g"":0,""a"":0,""s"":1,""pp"":0,""h"":""H"",""toi"":""22:17""}]}",2026-27,DET,C,,Healthy,Unknown,,,3.0,0.0,,19.0,12.0,2026-10-09T17:27:50+00:00,SEA,Joey Daccord,0.8961038961038961,3.029834213115667,56.2,Unconfirmed,dailyfaceoff_name_and_stats,27.62,8.0,27.62,8.0,5.9,86.8,89.1,A1+A2,16.57,64.2,83.1,1.13,NONE,False,False,25.99016902875088,2.3782259155553187,41.7,41.7,12.0,2.4,True,1.0,,1.6666666666666667,1.2333333333333334,37.9,1.0,0.0,5.0,0.0,1.0,1.0,1.0,1.0,1.0,1.0,5.0,5.0,LOW,0.1,-0.4,LOW,0.05,,LOW,0.025,,LOW,0.1,,LOW,0.05,,LOW,0.025,,LOW,0.5,,LOW,0.25,,LOW,0.125,,1.5050167224080269,0.5788525855415487,,,1.0,2.50617758761598,2.394115667515985,50.0,46.2,61.2,49.3,8.48,2.84,13.56,6.71,2.84,7.33,HOT,HOT,HOT,5.36,3.87,HOT,Yellow,Red,Yellow,Yellow,77.0,63.0,67.0,74.0,POINTS,77.0,1.0,1.0,3.0,0.0,1.0,1.0,C,Passenger,7.9,,85.5,,0.0,1.3025316455696203,102.9,1.3025316455696203,0.0785926142800769,7.9,7.9,4.62536443148688,1.5276967930029155,3.6443148688046647,8.179119624508436,8.069910250354274,85.5,80.8,False,,,,🅿️ D:1,,False,False,1.0,,False,0.0,,False,0.0,,1.5,-104.0,BetRivers,2.5,300.0,BetOnline.ag,3.5,950.0,BetOnline.ag,4.5,3200.0,BetOnline.ag,1.5,-104.0,BetRivers,0.5,145.0,Hard Rock Bet,1.5,850.0,DraftKings,2.5,3500.0,Fanatics,3.5,3500.0,BetOnline.ag,0.5,145.0,Hard Rock Bet,0.5,255.0,Bovada,1.5,1700.0,BetOnline.ag,,,,,,,0.5,255.0,Bovada,0.5,450.0,Hard Rock Bet,,,,,,,,,,0.5,450.0,Hard Rock Bet,0.5,450.0,DraftKings,,,,,,,,,,0.5,450.0,DraftKings,The Odds API,"[""Bally Bet"", ""BetMGM"", ""BetRivers"", ""Bovada"", ""Caesars"", ""Courtside"", ""DraftKings"", ""FanDuel"", ""Fanatics"", ""Hard Rock Bet"", ""theScore Bet""]",The Odds API,"[""Bally Bet"", ""BetMGM"", ""BetRivers"", ""Bovada"", ""Caesars"", ""Courtside"", ""DraftKings"", ""FanDuel"", ""Fanatics"", ""fanatics""]",The Odds API,"[""Bally Bet"", ""BetMGM"", ""BetOnline.ag"", ""BetRivers"", ""Bovada"", ""Courtside"", ""DraftKings"", ""Fanatics"", ""Hard Rock Bet"", ""ReBet"", ""draftkings"", ""theScore Bet""]",0.5,625.0,Bovada,,,,,,,,,,0.5,625.0,Bovada,The Odds API,"[""Bovada"", ""Hard Rock Bet"", ""theScore Bet""]",The Odds API,"[""Bally Bet"", ""BetMGM"", ""BetOnline.ag"", ""BetRivers"", ""Caesars"", ""Courtside"", ""DraftKings"", ""Fanatics"", ""Hard Rock Bet"", ""ReBet"", ""draftkings"", ""theScore Bet""]",The Odds API,"[""Bally Bet"", ""BetMGM"", ""BetOnline.ag"", ""BetRivers"", ""Courtside"", ""DraftKings"", ""Fanatics"", ""ReBet""]",2026-10-09T17:28:13.749821+00:00,ALTLINE_NB_v1_2026-01-18,1.5,-104.0,BetRivers,exp/fallback,1.356,0.3738824394978299,37.4,0.5098039215686274,-26.66152148311797,-26.7,0.3738824394978299,37.4,-26.66152148311797,-26.7,0.1744866725173213,17.4,-30.20533099307148,-30.2,0.0735230205286843,7.4,-22.80082844488147,-22.8,0.0287906183313289,2.9,-4.990959506614634,-5.0,0.5,145.0,Hard Rock Bet,exp/fallback,0.8480000000000001,0.5241109532428108,52.4,0.4081632653061224,28.407183544488635,28.4,0.5241109532428108,52.4,28.407183544488635,28.4,0.2129188560419346,21.3,102.27291323983788,102.3,0.075560468906076,7.6,172.01768806187374,172.0,0.0246618849828152,2.5,-11.217214061864931,-11.2,0.5,255.0,Bovada,exp/fallback,0.536,0.3780413776632269,37.8,0.2816901408450704,34.20468907044554,34.2,0.3780413776632269,37.8,34.20468907044554,34.2,0.1151314237416887,11.5,107.2365627350397,107.2,,,,,,,,,0.5,450.0,Hard Rock Bet,exp/fallback,0.2201999999999999,0.1902556414480322,19.0,0.1818181818181818,4.640602796417703,4.6,0.1902556414480322,19.0,4.640602796417703,4.6,,,,,,,,,,,,,0.5,450.0,DraftKings,exp/fallback,0.2171999999999999,0.1838634205264443,18.4,0.1818181818181818,1.1248812895443885,1.1,0.1838634205264443,18.4,1.1248812895443885,1.1,,,,,,,,,,,,,False,True,False,False,True,5.9,,Active roster,2026-10-09T17:28:13+00:00,False,[],2025-2026,,2026-09-24-frozen-v2,2026-10-09T17:28:17.103488+00:00
2026-10-09,SEA@DET,2026020066,6:00 PM,2026-10-09T23:00:00Z,Anton Johansson,8483679,,,,,DET,D,,Unknown,,,,,,,,,,,,,,,,,,,,,,,,,,,,,,,,,,,,,,,,,,,,,,,,,,,,,,,,,,,,,,,,,,,,,,,,,,,,,,,,,,,,,,,,,,,,,,,,,,,,,,,,,,,,,,,,,,,,,,,,,,,,,,,,,,,,,,,,,,,,,,,,,,,,,,,,,,,,,,,,,,,,,,,,,,,,,,,,,,,,,,,,,,,,,,,,,,,,,,,,,,,,,,,,,,,,,,,,,,,,,,,,,,,,,,,,,,,,,,,,,,,,,,,,,,,,,,,,,,,,,,,,,,,,,,,,,,,,,,,,,,,,,,,,,,,,,,,,,,,,,,,,,,,,,,,,,,,,,,,,,,,,,,,,,,,,,,,,,,,,0.5,2000.0,fanduel,,,,,,,,,,,,,,,,,,,,,,,,,,,,,,,,,,,,,,,,,,,,,,,,,,,,,,,,,Active roster,2026-10-09T17:28:13+00:00,True,[],Unavailable,True,2026-09-24-frozen-v2,2026-10-09T17:28:17.103488+00:00
2026-10-09,SEA@DET,2026020066,6:00 PM,2026-10-09T23:00:00Z,Axel Sandin-Pellikka,8484223,DET,False,,2026-27,DET,D,,Healthy,Unknown,,,3.0,0.0,,19.0,12.0,2026-10-09T17:27:50+00:00,SEA,Joey Daccord,0.8961038961038961,3.029834213115667,56.2,Unconfirmed,dailyfaceoff_name_and_stats,27.62,8.0,27.62,8.0,,38.1,58.4,A1+A2,16.21,61.5,49.9,1.0,NONE,False,False,25.99016902875088,2.3782259155553187,41.7,41.7,12.0,2.4,True,,,,,50.0,,,,,,,,,,,,,,,,,,,,,,,,,,,,,,,,,,,,,,,,0.8943623232126062,0.2555320923464589,,,0.0,2.50617758761598,2.394115667515985,50.0,46.2,46.0,49.3,2.57,0.52,,,,,COOL,COOL,COOL,2.06,,COOL,Red,Red,Red,Red,54.0,39.0,39.0,48.0,POINTS,54.0,,,,,,,B,Distributor,10.4,,85.5,,1.0,1.686764705882353,114.7,1.686764705882353,0.1040520108859994,10.4,10.4,2.826068003487358,0.4917175239755885,2.746294681778553,8.179119624508436,8.069910250354274,85.5,80.0,False,,,,,,False,False,0.0,,False,0.0,,False,0.0,,,,,,,,,,,,,,,,,,,,,,,,,,,,,,,,,,,,,,,,,,,,,,,,,,,,,,,,,,,,,,0.5,750.0,betrivers,,,,,,,,,,0.5,750.0,betrivers,,,BallDontLie,"[""betrivers""]",,,,,,,,,,,,,,,,,,,,,,,,2026-10-09T17:28:13.749821+00:00,ALTLINE_NB_v1_2026-01-18,,,,league_avg,2.3,,,,,,,,,,,,,,,,,,,,,,,,,exp/fallback,0.257,,,,,,,,,,,,,,,,,,,,,,,,,exp/fallback,0.206,,,,,,,,,,,,,,,,,,,,,,,,,exp/fallback,0.2008,,,,,,,,,,,,,,,,,,,,,,0.5,750.0,betrivers,exp/fallback,0.1388,0.1244399629144471,12.4,0.1176470588235294,5.773968477280079,5.8,0.1244399629144471,12.4,5.773968477280079,5.8,,,,,,,,,,,,,False,False,False,False,False,,,Active roster,2026-10-09T17:28:13+00:00,False,[],2025-2026,,2026-09-24-frozen-v2,2026-10-09T17:28:17.103488+00:00
2026-10-09,SEA@DET,2026020066,6:00 PM,2026-10-09T23:00:00Z,Ben Chiarot,8475279,DET,False,,2026-27,DET,D,,Healthy,Unknown,,,3.0,1.0,🟢 ROLE+,19.0,12.0,2026-10-09T17:27:50+00:00,SEA,Joey Daccord,0.8961038961038961,3.029834213115667,56.2,Unconfirmed,dailyfaceoff_name_and_stats,27.62,8.0,27.62,8.0,,43.8,49.3,A1+A2,20.84,89.6,54.9,1.02,NONE,False,False,25.99016902875088,2.3782259155553187,41.7,41.7,12.0,2.4,True,,,,,50.0,,,,,,,,,,,,,,,,,,,,,,,,,,,,,,,,,,,,,,,,0.5632984252232517,0.1609424072066433,,,0.0,2.50617758761598,2.394115667515985,50.0,46.2,39.4,49.3,1.78,0.54,,,,,COOL,COOL,COOL,1.24,,COOL,Red,Red,Red,Red,54.0,46.0,46.0,48.0,POINTS,54.0,,,,,,,C,Passenger,0.5,,85.5,,0.0,0.1093495934959349,8.966666666666667,0.1093495934959349,0.0052479612938468,0.5,0.5,0.0,0.0,0.0,8.179119624508436,8.069910250354274,85.5,42.6,False,,,,,,False,False,0.0,,False,0.0,,False,0.0,,,,,,,,,,,,,,,,,,,,,,,,,,,,,,,,,,,,,,,,,,,,,,,0.5,2000.0,Fanatics,,,,,,,,,,0.5,2000.0,Fanatics,0.5,2500.0,fanduel,,,,,,,,,,0.5,2500.0,fanduel,The Odds API,"[""Bally Bet"", ""BetMGM"", ""BetRivers"", ""Bovada"", ""Caesars"", ""Courtside"", ""DraftKings"", ""Fanatics"", ""Hard Rock Bet"", ""theScore Bet""]",BallDontLie,"[""Bally Bet"", ""BetMGM"", ""BetRivers"", ""Bovada"", ""Caesars"", ""Courtside"", ""DraftKings"", ""Fanatics"", ""fanduel""]",,,,,,,,,,,,,,,,,,,,,,,,2026-10-09T17:28:13.749821+00:00,ALTLINE_NB_v1_2026-01-18,,,,league_avg,2.3,,,,,,,,,,,,,,,,,,,,,,,,,exp/fallback,0.178,,,,,,,,,,,,,,,,,,,,,,,,,exp/fallback,0.124,,,,,,,,,,,,,,,,,,,,,,0.5,2000.0,Fanatics,exp/fallback,0.2016,0.1762462538831184,17.6,0.0476190476190476,270.1171331545487,270.1,0.1762462538831184,17.6,270.1171331545487,270.1,,,,,,,,,,,,,0.5,2500.0,fanduel,exp/fallback,0.1401,0.1254829719797822,12.5,0.0384615384615384,226.25572714743373,226.3,0.1254829719797822,12.5,226.25572714743373,226.3,,,,,,,,,,,,,False,False,True,True,False,,,Active roster,2026-10-09T17:28:13+00:00,False,[],2025-2026,,2026-09-24-frozen-v2,2026-10-09T17:28:17.103488+00:00
2026-10-09,SEA@DET,2026020066,6:00 PM,2026-10-09T23:00:00Z,Carter Mazur,8482802,DET,False,,2026-27,DET,L,,Healthy,Unknown,,,3.0,0.0,,19.0,12.0,2026-10-09T17:27:50+00:00,SEA,Joey Daccord,0.8961038961038961,3.029834213115667,56.2,Unconfirmed,dailyfaceoff_name_and_stats,27.62,8.0,27.62,8.0,,11.0,6.9,A1+A2,10.7,15.8,10.5,0.94,NONE,False,False,25.99016902875088,2.3782259155553187,41.7,41.7,12.0,2.4,True,,,,,50.0,,,,,,,,,,,,,,,,,,,,,,,,,,,,,,,,,,,,,,,,0.0,0.0,,,0.0,2.50617758761598,2.394115667515985,50.0,46.2,27.5,49.3,0.28,0.28,,,,,COOL,COOL,COOL,0.0,,COOL,Red,Red,Red,Red,21.0,21.0,21.0,14.0,POINTS,21.0,,,,,,,C,Passenger,0.8,,85.5,,0.0,0.08125,0.65,0.08125,0.0075949367088607,0.8,0.8,0.0,0.0,0.0,8.179119624508436,8.069910250354274,85.5,44.3,False,,,,,,False,False,0.0,,False,0.0,,False,0.0,,,,,,,,,,,,,,,,,,,,,,,,,,,,,,,,,,,,,,,,,,,,,,,0.5,1000.0,Hard Rock Bet,,,,,,,,,,0.5,1000.0,Hard Rock Bet,0.5,850.0,FanDuel,,,,,,,,,,0.5,850.0,FanDuel,The Odds API,"[""Bally Bet"", ""BetMGM"", ""BetRivers"", ""Bovada"", ""Caesars"", ""Courtside"", ""DraftKings"", ""FanDuel"", ""Fanatics"", ""Hard Rock Bet"", ""theScore Bet""]",The Odds API,"[""Bally Bet"", ""BetMGM"", ""BetRivers"", ""Bovada"", ""Caesars"", ""Courtside"", ""DraftKings"", ""FanDuel"", ""Fanatics"", ""fanduel""]",,,,,,,,,,,,,,,,,,,,,,,,2026-10-09T17:28:13.749821+00:00,ALTLINE_NB_v1_2026-01-18,,,,league_avg,2.3,,,,,,,,,,,,,,,,,,,,,,,,,exp/fallback,0.028,,,,,,,,,,,,,,,,,,,,,,,,,league_avg,0.35,,,,,,,,,,,,,,,,,,,,,,0.5,1000.0,Hard Rock Bet,exp/fallback,0.1911999999999999,0.1682647910636237,16.8,0.0909090909090909,85.09127016998606,85.1,0.1682647910636237,16.8,85.09127016998606,85.1,,,,,,,,,,,,,0.5,850.0,FanDuel,exp/fallback,0.1232,0.1117620033388435,11.2,0.1052631578947368,6.173903171901385,6.2,0.1117620033388435,11.2,6.173903171901385,6.2,,,,,,,,,,,,,False,False,True,False,False,,,Active roster,2026-10-09T17:28:13+00:00,False,[],2025-2026,,2026-09-24-frozen-v2,2026-10-09T17:28:17.103488+00:00
2026-10-09,SEA@DET,2026020066,6:00 PM,2026-10-09T23:00:00Z,Dylan Larkin,8477946,DET,False,"{""season"":""2026-27"",""games"":[{""d"":""2026-10-06"",""g"":1,""a"":1,""s"":4,""pp"":1,""h"":""H"",""toi"":""20:41""}]}",2026-27,DET,C,⭐ STAR,Healthy,Unknown,,,3.0,1.0,🟢 ROLE+,19.0,12.0,2026-10-09T17:27:50+00:00,SEA,Joey Daccord,0.8961038961038961,3.029834213115667,56.2,Unconfirmed,dailyfaceoff_name_and_stats,27.62,8.0,27.62,8.0,,98.2,88.4,A1+A2,20.19,88.1,92.7,1.21,STAR,False,True,25.99016902875088,2.3782259155553187,41.7,41.7,12.0,2.4,True,,,4.0,,50.0,2.0,1.0,4.0,1.0,1.0,1.0,2.0,2.0,1.0,1.0,4.0,4.0,LOW,0.2,-0.3,LOW,0.1,,LOW,0.05,,LOW,0.1,,LOW,0.05,,LOW,0.025,,LOW,0.4,,LOW,0.2,,LOW,0.1,,1.408252358822701,0.6196310378819885,,,1.0,2.50617758761598,2.394115667515985,50.0,46.2,58.8,49.3,11.97,6.05,,8.88,4.5,,HOT,HOT,COOL,5.92,4.38,HOT,Yellow,Yellow,Green,Yellow,81.0,75.0,79.0,79.0,POINTS,81.0,0.0,0.0,0.0,0.0,1.0,0.0,A,Shooter,15.5,,85.5,,2.0,3.1371621621621624,232.15,3.1371621621621624,0.1554038223382535,15.5,15.5,4.186948093904803,3.088520353219901,1.2922679302175315,8.179119624508436,8.069910250354274,85.5,81.6,False,,,,🅿️ D:0,,False,False,2.0,,False,0.0,,False,0.0,,1.5,-550.0,DraftKings,2.5,-190.0,DraftKings,3.5,120.0,DraftKings,4.5,255.0,DraftKings,1.5,-550.0,DraftKings,0.5,-170.0,Fanatics,1.5,265.0,Fanatics,2.5,1000.0,Fanatics,3.5,3000.0,Fanatics,0.5,-170.0,Fanatics,0.5,145.0,DraftKings,1.5,850.0,DraftKings,2.5,3500.0,Fanatics,,,,0.5,145.0,DraftKings,0.5,170.0,BetMGM,,,,,,,,,,0.5,170.0,BetMGM,0.5,170.0,BetMGM,,,,,,,,,,0.5,170.0,BetMGM,The Odds API,"[""Bally Bet"", ""BetMGM"", ""BetRivers"", ""Bovada"", ""Caesars"", ""Courtside"", ""DraftKings"", ""FanDuel"", ""Fanatics"", ""Hard Rock Bet"", ""theScore Bet""]",The Odds API,"[""Bally Bet"", ""BetMGM"", ""BetRivers"", ""Bovada"", ""Caesars"", ""Courtside"", ""DraftKings"", ""FanDuel"", ""Fanatics""]",The Odds API,"[""Bally Bet"", ""BetMGM"", ""BetOnline.ag"", ""BetRivers"", ""Bovada"", ""Courtside"", ""DraftKings"", ""FanDuel"", ""Fanatics"", ""Hard Rock Bet"", ""ReBet"", ""theScore Bet""]",0.5,250.0,BetMGM,1.5,1000.0,Bovada,,,,,,,0.5,250.0,BetMGM,The Odds API,"[""Bally Bet"", ""BetMGM"", ""BetRivers"", ""Bovada"", ""Hard Rock Bet"", ""theScore Bet""]",The Odds API,"[""Bally Bet"", ""BetMGM"", ""BetOnline.ag"", ""BetRivers"", ""Caesars"", ""Courtside"", ""DraftKings"", ""FanDuel"", ""Fanatics"", ""Hard Rock Bet"", ""ReBet"", ""theScore Bet""]",The Odds API,"[""Bally Bet"", ""BetMGM"", ""BetOnline.ag"", ""BetRivers"", ""Bovada"", ""Courtside"", ""DraftKings"", ""FanDuel"", ""Fanatics"", ""Hard Rock Bet"", ""ReBet"", ""theScore Bet""]",2026-10-09T17:28:13.749821+00:00,ALTLINE_NB_v1_2026-01-18,1.5,-550.0,DraftKings,exp/fallback,0.4,0.0686180154112674,6.9,0.8461538461538461,-91.8905981786684,-91.9,0.0686180154112674,6.9,-91.8905981786684,-91.9,0.0121706224058896,1.2,-98.14237868541684,-98.1,0.0019074600412755,0.2,-99.5803587909194,-99.6,0.0002746842105414,0.0,-99.9024871052578,-99.9,0.5,-170.0,Fanatics,exp/fallback,1.197,0.6320334782662,63.2,0.6296296296296297,0.3817877246317713,0.4,0.6320334782662,63.2,0.3817877246317713,0.4,0.3216237199834146,32.2,17.39265779394634,17.4,0.1448709630515048,14.5,59.3580593566553,59.4,0.0603779259276354,6.0,87.17157037566994,87.2,0.5,145.0,DraftKings,exp/fallback,0.592,0.4046258192348728,40.5,0.4081632653061224,-0.8666742874561595,-0.9,0.4046258192348728,40.5,-0.8666742874561595,-0.9,0.132664773700185,13.3,26.031535015175777,26.0,0.0394929340262641,3.9,42.1745624945511,42.2,,,,,0.5,170.0,BetMGM,exp/fallback,0.3165,0.2577065424827852,25.8,0.3703703703703703,-30.419233529647983,-30.4,0.2577065424827852,25.8,-30.419233529647983,-30.4,,,,,,,,,,,,,0.5,170.0,BetMGM,exp/fallback,0.3736874999999999,0.2843260050162418,28.4,0.3703703703703703,-23.231978645614703,-23.2,0.2843260050162418,28.4,-23.231978645614703,-23.2,,,,,,,,,,,,,False,False,False,False,False,,,Active roster,2026-10-09T17:28:13+00:00,False,[],2025-2026,,2026-09-24-frozen-v2,2026-10-09T17:28:17.103488+00:00
2026-10-09,SEA@DET,2026020066,6:00 PM,2026-10-09T23:00:00Z,Emmitt Finnie,8484471,DET,False,"{""season"":""2026-27"",""games"":[{""d"":""2026-10-06"",""g"":0,""a"":0,""s"":2,""pp"":0,""h"":""H"",""toi"":""18:17""},{""d"":""2026-10-04"",""g"":1,""a"":0,""s"":2,""pp"":0,""h"":""H"",""toi"":""16:56""},{""d"":""2026-10-02"",""g"":0,""a"":0,""s"":1,""pp"":0,""h"":""H"",""toi"":""14:24""}]}",2026-27,DET,C,,Healthy,Unknown,,,3.0,0.0,,19.0,12.0,2026-10-09T17:27:50+00:00,SEA,Joey Daccord,0.8961038961038961,3.029834213115667,56.2,Unconfirmed,dailyfaceoff_name_and_stats,27.62,8.0,27.62,8.0,11.8,85.7,66.1,A1+A2,15.5,53.1,72.3,1.09,NONE,False,False,25.99016902875088,2.3782259155553187,41.7,41.7,12.0,2.4,True,2.0,,1.6666666666666667,1.8833333333333333,55.2,1.0,1.0,5.0,1.0,0.0,0.0,1.0,1.0,0.0,0.0,5.0,5.0,LOW,0.1,-0.4,LOW,0.05,,LOW,0.025,,LOW,0.0,,LOW,0.0,,LOW,0.0,,LOW,0.5,,LOW,0.25,,LOW,0.125,,1.1162617633835137,0.4465047053534053,,,0.0,2.50617758761598,2.394115667515985,50.0,46.2,51.9,49.3,4.81,2.55,18.83,3.81,1.55,13.83,HOT,WARM,HOT,2.26,2.26,WARM,Red,Red,Yellow,Red,62.0,67.0,69.0,59.0,GOAL,69.0,1.0,3.0,1.0,3.0,0.0,3.0,B,Hybrid,8.6,,85.5,,1.0,1.327439024390244,108.85,1.327439024390244,0.0856412273800157,8.6,8.6,3.584290307762977,2.0615525953146534,1.7914561322921454,8.179119624508436,8.069910250354274,85.5,72.2,False,,,,🥅 D:1,,False,False,1.0,,False,0.0,,False,0.0,,1.5,-105.0,theScore Bet,2.5,280.0,Fanatics,3.5,800.0,Fanatics,4.5,2400.0,BetOnline.ag,1.5,-105.0,theScore Bet,0.5,160.0,DraftKings,1.5,950.0,DraftKings,2.5,1600.0,BetOnline.ag,3.5,3300.0,BetOnline.ag,0.5,160.0,DraftKings,0.5,310.0,Bovada,1.5,1900.0,Fanatics,,,,,,,0.5,310.0,Bovada,0.5,450.0,DraftKings,,,,,,,,,,0.5,450.0,DraftKings,0.5,450.0,DraftKings,,,,,,,,,,0.5,450.0,DraftKings,The Odds API,"[""Bally Bet"", ""BetMGM"", ""BetRivers"", ""Bovada"", ""Caesars"", ""Courtside"", ""DraftKings"", ""FanDuel"", ""Fanatics"", ""Hard Rock Bet"", ""theScore Bet""]",The Odds API,"[""Bally Bet"", ""BetMGM"", ""BetRivers"", ""Bovada"", ""Caesars"", ""Courtside"", ""DraftKings"", ""FanDuel"", ""Fanatics"", ""betrivers""]",The Odds API,"[""Bally Bet"", ""BetMGM"", ""BetOnline.ag"", ""BetRivers"", ""Bovada"", ""Courtside"", ""DraftKings"", ""Fanatics"", ""Hard Rock Bet"", ""ReBet"", ""draftkings"", ""theScore Bet""]",,,,,,,,,,,,,,,,,,The Odds API,"[""Bally Bet"", ""BetMGM"", ""BetOnline.ag"", ""BetRivers"", ""Caesars"", ""Courtside"", ""DraftKings"", ""Fanatics"", ""Hard Rock Bet"", ""ReBet"", ""draftkings"", ""theScore Bet""]",The Odds API,"[""Bally Bet"", ""BetMGM"", ""BetOnline.ag"", ""BetRivers"", ""Bovada"", ""Courtside"", ""DraftKings"", ""Fanatics"", ""Hard Rock Bet"", ""ReBet"", ""theScore Bet""]",2026-10-09T17:28:13.749821+00:00,ALTLINE_NB_v1_2026-01-18,1.5,-105.0,theScore Bet,exp/fallback,1.883,0.5126551282866589,51.3,0.5121951219512195,0.089810760728648,0.1,0.5126551282866589,51.3,0.089810760728648,0.1,0.2937038348872862,29.4,11.607457257168765,11.6,0.1535422556008613,15.4,38.18803004077519,38.2,0.0750334260676993,7.5,87.5835651692484,87.6,0.5,160.0,DraftKings,exp/fallback,0.481,0.3588872827501463,35.9,0.3846153846153846,-6.689306484961943,-6.7,0.3588872827501463,35.9,-6.689306484961943,-6.7,0.0949464970291043,9.5,-0.3061781194404922,-0.3,0.0215994909059568,2.2,-63.28086545987343,-63.3,0.0044882237608667,0.4,-84.74003921305298,-84.7,0.5,310.0,Bovada,exp/fallback,0.2259999999999999,0.1927469931843628,19.3,0.2439024390243902,-20.97373279441124,-21.0,0.1927469931843628,19.3,-20.97373279441124,-21.0,0.0288303898237752,2.9,-42.33922035244944,-42.3,,,,,,,,,0.5,450.0,DraftKings,exp/fallback,0.2397,0.2045873430907268,20.5,0.1818181818181818,12.523038699899736,12.5,0.2045873430907268,20.5,12.523038699899736,12.5,,,,,,,,,,,,,0.5,450.0,DraftKings,exp/fallback,0.2301375,0.1930301271461338,19.3,0.1818181818181818,6.166569930373633,6.2,0.1930301271461338,19.3,6.166569930373633,6.2,,,,,,,,,,,,,False,False,True,False,False,11.8,,Active roster,2026-10-09T17:28:13+00:00,False,[],2025-2026,,2026-09-24-frozen-v2,2026-10-09T17:28:17.103488+00:00
2026-10-09,SEA@DET,2026020066,6:00 PM,2026-10-09T23:00:00Z,Jacob Bernard-Docker,8480879,DET,False,,2026-27,DET,D,,Healthy,Unknown,,,3.0,0.0,,19.0,12.0,2026-10-09T17:27:50+00:00,SEA,Joey Daccord,0.8961038961038961,3.029834213115667,56.2,Unconfirmed,dailyfaceoff_name_and_stats,27.62,8.0,27.62,8.0,,26.5,31.9,A1+A2,14.81,48.5,32.8,0.94,NONE,False,False,25.99016902875088,2.3782259155553187,41.7,41.7,12.0,2.4,True,,,,,50.0,,,,,,,,,,,,,,,,,,,,,,,,,,,,,,,,,,,,,,,,0.3596331741623544,0.1438532696649417,,,0.0,2.50617758761598,2.394115667515985,50.0,46.2,36.0,49.3,0.84,0.24,,,,,COOL,COOL,COOL,0.6,,COOL,Red,Red,Red,Red,38.0,32.0,32.0,32.0,POINTS,38.0,,,,,,,C,Passenger,0.1,,85.5,,0.0,0.0169312169312169,1.0666666666666669,0.0169312169312169,0.0011432041869853,0.1,0.1,0.0,0.0,0.0,8.179119624508436,8.069910250354274,85.5,34.1,False,,,,,,False,False,0.0,,False,0.0,,False,0.0,,,,,,,,,,,,,,,,,,,,,,,,,,,,,,,,,,,,,,,,,,,,,,,,,,,,,,,,,,,,,,,,,,,,,,,,,,,,,,,,,,,,,,,,,,,,,,,,,,,,,,,,2026-10-09T17:28:13.749821+00:00,ALTLINE_NB_v1_2026-01-18,,,,league_avg,2.3,,,,,,,,,,,,,,,,,,,,,,,,,exp/fallback,0.0839999999999999,,,,,,,,,,,,,,,,,,,,,,,,,exp/fallback,0.06,,,,,,,,,,,,,,,,,,,,,,,,,exp/fallback,0.1896,,,,,,,,,,,,,,,,,,,,,,,,,exp/fallback,0.1206,,,,,,,,,,,,,,,,,,,,,,False,False,False,False,False,,,Active roster,2026-10-09T17:28:13+00:00,False,[],2025-2026,,2026-09-24-frozen-v2,2026-10-09T17:28:17.103488+00:00
2026-10-09,SEA@DET,2026020066,6:00 PM,2026-10-09T23:00:00Z,Justin Faulk,8475753,DET,False,"{""season"":""2026-27"",""games"":[{""d"":""2026-10-06"",""g"":1,""a"":1,""s"":3,""pp"":1,""h"":""H"",""toi"":""18:21""},{""d"":""2026-10-04"",""g"":0,""a"":0,""s"":3,""pp"":0,""h"":""H"",""toi"":""19:32""},{""d"":""2026-10-02"",""g"":0,""a"":0,""s"":1,""pp"":0,""h"":""H"",""toi"":""21:29""}]}",2026-27,DET,D,,Healthy,Unknown,,,3.0,1.0,🟢 ROLE+,19.0,12.0,2026-10-09T17:27:50+00:00,SEA,Joey Daccord,0.8961038961038961,3.029834213115667,56.2,Unconfirmed,dailyfaceoff_name_and_stats,27.62,8.0,27.62,8.0,17.6,59.7,77.8,A1+A2,22.01,94.2,72.9,1.09,NONE,False,False,25.99016902875088,2.3782259155553187,41.7,41.7,12.0,2.4,True,3.0,,2.333333333333333,2.7666666666666666,79.3,2.0,1.0,7.0,1.0,1.0,1.0,2.0,2.0,1.0,1.0,7.0,7.0,LOW,0.2,-0.3,LOW,0.1,,LOW,0.05,,LOW,0.1,,LOW,0.05,,LOW,0.025,,LOW,0.7,,LOW,0.35,,LOW,0.175,,1.0750761512273783,0.301021322343666,,,1.0,2.50617758761598,2.394115667515985,50.0,46.2,50.8,49.3,4.46,1.1,30.44,2.46,0.1,20.67,WARM,COOL,HOT,3.7,2.36,WARM,Yellow,Red,Red,Yellow,70.0,61.0,61.0,68.0,POINTS,70.0,0.0,0.0,0.0,0.0,1.0,0.0,B,Distributor,8.5,,85.5,,1.0,1.8807692307692303,146.7,1.8807692307692303,0.0854488442757428,8.5,8.5,2.703476482617587,0.6175869120654397,2.4539877300613497,8.179119624508436,8.069910250354274,85.5,76.4,False,,,,🅿️ D:0,,False,False,0.0,,False,0.0,,False,0.0,,1.5,-130.0,BetOnline.ag,2.5,225.0,theScore Bet,3.5,600.0,DraftKings,4.5,1650.0,BetOnline.ag,1.5,-130.0,BetOnline.ag,0.5,160.0,theScore Bet,1.5,900.0,theScore Bet,2.5,4000.0,Fanatics,3.5,3400.0,BetOnline.ag,0.5,160.0,theScore Bet,0.5,250.0,BetOnline.ag,1.5,1700.0,BetOnline.ag,,,,,,,0.5,250.0,BetOnline.ag,0.5,700.0,FanDuel,,,,,,,,,,0.5,700.0,FanDuel,0.5,700.0,FanDuel,,,,,,,,,,0.5,700.0,FanDuel,The Odds API,"[""Bally Bet"", ""BetMGM"", ""BetRivers"", ""Bovada"", ""Caesars"", ""Courtside"", ""DraftKings"", ""FanDuel"", ""Fanatics"", ""Hard Rock Bet"", ""theScore Bet""]",The Odds API,"[""Bally Bet"", ""BetMGM"", ""BetRivers"", ""Bovada"", ""Caesars"", ""Courtside"", ""DraftKings"", ""FanDuel"", ""Fanatics"", ""fanduel""]",The Odds API,"[""Bally Bet"", ""BetOnline.ag"", ""BetRivers"", ""Courtside"", ""DraftKings"", ""Fanatics"", ""Hard Rock Bet"", ""ReBet"", ""draftkings"", ""theScore Bet""]",0.5,650.0,Hard Rock Bet,,,,,,,,,,0.5,650.0,Hard Rock Bet,The Odds API,"[""Hard Rock Bet"", ""theScore Bet""]",The Odds API,"[""Bally Bet"", ""BetOnline.ag"", ""BetRivers"", ""Caesars"", ""Courtside"", ""DraftKings"", ""Fanatics"", ""Hard Rock Bet"", ""ReBet"", ""draftkings"", ""theScore Bet""]",The Odds API,"[""Bally Bet"", ""BetMGM"", ""BetOnline.ag"", ""BetRivers"", ""Bovada"", ""Courtside"", ""DraftKings"", ""Fanatics"", ""Hard Rock Bet"", ""ReBet"", ""theScore Bet""]",2026-10-09T17:28:13.749821+00:00,ALTLINE_NB_v1_2026-01-18,1.5,-130.0,BetOnline.ag,exp/fallback,3.044,0.7162756484110828,71.6,0.5652173913043478,26.72569164196081,26.7,0.7162756484110828,71.6,26.72569164196081,26.7,0.5220917669648026,52.2,69.67982426356085,69.7,0.3542621999226455,35.4,147.98353994585187,148.0,0.2273416854942567,22.7,297.84794961494924,297.8,0.5,160.0,theScore Bet,exp/fallback,0.446,0.3392865625806118,33.9,0.3846153846153846,-11.78549372904092,-11.8,0.3392865625806118,33.9,-11.78549372904092,-11.8,0.0843966801404707,8.4,-15.603319859529252,-15.6,0.018023010813765,1.8,-26.105655663563475,-26.1,0.0035131598540705,0.4,-87.70394051075317,-87.7,0.5,250.0,BetOnline.ag,exp/fallback,0.37,0.2878634122024606,28.8,0.2857142857142857,0.7521942708612062,0.8,0.2878634122024606,28.8,0.7521942708612062,0.8,0.0655085282487983,6.6,17.915350847837086,17.9,,,,,,,,,0.5,700.0,FanDuel,exp/fallback,0.224,0.1930766858249183,19.3,0.125,54.46134865993467,54.5,0.1930766858249183,19.3,54.46134865993467,54.5,,,,,,,,,,,,,0.5,700.0,FanDuel,exp/fallback,0.1765,0.1538755509199361,15.4,0.125,23.10044073594888,23.1,0.1538755509199361,15.4,23.10044073594888,23.1,,,,,,,,,,,,,True,False,True,True,False,17.6,,Active roster,2026-10-09T17:28:13+00:00,False,[],2025-2026,,2026-09-24-frozen-v2,2026-10-09T17:28:17.103488+00:00
2026-10-09,SEA@DET,2026020066,6:00 PM,2026-10-09T23:00:00Z,Keegan Kolesar,8478434,VGK,True,,2026-27,DET,R,,Healthy,Unknown,,,3.0,0.0,,19.0,12.0,2026-10-09T17:27:50+00:00,SEA,Joey Daccord,0.8961038961038961,3.029834213115667,56.2,Unconfirmed,dailyfaceoff_name_and_stats,27.62,8.0,27.62,8.0,,56.4,51.9,A1+A2,11.54,22.3,48.0,0.99,NONE,False,False,25.99016902875088,2.3782259155553187,41.7,41.7,12.0,2.4,True,,,,,50.0,,,,,,,,,,,,,,,,,,,,,,,,,,,,,,,,,,,,,,,,1.0857681432610744,0.5428840716305372,,,0.0,2.50617758761598,2.394115667515985,50.0,46.2,51.3,49.3,2.2,0.87,,,,,COOL,COOL,COOL,1.33,,COOL,Red,Red,Red,Red,48.0,46.0,48.0,44.0,POINTS,48.0,,,,,,,,Passenger,0.6,,85.5,,,0.073170731707317,6.0,0.073170731707317,0.0063421595053115,0.6,0.6,0.0,0.0,0.0,8.179119624508436,8.069910250354274,85.5,43.6,False,,,,,,False,False,0.0,,False,0.0,,False,0.0,,,,,,,,,,,,,,,,,,,,,,,,,,,,,,,,,,,,,,,,,,,,,,,0.5,1100.0,Hard Rock Bet,,,,,,,,,,0.5,1100.0,Hard Rock Bet,0.5,900.0,FanDuel,,,,,,,,,,0.5,900.0,FanDuel,The Odds API,"[""Bally Bet"", ""BetMGM"", ""BetRivers"", ""Bovada"", ""Caesars"", ""Courtside"", ""DraftKings"", ""FanDuel"", ""Fanatics"", ""Hard Rock Bet"", ""theScore Bet""]",The Odds API,"[""Bally Bet"", ""BetMGM"", ""BetRivers"", ""Bovada"", ""Caesars"", ""Courtside"", ""DraftKings"", ""FanDuel"", ""Fanatics"", ""fanduel""]",,,,,,,,,,,,,,,,,,,,,,,,2026-10-09T17:28:13.749821+00:00,ALTLINE_NB_v1_2026-01-18,,,,league_avg,2.3,,,,,,,,,,,,,,,,,,,,,,,,,exp/fallback,0.22,,,,,,,,,,,,,,,,,,,,,,,,,exp/fallback,0.133,,,,,,,,,,,,,,,,,,,,,,0.5,1100.0,Hard Rock Bet,exp/fallback,0.2148,0.1862229826234092,18.6,0.0833333333333333,123.46757914809103,123.5,0.1862229826234092,18.6,123.46757914809103,123.5,,,,,,,,,,,,,0.5,900.0,FanDuel,exp/fallback,0.16155,0.1424009956655799,14.2,0.1,42.40099566557996,42.4,0.1424009956655799,14.2,42.40099566557996,42.4,,,,,,,,,,,,,False,False,True,True,False,,,Active roster,2026-10-09T17:28:13+00:00,False,[],2025-2026,,2026-09-24-frozen-v2,2026-10-09T17:28:17.103488+00:00
2026-10-09,SEA@DET,2026020066,6:00 PM,2026-10-09T23:00:00Z,Lucas Raymond,8482078,DET,False,"{""season"":""2026-27"",""games"":[{""d"":""2026-10-06"",""g"":0,""a"":3,""s"":6,""pp"":2,""h"":""H"",""toi"":""19:47""},{""d"":""2026-10-04"",""g"":0,""a"":0,""s"":2,""pp"":0,""h"":""H"",""toi"":""23:55""},{""d"":""2026-10-02"",""g"":0,""a"":0,""s"":2,""pp"":0,""h"":""H"",""toi"":""20:01""}]}",2026-27,DET,L,,Healthy,Unknown,,,3.0,1.0,🟢 ROLE+,19.0,12.0,2026-10-09T17:27:50+00:00,SEA,Joey Daccord,0.8961038961038961,3.029834213115667,56.2,Unconfirmed,dailyfaceoff_name_and_stats,27.62,8.0,27.62,8.0,11.8,86.3,97.3,A1+A2,18.8,80.4,89.0,1.16,NONE,False,False,25.99016902875088,2.3782259155553187,41.7,41.7,12.0,2.4,True,2.0,,3.333333333333333,2.466666666666667,73.6,3.0,0.0,10.0,0.0,3.0,3.0,3.0,3.0,3.0,3.0,10.0,10.0,LOW,0.3,-0.2,LOW,0.15,,LOW,0.075,,LOW,0.3,,LOW,0.15,,LOW,0.075,,LOW,1.0,,LOW,0.5,,LOW,0.25,,1.9380183326058489,0.7856831078131821,,,3.0,2.50617758761598,2.394115667515985,50.0,46.2,69.8,49.3,13.76,3.1,27.14,7.19,2.82,14.67,HOT,HOT,HOT,9.95,4.37,HOT,Green,Red,Yellow,Green,86.0,73.0,74.0,83.0,POINTS,86.0,0.0,0.0,3.0,0.0,2.0,0.0,A,Distributor,16.7,,85.5,,2.0,3.140625,251.25,3.140625,0.1670637779132265,16.7,16.7,4.765970149253731,1.3659701492537313,4.0,8.179119624508436,8.069910250354274,85.5,95.9,False,,,,🅿️ D:0,,False,False,1.0,,False,0.0,,False,0.0,,1.5,-300.0,theScore Bet,2.5,104.0,BetOnline.ag,3.5,270.0,BetOnline.ag,4.5,725.0,BetOnline.ag,2.5,104.0,BetOnline.ag,0.5,-165.0,BetMGM,1.5,275.0,theScore Bet,2.5,1000.0,DraftKings,3.5,3000.0,Fanatics,0.5,-165.0,BetMGM,0.5,115.0,Hard Rock Bet,1.5,600.0,Bovada,2.5,2500.0,Fanatics,,,,0.5,115.0,Hard Rock Bet,0.5,215.0,DraftKings,,,,,,,,,,0.5,215.0,DraftKings,0.5,215.0,DraftKings,,,,,,,,,,0.5,215.0,DraftKings,The Odds API,"[""Bally Bet"", ""BetMGM"", ""BetRivers"", ""Bovada"", ""Caesars"", ""Courtside"", ""DraftKings"", ""FanDuel"", ""Fanatics"", ""Hard Rock Bet"", ""fanduel"", ""theScore Bet""]",The Odds API,"[""Bally Bet"", ""BetMGM"", ""BetRivers"", ""Bovada"", ""Caesars"", ""Courtside"", ""DraftKings"", ""FanDuel"", ""Fanatics"", ""betrivers""]",The Odds API,"[""Bally Bet"", ""BetMGM"", ""BetOnline.ag"", ""BetRivers"", ""Bovada"", ""Courtside"", ""DraftKings"", ""FanDuel"", ""Fanatics"", ""Hard Rock Bet"", ""ReBet"", ""betmgm"", ""theScore Bet""]",0.5,240.0,BetMGM,1.5,1000.0,Bovada,,,,,,,0.5,240.0,BetMGM,The Odds API,"[""Bally Bet"", ""BetMGM"", ""BetRivers"", ""Bovada"", ""Hard Rock Bet"", ""theScore Bet""]",The Odds API,"[""Bally Bet"", ""BetMGM"", ""BetOnline.ag"", ""BetRivers"", ""Caesars"", ""Courtside"", ""DraftKings"", ""FanDuel"", ""Fanatics"", ""Hard Rock Bet"", ""ReBet"", ""betmgm"", ""theScore Bet""]",The Odds API,"[""Bally Bet"", ""BetMGM"", ""BetOnline.ag"", ""BetRivers"", ""Bovada"", ""Courtside"", ""DraftKings"", ""FanDuel"", ""Fanatics"", ""Hard Rock Bet"", ""ReBet"", ""fanduel"", ""theScore Bet""]",2026-10-09T17:28:13.749821+00:00,ALTLINE_NB_v1_2026-01-18,2.5,104.0,BetOnline.ag,exp/fallback,2.714,0.464450716096752,46.4,0.4901960784313725,-5.252053916262583,-5.3,0.6703105559038967,67.0,-10.62525921281378,-10.6,0.464450716096752,46.4,-5.252053916262583,-5.3,0.2980212834972314,29.8,10.267874893975636,10.3,0.1802886963462896,18.0,48.738174485688944,48.7,0.5,-165.0,BetMGM,exp/fallback,1.376,0.6747650339652705,67.5,0.6226415094339622,8.371353939876785,8.4,0.6747650339652705,67.5,8.371353939876785,8.4,0.372710961837984,37.3,39.76661068924401,39.8,0.1833563302290316,18.3,101.6919632519348,101.7,0.0837031727732042,8.4,159.47983559693324,159.5,0.5,115.0,Hard Rock Bet,exp/fallback,0.995,0.5540703621227365,55.4,0.4651162790697674,19.125127856388342,19.1,0.5540703621227365,55.4,19.125127856388342,19.1,0.2577765459705647,25.8,80.44358217939534,80.4,0.110124285333798,11.0,186.3231418678749,186.3,,,,,0.5,215.0,DraftKings,exp/fallback,0.304,0.2494061556185285,24.9,0.3174603174603174,-21.437060980163515,-21.4,0.2494061556185285,24.9,-21.437060980163515,-21.4,,,,,,,,,,,,,0.5,215.0,DraftKings,exp/fallback,0.3065,0.2438388710884588,24.4,0.3174603174603174,-23.190755607135483,-23.2,0.2438388710884588,24.4,-23.190755607135483,-23.2,,,,,,,,,,,,,False,False,False,False,True,11.8,,Active roster,2026-10-09T17:28:13+00:00,False,"[{""market"":""Points"",""name"":""Hammer Fists"",""kind"":""FLOOR"",""rule"":""Conf_Points >= 80"",""icon"":""PTS05_HAMMER_FISTS.svg"",""kit_version"":""2026-09-24-frozen-v2""},{""market"":""Points"",""name"":""Gaia’s Blessing"",""kind"":""TIER"",""rule"":""Conf_Points >= 80 + Assists_mu >= 0.746"",""icon"":""PTS05_GAIAS_BLESSING.svg"",""kit_version"":""2026-09-24-frozen-v2""},{""market"":""Points"",""name"":""Gaia’s Blessing+ (Press)"",""kind"":""HEAVY"",""rule"":""Conf_Points >= 81 + Assists_mu >= 0.746"",""icon"":""PTS05_GAIAS_BLESSING.svg"",""kit_version"":""2026-09-24-frozen-v2""},{""market"":""Points"",""name"":""Gaia’s Blessing++ (Smash)"",""kind"":""HEAVY"",""rule"":""Conf_Points >= 83 + Assists_mu >= 0.746"",""icon"":""PTS05_GAIAS_BLESSING.svg"",""kit_version"":""2026-09-24-frozen-v2""},{""market"":""Assists"",""name"":""Staff (Green Stance)"",""kind"":""STANCE"",""rule"":""Green + Assists 0.5"",""icon"":""staff.svg"",""kit_version"":""2026-09-24-frozen-v2""},{""market"":""Assists"",""name"":""Staff Awakened"",""kind"":""STANCE"",""rule"":""Green + Assists 0.5 + Conf_Assists ≥ 83"",""icon"":""staff.svg"",""kit_version"":""2026-09-24-frozen-v2""},{""market"":""Assists"",""name"":""Assist Dagger"",""kind"":""VOLUME"",""rule"":""Green + Assists 0.5 + Conf_Assists ≥ 83 + Assist_Dagger ≥ 86"",""icon"":""magic-dagger.svg"",""kit_version"":""2026-09-24-frozen-v2""}]",2025-2026,,2026-09-24-frozen-v2,2026-10-09T17:28:17.103488+00:00
2026-10-09,SEA@DET,2026020066,6:00 PM,2026-10-09T23:00:00Z,Michael Brandsegg-Nygrd,8484794,DET,False,,2026-27,DET,R,,Healthy,Unknown,,,3.0,0.0,,19.0,12.0,2026-10-09T17:27:50+00:00,SEA,Joey Daccord,0.8961038961038961,3.029834213115667,56.2,Unconfirmed,dailyfaceoff_name_and_stats,27.62,8.0,27.62,8.0,,26.8,17.6,A1+A2,12.52,30.8,24.4,0.94,NONE,False,False,25.99016902875088,2.3782259155553187,41.7,41.7,12.0,2.4,True,,,,,50.0,,,,,,,,,,,,,,,,,,,,,,,,,,,,,,,,,,,,,,,,0.0062853551225644,0.0,,,0.0,2.50617758761598,2.394115667515985,50.0,46.2,30.0,49.3,1.76,1.09,,,,,COOL,COOL,COOL,0.67,,COOL,Red,Red,Red,Red,28.0,30.0,31.0,23.0,GOAL,31.0,,,,,,,C,Passenger,8.2,,85.5,,0.0,1.0214285714285716,14.3,1.0214285714285716,0.0816054784097394,8.2,8.2,0.2097902097902098,0.2097902097902098,0.0,8.179119624508436,8.069910250354274,85.5,57.2,False,,,,,,False,False,0.0,,False,0.0,,False,0.0,,,,,,,,,,,,,,,,,,,,,,,,,,,,,,,,,,,,,,,,,,,,,,,,,,,,,,,,,,,,,,,,,,,,,,,,,,,,,,,,,,,,,,,,,,,,,,,,,,,,,,,,2026-10-09T17:28:13.749821+00:00,ALTLINE_NB_v1_2026-01-18,,,,league_avg,2.3,,,,,,,,,,,,,,,,,,,,,,,,,exp/fallback,0.176,,,,,,,,,,,,,,,,,,,,,,,,,exp/fallback,0.067,,,,,,,,,,,,,,,,,,,,,,,,,exp/fallback,0.2236,,,,,,,,,,,,,,,,,,,,,,,,,exp/fallback,0.17585,,,,,,,,,,,,,,,,,,,,,,False,False,False,False,False,,,Active roster,2026-10-09T17:28:13+00:00,False,[],2025-2026,,2026-09-24-frozen-v2,2026-10-09T17:28:17.103488+00:00
2026-10-09,SEA@DET,2026020066,6:00 PM,2026-10-09T23:00:00Z,Michael Brandsegg-Nygård,8484794,,,,,DET,R,,Unknown,,,,,,,,,,,,,,,,,,,,,,,,,,,,,,,,,,,,,,,,,,,,,,,,,,,,,,,,,,,,,,,,,,,,,,,,,,,,,,,,,,,,,,,,,,,,,,,,,,,,,,,,,,,,,,,,,,,,,,,,,,,,,,,,,,,,,,,,,,,,,,,,,,,,,,,,,,,,,,,,,,,,,,,,,,,,,,,,,,,,,,,,,,,,,,,,,,,,,,,,,,,,,,,,,,,,,,,,,,,,,,,,,,,,,,,,,,,,,,,,,,,,,,,,,,,,,,,,,,,,,,,,,,,,,,,,,,,,,,,,,,,,,,,,,,,,,,,,,,,,,,,,,,,,,,,,,,,,,,,,,,,,,,,,,,,,,,,,,,,,0.5,390.0,fanduel,,,,,,,,,,,,,,,,,,,,,,,,,,,,,,,,,,,,,,,,,,,,,,,,,,,,,,,,,Active roster,2026-10-09T17:28:13+00:00,True,[],Unavailable,True,2026-09-24-frozen-v2,2026-10-09T17:28:17.103488+00:00
2026-10-09,SEA@DET,2026020066,6:00 PM,2026-10-09T23:00:00Z,Michael Rasmussen,8479992,DET,False,,2026-27,DET,C,,Healthy,Unknown,,,3.0,0.0,,19.0,12.0,2026-10-09T17:27:50+00:00,SEA,Joey Daccord,0.8961038961038961,3.029834213115667,56.2,Unconfirmed,dailyfaceoff_name_and_stats,27.62,8.0,27.62,8.0,,66.3,43.8,A1+A2,12.65,31.2,51.4,1.01,NONE,False,False,25.99016902875088,2.3782259155553187,41.7,41.7,12.0,2.4,True,,,,,50.0,,,,,,,,,,,,,,,,,,,,,,,,,,,,,,,,,,,,,,,,0.8789491674398164,0.4394745837199082,,,0.0,2.50617758761598,2.394115667515985,50.0,46.2,45.0,49.3,2.81,1.55,,,,,COOL,COOL,COOL,1.26,,COOL,Red,Red,Red,Red,44.0,52.0,57.0,41.0,GOAL,57.0,,,,,,,C,Passenger,1.7,,85.5,,0.0,0.2125,13.6,0.2125,0.016798418972332,1.7,1.7,0.2205882352941176,0.2205882352941176,0.0,8.179119624508436,8.069910250354274,85.5,47.4,False,,,,,,False,False,0.0,,False,0.0,,False,0.0,,,,,,,,,,,,,,,,,0.5,250.0,BetRivers,,,,,,,,,,0.5,250.0,BetRivers,,,,,,,,,,,,,,,,0.5,650.0,Fanatics,,,,,,,,,,0.5,650.0,Fanatics,0.5,650.0,Fanatics,,,,,,,,,,0.5,650.0,Fanatics,The Odds API,"[""Bally Bet"", ""BetMGM"", ""BetRivers"", ""Bovada"", ""Caesars"", ""Courtside"", ""DraftKings"", ""FanDuel"", ""Fanatics"", ""Hard Rock Bet"", ""theScore Bet""]",The Odds API,"[""Bally Bet"", ""BetMGM"", ""BetRivers"", ""Bovada"", ""Caesars"", ""Courtside"", ""DraftKings"", ""FanDuel"", ""Fanatics"", ""fanatics""]",,,,,,,,,,,,,,,,,,,,The Odds API,"[""Bally Bet"", ""BetRivers""]",,,2026-10-09T17:28:13.749821+00:00,ALTLINE_NB_v1_2026-01-18,,,,league_avg,2.3,,,,,,,,,,,,,,,,,,,,,,0.5,250.0,BetRivers,exp/fallback,0.281,0.2351120050092076,23.5,0.2857142857142857,-17.710798246777337,-17.7,0.2351120050092076,23.5,-17.710798246777337,-17.7,,,,,,,,,,,,,,,,exp/fallback,0.126,,,,,,,,,,,,,,,,,,,,,,0.5,650.0,Fanatics,exp/fallback,0.242,0.2062542817852622,20.6,0.1333333333333333,54.69071133894671,54.7,0.2062542817852622,20.6,54.69071133894671,54.7,,,,,,,,,,,,,0.5,650.0,Fanatics,exp/fallback,0.20575,0.1756064271879904,17.6,0.1333333333333333,31.70482039099285,31.7,0.1756064271879904,17.6,31.70482039099285,31.7,,,,,,,,,,,,,False,False,True,True,False,,,Active roster,2026-10-09T17:28:13+00:00,False,[],2025-2026,,2026-09-24-frozen-v2,2026-10-09T17:28:17.103488+00:00
2026-10-09,SEA@DET,2026020066,6:00 PM,2026-10-09T23:00:00Z,Moritz Seider,8481542,DET,False,"{""season"":""2026-27"",""games"":[{""d"":""2026-10-06"",""g"":0,""a"":0,""s"":3,""pp"":0,""h"":""H"",""toi"":""24:01""},{""d"":""2026-10-04"",""g"":0,""a"":1,""s"":3,""pp"":1,""h"":""H"",""toi"":""25:41""},{""d"":""2026-10-02"",""g"":0,""a"":0,""s"":2,""pp"":0,""h"":""H"",""toi"":""25:16""}]}",2026-27,DET,D,,Healthy,Unknown,,,3.0,1.0,🟢 ROLE+,19.0,12.0,2026-10-09T17:27:50+00:00,SEA,Joey Daccord,0.8961038961038961,3.029834213115667,56.2,Unconfirmed,dailyfaceoff_name_and_stats,27.62,8.0,27.62,8.0,17.6,58.2,97.0,A1+A2,25.67,99.6,80.0,1.12,NONE,False,False,25.99016902875088,2.3782259155553187,41.7,41.7,12.0,2.4,True,3.0,,2.6666666666666665,2.8833333333333333,83.9,1.0,0.0,8.0,0.0,1.0,1.0,1.0,1.0,1.0,1.0,8.0,8.0,LOW,0.1,-0.4,LOW,0.05,,LOW,0.025,,LOW,0.1,,LOW,0.05,,LOW,0.025,,LOW,0.8,,LOW,0.4,,LOW,0.2,,0.893235601228199,0.2605270503582247,,,1.0,2.50617758761598,2.394115667515985,50.0,46.2,45.8,49.3,7.85,1.12,31.71,6.85,1.02,20.83,HOT,COOL,HOT,7.51,5.83,HOT,Green,Red,Red,Yellow,85.0,62.0,60.0,78.0,POINTS,85.0,1.0,1.0,3.0,0.0,1.0,1.0,A,Distributor,12.1,,85.5,,2.0,3.10020325203252,254.21666666666667,3.10020325203252,0.1207880961996848,12.1,12.1,4.317380187504098,0.2549006752769947,4.779387661443651,8.179119624508436,8.069910250354274,85.5,88.1,False,,,,🅿️ D:1,,False,False,1.0,,False,0.0,,False,0.0,,1.5,-175.0,BetOnline.ag,2.5,143.0,BetRivers,3.5,320.0,FanDuel,4.5,650.0,Fanatics,2.5,143.0,BetRivers,0.5,-120.0,Fanatics,1.5,410.0,Fanatics,2.5,1700.0,Fanatics,3.5,3300.0,BetOnline.ag,0.5,-120.0,Fanatics,0.5,115.0,Fanatics,1.5,575.0,Fanatics,2.5,2500.0,Fanatics,,,,0.5,115.0,Fanatics,0.5,550.0,FanDuel,,,,,,,,,,0.5,550.0,FanDuel,0.5,550.0,FanDuel,,,,,,,,,,0.5,550.0,FanDuel,The Odds API,"[""Bally Bet"", ""BetMGM"", ""BetRivers"", ""Bovada"", ""Caesars"", ""Courtside"", ""DraftKings"", ""FanDuel"", ""Fanatics"", ""Hard Rock Bet"", ""theScore Bet""]",The Odds API,"[""Bally Bet"", ""BetMGM"", ""BetRivers"", ""Bovada"", ""Caesars"", ""Courtside"", ""DraftKings"", ""FanDuel"", ""Fanatics"", ""fanduel""]",The Odds API,"[""Bally Bet"", ""BetMGM"", ""BetOnline.ag"", ""BetRivers"", ""Bovada"", ""Courtside"", ""DraftKings"", ""FanDuel"", ""Fanatics"", ""Hard Rock Bet"", ""ReBet"", ""draftkings"", ""theScore Bet""]",0.5,210.0,BetMGM,1.5,850.0,Bovada,,,,,,,0.5,210.0,BetMGM,The Odds API,"[""Bally Bet"", ""BetMGM"", ""BetRivers"", ""Bovada"", ""Hard Rock Bet"", ""theScore Bet""]",The Odds API,"[""Bally Bet"", ""BetMGM"", ""BetOnline.ag"", ""BetRivers"", ""Caesars"", ""Courtside"", ""DraftKings"", ""FanDuel"", ""Fanatics"", ""Hard Rock Bet"", ""ReBet"", ""betmgm"", ""theScore Bet""]",The Odds API,"[""Bally Bet"", ""BetMGM"", ""BetOnline.ag"", ""BetRivers"", ""Bovada"", ""Courtside"", ""DraftKings"", ""FanDuel"", ""Fanatics"", ""Hard Rock Bet"", ""ReBet"", ""fanduel"", ""theScore Bet""]",2026-10-09T17:28:13.749821+00:00,ALTLINE_NB_v1_2026-01-18,2.5,143.0,BetRivers,exp/fallback,3.1710000000000003,0.5426512932401402,54.3,0.411522633744856,31.86426425735406,31.9,0.7319528189948734,73.2,15.021157270622965,15.0,0.5426512932401402,54.3,31.86426425735406,31.9,0.3752338791644857,37.5,57.59822924908401,57.6,0.2456785751539815,24.6,84.25893136548613,84.3,0.5,-120.0,Fanatics,exp/fallback,0.7849999999999999,0.5002121946137702,50.0,0.5454545454545454,-8.29443098747546,-8.3,0.5002121946137702,50.0,-8.29443098747546,-8.3,0.1924393550544916,19.2,-1.8559289222092823,-1.9,0.0645074991129557,6.5,16.113498403320303,16.1,0.0198647425583424,2.0,-32.45987530163559,-32.5,0.5,115.0,Fanatics,exp/fallback,0.751,0.4714588436233028,47.1,0.4651162790697674,1.3636513790101,1.4,0.4714588436233028,47.1,1.3636513790101,1.4,0.1828842100799371,18.3,23.446841803957582,23.4,0.0647165166278829,6.5,68.26294323249557,68.3,,,,,0.5,550.0,FanDuel,exp/fallback,0.2248,0.1936688361762399,19.4,0.1538461538461538,25.884743514555986,25.9,0.1936688361762399,19.4,25.884743514555986,25.9,,,,,,,,,,,,,0.5,550.0,FanDuel,exp/fallback,0.1778,0.1548613585704333,15.5,0.1538461538461538,0.6598830707816972,0.7,0.1548613585704333,15.5,0.6598830707816972,0.7,,,,,,,,,,,,,True,False,True,False,False,17.6,,Active roster,2026-10-09T17:28:13+00:00,False,"[{""market"":""Points"",""name"":""Hammer Fists"",""kind"":""FLOOR"",""rule"":""Conf_Points >= 80"",""icon"":""PTS05_HAMMER_FISTS.svg"",""kit_version"":""2026-09-24-frozen-v2""},{""market"":""Points"",""name"":""Echo Stomp II"",""kind"":""TIER"",""rule"":""Conf_Points >= 80 + TOI_per_game >= 19.18"",""icon"":""PTS05_HAMMER_STOMP.svg"",""kit_version"":""2026-09-24-frozen-v2""},{""market"":""Points"",""name"":""Gaia’s Blessing"",""kind"":""TIER"",""rule"":""Conf_Points >= 80 + Assists_mu >= 0.746"",""icon"":""PTS05_GAIAS_BLESSING.svg"",""kit_version"":""2026-09-24-frozen-v2""},{""market"":""Points"",""name"":""Gaia’s Blessing+ (Press)"",""kind"":""HEAVY"",""rule"":""Conf_Points >= 81 + Assists_mu >= 0.746"",""icon"":""PTS05_GAIAS_BLESSING.svg"",""kit_version"":""2026-09-24-frozen-v2""},{""market"":""Points"",""name"":""Gaia’s Blessing++ (Smash)"",""kind"":""HEAVY"",""rule"":""Conf_Points >= 83 + Assists_mu >= 0.746"",""icon"":""PTS05_GAIAS_BLESSING.svg"",""kit_version"":""2026-09-24-frozen-v2""},{""market"":""Points"",""name"":""Blood Stomp"",""kind"":""CRIT"",""rule"":""Conf_Points >= 83 + TOI_per_game >= 19.18 + Opp_PK_xGA60 >= 7.784"",""icon"":""PTS05_BLEED_ENV.svg"",""kit_version"":""2026-09-24-frozen-v2""}]",2025-2026,,2026-09-24-frozen-v2,2026-10-09T17:28:17.103488+00:00
2026-10-09,SEA@DET,2026020066,6:00 PM,2026-10-09T23:00:00Z,Nate Danielson,8484160,DET,False,,2026-27,DET,C,,Healthy,Unknown,,,3.0,0.0,,19.0,12.0,2026-10-09T17:27:50+00:00,SEA,Joey Daccord,0.8961038961038961,3.029834213115667,56.2,Unconfirmed,dailyfaceoff_name_and_stats,27.62,8.0,27.62,8.0,,42.4,34.6,A1+A2,11.05,17.7,34.8,0.94,NONE,False,False,25.99016902875088,2.3782259155553187,41.7,41.7,12.0,2.4,True,,,,,50.0,,,,,,,,,,,,,,,,,,,,,,,,,,,,,,,,,,,,,,,,0.8980355472404116,0.2245088868101029,,,0.0,2.50617758761598,2.394115667515985,50.0,46.2,46.3,49.3,3.06,1.38,,,,,COOL,COOL,COOL,1.68,,COOL,Red,Red,Red,Red,38.0,38.0,40.0,33.0,GOAL,40.0,,,,,,,C,Passenger,12.1,,85.5,,0.0,1.3422619047619049,37.583333333333336,1.3422619047619049,0.1214389574021218,12.1,12.1,5.503769401330377,1.7720620842572063,4.390243902439025,8.179119624508436,8.069910250354274,85.5,88.0,False,,,,,,False,False,0.0,,False,0.0,,False,0.0,,,,,,,,,,,,,,,,,,,,,,,,,,,,,,,,,,,,,,,,,,,,,,,0.5,750.0,theScore Bet,,,,,,,,,,0.5,750.0,theScore Bet,0.5,750.0,FanDuel,,,,,,,,,,0.5,750.0,FanDuel,The Odds API,"[""Bally Bet"", ""BetMGM"", ""BetRivers"", ""Bovada"", ""Caesars"", ""Courtside"", ""DraftKings"", ""FanDuel"", ""Fanatics"", ""Hard Rock Bet"", ""theScore Bet""]",The Odds API,"[""Bally Bet"", ""BetMGM"", ""BetRivers"", ""Bovada"", ""Caesars"", ""Courtside"", ""DraftKings"", ""FanDuel"", ""Fanatics"", ""fanduel""]",,,,,,,,,,,,,,,,,,,,,,,,2026-10-09T17:28:13.749821+00:00,ALTLINE_NB_v1_2026-01-18,,,,league_avg,2.3,,,,,,,,,,,,,,,,,,,,,,,,,exp/fallback,0.306,,,,,,,,,,,,,,,,,,,,,,,,,exp/fallback,0.1679999999999999,,,,,,,,,,,,,,,,,,,,,,0.5,750.0,theScore Bet,exp/fallback,0.2352,0.2013117373000228,20.1,0.1176470588235294,71.1149767050194,71.1,0.2013117373000228,20.1,71.1149767050194,71.1,,,,,,,,,,,,,0.5,750.0,FanDuel,exp/fallback,0.1946999999999999,0.1675063607315534,16.8,0.1176470588235294,42.380406621820434,42.4,0.1675063607315534,16.8,42.380406621820434,42.4,,,,,,,,,,,,,False,False,True,True,False,,,Active roster,2026-10-09T17:28:13+00:00,False,[],2025-2026,,2026-09-24-frozen-v2,2026-10-09T17:28:17.103488+00:00
2026-10-09,SEA@DET,2026020066,6:00 PM,2026-10-09T23:00:00Z,Sheldon Dries,8480326,DET,False,,2026-27,DET,C,,Healthy,Unknown,,,3.0,0.0,,19.0,12.0,2026-10-09T17:27:50+00:00,SEA,Joey Daccord,0.8961038961038961,3.029834213115667,56.2,Unconfirmed,dailyfaceoff_name_and_stats,27.62,8.0,27.62,8.0,,9.9,6.9,A1+A2,6.97,1.2,7.1,0.94,NONE,False,False,25.99016902875088,2.3782259155553187,41.7,41.7,12.0,2.4,True,,,,,50.0,,,,,,,,,,,,,,,,,,,,,,,,,,,,,,,,,,,,,,,,0.0,0.0,,,0.0,2.50617758761598,2.394115667515985,50.0,46.2,27.5,49.3,0.36,0.36,,,,,COOL,COOL,COOL,0.0,,COOL,Red,Red,Red,Red,20.0,19.0,20.0,13.0,POINTS,20.0,,,,,,,C,Passenger,1.1,,85.5,,0.0,0.0766666666666666,0.3833333333333333,0.0766666666666666,0.0109942638623326,1.1,1.1,0.0,0.0,0.0,8.179119624508436,8.069910250354274,85.5,45.3,False,,,,,,False,False,0.0,,False,0.0,,False,0.0,,,,,,,,,,,,,,,,,,,,,,,,,,,,,,,,,,,,,,,,,,,,,,,0.5,950.0,FanDuel,,,,,,,,,,0.5,950.0,FanDuel,0.5,950.0,FanDuel,,,,,,,,,,0.5,950.0,FanDuel,The Odds API,"[""BetMGM"", ""Bovada"", ""Caesars"", ""Courtside"", ""DraftKings"", ""FanDuel"", ""Fanatics"", ""Hard Rock Bet"", ""theScore Bet""]",The Odds API,"[""BetMGM"", ""Bovada"", ""Caesars"", ""Courtside"", ""DraftKings"", ""FanDuel"", ""Fanatics""]",,,,,,,,,,,,,,,,,,,,,,,,2026-10-09T17:28:13.749821+00:00,ALTLINE_NB_v1_2026-01-18,,,,league_avg,2.3,,,,,,,,,,,,,,,,,,,,,,,,,exp/fallback,0.036,,,,,,,,,,,,,,,,,,,,,,,,,league_avg,0.35,,,,,,,,,,,,,,,,,,,,,,0.5,950.0,FanDuel,exp/fallback,0.1944,0.1707321143974325,17.1,0.0952380952380952,79.26872011730414,79.3,0.1707321143974325,17.1,79.26872011730414,79.3,,,,,,,,,,,,,0.5,950.0,FanDuel,exp/fallback,0.1284,0.1160214650159255,11.6,0.0952380952380952,21.822538266721857,21.8,0.1160214650159255,11.6,21.822538266721857,21.8,,,,,,,,,,,,,False,False,True,True,False,,,Active roster,2026-10-09T17:28:13+00:00,False,[],2025-2026,,2026-09-24-frozen-v2,2026-10-09T17:28:17.103488+00:00
2026-10-09,SEA@DET,2026020066,6:00 PM,2026-10-09T23:00:00Z,Viktor Arvidsson,8478042,BOS,True,"{""season"":""2026-27"",""games"":[{""d"":""2026-10-06"",""g"":1,""a"":1,""s"":3,""pp"":1,""h"":""H"",""toi"":""17:20""},{""d"":""2026-10-04"",""g"":1,""a"":0,""s"":4,""pp"":1,""h"":""H"",""toi"":""21:24""},{""d"":""2026-10-02"",""g"":0,""a"":0,""s"":1,""pp"":0,""h"":""H"",""toi"":""16:17""}]}",2026-27,DET,L,,Healthy,Unknown,,,3.0,0.0,,19.0,12.0,2026-10-09T17:27:50+00:00,SEA,Joey Daccord,0.8961038961038961,3.029834213115667,56.2,Unconfirmed,dailyfaceoff_name_and_stats,27.62,8.0,27.62,8.0,17.6,90.9,84.1,A1+A2,14.6,46.9,79.7,1.12,NONE,False,False,25.99016902875088,2.3782259155553187,41.7,41.7,12.0,2.4,True,3.0,,2.6666666666666665,2.8833333333333333,83.9,3.0,2.0,8.0,2.0,1.0,1.0,3.0,3.0,1.0,1.0,8.0,8.0,LOW,0.3,-0.2,LOW,0.15,,LOW,0.075,,LOW,0.1,,LOW,0.05,,LOW,0.025,,LOW,0.8,,LOW,0.4,,LOW,0.2,,3.027936317212376,0.8651246620606788,,,1.0,2.50617758761598,2.394115667515985,50.0,46.2,75.0,49.3,8.41,4.08,31.71,5.41,1.71,20.83,HOT,WARM,HOT,5.17,3.7,HOT,Yellow,Yellow,Green,Yellow,74.0,73.0,78.0,73.0,GOAL,78.0,0.0,0.0,0.0,0.0,2.0,0.0,,Passenger,13.0,,85.5,,,1.8983091787439608,130.98333333333332,1.8983091787439608,0.1300297816015883,13.0,13.0,3.440132332357807,2.272044789413412,1.374220638758112,8.179119624508436,8.069910250354274,85.5,77.3,False,,,,🥅 D:0,,False,False,1.0,,False,0.0,,False,0.0,,1.5,-420.0,theScore Bet,2.5,-144.0,FanDuel,3.5,190.0,theScore Bet,4.5,375.0,Fanatics,2.5,-144.0,FanDuel,0.5,-132.0,theScore Bet,1.5,375.0,theScore Bet,2.5,1400.0,DraftKings,3.5,2600.0,BetOnline.ag,0.5,-132.0,theScore Bet,0.5,170.0,Hard Rock Bet,1.5,1000.0,Bovada,2.5,4000.0,Fanatics,,,,0.5,170.0,Hard Rock Bet,0.5,220.0,DraftKings,,,,,,,,,,0.5,220.0,DraftKings,0.5,220.0,DraftKings,,,,,,,,,,0.5,220.0,DraftKings,The Odds API,"[""Bally Bet"", ""BetMGM"", ""BetRivers"", ""Bovada"", ""Caesars"", ""Courtside"", ""DraftKings"", ""FanDuel"", ""Fanatics"", ""Hard Rock Bet"", ""fanduel"", ""theScore Bet""]",The Odds API,"[""Bally Bet"", ""BetMGM"", ""BetRivers"", ""Bovada"", ""Caesars"", ""Courtside"", ""DraftKings"", ""FanDuel"", ""Fanatics"", ""fanatics""]",The Odds API,"[""Bally Bet"", ""BetMGM"", ""BetOnline.ag"", ""BetRivers"", ""Bovada"", ""Courtside"", ""DraftKings"", ""FanDuel"", ""Fanatics"", ""Hard Rock Bet"", ""ReBet"", ""draftkings"", ""theScore Bet""]",0.5,260.0,BetRivers,1.5,1200.0,Bovada,,,,,,,0.5,260.0,BetRivers,The Odds API,"[""Bally Bet"", ""BetMGM"", ""BetRivers"", ""Bovada"", ""Hard Rock Bet"", ""theScore Bet""]",The Odds API,"[""Bally Bet"", ""BetMGM"", ""BetOnline.ag"", ""BetRivers"", ""Caesars"", ""Courtside"", ""DraftKings"", ""FanDuel"", ""Fanatics"", ""Hard Rock Bet"", ""ReBet"", ""draftkings"", ""theScore Bet""]",The Odds API,"[""Bally Bet"", ""BetMGM"", ""BetOnline.ag"", ""BetRivers"", ""Bovada"", ""Courtside"", ""DraftKings"", ""FanDuel"", ""Fanatics"", ""Hard Rock Bet"", ""ReBet"", ""fanduel"", ""theScore Bet""]",2026-10-09T17:28:13.749821+00:00,ALTLINE_NB_v1_2026-01-18,2.5,-144.0,FanDuel,exp/fallback,3.1710000000000003,0.5426512932401402,54.3,0.5901639344262295,-8.050753089865143,-8.1,0.7319528189948734,73.2,-9.37727002920615,-9.4,0.5426512932401402,54.3,-8.050753089865143,-8.1,0.3752338791644857,37.5,8.817824957700848,8.8,0.2456785751539815,24.6,16.697323198141213,16.7,0.5,-132.0,theScore Bet,exp/fallback,0.841,0.5215327621959349,52.2,0.5689655172413793,-8.336666038290225,-8.3,0.5215327621959349,52.2,-8.336666038290225,-8.3,0.2106501207208945,21.1,0.0588073424248936,0.1,0.0743034575313834,7.4,11.455186297075182,11.5,0.0241019859144731,2.4,-34.92463803092263,-34.9,0.5,170.0,Hard Rock Bet,exp/fallback,0.517,0.3686160173592711,36.9,0.3703703703703703,-0.473675312996813,-0.5,0.3686160173592711,36.9,-0.473675312996813,-0.5,0.1092393633860834,10.9,20.163299724691765,20.2,0.0293241487829022,2.9,20.229010009899174,20.2,,,,,0.5,220.0,DraftKings,exp/fallback,0.3432,0.2750108692872839,27.5,0.3125,-11.99652182806914,-12.0,0.2750108692872839,27.5,-11.99652182806914,-12.0,,,,,,,,,,,,,0.5,220.0,DraftKings,exp/fallback,0.3702,0.2823132046277516,28.2,0.3125,-9.659774519119456,-9.7,0.2823132046277516,28.2,-9.659774519119456,-9.7,,,,,,,,,,,,,False,False,False,False,False,17.6,,Active roster,2026-10-09T17:28:13+00:00,False,[],2025-2026,,2026-09-24-frozen-v2,2026-10-09T17:28:17.103488+00:00
2026-10-09,SEA@DET,2026020066,6:00 PM,2026-10-09T23:00:00Z,William Wallinder,8482171,,,,,DET,D,,Unknown,,,,,,,,,,,,,,,,,,,,,,,,,,,,,,,,,,,,,,,,,,,,,,,,,,,,,,,,,,,,,,,,,,,,,,,,,,,,,,,,,,,,,,,,,,,,,,,,,,,,,,,,,,,,,,,,,,,,,,,,,,,,,,,,,,,,,,,,,,,,,,,,,,,,,,,,,,,,,,,,,,,,,,,,,,,,,,,,,,,,,,,,,,,,,,,,,,,,,,,,,,,,,,,,,,,,,,,,,,,,,,,,,,,,,,,,,,,,,,,,,,,,,,,,,,,,,,,,,,,,,,,,,,,,,,,,,,,,,,,,,,,,,,,,,,,,,,,,,,,,,,,,,,,,,,,,,,,,,,,,,,,,,,,,,,,,,,,,,,,,0.5,1400.0,fanduel,,,,,,,,,,,,,,,,,,,,,,,,,,,,,,,,,,,,,,,,,,,,,,,,,,,,,,,,,Active roster,2026-10-09T17:28:13+00:00,True,[],Unavailable,True,2026-09-24-frozen-v2,2026-10-09T17:28:17.103488+00:00
2026-10-09,SEA@DET,2026020066,6:00 PM,2026-10-09T23:00:00Z,Adam Larsson,8476457,SEA,False,,2026-27,SEA,D,,Healthy,Unknown,,,1.0,0.0,,19.0,12.0,2026-10-09T17:27:50+00:00,DET,John Gibson,0.9014373716632444,2.7159277848214005,40.0,Confirmed,dailyfaceoff_name_and_stats,24.43,7.0,24.43,7.0,,40.2,68.0,A1+A2,21.37,91.2,60.1,1.04,NONE,False,False,23.623864237296285,2.131916734772367,19.0,5.2,18.0,3.6,True,,,,,50.0,,,,,,,,,,,,,,,,,,,,,,,,,,,,,,,,,,,,,,,,1.0043746094098742,0.4017498437639496,,,0.0,2.49659113736712,2.2285721313693254,50.0,30.7,48.8,26.2,2.77,0.48,,,,,COOL,COOL,COOL,2.29,,COOL,Red,Red,Red,Red,60.0,40.0,39.0,53.0,POINTS,60.0,,,,,,,C,Passenger,0.3,,68.6,,0.0,0.0589430894308943,4.833333333333333,0.0589430894308943,0.002757807447982,0.3,0.3,0.4965517241379311,0.4965517241379311,0.0,7.286961583236321,7.999390243902439,68.6,30.6,False,,,,,,False,False,0.0,,False,0.0,,False,0.0,,,,,,,,,,,,,,,,,0.5,275.0,BetRivers,,,,,,,,,,0.5,275.0,BetRivers,,,,,,,,,,,,,,,,0.5,1300.0,FanDuel,,,,,,,,,,0.5,1300.0,FanDuel,0.5,1300.0,FanDuel,,,,,,,,,,0.5,1300.0,FanDuel,The Odds API,"[""Bally Bet"", ""BetMGM"", ""BetRivers"", ""Bovada"", ""Caesars"", ""Courtside"", ""DraftKings"", ""FanDuel"", ""Fanatics"", ""Hard Rock Bet"", ""theScore Bet""]",The Odds API,"[""Bally Bet"", ""BetMGM"", ""BetRivers"", ""Bovada"", ""Caesars"", ""Courtside"", ""DraftKings"", ""FanDuel"", ""Fanatics"", ""fanduel""]",,,,,,,,,,,,,,,,,,,,The Odds API,"[""Bally Bet"", ""BetRivers""]",,,2026-10-09T17:28:13.749821+00:00,ALTLINE_NB_v1_2026-01-18,,,,league_avg,2.3,,,,,,,,,,,,,,,,,,,,,,0.5,275.0,BetRivers,exp/fallback,0.277,0.2323195539496063,23.2,0.2666666666666666,-12.880167268897624,-12.9,0.2323195539496063,23.2,-12.880167268897624,-12.9,,,,,,,,,,,,,,,,exp/fallback,0.229,,,,,,,,,,,,,,,,,,,,,,0.5,1300.0,FanDuel,exp/fallback,0.1992,0.1744139261724405,17.4,0.0714285714285714,144.17949664141676,144.2,0.1744139261724405,17.4,144.17949664141676,144.2,,,,,,,,,,,,,0.5,1300.0,FanDuel,exp/fallback,0.1362,0.1223477767401269,12.2,0.0714285714285714,71.28688743617776,71.3,0.1223477767401269,12.2,71.28688743617776,71.3,,,,,,,,,,,,,False,False,True,True,False,,,Active roster,2026-10-09T17:28:13+00:00,False,[],2025-2026,,2026-09-24-frozen-v2,2026-10-09T17:28:17.103488+00:00
2026-10-09,SEA@DET,2026020066,6:00 PM,2026-10-09T23:00:00Z,Ben Meyers,8483570,SEA,False,,2026-27,SEA,C,,Healthy,Unknown,,,1.0,0.0,,19.0,12.0,2026-10-09T17:27:50+00:00,DET,John Gibson,0.9014373716632444,2.7159277848214005,40.0,Confirmed,dailyfaceoff_name_and_stats,24.43,7.0,24.43,7.0,,58.4,43.8,A1+A2,11.94,25.4,46.7,0.99,NONE,False,False,23.623864237296285,2.131916734772367,19.0,5.2,18.0,3.6,True,,,,,50.0,,,,,,,,,,,,,,,,,,,,,,,,,,,,,,,,,,,,,,,,1.6921003979569451,0.5640334659856485,,,0.0,2.49659113736712,2.2285721313693254,50.0,30.7,64.8,26.2,2.95,1.43,,,,,COOL,COOL,COOL,1.52,,COOL,Red,Red,Red,Red,42.0,44.0,46.0,40.0,GOAL,46.0,,,,,,,C,Passenger,0.3,,68.6,,0.0,0.0381410256410256,1.9833333333333332,0.0381410256410256,0.0031948881789137,0.3,0.3,0.0,0.0,0.0,7.286961583236321,7.999390243902439,68.6,30.6,False,,,,,,False,False,0.0,,False,0.0,,False,0.0,,,,,,,,,,,,,,,,,,,,,,,,,,,,,,,,,,,,,,,,,,,,,,,0.5,950.0,FanDuel,,,,,,,,,,0.5,950.0,FanDuel,0.5,950.0,FanDuel,,,,,,,,,,0.5,950.0,FanDuel,The Odds API,"[""BetMGM"", ""Bovada"", ""Caesars"", ""Courtside"", ""DraftKings"", ""FanDuel"", ""Fanatics"", ""Hard Rock Bet"", ""theScore Bet""]",The Odds API,"[""BetMGM"", ""Bovada"", ""Caesars"", ""Courtside"", ""DraftKings"", ""FanDuel"", ""Fanatics"", ""fanduel""]",,,,,,,,,,,,,,,,,,,,,,,,2026-10-09T17:28:13.749821+00:00,ALTLINE_NB_v1_2026-01-18,,,,league_avg,2.3,,,,,,,,,,,,,,,,,,,,,,,,,exp/fallback,0.295,,,,,,,,,,,,,,,,,,,,,,,,,exp/fallback,0.152,,,,,,,,,,,,,,,,,,,,,,0.5,950.0,FanDuel,exp/fallback,0.2372,0.2027698891169088,20.3,0.0952380952380952,112.90838357275427,112.9,0.2027698891169088,20.3,112.90838357275427,112.9,,,,,,,,,,,,,0.5,950.0,FanDuel,exp/fallback,0.19795,0.1699023192810056,17.0,0.0952380952380952,78.39743524505592,78.4,0.1699023192810056,17.0,78.39743524505592,78.4,,,,,,,,,,,,,False,False,True,True,False,,,Active roster,2026-10-09T17:28:13+00:00,False,[],2025-2026,,2026-09-24-frozen-v2,2026-10-09T17:28:17.103488+00:00
2026-10-09,SEA@DET,2026020066,6:00 PM,2026-10-09T23:00:00Z,Berkly Catton,8484800,SEA,False,,2026-27,SEA,C,,Healthy,Unknown,,,1.0,0.0,,19.0,12.0,2026-10-09T17:27:50+00:00,DET,John Gibson,0.9014373716632444,2.7159277848214005,40.0,Confirmed,dailyfaceoff_name_and_stats,24.43,7.0,24.43,7.0,,67.7,49.3,A1+A2,12.94,34.2,54.6,1.02,NONE,False,False,23.623864237296285,2.131916734772367,19.0,5.2,18.0,3.6,True,,,,,50.0,,,,,,,,,,,,,,,,,,,,,,,,,,,,,,,,,,,,,,,,1.069178387322599,0.076369884808757,,,0.0,2.49659113736712,2.2285721313693254,50.0,30.7,50.6,26.2,3.15,1.61,,,,,COOL,COOL,COOL,1.54,,COOL,Red,Red,Red,Red,44.0,50.0,52.0,42.0,GOAL,52.0,,,,,,,C,Passenger,6.4,,68.6,,0.0,0.829040404040404,54.71666666666667,0.829040404040404,0.0640897999023914,6.4,6.4,2.204081632653061,1.2720073103868412,1.0965580261955528,7.286961583236321,7.999390243902439,68.6,56.9,False,,,,,,False,False,0.0,,False,0.0,,False,0.0,,1.5,-103.0,BetOnline.ag,2.5,290.0,BetOnline.ag,3.5,875.0,BetOnline.ag,4.5,2700.0,BetOnline.ag,1.5,-103.0,BetOnline.ag,0.5,175.0,Fanatics,1.5,1000.0,Fanatics,2.5,1550.0,BetOnline.ag,3.5,3200.0,BetOnline.ag,0.5,175.0,Fanatics,0.5,325.0,Hard Rock Bet,1.5,2500.0,Fanatics,,,,,,,0.5,325.0,Hard Rock Bet,0.5,440.0,FanDuel,,,,,,,,,,0.5,440.0,FanDuel,0.5,440.0,FanDuel,,,,,,,,,,0.5,440.0,FanDuel,The Odds API,"[""Bally Bet"", ""BetMGM"", ""BetRivers"", ""Bovada"", ""Caesars"", ""Courtside"", ""DraftKings"", ""FanDuel"", ""Fanatics"", ""Hard Rock Bet"", ""theScore Bet""]",The Odds API,"[""Bally Bet"", ""BetMGM"", ""BetRivers"", ""Bovada"", ""Caesars"", ""Courtside"", ""DraftKings"", ""FanDuel"", ""Fanatics"", ""fanduel""]",The Odds API,"[""BetOnline.ag"", ""Courtside"", ""DraftKings"", ""Fanatics"", ""Hard Rock Bet"", ""ReBet"", ""draftkings"", ""theScore Bet""]",0.5,650.0,Hard Rock Bet,,,,,,,,,,0.5,650.0,Hard Rock Bet,The Odds API,"[""Hard Rock Bet"", ""theScore Bet""]",The Odds API,"[""Bally Bet"", ""BetOnline.ag"", ""BetRivers"", ""Courtside"", ""DraftKings"", ""Fanatics"", ""Hard Rock Bet"", ""ReBet"", ""draftkings"", ""theScore Bet""]",The Odds API,"[""Bally Bet"", ""BetMGM"", ""BetOnline.ag"", ""BetRivers"", ""Courtside"", ""DraftKings"", ""Fanatics"", ""Hard Rock Bet"", ""ReBet"", ""theScore Bet""]",2026-10-09T17:28:13.749821+00:00,ALTLINE_NB_v1_2026-01-18,1.5,-103.0,BetOnline.ag,league_avg,2.3,0.6001759479749428,60.0,0.5073891625615764,18.287104309624645,18.3,0.6001759479749428,60.0,18.287104309624645,18.3,0.3835789960842564,38.4,49.59580847285998,49.6,0.2254288407355011,22.5,119.79311971711364,119.8,0.1243884637071297,12.4,248.2876983799633,248.3,0.5,175.0,Fanatics,exp/fallback,0.315,0.2583033156166547,25.8,0.3636363636363636,-28.966588205419946,-29.0,0.2583033156166547,25.8,-28.966588205419946,-29.0,0.0478692191692295,4.8,-47.34385891384745,-47.3,0.0075687915564092,0.8,-87.51149393192479,-87.5,0.0010895064144246,0.1,-96.40462883239874,-96.4,0.5,325.0,Hard Rock Bet,exp/fallback,0.154,0.1378782666870128,13.8,0.2352941176470588,-41.40173665801953,-41.4,0.1378782666870128,13.8,-41.40173665801953,-41.4,0.014603664152008,1.5,-62.03047320477897,-62.0,,,,,,,,,0.5,440.0,FanDuel,exp/fallback,0.2444,0.2079884864011633,20.8,0.1851851851851851,12.313782656628192,12.3,0.2079884864011633,20.8,12.313782656628192,12.3,,,,,,,,,,,,,0.5,440.0,FanDuel,exp/fallback,0.20965,0.1784342727141965,17.8,0.1851851851851851,-3.645492734333866,-3.6,0.1784342727141965,17.8,-3.645492734333866,-3.6,,,,,,,,,,,,,True,False,True,False,False,,,Active roster,2026-10-09T17:28:13+00:00,False,[],2025-2026,,2026-09-24-frozen-v2,2026-10-09T17:28:17.103488+00:00
2026-10-09,SEA@DET,2026020066,6:00 PM,2026-10-09T23:00:00Z,Bobby McMann,8482259,SEA,False,"{""season"":""2026-27"",""games"":[{""d"":""2026-10-06"",""g"":0,""a"":0,""s"":3,""pp"":0,""h"":""H"",""toi"":""16:51""},{""d"":""2026-10-04"",""g"":1,""a"":0,""s"":6,""pp"":0,""h"":""H"",""toi"":""15:27""},{""d"":""2026-10-03"",""g"":1,""a"":0,""s"":3,""pp"":1,""h"":""R"",""toi"":""17:58""},{""d"":""2026-10-01"",""g"":0,""a"":0,""s"":3,""pp"":0,""h"":""R"",""toi"":""16:05""}]}",2026-27,SEA,C,,Healthy,Unknown,,,1.0,0.0,,19.0,12.0,2026-10-09T17:27:50+00:00,DET,John Gibson,0.9014373716632444,2.7159277848214005,40.0,Confirmed,dailyfaceoff_name_and_stats,24.43,7.0,24.43,7.0,16.2,84.9,66.1,A1+A2,15.93,58.1,73.0,1.09,NONE,False,False,23.623864237296285,2.131916734772367,19.0,5.2,18.0,3.6,True,3.0,,3.75,3.2625,97.1,2.0,2.0,15.0,2.0,0.0,0.0,2.0,2.0,0.0,0.0,15.0,15.0,LOW,0.2,-0.3,LOW,0.1,,LOW,0.05,,LOW,0.0,,LOW,0.0,,LOW,0.0,,LOW,1.5,,LOW,0.75,,LOW,0.375,,1.774167052463374,0.5376263795343558,,,0.0,2.49659113736712,2.2285721313693254,50.0,30.7,66.9,26.2,5.03,2.92,35.88,3.03,0.65,17.62,HOT,COOL,HOT,2.38,2.38,WARM,Red,Yellow,Yellow,Red,59.0,71.0,74.0,61.0,GOAL,74.0,1.0,4.0,1.0,0.0,1.0,2.0,C,Passenger,5.9,,68.6,,0.0,0.9378205128205128,73.15,0.9378205128205128,0.0588661328612239,5.9,5.9,2.696514012303486,1.4764183185235815,1.4354066985645932,7.286961583236321,7.999390243902439,68.6,58.4,False,,,,🥅 D:1,,False,False,0.0,,False,0.0,,False,0.0,,1.5,-240.0,theScore Bet,2.5,125.0,theScore Bet,3.5,300.0,theScore Bet,4.5,600.0,DraftKings,2.5,125.0,theScore Bet,0.5,130.0,theScore Bet,1.5,700.0,theScore Bet,2.5,2800.0,Fanatics,3.5,3900.0,BetOnline.ag,0.5,130.0,theScore Bet,0.5,325.0,Hard Rock Bet,1.5,2200.0,Fanatics,,,,,,,0.5,325.0,Hard Rock Bet,0.5,265.0,BetRivers,,,,,,,,,,0.5,265.0,BetRivers,0.5,265.0,BetRivers,,,,,,,,,,0.5,265.0,BetRivers,The Odds API,"[""Bally Bet"", ""BetMGM"", ""BetRivers"", ""Bovada"", ""Caesars"", ""Courtside"", ""DraftKings"", ""FanDuel"", ""Fanatics"", ""Hard Rock Bet"", ""theScore Bet""]",The Odds API,"[""Bally Bet"", ""BetMGM"", ""BetRivers"", ""Bovada"", ""Caesars"", ""Courtside"", ""DraftKings"", ""FanDuel"", ""Fanatics"", ""betrivers""]",The Odds API,"[""Bally Bet"", ""BetMGM"", ""BetOnline.ag"", ""BetRivers"", ""Bovada"", ""Courtside"", ""DraftKings"", ""Fanatics"", ""Hard Rock Bet"", ""ReBet"", ""draftkings"", ""theScore Bet""]",0.5,350.0,Hard Rock Bet,,,,,,,,,,0.5,350.0,Hard Rock Bet,The Odds API,"[""Bally Bet"", ""BetRivers"", ""Bovada"", ""Hard Rock Bet"", ""theScore Bet""]",The Odds API,"[""Bally Bet"", ""BetMGM"", ""BetOnline.ag"", ""BetRivers"", ""Caesars"", ""Courtside"", ""DraftKings"", ""Fanatics"", ""Hard Rock Bet"", ""ReBet"", ""betmgm"", ""theScore Bet""]",The Odds API,"[""Bally Bet"", ""BetMGM"", ""BetOnline.ag"", ""BetRivers"", ""Bovada"", ""Courtside"", ""DraftKings"", ""FanDuel"", ""Fanatics"", ""Hard Rock Bet"", ""ReBet"", ""betmgm"", ""theScore Bet""]",2026-10-09T17:28:13.749821+00:00,ALTLINE_NB_v1_2026-01-18,2.5,125.0,theScore Bet,exp/fallback,3.588,0.6040693698681971,60.4,0.4444444444444444,35.91560822034437,35.9,0.7767250619867144,77.7,10.036050448117878,10.0,0.6040693698681971,60.4,35.91560822034437,35.9,0.440788235624328,44.1,76.31529424973121,76.3,0.3056746033210524,30.6,113.97222232473672,114.0,0.5,130.0,theScore Bet,exp/fallback,0.503,0.3708076004206367,37.1,0.4347826086956521,-14.714251903253544,-14.7,0.3708076004206367,37.1,-14.714251903253544,-14.7,0.1017001840791378,10.2,-18.639852736689733,-18.6,0.0240090182840206,2.4,-30.37384697634,-30.4,0.0051794005321097,0.5,-79.28239787156102,-79.3,0.5,325.0,Hard Rock Bet,exp/fallback,0.238,0.2013806531268742,20.1,0.2352941176470588,-14.413222421078444,-14.4,0.2013806531268742,20.1,-14.413222421078444,-14.4,0.0315223827463524,3.2,-27.49851968338939,-27.5,,,,,,,,,0.5,265.0,BetRivers,exp/fallback,0.2968,0.244566057460013,24.5,0.273972602739726,-10.733389027095242,-10.7,0.244566057460013,24.5,-10.733389027095242,-10.7,,,,,,,,,,,,,0.5,265.0,BetRivers,exp/fallback,0.2948,0.2364017083910187,23.6,0.273972602739726,-13.71337643727818,-13.7,0.2364017083910187,23.6,-13.71337643727818,-13.7,,,,,,,,,,,,,True,False,False,False,False,16.2,,Active roster,2026-10-09T17:28:13+00:00,False,[],2025-2026,,2026-09-24-frozen-v2,2026-10-09T17:28:17.103488+00:00
2026-10-09,SEA@DET,2026020066,6:00 PM,2026-10-09T23:00:00Z,Brandon Montour,8477986,SEA,False,"{""season"":""2026-27"",""games"":[{""d"":""2026-10-06"",""g"":0,""a"":0,""s"":0,""pp"":0,""h"":""H"",""toi"":""20:05""},{""d"":""2026-10-04"",""g"":0,""a"":2,""s"":3,""pp"":0,""h"":""H"",""toi"":""23:12""},{""d"":""2026-10-03"",""g"":0,""a"":0,""s"":0,""pp"":0,""h"":""R"",""toi"":""23:21""},{""d"":""2026-10-01"",""g"":0,""a"":0,""s"":4,""pp"":0,""h"":""R"",""toi"":""24:11""}]}",2026-27,SEA,D,,Healthy,Unknown,,,1.0,0.0,,19.0,12.0,2026-10-09T17:27:50+00:00,DET,John Gibson,0.9014373716632444,2.7159277848214005,40.0,Confirmed,dailyfaceoff_name_and_stats,24.43,7.0,24.43,7.0,8.1,63.7,72.9,A1+A2,22.56,95.0,73.2,1.09,NONE,False,False,23.623864237296285,2.131916734772367,19.0,5.2,18.0,3.6,True,1.5,,1.75,1.5875,45.4,2.0,0.0,7.0,0.0,2.0,2.0,2.0,2.0,2.0,2.0,7.0,7.0,LOW,0.2,-0.3,LOW,0.1,,LOW,0.05,,LOW,0.2,,LOW,0.1,,LOW,0.05,,LOW,0.7,,LOW,0.35,,LOW,0.175,,0.8744467235236965,0.2914822411745654,,,2.0,2.49659113736712,2.2285721313693254,50.0,30.7,44.8,26.2,5.14,1.55,15.88,3.14,1.55,8.88,HOT,WARM,HOT,3.95,1.59,WARM,Yellow,Red,Red,Yellow,64.0,52.0,55.0,59.0,POINTS,64.0,1.0,1.0,4.0,1.0,0.0,4.0,B,Distributor,7.9,,68.6,,1.0,1.7796875,113.9,1.7796875,0.078888132149742,7.9,7.9,3.3476733977172954,0.8849868305531167,2.8972783143107987,7.286961583236321,7.999390243902439,68.6,69.6,False,,,,🅿️ D:1,,False,False,1.0,,False,0.0,,False,0.0,,1.5,-295.0,DraftKings,2.5,105.0,BetRivers,3.5,240.0,Fanatics,4.5,550.0,Fanatics,2.5,105.0,BetRivers,0.5,135.0,Fanatics,1.5,750.0,DraftKings,2.5,2800.0,Fanatics,3.5,3700.0,BetOnline.ag,0.5,135.0,Fanatics,0.5,200.0,Fanatics,1.5,1300.0,Bovada,,,,,,,0.5,200.0,Fanatics,0.5,575.0,BetRivers,,,,,,,,,,0.5,575.0,BetRivers,0.5,575.0,BetRivers,,,,,,,,,,0.5,575.0,BetRivers,The Odds API,"[""Bally Bet"", ""BetMGM"", ""BetRivers"", ""Bovada"", ""Caesars"", ""Courtside"", ""DraftKings"", ""FanDuel"", ""Fanatics"", ""Hard Rock Bet"", ""theScore Bet""]",The Odds API,"[""Bally Bet"", ""BetMGM"", ""BetRivers"", ""Bovada"", ""Caesars"", ""Courtside"", ""DraftKings"", ""FanDuel"", ""Fanatics"", ""betrivers""]",The Odds API,"[""Bally Bet"", ""BetMGM"", ""BetOnline.ag"", ""BetRivers"", ""Bovada"", ""Courtside"", ""DraftKings"", ""Fanatics"", ""Hard Rock Bet"", ""ReBet"", ""draftkings"", ""theScore Bet""]",0.5,400.0,Hard Rock Bet,1.5,2000.0,Bovada,,,,,,,0.5,400.0,Hard Rock Bet,The Odds API,"[""BetMGM"", ""Bovada"", ""Hard Rock Bet"", ""theScore Bet""]",The Odds API,"[""Bally Bet"", ""BetMGM"", ""BetOnline.ag"", ""BetRivers"", ""Caesars"", ""Courtside"", ""DraftKings"", ""Fanatics"", ""Hard Rock Bet"", ""ReBet"", ""draftkings"", ""theScore Bet""]",The Odds API,"[""Bally Bet"", ""BetMGM"", ""BetOnline.ag"", ""BetRivers"", ""Bovada"", ""Courtside"", ""DraftKings"", ""Fanatics"", ""Hard Rock Bet"", ""ReBet"", ""betmgm"", ""theScore Bet""]",2026-10-09T17:28:13.749821+00:00,ALTLINE_NB_v1_2026-01-18,2.5,105.0,BetRivers,exp/fallback,1.588,0.2269681489364232,22.7,0.4878048780487805,-53.47152946803323,-53.5,0.4390007186798756,43.9,-41.21854783777936,-41.2,0.2269681489364232,22.7,-53.47152946803323,-53.5,0.1064571536777967,10.6,-63.80456774954912,-63.8,0.0465251465511462,4.7,-69.75865474175494,-69.8,0.5,135.0,Fanatics,exp/fallback,0.514,0.376655693932214,37.7,0.425531914893617,-11.485911925929717,-11.5,0.376655693932214,37.7,-11.485911925929717,-11.5,0.105108127766571,10.5,-10.658091398414582,-10.7,0.025259472727017,2.5,-26.74752909165068,-26.7,0.0055482670390879,0.6,-78.91658525146579,-78.9,0.5,200.0,Fanatics,exp/fallback,0.395,0.3026529696087449,30.3,0.3333333333333333,-9.204109117376536,-9.2,0.3026529696087449,30.3,-9.204109117376536,-9.2,0.0726303583314622,7.3,1.6825016640471535,1.7,,,,,,,,,0.5,575.0,BetRivers,exp/fallback,0.2057,0.1793633335293524,17.9,0.1481481481481481,21.07025013231289,21.1,0.1793633335293524,17.9,21.07025013231289,21.1,,,,,,,,,,,,,0.5,575.0,BetRivers,exp/fallback,0.1748874999999999,0.1526501314421565,15.3,0.1481481481481481,3.0388387234556724,3.0,0.1526501314421565,15.3,3.0388387234556724,3.0,,,,,,,,,,,,,False,False,True,False,False,8.1,,Active roster,2026-10-09T17:28:13+00:00,False,[],2025-2026,,2026-09-24-frozen-v2,2026-10-09T17:28:17.103488+00:00
2026-10-09,SEA@DET,2026020066,6:00 PM,2026-10-09T23:00:00Z,Cale Fleury,8479985,SEA,False,,2026-27,SEA,D,,Healthy,Unknown,,,1.0,0.0,,19.0,12.0,2026-10-09T17:27:50+00:00,DET,John Gibson,0.9014373716632444,2.7159277848214005,40.0,Confirmed,dailyfaceoff_name_and_stats,24.43,7.0,24.43,7.0,,20.6,24.0,A1+A2,16.3,62.3,30.2,0.94,NONE,False,False,23.623864237296285,2.131916734772367,19.0,5.2,18.0,3.6,True,,,,,50.0,,,,,,,,,,,,,,,,,,,,,,,,,,,,,,,,,,,,,,,,0.5187569047504683,0.3458379365003122,,,0.0,2.49659113736712,2.2285721313693254,50.0,30.7,38.7,26.2,1.17,0.36,,,,,COOL,COOL,COOL,0.82,,COOL,Red,Red,Red,Red,33.0,27.0,26.0,27.0,POINTS,33.0,,,,,,,C,Passenger,1.5,,68.6,,0.0,0.2384057971014492,5.483333333333333,0.2384057971014492,0.01463002490217,1.5,1.5,0.0,0.0,0.0,7.286961583236321,7.999390243902439,68.6,38.6,False,,,,,,False,False,0.0,,False,0.0,,False,0.0,,,,,,,,,,,,,,,,,,,,,,,,,,,,,,,,,,,,,,,,,,,,,,,0.5,2800.0,Fanatics,,,,,,,,,,0.5,2800.0,Fanatics,0.5,2800.0,Fanatics,,,,,,,,,,0.5,2800.0,Fanatics,The Odds API,"[""Bally Bet"", ""BetMGM"", ""BetRivers"", ""Bovada"", ""Caesars"", ""Courtside"", ""DraftKings"", ""Fanatics"", ""Hard Rock Bet"", ""theScore Bet""]",The Odds API,"[""Bally Bet"", ""BetMGM"", ""BetRivers"", ""Bovada"", ""Caesars"", ""Courtside"", ""DraftKings"", ""Fanatics"", ""fanatics""]",,,,,,,,,,,,,,,,,,,,,,,,2026-10-09T17:28:13.749821+00:00,ALTLINE_NB_v1_2026-01-18,,,,league_avg,2.3,,,,,,,,,,,,,,,,,,,,,,,,,exp/fallback,0.1169999999999999,,,,,,,,,,,,,,,,,,,,,,,,,exp/fallback,0.0819999999999999,,,,,,,,,,,,,,,,,,,,,,0.5,2800.0,Fanatics,exp/fallback,0.1944,0.1707321143974325,17.1,0.0344827586206896,395.1231317525543,395.1,0.1707321143974325,17.1,395.1231317525543,395.1,,,,,,,,,,,,,0.5,2800.0,Fanatics,exp/fallback,0.1284,0.1160214650159255,11.6,0.0344827586206896,236.4622485461842,236.5,0.1160214650159255,11.6,236.4622485461842,236.5,,,,,,,,,,,,,False,False,True,True,False,,,Active roster,2026-10-09T17:28:13+00:00,False,[],2025-2026,,2026-09-24-frozen-v2,2026-10-09T17:28:17.103488+00:00
2026-10-09,SEA@DET,2026020066,6:00 PM,2026-10-09T23:00:00Z,Chandler Stephenson,8476905,SEA,False,"{""season"":""2026-27"",""games"":[{""d"":""2026-10-06"",""g"":0,""a"":0,""s"":0,""pp"":0,""h"":""H"",""toi"":""17:31""},{""d"":""2026-10-04"",""g"":0,""a"":2,""s"":1,""pp"":0,""h"":""H"",""toi"":""15:46""},{""d"":""2026-10-03"",""g"":0,""a"":1,""s"":1,""pp"":1,""h"":""R"",""toi"":""18:07""},{""d"":""2026-10-01"",""g"":1,""a"":0,""s"":2,""pp"":0,""h"":""R"",""toi"":""16:59""}]}",2026-27,SEA,C,,Healthy,Unknown,,,1.0,0.0,,19.0,12.0,2026-10-09T17:27:50+00:00,DET,John Gibson,0.9014373716632444,2.7159277848214005,40.0,Confirmed,dailyfaceoff_name_and_stats,24.43,7.0,24.43,7.0,5.4,67.6,88.4,A1+A2,19.38,85.8,78.5,1.11,NONE,False,False,23.623864237296285,2.131916734772367,19.0,5.2,18.0,3.6,True,1.0,,1.0,1.0,25.3,4.0,1.0,4.0,1.0,3.0,3.0,4.0,4.0,3.0,3.0,4.0,4.0,LOW,0.4,-0.1,LOW,0.2,,LOW,0.1,,LOW,0.3,,LOW,0.15,,LOW,0.075,,LOW,0.4,,LOW,0.2,,LOW,0.1,,1.3349352556401015,0.5339741022560406,,,3.0,2.49659113736712,2.2285721313693254,50.0,30.7,57.9,26.2,6.64,1.45,11.0,2.04,0.45,6.0,WARM,COOL,HOT,5.06,1.6,WARM,Yellow,Red,Red,Yellow,69.0,54.0,54.0,68.0,POINTS,69.0,1.0,1.0,3.0,4.0,1.0,2.0,A,Distributor,13.0,,68.6,,2.0,2.5172916666666665,201.38333333333333,2.5172916666666665,0.12988004127612,13.0,13.0,2.87734834064388,0.91467350823471,2.309029214599024,7.286961583236321,7.999390243902439,68.6,74.3,False,,,,🅿️ D:1,,False,False,1.0,,False,0.0,,False,0.0,,1.5,175.0,BetRivers,,,,,,,,,,1.5,175.0,BetRivers,0.5,120.0,BetOnline.ag,1.5,650.0,Fanatics,2.5,2500.0,Fanatics,3.5,3800.0,BetOnline.ag,0.5,120.0,BetOnline.ag,0.5,200.0,DraftKings,1.5,1300.0,DraftKings,,,,,,,0.5,200.0,DraftKings,0.5,400.0,FanDuel,,,,,,,,,,0.5,400.0,FanDuel,0.5,400.0,FanDuel,,,,,,,,,,0.5,400.0,FanDuel,The Odds API,"[""Bally Bet"", ""BetMGM"", ""BetRivers"", ""Bovada"", ""Caesars"", ""Courtside"", ""DraftKings"", ""FanDuel"", ""Fanatics"", ""Hard Rock Bet"", ""theScore Bet""]",The Odds API,"[""Bally Bet"", ""BetMGM"", ""BetRivers"", ""Bovada"", ""Caesars"", ""Courtside"", ""DraftKings"", ""FanDuel"", ""Fanatics"", ""betmgm""]",The Odds API,"[""Bally Bet"", ""BetMGM"", ""BetOnline.ag"", ""BetRivers"", ""Bovada"", ""Courtside"", ""DraftKings"", ""Fanatics"", ""Hard Rock Bet"", ""ReBet"", ""draftkings"", ""theScore Bet""]",0.5,300.0,Hard Rock Bet,1.5,1600.0,Bovada,,,,,,,0.5,300.0,Hard Rock Bet,The Odds API,"[""Bally Bet"", ""BetRivers"", ""Bovada"", ""Hard Rock Bet"", ""theScore Bet""]",The Odds API,"[""Bally Bet"", ""BetMGM"", ""BetOnline.ag"", ""BetRivers"", ""Caesars"", ""Courtside"", ""DraftKings"", ""Fanatics"", ""Hard Rock Bet"", ""ReBet"", ""draftkings"", ""theScore Bet""]",The Odds API,"[""Bally Bet"", ""BetRivers""]",2026-10-09T17:28:13.749821+00:00,ALTLINE_NB_v1_2026-01-18,1.5,175.0,BetRivers,exp/fallback,1.1,0.2951240545579663,29.5,0.3636363636363636,-18.84088499655927,-18.8,0.2951240545579663,29.5,-18.84088499655927,-18.8,,,,,,,,,,,,,0.5,120.0,BetOnline.ag,exp/fallback,0.6639999999999999,0.4495606692333618,45.0,0.4545454545454545,-1.096652768660411,-1.1,0.4495606692333618,45.0,-1.096652768660411,-1.1,0.1529916042958028,15.3,14.743703221852122,14.7,0.0451351819450936,4.5,17.351473057243616,17.4,0.0122053081082765,1.2,-52.39929837772134,-52.4,0.5,200.0,DraftKings,exp/fallback,0.506,0.3630609760835764,36.3,0.3333333333333333,8.918292825072937,8.9,0.3630609760835764,36.3,8.918292825072937,8.9,0.1058453766408707,10.6,48.18352729721912,48.2,,,,,,,,,0.5,400.0,FanDuel,exp/fallback,0.1785,0.1583706059023742,15.8,0.2,-20.814697048812857,-20.8,0.1583706059023742,15.8,-20.814697048812857,-20.8,,,,,,,,,,,,,0.5,400.0,FanDuel,exp/fallback,0.1494375,0.1329147237202028,13.3,0.2,-33.54263813989857,-33.5,0.1329147237202028,13.3,-33.54263813989857,-33.5,,,,,,,,,,,,,False,False,False,False,False,5.4,,Active roster,2026-10-09T17:28:13+00:00,False,[],2025-2026,,2026-09-24-frozen-v2,2026-10-09T17:28:17.103488+00:00
2026-10-09,SEA@DET,2026020066,6:00 PM,2026-10-09T23:00:00Z,Curtis Douglas,8480876,VAN,True,,2026-27,SEA,C,,Healthy,Unknown,,,1.0,0.0,,19.0,12.0,2026-10-09T17:27:50+00:00,DET,John Gibson,0.9014373716632444,2.7159277848214005,40.0,Confirmed,dailyfaceoff_name_and_stats,24.43,7.0,24.43,7.0,,43.2,28.5,A1+A2,6.75,0.4,29.5,0.94,NONE,False,False,23.623864237296285,2.131916734772367,19.0,5.2,18.0,3.6,True,,,,,50.0,,,,,,,,,,,,,,,,,,,,,,,,,,,,,,,,,,,,,,,,0.8323699421965318,0.6242774566473989,,,0.0,2.49659113736712,2.2285721313693254,50.0,30.7,44.0,26.2,1.58,0.92,,,,,COOL,COOL,COOL,0.66,,COOL,Red,Red,Red,Red,30.0,34.0,36.0,26.0,GOAL,36.0,,,,,,,,Passenger,0.1,,68.6,,,0.003875968992248,0.1666666666666666,0.003875968992248,0.0005742176284811,0.1,0.1,0.0,0.0,0.0,7.286961583236321,7.999390243902439,68.6,25.8,False,,,,,,False,False,0.0,,False,0.0,,False,0.0,,,,,,,,,,,,,,,,,,,,,,,,,,,,,,,,,,,,,,,,,,,,,,,,,,,,,,,,,,,,,,,,,,,,,,,,,,,,,,,,,,,,,,,,,,,,,,,,,,,,,,,,2026-10-09T17:28:13.749821+00:00,ALTLINE_NB_v1_2026-01-18,,,,league_avg,2.3,,,,,,,,,,,,,,,,,,,,,,,,,exp/fallback,0.158,,,,,,,,,,,,,,,,,,,,,,,,,exp/fallback,0.066,,,,,,,,,,,,,,,,,,,,,,,,,exp/fallback,0.2168,,,,,,,,,,,,,,,,,,,,,,,,,exp/fallback,0.1648,,,,,,,,,,,,,,,,,,,,,,False,False,False,False,False,,,Active roster,2026-10-09T17:28:13+00:00,False,[],2025-2026,,2026-09-24-frozen-v2,2026-10-09T17:28:17.103488+00:00
2026-10-09,SEA@DET,2026020066,6:00 PM,2026-10-09T23:00:00Z,Frederick Gaudreau,8477919,SEA,False,,2026-27,SEA,C,,Healthy,Unknown,,,1.0,0.0,,19.0,12.0,2026-10-09T17:27:50+00:00,DET,John Gibson,0.9014373716632444,2.7159277848214005,40.0,Confirmed,dailyfaceoff_name_and_stats,24.43,7.0,24.43,7.0,,64.2,66.1,A1+A2,16.14,60.8,64.2,1.06,NONE,False,False,23.623864237296285,2.131916734772367,19.0,5.2,18.0,3.6,True,,,,,50.0,,,,,,,,,,,,,,,,,,,,,,,,,,,,,,,,,,,,,,,,1.2435459239328048,0.523598283761181,,,0.0,2.49659113736712,2.2285721313693254,50.0,30.7,54.8,26.2,4.08,1.44,,,,,COOL,COOL,COOL,2.64,,COOL,Red,Red,Red,Red,56.0,50.0,52.0,53.0,POINTS,56.0,,,,,,,C,Passenger,1.8,,68.6,,0.0,0.2862745098039215,19.466666666666665,0.2862745098039215,0.0177329730057996,1.8,1.8,12.0513698630137,6.811643835616438,6.164383561643836,7.286961583236321,7.999390243902439,68.6,65.6,False,,,,,,False,False,0.0,,False,0.0,,False,0.0,,,,,,,,,,,,,,,,,,,,,,,,,,,,,,,,,,,,,,,,,,,,,,,0.5,950.0,DraftKings,,,,,,,,,,0.5,950.0,DraftKings,0.5,950.0,DraftKings,,,,,,,,,,0.5,950.0,DraftKings,The Odds API,"[""Bally Bet"", ""BetMGM"", ""BetRivers"", ""Bovada"", ""Caesars"", ""Courtside"", ""DraftKings"", ""FanDuel"", ""Hard Rock Bet"", ""theScore Bet""]",The Odds API,"[""Bally Bet"", ""BetMGM"", ""BetRivers"", ""Bovada"", ""Caesars"", ""Courtside"", ""DraftKings"", ""FanDuel"", ""betmgm""]",,,,,,,,,,,,,,,,,,,,,,,,2026-10-09T17:28:13.749821+00:00,ALTLINE_NB_v1_2026-01-18,,,,league_avg,2.3,,,,,,,,,,,,,,,,,,,,,,,,,exp/fallback,0.408,,,,,,,,,,,,,,,,,,,,,,,,,exp/fallback,0.264,,,,,,,,,,,,,,,,,,,,,,0.5,950.0,DraftKings,exp/fallback,0.2375999999999999,0.2030610721781736,20.3,0.0952380952380952,113.21412578708228,113.2,0.2030610721781736,20.3,113.21412578708228,113.2,,,,,,,,,,,,,0.5,950.0,DraftKings,exp/fallback,0.1986,0.1703801457882775,17.0,0.0952380952380952,78.89915307769141,78.9,0.1703801457882775,17.0,78.89915307769141,78.9,,,,,,,,,,,,,False,False,True,True,False,,,Active roster,2026-10-09T17:28:13+00:00,False,[],2025-2026,,2026-09-24-frozen-v2,2026-10-09T17:28:17.103488+00:00
2026-10-09,SEA@DET,2026020066,6:00 PM,2026-10-09T23:00:00Z,Jared McCann,8477955,SEA,False,"{""season"":""2026-27"",""games"":[{""d"":""2026-10-06"",""g"":1,""a"":0,""s"":7,""pp"":1,""h"":""H"",""toi"":""15:07""},{""d"":""2026-10-04"",""g"":0,""a"":1,""s"":2,""pp"":0,""h"":""H"",""toi"":""15:42""},{""d"":""2026-10-03"",""g"":0,""a"":0,""s"":2,""pp"":0,""h"":""R"",""toi"":""14:29""},{""d"":""2026-10-01"",""g"":0,""a"":3,""s"":4,""pp"":1,""h"":""R"",""toi"":""17:54""}]}",2026-27,SEA,L,,Healthy,Unknown,,,1.0,0.0,,19.0,12.0,2026-10-09T17:27:50+00:00,DET,John Gibson,0.9014373716632444,2.7159277848214005,40.0,Confirmed,dailyfaceoff_name_and_stats,24.43,7.0,24.43,7.0,16.2,80.9,71.0,A1+A2,16.43,63.1,73.8,1.1,NONE,False,False,23.623864237296285,2.131916734772367,19.0,5.2,18.0,3.6,True,3.0,,3.75,3.2625,97.1,5.0,1.0,15.0,1.0,4.0,4.0,5.0,5.0,4.0,4.0,15.0,15.0,LOW,0.5,0.0,LOW,0.25,,LOW,0.125,,LOW,0.4,,LOW,0.2,,LOW,0.1,,LOW,1.5,,LOW,0.75,,LOW,0.375,,1.904905888578124,0.907098042180059,,,4.0,2.49659113736712,2.2285721313693254,50.0,30.7,69.0,26.2,8.52,3.89,35.88,2.75,2.54,17.62,HOT,HOT,HOT,4.63,0.21,COOL,Yellow,Yellow,Yellow,Yellow,61.0,69.0,70.0,59.0,GOAL,70.0,0.0,1.0,0.0,0.0,2.0,0.0,A,Hybrid,16.3,,68.6,,2.0,2.676602564102564,139.18333333333334,2.676602564102564,0.1628700706010843,16.3,16.3,3.304274937133277,1.6553706142976887,1.939887438630104,7.286961583236321,7.999390243902439,68.6,77.7,False,,,,🥅 D:0,,False,False,1.0,,False,0.0,,False,0.0,,1.5,-165.0,BetRivers,2.5,145.0,Hard Rock Bet,3.5,360.0,theScore Bet,4.5,750.0,Fanatics,2.5,145.0,Hard Rock Bet,0.5,-105.0,DraftKings,1.5,550.0,theScore Bet,2.5,1900.0,Fanatics,3.5,4400.0,BetOnline.ag,0.5,-105.0,DraftKings,0.5,185.0,Fanatics,1.5,1100.0,Fanatics,,,,,,,0.5,185.0,Fanatics,0.5,275.0,DraftKings,,,,,,,,,,0.5,275.0,DraftKings,0.5,275.0,DraftKings,,,,,,,,,,0.5,275.0,DraftKings,The Odds API,"[""Bally Bet"", ""BetMGM"", ""BetRivers"", ""Bovada"", ""Caesars"", ""Courtside"", ""DraftKings"", ""FanDuel"", ""Fanatics"", ""Hard Rock Bet"", ""theScore Bet""]",The Odds API,"[""Bally Bet"", ""BetMGM"", ""BetRivers"", ""Bovada"", ""Caesars"", ""Courtside"", ""DraftKings"", ""FanDuel"", ""Fanatics"", ""betmgm""]",The Odds API,"[""Bally Bet"", ""BetMGM"", ""BetOnline.ag"", ""BetRivers"", ""Bovada"", ""Courtside"", ""DraftKings"", ""Fanatics"", ""Hard Rock Bet"", ""ReBet"", ""draftkings"", ""theScore Bet""]",0.5,240.0,Hard Rock Bet,1.5,1400.0,Bovada,,,,,,,0.5,240.0,Hard Rock Bet,The Odds API,"[""Bally Bet"", ""BetRivers"", ""Bovada"", ""Hard Rock Bet"", ""theScore Bet""]",The Odds API,"[""Bally Bet"", ""BetMGM"", ""BetOnline.ag"", ""BetRivers"", ""Caesars"", ""Courtside"", ""DraftKings"", ""Fanatics"", ""Hard Rock Bet"", ""ReBet"", ""draftkings"", ""theScore Bet""]",The Odds API,"[""Bally Bet"", ""BetMGM"", ""BetOnline.ag"", ""BetRivers"", ""Bovada"", ""Courtside"", ""DraftKings"", ""FanDuel"", ""Fanatics"", ""Hard Rock Bet"", ""ReBet"", ""draftkings"", ""theScore Bet""]",2026-10-09T17:28:13.749821+00:00,ALTLINE_NB_v1_2026-01-18,2.5,145.0,Hard Rock Bet,exp/fallback,3.588,0.6040693698681971,60.4,0.4081632653061224,47.99699561770829,48.0,0.7767250619867144,77.7,24.74675237968444,24.7,0.6040693698681971,60.4,47.99699561770829,48.0,0.440788235624328,44.1,102.76258838719087,102.8,0.3056746033210524,30.6,159.8234128228946,159.8,0.5,-105.0,DraftKings,exp/fallback,0.852,0.5255757896153666,52.6,0.5121951219512195,2.612416067762036,2.6,0.5255757896153666,52.6,2.612416067762036,2.6,0.2142143451170552,21.4,39.23932432608594,39.2,0.0762818487906196,7.6,52.563697581239225,52.6,0.024984815031258,2.5,12.431667640661203,12.4,0.5,185.0,Fanatics,exp/fallback,0.4629999999999999,0.3406269879066044,34.1,0.3508771929824561,-2.921308446617743,-2.9,0.3406269879066044,34.1,-2.921308446617743,-2.9,0.0927262939567528,9.3,11.271552748103364,11.3,,,,,,,,,0.5,275.0,DraftKings,exp/fallback,0.3356,0.2701432944036244,27.0,0.2666666666666666,1.3037354013591518,1.3,0.2701432944036244,27.0,1.3037354013591518,1.3,,,,,,,,,,,,,0.5,275.0,DraftKings,exp/fallback,0.35785,0.2751097813308988,27.5,0.2666666666666666,3.166167999087055,3.2,0.2751097813308988,27.5,3.166167999087055,3.2,,,,,,,,,,,,,True,False,False,False,False,16.2,,Active roster,2026-10-09T17:28:13+00:00,False,[],2025-2026,,2026-09-24-frozen-v2,2026-10-09T17:28:17.103488+00:00
2026-10-09,SEA@DET,2026020066,6:00 PM,2026-10-09T23:00:00Z,Jordan Eberle,8474586,SEA,False,"{""season"":""2026-27"",""games"":[{""d"":""2026-10-06"",""g"":0,""a"":1,""s"":0,""pp"":1,""h"":""H"",""toi"":""15:46""},{""d"":""2026-10-04"",""g"":1,""a"":0,""s"":2,""pp"":0,""h"":""H"",""toi"":""14:03""},{""d"":""2026-10-03"",""g"":0,""a"":1,""s"":1,""pp"":1,""h"":""R"",""toi"":""17:10""},{""d"":""2026-10-01"",""g"":1,""a"":0,""s"":4,""pp"":1,""h"":""R"",""toi"":""17:52""}]}",2026-27,SEA,R,,Healthy,Unknown,,,1.0,0.0,,19.0,12.0,2026-10-09T17:27:50+00:00,DET,John Gibson,0.9014373716632444,2.7159277848214005,40.0,Confirmed,dailyfaceoff_name_and_stats,24.43,7.0,24.43,7.0,8.1,95.9,84.1,A1+A2,18.48,78.5,88.3,1.15,NONE,False,False,23.623864237296285,2.131916734772367,19.0,5.2,18.0,3.6,True,1.5,,1.75,1.5875,45.4,4.0,2.0,7.0,2.0,2.0,2.0,4.0,4.0,2.0,2.0,7.0,7.0,LOW,0.4,-0.1,LOW,0.2,,LOW,0.1,,LOW,0.2,,LOW,0.1,,LOW,0.05,,LOW,0.7,,LOW,0.35,,LOW,0.175,,1.6195470329392248,0.5567192925728586,,,2.0,2.49659113736712,2.2285721313693254,50.0,30.7,63.8,26.2,8.32,4.57,17.47,4.32,2.15,8.88,HOT,WARM,HOT,4.6,2.18,WARM,Yellow,Red,Green,Yellow,73.0,70.0,74.0,70.0,GOAL,74.0,0.0,0.0,1.0,3.0,3.0,0.0,A,Hybrid,13.6,,68.6,,2.0,2.5166666666666666,201.33333333333331,2.5166666666666666,0.1362093655214405,13.6,13.6,4.193791390728476,2.103973509933774,2.4586092715231787,7.286961583236321,7.999390243902439,68.6,76.7,False,,,,🥅 D:1,,False,False,2.0,,False,0.0,,False,0.0,,1.5,-110.0,Bovada,2.5,260.0,theScore Bet,3.5,775.0,BetOnline.ag,4.5,2300.0,BetOnline.ag,1.5,-110.0,Bovada,0.5,110.0,theScore Bet,1.5,550.0,theScore Bet,2.5,1900.0,Fanatics,3.5,4300.0,BetOnline.ag,0.5,110.0,theScore Bet,0.5,225.0,BetRivers,1.5,1300.0,Bovada,,,,,,,0.5,225.0,BetRivers,0.5,300.0,theScore Bet,,,,,,,,,,0.5,300.0,theScore Bet,0.5,275.0,DraftKings,,,,,,,,,,0.5,275.0,DraftKings,The Odds API,"[""Bally Bet"", ""BetMGM"", ""BetRivers"", ""Bovada"", ""Caesars"", ""Courtside"", ""DraftKings"", ""FanDuel"", ""Fanatics"", ""Hard Rock Bet"", ""theScore Bet""]",The Odds API,"[""Bally Bet"", ""BetMGM"", ""BetRivers"", ""Bovada"", ""Caesars"", ""Courtside"", ""DraftKings"", ""FanDuel"", ""Fanatics"", ""betmgm""]",The Odds API,"[""Bally Bet"", ""BetMGM"", ""BetOnline.ag"", ""BetRivers"", ""Bovada"", ""Courtside"", ""DraftKings"", ""Fanatics"", ""Hard Rock Bet"", ""ReBet"", ""draftkings"", ""theScore Bet""]",0.5,300.0,Hard Rock Bet,1.5,1600.0,Bovada,,,,,,,0.5,300.0,Hard Rock Bet,The Odds API,"[""Bally Bet"", ""BetRivers"", ""Bovada"", ""Hard Rock Bet"", ""theScore Bet""]",The Odds API,"[""Bally Bet"", ""BetMGM"", ""BetOnline.ag"", ""BetRivers"", ""Caesars"", ""Courtside"", ""DraftKings"", ""Fanatics"", ""Hard Rock Bet"", ""ReBet"", ""draftkings"", ""theScore Bet""]",The Odds API,"[""Bally Bet"", ""BetMGM"", ""BetOnline.ag"", ""BetRivers"", ""Bovada"", ""Courtside"", ""DraftKings"", ""FanDuel"", ""Fanatics"", ""Hard Rock Bet"", ""ReBet"", ""theScore Bet""]",2026-10-09T17:28:13.749821+00:00,ALTLINE_NB_v1_2026-01-18,1.5,-110.0,Bovada,exp/fallback,1.747,0.4799645749947857,48.0,0.5238095238095238,-8.370399319177269,-8.4,0.4799645749947857,48.0,-8.370399319177269,-8.4,0.2631050049058812,26.3,-5.282198233882774,-5.3,0.1312610275454091,13.1,14.853399102233,14.9,0.0611235645585807,6.1,46.69655494059369,46.7,0.5,110.0,theScore Bet,exp/fallback,0.8320000000000001,0.518190160790645,51.8,0.4761904761904761,8.819933766035447,8.8,0.518190160790645,51.8,8.819933766035447,8.8,0.2077302891811472,20.8,35.02468796774569,35.0,0.0726975569197672,7.3,45.3951138395344,45.4,0.0233919248177185,2.3,2.924469197961699,2.9,0.5,225.0,BetRivers,exp/fallback,0.4599999999999999,0.3390177804217066,33.9,0.3076923076923077,10.180778637054644,10.2,0.3390177804217066,33.9,10.180778637054644,10.2,0.0918211779777919,9.2,28.549649168908783,28.5,,,,,,,,,0.5,300.0,theScore Bet,exp/fallback,0.30838,0.2523293324027121,25.2,0.25,0.9317329610848636,0.9,0.2523293324027121,25.2,0.9317329610848636,0.9,,,,,,,,,,,,,0.5,275.0,DraftKings,exp/fallback,0.3417425,0.2655338447175606,26.6,0.2666666666666666,-0.4248082309147749,-0.4,0.2655338447175606,26.6,-0.4248082309147749,-0.4,,,,,,,,,,,,,False,False,False,False,True,8.1,,Active roster,2026-10-09T17:28:13+00:00,False,[],2025-2026,,2026-09-24-frozen-v2,2026-10-09T17:28:17.103488+00:00
2026-10-09,SEA@DET,2026020066,6:00 PM,2026-10-09T23:00:00Z,Joshua Mahura,8479372,SEA,False,,2026-27,SEA,D,,Healthy,Unknown,,,1.0,0.0,,19.0,12.0,2026-10-09T17:27:50+00:00,DET,John Gibson,0.9014373716632444,2.7159277848214005,40.0,Confirmed,dailyfaceoff_name_and_stats,24.43,7.0,24.43,7.0,,19.7,24.0,A1+A2,15.66,55.0,28.3,0.94,NONE,False,False,23.623864237296285,2.131916734772367,19.0,5.2,18.0,3.6,True,,,,,50.0,,,,,,,,,,,,,,,,,,,,,,,,,,,,,,,,,,,,,,,,0.3751172241325414,0.0,,,0.0,2.49659113736712,2.2285721313693254,50.0,30.7,36.3,26.2,1.14,0.32,,,,,COOL,COOL,COOL,0.82,,COOL,Red,Red,Red,Red,32.0,26.0,25.0,26.0,POINTS,32.0,,,,,,,C,Passenger,0.6,,68.6,,0.0,0.0891304347826087,2.05,0.0891304347826087,0.0056910192939434,0.6,0.6,0.0,0.0,0.0,7.286961583236321,7.999390243902439,68.6,35.3,False,,,,,,False,False,0.0,,False,0.0,,False,0.0,,,,,,,,,,,,,,,,,,,,,,,,,,,,,,,,,,,,,,,,,,,,,,,,,,,,,,,,,,,,,,,,,,,,,,,,,,,,,,,,,,,,,,,,,,,,,,,,,,,,,,,,2026-10-09T17:28:13.749821+00:00,ALTLINE_NB_v1_2026-01-18,,,,league_avg,2.3,,,,,,,,,,,,,,,,,,,,,,,,,exp/fallback,0.1139999999999999,,,,,,,,,,,,,,,,,,,,,,,,,exp/fallback,0.0819999999999999,,,,,,,,,,,,,,,,,,,,,,,,,exp/fallback,0.1928,,,,,,,,,,,,,,,,,,,,,,,,,exp/fallback,0.1258,,,,,,,,,,,,,,,,,,,,,,False,False,False,False,False,,,Active roster,2026-10-09T17:28:13+00:00,False,[],2025-2026,,2026-09-24-frozen-v2,2026-10-09T17:28:17.103488+00:00
2026-10-09,SEA@DET,2026020066,6:00 PM,2026-10-09T23:00:00Z,Kaapo Kakko,8481554,SEA,False,"{""season"":""2026-27"",""games"":[{""d"":""2026-10-06"",""g"":0,""a"":2,""s"":2,""pp"":1,""h"":""H"",""toi"":""14:57""},{""d"":""2026-10-04"",""g"":0,""a"":0,""s"":0,""pp"":0,""h"":""H"",""toi"":""13:15""},{""d"":""2026-10-03"",""g"":0,""a"":0,""s"":0,""pp"":0,""h"":""R"",""toi"":""13:11""},{""d"":""2026-10-01"",""g"":1,""a"":1,""s"":1,""pp"":0,""h"":""R"",""toi"":""16:49""}]}",2026-27,SEA,R,,Healthy,Unknown,,,1.0,0.0,,19.0,12.0,2026-10-09T17:27:50+00:00,DET,John Gibson,0.9014373716632444,2.7159277848214005,40.0,Confirmed,dailyfaceoff_name_and_stats,24.43,7.0,24.43,7.0,2.7,67.2,82.2,A1+A2,14.26,44.2,67.9,1.07,NONE,False,False,23.623864237296285,2.131916734772367,19.0,5.2,18.0,3.6,True,0.5,,0.75,0.5874999999999999,15.5,4.0,1.0,3.0,1.0,3.0,3.0,4.0,4.0,3.0,3.0,3.0,3.0,LOW,0.4,-0.1,LOW,0.2,,LOW,0.1,,LOW,0.3,,LOW,0.15,,LOW,0.075,,LOW,0.3,,LOW,0.15,,LOW,0.075,,2.2698151198974923,0.9518579535054,,,3.0,2.49659113736712,2.2285721313693254,50.0,30.7,72.9,26.2,6.16,1.71,5.87,2.16,0.71,2.87,WARM,COOL,HOT,4.45,1.45,COOL,Yellow,Red,Red,Yellow,63.0,49.0,50.0,63.0,ASSISTS,63.0,0.0,0.0,3.0,4.0,1.0,0.0,B,Distributor,9.8,,68.6,,1.0,1.3979487179487178,90.86666666666666,1.3979487179487178,0.0980504999640313,9.8,9.8,4.204512105649304,1.538517975055026,3.1364636830520918,7.286961583236321,7.999390243902439,68.6,73.1,False,,,,🅰️ D:0,,False,False,1.0,,False,0.0,,False,0.0,,1.5,155.0,BetRivers,,,,,,,,,,1.5,155.0,BetRivers,0.5,145.0,theScore Bet,1.5,800.0,theScore Bet,2.5,3000.0,Fanatics,3.5,3600.0,BetOnline.ag,0.5,145.0,theScore Bet,0.5,230.0,BetRivers,1.5,1500.0,DraftKings,,,,,,,0.5,230.0,BetRivers,0.5,500.0,theScore Bet,,,,,,,,,,0.5,500.0,theScore Bet,0.5,420.0,FanDuel,,,,,,,,,,0.5,420.0,FanDuel,The Odds API,"[""Bally Bet"", ""BetMGM"", ""BetRivers"", ""Bovada"", ""Caesars"", ""Courtside"", ""DraftKings"", ""FanDuel"", ""Fanatics"", ""Hard Rock Bet"", ""theScore Bet""]",The Odds API,"[""Bally Bet"", ""BetMGM"", ""BetRivers"", ""Bovada"", ""Caesars"", ""Courtside"", ""DraftKings"", ""FanDuel"", ""Fanatics"", ""fanduel""]",The Odds API,"[""Bally Bet"", ""BetMGM"", ""BetOnline.ag"", ""BetRivers"", ""Bovada"", ""Courtside"", ""DraftKings"", ""Fanatics"", ""Hard Rock Bet"", ""ReBet"", ""betmgm"", ""theScore Bet""]",0.5,600.0,Bovada,,,,,,,,,,0.5,600.0,Bovada,The Odds API,"[""Bovada"", ""Hard Rock Bet"", ""theScore Bet""]",The Odds API,"[""Bally Bet"", ""BetMGM"", ""BetOnline.ag"", ""BetRivers"", ""Caesars"", ""Courtside"", ""DraftKings"", ""Fanatics"", ""Hard Rock Bet"", ""ReBet"", ""betmgm"", ""theScore Bet""]",The Odds API,"[""Bally Bet"", ""BetRivers""]",2026-10-09T17:28:13.749821+00:00,ALTLINE_NB_v1_2026-01-18,1.5,155.0,BetRivers,exp/fallback,0.587,0.1257357293173308,12.6,0.392156862745098,-67.93738902408064,-67.9,0.1257357293173308,12.6,-67.93738902408064,-67.9,,,,,,,,,,,,,0.5,145.0,theScore Bet,exp/fallback,0.616,0.4275456212251938,42.8,0.4081632653061224,4.74867720017248,4.7,0.4275456212251938,42.8,4.74867720017248,4.7,0.1374568606746173,13.7,23.71117460715564,23.7,0.0382310408021842,3.8,18.516226486771025,18.5,0.0097377648971682,1.0,-63.97026988047742,-64.0,0.5,230.0,BetRivers,exp/fallback,0.445,0.3308826911898159,33.1,0.303030303030303,9.19128809263926,9.2,0.3308826911898159,33.1,9.19128809263926,9.2,0.0873185174306896,8.7,39.709627889103416,39.7,,,,,,,,,0.5,500.0,theScore Bet,exp/fallback,0.1863,0.1644667419619785,16.4,0.1666666666666666,-1.3199548228128857,-1.3,0.1644667419619785,16.4,-1.3199548228128857,-1.3,,,,,,,,,,,,,0.5,420.0,FanDuel,exp/fallback,0.1621125,0.142837370015034,14.3,0.1923076923076923,-25.72456759218229,-25.7,0.142837370015034,14.3,-25.72456759218229,-25.7,,,,,,,,,,,,,False,False,False,False,False,2.7,,Active roster,2026-10-09T17:28:13+00:00,False,[],2025-2026,,2026-09-24-frozen-v2,2026-10-09T17:28:17.103488+00:00
2026-10-09,SEA@DET,2026020066,6:00 PM,2026-10-09T23:00:00Z,Mackie Samoskevich,8482713,FLA,True,"{""season"":""2026-27"",""games"":[{""d"":""2026-10-06"",""g"":0,""a"":0,""s"":3,""pp"":0,""h"":""H"",""toi"":""13:51""},{""d"":""2026-10-04"",""g"":2,""a"":0,""s"":3,""pp"":0,""h"":""H"",""toi"":""18:49""},{""d"":""2026-10-03"",""g"":0,""a"":0,""s"":0,""pp"":0,""h"":""R"",""toi"":""11:54""}]}",2026-27,SEA,R,,Healthy,Unknown,,,1.0,0.0,,19.0,12.0,2026-10-09T17:27:50+00:00,DET,John Gibson,0.9014373716632444,2.7159277848214005,40.0,Confirmed,dailyfaceoff_name_and_stats,24.43,7.0,24.43,7.0,16.2,88.6,71.0,A1+A2,14.47,46.2,73.9,1.1,NONE,False,False,23.623864237296285,2.131916734772367,19.0,5.2,18.0,3.6,True,3.0,,2.0,2.6500000000000004,74.7,2.0,2.0,6.0,2.0,0.0,0.0,2.0,2.0,0.0,0.0,6.0,6.0,LOW,0.2,-0.3,LOW,0.1,,LOW,0.05,,LOW,0.0,,LOW,0.0,,LOW,0.0,,LOW,0.6,,LOW,0.3,,LOW,0.15,,1.3544746036011823,0.6449879064767535,,,0.0,2.49659113736712,2.2285721313693254,50.0,30.7,58.3,26.2,5.88,3.03,29.15,3.88,1.03,20.5,HOT,COOL,HOT,2.85,2.85,HOT,Yellow,Yellow,Green,Yellow,62.0,68.0,72.0,60.0,GOAL,72.0,1.0,3.0,1.0,0.0,0.0,3.0,,Passenger,13.8,,68.6,,,1.991991341991342,153.38333333333333,1.991991341991342,0.1376684767161812,13.8,13.8,3.51863522764316,1.689883733565142,2.1514723459741387,7.286961583236321,7.999390243902439,68.6,76.1,False,,,,🥅 D:1,,False,False,0.0,,False,0.0,,False,0.0,,1.5,-135.0,theScore Bet,2.5,225.0,theScore Bet,3.5,550.0,Fanatics,4.5,1500.0,Fanatics,1.5,-135.0,theScore Bet,0.5,150.0,BetMGM,1.5,750.0,Caesars,2.5,3000.0,Fanatics,3.5,3500.0,BetOnline.ag,0.5,150.0,BetMGM,0.5,300.0,BetOnline.ag,1.5,1900.0,Fanatics,,,,,,,0.5,300.0,BetOnline.ag,0.5,290.0,theScore Bet,,,,,,,,,,0.5,290.0,theScore Bet,0.5,290.0,FanDuel,,,,,,,,,,0.5,290.0,FanDuel,The Odds API,"[""Bally Bet"", ""BetMGM"", ""BetRivers"", ""Bovada"", ""Caesars"", ""Courtside"", ""DraftKings"", ""FanDuel"", ""Fanatics"", ""Hard Rock Bet"", ""theScore Bet""]",The Odds API,"[""Bally Bet"", ""BetMGM"", ""BetRivers"", ""Bovada"", ""Caesars"", ""Courtside"", ""DraftKings"", ""FanDuel"", ""Fanatics"", ""fanduel""]",The Odds API,"[""BetMGM"", ""BetOnline.ag"", ""Bovada"", ""Courtside"", ""DraftKings"", ""Fanatics"", ""Hard Rock Bet"", ""ReBet"", ""draftkings"", ""theScore Bet""]",,,,,,,,,,,,,,,,,,The Odds API,"[""Bally Bet"", ""BetMGM"", ""BetOnline.ag"", ""BetRivers"", ""Caesars"", ""Courtside"", ""DraftKings"", ""Fanatics"", ""Hard Rock Bet"", ""ReBet"", ""betmgm"", ""theScore Bet""]",The Odds API,"[""Bally Bet"", ""BetMGM"", ""BetOnline.ag"", ""BetRivers"", ""Bovada"", ""Courtside"", ""DraftKings"", ""FanDuel"", ""Fanatics"", ""Hard Rock Bet"", ""ReBet"", ""theScore Bet""]",2026-10-09T17:28:13.749821+00:00,ALTLINE_NB_v1_2026-01-18,1.5,-135.0,theScore Bet,exp/fallback,2.915,0.6992484560576787,69.9,0.574468085106383,21.72102753596629,21.7,0.6992484560576787,69.9,21.72102753596629,21.7,0.5002892785834426,50.0,62.59401553961887,62.6,0.3325478462371236,33.3,116.15610005413036,116.2,0.2088036695550325,20.9,234.085871288052,234.1,0.5,150.0,BetMGM,exp/fallback,0.588,0.4141520485789183,41.4,0.4,3.5380121447295743,3.5,0.4141520485789183,41.4,3.5380121447295743,3.5,0.1284673617024909,12.8,9.197257447117313,9.2,0.0344316574221343,3.4,6.738138008616601,6.7,0.0084466709681496,0.8,-69.59198451466122,-69.6,0.5,300.0,BetOnline.ag,exp/fallback,0.285,0.2338962599773042,23.4,0.25,-6.441496009078307,-6.4,0.2338962599773042,23.4,-6.441496009078307,-6.4,0.0427894189213143,4.3,-14.421162157371237,-14.4,,,,,,,,,0.5,290.0,theScore Bet,exp/fallback,0.3012,0.247529068478601,24.8,0.2564102564102564,-3.463663293345609,-3.5,0.247529068478601,24.8,-3.463663293345609,-3.5,,,,,,,,,,,,,0.5,290.0,FanDuel,exp/fallback,0.30195,0.2409609007963272,24.1,0.2564102564102564,-6.025248689432372,-6.0,0.2409609007963272,24.1,-6.025248689432372,-6.0,,,,,,,,,,,,,True,False,False,False,False,16.2,,Active roster,2026-10-09T17:28:13+00:00,False,[],2025-2026,,2026-09-24-frozen-v2,2026-10-09T17:28:17.103488+00:00
2026-10-09,SEA@DET,2026020066,6:00 PM,2026-10-09T23:00:00Z,Matty Beniers,8482665,SEA,False,"{""season"":""2026-27"",""games"":[{""d"":""2026-10-06"",""g"":0,""a"":0,""s"":0,""pp"":0,""h"":""H"",""toi"":""16:21""},{""d"":""2026-10-04"",""g"":0,""a"":1,""s"":0,""pp"":0,""h"":""H"",""toi"":""15:58""},{""d"":""2026-10-03"",""g"":0,""a"":0,""s"":1,""pp"":0,""h"":""R"",""toi"":""16:06""},{""d"":""2026-10-01"",""g"":1,""a"":1,""s"":1,""pp"":0,""h"":""R"",""toi"":""16:58""}]}",2026-27,SEA,C,,Healthy,Unknown,,,1.0,0.0,,19.0,12.0,2026-10-09T17:27:50+00:00,DET,John Gibson,0.9014373716632444,2.7159277848214005,40.0,Confirmed,dailyfaceoff_name_and_stats,24.43,7.0,24.43,7.0,2.7,89.3,85.3,A1+A2,19.28,85.0,87.0,1.15,NONE,False,False,23.623864237296285,2.131916734772367,19.0,5.2,18.0,3.6,True,0.5,,0.5,0.5,12.6,3.0,1.0,2.0,1.0,2.0,2.0,3.0,3.0,2.0,2.0,2.0,2.0,LOW,0.3,-0.2,LOW,0.15,,LOW,0.075,,LOW,0.2,,LOW,0.1,,LOW,0.05,,LOW,0.2,,LOW,0.1,,LOW,0.05,,1.6880802775954231,0.5305395158157045,,,2.0,2.49659113736712,2.2285721313693254,50.0,30.7,64.6,26.2,7.96,3.04,5.5,4.24,2.04,3.0,HOT,WARM,HOT,4.62,2.2,WARM,Yellow,Red,Red,Yellow,75.0,63.0,65.0,71.0,POINTS,75.0,1.0,1.0,3.0,4.0,0.0,4.0,A,Shooter,13.1,,68.6,,2.0,2.529878048780488,207.45,2.529878048780488,0.1312407081325587,13.1,13.1,2.5733911785972525,1.6514822848879247,1.084598698481562,7.286961583236321,7.999390243902439,68.6,67.2,False,,,,🅿️ D:1,,False,False,1.0,,False,0.0,,False,0.0,,1.5,100.0,BetMGM,2.5,280.0,BetOnline.ag,3.5,825.0,BetOnline.ag,4.5,2500.0,BetOnline.ag,1.5,100.0,BetMGM,0.5,105.0,BetMGM,1.5,500.0,theScore Bet,2.5,1900.0,Fanatics,3.5,4200.0,BetOnline.ag,0.5,105.0,BetMGM,0.5,200.0,BetMGM,1.5,1000.0,Bovada,,,,,,,0.5,200.0,BetMGM,0.5,350.0,FanDuel,,,,,,,,,,0.5,350.0,FanDuel,0.5,350.0,FanDuel,,,,,,,,,,0.5,350.0,FanDuel,The Odds API,"[""Bally Bet"", ""BetMGM"", ""BetRivers"", ""Bovada"", ""Caesars"", ""Courtside"", ""DraftKings"", ""FanDuel"", ""Fanatics"", ""Hard Rock Bet"", ""theScore Bet""]",The Odds API,"[""Bally Bet"", ""BetMGM"", ""BetRivers"", ""Bovada"", ""Caesars"", ""Courtside"", ""DraftKings"", ""FanDuel"", ""Fanatics"", ""fanduel""]",The Odds API,"[""Bally Bet"", ""BetMGM"", ""BetOnline.ag"", ""BetRivers"", ""Bovada"", ""Courtside"", ""DraftKings"", ""Fanatics"", ""Hard Rock Bet"", ""ReBet"", ""betmgm"", ""theScore Bet""]",0.5,500.0,Hard Rock Bet,,,,,,,,,,0.5,500.0,Hard Rock Bet,The Odds API,"[""Bovada"", ""Hard Rock Bet"", ""theScore Bet""]",The Odds API,"[""Bally Bet"", ""BetMGM"", ""BetOnline.ag"", ""BetRivers"", ""Caesars"", ""Courtside"", ""DraftKings"", ""Fanatics"", ""Hard Rock Bet"", ""ReBet"", ""betmgm"", ""theScore Bet""]",The Odds API,"[""Bally Bet"", ""BetMGM"", ""BetOnline.ag"", ""BetRivers"", ""Courtside"", ""DraftKings"", ""Fanatics"", ""Hard Rock Bet"", ""ReBet"", ""theScore Bet""]",2026-10-09T17:28:13.749821+00:00,ALTLINE_NB_v1_2026-01-18,1.5,100.0,BetMGM,exp/fallback,0.55,0.1138918013407961,11.4,0.5,-77.22163973184078,-77.2,0.1138918013407961,11.4,-77.22163973184078,-77.2,0.0266153731456282,2.7,-89.88615820466127,-89.9,0.0055155773182249,0.6,-94.89809098064192,-94.9,0.0010521589701204,0.1,-97.26438667768682,-97.3,0.5,105.0,BetMGM,exp/fallback,0.796,0.5044999370378818,50.4,0.4878048780487805,3.422487092765769,3.4,0.5044999370378818,50.4,3.422487092765769,3.4,0.1960234392138194,19.6,17.61406352829169,17.6,0.0663938269184427,6.6,32.78765383688551,32.8,0.0206628734385678,2.1,-11.14964421415814,-11.1,0.5,200.0,BetMGM,exp/fallback,0.462,0.3400912389852979,34.0,0.3333333333333333,2.027371695589375,2.0,0.3400912389852979,34.0,2.027371695589375,2.0,0.0924244253469612,9.2,1.6668678816573967,1.7,,,,,,,,,0.5,350.0,FanDuel,exp/fallback,0.2261999999999999,0.1947036363404393,19.5,0.2222222222222222,-12.383363646802314,-12.4,0.1947036363404393,19.5,-12.383363646802314,-12.4,,,,,,,,,,,,,0.5,350.0,FanDuel,exp/fallback,0.2269499999999999,0.1907874890281354,19.1,0.2222222222222222,-14.145629937339043,-14.1,0.1907874890281354,19.1,-14.145629937339043,-14.1,,,,,,,,,,,,,False,False,False,False,False,2.7,,Active roster,2026-10-09T17:28:13+00:00,False,[],2025-2026,,2026-09-24-frozen-v2,2026-10-09T17:28:17.103488+00:00
2026-10-09,SEA@DET,2026020066,6:00 PM,2026-10-09T23:00:00Z,Ryan Lindgren,8479324,SEA,False,,2026-27,SEA,D,,GTD,Unknown,,,1.0,-1.0,🟡 GTD,19.0,12.0,2026-10-09T17:27:50+00:00,DET,John Gibson,0.9014373716632444,2.7159277848214005,40.0,Confirmed,dailyfaceoff_name_and_stats,24.43,7.0,24.43,7.0,,35.6,40.6,A1+A2,18.34,77.3,45.7,0.98,NONE,False,False,23.623864237296285,2.131916734772367,19.0,5.2,18.0,3.6,True,,,,,50.0,,,,,,,,,,,,,,,,,,,,,,,,,,,,,,,,,,,,,,,,0.359092010202773,0.1025977172007922,,,0.0,2.49659113736712,2.2285721313693254,50.0,30.7,35.8,26.2,1.3,0.4,,,,,COOL,COOL,COOL,0.91,,COOL,Red,Red,Red,Red,41.0,34.0,34.0,35.0,POINTS,41.0,,,,,,,C,Passenger,0.3,,68.6,,0.0,0.0482456140350877,3.6666666666666665,0.0482456140350877,0.0026308236869798,0.3,0.3,0.0,0.0,0.0,7.286961583236321,7.999390243902439,68.6,30.6,False,,,,,,False,False,0.0,,False,0.0,,False,0.0,,,,,,,,,,,,,,,,,,,,,,,,,,,,,,,,,,,,,,,,,,,,,,,0.5,2800.0,Fanatics,,,,,,,,,,0.5,2800.0,Fanatics,0.5,2800.0,Fanatics,,,,,,,,,,0.5,2800.0,Fanatics,The Odds API,"[""Fanatics""]",The Odds API,"[""Fanatics"", ""fanatics""]",,,,,,,,,,,,,,,,,,,,,,,,2026-10-09T17:28:13.749821+00:00,ALTLINE_NB_v1_2026-01-18,,,,league_avg,2.3,,,,,,,,,,,,,,,,,,,,,,,,,exp/fallback,0.13,,,,,,,,,,,,,,,,,,,,,,,,,exp/fallback,0.091,,,,,,,,,,,,,,,,,,,,,,0.5,2800.0,Fanatics,exp/fallback,0.196,0.1719619345929518,17.2,0.0344827586206896,398.6896103195603,398.7,0.1719619345929518,17.2,398.6896103195603,398.7,,,,,,,,,,,,,0.5,2800.0,Fanatics,exp/fallback,0.131,0.1181385734999141,11.8,0.0344827586206896,242.60186314975115,242.6,0.1181385734999141,11.8,242.60186314975115,242.6,,,,,,,,,,,,,False,False,True,True,False,,,Active roster,2026-10-09T17:28:13+00:00,False,[],2025-2026,,2026-09-24-frozen-v2,2026-10-09T17:28:17.103488+00:00
2026-10-09,SEA@DET,2026020066,6:00 PM,2026-10-09T23:00:00Z,Ryan Winterton,8482751,SEA,False,,2026-27,SEA,C,,Healthy,Unknown,,,1.0,0.0,,19.0,12.0,2026-10-09T17:27:50+00:00,DET,John Gibson,0.9014373716632444,2.7159277848214005,40.0,Confirmed,dailyfaceoff_name_and_stats,24.43,7.0,24.43,7.0,,64.2,58.4,A1+A2,11.98,26.5,54.6,1.02,NONE,False,False,23.623864237296285,2.131916734772367,19.0,5.2,18.0,3.6,True,,,,,50.0,,,,,,,,,,,,,,,,,,,,,,,,,,,,,,,,,,,,,,,,1.4508978549997762,0.8866598002776409,,,0.0,2.49659113736712,2.2285721313693254,50.0,30.7,60.0,26.2,3.49,1.39,,,,,COOL,COOL,COOL,2.1,,COOL,Red,Red,Red,Red,49.0,48.0,50.0,47.0,GOAL,50.0,,,,,,,C,Passenger,0.3,,68.6,,0.0,0.0325980392156862,2.216666666666667,0.0325980392156862,0.0027212276214833,0.3,0.3,0.2706766917293233,0.2706766917293233,0.0,7.286961583236321,7.999390243902439,68.6,30.6,False,,,,,,False,False,0.0,,False,0.0,,False,0.0,,1.5,-101.0,BetOnline.ag,2.5,310.0,BetOnline.ag,3.5,1000.0,BetOnline.ag,4.5,3200.0,BetOnline.ag,1.5,-101.0,BetOnline.ag,,,,,,,,,,,,,,,,,,,,,,,,,,,,,,,0.5,850.0,FanDuel,,,,,,,,,,0.5,850.0,FanDuel,0.5,850.0,FanDuel,,,,,,,,,,0.5,850.0,FanDuel,The Odds API,"[""Bally Bet"", ""BetMGM"", ""BetRivers"", ""Bovada"", ""Caesars"", ""Courtside"", ""DraftKings"", ""FanDuel"", ""Fanatics"", ""Hard Rock Bet"", ""theScore Bet""]",The Odds API,"[""Bally Bet"", ""BetMGM"", ""BetRivers"", ""Bovada"", ""Caesars"", ""Courtside"", ""DraftKings"", ""FanDuel"", ""Fanatics"", ""fanduel""]",,,,,,,,,,,,,,,,,,,,,,The Odds API,"[""BetMGM"", ""BetOnline.ag"", ""Courtside"", ""DraftKings"", ""Fanatics"", ""Hard Rock Bet"", ""ReBet"", ""theScore Bet""]",2026-10-09T17:28:13.749821+00:00,ALTLINE_NB_v1_2026-01-18,1.5,-101.0,BetOnline.ag,league_avg,2.3,0.6001759479749428,60.0,0.5024875621890548,19.44095598313218,19.4,0.6001759479749428,60.0,19.44095598313218,19.4,0.3835789960842564,38.4,57.26738839454513,57.3,0.2254288407355011,22.5,147.9717248090513,148.0,0.1243884637071297,12.4,310.48193023352815,310.5,,,,exp/fallback,0.349,,,,,,,,,,,,,,,,,,,,,,,,,exp/fallback,0.21,,,,,,,,,,,,,,,,,,,,,,0.5,850.0,FanDuel,exp/fallback,0.2355999999999999,0.201603666191879,20.2,0.1052631578947368,91.52348288228512,91.5,0.201603666191879,20.2,91.52348288228512,91.5,,,,,,,,,,,,,0.5,850.0,FanDuel,exp/fallback,0.19535,0.1679864645890368,16.8,0.1052631578947368,59.58714135958504,59.6,0.1679864645890368,16.8,59.58714135958504,59.6,,,,,,,,,,,,,True,False,True,True,False,,,Active roster,2026-10-09T17:28:13+00:00,False,[],2025-2026,,2026-09-24-frozen-v2,2026-10-09T17:28:17.103488+00:00
2026-10-09,SEA@DET,2026020066,6:00 PM,2026-10-09T23:00:00Z,Ryker Evans,8482858,SEA,False,,2026-27,SEA,D,,Healthy,Unknown,,,1.0,0.0,,19.0,12.0,2026-10-09T17:27:50+00:00,DET,John Gibson,0.9014373716632444,2.7159277848214005,40.0,Confirmed,dailyfaceoff_name_and_stats,24.43,7.0,24.43,7.0,,29.1,46.6,A1+A2,17.8,74.2,44.3,0.98,NONE,False,False,23.623864237296285,2.131916734772367,19.0,5.2,18.0,3.6,True,,,,,50.0,,,,,,,,,,,,,,,,,,,,,,,,,,,,,,,,,,,,,,,,0.6720388289101148,0.1680097072275287,,,0.0,2.49659113736712,2.2285721313693254,50.0,30.7,41.0,26.2,1.59,0.28,,,,,COOL,COOL,COOL,1.31,,COOL,Red,Red,Red,Red,46.0,33.0,32.0,39.0,POINTS,46.0,,,,,,,C,Passenger,1.9,,68.6,,0.0,0.3383084577114428,22.666666666666668,0.3383084577114428,0.019000782385157,1.9,1.9,2.2764705882352936,0.0264705882352941,2.6470588235294112,7.286961583236321,7.999390243902439,68.6,59.9,False,,,,,,False,False,0.0,,False,0.0,,False,0.0,,,,,,,,,,,,,,,,,0.5,245.0,BetRivers,,,,,,,,,,0.5,245.0,BetRivers,,,,,,,,,,,,,,,,0.5,1500.0,Hard Rock Bet,,,,,,,,,,0.5,1500.0,Hard Rock Bet,0.5,1300.0,FanDuel,,,,,,,,,,0.5,1300.0,FanDuel,The Odds API,"[""Bally Bet"", ""BetMGM"", ""BetRivers"", ""Bovada"", ""Caesars"", ""Courtside"", ""DraftKings"", ""FanDuel"", ""Fanatics"", ""Hard Rock Bet"", ""theScore Bet""]",The Odds API,"[""Bally Bet"", ""BetMGM"", ""BetRivers"", ""Bovada"", ""Caesars"", ""Courtside"", ""DraftKings"", ""FanDuel"", ""Fanatics"", ""fanduel""]",,,,,,,,,,,,,,,,,,,,The Odds API,"[""Bally Bet"", ""BetRivers""]",,,2026-10-09T17:28:13.749821+00:00,ALTLINE_NB_v1_2026-01-18,,,,league_avg,2.3,,,,,,,,,,,,,,,,,,,,,,0.5,245.0,BetRivers,exp/fallback,0.159,0.1433564741222303,14.3,0.2898550724637681,-50.54201642783054,-50.5,0.1433564741222303,14.3,-50.54201642783054,-50.5,,,,,,,,,,,,,,,,exp/fallback,0.131,,,,,,,,,,,,,,,,,,,,,,0.5,1500.0,Hard Rock Bet,exp/fallback,0.1911999999999999,0.1682647910636237,16.8,0.0625,169.2236657017979,169.2,0.1682647910636237,16.8,169.2236657017979,169.2,,,,,,,,,,,,,0.5,1300.0,FanDuel,exp/fallback,0.1232,0.1117620033388435,11.2,0.0714285714285714,56.46680467438099,56.5,0.1117620033388435,11.2,56.46680467438099,56.5,,,,,,,,,,,,,False,False,True,True,False,,,Active roster,2026-10-09T17:28:13+00:00,False,[],2025-2026,,2026-09-24-frozen-v2,2026-10-09T17:28:17.103488+00:00
2026-10-09,SEA@DET,2026020066,6:00 PM,2026-10-09T23:00:00Z,Shane Wright,8483524,SEA,False,"{""season"":""2026-27"",""games"":[{""d"":""2026-10-06"",""g"":1,""a"":0,""s"":4,""pp"":0,""h"":""H"",""toi"":""14:43""},{""d"":""2026-10-04"",""g"":1,""a"":0,""s"":1,""pp"":0,""h"":""H"",""toi"":""14:47""},{""d"":""2026-10-03"",""g"":0,""a"":0,""s"":0,""pp"":0,""h"":""R"",""toi"":""14:40""},{""d"":""2026-10-01"",""g"":0,""a"":1,""s"":2,""pp"":0,""h"":""R"",""toi"":""15:55""}]}",2026-27,SEA,C,,Healthy,Unknown,,,1.0,0.0,,19.0,12.0,2026-10-09T17:27:50+00:00,DET,John Gibson,0.9014373716632444,2.7159277848214005,40.0,Confirmed,dailyfaceoff_name_and_stats,24.43,7.0,24.43,7.0,8.1,77.2,60.9,A1+A2,13.8,40.4,64.1,1.06,NONE,False,False,23.623864237296285,2.131916734772367,19.0,5.2,18.0,3.6,True,1.5,,1.75,1.5875,45.4,3.0,2.0,7.0,2.0,1.0,1.0,3.0,3.0,1.0,1.0,7.0,7.0,LOW,0.3,-0.2,LOW,0.15,,LOW,0.075,,LOW,0.1,,LOW,0.05,,LOW,0.025,,LOW,0.7,,LOW,0.35,,LOW,0.175,,1.225161180541113,0.4764515702104328,,,1.0,2.49659113736712,2.2285721313693254,50.0,30.7,53.7,26.2,4.3,2.16,15.88,1.3,0.16,8.88,COOL,COOL,HOT,2.14,1.14,COOL,Red,Red,Red,Red,47.0,55.0,61.0,51.0,GOAL,61.0,0.0,3.0,0.0,0.0,0.0,4.0,B,Hybrid,11.3,,68.6,,1.0,1.555855855855856,115.13333333333334,1.555855855855856,0.1127302991236802,11.3,11.3,3.118992472495657,1.5686160972785177,1.823972206137811,7.286961583236321,7.999390243902439,68.6,67.2,False,,,,🥅 D:0,,False,False,0.0,,False,0.0,,False,0.0,,1.5,103.0,BetOnline.ag,2.5,310.0,BetOnline.ag,3.5,1000.0,BetOnline.ag,4.5,3100.0,BetOnline.ag,1.5,103.0,BetOnline.ag,0.5,171.0,BetOnline.ag,1.5,1000.0,DraftKings,2.5,1550.0,BetOnline.ag,3.5,3200.0,BetOnline.ag,0.5,171.0,BetOnline.ag,0.5,350.0,Hard Rock Bet,1.5,2500.0,Fanatics,,,,,,,0.5,350.0,Hard Rock Bet,0.5,400.0,BetRivers,,,,,,,,,,0.5,400.0,BetRivers,0.5,400.0,BetRivers,,,,,,,,,,0.5,400.0,BetRivers,The Odds API,"[""Bally Bet"", ""BetMGM"", ""BetRivers"", ""Bovada"", ""Caesars"", ""Courtside"", ""DraftKings"", ""FanDuel"", ""Fanatics"", ""Hard Rock Bet"", ""theScore Bet""]",The Odds API,"[""Bally Bet"", ""BetMGM"", ""BetRivers"", ""Bovada"", ""Caesars"", ""Courtside"", ""DraftKings"", ""FanDuel"", ""Fanatics"", ""betrivers""]",The Odds API,"[""Bally Bet"", ""BetOnline.ag"", ""BetRivers"", ""Courtside"", ""DraftKings"", ""Fanatics"", ""Hard Rock Bet"", ""ReBet"", ""draftkings"", ""theScore Bet""]",0.5,700.0,Hard Rock Bet,,,,,,,,,,0.5,700.0,Hard Rock Bet,The Odds API,"[""Hard Rock Bet"", ""theScore Bet""]",The Odds API,"[""Bally Bet"", ""BetOnline.ag"", ""BetRivers"", ""Caesars"", ""Courtside"", ""DraftKings"", ""Fanatics"", ""Hard Rock Bet"", ""ReBet"", ""draftkings"", ""theScore Bet""]",The Odds API,"[""Bally Bet"", ""BetOnline.ag"", ""BetRivers"", ""Courtside"", ""DraftKings"", ""Fanatics"", ""Hard Rock Bet"", ""ReBet"", ""theScore Bet""]",2026-10-09T17:28:13.749821+00:00,ALTLINE_NB_v1_2026-01-18,1.5,103.0,BetOnline.ag,exp/fallback,1.588,0.4390007186798756,43.9,0.4926108374384236,-10.88285410798524,-10.9,0.4390007186798756,43.9,-10.88285410798524,-10.9,0.2269681489364232,22.7,-6.94305893606646,-6.9,0.1064571536777967,10.6,17.10286904557641,17.1,0.0465251465511462,4.7,48.88046896366802,48.9,0.5,171.0,BetOnline.ag,exp/fallback,0.43,0.3300564349472846,33.0,0.3690036900369003,-10.55470612928586,-10.6,0.3300564349472846,33.0,-10.55470612928586,-10.6,0.0796646635673041,8.0,-12.368870075965413,-12.4,0.0164954226780913,1.6,-72.78255258114929,-72.8,0.0031166844222563,0.3,-89.71494140655413,-89.7,0.5,350.0,Hard Rock Bet,exp/fallback,0.214,0.1839725684218599,18.4,0.2222222222222222,-17.21234421016303,-17.2,0.1839725684218599,18.4,-17.21234421016303,-17.2,0.0262220080264472,2.6,-31.822779131237144,-31.8,,,,,,,,,0.5,400.0,BetRivers,exp/fallback,0.22644,0.1948808439515323,19.5,0.2,-2.55957802423381,-2.6,0.1948808439515323,19.5,-2.55957802423381,-2.6,,,,,,,,,,,,,0.5,400.0,BetRivers,exp/fallback,0.20859,0.1776672644629833,17.8,0.2,-11.166367768508344,-11.2,0.1776672644629833,17.8,-11.166367768508344,-11.2,,,,,,,,,,,,,False,False,False,False,False,8.1,,Active roster,2026-10-09T17:28:13+00:00,False,[],2025-2026,,2026-09-24-frozen-v2,2026-10-09T17:28:17.103488+00:00
2026-10-09,SEA@DET,2026020066,6:00 PM,2026-10-09T23:00:00Z,Vince Dunn,8478407,SEA,False,"{""season"":""2026-27"",""games"":[{""d"":""2026-10-06"",""g"":0,""a"":0,""s"":1,""pp"":0,""h"":""H"",""toi"":""24:01""},{""d"":""2026-10-04"",""g"":0,""a"":1,""s"":0,""pp"":0,""h"":""H"",""toi"":""18:34""},{""d"":""2026-10-03"",""g"":0,""a"":0,""s"":1,""pp"":0,""h"":""R"",""toi"":""23:50""},{""d"":""2026-10-01"",""g"":1,""a"":2,""s"":2,""pp"":1,""h"":""R"",""toi"":""20:37""}]}",2026-27,SEA,D,,Healthy,Unknown,,,1.0,0.0,,19.0,12.0,2026-10-09T17:27:50+00:00,DET,John Gibson,0.9014373716632444,2.7159277848214005,40.0,Confirmed,dailyfaceoff_name_and_stats,24.43,7.0,24.43,7.0,5.4,65.3,88.4,A1+A2,21.66,93.1,79.0,1.12,NONE,False,False,23.623864237296285,2.131916734772367,19.0,5.2,18.0,3.6,True,1.0,,1.0,1.0,25.3,4.0,1.0,4.0,1.0,3.0,3.0,4.0,4.0,3.0,3.0,4.0,4.0,LOW,0.4,-0.1,LOW,0.2,,LOW,0.1,,LOW,0.3,,LOW,0.15,,LOW,0.075,,LOW,0.4,,LOW,0.2,,LOW,0.1,,0.8633980881899476,0.2055709733785589,,,3.0,2.49659113736712,2.2285721313693254,50.0,30.7,44.4,26.2,6.47,1.33,11.0,1.88,0.33,6.0,WARM,COOL,HOT,5.0,1.55,WARM,Yellow,Red,Red,Yellow,68.0,51.0,53.0,66.0,POINTS,68.0,1.0,1.0,3.0,3.0,1.0,3.0,A,Distributor,11.9,,68.6,,2.0,2.5703703703703704,208.2,2.5703703703703704,0.1186561422505912,11.9,11.9,3.8436599423631126,0.7204610951008646,3.6743515850144095,7.286961583236321,7.999390243902439,68.6,78.3,False,,,,🅿️ D:1,,False,False,1.0,,False,0.0,,False,0.0,,1.5,-175.0,BetMGM,2.5,161.0,BetOnline.ag,3.5,390.0,FanDuel,4.5,850.0,BetOnline.ag,2.5,161.0,BetOnline.ag,0.5,125.0,Fanatics,1.5,700.0,Fanatics,2.5,3000.0,Fanatics,3.5,3800.0,BetOnline.ag,0.5,125.0,Fanatics,0.5,175.0,Fanatics,1.5,1000.0,Fanatics,,,,,,,0.5,175.0,Fanatics,0.5,600.0,DraftKings,,,,,,,,,,0.5,600.0,DraftKings,0.5,600.0,DraftKings,,,,,,,,,,0.5,600.0,DraftKings,The Odds API,"[""Bally Bet"", ""BetMGM"", ""BetRivers"", ""Bovada"", ""Caesars"", ""Courtside"", ""DraftKings"", ""FanDuel"", ""Fanatics"", ""Hard Rock Bet"", ""theScore Bet""]",The Odds API,"[""Bally Bet"", ""BetMGM"", ""BetRivers"", ""Bovada"", ""Caesars"", ""Courtside"", ""DraftKings"", ""FanDuel"", ""Fanatics"", ""fanatics""]",The Odds API,"[""Bally Bet"", ""BetMGM"", ""BetOnline.ag"", ""BetRivers"", ""Bovada"", ""Courtside"", ""DraftKings"", ""Fanatics"", ""Hard Rock Bet"", ""ReBet"", ""draftkings"", ""theScore Bet""]",0.5,280.0,Bovada,1.5,1500.0,Bovada,,,,,,,0.5,280.0,Bovada,The Odds API,"[""Bally Bet"", ""BetRivers"", ""Bovada"", ""Hard Rock Bet"", ""theScore Bet""]",The Odds API,"[""Bally Bet"", ""BetMGM"", ""BetOnline.ag"", ""BetRivers"", ""Caesars"", ""Courtside"", ""DraftKings"", ""Fanatics"", ""Hard Rock Bet"", ""ReBet"", ""draftkings"", ""theScore Bet""]",The Odds API,"[""Bally Bet"", ""BetMGM"", ""BetOnline.ag"", ""BetRivers"", ""Bovada"", ""Courtside"", ""DraftKings"", ""FanDuel"", ""Fanatics"", ""Hard Rock Bet"", ""ReBet"", ""draftkings"", ""theScore Bet""]",2026-10-09T17:28:13.749821+00:00,ALTLINE_NB_v1_2026-01-18,2.5,161.0,BetOnline.ag,exp/fallback,1.1,0.1190869247365296,11.9,0.3831417624521073,-68.91831264376577,-68.9,0.2951240545579663,29.5,-53.62336285517672,-53.6,0.1190869247365296,11.9,-68.91831264376577,-68.9,0.0431493393233607,4.3,-78.85682373155323,-78.9,0.014486623260547,1.4,-86.23770790248028,-86.2,0.5,125.0,Fanatics,exp/fallback,0.647,0.4418965318940233,44.2,0.4444444444444444,-0.5732803238447493,-0.6,0.4418965318940233,44.2,-0.5732803238447493,-0.6,0.1474752804246873,14.7,17.980224339749896,18.0,0.0426351964033691,4.3,32.16910885044422,32.2,0.0112944409941125,1.1,-55.95168012296091,-56.0,0.5,175.0,Fanatics,exp/fallback,0.5,0.36,36.0,0.3636363636363636,-1.0000000000000009,-1.0,0.36,36.0,-1.0000000000000009,-1.0,0.104,10.4,14.400000000000102,14.4,,,,,,,,,0.5,600.0,DraftKings,exp/fallback,0.1749,0.1555359907753739,15.6,0.1428571428571428,8.87519354276176,8.9,0.1555359907753739,15.6,8.87519354276176,8.9,,,,,,,,,,,,,0.5,600.0,DraftKings,exp/fallback,0.1435875,0.1282709407371349,12.8,0.1428571428571428,-10.210341484005523,-10.2,0.1282709407371349,12.8,-10.210341484005523,-10.2,,,,,,,,,,,,,False,False,False,False,False,5.4,,Active roster,2026-10-09T17:28:13+00:00,False,[],2025-2026,,2026-09-24-frozen-v2,2026-10-09T17:28:17.103488+00:00
