Date,Game,Game_ID,StartTimeLocal,StartTimeUTC,Player,Player_ID,Model_Stats_Team,Team_Changed,Form_Log,Form_Season,Team,Pos,Tier,Injury_Status,Injury_Type,Injury_Text,Injury_Return,Team_Out_Count,Injury_DFO_Score,Injury_Badge,Injury_Reports_Count,Injury_Excluded_Count,Injury_Check_UTC,Opp,Opp_Goalie,Opp_SV,Opp_GAA,Goalie_Weak,Opp_Goalie_Status,Opp_Goalie_Source,Opp_SOG_Against_L10,Opp_SOG_Used_L10,Opp_SOG_Against_L50,Opp_SOG_Used_L50,Player_5v5_SOG_Share,iXG%,iXA%,iXA_Source,TOI_per_game,TOI_Pct,StarScore,TalentMult,Talent_Tier,Is_Elite,Is_Star,team_5v5_SF60,team_5v5_xGF60,team_5v5_SF60_pct,team_5v5_xGF60_pct,Team_GF_L5,Team_GF_Avg_L5,Team_GF_Gate,Med10_SOG,Trim10_SOG,Avg5_SOG,ShotIntent,ShotIntent_Pct,L10_P,L10_G,L10_S,L5_G,L5_A,L10_A,L20_P,L40_P,L20_A,L40_A,L20_S,L40_S,L10_Tier_Points,L10_Rate_Points,L10_Diff_Points,L20_Tier_Points,L20_Rate_Points,L20_Diff_Points,L40_Tier_Points,L40_Rate_Points,L40_Diff_Points,L10_Tier_Assists,L10_Rate_Assists,L10_Diff_Assists,L20_Tier_Assists,L20_Rate_Assists,L20_Diff_Assists,L40_Tier_Assists,L40_Rate_Assists,L40_Diff_Assists,L10_Tier_SOG,L10_Rate_SOG,L10_Diff_SOG,L20_Tier_SOG,L20_Rate_SOG,L20_Diff_SOG,L40_Tier_SOG,L40_Rate_SOG,L40_Diff_SOG,i5v5_points60,i5v5_primaryAssists60,i5v5_shotAssists60,i5v5_iCF60,Assist_Volume,opp_5v5_xGA60,opp_5v5_HDCA60,opp_5v5_SlotSA60,Opp_DefWeak,v2_player_stability,v2_defense_vulnerability,Exp_P_10,Exp_G_10,Exp_S_10,Reg_Gap_P10,Reg_Gap_G10,Reg_Gap_S10,Reg_Heat_P,Reg_Heat_G,Reg_Heat_S,Exp_A_10,Reg_Gap_A10,Reg_Heat_A,Matrix_Points,Matrix_SOG,Matrix_Goal,Matrix_Assists,Conf_Points,Conf_SOG,Conf_Goal,Conf_Assists,Best_Market,Best_Conf,Drought_P,Drought_A,Drought_G,Drought_SOG,PPP10_total,Drought_PPP,PP_Tier,PP_Path,PP_TeamShare_pct,PP_TOI_stability,PP_Env_Score,PP_BOOST,PP_Role,PP_TOI,PP_TOI_min,PP_TOI_per_game,PP_TOI_Share,PP_TOI_Pct_Game,PP_TOI_Pct,PP_Points60,PP_iXG60,PP_iXA60,Team_PP_xGF60,Opp_PK_xGA60,PP_Matchup,Assist_Dagger,Assist_PP_Proof,Line,Odds,Result,Best_Drought,Play_Tag,Plays_Points,Plays_Goal,Goal_ProofCount,Goal_Why,Plays_Assists,Assist_ProofCount,Assist_Why,Plays_SOG,SOG_ProofCount,SOG_Why,BDL_SOG_Line_1,BDL_SOG_Odds_1,BDL_SOG_Book_1,BDL_SOG_Line_2,BDL_SOG_Odds_2,BDL_SOG_Book_2,BDL_SOG_Line_3,BDL_SOG_Odds_3,BDL_SOG_Book_3,BDL_SOG_Line_4,BDL_SOG_Odds_4,BDL_SOG_Book_4,BDL_SOG_Line,BDL_SOG_Odds,BDL_SOG_Book,BDL_Points_Line_1,BDL_Points_Odds_1,BDL_Points_Book_1,BDL_Points_Line_2,BDL_Points_Odds_2,BDL_Points_Book_2,BDL_Points_Line_3,BDL_Points_Odds_3,BDL_Points_Book_3,BDL_Points_Line_4,BDL_Points_Odds_4,BDL_Points_Book_4,BDL_Points_Line,BDL_Points_Odds,BDL_Points_Book,BDL_Assists_Line_1,BDL_Assists_Odds_1,BDL_Assists_Book_1,BDL_Assists_Line_2,BDL_Assists_Odds_2,BDL_Assists_Book_2,BDL_Assists_Line_3,BDL_Assists_Odds_3,BDL_Assists_Book_3,BDL_Assists_Line_4,BDL_Assists_Odds_4,BDL_Assists_Book_4,BDL_Assists_Line,BDL_Assists_Odds,BDL_Assists_Book,BDL_Goal_Line_1,BDL_Goal_Odds_1,BDL_Goal_Book_1,BDL_Goal_Line_2,BDL_Goal_Odds_2,BDL_Goal_Book_2,BDL_Goal_Line_3,BDL_Goal_Odds_3,BDL_Goal_Book_3,BDL_Goal_Line_4,BDL_Goal_Odds_4,BDL_Goal_Book_4,BDL_Goal_Line,BDL_Goal_Odds,BDL_Goal_Book,BDL_ATG_Line_1,BDL_ATG_Odds_1,BDL_ATG_Book_1,BDL_ATG_Line_2,BDL_ATG_Odds_2,BDL_ATG_Book_2,BDL_ATG_Line_3,BDL_ATG_Odds_3,BDL_ATG_Book_3,BDL_ATG_Line_4,BDL_ATG_Odds_4,BDL_ATG_Book_4,BDL_ATG_Line,BDL_ATG_Odds,BDL_ATG_Book,ATG_Odds_Source,ATG_Available_Books,Goal_Odds_Source,Goal_Available_Books,SOG_Odds_Source,SOG_Available_Books,Assists_Odds_Source,Assists_Available_Books,Points_Odds_Source,Points_Available_Books,BDL_PPP_Line_1,BDL_PPP_Odds_1,BDL_PPP_Book_1,BDL_PPP_Line_2,BDL_PPP_Odds_2,BDL_PPP_Book_2,BDL_PPP_Line_3,BDL_PPP_Odds_3,BDL_PPP_Book_3,BDL_PPP_Line_4,BDL_PPP_Odds_4,BDL_PPP_Book_4,BDL_PPP_Line,BDL_PPP_Odds,BDL_PPP_Book,PPP_Odds_Source,PPP_Available_Books,BDL_EV_ENGINE,SOG_Line,SOG_Odds_Over,SOG_Book,SOG_ModelSrc,SOG_mu,SOG_p_model_over,SOG_Model%,SOG_p_imp_over,SOG_EVpct_over,SOG_EV%,SOG_p_model_over_1,SOG_Model%_1,SOG_EVpct_over_1,SOG_EV%_1,SOG_p_model_over_2,SOG_Model%_2,SOG_EVpct_over_2,SOG_EV%_2,SOG_p_model_over_3,SOG_Model%_3,SOG_EVpct_over_3,SOG_EV%_3,SOG_p_model_over_4,SOG_Model%_4,SOG_EVpct_over_4,SOG_EV%_4,Points_Line,Points_Odds_Over,Points_Book,Points_ModelSrc,Points_mu,Points_p_model_over,Points_Model%,Points_p_imp_over,Points_EVpct_over,Points_EV%,Points_p_model_over_1,Points_Model%_1,Points_EVpct_over_1,Points_EV%_1,Points_p_model_over_2,Points_Model%_2,Points_EVpct_over_2,Points_EV%_2,Points_p_model_over_3,Points_Model%_3,Points_EVpct_over_3,Points_EV%_3,Points_p_model_over_4,Points_Model%_4,Points_EVpct_over_4,Points_EV%_4,Assists_Line,Assists_Odds_Over,Assists_Book,Assists_ModelSrc,Assists_mu,Assists_p_model_over,Assists_Model%,Assists_p_imp_over,Assists_EVpct_over,Assists_EV%,Assists_p_model_over_1,Assists_Model%_1,Assists_EVpct_over_1,Assists_EV%_1,Assists_p_model_over_2,Assists_Model%_2,Assists_EVpct_over_2,Assists_EV%_2,Assists_p_model_over_3,Assists_Model%_3,Assists_EVpct_over_3,Assists_EV%_3,Assists_p_model_over_4,Assists_Model%_4,Assists_EVpct_over_4,Assists_EV%_4,Goal_Line,Goal_Odds_Over,Goal_Book,Goal_ModelSrc,Goal_mu,Goal_p_model_over,Goal_Model%,Goal_p_imp_over,Goal_EVpct_over,Goal_EV%,Goal_p_model_over_1,Goal_Model%_1,Goal_EVpct_over_1,Goal_EV%_1,Goal_p_model_over_2,Goal_Model%_2,Goal_EVpct_over_2,Goal_EV%_2,Goal_p_model_over_3,Goal_Model%_3,Goal_EVpct_over_3,Goal_EV%_3,Goal_p_model_over_4,Goal_Model%_4,Goal_EVpct_over_4,Goal_EV%_4,ATG_Line,ATG_Odds_Over,ATG_Book,ATG_ModelSrc,ATG_mu,ATG_p_model_over,ATG_Model%,ATG_p_imp_over,ATG_EVpct_over,ATG_EV%,ATG_p_model_over_1,ATG_Model%_1,ATG_EVpct_over_1,ATG_EV%_1,ATG_p_model_over_2,ATG_Model%_2,ATG_EVpct_over_2,ATG_EV%_2,ATG_p_model_over_3,ATG_Model%_3,ATG_EVpct_over_3,ATG_EV%_3,ATG_p_model_over_4,ATG_Model%_4,ATG_EVpct_over_4,ATG_EV%_4,Plays_EV_SOG,Plays_EV_Points,Plays_EV_Goal,Plays_EV_ATG,Plays_EV_Assists,Player_SOG_Share_Proxy,Outcome,Roster_Status,Roster_Check_UTC,Roster_Watch,Fired_Moves,Model_Stats_Season,Available,Move_Kit_Version,Frozen_At_UTC
2026-10-02,ANA@VGK,2026020021,9:00 PM,2026-10-03T02:00:00Z,A.J. Greer,8478421,FLA,True,"{""season"":""2026-27"",""games"":[]}",2026-27,ANA,L,,GTD,Unknown,,,3.0,-1.0,🟡 GTD,16.0,11.0,2026-10-02T16:40:41+00:00,VGK,Carter Hart,0.8909952606635071,2.706457253991861,54.1,Unconfirmed,dailyfaceoff_name_and_stats,22.2,5.0,22.2,5.0,5.1,78.8,60.9,A1+A2,12.43,28.1,62.4,1.05,NONE,False,False,28.835637200147826,2.7964140233445587,85.3,85.3,9.0,2.25,True,1.0,1.5,2.0,1.35,39.7,8.0,4.0,17.0,2.0,2.0,4.0,11.0,17.0,5.0,7.0,30.0,57.0,GOOD,0.8,,LOW,0.55,,LOW,0.425,,LOW,0.4,,LOW,0.25,,LOW,0.175,,LOW,1.7,,LOW,1.5,,LOW,1.425,,1.8519539216226644,0.6614121148652373,,,4.0,2.110930465732193,1.998905475419135,50.0,14.8,68.1,4.9,4.16,2.14,13.5,-3.84,-1.86,-3.5,COOL,COOL,COOL,2.02,-1.98,COOL,Red,Red,Red,Red,40.0,54.0,58.0,48.0,GOAL,58.0,0.0,2.0,0.0,4.0,1.0,0.0,,Passenger,1.0,,38.3,,,0.126068376068376,9.833333333333334,0.126068376068376,0.0101432083483762,1.0,1.0,0.2440677966101695,0.2440677966101695,0.0,7.467388668875778,6.308402585410895,38.3,32.7,False,,,,🥅 D:0,,False,False,0.0,,False,0.0,,False,0.0,,,,,,,,,,,,,,,,,,,,,,,,,,,,,,,,,,,,,,,,,,,,,,,,,,,,,,,,,,,,,,0.5,390.0,fanduel,,,,,,,,,,0.5,390.0,fanduel,BallDontLie,"[""fanduel""]",,,,,,,,,,,,,,,,,,,,,,,,,,ALTLINE_NB_v1_2026-01-18,,,,exp/fallback,1.35,,,,,,,,,,,,,,,,,,,,,,,,,exp/fallback,0.416,,,,,,,,,,,,,,,,,,,,,,,,,exp/fallback,0.202,,,,,,,,,,,,,,,,,,,,,,,,,exp/fallback,0.1992,,,,,,,,,,,,,,,,,,,,,,0.5,390.0,fanduel,exp/fallback,0.183075,0.1588420840674574,15.9,0.2040816326530612,-22.16737880694584,-22.2,0.1588420840674574,15.9,-22.16737880694584,-22.2,,,,,,,,,,,,,False,False,False,False,False,5.1,,Active roster,2026-10-02T16:41:02+00:00,False,[],2025-2026,,2026-09-24-frozen-v2,2026-10-02T16:41:05.426327+00:00
2026-10-02,ANA@VGK,2026020021,9:00 PM,2026-10-03T02:00:00Z,Alex Killorn,8473986,ANA,False,"{""season"":""2026-27"",""games"":[]}",2026-27,ANA,L,,Healthy,Unknown,,,3.0,0.0,,16.0,11.0,2026-10-02T16:40:41+00:00,VGK,Carter Hart,0.8909952606635071,2.706457253991861,54.1,Unconfirmed,dailyfaceoff_name_and_stats,22.2,5.0,22.2,5.0,12.8,79.8,68.0,A1+A2,16.7,65.0,72.7,1.09,NONE,False,False,28.835637200147826,2.7964140233445587,85.3,85.3,9.0,2.25,True,2.5,2.125,2.2,2.395,74.3,6.0,3.0,20.0,1.0,2.0,3.0,9.0,9.0,5.0,5.0,25.0,25.0,OK,0.6,0.1,LOW,0.45,,LOW,0.225,,LOW,0.3,,LOW,0.25,,LOW,0.125,,LOW,2.0,,LOW,1.25,,LOW,0.625,,1.3345798007801166,0.3481512523774217,,,3.0,2.110930465732193,1.998905475419135,50.0,14.8,56.7,4.9,4.54,2.15,26.35,-1.46,-0.85,3.95,COOL,COOL,HOT,2.39,-0.61,COOL,Red,Red,Red,Red,48.0,62.0,66.0,55.0,GOAL,66.0,2.0,2.0,2.0,1.0,4.0,2.0,B,Hybrid,8.6,,38.3,,1.0,1.4353658536585363,117.7,1.4353658536585363,0.0859249525478172,8.6,8.6,1.645284621920136,0.887000849617672,0.8920985556499575,7.467388668875778,6.308402585410895,38.3,56.2,False,,,,🥅 D:2,,False,False,1.0,,False,0.0,,False,0.0,,1.5,-120.0,Hard Rock Bet,2.5,250.0,FanDuel,3.5,725.0,BetOnline.ag,4.5,2300.0,BetOnline.ag,1.5,-120.0,Hard Rock Bet,0.5,161.0,BetOnline.ag,1.5,900.0,Fanatics,2.5,4000.0,Fanatics,3.5,3300.0,BetOnline.ag,0.5,161.0,BetOnline.ag,0.5,350.0,Hard Rock Bet,1.5,2200.0,Fanatics,2.5,3300.0,Bovada,,,,0.5,350.0,Hard Rock Bet,0.5,380.0,BetRivers,,,,,,,,,,0.5,380.0,BetRivers,0.5,380.0,BetRivers,,,,,,,,,,0.5,380.0,BetRivers,The Odds API,"[""Bally Bet"", ""BetMGM"", ""BetRivers"", ""Bovada"", ""Caesars"", ""Courtside"", ""DraftKings"", ""FanDuel"", ""Fanatics"", ""betrivers""]",The Odds API,"[""Bally Bet"", ""BetMGM"", ""BetRivers"", ""Bovada"", ""Caesars"", ""Courtside"", ""DraftKings"", ""FanDuel"", ""Fanatics"", ""Fliff"", ""Hard Rock Bet"", ""theScore Bet""]",The Odds API,"[""Bally Bet"", ""BetOnline.ag"", ""BetRivers"", ""FanDuel"", ""Fliff"", ""Hard Rock Bet"", ""ReBet"", ""theScore Bet""]",The Odds API,"[""Bally Bet"", ""BetOnline.ag"", ""BetRivers"", ""Bovada"", ""Courtside"", ""DraftKings"", ""Fanatics"", ""Fliff"", ""Hard Rock Bet"", ""ReBet"", ""draftkings"", ""theScore Bet""]",The Odds API,"[""Bally Bet"", ""BetOnline.ag"", ""BetRivers"", ""Bovada"", ""Caesars"", ""Courtside"", ""DraftKings"", ""Fanatics"", ""Fliff"", ""Hard Rock Bet"", ""ReBet"", ""draftkings"", ""theScore Bet""]",,,,,,,,,,,,,,,,,,ALTLINE_NB_v1_2026-01-18,1.5,-120.0,Hard Rock Bet,exp/fallback,2.635,0.6580740399137213,65.8,0.5454545454545454,20.646907317515574,20.6,0.6580740399137213,65.8,20.646907317515574,20.6,0.4497422039356152,45.0,57.40977137746533,57.4,0.2842698941233139,28.4,134.52266265173398,134.5,0.1692685092518784,16.9,306.2444222045082,306.2,0.5,161.0,BetOnline.ag,exp/fallback,0.454,0.3438373065322352,34.4,0.3831417624521073,-10.258462995086605,-10.3,0.3438373065322352,34.4,-10.258462995086605,-10.3,0.0867850476364155,8.7,-13.214952363584407,-13.2,0.0188122590104564,1.9,-22.869738057128487,-22.9,0.0037228356315295,0.4,-87.34235885279959,-87.3,0.5,350.0,Hard Rock Bet,exp/fallback,0.239,0.2020938652787357,20.2,0.2222222222222222,-9.057760624568925,-9.1,0.2020938652787357,20.2,-9.057760624568925,-9.1,0.0317503492462369,3.2,-26.97419673365493,-27.0,0.0044756058350485,0.4,-84.78294016083483,-84.8,,,,,0.5,380.0,BetRivers,exp/fallback,0.266,0.2233603083082554,22.3,0.2083333333333333,7.212947987962625,7.2,0.2233603083082554,22.3,7.212947987962625,7.2,,,,,,,,,,,,,0.5,380.0,BetRivers,exp/fallback,0.24475,0.2031810425082469,20.3,0.2083333333333333,-2.4730995960414504,-2.5,0.2031810425082469,20.3,-2.4730995960414504,-2.5,,,,,,,,,,,,,True,False,False,False,False,12.8,,Active roster,2026-10-02T16:41:02+00:00,False,[],2025-2026,,2026-09-24-frozen-v2,2026-10-02T16:41:05.426327+00:00
2026-10-02,ANA@VGK,2026020021,9:00 PM,2026-10-03T02:00:00Z,Beckett Sennecke,8484762,ANA,False,"{""season"":""2026-27"",""games"":[]}",2026-27,ANA,R,,Healthy,Unknown,,,3.0,1.0,🟢 ROLE+,16.0,11.0,2026-10-02T16:40:41+00:00,VGK,Carter Hart,0.8909952606635071,2.706457253991861,54.1,Unconfirmed,dailyfaceoff_name_and_stats,22.2,5.0,22.2,5.0,12.8,96.1,91.3,A1+A2,17.45,71.9,89.6,1.16,NONE,False,False,28.835637200147826,2.7964140233445587,85.3,85.3,9.0,2.25,True,2.5,2.875,3.0,2.675,80.9,6.0,5.0,28.0,4.0,1.0,1.0,6.0,6.0,1.0,1.0,34.0,34.0,OK,0.6,0.1,LOW,0.3,,LOW,0.15,,LOW,0.1,,LOW,0.05,,LOW,0.025,,OK,2.8,,LOW,1.7,,LOW,0.85,,1.997751817754948,0.5634684614180623,,,1.0,2.110930465732193,1.998905475419135,50.0,14.8,70.1,4.9,10.24,4.5,29.42,3.31,-0.91,-1.25,HOT,COOL,COOL,5.75,4.23,HOT,Green,Red,Green,Green,76.0,74.0,84.0,77.0,GOAL,84.0,1.0,2.0,1.0,0.0,3.0,1.0,A,Distributor,12.9,,38.3,,2.0,2.254065040650407,184.83333333333331,2.254065040650407,0.129208901316556,12.9,12.9,4.932551848512173,2.035347159603246,3.408476104598737,7.467388668875778,6.308402585410895,38.3,74.0,False,,,,🥅 D:1,,False,False,1.0,,False,0.0,,False,0.0,,1.5,-208.0,BetOnline.ag,2.5,130.0,DraftKings,3.5,325.0,FanDuel,4.5,750.0,Fanatics,2.5,130.0,DraftKings,0.5,-115.0,Bovada,1.5,450.0,Bovada,2.5,1500.0,Fanatics,3.5,1350.0,BetOnline.ag,0.5,-115.0,Bovada,0.5,190.0,DraftKings,1.5,1300.0,DraftKings,2.5,2500.0,Bovada,,,,0.5,190.0,DraftKings,0.5,275.0,theScore Bet,,,,,,,,,,0.5,275.0,theScore Bet,0.5,245.0,betrivers,,,,,,,,,,0.5,245.0,betrivers,BallDontLie,"[""Bally Bet"", ""BetMGM"", ""BetRivers"", ""Bovada"", ""Caesars"", ""Courtside"", ""DraftKings"", ""FanDuel"", ""Fanatics"", ""betrivers""]",The Odds API,"[""Bally Bet"", ""BetMGM"", ""BetRivers"", ""Bovada"", ""Caesars"", ""Courtside"", ""DraftKings"", ""FanDuel"", ""Fanatics"", ""Fliff"", ""Hard Rock Bet"", ""fanduel"", ""theScore Bet""]",The Odds API,"[""Bally Bet"", ""BetOnline.ag"", ""BetRivers"", ""Bovada"", ""Courtside"", ""DraftKings"", ""FanDuel"", ""Fanatics"", ""Fliff"", ""Hard Rock Bet"", ""ReBet"", ""draftkings"", ""theScore Bet""]",The Odds API,"[""Bally Bet"", ""BetOnline.ag"", ""BetRivers"", ""Bovada"", ""Courtside"", ""DraftKings"", ""FanDuel"", ""Fanatics"", ""Fliff"", ""Hard Rock Bet"", ""ReBet"", ""draftkings"", ""theScore Bet""]",The Odds API,"[""Bally Bet"", ""BetOnline.ag"", ""BetRivers"", ""Bovada"", ""Caesars"", ""Courtside"", ""DraftKings"", ""FanDuel"", ""Fanatics"", ""Fliff"", ""Hard Rock Bet"", ""ReBet"", ""draftkings"", ""theScore Bet""]",0.5,280.0,BetRivers,,,,,,,,,,0.5,280.0,BetRivers,The Odds API,"[""Bally Bet"", ""BetRivers"", ""Bovada"", ""FanDuel"", ""Fliff"", ""Hard Rock Bet"", ""theScore Bet""]",ALTLINE_NB_v1_2026-01-18,2.5,130.0,DraftKings,exp/fallback,2.942,0.5049298466641965,50.5,0.4347826086956521,16.13386473276519,16.1,0.7029081718960981,70.3,4.084479299999144,4.1,0.5049298466641965,50.5,16.13386473276519,16.1,0.3371245361392023,33.7,43.27792785916101,43.3,0.2126725567041789,21.3,80.7716731985521,80.8,0.5,-115.0,Bovada,exp/fallback,1.024,0.5832065027258089,58.3,0.5348837209302325,9.03425920525992,9.0,0.5832065027258089,58.3,9.03425920525992,9.0,0.2690158805167602,26.9,47.95873428421811,48.0,0.1091450338803537,10.9,74.63205420856606,74.6,0.0408531292315865,4.1,-40.76296261419947,-40.8,0.5,190.0,DraftKings,exp/fallback,0.575,0.3967386181543972,39.7,0.3448275862068966,15.054199264775203,15.1,0.3967386181543972,39.7,15.054199264775203,15.1,0.1273209136408271,12.7,78.24927909715794,78.2,0.0370790611581264,3.7,-3.5944409888712947,-3.6,,,,,0.5,275.0,theScore Bet,exp/fallback,0.36,0.285610703756558,28.6,0.2666666666666666,7.104013908709272,7.1,0.285610703756558,28.6,7.104013908709272,7.1,,,,,,,,,,,,,0.5,245.0,betrivers,exp/fallback,0.3975,0.2978239242555249,29.8,0.2898550724637681,2.7492538681561096,2.7,0.2978239242555249,29.8,2.7492538681561096,2.7,,,,,,,,,,,,,True,False,False,False,True,12.8,,Active roster,2026-10-02T16:41:02+00:00,False,"[{""market"":""Assists"",""name"":""Staff (Green Stance)"",""kind"":""STANCE"",""rule"":""Green + Assists 0.5"",""icon"":""staff.svg"",""kit_version"":""2026-09-24-frozen-v2""}]",2025-2026,,2026-09-24-frozen-v2,2026-10-02T16:41:05.426327+00:00
2026-10-02,ANA@VGK,2026020021,9:00 PM,2026-10-03T02:00:00Z,Cutter Gauthier,8483445,ANA,False,"{""season"":""2026-27"",""games"":[]}",2026-27,ANA,L,⭐ STAR,Healthy,Unknown,,,3.0,1.0,🟢 ROLE+,16.0,11.0,2026-10-02T16:40:41+00:00,VGK,Carter Hart,0.8909952606635071,2.706457253991861,54.1,Unconfirmed,dailyfaceoff_name_and_stats,22.2,5.0,22.2,5.0,20.5,96.7,83.1,A1+A2,17.25,70.6,86.7,1.18,STAR,False,True,28.835637200147826,2.7964140233445587,85.3,85.3,9.0,2.25,True,4.0,3.375,3.2,3.72,95.6,9.0,2.0,34.0,0.0,5.0,7.0,12.0,12.0,8.0,8.0,39.0,39.0,GOOD,0.9,0.4,OK,0.6,,LOW,0.3,,GOOD,0.7,,LOW,0.4,,LOW,0.2,,GOOD,3.4,,LOW,1.95,,LOW,0.975,,2.407633961340837,0.5872277954489846,,,7.0,2.110930465732193,1.998905475419135,50.0,14.8,73.4,4.9,9.88,5.09,40.92,-0.02,2.63,3.2,COOL,HOT,HOT,4.78,-2.65,COOL,Yellow,Green,Green,Yellow,60.0,78.0,80.0,72.0,GOAL,80.0,1.0,1.0,6.0,1.0,6.0,1.0,A,Hybrid,15.4,,38.3,,2.0,2.6530701754385966,201.63333333333333,2.6530701754385966,0.1537757553417309,15.4,15.4,3.7025128120350472,2.121673003802281,1.8598115390973715,7.467388668875778,6.308402585410895,38.3,70.9,False,,,,🥅 D:6,🥅 GOAL EARNED,False,True,3.0,"iXG,SOG,REG",False,0.0,,False,0.0,,1.5,-575.0,DraftKings,2.5,-195.0,DraftKings,3.5,120.0,DraftKings,4.5,255.0,FanDuel,3.5,120.0,DraftKings,0.5,-135.0,theScore Bet,1.5,330.0,DraftKings,2.5,1300.0,DraftKings,3.5,4000.0,Fanatics,0.5,-135.0,theScore Bet,0.5,190.0,Hard Rock Bet,1.5,1000.0,Fanatics,2.5,2500.0,Bovada,,,,0.5,190.0,Hard Rock Bet,0.5,170.0,FanDuel,,,,,,,,,,0.5,170.0,FanDuel,0.5,170.0,FanDuel,,,,,,,,,,0.5,170.0,FanDuel,The Odds API,"[""Bally Bet"", ""BetMGM"", ""BetRivers"", ""Bovada"", ""Caesars"", ""Courtside"", ""DraftKings"", ""FanDuel"", ""Fanatics"", ""betmgm""]",The Odds API,"[""Bally Bet"", ""BetMGM"", ""BetRivers"", ""Bovada"", ""Caesars"", ""Courtside"", ""DraftKings"", ""FanDuel"", ""Fanatics"", ""Fliff"", ""Hard Rock Bet"", ""fanduel"", ""theScore Bet""]",The Odds API,"[""Bally Bet"", ""BetOnline.ag"", ""BetRivers"", ""Bovada"", ""Courtside"", ""DraftKings"", ""FanDuel"", ""Fanatics"", ""Fliff"", ""Hard Rock Bet"", ""ReBet"", ""draftkings"", ""theScore Bet""]",The Odds API,"[""Bally Bet"", ""BetOnline.ag"", ""BetRivers"", ""Bovada"", ""Courtside"", ""DraftKings"", ""FanDuel"", ""Fanatics"", ""Fliff"", ""Hard Rock Bet"", ""ReBet"", ""draftkings"", ""theScore Bet""]",The Odds API,"[""Bally Bet"", ""BetOnline.ag"", ""BetRivers"", ""Bovada"", ""Caesars"", ""Courtside"", ""DraftKings"", ""FanDuel"", ""Fanatics"", ""Fliff"", ""Hard Rock Bet"", ""ReBet"", ""draftkings"", ""theScore Bet""]",0.5,190.0,FanDuel,1.5,800.0,Bovada,,,,,,,0.5,190.0,FanDuel,The Odds API,"[""Bally Bet"", ""BetRivers"", ""Bovada"", ""FanDuel"", ""Fliff"", ""Hard Rock Bet"", ""theScore Bet""]",ALTLINE_NB_v1_2026-01-18,3.5,120.0,DraftKings,exp/fallback,4.0920000000000005,0.5124335138690759,51.2,0.4545454545454545,12.735373051196683,12.7,0.8195250012330042,82.0,-3.7948911596038553,-3.8,0.6668471740181536,66.7,0.8820083771052922,0.9,0.5124335138690759,51.2,12.735373051196683,12.7,0.3757854391869767,37.6,33.40383091137673,33.4,0.5,-135.0,theScore Bet,exp/fallback,0.988,0.5719601361581726,57.2,0.574468085106383,-0.436568890984762,-0.4,0.5719601361581726,57.2,-0.436568890984762,-0.4,0.2577207354480186,25.8,10.81991624264802,10.8,0.1020020132503654,10.2,42.80281855051156,42.8,0.0372214203432523,3.7,52.60782340733474,52.6,0.5,190.0,Hard Rock Bet,exp/fallback,0.478,0.3485855512366779,34.9,0.3448275862068966,1.0898098586365812,1.1,0.3485855512366779,34.9,1.0898098586365812,1.1,0.097273116604823,9.7,7.000428265305381,7.0,0.0245568068263566,2.5,-36.15230225147275,-36.2,,,,,0.5,170.0,FanDuel,exp/fallback,0.3836,0.3001378935889462,30.0,0.3703703703703703,-18.962768730984514,-19.0,0.3001378935889462,30.0,-18.962768730984514,-19.0,,,,,,,,,,,,,0.5,170.0,FanDuel,exp/fallback,0.43585,0.3186975699424719,31.9,0.3703703703703703,-13.951656115532597,-14.0,0.3186975699424719,31.9,-13.951656115532597,-14.0,,,,,,,,,,,,,True,False,False,False,False,20.5,,Active roster,2026-10-02T16:41:02+00:00,False,"[{""market"":""SOG"",""name"":""Sniper Stance"",""kind"":""STANCE"",""rule"":""Green + SOG 3.5 + Conf_SOG >= 75"",""icon"":""sog_class_shooter.svg"",""kit_version"":""2026-09-24-frozen-v2""}]",2025-2026,,2026-09-24-frozen-v2,2026-10-02T16:41:05.426327+00:00
2026-10-02,ANA@VGK,2026020021,9:00 PM,2026-10-03T02:00:00Z,Frank Vatrano,8478366,ANA,False,,2026-27,ANA,R,,Healthy,Unknown,,,3.0,0.0,,16.0,11.0,2026-10-02T16:40:41+00:00,VGK,Carter Hart,0.8909952606635071,2.706457253991861,54.1,Unconfirmed,dailyfaceoff_name_and_stats,22.2,5.0,22.2,5.0,,65.7,31.9,A1+A2,11.82,22.5,45.3,0.98,NONE,False,False,28.835637200147826,2.7964140233445587,85.3,85.3,9.0,2.25,True,,,,,50.0,,,,,,,,,,,,,,,,,,,,,,,,,,,,,,,,,,,,,,,,0.8307783602017604,0.2373652457719315,,,0.0,2.110930465732193,1.998905475419135,50.0,14.8,44.1,4.9,2.7,1.92,,,,,COOL,COOL,COOL,0.78,,COOL,Red,Red,Red,Red,33.0,46.0,53.0,31.0,GOAL,53.0,,,,,,,C,Passenger,6.3,,38.3,,0.0,0.7463333333333334,37.31666666666667,0.7463333333333334,0.0631291059294555,6.3,6.3,3.3242518981688245,2.299240732469852,1.2058954890576148,7.467388668875778,6.308402585410895,38.3,53.8,False,,,,,,False,False,0.0,,False,0.0,,False,0.0,,1.5,-113.0,BetRivers,,,,,,,,,,1.5,-113.0,BetRivers,0.5,260.0,BetRivers,,,,,,,,,,0.5,260.0,BetRivers,,,,,,,,,,,,,,,,0.5,550.0,theScore Bet,,,,,,,,,,0.5,550.0,theScore Bet,0.5,500.0,FanDuel,,,,,,,,,,0.5,500.0,FanDuel,The Odds API,"[""Bally Bet"", ""BetMGM"", ""BetRivers"", ""Bovada"", ""Caesars"", ""Courtside"", ""DraftKings"", ""FanDuel"", ""Fanatics"", ""fanduel""]",The Odds API,"[""Bally Bet"", ""BetMGM"", ""BetRivers"", ""Bovada"", ""Caesars"", ""Courtside"", ""DraftKings"", ""FanDuel"", ""Fanatics"", ""Fliff"", ""Hard Rock Bet"", ""theScore Bet""]",The Odds API,"[""Bally Bet"", ""BetRivers""]",,,The Odds API,"[""Bally Bet"", ""BetRivers""]",,,,,,,,,,,,,,,,,,ALTLINE_NB_v1_2026-01-18,1.5,-113.0,BetRivers,league_avg,2.3,0.6001759479749428,60.0,0.5305164319248826,13.130510547489216,13.1,0.6001759479749428,60.0,13.130510547489216,13.1,,,,,,,,,,,,,0.5,260.0,BetRivers,exp/fallback,0.27,0.2273995539189438,22.7,0.2777777777777778,-18.136160589180214,-18.1,0.2273995539189438,22.7,-18.136160589180214,-18.1,,,,,,,,,,,,,,,,exp/fallback,0.078,,,,,,,,,,,,,,,,,,,,,,0.5,550.0,theScore Bet,exp/fallback,0.2568,0.2168645718080192,21.7,0.1538461538461538,40.96197167521248,41.0,0.2168645718080192,21.7,40.96197167521248,41.0,,,,,,,,,,,,,0.5,500.0,FanDuel,exp/fallback,0.2298,0.1927931570433775,19.3,0.1666666666666666,15.67589422602651,15.7,0.1927931570433775,19.3,15.67589422602651,15.7,,,,,,,,,,,,,True,False,True,True,False,,,Active roster,2026-10-02T16:41:02+00:00,False,[],2025-2026,,2026-09-24-frozen-v2,2026-10-02T16:41:05.426327+00:00
2026-10-02,ANA@VGK,2026020021,9:00 PM,2026-10-03T02:00:00Z,Jackson LaCombe,8481605,ANA,False,"{""season"":""2026-27"",""games"":[]}",2026-27,ANA,D,,Healthy,Unknown,,,3.0,1.0,🟢 ROLE+,16.0,11.0,2026-10-02T16:40:41+00:00,VGK,Carter Hart,0.8909952606635071,2.706457253991861,54.1,Unconfirmed,dailyfaceoff_name_and_stats,22.2,5.0,22.2,5.0,10.3,74.3,96.1,A1+A2,24.25,98.7,86.8,1.15,NONE,False,False,28.835637200147826,2.7964140233445587,85.3,85.3,9.0,2.25,True,2.0,1.75,1.0,1.65,47.8,6.0,1.0,18.0,0.0,0.0,5.0,10.0,10.0,9.0,9.0,21.0,21.0,OK,0.6,0.1,LOW,0.5,,LOW,0.25,,OK,0.5,,OK,0.45,,LOW,0.225,,LOW,1.8,,LOW,1.05,,LOW,0.525,,1.1543309524336038,0.5572632184162225,,,5.0,2.110930465732193,1.998905475419135,50.0,14.8,52.5,4.9,9.5,2.12,18.15,2.64,0.93,-1.5,HOT,COOL,COOL,7.38,1.71,WARM,Green,Yellow,Red,Yellow,85.0,58.0,66.0,79.0,POINTS,85.0,5.0,5.0,9.0,0.0,2.0,6.0,A,Distributor,12.7,,38.3,,2.0,3.078658536585366,252.45,3.078658536585366,0.1269656328583403,12.7,12.7,2.768270944741533,0.5965537730243613,2.5549613784907903,7.467388668875778,6.308402585410895,38.3,69.6,False,,,,🅿️ D:5,,False,False,1.0,,False,0.0,,False,0.0,,1.5,-128.0,FanDuel,2.5,245.0,FanDuel,3.5,650.0,Fanatics,4.5,1700.0,Fanatics,1.5,-128.0,FanDuel,0.5,-110.0,DraftKings,1.5,450.0,DraftKings,2.5,1900.0,Fanatics,3.5,1450.0,BetOnline.ag,0.5,-110.0,DraftKings,0.5,120.0,DraftKings,1.5,650.0,DraftKings,2.5,2500.0,Fanatics,,,,0.5,120.0,DraftKings,0.5,575.0,Fanatics,,,,,,,,,,0.5,575.0,Fanatics,0.5,575.0,Fanatics,,,,,,,,,,0.5,575.0,Fanatics,The Odds API,"[""Bally Bet"", ""BetMGM"", ""BetRivers"", ""Bovada"", ""Caesars"", ""Courtside"", ""DraftKings"", ""FanDuel"", ""Fanatics"", ""fanatics""]",The Odds API,"[""Bally Bet"", ""BetMGM"", ""BetRivers"", ""Bovada"", ""Caesars"", ""Courtside"", ""DraftKings"", ""FanDuel"", ""Fanatics"", ""Fliff"", ""Hard Rock Bet"", ""theScore Bet""]",The Odds API,"[""Bally Bet"", ""BetOnline.ag"", ""BetRivers"", ""Bovada"", ""Courtside"", ""DraftKings"", ""FanDuel"", ""Fanatics"", ""Fliff"", ""Hard Rock Bet"", ""ReBet"", ""theScore Bet""]",The Odds API,"[""Bally Bet"", ""BetOnline.ag"", ""BetRivers"", ""Bovada"", ""Courtside"", ""DraftKings"", ""FanDuel"", ""Fanatics"", ""Fliff"", ""Hard Rock Bet"", ""ReBet"", ""draftkings"", ""theScore Bet""]",The Odds API,"[""Bally Bet"", ""BetOnline.ag"", ""BetRivers"", ""Bovada"", ""Caesars"", ""Courtside"", ""DraftKings"", ""FanDuel"", ""Fanatics"", ""Fliff"", ""Hard Rock Bet"", ""ReBet"", ""draftkings"", ""theScore Bet""]",0.5,200.0,Bovada,1.5,800.0,Bovada,,,,,,,0.5,200.0,Bovada,The Odds API,"[""Bally Bet"", ""BetRivers"", ""Bovada"", ""FanDuel"", ""Fliff"", ""Hard Rock Bet"", ""theScore Bet""]",ALTLINE_NB_v1_2026-01-18,1.5,-128.0,FanDuel,exp/fallback,1.815,0.496576983593755,49.7,0.5614035087719298,-11.547224797362388,-11.5,0.496576983593755,49.7,-11.547224797362388,-11.5,0.2784572745639513,27.8,-3.9322402754367936,-3.9,0.1422965619623712,14.2,6.722421471778461,6.7,0.0679233094428926,6.8,22.26195699720668,22.3,0.5,-110.0,DraftKings,exp/fallback,0.95,0.5596399124122431,56.0,0.5238095238095238,6.840346915064588,6.8,0.5596399124122431,56.0,6.840346915064588,6.8,0.2456871295166566,24.6,35.12792123416114,35.1,0.094601034183227,9.5,89.20206836645414,89.2,0.0335618737170635,3.4,-47.97909573855152,-48.0,0.5,120.0,DraftKings,exp/fallback,0.738,0.4664279109425496,46.6,0.4545454545454545,2.614140407360921,2.6,0.4664279109425496,46.6,2.614140407360921,2.6,0.1787900718451074,17.9,34.09255388383057,34.1,0.0624952990617369,6.2,62.48777756051594,62.5,,,,,0.5,575.0,Fanatics,exp/fallback,0.22508,0.193875945075502,19.4,0.1481481481481481,30.86626292596385,30.9,0.193875945075502,19.4,30.86626292596385,30.9,,,,,,,,,,,,,0.5,575.0,Fanatics,exp/fallback,0.20638,0.1760643197367561,17.6,0.1481481481481481,18.843415822310416,18.8,0.1760643197367561,17.6,18.843415822310416,18.8,,,,,,,,,,,,,False,False,True,True,False,10.3,,Active roster,2026-10-02T16:41:02+00:00,False,"[{""market"":""Points"",""name"":""Hammer Fists"",""kind"":""FLOOR"",""rule"":""Conf_Points >= 80"",""icon"":""PTS05_HAMMER_FISTS.svg"",""kit_version"":""2026-09-24-frozen-v2""},{""market"":""Points"",""name"":""Echo Stomp I"",""kind"":""TIER"",""rule"":""Conf_Points >= 80 + L10_S >= 17"",""icon"":""PTS05_HAMMER_STOMP.svg"",""kit_version"":""2026-09-24-frozen-v2""},{""market"":""Points"",""name"":""Echo Stomp II"",""kind"":""TIER"",""rule"":""Conf_Points >= 80 + TOI_per_game >= 19.18"",""icon"":""PTS05_HAMMER_STOMP.svg"",""kit_version"":""2026-09-24-frozen-v2""},{""market"":""Points"",""name"":""Hammer Fists II"",""kind"":""HEAVY"",""rule"":""Conf_Points >= 80 + TOI_per_game >= 19.18 + L10_S >= 17"",""icon"":""PTS05_HAMMER_FISTS.svg"",""kit_version"":""2026-09-24-frozen-v2""}]",2025-2026,,2026-09-24-frozen-v2,2026-10-02T16:41:05.426327+00:00
2026-10-02,ANA@VGK,2026020021,9:00 PM,2026-10-03T02:00:00Z,Jeff Malott,8482408,LAK,True,,2026-27,ANA,L,,Healthy,Unknown,,,3.0,0.0,,16.0,11.0,2026-10-02T16:40:41+00:00,VGK,Carter Hart,0.8909952606635071,2.706457253991861,54.1,Unconfirmed,dailyfaceoff_name_and_stats,22.2,5.0,22.2,5.0,,63.6,37.3,A1+A2,8.82,4.2,42.5,0.97,NONE,False,False,28.835637200147826,2.7964140233445587,85.3,85.3,9.0,2.25,True,,,,,50.0,,,,,,,,,,,,,,,,,,,,,,,,,,,,,,,,,,,,,,,,1.068390160258524,0.5935500890325134,,,0.0,2.110930465732193,1.998905475419135,50.0,14.8,50.5,4.9,2.52,1.52,,,,,COOL,COOL,COOL,1.0,,COOL,Red,Red,Red,Red,35.0,43.0,51.0,32.0,GOAL,51.0,,,,,,,,Passenger,0.1,,38.3,,,0.0054597701149425,0.3166666666666666,0.0054597701149425,0.0006190941674812,0.1,0.1,0.0,0.0,0.0,7.467388668875778,6.308402585410895,38.3,21.5,False,,,,,,False,False,0.0,,False,0.0,,False,0.0,,,,,,,,,,,,,,,,,,,,,,,,,,,,,,,,,,,,,,,,,,,,,,,,,,,,,,,,,,,,,,0.5,1100.0,fanduel,,,,,,,,,,0.5,1100.0,fanduel,BallDontLie,"[""fanduel""]",,,,,,,,,,,,,,,,,,,,,,,,,,ALTLINE_NB_v1_2026-01-18,,,,league_avg,2.3,,,,,,,,,,,,,,,,,,,,,,,,,exp/fallback,0.252,,,,,,,,,,,,,,,,,,,,,,,,,exp/fallback,0.1,,,,,,,,,,,,,,,,,,,,,,,,,exp/fallback,0.2408,,,,,,,,,,,,,,,,,,,,,,0.5,1100.0,fanduel,exp/fallback,0.2037999999999999,0.1741864762878276,17.4,0.0833333333333333,109.02377154539322,109.0,0.1741864762878276,17.4,109.02377154539322,109.0,,,,,,,,,,,,,False,False,False,True,False,,,Active roster,2026-10-02T16:41:02+00:00,False,[],2025-2026,,2026-09-24-frozen-v2,2026-10-02T16:41:05.426327+00:00
2026-10-02,ANA@VGK,2026020021,9:00 PM,2026-10-03T02:00:00Z,Judd Caulfield,8481538,,,,,ANA,R,,Unknown,,,,,,,,,,,,,,,,,,,,,,,,,,,,,,,,,,,,,,,,,,,,,,,,,,,,,,,,,,,,,,,,,,,,,,,,,,,,,,,,,,,,,,,,,,,,,,,,,,,,,,,,,,,,,,,,,,,,,,,,,,,,,,,,,,,,,,,,,,,,,,,,,,,,,,,,,,,,,,,,,,,,,,,,,,,,,,,,,,,,,,,,,,,,,,,,,,,,,,,,,,,,,,,,,,,,,,,,,,,,,,,,,,,,,,,,,,,,,,,,,,,,,,,,,,,,,,,,,,,,,,,,,,,,,,,,,,,,,,,,,,,,,,,,,,,,,,,,,,,,,,,,,,,,,,,,,,,,,,,,,,,,,,,,,,,,,,,,,,,0.5,1100.0,fanduel,,,,,,,,,,,,,,,,,,,,,,,,,,,,,,,,,,,,,,,,,,,,,,,,,,,,,,,,,Active roster,2026-10-02T16:41:02+00:00,True,[],Unavailable,True,2026-09-24-frozen-v2,2026-10-02T16:41:05.426327+00:00
2026-10-02,ANA@VGK,2026020021,9:00 PM,2026-10-03T02:00:00Z,Leo Carlsson,8484153,ANA,False,"{""season"":""2026-27"",""games"":[]}",2026-27,ANA,C,,Healthy,Unknown,,,3.0,1.0,🟢 ROLE+,16.0,11.0,2026-10-02T16:40:41+00:00,VGK,Carter Hart,0.8909952606635071,2.706457253991861,54.1,Unconfirmed,dailyfaceoff_name_and_stats,22.2,5.0,22.2,5.0,17.9,90.2,92.1,A1+A2,19.15,80.1,88.8,1.16,NONE,False,False,28.835637200147826,2.7964140233445587,85.3,85.3,9.0,2.25,True,3.5,2.875,1.8,2.905,82.4,9.0,3.0,27.0,1.0,2.0,6.0,11.0,11.0,7.0,7.0,41.0,41.0,GOOD,0.9,0.4,LOW,0.55,,LOW,0.275,,GOOD,0.6,,LOW,0.35,,LOW,0.175,,OK,2.7,,LOW,2.05,,LOW,1.025,,2.023333049476284,0.5518181044026228,,,6.0,2.110930465732193,1.998905475419135,50.0,14.8,70.4,4.9,10.97,4.07,31.96,0.97,0.7,2.05,COOL,COOL,WARM,6.9,0.27,COOL,Green,Green,Yellow,Green,69.0,74.0,79.0,74.0,GOAL,79.0,0.0,0.0,4.0,3.0,3.0,0.0,A,Distributor,16.8,,38.3,,2.0,3.2214285714285715,225.5,3.2214285714285715,0.1682187216371797,16.8,16.8,3.868070953436807,1.436807095343681,2.860310421286031,7.467388668875778,6.308402585410895,38.3,78.4,False,,,,🥅 D:4,,False,False,2.0,,False,0.0,,False,0.0,,1.5,-227.0,BetOnline.ag,2.5,120.0,Fanatics,3.5,310.0,Fanatics,4.5,750.0,Fanatics,2.5,120.0,Fanatics,0.5,-145.0,theScore Bet,1.5,310.0,Fanatics,2.5,1300.0,DraftKings,3.5,4000.0,Fanatics,0.5,-145.0,theScore Bet,0.5,135.0,Hard Rock Bet,1.5,750.0,Bovada,2.5,3000.0,Fanatics,,,,0.5,135.0,Hard Rock Bet,0.5,220.0,DraftKings,,,,,,,,,,0.5,220.0,DraftKings,0.5,220.0,DraftKings,,,,,,,,,,0.5,220.0,DraftKings,The Odds API,"[""Bally Bet"", ""BetMGM"", ""BetRivers"", ""Bovada"", ""Caesars"", ""Courtside"", ""DraftKings"", ""FanDuel"", ""Fanatics"", ""fanduel""]",The Odds API,"[""Bally Bet"", ""BetMGM"", ""BetRivers"", ""Bovada"", ""Caesars"", ""Courtside"", ""DraftKings"", ""FanDuel"", ""Fanatics"", ""Fliff"", ""Hard Rock Bet"", ""fanduel"", ""theScore Bet""]",The Odds API,"[""Bally Bet"", ""BetOnline.ag"", ""BetRivers"", ""Bovada"", ""Courtside"", ""DraftKings"", ""FanDuel"", ""Fanatics"", ""Fliff"", ""Hard Rock Bet"", ""ReBet"", ""draftkings"", ""theScore Bet""]",The Odds API,"[""Bally Bet"", ""BetOnline.ag"", ""BetRivers"", ""Bovada"", ""Courtside"", ""DraftKings"", ""FanDuel"", ""Fanatics"", ""Fliff"", ""Hard Rock Bet"", ""ReBet"", ""draftkings"", ""theScore Bet""]",The Odds API,"[""Bally Bet"", ""BetOnline.ag"", ""BetRivers"", ""Bovada"", ""Caesars"", ""Courtside"", ""DraftKings"", ""FanDuel"", ""Fanatics"", ""Fliff"", ""Hard Rock Bet"", ""ReBet"", ""draftkings"", ""theScore Bet""]",0.5,220.0,Bovada,1.5,800.0,Bovada,,,,,,,0.5,220.0,Bovada,The Odds API,"[""Bally Bet"", ""BetRivers"", ""Bovada"", ""FanDuel"", ""Fliff"", ""Hard Rock Bet"", ""theScore Bet""]",ALTLINE_NB_v1_2026-01-18,2.5,120.0,Fanatics,exp/fallback,3.196,0.546593949529102,54.7,0.4545454545454545,20.250668896402438,20.3,0.7349183435044311,73.5,5.867091773545797,5.9,0.546593949529102,54.7,20.250668896402438,20.3,0.379310802462634,37.9,55.517429009679965,55.5,0.2492920918535797,24.9,111.89827807554276,111.9,0.5,-145.0,theScore Bet,exp/fallback,1.097,0.6048164510288433,60.5,0.5918367346938775,2.1931244841838677,2.2,0.6048164510288433,60.5,2.1931244841838677,2.2,0.2915707750858114,29.2,19.54401778518269,19.5,0.1239703618527345,12.4,73.55850659382841,73.6,0.0486887378445538,4.9,99.6238251626708,99.6,0.5,135.0,Hard Rock Bet,exp/fallback,0.6900000000000001,0.4472160417904672,44.7,0.425531914893617,5.09576982075981,5.1,0.4472160417904672,44.7,5.09576982075981,5.1,0.1636317063521195,16.4,39.086950399301614,39.1,0.0545202613042794,5.5,69.0128100432663,69.0,,,,,0.5,220.0,DraftKings,exp/fallback,0.3428,0.274755815945355,27.5,0.3125,-12.07813889748639,-12.1,0.274755815945355,27.5,-12.07813889748639,-12.1,,,,,,,,,,,,,0.5,220.0,DraftKings,exp/fallback,0.36955,0.2819370262857305,28.2,0.3125,-9.780151588566245,-9.8,0.2819370262857305,28.2,-9.780151588566245,-9.8,,,,,,,,,,,,,True,False,False,False,False,17.9,,Active roster,2026-10-02T16:41:02+00:00,False,"[{""market"":""Assists"",""name"":""Staff (Green Stance)"",""kind"":""STANCE"",""rule"":""Green + Assists 0.5"",""icon"":""staff.svg"",""kit_version"":""2026-09-24-frozen-v2""}]",2025-2026,,2026-09-24-frozen-v2,2026-10-02T16:41:05.426327+00:00
2026-10-02,ANA@VGK,2026020021,9:00 PM,2026-10-03T02:00:00Z,Mikael Granlund,8475798,ANA,False,"{""season"":""2026-27"",""games"":[]}",2026-27,ANA,C,,Healthy,Unknown,,,3.0,1.0,🟢 ROLE+,16.0,11.0,2026-10-02T16:40:41+00:00,VGK,Carter Hart,0.8909952606635071,2.706457253991861,54.1,Unconfirmed,dailyfaceoff_name_and_stats,22.2,5.0,22.2,5.0,10.3,84.8,74.9,A1+A2,19.17,80.4,80.5,1.12,NONE,False,False,28.835637200147826,2.7964140233445587,85.3,85.3,9.0,2.25,True,2.0,1.875,2.0,2.0,59.6,9.0,5.0,19.0,2.0,1.0,4.0,10.0,10.0,5.0,5.0,20.0,20.0,GOOD,0.9,0.4,LOW,0.5,,LOW,0.25,,LOW,0.4,,LOW,0.25,,LOW,0.125,,LOW,1.9,,LOW,1.0,,LOW,0.5,,1.6968762051677593,0.4627844195912071,,,4.0,2.110930465732193,1.998905475419135,50.0,14.8,65.0,4.9,7.92,4.03,22.0,-1.08,-1.34,1.0,COOL,COOL,COOL,4.69,0.26,COOL,Yellow,Red,Yellow,Yellow,56.0,65.0,71.0,64.0,GOAL,71.0,0.0,3.0,0.0,0.0,3.0,0.0,B,Shooter,15.3,,38.3,,1.0,2.9304597701149424,169.96666666666667,2.9304597701149424,0.1528362682652679,15.3,15.3,3.144440086291429,2.319278289860757,0.9707785840360856,7.467388668875778,6.308402585410895,38.3,65.7,False,,,,🥅 D:0,,False,False,0.0,,False,0.0,,False,0.0,,1.5,-125.0,BetOnline.ag,2.5,240.0,Fanatics,3.5,650.0,Fanatics,4.5,1700.0,Fanatics,1.5,-125.0,BetOnline.ag,0.5,-119.0,BetOnline.ag,1.5,425.0,DraftKings,2.5,1500.0,Fanatics,3.5,875.0,BetOnline.ag,0.5,-119.0,BetOnline.ag,0.5,155.0,Bovada,1.5,900.0,DraftKings,2.5,4000.0,Fanatics,,,,0.5,155.0,Bovada,0.5,290.0,FanDuel,,,,,,,,,,0.5,290.0,FanDuel,0.5,290.0,FanDuel,,,,,,,,,,0.5,290.0,FanDuel,The Odds API,"[""Bally Bet"", ""BetMGM"", ""BetRivers"", ""Bovada"", ""Caesars"", ""Courtside"", ""DraftKings"", ""FanDuel"", ""Fanatics"", ""betrivers""]",The Odds API,"[""Bally Bet"", ""BetMGM"", ""BetRivers"", ""Bovada"", ""Caesars"", ""Courtside"", ""DraftKings"", ""FanDuel"", ""Fanatics"", ""Fliff"", ""Hard Rock Bet"", ""fanduel"", ""theScore Bet""]",The Odds API,"[""Bally Bet"", ""BetOnline.ag"", ""BetRivers"", ""Bovada"", ""Courtside"", ""DraftKings"", ""FanDuel"", ""Fanatics"", ""Fliff"", ""Hard Rock Bet"", ""ReBet"", ""theScore Bet""]",The Odds API,"[""Bally Bet"", ""BetOnline.ag"", ""BetRivers"", ""Bovada"", ""Courtside"", ""DraftKings"", ""FanDuel"", ""Fanatics"", ""Fliff"", ""Hard Rock Bet"", ""ReBet"", ""draftkings"", ""theScore Bet""]",The Odds API,"[""Bally Bet"", ""BetOnline.ag"", ""BetRivers"", ""Bovada"", ""Caesars"", ""Courtside"", ""DraftKings"", ""FanDuel"", ""Fanatics"", ""Fliff"", ""Hard Rock Bet"", ""ReBet"", ""draftkings"", ""theScore Bet""]",0.5,230.0,Hard Rock Bet,,,,,,,,,,0.5,230.0,Hard Rock Bet,The Odds API,"[""Bally Bet"", ""BetRivers"", ""Bovada"", ""FanDuel"", ""Fliff"", ""Hard Rock Bet"", ""theScore Bet""]",ALTLINE_NB_v1_2026-01-18,1.5,-125.0,BetOnline.ag,exp/fallback,2.2,0.5808468089046723,58.1,0.5555555555555556,4.55242560284102,4.6,0.5808468089046723,58.1,4.55242560284102,4.6,0.3627068685926952,36.3,23.32033532151636,23.3,0.2078978786938726,20.8,55.9234090204045,55.9,0.1117664898050877,11.2,101.17968164915796,101.2,0.5,-119.0,BetOnline.ag,exp/fallback,0.792,0.5029465246782931,50.3,0.54337899543379,-7.4409336936586525,-7.4,0.5029465246782931,50.3,-7.4409336936586525,-7.4,0.1947204422677138,19.5,2.2282321905497398,2.2,0.0657056727275511,6.6,5.129076364081797,5.1,0.0203706989022888,2.0,-80.1385685702684,-80.1,0.5,155.0,Bovada,exp/fallback,0.469,0.3438278230454558,34.4,0.392156862745098,-12.323905123408776,-12.3,0.3438278230454558,34.4,-12.323905123408776,-12.3,0.0945408639594442,9.5,-5.459136040555723,-5.5,0.0235107401372454,2.4,-3.605965437293812,-3.6,,,,,0.5,290.0,FanDuel,exp/fallback,0.3412,0.273734345405331,27.4,0.2564102564102564,6.756394708079105,6.8,0.273734345405331,27.4,6.756394708079105,6.8,,,,,,,,,,,,,0.5,290.0,FanDuel,exp/fallback,0.36695,0.2804290544863878,28.0,0.2564102564102564,9.367331249691224,9.4,0.2804290544863878,28.0,9.367331249691224,9.4,,,,,,,,,,,,,False,False,False,False,False,10.3,,Active roster,2026-10-02T16:41:02+00:00,False,[],2025-2026,,2026-09-24-frozen-v2,2026-10-02T16:41:05.426327+00:00
2026-10-02,ANA@VGK,2026020021,9:00 PM,2026-10-03T02:00:00Z,Nick Jensen,8475324,OTT,True,,2026-27,ANA,D,,Healthy,Unknown,,,3.0,0.0,,16.0,11.0,2026-10-02T16:40:41+00:00,VGK,Carter Hart,0.8909952606635071,2.706457253991861,54.1,Unconfirmed,dailyfaceoff_name_and_stats,22.2,5.0,22.2,5.0,,29.6,56.5,A1+A2,17.01,69.3,47.0,0.99,NONE,False,False,28.835637200147826,2.7964140233445587,85.3,85.3,9.0,2.25,True,,,,,50.0,,,,,,,,,,,,,,,,,,,,,,,,,,,,,,,,,,,,,,,,1.0638667732851232,0.3129019921426833,,,0.0,2.110930465732193,1.998905475419135,50.0,14.8,50.0,4.9,2.43,0.32,,,,,COOL,COOL,COOL,2.11,,COOL,Red,Red,Red,Red,51.0,30.0,31.0,44.0,POINTS,51.0,,,,,,,,Passenger,0.3,,38.3,,,0.0519125683060109,3.1666666666666665,0.0519125683060109,0.0030521107755574,0.3,0.3,0.1894736842105263,0.1894736842105263,0.0,7.467388668875778,6.308402585410895,38.3,26.1,False,,,,,,False,False,0.0,,False,0.0,,False,0.0,,,,,,,,,,,,,,,,,,,,,,,,,,,,,,,,,,,,,,,,,,,,,,,,,,,,,,,,,,,,,,,,,,,,,,,,,,,,,,,,,,,,,,,,,,,,,,,,,,,,,,,,ALTLINE_NB_v1_2026-01-18,,,,league_avg,2.3,,,,,,,,,,,,,,,,,,,,,,,,,exp/fallback,0.243,,,,,,,,,,,,,,,,,,,,,,,,,exp/fallback,0.211,,,,,,,,,,,,,,,,,,,,,,,,,exp/fallback,0.1928,,,,,,,,,,,,,,,,,,,,,,,,,exp/fallback,0.1258,,,,,,,,,,,,,,,,,,,,,,False,False,False,False,False,,,Active roster,2026-10-02T16:41:02+00:00,False,[],2025-2026,,2026-09-24-frozen-v2,2026-10-02T16:41:05.426327+00:00
2026-10-02,ANA@VGK,2026020021,9:00 PM,2026-10-03T02:00:00Z,Nikita Nesterenko,8481754,ANA,False,,2026-27,ANA,C,,Healthy,Unknown,,,3.0,0.0,,16.0,11.0,2026-10-02T16:40:41+00:00,VGK,Carter Hart,0.8909952606635071,2.706457253991861,54.1,Unconfirmed,dailyfaceoff_name_and_stats,22.2,5.0,22.2,5.0,,37.8,43.8,A1+A2,12.26,27.5,37.8,0.95,NONE,False,False,28.835637200147826,2.7964140233445587,85.3,85.3,9.0,2.25,True,,,,,50.0,,,,,,,,,,,,,,,,,,,,,,,,,,,,,,,,,,,,,,,,1.4894497310715764,0.9309060819197352,,,0.0,2.110930465732193,1.998905475419135,50.0,14.8,60.9,4.9,3.76,1.14,,,,,COOL,COOL,COOL,2.62,,COOL,Red,Red,Red,Red,42.0,31.0,34.0,37.0,POINTS,42.0,,,,,,,C,Passenger,0.6,,38.3,,0.0,0.0770114942528735,2.2333333333333334,0.0770114942528735,0.0062831152998546,0.6,0.6,0.2686567164179104,0.2686567164179104,0.0,7.467388668875778,6.308402585410895,38.3,31.1,False,,,,,,False,False,0.0,,False,0.0,,False,0.0,,,,,,,,,,,,,,,,,,,,,,,,,,,,,,,,,,,,,,,,,,,,,,,0.5,750.0,FanDuel,,,,,,,,,,0.5,750.0,FanDuel,0.5,750.0,FanDuel,,,,,,,,,,0.5,750.0,FanDuel,The Odds API,"[""Bally Bet"", ""BetMGM"", ""BetRivers"", ""Bovada"", ""Caesars"", ""Courtside"", ""DraftKings"", ""FanDuel"", ""Fanatics"", ""fanduel""]",The Odds API,"[""Bally Bet"", ""BetMGM"", ""BetRivers"", ""Bovada"", ""Caesars"", ""Courtside"", ""DraftKings"", ""FanDuel"", ""Fanatics"", ""Fliff"", ""Hard Rock Bet"", ""theScore Bet""]",,,,,,,,,,,,,,,,,,,,,,,,ALTLINE_NB_v1_2026-01-18,,,,league_avg,2.3,,,,,,,,,,,,,,,,,,,,,,,,,exp/fallback,0.376,,,,,,,,,,,,,,,,,,,,,,,,,exp/fallback,0.262,,,,,,,,,,,,,,,,,,,,,,0.5,750.0,FanDuel,exp/fallback,0.2256,0.194260378347346,19.4,0.1176470588235294,65.12132159524408,65.1,0.194260378347346,19.4,65.12132159524408,65.1,,,,,,,,,,,,,0.5,750.0,FanDuel,exp/fallback,0.1790999999999999,0.1558452725466189,15.6,0.1176470588235294,32.46848166462611,32.5,0.1558452725466189,15.6,32.46848166462611,32.5,,,,,,,,,,,,,False,False,True,True,False,,,Active roster,2026-10-02T16:41:02+00:00,False,[],2025-2026,,2026-09-24-frozen-v2,2026-10-02T16:41:05.426327+00:00
2026-10-02,ANA@VGK,2026020021,9:00 PM,2026-10-03T02:00:00Z,Pavel Mintyukov,8483490,ANA,False,,2026-27,ANA,D,,Healthy,Unknown,,,3.0,1.0,🟢 ROLE+,16.0,11.0,2026-10-02T16:40:41+00:00,VGK,Carter Hart,0.8909952606635071,2.706457253991861,54.1,Unconfirmed,dailyfaceoff_name_and_stats,22.2,5.0,22.2,5.0,,54.0,58.4,A1+A2,18.43,77.5,60.3,1.04,NONE,False,False,28.835637200147826,2.7964140233445587,85.3,85.3,9.0,2.25,True,,,,,50.0,,,,,,,,,,,,,,,,,,,,,,,,,,,,,,,,,,,,,,,,0.9244712990936556,0.1087613293051359,,,0.0,2.110930465732193,1.998905475419135,50.0,14.8,47.4,4.9,2.9,0.91,,,,,COOL,COOL,COOL,2.0,,COOL,Red,Red,Red,Red,55.0,46.0,48.0,50.0,POINTS,55.0,,,,,,,C,Passenger,4.1,,38.3,,0.0,0.7616438356164383,55.6,0.7616438356164383,0.0413367532805471,4.1,4.1,1.9424460431654675,0.1079136690647482,2.158273381294964,7.467388668875778,6.308402585410895,38.3,55.7,False,,,,,,False,False,0.0,,False,0.0,,False,0.0,,1.5,112.0,BetRivers,,,,,,,,,,1.5,112.0,BetRivers,0.5,180.0,BetRivers,,,,,,,,,,0.5,180.0,BetRivers,0.5,225.0,BetRivers,,,,,,,,,,0.5,225.0,BetRivers,0.5,1100.0,FanDuel,,,,,,,,,,0.5,1100.0,FanDuel,0.5,1100.0,FanDuel,,,,,,,,,,0.5,1100.0,FanDuel,The Odds API,"[""Bally Bet"", ""BetMGM"", ""BetRivers"", ""Bovada"", ""Caesars"", ""Courtside"", ""DraftKings"", ""FanDuel"", ""Fanatics"", ""fanduel""]",The Odds API,"[""Bally Bet"", ""BetMGM"", ""BetRivers"", ""Bovada"", ""Caesars"", ""Courtside"", ""DraftKings"", ""FanDuel"", ""Fanatics"", ""Fliff"", ""Hard Rock Bet"", ""theScore Bet""]",The Odds API,"[""Bally Bet"", ""BetRivers""]",The Odds API,"[""Bally Bet"", ""BetRivers""]",The Odds API,"[""Bally Bet"", ""BetRivers""]",,,,,,,,,,,,,,,,,,ALTLINE_NB_v1_2026-01-18,1.5,112.0,BetRivers,league_avg,2.3,0.6001759479749428,60.0,0.4716981132075472,27.237300970687876,27.2,0.6001759479749428,60.0,27.237300970687876,27.2,,,,,,,,,,,,,0.5,180.0,BetRivers,exp/fallback,0.29,0.2413450750589532,24.1,0.3571428571428571,-32.42337898349311,-32.4,0.2413450750589532,24.1,-32.42337898349311,-32.4,,,,,,,,,,,,,0.5,225.0,BetRivers,exp/fallback,0.2,0.1735537190082646,17.4,0.3076923076923077,-43.59504132231399,-43.6,0.1735537190082646,17.4,-43.59504132231399,-43.6,,,,,,,,,,,,,0.5,1100.0,FanDuel,exp/fallback,0.2163999999999999,0.1874207702211061,18.7,0.0833333333333333,124.9049242653274,124.9,0.1874207702211061,18.7,124.9049242653274,124.9,,,,,,,,,,,,,0.5,1100.0,FanDuel,exp/fallback,0.16415,0.1444149520255159,14.4,0.0833333333333333,73.29794243061907,73.3,0.1444149520255159,14.4,73.29794243061907,73.3,,,,,,,,,,,,,True,False,True,True,False,,,Active roster,2026-10-02T16:41:02+00:00,False,[],2025-2026,,2026-09-24-frozen-v2,2026-10-02T16:41:05.426327+00:00
2026-10-02,ANA@VGK,2026020021,9:00 PM,2026-10-03T02:00:00Z,Ryan Poehling,8480068,ANA,False,"{""season"":""2026-27"",""games"":[]}",2026-27,ANA,C,,Healthy,Unknown,,,3.0,0.0,,16.0,11.0,2026-10-02T16:40:41+00:00,VGK,Carter Hart,0.8909952606635071,2.706457253991861,54.1,Unconfirmed,dailyfaceoff_name_and_stats,22.2,5.0,22.2,5.0,10.3,68.8,79.4,A1+A2,15.07,49.7,68.7,1.08,NONE,False,False,28.835637200147826,2.7964140233445587,85.3,85.3,9.0,2.25,True,2.0,1.625,1.0,1.65,47.8,5.0,4.0,16.0,0.0,1.0,1.0,5.0,5.0,1.0,1.0,17.0,17.0,LOW,0.5,0.0,LOW,0.25,,LOW,0.125,,LOW,0.1,,LOW,0.05,,LOW,0.025,,LOW,1.6,,LOW,0.85,,LOW,0.425,,1.9346230820547032,1.067378252168112,,,1.0,2.110930465732193,1.998905475419135,50.0,14.8,69.1,4.9,5.16,1.58,16.5,0.16,-2.42,0.5,COOL,COOL,COOL,3.58,2.58,HOT,Yellow,Red,Red,Yellow,57.0,57.0,59.0,63.0,ASSISTS,63.0,3.0,3.0,5.0,5.0,0.0,10.0,C,Passenger,2.0,,38.3,,0.0,0.2993333333333333,22.45,0.2993333333333333,0.0198663775939117,2.0,2.0,2.3719376391982183,0.6681514476614699,2.0044543429844097,7.467388668875778,6.308402585410895,38.3,50.6,False,,,,🅰️ D:3,,False,False,1.0,,False,0.0,,False,0.0,,1.5,180.0,BetRivers,,,,,,,,,,1.5,180.0,BetRivers,0.5,195.0,BetRivers,,,,,,,,,,0.5,195.0,BetRivers,,,,,,,,,,,,,,,,0.5,500.0,FanDuel,,,,,,,,,,0.5,500.0,FanDuel,0.5,500.0,FanDuel,,,,,,,,,,0.5,500.0,FanDuel,The Odds API,"[""Bally Bet"", ""BetMGM"", ""BetRivers"", ""Bovada"", ""Caesars"", ""Courtside"", ""DraftKings"", ""FanDuel"", ""Fanatics"", ""fanduel""]",The Odds API,"[""Bally Bet"", ""BetMGM"", ""BetRivers"", ""Bovada"", ""Caesars"", ""Courtside"", ""DraftKings"", ""FanDuel"", ""Fanatics"", ""Fliff"", ""Hard Rock Bet"", ""theScore Bet""]",The Odds API,"[""Bally Bet"", ""BetRivers""]",,,The Odds API,"[""Bally Bet"", ""BetRivers""]",,,,,,,,,,,,,,,,,,ALTLINE_NB_v1_2026-01-18,1.5,180.0,BetRivers,exp/fallback,1.65,0.4553295490258335,45.5,0.3571428571428571,27.4922737272334,27.5,0.4553295490258335,45.5,27.4922737272334,27.5,,,,,,,,,,,,,0.5,195.0,BetRivers,exp/fallback,0.516,0.3777110914776765,37.8,0.3389830508474576,11.424771985914584,11.4,0.3777110914776765,37.8,11.424771985914584,11.4,,,,,,,,,,,,,,,,exp/fallback,0.358,,,,,,,,,,,,,,,,,,,,,,0.5,500.0,FanDuel,exp/fallback,0.20672,0.1801362365627945,18.0,0.1666666666666666,8.081741937676723,8.1,0.1801362365627945,18.0,8.081741937676723,8.1,,,,,,,,,,,,,0.5,500.0,FanDuel,exp/fallback,0.1765449999999999,0.1539097067271271,15.4,0.1666666666666666,-7.65417596372373,-7.7,0.1539097067271271,15.4,-7.65417596372373,-7.7,,,,,,,,,,,,,True,True,False,False,False,10.3,,Active roster,2026-10-02T16:41:02+00:00,False,[],2025-2026,,2026-09-24-frozen-v2,2026-10-02T16:41:05.426327+00:00
2026-10-02,ANA@VGK,2026020021,9:00 PM,2026-10-03T02:00:00Z,Sam Colangelo,8482118,ANA,False,,2026-27,ANA,R,,Healthy,Unknown,,,3.0,0.0,,16.0,11.0,2026-10-02T16:40:41+00:00,VGK,Carter Hart,0.8909952606635071,2.706457253991861,54.1,Unconfirmed,dailyfaceoff_name_and_stats,22.2,5.0,22.2,5.0,,17.0,6.9,A1+A2,10.18,10.5,12.2,0.94,NONE,False,False,28.835637200147826,2.7964140233445587,85.3,85.3,9.0,2.25,True,,,,,50.0,,,,,,,,,,,,,,,,,,,,,,,,,,,,,,,,,,,,,,,,0.0117050331642606,0.0,,,0.0,2.110930465732193,1.998905475419135,50.0,14.8,31.0,4.9,0.56,0.56,,,,,COOL,COOL,COOL,0.0,,COOL,Red,Red,Red,Red,18.0,18.0,21.0,11.0,GOAL,21.0,,,,,,,C,Passenger,4.4,,38.3,,0.0,0.4481481481481481,4.033333333333333,0.4481481481481481,0.0440320232896652,4.4,4.4,0.0,0.0,0.0,7.467388668875778,6.308402585410895,38.3,40.4,False,,,,,,False,False,0.0,,False,0.0,,False,0.0,,,,,,,,,,,,,,,,,,,,,,,,,,,,,,,,,,,,,,,,,,,,,,,,,,,,,,,,,,,,,,,,,,,,,,,,,,,,,,,,,,,,,,,,,,,,,,,,,,,,,,,,ALTLINE_NB_v1_2026-01-18,,,,league_avg,2.3,,,,,,,,,,,,,,,,,,,,,,,,,exp/fallback,0.056,,,,,,,,,,,,,,,,,,,,,,,,,league_avg,0.35,,,,,,,,,,,,,,,,,,,,,,,,,exp/fallback,0.2024,,,,,,,,,,,,,,,,,,,,,,,,,exp/fallback,0.1414,,,,,,,,,,,,,,,,,,,,,,False,False,False,False,False,,,Active roster,2026-10-02T16:41:02+00:00,False,[],2025-2026,,2026-09-24-frozen-v2,2026-10-02T16:41:05.426327+00:00
2026-10-02,ANA@VGK,2026020021,9:00 PM,2026-10-03T02:00:00Z,Tim Washe,8485512,ANA,False,,2026-27,ANA,C,,Healthy,Unknown,,,3.0,0.0,,16.0,11.0,2026-10-02T16:40:41+00:00,VGK,Carter Hart,0.8909952606635071,2.706457253991861,54.1,Unconfirmed,dailyfaceoff_name_and_stats,22.2,5.0,22.2,5.0,,47.8,28.5,A1+A2,12.05,25.2,36.5,0.95,NONE,False,False,28.835637200147826,2.7964140233445587,85.3,85.3,9.0,2.25,True,,,,,50.0,,,,,,,,,,,,,,,,,,,,,,,,,,,,,,,,,,,,,,,,0.7720682851505534,0.3088273140602213,,,0.0,2.110930465732193,1.998905475419135,50.0,14.8,42.3,4.9,1.94,1.21,,,,,COOL,COOL,COOL,0.73,,COOL,Red,Red,Red,Red,31.0,36.0,40.0,27.0,GOAL,40.0,,,,,,,C,Passenger,0.2,,38.3,,0.0,0.0209401709401709,0.8166666666666667,0.0209401709401709,0.0017374654279838,0.2,0.2,0.0,0.0,0.0,7.467388668875778,6.308402585410895,38.3,23.8,False,,,,,,False,False,0.0,,False,0.0,,False,0.0,,,,,,,,,,,,,,,,,,,,,,,,,,,,,,,,,,,,,,,,,,,,,,,0.5,1200.0,DraftKings,,,,,,,,,,0.5,1200.0,DraftKings,0.5,1200.0,DraftKings,,,,,,,,,,0.5,1200.0,DraftKings,The Odds API,"[""Bally Bet"", ""BetMGM"", ""BetRivers"", ""Bovada"", ""Caesars"", ""Courtside"", ""DraftKings"", ""FanDuel"", ""Fanatics"", ""fanatics""]",The Odds API,"[""Bally Bet"", ""BetMGM"", ""BetRivers"", ""Bovada"", ""Caesars"", ""Courtside"", ""DraftKings"", ""FanDuel"", ""Fanatics"", ""Fliff"", ""Hard Rock Bet"", ""theScore Bet""]",,,,,,,,,,,,,,,,,,,,,,,,ALTLINE_NB_v1_2026-01-18,,,,league_avg,2.3,,,,,,,,,,,,,,,,,,,,,,,,,exp/fallback,0.194,,,,,,,,,,,,,,,,,,,,,,,,,exp/fallback,0.073,,,,,,,,,,,,,,,,,,,,,,0.5,1200.0,DraftKings,exp/fallback,0.2284,0.1963259981068948,19.6,0.0769230769230769,155.22379753896334,155.2,0.1963259981068948,19.6,155.22379753896334,155.2,,,,,,,,,,,,,0.5,1200.0,DraftKings,exp/fallback,0.1836499999999999,0.1592741317733985,15.9,0.0769230769230769,107.05637130541812,107.1,0.1592741317733985,15.9,107.05637130541812,107.1,,,,,,,,,,,,,False,False,True,True,False,,,Active roster,2026-10-02T16:41:02+00:00,False,[],2025-2026,,2026-09-24-frozen-v2,2026-10-02T16:41:05.426327+00:00
2026-10-02,ANA@VGK,2026020021,9:00 PM,2026-10-03T02:00:00Z,Travis Mitchell,8484262,NYI,True,,2026-27,ANA,D,,Healthy,Unknown,,,3.0,0.0,,16.0,11.0,2026-10-02T16:40:41+00:00,VGK,Carter Hart,0.8909952606635071,2.706457253991861,54.1,Unconfirmed,dailyfaceoff_name_and_stats,22.2,5.0,22.2,5.0,,13.8,6.9,A1+A2,11.54,20.3,12.7,0.94,NONE,False,False,28.835637200147826,2.7964140233445587,85.3,85.3,9.0,2.25,True,,,,,50.0,,,,,,,,,,,,,,,,,,,,,,,,,,,,,,,,,,,,,,,,0.0097529258777633,0.0,,,0.0,2.110930465732193,1.998905475419135,50.0,14.8,30.9,4.9,0.4,0.4,,,,,COOL,COOL,COOL,0.0,,COOL,Red,Red,Red,Red,19.0,17.0,20.0,12.0,GOAL,20.0,,,,,,,,Passenger,0.0,,38.3,,,0.0,0.0,0.0,0.0,0.0,0.0,0.0,,,7.467388668875778,6.308402585410895,38.3,9.6,False,,,,,,False,False,0.0,,False,0.0,,False,0.0,,,,,,,,,,,,,,,,,,,,,,,,,,,,,,,,,,,,,,,,,,,,,,,,,,,,,,,,,,,,,,0.5,1900.0,fanduel,,,,,,,,,,0.5,1900.0,fanduel,BallDontLie,"[""fanduel""]",,,,,,,,,,,,,,,,,,,,,,,,,,ALTLINE_NB_v1_2026-01-18,,,,league_avg,2.3,,,,,,,,,,,,,,,,,,,,,,,,,exp/fallback,0.04,,,,,,,,,,,,,,,,,,,,,,,,,league_avg,0.35,,,,,,,,,,,,,,,,,,,,,,,,,exp/fallback,0.196,,,,,,,,,,,,,,,,,,,,,,0.5,1900.0,fanduel,exp/fallback,0.131,0.1181385734999141,11.8,0.05,136.27714699982835,136.3,0.1181385734999141,11.8,136.27714699982835,136.3,,,,,,,,,,,,,False,False,False,True,False,,,Active roster,2026-10-02T16:41:02+00:00,False,[],2025-2026,,2026-09-24-frozen-v2,2026-10-02T16:41:05.426327+00:00
2026-10-02,ANA@VGK,2026020021,9:00 PM,2026-10-03T02:00:00Z,Tristan Luneau,8483482,ANA,False,,2026-27,ANA,D,,Healthy,Unknown,,,3.0,0.0,,16.0,11.0,2026-10-02T16:40:41+00:00,VGK,Carter Hart,0.8909952606635071,2.706457253991861,54.1,Unconfirmed,dailyfaceoff_name_and_stats,22.2,5.0,22.2,5.0,,13.0,6.9,A1+A2,11.62,20.9,12.5,0.94,NONE,False,False,28.835637200147826,2.7964140233445587,85.3,85.3,9.0,2.25,True,,,,,50.0,,,,,,,,,,,,,,,,,,,,,,,,,,,,,,,,,,,,,,,,0.0860832137733142,0.0,,,0.0,2.110930465732193,1.998905475419135,50.0,14.8,34.8,4.9,3.01,3.01,,,,,COOL,COOL,COOL,0.0,,COOL,Red,Red,Red,Red,19.0,17.0,19.0,12.0,POINTS,19.0,,,,,,,C,Passenger,0.0,,38.3,,0.0,0.0,0.0,0.0,0.0,0.0,0.0,0.0,,,7.467388668875778,6.308402585410895,38.3,9.6,False,,,,,,False,False,0.0,,False,0.0,,False,0.0,,1.5,112.0,BetRivers,,,,,,,,,,1.5,112.0,BetRivers,0.5,205.0,BetRivers,,,,,,,,,,0.5,205.0,BetRivers,0.5,265.0,BetRivers,,,,,,,,,,0.5,265.0,BetRivers,0.5,1000.0,Hard Rock Bet,,,,,,,,,,0.5,1000.0,Hard Rock Bet,0.5,1000.0,Fanatics,,,,,,,,,,0.5,1000.0,Fanatics,The Odds API,"[""Bally Bet"", ""BetMGM"", ""BetRivers"", ""Bovada"", ""Caesars"", ""Courtside"", ""DraftKings"", ""FanDuel"", ""Fanatics"", ""fanatics""]",The Odds API,"[""Bally Bet"", ""BetMGM"", ""BetRivers"", ""Bovada"", ""Caesars"", ""Courtside"", ""DraftKings"", ""FanDuel"", ""Fanatics"", ""Fliff"", ""Hard Rock Bet"", ""theScore Bet""]",The Odds API,"[""Bally Bet"", ""BetRivers""]",The Odds API,"[""Bally Bet"", ""BetRivers""]",The Odds API,"[""Bally Bet"", ""BetRivers""]",,,,,,,,,,,,,,,,,,ALTLINE_NB_v1_2026-01-18,1.5,112.0,BetRivers,league_avg,2.3,0.6001759479749428,60.0,0.4716981132075472,27.237300970687876,27.2,0.6001759479749428,60.0,27.237300970687876,27.2,,,,,,,,,,,,,0.5,205.0,BetRivers,exp/fallback,0.301,0.248870510800388,24.9,0.3278688524590163,-24.094494205881656,-24.1,0.248870510800388,24.9,-24.094494205881656,-24.1,,,,,,,,,,,,,0.5,265.0,BetRivers,league_avg,0.35,0.2756903576278859,27.6,0.273972602739726,0.6269805341783785,0.6,0.2756903576278859,27.6,0.6269805341783785,0.6,,,,,,,,,,,,,0.5,1000.0,Hard Rock Bet,exp/fallback,0.3004,0.2469915508668765,24.7,0.0909090909090909,171.69070595356416,171.7,0.2469915508668765,24.7,171.69070595356416,171.7,,,,,,,,,,,,,0.5,1000.0,Fanatics,exp/fallback,0.30065,0.2401353026530833,24.0,0.0909090909090909,164.14883291839172,164.1,0.2401353026530833,24.0,164.14883291839172,164.1,,,,,,,,,,,,,True,False,True,True,False,,,Active roster,2026-10-02T16:41:02+00:00,False,[],2025-2026,,2026-09-24-frozen-v2,2026-10-02T16:41:05.426327+00:00
2026-10-02,ANA@VGK,2026020021,9:00 PM,2026-10-03T02:00:00Z,Tyson Hinds,8482731,ANA,False,,2026-27,ANA,D,,Healthy,Unknown,,,3.0,0.0,,16.0,11.0,2026-10-02T16:40:41+00:00,VGK,Carter Hart,0.8909952606635071,2.706457253991861,54.1,Unconfirmed,dailyfaceoff_name_and_stats,22.2,5.0,22.2,5.0,,12.7,6.9,A1+A2,15.62,53.9,18.9,0.94,NONE,False,False,28.835637200147826,2.7964140233445587,85.3,85.3,9.0,2.25,True,,,,,50.0,,,,,,,,,,,,,,,,,,,,,,,,,,,,,,,,,,,,,,,,0.0,0.0,,,0.0,2.110930465732193,1.998905475419135,50.0,14.8,27.5,4.9,0.49,0.49,,,,,COOL,COOL,COOL,0.0,,COOL,Red,Red,Red,Red,22.0,20.0,21.0,14.0,POINTS,22.0,,,,,,,C,Passenger,0.0,,38.3,,0.0,0.0,0.0,0.0,0.0,0.0,0.0,0.0,,,7.467388668875778,6.308402585410895,38.3,9.6,False,,,,,,False,False,0.0,,False,0.0,,False,0.0,,,,,,,,,,,,,,,,,0.5,280.0,BetRivers,,,,,,,,,,0.5,280.0,BetRivers,,,,,,,,,,,,,,,,0.5,2000.0,Fanatics,,,,,,,,,,0.5,2000.0,Fanatics,0.5,2000.0,Fanatics,,,,,,,,,,0.5,2000.0,Fanatics,The Odds API,"[""Bally Bet"", ""BetMGM"", ""BetRivers"", ""Bovada"", ""Caesars"", ""Courtside"", ""DraftKings"", ""FanDuel"", ""Fanatics"", ""fanatics""]",The Odds API,"[""Bally Bet"", ""BetMGM"", ""BetRivers"", ""Bovada"", ""Caesars"", ""Courtside"", ""DraftKings"", ""FanDuel"", ""Fanatics"", ""Fliff"", ""Hard Rock Bet"", ""theScore Bet""]",,,,,The Odds API,"[""Bally Bet"", ""BetRivers""]",,,,,,,,,,,,,,,,,,ALTLINE_NB_v1_2026-01-18,,,,league_avg,2.3,,,,,,,,,,,,,,,,,,,,,,0.5,280.0,BetRivers,exp/fallback,0.049,0.0474232216566161,4.7,0.2631578947368421,-81.97917577048585,-82.0,0.0474232216566161,4.7,-81.97917577048585,-82.0,,,,,,,,,,,,,,,,league_avg,0.35,,,,,,,,,,,,,,,,,,,,,,0.5,2000.0,Fanatics,exp/fallback,0.1996,0.1747197101147712,17.5,0.0476190476190476,266.91139124101966,266.9,0.1747197101147712,17.5,266.91139124101966,266.9,,,,,,,,,,,,,0.5,2000.0,Fanatics,exp/fallback,0.13685,0.1228715960535401,12.3,0.0476190476190476,158.0303517124343,158.0,0.1228715960535401,12.3,158.0303517124343,158.0,,,,,,,,,,,,,False,False,True,True,False,,,Active roster,2026-10-02T16:41:02+00:00,False,[],2025-2026,,2026-09-24-frozen-v2,2026-10-02T16:41:05.426327+00:00
2026-10-02,ANA@VGK,2026020021,9:00 PM,2026-10-03T02:00:00Z,Braeden Bowman,8483890,VGK,False,"{""season"":""2026-27"",""games"":[{""d"":""2026-09-29"",""g"":0,""a"":0,""s"":1,""pp"":0,""h"":""H"",""toi"":""10:58""}]}",2026-27,VGK,R,,Healthy,Unknown,,,0.0,0.0,,16.0,11.0,2026-10-02T16:40:41+00:00,ANA,Lukas Dostal,0.8883013879709187,3.1028784756930987,69.0,Unconfirmed,dailyfaceoff_name_and_stats,23.25,4.0,23.25,4.0,,72.9,68.0,A1+A2,14.13,40.5,64.7,1.06,NONE,False,False,26.819846846450982,2.5171828375350027,75.7,65.8,18.0,3.6,True,,,1.0,,50.0,0.0,0.0,1.0,0.0,0.0,0.0,0.0,0.0,0.0,0.0,1.0,1.0,LOW,0.0,-0.5,LOW,0.0,,LOW,0.0,,LOW,0.0,,LOW,0.0,,LOW,0.0,,LOW,0.1,,LOW,0.05,,LOW,0.025,,1.9388004895960835,0.7931456548347613,,,0.0,2.588181557715705,2.1525825592645345,50.0,48.5,69.4,48.5,6.09,2.56,,6.09,2.56,,HOT,HOT,COOL,3.53,3.53,HOT,Red,Yellow,Red,Red,66.0,56.0,60.0,63.0,POINTS,66.0,1.0,1.0,1.0,1.0,0.0,1.0,B,Shooter,8.9,,81.9,,1.0,1.258641975308642,67.96666666666667,1.258641975308642,0.0890684722070547,8.9,8.9,3.5620402157920545,2.4364884747425206,1.3241785188818047,8.262546073149986,7.911066699975018,81.9,68.7,False,,,,🅿️ D:1,,False,False,2.0,,False,0.0,,False,0.0,,,,,,,,,,,,,,,,,0.5,220.0,BetRivers,,,,,,,,,,0.5,220.0,BetRivers,,,,,,,,,,,,,,,,0.5,550.0,theScore Bet,,,,,,,,,,0.5,550.0,theScore Bet,0.5,500.0,Fanatics,,,,,,,,,,0.5,500.0,Fanatics,The Odds API,"[""Bally Bet"", ""BetMGM"", ""BetRivers"", ""Bovada"", ""Caesars"", ""Courtside"", ""DraftKings"", ""FanDuel"", ""Fanatics"", ""fanatics""]",The Odds API,"[""Bally Bet"", ""BetMGM"", ""BetRivers"", ""Bovada"", ""Caesars"", ""Courtside"", ""DraftKings"", ""FanDuel"", ""Fanatics"", ""Fliff"", ""Hard Rock Bet"", ""theScore Bet""]",,,,,The Odds API,"[""Bally Bet"", ""BetRivers""]",,,,,,,,,,,,,,,,,,ALTLINE_NB_v1_2026-01-18,,,,exp/fallback,0.1,,,,,,,,,,,,,,,,,,,,,,0.5,220.0,BetRivers,exp/fallback,0.609,0.4242363028504824,42.4,0.3125,35.75561691215437,35.8,0.4242363028504824,42.4,35.75561691215437,35.8,,,,,,,,,,,,,,,,exp/fallback,0.353,,,,,,,,,,,,,,,,,,,,,,0.5,550.0,theScore Bet,exp/fallback,0.2118,0.1839704593772992,18.4,0.1538461538461538,19.58079859524453,19.6,0.1839704593772992,18.4,19.58079859524453,19.6,,,,,,,,,,,,,0.5,500.0,Fanatics,exp/fallback,0.20355,0.1740041394599961,17.4,0.1666666666666666,4.402483675997693,4.4,0.1740041394599961,17.4,4.402483675997693,4.4,,,,,,,,,,,,,False,True,True,False,False,,,Active roster,2026-10-02T16:41:02+00:00,False,[],2025-2026,,2026-09-24-frozen-v2,2026-10-02T16:41:05.426327+00:00
2026-10-02,ANA@VGK,2026020021,9:00 PM,2026-10-03T02:00:00Z,Brayden McNabb,8475188,VGK,False,,2026-27,VGK,D,,Healthy,Unknown,,,0.0,0.0,,16.0,11.0,2026-10-02T16:40:41+00:00,ANA,Lukas Dostal,0.8883013879709187,3.1028784756930987,69.0,Unconfirmed,dailyfaceoff_name_and_stats,23.25,4.0,23.25,4.0,,46.9,40.6,A1+A2,20.52,87.6,52.8,1.01,NONE,False,False,26.819846846450982,2.5171828375350027,75.7,65.8,18.0,3.6,True,,,,,50.0,,,,,,,,,,,,,,,,,,,,,,,,,,,,,,,,,,,,,,,,0.5487052081269338,0.1646115624380801,,,0.0,2.588181557715705,2.1525825592645345,50.0,48.5,38.4,48.5,1.9,0.78,,,,,COOL,COOL,COOL,1.12,,COOL,Red,Red,Red,Red,48.0,46.0,47.0,43.0,POINTS,48.0,,,,,,,C,Passenger,0.4,,81.9,,0.0,0.0746031746031746,4.7,0.0746031746031746,0.0036350511743019,0.4,0.4,3.3191489361702127,3.3191489361702127,0.0,8.262546073149986,7.911066699975018,81.9,38.0,False,,,,,,False,False,1.0,,False,0.0,,False,0.0,,1.5,180.0,BetRivers,,,,,,,,,,1.5,180.0,BetRivers,0.5,275.0,BetRivers,,,,,,,,,,0.5,275.0,BetRivers,,,,,,,,,,,,,,,,0.5,1400.0,Fanatics,,,,,,,,,,0.5,1400.0,Fanatics,0.5,1400.0,Fanatics,,,,,,,,,,0.5,1400.0,Fanatics,The Odds API,"[""Bally Bet"", ""BetMGM"", ""BetRivers"", ""Bovada"", ""Caesars"", ""Courtside"", ""DraftKings"", ""FanDuel"", ""Fanatics"", ""fanatics""]",The Odds API,"[""Bally Bet"", ""BetMGM"", ""BetRivers"", ""Bovada"", ""Caesars"", ""Courtside"", ""DraftKings"", ""FanDuel"", ""Fanatics"", ""Fliff"", ""Hard Rock Bet"", ""theScore Bet""]",The Odds API,"[""Bally Bet"", ""BetRivers""]",,,The Odds API,"[""Bally Bet"", ""BetRivers""]",,,,,,,,,,,,,,,,,,ALTLINE_NB_v1_2026-01-18,1.5,180.0,BetRivers,league_avg,2.3,0.6001759479749428,60.0,0.3571428571428571,68.04926543298399,68.0,0.6001759479749428,60.0,68.04926543298399,68.0,,,,,,,,,,,,,0.5,275.0,BetRivers,exp/fallback,0.19,0.1680220252989993,16.8,0.2666666666666666,-36.991740512875246,-37.0,0.1680220252989993,16.8,-36.991740512875246,-37.0,,,,,,,,,,,,,,,,exp/fallback,0.112,,,,,,,,,,,,,,,,,,,,,,0.5,1400.0,Fanatics,exp/fallback,0.2112,0.1835189074877097,18.4,0.0666666666666666,175.27836123156456,175.3,0.1835189074877097,18.4,175.27836123156456,175.3,,,,,,,,,,,,,0.5,1400.0,Fanatics,exp/fallback,0.1557,0.1378408858045667,13.8,0.0666666666666666,106.76132870685016,106.8,0.1378408858045667,13.8,106.76132870685016,106.8,,,,,,,,,,,,,True,False,True,True,False,,,Active roster,2026-10-02T16:41:02+00:00,False,[],2025-2026,,2026-09-24-frozen-v2,2026-10-02T16:41:05.426327+00:00
2026-10-02,ANA@VGK,2026020021,9:00 PM,2026-10-03T02:00:00Z,Brett Howden,8479353,VGK,False,,2026-27,VGK,C,,Healthy,Unknown,,,0.0,0.0,,16.0,11.0,2026-10-02T16:40:41+00:00,ANA,Lukas Dostal,0.8883013879709187,3.1028784756930987,69.0,Unconfirmed,dailyfaceoff_name_and_stats,23.25,4.0,23.25,4.0,,63.2,49.3,A1+A2,14.89,47.7,55.2,1.02,NONE,False,False,26.819846846450982,2.5171828375350027,75.7,65.8,18.0,3.6,True,,,,,50.0,,,,,,,,,,,,,,,,,,,,,,,,,,,,,,,,,,,,,,,,1.4408645187112268,0.2401440864518711,,,0.0,2.588181557715705,2.1525825592645345,50.0,48.5,59.3,48.5,3.33,1.56,,,,,COOL,COOL,COOL,1.76,,COOL,Red,Red,Red,Red,51.0,52.0,54.0,48.0,GOAL,54.0,,,,,,,C,Passenger,4.3,,81.9,,0.0,0.6456896551724138,37.45,0.6456896551724138,0.0433541067741997,4.3,4.3,4.013351134846461,0.6088117489986649,4.005340453938584,8.262546073149986,7.911066699975018,81.9,73.7,False,,,,,,False,False,1.0,,False,0.0,,False,0.0,,1.5,-106.0,BetRivers,,,,,,,,,,1.5,-106.0,BetRivers,0.5,138.0,BetRivers,1.5,700.0,BetRivers,,,,,,,0.5,138.0,BetRivers,,,,,,,,,,,,,,,,0.5,310.0,BetRivers,,,,,,,,,,0.5,310.0,BetRivers,0.5,310.0,BetRivers,,,,,,,,,,0.5,310.0,BetRivers,The Odds API,"[""Bally Bet"", ""BetMGM"", ""BetRivers"", ""Bovada"", ""Caesars"", ""Courtside"", ""DraftKings"", ""FanDuel"", ""Fanatics"", ""betrivers""]",The Odds API,"[""Bally Bet"", ""BetMGM"", ""BetRivers"", ""Bovada"", ""Caesars"", ""Courtside"", ""DraftKings"", ""FanDuel"", ""Fanatics"", ""Fliff"", ""Hard Rock Bet"", ""theScore Bet""]",The Odds API,"[""Bally Bet"", ""BetRivers""]",,,The Odds API,"[""Bally Bet"", ""BetRivers""]",,,,,,,,,,,,,,,,,,ALTLINE_NB_v1_2026-01-18,1.5,-106.0,BetRivers,league_avg,2.3,0.6001759479749428,60.0,0.5145631067961165,16.63796724796058,16.6,0.6001759479749428,60.0,16.63796724796058,16.6,,,,,,,,,,,,,0.5,138.0,BetRivers,exp/fallback,0.333,0.2701977268901364,27.0,0.4201680672268907,-35.692941000147535,-35.7,0.2701977268901364,27.0,-35.692941000147535,-35.7,0.0525414132941626,5.3,-57.966869364669904,-58.0,,,,,,,,,,,,exp/fallback,0.176,,,,,,,,,,,,,,,,,,,,,,0.5,310.0,BetRivers,exp/fallback,0.2424,0.206543684822717,20.7,0.2439024390243902,-15.31708922268602,-15.3,0.206543684822717,20.7,-15.31708922268602,-15.3,,,,,,,,,,,,,0.5,310.0,BetRivers,exp/fallback,0.2064,0.1760788491353877,17.6,0.2439024390243902,-27.807671854491023,-27.8,0.1760788491353877,17.6,-27.807671854491023,-27.8,,,,,,,,,,,,,True,False,False,False,False,,,Active roster,2026-10-02T16:41:02+00:00,False,[],2025-2026,,2026-09-24-frozen-v2,2026-10-02T16:41:05.426327+00:00
2026-10-02,ANA@VGK,2026020021,9:00 PM,2026-10-03T02:00:00Z,Dylan Coghlan,8479639,VGK,False,,2026-27,VGK,D,,Healthy,Unknown,,,0.0,0.0,,16.0,11.0,2026-10-02T16:40:41+00:00,ANA,Lukas Dostal,0.8883013879709187,3.1028784756930987,69.0,Unconfirmed,dailyfaceoff_name_and_stats,23.25,4.0,23.25,4.0,,6.5,6.9,A1+A2,15.06,49.3,15.2,0.94,NONE,False,False,26.819846846450982,2.5171828375350027,75.7,65.8,18.0,3.6,True,,,,,50.0,,,,,,,,,,,,,,,,,,,,,,,,,,,,,,,,,,,,,,,,0.0,0.0,,,0.0,2.588181557715705,2.1525825592645345,50.0,48.5,27.5,48.5,0.31,0.31,,,,,COOL,COOL,COOL,0.0,,COOL,Red,Red,Red,Red,26.0,21.0,22.0,18.0,POINTS,26.0,,,,,,,C,Passenger,0.8,,81.9,,0.0,0.1166666666666666,0.35,0.1166666666666666,0.0077490774907749,0.8,0.8,0.0,0.0,0.0,8.262546073149986,7.911066699975018,81.9,41.9,False,,,,,,False,False,1.0,,False,0.0,,False,0.0,,,,,,,,,,,,,,,,,,,,,,,,,,,,,,,,,,,,,,,,,,,,,,,,,,,,,,,,,,,,,,,,,,,,,,,,,,,,,,,,,,,,,,,,,,,,,,,,,,,,,,,,ALTLINE_NB_v1_2026-01-18,,,,league_avg,2.3,,,,,,,,,,,,,,,,,,,,,,,,,exp/fallback,0.031,,,,,,,,,,,,,,,,,,,,,,,,,league_avg,0.35,,,,,,,,,,,,,,,,,,,,,,,,,exp/fallback,0.1924,,,,,,,,,,,,,,,,,,,,,,,,,exp/fallback,0.1251499999999999,,,,,,,,,,,,,,,,,,,,,,False,False,False,False,False,,,Active roster,2026-10-02T16:41:02+00:00,False,[],2025-2026,,2026-09-24-frozen-v2,2026-10-02T16:41:05.426327+00:00
2026-10-02,ANA@VGK,2026020021,9:00 PM,2026-10-03T02:00:00Z,Ivan Barbashev,8477964,VGK,False,"{""season"":""2026-27"",""games"":[{""d"":""2026-09-29"",""g"":0,""a"":2,""s"":1,""pp"":0,""h"":""H"",""toi"":""14:27""}]}",2026-27,VGK,L,,Healthy,Unknown,,,0.0,0.0,,16.0,11.0,2026-10-02T16:40:41+00:00,ANA,Lukas Dostal,0.8883013879709187,3.1028784756930987,69.0,Unconfirmed,dailyfaceoff_name_and_stats,23.25,4.0,23.25,4.0,,85.5,92.1,A1+A2,16.24,62.1,83.1,1.13,NONE,False,False,26.819846846450982,2.5171828375350027,75.7,65.8,18.0,3.6,True,,,1.0,,50.0,2.0,0.0,1.0,0.0,2.0,2.0,2.0,2.0,2.0,2.0,1.0,1.0,LOW,0.2,-0.3,LOW,0.1,,LOW,0.05,,LOW,0.2,,LOW,0.1,,LOW,0.05,,LOW,0.1,,LOW,0.05,,LOW,0.025,,2.6406226653445444,0.9780083945720536,,,2.0,2.588181557715705,2.1525825592645345,50.0,48.5,74.3,48.5,8.69,2.9,,5.9,2.64,,HOT,HOT,COOL,5.78,3.25,HOT,Green,Yellow,Yellow,Green,81.0,65.0,68.0,78.0,POINTS,81.0,0.0,0.0,1.0,1.0,0.0,1.0,B,Distributor,5.2,,81.9,,1.0,0.8400406504065041,68.88333333333334,0.8400406504065041,0.0517206857714929,5.2,5.2,4.553351076699734,1.7769174933462375,3.266392451004113,8.262546073149986,7.911066699975018,81.9,72.6,False,,,,🅿️ D:0,,False,False,2.0,,False,0.0,,False,0.0,,1.5,-105.0,theScore Bet,2.5,290.0,Fanatics,3.5,750.0,Fanatics,4.5,2000.0,DraftKings,1.5,-105.0,theScore Bet,0.5,-118.0,BetRivers,1.5,410.0,BetRivers,2.5,1500.0,Fanatics,3.5,1350.0,BetOnline.ag,0.5,-118.0,BetRivers,0.5,180.0,Bovada,1.5,1000.0,DraftKings,2.5,4000.0,Fanatics,,,,0.5,180.0,Bovada,0.5,250.0,FanDuel,,,,,,,,,,0.5,250.0,FanDuel,0.5,250.0,FanDuel,,,,,,,,,,0.5,250.0,FanDuel,The Odds API,"[""Bally Bet"", ""BetMGM"", ""BetRivers"", ""Bovada"", ""Caesars"", ""Courtside"", ""DraftKings"", ""FanDuel"", ""Fanatics"", ""fanduel""]",The Odds API,"[""Bally Bet"", ""BetMGM"", ""BetRivers"", ""Bovada"", ""Caesars"", ""Courtside"", ""DraftKings"", ""FanDuel"", ""Fanatics"", ""Fliff"", ""Hard Rock Bet"", ""theScore Bet""]",The Odds API,"[""Bally Bet"", ""BetOnline.ag"", ""BetRivers"", ""Bovada"", ""Courtside"", ""DraftKings"", ""Fanatics"", ""Fliff"", ""Hard Rock Bet"", ""ReBet"", ""theScore Bet""]",The Odds API,"[""Bally Bet"", ""BetOnline.ag"", ""BetRivers"", ""Bovada"", ""Courtside"", ""DraftKings"", ""FanDuel"", ""Fanatics"", ""Fliff"", ""Hard Rock Bet"", ""ReBet"", ""draftkings"", ""theScore Bet""]",The Odds API,"[""Bally Bet"", ""BetOnline.ag"", ""BetRivers"", ""Bovada"", ""Caesars"", ""Courtside"", ""DraftKings"", ""FanDuel"", ""Fanatics"", ""Fliff"", ""Hard Rock Bet"", ""ReBet"", ""draftkings"", ""theScore Bet""]",0.5,850.0,Hard Rock Bet,,,,,,,,,,0.5,850.0,Hard Rock Bet,The Odds API,"[""Bovada"", ""Hard Rock Bet"", ""theScore Bet""]",ALTLINE_NB_v1_2026-01-18,1.5,-105.0,theScore Bet,exp/fallback,0.1,0.0056639264392934,0.6,0.5121951219512195,-98.89418579042363,-98.9,0.0056639264392934,0.6,-98.89418579042363,-98.9,0.0002745710270403,0.0,-99.89291729945428,-99.9,1.167564107673602e-05,0.0,-99.99007570508478,-100.0,1.0000000000287557e-06,0.0,-99.99789999999994,-100.0,0.5,-118.0,BetRivers,exp/fallback,0.869,0.5317338910981365,53.2,0.5412844036697247,-1.7644167293273227,-1.8,0.5317338910981365,53.2,-1.7644167293273227,-1.8,0.2197120771689724,22.0,12.053159356175946,12.1,0.079372242406484,7.9,26.995587850374392,27.0,0.0263813957772302,2.6,-61.7469761230162,-61.7,0.5,180.0,Bovada,exp/fallback,0.5780000000000001,0.3981418230645293,39.8,0.3571428571428571,11.479710458068205,11.5,0.3981418230645293,39.8,11.479710458068205,11.5,0.1282628267350475,12.8,41.08910940855227,41.1,0.0375005731207493,3.8,53.7523497950725,53.8,,,,,0.5,250.0,FanDuel,exp/fallback,0.2219999999999999,0.191593643877569,19.2,0.2857142857142857,-32.94222464285083,-32.9,0.191593643877569,19.2,-32.94222464285083,-32.9,,,,,,,,,,,,,0.5,250.0,FanDuel,exp/fallback,0.220125,0.1859508751379174,18.6,0.2857142857142857,-34.917193701728905,-34.9,0.1859508751379174,18.6,-34.917193701728905,-34.9,,,,,,,,,,,,,False,False,False,False,True,,,Active roster,2026-10-02T16:41:02+00:00,False,"[{""market"":""Points"",""name"":""Hammer Fists"",""kind"":""FLOOR"",""rule"":""Conf_Points >= 80"",""icon"":""PTS05_HAMMER_FISTS.svg"",""kit_version"":""2026-09-24-frozen-v2""},{""market"":""Assists"",""name"":""Staff (Green Stance)"",""kind"":""STANCE"",""rule"":""Green + Assists 0.5"",""icon"":""staff.svg"",""kit_version"":""2026-09-24-frozen-v2""}]",2025-2026,,2026-09-24-frozen-v2,2026-10-02T16:41:05.426327+00:00
2026-10-02,ANA@VGK,2026020021,9:00 PM,2026-10-03T02:00:00Z,Jack Eichel,8478403,VGK,False,"{""season"":""2026-27"",""games"":[{""d"":""2026-09-29"",""g"":1,""a"":2,""s"":2,""pp"":1,""h"":""H"",""toi"":""18:00""}]}",2026-27,VGK,C,👑 ELITE,Healthy,Unknown,,,0.0,0.0,,16.0,11.0,2026-10-02T16:40:41+00:00,ANA,Lukas Dostal,0.8883013879709187,3.1028784756930987,69.0,Unconfirmed,dailyfaceoff_name_and_stats,23.25,4.0,23.25,4.0,,93.5,98.9,A1+A2,21.2,90.5,94.8,1.25,ELITE,True,False,26.819846846450982,2.5171828375350027,75.7,65.8,18.0,3.6,True,,,2.0,,50.0,3.0,1.0,2.0,1.0,2.0,2.0,3.0,3.0,2.0,2.0,2.0,2.0,LOW,0.3,-1.2,LOW,0.15,,LOW,0.075,,LOW,0.2,,LOW,0.1,,LOW,0.05,,LOW,0.2,,LOW,0.1,,LOW,0.05,,2.506221116246001,0.8531816565943833,,,2.0,2.588181557715705,2.1525825592645345,50.0,48.5,73.7,48.5,20.13,4.7,,11.91,3.27,,HOT,HOT,COOL,14.36,8.64,HOT,Green,Green,Green,Green,87.0,73.0,76.0,85.0,POINTS,87.0,0.0,0.0,0.0,1.0,1.0,0.0,A,Distributor,16.3,,81.9,,2.0,3.4486486486486485,255.2,3.4486486486486485,0.1626651935579824,16.3,16.3,4.759208463949844,0.7123824451410659,4.760971786833856,8.262546073149986,7.911066699975018,81.9,92.4,False,,,,🅿️ D:0,,False,False,3.0,,False,0.0,,False,0.0,,1.5,-500.0,DraftKings,2.5,-175.0,DraftKings,3.5,135.0,theScore Bet,4.5,295.0,DraftKings,3.5,135.0,theScore Bet,0.5,-275.0,DraftKings,1.5,172.0,FanDuel,2.5,550.0,Fanatics,3.5,1700.0,Fanatics,1.5,172.0,FanDuel,0.5,-135.0,DraftKings,1.5,370.0,DraftKings,2.5,1500.0,Fanatics,,,,0.5,-135.0,DraftKings,0.5,160.0,FanDuel,,,,,,,,,,0.5,160.0,FanDuel,0.5,160.0,FanDuel,,,,,,,,,,0.5,160.0,FanDuel,The Odds API,"[""Bally Bet"", ""BetMGM"", ""BetRivers"", ""Bovada"", ""Caesars"", ""Courtside"", ""DraftKings"", ""FanDuel"", ""Fanatics"", ""betmgm""]",The Odds API,"[""Bally Bet"", ""BetMGM"", ""BetRivers"", ""Bovada"", ""Caesars"", ""Courtside"", ""DraftKings"", ""FanDuel"", ""Fanatics"", ""Fliff"", ""Hard Rock Bet"", ""fanduel"", ""theScore Bet""]",The Odds API,"[""Bally Bet"", ""BetOnline.ag"", ""BetRivers"", ""Bovada"", ""Courtside"", ""DraftKings"", ""FanDuel"", ""Fanatics"", ""Fliff"", ""Hard Rock Bet"", ""ReBet"", ""draftkings"", ""fanduel"", ""theScore Bet""]",The Odds API,"[""Bally Bet"", ""BetOnline.ag"", ""BetRivers"", ""Bovada"", ""Courtside"", ""DraftKings"", ""FanDuel"", ""Fanatics"", ""Fliff"", ""Hard Rock Bet"", ""ReBet"", ""draftkings"", ""theScore Bet""]",The Odds API,"[""Bally Bet"", ""BetOnline.ag"", ""BetRivers"", ""Bovada"", ""Caesars"", ""Courtside"", ""DraftKings"", ""FanDuel"", ""Fanatics"", ""Fliff"", ""Hard Rock Bet"", ""ReBet"", ""draftkings"", ""theScore Bet""]",0.5,118.0,BetRivers,1.5,575.0,BetRivers,,,,,,,0.5,118.0,BetRivers,The Odds API,"[""Bally Bet"", ""BetRivers"", ""Bovada"", ""FanDuel"", ""Fliff"", ""Hard Rock Bet"", ""theScore Bet""]",ALTLINE_NB_v1_2026-01-18,3.5,135.0,theScore Bet,exp/fallback,0.2,0.0001602036731851,0.0,0.425531914893617,-99.96235213680148,-100.0,0.0205922919144261,2.1,-97.52892497026886,-97.5,0.0019369069985104,0.2,-99.69562890023408,-99.7,0.0001602036731851,0.0,-99.96235213680148,-100.0,1.2145062741386605e-05,0.0,-99.99520270021716,-100.0,1.5,172.0,FanDuel,exp/fallback,2.013,0.5247688006654582,52.5,0.3676470588235294,42.73711378100462,42.7,0.7820996783296275,78.2,6.649956135858293,6.6,0.5247688006654582,52.5,42.73711378100462,42.7,0.3196385532112141,32.0,107.76505958728922,107.8,0.182363569625484,18.2,228.25442532587127,228.3,0.5,-135.0,DraftKings,exp/fallback,1.436,0.6611919808207556,66.1,0.574468085106383,15.096381846575968,15.1,0.6611919808207556,66.1,15.096381846575968,15.1,0.3779973850457877,37.8,77.65877097152024,77.7,0.2004650336781274,20.0,220.74405388500384,220.7,,,,,0.5,160.0,FanDuel,exp/fallback,0.276,0.2303356566689139,23.0,0.3846153846153846,-40.11272926608236,-40.1,0.2303356566689139,23.0,-40.11272926608236,-40.1,,,,,,,,,,,,,0.5,160.0,FanDuel,exp/fallback,0.307875,0.2447050462591741,24.5,0.3846153846153846,-36.37668797261473,-36.4,0.2447050462591741,24.5,-36.37668797261473,-36.4,,,,,,,,,,,,,False,True,False,False,True,,,Active roster,2026-10-02T16:41:02+00:00,False,"[{""market"":""Points"",""name"":""DPS Tank stance"",""kind"":""STANCE"",""rule"":""Conf_Points >= 75"",""icon"":""PTS15_TWO_HANDED_HAMMER.svg"",""kit_version"":""2026-09-24-frozen-v2""},{""market"":""Points"",""name"":""Blade Impale"",""kind"":""SPECIAL"",""rule"":""Conf_Points >= 83 + Goal_ProofCount >= 3"",""icon"":""PTS15_BLADE_IMPALE.svg"",""kit_version"":""2026-09-24-frozen-v2""},{""market"":""Assists"",""name"":""Staff (Green Stance)"",""kind"":""STANCE"",""rule"":""Green + Assists 0.5"",""icon"":""staff.svg"",""kit_version"":""2026-09-24-frozen-v2""},{""market"":""Assists"",""name"":""Staff Awakened"",""kind"":""STANCE"",""rule"":""Green + Assists 0.5 + Conf_Assists ≥ 83"",""icon"":""staff.svg"",""kit_version"":""2026-09-24-frozen-v2""},{""market"":""Assists"",""name"":""Runic Infusion"",""kind"":""VOLUME"",""rule"":""Green + Assists 0.5 + Conf_Assists ≥ 83 + PP_iXA60 ≥ 4.4"",""icon"":""runic_infusion.svg"",""kit_version"":""2026-09-24-frozen-v2""},{""market"":""Assists"",""name"":""Assist Dagger"",""kind"":""VOLUME"",""rule"":""Green + Assists 0.5 + Conf_Assists ≥ 83 + Assist_Dagger ≥ 86"",""icon"":""magic-dagger.svg"",""kit_version"":""2026-09-24-frozen-v2""},{""market"":""Goal"",""name"":""Weakened Armor"",""kind"":""WEAK DEFENSE"",""rule"":""Opp_PK_xGA60 >= 7.3"",""icon"":""shattered_armor.svg"",""kit_version"":""2026-09-24-frozen-v2""},{""market"":""Goal"",""name"":""Fallen Guardian"",""kind"":""WEAK DEFENSE"",""rule"":""Opp_GAA >= 3.01"",""icon"":""fenrir_claw.svg"",""kit_version"":""2026-09-24-frozen-v2""}]",2025-2026,,2026-09-24-frozen-v2,2026-10-02T16:41:05.426327+00:00
2026-10-02,ANA@VGK,2026020021,9:00 PM,2026-10-03T02:00:00Z,Jeremy Lauzon,8478468,VGK,False,,2026-27,VGK,D,,Healthy,Unknown,,,0.0,0.0,,16.0,11.0,2026-10-02T16:40:41+00:00,ANA,Lukas Dostal,0.8883013879709187,3.1028784756930987,69.0,Unconfirmed,dailyfaceoff_name_and_stats,23.25,4.0,23.25,4.0,,41.3,54.3,A1+A2,17.18,70.3,51.6,1.01,NONE,False,False,26.819846846450982,2.5171828375350027,75.7,65.8,18.0,3.6,True,,,,,50.0,,,,,,,,,,,,,,,,,,,,,,,,,,,,,,,,,,,,,,,,0.6453820955361071,0.1760132987825746,,,0.0,2.588181557715705,2.1525825592645345,50.0,48.5,39.4,48.5,2.36,0.58,,,,,COOL,COOL,COOL,1.78,,COOL,Red,Red,Red,Red,54.0,42.0,43.0,47.0,POINTS,54.0,,,,,,,C,Passenger,0.1,,81.9,,0.0,0.021078431372549,1.4333333333333331,0.021078431372549,0.0012268538332049,0.1,0.1,0.0,0.0,0.0,8.262546073149986,7.911066699975018,81.9,31.3,False,,,,,,False,False,1.0,,False,0.0,,False,0.0,,,,,,,,,,,,,,,,,,,,,,,,,,,,,,,,,,,,,,,,,,,,,,,0.5,2200.0,Fanatics,,,,,,,,,,0.5,2200.0,Fanatics,0.5,2200.0,Fanatics,,,,,,,,,,0.5,2200.0,Fanatics,The Odds API,"[""Bally Bet"", ""BetMGM"", ""BetRivers"", ""Bovada"", ""Caesars"", ""Courtside"", ""DraftKings"", ""FanDuel"", ""Fanatics"", ""fanatics""]",The Odds API,"[""Bally Bet"", ""BetMGM"", ""BetRivers"", ""Bovada"", ""Caesars"", ""Courtside"", ""DraftKings"", ""FanDuel"", ""Fanatics"", ""Fliff"", ""Hard Rock Bet"", ""theScore Bet""]",,,,,,,,,,,,,,,,,,,,,,,,ALTLINE_NB_v1_2026-01-18,,,,league_avg,2.3,,,,,,,,,,,,,,,,,,,,,,,,,exp/fallback,0.236,,,,,,,,,,,,,,,,,,,,,,,,,exp/fallback,0.178,,,,,,,,,,,,,,,,,,,,,,0.5,2200.0,Fanatics,exp/fallback,0.2032,0.1774646440914861,17.7,0.0434782608695652,308.16868141041806,308.2,0.1774646440914861,17.7,308.16868141041806,308.2,,,,,,,,,,,,,0.5,2200.0,Fanatics,exp/fallback,0.1427,0.127562850185407,12.8,0.0434782608695652,193.3945554264361,193.4,0.127562850185407,12.8,193.3945554264361,193.4,,,,,,,,,,,,,False,False,True,True,False,,,Active roster,2026-10-02T16:41:02+00:00,False,[],2025-2026,,2026-09-24-frozen-v2,2026-10-02T16:41:05.426327+00:00
2026-10-02,ANA@VGK,2026020021,9:00 PM,2026-10-03T02:00:00Z,Marc Gatcomb,8483553,NYI,True,,2026-27,VGK,C,,Healthy,Unknown,,,0.0,0.0,,16.0,11.0,2026-10-02T16:40:41+00:00,ANA,Lukas Dostal,0.8883013879709187,3.1028784756930987,69.0,Unconfirmed,dailyfaceoff_name_and_stats,23.25,4.0,23.25,4.0,,52.0,31.9,A1+A2,10.09,10.1,36.6,0.95,NONE,False,False,26.819846846450982,2.5171828375350027,75.7,65.8,18.0,3.6,True,,,,,50.0,,,,,,,,,,,,,,,,,,,,,,,,,,,,,,,,,,,,,,,,0.8577847368779359,0.1225406766968479,,,0.0,2.588181557715705,2.1525825592645345,50.0,48.5,44.6,48.5,1.92,1.15,,,,,COOL,COOL,COOL,0.77,,COOL,Red,Red,Red,Red,37.0,43.0,49.0,33.0,GOAL,49.0,,,,,,,,Passenger,0.2,,81.9,,,0.0248299319727891,1.2166666666666666,0.0248299319727891,0.002461559212301,0.2,0.2,34.02739726027397,34.02739726027397,0.0,8.262546073149986,7.911066699975018,81.9,33.6,False,,,,,,False,False,1.0,,False,0.0,,False,0.0,,,,,,,,,,,,,,,,,,,,,,,,,,,,,,,,,,,,,,,,,,,,,,,0.5,850.0,DraftKings,,,,,,,,,,0.5,850.0,DraftKings,0.5,850.0,DraftKings,,,,,,,,,,0.5,850.0,DraftKings,The Odds API,"[""Bally Bet"", ""BetMGM"", ""BetRivers"", ""Bovada"", ""Caesars"", ""Courtside"", ""DraftKings"", ""FanDuel"", ""Fanatics"", ""fanatics""]",The Odds API,"[""Bally Bet"", ""BetMGM"", ""BetRivers"", ""Bovada"", ""Caesars"", ""Courtside"", ""DraftKings"", ""FanDuel"", ""Fanatics"", ""Fliff"", ""Hard Rock Bet"", ""theScore Bet""]",,,,,,,,,,,,,,,,,,,,,,,,ALTLINE_NB_v1_2026-01-18,,,,league_avg,2.3,,,,,,,,,,,,,,,,,,,,,,,,,exp/fallback,0.192,,,,,,,,,,,,,,,,,,,,,,,,,exp/fallback,0.077,,,,,,,,,,,,,,,,,,,,,,0.5,850.0,DraftKings,exp/fallback,0.2259999999999999,0.1945559216162683,19.5,0.1052631578947368,84.82812553545493,84.8,0.1945559216162683,19.5,84.82812553545493,84.8,,,,,,,,,,,,,0.5,850.0,DraftKings,exp/fallback,0.17975,0.1563365209908994,15.6,0.1052631578947368,48.51969494135447,48.5,0.1563365209908994,15.6,48.51969494135447,48.5,,,,,,,,,,,,,False,False,True,True,False,,,Active roster,2026-10-02T16:41:02+00:00,False,[],2025-2026,,2026-09-24-frozen-v2,2026-10-02T16:41:05.426327+00:00
2026-10-02,ANA@VGK,2026020021,9:00 PM,2026-10-03T02:00:00Z,Mark Stone,8475913,VGK,False,"{""season"":""2026-27"",""games"":[{""d"":""2026-09-29"",""g"":1,""a"":0,""s"":1,""pp"":0,""h"":""H"",""toi"":""17:11""}]}",2026-27,VGK,R,⭐ STAR,Healthy,Unknown,,,0.0,0.0,,16.0,11.0,2026-10-02T16:40:41+00:00,ANA,Lukas Dostal,0.8883013879709187,3.1028784756930987,69.0,Unconfirmed,dailyfaceoff_name_and_stats,23.25,4.0,23.25,4.0,,91.2,95.7,A1+A2,19.22,81.0,90.7,1.2,STAR,False,True,26.819846846450982,2.5171828375350027,75.7,65.8,18.0,3.6,True,,,1.0,,50.0,1.0,1.0,1.0,1.0,0.0,0.0,1.0,1.0,0.0,0.0,1.0,1.0,LOW,0.1,-0.4,LOW,0.05,,LOW,0.025,,LOW,0.0,,LOW,0.0,,LOW,0.0,,LOW,0.1,,LOW,0.05,,LOW,0.025,,2.3951130017539968,0.8709501824559989,,,0.0,2.588181557715705,2.1525825592645345,50.0,48.5,73.2,48.5,18.36,5.07,,12.6,3.61,,HOT,HOT,COOL,12.12,8.98,HOT,Green,Yellow,Yellow,Green,85.0,69.0,74.0,83.0,POINTS,85.0,0.0,1.0,0.0,1.0,0.0,1.0,A,Distributor,17.1,,81.9,,2.0,3.288611111111111,197.31666666666663,3.288611111111111,0.1711481192355509,17.1,17.1,6.823549286257285,2.688064870343779,4.865275783427655,8.262546073149986,7.911066699975018,81.9,93.9,False,,,,🅿️ D:0,,False,False,2.0,,False,0.0,,False,0.0,,1.5,-178.0,FanDuel,2.5,175.0,FanDuel,3.5,460.0,FanDuel,4.5,1050.0,BetOnline.ag,1.5,-178.0,FanDuel,0.5,-190.0,theScore Bet,1.5,240.0,FanDuel,2.5,800.0,DraftKings,3.5,2500.0,Fanatics,0.5,-190.0,theScore Bet,0.5,125.0,BetOnline.ag,1.5,600.0,DraftKings,2.5,2200.0,Fanatics,,,,0.5,125.0,BetOnline.ag,0.5,185.0,Hard Rock Bet,,,,,,,,,,0.5,185.0,Hard Rock Bet,0.5,170.0,BetRivers,,,,,,,,,,0.5,170.0,BetRivers,The Odds API,"[""Bally Bet"", ""BetMGM"", ""BetRivers"", ""Bovada"", ""Caesars"", ""Courtside"", ""DraftKings"", ""FanDuel"", ""Fanatics"", ""betrivers""]",The Odds API,"[""Bally Bet"", ""BetMGM"", ""BetRivers"", ""Bovada"", ""Caesars"", ""Courtside"", ""DraftKings"", ""FanDuel"", ""Fanatics"", ""Fliff"", ""Hard Rock Bet"", ""fanduel"", ""theScore Bet""]",The Odds API,"[""Bally Bet"", ""BetOnline.ag"", ""BetRivers"", ""Bovada"", ""Courtside"", ""DraftKings"", ""FanDuel"", ""Fanatics"", ""Fliff"", ""Hard Rock Bet"", ""ReBet"", ""theScore Bet""]",The Odds API,"[""Bally Bet"", ""BetOnline.ag"", ""BetRivers"", ""Bovada"", ""Courtside"", ""DraftKings"", ""FanDuel"", ""Fanatics"", ""Fliff"", ""Hard Rock Bet"", ""ReBet"", ""draftkings"", ""theScore Bet""]",The Odds API,"[""Bally Bet"", ""BetOnline.ag"", ""BetRivers"", ""Bovada"", ""Caesars"", ""Courtside"", ""DraftKings"", ""FanDuel"", ""Fanatics"", ""Fliff"", ""Hard Rock Bet"", ""ReBet"", ""draftkings"", ""theScore Bet""]",0.5,180.0,BetRivers,1.5,650.0,Bovada,,,,,,,0.5,180.0,BetRivers,The Odds API,"[""Bally Bet"", ""BetRivers"", ""Bovada"", ""FanDuel"", ""Fliff"", ""Hard Rock Bet"", ""theScore Bet""]",ALTLINE_NB_v1_2026-01-18,1.5,-178.0,FanDuel,exp/fallback,0.1,0.0056639264392934,0.6,0.6402877697841727,-99.1154092415036,-99.1,0.0056639264392934,0.6,-99.1154092415036,-99.1,0.0002745710270403,0.0,-99.92449296756392,-99.9,1.167564107673602e-05,0.0,-99.99346164099704,-100.0,1.0000000000287557e-06,0.0,-99.99884999999998,-100.0,0.5,-190.0,theScore Bet,exp/fallback,1.836,0.7577884748615187,75.8,0.6551724137931034,15.662451426231794,15.7,0.7577884748615187,75.8,15.662451426231794,15.7,0.487058924055326,48.7,65.60003417881084,65.6,0.2828003508700621,28.3,154.52031578305596,154.5,0.1534258107860803,15.3,298.9071080438088,298.9,0.5,125.0,BetOnline.ag,exp/fallback,1.212,0.6122882900207658,61.2,0.4444444444444444,37.76486525467231,37.8,0.6122882900207658,61.2,37.76486525467231,37.8,0.3196938986790274,32.0,123.7857290753192,123.8,0.1540847444264494,15.4,254.3949121808338,254.4,,,,,0.5,185.0,Hard Rock Bet,exp/fallback,0.2871,0.2379760109846723,23.8,0.3508771929824561,-32.17683686936837,-32.2,0.2379760109846723,23.8,-32.17683686936837,-32.2,,,,,,,,,,,,,0.5,170.0,BetRivers,exp/fallback,0.3259125,0.2559177957685771,25.6,0.3703703703703703,-30.902195142484185,-30.9,0.2559177957685771,25.6,-30.902195142484185,-30.9,,,,,,,,,,,,,False,True,False,False,True,,,Active roster,2026-10-02T16:41:02+00:00,False,"[{""market"":""Points"",""name"":""Hammer Fists"",""kind"":""FLOOR"",""rule"":""Conf_Points >= 80"",""icon"":""PTS05_HAMMER_FISTS.svg"",""kit_version"":""2026-09-24-frozen-v2""},{""market"":""Points"",""name"":""Echo Stomp II"",""kind"":""TIER"",""rule"":""Conf_Points >= 80 + TOI_per_game >= 19.18"",""icon"":""PTS05_HAMMER_STOMP.svg"",""kit_version"":""2026-09-24-frozen-v2""},{""market"":""Points"",""name"":""Gaia’s Blessing"",""kind"":""TIER"",""rule"":""Conf_Points >= 80 + Assists_mu >= 0.746"",""icon"":""PTS05_GAIAS_BLESSING.svg"",""kit_version"":""2026-09-24-frozen-v2""},{""market"":""Points"",""name"":""Gaia’s Blessing+ (Press)"",""kind"":""HEAVY"",""rule"":""Conf_Points >= 81 + Assists_mu >= 0.746"",""icon"":""PTS05_GAIAS_BLESSING.svg"",""kit_version"":""2026-09-24-frozen-v2""},{""market"":""Points"",""name"":""Gaia’s Blessing++ (Smash)"",""kind"":""HEAVY"",""rule"":""Conf_Points >= 83 + Assists_mu >= 0.746"",""icon"":""PTS05_GAIAS_BLESSING.svg"",""kit_version"":""2026-09-24-frozen-v2""},{""market"":""Points"",""name"":""Blood Stomp"",""kind"":""CRIT"",""rule"":""Conf_Points >= 83 + TOI_per_game >= 19.18 + Opp_PK_xGA60 >= 7.784"",""icon"":""PTS05_BLEED_ENV.svg"",""kit_version"":""2026-09-24-frozen-v2""},{""market"":""Assists"",""name"":""Staff (Green Stance)"",""kind"":""STANCE"",""rule"":""Green + Assists 0.5"",""icon"":""staff.svg"",""kit_version"":""2026-09-24-frozen-v2""},{""market"":""Assists"",""name"":""Staff Awakened"",""kind"":""STANCE"",""rule"":""Green + Assists 0.5 + Conf_Assists ≥ 83"",""icon"":""staff.svg"",""kit_version"":""2026-09-24-frozen-v2""},{""market"":""Assists"",""name"":""Arcane Channel I"",""kind"":""VOLUME"",""rule"":""Green + Assists 0.5 + Conf_Assists ≥ 83 + PP_Points60 ≥ 5.3"",""icon"":""arcane_channel_i.svg"",""kit_version"":""2026-09-24-frozen-v2""},{""market"":""Assists"",""name"":""Runic Infusion"",""kind"":""VOLUME"",""rule"":""Green + Assists 0.5 + Conf_Assists ≥ 83 + PP_iXA60 ≥ 4.4"",""icon"":""runic_infusion.svg"",""kit_version"":""2026-09-24-frozen-v2""},{""market"":""Assists"",""name"":""Assist Dagger"",""kind"":""VOLUME"",""rule"":""Green + Assists 0.5 + Conf_Assists ≥ 83 + Assist_Dagger ≥ 86"",""icon"":""magic-dagger.svg"",""kit_version"":""2026-09-24-frozen-v2""}]",2025-2026,,2026-09-24-frozen-v2,2026-10-02T16:41:05.426327+00:00
2026-10-02,ANA@VGK,2026020021,9:00 PM,2026-10-03T02:00:00Z,Mitch Marner,8478483,VGK,False,"{""season"":""2026-27"",""games"":[{""d"":""2026-09-29"",""g"":0,""a"":0,""s"":4,""pp"":0,""h"":""H"",""toi"":""21:21""}]}",2026-27,VGK,R,,Healthy,Unknown,,,0.0,0.0,,16.0,11.0,2026-10-02T16:40:41+00:00,ANA,Lukas Dostal,0.8883013879709187,3.1028784756930987,69.0,Unconfirmed,dailyfaceoff_name_and_stats,23.25,4.0,23.25,4.0,,81.0,98.2,A1+A2,19.96,84.6,87.7,1.15,NONE,False,False,26.819846846450982,2.5171828375350027,75.7,65.8,18.0,3.6,True,,,4.0,,50.0,0.0,0.0,4.0,0.0,0.0,0.0,0.0,0.0,0.0,0.0,4.0,4.0,LOW,0.0,-0.5,LOW,0.0,,LOW,0.0,,LOW,0.0,,LOW,0.0,,LOW,0.0,,LOW,0.4,,LOW,0.2,,LOW,0.1,,2.5662287784227296,1.0998123336097412,,,0.0,2.588181557715705,2.1525825592645345,50.0,48.5,74.2,48.5,13.99,2.64,,10.36,2.4,,HOT,WARM,COOL,10.75,7.96,HOT,Green,Yellow,Yellow,Green,86.0,64.0,67.0,83.0,POINTS,86.0,1.0,1.0,1.0,0.0,0.0,1.0,A,Distributor,17.2,,81.9,,2.0,3.442181069958848,278.81666666666666,3.442181069958848,0.1724745860568695,17.2,17.2,3.287106222727001,0.6348257516886844,3.1203299659274317,8.262546073149986,7.911066699975018,81.9,89.9,False,,,,🅿️ D:1,,False,False,2.0,,False,0.0,,False,0.0,,1.5,-189.0,BetOnline.ag,2.5,136.0,FanDuel,3.5,350.0,FanDuel,4.5,750.0,Fanatics,2.5,136.0,FanDuel,0.5,-220.0,theScore Bet,1.5,230.0,FanDuel,2.5,700.0,Bovada,3.5,2200.0,Fanatics,0.5,-220.0,theScore Bet,0.5,100.0,BetOnline.ag,1.5,450.0,DraftKings,2.5,1700.0,Fanatics,,,,0.5,100.0,BetOnline.ag,0.5,188.0,BetRivers,,,,,,,,,,0.5,188.0,BetRivers,0.5,190.0,betrivers,,,,,,,,,,0.5,190.0,betrivers,BallDontLie,"[""Bally Bet"", ""BetMGM"", ""BetRivers"", ""Bovada"", ""Caesars"", ""Courtside"", ""DraftKings"", ""FanDuel"", ""Fanatics"", ""betrivers""]",The Odds API,"[""Bally Bet"", ""BetMGM"", ""BetRivers"", ""Bovada"", ""Caesars"", ""Courtside"", ""DraftKings"", ""FanDuel"", ""Fanatics"", ""Fliff"", ""Hard Rock Bet"", ""fanduel"", ""theScore Bet""]",The Odds API,"[""Bally Bet"", ""BetOnline.ag"", ""BetRivers"", ""Bovada"", ""Courtside"", ""DraftKings"", ""FanDuel"", ""Fanatics"", ""Fliff"", ""Hard Rock Bet"", ""ReBet"", ""fanduel"", ""theScore Bet""]",The Odds API,"[""Bally Bet"", ""BetOnline.ag"", ""BetRivers"", ""Bovada"", ""Courtside"", ""DraftKings"", ""FanDuel"", ""Fanatics"", ""Fliff"", ""Hard Rock Bet"", ""ReBet"", ""draftkings"", ""theScore Bet""]",The Odds API,"[""Bally Bet"", ""BetOnline.ag"", ""BetRivers"", ""Bovada"", ""Caesars"", ""Courtside"", ""DraftKings"", ""FanDuel"", ""Fanatics"", ""Fliff"", ""Hard Rock Bet"", ""ReBet"", ""draftkings"", ""theScore Bet""]",0.5,138.0,BetRivers,1.5,500.0,Bovada,,,,,,,0.5,138.0,BetRivers,The Odds API,"[""Bally Bet"", ""BetRivers"", ""Bovada"", ""FanDuel"", ""Fliff"", ""Hard Rock Bet"", ""theScore Bet""]",ALTLINE_NB_v1_2026-01-18,2.5,136.0,FanDuel,exp/fallback,0.4,0.0121706224058896,1.2,0.423728813559322,-97.12773311221004,-97.1,0.0686180154112674,6.9,-89.50761563288026,-89.5,0.0121706224058896,1.2,-97.12773311221004,-97.1,0.0019074600412755,0.2,-99.14164298142605,-99.1,0.0002746842105414,0.0,-99.76651842103978,-99.8,0.5,-220.0,theScore Bet,exp/fallback,1.399,0.6797614598620456,68.0,0.6875,-1.1256058382479115,-1.1,0.6797614598620456,68.0,-1.1256058382479115,-1.1,0.37901046623737,37.9,25.07345385833209,25.1,0.1883571704600922,18.8,50.68573636807382,50.7,0.0868946941855535,8.7,99.85779662677308,99.9,0.5,100.0,BetOnline.ag,exp/fallback,1.075,0.5769713794698922,57.7,0.5,15.394275893978438,15.4,0.5769713794698922,57.7,15.394275893978438,15.4,0.2811952708065648,28.1,54.65739894361066,54.7,0.1260931650440883,12.6,126.96769707935891,127.0,,,,,0.5,188.0,BetRivers,exp/fallback,0.2142,0.1857731749771757,18.6,0.3472222222222222,-46.4973256065734,-46.5,0.1857731749771757,18.6,-46.4973256065734,-46.5,,,,,,,,,,,,,0.5,190.0,betrivers,exp/fallback,0.20745,0.1768410492807692,17.7,0.3448275862068966,-48.71609570857692,-48.7,0.1768410492807692,17.7,-48.71609570857692,-48.7,,,,,,,,,,,,,False,False,False,False,True,,,Active roster,2026-10-02T16:41:02+00:00,False,"[{""market"":""Points"",""name"":""Hammer Fists"",""kind"":""FLOOR"",""rule"":""Conf_Points >= 80"",""icon"":""PTS05_HAMMER_FISTS.svg"",""kit_version"":""2026-09-24-frozen-v2""},{""market"":""Points"",""name"":""Echo Stomp II"",""kind"":""TIER"",""rule"":""Conf_Points >= 80 + TOI_per_game >= 19.18"",""icon"":""PTS05_HAMMER_STOMP.svg"",""kit_version"":""2026-09-24-frozen-v2""},{""market"":""Points"",""name"":""Gaia’s Blessing"",""kind"":""TIER"",""rule"":""Conf_Points >= 80 + Assists_mu >= 0.746"",""icon"":""PTS05_GAIAS_BLESSING.svg"",""kit_version"":""2026-09-24-frozen-v2""},{""market"":""Points"",""name"":""Gaia’s Blessing+ (Press)"",""kind"":""HEAVY"",""rule"":""Conf_Points >= 81 + Assists_mu >= 0.746"",""icon"":""PTS05_GAIAS_BLESSING.svg"",""kit_version"":""2026-09-24-frozen-v2""},{""market"":""Points"",""name"":""Gaia’s Blessing++ (Smash)"",""kind"":""HEAVY"",""rule"":""Conf_Points >= 83 + Assists_mu >= 0.746"",""icon"":""PTS05_GAIAS_BLESSING.svg"",""kit_version"":""2026-09-24-frozen-v2""},{""market"":""Points"",""name"":""Blood Stomp"",""kind"":""CRIT"",""rule"":""Conf_Points >= 83 + TOI_per_game >= 19.18 + Opp_PK_xGA60 >= 7.784"",""icon"":""PTS05_BLEED_ENV.svg"",""kit_version"":""2026-09-24-frozen-v2""},{""market"":""Assists"",""name"":""Staff (Green Stance)"",""kind"":""STANCE"",""rule"":""Green + Assists 0.5"",""icon"":""staff.svg"",""kit_version"":""2026-09-24-frozen-v2""},{""market"":""Assists"",""name"":""Staff Awakened"",""kind"":""STANCE"",""rule"":""Green + Assists 0.5 + Conf_Assists ≥ 83"",""icon"":""staff.svg"",""kit_version"":""2026-09-24-frozen-v2""},{""market"":""Assists"",""name"":""Assist Dagger"",""kind"":""VOLUME"",""rule"":""Green + Assists 0.5 + Conf_Assists ≥ 83 + Assist_Dagger ≥ 86"",""icon"":""magic-dagger.svg"",""kit_version"":""2026-09-24-frozen-v2""}]",2025-2026,,2026-09-24-frozen-v2,2026-10-02T16:41:05.426327+00:00
2026-10-02,ANA@VGK,2026020021,9:00 PM,2026-10-03T02:00:00Z,Nic Dowd,8475343,VGK,False,,2026-27,VGK,C,,Healthy,Unknown,,,0.0,0.0,,16.0,11.0,2026-10-02T16:40:41+00:00,ANA,Lukas Dostal,0.8883013879709187,3.1028784756930987,69.0,Unconfirmed,dailyfaceoff_name_and_stats,23.25,4.0,23.25,4.0,,62.3,63.9,A1+A2,14.54,44.4,59.3,1.04,NONE,False,False,26.819846846450982,2.5171828375350027,75.7,65.8,18.0,3.6,True,,,,,50.0,,,,,,,,,,,,,,,,,,,,,,,,,,,,,,,,,,,,,,,,1.0678333735006766,0.0667395858437922,,,0.0,2.588181557715705,2.1525825592645345,50.0,48.5,50.3,48.5,3.4,1.18,,,,,COOL,COOL,COOL,2.21,,COOL,Red,Red,Red,Red,57.0,51.0,54.0,53.0,POINTS,57.0,,,,,,,C,Passenger,0.5,,81.9,,0.0,0.0655555555555555,4.916666666666667,0.0655555555555555,0.0045080150980302,0.5,0.5,0.0,0.0,0.0,8.262546073149986,7.911066699975018,81.9,39.7,False,,,,,,False,False,1.0,,False,0.0,,False,0.0,,,,,,,,,,,,,,,,,,,,,,,,,,,,,,,,,,,,,,,,,,,,,,,0.5,800.0,FanDuel,,,,,,,,,,0.5,800.0,FanDuel,0.5,800.0,FanDuel,,,,,,,,,,0.5,800.0,FanDuel,The Odds API,"[""Bally Bet"", ""BetMGM"", ""BetRivers"", ""Bovada"", ""Caesars"", ""Courtside"", ""DraftKings"", ""FanDuel"", ""Fanatics"", ""fanduel""]",The Odds API,"[""Bally Bet"", ""BetMGM"", ""BetRivers"", ""Bovada"", ""Caesars"", ""Courtside"", ""DraftKings"", ""FanDuel"", ""Fanatics"", ""Fliff"", ""Hard Rock Bet"", ""theScore Bet""]",,,,,,,,,,,,,,,,,,,,,,,,ALTLINE_NB_v1_2026-01-18,,,,league_avg,2.3,,,,,,,,,,,,,,,,,,,,,,,,,exp/fallback,0.3399999999999999,,,,,,,,,,,,,,,,,,,,,,,,,exp/fallback,0.221,,,,,,,,,,,,,,,,,,,,,,0.5,800.0,FanDuel,exp/fallback,0.2271999999999999,0.1954416413591294,19.5,0.1111111111111111,75.8974772232165,75.9,0.1954416413591294,19.5,75.8974772232165,75.9,,,,,,,,,,,,,0.5,800.0,FanDuel,exp/fallback,0.1817,0.1578074397258786,15.8,0.1111111111111111,42.02669575329077,42.0,0.1578074397258786,15.8,42.02669575329077,42.0,,,,,,,,,,,,,False,False,True,True,False,,,Active roster,2026-10-02T16:41:02+00:00,False,[],2025-2026,,2026-09-24-frozen-v2,2026-10-02T16:41:05.426327+00:00
2026-10-02,ANA@VGK,2026020021,9:00 PM,2026-10-03T02:00:00Z,Noah Hanifin,8478396,VGK,False,"{""season"":""2026-27"",""games"":[{""d"":""2026-09-29"",""g"":1,""a"":0,""s"":3,""pp"":0,""h"":""H"",""toi"":""18:51""}]}",2026-27,VGK,D,,Healthy,Unknown,,,0.0,0.0,,16.0,11.0,2026-10-02T16:40:41+00:00,ANA,Lukas Dostal,0.8883013879709187,3.1028784756930987,69.0,Unconfirmed,dailyfaceoff_name_and_stats,23.25,4.0,23.25,4.0,,54.8,79.4,A1+A2,22.6,94.8,71.4,1.09,NONE,False,False,26.819846846450982,2.5171828375350027,75.7,65.8,18.0,3.6,True,,,3.0,,50.0,1.0,1.0,3.0,1.0,0.0,0.0,1.0,1.0,0.0,0.0,3.0,3.0,LOW,0.1,-0.4,LOW,0.05,,LOW,0.025,,LOW,0.0,,LOW,0.0,,LOW,0.0,,LOW,0.3,,LOW,0.15,,LOW,0.075,,0.8678776774629042,0.2603633032388713,,,0.0,2.588181557715705,2.1525825592645345,50.0,48.5,44.9,48.5,4.81,0.98,,3.81,-0.02,,HOT,COOL,COOL,3.82,3.82,HOT,Yellow,Red,Red,Yellow,74.0,51.0,54.0,68.0,POINTS,74.0,0.0,1.0,0.0,0.0,0.0,1.0,B,Distributor,3.4,,81.9,,1.0,0.7715962441314553,54.78333333333333,0.7715962441314553,0.0341396537219181,3.4,3.4,7.020383328262854,1.4347429266808642,6.571341648919988,8.262546073149986,7.911066699975018,81.9,73.3,False,,,,🅿️ D:0,,False,False,1.0,,False,0.0,,False,0.0,,1.5,-103.0,BetRivers,,,,,,,,,,1.5,-103.0,BetRivers,0.5,188.0,BetRivers,,,,,,,,,,0.5,188.0,BetRivers,0.5,230.0,BetRivers,,,,,,,,,,0.5,230.0,BetRivers,0.5,1400.0,Fanatics,,,,,,,,,,0.5,1400.0,Fanatics,0.5,1400.0,Fanatics,,,,,,,,,,0.5,1400.0,Fanatics,The Odds API,"[""Bally Bet"", ""BetMGM"", ""BetRivers"", ""Bovada"", ""Caesars"", ""Courtside"", ""DraftKings"", ""FanDuel"", ""Fanatics"", ""fanatics""]",The Odds API,"[""Bally Bet"", ""BetMGM"", ""BetRivers"", ""Bovada"", ""Caesars"", ""Courtside"", ""DraftKings"", ""FanDuel"", ""Fanatics"", ""Fliff"", ""Hard Rock Bet"", ""theScore Bet""]",The Odds API,"[""Bally Bet"", ""BetRivers""]",The Odds API,"[""Bally Bet"", ""BetRivers""]",The Odds API,"[""Bally Bet"", ""BetRivers""]",,,,,,,,,,,,,,,,,,ALTLINE_NB_v1_2026-01-18,1.5,-103.0,BetRivers,exp/fallback,0.3,0.0422318805185903,4.2,0.5073891625615764,-91.67662937352054,-91.7,0.0422318805185903,4.2,-91.67662937352054,-91.7,,,,,,,,,,,,,0.5,188.0,BetRivers,exp/fallback,0.481,0.3588872827501463,35.9,0.3472222222222222,3.359537432042148,3.4,0.3588872827501463,35.9,3.359537432042148,3.4,,,,,,,,,,,,,0.5,230.0,BetRivers,exp/fallback,0.382,0.2950205184278113,29.5,0.303030303030303,-2.6432289188222824,-2.6,0.2950205184278113,29.5,-2.6432289188222824,-2.6,,,,,,,,,,,,,0.5,1400.0,Fanatics,exp/fallback,0.1644,0.1471916200358421,14.7,0.0666666666666666,120.78743005376327,120.8,0.1471916200358421,14.7,120.78743005376327,120.8,,,,,,,,,,,,,0.5,1400.0,Fanatics,exp/fallback,0.126525,0.1144894940328272,11.4,0.0666666666666666,71.7342410492409,71.7,0.1144894940328272,11.4,71.7342410492409,71.7,,,,,,,,,,,,,False,False,True,True,False,,,Active roster,2026-10-02T16:41:02+00:00,False,[],2025-2026,,2026-09-24-frozen-v2,2026-10-02T16:41:05.426327+00:00
2026-10-02,ANA@VGK,2026020021,9:00 PM,2026-10-03T02:00:00Z,Parker Wotherspoon,8478450,PIT,True,"{""season"":""2026-27"",""games"":[{""d"":""2026-09-29"",""g"":0,""a"":0,""s"":1,""pp"":0,""h"":""H"",""toi"":""20:08""}]}",2026-27,VGK,D,,Healthy,Unknown,,,0.0,0.0,,16.0,11.0,2026-10-02T16:40:41+00:00,ANA,Lukas Dostal,0.8883013879709187,3.1028784756930987,69.0,Unconfirmed,dailyfaceoff_name_and_stats,23.25,4.0,23.25,4.0,,32.1,82.2,A1+A2,20.17,85.9,60.4,1.04,NONE,False,False,26.819846846450982,2.5171828375350027,75.7,65.8,18.0,3.6,True,,,1.0,,50.0,0.0,0.0,1.0,0.0,0.0,0.0,0.0,0.0,0.0,0.0,1.0,1.0,LOW,0.0,-0.5,LOW,0.0,,LOW,0.0,,LOW,0.0,,LOW,0.0,,LOW,0.0,,LOW,0.1,,LOW,0.05,,LOW,0.025,,1.0805618921839355,0.4322247568735742,,,0.0,2.588181557715705,2.1525825592645345,50.0,48.5,51.0,48.5,3.84,0.32,,3.84,0.32,,HOT,COOL,COOL,3.52,3.52,HOT,Yellow,Red,Red,Yellow,75.0,38.0,38.0,67.0,POINTS,75.0,1.0,1.0,1.0,1.0,0.0,1.0,,Passenger,0.3,,81.9,,,0.0570833333333333,4.566666666666666,0.0570833333333333,0.0028298768900272,0.3,0.3,0.1313868613138686,0.1313868613138686,0.0,8.262546073149986,7.911066699975018,81.9,35.8,False,,,,🅿️ D:1,,False,False,1.0,,False,0.0,,False,0.0,,,,,,,,,,,,,,,,,0.5,245.0,BetRivers,,,,,,,,,,0.5,245.0,BetRivers,,,,,,,,,,,,,,,,0.5,1900.0,Fanatics,,,,,,,,,,0.5,1900.0,Fanatics,0.5,1900.0,Fanatics,,,,,,,,,,0.5,1900.0,Fanatics,The Odds API,"[""Bally Bet"", ""BetMGM"", ""BetRivers"", ""Bovada"", ""Caesars"", ""Courtside"", ""DraftKings"", ""FanDuel"", ""Fanatics"", ""fanatics""]",The Odds API,"[""Bally Bet"", ""BetMGM"", ""BetRivers"", ""Bovada"", ""Caesars"", ""Courtside"", ""DraftKings"", ""FanDuel"", ""Fanatics"", ""Fliff"", ""Hard Rock Bet"", ""theScore Bet""]",,,,,The Odds API,"[""Bally Bet"", ""BetRivers""]",,,,,,,,,,,,,,,,,,ALTLINE_NB_v1_2026-01-18,,,,exp/fallback,0.1,,,,,,,,,,,,,,,,,,,,,,0.5,245.0,BetRivers,exp/fallback,0.384,0.3025307071509699,30.3,0.2898550724637681,4.373093967084641,4.4,0.3025307071509699,30.3,4.373093967084641,4.4,,,,,,,,,,,,,,,,exp/fallback,0.352,,,,,,,,,,,,,,,,,,,,,,0.5,1900.0,Fanatics,exp/fallback,0.1446,0.1311395323381559,13.1,0.05,162.2790646763118,162.3,0.1311395323381559,13.1,162.2790646763118,162.3,,,,,,,,,,,,,0.5,1900.0,Fanatics,exp/fallback,0.0943499999999999,0.0875025371342123,8.8,0.05,75.0050742684246,75.0,0.0875025371342123,8.8,75.0050742684246,75.0,,,,,,,,,,,,,False,False,True,True,False,,,Active roster,2026-10-02T16:41:02+00:00,False,[],2025-2026,,2026-09-24-frozen-v2,2026-10-02T16:41:05.426327+00:00
2026-10-02,ANA@VGK,2026020021,9:00 PM,2026-10-03T02:00:00Z,Raphael Lavoie,8481534,VGK,False,,2026-27,VGK,C,,Healthy,Unknown,,,0.0,0.0,,16.0,11.0,2026-10-02T16:40:41+00:00,ANA,Lukas Dostal,0.8883013879709187,3.1028784756930987,69.0,Unconfirmed,dailyfaceoff_name_and_stats,23.25,4.0,23.25,4.0,,4.0,6.9,A1+A2,8.57,2.9,4.8,0.94,NONE,False,False,26.819846846450982,2.5171828375350027,75.7,65.8,18.0,3.6,True,,,,,50.0,,,,,,,,,,,,,,,,,,,,,,,,,,,,,,,,,,,,,,,,0.0,0.0,,,0.0,2.588181557715705,2.1525825592645345,50.0,48.5,27.5,48.5,0.47,0.47,,,,,COOL,COOL,COOL,0.0,,COOL,Red,Red,Red,Red,21.0,16.0,18.0,13.0,POINTS,21.0,,,,,,,C,Passenger,0.0,,81.9,,0.0,0.0,0.0,0.0,0.0,0.0,0.0,0.0,,,8.262546073149986,7.911066699975018,81.9,19.3,False,,,,,,False,False,1.0,,False,0.0,,False,0.0,,,,,,,,,,,,,,,,,,,,,,,,,,,,,,,,,,,,,,,,,,,,,,,,,,,,,,,,,,,,,,,,,,,,,,,,,,,,,,,,,,,,,,,,,,,,,,,,,,,,,,,,ALTLINE_NB_v1_2026-01-18,,,,league_avg,2.3,,,,,,,,,,,,,,,,,,,,,,,,,exp/fallback,0.047,,,,,,,,,,,,,,,,,,,,,,,,,league_avg,0.35,,,,,,,,,,,,,,,,,,,,,,,,,exp/fallback,0.1988,,,,,,,,,,,,,,,,,,,,,,,,,exp/fallback,0.13555,,,,,,,,,,,,,,,,,,,,,,False,False,False,False,False,,,Active roster,2026-10-02T16:41:02+00:00,False,[],2025-2026,,2026-09-24-frozen-v2,2026-10-02T16:41:05.426327+00:00
2026-10-02,ANA@VGK,2026020021,9:00 PM,2026-10-03T02:00:00Z,Rasmus Andersson,8478397,VGK,False,"{""season"":""2026-27"",""games"":[{""d"":""2026-09-29"",""g"":0,""a"":0,""s"":2,""pp"":0,""h"":""H"",""toi"":""18:46""}]}",2026-27,VGK,D,,Healthy,Unknown,,,0.0,0.0,,16.0,11.0,2026-10-02T16:40:41+00:00,ANA,Lukas Dostal,0.8883013879709187,3.1028784756930987,69.0,Unconfirmed,dailyfaceoff_name_and_stats,23.25,4.0,23.25,4.0,,72.3,85.3,A1+A2,23.2,96.7,81.7,1.13,NONE,False,False,26.819846846450982,2.5171828375350027,75.7,65.8,18.0,3.6,True,,,2.0,,50.0,0.0,0.0,2.0,0.0,0.0,0.0,0.0,0.0,0.0,0.0,2.0,2.0,LOW,0.0,-0.5,LOW,0.0,,LOW,0.0,,LOW,0.0,,LOW,0.0,,LOW,0.0,,LOW,0.2,,LOW,0.1,,LOW,0.05,,1.2767271853656863,0.7413254624703984,,,0.0,2.588181557715705,2.1525825592645345,50.0,48.5,55.6,48.5,6.56,1.79,,5.96,1.79,,HOT,WARM,COOL,4.59,4.17,HOT,Yellow,Yellow,Red,Yellow,79.0,61.0,62.0,75.0,POINTS,79.0,1.0,1.0,1.0,0.0,0.0,1.0,B,Hybrid,8.1,,81.9,,1.0,1.887037037037037,152.85,1.887037037037037,0.0813320326356864,8.1,8.1,2.5731108930323847,1.405299313052012,1.3738959764474976,8.262546073149986,7.911066699975018,81.9,68.0,False,,,,🅿️ D:1,,False,False,2.0,,False,0.0,,False,0.0,,1.5,-147.0,BetOnline.ag,2.5,210.0,FanDuel,3.5,525.0,Fanatics,4.5,1300.0,Fanatics,1.5,-147.0,BetOnline.ag,0.5,145.0,theScore Bet,1.5,750.0,DraftKings,2.5,2800.0,Fanatics,3.5,2500.0,BetOnline.ag,0.5,145.0,theScore Bet,0.5,220.0,Hard Rock Bet,1.5,1300.0,DraftKings,2.5,3300.0,Bovada,,,,0.5,220.0,Hard Rock Bet,0.5,550.0,FanDuel,,,,,,,,,,0.5,550.0,FanDuel,0.5,550.0,FanDuel,,,,,,,,,,0.5,550.0,FanDuel,The Odds API,"[""Bally Bet"", ""BetMGM"", ""BetRivers"", ""Bovada"", ""Caesars"", ""Courtside"", ""DraftKings"", ""FanDuel"", ""Fanatics"", ""fanduel""]",The Odds API,"[""Bally Bet"", ""BetMGM"", ""BetRivers"", ""Bovada"", ""Caesars"", ""Courtside"", ""DraftKings"", ""FanDuel"", ""Fanatics"", ""Fliff"", ""Hard Rock Bet"", ""theScore Bet""]",The Odds API,"[""Bally Bet"", ""BetOnline.ag"", ""BetRivers"", ""Bovada"", ""Courtside"", ""DraftKings"", ""FanDuel"", ""Fanatics"", ""Fliff"", ""Hard Rock Bet"", ""ReBet"", ""theScore Bet""]",The Odds API,"[""Bally Bet"", ""BetOnline.ag"", ""BetRivers"", ""Bovada"", ""Courtside"", ""DraftKings"", ""FanDuel"", ""Fanatics"", ""Fliff"", ""Hard Rock Bet"", ""ReBet"", ""draftkings"", ""theScore Bet""]",The Odds API,"[""Bally Bet"", ""BetOnline.ag"", ""BetRivers"", ""Bovada"", ""Caesars"", ""Courtside"", ""DraftKings"", ""FanDuel"", ""Fanatics"", ""Fliff"", ""Hard Rock Bet"", ""ReBet"", ""draftkings"", ""theScore Bet""]",0.5,400.0,Hard Rock Bet,,,,,,,,,,0.5,400.0,Hard Rock Bet,The Odds API,"[""Bovada"", ""Hard Rock Bet"", ""theScore Bet""]",ALTLINE_NB_v1_2026-01-18,1.5,-147.0,BetOnline.ag,exp/fallback,0.2,0.0205922919144261,2.1,0.5951417004048583,-96.53993462390254,-96.5,0.0205922919144261,2.1,-96.53993462390254,-96.5,0.0019369069985104,0.2,-99.39955883046176,-99.4,0.0001602036731851,0.0,-99.89987270425928,-99.9,1.2145062741386605e-05,0.0,-99.98299691216206,-100.0,0.5,145.0,theScore Bet,exp/fallback,0.6559999999999999,0.4459718338607867,44.6,0.4081632653061224,9.26309929589275,9.3,0.4459718338607867,44.6,9.26309929589275,9.3,0.1503940223876865,15.0,27.834919029533523,27.8,0.0439513947687137,4.4,27.459044829269995,27.5,0.0117716023373869,1.2,-69.39383392279395,-69.4,0.5,220.0,Hard Rock Bet,exp/fallback,0.4589999999999999,0.3384800686525385,33.8,0.3125,8.313621968812345,8.3,0.3384800686525385,33.8,8.313621968812345,8.3,0.091519801480123,9.2,28.12772207217229,28.1,0.0223729352954105,2.2,-23.932019995604257,-23.9,,,,,0.5,550.0,FanDuel,exp/fallback,0.1886999999999999,0.1663300379296658,16.6,0.1538461538461538,8.114524654282784,8.1,0.1663300379296658,16.6,8.114524654282784,8.1,,,,,,,,,,,,,0.5,550.0,FanDuel,exp/fallback,0.1660125,0.1458528494778599,14.6,0.1538461538461538,-5.195647839391048,-5.2,0.1458528494778599,14.6,-5.195647839391048,-5.2,,,,,,,,,,,,,False,False,False,False,False,,,Active roster,2026-10-02T16:41:02+00:00,False,[],2025-2026,,2026-09-24-frozen-v2,2026-10-02T16:41:05.426327+00:00
2026-10-02,ANA@VGK,2026020021,9:00 PM,2026-10-03T02:00:00Z,Shea Theodore,8477447,VGK,False,"{""season"":""2026-27"",""games"":[{""d"":""2026-09-29"",""g"":0,""a"":2,""s"":1,""pp"":1,""h"":""H"",""toi"":""21:22""}]}",2026-27,VGK,D,,Healthy,Unknown,,,0.0,0.0,,16.0,11.0,2026-10-02T16:40:41+00:00,ANA,Lukas Dostal,0.8883013879709187,3.1028784756930987,69.0,Unconfirmed,dailyfaceoff_name_and_stats,23.25,4.0,23.25,4.0,,60.4,84.1,A1+A2,22.84,95.8,75.8,1.1,NONE,False,False,26.819846846450982,2.5171828375350027,75.7,65.8,18.0,3.6,True,,,1.0,,50.0,2.0,0.0,1.0,0.0,2.0,2.0,2.0,2.0,2.0,2.0,1.0,1.0,LOW,0.2,-0.3,LOW,0.1,,LOW,0.05,,LOW,0.2,,LOW,0.1,,LOW,0.05,,LOW,0.1,,LOW,0.05,,LOW,0.025,,1.2704494466991,0.3629855561997429,,,2.0,2.588181557715705,2.1525825592645345,50.0,48.5,55.1,48.5,5.84,1.27,,3.84,1.27,,HOT,COOL,COOL,5.03,2.57,HOT,Yellow,Red,Red,Yellow,78.0,54.0,55.0,71.0,POINTS,78.0,0.0,0.0,1.0,1.0,1.0,0.0,B,Distributor,5.5,,81.9,,1.0,1.256904761904762,87.98333333333333,1.256904761904762,0.055039462846538,5.5,5.5,1.4934646713392683,0.33415419587043,1.3638946770221632,8.262546073149986,7.911066699975018,81.9,63.6,False,,,,🅿️ D:0,,False,False,1.0,,False,0.0,,False,0.0,,1.5,-165.0,FanDuel,2.5,210.0,BetOnline.ag,3.5,675.0,BetOnline.ag,4.5,2300.0,BetOnline.ag,1.5,-165.0,FanDuel,0.5,-130.0,theScore Bet,1.5,400.0,FanDuel,2.5,1500.0,Fanatics,3.5,1350.0,BetOnline.ag,0.5,-130.0,theScore Bet,0.5,115.0,Hard Rock Bet,1.5,625.0,Bovada,2.5,2500.0,Fanatics,,,,0.5,115.0,Hard Rock Bet,0.5,450.0,Fanatics,,,,,,,,,,0.5,450.0,Fanatics,0.5,450.0,Fanatics,,,,,,,,,,0.5,450.0,Fanatics,The Odds API,"[""Bally Bet"", ""BetMGM"", ""BetRivers"", ""Bovada"", ""Caesars"", ""Courtside"", ""DraftKings"", ""FanDuel"", ""Fanatics"", ""fanatics""]",The Odds API,"[""Bally Bet"", ""BetMGM"", ""BetRivers"", ""Bovada"", ""Caesars"", ""Courtside"", ""DraftKings"", ""FanDuel"", ""Fanatics"", ""Fliff"", ""Hard Rock Bet"", ""theScore Bet""]",The Odds API,"[""Bally Bet"", ""BetOnline.ag"", ""BetRivers"", ""Bovada"", ""Courtside"", ""DraftKings"", ""FanDuel"", ""Fanatics"", ""Fliff"", ""Hard Rock Bet"", ""ReBet"", ""theScore Bet""]",The Odds API,"[""Bally Bet"", ""BetOnline.ag"", ""BetRivers"", ""Bovada"", ""Courtside"", ""DraftKings"", ""FanDuel"", ""Fanatics"", ""Fliff"", ""Hard Rock Bet"", ""ReBet"", ""draftkings"", ""theScore Bet""]",The Odds API,"[""Bally Bet"", ""BetOnline.ag"", ""BetRivers"", ""Bovada"", ""Caesars"", ""Courtside"", ""DraftKings"", ""FanDuel"", ""Fanatics"", ""Fliff"", ""Hard Rock Bet"", ""ReBet"", ""draftkings"", ""theScore Bet""]",0.5,185.0,Fliff,1.5,650.0,Bovada,,,,,,,0.5,185.0,Fliff,The Odds API,"[""Bally Bet"", ""BetRivers"", ""Bovada"", ""FanDuel"", ""Fliff"", ""Hard Rock Bet"", ""theScore Bet""]",ALTLINE_NB_v1_2026-01-18,1.5,-165.0,FanDuel,exp/fallback,0.1,0.0056639264392934,0.6,0.6226415094339622,-99.09033908702256,-99.1,0.0056639264392934,0.6,-99.09033908702256,-99.1,0.0002745710270403,0.0,-99.91488298161752,-99.9,1.167564107673602e-05,0.0,-99.99095137816552,-100.0,1.0000000000287557e-06,0.0,-99.99759999999992,-100.0,0.5,-130.0,theScore Bet,exp/fallback,0.584,0.4122042554489845,41.2,0.5652173913043478,-27.07155480517966,-27.1,0.4122042554489845,41.2,-27.07155480517966,-27.1,0.1271887167427465,12.7,-36.40564162862672,-36.4,0.0339031593216248,3.4,-45.75494508540032,-45.8,0.0082710599615867,0.8,-88.00696305569925,-88.0,0.5,115.0,Hard Rock Bet,exp/fallback,0.503,0.3615332396170541,36.2,0.4651162790697674,-22.270353482333377,-22.3,0.3615332396170541,36.2,-22.270353482333377,-22.3,0.1049221485482392,10.5,-23.931442302526563,-23.9,0.02756974414895,2.8,-28.318665212729787,-28.3,,,,,0.5,450.0,Fanatics,exp/fallback,0.1731,0.1541136693427804,15.4,0.1818181818181818,-15.237481861470735,-15.2,0.1541136693427804,15.4,-15.237481861470735,-15.2,,,,,,,,,,,,,0.5,450.0,Fanatics,exp/fallback,0.1406625,0.1259336386994077,12.6,0.1818181818181818,-30.736498715325723,-30.7,0.1259336386994077,12.6,-30.736498715325723,-30.7,,,,,,,,,,,,,False,False,False,False,False,,,Active roster,2026-10-02T16:41:02+00:00,False,[],2025-2026,,2026-09-24-frozen-v2,2026-10-02T16:41:05.426327+00:00
2026-10-02,ANA@VGK,2026020021,9:00 PM,2026-10-03T02:00:00Z,Tomas Hertl,8476881,VGK,False,"{""season"":""2026-27"",""games"":[{""d"":""2026-09-29"",""g"":0,""a"":0,""s"":4,""pp"":0,""h"":""H"",""toi"":""15:45""}]}",2026-27,VGK,C,,Healthy,Unknown,,,0.0,0.0,,16.0,11.0,2026-10-02T16:40:41+00:00,ANA,Lukas Dostal,0.8883013879709187,3.1028784756930987,69.0,Unconfirmed,dailyfaceoff_name_and_stats,23.25,4.0,23.25,4.0,,99.1,89.1,A1+A2,17.03,69.6,89.7,1.16,NONE,False,False,26.819846846450982,2.5171828375350027,75.7,65.8,18.0,3.6,True,,,4.0,,50.0,0.0,0.0,4.0,0.0,0.0,0.0,0.0,0.0,0.0,0.0,4.0,4.0,LOW,0.0,-0.5,LOW,0.0,,LOW,0.0,,LOW,0.0,,LOW,0.0,,LOW,0.0,,LOW,0.4,,LOW,0.2,,LOW,0.1,,1.270554263254993,0.5197721986043153,,,0.0,2.588181557715705,2.1525825592645345,50.0,48.5,55.2,48.5,10.81,5.53,,9.83,5.03,,HOT,HOT,COOL,5.29,4.81,HOT,Yellow,Yellow,Green,Yellow,78.0,73.0,76.0,76.0,POINTS,78.0,1.0,1.0,1.0,0.0,0.0,1.0,A,Hybrid,19.4,,81.9,,2.0,3.303658536585365,270.9,3.303658536585365,0.1939456131349409,19.4,19.4,4.368770764119601,2.39202657807309,2.3255813953488373,8.262546073149986,7.911066699975018,81.9,86.9,True,,,,🅿️ D:1,,False,False,3.0,,False,0.0,,False,0.0,,1.5,-225.0,DraftKings,2.5,130.0,FanDuel,3.5,325.0,FanDuel,4.5,775.0,BetOnline.ag,2.5,130.0,FanDuel,0.5,-122.0,BetOnline.ag,1.5,425.0,DraftKings,2.5,1500.0,Fanatics,3.5,1450.0,BetOnline.ag,0.5,-122.0,BetOnline.ag,0.5,190.0,Bovada,1.5,1200.0,DraftKings,2.5,2500.0,Bovada,,,,0.5,190.0,Bovada,0.5,230.0,FanDuel,,,,,,,,,,0.5,230.0,FanDuel,0.5,230.0,FanDuel,,,,,,,,,,0.5,230.0,FanDuel,The Odds API,"[""Bally Bet"", ""BetMGM"", ""BetRivers"", ""Bovada"", ""Caesars"", ""Courtside"", ""DraftKings"", ""FanDuel"", ""Fanatics"", ""betrivers""]",The Odds API,"[""Bally Bet"", ""BetMGM"", ""BetRivers"", ""Bovada"", ""Caesars"", ""Courtside"", ""DraftKings"", ""FanDuel"", ""Fanatics"", ""Fliff"", ""Hard Rock Bet"", ""theScore Bet""]",The Odds API,"[""Bally Bet"", ""BetOnline.ag"", ""BetRivers"", ""Bovada"", ""Courtside"", ""DraftKings"", ""FanDuel"", ""Fanatics"", ""Fliff"", ""Hard Rock Bet"", ""ReBet"", ""fanduel"", ""theScore Bet""]",The Odds API,"[""Bally Bet"", ""BetOnline.ag"", ""BetRivers"", ""Bovada"", ""Courtside"", ""DraftKings"", ""FanDuel"", ""Fanatics"", ""Fliff"", ""Hard Rock Bet"", ""ReBet"", ""draftkings"", ""theScore Bet""]",The Odds API,"[""Bally Bet"", ""BetOnline.ag"", ""BetRivers"", ""Bovada"", ""Caesars"", ""Courtside"", ""DraftKings"", ""FanDuel"", ""Fanatics"", ""Fliff"", ""Hard Rock Bet"", ""ReBet"", ""draftkings"", ""theScore Bet""]",0.5,200.0,Bovada,1.5,800.0,Bovada,,,,,,,0.5,200.0,Bovada,The Odds API,"[""Bally Bet"", ""BetRivers"", ""Bovada"", ""FanDuel"", ""Fliff"", ""Hard Rock Bet"", ""theScore Bet""]",ALTLINE_NB_v1_2026-01-18,2.5,130.0,FanDuel,exp/fallback,0.4,0.0121706224058896,1.2,0.4347826086956521,-97.2007568466454,-97.2,0.0686180154112674,6.9,-90.08850888503916,-90.1,0.0121706224058896,1.2,-97.2007568466454,-97.2,0.0019074600412755,0.2,-99.18932948245792,-99.2,0.0002746842105414,0.0,-99.75965131577624,-99.8,0.5,-122.0,BetOnline.ag,exp/fallback,1.081,0.6002118015932038,60.0,0.5495495495495496,9.218868814501011,9.2,0.6002118015932038,60.0,9.218868814501011,9.2,0.2866694919637578,28.7,50.50148328097284,50.5,0.1206855366702068,12.1,93.096858672331,93.1,0.0469189039467915,4.7,-27.275698882473108,-27.3,0.5,190.0,Bovada,exp/fallback,0.529,0.3745935835490593,37.5,0.3448275862068966,8.63213922922721,8.6,0.3745935835490593,37.5,8.63213922922721,8.6,0.1129565773785987,11.3,46.8435505921784,46.8,0.0308652510060165,3.1,-19.75034738435695,-19.8,,,,,0.5,230.0,FanDuel,exp/fallback,0.3009,0.2473275623431839,24.7,0.303030303030303,-18.381904426749283,-18.4,0.2473275623431839,24.7,-18.381904426749283,-18.4,,,,,,,,,,,,,0.5,230.0,FanDuel,exp/fallback,0.3483375,0.2694796756986636,26.9,0.303030303030303,-11.071707019441012,-11.1,0.2694796756986636,26.9,-11.071707019441012,-11.1,,,,,,,,,,,,,False,False,False,False,False,,,Active roster,2026-10-02T16:41:02+00:00,False,[],2025-2026,,2026-09-24-frozen-v2,2026-10-02T16:41:05.426327+00:00
2026-10-02,ANA@VGK,2026020021,9:00 PM,2026-10-03T02:00:00Z,Trevor Connelly,8484803,,,,,VGK,L,,Unknown,,,,,,,,,,,,,,,,,,,,,,,,,,,,,,,,,,,,,,,,,,,,,,,,,,,,,,,,,,,,,,,,,,,,,,,,,,,,,,,,,,,,,,,,,,,,,,,,,,,,,,,,,,,,,,,,,,,,,,,,,,,,,,,,,,,,,,,,,,,,,,,,,,,,,,,,,,,,,,,,,,,,,,,,,,,,,,,,,,,,,,,,,,,,,,,,,,,,,,,,,,,,,,,,,,,,,,,,,,,,,,,,,,,,,,,,,,,,,,,,,,,,,,,,,,,,,,,,,,,,,,,,,,,,,,,,,,,,,,,,,,,,,,,,,,,,,,,,,,,,,,,,,,,,,,,,,,,,,,,,,,,,,,,,,,,,,,,,,,,0.5,400.0,fanduel,,,,,,,,,,,,,,,,,,,,,,,,,,,,,,,,,,,,,,,,,,,,,,,,,,,,,,,,,Active roster,2026-10-02T16:41:02+00:00,True,[],Unavailable,True,2026-09-24-frozen-v2,2026-10-02T16:41:05.426327+00:00
2026-10-02,ANA@VGK,2026020021,9:00 PM,2026-10-03T02:00:00Z,Victor Olofsson,8478109,CGY,True,"{""season"":""2026-27"",""games"":[{""d"":""2026-09-29"",""g"":1,""a"":0,""s"":2,""pp"":1,""h"":""H"",""toi"":""13:57""}]}",2026-27,VGK,L,,Healthy,Unknown,,,0.0,0.0,,16.0,11.0,2026-10-02T16:40:41+00:00,ANA,Lukas Dostal,0.8883013879709187,3.1028784756930987,69.0,Unconfirmed,dailyfaceoff_name_and_stats,23.25,4.0,23.25,4.0,,79.6,68.0,A1+A2,13.56,35.3,66.7,1.07,NONE,False,False,26.819846846450982,2.5171828375350027,75.7,65.8,18.0,3.6,True,,,2.0,,50.0,1.0,1.0,2.0,1.0,0.0,0.0,1.0,1.0,0.0,0.0,2.0,2.0,LOW,0.1,-0.4,LOW,0.05,,LOW,0.025,,LOW,0.0,,LOW,0.0,,LOW,0.0,,LOW,0.2,,LOW,0.1,,LOW,0.05,,1.5605269605533465,0.3392449914246405,,,0.0,2.588181557715705,2.1525825592645345,50.0,48.5,62.7,48.5,4.66,2.2,,3.66,1.2,,HOT,COOL,COOL,2.46,2.46,WARM,Red,Yellow,Red,Red,63.0,60.0,65.0,61.0,GOAL,65.0,0.0,1.0,0.0,1.0,1.0,0.0,,Passenger,14.4,,81.9,,,1.9506410256410256,152.15,1.9506410256410256,0.1438407966470236,14.4,14.4,2.742688136707197,1.5695037791652973,1.380216891225764,8.262546073149986,7.911066699975018,81.9,77.2,False,,,,🥅 D:0,,False,False,1.0,,False,0.0,,False,0.0,,1.5,-141.0,BetRivers,,,,,,,,,,1.5,-141.0,BetRivers,0.5,140.0,BetRivers,1.5,650.0,BetRivers,,,,,,,0.5,140.0,BetRivers,0.5,255.0,BetRivers,,,,,,,,,,0.5,255.0,BetRivers,0.5,380.0,theScore Bet,,,,,,,,,,0.5,380.0,theScore Bet,0.5,350.0,DraftKings,,,,,,,,,,0.5,350.0,DraftKings,The Odds API,"[""Bally Bet"", ""BetMGM"", ""BetRivers"", ""Bovada"", ""Caesars"", ""Courtside"", ""DraftKings"", ""FanDuel"", ""betrivers""]",The Odds API,"[""Bally Bet"", ""BetMGM"", ""BetRivers"", ""Bovada"", ""Caesars"", ""Courtside"", ""DraftKings"", ""FanDuel"", ""Fliff"", ""Hard Rock Bet"", ""theScore Bet""]",The Odds API,"[""Bally Bet"", ""BetRivers""]",The Odds API,"[""Bally Bet"", ""BetRivers""]",The Odds API,"[""Bally Bet"", ""BetRivers""]",0.5,650.0,Hard Rock Bet,,,,,,,,,,0.5,650.0,Hard Rock Bet,The Odds API,"[""Bovada"", ""Hard Rock Bet"", ""theScore Bet""]",ALTLINE_NB_v1_2026-01-18,1.5,-141.0,BetRivers,exp/fallback,0.2,0.0205922919144261,2.1,0.5850622406639004,-96.4803245734917,-96.5,0.0205922919144261,2.1,-96.4803245734917,-96.5,,,,,,,,,,,,,0.5,140.0,BetRivers,exp/fallback,0.466,0.3505844283204468,35.1,0.4166666666666667,-15.859737203092775,-15.9,0.3505844283204468,35.1,-15.859737203092775,-15.9,0.0903938545067835,9.0,-32.20460911991238,-32.2,,,,,,,,,0.5,255.0,BetRivers,exp/fallback,0.246,0.2070597060253155,20.7,0.2816901408450704,-26.493804361012984,-26.5,0.2070597060253155,20.7,-26.493804361012984,-26.5,,,,,,,,,,,,,0.5,380.0,theScore Bet,exp/fallback,0.201,0.1757887061271066,17.6,0.2083333333333333,-15.621421058988826,-15.6,0.1757887061271066,17.6,-15.621421058988826,-15.6,,,,,,,,,,,,,0.5,350.0,DraftKings,exp/fallback,0.186,0.1610360915970239,16.1,0.2222222222222222,-27.533758781339237,-27.5,0.1610360915970239,16.1,-27.533758781339237,-27.5,,,,,,,,,,,,,False,False,False,False,False,,,Active roster,2026-10-02T16:41:02+00:00,False,[],2025-2026,,2026-09-24-frozen-v2,2026-10-02T16:41:05.426327+00:00
2026-10-02,ANA@VGK,2026020021,9:00 PM,2026-10-03T02:00:00Z,William Karlsson,8476448,VGK,False,,2026-27,VGK,C,,Healthy,Unknown,,,0.0,0.0,,16.0,11.0,2026-10-02T16:40:41+00:00,ANA,Lukas Dostal,0.8883013879709187,3.1028784756930987,69.0,Unconfirmed,dailyfaceoff_name_and_stats,23.25,4.0,23.25,4.0,,40.5,28.5,A1+A2,15.15,50.0,38.2,0.95,NONE,False,False,26.819846846450982,2.5171828375350027,75.7,65.8,18.0,3.6,True,,,,,50.0,,,,,,,,,,,,,,,,,,,,,,,,,,,,,,,,,,,,,,,,0.7109706724597611,0.3554853362298805,,,0.0,2.588181557715705,2.1525825592645345,50.0,48.5,40.7,48.5,4.68,2.63,,,,,COOL,COOL,COOL,2.04,,COOL,Red,Red,Red,Red,38.0,40.0,41.0,34.0,GOAL,41.0,,,,,,,C,Passenger,6.2,,81.9,,0.0,0.944047619047619,13.216666666666669,0.944047619047619,0.0623280672797296,6.2,6.2,1.1803278688524592,1.1803278688524592,0.0,8.262546073149986,7.911066699975018,81.9,52.6,False,,,,,,False,False,1.0,,False,0.0,,False,0.0,,1.5,-130.0,theScore Bet,2.5,240.0,Fanatics,3.5,650.0,Fanatics,4.5,1850.0,BetOnline.ag,1.5,-130.0,theScore Bet,0.5,135.0,theScore Bet,1.5,700.0,Fanatics,2.5,3500.0,Fanatics,3.5,2400.0,BetOnline.ag,0.5,135.0,theScore Bet,0.5,270.0,Bovada,1.5,1700.0,Fanatics,2.5,3300.0,Bovada,,,,0.5,270.0,Bovada,0.5,325.0,Fanatics,,,,,,,,,,0.5,325.0,Fanatics,0.5,325.0,Fanatics,,,,,,,,,,0.5,325.0,Fanatics,The Odds API,"[""Bally Bet"", ""BetMGM"", ""BetRivers"", ""Bovada"", ""Caesars"", ""Courtside"", ""DraftKings"", ""FanDuel"", ""Fanatics"", ""fanatics""]",The Odds API,"[""Bally Bet"", ""BetMGM"", ""BetRivers"", ""Bovada"", ""Caesars"", ""Courtside"", ""DraftKings"", ""FanDuel"", ""Fanatics"", ""Fliff"", ""Hard Rock Bet"", ""theScore Bet""]",The Odds API,"[""Bally Bet"", ""BetOnline.ag"", ""BetRivers"", ""Bovada"", ""Courtside"", ""DraftKings"", ""FanDuel"", ""Fanatics"", ""Fliff"", ""Hard Rock Bet"", ""ReBet"", ""theScore Bet""]",The Odds API,"[""Bally Bet"", ""BetOnline.ag"", ""BetRivers"", ""Bovada"", ""Courtside"", ""DraftKings"", ""Fanatics"", ""Fliff"", ""Hard Rock Bet"", ""ReBet"", ""draftkings"", ""theScore Bet""]",The Odds API,"[""Bally Bet"", ""BetOnline.ag"", ""BetRivers"", ""Bovada"", ""Caesars"", ""Courtside"", ""DraftKings"", ""Fanatics"", ""Fliff"", ""Hard Rock Bet"", ""ReBet"", ""draftkings"", ""theScore Bet""]",0.5,600.0,Hard Rock Bet,,,,,,,,,,0.5,600.0,Hard Rock Bet,The Odds API,"[""Bovada"", ""Hard Rock Bet"", ""theScore Bet""]",ALTLINE_NB_v1_2026-01-18,1.5,-130.0,theScore Bet,league_avg,2.3,0.6001759479749428,60.0,0.5652173913043478,6.184975410951416,6.2,0.6001759479749428,60.0,6.184975410951416,6.2,0.3835789960842564,38.4,30.41685866864716,30.4,0.2254288407355011,22.5,69.07163055162589,69.1,0.1243884637071297,12.4,142.557504228903,142.6,0.5,135.0,theScore Bet,exp/fallback,0.4679999999999999,0.3516998311826895,35.2,0.425531914893617,-17.350539672067956,-17.4,0.3516998311826895,35.2,-17.350539672067956,-17.4,0.0909982681937728,9.1,-27.201385444981696,-27.2,0.0202338552807304,2.0,-27.158120989370538,-27.2,0.0041084709324412,0.4,-89.72882266889684,-89.7,0.5,270.0,Bovada,exp/fallback,0.204,0.1765508018748293,17.7,0.2702702702702703,-34.676203306313155,-34.7,0.1765508018748293,17.7,-34.676203306313155,-34.7,0.0241155601166306,2.4,-56.59199179006487,-56.6,0.0029516835385866,0.3,-89.96427596880537,-90.0,,,,,0.5,325.0,Fanatics,exp/fallback,0.2852,0.2366757574761261,23.7,0.2352941176470588,0.587196927353606,0.6,0.2366757574761261,23.7,0.587196927353606,0.6,,,,,,,,,,,,,0.5,325.0,Fanatics,exp/fallback,0.27595,0.2241629245098428,22.4,0.2352941176470588,-4.730757083316783,-4.7,0.2241629245098428,22.4,-4.730757083316783,-4.7,,,,,,,,,,,,,False,False,False,False,False,,,Active roster,2026-10-02T16:41:02+00:00,False,[],2025-2026,,2026-09-24-frozen-v2,2026-10-02T16:41:05.426327+00:00
2026-10-02,BOS@WPG,2026020019,7:00 PM,2026-10-03T00:00:00Z,Casey Mittelstadt,8479999,BOS,False,"{""season"":""2026-27"",""games"":[{""d"":""2026-09-29"",""g"":0,""a"":0,""s"":3,""pp"":0,""h"":""H"",""toi"":""14:28""}]}",2026-27,BOS,C,,Healthy,Unknown,,,1.0,0.0,,16.0,11.0,2026-10-02T16:40:41+00:00,WPG,Stuart Skinner,,,50.0,Likely,dailyfaceoff_name_only,29.0,4.0,29.0,4.0,,70.6,82.2,A1+A2,15.16,50.3,70.6,1.08,NONE,False,False,25.71182842161681,2.3918432128567453,46.2,55.7,13.0,2.6,True,,,3.0,,50.0,0.0,0.0,3.0,0.0,0.0,0.0,0.0,0.0,0.0,0.0,3.0,3.0,LOW,0.0,-0.5,LOW,0.0,,LOW,0.0,,LOW,0.0,,LOW,0.0,,LOW,0.0,,LOW,0.3,,LOW,0.15,,LOW,0.075,,1.9547865119730676,0.6515955039910225,,,0.0,2.554356044173969,2.8408175406849194,50.0,78.0,69.6,78.0,5.94,1.83,,5.94,1.83,,HOT,WARM,COOL,4.12,4.12,HOT,Yellow,Red,Red,Yellow,76.0,61.0,60.0,73.0,POINTS,76.0,1.0,1.0,1.0,0.0,0.0,1.0,B,Distributor,10.9,,76.4,,1.0,1.6596244131455398,117.83333333333331,1.6596244131455398,0.1094562794154074,10.9,10.9,3.230834512022631,1.2831683168316832,2.2913719943422914,7.852567975830816,7.923402579501821,76.4,73.2,False,,,,🅿️ D:1,,False,False,1.0,,False,0.0,,False,0.0,,1.5,130.0,BetRivers,,,,,,,,,,1.5,130.0,BetRivers,0.5,160.0,theScore Bet,1.5,900.0,theScore Bet,2.5,3500.0,Fanatics,3.5,2400.0,BetOnline.ag,0.5,160.0,theScore Bet,0.5,250.0,Bovada,1.5,1300.0,Fanatics,2.5,3300.0,Bovada,,,,0.5,250.0,Bovada,0.5,500.0,theScore Bet,,,,,,,,,,0.5,500.0,theScore Bet,0.5,480.0,fanduel,,,,,,,,,,0.5,480.0,fanduel,BallDontLie,"[""Bally Bet"", ""BetMGM"", ""BetRivers"", ""Bovada"", ""Caesars"", ""Courtside"", ""DraftKings"", ""FanDuel"", ""Fanatics"", ""fanduel""]",The Odds API,"[""Bally Bet"", ""BetMGM"", ""BetRivers"", ""Bovada"", ""Caesars"", ""Courtside"", ""DraftKings"", ""FanDuel"", ""Fanatics"", ""Fliff"", ""Hard Rock Bet"", ""theScore Bet""]",The Odds API,"[""Bally Bet"", ""BetRivers""]",The Odds API,"[""Bally Bet"", ""BetOnline.ag"", ""BetRivers"", ""Bovada"", ""Courtside"", ""DraftKings"", ""Fanatics"", ""Fliff"", ""Hard Rock Bet"", ""ReBet"", ""draftkings"", ""theScore Bet""]",The Odds API,"[""Bally Bet"", ""BetOnline.ag"", ""BetRivers"", ""Bovada"", ""Caesars"", ""Courtside"", ""DraftKings"", ""Fanatics"", ""Fliff"", ""Hard Rock Bet"", ""ReBet"", ""draftkings"", ""theScore Bet""]",,,,,,,,,,,,,,,,,,ALTLINE_NB_v1_2026-01-18,1.5,130.0,BetRivers,exp/fallback,0.3,0.0422318805185903,4.2,0.4347826086956521,-90.28666748072422,-90.3,0.0422318805185903,4.2,-90.28666748072422,-90.3,,,,,,,,,,,,,0.5,160.0,theScore Bet,exp/fallback,0.5940000000000001,0.4170574346772062,41.7,0.3846153846153846,8.434933016073632,8.4,0.4170574346772062,41.7,8.434933016073632,8.4,0.1303881045987729,13.0,30.388104598772927,30.4,0.0352311645416921,3.5,26.83219235009181,26.8,0.008714212788059,0.9,-78.21446802985234,-78.2,0.5,250.0,Bovada,exp/fallback,0.412,0.3124482617316951,31.2,0.2857142857142857,9.35689160609331,9.4,0.3124482617316951,31.2,9.35689160609331,9.4,0.0775632566184767,7.8,8.588559265867435,8.6,0.0173812776964332,1.7,-40.90365583212687,-40.9,,,,,0.5,500.0,theScore Bet,exp/fallback,0.1898999999999999,0.1672595048794475,16.7,0.1666666666666666,0.3557029276685108,0.4,0.1672595048794475,16.7,0.3557029276685108,0.4,,,,,,,,,,,,,0.5,480.0,fanduel,exp/fallback,0.1679625,0.1473540314186096,14.7,0.1724137931034483,-14.534661777206438,-14.5,0.1473540314186096,14.7,-14.534661777206438,-14.5,,,,,,,,,,,,,False,False,False,False,False,,,Active roster,2026-10-02T16:41:02+00:00,False,[],2025-2026,,2026-09-24-frozen-v2,2026-10-02T16:41:05.426327+00:00
2026-10-02,BOS@WPG,2026020019,7:00 PM,2026-10-03T00:00:00Z,Connor Clifton,8477365,PIT,True,,2026-27,BOS,D,,Healthy,Unknown,,,1.0,0.0,,16.0,11.0,2026-10-02T16:40:41+00:00,WPG,Stuart Skinner,,,50.0,Likely,dailyfaceoff_name_only,29.0,4.0,29.0,4.0,,27.4,31.9,A1+A2,16.77,65.7,36.7,0.95,NONE,False,False,25.71182842161681,2.3918432128567453,46.2,55.7,13.0,2.6,True,,,,,50.0,,,,,,,,,,,,,,,,,,,,,,,,,,,,,,,,,,,,,,,,0.4934886908841672,0.1644962302947224,,,0.0,2.554356044173969,2.8408175406849194,50.0,78.0,37.7,78.0,1.07,0.31,,,,,COOL,COOL,COOL,0.76,,COOL,Red,Red,Red,Red,43.0,39.0,36.0,37.0,POINTS,43.0,,,,,,,,Passenger,0.0,,76.4,,,0.0076666666666666,0.3833333333333333,0.0076666666666666,0.0004572837346163,0.0,0.0,0.0,0.0,0.0,7.852567975830816,7.923402579501821,76.4,25.7,False,,,,,,False,False,0.0,,False,0.0,,False,0.0,,,,,,,,,,,,,,,,,,,,,,,,,,,,,,,,,,,,,,,,,,,,,,,0.5,2000.0,Hard Rock Bet,,,,,,,,,,0.5,2000.0,Hard Rock Bet,0.5,1400.0,Fanatics,,,,,,,,,,0.5,1400.0,Fanatics,The Odds API,"[""Bally Bet"", ""BetMGM"", ""BetRivers"", ""Bovada"", ""Caesars"", ""Courtside"", ""DraftKings"", ""FanDuel"", ""Fanatics"", ""betmgm""]",The Odds API,"[""Bally Bet"", ""BetMGM"", ""BetRivers"", ""Bovada"", ""Caesars"", ""Courtside"", ""DraftKings"", ""FanDuel"", ""Fanatics"", ""Fliff"", ""Hard Rock Bet"", ""theScore Bet""]",,,,,,,,,,,,,,,,,,,,,,,,ALTLINE_NB_v1_2026-01-18,,,,league_avg,2.3,,,,,,,,,,,,,,,,,,,,,,,,,exp/fallback,0.107,,,,,,,,,,,,,,,,,,,,,,,,,exp/fallback,0.076,,,,,,,,,,,,,,,,,,,,,,0.5,2000.0,Hard Rock Bet,exp/fallback,0.1924,0.1691912401817982,16.9,0.0476190476190476,255.30160438177623,255.3,0.1691912401817982,16.9,255.30160438177623,255.3,,,,,,,,,,,,,0.5,1400.0,Fanatics,exp/fallback,0.1251499999999999,0.1133632623168545,11.3,0.0666666666666666,70.04489347528184,70.0,0.1133632623168545,11.3,70.04489347528184,70.0,,,,,,,,,,,,,False,False,True,True,False,,,Active roster,2026-10-02T16:41:02+00:00,False,[],2025-2026,,2026-09-24-frozen-v2,2026-10-02T16:41:05.426327+00:00
2026-10-02,BOS@WPG,2026020019,7:00 PM,2026-10-03T00:00:00Z,David Pastrnak,8477956,BOS,False,"{""season"":""2026-27"",""games"":[{""d"":""2026-09-29"",""g"":0,""a"":0,""s"":4,""pp"":0,""h"":""H"",""toi"":""17:32""}]}",2026-27,BOS,R,👑 ELITE,Healthy,Unknown,,,1.0,0.0,,16.0,11.0,2026-10-02T16:40:41+00:00,WPG,Stuart Skinner,,,50.0,Likely,dailyfaceoff_name_only,29.0,4.0,29.0,4.0,,96.6,99.5,A1+A2,20.66,88.6,96.0,1.25,ELITE,True,False,25.71182842161681,2.3918432128567453,46.2,55.7,13.0,2.6,True,,,4.0,,50.0,0.0,0.0,4.0,0.0,0.0,0.0,0.0,0.0,0.0,0.0,4.0,4.0,LOW,0.0,-1.5,LOW,0.0,,LOW,0.0,,LOW,0.0,,LOW,0.0,,LOW,0.0,,LOW,0.4,,LOW,0.2,,LOW,0.1,,2.642273660174249,1.565791798621777,,,0.0,2.554356044173969,2.8408175406849194,50.0,78.0,74.5,78.0,22.15,5.32,,16.41,4.84,,HOT,HOT,COOL,15.62,11.57,HOT,Green,Green,Green,Green,91.0,78.0,77.0,88.0,POINTS,91.0,1.0,1.0,1.0,0.0,0.0,1.0,A,Distributor,16.7,,76.4,,2.0,3.447402597402597,265.45,3.447402597402597,0.166898951052615,16.7,16.7,5.5716707477867775,1.729139197589,4.520625353173856,7.852567975830816,7.923402579501821,76.4,90.6,False,,,,🅿️ D:1,,False,False,2.0,,False,0.0,,False,0.0,,1.5,-750.0,DraftKings,2.5,-240.0,FanDuel,3.5,120.0,Bovada,4.5,230.0,FanDuel,3.5,120.0,Bovada,0.5,-233.0,BetOnline.ag,1.5,196.0,FanDuel,2.5,600.0,DraftKings,3.5,1900.0,Fanatics,1.5,196.0,FanDuel,0.5,-103.0,BetRivers,1.5,500.0,Bovada,2.5,1700.0,Fanatics,,,,0.5,-103.0,BetRivers,0.5,155.0,Fanatics,,,,,,,,,,0.5,155.0,Fanatics,0.5,155.0,Fanatics,,,,,,,,,,0.5,155.0,Fanatics,The Odds API,"[""Bally Bet"", ""BetMGM"", ""BetRivers"", ""Bovada"", ""Caesars"", ""Courtside"", ""DraftKings"", ""FanDuel"", ""Fanatics"", ""fanduel""]",The Odds API,"[""Bally Bet"", ""BetMGM"", ""BetRivers"", ""Bovada"", ""Caesars"", ""Courtside"", ""DraftKings"", ""FanDuel"", ""Fanatics"", ""Fliff"", ""Hard Rock Bet"", ""fanduel"", ""theScore Bet""]",The Odds API,"[""Bally Bet"", ""BetOnline.ag"", ""BetRivers"", ""Bovada"", ""Courtside"", ""DraftKings"", ""FanDuel"", ""Fanatics"", ""Fliff"", ""Hard Rock Bet"", ""ReBet"", ""fanduel"", ""theScore Bet""]",The Odds API,"[""Bally Bet"", ""BetOnline.ag"", ""BetRivers"", ""Bovada"", ""Courtside"", ""DraftKings"", ""FanDuel"", ""Fanatics"", ""Fliff"", ""Hard Rock Bet"", ""ReBet"", ""draftkings"", ""theScore Bet""]",The Odds API,"[""Bally Bet"", ""BetOnline.ag"", ""BetRivers"", ""Bovada"", ""Caesars"", ""Courtside"", ""DraftKings"", ""FanDuel"", ""Fanatics"", ""Fliff"", ""Hard Rock Bet"", ""ReBet"", ""draftkings"", ""theScore Bet""]",0.5,140.0,FanDuel,1.5,550.0,Bovada,,,,,,,0.5,140.0,FanDuel,The Odds API,"[""Bally Bet"", ""BetRivers"", ""Bovada"", ""FanDuel"", ""Fliff"", ""Hard Rock Bet"", ""theScore Bet""]",ALTLINE_NB_v1_2026-01-18,3.5,120.0,Bovada,exp/fallback,0.4,0.0019074600412755,0.2,0.4545454545454545,-99.5803587909194,-99.6,0.0686180154112674,6.9,-92.22329158672302,-92.2,0.0121706224058896,1.2,-98.27582849249896,-98.3,0.0019074600412755,0.2,-99.5803587909194,-99.6,0.0002746842105414,0.0,-99.90935421052131,-99.9,1.5,196.0,FanDuel,exp/fallback,2.215,0.5639156270622325,56.4,0.3378378378378378,66.91902561042082,66.9,0.8059873985194482,80.6,15.190473693981229,15.2,0.5639156270622325,56.4,66.91902561042082,66.9,0.3600414925459843,36.0,152.029044782189,152.0,0.2158950242512027,21.6,331.7900485024056,331.8,0.5,-103.0,BetRivers,exp/fallback,1.5619999999999998,0.6847376118432729,68.5,0.5073891625615764,34.953140974936304,35.0,0.6847376118432729,68.5,34.953140974936304,35.0,0.4082413455317581,40.8,144.94480731905492,144.9,0.2263685909085468,22.6,307.4634636353844,307.5,,,,,0.5,155.0,Fanatics,exp/fallback,0.2946,0.2430784241127574,24.3,0.392156862745098,-38.01500185124684,-38.0,0.2430784241127574,24.3,-38.01500185124684,-38.0,,,,,,,,,,,,,0.5,155.0,Fanatics,exp/fallback,0.3381,0.2633394133017702,26.3,0.392156862745098,-32.84844960804858,-32.8,0.2633394133017702,26.3,-32.84844960804858,-32.8,,,,,,,,,,,,,False,True,False,False,True,,,Active roster,2026-10-02T16:41:02+00:00,False,"[{""market"":""Points"",""name"":""DPS Tank stance"",""kind"":""STANCE"",""rule"":""Conf_Points >= 75"",""icon"":""PTS15_TWO_HANDED_HAMMER.svg"",""kit_version"":""2026-09-24-frozen-v2""},{""market"":""Assists"",""name"":""Staff (Green Stance)"",""kind"":""STANCE"",""rule"":""Green + Assists 0.5"",""icon"":""staff.svg"",""kit_version"":""2026-09-24-frozen-v2""},{""market"":""Assists"",""name"":""Staff Awakened"",""kind"":""STANCE"",""rule"":""Green + Assists 0.5 + Conf_Assists ≥ 83"",""icon"":""staff.svg"",""kit_version"":""2026-09-24-frozen-v2""},{""market"":""Assists"",""name"":""Arcane Channel I"",""kind"":""VOLUME"",""rule"":""Green + Assists 0.5 + Conf_Assists ≥ 83 + PP_Points60 ≥ 5.3"",""icon"":""arcane_channel_i.svg"",""kit_version"":""2026-09-24-frozen-v2""},{""market"":""Assists"",""name"":""Runic Infusion"",""kind"":""VOLUME"",""rule"":""Green + Assists 0.5 + Conf_Assists ≥ 83 + PP_iXA60 ≥ 4.4"",""icon"":""runic_infusion.svg"",""kit_version"":""2026-09-24-frozen-v2""},{""market"":""Assists"",""name"":""Assist Dagger"",""kind"":""VOLUME"",""rule"":""Green + Assists 0.5 + Conf_Assists ≥ 83 + Assist_Dagger ≥ 86"",""icon"":""magic-dagger.svg"",""kit_version"":""2026-09-24-frozen-v2""},{""market"":""Assists"",""name"":""Rune Orchestration"",""kind"":""HEAVY"",""rule"":""Green + Assists 0.5 + Conf_Assists ≥ 83 + PP_Points60 ≥ 5.3 + Assists_mu ≥ 1.4"",""icon"":""runic_infusion.svg"",""kit_version"":""2026-09-24-frozen-v2""},{""market"":""SOG"",""name"":""Sniper Stance"",""kind"":""STANCE"",""rule"":""Green + SOG 3.5 + Conf_SOG >= 75"",""icon"":""sog_class_shooter.svg"",""kit_version"":""2026-09-24-frozen-v2""},{""market"":""SOG"",""name"":""Permission Special"",""kind"":""SUPPORT"",""rule"":""Best_Conf >= 89 + opp_5v5_HDCA60 >= 2.36"",""icon"":""sog_env_paralysis.svg"",""kit_version"":""2026-09-24-frozen-v2""},{""market"":""Goal"",""name"":""Weakened Armor"",""kind"":""WEAK DEFENSE"",""rule"":""Opp_PK_xGA60 >= 7.3"",""icon"":""shattered_armor.svg"",""kit_version"":""2026-09-24-frozen-v2""}]",2025-2026,,2026-09-24-frozen-v2,2026-10-02T16:41:05.426327+00:00
2026-10-02,BOS@WPG,2026020019,7:00 PM,2026-10-03T00:00:00Z,Elias Lindholm,8477496,BOS,False,"{""season"":""2026-27"",""games"":[{""d"":""2026-09-29"",""g"":0,""a"":1,""s"":0,""pp"":0,""h"":""H"",""toi"":""15:59""}]}",2026-27,BOS,C,,Healthy,Unknown,,,1.0,0.0,,16.0,11.0,2026-10-02T16:40:41+00:00,WPG,Stuart Skinner,,,50.0,Likely,dailyfaceoff_name_only,29.0,4.0,29.0,4.0,,83.9,86.3,A1+A2,17.88,74.2,82.8,1.13,NONE,False,False,25.71182842161681,2.3918432128567453,46.2,55.7,13.0,2.6,True,,,0.0,,50.0,1.0,0.0,0.0,0.0,1.0,1.0,1.0,1.0,1.0,1.0,0.0,0.0,LOW,0.1,-0.4,LOW,0.05,,LOW,0.025,,LOW,0.1,,LOW,0.05,,LOW,0.025,,LOW,0.0,,LOW,0.0,,LOW,0.0,,1.375570880110628,0.3930202514601794,,,1.0,2.554356044173969,2.8408175406849194,50.0,78.0,57.2,78.0,8.92,3.33,,7.11,3.03,,HOT,HOT,COOL,5.59,4.08,HOT,Yellow,Yellow,Yellow,Yellow,79.0,70.0,69.0,77.0,POINTS,79.0,0.0,0.0,1.0,1.0,0.0,1.0,A,Distributor,14.4,,76.4,,2.0,2.571256038647342,177.41666666666666,2.571256038647342,0.1437872300190455,14.4,14.4,4.605260685767966,1.802536402066698,3.2973226867073744,7.852567975830816,7.923402579501821,76.4,84.6,False,,,,🅿️ D:0,,False,False,1.0,,False,0.0,,False,0.0,,1.5,-105.0,theScore Bet,2.5,260.0,FanDuel,3.5,700.0,Fanatics,4.5,1900.0,Fanatics,1.5,-105.0,theScore Bet,0.5,140.0,Fanatics,1.5,800.0,theScore Bet,2.5,3500.0,Fanatics,3.5,2600.0,BetOnline.ag,0.5,140.0,Fanatics,0.5,280.0,Bovada,1.5,1500.0,Fanatics,2.5,3300.0,Bovada,,,,0.5,280.0,Bovada,0.5,475.0,DraftKings,,,,,,,,,,0.5,475.0,DraftKings,0.5,475.0,DraftKings,,,,,,,,,,0.5,475.0,DraftKings,The Odds API,"[""Bally Bet"", ""BetMGM"", ""BetRivers"", ""Bovada"", ""Caesars"", ""Courtside"", ""DraftKings"", ""FanDuel"", ""Fanatics"", ""fanduel""]",The Odds API,"[""Bally Bet"", ""BetMGM"", ""BetRivers"", ""Bovada"", ""Caesars"", ""Courtside"", ""DraftKings"", ""FanDuel"", ""Fanatics"", ""Fliff"", ""Hard Rock Bet"", ""theScore Bet""]",The Odds API,"[""Bally Bet"", ""BetOnline.ag"", ""BetRivers"", ""Bovada"", ""Courtside"", ""DraftKings"", ""FanDuel"", ""Fanatics"", ""Fliff"", ""Hard Rock Bet"", ""ReBet"", ""theScore Bet""]",The Odds API,"[""Bally Bet"", ""BetOnline.ag"", ""BetRivers"", ""Bovada"", ""Courtside"", ""DraftKings"", ""FanDuel"", ""Fanatics"", ""Fliff"", ""Hard Rock Bet"", ""ReBet"", ""draftkings"", ""theScore Bet""]",The Odds API,"[""Bally Bet"", ""BetOnline.ag"", ""BetRivers"", ""Bovada"", ""Caesars"", ""Courtside"", ""DraftKings"", ""FanDuel"", ""Fanatics"", ""Fliff"", ""Hard Rock Bet"", ""ReBet"", ""draftkings"", ""theScore Bet""]",0.5,550.0,Hard Rock Bet,,,,,,,,,,0.5,550.0,Hard Rock Bet,The Odds API,"[""Bovada"", ""Hard Rock Bet"", ""theScore Bet""]",ALTLINE_NB_v1_2026-01-18,1.5,-105.0,theScore Bet,league_avg,2.3,0.6001759479749428,60.0,0.5121951219512195,17.177208890345963,17.2,0.6001759479749428,60.0,17.177208890345963,17.2,0.3835789960842564,38.4,38.08843859033231,38.1,0.2254288407355011,22.5,80.34307258840094,80.3,0.1243884637071297,12.4,148.7769274142595,148.8,0.5,140.0,Fanatics,exp/fallback,0.892,0.5398948998176429,54.0,0.4166666666666667,29.5747759562343,29.6,0.5398948998176429,54.0,29.5747759562343,29.6,0.2271272200716725,22.7,104.41449806450528,104.4,0.0836144781306201,8.4,201.01212127023263,201.0,0.0283325795685585,2.8,-23.50203516489204,-23.5,0.5,280.0,Bovada,exp/fallback,0.5589999999999999,0.389171320799434,38.9,0.2631578947368421,47.88510190378494,47.9,0.389171320799434,38.9,47.88510190378494,47.9,0.1223067395777723,12.2,95.6907833244358,95.7,0.0348640075127613,3.5,18.537625543388447,18.5,,,,,0.5,475.0,DraftKings,exp/fallback,0.3132,0.2555277746073205,25.6,0.1739130434782608,46.92847039920933,46.9,0.2555277746073205,25.6,46.92847039920933,46.9,,,,,,,,,,,,,0.5,475.0,DraftKings,exp/fallback,0.32145,0.2531694343214276,25.3,0.1739130434782608,45.57242473482085,45.6,0.2531694343214276,25.3,45.57242473482085,45.6,,,,,,,,,,,,,True,True,True,True,True,,,Active roster,2026-10-02T16:41:02+00:00,False,[],2025-2026,,2026-09-24-frozen-v2,2026-10-02T16:41:05.426327+00:00
2026-10-02,BOS@WPG,2026020019,7:00 PM,2026-10-03T00:00:00Z,Fraser Minten,8483489,BOS,False,"{""season"":""2026-27"",""games"":[{""d"":""2026-09-29"",""g"":1,""a"":1,""s"":3,""pp"":0,""h"":""H"",""toi"":""14:48""}]}",2026-27,BOS,C,,Healthy,Unknown,,,1.0,0.0,,16.0,11.0,2026-10-02T16:40:41+00:00,WPG,Stuart Skinner,,,50.0,Likely,dailyfaceoff_name_only,29.0,4.0,29.0,4.0,,76.8,68.0,A1+A2,15.55,53.3,69.0,1.08,NONE,False,False,25.71182842161681,2.3918432128567453,46.2,55.7,13.0,2.6,True,,,3.0,,50.0,2.0,1.0,3.0,1.0,1.0,1.0,2.0,2.0,1.0,1.0,3.0,3.0,LOW,0.2,-0.3,LOW,0.1,,LOW,0.05,,LOW,0.1,,LOW,0.05,,LOW,0.025,,LOW,0.3,,LOW,0.15,,LOW,0.075,,1.5630779126799068,0.4052424218059017,,,1.0,2.554356044173969,2.8408175406849194,50.0,78.0,63.1,78.0,4.34,1.97,,2.34,0.97,,WARM,COOL,COOL,2.36,1.36,COOL,Red,Yellow,Red,Red,62.0,64.0,66.0,63.0,GOAL,66.0,0.0,0.0,0.0,0.0,0.0,1.0,B,Hybrid,6.1,,76.4,,1.0,0.9471544715447155,77.66666666666667,0.9471544715447155,0.0609062749147181,6.1,6.1,2.9742489270386265,1.6609442060085835,1.5450643776824031,7.852567975830816,7.923402579501821,76.4,63.0,False,,,,🥅 D:0,,False,False,0.0,,False,0.0,,False,0.0,,1.5,115.0,Bovada,2.5,350.0,Fanatics,3.5,950.0,Fanatics,4.5,900.0,BetOnline.ag,1.5,115.0,Bovada,0.5,164.0,FanDuel,1.5,1000.0,FanDuel,2.5,4000.0,Fanatics,3.5,2400.0,BetOnline.ag,0.5,164.0,FanDuel,0.5,350.0,BetOnline.ag,1.5,2400.0,BetOnline.ag,,,,,,,0.5,350.0,BetOnline.ag,0.5,390.0,DraftKings,,,,,,,,,,0.5,390.0,DraftKings,0.5,390.0,DraftKings,,,,,,,,,,0.5,390.0,DraftKings,The Odds API,"[""Bally Bet"", ""BetMGM"", ""BetRivers"", ""Bovada"", ""Caesars"", ""Courtside"", ""DraftKings"", ""FanDuel"", ""Fanatics"", ""fanatics""]",The Odds API,"[""Bally Bet"", ""BetMGM"", ""BetRivers"", ""Bovada"", ""Caesars"", ""Courtside"", ""DraftKings"", ""FanDuel"", ""Fanatics"", ""Fliff"", ""Hard Rock Bet"", ""theScore Bet""]",The Odds API,"[""Bally Bet"", ""BetOnline.ag"", ""BetRivers"", ""Bovada"", ""Courtside"", ""DraftKings"", ""FanDuel"", ""Fanatics"", ""Fliff"", ""ReBet""]",The Odds API,"[""BetOnline.ag"", ""Courtside"", ""DraftKings"", ""FanDuel"", ""Fanatics"", ""Fliff"", ""ReBet"", ""draftkings""]",The Odds API,"[""Bally Bet"", ""BetOnline.ag"", ""BetRivers"", ""Caesars"", ""Courtside"", ""DraftKings"", ""FanDuel"", ""Fanatics"", ""Fliff"", ""ReBet"", ""draftkings""]",,,,,,,,,,,,,,,,,,ALTLINE_NB_v1_2026-01-18,1.5,115.0,Bovada,exp/fallback,0.3,0.0422318805185903,4.2,0.4651162790697674,-90.92014568850306,-90.9,0.0422318805185903,4.2,-90.92014568850306,-90.9,0.0057840451049215,0.6,-97.39717970278528,-97.4,0.0006983006285956,0.1,-99.26678433997456,-99.3,7.736670997449124e-05,0.0,-99.92263329002552,-99.9,0.5,164.0,FanDuel,exp/fallback,0.434,0.3323802052373402,33.2,0.3787878787878788,-12.251625817342182,-12.3,0.3323802052373402,33.2,-12.251625817342182,-12.3,0.0808418851340373,8.1,-11.073926352558928,-11.1,0.0168709233541409,1.7,-30.829214248022,-30.8,0.0032129739947615,0.3,-91.96756501309623,-92.0,0.5,350.0,BetOnline.ag,exp/fallback,0.236,0.1999513570425081,20.0,0.2222222222222222,-10.021889330871348,-10.0,0.1999513570425081,20.0,-10.021889330871348,-10.0,0.0310681014629302,3.1,-22.32974634267434,-22.3,,,,,,,,,0.5,390.0,DraftKings,exp/fallback,0.1941,0.1705012384619021,17.1,0.2040816326530612,-16.454393153667958,-16.5,0.1705012384619021,17.1,-16.454393153667958,-16.5,,,,,,,,,,,,,0.5,390.0,DraftKings,exp/fallback,0.1747874999999999,0.1525740400136029,15.3,0.2040816326530612,-25.238720393334543,-25.2,0.1525740400136029,15.3,-25.238720393334543,-25.2,,,,,,,,,,,,,False,False,False,False,False,,,Active roster,2026-10-02T16:41:02+00:00,False,[],2025-2026,,2026-09-24-frozen-v2,2026-10-02T16:41:05.426327+00:00
2026-10-02,BOS@WPG,2026020019,7:00 PM,2026-10-03T00:00:00Z,Hampus Lindholm,8476854,BOS,False,"{""season"":""2026-27"",""games"":[{""d"":""2026-09-29"",""g"":0,""a"":1,""s"":0,""pp"":0,""h"":""H"",""toi"":""18:37""}]}",2026-27,BOS,D,,Healthy,Unknown,,,1.0,0.0,,16.0,11.0,2026-10-02T16:40:41+00:00,WPG,Stuart Skinner,,,50.0,Likely,dailyfaceoff_name_only,29.0,4.0,29.0,4.0,,45.7,72.9,A1+A2,21.62,92.5,64.6,1.06,NONE,False,False,25.71182842161681,2.3918432128567453,46.2,55.7,13.0,2.6,True,,,0.0,,50.0,1.0,0.0,0.0,0.0,1.0,1.0,1.0,1.0,1.0,1.0,0.0,0.0,LOW,0.1,-0.4,LOW,0.05,,LOW,0.025,,LOW,0.1,,LOW,0.05,,LOW,0.025,,LOW,0.0,,LOW,0.0,,LOW,0.0,,1.080902553632283,0.4864061491345273,,,1.0,2.554356044173969,2.8408175406849194,50.0,78.0,51.1,78.0,4.05,0.73,,3.05,0.73,,HOT,COOL,COOL,3.32,2.32,WARM,Yellow,Red,Red,Yellow,70.0,51.0,48.0,66.0,POINTS,70.0,0.0,0.0,1.0,1.0,0.0,1.0,B,Distributor,6.5,,76.4,,1.0,1.404726368159204,94.11666666666666,1.404726368159204,0.0649640494679321,6.5,6.5,1.8137063927749248,0.4590047812998052,1.5937666017354348,7.852567975830816,7.923402579501821,76.4,64.4,False,,,,🅿️ D:0,,False,False,0.0,,False,0.0,,False,0.0,,1.5,120.0,Bovada,2.5,340.0,Fanatics,3.5,900.0,Fanatics,4.5,2000.0,DraftKings,1.5,120.0,Bovada,0.5,128.0,BetOnline.ag,1.5,700.0,theScore Bet,2.5,2800.0,Fanatics,3.5,2300.0,BetOnline.ag,0.5,128.0,BetOnline.ag,0.5,158.0,FanDuel,1.5,900.0,DraftKings,2.5,4000.0,Fanatics,,,,0.5,158.0,FanDuel,0.5,800.0,theScore Bet,,,,,,,,,,0.5,800.0,theScore Bet,0.5,800.0,fanatics,,,,,,,,,,0.5,800.0,fanatics,BallDontLie,"[""Bally Bet"", ""BetMGM"", ""BetRivers"", ""Bovada"", ""Caesars"", ""Courtside"", ""DraftKings"", ""FanDuel"", ""Fanatics"", ""fanatics""]",The Odds API,"[""Bally Bet"", ""BetMGM"", ""BetRivers"", ""Bovada"", ""Caesars"", ""Courtside"", ""DraftKings"", ""FanDuel"", ""Fanatics"", ""Fliff"", ""Hard Rock Bet"", ""theScore Bet""]",The Odds API,"[""Bally Bet"", ""BetOnline.ag"", ""BetRivers"", ""Bovada"", ""Courtside"", ""DraftKings"", ""FanDuel"", ""Fanatics"", ""Fliff"", ""Hard Rock Bet"", ""ReBet"", ""theScore Bet""]",The Odds API,"[""Bally Bet"", ""BetOnline.ag"", ""BetRivers"", ""Bovada"", ""Courtside"", ""DraftKings"", ""FanDuel"", ""Fanatics"", ""Fliff"", ""Hard Rock Bet"", ""ReBet"", ""draftkings"", ""theScore Bet""]",The Odds API,"[""Bally Bet"", ""BetOnline.ag"", ""BetRivers"", ""Bovada"", ""Caesars"", ""Courtside"", ""DraftKings"", ""FanDuel"", ""Fanatics"", ""Fliff"", ""Hard Rock Bet"", ""ReBet"", ""draftkings"", ""theScore Bet""]",0.5,230.0,FanDuel,1.5,850.0,Bovada,,,,,,,0.5,230.0,FanDuel,The Odds API,"[""Bally Bet"", ""BetRivers"", ""Bovada"", ""FanDuel"", ""Fliff"", ""Hard Rock Bet"", ""theScore Bet""]",ALTLINE_NB_v1_2026-01-18,1.5,120.0,Bovada,league_avg,2.3,0.6001759479749428,60.0,0.4545454545454545,32.03870855448741,32.0,0.6001759479749428,60.0,32.03870855448741,32.0,0.3835789960842564,38.4,68.7747582770728,68.8,0.2254288407355011,22.5,125.42884073550118,125.4,0.1243884637071297,12.4,161.21577378497247,161.2,0.5,128.0,BetOnline.ag,exp/fallback,0.4049999999999999,0.3152825899776457,31.5,0.4385964912280701,-28.11556948509678,-28.1,0.3152825899776457,31.5,-28.11556948509678,-28.1,0.0724005658400908,7.2,-42.07954732792736,-42.1,0.0142460895111186,1.4,-58.68634041775604,-58.7,0.002556619559291,0.3,-93.86411305770136,-93.9,0.5,158.0,FanDuel,exp/fallback,0.3319999999999999,0.2644657520543472,26.4,0.3875968992248062,-31.767835969978425,-31.8,0.2644657520543472,26.4,-31.767835969978425,-31.8,0.05503404509212,5.5,-44.96595490787993,-45.0,0.0103097783394661,1.0,-57.72990880818894,-57.7,,,,,0.5,800.0,theScore Bet,exp/fallback,0.2092,0.1820112055676206,18.2,0.1111111111111111,63.810085010858565,63.8,0.1820112055676206,18.2,63.810085010858565,63.8,,,,,,,,,,,,,0.5,800.0,fanatics,exp/fallback,0.15245,0.1352901754147484,13.5,0.1111111111111111,21.76115787327357,21.8,0.1352901754147484,13.5,21.76115787327357,21.8,,,,,,,,,,,,,True,False,True,True,False,,,Active roster,2026-10-02T16:41:02+00:00,False,[],2025-2026,,2026-09-24-frozen-v2,2026-10-02T16:41:05.426327+00:00
2026-10-02,BOS@WPG,2026020019,7:00 PM,2026-10-03T00:00:00Z,JJ Peterka,8482175,UTA,True,"{""season"":""2026-27"",""games"":[{""d"":""2026-09-29"",""g"":1,""a"":0,""s"":1,""pp"":0,""h"":""H"",""toi"":""17:09""}]}",2026-27,BOS,R,,Healthy,Unknown,,,1.0,0.0,,16.0,11.0,2026-10-02T16:40:41+00:00,WPG,Stuart Skinner,,,50.0,Likely,dailyfaceoff_name_only,29.0,4.0,29.0,4.0,,80.3,74.9,A1+A2,15.98,59.2,74.2,1.1,NONE,False,False,25.71182842161681,2.3918432128567453,46.2,55.7,13.0,2.6,True,,,1.0,,50.0,1.0,1.0,1.0,1.0,0.0,0.0,1.0,1.0,0.0,0.0,1.0,1.0,LOW,0.1,-0.4,LOW,0.05,,LOW,0.025,,LOW,0.0,,LOW,0.0,,LOW,0.0,,LOW,0.1,,LOW,0.05,,LOW,0.025,,2.081757928917753,0.4270272674703083,,,0.0,2.554356044173969,2.8408175406849194,50.0,78.0,70.8,78.0,5.17,2.23,,4.17,1.23,,HOT,COOL,COOL,2.94,2.94,HOT,Yellow,Yellow,Yellow,Yellow,73.0,67.0,68.0,71.0,POINTS,73.0,0.0,1.0,0.0,1.0,0.0,1.0,,Passenger,11.5,,76.4,,,1.8451219512195125,151.3,1.8451219512195125,0.1154330328191956,11.5,11.5,1.970918704560476,1.2967614011896893,0.7931262392597488,7.852567975830816,7.923402579501821,76.4,66.0,False,,,,🅿️ D:0,,False,False,0.0,,False,0.0,,False,0.0,,1.5,-190.0,theScore Bet,2.5,150.0,FanDuel,3.5,375.0,FanDuel,4.5,900.0,Fanatics,2.5,150.0,FanDuel,0.5,105.0,theScore Bet,1.5,550.0,theScore Bet,2.5,1900.0,Fanatics,3.5,1650.0,BetOnline.ag,0.5,105.0,theScore Bet,0.5,225.0,BetRivers,1.5,1200.0,DraftKings,2.5,3300.0,Bovada,,,,0.5,225.0,BetRivers,0.5,260.0,theScore Bet,,,,,,,,,,0.5,260.0,theScore Bet,0.5,250.0,Fanatics,,,,,,,,,,0.5,250.0,Fanatics,The Odds API,"[""Bally Bet"", ""BetMGM"", ""BetRivers"", ""Bovada"", ""Caesars"", ""Courtside"", ""DraftKings"", ""FanDuel"", ""Fanatics"", ""fanduel""]",The Odds API,"[""Bally Bet"", ""BetMGM"", ""BetRivers"", ""Bovada"", ""Caesars"", ""Courtside"", ""DraftKings"", ""FanDuel"", ""Fanatics"", ""Fliff"", ""Hard Rock Bet"", ""fanduel"", ""theScore Bet""]",The Odds API,"[""Bally Bet"", ""BetOnline.ag"", ""BetRivers"", ""Bovada"", ""Courtside"", ""DraftKings"", ""FanDuel"", ""Fanatics"", ""Fliff"", ""Hard Rock Bet"", ""ReBet"", ""fanduel"", ""theScore Bet""]",The Odds API,"[""Bally Bet"", ""BetOnline.ag"", ""BetRivers"", ""Bovada"", ""Courtside"", ""DraftKings"", ""FanDuel"", ""Fanatics"", ""Fliff"", ""Hard Rock Bet"", ""ReBet"", ""draftkings"", ""theScore Bet""]",The Odds API,"[""Bally Bet"", ""BetOnline.ag"", ""BetRivers"", ""Bovada"", ""Caesars"", ""Courtside"", ""DraftKings"", ""FanDuel"", ""Fanatics"", ""Fliff"", ""Hard Rock Bet"", ""ReBet"", ""draftkings"", ""theScore Bet""]",0.5,290.0,FanDuel,1.5,1000.0,Bovada,,,,,,,0.5,290.0,FanDuel,The Odds API,"[""Bally Bet"", ""BetRivers"", ""Bovada"", ""FanDuel"", ""Fliff"", ""Hard Rock Bet"", ""theScore Bet""]",ALTLINE_NB_v1_2026-01-18,2.5,150.0,FanDuel,exp/fallback,0.1,0.0002745710270403,0.0,0.4,-99.93135724323992,-99.9,0.0056639264392934,0.6,-99.13550596452887,-99.1,0.0002745710270403,0.0,-99.93135724323992,-99.9,1.167564107673602e-05,0.0,-99.99445407048854,-100.0,1.0000000000287557e-06,0.0,-99.99899999999997,-100.0,0.5,105.0,theScore Bet,exp/fallback,0.517,0.3782378857261773,37.8,0.4878048780487805,-22.46123342613364,-22.5,0.3782378857261773,37.8,-22.46123342613364,-22.5,0.1060409145761995,10.6,-31.07340552547028,-31.1,0.0256057242573347,2.6,-48.78855148533048,-48.8,0.0056515944547039,0.6,-90.10970970426804,-90.1,0.5,225.0,BetRivers,exp/fallback,0.294,0.2398957441002607,24.0,0.3076923076923077,-22.03388316741527,-22.0,0.2398957441002607,24.0,-22.03388316741527,-22.0,0.0450651850466222,4.5,-41.41525943939105,-41.4,0.0076108360742358,0.8,-74.12315734759811,-74.1,,,,,0.5,260.0,theScore Bet,exp/fallback,0.2019,0.1764748944183475,17.6,0.2777777777777778,-36.46903800939489,-36.5,0.1764748944183475,17.6,-36.46903800939489,-36.5,,,,,,,,,,,,,0.5,250.0,Fanatics,exp/fallback,0.1874625,0.162129556920792,16.2,0.2857142857142857,-43.2546550777228,-43.3,0.162129556920792,16.2,-43.2546550777228,-43.3,,,,,,,,,,,,,False,False,False,False,False,,,Active roster,2026-10-02T16:41:02+00:00,False,[],2025-2026,,2026-09-24-frozen-v2,2026-10-02T16:41:05.426327+00:00
2026-10-02,BOS@WPG,2026020019,7:00 PM,2026-10-03T00:00:00Z,James Hagens,8485395,BOS,False,,2026-27,BOS,C,,Healthy,Unknown,,,1.0,0.0,,16.0,11.0,2026-10-02T16:40:41+00:00,WPG,Stuart Skinner,,,50.0,Likely,dailyfaceoff_name_only,29.0,4.0,29.0,4.0,,9.4,17.6,A1+A2,14.55,44.8,19.3,0.94,NONE,False,False,25.71182842161681,2.3918432128567453,46.2,55.7,13.0,2.6,True,,,,,50.0,,,,,,,,,,,,,,,,,,,,,,,,,,,,,,,,,,,,,,,,0.0343642611683848,0.0,,,0.0,2.554356044173969,2.8408175406849194,50.0,78.0,33.7,78.0,5.5,0.8,,,,,COOL,COOL,COOL,4.7,,COOL,Red,Red,Red,Red,33.0,27.0,24.0,26.0,POINTS,33.0,,,,,,,C,Passenger,0.0,,76.4,,0.0,0.0,0.0,0.0,0.0,0.0,0.0,0.0,,,7.852567975830816,7.923402579501821,76.4,17.3,False,,,,,,False,False,0.0,,False,0.0,,False,0.0,,1.5,112.0,BetOnline.ag,2.5,340.0,Fanatics,3.5,950.0,Fanatics,4.5,2200.0,BetOnline.ag,1.5,112.0,BetOnline.ag,0.5,196.0,FanDuel,1.5,1200.0,FanDuel,2.5,1550.0,BetOnline.ag,3.5,3100.0,BetOnline.ag,0.5,196.0,FanDuel,0.5,400.0,FanDuel,1.5,2650.0,BetOnline.ag,,,,,,,0.5,400.0,FanDuel,0.5,480.0,BetRivers,,,,,,,,,,0.5,480.0,BetRivers,0.5,480.0,BetRivers,,,,,,,,,,0.5,480.0,BetRivers,The Odds API,"[""Bally Bet"", ""BetMGM"", ""BetRivers"", ""Bovada"", ""Caesars"", ""Courtside"", ""DraftKings"", ""FanDuel"", ""Fanatics"", ""betrivers""]",The Odds API,"[""Bally Bet"", ""BetMGM"", ""BetRivers"", ""Bovada"", ""Caesars"", ""Courtside"", ""DraftKings"", ""FanDuel"", ""Fanatics"", ""Fliff"", ""Hard Rock Bet"", ""theScore Bet""]",The Odds API,"[""Bally Bet"", ""BetOnline.ag"", ""BetRivers"", ""Bovada"", ""Courtside"", ""DraftKings"", ""FanDuel"", ""Fanatics"", ""Fliff"", ""ReBet""]",The Odds API,"[""Bally Bet"", ""BetOnline.ag"", ""BetRivers"", ""Courtside"", ""DraftKings"", ""FanDuel"", ""Fanatics"", ""Fliff"", ""ReBet"", ""draftkings""]",The Odds API,"[""Bally Bet"", ""BetOnline.ag"", ""BetRivers"", ""Caesars"", ""Courtside"", ""DraftKings"", ""FanDuel"", ""Fanatics"", ""Fliff"", ""ReBet"", ""draftkings""]",,,,,,,,,,,,,,,,,,ALTLINE_NB_v1_2026-01-18,1.5,112.0,BetOnline.ag,league_avg,2.3,0.6001759479749428,60.0,0.4716981132075472,27.237300970687876,27.2,0.6001759479749428,60.0,27.237300970687876,27.2,0.3835789960842564,38.4,68.7747582770728,68.8,0.2254288407355011,22.5,136.7002827722762,136.7,0.1243884637071297,12.4,186.09346652639843,186.1,0.5,196.0,FanDuel,exp/fallback,0.55,0.3952895639702568,39.5,0.3378378378378378,17.005710935196017,17.0,0.3952895639702568,39.5,17.005710935196017,17.0,0.116387476073939,11.6,51.30371889612079,51.3,0.0295594675779156,3.0,-51.22687849643924,-51.2,0.0068664730443637,0.7,-78.0272862580361,-78.0,0.5,400.0,FanDuel,exp/fallback,0.47,0.344359028995722,34.4,0.2,72.179514497861,72.2,0.344359028995722,34.4,72.179514497861,72.2,0.0948438416499644,9.5,160.8205645374021,160.8,,,,,,,,,0.5,480.0,BetRivers,exp/fallback,0.212,0.184120898980323,18.4,0.1724137931034483,6.790121408587346,6.8,0.184120898980323,18.4,6.790121408587346,6.8,,,,,,,,,,,,,0.5,480.0,BetRivers,exp/fallback,0.157,0.1388576957942334,13.9,0.1724137931034483,-19.46253643934459,-19.5,0.1388576957942334,13.9,-19.46253643934459,-19.5,,,,,,,,,,,,,True,True,False,False,True,,,Active roster,2026-10-02T16:41:02+00:00,False,[],2025-2026,,2026-09-24-frozen-v2,2026-10-02T16:41:05.426327+00:00
2026-10-02,BOS@WPG,2026020019,7:00 PM,2026-10-03T00:00:00Z,Jonathan Aspirot,8481219,BOS,False,,2026-27,BOS,D,,Healthy,Unknown,,,1.0,0.0,,16.0,11.0,2026-10-02T16:40:41+00:00,WPG,Stuart Skinner,,,50.0,Likely,dailyfaceoff_name_only,29.0,4.0,29.0,4.0,,33.4,49.3,A1+A2,16.74,65.4,45.4,0.98,NONE,False,False,25.71182842161681,2.3918432128567453,46.2,55.7,13.0,2.6,True,,,,,50.0,,,,,,,,,,,,,,,,,,,,,,,,,,,,,,,,,,,,,,,,0.6997950095426593,0.1272354562804835,,,0.0,2.554356044173969,2.8408175406849194,50.0,78.0,40.4,78.0,2.04,0.43,,,,,COOL,COOL,COOL,1.61,,COOL,Red,Red,Red,Red,52.0,42.0,39.0,46.0,POINTS,52.0,,,,,,,C,Passenger,0.1,,76.4,,0.0,0.0193989071038251,1.1833333333333331,0.0193989071038251,0.0011588431154925,0.1,0.1,32.32394366197183,0.0,38.02816901408451,7.852567975830816,7.923402579501821,76.4,55.8,False,,,,,,False,False,0.0,,False,0.0,,False,0.0,,,,,,,,,,,,,,,,,0.5,255.0,BetRivers,,,,,,,,,,0.5,255.0,BetRivers,,,,,,,,,,,,,,,,0.5,2500.0,Fanatics,,,,,,,,,,0.5,2500.0,Fanatics,0.5,2800.0,fanatics,,,,,,,,,,0.5,2800.0,fanatics,BallDontLie,"[""Bally Bet"", ""BetMGM"", ""BetRivers"", ""Bovada"", ""Caesars"", ""Courtside"", ""DraftKings"", ""FanDuel"", ""Fanatics"", ""fanatics""]",The Odds API,"[""Bally Bet"", ""BetMGM"", ""BetRivers"", ""Bovada"", ""Caesars"", ""Courtside"", ""DraftKings"", ""FanDuel"", ""Fanatics"", ""Fliff"", ""Hard Rock Bet"", ""theScore Bet""]",,,,,The Odds API,"[""Bally Bet"", ""BetRivers""]",,,,,,,,,,,,,,,,,,ALTLINE_NB_v1_2026-01-18,,,,league_avg,2.3,,,,,,,,,,,,,,,,,,,,,,0.5,255.0,BetRivers,exp/fallback,0.204,0.1788473856776486,17.9,0.2816901408450704,-36.50917808443472,-36.5,0.1788473856776486,17.9,-36.50917808443472,-36.5,,,,,,,,,,,,,,,,exp/fallback,0.161,,,,,,,,,,,,,,,,,,,,,,0.5,2500.0,Fanatics,exp/fallback,0.1972,0.1728826247012215,17.3,0.0384615384615384,349.49482422317595,349.5,0.1728826247012215,17.3,349.49482422317595,349.5,,,,,,,,,,,,,0.5,2800.0,fanatics,exp/fallback,0.1329499999999999,0.1197209205617531,12.0,0.0344827586206896,247.190669629084,247.2,0.1197209205617531,12.0,247.190669629084,247.2,,,,,,,,,,,,,False,False,True,True,False,,,Active roster,2026-10-02T16:41:02+00:00,False,[],2025-2026,,2026-09-24-frozen-v2,2026-10-02T16:41:05.426327+00:00
2026-10-02,BOS@WPG,2026020019,7:00 PM,2026-10-03T00:00:00Z,Marat Khusnutdinov,8482177,BOS,False,"{""season"":""2026-27"",""games"":[{""d"":""2026-09-29"",""g"":0,""a"":1,""s"":0,""pp"":0,""h"":""H"",""toi"":""13:23""}]}",2026-27,BOS,C,,Healthy,Unknown,,,1.0,0.0,,16.0,11.0,2026-10-02T16:40:41+00:00,WPG,Stuart Skinner,,,50.0,Likely,dailyfaceoff_name_only,29.0,4.0,29.0,4.0,,71.9,68.0,A1+A2,14.5,43.8,64.9,1.06,NONE,False,False,25.71182842161681,2.3918432128567453,46.2,55.7,13.0,2.6,True,,,0.0,,50.0,1.0,0.0,0.0,0.0,1.0,1.0,1.0,1.0,1.0,1.0,0.0,0.0,LOW,0.1,-0.4,LOW,0.05,,LOW,0.025,,LOW,0.1,,LOW,0.05,,LOW,0.025,,LOW,0.0,,LOW,0.0,,LOW,0.0,,1.634563330597419,0.3772069224455582,,,1.0,2.554356044173969,2.8408175406849194,50.0,78.0,64.1,78.0,4.22,1.74,,3.22,1.74,,HOT,WARM,COOL,2.48,1.48,COOL,Red,Red,Red,Red,64.0,61.0,61.0,62.0,POINTS,64.0,0.0,0.0,1.0,1.0,0.0,1.0,C,Passenger,4.3,,76.4,,0.0,0.6188311688311688,47.65,0.6188311688311688,0.0426773745727038,4.3,4.3,2.782791185729276,1.7124868835257083,1.2591815320041972,7.852567975830816,7.923402579501821,76.4,58.9,False,,,,🅿️ D:0,,False,False,1.0,,False,0.0,,False,0.0,,,,,,,,,,,,,,,,,0.5,210.0,BetRivers,1.5,1200.0,Fanatics,2.5,1500.0,BetOnline.ag,3.5,3000.0,BetOnline.ag,0.5,210.0,BetRivers,0.5,280.0,Fanatics,1.5,1900.0,Fanatics,,,,,,,0.5,280.0,Fanatics,0.5,850.0,FanDuel,,,,,,,,,,0.5,850.0,FanDuel,0.5,850.0,FanDuel,,,,,,,,,,0.5,850.0,FanDuel,The Odds API,"[""Bally Bet"", ""BetMGM"", ""BetRivers"", ""Bovada"", ""Caesars"", ""Courtside"", ""DraftKings"", ""FanDuel"", ""Fanatics"", ""fanatics""]",The Odds API,"[""Bally Bet"", ""BetMGM"", ""BetRivers"", ""Bovada"", ""Caesars"", ""Courtside"", ""DraftKings"", ""FanDuel"", ""Fanatics"", ""Fliff"", ""Hard Rock Bet"", ""theScore Bet""]",,,The Odds API,"[""BetOnline.ag"", ""Courtside"", ""DraftKings"", ""Fanatics"", ""ReBet"", ""draftkings""]",The Odds API,"[""Bally Bet"", ""BetOnline.ag"", ""BetRivers"", ""Courtside"", ""DraftKings"", ""Fanatics"", ""ReBet"", ""draftkings""]",,,,,,,,,,,,,,,,,,ALTLINE_NB_v1_2026-01-18,,,,league_avg,2.3,,,,,,,,,,,,,,,,,,,,,,0.5,210.0,BetRivers,exp/fallback,0.422,0.3253760319621251,32.5,0.3225806451612903,0.8665699082588074,0.9,0.3253760319621251,32.5,0.8665699082588074,0.9,0.0773222596244208,7.7,0.5189375117471084,0.5,0.0157572887693235,1.6,-74.78833796908226,-74.8,0.0029296886149723,0.3,-90.91796529358577,-90.9,0.5,280.0,Fanatics,exp/fallback,0.248,0.2084700041792783,20.8,0.2631578947368421,-20.781398411874253,-20.8,0.2084700041792783,20.8,-20.781398411874253,-20.8,0.0338263752081582,3.4,-32.347249583683535,-32.3,,,,,,,,,0.5,850.0,FanDuel,exp/fallback,0.2496,0.2117277758776391,21.2,0.1052631578947368,101.1413870837572,101.1,0.2117277758776391,21.2,101.1413870837572,101.1,,,,,,,,,,,,,0.5,850.0,FanDuel,exp/fallback,0.2181,0.1845066541080225,18.5,0.1052631578947368,75.28132140262146,75.3,0.1845066541080225,18.5,75.28132140262146,75.3,,,,,,,,,,,,,False,False,True,True,False,,,Active roster,2026-10-02T16:41:02+00:00,False,[],2025-2026,,2026-09-24-frozen-v2,2026-10-02T16:41:05.426327+00:00
2026-10-02,BOS@WPG,2026020019,7:00 PM,2026-10-03T00:00:00Z,Mark Kastelic,8480355,BOS,False,"{""season"":""2026-27"",""games"":[{""d"":""2026-09-29"",""g"":1,""a"":0,""s"":1,""pp"":0,""h"":""H"",""toi"":""13:07""}]}",2026-27,BOS,C,,Healthy,Unknown,,,1.0,0.0,,16.0,11.0,2026-10-02T16:40:41+00:00,WPG,Stuart Skinner,,,50.0,Likely,dailyfaceoff_name_only,29.0,4.0,29.0,4.0,,75.2,49.3,A1+A2,12.62,30.1,57.1,1.03,NONE,False,False,25.71182842161681,2.3918432128567453,46.2,55.7,13.0,2.6,True,,,1.0,,50.0,1.0,1.0,1.0,1.0,0.0,0.0,1.0,1.0,0.0,0.0,1.0,1.0,LOW,0.1,,LOW,0.05,,LOW,0.025,,LOW,0.0,,LOW,0.0,,LOW,0.0,,LOW,0.1,,LOW,0.05,,LOW,0.025,,1.2021922328952797,0.4243031410218634,,,0.0,2.554356044173969,2.8408175406849194,50.0,78.0,53.9,78.0,3.03,1.78,,2.03,0.78,,WARM,COOL,COOL,1.25,1.25,COOL,Red,Yellow,Red,Red,48.0,62.0,67.0,51.0,GOAL,67.0,0.0,1.0,0.0,1.0,0.0,1.0,C,Passenger,0.6,,76.4,,0.0,0.074390243902439,6.1,0.074390243902439,0.00589514375453,0.6,0.6,8.360655737704919,0.0,9.836065573770492,7.852567975830816,7.923402579501821,76.4,65.2,False,,,,🥅 D:0,,False,False,0.0,,False,0.0,,False,0.0,,,,,,,,,,,,,,,,,,,,,,,,,,,,,,,,,,,,,,,,,,,,,,,0.5,850.0,FanDuel,,,,,,,,,,0.5,850.0,FanDuel,0.5,850.0,FanDuel,,,,,,,,,,0.5,850.0,FanDuel,The Odds API,"[""Bally Bet"", ""BetMGM"", ""BetRivers"", ""Bovada"", ""Caesars"", ""Courtside"", ""DraftKings"", ""FanDuel"", ""Fanatics"", ""fanatics""]",The Odds API,"[""Bally Bet"", ""BetMGM"", ""BetRivers"", ""Bovada"", ""Caesars"", ""Courtside"", ""DraftKings"", ""FanDuel"", ""Fanatics"", ""Fliff"", ""Hard Rock Bet"", ""theScore Bet""]",,,,,,,,,,,,,,,,,,,,,,,,ALTLINE_NB_v1_2026-01-18,,,,exp/fallback,0.1,,,,,,,,,,,,,,,,,,,,,,,,,exp/fallback,0.303,,,,,,,,,,,,,,,,,,,,,,,,,exp/fallback,0.125,,,,,,,,,,,,,,,,,,,,,,0.5,850.0,FanDuel,exp/fallback,0.1883999999999999,0.1660974442673685,16.6,0.1052631578947368,57.79257205400007,57.8,0.1660974442673685,16.6,57.79257205400007,57.8,,,,,,,,,,,,,0.5,850.0,FanDuel,exp/fallback,0.165525,0.1454768725030207,14.5,0.1052631578947368,38.20302887786974,38.2,0.1454768725030207,14.5,38.20302887786974,38.2,,,,,,,,,,,,,False,False,True,True,False,,,Active roster,2026-10-02T16:41:02+00:00,False,[],2025-2026,,2026-09-24-frozen-v2,2026-10-02T16:41:05.426327+00:00
2026-10-02,BOS@WPG,2026020019,7:00 PM,2026-10-03T00:00:00Z,Mason Lohrei,8482511,BOS,False,,2026-27,BOS,D,,Healthy,Unknown,,,1.0,0.0,,16.0,11.0,2026-10-02T16:40:41+00:00,WPG,Stuart Skinner,,,50.0,Likely,dailyfaceoff_name_only,29.0,4.0,29.0,4.0,,49.8,69.6,A1+A2,16.91,67.6,60.3,1.04,NONE,False,False,25.71182842161681,2.3918432128567453,46.2,55.7,13.0,2.6,True,,,,,50.0,,,,,,,,,,,,,,,,,,,,,,,,,,,,,,,,,,,,,,,,1.093859196013491,0.4375436784053964,,,0.0,2.554356044173969,2.8408175406849194,50.0,78.0,51.5,78.0,3.47,0.76,,,,,COOL,COOL,COOL,2.71,,COOL,Red,Red,Red,Red,64.0,51.0,49.0,59.0,POINTS,64.0,,,,,,,B,Distributor,7.7,,76.4,,1.0,1.3070776255707763,95.41666666666669,1.3070776255707763,0.0773178472550476,7.7,7.7,2.25589519650655,0.7860262008733624,1.7292576419213972,7.852567975830816,7.923402579501821,76.4,66.9,False,,,,,,False,False,0.0,,False,0.0,,False,0.0,,1.5,180.0,BetRivers,,,,,,,,,,1.5,180.0,BetRivers,0.5,195.0,BetRivers,,,,,,,,,,0.5,195.0,BetRivers,0.5,275.0,BetRivers,,,,,,,,,,0.5,275.0,BetRivers,0.5,1300.0,Hard Rock Bet,,,,,,,,,,0.5,1300.0,Hard Rock Bet,0.5,1000.0,DraftKings,,,,,,,,,,0.5,1000.0,DraftKings,The Odds API,"[""Bally Bet"", ""BetMGM"", ""BetRivers"", ""Bovada"", ""Caesars"", ""Courtside"", ""DraftKings"", ""FanDuel"", ""Fanatics"", ""fanatics""]",The Odds API,"[""Bally Bet"", ""BetMGM"", ""BetRivers"", ""Bovada"", ""Caesars"", ""Courtside"", ""DraftKings"", ""FanDuel"", ""Fanatics"", ""Fliff"", ""Hard Rock Bet"", ""theScore Bet""]",The Odds API,"[""Bally Bet"", ""BetRivers""]",The Odds API,"[""Bally Bet"", ""BetRivers""]",The Odds API,"[""Bally Bet"", ""BetRivers""]",,,,,,,,,,,,,,,,,,ALTLINE_NB_v1_2026-01-18,1.5,180.0,BetRivers,league_avg,2.3,0.6001759479749428,60.0,0.3571428571428571,68.04926543298399,68.0,0.6001759479749428,60.0,68.04926543298399,68.0,,,,,,,,,,,,,0.5,195.0,BetRivers,exp/fallback,0.347,0.2792715418132707,27.9,0.3389830508474576,-17.61489516508513,-17.6,0.2792715418132707,27.9,-17.61489516508513,-17.6,,,,,,,,,,,,,0.5,275.0,BetRivers,exp/fallback,0.271,0.2244215687586148,22.4,0.2666666666666666,-15.84191171551943,-15.8,0.2244215687586148,22.4,-15.84191171551943,-15.8,,,,,,,,,,,,,0.5,1300.0,Hard Rock Bet,exp/fallback,0.2104,0.1829162939653906,18.3,0.0714285714285714,156.08281155154694,156.1,0.1829162939653906,18.3,156.08281155154694,156.1,,,,,,,,,,,,,0.5,1000.0,DraftKings,exp/fallback,0.1543999999999999,0.1368220932744118,13.7,0.0909090909090909,50.50430260185305,50.5,0.1368220932744118,13.7,50.50430260185305,50.5,,,,,,,,,,,,,True,False,True,True,False,,,Active roster,2026-10-02T16:41:02+00:00,False,[],2025-2026,,2026-09-24-frozen-v2,2026-10-02T16:41:05.426327+00:00
2026-10-02,BOS@WPG,2026020019,7:00 PM,2026-10-03T00:00:00Z,Michael Eyssimont,8479591,BOS,False,,2026-27,BOS,C,,Healthy,Unknown,,,1.0,0.0,,16.0,11.0,2026-10-02T16:40:41+00:00,WPG,Stuart Skinner,,,50.0,Likely,dailyfaceoff_name_only,29.0,4.0,29.0,4.0,,63.1,49.3,A1+A2,10.91,16.3,48.9,1.0,NONE,False,False,25.71182842161681,2.3918432128567453,46.2,55.7,13.0,2.6,True,,,,,50.0,,,,,,,,,,,,,,,,,,,,,,,,,,,,,,,,,,,,,,,,1.3802052612952695,0.3185089064527545,,,0.0,2.554356044173969,2.8408175406849194,50.0,78.0,57.4,78.0,3.36,1.58,,,,,COOL,COOL,COOL,1.78,,COOL,Red,Red,Red,Red,49.0,54.0,54.0,47.0,SOG,54.0,,,,,,,C,Passenger,5.7,,76.4,,0.0,0.6264880952380952,35.083333333333336,0.6264880952380952,0.0574257965953732,5.7,5.7,5.823277909738717,2.189073634204276,4.275534441805226,7.852567975830816,7.923402579501821,76.4,74.0,False,,,,,,False,False,0.0,,False,0.0,,False,0.0,,,,,,,,,,,,,,,,,,,,,,,,,,,,,,,,,,,,,,,,,,,,,,,,,,,,,,,,,,,,,,,,,,,,,,,,,,,,,,,,,,,,,,,,,,,,,,,,,,,,,,,,ALTLINE_NB_v1_2026-01-18,,,,league_avg,2.3,,,,,,,,,,,,,,,,,,,,,,,,,exp/fallback,0.3359999999999999,,,,,,,,,,,,,,,,,,,,,,,,,exp/fallback,0.178,,,,,,,,,,,,,,,,,,,,,,,,,exp/fallback,0.2432,,,,,,,,,,,,,,,,,,,,,,,,,exp/fallback,0.2077,,,,,,,,,,,,,,,,,,,,,,False,False,False,False,False,,,Active roster,2026-10-02T16:41:02+00:00,False,[],2025-2026,,2026-09-24-frozen-v2,2026-10-02T16:41:05.426327+00:00
2026-10-02,BOS@WPG,2026020019,7:00 PM,2026-10-03T00:00:00Z,Morgan Geekie,8479987,BOS,False,"{""season"":""2026-27"",""games"":[{""d"":""2026-09-29"",""g"":0,""a"":0,""s"":1,""pp"":0,""h"":""H"",""toi"":""16:18""}]}",2026-27,BOS,C,,Healthy,Unknown,,,1.0,0.0,,16.0,11.0,2026-10-02T16:40:41+00:00,WPG,Stuart Skinner,,,50.0,Likely,dailyfaceoff_name_only,29.0,4.0,29.0,4.0,,90.3,84.1,A1+A2,17.41,71.6,84.4,1.14,NONE,False,False,25.71182842161681,2.3918432128567453,46.2,55.7,13.0,2.6,True,,,1.0,,50.0,0.0,0.0,1.0,0.0,0.0,0.0,0.0,0.0,0.0,0.0,1.0,1.0,LOW,0.0,-0.5,LOW,0.0,,LOW,0.0,,LOW,0.0,,LOW,0.0,,LOW,0.0,,LOW,0.1,,LOW,0.05,,LOW,0.025,,2.047750916847541,0.4849936382007335,,,0.0,2.554356044173969,2.8408175406849194,50.0,78.0,70.6,78.0,7.95,3.48,,7.23,3.16,,HOT,HOT,COOL,4.48,4.07,HOT,Yellow,Yellow,Yellow,Yellow,79.0,73.0,73.0,78.0,POINTS,79.0,1.0,1.0,1.0,1.0,0.0,1.0,A,Hybrid,16.2,,76.4,,2.0,2.812139917695473,227.78333333333333,2.812139917695473,0.1615637412521278,16.2,16.2,3.432867491036804,1.585717421526304,2.173117728835882,7.852567975830816,7.923402579501821,76.4,81.7,False,,,,🅿️ D:1,,False,False,1.0,,False,0.0,,False,0.0,,1.5,-170.0,FanDuel,2.5,182.0,FanDuel,3.5,460.0,FanDuel,4.5,1100.0,Fanatics,2.5,182.0,FanDuel,0.5,-103.0,BetOnline.ag,1.5,500.0,theScore Bet,2.5,1900.0,Fanatics,3.5,1400.0,BetOnline.ag,0.5,-103.0,BetOnline.ag,0.5,230.0,FanDuel,1.5,1400.0,BetOnline.ag,2.5,3300.0,Bovada,,,,0.5,230.0,FanDuel,0.5,230.0,FanDuel,,,,,,,,,,0.5,230.0,FanDuel,0.5,230.0,FanDuel,,,,,,,,,,0.5,230.0,FanDuel,The Odds API,"[""Bally Bet"", ""BetMGM"", ""BetRivers"", ""Bovada"", ""Caesars"", ""Courtside"", ""DraftKings"", ""FanDuel"", ""Fanatics"", ""fanduel""]",The Odds API,"[""Bally Bet"", ""BetMGM"", ""BetRivers"", ""Bovada"", ""Caesars"", ""Courtside"", ""DraftKings"", ""FanDuel"", ""Fanatics"", ""Fliff"", ""Hard Rock Bet"", ""fanduel"", ""theScore Bet""]",The Odds API,"[""Bally Bet"", ""BetOnline.ag"", ""BetRivers"", ""Bovada"", ""Courtside"", ""DraftKings"", ""FanDuel"", ""Fanatics"", ""Fliff"", ""Hard Rock Bet"", ""ReBet"", ""draftkings"", ""theScore Bet""]",The Odds API,"[""Bally Bet"", ""BetOnline.ag"", ""BetRivers"", ""Bovada"", ""Courtside"", ""DraftKings"", ""FanDuel"", ""Fanatics"", ""Fliff"", ""Hard Rock Bet"", ""ReBet"", ""draftkings"", ""theScore Bet""]",The Odds API,"[""Bally Bet"", ""BetOnline.ag"", ""BetRivers"", ""Bovada"", ""Caesars"", ""Courtside"", ""DraftKings"", ""FanDuel"", ""Fanatics"", ""Fliff"", ""Hard Rock Bet"", ""ReBet"", ""draftkings"", ""theScore Bet""]",0.5,270.0,FanDuel,,,,,,,,,,0.5,270.0,FanDuel,The Odds API,"[""Bally Bet"", ""BetRivers"", ""Bovada"", ""FanDuel"", ""Fliff"", ""Hard Rock Bet"", ""theScore Bet""]",ALTLINE_NB_v1_2026-01-18,2.5,182.0,FanDuel,exp/fallback,0.1,0.0002745710270403,0.0,0.3546099290780142,-99.92257097037464,-99.9,0.0056639264392934,0.6,-99.1004352125828,-99.1,0.0002745710270403,0.0,-99.92257097037464,-99.9,1.167564107673602e-05,0.0,-99.99346164099704,-100.0,1.0000000000287557e-06,0.0,-99.99879999999996,-100.0,0.5,-103.0,BetOnline.ag,exp/fallback,0.795,0.5041121990714255,50.4,0.5073891625615764,-0.6458481441753705,-0.6,0.5041121990714255,50.4,-0.6458481441753705,-0.6,0.1956977247993997,19.6,17.41863487963984,17.4,0.0662215524886422,6.6,32.443104977284506,32.4,0.0205896216253554,2.1,-69.11556756196676,-69.1,0.5,230.0,FanDuel,exp/fallback,0.448,0.3325216796958433,33.3,0.303030303030303,9.732154299628291,9.7,0.3325216796958433,33.3,9.732154299628291,9.7,0.0882158892577207,8.8,32.323833886581085,32.3,0.0211515546276478,2.1,-28.084714265997345,-28.1,,,,,0.5,230.0,FanDuel,exp/fallback,0.2394,0.2043695550744255,20.4,0.303030303030303,-32.55804682543957,-32.6,0.2043695550744255,20.4,-32.55804682543957,-32.6,,,,,,,,,,,,,0.5,230.0,FanDuel,exp/fallback,0.2484,0.2056837453223569,20.6,0.303030303030303,-32.12436404362223,-32.1,0.2056837453223569,20.6,-32.12436404362223,-32.1,,,,,,,,,,,,,False,False,False,False,False,,,Active roster,2026-10-02T16:41:02+00:00,False,[],2025-2026,,2026-09-24-frozen-v2,2026-10-02T16:41:05.426327+00:00
2026-10-02,BOS@WPG,2026020019,7:00 PM,2026-10-03T00:00:00Z,Nikita Zadorov,8477507,BOS,False,"{""season"":""2026-27"",""games"":[{""d"":""2026-09-29"",""g"":0,""a"":0,""s"":1,""pp"":0,""h"":""H"",""toi"":""21:54""}]}",2026-27,BOS,D,,Healthy,Unknown,,,1.0,0.0,,16.0,11.0,2026-10-02T16:40:41+00:00,WPG,Stuart Skinner,,,50.0,Likely,dailyfaceoff_name_only,29.0,4.0,29.0,4.0,,52.7,71.0,A1+A2,20.88,89.2,66.4,1.07,NONE,False,False,25.71182842161681,2.3918432128567453,46.2,55.7,13.0,2.6,True,,,1.0,,50.0,0.0,0.0,1.0,0.0,0.0,0.0,0.0,0.0,0.0,0.0,1.0,1.0,LOW,0.0,-0.5,LOW,0.0,,LOW,0.0,,LOW,0.0,,LOW,0.0,,LOW,0.0,,LOW,0.1,,LOW,0.05,,LOW,0.025,,0.8112146872553903,0.3842595886999217,,,0.0,2.554356044173969,2.8408175406849194,50.0,78.0,43.6,78.0,3.44,0.81,,3.44,0.81,,HOT,COOL,COOL,2.63,2.63,HOT,Yellow,Red,Red,Yellow,69.0,54.0,52.0,64.0,POINTS,69.0,1.0,1.0,1.0,1.0,0.0,1.0,C,Passenger,0.3,,76.4,,0.0,0.0713991769547325,5.783333333333333,0.0713991769547325,0.0034192919011065,0.3,0.3,5.498559077809799,5.498559077809799,0.0,7.852567975830816,7.923402579501821,76.4,33.8,False,,,,🅿️ D:1,,False,False,0.0,,False,0.0,,False,0.0,,1.5,188.0,BetRivers,,,,,,,,,,1.5,188.0,BetRivers,0.5,340.0,Fanatics,1.5,2500.0,Fanatics,,,,,,,0.5,340.0,Fanatics,0.5,425.0,DraftKings,1.5,3000.0,Fanatics,,,,,,,0.5,425.0,DraftKings,0.5,2000.0,Fanatics,,,,,,,,,,0.5,2000.0,Fanatics,0.5,2000.0,Fanatics,,,,,,,,,,0.5,2000.0,Fanatics,The Odds API,"[""Bally Bet"", ""BetMGM"", ""BetRivers"", ""Bovada"", ""Caesars"", ""Courtside"", ""DraftKings"", ""FanDuel"", ""Fanatics"", ""fanduel""]",The Odds API,"[""Bally Bet"", ""BetMGM"", ""BetRivers"", ""Bovada"", ""Caesars"", ""Courtside"", ""DraftKings"", ""FanDuel"", ""Fanatics"", ""Fliff"", ""Hard Rock Bet"", ""theScore Bet""]",The Odds API,"[""Bally Bet"", ""BetRivers""]",The Odds API,"[""BetOnline.ag"", ""Courtside"", ""DraftKings"", ""Fanatics"", ""Fliff"", ""ReBet"", ""draftkings""]",The Odds API,"[""Bally Bet"", ""BetRivers"", ""Fanatics""]",,,,,,,,,,,,,,,,,,ALTLINE_NB_v1_2026-01-18,1.5,188.0,BetRivers,exp/fallback,0.1,0.0056639264392934,0.6,0.3472222222222222,-98.36878918548348,-98.4,0.0056639264392934,0.6,-98.36878918548348,-98.4,,,,,,,,,,,,,0.5,340.0,Fanatics,exp/fallback,0.344,0.2773400285448362,27.7,0.2272727272727272,22.02961255972792,22.0,0.2773400285448362,27.7,22.02961255972792,22.0,0.0554594232426439,5.5,44.19450043087432,44.2,,,,,,,,,0.5,425.0,DraftKings,exp/fallback,0.263,0.2189283345267456,21.9,0.1904761904761904,14.93737562654147,14.9,0.2189283345267456,21.9,14.93737562654147,14.9,0.0373800817477214,3.7,15.878253417936495,15.9,,,,,,,,,0.5,2000.0,Fanatics,exp/fallback,0.1593,0.1430969517223047,14.3,0.0476190476190476,200.50359861684,200.5,0.1430969517223047,14.3,200.50359861684,200.5,,,,,,,,,,,,,0.5,2000.0,Fanatics,exp/fallback,0.1182375,0.1076654102487368,10.8,0.0476190476190476,126.09736152234746,126.1,0.1076654102487368,10.8,126.09736152234746,126.1,,,,,,,,,,,,,False,True,True,True,True,,,Active roster,2026-10-02T16:41:02+00:00,False,[],2025-2026,,2026-09-24-frozen-v2,2026-10-02T16:41:05.426327+00:00
2026-10-02,BOS@WPG,2026020019,7:00 PM,2026-10-03T00:00:00Z,Pavel Zacha,8478401,BOS,False,"{""season"":""2026-27"",""games"":[{""d"":""2026-09-29"",""g"":0,""a"":0,""s"":3,""pp"":0,""h"":""H"",""toi"":""15:24""}]}",2026-27,BOS,C,,Healthy,Unknown,,,1.0,0.0,,16.0,11.0,2026-10-02T16:40:41+00:00,WPG,Stuart Skinner,,,50.0,Likely,dailyfaceoff_name_only,29.0,4.0,29.0,4.0,,91.3,89.9,A1+A2,16.85,66.7,85.9,1.14,NONE,False,False,25.71182842161681,2.3918432128567453,46.2,55.7,13.0,2.6,True,,,3.0,,50.0,0.0,0.0,3.0,0.0,0.0,0.0,0.0,0.0,0.0,0.0,3.0,3.0,LOW,0.0,-0.5,LOW,0.0,,LOW,0.0,,LOW,0.0,,LOW,0.0,,LOW,0.0,,LOW,0.3,,LOW,0.15,,LOW,0.075,,2.314549340561956,0.6255538758275556,,,0.0,2.554356044173969,2.8408175406849194,50.0,78.0,72.9,78.0,9.37,3.73,,8.52,3.39,,HOT,HOT,COOL,5.64,5.13,HOT,Yellow,Yellow,Yellow,Yellow,82.0,73.0,73.0,81.0,POINTS,82.0,1.0,1.0,1.0,0.0,0.0,1.0,A,Hybrid,16.4,,76.4,,2.0,2.7645299145299145,215.63333333333333,2.7645299145299145,0.1641045154743785,16.4,16.4,4.4200030916679545,2.6461586025660844,2.086875869531612,7.852567975830816,7.923402579501821,76.4,81.8,False,,,,🅿️ D:1,,False,False,1.0,,False,0.0,,False,0.0,,1.5,-112.0,BetOnline.ag,2.5,270.0,FanDuel,3.5,700.0,Fanatics,4.5,1700.0,Fanatics,1.5,-112.0,BetOnline.ag,0.5,100.0,FanDuel,1.5,520.0,FanDuel,2.5,1900.0,Fanatics,3.5,1550.0,BetOnline.ag,0.5,100.0,FanDuel,0.5,200.0,FanDuel,1.5,1100.0,BetOnline.ag,2.5,2500.0,Bovada,,,,0.5,200.0,FanDuel,0.5,300.0,BetRivers,,,,,,,,,,0.5,300.0,BetRivers,0.5,300.0,BetRivers,,,,,,,,,,0.5,300.0,BetRivers,The Odds API,"[""Bally Bet"", ""BetMGM"", ""BetRivers"", ""Bovada"", ""Caesars"", ""Courtside"", ""DraftKings"", ""FanDuel"", ""Fanatics"", ""betrivers""]",The Odds API,"[""Bally Bet"", ""BetMGM"", ""BetRivers"", ""Bovada"", ""Caesars"", ""Courtside"", ""DraftKings"", ""FanDuel"", ""Fanatics"", ""Fliff"", ""Hard Rock Bet"", ""theScore Bet""]",The Odds API,"[""Bally Bet"", ""BetOnline.ag"", ""BetRivers"", ""Bovada"", ""Courtside"", ""DraftKings"", ""FanDuel"", ""Fanatics"", ""Fliff"", ""Hard Rock Bet"", ""ReBet"", ""theScore Bet""]",The Odds API,"[""Bally Bet"", ""BetOnline.ag"", ""BetRivers"", ""Bovada"", ""Courtside"", ""DraftKings"", ""FanDuel"", ""Fanatics"", ""Fliff"", ""Hard Rock Bet"", ""ReBet"", ""draftkings"", ""theScore Bet""]",The Odds API,"[""Bally Bet"", ""BetOnline.ag"", ""BetRivers"", ""Bovada"", ""Caesars"", ""Courtside"", ""DraftKings"", ""FanDuel"", ""Fanatics"", ""Fliff"", ""Hard Rock Bet"", ""ReBet"", ""draftkings"", ""theScore Bet""]",0.5,230.0,Hard Rock Bet,1.5,850.0,Bovada,,,,,,,0.5,230.0,Hard Rock Bet,The Odds API,"[""Bally Bet"", ""BetRivers"", ""Bovada"", ""FanDuel"", ""Fliff"", ""Hard Rock Bet"", ""theScore Bet""]",ALTLINE_NB_v1_2026-01-18,1.5,-112.0,BetOnline.ag,exp/fallback,0.3,0.0422318805185903,4.2,0.5283018867924528,-92.00610833040967,-92.0,0.0422318805185903,4.2,-92.00610833040967,-92.0,0.0057840451049215,0.6,-97.859903311179,-97.9,0.0006983006285956,0.1,-99.44135949712349,-99.4,7.736670997449124e-05,0.0,-99.86073992204592,-99.9,0.5,100.0,FanDuel,exp/fallback,0.937,0.5553152672165784,55.5,0.5,11.063053443315685,11.1,0.5553152672165784,55.5,11.063053443315685,11.1,0.2415462287602615,24.2,49.75866183136216,49.8,0.0921045535483491,9.2,84.20910709669825,84.2,0.0323518910622978,3.2,-46.61937974720855,-46.6,0.5,200.0,FanDuel,exp/fallback,0.564,0.3915513250795243,39.2,0.3333333333333333,17.465397523857284,17.5,0.3915513250795243,39.2,17.465397523857284,17.5,0.1238718768305786,12.4,48.646252196694384,48.6,0.0355501868077205,3.6,-7.56951429992645,-7.6,,,,,0.5,300.0,BetRivers,exp/fallback,0.2469,0.2097893141031616,21.0,0.25,-16.084274358735364,-16.1,0.2097893141031616,21.0,-16.084274358735364,-16.1,,,,,,,,,,,,,0.5,300.0,BetRivers,exp/fallback,0.2605874999999999,0.2139471318360749,21.4,0.25,-14.421147265570022,-14.4,0.2139471318360749,21.4,-14.421147265570022,-14.4,,,,,,,,,,,,,False,True,False,False,True,,,Active roster,2026-10-02T16:41:02+00:00,False,[],2025-2026,,2026-09-24-frozen-v2,2026-10-02T16:41:05.426327+00:00
2026-10-02,BOS@WPG,2026020019,7:00 PM,2026-10-03T00:00:00Z,Sean Kuraly,8476374,BOS,False,,2026-27,BOS,C,,Healthy,Unknown,,,1.0,0.0,,16.0,11.0,2026-10-02T16:40:41+00:00,WPG,Stuart Skinner,,,50.0,Likely,dailyfaceoff_name_only,29.0,4.0,29.0,4.0,,65.6,63.9,A1+A2,13.33,34.0,58.7,1.03,NONE,False,False,25.71182842161681,2.3918432128567453,46.2,55.7,13.0,2.6,True,,,,,50.0,,,,,,,,,,,,,,,,,,,,,,,,,,,,,,,,,,,,,,,,1.3997433803802637,0.6998716901901318,,,0.0,2.554356044173969,2.8408175406849194,50.0,78.0,57.7,78.0,3.25,1.23,,,,,COOL,COOL,COOL,2.02,,COOL,Red,Red,Red,Red,58.0,57.0,57.0,56.0,POINTS,58.0,,,,,,,C,Passenger,0.3,,76.4,,0.0,0.0408536585365853,3.35,0.0408536585365853,0.0030649588289112,0.3,0.3,0.0,0.0,0.0,7.852567975830816,7.923402579501821,76.4,33.8,False,,,,,,False,False,0.0,,False,0.0,,False,0.0,,,,,,,,,,,,,,,,,,,,,,,,,,,,,,,,,,,,,,,,,,,,,,,0.5,1000.0,DraftKings,,,,,,,,,,0.5,1000.0,DraftKings,0.5,1000.0,DraftKings,,,,,,,,,,0.5,1000.0,DraftKings,The Odds API,"[""Bally Bet"", ""BetMGM"", ""BetRivers"", ""Bovada"", ""Caesars"", ""Courtside"", ""DraftKings"", ""FanDuel"", ""Fanatics"", ""fanduel""]",The Odds API,"[""Bally Bet"", ""BetMGM"", ""BetRivers"", ""Bovada"", ""Caesars"", ""Courtside"", ""DraftKings"", ""FanDuel"", ""Fanatics"", ""Fliff"", ""Hard Rock Bet"", ""theScore Bet""]",,,,,,,,,,,,,,,,,,,,,,,,ALTLINE_NB_v1_2026-01-18,,,,league_avg,2.3,,,,,,,,,,,,,,,,,,,,,,,,,exp/fallback,0.325,,,,,,,,,,,,,,,,,,,,,,,,,exp/fallback,0.202,,,,,,,,,,,,,,,,,,,,,,0.5,1000.0,DraftKings,exp/fallback,0.2292,0.1969148133839732,19.7,0.0909090909090909,116.60629472237054,116.6,0.1969148133839732,19.7,116.60629472237054,116.6,,,,,,,,,,,,,0.5,1000.0,DraftKings,exp/fallback,0.18495,0.1602495866666299,16.0,0.0909090909090909,76.2745453332929,76.3,0.1602495866666299,16.0,76.2745453332929,76.3,,,,,,,,,,,,,False,False,True,True,False,,,Active roster,2026-10-02T16:41:02+00:00,False,[],2025-2026,,2026-09-24-frozen-v2,2026-10-02T16:41:05.426327+00:00
2026-10-02,BOS@WPG,2026020019,7:00 PM,2026-10-03T00:00:00Z,Tanner Jeannot,8479661,BOS,False,"{""season"":""2026-27"",""games"":[{""d"":""2026-09-29"",""g"":0,""a"":0,""s"":0,""pp"":0,""h"":""H"",""toi"":""13:13""}]}",2026-27,BOS,L,,Healthy,Unknown,,,1.0,0.0,,16.0,11.0,2026-10-02T16:40:41+00:00,WPG,Stuart Skinner,,,50.0,Likely,dailyfaceoff_name_only,29.0,4.0,29.0,4.0,,70.4,63.9,A1+A2,12.64,30.4,60.1,1.04,NONE,False,False,25.71182842161681,2.3918432128567453,46.2,55.7,13.0,2.6,True,,,0.0,,50.0,0.0,0.0,0.0,0.0,0.0,0.0,0.0,0.0,0.0,0.0,0.0,0.0,LOW,0.0,,LOW,0.0,,LOW,0.0,,LOW,0.0,,LOW,0.0,,LOW,0.0,,LOW,0.0,,LOW,0.0,,LOW,0.0,,1.4033993450803055,0.5613597380321222,,,0.0,2.554356044173969,2.8408175406849194,50.0,78.0,57.8,78.0,3.74,1.58,,3.74,1.58,,HOT,WARM,COOL,2.16,2.16,WARM,Red,Red,Red,Red,62.0,59.0,59.0,59.0,POINTS,62.0,1.0,1.0,1.0,1.0,0.0,1.0,C,Passenger,0.6,,76.4,,0.0,0.0816017316017316,6.283333333333333,0.0816017316017316,0.0064543742509844,0.6,0.6,6.087533156498674,0.0,7.161803713527852,7.852567975830816,7.923402579501821,76.4,64.8,False,,,,🅿️ D:1,,False,False,1.0,,False,0.0,,False,0.0,,,,,,,,,,,,,,,,,,,,,,,,,,,,,,,,,,,,,,,,,,,,,,,0.5,1000.0,DraftKings,,,,,,,,,,0.5,1000.0,DraftKings,0.5,1000.0,DraftKings,,,,,,,,,,0.5,1000.0,DraftKings,The Odds API,"[""Bally Bet"", ""BetMGM"", ""BetRivers"", ""Bovada"", ""Caesars"", ""Courtside"", ""DraftKings"", ""FanDuel"", ""Fanatics"", ""fanduel""]",The Odds API,"[""Bally Bet"", ""BetMGM"", ""BetRivers"", ""Bovada"", ""Caesars"", ""Courtside"", ""DraftKings"", ""FanDuel"", ""Fanatics"", ""Fliff"", ""Hard Rock Bet"", ""theScore Bet""]",,,,,,,,,,,,,,,,,,,,,,,,ALTLINE_NB_v1_2026-01-18,,,,league_avg,2.3,,,,,,,,,,,,,,,,,,,,,,,,,exp/fallback,0.374,,,,,,,,,,,,,,,,,,,,,,,,,exp/fallback,0.216,,,,,,,,,,,,,,,,,,,,,,0.5,1000.0,DraftKings,exp/fallback,0.2432,0.2071220478853718,20.7,0.0909090909090909,127.83425267390896,127.8,0.2071220478853718,20.7,127.83425267390896,127.8,,,,,,,,,,,,,0.5,1000.0,DraftKings,exp/fallback,0.2077,0.1770223540372382,17.7,0.0909090909090909,94.72458944096202,94.7,0.1770223540372382,17.7,94.72458944096202,94.7,,,,,,,,,,,,,False,False,True,True,False,,,Active roster,2026-10-02T16:41:02+00:00,False,[],2025-2026,,2026-09-24-frozen-v2,2026-10-02T16:41:05.426327+00:00
2026-10-02,BOS@WPG,2026020019,7:00 PM,2026-10-03T00:00:00Z,Will Borgen,8478840,NYR,True,,2026-27,BOS,D,,Healthy,Unknown,,,1.0,0.0,,16.0,11.0,2026-10-02T16:40:41+00:00,WPG,Stuart Skinner,,,50.0,Likely,dailyfaceoff_name_only,29.0,4.0,29.0,4.0,,31.8,49.3,A1+A2,18.04,75.5,46.6,0.99,NONE,False,False,25.71182842161681,2.3918432128567453,46.2,55.7,13.0,2.6,True,,,,,50.0,,,,,,,,,,,,,,,,,,,,,,,,,,,,,,,,,,,,,,,,0.6689250032159856,0.2058230779126109,,,0.0,2.554356044173969,2.8408175406849194,50.0,78.0,39.9,78.0,1.63,0.31,,,,,COOL,COOL,COOL,1.32,,COOL,Red,Red,Red,Red,53.0,42.0,39.0,47.0,POINTS,53.0,,,,,,,,Passenger,0.2,,76.4,,,0.0315555555555555,2.3666666666666667,0.0315555555555555,0.0017490269497955,0.2,0.2,0.0,0.0,0.0,7.852567975830816,7.923402579501821,76.4,31.5,False,,,,,,False,False,0.0,,False,0.0,,False,0.0,,,,,,,,,,,,,,,,,0.5,390.0,draftkings,,,,,,,,,,0.5,390.0,draftkings,0.5,475.0,draftkings,,,,,,,,,,0.5,475.0,draftkings,,,,,,,,,,,,,,,,0.5,1900.0,fanduel,,,,,,,,,,0.5,1900.0,fanduel,BallDontLie,"[""fanduel""]",,,,,BallDontLie,"[""draftkings""]",BallDontLie,"[""draftkings""]",,,,,,,,,,,,,,,,,,ALTLINE_NB_v1_2026-01-18,,,,league_avg,2.3,,,,,,,,,,,,,,,,,,,,,,0.5,390.0,draftkings,exp/fallback,0.1629999999999999,0.1465941275615718,14.7,0.2040816326530612,-28.168877494829797,-28.2,0.1465941275615718,14.7,-28.168877494829797,-28.2,,,,,,,,,,,,,0.5,475.0,draftkings,exp/fallback,0.132,0.1199940863602605,12.0,0.1739130434782608,-31.003400342850185,-31.0,0.1199940863602605,12.0,-31.003400342850185,-31.0,,,,,,,,,,,,,,,,exp/fallback,0.1924,,,,,,,,,,,,,,,,,,,,,,0.5,1900.0,fanduel,exp/fallback,0.1251499999999999,0.1133632623168545,11.3,0.05,126.72652463370912,126.7,0.1133632623168545,11.3,126.72652463370912,126.7,,,,,,,,,,,,,False,False,False,True,False,,,Active roster,2026-10-02T16:41:02+00:00,False,[],2025-2026,,2026-09-24-frozen-v2,2026-10-02T16:41:05.426327+00:00
2026-10-02,BOS@WPG,2026020019,7:00 PM,2026-10-03T00:00:00Z,Adam Lowry,8476392,WPG,False,"{""season"":""2026-27"",""games"":[]}",2026-27,WPG,C,,Healthy,Unknown,,,2.0,0.0,,16.0,11.0,2026-10-02T16:40:41+00:00,BOS,Jeremy Swayman,0.9071246819338422,2.707645389120994,32.0,Unconfirmed,dailyfaceoff_name_and_stats,28.0,5.0,28.0,5.0,6.9,71.2,63.9,A1+A2,14.97,48.4,64.1,1.06,NONE,False,False,24.83856174316134,2.3401792243526978,35.9,26.8,8.0,2.0,True,1.0,0.75,0.8,0.93,15.4,2.0,0.0,8.0,0.0,0.0,2.0,5.0,12.0,4.0,10.0,16.0,40.0,LOW,0.2,,LOW,0.25,,LOW,0.3,,LOW,0.2,,LOW,0.2,,LOW,0.25,,LOW,0.8,,LOW,0.8,,LOW,1.0,,1.2277145184820295,0.5456508971031242,,,2.0,2.666162545755205,2.6773806209827864,50.0,65.8,54.2,90.5,4.26,1.85,9.3,2.26,1.85,1.3,WARM,WARM,COOL,2.41,0.41,COOL,Red,Red,Red,Red,64.0,60.0,59.0,60.0,POINTS,64.0,5.0,5.0,10.0,10.0,0.0,10.0,C,Passenger,0.5,,35.6,,0.0,0.0714285714285714,5.0,0.0714285714285714,0.0047709923664122,0.5,0.5,0.0,0.0,0.0,7.211801710007531,6.692271808427927,35.6,28.0,False,,,,🅿️ D:5,,False,False,1.0,,False,0.0,,False,0.0,,,,,,,,,,,,,,,,,,,,,,,,,,,,,,,,,,,,,,,,,,,,,,,0.5,650.0,BetRivers,,,,,,,,,,0.5,650.0,BetRivers,0.5,650.0,BetRivers,,,,,,,,,,0.5,650.0,BetRivers,The Odds API,"[""Bally Bet"", ""BetMGM"", ""BetRivers"", ""Bovada"", ""Caesars"", ""Courtside"", ""DraftKings"", ""FanDuel"", ""Fanatics"", ""betrivers""]",The Odds API,"[""Bally Bet"", ""BetMGM"", ""BetRivers"", ""Bovada"", ""Caesars"", ""Courtside"", ""DraftKings"", ""FanDuel"", ""Fanatics"", ""Fliff"", ""Hard Rock Bet"", ""theScore Bet""]",,,,,,,,,,,,,,,,,,,,,,,,ALTLINE_NB_v1_2026-01-18,,,,exp/fallback,0.93,,,,,,,,,,,,,,,,,,,,,,,,,exp/fallback,0.426,,,,,,,,,,,,,,,,,,,,,,,,,exp/fallback,0.241,,,,,,,,,,,,,,,,,,,,,,0.5,650.0,BetRivers,exp/fallback,0.1905,0.1677236943721936,16.8,0.1333333333333333,25.79277077914519,25.8,0.1677236943721936,16.8,25.79277077914519,25.8,,,,,,,,,,,,,0.5,650.0,BetRivers,exp/fallback,0.1689375,0.1481029906687618,14.8,0.1333333333333333,11.077243001571402,11.1,0.1481029906687618,14.8,11.077243001571402,11.1,,,,,,,,,,,,,False,False,True,True,False,6.9,,Active roster,2026-10-02T16:41:02+00:00,False,[],2025-2026,,2026-09-24-frozen-v2,2026-10-02T16:41:05.426327+00:00
2026-10-02,BOS@WPG,2026020019,7:00 PM,2026-10-03T00:00:00Z,Alex Iafallo,8480113,WPG,False,"{""season"":""2026-27"",""games"":[]}",2026-27,WPG,L,,Healthy,Unknown,,,2.0,0.0,,16.0,11.0,2026-10-02T16:40:41+00:00,BOS,Jeremy Swayman,0.9071246819338422,2.707645389120994,32.0,Unconfirmed,dailyfaceoff_name_and_stats,28.0,5.0,28.0,5.0,17.2,79.4,63.9,A1+A2,15.59,53.6,68.8,1.08,NONE,False,False,24.83856174316134,2.3401792243526978,35.9,26.8,8.0,2.0,True,2.5,2.0,2.8,2.605,79.4,4.0,2.0,20.0,1.0,1.0,2.0,7.0,15.0,4.0,9.0,39.0,58.0,LOW,0.4,-0.1,LOW,0.35,,LOW,0.375,,LOW,0.2,,LOW,0.2,,LOW,0.225,,LOW,2.0,,LOW,1.95,,LOW,1.45,,1.187726822830749,0.2375453645661497,,,2.0,2.666162545755205,2.6773806209827864,50.0,65.8,53.6,90.5,4.36,2.19,28.66,0.36,0.19,6.05,COOL,COOL,HOT,2.18,0.18,COOL,Red,Red,Red,Red,49.0,70.0,69.0,56.0,SOG,70.0,1.0,2.0,1.0,0.0,1.0,5.0,B,Hybrid,7.6,,35.6,,1.0,1.183755274261603,93.51666666666668,1.183755274261603,0.0759289831930498,7.6,7.6,2.9481375868829085,1.584744252361433,1.6039921582605596,7.211801710007531,6.692271808427927,35.6,56.7,False,,,,🎯 D:0,,False,False,0.0,,False,0.0,,False,0.0,,,,,,,,,,,,,,,,,0.5,265.0,BetRivers,,,,,,,,,,0.5,265.0,BetRivers,,,,,,,,,,,,,,,,0.5,625.0,FanDuel,,,,,,,,,,0.5,625.0,FanDuel,0.5,625.0,FanDuel,,,,,,,,,,0.5,625.0,FanDuel,The Odds API,"[""Bally Bet"", ""BetMGM"", ""BetRivers"", ""Bovada"", ""Caesars"", ""Courtside"", ""DraftKings"", ""FanDuel"", ""Fanatics"", ""fanatics""]",The Odds API,"[""Bally Bet"", ""BetMGM"", ""BetRivers"", ""Bovada"", ""Caesars"", ""Courtside"", ""DraftKings"", ""FanDuel"", ""Fanatics"", ""Fliff"", ""Hard Rock Bet"", ""theScore Bet""]",,,,,The Odds API,"[""Bally Bet"", ""BetRivers""]",,,,,,,,,,,,,,,,,,ALTLINE_NB_v1_2026-01-18,,,,exp/fallback,2.866,,,,,,,,,,,,,,,,,,,,,,0.5,265.0,BetRivers,exp/fallback,0.436,0.3335380108264274,33.4,0.273972602739726,21.741373951646004,21.7,0.3335380108264274,33.4,21.741373951646004,21.7,,,,,,,,,,,,,,,,exp/fallback,0.218,,,,,,,,,,,,,,,,,,,,,,0.5,625.0,FanDuel,exp/fallback,0.2676,0.2244822955635959,22.4,0.1379310344827586,62.74966428360702,62.7,0.2244822955635959,22.4,62.74966428360702,62.7,,,,,,,,,,,,,0.5,625.0,FanDuel,exp/fallback,0.24735,0.2049651200199427,20.5,0.1379310344827586,48.59971201445848,48.6,0.2049651200199427,20.5,48.59971201445848,48.6,,,,,,,,,,,,,False,True,True,True,False,17.2,,Active roster,2026-10-02T16:41:02+00:00,False,[],2025-2026,,2026-09-24-frozen-v2,2026-10-02T16:41:05.426327+00:00
2026-10-02,BOS@WPG,2026020019,7:00 PM,2026-10-03T00:00:00Z,Brad Lambert,8483471,WPG,False,,2026-27,WPG,C,,Healthy,Unknown,,,2.0,0.0,,16.0,11.0,2026-10-02T16:40:41+00:00,BOS,Jeremy Swayman,0.9071246819338422,2.707645389120994,32.0,Unconfirmed,dailyfaceoff_name_and_stats,28.0,5.0,28.0,5.0,,31.5,28.5,A1+A2,10.81,15.0,27.2,0.94,NONE,False,False,24.83856174316134,2.3401792243526978,35.9,26.8,8.0,2.0,True,,,,,50.0,,,,,,,,,,,,,,,,,,,,,,,,,,,,,,,,,,,,,,,,1.2756909992912828,0.5102763997165131,,,0.0,2.666162545755205,2.6773806209827864,50.0,65.8,55.4,90.5,2.02,0.89,,,,,COOL,COOL,COOL,1.13,,COOL,Red,Red,Red,Red,35.0,35.0,33.0,32.0,POINTS,35.0,,,,,,,C,Passenger,12.4,,35.6,,0.0,1.344666666666667,33.61666666666667,1.344666666666667,0.1244370411499784,12.4,12.4,1.887456618740704,0.7496281606346058,1.338621715418939,7.211801710007531,6.692271808427927,35.6,60.7,False,,,,,,False,False,0.0,,False,0.0,,False,0.0,,,,,,,,,,,,,,,,,0.5,255.0,BetRivers,,,,,,,,,,0.5,255.0,BetRivers,,,,,,,,,,,,,,,,0.5,650.0,BetRivers,,,,,,,,,,0.5,650.0,BetRivers,0.5,650.0,BetRivers,,,,,,,,,,0.5,650.0,BetRivers,The Odds API,"[""Bally Bet"", ""BetMGM"", ""BetRivers"", ""Bovada"", ""Caesars"", ""Courtside"", ""DraftKings"", ""FanDuel"", ""Fanatics"", ""betrivers""]",The Odds API,"[""Bally Bet"", ""BetMGM"", ""BetRivers"", ""Bovada"", ""Caesars"", ""Courtside"", ""DraftKings"", ""FanDuel"", ""Fanatics"", ""Fliff"", ""Hard Rock Bet"", ""theScore Bet""]",,,,,The Odds API,"[""Bally Bet"", ""BetRivers""]",,,,,,,,,,,,,,,,,,ALTLINE_NB_v1_2026-01-18,,,,league_avg,2.3,,,,,,,,,,,,,,,,,,,,,,0.5,255.0,BetRivers,exp/fallback,0.202,0.1773125930889858,17.7,0.2816901408450704,-37.05402945341003,-37.1,0.1773125930889858,17.7,-37.05402945341003,-37.1,,,,,,,,,,,,,,,,exp/fallback,0.1129999999999999,,,,,,,,,,,,,,,,,,,,,,0.5,650.0,BetRivers,exp/fallback,0.2155999999999999,0.1868221851758579,18.7,0.1333333333333333,40.11663888189344,40.1,0.1868221851758579,18.7,40.11663888189344,40.1,,,,,,,,,,,,,0.5,650.0,BetRivers,exp/fallback,0.16285,0.1434089504531858,14.3,0.1333333333333333,7.556712839889357,7.6,0.1434089504531858,14.3,7.556712839889357,7.6,,,,,,,,,,,,,False,False,True,False,False,,,Active roster,2026-10-02T16:41:02+00:00,False,[],2025-2026,,2026-09-24-frozen-v2,2026-10-02T16:41:05.426327+00:00
2026-10-02,BOS@WPG,2026020019,7:00 PM,2026-10-03T00:00:00Z,Cole Koepke,8481043,WPG,False,,2026-27,WPG,L,,Healthy,Unknown,,,2.0,0.0,,16.0,11.0,2026-10-02T16:40:41+00:00,BOS,Jeremy Swayman,0.9071246819338422,2.707645389120994,32.0,Unconfirmed,dailyfaceoff_name_and_stats,28.0,5.0,28.0,5.0,,66.6,46.6,A1+A2,10.46,11.4,48.6,0.99,NONE,False,False,24.83856174316134,2.3401792243526978,35.9,26.8,8.0,2.0,True,,,,,50.0,,,,,,,,,,,,,,,,,,,,,,,,,,,,,,,,,,,,,,,,1.7097061442564558,0.5342831700801425,,,0.0,2.666162545755205,2.6773806209827864,50.0,65.8,65.7,90.5,2.85,1.5,,,,,COOL,COOL,COOL,1.36,,COOL,Red,Red,Red,Red,45.0,53.0,53.0,45.0,SOG,53.0,,,,,,,C,Passenger,0.1,,35.6,,0.0,0.008080808080808,0.5333333333333333,0.008080808080808,0.0007726482518833,0.1,0.1,0.0,0.0,0.0,7.211801710007531,6.692271808427927,35.6,19.5,False,,,,,,False,False,0.0,,False,0.0,,False,0.0,,,,,,,,,,,,,,,,,,,,,,,,,,,,,,,,,,,,,,,,,,,,,,,,,,,,,,,,,,,,,,,,,,,,,,,,,,,,,,,,,,,,,,,,,,,,,,,,,,,,,,,,ALTLINE_NB_v1_2026-01-18,,,,league_avg,2.3,,,,,,,,,,,,,,,,,,,,,,,,,exp/fallback,0.285,,,,,,,,,,,,,,,,,,,,,,,,,exp/fallback,0.136,,,,,,,,,,,,,,,,,,,,,,,,,exp/fallback,0.24,,,,,,,,,,,,,,,,,,,,,,,,,exp/fallback,0.2025,,,,,,,,,,,,,,,,,,,,,,False,False,False,False,False,,,Active roster,2026-10-02T16:41:02+00:00,False,[],2025-2026,,2026-09-24-frozen-v2,2026-10-02T16:41:05.426327+00:00
2026-10-02,BOS@WPG,2026020019,7:00 PM,2026-10-03T00:00:00Z,Cole Perfetti,8482149,WPG,False,"{""season"":""2026-27"",""games"":[]}",2026-27,WPG,C,,Healthy,Unknown,,,2.0,0.0,,16.0,11.0,2026-10-02T16:40:41+00:00,BOS,Jeremy Swayman,0.9071246819338422,2.707645389120994,32.0,Unconfirmed,dailyfaceoff_name_and_stats,28.0,5.0,28.0,5.0,6.9,87.3,71.0,A1+A2,15.62,54.2,75.0,1.1,NONE,False,False,24.83856174316134,2.3401792243526978,35.9,26.8,8.0,2.0,True,1.0,1.375,1.0,1.0,23.5,3.0,2.0,15.0,0.0,1.0,1.0,10.0,23.0,6.0,14.0,35.0,87.0,LOW,0.3,-0.2,LOW,0.5,,LOW,0.575,,LOW,0.1,,LOW,0.3,,LOW,0.35,,LOW,1.5,,LOW,1.75,,LOW,2.175,,1.46548549053056,0.6280652102273828,,,1.0,2.666162545755205,2.6773806209827864,50.0,65.8,60.1,90.5,6.49,3.26,10.0,3.49,1.26,-5.0,HOT,COOL,COOL,3.24,2.24,WARM,Yellow,Red,Yellow,Yellow,70.0,71.0,70.0,66.0,SOG,71.0,4.0,4.0,8.0,8.0,1.0,8.0,B,Shooter,13.9,,35.6,,1.0,2.174509803921569,147.86666666666667,2.174509803921569,0.1391795434936073,13.9,13.9,3.7736699729486025,2.738954012623985,1.217312894499549,7.211801710007531,6.692271808427927,35.6,63.4,False,,,,🎯 D:8,,False,False,1.0,,False,0.0,,False,0.0,,1.5,-170.0,Fanatics,2.5,178.0,FanDuel,3.5,460.0,Fanatics,4.5,1100.0,Fanatics,1.5,-170.0,Fanatics,0.5,-105.0,Hard Rock Bet,1.5,450.0,DraftKings,2.5,1700.0,Fanatics,3.5,1550.0,BetOnline.ag,0.5,-105.0,Hard Rock Bet,0.5,205.0,Bovada,1.5,1200.0,DraftKings,2.5,3300.0,Bovada,,,,0.5,205.0,Bovada,0.5,250.0,fanduel,,,,,,,,,,0.5,250.0,fanduel,0.5,250.0,fanatics,,,,,,,,,,0.5,250.0,fanatics,BallDontLie,"[""Bally Bet"", ""BetMGM"", ""BetRivers"", ""Bovada"", ""Caesars"", ""Courtside"", ""DraftKings"", ""FanDuel"", ""Fanatics"", ""fanatics""]",BallDontLie,"[""Bally Bet"", ""BetMGM"", ""BetRivers"", ""Bovada"", ""Caesars"", ""Courtside"", ""DraftKings"", ""FanDuel"", ""Fanatics"", ""Fliff"", ""Hard Rock Bet"", ""fanduel"", ""theScore Bet""]",The Odds API,"[""Bally Bet"", ""BetOnline.ag"", ""BetRivers"", ""Bovada"", ""Courtside"", ""DraftKings"", ""FanDuel"", ""Fanatics"", ""Fliff"", ""Hard Rock Bet"", ""ReBet"", ""theScore Bet""]",The Odds API,"[""Bally Bet"", ""BetOnline.ag"", ""BetRivers"", ""Bovada"", ""Courtside"", ""DraftKings"", ""FanDuel"", ""Fanatics"", ""Fliff"", ""Hard Rock Bet"", ""ReBet"", ""draftkings"", ""theScore Bet""]",The Odds API,"[""Bally Bet"", ""BetOnline.ag"", ""BetRivers"", ""Bovada"", ""Caesars"", ""Courtside"", ""DraftKings"", ""FanDuel"", ""Fanatics"", ""Fliff"", ""Hard Rock Bet"", ""ReBet"", ""draftkings"", ""theScore Bet""]",0.5,270.0,FanDuel,,,,,,,,,,0.5,270.0,FanDuel,The Odds API,"[""Bally Bet"", ""BetRivers"", ""Bovada"", ""FanDuel"", ""Fliff"", ""Hard Rock Bet"", ""theScore Bet""]",ALTLINE_NB_v1_2026-01-18,1.5,-170.0,Fanatics,exp/fallback,1.0,0.2627199999999999,26.3,0.6296296296296297,-58.27388235294119,-58.3,0.2627199999999999,26.3,-58.27388235294119,-58.3,0.0988799999999999,9.9,-72.51136,-72.5,0.033344,3.3,-81.32735999999998,-81.3,0.0104064,1.0,-87.51231999999996,-87.5,0.5,-105.0,Hard Rock Bet,exp/fallback,0.649,0.4428056430843285,44.3,0.5121951219512195,-13.547469683535851,-13.5,0.4428056430843285,44.3,-13.547469683535851,-13.5,0.1481235442062201,14.8,-18.53205068657895,-18.5,0.0429262492821869,4.3,-22.73275129206356,-22.7,0.0113994933871766,1.1,-81.1908359111586,-81.2,0.5,205.0,Bovada,exp/fallback,0.324,0.259393117095873,25.9,0.3278688524590163,-20.885099285758745,-20.9,0.259393117095873,25.9,-20.885099285758745,-20.9,0.0528899931191629,5.3,-31.243008945088125,-31.2,0.0097056048865119,1.0,-67.00094338585936,-67.0,,,,,0.5,250.0,fanduel,exp/fallback,0.2328,0.1995570218262653,20.0,0.2857142857142857,-30.155042360807133,-30.2,0.1995570218262653,20.0,-30.155042360807133,-30.2,,,,,,,,,,,,,0.5,250.0,fanatics,exp/fallback,0.2376749999999999,0.1982927000938362,19.8,0.2857142857142857,-30.597554967157308,-30.6,0.1982927000938362,19.8,-30.597554967157308,-30.6,,,,,,,,,,,,,False,False,False,False,False,6.9,,Active roster,2026-10-02T16:41:02+00:00,False,[],2025-2026,,2026-09-24-frozen-v2,2026-10-02T16:41:05.426327+00:00
2026-10-02,BOS@WPG,2026020019,7:00 PM,2026-10-03T00:00:00Z,Dylan DeMelo,8476331,WPG,False,,2026-27,WPG,D,,Healthy,Unknown,,,2.0,1.0,🟢 ROLE+,16.0,11.0,2026-10-02T16:40:41+00:00,BOS,Jeremy Swayman,0.9071246819338422,2.707645389120994,32.0,Unconfirmed,dailyfaceoff_name_and_stats,28.0,5.0,28.0,5.0,,34.7,63.9,A1+A2,21.46,91.5,56.3,1.02,NONE,False,False,24.83856174316134,2.3401792243526978,35.9,26.8,8.0,2.0,True,,,,,50.0,,,,,,,,,,,,,,,,,,,,,,,,,,,,,,,,,,,,,,,,0.6414896815939237,0.1603724203984809,,,0.0,2.666162545755205,2.6773806209827864,50.0,65.8,39.2,90.5,2.36,0.36,,,,,COOL,COOL,COOL,2.0,,COOL,Red,Red,Red,Red,62.0,45.0,41.0,55.0,POINTS,62.0,,,,,,,C,Passenger,0.5,,35.6,,0.0,0.1111788617886179,9.116666666666667,0.1111788617886179,0.0051813962299895,0.5,0.5,0.0,0.0,0.0,7.211801710007531,6.692271808427927,35.6,28.0,False,,,,,,False,False,0.0,,False,0.0,,False,0.0,,,,,,,,,,,,,,,,,,,,,,,,,,,,,,,,,,,,,,,,,,,,,,,0.5,1800.0,Fanatics,,,,,,,,,,0.5,1800.0,Fanatics,0.5,1800.0,Fanatics,,,,,,,,,,0.5,1800.0,Fanatics,The Odds API,"[""Bally Bet"", ""BetMGM"", ""BetRivers"", ""Bovada"", ""Caesars"", ""Courtside"", ""DraftKings"", ""FanDuel"", ""Fanatics"", ""fanatics""]",The Odds API,"[""Bally Bet"", ""BetMGM"", ""BetRivers"", ""Bovada"", ""Caesars"", ""Courtside"", ""DraftKings"", ""FanDuel"", ""Fanatics"", ""Fliff"", ""Hard Rock Bet"", ""theScore Bet""]",,,,,,,,,,,,,,,,,,,,,,,,ALTLINE_NB_v1_2026-01-18,,,,league_avg,2.3,,,,,,,,,,,,,,,,,,,,,,,,,exp/fallback,0.236,,,,,,,,,,,,,,,,,,,,,,,,,exp/fallback,0.2,,,,,,,,,,,,,,,,,,,,,,0.5,1800.0,Fanatics,exp/fallback,0.1944,0.1707321143974325,17.1,0.0526315789473684,224.3910173551218,224.4,0.1707321143974325,17.1,224.3910173551218,224.4,,,,,,,,,,,,,0.5,1800.0,Fanatics,exp/fallback,0.1284,0.1160214650159255,11.6,0.0526315789473684,120.44078353025864,120.4,0.1160214650159255,11.6,120.44078353025864,120.4,,,,,,,,,,,,,False,False,True,True,False,,,Active roster,2026-10-02T16:41:02+00:00,False,[],2025-2026,,2026-09-24-frozen-v2,2026-10-02T16:41:05.426327+00:00
2026-10-02,BOS@WPG,2026020019,7:00 PM,2026-10-03T00:00:00Z,Dylan Samberg,8480049,WPG,False,,2026-27,WPG,D,,Healthy,Unknown,,,2.0,1.0,🟢 ROLE+,16.0,11.0,2026-10-02T16:40:41+00:00,BOS,Jeremy Swayman,0.9071246819338422,2.707645389120994,32.0,Unconfirmed,dailyfaceoff_name_and_stats,28.0,5.0,28.0,5.0,,41.4,56.5,A1+A2,21.82,93.1,57.0,1.03,NONE,False,False,24.83856174316134,2.3401792243526978,35.9,26.8,8.0,2.0,True,,,,,50.0,,,,,,,,,,,,,,,,,,,,,,,,,,,,,,,,,,,,,,,,0.443866018220426,0.0986368929378724,,,0.0,2.666162545755205,2.6773806209827864,50.0,65.8,36.3,90.5,2.64,0.62,,,,,COOL,COOL,COOL,2.02,,COOL,Red,Red,Red,Red,58.0,48.0,45.0,52.0,POINTS,58.0,,,,,,,C,Passenger,0.5,,35.6,,0.0,0.1053030303030303,6.95,0.1053030303030303,0.0048256069618348,0.5,0.5,0.0,0.0,0.0,7.211801710007531,6.692271808427927,35.6,28.0,False,,,,,,False,False,0.0,,False,0.0,,False,0.0,,1.5,-155.0,BetRivers,,,,,,,,,,1.5,-155.0,BetRivers,0.5,245.0,BetRivers,,,,,,,,,,0.5,245.0,BetRivers,,,,,,,,,,,,,,,,0.5,2000.0,Fanatics,,,,,,,,,,0.5,2000.0,Fanatics,0.5,2200.0,fanatics,,,,,,,,,,0.5,2200.0,fanatics,BallDontLie,"[""Bally Bet"", ""BetMGM"", ""BetRivers"", ""Bovada"", ""Caesars"", ""Courtside"", ""DraftKings"", ""FanDuel"", ""Fanatics"", ""fanatics""]",The Odds API,"[""Bally Bet"", ""BetMGM"", ""BetRivers"", ""Bovada"", ""Caesars"", ""Courtside"", ""DraftKings"", ""FanDuel"", ""Fanatics"", ""Fliff"", ""Hard Rock Bet"", ""theScore Bet""]",The Odds API,"[""Bally Bet"", ""BetRivers""]",,,The Odds API,"[""Bally Bet"", ""BetRivers""]",,,,,,,,,,,,,,,,,,ALTLINE_NB_v1_2026-01-18,1.5,-155.0,BetRivers,league_avg,2.3,0.6001759479749428,60.0,0.6078431372549019,-1.2613763008965106,-1.3,0.6001759479749428,60.0,-1.2613763008965106,-1.3,,,,,,,,,,,,,0.5,245.0,BetRivers,exp/fallback,0.264,0.2231484718501334,22.3,0.2898550724637681,-23.013777211703967,-23.0,0.2231484718501334,22.3,-23.013777211703967,-23.0,,,,,,,,,,,,,,,,exp/fallback,0.202,,,,,,,,,,,,,,,,,,,,,,0.5,2000.0,Fanatics,exp/fallback,0.2047999999999999,0.1786805128719816,17.9,0.0476190476190476,275.2290770311614,275.2,0.1786805128719816,17.9,275.2290770311614,275.2,,,,,,,,,,,,,0.5,2200.0,fanatics,exp/fallback,0.1452999999999999,0.1296345790859625,13.0,0.0434782608695652,198.15953189771383,198.2,0.1296345790859625,13.0,198.15953189771383,198.2,,,,,,,,,,,,,False,False,True,True,False,,,Active roster,2026-10-02T16:41:02+00:00,False,[],2025-2026,,2026-09-24-frozen-v2,2026-10-02T16:41:05.426327+00:00
2026-10-02,BOS@WPG,2026020019,7:00 PM,2026-10-03T00:00:00Z,Gabriel Vilardi,8480014,WPG,False,"{""season"":""2026-27"",""games"":[]}",2026-27,WPG,C,⭐ STAR,Healthy,Unknown,,,2.0,1.0,🟢 ROLE+,16.0,11.0,2026-10-02T16:40:41+00:00,BOS,Jeremy Swayman,0.9071246819338422,2.707645389120994,32.0,Unconfirmed,dailyfaceoff_name_and_stats,28.0,5.0,28.0,5.0,6.9,95.0,92.8,A1+A2,18.74,78.1,90.8,1.2,STAR,False,True,24.83856174316134,2.3401792243526978,35.9,26.8,8.0,2.0,True,1.0,1.5,1.0,1.0,23.5,9.0,3.0,16.0,1.0,4.0,6.0,16.0,32.0,10.0,19.0,31.0,64.0,GOOD,0.9,0.4,GOOD,0.8,,GOOD,0.8,,GOOD,0.6,,OK,0.5,,OK,0.475,,LOW,1.6,,LOW,1.55,,LOW,1.6,,2.1351429635453303,0.5958538502917201,,,6.0,2.666162545755205,2.6773806209827864,50.0,65.8,71.1,90.5,10.75,4.48,11.0,0.77,1.07,-6.0,COOL,COOL,COOL,6.27,-0.3,COOL,Green,Red,Green,Green,72.0,81.0,74.0,79.0,SOG,81.0,1.0,1.0,2.0,5.0,4.0,1.0,A,Hybrid,15.9,,35.6,,2.0,2.984552845528455,244.7333333333333,2.984552845528455,0.1592642002624757,15.9,15.9,4.371288477254154,2.495777717243258,2.2064832470716427,7.211801710007531,6.692271808427927,35.6,71.7,False,,,,🎯 D:5,,False,False,2.0,,False,0.0,,False,0.0,,1.5,-130.0,theScore Bet,2.5,240.0,theScore Bet,3.5,600.0,BetOnline.ag,4.5,1700.0,BetOnline.ag,1.5,-130.0,theScore Bet,0.5,-105.0,theScore Bet,1.5,500.0,theScore Bet,2.5,1700.0,Fanatics,3.5,825.0,BetOnline.ag,0.5,-105.0,theScore Bet,0.5,195.0,Bovada,1.5,1000.0,DraftKings,2.5,1800.0,Bovada,,,,0.5,195.0,Bovada,0.5,250.0,theScore Bet,,,,,,,,,,0.5,250.0,theScore Bet,0.5,250.0,FanDuel,,,,,,,,,,0.5,250.0,FanDuel,The Odds API,"[""Bally Bet"", ""BetMGM"", ""BetRivers"", ""Bovada"", ""Caesars"", ""Courtside"", ""DraftKings"", ""FanDuel"", ""Fanatics"", ""fanatics""]",The Odds API,"[""Bally Bet"", ""BetMGM"", ""BetRivers"", ""Bovada"", ""Caesars"", ""Courtside"", ""DraftKings"", ""FanDuel"", ""Fanatics"", ""Fliff"", ""Hard Rock Bet"", ""fanduel"", ""theScore Bet""]",The Odds API,"[""Bally Bet"", ""BetOnline.ag"", ""BetRivers"", ""Bovada"", ""Courtside"", ""DraftKings"", ""FanDuel"", ""Fanatics"", ""Fliff"", ""Hard Rock Bet"", ""ReBet"", ""theScore Bet""]",The Odds API,"[""Bally Bet"", ""BetOnline.ag"", ""BetRivers"", ""Bovada"", ""Courtside"", ""DraftKings"", ""FanDuel"", ""Fanatics"", ""Fliff"", ""Hard Rock Bet"", ""ReBet"", ""draftkings"", ""theScore Bet""]",The Odds API,"[""Bally Bet"", ""BetOnline.ag"", ""BetRivers"", ""Bovada"", ""Caesars"", ""Courtside"", ""DraftKings"", ""FanDuel"", ""Fanatics"", ""Fliff"", ""Hard Rock Bet"", ""ReBet"", ""draftkings"", ""theScore Bet""]",0.5,250.0,FanDuel,,,,,,,,,,0.5,250.0,FanDuel,The Odds API,"[""Bally Bet"", ""BetRivers"", ""Bovada"", ""FanDuel"", ""Fliff"", ""Hard Rock Bet"", ""theScore Bet""]",ALTLINE_NB_v1_2026-01-18,1.5,-130.0,theScore Bet,exp/fallback,1.1,0.2951240545579663,29.5,0.5652173913043478,-47.785744193590574,-47.8,0.2951240545579663,29.5,-47.785744193590574,-47.8,0.1190869247365296,11.9,-59.510445589579945,-59.5,0.0431493393233607,4.3,-69.79546247364749,-69.8,0.014486623260547,1.4,-73.92407813101529,-73.9,0.5,-105.0,theScore Bet,exp/fallback,1.075,0.598466385123479,59.8,0.5121951219512195,16.843437095536384,16.8,0.598466385123479,59.8,16.843437095536384,16.8,0.2848252327222002,28.5,70.89513963332011,70.9,0.1194585760746594,11.9,115.02543693438705,115.0,0.0462626777947005,4.6,-57.20702303990204,-57.2,0.5,195.0,Bovada,exp/fallback,0.627,0.4203846935769494,42.0,0.3389830508474576,24.01348460520008,24.0,0.4203846935769494,42.0,24.01348460520008,24.0,0.1437049850674308,14.4,58.07548357417387,58.1,0.0446500684883663,4.5,-15.16486987210386,-15.2,,,,,0.5,250.0,theScore Bet,exp/fallback,0.2694,0.2257418206109925,22.6,0.2857142857142857,-20.990362786152595,-21.0,0.2257418206109925,22.6,-20.990362786152595,-21.0,,,,,,,,,,,,,0.5,250.0,FanDuel,exp/fallback,0.29715,0.237905158179458,23.8,0.2857142857142857,-16.733194637189698,-16.7,0.237905158179458,23.8,-16.733194637189698,-16.7,,,,,,,,,,,,,False,True,False,False,True,6.9,,Active roster,2026-10-02T16:41:02+00:00,False,"[{""market"":""Assists"",""name"":""Staff (Green Stance)"",""kind"":""STANCE"",""rule"":""Green + Assists 0.5"",""icon"":""staff.svg"",""kit_version"":""2026-09-24-frozen-v2""}]",2025-2026,,2026-09-24-frozen-v2,2026-10-02T16:41:05.426327+00:00
2026-10-02,BOS@WPG,2026020019,7:00 PM,2026-10-03T00:00:00Z,Haydn Fleury,8477938,WPG,False,,2026-27,WPG,D,,Healthy,Unknown,,,2.0,0.0,,16.0,11.0,2026-10-02T16:40:41+00:00,BOS,Jeremy Swayman,0.9071246819338422,2.707645389120994,32.0,Unconfirmed,dailyfaceoff_name_and_stats,28.0,5.0,28.0,5.0,,30.5,24.0,A1+A2,13.93,39.5,30.0,0.94,NONE,False,False,24.83856174316134,2.3401792243526978,35.9,26.8,8.0,2.0,True,,,,,50.0,,,,,,,,,,,,,,,,,,,,,,,,,,,,,,,,,,,,,,,,0.4037685060565276,0.0,,,0.0,2.666162545755205,2.6773806209827864,50.0,65.8,35.9,90.5,1.03,0.54,,,,,COOL,COOL,COOL,0.49,,COOL,Red,Red,Red,Red,33.0,36.0,34.0,29.0,SOG,36.0,,,,,,,C,Passenger,1.2,,35.6,,0.0,0.1605263157894736,6.1,0.1605263157894736,0.0115261069471562,1.2,1.2,4.426229508196722,4.426229508196722,0.0,7.211801710007531,6.692271808427927,35.6,31.5,False,,,,,,False,False,0.0,,False,0.0,,False,0.0,,,,,,,,,,,,,,,,,,,,,,,,,,,,,,,,,,,,,,,,,,,,,,,,,,,,,,,,,,,,,,,,,,,,,,,,,,,,,,,,,,,,,,,,,,,,,,,,,,,,,,,,ALTLINE_NB_v1_2026-01-18,,,,league_avg,2.3,,,,,,,,,,,,,,,,,,,,,,,,,exp/fallback,0.103,,,,,,,,,,,,,,,,,,,,,,,,,exp/fallback,0.049,,,,,,,,,,,,,,,,,,,,,,,,,exp/fallback,0.2016,,,,,,,,,,,,,,,,,,,,,,,,,exp/fallback,0.1401,,,,,,,,,,,,,,,,,,,,,,False,False,False,False,False,,,Active roster,2026-10-02T16:41:02+00:00,False,[],2025-2026,,2026-09-24-frozen-v2,2026-10-02T16:41:05.426327+00:00
2026-10-02,BOS@WPG,2026020019,7:00 PM,2026-10-03T00:00:00Z,Isak Rosen,8482765,WPG,False,,2026-27,WPG,R,,Healthy,Unknown,,,2.0,0.0,,16.0,11.0,2026-10-02T16:40:41+00:00,BOS,Jeremy Swayman,0.9071246819338422,2.707645389120994,32.0,Unconfirmed,dailyfaceoff_name_and_stats,28.0,5.0,28.0,5.0,,46.3,31.9,A1+A2,11.5,19.9,36.0,0.94,NONE,False,False,24.83856174316134,2.3401792243526978,35.9,26.8,8.0,2.0,True,,,,,50.0,,,,,,,,,,,,,,,,,,,,,,,,,,,,,,,,,,,,,,,,1.1614508918283637,0.3318431119509609,,,0.0,2.666162545755205,2.6773806209827864,50.0,65.8,52.6,90.5,2.22,1.2,,,,,COOL,COOL,COOL,1.02,,COOL,Red,Red,Red,Red,37.0,43.0,42.0,35.0,SOG,43.0,,,,,,,C,Passenger,13.6,,35.6,,0.0,1.5648648648648649,57.9,1.5648648648648649,0.1360219263899765,13.6,13.6,3.1917098445595857,1.4300518134715026,2.072538860103627,7.211801710007531,6.692271808427927,35.6,67.8,False,,,,,,False,False,0.0,,False,0.0,,False,0.0,,1.5,-117.0,BetRivers,,,,,,,,,,1.5,-117.0,BetRivers,0.5,138.0,BetRivers,1.5,650.0,BetRivers,,,,,,,0.5,138.0,BetRivers,0.5,195.0,BetRivers,,,,,,,,,,0.5,195.0,BetRivers,0.5,500.0,theScore Bet,,,,,,,,,,0.5,500.0,theScore Bet,0.5,480.0,FanDuel,,,,,,,,,,0.5,480.0,FanDuel,The Odds API,"[""Bally Bet"", ""BetMGM"", ""BetRivers"", ""Bovada"", ""Caesars"", ""Courtside"", ""DraftKings"", ""FanDuel"", ""Fanatics"", ""betrivers""]",The Odds API,"[""Bally Bet"", ""BetMGM"", ""BetRivers"", ""Bovada"", ""Caesars"", ""Courtside"", ""DraftKings"", ""FanDuel"", ""Fanatics"", ""Fliff"", ""Hard Rock Bet"", ""theScore Bet""]",The Odds API,"[""Bally Bet"", ""BetRivers""]",The Odds API,"[""Bally Bet"", ""BetRivers""]",The Odds API,"[""Bally Bet"", ""BetRivers""]",,,,,,,,,,,,,,,,,,ALTLINE_NB_v1_2026-01-18,1.5,-117.0,BetRivers,league_avg,2.3,0.6001759479749428,60.0,0.5391705069124424,11.314684368002204,11.3,0.6001759479749428,60.0,11.314684368002204,11.3,,,,,,,,,,,,,0.5,138.0,BetRivers,exp/fallback,0.222,0.1924881464146676,19.2,0.4201680672268907,-54.18782115330912,-54.2,0.1924881464146676,19.2,-54.18782115330912,-54.2,0.0261453501857136,2.6,-80.39098736071479,-80.4,,,,,,,,,0.5,195.0,BetRivers,exp/fallback,0.102,0.0946957317619664,9.5,0.3389830508474576,-72.0647591302199,-72.1,0.0946957317619664,9.5,-72.0647591302199,-72.1,,,,,,,,,,,,,0.5,500.0,theScore Bet,exp/fallback,0.2279999999999999,0.1960313638016801,19.6,0.1666666666666666,17.61881828100811,17.6,0.1960313638016801,19.6,17.61881828100811,17.6,,,,,,,,,,,,,0.5,480.0,FanDuel,exp/fallback,0.183,0.1587857030104998,15.9,0.1724137931034483,-7.904292253910072,-7.9,0.1587857030104998,15.9,-7.904292253910072,-7.9,,,,,,,,,,,,,True,False,True,False,False,,,Active roster,2026-10-02T16:41:02+00:00,False,[],2025-2026,,2026-09-24-frozen-v2,2026-10-02T16:41:05.426327+00:00
2026-10-02,BOS@WPG,2026020019,7:00 PM,2026-10-03T00:00:00Z,Jack St. Ivany,8481030,PIT,True,,2026-27,WPG,D,,Healthy,Unknown,,,2.0,0.0,,16.0,11.0,2026-10-02T16:40:41+00:00,BOS,Jeremy Swayman,0.9071246819338422,2.707645389120994,32.0,Unconfirmed,dailyfaceoff_name_and_stats,28.0,5.0,28.0,5.0,,25.6,40.6,A1+A2,16.33,62.4,38.2,0.95,NONE,False,False,24.83856174316134,2.3401792243526978,35.9,26.8,8.0,2.0,True,,,,,50.0,,,,,,,,,,,,,,,,,,,,,,,,,,,,,,,,,,,,,,,,1.411527474374055,0.6049403461603092,,,0.0,2.666162545755205,2.6773806209827864,50.0,65.8,58.5,90.5,4.04,0.7,,,,,COOL,COOL,COOL,3.34,,COOL,Red,Red,Red,Red,46.0,35.0,32.0,42.0,POINTS,46.0,,,,,,,,Passenger,0.0,,35.6,,,0.0041666666666666,0.0833333333333333,0.0041666666666666,0.0002552192333214,0.0,0.0,0.0,0.0,0.0,7.211801710007531,6.692271808427927,35.6,16.0,False,,,,,,False,False,0.0,,False,0.0,,False,0.0,,,,,,,,,,,,,,,,,,,,,,,,,,,,,,,,,,,,,,,,,,,,,,,,,,,,,,,,,,,,,,,,,,,,,,,,,,,,,,,,,,,,,,,,,,,,,,,,,,,,,,,,ALTLINE_NB_v1_2026-01-18,,,,league_avg,2.3,,,,,,,,,,,,,,,,,,,,,,,,,exp/fallback,0.404,,,,,,,,,,,,,,,,,,,,,,,,,exp/fallback,0.3339999999999999,,,,,,,,,,,,,,,,,,,,,,,,,exp/fallback,0.208,,,,,,,,,,,,,,,,,,,,,,,,,exp/fallback,0.1505,,,,,,,,,,,,,,,,,,,,,,False,False,False,False,False,,,Active roster,2026-10-02T16:41:02+00:00,False,[],2025-2026,,2026-09-24-frozen-v2,2026-10-02T16:41:05.426327+00:00
2026-10-02,BOS@WPG,2026020019,7:00 PM,2026-10-03T00:00:00Z,Josh Morrissey,8477504,WPG,False,"{""season"":""2026-27"",""games"":[]}",2026-27,WPG,D,,Healthy,Unknown,,,2.0,1.0,🟢 ROLE+,16.0,11.0,2026-10-02T16:40:41+00:00,BOS,Jeremy Swayman,0.9071246819338422,2.707645389120994,32.0,Unconfirmed,dailyfaceoff_name_and_stats,28.0,5.0,28.0,5.0,13.8,61.3,93.9,A1+A2,24.72,99.3,80.3,1.12,NONE,False,False,24.83856174316134,2.3401792243526978,35.9,26.8,8.0,2.0,True,2.0,2.125,2.8,2.28,70.6,6.0,2.0,22.0,1.0,0.0,4.0,11.0,25.0,8.0,17.0,37.0,77.0,OK,0.6,0.1,LOW,0.55,,OK,0.625,,LOW,0.4,,LOW,0.4,,LOW,0.425,,LOW,2.2,,LOW,1.85,,LOW,1.925,,1.3350785340314135,0.5890052356020943,,,4.0,2.666162545755205,2.6773806209827864,50.0,65.8,56.9,90.5,7.9,1.21,22.8,1.18,-0.79,0.8,COOL,COOL,COOL,6.57,1.97,WARM,Yellow,Red,Red,Yellow,80.0,64.0,64.0,82.0,ASSISTS,82.0,4.0,5.0,4.0,1.0,2.0,5.0,A,Distributor,12.2,,35.6,,2.0,3.023809523809524,232.83333333333331,3.023809523809524,0.1223217491046958,12.2,12.2,3.2186113099498925,0.5901216893342878,3.092340730136005,7.211801710007531,6.692271808427927,35.6,69.2,False,,,,🅰️ D:5,,False,False,1.0,,False,0.0,,False,0.0,,1.5,-240.0,theScore Bet,2.5,125.0,theScore Bet,3.5,320.0,theScore Bet,4.5,700.0,Fanatics,2.5,125.0,theScore Bet,0.5,-110.0,BetOnline.ag,1.5,410.0,Fanatics,2.5,1500.0,Fanatics,3.5,1550.0,BetOnline.ag,0.5,-110.0,BetOnline.ag,0.5,125.0,BetOnline.ag,1.5,600.0,DraftKings,2.5,2200.0,Fanatics,,,,0.5,125.0,BetOnline.ag,0.5,625.0,FanDuel,,,,,,,,,,0.5,625.0,FanDuel,0.5,625.0,FanDuel,,,,,,,,,,0.5,625.0,FanDuel,The Odds API,"[""Bally Bet"", ""BetMGM"", ""BetRivers"", ""Bovada"", ""Caesars"", ""Courtside"", ""DraftKings"", ""FanDuel"", ""Fanatics"", ""fanatics""]",The Odds API,"[""Bally Bet"", ""BetMGM"", ""BetRivers"", ""Bovada"", ""Caesars"", ""Courtside"", ""DraftKings"", ""FanDuel"", ""Fanatics"", ""Fliff"", ""Hard Rock Bet"", ""theScore Bet""]",The Odds API,"[""Bally Bet"", ""BetOnline.ag"", ""BetRivers"", ""Bovada"", ""Courtside"", ""DraftKings"", ""Fanatics"", ""Fliff"", ""Hard Rock Bet"", ""ReBet"", ""draftkings"", ""theScore Bet""]",The Odds API,"[""Bally Bet"", ""BetOnline.ag"", ""BetRivers"", ""Bovada"", ""Courtside"", ""DraftKings"", ""Fanatics"", ""Fliff"", ""Hard Rock Bet"", ""ReBet"", ""draftkings"", ""theScore Bet""]",The Odds API,"[""Bally Bet"", ""BetOnline.ag"", ""BetRivers"", ""Bovada"", ""Caesars"", ""Courtside"", ""DraftKings"", ""Fanatics"", ""Fliff"", ""Hard Rock Bet"", ""ReBet"", ""draftkings"", ""theScore Bet""]",0.5,190.0,FanDuel,1.5,750.0,Bovada,,,,,,,0.5,190.0,FanDuel,The Odds API,"[""Bally Bet"", ""BetRivers"", ""Bovada"", ""FanDuel"", ""Fliff"", ""Hard Rock Bet"", ""theScore Bet""]",ALTLINE_NB_v1_2026-01-18,2.5,125.0,theScore Bet,exp/fallback,2.28,0.3794434144951071,37.9,0.4444444444444444,-14.625231738600904,-14.6,0.5963894893114192,59.6,-15.51148901421561,-15.5,0.3794434144951071,37.9,-14.625231738600904,-14.6,0.2219156913800778,22.2,-6.79540962036731,-6.8,0.1218304023308792,12.2,-2.535678135296582,-2.5,0.5,-110.0,BetOnline.ag,exp/fallback,0.79,0.5021673525403842,50.2,0.5238095238095238,-4.131687242290283,-4.1,0.5021673525403842,50.2,-4.131687242290283,-4.1,0.1940688084799874,19.4,-1.0249076752064212,-1.0,0.0653625424242047,6.5,4.580067878727512,4.6,0.0202254448101777,2.0,-66.62801606320673,-66.6,0.5,125.0,BetOnline.ag,exp/fallback,0.657,0.433399592529317,43.3,0.4444444444444444,-2.4850916809036727,-2.5,0.433399592529317,43.3,-2.4850916809036727,-2.5,0.1531914873669242,15.3,7.23404115684696,7.2,0.0492603290539629,4.9,13.298756824114754,13.3,,,,,0.5,625.0,FanDuel,exp/fallback,0.2284,0.1963259981068948,19.6,0.1379310344827586,42.33634862749879,42.3,0.1963259981068948,19.6,42.33634862749879,42.3,,,,,,,,,,,,,0.5,625.0,FanDuel,exp/fallback,0.1836499999999999,0.1592741317733985,15.9,0.1379310344827586,15.473745535713944,15.5,0.1592741317733985,15.9,15.473745535713944,15.5,,,,,,,,,,,,,False,False,True,True,False,13.8,,Active roster,2026-10-02T16:41:02+00:00,False,[],2025-2026,,2026-09-24-frozen-v2,2026-10-02T16:41:05.426327+00:00
2026-10-02,BOS@WPG,2026020019,7:00 PM,2026-10-03T00:00:00Z,Kyle Connor,8478398,WPG,False,"{""season"":""2026-27"",""games"":[]}",2026-27,WPG,L,👑 ELITE,Healthy,Unknown,,,2.0,1.0,🟢 ROLE+,16.0,11.0,2026-10-02T16:40:41+00:00,BOS,Jeremy Swayman,0.9071246819338422,2.707645389120994,32.0,Unconfirmed,dailyfaceoff_name_and_stats,28.0,5.0,28.0,5.0,24.1,98.0,97.7,A1+A2,21.51,92.2,96.7,1.26,ELITE,True,False,24.83856174316134,2.3401792243526978,35.9,26.8,8.0,2.0,True,3.5,3.875,4.8,3.955,98.5,10.0,7.0,40.0,1.0,2.0,3.0,21.0,41.0,10.0,23.0,69.0,130.0,STRONG,1.0,0.5,STRONG,1.05,,STRONG,1.025,,LOW,0.3,,OK,0.5,,OK,0.575,,ELITE,4.0,,GOOD,3.45,,GOOD,3.25,,2.489376147250371,0.8599663054137645,,,3.0,2.666162545755205,2.6773806209827864,50.0,65.8,73.5,90.5,17.77,6.79,53.39,3.16,-1.97,-0.45,HOT,COOL,COOL,10.98,5.13,HOT,Green,Green,Green,Green,87.0,89.0,87.0,87.0,SOG,89.0,1.0,1.0,1.0,0.0,2.0,1.0,A,Distributor,14.0,,35.6,,2.0,3.0134146341463413,247.1,3.0134146341463413,0.1401177571330012,14.0,14.0,4.29481991096722,1.6632942128692836,3.095912585997572,7.211801710007531,6.692271808427927,35.6,73.4,False,,,,🎯 D:0,,False,False,2.0,,False,0.0,,False,0.0,,1.5,-575.0,DraftKings,2.5,-180.0,theScore Bet,3.5,134.0,BetOnline.ag,4.5,280.0,theScore Bet,3.5,134.0,BetOnline.ag,0.5,-180.0,theScore Bet,1.5,235.0,theScore Bet,2.5,850.0,DraftKings,3.5,2500.0,Fanatics,0.5,-180.0,theScore Bet,0.5,125.0,Bovada,1.5,650.0,Bovada,2.5,2200.0,Fanatics,,,,0.5,125.0,Bovada,0.5,170.0,FanDuel,,,,,,,,,,0.5,170.0,FanDuel,0.5,170.0,FanDuel,,,,,,,,,,0.5,170.0,FanDuel,The Odds API,"[""Bally Bet"", ""BetMGM"", ""BetRivers"", ""Bovada"", ""Caesars"", ""Courtside"", ""DraftKings"", ""FanDuel"", ""Fanatics"", ""fanatics""]",The Odds API,"[""Bally Bet"", ""BetMGM"", ""BetRivers"", ""Bovada"", ""Caesars"", ""Courtside"", ""DraftKings"", ""FanDuel"", ""Fanatics"", ""Fliff"", ""Hard Rock Bet"", ""fanduel"", ""theScore Bet""]",The Odds API,"[""Bally Bet"", ""BetOnline.ag"", ""BetRivers"", ""Bovada"", ""Courtside"", ""DraftKings"", ""FanDuel"", ""Fanatics"", ""Fliff"", ""Hard Rock Bet"", ""ReBet"", ""fanduel"", ""theScore Bet""]",The Odds API,"[""Bally Bet"", ""BetOnline.ag"", ""BetRivers"", ""Bovada"", ""Courtside"", ""DraftKings"", ""FanDuel"", ""Fanatics"", ""Fliff"", ""Hard Rock Bet"", ""ReBet"", ""draftkings"", ""theScore Bet""]",The Odds API,"[""Bally Bet"", ""BetOnline.ag"", ""BetRivers"", ""Bovada"", ""Caesars"", ""Courtside"", ""DraftKings"", ""FanDuel"", ""Fanatics"", ""Fliff"", ""Hard Rock Bet"", ""ReBet"", ""draftkings"", ""theScore Bet""]",0.5,175.0,FanDuel,1.5,700.0,Bovada,,,,,,,0.5,175.0,FanDuel,The Odds API,"[""Bally Bet"", ""BetRivers"", ""Bovada"", ""FanDuel"", ""Fliff"", ""Hard Rock Bet"", ""theScore Bet""]",ALTLINE_NB_v1_2026-01-18,3.5,134.0,BetOnline.ag,exp/fallback,5.339,0.6536346885552892,65.4,0.4273504273504273,52.95051712193767,53.0,0.8893871133964931,88.9,4.406313311762236,4.4,0.7793960110538842,77.9,21.23937949727088,21.2,0.6536346885552892,65.4,52.95051712193767,53.0,0.5278161344879375,52.8,100.57013110541624,100.6,0.5,-180.0,theScore Bet,exp/fallback,1.777,0.7488732561324772,74.9,0.6428571428571429,16.49139539838535,16.5,0.7488732561324772,74.9,16.49139539838535,16.5,0.4737400992209892,47.4,58.7029332390314,58.7,0.2702718397885733,27.0,156.7582477991446,156.8,0.1439512041505274,14.4,274.27313079137133,274.3,0.5,125.0,Bovada,exp/fallback,1.098,0.5832293143163647,58.3,0.4444444444444444,31.22659572118206,31.2,0.5832293143163647,58.3,31.22659572118206,31.2,0.287803741120347,28.8,115.85280584026027,115.9,0.1307456652475771,13.1,200.71503006942743,200.7,,,,,0.5,170.0,FanDuel,exp/fallback,0.4516,0.3397532570150563,34.0,0.3703703703703703,-8.266620605934794,-8.3,0.3397532570150563,34.0,-8.266620605934794,-8.3,,,,,,,,,,,,,0.5,170.0,FanDuel,exp/fallback,0.54635,0.3734530761166238,37.3,0.3703703703703703,0.8323305514884249,0.8,0.3734530761166238,37.3,0.8323305514884249,0.8,,,,,,,,,,,,,True,True,False,False,True,24.1,,Active roster,2026-10-02T16:41:02+00:00,False,"[{""market"":""Points"",""name"":""Hammer Fists"",""kind"":""FLOOR"",""rule"":""Conf_Points >= 80"",""icon"":""PTS05_HAMMER_FISTS.svg"",""kit_version"":""2026-09-24-frozen-v2""},{""market"":""Points"",""name"":""Echo Stomp I"",""kind"":""TIER"",""rule"":""Conf_Points >= 80 + L10_S >= 17"",""icon"":""PTS05_HAMMER_STOMP.svg"",""kit_version"":""2026-09-24-frozen-v2""},{""market"":""Points"",""name"":""Echo Stomp II"",""kind"":""TIER"",""rule"":""Conf_Points >= 80 + TOI_per_game >= 19.18"",""icon"":""PTS05_HAMMER_STOMP.svg"",""kit_version"":""2026-09-24-frozen-v2""},{""market"":""Points"",""name"":""Gaia’s Blessing"",""kind"":""TIER"",""rule"":""Conf_Points >= 80 + Assists_mu >= 0.746"",""icon"":""PTS05_GAIAS_BLESSING.svg"",""kit_version"":""2026-09-24-frozen-v2""},{""market"":""Points"",""name"":""Gaia’s Blessing+ (Press)"",""kind"":""HEAVY"",""rule"":""Conf_Points >= 81 + Assists_mu >= 0.746"",""icon"":""PTS05_GAIAS_BLESSING.svg"",""kit_version"":""2026-09-24-frozen-v2""},{""market"":""Points"",""name"":""Gaia’s Blessing++ (Smash)"",""kind"":""HEAVY"",""rule"":""Conf_Points >= 83 + Assists_mu >= 0.746"",""icon"":""PTS05_GAIAS_BLESSING.svg"",""kit_version"":""2026-09-24-frozen-v2""},{""market"":""Points"",""name"":""Hammer Fists II"",""kind"":""HEAVY"",""rule"":""Conf_Points >= 80 + TOI_per_game >= 19.18 + L10_S >= 17"",""icon"":""PTS05_HAMMER_FISTS.svg"",""kit_version"":""2026-09-24-frozen-v2""},{""market"":""Points"",""name"":""Enraged Engine"",""kind"":""CRIT"",""rule"":""Conf_Points >= 83 + L10_P >= 8 + L10_S >= 17"",""icon"":""PTS05_ENRAGED_FURY.svg"",""kit_version"":""2026-09-24-frozen-v2""},{""market"":""Assists"",""name"":""Staff (Green Stance)"",""kind"":""STANCE"",""rule"":""Green + Assists 0.5"",""icon"":""staff.svg"",""kit_version"":""2026-09-24-frozen-v2""},{""market"":""Assists"",""name"":""Staff Awakened"",""kind"":""STANCE"",""rule"":""Green + Assists 0.5 + Conf_Assists ≥ 83"",""icon"":""staff.svg"",""kit_version"":""2026-09-24-frozen-v2""},{""market"":""SOG"",""name"":""Sniper Stance"",""kind"":""STANCE"",""rule"":""Green + SOG 3.5 + Conf_SOG >= 75"",""icon"":""sog_class_shooter.svg"",""kit_version"":""2026-09-24-frozen-v2""},{""market"":""SOG"",""name"":""Permission Special"",""kind"":""SUPPORT"",""rule"":""Best_Conf >= 89 + opp_5v5_HDCA60 >= 2.36"",""icon"":""sog_env_paralysis.svg"",""kit_version"":""2026-09-24-frozen-v2""},{""market"":""Goal"",""name"":""Base Attack"",""kind"":""BASE ATTACK"",""rule"":""Goal_mu >= 0.4048"",""icon"":""base.svg"",""kit_version"":""2026-09-24-frozen-v2""}]",2025-2026,,2026-09-24-frozen-v2,2026-10-02T16:41:05.426327+00:00
2026-10-02,BOS@WPG,2026020019,7:00 PM,2026-10-03T00:00:00Z,Mario Ferraro,8479983,SJS,True,,2026-27,WPG,D,,Healthy,Unknown,,,2.0,1.0,🟢 ROLE+,16.0,11.0,2026-10-02T16:40:41+00:00,BOS,Jeremy Swayman,0.9071246819338422,2.707645389120994,32.0,Unconfirmed,dailyfaceoff_name_and_stats,28.0,5.0,28.0,5.0,,44.7,63.9,A1+A2,21.03,89.9,60.4,1.04,NONE,False,False,24.83856174316134,2.3401792243526978,35.9,26.8,8.0,2.0,True,,,,,50.0,,,,,,,,,,,,,,,,,,,,,,,,,,,,,,,,,,,,,,,,0.8551576696953501,0.3848209513629075,,,0.0,2.666162545755205,2.6773806209827864,50.0,65.8,44.4,90.5,2.6,0.56,,,,,COOL,COOL,COOL,2.03,,COOL,Red,Red,Red,Red,62.0,50.0,47.0,57.0,POINTS,62.0,,,,,,,,Passenger,0.2,,35.6,,,0.0463414634146341,3.8,0.0463414634146341,0.0022037928434727,0.2,0.2,0.4736842105263158,0.4736842105263158,0.0,7.211801710007531,6.692271808427927,35.6,21.8,False,,,,,,False,False,0.0,,False,0.0,,False,0.0,,,,,,,,,,,,,,,,,,,,,,,,,,,,,,,,,,,,,,,,,,,,,,,,,,,,,,,,,,,,,,0.5,2100.0,fanduel,,,,,,,,,,0.5,2100.0,fanduel,BallDontLie,"[""fanduel""]",,,,,,,,,,,,,,,,,,,,,,,,,,ALTLINE_NB_v1_2026-01-18,,,,league_avg,2.3,,,,,,,,,,,,,,,,,,,,,,,,,exp/fallback,0.26,,,,,,,,,,,,,,,,,,,,,,,,,exp/fallback,0.2029999999999999,,,,,,,,,,,,,,,,,,,,,,,,,exp/fallback,0.2024,,,,,,,,,,,,,,,,,,,,,,0.5,2100.0,fanduel,exp/fallback,0.1414,0.1265239325354448,12.7,0.0454545454545454,178.3526515779786,178.4,0.1265239325354448,12.7,178.3526515779786,178.4,,,,,,,,,,,,,False,False,False,True,False,,,Active roster,2026-10-02T16:41:02+00:00,False,[],2025-2026,,2026-09-24-frozen-v2,2026-10-02T16:41:05.426327+00:00
2026-10-02,BOS@WPG,2026020019,7:00 PM,2026-10-03T00:00:00Z,Mark Scheifele,8476460,WPG,False,"{""season"":""2026-27"",""games"":[]}",2026-27,WPG,C,👑 ELITE,Healthy,Unknown,,,2.0,1.0,🟢 ROLE+,16.0,11.0,2026-10-02T16:40:41+00:00,BOS,Jeremy Swayman,0.9071246819338422,2.707645389120994,32.0,Unconfirmed,dailyfaceoff_name_and_stats,28.0,5.0,28.0,5.0,13.8,94.9,99.1,A1+A2,21.5,91.8,95.8,1.25,ELITE,True,False,24.83856174316134,2.3401792243526978,35.9,26.8,8.0,2.0,True,2.0,1.75,1.6,1.86,53.7,15.0,2.0,18.0,2.0,4.0,13.0,25.0,53.0,19.0,37.0,39.0,84.0,ELITE,1.5,1.0,ELITE,1.25,,ELITE,1.325,,ELITE,1.3,,ELITE,0.95,,STRONG,0.925,,LOW,1.8,,LOW,1.95,,LOW,2.1,,2.8377739240107203,1.1787676299736838,,,13.0,2.666162545755205,2.6773806209827864,50.0,65.8,74.8,90.5,15.95,4.69,20.46,-0.5,2.26,0.6,COOL,WARM,COOL,13.84,-2.75,COOL,Green,Green,Green,Green,76.0,89.0,80.0,88.0,SOG,89.0,1.0,1.0,1.0,3.0,5.0,1.0,A,Distributor,14.3,,35.6,,2.0,3.069918699186992,251.7333333333333,3.069918699186992,0.1427599243856332,14.3,14.3,3.534096927966102,1.1536016949152543,2.8005826271186445,7.211801710007531,6.692271808427927,35.6,71.9,False,,,,🎯 D:3,,False,False,2.0,,False,0.0,,False,0.0,,1.5,-198.0,FanDuel,2.5,154.0,FanDuel,3.5,375.0,Fanatics,4.5,900.0,Fanatics,2.5,154.0,FanDuel,0.5,-190.0,theScore Bet,1.5,235.0,theScore Bet,2.5,800.0,Bovada,3.5,2200.0,Fanatics,0.5,-190.0,theScore Bet,0.5,100.0,Hard Rock Bet,1.5,525.0,Bovada,2.5,1500.0,Fanatics,,,,0.5,100.0,Hard Rock Bet,0.5,230.0,FanDuel,,,,,,,,,,0.5,230.0,FanDuel,0.5,230.0,FanDuel,,,,,,,,,,0.5,230.0,FanDuel,The Odds API,"[""Bally Bet"", ""BetMGM"", ""BetRivers"", ""Bovada"", ""Caesars"", ""Courtside"", ""DraftKings"", ""FanDuel"", ""Fanatics"", ""betrivers""]",The Odds API,"[""Bally Bet"", ""BetMGM"", ""BetRivers"", ""Bovada"", ""Caesars"", ""Courtside"", ""DraftKings"", ""FanDuel"", ""Fanatics"", ""Fliff"", ""Hard Rock Bet"", ""fanduel"", ""theScore Bet""]",The Odds API,"[""Bally Bet"", ""BetOnline.ag"", ""BetRivers"", ""Bovada"", ""Courtside"", ""DraftKings"", ""FanDuel"", ""Fanatics"", ""Fliff"", ""Hard Rock Bet"", ""ReBet"", ""fanduel"", ""theScore Bet""]",The Odds API,"[""Bally Bet"", ""BetOnline.ag"", ""BetRivers"", ""Bovada"", ""Courtside"", ""DraftKings"", ""FanDuel"", ""Fanatics"", ""Fliff"", ""Hard Rock Bet"", ""ReBet"", ""draftkings"", ""theScore Bet""]",The Odds API,"[""Bally Bet"", ""BetOnline.ag"", ""BetRivers"", ""Bovada"", ""Caesars"", ""Courtside"", ""DraftKings"", ""FanDuel"", ""Fanatics"", ""Fliff"", ""Hard Rock Bet"", ""ReBet"", ""draftkings"", ""theScore Bet""]",0.5,175.0,FanDuel,1.5,700.0,Bovada,,,,,,,0.5,175.0,FanDuel,The Odds API,"[""Bally Bet"", ""BetRivers"", ""Bovada"", ""FanDuel"", ""Fliff"", ""Hard Rock Bet"", ""theScore Bet""]",ALTLINE_NB_v1_2026-01-18,2.5,154.0,FanDuel,exp/fallback,2.0460000000000003,0.3296722672968041,33.0,0.3937007874015748,-16.26324410661176,-16.3,0.5490751689972495,54.9,-17.361413958999822,-17.4,0.3296722672968041,33.0,-16.26324410661176,-16.3,0.181177944809503,18.1,-13.940476215486076,-13.9,0.093238162860151,9.3,-6.761837139848925,-6.8,0.5,-190.0,theScore Bet,exp/fallback,1.595,0.7184158637405236,71.8,0.6551724137931034,9.652947623553596,9.7,0.7184158637405236,71.8,9.652947623553596,9.7,0.4301908052878587,43.0,44.11391977143266,44.1,0.2310505495159348,23.1,107.94549456434136,107.9,0.1155430242952125,11.6,165.7489558789889,165.7,0.5,100.0,Hard Rock Bet,exp/fallback,1.384,0.6506994394424606,65.1,0.5,30.13988788849211,30.1,0.6506994394424606,65.1,30.13988788849211,30.1,0.3649831416814471,36.5,128.11446355090445,128.1,0.1897032852535913,19.0,203.52525640574615,203.5,,,,,0.5,230.0,FanDuel,exp/fallback,0.3676,0.2903346639920691,29.0,0.303030303030303,-4.189560882617204,-4.2,0.2903346639920691,29.0,-4.189560882617204,-4.2,,,,,,,,,,,,,0.5,230.0,FanDuel,exp/fallback,0.40985,0.304659871434263,30.5,0.303030303030303,0.5377575733067852,0.5,0.304659871434263,30.5,0.5377575733067852,0.5,,,,,,,,,,,,,False,False,False,False,True,13.8,,Active roster,2026-10-02T16:41:02+00:00,False,"[{""market"":""Assists"",""name"":""Staff (Green Stance)"",""kind"":""STANCE"",""rule"":""Green + Assists 0.5"",""icon"":""staff.svg"",""kit_version"":""2026-09-24-frozen-v2""},{""market"":""Assists"",""name"":""Staff Awakened"",""kind"":""STANCE"",""rule"":""Green + Assists 0.5 + Conf_Assists ≥ 83"",""icon"":""staff.svg"",""kit_version"":""2026-09-24-frozen-v2""},{""market"":""Assists"",""name"":""Odin's Arcane Orb"",""kind"":""VOLUME"",""rule"":""Green + Assists 0.5 + Conf_Assists ≥ 83 + L40_A ≥ 32"",""icon"":""odins_arcane_orb.svg"",""kit_version"":""2026-09-24-frozen-v2""},{""market"":""SOG"",""name"":""Jungle Stance"",""kind"":""STANCE"",""rule"":""Green + SOG 2.5 + Conf_SOG >= 75"",""icon"":""sog_basic_swipe.svg"",""kit_version"":""2026-09-24-frozen-v2""},{""market"":""SOG"",""name"":""Berserker Swipe"",""kind"":""FLOOR"",""rule"":""iXG% >= 93.2"",""icon"":""sog_basic_swipe.svg"",""kit_version"":""2026-09-24-frozen-v2""}]",2025-2026,,2026-09-24-frozen-v2,2026-10-02T16:41:05.426327+00:00
2026-10-02,BOS@WPG,2026020019,7:00 PM,2026-10-03T00:00:00Z,Morgan Barron,8480289,WPG,False,,2026-27,WPG,C,,Healthy,Unknown,,,2.0,0.0,,16.0,11.0,2026-10-02T16:40:41+00:00,BOS,Jeremy Swayman,0.9071246819338422,2.707645389120994,32.0,Unconfirmed,dailyfaceoff_name_and_stats,28.0,5.0,28.0,5.0,,69.9,54.3,A1+A2,12.8,31.7,56.8,1.03,NONE,False,False,24.83856174316134,2.3401792243526978,35.9,26.8,8.0,2.0,True,,,,,50.0,,,,,,,,,,,,,,,,,,,,,,,,,,,,,,,,,,,,,,,,1.7511856986501275,0.4377964246625319,,,0.0,2.666162545755205,2.6773806209827864,50.0,65.8,66.5,90.5,3.71,1.82,,,,,COOL,COOL,COOL,1.9,,COOL,Red,Red,Red,Red,51.0,57.0,56.0,51.0,SOG,57.0,,,,,,,C,Passenger,0.2,,35.6,,0.0,0.0302564102564102,1.9666666666666663,0.0302564102564102,0.002363782051282,0.2,0.2,0.0,0.0,0.0,7.211801710007531,6.692271808427927,35.6,21.8,False,,,,,,False,False,0.0,,False,0.0,,False,0.0,,,,,,,,,,,,,,,,,0.5,245.0,BetRivers,,,,,,,,,,0.5,245.0,BetRivers,,,,,,,,,,,,,,,,0.5,750.0,DraftKings,,,,,,,,,,0.5,750.0,DraftKings,0.5,750.0,DraftKings,,,,,,,,,,0.5,750.0,DraftKings,The Odds API,"[""Bally Bet"", ""BetMGM"", ""BetRivers"", ""Bovada"", ""Caesars"", ""Courtside"", ""DraftKings"", ""FanDuel"", ""Fanatics"", ""fanduel""]",The Odds API,"[""Bally Bet"", ""BetMGM"", ""BetRivers"", ""Bovada"", ""Caesars"", ""Courtside"", ""DraftKings"", ""FanDuel"", ""Fanatics"", ""Fliff"", ""Hard Rock Bet"", ""theScore Bet""]",,,,,The Odds API,"[""Bally Bet"", ""BetRivers""]",,,,,,,,,,,,,,,,,,ALTLINE_NB_v1_2026-01-18,,,,league_avg,2.3,,,,,,,,,,,,,,,,,,,,,,0.5,245.0,BetRivers,exp/fallback,0.371,0.29447561519865,29.4,0.2898550724637681,1.5940872435342812,1.6,0.29447561519865,29.4,1.5940872435342812,1.6,,,,,,,,,,,,,,,,exp/fallback,0.19,,,,,,,,,,,,,,,,,,,,,,0.5,750.0,DraftKings,exp/fallback,0.2528,0.2140166021210695,21.4,0.1176470588235294,81.91411180290912,81.9,0.2140166021210695,21.4,81.91411180290912,81.9,,,,,,,,,,,,,0.5,750.0,DraftKings,exp/fallback,0.2233,0.1882067916997827,18.8,0.1176470588235294,59.97577294481531,60.0,0.1882067916997827,18.8,59.97577294481531,60.0,,,,,,,,,,,,,False,False,True,True,False,,,Active roster,2026-10-02T16:41:02+00:00,False,[],2025-2026,,2026-09-24-frozen-v2,2026-10-02T16:41:05.426327+00:00
2026-10-02,BOS@WPG,2026020019,7:00 PM,2026-10-03T00:00:00Z,Neal Pionk,8480145,WPG,False,,2026-27,WPG,D,,Healthy,Unknown,,,2.0,1.0,🟢 ROLE+,16.0,11.0,2026-10-02T16:40:41+00:00,BOS,Jeremy Swayman,0.9071246819338422,2.707645389120994,32.0,Unconfirmed,dailyfaceoff_name_and_stats,28.0,5.0,28.0,5.0,,41.6,46.6,A1+A2,22.71,95.1,54.1,1.02,NONE,False,False,24.83856174316134,2.3401792243526978,35.9,26.8,8.0,2.0,True,,,,,50.0,,,,,,,,,,,,,,,,,,,,,,,,,,,,,,,,,,,,,,,,0.6599934000659994,0.1979980200197998,,,0.0,2.666162545755205,2.6773806209827864,50.0,65.8,39.5,90.5,2.59,0.79,,,,,COOL,COOL,COOL,1.79,,COOL,Red,Red,Red,Red,53.0,49.0,45.0,48.0,POINTS,53.0,,,,,,,C,Passenger,6.8,,35.6,,0.0,1.545751633986928,78.83333333333333,1.545751633986928,0.0680653888217348,6.8,6.8,1.3699788583509511,0.7230443974630021,0.7610993657505285,7.211801710007531,6.692271808427927,35.6,50.6,False,,,,,,False,False,0.0,,False,0.0,,False,0.0,,1.5,-120.0,theScore Bet,2.5,250.0,theScore Bet,3.5,650.0,Fanatics,4.5,1700.0,Fanatics,1.5,-120.0,theScore Bet,0.5,182.0,BetOnline.ag,1.5,1200.0,Caesars,2.5,1550.0,BetOnline.ag,3.5,3100.0,BetOnline.ag,0.5,182.0,BetOnline.ag,0.5,250.0,Bovada,1.5,1600.0,DraftKings,2.5,3300.0,Bovada,,,,0.5,250.0,Bovada,0.5,900.0,FanDuel,,,,,,,,,,0.5,900.0,FanDuel,0.5,900.0,FanDuel,,,,,,,,,,0.5,900.0,FanDuel,The Odds API,"[""Bally Bet"", ""BetMGM"", ""BetRivers"", ""Bovada"", ""Caesars"", ""Courtside"", ""DraftKings"", ""FanDuel"", ""Fanatics"", ""fanatics""]",The Odds API,"[""Bally Bet"", ""BetMGM"", ""BetRivers"", ""Bovada"", ""Caesars"", ""Courtside"", ""DraftKings"", ""FanDuel"", ""Fanatics"", ""Fliff"", ""Hard Rock Bet"", ""theScore Bet""]",The Odds API,"[""Bally Bet"", ""BetOnline.ag"", ""BetRivers"", ""Bovada"", ""Courtside"", ""DraftKings"", ""Fanatics"", ""Fliff"", ""Hard Rock Bet"", ""ReBet"", ""theScore Bet""]",The Odds API,"[""Bally Bet"", ""BetOnline.ag"", ""BetRivers"", ""Bovada"", ""Courtside"", ""DraftKings"", ""Fanatics"", ""Fliff"", ""Hard Rock Bet"", ""ReBet"", ""draftkings"", ""theScore Bet""]",The Odds API,"[""Bally Bet"", ""BetOnline.ag"", ""BetRivers"", ""Caesars"", ""Courtside"", ""DraftKings"", ""Fanatics"", ""Fliff"", ""Hard Rock Bet"", ""ReBet"", ""draftkings"", ""theScore Bet""]",0.5,575.0,Hard Rock Bet,,,,,,,,,,0.5,575.0,Hard Rock Bet,The Odds API,"[""Bovada"", ""Hard Rock Bet"", ""theScore Bet""]",ALTLINE_NB_v1_2026-01-18,1.5,-120.0,theScore Bet,league_avg,2.3,0.6001759479749428,60.0,0.5454545454545454,10.032257128739507,10.0,0.6001759479749428,60.0,10.032257128739507,10.0,0.3835789960842564,38.4,34.252648629489734,34.3,0.2254288407355011,22.5,69.07163055162589,69.1,0.1243884637071297,12.4,123.89923467283354,123.9,0.5,182.0,BetOnline.ag,exp/fallback,0.259,0.2195817477923074,22.0,0.3546099290780142,-38.0779471225693,-38.1,0.2195817477923074,22.0,-38.0779471225693,-38.1,0.0342534322723951,3.4,-55.47053804588625,-55.5,0.0045463559777373,0.5,-92.49851263673338,-92.5,0.0005487320248841,0.1,-98.24405752037072,-98.2,0.5,250.0,Bovada,exp/fallback,0.179,0.1575472916093184,15.8,0.2857142857142857,-44.858447936738536,-44.9,0.1575472916093184,15.8,-44.858447936738536,-44.9,0.019136061869133,1.9,-67.46869482247376,-67.5,0.0020808001962373,0.2,-92.925279332793,-92.9,,,,,0.5,900.0,FanDuel,exp/fallback,0.2116,0.1838199809361185,18.4,0.1,83.81998093611851,83.8,0.1838199809361185,18.4,83.81998093611851,83.8,,,,,,,,,,,,,0.5,900.0,FanDuel,exp/fallback,0.15635,0.1383495382806694,13.8,0.1,38.34953828066943,38.3,0.1383495382806694,13.8,38.34953828066943,38.3,,,,,,,,,,,,,True,False,True,True,False,,,Active roster,2026-10-02T16:41:02+00:00,False,[],2025-2026,,2026-09-24-frozen-v2,2026-10-02T16:41:05.426327+00:00
2026-10-02,BOS@WPG,2026020019,7:00 PM,2026-10-03T00:00:00Z,Nino Niederreiter,8475799,WPG,False,"{""season"":""2026-27"",""games"":[]}",2026-27,WPG,R,,Healthy,Unknown,,,2.0,0.0,,16.0,11.0,2026-10-02T16:40:41+00:00,BOS,Jeremy Swayman,0.9071246819338422,2.707645389120994,32.0,Unconfirmed,dailyfaceoff_name_and_stats,28.0,5.0,28.0,5.0,6.9,74.8,51.9,A1+A2,13.77,37.9,59.4,1.04,NONE,False,False,24.83856174316134,2.3401792243526978,35.9,26.8,8.0,2.0,True,1.0,1.25,1.6,1.21,33.8,0.0,0.0,14.0,0.0,0.0,0.0,4.0,6.0,2.0,2.0,26.0,51.0,LOW,0.0,-0.5,LOW,0.2,,LOW,0.15,,LOW,0.0,,LOW,0.1,,LOW,0.05,,LOW,1.4,,LOW,1.3,,LOW,1.275,,0.9848847548047328,0.4103686478353053,,,0.0,2.666162545755205,2.6773806209827864,50.0,65.8,48.9,90.5,4.27,2.4,12.1,4.27,2.4,-1.9,HOT,WARM,COOL,1.87,1.87,WARM,Red,Red,Red,Red,62.0,57.0,66.0,55.0,GOAL,66.0,10.0,10.0,10.0,0.0,0.0,10.0,B,Hybrid,11.0,,35.6,,1.0,1.51120218579235,92.18333333333334,1.51120218579235,0.1097529516817144,11.0,11.0,3.1502440788284214,1.4905080455613813,1.9526306273729883,7.211801710007531,6.692271808427927,35.6,61.9,False,,,,🥅 D:10,,False,False,1.0,,False,0.0,,False,0.0,,1.5,188.0,BetRivers,,,,,,,,,,1.5,188.0,BetRivers,0.5,210.0,BetRivers,,,,,,,,,,0.5,210.0,BetRivers,,,,,,,,,,,,,,,,0.5,500.0,theScore Bet,,,,,,,,,,0.5,500.0,theScore Bet,0.5,440.0,FanDuel,,,,,,,,,,0.5,440.0,FanDuel,The Odds API,"[""Bally Bet"", ""BetMGM"", ""BetRivers"", ""Bovada"", ""Caesars"", ""Courtside"", ""DraftKings"", ""FanDuel"", ""Fanatics"", ""fanduel""]",The Odds API,"[""Bally Bet"", ""BetMGM"", ""BetRivers"", ""Bovada"", ""Caesars"", ""Courtside"", ""DraftKings"", ""FanDuel"", ""Fanatics"", ""Fliff"", ""Hard Rock Bet"", ""theScore Bet""]",The Odds API,"[""Bally Bet"", ""BetRivers""]",,,The Odds API,"[""Bally Bet"", ""BetRivers""]",,,,,,,,,,,,,,,,,,ALTLINE_NB_v1_2026-01-18,1.5,188.0,BetRivers,exp/fallback,1.21,0.329779958148648,33.0,0.3472222222222222,-5.023372053189368,-5.0,0.329779958148648,33.0,-5.023372053189368,-5.0,,,,,,,,,,,,,0.5,210.0,BetRivers,exp/fallback,0.4269999999999999,0.3283064363024359,32.8,0.3225806451612903,1.7749952537551406,1.8,0.3283064363024359,32.8,1.7749952537551406,1.8,,,,,,,,,,,,,,,,exp/fallback,0.187,,,,,,,,,,,,,,,,,,,,,,0.5,500.0,theScore Bet,exp/fallback,0.207,0.1803482277388468,18.0,0.1666666666666666,8.208936643308107,8.2,0.1803482277388468,18.0,8.208936643308107,8.2,,,,,,,,,,,,,0.5,440.0,FanDuel,exp/fallback,0.19575,0.1682816860899562,16.8,0.1851851851851851,-9.127889511423648,-9.1,0.1682816860899562,16.8,-9.127889511423648,-9.1,,,,,,,,,,,,,False,False,False,False,False,6.9,,Active roster,2026-10-02T16:41:02+00:00,False,[],2025-2026,,2026-09-24-frozen-v2,2026-10-02T16:41:05.426327+00:00
2026-10-02,BOS@WPG,2026020019,7:00 PM,2026-10-03T00:00:00Z,Tyrel Bauer,8482459,,,,,WPG,D,,Unknown,,,,,,,,,,,,,,,,,,,,,,,,,,,,,,,,,,,,,,,,,,,,,,,,,,,,,,,,,,,,,,,,,,,,,,,,,,,,,,,,,,,,,,,,,,,,,,,,,,,,,,,,,,,,,,,,,,,,,,,,,,,,,,,,,,,,,,,,,,,,,,,,,,,,,,,,,,,,,,,,,,,,,,,,,,,,,,,,,,,,,,,,,,,,,,,,,,,,,,,,,,,,,,,,,,,,,,,,,,,,,,,,,,,,,,,,,,,,,,,,,,,,,,,,,,,,,,,,,,,,,,,,,,,,,,,,,,,,,,,,,,,,,,,,,,,,,,,,,,,,,,,,,,,,,,,,,,,,,,,,,,,,,,,,,,,,,,,,,,,0.5,1800.0,fanduel,,,,,,,,,,,,,,,,,,,,,,,,,,,,,,,,,,,,,,,,,,,,,,,,,,,,,,,,,Active roster,2026-10-02T16:41:02+00:00,True,[],Unavailable,True,2026-09-24-frozen-v2,2026-10-02T16:41:05.426327+00:00
2026-10-02,BOS@WPG,2026020019,7:00 PM,2026-10-03T00:00:00Z,Viggo Björck,8486025,,,,,WPG,C,,Unknown,,,,,,,,,,,,,,,,,,,,,,,,,,,,,,,,,,,,,,,,,,,,,,,,,,,,,,,,,,,,,,,,,,,,,,,,,,,,,,,,,,,,,,,,,,,,,,,,,,,,,,,,,,,,,,,,,,,,,,,,,,,,,,,,,,,,,,,,,,,,,,,,,,,,,,,,,,,,,,,,,,,,,,,,,,,,,,,,,,,,,,,,,,,,,,,,,,,,,,,,,,,,,,,,,,,,,,,,,,,,,,,,,,,,,,,,,,,,,,,,,,,,,,,,,,,,,,,,,,,,,,,,,,,,,,,,,,,,,,,,,,,,,,,,,,,,,,,,,,,,,,,,,,,,,,,,,,,,,,,,,,,,,,,,,,,,,,,,,,,0.5,360.0,fanduel,,,,,,,,,,,,,,,,,,,,,,,,,,,,,,,,,,,,,,,,,,,,,,,,,,,,,,,,,Active roster,2026-10-02T16:41:02+00:00,True,[],Unavailable,True,2026-09-24-frozen-v2,2026-10-02T16:41:05.426327+00:00
2026-10-02,BOS@WPG,2026020019,7:00 PM,2026-10-03T00:00:00Z,Vladislav Namestnikov,8476480,WPG,False,,2026-27,WPG,C,,Healthy,Unknown,,,2.0,0.0,,16.0,11.0,2026-10-02T16:40:41+00:00,BOS,Jeremy Swayman,0.9071246819338422,2.707645389120994,32.0,Unconfirmed,dailyfaceoff_name_and_stats,28.0,5.0,28.0,5.0,,65.1,37.3,A1+A2,13.78,38.2,50.0,1.0,NONE,False,False,24.83856174316134,2.3401792243526978,35.9,26.8,8.0,2.0,True,,,,,50.0,,,,,,,,,,,,,,,,,,,,,,,,,,,,,,,,,,,,,,,,0.884281889415637,0.3537127557662548,,,0.0,2.666162545755205,2.6773806209827864,50.0,65.8,45.4,90.5,2.6,1.6,,,,,COOL,COOL,COOL,1.0,,COOL,Red,Red,Red,Red,41.0,55.0,57.0,40.0,GOAL,57.0,,,,,,,B,Shooter,10.4,,35.6,,1.0,1.4361111111111111,86.16666666666667,1.4361111111111111,0.1042422776030325,10.4,10.4,0.8286266924564797,0.8286266924564797,0.0,7.211801710007531,6.692271808427927,35.6,46.0,False,,,,,,False,False,0.0,,False,0.0,,False,0.0,,,,,,,,,,,,,,,,,0.5,280.0,BetRivers,,,,,,,,,,0.5,280.0,BetRivers,,,,,,,,,,,,,,,,0.5,575.0,BetRivers,,,,,,,,,,0.5,575.0,BetRivers,0.5,575.0,BetRivers,,,,,,,,,,0.5,575.0,BetRivers,The Odds API,"[""Bally Bet"", ""BetMGM"", ""BetRivers"", ""Bovada"", ""Caesars"", ""Courtside"", ""DraftKings"", ""FanDuel"", ""Fanatics"", ""betrivers""]",The Odds API,"[""Bally Bet"", ""BetMGM"", ""BetRivers"", ""Bovada"", ""Caesars"", ""Courtside"", ""DraftKings"", ""FanDuel"", ""Fanatics"", ""Fliff"", ""Hard Rock Bet"", ""theScore Bet""]",,,,,The Odds API,"[""Bally Bet"", ""BetRivers""]",0.5,800.0,Hard Rock Bet,,,,,,,,,,0.5,800.0,Hard Rock Bet,The Odds API,"[""Bovada"", ""Hard Rock Bet"", ""theScore Bet""]",ALTLINE_NB_v1_2026-01-18,,,,league_avg,2.3,,,,,,,,,,,,,,,,,,,,,,0.5,280.0,BetRivers,exp/fallback,0.26,0.2202968585102594,22.0,0.2631578947368421,-16.287193766101403,-16.3,0.2202968585102594,22.0,-16.287193766101403,-16.3,,,,,,,,,,,,,,,,exp/fallback,0.1,,,,,,,,,,,,,,,,,,,,,,0.5,575.0,BetRivers,exp/fallback,0.244,0.2076998209106814,20.8,0.1481481481481481,40.19737911470994,40.2,0.2076998209106814,20.8,40.19737911470994,40.2,,,,,,,,,,,,,0.5,575.0,BetRivers,exp/fallback,0.209,0.177964077530834,17.8,0.1481481481481481,20.12575233331293,20.1,0.177964077530834,17.8,20.12575233331293,20.1,,,,,,,,,,,,,False,False,True,True,False,,,Active roster,2026-10-02T16:41:02+00:00,False,[],2025-2026,,2026-09-24-frozen-v2,2026-10-02T16:41:05.426327+00:00
2026-10-02,NYR@DET,2026020017,5:30 PM,2026-10-02T22:30:00Z,Albert Johansson,8481607,DET,False,,2026-27,DET,D,,Healthy,Unknown,,,1.0,0.0,,16.0,11.0,2026-10-02T16:40:41+00:00,NYR,Dylan Garand,0.9479166666666666,1.6216216216216215,0.0,Unconfirmed,dailyfaceoff_name_and_stats,24.33,6.0,24.33,6.0,,34.8,43.8,A1+A2,15.94,58.5,42.7,0.97,NONE,False,False,25.99016902875088,2.3782259155553187,56.2,45.8,12.0,3.0,True,,,,,50.0,,,,,,,,,,,,,,,,,,,,,,,,,,,,,,,,,,,,,,,,0.4695448023998956,0.1565149341332985,,,0.0,2.398134962935236,2.2409738553050214,50.0,41.0,36.9,43.6,1.29,0.34,,,,,COOL,COOL,COOL,0.95,,COOL,Red,Red,Red,Red,41.0,36.0,36.0,35.0,POINTS,41.0,,,,,,,C,Passenger,1.3,,71.4,,0.0,0.2040650406504065,16.733333333333334,0.2040650406504065,0.0128022034071202,1.3,1.3,0.5378486055776892,0.5378486055776892,0.0,8.179119624508436,7.578865779615037,71.4,39.5,False,,,,,,False,False,0.0,,False,0.0,,False,0.0,,,,,,,,,,,,,,,,,0.5,460.0,Fanatics,1.5,4000.0,Fanatics,,,,,,,0.5,460.0,Fanatics,0.5,650.0,Fanatics,1.5,2900.0,BetOnline.ag,,,,,,,0.5,650.0,Fanatics,0.5,1400.0,Fanatics,,,,,,,,,,0.5,1400.0,Fanatics,0.5,1400.0,Fanatics,,,,,,,,,,0.5,1400.0,Fanatics,The Odds API,"[""Bally Bet"", ""BetMGM"", ""BetRivers"", ""Bovada"", ""Caesars"", ""Courtside"", ""DraftKings"", ""FanDuel"", ""Fanatics"", ""fanduel""]",The Odds API,"[""Bally Bet"", ""BetMGM"", ""BetRivers"", ""Bovada"", ""Caesars"", ""Courtside"", ""DraftKings"", ""FanDuel"", ""Fanatics"", ""Fliff"", ""Hard Rock Bet"", ""theScore Bet""]",,,The Odds API,"[""BetOnline.ag"", ""Courtside"", ""DraftKings"", ""Fanatics"", ""ReBet"", ""draftkings""]",The Odds API,"[""Courtside"", ""DraftKings"", ""Fanatics"", ""draftkings""]",,,,,,,,,,,,,,,,,,ALTLINE_NB_v1_2026-01-18,,,,league_avg,2.3,,,,,,,,,,,,,,,,,,,,,,0.5,460.0,Fanatics,exp/fallback,0.129,0.1185373213788735,11.9,0.1785714285714285,-33.61910002783084,-33.6,0.1185373213788735,11.9,-33.61910002783084,-33.6,0.0097407988298372,1.0,-60.06272479766728,-60.1,,,,,,,,,0.5,650.0,Fanatics,exp/fallback,0.095,0.0886358587613422,8.9,0.1333333333333333,-33.52310592899329,-33.5,0.0886358587613422,8.9,-33.52310592899329,-33.5,0.0059823089592683,0.6,-82.05307312219503,-82.1,,,,,,,,,0.5,1400.0,Fanatics,exp/fallback,0.1936,0.1701162452154071,17.0,0.0666666666666666,155.17436782311069,155.2,0.1701162452154071,17.0,155.17436782311069,155.2,,,,,,,,,,,,,0.5,1400.0,Fanatics,exp/fallback,0.1271,0.1149597639007977,11.5,0.0666666666666666,72.43964585119664,72.4,0.1149597639007977,11.5,72.43964585119664,72.4,,,,,,,,,,,,,False,False,True,True,False,,,Active roster,2026-10-02T16:41:02+00:00,False,[],2025-2026,,2026-09-24-frozen-v2,2026-10-02T16:41:05.426327+00:00
2026-10-02,NYR@DET,2026020017,5:30 PM,2026-10-02T22:30:00Z,Alex DeBrincat,8479337,DET,False,"{""season"":""2026-27"",""games"":[]}",2026-27,DET,R,⭐ STAR,Healthy,Unknown,,,1.0,0.0,,16.0,11.0,2026-10-02T16:40:41+00:00,NYR,Dylan Garand,0.9479166666666666,1.6216216216216215,0.0,Unconfirmed,dailyfaceoff_name_and_stats,24.33,6.0,24.33,6.0,16.7,99.6,95.3,A1+A2,18.5,77.8,93.7,1.21,STAR,False,True,25.99016902875088,2.3782259155553187,56.2,45.8,12.0,3.0,True,3.5,3.125,3.2,3.395,91.9,8.0,5.0,34.0,2.0,2.0,3.0,23.0,44.0,14.0,24.0,72.0,141.0,GOOD,0.8,0.3,STRONG,1.15,,STRONG,1.1,,LOW,0.3,,GOOD,0.7,,GOOD,0.6,,GOOD,3.4,,STRONG,3.6,,STRONG,3.525,,2.312006736217157,0.7192909846008934,,,3.0,2.398134962935236,2.2409738553050214,50.0,41.0,72.7,43.6,13.12,7.34,45.83,3.93,0.44,-0.05,HOT,COOL,COOL,7.14,3.49,HOT,Green,Green,Green,Green,77.0,81.0,85.0,77.0,GOAL,85.0,0.0,0.0,1.0,1.0,2.0,3.0,A,Shooter,17.4,,71.4,,2.0,3.217479674796748,263.8333333333333,3.217479674796748,0.1739159095153865,17.4,17.4,4.11396083385976,2.7608338597599498,1.5919140871762476,8.179119624508436,7.578865779615037,71.4,78.3,False,,,,🥅 D:1,,False,False,2.0,,False,0.0,,False,0.0,,1.5,-700.0,DraftKings,2.5,-235.0,Fanatics,3.5,105.0,Fanatics,4.5,230.0,Fanatics,3.5,105.0,Fanatics,0.5,-200.0,BetRivers,1.5,235.0,BetRivers,2.5,750.0,DraftKings,3.5,2500.0,Fanatics,0.5,-200.0,BetRivers,0.5,132.0,BetRivers,1.5,650.0,Fanatics,2.5,3000.0,Fanatics,,,,0.5,132.0,BetRivers,0.5,135.0,BetRivers,,,,,,,,,,0.5,135.0,BetRivers,0.5,135.0,BetRivers,,,,,,,,,,0.5,135.0,BetRivers,The Odds API,"[""Bally Bet"", ""BetMGM"", ""BetRivers"", ""Bovada"", ""Caesars"", ""Courtside"", ""DraftKings"", ""FanDuel"", ""Fanatics"", ""betmgm""]",The Odds API,"[""Bally Bet"", ""BetMGM"", ""BetRivers"", ""Bovada"", ""Caesars"", ""Courtside"", ""DraftKings"", ""FanDuel"", ""Fanatics"", ""Fliff"", ""Hard Rock Bet"", ""fanduel"", ""theScore Bet""]",The Odds API,"[""Bally Bet"", ""BetOnline.ag"", ""BetRivers"", ""Bovada"", ""Courtside"", ""DraftKings"", ""FanDuel"", ""Fanatics"", ""Fliff"", ""Hard Rock Bet"", ""ReBet"", ""fanduel"", ""theScore Bet""]",The Odds API,"[""Bally Bet"", ""BetOnline.ag"", ""BetRivers"", ""Bovada"", ""Courtside"", ""DraftKings"", ""FanDuel"", ""Fanatics"", ""Fliff"", ""Hard Rock Bet"", ""ReBet"", ""draftkings"", ""theScore Bet""]",The Odds API,"[""Bally Bet"", ""BetOnline.ag"", ""BetRivers"", ""Bovada"", ""Caesars"", ""Courtside"", ""DraftKings"", ""FanDuel"", ""Fanatics"", ""Fliff"", ""Hard Rock Bet"", ""ReBet"", ""draftkings"", ""theScore Bet""]",0.5,155.0,BetRivers,1.5,550.0,Bovada,,,,,,,0.5,155.0,BetRivers,The Odds API,"[""Bally Bet"", ""BetRivers"", ""Bovada"", ""Hard Rock Bet"", ""theScore Bet""]",ALTLINE_NB_v1_2026-01-18,3.5,105.0,Fanatics,exp/fallback,4.583,0.5739511087231599,57.4,0.4878048780487805,17.659977288247784,17.7,0.8520759506766832,85.2,-2.619891351236209,-2.6,0.7175813020493188,71.8,2.293504760222042,2.3,0.5739511087231599,57.4,17.659977288247784,17.7,0.4397381228179838,44.0,45.11358052993467,45.1,0.5,-200.0,BetRivers,exp/fallback,1.3119999999999998,0.6602961167239162,66.0,0.6666666666666666,-0.955582491412571,-1.0,0.6602961167239162,66.0,-0.955582491412571,-1.0,0.3548606076379637,35.5,18.878303558717835,18.9,0.1694893858407327,16.9,44.0659779646228,44.1,0.0750422063139271,7.5,95.10973641621048,95.1,0.5,132.0,BetRivers,exp/fallback,0.714,0.4569493914846406,45.7,0.4310344827586206,6.012258824436634,6.0,0.4569493914846406,45.7,6.012258824436634,6.0,0.1712175311456822,17.1,28.41314835926172,28.4,0.0584618854481787,5.8,81.23184488935416,81.2,,,,,0.5,135.0,BetRivers,exp/fallback,0.4736,0.3518975675260408,35.2,0.425531914893617,-17.304071631380396,-17.3,0.3518975675260408,35.2,-17.304071631380396,-17.3,,,,,,,,,,,,,0.5,135.0,BetRivers,exp/fallback,0.5821000000000001,0.3896295753167061,39.0,0.425531914893617,-8.437049800574048,-8.4,0.3896295753167061,39.0,-8.437049800574048,-8.4,,,,,,,,,,,,,True,False,False,False,False,16.7,,Active roster,2026-10-02T16:41:02+00:00,False,"[{""market"":""Assists"",""name"":""Staff (Green Stance)"",""kind"":""STANCE"",""rule"":""Green + Assists 0.5"",""icon"":""staff.svg"",""kit_version"":""2026-09-24-frozen-v2""},{""market"":""SOG"",""name"":""Sniper Stance"",""kind"":""STANCE"",""rule"":""Green + SOG 3.5 + Conf_SOG >= 75"",""icon"":""sog_class_shooter.svg"",""kit_version"":""2026-09-24-frozen-v2""}]",2025-2026,,2026-09-24-frozen-v2,2026-10-02T16:41:05.426327+00:00
2026-10-02,NYR@DET,2026020017,5:30 PM,2026-10-02T22:30:00Z,Andrew Copp,8477429,DET,False,"{""season"":""2026-27"",""games"":[]}",2026-27,DET,C,,Healthy,Unknown,,,1.0,0.0,,16.0,11.0,2026-10-02T16:40:41+00:00,NYR,Dylan Garand,0.9479166666666666,1.6216216216216215,0.0,Unconfirmed,dailyfaceoff_name_and_stats,24.33,6.0,24.33,6.0,9.5,86.8,89.1,A1+A2,16.57,63.7,83.0,1.13,NONE,False,False,25.99016902875088,2.3782259155553187,56.2,45.8,12.0,3.0,True,2.0,1.625,1.8,1.93,57.4,4.0,0.0,15.0,0.0,1.0,4.0,10.0,22.0,9.0,17.0,31.0,65.0,LOW,0.4,-0.1,LOW,0.5,,LOW,0.55,,LOW,0.4,,OK,0.45,,LOW,0.425,,LOW,1.5,,LOW,1.55,,LOW,1.625,,1.5050167224080269,0.5788525855415487,,,4.0,2.398134962935236,2.2409738553050214,50.0,41.0,61.6,43.6,8.48,2.84,21.23,3.71,2.84,4.3,HOT,HOT,HOT,5.36,0.87,COOL,Yellow,Red,Yellow,Yellow,76.0,74.0,73.0,69.0,POINTS,76.0,4.0,4.0,10.0,10.0,0.0,10.0,C,Passenger,7.9,,71.4,,0.0,1.3025316455696203,102.9,1.3025316455696203,0.0785926142800769,7.9,7.9,4.62536443148688,1.5276967930029155,3.6443148688046647,8.179119624508436,7.578865779615037,71.4,74.2,False,,,,🅿️ D:4,,False,False,1.0,,False,0.0,,False,0.0,,1.5,106.0,BetOnline.ag,2.5,320.0,Fanatics,3.5,900.0,Fanatics,4.5,1200.0,BetOnline.ag,1.5,106.0,BetOnline.ag,0.5,-110.0,DraftKings,1.5,475.0,DraftKings,2.5,1700.0,Fanatics,3.5,1500.0,BetOnline.ag,0.5,-110.0,DraftKings,0.5,180.0,Bovada,1.5,1000.0,DraftKings,2.5,3300.0,Bovada,,,,0.5,180.0,Bovada,0.5,300.0,DraftKings,,,,,,,,,,0.5,300.0,DraftKings,0.5,300.0,DraftKings,,,,,,,,,,0.5,300.0,DraftKings,The Odds API,"[""Bally Bet"", ""BetMGM"", ""BetRivers"", ""Bovada"", ""Caesars"", ""Courtside"", ""DraftKings"", ""FanDuel"", ""Fanatics"", ""fanduel""]",The Odds API,"[""Bally Bet"", ""BetMGM"", ""BetRivers"", ""Bovada"", ""Caesars"", ""Courtside"", ""DraftKings"", ""FanDuel"", ""Fanatics"", ""Fliff"", ""fanduel""]",The Odds API,"[""Bally Bet"", ""BetOnline.ag"", ""BetRivers"", ""Bovada"", ""Courtside"", ""DraftKings"", ""Fanatics"", ""Fliff"", ""ReBet""]",The Odds API,"[""Bally Bet"", ""BetOnline.ag"", ""BetRivers"", ""Bovada"", ""Courtside"", ""DraftKings"", ""FanDuel"", ""Fanatics"", ""Fliff"", ""ReBet"", ""draftkings""]",The Odds API,"[""Bally Bet"", ""BetOnline.ag"", ""BetRivers"", ""Bovada"", ""Caesars"", ""Courtside"", ""DraftKings"", ""FanDuel"", ""Fanatics"", ""Fliff"", ""ReBet"", ""draftkings""]",0.5,280.0,BetRivers,,,,,,,,,,0.5,280.0,BetRivers,The Odds API,"[""Bally Bet"", ""BetRivers"", ""Bovada""]",ALTLINE_NB_v1_2026-01-18,1.5,106.0,BetOnline.ag,exp/fallback,2.123,0.565272125468078,56.5,0.4854368932038835,16.44605784642408,16.4,0.565272125468078,56.5,16.44605784642408,16.4,0.3463173624489833,34.6,45.45329222857303,45.5,0.194482979992822,19.4,94.48297999282204,94.5,0.1023544989508077,10.2,33.060848636050046,33.1,0.5,-110.0,DraftKings,exp/fallback,0.8480000000000001,0.5241109532428108,52.4,0.5238095238095238,0.0575456190820555,0.1,0.5241109532428108,52.4,0.0575456190820555,0.1,0.2129188560419346,21.3,22.42834222411241,22.4,0.075560468906076,7.6,36.00884403093687,36.0,0.0246618849828152,2.5,-60.540984027495526,-60.5,0.5,180.0,Bovada,exp/fallback,0.536,0.3780413776632269,37.8,0.3571428571428571,5.851585745703525,5.9,0.3780413776632269,37.8,5.851585745703525,5.9,0.1151314237416887,11.5,26.644566115857597,26.6,0.0317798452902231,3.2,8.051473986758717,8.1,,,,,0.5,300.0,DraftKings,exp/fallback,0.2935999999999999,0.2424008711351085,24.2,0.25,-3.0396515459565787,-3.0,0.2424008711351085,24.2,-3.0396515459565787,-3.0,,,,,,,,,,,,,0.5,300.0,DraftKings,exp/fallback,0.2895999999999999,0.2330574759879511,23.3,0.25,-6.777009604819551,-6.8,0.2330574759879511,23.3,-6.777009604819551,-6.8,,,,,,,,,,,,,True,False,False,False,False,9.5,,Active roster,2026-10-02T16:41:02+00:00,False,[],2025-2026,,2026-09-24-frozen-v2,2026-10-02T16:41:05.426327+00:00
2026-10-02,NYR@DET,2026020017,5:30 PM,2026-10-02T22:30:00Z,Anton Johansson,8483679,,,,,DET,D,,Unknown,,,,,,,,,,,,,,,,,,,,,,,,,,,,,,,,,,,,,,,,,,,,,,,,,,,,,,,,,,,,,,,,,,,,,,,,,,,,,,,,,,,,,,,,,,,,,,,,,,,,,,,,,,,,,,,,,,,,,,,,,,,,,,,,,,,,,,,,,,,,,,,,,,,,,,,,,,,,,,,,,,,,,,,,,,,,,,,,,,,,,,,,,,,,,,,,,,,,,,,,,,,,,,,,,,,,,,,,,,,,,,,,,,,,,,,,,,,,,,,,,,,,,,,,,,,,,,,,,,,,,,,,,,,,,,,,,,,,,,,,,,,,,,,0.5,425.0,draftkings,,,,,,,,,,,,,,,,,,,,,,,,0.5,650.0,draftkings,,,,,,,,,,,,,,,,,,,,,,,,,,,,,,,,,,,,,,,,,,,,,,,,,,,,,,,,,,,,,,,,,,,,,,,,,,,,,,,,,,,Active roster,2026-10-02T16:41:02+00:00,True,[],Unavailable,True,2026-09-24-frozen-v2,2026-10-02T16:41:05.426327+00:00
2026-10-02,NYR@DET,2026020017,5:30 PM,2026-10-02T22:30:00Z,Axel Sandin-Pellikka,8484223,DET,False,,2026-27,DET,D,,Healthy,Unknown,,,1.0,0.0,,16.0,11.0,2026-10-02T16:40:41+00:00,NYR,Dylan Garand,0.9479166666666666,1.6216216216216215,0.0,Unconfirmed,dailyfaceoff_name_and_stats,24.33,6.0,24.33,6.0,,38.1,58.4,A1+A2,16.21,61.4,49.9,1.0,NONE,False,False,25.99016902875088,2.3782259155553187,56.2,45.8,12.0,3.0,True,,,,,50.0,,,,,,,,,,,,,,,,,,,,,,,,,,,,,,,,,,,,,,,,0.8943623232126062,0.2555320923464589,,,0.0,2.398134962935236,2.2409738553050214,50.0,41.0,45.8,43.6,2.57,0.52,,,,,COOL,COOL,COOL,2.06,,COOL,Red,Red,Red,Red,49.0,38.0,38.0,44.0,POINTS,49.0,,,,,,,B,Distributor,10.4,,71.4,,1.0,1.686764705882353,114.7,1.686764705882353,0.1040520108859994,10.4,10.4,2.826068003487358,0.4917175239755885,2.746294681778553,8.179119624508436,7.578865779615037,71.4,72.5,False,,,,,,False,False,0.0,,False,0.0,,False,0.0,,,,,,,,,,,,,,,,,,,,,,,,,,,,,,,,,,,,,,,,,,,,,,,,,,,,,,,,,,,,,,0.5,1100.0,fanduel,,,,,,,,,,0.5,1100.0,fanduel,BallDontLie,"[""fanduel""]",,,,,,,,,,,,,,,,,,,,,,,,,,ALTLINE_NB_v1_2026-01-18,,,,league_avg,2.3,,,,,,,,,,,,,,,,,,,,,,,,,exp/fallback,0.257,,,,,,,,,,,,,,,,,,,,,,,,,exp/fallback,0.206,,,,,,,,,,,,,,,,,,,,,,,,,exp/fallback,0.2008,,,,,,,,,,,,,,,,,,,,,,0.5,1100.0,fanduel,exp/fallback,0.1388,0.1244399629144471,12.4,0.0833333333333333,49.32795549733658,49.3,0.1244399629144471,12.4,49.32795549733658,49.3,,,,,,,,,,,,,False,False,False,True,False,,,Active roster,2026-10-02T16:41:02+00:00,False,[],2025-2026,,2026-09-24-frozen-v2,2026-10-02T16:41:05.426327+00:00
2026-10-02,NYR@DET,2026020017,5:30 PM,2026-10-02T22:30:00Z,Ben Chiarot,8475279,DET,False,,2026-27,DET,D,,Healthy,Unknown,,,1.0,0.0,,16.0,11.0,2026-10-02T16:40:41+00:00,NYR,Dylan Garand,0.9479166666666666,1.6216216216216215,0.0,Unconfirmed,dailyfaceoff_name_and_stats,24.33,6.0,24.33,6.0,,43.8,49.3,A1+A2,20.84,88.9,54.8,1.02,NONE,False,False,25.99016902875088,2.3782259155553187,56.2,45.8,12.0,3.0,True,,,,,50.0,,,,,,,,,,,,,,,,,,,,,,,,,,,,,,,,,,,,,,,,0.5632984252232517,0.1609424072066433,,,0.0,2.398134962935236,2.2409738553050214,50.0,41.0,38.7,43.6,1.78,0.54,,,,,COOL,COOL,COOL,1.24,,COOL,Red,Red,Red,Red,47.0,43.0,43.0,42.0,POINTS,47.0,,,,,,,C,Passenger,0.5,,71.4,,0.0,0.1093495934959349,8.966666666666667,0.1093495934959349,0.0052479612938468,0.5,0.5,0.0,0.0,0.0,8.179119624508436,7.578865779615037,71.4,35.7,False,,,,,,False,False,0.0,,False,0.0,,False,0.0,,,,,,,,,,,,,,,,,,,,,,,,,,,,,,,,,,,,,,,,,,,,,,,0.5,1600.0,FanDuel,,,,,,,,,,0.5,1600.0,FanDuel,0.5,1600.0,FanDuel,,,,,,,,,,0.5,1600.0,FanDuel,The Odds API,"[""Bally Bet"", ""BetMGM"", ""BetRivers"", ""Bovada"", ""Caesars"", ""Courtside"", ""DraftKings"", ""FanDuel"", ""Fanatics"", ""fanduel""]",The Odds API,"[""Bally Bet"", ""BetMGM"", ""BetRivers"", ""Bovada"", ""Caesars"", ""Courtside"", ""DraftKings"", ""FanDuel"", ""Fanatics"", ""Fliff"", ""Hard Rock Bet"", ""theScore Bet""]",,,,,,,,,,,,,,,,,,,,,,,,ALTLINE_NB_v1_2026-01-18,,,,league_avg,2.3,,,,,,,,,,,,,,,,,,,,,,,,,exp/fallback,0.178,,,,,,,,,,,,,,,,,,,,,,,,,exp/fallback,0.124,,,,,,,,,,,,,,,,,,,,,,0.5,1600.0,FanDuel,exp/fallback,0.2016,0.1762462538831184,17.6,0.0588235294117647,199.61863160130133,199.6,0.1762462538831184,17.6,199.61863160130133,199.6,,,,,,,,,,,,,0.5,1600.0,FanDuel,exp/fallback,0.1401,0.1254829719797822,12.5,0.0588235294117647,113.32105236562975,113.3,0.1254829719797822,12.5,113.32105236562975,113.3,,,,,,,,,,,,,False,False,True,True,False,,,Active roster,2026-10-02T16:41:02+00:00,False,[],2025-2026,,2026-09-24-frozen-v2,2026-10-02T16:41:05.426327+00:00
2026-10-02,NYR@DET,2026020017,5:30 PM,2026-10-02T22:30:00Z,Carter Mazur,8482802,DET,False,,2026-27,DET,L,,Healthy,Unknown,,,1.0,0.0,,16.0,11.0,2026-10-02T16:40:41+00:00,NYR,Dylan Garand,0.9479166666666666,1.6216216216216215,0.0,Unconfirmed,dailyfaceoff_name_and_stats,24.33,6.0,24.33,6.0,,11.0,6.9,A1+A2,10.7,13.7,10.1,0.94,NONE,False,False,25.99016902875088,2.3782259155553187,56.2,45.8,12.0,3.0,True,,,,,50.0,,,,,,,,,,,,,,,,,,,,,,,,,,,,,,,,,,,,,,,,0.0,0.0,,,0.0,2.398134962935236,2.2409738553050214,50.0,41.0,27.5,43.6,0.28,0.28,,,,,COOL,COOL,COOL,0.0,,COOL,Red,Red,Red,Red,16.0,20.0,20.0,10.0,SOG,20.0,,,,,,,C,Passenger,0.8,,71.4,,0.0,0.08125,0.65,0.08125,0.0075949367088607,0.8,0.8,0.0,0.0,0.0,8.179119624508436,7.578865779615037,71.4,37.8,False,,,,,,False,False,0.0,,False,0.0,,False,0.0,,,,,,,,,,,,,,,,,,,,,,,,,,,,,,,,,,,,,,,,,,,,,,,,,,,,,,,,,,,,,,,,,,,,,,,,,,,,,,,,,,,,,,,,,,,,,,,,,,,,,,,,ALTLINE_NB_v1_2026-01-18,,,,league_avg,2.3,,,,,,,,,,,,,,,,,,,,,,,,,exp/fallback,0.028,,,,,,,,,,,,,,,,,,,,,,,,,league_avg,0.35,,,,,,,,,,,,,,,,,,,,,,,,,exp/fallback,0.1911999999999999,,,,,,,,,,,,,,,,,,,,,,,,,exp/fallback,0.1232,,,,,,,,,,,,,,,,,,,,,,False,False,False,False,False,,,Active roster,2026-10-02T16:41:02+00:00,False,[],2025-2026,,2026-09-24-frozen-v2,2026-10-02T16:41:05.426327+00:00
2026-10-02,NYR@DET,2026020017,5:30 PM,2026-10-02T22:30:00Z,Dylan Larkin,8477946,DET,False,"{""season"":""2026-27"",""games"":[]}",2026-27,DET,C,⭐ STAR,GTD,Unknown,,,1.0,-1.0,🟡 GTD,16.0,11.0,2026-10-02T16:40:41+00:00,NYR,Dylan Garand,0.9479166666666666,1.6216216216216215,0.0,Unconfirmed,dailyfaceoff_name_and_stats,24.33,6.0,24.33,6.0,16.7,98.2,88.4,A1+A2,20.19,86.6,92.4,1.2,STAR,False,True,25.99016902875088,2.3782259155553187,56.2,45.8,12.0,3.0,True,3.5,3.0,3.0,3.325,89.0,11.0,5.0,33.0,4.0,5.0,6.0,20.0,34.0,11.0,17.0,67.0,124.0,STRONG,1.1,,STRONG,1.0,,GOOD,0.85,,GOOD,0.6,,OK,0.55,,LOW,0.425,,GOOD,3.3,,GOOD,3.35,,GOOD,3.1,,1.408252358822701,0.6196310378819885,,,6.0,2.398134962935236,2.2409738553050214,50.0,41.0,58.2,43.6,11.96,7.43,44.89,-0.13,0.5,0.25,COOL,COOL,COOL,5.91,-0.63,COOL,Yellow,Yellow,Green,Yellow,58.0,79.0,87.0,68.0,GOAL,87.0,1.0,1.0,2.0,1.0,5.0,2.0,A,Shooter,15.5,,71.4,,2.0,3.1371621621621624,232.15,3.1371621621621624,0.1554038223382535,15.5,15.5,4.186948093904803,3.088520353219901,1.2922679302175315,8.179119624508436,7.578865779615037,71.4,73.8,False,,,,🥅 D:2,🥅 GOAL EARNED,False,True,3.0,"iXG,SOG,REG",False,0.0,,False,0.0,,,,,,,,,,,,,,,,,,,,,,,,,,,,,,,,,,,,,,,,,,,,,,,,,,,,,,,,,,,,,,,,,,,,,,,,,,,,,,,,,,,,,,,,,,,,,,,,,,,,,,,,ALTLINE_NB_v1_2026-01-18,,,,exp/fallback,4.489,,,,,,,,,,,,,,,,,,,,,,,,,exp/fallback,1.1960000000000002,,,,,,,,,,,,,,,,,,,,,,,,,exp/fallback,0.591,,,,,,,,,,,,,,,,,,,,,,,,,exp/fallback,0.4772,,,,,,,,,,,,,,,,,,,,,,,,,exp/fallback,0.58795,,,,,,,,,,,,,,,,,,,,,,False,False,False,False,False,16.7,,Active roster,2026-10-02T16:41:02+00:00,False,[],2025-2026,,2026-09-24-frozen-v2,2026-10-02T16:41:05.426327+00:00
2026-10-02,NYR@DET,2026020017,5:30 PM,2026-10-02T22:30:00Z,Emmitt Finnie,8484471,DET,False,"{""season"":""2026-27"",""games"":[]}",2026-27,DET,C,,Healthy,Unknown,,,1.0,0.0,,16.0,11.0,2026-10-02T16:40:41+00:00,NYR,Dylan Garand,0.9479166666666666,1.6216216216216215,0.0,Unconfirmed,dailyfaceoff_name_and_stats,24.33,6.0,24.33,6.0,2.4,85.7,66.1,A1+A2,15.5,52.9,72.3,1.09,NONE,False,False,25.99016902875088,2.3782259155553187,56.2,45.8,12.0,3.0,True,0.5,0.5,1.0,0.675,7.4,3.0,1.0,7.0,1.0,1.0,2.0,7.0,11.0,5.0,7.0,24.0,42.0,LOW,0.3,-0.2,LOW,0.35,,LOW,0.275,,LOW,0.2,,LOW,0.25,,LOW,0.175,,LOW,0.7,,LOW,1.2,,LOW,1.05,,1.1162617633835137,0.4465047053534053,,,2.0,2.398134962935236,2.2409738553050214,50.0,41.0,51.6,43.6,4.81,2.55,6.75,1.81,1.55,-0.25,WARM,WARM,COOL,2.26,0.26,COOL,Red,Red,Yellow,Red,50.0,55.0,63.0,53.0,GOAL,63.0,2.0,2.0,2.0,2.0,0.0,10.0,B,Hybrid,8.6,,71.4,,1.0,1.327439024390244,108.85,1.327439024390244,0.0856412273800157,8.6,8.6,3.584290307762977,2.0615525953146534,1.7914561322921454,8.179119624508436,7.578865779615037,71.4,66.9,False,,,,🥅 D:2,,False,False,1.0,,False,0.0,,False,0.0,,1.5,-152.0,BetRivers,,,,,,,,,,1.5,-152.0,BetRivers,0.5,130.0,Fanatics,1.5,650.0,Fanatics,2.5,3000.0,Fanatics,3.5,3700.0,BetOnline.ag,0.5,130.0,Fanatics,0.5,235.0,DraftKings,1.5,1500.0,Fanatics,,,,,,,0.5,235.0,DraftKings,0.5,350.0,FanDuel,,,,,,,,,,0.5,350.0,FanDuel,0.5,350.0,FanDuel,,,,,,,,,,0.5,350.0,FanDuel,The Odds API,"[""Bally Bet"", ""BetMGM"", ""BetRivers"", ""Bovada"", ""Caesars"", ""Courtside"", ""DraftKings"", ""FanDuel"", ""Fanatics"", ""fanduel""]",The Odds API,"[""Bally Bet"", ""BetMGM"", ""BetRivers"", ""Bovada"", ""Caesars"", ""Courtside"", ""DraftKings"", ""FanDuel"", ""Fanatics"", ""Fliff""]",The Odds API,"[""Bally Bet"", ""BetRivers""]",The Odds API,"[""Bally Bet"", ""BetOnline.ag"", ""BetRivers"", ""Courtside"", ""DraftKings"", ""Fanatics"", ""ReBet"", ""draftkings""]",The Odds API,"[""Bally Bet"", ""BetOnline.ag"", ""BetRivers"", ""Courtside"", ""DraftKings"", ""Fanatics"", ""ReBet"", ""draftkings""]",,,,,,,,,,,,,,,,,,ALTLINE_NB_v1_2026-01-18,1.5,-152.0,BetRivers,exp/fallback,0.675,0.1545383479278959,15.5,0.6031746031746031,-74.37916863300673,-74.4,0.1545383479278959,15.5,-74.37916863300673,-74.4,,,,,,,,,,,,,0.5,130.0,Fanatics,exp/fallback,0.481,0.3588872827501463,35.9,0.4347826086956521,-17.455924967466334,-17.5,0.3588872827501463,35.9,-17.455924967466334,-17.5,0.0949464970291043,9.5,-28.79012722817178,-28.8,0.0215994909059568,2.2,-33.041578191533894,-33.0,0.0044882237608667,0.4,-82.94474970870627,-82.9,0.5,235.0,DraftKings,exp/fallback,0.2259999999999999,0.1927469931843628,19.3,0.2985074626865671,-35.42975728323845,-35.4,0.1927469931843628,19.3,-35.42975728323845,-35.4,0.0288303898237752,2.9,-53.87137628195955,-53.9,,,,,,,,,0.5,350.0,FanDuel,exp/fallback,0.2115,0.1837447271471903,18.4,0.2222222222222222,-17.314872783764336,-17.3,0.1837447271471903,18.4,-17.314872783764336,-17.3,,,,,,,,,,,,,0.5,350.0,FanDuel,exp/fallback,0.2030624999999999,0.1736483915242168,17.4,0.2222222222222222,-21.858223814102416,-21.9,0.1736483915242168,17.4,-21.858223814102416,-21.9,,,,,,,,,,,,,False,False,False,False,False,2.4,,Active roster,2026-10-02T16:41:02+00:00,False,[],2025-2026,,2026-09-24-frozen-v2,2026-10-02T16:41:05.426327+00:00
2026-10-02,NYR@DET,2026020017,5:30 PM,2026-10-02T22:30:00Z,J.T. Compher,8477456,DET,False,"{""season"":""2026-27"",""games"":[]}",2026-27,DET,L,,Healthy,Unknown,,,1.0,0.0,,16.0,11.0,2026-10-02T16:40:41+00:00,NYR,Dylan Garand,0.9479166666666666,1.6216216216216215,0.0,Unconfirmed,dailyfaceoff_name_and_stats,24.33,6.0,24.33,6.0,4.8,70.9,66.1,A1+A2,15.67,54.9,66.0,1.06,NONE,False,False,25.99016902875088,2.3782259155553187,56.2,45.8,12.0,3.0,True,1.0,1.0,0.6,0.86,11.0,4.0,1.0,11.0,0.0,2.0,3.0,8.0,15.0,5.0,8.0,22.0,49.0,LOW,0.4,-0.1,LOW,0.4,,LOW,0.375,,LOW,0.3,,LOW,0.25,,LOW,0.2,,LOW,1.1,,LOW,1.1,,LOW,1.225,,1.4794676445484147,0.6259286188474061,,,3.0,2.398134962935236,2.2409738553050214,50.0,41.0,60.6,43.6,3.77,1.57,8.6,-0.23,0.57,-2.4,COOL,COOL,COOL,2.21,-0.79,COOL,Red,Red,Red,Red,45.0,55.0,58.0,53.0,GOAL,58.0,1.0,1.0,5.0,7.0,0.0,10.0,C,Passenger,4.2,,71.4,,0.0,0.6567073170731708,53.85,0.6567073170731708,0.0419158569334353,4.2,4.2,1.757660167130919,1.0473537604456824,0.8356545961002785,8.179119624508436,7.578865779615037,71.4,54.3,False,,,,🥅 D:5,,False,False,1.0,,False,0.0,,False,0.0,,1.5,105.0,BetRivers,,,,,,,,,,1.5,105.0,BetRivers,0.5,155.0,Fanatics,1.5,850.0,DraftKings,2.5,4000.0,Fanatics,3.5,3400.0,BetOnline.ag,0.5,155.0,Fanatics,0.5,225.0,BetOnline.ag,1.5,1400.0,DraftKings,,,,,,,0.5,225.0,BetOnline.ag,0.5,600.0,Fanatics,,,,,,,,,,0.5,600.0,Fanatics,0.5,600.0,Fanatics,,,,,,,,,,0.5,600.0,Fanatics,The Odds API,"[""Bally Bet"", ""BetMGM"", ""BetRivers"", ""Bovada"", ""Caesars"", ""Courtside"", ""DraftKings"", ""FanDuel"", ""Fanatics"", ""fanatics""]",The Odds API,"[""Bally Bet"", ""BetMGM"", ""BetRivers"", ""Bovada"", ""Caesars"", ""Courtside"", ""DraftKings"", ""FanDuel"", ""Fanatics"", ""Fliff""]",The Odds API,"[""Bally Bet"", ""BetRivers""]",The Odds API,"[""Bally Bet"", ""BetOnline.ag"", ""BetRivers"", ""Courtside"", ""DraftKings"", ""Fanatics"", ""ReBet"", ""draftkings""]",The Odds API,"[""Bally Bet"", ""BetOnline.ag"", ""BetRivers"", ""Courtside"", ""DraftKings"", ""Fanatics"", ""ReBet"", ""draftkings""]",,,,,,,,,,,,,,,,,,ALTLINE_NB_v1_2026-01-18,1.5,105.0,BetRivers,exp/fallback,0.86,0.2163237029274975,21.6,0.4878048780487805,-55.653640899863,-55.7,0.2163237029274975,21.6,-55.653640899863,-55.7,,,,,,,,,,,,,0.5,155.0,Fanatics,exp/fallback,0.377,0.2982088699993995,29.8,0.392156862745098,-23.95673815015311,-24.0,0.2982088699993995,29.8,-23.95673815015311,-24.0,0.0644748216666758,6.4,-38.74891941665796,-38.7,0.0119287975936426,1.2,-51.09192986606524,-51.1,0.002011767445548,0.2,-92.95881394058166,-93.0,0.5,225.0,BetOnline.ag,exp/fallback,0.221,0.1891082643855741,18.9,0.3076923076923077,-38.5398140746884,-38.5,0.1891082643855741,18.9,-38.5398140746884,-38.5,0.0277331418544727,2.8,-58.400287218290906,-58.4,,,,,,,,,0.5,600.0,Fanatics,exp/fallback,0.1821,0.1611919179474344,16.1,0.1428571428571428,12.834342563204135,12.8,0.1611919179474344,16.1,12.834342563204135,12.8,,,,,,,,,,,,,0.5,600.0,Fanatics,exp/fallback,0.1552875,0.1375178300864198,13.8,0.1428571428571428,-3.737518939506124,-3.7,0.1375178300864198,13.8,-3.737518939506124,-3.7,,,,,,,,,,,,,False,False,True,False,False,4.8,,Active roster,2026-10-02T16:41:02+00:00,False,[],2025-2026,,2026-09-24-frozen-v2,2026-10-02T16:41:05.426327+00:00
2026-10-02,NYR@DET,2026020017,5:30 PM,2026-10-02T22:30:00Z,Justin Faulk,8475753,DET,False,"{""season"":""2026-27"",""games"":[]}",2026-27,DET,D,,Healthy,Unknown,,,1.0,0.0,,16.0,11.0,2026-10-02T16:40:41+00:00,NYR,Dylan Garand,0.9479166666666666,1.6216216216216215,0.0,Unconfirmed,dailyfaceoff_name_and_stats,24.33,6.0,24.33,6.0,9.5,59.7,77.8,A1+A2,22.01,93.5,72.8,1.09,NONE,False,False,25.99016902875088,2.3782259155553187,56.2,45.8,12.0,3.0,True,2.0,2.0,3.4,2.49,76.5,6.0,4.0,22.0,4.0,1.0,2.0,8.0,20.0,3.0,14.0,36.0,75.0,OK,0.6,0.1,LOW,0.4,,LOW,0.5,,LOW,0.2,,LOW,0.15,,LOW,0.35,,LOW,2.2,,LOW,1.8,,LOW,1.875,,1.0750761512273783,0.301021322343666,,,2.0,2.398134962935236,2.2409738553050214,50.0,41.0,50.7,43.6,4.45,1.1,24.9,-1.55,-2.9,2.9,COOL,COOL,HOT,3.7,1.36,COOL,Yellow,Red,Red,Yellow,54.0,58.0,64.0,61.0,GOAL,64.0,0.0,1.0,0.0,0.0,0.0,10.0,B,Distributor,8.5,,71.4,,1.0,1.8807692307692303,146.7,1.8807692307692303,0.0854488442757428,8.5,8.5,2.703476482617587,0.6175869120654397,2.4539877300613497,8.179119624508436,7.578865779615037,71.4,70.0,False,,,,🥅 D:0,,False,False,0.0,,False,0.0,,False,0.0,,1.5,-120.0,Hard Rock Bet,2.5,250.0,theScore Bet,3.5,650.0,Fanatics,4.5,1800.0,DraftKings,1.5,-120.0,Hard Rock Bet,0.5,152.0,BetOnline.ag,1.5,900.0,Fanatics,2.5,3500.0,Fanatics,3.5,3400.0,BetOnline.ag,0.5,152.0,BetOnline.ag,0.5,205.0,DraftKings,1.5,1400.0,DraftKings,,,,,,,0.5,205.0,DraftKings,0.5,700.0,theScore Bet,,,,,,,,,,0.5,700.0,theScore Bet,0.5,650.0,FanDuel,,,,,,,,,,0.5,650.0,FanDuel,The Odds API,"[""Bally Bet"", ""BetMGM"", ""BetRivers"", ""Bovada"", ""Caesars"", ""Courtside"", ""DraftKings"", ""FanDuel"", ""Fanatics"", ""fanduel""]",The Odds API,"[""Bally Bet"", ""BetMGM"", ""BetRivers"", ""Bovada"", ""Caesars"", ""Courtside"", ""DraftKings"", ""FanDuel"", ""Fanatics"", ""Fliff"", ""Hard Rock Bet"", ""theScore Bet""]",The Odds API,"[""Bally Bet"", ""BetOnline.ag"", ""BetRivers"", ""Bovada"", ""Courtside"", ""DraftKings"", ""Fanatics"", ""Fliff"", ""Hard Rock Bet"", ""ReBet"", ""theScore Bet""]",The Odds API,"[""Bally Bet"", ""BetOnline.ag"", ""BetRivers"", ""Courtside"", ""DraftKings"", ""Fanatics"", ""ReBet"", ""draftkings""]",The Odds API,"[""Bally Bet"", ""BetOnline.ag"", ""BetRivers"", ""Courtside"", ""DraftKings"", ""Fanatics"", ""ReBet"", ""draftkings""]",0.5,750.0,Bovada,,,,,,,,,,0.5,750.0,Bovada,The Odds API,"[""Bovada""]",ALTLINE_NB_v1_2026-01-18,1.5,-120.0,Hard Rock Bet,exp/fallback,2.49,0.6342516432405223,63.4,0.5454545454545454,16.279467927429092,16.3,0.6342516432405223,63.4,16.279467927429092,16.3,0.4218438344775026,42.2,47.64534206712592,47.6,0.2588560243635061,25.9,94.14201827262956,94.1,0.149423145692976,14.9,183.9039768166544,183.9,0.5,152.0,BetOnline.ag,exp/fallback,0.445,0.3387147267615455,33.9,0.3968253968253968,-14.643888856090514,-14.6,0.3387147267615455,33.9,-14.643888856090514,-14.6,0.0840991554086473,8.4,-15.90084459135268,-15.9,0.0179255432562555,1.8,-35.46804427748018,-35.5,0.0034874907381837,0.3,-87.79378241635679,-87.8,0.5,205.0,DraftKings,exp/fallback,0.37,0.2878634122024606,28.8,0.3278688524590163,-12.201659278249522,-12.2,0.2878634122024606,28.8,-12.201659278249522,-12.2,0.0655085282487983,6.6,-1.7372076268024284,-1.7,,,,,,,,,0.5,700.0,theScore Bet,exp/fallback,0.224,0.1930766858249183,19.3,0.125,54.46134865993467,54.5,0.1930766858249183,19.3,54.46134865993467,54.5,,,,,,,,,,,,,0.5,650.0,FanDuel,exp/fallback,0.1765,0.1538755509199361,15.4,0.1333333333333333,15.406663189952074,15.4,0.1538755509199361,15.4,15.406663189952074,15.4,,,,,,,,,,,,,True,False,True,True,False,9.5,,Active roster,2026-10-02T16:41:02+00:00,False,[],2025-2026,,2026-09-24-frozen-v2,2026-10-02T16:41:05.426327+00:00
2026-10-02,NYR@DET,2026020017,5:30 PM,2026-10-02T22:30:00Z,Keegan Kolesar,8478434,VGK,True,,2026-27,DET,R,,Healthy,Unknown,,,1.0,0.0,,16.0,11.0,2026-10-02T16:40:41+00:00,NYR,Dylan Garand,0.9479166666666666,1.6216216216216215,0.0,Unconfirmed,dailyfaceoff_name_and_stats,24.33,6.0,24.33,6.0,,56.4,51.9,A1+A2,11.54,20.6,47.7,0.99,NONE,False,False,25.99016902875088,2.3782259155553187,56.2,45.8,12.0,3.0,True,,,,,50.0,,,,,,,,,,,,,,,,,,,,,,,,,,,,,,,,,,,,,,,,1.0857681432610744,0.5428840716305372,,,0.0,2.398134962935236,2.2409738553050214,50.0,41.0,51.3,43.6,2.2,0.87,,,,,COOL,COOL,COOL,1.33,,COOL,Red,Red,Red,Red,42.0,45.0,47.0,40.0,GOAL,47.0,,,,,,,,Passenger,0.6,,71.4,,,0.073170731707317,6.0,0.073170731707317,0.0063421595053115,0.6,0.6,0.0,0.0,0.0,8.179119624508436,7.578865779615037,71.4,36.9,False,,,,,,False,False,0.0,,False,0.0,,False,0.0,,,,,,,,,,,,,,,,,,,,,,,,,,,,,,,,,,,,,,,,,,,,,,,,,,,,,,,,,,,,,,0.5,850.0,fanduel,,,,,,,,,,0.5,850.0,fanduel,BallDontLie,"[""fanduel""]",,,,,,,,,,,,,,,,,,,,,,,,,,ALTLINE_NB_v1_2026-01-18,,,,league_avg,2.3,,,,,,,,,,,,,,,,,,,,,,,,,exp/fallback,0.22,,,,,,,,,,,,,,,,,,,,,,,,,exp/fallback,0.133,,,,,,,,,,,,,,,,,,,,,,,,,exp/fallback,0.2148,,,,,,,,,,,,,,,,,,,,,,0.5,850.0,fanduel,exp/fallback,0.16155,0.1424009956655799,14.2,0.1052631578947368,35.28094588230096,35.3,0.1424009956655799,14.2,35.28094588230096,35.3,,,,,,,,,,,,,False,False,False,True,False,,,Active roster,2026-10-02T16:41:02+00:00,False,[],2025-2026,,2026-09-24-frozen-v2,2026-10-02T16:41:05.426327+00:00
2026-10-02,NYR@DET,2026020017,5:30 PM,2026-10-02T22:30:00Z,Lucas Raymond,8482078,DET,False,"{""season"":""2026-27"",""games"":[]}",2026-27,DET,L,,Healthy,Unknown,,,1.0,0.0,,16.0,11.0,2026-10-02T16:40:41+00:00,NYR,Dylan Garand,0.9479166666666666,1.6216216216216215,0.0,Unconfirmed,dailyfaceoff_name_and_stats,24.33,6.0,24.33,6.0,11.9,86.3,97.3,A1+A2,18.8,78.8,88.6,1.16,NONE,False,False,25.99016902875088,2.3782259155553187,56.2,45.8,12.0,3.0,True,2.5,2.25,2.2,2.395,74.3,6.0,2.0,22.0,0.0,3.0,4.0,11.0,32.0,6.0,18.0,42.0,85.0,OK,0.6,0.1,LOW,0.55,,GOOD,0.8,,LOW,0.4,,LOW,0.3,,OK,0.45,,LOW,2.2,,LOW,2.1,,LOW,2.125,,1.9380183326058489,0.7856831078131821,,,4.0,2.398134962935236,2.2409738553050214,50.0,41.0,69.3,43.6,11.2,3.09,26.35,4.18,0.81,1.95,HOT,COOL,WARM,8.1,3.36,HOT,Green,Red,Yellow,Green,79.0,71.0,76.0,76.0,POINTS,79.0,2.0,2.0,7.0,0.0,1.0,3.0,A,Distributor,16.7,,71.4,,2.0,3.140625,251.25,3.140625,0.1670637779132265,16.7,16.7,4.765970149253731,1.3659701492537313,4.0,8.179119624508436,7.578865779615037,71.4,87.9,False,,,,🅿️ D:2,,False,False,1.0,,False,0.0,,False,0.0,,1.5,-240.0,DraftKings,2.5,118.0,BetOnline.ag,3.5,290.0,FanDuel,4.5,670.0,FanDuel,2.5,118.0,BetOnline.ag,0.5,-160.0,Fanatics,1.5,310.0,Fanatics,2.5,1200.0,Fanatics,3.5,1200.0,BetOnline.ag,0.5,-160.0,Fanatics,0.5,125.0,BetOnline.ag,1.5,700.0,Bovada,2.5,3000.0,Fanatics,,,,0.5,125.0,BetOnline.ag,0.5,235.0,DraftKings,,,,,,,,,,0.5,235.0,DraftKings,0.5,235.0,DraftKings,,,,,,,,,,0.5,235.0,DraftKings,The Odds API,"[""Bally Bet"", ""BetMGM"", ""BetRivers"", ""Bovada"", ""Caesars"", ""Courtside"", ""DraftKings"", ""FanDuel"", ""Fanatics"", ""fanatics""]",The Odds API,"[""Bally Bet"", ""BetMGM"", ""BetRivers"", ""Bovada"", ""Caesars"", ""Courtside"", ""DraftKings"", ""FanDuel"", ""Fanatics"", ""Fliff"", ""fanduel""]",The Odds API,"[""Bally Bet"", ""BetOnline.ag"", ""BetRivers"", ""Bovada"", ""Courtside"", ""DraftKings"", ""FanDuel"", ""Fanatics"", ""Fliff"", ""ReBet"", ""draftkings""]",The Odds API,"[""Bally Bet"", ""BetOnline.ag"", ""BetRivers"", ""Bovada"", ""Courtside"", ""DraftKings"", ""FanDuel"", ""Fanatics"", ""Fliff"", ""ReBet"", ""draftkings""]",The Odds API,"[""Bally Bet"", ""BetOnline.ag"", ""BetRivers"", ""Bovada"", ""Caesars"", ""Courtside"", ""DraftKings"", ""FanDuel"", ""Fanatics"", ""Fliff"", ""ReBet"", ""draftkings""]",0.5,185.0,BetRivers,,,,,,,,,,0.5,185.0,BetRivers,The Odds API,"[""Bally Bet"", ""BetRivers"", ""Bovada""]",ALTLINE_NB_v1_2026-01-18,2.5,118.0,BetOnline.ag,exp/fallback,2.635,0.4497422039356152,45.0,0.4587155963302752,-1.9561995420358749,-2.0,0.6580740399137213,65.8,-6.77284434555615,-6.8,0.4497422039356152,45.0,-1.9561995420358749,-2.0,0.2842698941233139,28.4,10.86525870809243,10.9,0.1692685092518784,16.9,30.336752123946376,30.3,0.5,-160.0,Fanatics,exp/fallback,1.12,0.6113110583786189,61.1,0.6153846153846154,-0.6619530134744311,-0.7,0.6113110583786189,61.1,-0.6619530134744311,-0.7,0.2985728294878524,29.9,22.41486009001952,22.4,0.1287236189695915,12.9,67.34070466046896,67.3,0.0512827911854035,5.1,-33.33237145897535,-33.3,0.5,125.0,BetOnline.ag,exp/fallback,0.8099999999999999,0.4934208026747383,49.3,0.4444444444444444,11.019680601816118,11.0,0.4934208026747383,49.3,11.019680601816118,11.0,0.2013715857114201,20.1,61.09726856913608,61.1,0.0750940773091313,7.5,132.79163965830708,132.8,,,,,0.5,235.0,DraftKings,exp/fallback,0.3036,0.2491384019575944,24.9,0.2985074626865671,-16.538635344205876,-16.5,0.2491384019575944,24.9,-16.538635344205876,-16.5,,,,,,,,,,,,,0.5,235.0,DraftKings,exp/fallback,0.30585,0.2434288357670803,24.3,0.2985074626865671,-18.45134001802809,-18.5,0.2434288357670803,24.3,-18.45134001802809,-18.5,,,,,,,,,,,,,False,False,False,False,True,11.9,,Active roster,2026-10-02T16:41:02+00:00,False,"[{""market"":""Assists"",""name"":""Staff (Green Stance)"",""kind"":""STANCE"",""rule"":""Green + Assists 0.5"",""icon"":""staff.svg"",""kit_version"":""2026-09-24-frozen-v2""}]",2025-2026,,2026-09-24-frozen-v2,2026-10-02T16:41:05.426327+00:00
2026-10-02,NYR@DET,2026020017,5:30 PM,2026-10-02T22:30:00Z,Marco Kasper,8483464,DET,False,"{""season"":""2026-27"",""games"":[]}",2026-27,DET,C,,Healthy,Unknown,,,1.0,0.0,,16.0,11.0,2026-10-02T16:40:41+00:00,NYR,Dylan Garand,0.9479166666666666,1.6216216216216215,0.0,Unconfirmed,dailyfaceoff_name_and_stats,24.33,6.0,24.33,6.0,4.8,77.8,49.3,A1+A2,13.79,38.6,60.0,1.04,NONE,False,False,25.99016902875088,2.3782259155553187,56.2,45.8,12.0,3.0,True,1.0,1.5,1.6,1.21,33.8,2.0,1.0,16.0,1.0,0.0,1.0,4.0,13.0,1.0,7.0,33.0,70.0,LOW,0.2,-0.3,LOW,0.2,,LOW,0.325,,LOW,0.1,,LOW,0.05,,LOW,0.175,,LOW,1.6,,LOW,1.65,,LOW,1.75,,0.9267840593141798,0.3707136237256719,,,1.0,2.398134962935236,2.2409738553050214,50.0,41.0,47.5,43.6,3.26,1.98,12.1,1.26,0.98,-3.9,COOL,COOL,COOL,1.28,0.28,COOL,Red,Red,Red,Red,38.0,55.0,63.0,47.0,GOAL,63.0,1.0,5.0,1.0,1.0,0.0,10.0,C,Passenger,5.5,,71.4,,0.0,0.7518518518518519,60.9,0.7518518518518519,0.0545039602631225,5.5,5.5,2.0,1.16256157635468,0.9852216748768474,8.179119624508436,7.578865779615037,71.4,57.4,False,,,,🥅 D:1,,False,False,0.0,,False,0.0,,False,0.0,,1.5,-107.0,BetRivers,,,,,,,,,,1.5,-107.0,BetRivers,0.5,250.0,BetRivers,,,,,,,,,,0.5,250.0,BetRivers,,,,,,,,,,,,,,,,0.5,475.0,DraftKings,,,,,,,,,,0.5,475.0,DraftKings,0.5,475.0,DraftKings,,,,,,,,,,0.5,475.0,DraftKings,The Odds API,"[""Bally Bet"", ""BetMGM"", ""BetRivers"", ""Bovada"", ""Caesars"", ""Courtside"", ""DraftKings"", ""FanDuel"", ""Fanatics"", ""betrivers""]",The Odds API,"[""Bally Bet"", ""BetMGM"", ""BetRivers"", ""Bovada"", ""Caesars"", ""Courtside"", ""DraftKings"", ""FanDuel"", ""Fanatics"", ""Fliff""]",The Odds API,"[""Bally Bet"", ""BetRivers""]",,,The Odds API,"[""Bally Bet"", ""BetRivers""]",,,,,,,,,,,,,,,,,,ALTLINE_NB_v1_2026-01-18,1.5,-107.0,BetRivers,exp/fallback,1.21,0.329779958148648,33.0,0.5169082125603864,-36.20144734881296,-36.2,0.329779958148648,33.0,-36.20144734881296,-36.2,,,,,,,,,,,,,0.5,250.0,BetRivers,exp/fallback,0.3259999999999999,0.2656029380066126,26.6,0.2857142857142857,-7.0389716976855805,-7.0,0.2656029380066126,26.6,-7.0389716976855805,-7.0,,,,,,,,,,,,,,,,exp/fallback,0.128,,,,,,,,,,,,,,,,,,,,,,0.5,475.0,DraftKings,exp/fallback,0.1944,0.1707321143974325,17.1,0.1739130434782608,-1.8290342214763,-1.8,0.1707321143974325,17.1,-1.8290342214763,-1.8,,,,,,,,,,,,,0.5,475.0,DraftKings,exp/fallback,0.175275,0.1529448792746068,15.3,0.1739130434782608,-12.056694417101044,-12.1,0.1529448792746068,15.3,-12.056694417101044,-12.1,,,,,,,,,,,,,False,False,False,False,False,4.8,,Active roster,2026-10-02T16:41:02+00:00,False,[],2025-2026,,2026-09-24-frozen-v2,2026-10-02T16:41:05.426327+00:00
2026-10-02,NYR@DET,2026020017,5:30 PM,2026-10-02T22:30:00Z,Mason Appleton,8478891,DET,False,,2026-27,DET,C,,Healthy,Unknown,,,1.0,0.0,,16.0,11.0,2026-10-02T16:40:41+00:00,NYR,Dylan Garand,0.9479166666666666,1.6216216216216215,0.0,Unconfirmed,dailyfaceoff_name_and_stats,24.33,6.0,24.33,6.0,,52.3,43.8,A1+A2,13.52,35.0,45.9,0.98,NONE,False,False,25.99016902875088,2.3782259155553187,56.2,45.8,12.0,3.0,True,,,,,50.0,,,,,,,,,,,,,,,,,,,,,,,,,,,,,,,,,,,,,,,,0.9316971121702936,0.3882071300709556,,,0.0,2.398134962935236,2.2409738553050214,50.0,41.0,47.9,43.6,2.13,0.92,,,,,COOL,COOL,COOL,1.21,,COOL,Red,Red,Red,Red,39.0,44.0,45.0,37.0,GOAL,45.0,,,,,,,C,Passenger,0.6,,71.4,,0.0,0.0758974358974359,4.933333333333334,0.0758974358974359,0.0056120127407856,0.6,0.6,0.0,0.0,0.0,8.179119624508436,7.578865779615037,71.4,36.9,False,,,,,,False,False,0.0,,False,0.0,,False,0.0,,,,,,,,,,,,,,,,,0.5,280.0,DraftKings,1.5,1900.0,Fanatics,,,,,,,0.5,280.0,DraftKings,0.5,500.0,DraftKings,1.5,4000.0,Fanatics,,,,,,,0.5,500.0,DraftKings,0.5,700.0,FanDuel,,,,,,,,,,0.5,700.0,FanDuel,0.5,700.0,FanDuel,,,,,,,,,,0.5,700.0,FanDuel,The Odds API,"[""Bally Bet"", ""BetMGM"", ""BetRivers"", ""Bovada"", ""Caesars"", ""Courtside"", ""DraftKings"", ""FanDuel"", ""Fanatics"", ""fanatics""]",The Odds API,"[""Bally Bet"", ""BetMGM"", ""BetRivers"", ""Bovada"", ""Caesars"", ""Courtside"", ""DraftKings"", ""FanDuel"", ""Fanatics"", ""Fliff""]",,,The Odds API,"[""BetOnline.ag"", ""Courtside"", ""DraftKings"", ""Fanatics"", ""ReBet"", ""draftkings""]",The Odds API,"[""Courtside"", ""DraftKings"", ""Fanatics"", ""draftkings""]",,,,,,,,,,,,,,,,,,ALTLINE_NB_v1_2026-01-18,,,,league_avg,2.3,,,,,,,,,,,,,,,,,,,,,,0.5,280.0,DraftKings,exp/fallback,0.213,0.1857063250179038,18.6,0.2631578947368421,-29.431596493196544,-29.4,0.1857063250179038,18.6,-29.431596493196544,-29.4,0.024294987461544,2.4,-51.41002507691197,-51.4,,,,,,,,,0.5,500.0,DraftKings,exp/fallback,0.121,0.1108425855719537,11.1,0.1666666666666666,-33.49444865682778,-33.5,0.1108425855719537,11.1,-33.49444865682778,-33.5,0.0093922818041144,0.9,-61.49164460313078,-61.5,,,,,,,,,0.5,700.0,FanDuel,exp/fallback,0.2168,0.1877198314341909,18.8,0.125,50.17586514735274,50.2,0.1877198314341909,18.8,50.17586514735274,50.2,,,,,,,,,,,,,0.5,700.0,FanDuel,exp/fallback,0.1648,0.1449172220041515,14.5,0.125,15.933777603321277,15.9,0.1449172220041515,14.5,15.933777603321277,15.9,,,,,,,,,,,,,False,False,True,True,False,,,Active roster,2026-10-02T16:41:02+00:00,False,[],2025-2026,,2026-09-24-frozen-v2,2026-10-02T16:41:05.426327+00:00
2026-10-02,NYR@DET,2026020017,5:30 PM,2026-10-02T22:30:00Z,Michael Brandsegg-Nygrd,8484794,DET,False,,2026-27,DET,R,,Healthy,Unknown,,,1.0,0.0,,16.0,11.0,2026-10-02T16:40:41+00:00,NYR,Dylan Garand,0.9479166666666666,1.6216216216216215,0.0,Unconfirmed,dailyfaceoff_name_and_stats,24.33,6.0,24.33,6.0,,26.8,17.6,A1+A2,12.52,29.1,24.0,0.94,NONE,False,False,25.99016902875088,2.3782259155553187,56.2,45.8,12.0,3.0,True,,,,,50.0,,,,,,,,,,,,,,,,,,,,,,,,,,,,,,,,,,,,,,,,0.0062853551225644,0.0,,,0.0,2.398134962935236,2.2409738553050214,50.0,41.0,30.1,43.6,1.76,1.09,,,,,COOL,COOL,COOL,0.67,,COOL,Red,Red,Red,Red,23.0,29.0,30.0,19.0,GOAL,30.0,,,,,,,C,Passenger,8.2,,71.4,,0.0,1.0214285714285716,14.3,1.0214285714285716,0.0816054784097394,8.2,8.2,0.2097902097902098,0.2097902097902098,0.0,8.179119624508436,7.578865779615037,71.4,52.1,False,,,,,,False,False,0.0,,False,0.0,,False,0.0,,,,,,,,,,,,,,,,,,,,,,,,,,,,,,,,,,,,,,,,,,,,,,,,,,,,,,,,,,,,,,,,,,,,,,,,,,,,,,,,,,,,,,,,,,,,,,,,,,,,,,,,ALTLINE_NB_v1_2026-01-18,,,,league_avg,2.3,,,,,,,,,,,,,,,,,,,,,,,,,exp/fallback,0.176,,,,,,,,,,,,,,,,,,,,,,,,,exp/fallback,0.067,,,,,,,,,,,,,,,,,,,,,,,,,exp/fallback,0.2236,,,,,,,,,,,,,,,,,,,,,,,,,exp/fallback,0.17585,,,,,,,,,,,,,,,,,,,,,,False,False,False,False,False,,,Active roster,2026-10-02T16:41:02+00:00,False,[],2025-2026,,2026-09-24-frozen-v2,2026-10-02T16:41:05.426327+00:00
2026-10-02,NYR@DET,2026020017,5:30 PM,2026-10-02T22:30:00Z,Michael Brandsegg-Nygård,8484794,,,,,DET,R,,Unknown,,,,,,,,,,,,,,,,,,,,,,,,,,,,,,,,,,,,,,,,,,,,,,,,,,,,,,,,,,,,,,,,,,,,,,,,,,,,,,,,,,,,,,,,,,,,,,,,,,,,,,,,,,,,,,,,,,,,,,,,,,,,,,,,,,,,,,,,,,,,,,,,,,,,,,,,,,,,,,,,,,,,,,,,,,,,,,,,,,,,,,,,,,,,,,,,,,,,,,,,,,,,,,,,,,,,,,,,,,,,,,,,,,,,,,,,,,,,,,,,,,,,,,,,,,,,,,,,,,,,,,,,,,,,,,,,,,,,,,,,,,,,,,,0.5,250.0,draftkings,,,,,,,,,,,,,,,,,,,,,,,,0.5,400.0,draftkings,,,,,,,,,,,,,,,,,,,,,,,,0.5,800.0,fanduel,,,,,,,,,,,,,,,,,,,,,,,,,,,,,,,,,,,,,,,,,,,,,,,,,,,,,,,,,Active roster,2026-10-02T16:41:02+00:00,True,[],Unavailable,True,2026-09-24-frozen-v2,2026-10-02T16:41:05.426327+00:00
2026-10-02,NYR@DET,2026020017,5:30 PM,2026-10-02T22:30:00Z,Michael Rasmussen,8479992,DET,False,,2026-27,DET,C,,Healthy,Unknown,,,1.0,0.0,,16.0,11.0,2026-10-02T16:40:41+00:00,NYR,Dylan Garand,0.9479166666666666,1.6216216216216215,0.0,Unconfirmed,dailyfaceoff_name_and_stats,24.33,6.0,24.33,6.0,,66.3,43.8,A1+A2,12.65,30.7,51.3,1.0,NONE,False,False,25.99016902875088,2.3782259155553187,56.2,45.8,12.0,3.0,True,,,,,50.0,,,,,,,,,,,,,,,,,,,,,,,,,,,,,,,,,,,,,,,,0.8789491674398164,0.4394745837199082,,,0.0,2.398134962935236,2.2409738553050214,50.0,41.0,45.1,43.6,2.81,1.55,,,,,COOL,COOL,COOL,1.26,,COOL,Red,Red,Red,Red,39.0,51.0,56.0,37.0,GOAL,56.0,,,,,,,C,Passenger,1.7,,71.4,,0.0,0.2125,13.6,0.2125,0.016798418972332,1.7,1.7,0.2205882352941176,0.2205882352941176,0.0,8.179119624508436,7.578865779615037,71.4,40.4,False,,,,,,False,False,0.0,,False,0.0,,False,0.0,,,,,,,,,,,,,,,,,,,,,,,,,,,,,,,,,,,,,,,,,,,,,,,0.5,625.0,BetMGM,,,,,,,,,,0.5,625.0,BetMGM,0.5,625.0,BetMGM,,,,,,,,,,0.5,625.0,BetMGM,The Odds API,"[""Bally Bet"", ""BetMGM"", ""BetRivers"", ""Bovada"", ""Caesars"", ""Courtside"", ""DraftKings"", ""FanDuel"", ""Fanatics"", ""betmgm""]",The Odds API,"[""Bally Bet"", ""BetMGM"", ""BetRivers"", ""Bovada"", ""Caesars"", ""Courtside"", ""DraftKings"", ""FanDuel"", ""Fanatics"", ""Fliff""]",,,,,,,,,,,,,,,,,,,,,,,,ALTLINE_NB_v1_2026-01-18,,,,league_avg,2.3,,,,,,,,,,,,,,,,,,,,,,,,,exp/fallback,0.281,,,,,,,,,,,,,,,,,,,,,,,,,exp/fallback,0.126,,,,,,,,,,,,,,,,,,,,,,0.5,625.0,BetMGM,exp/fallback,0.242,0.2062542817852622,20.6,0.1379310344827586,49.53435429431515,49.5,0.2062542817852622,20.6,49.53435429431515,49.5,,,,,,,,,,,,,0.5,625.0,BetMGM,exp/fallback,0.20575,0.1756064271879904,17.6,0.1379310344827586,27.314659711293075,27.3,0.1756064271879904,17.6,27.314659711293075,27.3,,,,,,,,,,,,,False,False,True,True,False,,,Active roster,2026-10-02T16:41:02+00:00,False,[],2025-2026,,2026-09-24-frozen-v2,2026-10-02T16:41:05.426327+00:00
2026-10-02,NYR@DET,2026020017,5:30 PM,2026-10-02T22:30:00Z,Moritz Seider,8481542,DET,False,"{""season"":""2026-27"",""games"":[]}",2026-27,DET,D,,Healthy,Unknown,,,1.0,0.0,,16.0,11.0,2026-10-02T16:40:41+00:00,NYR,Dylan Garand,0.9479166666666666,1.6216216216216215,0.0,Unconfirmed,dailyfaceoff_name_and_stats,24.33,6.0,24.33,6.0,9.5,58.2,97.0,A1+A2,25.67,100.0,80.1,1.12,NONE,False,False,25.99016902875088,2.3782259155553187,56.2,45.8,12.0,3.0,True,2.0,2.125,2.0,2.0,59.6,9.0,1.0,22.0,1.0,5.0,8.0,19.0,29.0,16.0,26.0,58.0,88.0,GOOD,0.9,0.4,GOOD,0.95,,OK,0.725,,STRONG,0.8,,STRONG,0.8,,GOOD,0.65,,LOW,2.2,,OK,2.9,,LOW,2.2,,0.893235601228199,0.2605270503582247,,,8.0,2.398134962935236,2.2409738553050214,50.0,41.0,45.6,43.6,7.85,1.02,20.0,-1.15,0.02,-2.0,COOL,COOL,COOL,7.51,-1.17,COOL,Green,Red,Red,Yellow,66.0,54.0,56.0,72.0,ASSISTS,72.0,3.0,3.0,3.0,0.0,5.0,3.0,A,Distributor,12.1,,71.4,,2.0,3.10020325203252,254.21666666666667,3.10020325203252,0.1207880961996848,12.1,12.1,4.317380187504098,0.2549006752769947,4.779387661443651,8.179119624508436,7.578865779615037,71.4,80.9,False,,,,🅰️ D:3,,False,False,1.0,,False,0.0,,False,0.0,,1.5,-235.0,Fanatics,2.5,128.0,FanDuel,3.5,320.0,Fanatics,4.5,750.0,Fanatics,2.5,128.0,FanDuel,0.5,-120.0,Fanatics,1.5,440.0,Fanatics,2.5,1700.0,Fanatics,3.5,1350.0,BetOnline.ag,0.5,-120.0,Fanatics,0.5,125.0,DraftKings,1.5,700.0,DraftKings,2.5,2800.0,Fanatics,,,,0.5,125.0,DraftKings,0.5,450.0,BetMGM,,,,,,,,,,0.5,450.0,BetMGM,0.5,450.0,BetMGM,,,,,,,,,,0.5,450.0,BetMGM,The Odds API,"[""Bally Bet"", ""BetMGM"", ""BetRivers"", ""Bovada"", ""Caesars"", ""Courtside"", ""DraftKings"", ""FanDuel"", ""Fanatics"", ""betmgm""]",The Odds API,"[""Bally Bet"", ""BetMGM"", ""BetRivers"", ""Bovada"", ""Caesars"", ""Courtside"", ""DraftKings"", ""FanDuel"", ""Fanatics"", ""Fliff"", ""Hard Rock Bet"", ""theScore Bet""]",The Odds API,"[""Bally Bet"", ""BetOnline.ag"", ""BetRivers"", ""Bovada"", ""Courtside"", ""DraftKings"", ""FanDuel"", ""Fanatics"", ""Fliff"", ""Hard Rock Bet"", ""ReBet"", ""fanduel"", ""theScore Bet""]",The Odds API,"[""Bally Bet"", ""BetOnline.ag"", ""BetRivers"", ""Bovada"", ""Courtside"", ""DraftKings"", ""FanDuel"", ""Fanatics"", ""Fliff"", ""Hard Rock Bet"", ""ReBet"", ""draftkings"", ""theScore Bet""]",The Odds API,"[""Bally Bet"", ""BetOnline.ag"", ""BetRivers"", ""Bovada"", ""Caesars"", ""Courtside"", ""DraftKings"", ""FanDuel"", ""Fanatics"", ""Fliff"", ""Hard Rock Bet"", ""ReBet"", ""draftkings"", ""theScore Bet""]",0.5,205.0,BetRivers,1.5,700.0,Bovada,,,,,,,0.5,205.0,BetRivers,The Odds API,"[""Bally Bet"", ""BetRivers"", ""Bovada"", ""Fliff"", ""Hard Rock Bet"", ""theScore Bet""]",ALTLINE_NB_v1_2026-01-18,2.5,128.0,FanDuel,exp/fallback,2.0,0.3196159122085049,32.0,0.4385964912280701,-27.12757201646087,-27.1,0.5390946502057614,53.9,-23.15033709832763,-23.2,0.3196159122085049,32.0,-27.12757201646087,-27.1,0.1732967535436672,17.3,-27.215363511659756,-27.2,0.0879439109891786,8.8,-25.247675659198155,-25.2,0.5,-120.0,Fanatics,exp/fallback,0.7849999999999999,0.5002121946137702,50.0,0.5454545454545454,-8.29443098747546,-8.3,0.5002121946137702,50.0,-8.29443098747546,-8.3,0.1924393550544916,19.2,3.917251729425475,3.9,0.0645074991129557,6.5,16.113498403320303,16.1,0.0198647425583424,2.0,-71.1961232904034,-71.2,0.5,125.0,DraftKings,exp/fallback,0.751,0.4714588436233028,47.1,0.4444444444444444,6.078239815243136,6.1,0.4714588436233028,47.1,6.078239815243136,6.1,0.1828842100799371,18.3,46.30736806394974,46.3,0.0647165166278829,6.5,87.67789822086046,87.7,,,,,0.5,450.0,BetMGM,exp/fallback,0.2208,0.1907019865144491,19.1,0.1818181818181818,4.886092582947022,4.9,0.1907019865144491,19.1,4.886092582947022,4.9,,,,,,,,,,,,,0.5,450.0,BetMGM,exp/fallback,0.1713,0.1499132816266,15.0,0.1818181818181818,-17.547695105369996,-17.5,0.1499132816266,15.0,-17.547695105369996,-17.5,,,,,,,,,,,,,False,False,False,False,False,9.5,,Active roster,2026-10-02T16:41:02+00:00,False,[],2025-2026,,2026-09-24-frozen-v2,2026-10-02T16:41:05.426327+00:00
2026-10-02,NYR@DET,2026020017,5:30 PM,2026-10-02T22:30:00Z,Nate Danielson,8484160,DET,False,,2026-27,DET,C,,Healthy,Unknown,,,1.0,0.0,,16.0,11.0,2026-10-02T16:40:41+00:00,NYR,Dylan Garand,0.9479166666666666,1.6216216216216215,0.0,Unconfirmed,dailyfaceoff_name_and_stats,24.33,6.0,24.33,6.0,,42.4,34.6,A1+A2,11.05,17.0,34.6,0.94,NONE,False,False,25.99016902875088,2.3782259155553187,56.2,45.8,12.0,3.0,True,,,,,50.0,,,,,,,,,,,,,,,,,,,,,,,,,,,,,,,,,,,,,,,,0.8980355472404116,0.2245088868101029,,,0.0,2.398134962935236,2.2409738553050214,50.0,41.0,46.2,43.6,3.06,1.38,,,,,COOL,COOL,COOL,1.68,,COOL,Red,Red,Red,Red,33.0,37.0,39.0,29.0,GOAL,39.0,,,,,,,C,Passenger,12.1,,71.4,,0.0,1.3422619047619049,37.583333333333336,1.3422619047619049,0.1214389574021218,12.1,12.1,5.503769401330377,1.7720620842572063,4.390243902439025,8.179119624508436,7.578865779615037,71.4,80.1,False,,,,,,False,False,0.0,,False,0.0,,False,0.0,,,,,,,,,,,,,,,,,0.5,340.0,Fanatics,1.5,2500.0,Fanatics,,,,,,,0.5,340.0,Fanatics,0.5,500.0,Fanatics,1.5,2650.0,BetOnline.ag,,,,,,,0.5,500.0,Fanatics,0.5,950.0,FanDuel,,,,,,,,,,0.5,950.0,FanDuel,0.5,950.0,FanDuel,,,,,,,,,,0.5,950.0,FanDuel,The Odds API,"[""Bally Bet"", ""BetMGM"", ""BetRivers"", ""Bovada"", ""Caesars"", ""Courtside"", ""DraftKings"", ""FanDuel"", ""Fanatics"", ""fanduel""]",The Odds API,"[""Bally Bet"", ""BetMGM"", ""BetRivers"", ""Bovada"", ""Caesars"", ""Courtside"", ""DraftKings"", ""FanDuel"", ""Fanatics"", ""Fliff""]",,,The Odds API,"[""BetOnline.ag"", ""Courtside"", ""DraftKings"", ""Fanatics"", ""ReBet"", ""draftkings""]",The Odds API,"[""Bally Bet"", ""BetRivers"", ""Courtside"", ""DraftKings"", ""Fanatics"", ""draftkings""]",,,,,,,,,,,,,,,,,,ALTLINE_NB_v1_2026-01-18,,,,league_avg,2.3,,,,,,,,,,,,,,,,,,,,,,0.5,340.0,Fanatics,exp/fallback,0.306,0.2522578628021285,25.2,0.2272727272727272,10.993459632936531,11.0,0.2522578628021285,25.2,10.993459632936531,11.0,0.0455835840716175,4.6,18.517318586205636,18.5,,,,,,,,,0.5,500.0,Fanatics,exp/fallback,0.1679999999999999,0.1489767296196947,14.9,0.1666666666666666,-10.613962228183135,-10.6,0.1489767296196947,14.9,-10.613962228183135,-10.6,0.0170838242471013,1.7,-53.019483320471394,-53.0,,,,,,,,,0.5,950.0,FanDuel,exp/fallback,0.2352,0.2013117373000228,20.1,0.0952380952380952,111.37732416502398,111.4,0.2013117373000228,20.1,111.37732416502398,111.4,,,,,,,,,,,,,0.5,950.0,FanDuel,exp/fallback,0.1946999999999999,0.1675063607315534,16.8,0.0952380952380952,75.88167876813112,75.9,0.1675063607315534,16.8,75.88167876813112,75.9,,,,,,,,,,,,,False,True,True,True,False,,,Active roster,2026-10-02T16:41:02+00:00,False,[],2025-2026,,2026-09-24-frozen-v2,2026-10-02T16:41:05.426327+00:00
2026-10-02,NYR@DET,2026020017,5:30 PM,2026-10-02T22:30:00Z,Viktor Arvidsson,8478042,BOS,True,"{""season"":""2026-27"",""games"":[]}",2026-27,DET,L,,Healthy,Unknown,,,1.0,0.0,,16.0,11.0,2026-10-02T16:40:41+00:00,NYR,Dylan Garand,0.9479166666666666,1.6216216216216215,0.0,Unconfirmed,dailyfaceoff_name_and_stats,24.33,6.0,24.33,6.0,14.3,90.9,84.1,A1+A2,14.6,45.8,79.5,1.12,NONE,False,False,25.99016902875088,2.3782259155553187,56.2,45.8,12.0,3.0,True,3.0,,2.75,2.9125,83.8,2.0,2.0,11.0,2.0,0.0,0.0,2.0,2.0,0.0,0.0,11.0,11.0,LOW,0.2,-0.3,LOW,0.1,,LOW,0.05,,LOW,0.0,,LOW,0.0,,LOW,0.0,,LOW,1.1,,LOW,0.55,,LOW,0.275,,3.027936317212376,0.8651246620606788,,,0.0,2.398134962935236,2.2409738553050214,50.0,41.0,75.0,43.6,8.41,4.08,32.03,6.41,1.71,18.12,HOT,WARM,HOT,5.17,4.7,HOT,Yellow,Yellow,Yellow,Yellow,69.0,72.0,78.0,71.0,GOAL,78.0,2.0,4.0,2.0,1.0,0.0,4.0,,Passenger,13.0,,71.4,,,1.8983091787439608,130.98333333333332,1.8983091787439608,0.1300297816015883,13.0,13.0,3.440132332357807,2.272044789413412,1.374220638758112,8.179119624508436,7.578865779615037,71.4,70.3,False,,,,🥅 D:2,,False,False,1.0,,False,0.0,,False,0.0,,2.5,-114.0,fanduel,,,,,,,,,,2.5,-114.0,fanduel,0.5,-120.0,draftkings,,,,,,,,,,0.5,-120.0,draftkings,0.5,190.0,draftkings,,,,,,,,,,0.5,190.0,draftkings,0.5,210.0,fanduel,,,,,,,,,,0.5,210.0,fanduel,0.5,210.0,fanduel,,,,,,,,,,0.5,210.0,fanduel,BallDontLie,"[""fanduel""]",BallDontLie,"[""fanduel""]",BallDontLie,"[""fanduel""]",BallDontLie,"[""draftkings""]",BallDontLie,"[""draftkings""]",,,,,,,,,,,,,,,,,,ALTLINE_NB_v1_2026-01-18,2.5,-114.0,fanduel,exp/fallback,3.2030000000000003,0.5476917848158158,54.8,0.5327102803738317,2.8123175005127896,2.8,0.5476917848158158,54.8,2.8123175005127896,2.8,,,,,,,,,,,,,0.5,-120.0,draftkings,exp/fallback,0.841,0.5215327621959349,52.2,0.5454545454545454,-4.385660264078595,-4.4,0.5215327621959349,52.2,-4.385660264078595,-4.4,,,,,,,,,,,,,0.5,190.0,draftkings,exp/fallback,0.517,0.3686160173592711,36.9,0.3448275862068966,6.898645034188611,6.9,0.3686160173592711,36.9,6.898645034188611,6.9,,,,,,,,,,,,,0.5,210.0,fanduel,exp/fallback,0.3432,0.2750108692872839,27.5,0.3225806451612903,-14.746630520941984,-14.7,0.2750108692872839,27.5,-14.746630520941984,-14.7,,,,,,,,,,,,,0.5,210.0,fanduel,exp/fallback,0.3702,0.2823132046277516,28.2,0.3225806451612903,-12.48290656539698,-12.5,0.2823132046277516,28.2,-12.48290656539698,-12.5,,,,,,,,,,,,,False,False,False,False,False,14.3,,Active roster,2026-10-02T16:41:02+00:00,False,[],2025-2026,,2026-09-24-frozen-v2,2026-10-02T16:41:05.426327+00:00
2026-10-02,NYR@DET,2026020017,5:30 PM,2026-10-02T22:30:00Z,Adam Fox,8479323,NYR,False,"{""season"":""2026-27"",""games"":[{""d"":""2026-10-01"",""g"":0,""a"":2,""s"":0,""pp"":1,""h"":""H"",""toi"":""19:04""},{""d"":""2026-09-29"",""g"":0,""a"":0,""s"":0,""pp"":0,""h"":""R"",""toi"":""18:25""}]}",2026-27,NYR,D,,Healthy,Unknown,,,1.0,0.0,,16.0,11.0,2026-10-02T16:40:41+00:00,DET,John Gibson,0.9014373716632444,2.7159277848214005,40.0,Likely,dailyfaceoff_name_and_stats,24.5,4.0,24.5,4.0,,59.4,95.3,A1+A2,23.63,98.0,79.7,1.12,NONE,False,False,23.53754892467431,2.258550120836825,15.0,5.9,18.0,3.6,True,,,0.0,,50.0,2.0,0.0,0.0,0.0,2.0,2.0,2.0,2.0,2.0,2.0,0.0,0.0,LOW,0.2,-0.3,LOW,0.1,,LOW,0.05,,LOW,0.2,,LOW,0.1,,LOW,0.05,,LOW,0.0,,LOW,0.0,,LOW,0.0,,1.286696018065732,0.4678894611148116,,,2.0,2.49659113736712,2.2285721313693254,50.0,50.1,55.7,50.1,11.58,1.58,,8.53,1.58,,HOT,WARM,COOL,9.85,6.95,HOT,Green,Red,Red,Yellow,82.0,54.0,54.0,77.0,POINTS,82.0,0.0,0.0,2.0,2.0,1.0,0.0,A,Distributor,13.7,,90.9,,2.0,3.226363636363636,177.45,3.226363636363636,0.1365437640269317,13.7,13.7,5.215553677092139,0.760777683854607,5.240912933220626,8.75699777062175,7.999390243902439,90.9,91.3,False,,,,🅿️ D:0,,False,False,1.0,,False,0.0,,False,0.0,,1.5,-110.0,BetRivers,2.5,270.0,FanDuel,3.5,650.0,Fanatics,4.5,1700.0,Fanatics,1.5,-110.0,BetRivers,0.5,-125.0,Fanatics,1.5,390.0,Fanatics,2.5,1700.0,Fanatics,3.5,825.0,BetOnline.ag,0.5,-125.0,Fanatics,0.5,106.0,FanDuel,1.5,550.0,Fanatics,2.5,2500.0,Fanatics,,,,0.5,106.0,FanDuel,0.5,550.0,FanDuel,,,,,,,,,,0.5,550.0,FanDuel,0.5,550.0,FanDuel,,,,,,,,,,0.5,550.0,FanDuel,The Odds API,"[""Bally Bet"", ""BetMGM"", ""BetRivers"", ""Bovada"", ""Caesars"", ""Courtside"", ""DraftKings"", ""FanDuel"", ""Fanatics"", ""fanduel""]",The Odds API,"[""Bally Bet"", ""BetMGM"", ""BetRivers"", ""Bovada"", ""Caesars"", ""Courtside"", ""DraftKings"", ""FanDuel"", ""Fanatics"", ""Fliff"", ""Hard Rock Bet"", ""theScore Bet""]",The Odds API,"[""Bally Bet"", ""BetOnline.ag"", ""BetRivers"", ""Bovada"", ""Courtside"", ""DraftKings"", ""FanDuel"", ""Fanatics"", ""Fliff"", ""Hard Rock Bet"", ""ReBet"", ""theScore Bet""]",The Odds API,"[""Bally Bet"", ""BetOnline.ag"", ""BetRivers"", ""Bovada"", ""Courtside"", ""DraftKings"", ""FanDuel"", ""Fanatics"", ""Fliff"", ""Hard Rock Bet"", ""ReBet"", ""draftkings"", ""theScore Bet""]",The Odds API,"[""Bally Bet"", ""BetOnline.ag"", ""BetRivers"", ""Bovada"", ""Caesars"", ""Courtside"", ""DraftKings"", ""FanDuel"", ""Fanatics"", ""Fliff"", ""Hard Rock Bet"", ""ReBet"", ""draftkings"", ""theScore Bet""]",0.5,180.0,FanDuel,1.5,650.0,Bovada,,,,,,,0.5,180.0,FanDuel,The Odds API,"[""Bally Bet"", ""BetRivers"", ""Bovada"", ""FanDuel"", ""Fliff"", ""Hard Rock Bet"", ""theScore Bet""]",ALTLINE_NB_v1_2026-01-18,1.5,-110.0,BetRivers,league_avg,2.3,0.6001759479749428,60.0,0.5238095238095238,14.579044613398162,14.6,0.6001759479749428,60.0,14.579044613398162,14.6,0.3835789960842564,38.4,41.92422855117488,41.9,0.2254288407355011,22.5,69.07163055162589,69.1,0.1243884637071297,12.4,123.89923467283354,123.9,0.5,-125.0,Fanatics,exp/fallback,1.158,0.6217292809668944,62.2,0.5555555555555556,11.911270574040994,11.9,0.6217292809668944,62.2,11.911270574040994,11.9,0.3100253795648193,31.0,51.91243598676147,51.9,0.1366507588212543,13.7,145.97136587825776,146.0,0.0556940761684916,5.6,-48.48297954414523,-48.5,0.5,106.0,FanDuel,exp/fallback,0.985,0.5510775541582844,55.1,0.4854368932038835,13.521976156606597,13.5,0.5510775541582844,55.1,13.521976156606597,13.5,0.2548037791806699,25.5,65.62245646743541,65.6,0.1081557046314485,10.8,181.2048320417661,181.2,,,,,0.5,550.0,FanDuel,exp/fallback,0.2432,0.2071220478853718,20.7,0.1538461538461538,34.62933112549168,34.6,0.2071220478853718,20.7,34.62933112549168,34.6,,,,,,,,,,,,,0.5,550.0,FanDuel,exp/fallback,0.2077,0.1770223540372382,17.7,0.1538461538461538,15.064530124204833,15.1,0.1770223540372382,17.7,15.064530124204833,15.1,,,,,,,,,,,,,True,True,True,True,True,,,Active roster,2026-10-02T16:41:02+00:00,False,"[{""market"":""Points"",""name"":""Hammer Fists"",""kind"":""FLOOR"",""rule"":""Conf_Points >= 80"",""icon"":""PTS05_HAMMER_FISTS.svg"",""kit_version"":""2026-09-24-frozen-v2""},{""market"":""Points"",""name"":""Echo Stomp II"",""kind"":""TIER"",""rule"":""Conf_Points >= 80 + TOI_per_game >= 19.18"",""icon"":""PTS05_HAMMER_STOMP.svg"",""kit_version"":""2026-09-24-frozen-v2""},{""market"":""Points"",""name"":""Gaia’s Blessing"",""kind"":""TIER"",""rule"":""Conf_Points >= 80 + Assists_mu >= 0.746"",""icon"":""PTS05_GAIAS_BLESSING.svg"",""kit_version"":""2026-09-24-frozen-v2""},{""market"":""Points"",""name"":""Gaia’s Blessing+ (Press)"",""kind"":""HEAVY"",""rule"":""Conf_Points >= 81 + Assists_mu >= 0.746"",""icon"":""PTS05_GAIAS_BLESSING.svg"",""kit_version"":""2026-09-24-frozen-v2""}]",2025-2026,,2026-09-24-frozen-v2,2026-10-02T16:41:05.426327+00:00
2026-10-02,NYR@DET,2026020017,5:30 PM,2026-10-02T22:30:00Z,Adam Sykora,8483669,NYR,False,,2026-27,NYR,L,,Healthy,Unknown,,,1.0,0.0,,16.0,11.0,2026-10-02T16:40:41+00:00,DET,John Gibson,0.9014373716632444,2.7159277848214005,40.0,Likely,dailyfaceoff_name_and_stats,24.5,4.0,24.5,4.0,,28.2,17.6,A1+A2,11.17,18.3,22.5,0.94,NONE,False,False,23.53754892467431,2.258550120836825,15.0,5.9,18.0,3.6,True,,,,,50.0,,,,,,,,,,,,,,,,,,,,,,,,,,,,,,,,,,,,,,,,0.0331583310306714,0.0,,,0.0,2.49659113736712,2.2285721313693254,50.0,50.1,33.3,50.1,2.42,1.56,,,,,COOL,COOL,COOL,0.85,,COOL,Red,Red,Red,Red,27.0,31.0,31.0,22.0,SOG,31.0,,,,,,,C,Passenger,1.0,,90.9,,0.0,0.109090909090909,1.2,0.109090909090909,0.0097627118644067,1.0,1.0,0.0,0.0,0.0,8.75699777062175,7.999390243902439,90.9,44.6,False,,,,,,False,False,0.0,,False,0.0,,False,0.0,,,,,,,,,,,,,,,,,,,,,,,,,,,,,,,,,,,,,,,,,,,,,,,,,,,,,,,,,,,,,,,,,,,,,,,,,,,,,,,,,,,,,,,,,,,,,,,,,,,,,,,,ALTLINE_NB_v1_2026-01-18,,,,league_avg,2.3,,,,,,,,,,,,,,,,,,,,,,,,,exp/fallback,0.242,,,,,,,,,,,,,,,,,,,,,,,,,exp/fallback,0.0849999999999999,,,,,,,,,,,,,,,,,,,,,,,,,exp/fallback,0.2424,,,,,,,,,,,,,,,,,,,,,,,,,exp/fallback,0.2064,,,,,,,,,,,,,,,,,,,,,,False,False,False,False,False,,,Active roster,2026-10-02T16:41:02+00:00,False,[],2025-2026,,2026-09-24-frozen-v2,2026-10-02T16:41:05.426327+00:00
2026-10-02,NYR@DET,2026020017,5:30 PM,2026-10-02T22:30:00Z,Alberts Smits,8485957,,,,,NYR,D,,Unknown,,,,,,,,,,,,,,,,,,,,,,,,,,,,,,,,,,,,,,,,,,,,,,,,,,,,,,,,,,,,,,,,,,,,,,,,,,,,,,,,,,,,,,,,,,,,,,,,,,,,,,,,,,,,,,,,,,,,,,,,,,,,,,,,,,,,,,,,,,,,,,,,,,,,,,,,,,,,,,,,,,,,,,,,,,,,,,,,,,,,,,,,,,,,,,,,,,,,,,,,,,,,,,,,,,,,,,,,,,,,,,,,,,,,,,,,,,,,,,,,,,,,,,,,,,,,,,,,,,,,,,,,,,,,,,,,,,,,,,,,,,,,,,,,,,,,,,,,,,,,,,,,,,,,,,,,,,,,,,,,,,,,,,,,,,,,,,,,,,,0.5,1500.0,fanduel,,,,,,,,,,,,,,,,,,,,,,,,,,,,,,,,,,,,,,,,,,,,,,,,,,,,,,,,,Active roster,2026-10-02T16:41:02+00:00,True,[],Unavailable,True,2026-09-24-frozen-v2,2026-10-02T16:41:05.426327+00:00
2026-10-02,NYR@DET,2026020017,5:30 PM,2026-10-02T22:30:00Z,Alexis Lafrenire,8482109,NYR,False,"{""season"":""2026-27"",""games"":[{""d"":""2026-10-01"",""g"":0,""a"":0,""s"":3,""pp"":0,""h"":""H"",""toi"":""15:15""},{""d"":""2026-09-29"",""g"":0,""a"":0,""s"":0,""pp"":0,""h"":""R"",""toi"":""18:17""}]}",2026-27,NYR,L,,Healthy,Unknown,,,1.0,0.0,,16.0,11.0,2026-10-02T16:40:41+00:00,DET,John Gibson,0.9014373716632444,2.7159277848214005,40.0,Likely,dailyfaceoff_name_and_stats,24.5,4.0,24.5,4.0,,91.5,88.4,A1+A2,17.6,72.9,86.7,1.15,NONE,False,False,23.53754892467431,2.258550120836825,15.0,5.9,18.0,3.6,True,,,1.5,,50.0,0.0,0.0,3.0,0.0,0.0,0.0,0.0,0.0,0.0,0.0,3.0,3.0,LOW,0.0,,LOW,0.0,,LOW,0.0,,LOW,0.0,,LOW,0.0,,LOW,0.0,,LOW,0.3,,LOW,0.15,,LOW,0.075,,1.7652497968561742,0.5043570848160498,,,0.0,2.49659113736712,2.2285721313693254,50.0,50.1,66.7,50.1,8.66,3.58,,7.87,3.25,,HOT,HOT,COOL,5.08,4.62,HOT,Yellow,Yellow,Yellow,Yellow,77.0,69.0,71.0,76.0,POINTS,77.0,2.0,2.0,2.0,0.0,0.0,2.0,A,Hybrid,13.0,,90.9,,2.0,2.2894308943089428,187.7333333333333,2.2894308943089428,0.1300933197819458,13.0,13.0,3.474076704545455,1.844105113636364,1.9176136363636365,8.75699777062175,7.999390243902439,90.9,78.9,False,,,,🅿️ D:2,,False,False,1.0,,False,0.0,,False,0.0,,,,,,,,,,,,,,,,,,,,,,,,,,,,,,,,,,,,,,,,,,,,,,,,,,,,,,,,,,,,,,,,,,,,,,,,,,,,,,,,,,,,,,,,,,,,,,,,,,,,,,,,ALTLINE_NB_v1_2026-01-18,,,,exp/fallback,0.3,,,,,,,,,,,,,,,,,,,,,,,,,exp/fallback,0.866,,,,,,,,,,,,,,,,,,,,,,,,,exp/fallback,0.508,,,,,,,,,,,,,,,,,,,,,,,,,exp/fallback,0.2424,,,,,,,,,,,,,,,,,,,,,,,,,exp/fallback,0.253275,,,,,,,,,,,,,,,,,,,,,,False,False,False,False,False,,,Active roster,2026-10-02T16:41:02+00:00,False,[],2025-2026,,2026-09-24-frozen-v2,2026-10-02T16:41:05.426327+00:00
2026-10-02,NYR@DET,2026020017,5:30 PM,2026-10-02T22:30:00Z,Alexis Lafrenière,8482109,,,,,NYR,L,,Unknown,,,,,,,,,,,,,,,,,,,,,,,,,,,,,,,,,,,,,,,,,,,,,,,,,,,,,,,,,,,,,,,,,,,,,,,,,,,,,,,,,,,,,,,,,,,,,,,,,,,,,,,,,,,,,,,,,,,,,,,,,,,,,,,,,,,,,,,,,,,,,,,,,,,,,,,,,,,,,,,,,,,,,,,,,,,,,,,,,,,,,,,,,,,,,,,,,,,,,,,,,,,,,,,,,,,,,,,,,,,,,,,,,,,,,,,,,,,,,,,,,,,,,,,,,,,,,,,0.5,250.0,fanduel,,,,2.5,146.0,fanduel,,,,,,,,,,,,,,,,,,,,,,,,0.5,-118.0,fanduel,,,,,,,,,,,,,,,,,,,,,,,,0.5,175.0,draftkings,,,,,,,,,,,,,,,,,,,,,,,,0.5,260.0,fanduel,,,,,,,,,,,,,,,,,,,,,,,,,,,,,,,,,,,,,,,,,,,,,,,,,,,,,,,,,Active roster,2026-10-02T16:41:02+00:00,True,[],Unavailable,True,2026-09-24-frozen-v2,2026-10-02T16:41:05.426327+00:00
2026-10-02,NYR@DET,2026020017,5:30 PM,2026-10-02T22:30:00Z,Braden Schneider,8482073,NYR,False,,2026-27,NYR,D,,Healthy,Unknown,,,1.0,0.0,,16.0,11.0,2026-10-02T16:40:41+00:00,DET,John Gibson,0.9014373716632444,2.7159277848214005,40.0,Likely,dailyfaceoff_name_and_stats,24.5,4.0,24.5,4.0,,44.5,63.9,A1+A2,20.44,87.3,59.8,1.04,NONE,False,False,23.53754892467431,2.258550120836825,15.0,5.9,18.0,3.6,True,,,,,50.0,,,,,,,,,,,,,,,,,,,,,,,,,,,,,,,,,,,,,,,,0.7174929950643048,0.3798492326811025,,,0.0,2.49659113736712,2.2285721313693254,50.0,50.1,40.8,50.1,2.59,0.56,,,,,COOL,COOL,COOL,2.03,,COOL,Red,Red,Red,Red,58.0,45.0,43.0,52.0,POINTS,58.0,,,,,,,C,Passenger,1.7,,90.9,,0.0,0.3567073170731707,29.25,0.3567073170731707,0.0174494909322303,1.7,1.7,0.0205128205128205,0.0205128205128205,0.0,8.75699777062175,7.999390243902439,90.9,46.6,False,,,,,,False,False,0.0,,False,0.0,,False,0.0,,,,,,,,,,,,,,,,,,,,,,,,,,,,,,,,,,,,,,,,,,,,,,,0.5,1550.0,BetMGM,,,,,,,,,,0.5,1550.0,BetMGM,0.5,1550.0,BetMGM,,,,,,,,,,0.5,1550.0,BetMGM,The Odds API,"[""Bally Bet"", ""BetMGM"", ""BetRivers"", ""Bovada"", ""Caesars"", ""Courtside"", ""DraftKings"", ""Fanatics"", ""betmgm""]",The Odds API,"[""Bally Bet"", ""BetMGM"", ""BetRivers"", ""Bovada"", ""Caesars"", ""Courtside"", ""DraftKings"", ""Fanatics"", ""Fliff"", ""Hard Rock Bet"", ""theScore Bet""]",,,,,,,,,,,,,,,,,,,,,,,,ALTLINE_NB_v1_2026-01-18,,,,league_avg,2.3,,,,,,,,,,,,,,,,,,,,,,,,,exp/fallback,0.259,,,,,,,,,,,,,,,,,,,,,,,,,exp/fallback,0.2029999999999999,,,,,,,,,,,,,,,,,,,,,,0.5,1550.0,BetMGM,exp/fallback,0.2024,0.1768557645856978,17.7,0.0606060606060606,191.81201156640145,191.8,0.1768557645856978,17.7,191.81201156640145,191.8,,,,,,,,,,,,,0.5,1550.0,BetMGM,exp/fallback,0.1414,0.1265239325354448,12.7,0.0606060606060606,108.76448868348392,108.8,0.1265239325354448,12.7,108.76448868348392,108.8,,,,,,,,,,,,,False,False,True,True,False,,,Active roster,2026-10-02T16:41:02+00:00,False,[],2025-2026,,2026-09-24-frozen-v2,2026-10-02T16:41:05.426327+00:00
2026-10-02,NYR@DET,2026020017,5:30 PM,2026-10-02T22:30:00Z,Eeli Tolvanen,8480009,SEA,True,"{""season"":""2026-27"",""games"":[{""d"":""2026-10-01"",""g"":1,""a"":0,""s"":1,""pp"":0,""h"":""H"",""toi"":""14:18""},{""d"":""2026-09-29"",""g"":0,""a"":0,""s"":2,""pp"":0,""h"":""R"",""toi"":""13:56""}]}",2026-27,NYR,R,,Healthy,Unknown,,,1.0,0.0,,16.0,11.0,2026-10-02T16:40:41+00:00,DET,John Gibson,0.9014373716632444,2.7159277848214005,40.0,Likely,dailyfaceoff_name_and_stats,24.5,4.0,24.5,4.0,,78.9,77.8,A1+A2,16.04,59.8,74.7,1.1,NONE,False,False,23.53754892467431,2.258550120836825,15.0,5.9,18.0,3.6,True,,,1.5,,50.0,1.0,1.0,3.0,1.0,0.0,0.0,1.0,1.0,0.0,0.0,3.0,3.0,LOW,0.1,-0.4,LOW,0.05,,LOW,0.025,,LOW,0.0,,LOW,0.0,,LOW,0.0,,LOW,0.3,,LOW,0.15,,LOW,0.075,,0.9639038104322506,0.4217079170641096,,,0.0,2.49659113736712,2.2285721313693254,50.0,50.1,48.5,50.1,5.62,2.24,,4.62,1.24,,HOT,COOL,COOL,3.38,3.38,HOT,Yellow,Yellow,Red,Yellow,69.0,61.0,64.0,65.0,POINTS,69.0,0.0,2.0,0.0,2.0,0.0,2.0,,Passenger,10.9,,90.9,,,1.7564102564102564,137.0,1.7564102564102564,0.1094875927381222,10.9,10.9,4.226277372262774,1.9927007299270076,2.6277372262773726,8.75699777062175,7.999390243902439,90.9,78.9,False,,,,🅿️ D:0,,False,False,0.0,,False,0.0,,False,0.0,,1.5,123.0,BetRivers,2.5,290.0,theScore Bet,3.5,750.0,Fanatics,4.5,1900.0,Fanatics,1.5,123.0,BetRivers,0.5,205.0,BetRivers,1.5,1100.0,DraftKings,,,,,,,0.5,205.0,BetRivers,0.5,350.0,BetOnline.ag,1.5,2400.0,BetOnline.ag,,,,,,,0.5,350.0,BetOnline.ag,0.5,440.0,BetRivers,,,,,,,,,,0.5,440.0,BetRivers,0.5,450.0,betrivers,,,,,,,,,,0.5,450.0,betrivers,BallDontLie,"[""Bally Bet"", ""BetMGM"", ""BetRivers"", ""Bovada"", ""Caesars"", ""Courtside"", ""DraftKings"", ""FanDuel"", ""Fanatics"", ""betrivers""]",The Odds API,"[""Bally Bet"", ""BetMGM"", ""BetRivers"", ""Bovada"", ""Caesars"", ""Courtside"", ""DraftKings"", ""FanDuel"", ""Fanatics"", ""Fliff"", ""Hard Rock Bet"", ""theScore Bet""]",The Odds API,"[""Bally Bet"", ""BetOnline.ag"", ""BetRivers"", ""Bovada"", ""Courtside"", ""DraftKings"", ""Fanatics"", ""Fliff"", ""Hard Rock Bet"", ""ReBet"", ""theScore Bet""]",The Odds API,"[""BetOnline.ag"", ""Courtside"", ""DraftKings"", ""Fanatics"", ""ReBet"", ""draftkings""]",The Odds API,"[""Bally Bet"", ""BetRivers"", ""DraftKings"", ""Fanatics""]",,,,,,,,,,,,,,,,,,ALTLINE_NB_v1_2026-01-18,1.5,123.0,BetRivers,exp/fallback,0.3,0.0422318805185903,4.2,0.4484304932735426,-90.58229064435434,-90.6,0.0422318805185903,4.2,-90.58229064435434,-90.6,0.0057840451049215,0.6,-97.74422240908058,-97.7,0.0006983006285956,0.1,-99.40644446569368,-99.4,7.736670997449124e-05,0.0,-99.84526658005102,-99.8,0.5,205.0,BetRivers,exp/fallback,0.562,0.4013336019148067,40.1,0.3278688524590163,22.406748584016047,22.4,0.4013336019148067,40.1,22.406748584016047,22.4,0.1201850135268409,12.0,44.22201623220916,44.2,,,,,,,,,0.5,350.0,BetOnline.ag,exp/fallback,0.3379999999999999,0.2682361050842226,26.8,0.2222222222222222,20.70624728790016,20.7,0.2682361050842226,26.8,20.70624728790016,20.7,0.0566568095482662,5.7,41.6420238706656,41.6,,,,,,,,,0.5,440.0,BetRivers,exp/fallback,0.2022,0.176703446117601,17.7,0.1851851851851851,-4.580139096495439,-4.6,0.176703446117601,17.7,-4.580139096495439,-4.6,,,,,,,,,,,,,0.5,450.0,betrivers,exp/fallback,0.18795,0.1624935228941818,16.2,0.1818181818181818,-10.628562408199992,-10.6,0.1624935228941818,16.2,-10.628562408199992,-10.6,,,,,,,,,,,,,False,True,False,False,True,,,Active roster,2026-10-02T16:41:02+00:00,False,[],2025-2026,,2026-09-24-frozen-v2,2026-10-02T16:41:05.426327+00:00
2026-10-02,NYR@DET,2026020017,5:30 PM,2026-10-02T22:30:00Z,Gabe Perreault,8484210,NYR,False,"{""season"":""2026-27"",""games"":[{""d"":""2026-10-01"",""g"":1,""a"":0,""s"":1,""pp"":0,""h"":""H"",""toi"":""10:46""},{""d"":""2026-09-29"",""g"":0,""a"":0,""s"":0,""pp"":0,""h"":""R"",""toi"":""16:20""}]}",2026-27,NYR,R,,Healthy,Unknown,,,1.0,0.0,,16.0,11.0,2026-10-02T16:40:41+00:00,DET,John Gibson,0.9014373716632444,2.7159277848214005,40.0,Likely,dailyfaceoff_name_and_stats,24.5,4.0,24.5,4.0,,73.2,60.9,A1+A2,15.99,59.5,66.1,1.06,NONE,False,False,23.53754892467431,2.258550120836825,15.0,5.9,18.0,3.6,True,,,0.5,,50.0,1.0,1.0,1.0,1.0,0.0,0.0,1.0,1.0,0.0,0.0,1.0,1.0,LOW,0.1,-0.4,LOW,0.05,,LOW,0.025,,LOW,0.0,,LOW,0.0,,LOW,0.0,,LOW,0.1,,LOW,0.05,,LOW,0.025,,1.6184369306485578,0.5962662376073634,,,0.0,2.49659113736712,2.2285721313693254,50.0,50.1,63.7,50.1,6.13,2.87,,5.13,1.87,,HOT,WARM,COOL,3.26,3.26,HOT,Red,Yellow,Red,Red,61.0,58.0,61.0,59.0,POINTS,61.0,0.0,2.0,0.0,2.0,0.0,2.0,B,Hybrid,7.5,,90.9,,1.0,1.1928571428571428,58.45,1.1928571428571428,0.0746170212765957,7.5,7.5,5.317365269461078,2.699743370402053,3.0795551753635584,8.75699777062175,7.999390243902439,90.9,77.4,False,,,,🅿️ D:0,,False,False,1.0,,False,0.0,,False,0.0,,1.5,125.0,BetRivers,2.5,375.0,Fanatics,3.5,1000.0,Fanatics,4.5,675.0,BetOnline.ag,1.5,125.0,BetRivers,0.5,150.0,theScore Bet,1.5,900.0,theScore Bet,2.5,1200.0,Bovada,3.5,2200.0,BetOnline.ag,0.5,150.0,theScore Bet,0.5,300.0,DraftKings,1.5,2200.0,Fanatics,2.5,3300.0,Bovada,,,,0.5,300.0,DraftKings,0.5,360.0,theScore Bet,,,,,,,,,,0.5,360.0,theScore Bet,0.5,350.0,DraftKings,,,,,,,,,,0.5,350.0,DraftKings,The Odds API,"[""Bally Bet"", ""BetMGM"", ""BetRivers"", ""Bovada"", ""Caesars"", ""Courtside"", ""DraftKings"", ""FanDuel"", ""Fanatics"", ""fanatics""]",The Odds API,"[""Bally Bet"", ""BetMGM"", ""BetRivers"", ""Bovada"", ""Caesars"", ""Courtside"", ""DraftKings"", ""FanDuel"", ""Fanatics"", ""Hard Rock Bet"", ""fanduel"", ""theScore Bet""]",The Odds API,"[""Bally Bet"", ""BetOnline.ag"", ""BetRivers"", ""Bovada"", ""Courtside"", ""DraftKings"", ""Fanatics"", ""Hard Rock Bet"", ""ReBet"", ""theScore Bet""]",The Odds API,"[""Bally Bet"", ""BetOnline.ag"", ""BetRivers"", ""Bovada"", ""Courtside"", ""DraftKings"", ""FanDuel"", ""Fanatics"", ""Hard Rock Bet"", ""ReBet"", ""draftkings"", ""theScore Bet""]",The Odds API,"[""Bally Bet"", ""BetOnline.ag"", ""BetRivers"", ""Bovada"", ""Caesars"", ""Courtside"", ""DraftKings"", ""FanDuel"", ""Fanatics"", ""Hard Rock Bet"", ""ReBet"", ""draftkings"", ""theScore Bet""]",,,,,,,,,,,,,,,,,,ALTLINE_NB_v1_2026-01-18,1.5,125.0,BetRivers,exp/fallback,0.1,0.0056639264392934,0.6,0.4444444444444444,-98.72561655115896,-98.7,0.0056639264392934,0.6,-98.72561655115896,-98.7,0.0002745710270403,0.0,-99.86957876215584,-99.9,1.167564107673602e-05,0.0,-99.9871567948156,-100.0,1.0000000000287557e-06,0.0,-99.99922499999998,-100.0,0.5,150.0,theScore Bet,exp/fallback,0.613,0.4261304945376426,42.6,0.4,6.532623634410662,6.5,0.4261304945376426,42.6,6.532623634410662,6.5,0.1364907046167458,13.6,36.49070461674584,36.5,0.0378157187581816,3.8,-50.83956561436381,-50.8,0.0095942367927871,1.0,-77.93325537658956,-77.9,0.5,300.0,DraftKings,exp/fallback,0.3259999999999999,0.2606661841281295,26.1,0.25,4.26647365125179,4.3,0.2606661841281295,26.1,4.26647365125179,4.3,0.0534238591287916,5.3,22.874875996220823,22.9,0.0098548578714072,1.0,-66.49348323721527,-66.5,,,,,0.5,360.0,theScore Bet,exp/fallback,0.2211,0.1909250298873965,19.1,0.217391304347826,-12.174486251797578,-12.2,0.1909250298873965,19.1,-12.174486251797578,-12.2,,,,,,,,,,,,,0.5,350.0,DraftKings,exp/fallback,0.2186625,0.1849082504399398,18.5,0.2222222222222222,-16.79128730202707,-16.8,0.1849082504399398,18.5,-16.79128730202707,-16.8,,,,,,,,,,,,,False,False,False,False,False,,,Active roster,2026-10-02T16:41:02+00:00,False,[],2025-2026,,2026-09-24-frozen-v2,2026-10-02T16:41:05.426327+00:00
2026-10-02,NYR@DET,2026020017,5:30 PM,2026-10-02T22:30:00Z,J.T. Miller,8476468,NYR,False,"{""season"":""2026-27"",""games"":[{""d"":""2026-10-01"",""g"":0,""a"":0,""s"":1,""pp"":0,""h"":""H"",""toi"":""15:33""},{""d"":""2026-09-29"",""g"":0,""a"":0,""s"":2,""pp"":0,""h"":""R"",""toi"":""16:12""}]}",2026-27,NYR,C,,Healthy,Unknown,,,1.0,0.0,,16.0,11.0,2026-10-02T16:40:41+00:00,DET,John Gibson,0.9014373716632444,2.7159277848214005,40.0,Likely,dailyfaceoff_name_and_stats,24.5,4.0,24.5,4.0,,90.0,90.6,A1+A2,20.15,85.6,89.3,1.16,NONE,False,False,23.53754892467431,2.258550120836825,15.0,5.9,18.0,3.6,True,,,1.5,,50.0,0.0,0.0,3.0,0.0,0.0,0.0,0.0,0.0,0.0,0.0,3.0,3.0,LOW,0.0,-0.5,LOW,0.0,,LOW,0.0,,LOW,0.0,,LOW,0.0,,LOW,0.0,,LOW,0.3,,LOW,0.15,,LOW,0.075,,1.538330057260063,0.6153320229040253,,,0.0,2.49659113736712,2.2285721313693254,50.0,50.1,62.3,50.1,10.91,4.18,,9.92,3.8,,HOT,HOT,COOL,6.74,6.13,HOT,Green,Yellow,Yellow,Green,79.0,69.0,71.0,77.0,POINTS,79.0,2.0,2.0,2.0,2.0,0.0,2.0,A,Hybrid,14.8,,90.9,,2.0,2.985294117647059,203.0,2.985294117647059,0.1481859989780276,14.8,14.8,4.544334975369457,2.157635467980296,2.8078817733990147,8.75699777062175,7.999390243902439,90.9,86.5,False,,,,🅿️ D:2,,False,False,1.0,,False,0.0,,False,0.0,,1.5,-157.0,BetRivers,2.5,170.0,theScore Bet,3.5,425.0,DraftKings,4.5,1100.0,Fanatics,1.5,-157.0,BetRivers,0.5,-120.0,theScore Bet,1.5,450.0,theScore Bet,2.5,1500.0,DraftKings,3.5,1350.0,BetOnline.ag,0.5,-120.0,theScore Bet,0.5,128.0,BetRivers,1.5,750.0,DraftKings,2.5,3000.0,Fanatics,,,,0.5,128.0,BetRivers,0.5,300.0,DraftKings,,,,,,,,,,0.5,300.0,DraftKings,0.5,300.0,DraftKings,,,,,,,,,,0.5,300.0,DraftKings,The Odds API,"[""Bally Bet"", ""BetMGM"", ""BetRivers"", ""Bovada"", ""Caesars"", ""Courtside"", ""DraftKings"", ""FanDuel"", ""Fanatics"", ""betrivers""]",The Odds API,"[""Bally Bet"", ""BetMGM"", ""BetRivers"", ""Bovada"", ""Caesars"", ""Courtside"", ""DraftKings"", ""FanDuel"", ""Fanatics"", ""Fliff"", ""Hard Rock Bet"", ""fanduel"", ""theScore Bet""]",The Odds API,"[""Bally Bet"", ""BetOnline.ag"", ""BetRivers"", ""Bovada"", ""Courtside"", ""DraftKings"", ""FanDuel"", ""Fanatics"", ""Fliff"", ""Hard Rock Bet"", ""ReBet"", ""theScore Bet""]",The Odds API,"[""Bally Bet"", ""BetOnline.ag"", ""BetRivers"", ""Bovada"", ""Courtside"", ""DraftKings"", ""FanDuel"", ""Fanatics"", ""Fliff"", ""Hard Rock Bet"", ""ReBet"", ""draftkings"", ""theScore Bet""]",The Odds API,"[""Bally Bet"", ""BetOnline.ag"", ""BetRivers"", ""Bovada"", ""Caesars"", ""Courtside"", ""DraftKings"", ""FanDuel"", ""Fanatics"", ""Fliff"", ""Hard Rock Bet"", ""ReBet"", ""draftkings"", ""theScore Bet""]",0.5,215.0,BetRivers,1.5,700.0,Bovada,,,,,,,0.5,215.0,BetRivers,The Odds API,"[""Bally Bet"", ""BetRivers"", ""Bovada"", ""FanDuel"", ""Fliff"", ""Hard Rock Bet"", ""theScore Bet""]",ALTLINE_NB_v1_2026-01-18,1.5,-157.0,BetRivers,exp/fallback,0.3,0.0422318805185903,4.2,0.6108949416342413,-93.08688325268936,-93.1,0.0422318805185903,4.2,-93.08688325268936,-93.1,0.0057840451049215,0.6,-98.43830782167116,-98.4,0.0006983006285956,0.1,-99.63339216998727,-99.6,7.736670997449124e-05,0.0,-99.9071599480306,-99.9,0.5,-120.0,theScore Bet,exp/fallback,1.091,0.603098139540449,60.3,0.5454545454545454,10.567992249082314,10.6,0.603098139540449,60.3,10.567992249082314,10.6,0.2897356691121316,29.0,59.35461801167242,59.4,0.122736387507635,12.3,96.37822001221608,96.4,0.0480216771334121,4.8,-30.368568156552456,-30.4,0.5,128.0,BetRivers,exp/fallback,0.674,0.440581034913897,44.1,0.4385964912280701,0.4524759603685147,0.5,0.440581034913897,44.1,0.4524759603685147,0.5,0.1585702776453603,15.9,34.784735998556314,34.8,0.05194616560404,5.2,61.03311337252426,61.0,,,,,0.5,300.0,DraftKings,exp/fallback,0.2604,0.2194154073227548,21.9,0.25,-12.233837070898046,-12.2,0.2194154073227548,21.9,-12.233837070898046,-12.2,,,,,,,,,,,,,0.5,300.0,DraftKings,exp/fallback,0.2825249999999999,0.2284684243174999,22.8,0.25,-8.612630273000033,-8.6,0.2284684243174999,22.8,-8.612630273000033,-8.6,,,,,,,,,,,,,False,True,False,False,False,,,Active roster,2026-10-02T16:41:02+00:00,False,"[{""market"":""Assists"",""name"":""Staff (Green Stance)"",""kind"":""STANCE"",""rule"":""Green + Assists 0.5"",""icon"":""staff.svg"",""kit_version"":""2026-09-24-frozen-v2""}]",2025-2026,,2026-09-24-frozen-v2,2026-10-02T16:41:05.426327+00:00
2026-10-02,NYR@DET,2026020017,5:30 PM,2026-10-02T22:30:00Z,Jaroslav Chmelar,8482877,NYR,False,,2026-27,NYR,R,,Healthy,Unknown,,,1.0,0.0,,16.0,11.0,2026-10-02T16:40:41+00:00,DET,John Gibson,0.9014373716632444,2.7159277848214005,40.0,Likely,dailyfaceoff_name_and_stats,24.5,4.0,24.5,4.0,,33.0,24.0,A1+A2,9.15,5.9,24.5,0.94,NONE,False,False,23.53754892467431,2.258550120836825,15.0,5.9,18.0,3.6,True,,,,,50.0,,,,,,,,,,,,,,,,,,,,,,,,,,,,,,,,,,,,,,,,1.4194650719589932,0.0,,,0.0,2.49659113736712,2.2285721313693254,50.0,50.1,58.8,50.1,1.54,0.87,,,,,COOL,COOL,COOL,0.67,,COOL,Red,Red,Red,Red,31.0,32.0,33.0,28.0,GOAL,33.0,,,,,,,C,Passenger,0.8,,90.9,,0.0,0.0720238095238095,2.0166666666666666,0.0720238095238095,0.007870430597112,0.8,0.8,5.355371900826446,5.355371900826446,0.0,8.75699777062175,7.999390243902439,90.9,44.0,False,,,,,,False,False,0.0,,False,0.0,,False,0.0,,,,,,,,,,,,,,,,,,,,,,,,,,,,,,,,,,,,,,,,,,,,,,,,,,,,,,,,,,,,,,,,,,,,,,,,,,,,,,,,,,,,,,,,,,,,,,,,,,,,,,,,ALTLINE_NB_v1_2026-01-18,,,,league_avg,2.3,,,,,,,,,,,,,,,,,,,,,,,,,exp/fallback,0.154,,,,,,,,,,,,,,,,,,,,,,,,,exp/fallback,0.067,,,,,,,,,,,,,,,,,,,,,,,,,exp/fallback,0.2148,,,,,,,,,,,,,,,,,,,,,,,,,exp/fallback,0.16155,,,,,,,,,,,,,,,,,,,,,,False,False,False,False,False,,,Active roster,2026-10-02T16:41:02+00:00,False,[],2025-2026,,2026-09-24-frozen-v2,2026-10-02T16:41:05.426327+00:00
2026-10-02,NYR@DET,2026020017,5:30 PM,2026-10-02T22:30:00Z,Joe Veleno,8480813,MTL,True,,2026-27,NYR,C,,Healthy,Unknown,,,1.0,0.0,,16.0,11.0,2026-10-02T16:40:41+00:00,DET,John Gibson,0.9014373716632444,2.7159277848214005,40.0,Likely,dailyfaceoff_name_and_stats,24.5,4.0,24.5,4.0,,51.3,28.5,A1+A2,12.09,25.8,38.2,0.95,NONE,False,False,23.53754892467431,2.258550120836825,15.0,5.9,18.0,3.6,True,,,,,50.0,,,,,,,,,,,,,,,,,,,,,,,,,,,,,,,,,,,,,,,,0.4818632043903092,0.0,,,0.0,2.49659113736712,2.2285721313693254,50.0,50.1,37.6,50.1,1.38,0.91,,,,,COOL,COOL,COOL,0.47,,COOL,Red,Red,Red,Red,33.0,44.0,47.0,30.0,GOAL,47.0,,,,,,,,Passenger,0.4,,90.9,,,0.0494535519125683,3.0166666666666666,0.0494535519125683,0.0040900257603832,0.4,0.4,1.7900552486187846,1.7900552486187846,0.0,8.75699777062175,7.999390243902439,90.9,40.1,False,,,,,,False,False,0.0,,False,0.0,,False,0.0,,,,,,,,,,,,,,,,,,,,,,,,,,,,,,,,,,,,,,,,,,,,,,,0.5,1100.0,FanDuel,,,,,,,,,,0.5,1100.0,FanDuel,0.5,1100.0,FanDuel,,,,,,,,,,0.5,1100.0,FanDuel,The Odds API,"[""Bally Bet"", ""BetMGM"", ""BetRivers"", ""Bovada"", ""Caesars"", ""Courtside"", ""DraftKings"", ""FanDuel""]",The Odds API,"[""Bally Bet"", ""BetMGM"", ""BetRivers"", ""Bovada"", ""Caesars"", ""Courtside"", ""DraftKings"", ""FanDuel"", ""Fliff"", ""Hard Rock Bet"", ""theScore Bet""]",,,,,,,,,,,,,,,,,,,,,,,,ALTLINE_NB_v1_2026-01-18,,,,league_avg,2.3,,,,,,,,,,,,,,,,,,,,,,,,,exp/fallback,0.1379999999999999,,,,,,,,,,,,,,,,,,,,,,,,,exp/fallback,0.047,,,,,,,,,,,,,,,,,,,,,,0.5,1100.0,FanDuel,exp/fallback,0.2163999999999999,0.1874207702211061,18.7,0.0833333333333333,124.9049242653274,124.9,0.1874207702211061,18.7,124.9049242653274,124.9,,,,,,,,,,,,,0.5,1100.0,FanDuel,exp/fallback,0.16415,0.1444149520255159,14.4,0.0833333333333333,73.29794243061907,73.3,0.1444149520255159,14.4,73.29794243061907,73.3,,,,,,,,,,,,,False,False,True,True,False,,,Active roster,2026-10-02T16:41:02+00:00,False,[],2025-2026,,2026-09-24-frozen-v2,2026-10-02T16:41:05.426327+00:00
2026-10-02,NYR@DET,2026020017,5:30 PM,2026-10-02T22:30:00Z,Joseph Veleno,8480813,,,,,NYR,C,,Unknown,,,,,,,,,,,,,,,,,,,,,,,,,,,,,,,,,,,,,,,,,,,,,,,,,,,,,,,,,,,,,,,,,,,,,,,,,,,,,,,,,,,,,,,,,,,,,,,,,,,,,,,,,,,,,,,,,,,,,,,,,,,,,,,,,,,,,,,,,,,,,,,,,,,,,,,,,,,,,,,,,,,,,,,,,,,,,,,,,,,,,,,,,,,,,,,,,,,,,,,,,,,,,,,,,,,,,,,,,,,,,,,,,,,,,,,,,,,,,,,,,,,,,,,,,,,,,,,,,,,,,,,,,,,,,,,,,,,,,,,,,,,,,,,,,,,,,,,,,,,,,,,,,,,,,,,,,,,,,,,,,,,,,,,,,,,,,,,,,,,0.5,1100.0,fanduel,,,,,,,,,,,,,,,,,,,,,,,,,,,,,,,,,,,,,,,,,,,,,,,,,,,,,,,,,Active roster,2026-10-02T16:41:02+00:00,True,[],Unavailable,True,2026-09-24-frozen-v2,2026-10-02T16:41:05.426327+00:00
2026-10-02,NYR@DET,2026020017,5:30 PM,2026-10-02T22:30:00Z,Marcus Pettersson,8477969,VAN,True,,2026-27,NYR,D,,Healthy,Unknown,,,1.0,0.0,,16.0,11.0,2026-10-02T16:40:41+00:00,DET,John Gibson,0.9014373716632444,2.7159277848214005,40.0,Likely,dailyfaceoff_name_and_stats,24.5,4.0,24.5,4.0,,47.5,60.9,A1+A2,21.45,91.2,60.9,1.04,NONE,False,False,23.53754892467431,2.258550120836825,15.0,5.9,18.0,3.6,True,,,,,50.0,,,,,,,,,,,,,,,,,,,,,,,,,,,,,,,,,,,,,,,,0.6094601762919991,0.1218920352583998,,,0.0,2.49659113736712,2.2285721313693254,50.0,50.1,38.9,50.1,2.54,0.63,,,,,COOL,COOL,COOL,1.91,,COOL,Red,Red,Red,Red,57.0,47.0,45.0,51.0,POINTS,57.0,,,,,,,,Passenger,0.4,,90.9,,,0.0837398373983739,6.866666666666666,0.0837398373983739,0.0039034372986697,0.4,0.4,4.281553398058253,4.281553398058253,0.0,8.75699777062175,7.999390243902439,90.9,40.1,False,,,,,,False,False,0.0,,False,0.0,,False,0.0,,,,,,,,,,,,,,,,,0.5,270.0,DraftKings,1.5,1900.0,Fanatics,,,,,,,0.5,270.0,DraftKings,0.5,350.0,BetOnline.ag,1.5,2400.0,BetOnline.ag,,,,,,,0.5,350.0,BetOnline.ag,0.5,2100.0,FanDuel,,,,,,,,,,0.5,2100.0,FanDuel,0.5,2100.0,FanDuel,,,,,,,,,,0.5,2100.0,FanDuel,The Odds API,"[""Bally Bet"", ""BetMGM"", ""BetRivers"", ""Bovada"", ""Caesars"", ""Courtside"", ""DraftKings"", ""FanDuel"", ""Fanatics"", ""fanduel""]",The Odds API,"[""Bally Bet"", ""BetMGM"", ""BetRivers"", ""Bovada"", ""Caesars"", ""Courtside"", ""DraftKings"", ""FanDuel"", ""Fanatics"", ""Fliff"", ""Hard Rock Bet"", ""theScore Bet""]",,,The Odds API,"[""BetOnline.ag"", ""DraftKings"", ""Fanatics"", ""ReBet"", ""draftkings""]",The Odds API,"[""Courtside"", ""DraftKings"", ""Fanatics""]",,,,,,,,,,,,,,,,,,ALTLINE_NB_v1_2026-01-18,,,,league_avg,2.3,,,,,,,,,,,,,,,,,,,,,,0.5,270.0,DraftKings,exp/fallback,0.254,0.2159928809089293,21.6,0.2702702702702703,-20.082634063696148,-20.1,0.2159928809089293,21.6,-20.082634063696148,-20.1,0.0331130863923236,3.3,-33.773827215352625,-33.8,,,,,,,,,0.5,350.0,BetOnline.ag,exp/fallback,0.191,0.1667501652438577,16.7,0.2222222222222222,-24.962425640264,-25.0,0.1667501652438577,16.7,-24.962425640264,-25.0,0.0214733798139872,2.1,-46.31655046503194,-46.3,,,,,,,,,0.5,2100.0,FanDuel,exp/fallback,0.2052,0.1789840868802135,17.9,0.0454545454545454,293.7649911364697,293.8,0.1789840868802135,17.9,293.7649911364697,293.8,,,,,,,,,,,,,0.5,2100.0,FanDuel,exp/fallback,0.14595,0.1301512431968752,13.0,0.0454545454545454,186.33273503312543,186.3,0.1301512431968752,13.0,186.33273503312543,186.3,,,,,,,,,,,,,False,False,True,True,False,,,Active roster,2026-10-02T16:41:02+00:00,False,[],2025-2026,,2026-09-24-frozen-v2,2026-10-02T16:41:05.426327+00:00
2026-10-02,NYR@DET,2026020017,5:30 PM,2026-10-02T22:30:00Z,Matt Rempe,8482460,NYR,False,,2026-27,NYR,C,,Healthy,Unknown,,,1.0,0.0,,16.0,11.0,2026-10-02T16:40:41+00:00,DET,John Gibson,0.9014373716632444,2.7159277848214005,40.0,Likely,dailyfaceoff_name_and_stats,24.5,4.0,24.5,4.0,,32.8,6.9,A1+A2,8.61,3.6,17.9,0.94,NONE,False,False,23.53754892467431,2.258550120836825,15.0,5.9,18.0,3.6,True,,,,,50.0,,,,,,,,,,,,,,,,,,,,,,,,,,,,,,,,,,,,,,,,0.2801338417243794,0.0,,,0.0,2.49659113736712,2.2285721313693254,50.0,50.1,35.1,50.1,0.93,0.93,,,,,COOL,COOL,COOL,0.0,,COOL,Red,Red,Red,Red,20.0,32.0,35.0,16.0,GOAL,35.0,,,,,,,C,Passenger,3.5,,90.9,,0.0,0.3038461538461539,7.9,0.3038461538461539,0.0352993744414656,3.5,3.5,0.0759493670886075,0.0759493670886075,0.0,8.75699777062175,7.999390243902439,90.9,49.8,False,,,,,,False,False,0.0,,False,0.0,,False,0.0,,,,,,,,,,,,,,,,,,,,,,,,,,,,,,,,,,,,,,,,,,,,,,,0.5,1200.0,Fanatics,,,,,,,,,,0.5,1200.0,Fanatics,0.5,1200.0,Fanatics,,,,,,,,,,0.5,1200.0,Fanatics,The Odds API,"[""Bally Bet"", ""BetMGM"", ""BetRivers"", ""Bovada"", ""Caesars"", ""Courtside"", ""DraftKings"", ""Fanatics"", ""fanatics""]",The Odds API,"[""Bally Bet"", ""BetMGM"", ""BetRivers"", ""Bovada"", ""Caesars"", ""Courtside"", ""DraftKings"", ""Fanatics"", ""Fliff"", ""Hard Rock Bet""]",,,,,,,,,,,,,,,,,,,,,,,,ALTLINE_NB_v1_2026-01-18,,,,league_avg,2.3,,,,,,,,,,,,,,,,,,,,,,,,,exp/fallback,0.093,,,,,,,,,,,,,,,,,,,,,,,,,league_avg,0.35,,,,,,,,,,,,,,,,,,,,,,0.5,1200.0,Fanatics,exp/fallback,0.2172,0.1880187385771032,18.8,0.0769230769230769,144.42436015023426,144.4,0.1880187385771032,18.8,144.42436015023426,144.4,,,,,,,,,,,,,0.5,1200.0,Fanatics,exp/fallback,0.1654499999999999,0.1454190056545247,14.5,0.0769230769230769,89.0447073508821,89.0,0.1454190056545247,14.5,89.0447073508821,89.0,,,,,,,,,,,,,False,False,True,True,False,,,Active roster,2026-10-02T16:41:02+00:00,False,[],2025-2026,,2026-09-24-frozen-v2,2026-10-02T16:41:05.426327+00:00
2026-10-02,NYR@DET,2026020017,5:30 PM,2026-10-02T22:30:00Z,Matthew Robertson,8481525,NYR,False,,2026-27,NYR,D,,Healthy,Unknown,,,1.0,0.0,,16.0,11.0,2026-10-02T16:40:41+00:00,DET,John Gibson,0.9014373716632444,2.7159277848214005,40.0,Likely,dailyfaceoff_name_and_stats,24.5,4.0,24.5,4.0,,36.3,54.3,A1+A2,17.4,71.2,49.6,1.0,NONE,False,False,23.53754892467431,2.258550120836825,15.0,5.9,18.0,3.6,True,,,,,50.0,,,,,,,,,,,,,,,,,,,,,,,,,,,,,,,,,,,,,,,,0.908510606712884,0.2672090019743776,,,0.0,2.49659113736712,2.2285721313693254,50.0,50.1,46.6,50.1,2.11,0.45,,,,,COOL,COOL,COOL,1.66,,COOL,Red,Red,Red,Red,52.0,39.0,38.0,46.0,POINTS,52.0,,,,,,,C,Passenger,0.4,,90.9,,0.0,0.0625,4.5,0.0625,0.0035910463244975,0.4,0.4,0.0,0.0,0.0,8.75699777062175,7.999390243902439,90.9,40.1,False,,,,,,False,False,0.0,,False,0.0,,False,0.0,,,,,,,,,,,,,,,,,,,,,,,,,,,,,,,,,,,,,,,,,,,,,,,,,,,,,,,,,,,,,,,,,,,,,,,,,,,,,,,,,,,,,,,,,,,,,,,,,,,,,,,,ALTLINE_NB_v1_2026-01-18,,,,league_avg,2.3,,,,,,,,,,,,,,,,,,,,,,,,,exp/fallback,0.211,,,,,,,,,,,,,,,,,,,,,,,,,exp/fallback,0.1659999999999999,,,,,,,,,,,,,,,,,,,,,,,,,exp/fallback,0.1979999999999999,,,,,,,,,,,,,,,,,,,,,,,,,exp/fallback,0.1342499999999999,,,,,,,,,,,,,,,,,,,,,,False,False,False,False,False,,,Active roster,2026-10-02T16:41:02+00:00,False,[],2025-2026,,2026-09-24-frozen-v2,2026-10-02T16:41:05.426327+00:00
2026-10-02,NYR@DET,2026020017,5:30 PM,2026-10-02T22:30:00Z,Mika Zibanejad,8476459,NYR,False,"{""season"":""2026-27"",""games"":[{""d"":""2026-10-01"",""g"":1,""a"":1,""s"":3,""pp"":1,""h"":""H"",""toi"":""18:53""},{""d"":""2026-09-29"",""g"":0,""a"":0,""s"":2,""pp"":0,""h"":""R"",""toi"":""18:31""}]}",2026-27,NYR,C,⭐ STAR,Healthy,Unknown,,,1.0,0.0,,16.0,11.0,2026-10-02T16:40:41+00:00,DET,John Gibson,0.9014373716632444,2.7159277848214005,40.0,Likely,dailyfaceoff_name_and_stats,24.5,4.0,24.5,4.0,,96.3,95.3,A1+A2,20.9,89.5,94.6,1.21,STAR,False,True,23.53754892467431,2.258550120836825,15.0,5.9,18.0,3.6,True,,,2.5,,50.0,2.0,1.0,5.0,1.0,1.0,1.0,2.0,2.0,1.0,1.0,5.0,5.0,LOW,0.2,-0.3,LOW,0.1,,LOW,0.05,,LOW,0.1,,LOW,0.05,,LOW,0.025,,LOW,0.5,,LOW,0.25,,LOW,0.125,,1.8533205326209456,0.7513461618733565,,,1.0,2.49659113736712,2.2285721313693254,50.0,50.1,68.3,50.1,14.76,4.78,,8.93,3.35,,HOT,HOT,COOL,8.9,5.59,HOT,Green,Yellow,Green,Green,83.0,73.0,76.0,81.0,POINTS,83.0,0.0,0.0,0.0,0.0,1.0,0.0,A,Hybrid,14.9,,90.9,,2.0,3.117695473251029,252.53333333333333,3.117695473251029,0.1491896575490833,14.9,14.9,5.63509767687434,2.858236536430834,3.266895459345301,8.75699777062175,7.999390243902439,90.9,89.0,False,,,,🅿️ D:0,,False,False,2.0,,False,0.0,,False,0.0,,1.5,-263.0,BetOnline.ag,2.5,123.0,BetRivers,3.5,270.0,theScore Bet,4.5,650.0,Fanatics,2.5,123.0,BetRivers,0.5,-155.0,theScore Bet,1.5,300.0,theScore Bet,2.5,1100.0,DraftKings,3.5,3500.0,Fanatics,0.5,-155.0,theScore Bet,0.5,125.0,BetOnline.ag,1.5,700.0,DraftKings,2.5,3000.0,Fanatics,,,,0.5,125.0,BetOnline.ag,0.5,215.0,BetRivers,,,,,,,,,,0.5,215.0,BetRivers,0.5,215.0,BetRivers,,,,,,,,,,0.5,215.0,BetRivers,The Odds API,"[""Bally Bet"", ""BetMGM"", ""BetRivers"", ""Bovada"", ""Caesars"", ""Courtside"", ""DraftKings"", ""FanDuel"", ""Fanatics"", ""betrivers""]",The Odds API,"[""Bally Bet"", ""BetMGM"", ""BetRivers"", ""Bovada"", ""Caesars"", ""Courtside"", ""DraftKings"", ""FanDuel"", ""Fanatics"", ""Fliff"", ""Hard Rock Bet"", ""fanduel"", ""theScore Bet""]",The Odds API,"[""Bally Bet"", ""BetOnline.ag"", ""BetRivers"", ""Bovada"", ""Courtside"", ""DraftKings"", ""FanDuel"", ""Fanatics"", ""Fliff"", ""Hard Rock Bet"", ""ReBet"", ""fanduel"", ""theScore Bet""]",The Odds API,"[""Bally Bet"", ""BetOnline.ag"", ""BetRivers"", ""Bovada"", ""Courtside"", ""DraftKings"", ""FanDuel"", ""Fanatics"", ""Fliff"", ""Hard Rock Bet"", ""ReBet"", ""draftkings"", ""theScore Bet""]",The Odds API,"[""Bally Bet"", ""BetOnline.ag"", ""BetRivers"", ""Bovada"", ""Caesars"", ""Courtside"", ""DraftKings"", ""FanDuel"", ""Fanatics"", ""Fliff"", ""Hard Rock Bet"", ""ReBet"", ""draftkings"", ""theScore Bet""]",0.5,205.0,BetRivers,1.5,700.0,Bovada,,,,,,,0.5,205.0,BetRivers,The Odds API,"[""Bally Bet"", ""BetRivers"", ""Bovada"", ""FanDuel"", ""Fliff"", ""Hard Rock Bet"", ""theScore Bet""]",ALTLINE_NB_v1_2026-01-18,2.5,123.0,BetRivers,exp/fallback,0.5,0.0211669780841146,2.1,0.4484304932735426,-95.27976388724244,-95.3,0.0982404443767041,9.8,-86.44057744914693,-86.4,0.0211669780841146,2.1,-95.27976388724244,-95.3,0.0040395411302058,0.4,-98.50536978182384,-98.5,0.0007092061669458,0.1,-99.46809537479064,-99.5,0.5,-155.0,theScore Bet,exp/fallback,1.476,0.695753516931142,69.6,0.6078431372549019,14.462675366091094,14.5,0.695753516931142,69.6,14.462675366091094,14.5,0.3996518361915701,40.0,59.86073447662802,59.9,0.2051337664824606,20.5,146.16051977895273,146.2,0.0978576795085062,9.8,252.2876462306224,252.3,0.5,125.0,BetOnline.ag,exp/fallback,0.89,0.521078531147855,52.1,0.4444444444444444,17.242669508267362,17.2,0.521078531147855,52.1,17.242669508267362,17.2,0.2261026783600286,22.6,80.8821426880229,80.9,0.0898422065704963,9.0,178.5108403685387,178.5,,,,,0.5,215.0,BetRivers,exp/fallback,0.2784,0.2319966826932251,23.2,0.3174603174603174,-26.92104495163408,-26.9,0.2319966826932251,23.2,-26.92104495163408,-26.9,,,,,,,,,,,,,0.5,215.0,BetRivers,exp/fallback,0.311775,0.2471529479392992,24.7,0.3174603174603174,-22.146821399120757,-22.1,0.2471529479392992,24.7,-22.146821399120757,-22.1,,,,,,,,,,,,,False,True,False,False,True,,,Active roster,2026-10-02T16:41:02+00:00,False,"[{""market"":""Points"",""name"":""Hammer Fists"",""kind"":""FLOOR"",""rule"":""Conf_Points >= 80"",""icon"":""PTS05_HAMMER_FISTS.svg"",""kit_version"":""2026-09-24-frozen-v2""},{""market"":""Points"",""name"":""Echo Stomp II"",""kind"":""TIER"",""rule"":""Conf_Points >= 80 + TOI_per_game >= 19.18"",""icon"":""PTS05_HAMMER_STOMP.svg"",""kit_version"":""2026-09-24-frozen-v2""},{""market"":""Points"",""name"":""Gaia’s Blessing"",""kind"":""TIER"",""rule"":""Conf_Points >= 80 + Assists_mu >= 0.746"",""icon"":""PTS05_GAIAS_BLESSING.svg"",""kit_version"":""2026-09-24-frozen-v2""},{""market"":""Points"",""name"":""Gaia’s Blessing+ (Press)"",""kind"":""HEAVY"",""rule"":""Conf_Points >= 81 + Assists_mu >= 0.746"",""icon"":""PTS05_GAIAS_BLESSING.svg"",""kit_version"":""2026-09-24-frozen-v2""},{""market"":""Points"",""name"":""Gaia’s Blessing++ (Smash)"",""kind"":""HEAVY"",""rule"":""Conf_Points >= 83 + Assists_mu >= 0.746"",""icon"":""PTS05_GAIAS_BLESSING.svg"",""kit_version"":""2026-09-24-frozen-v2""},{""market"":""Points"",""name"":""Blood Stomp"",""kind"":""CRIT"",""rule"":""Conf_Points >= 83 + TOI_per_game >= 19.18 + Opp_PK_xGA60 >= 7.784"",""icon"":""PTS05_BLEED_ENV.svg"",""kit_version"":""2026-09-24-frozen-v2""},{""market"":""Assists"",""name"":""Staff (Green Stance)"",""kind"":""STANCE"",""rule"":""Green + Assists 0.5"",""icon"":""staff.svg"",""kit_version"":""2026-09-24-frozen-v2""}]",2025-2026,,2026-09-24-frozen-v2,2026-10-02T16:41:05.426327+00:00
2026-10-02,NYR@DET,2026020017,5:30 PM,2026-10-02T22:30:00Z,Noah Laba,8483690,NYR,False,"{""season"":""2026-27"",""games"":[{""d"":""2026-10-01"",""g"":0,""a"":1,""s"":0,""pp"":0,""h"":""H"",""toi"":""16:14""},{""d"":""2026-09-29"",""g"":0,""a"":0,""s"":0,""pp"":0,""h"":""R"",""toi"":""12:56""}]}",2026-27,NYR,C,,Healthy,Unknown,,,1.0,0.0,,16.0,11.0,2026-10-02T16:40:41+00:00,DET,John Gibson,0.9014373716632444,2.7159277848214005,40.0,Likely,dailyfaceoff_name_and_stats,24.5,4.0,24.5,4.0,,71.4,60.9,A1+A2,13.47,34.6,60.4,1.04,NONE,False,False,23.53754892467431,2.258550120836825,15.0,5.9,18.0,3.6,True,,,0.0,,50.0,1.0,0.0,0.0,0.0,1.0,1.0,1.0,1.0,1.0,1.0,0.0,0.0,LOW,0.1,-0.4,LOW,0.05,,LOW,0.025,,LOW,0.1,,LOW,0.05,,LOW,0.025,,LOW,0.0,,LOW,0.0,,LOW,0.0,,1.2580081537565522,0.489225393127548,,,1.0,2.49659113736712,2.2285721313693254,50.0,50.1,54.7,50.1,3.86,1.75,,2.86,1.75,,HOT,WARM,COOL,2.11,1.11,COOL,Red,Red,Red,Red,54.0,55.0,57.0,52.0,GOAL,57.0,0.0,0.0,2.0,2.0,0.0,2.0,B,Hybrid,3.8,,90.9,,1.0,0.5105855855855855,37.78333333333333,0.5105855855855855,0.0379027269231412,3.8,3.8,4.311424790471989,2.286722540802823,2.382002646669608,8.75699777062175,7.999390243902439,90.9,67.5,False,,,,🥅 D:2,,False,False,1.0,,False,0.0,,False,0.0,,,,,,,,,,,,,,,,,0.5,225.0,DraftKings,1.5,1600.0,DraftKings,,,,,,,0.5,225.0,DraftKings,0.5,350.0,BetOnline.ag,1.5,2500.0,Fanatics,,,,,,,0.5,350.0,BetOnline.ag,0.5,800.0,BetRivers,,,,,,,,,,0.5,800.0,BetRivers,0.5,800.0,BetRivers,,,,,,,,,,0.5,800.0,BetRivers,The Odds API,"[""Bally Bet"", ""BetMGM"", ""BetRivers"", ""Bovada"", ""Caesars"", ""Courtside"", ""DraftKings"", ""FanDuel"", ""Fanatics"", ""betrivers""]",The Odds API,"[""Bally Bet"", ""BetMGM"", ""BetRivers"", ""Bovada"", ""Caesars"", ""Courtside"", ""DraftKings"", ""FanDuel"", ""Fanatics"", ""Fliff"", ""Hard Rock Bet"", ""theScore Bet""]",,,The Odds API,"[""BetOnline.ag"", ""Courtside"", ""DraftKings"", ""Fanatics"", ""ReBet"", ""draftkings""]",The Odds API,"[""DraftKings"", ""Fanatics""]",,,,,,,,,,,,,,,,,,ALTLINE_NB_v1_2026-01-18,,,,league_avg,2.3,,,,,,,,,,,,,,,,,,,,,,0.5,225.0,DraftKings,exp/fallback,0.386,0.303758916060596,30.4,0.3076923076923077,-1.278352280306294,-1.3,0.303758916060596,30.4,-1.278352280306294,-1.3,0.0669964648222821,6.7,13.89399019787968,13.9,,,,,,,,,0.5,350.0,BetOnline.ag,exp/fallback,0.211,0.1817566090030091,18.2,0.2222222222222222,-18.20952594864588,-18.2,0.1817566090030091,18.2,-18.20952594864588,-18.2,0.0255835149275999,2.6,-33.48286118824022,-33.5,,,,,,,,,0.5,800.0,BetRivers,exp/fallback,0.25,0.2120143890532294,21.2,0.1111111111111111,90.8129501479065,90.8,0.2120143890532294,21.2,90.8129501479065,90.8,,,,,,,,,,,,,0.5,800.0,BetRivers,exp/fallback,0.21875,0.1849706916520309,18.5,0.1111111111111111,66.47362248682785,66.5,0.1849706916520309,18.5,66.47362248682785,66.5,,,,,,,,,,,,,False,False,True,True,False,,,Active roster,2026-10-02T16:41:02+00:00,False,[],2025-2026,,2026-09-24-frozen-v2,2026-10-02T16:41:05.426327+00:00
2026-10-02,NYR@DET,2026020017,5:30 PM,2026-10-02T22:30:00Z,Oliver Bjorkstrand,8477416,TBL,True,"{""season"":""2026-27"",""games"":[{""d"":""2026-10-01"",""g"":0,""a"":1,""s"":1,""pp"":0,""h"":""H"",""toi"":""12:25""},{""d"":""2026-09-29"",""g"":0,""a"":0,""s"":4,""pp"":0,""h"":""R"",""toi"":""14:33""}]}",2026-27,NYR,R,,Healthy,Unknown,,,1.0,0.0,,16.0,11.0,2026-10-02T16:40:41+00:00,DET,John Gibson,0.9014373716632444,2.7159277848214005,40.0,Likely,dailyfaceoff_name_and_stats,24.5,4.0,24.5,4.0,,79.7,71.0,A1+A2,13.64,36.3,67.9,1.07,NONE,False,False,23.53754892467431,2.258550120836825,15.0,5.9,18.0,3.6,True,,,2.5,,50.0,1.0,0.0,5.0,0.0,1.0,1.0,1.0,1.0,1.0,1.0,5.0,5.0,LOW,0.1,-0.4,LOW,0.05,,LOW,0.025,,LOW,0.1,,LOW,0.05,,LOW,0.025,,LOW,0.5,,LOW,0.25,,LOW,0.125,,1.3136022704236772,0.8027569430366917,,,1.0,2.49659113736712,2.2285721313693254,50.0,50.1,56.2,50.1,4.84,2.16,,3.84,2.16,,HOT,WARM,COOL,2.68,1.68,WARM,Yellow,Yellow,Red,Yellow,63.0,60.0,62.0,59.0,POINTS,63.0,0.0,0.0,2.0,1.0,0.0,2.0,,Passenger,21.8,,90.9,,,2.9779166666666663,238.2333333333333,2.9779166666666663,0.2183823754086839,21.8,21.8,2.6715405065062265,1.6546802854344482,1.1963061424373864,8.75699777062175,7.999390243902439,90.9,82.8,False,,,,🅿️ D:0,,False,False,1.0,,False,0.0,,False,0.0,,1.5,110.0,Bovada,2.5,320.0,theScore Bet,3.5,900.0,Fanatics,4.5,800.0,BetOnline.ag,1.5,110.0,Bovada,0.5,148.0,BetRivers,1.5,800.0,DraftKings,2.5,3500.0,Fanatics,,,,0.5,148.0,BetRivers,0.5,250.0,BetOnline.ag,1.5,1700.0,BetOnline.ag,,,,,,,0.5,250.0,BetOnline.ag,0.5,425.0,DraftKings,,,,,,,,,,0.5,425.0,DraftKings,0.5,425.0,DraftKings,,,,,,,,,,0.5,425.0,DraftKings,The Odds API,"[""Bally Bet"", ""BetMGM"", ""BetRivers"", ""Bovada"", ""Caesars"", ""Courtside"", ""DraftKings"", ""FanDuel"", ""Fanatics"", ""fanatics""]",The Odds API,"[""Bally Bet"", ""BetMGM"", ""BetRivers"", ""Bovada"", ""Caesars"", ""Courtside"", ""DraftKings"", ""FanDuel"", ""Fanatics"", ""Fliff"", ""Hard Rock Bet"", ""theScore Bet""]",The Odds API,"[""Bally Bet"", ""BetOnline.ag"", ""BetRivers"", ""Bovada"", ""Courtside"", ""DraftKings"", ""FanDuel"", ""Fanatics"", ""Fliff"", ""Hard Rock Bet"", ""ReBet"", ""theScore Bet""]",The Odds API,"[""BetOnline.ag"", ""Courtside"", ""DraftKings"", ""Fanatics"", ""ReBet"", ""draftkings""]",The Odds API,"[""Bally Bet"", ""BetRivers"", ""DraftKings"", ""Fanatics"", ""draftkings""]",,,,,,,,,,,,,,,,,,ALTLINE_NB_v1_2026-01-18,1.5,110.0,Bovada,exp/fallback,0.5,0.0982404443767041,9.8,0.4761904761904761,-79.36950668089214,-79.4,0.0982404443767041,9.8,-79.36950668089214,-79.4,0.0211669780841146,2.1,-91.10986920467188,-91.1,0.0040395411302058,0.4,-95.96045886979412,-96.0,0.0007092061669458,0.1,-99.36171444974876,-99.4,0.5,148.0,BetRivers,exp/fallback,0.484,0.3605306340063462,36.1,0.4032258064516129,-10.588402766426142,-10.6,0.3605306340063462,36.1,-10.588402766426142,-10.6,0.095862280029154,9.6,-13.72394797376132,-13.7,0.0219208132561519,2.2,-21.0850722778531,-21.1,,,,,0.5,250.0,BetOnline.ag,exp/fallback,0.268,0.2223684169598339,22.2,0.2857142857142857,-22.171054064058136,-22.2,0.2223684169598339,22.2,-22.171054064058136,-22.2,0.0385895243189479,3.9,-30.538856225893763,-30.5,,,,,,,,,0.5,425.0,DraftKings,exp/fallback,0.1998,0.1748725426279482,17.5,0.1904761904761904,-8.191915120327153,-8.2,0.1748725426279482,17.5,-8.191915120327153,-8.2,,,,,,,,,,,,,0.5,425.0,DraftKings,exp/fallback,0.18405,0.159574470787757,16.0,0.1904761904761904,-16.22340283642758,-16.2,0.159574470787757,16.0,-16.22340283642758,-16.2,,,,,,,,,,,,,False,False,False,False,False,,,Active roster,2026-10-02T16:41:02+00:00,False,[],2025-2026,,2026-09-24-frozen-v2,2026-10-02T16:41:05.426327+00:00
2026-10-02,NYR@DET,2026020017,5:30 PM,2026-10-02T22:30:00Z,Pavel Dorofeyev,8481604,VGK,True,"{""season"":""2026-27"",""games"":[{""d"":""2026-10-01"",""g"":1,""a"":1,""s"":5,""pp"":1,""h"":""H"",""toi"":""13:44""},{""d"":""2026-09-29"",""g"":0,""a"":0,""s"":5,""pp"":0,""h"":""R"",""toi"":""15:49""}]}",2026-27,NYR,R,,Healthy,Unknown,,,1.0,0.0,,16.0,11.0,2026-10-02T16:40:41+00:00,DET,John Gibson,0.9014373716632444,2.7159277848214005,40.0,Likely,dailyfaceoff_name_and_stats,24.5,4.0,24.5,4.0,,97.6,82.2,A1+A2,17.6,73.2,87.3,1.15,NONE,False,False,23.53754892467431,2.258550120836825,15.0,5.9,18.0,3.6,True,,,5.0,,50.0,2.0,1.0,10.0,1.0,1.0,1.0,2.0,2.0,1.0,1.0,10.0,10.0,LOW,0.2,-0.3,LOW,0.1,,LOW,0.05,,LOW,0.1,,LOW,0.05,,LOW,0.025,,LOW,1.0,,LOW,0.5,,LOW,0.25,,1.727758113864059,0.5939168516407702,,,1.0,2.49659113736712,2.2285721313693254,50.0,50.1,66.0,50.1,8.91,4.75,,6.1,3.32,,HOT,HOT,COOL,4.16,2.78,HOT,Yellow,Yellow,Green,Yellow,74.0,73.0,75.0,72.0,GOAL,75.0,0.0,0.0,0.0,0.0,1.0,0.0,,Passenger,18.7,,90.9,,,3.2890243902439025,269.7,3.2890243902439025,0.1868289191123836,18.7,18.7,4.623470522803114,2.8743047830923247,2.057842046718576,8.75699777062175,7.999390243902439,90.9,87.5,True,,,,🥅 D:0,,False,False,2.0,,False,0.0,,False,0.0,,1.5,-350.0,theScore Bet,2.5,100.0,BetRivers,3.5,220.0,theScore Bet,4.5,450.0,FanDuel,2.5,100.0,BetRivers,0.5,-120.0,Fanatics,1.5,410.0,Fanatics,2.5,1700.0,Fanatics,3.5,1250.0,BetOnline.ag,0.5,-120.0,Fanatics,0.5,220.0,Hard Rock Bet,1.5,1400.0,DraftKings,2.5,3300.0,Bovada,,,,0.5,220.0,Hard Rock Bet,0.5,195.0,FanDuel,,,,,,,,,,0.5,195.0,FanDuel,0.5,195.0,FanDuel,,,,,,,,,,0.5,195.0,FanDuel,The Odds API,"[""Bally Bet"", ""BetMGM"", ""BetRivers"", ""Bovada"", ""Caesars"", ""Courtside"", ""DraftKings"", ""FanDuel"", ""Fanatics"", ""fanduel""]",The Odds API,"[""Bally Bet"", ""BetMGM"", ""BetRivers"", ""Bovada"", ""Caesars"", ""Courtside"", ""DraftKings"", ""FanDuel"", ""Fanatics"", ""Fliff"", ""Hard Rock Bet"", ""fanduel"", ""theScore Bet""]",The Odds API,"[""Bally Bet"", ""BetOnline.ag"", ""BetRivers"", ""Bovada"", ""Courtside"", ""DraftKings"", ""FanDuel"", ""Fanatics"", ""Fliff"", ""Hard Rock Bet"", ""ReBet"", ""fanduel"", ""theScore Bet""]",The Odds API,"[""Bally Bet"", ""BetOnline.ag"", ""BetRivers"", ""Bovada"", ""Courtside"", ""DraftKings"", ""FanDuel"", ""Fanatics"", ""Fliff"", ""Hard Rock Bet"", ""ReBet"", ""draftkings"", ""theScore Bet""]",The Odds API,"[""Bally Bet"", ""BetOnline.ag"", ""BetRivers"", ""Bovada"", ""Caesars"", ""Courtside"", ""DraftKings"", ""FanDuel"", ""Fanatics"", ""Fliff"", ""Hard Rock Bet"", ""ReBet"", ""draftkings"", ""theScore Bet""]",0.5,225.0,BetRivers,1.5,850.0,Bovada,,,,,,,0.5,225.0,BetRivers,The Odds API,"[""Bally Bet"", ""BetRivers"", ""Bovada"", ""FanDuel"", ""Fliff"", ""Hard Rock Bet"", ""theScore Bet""]",ALTLINE_NB_v1_2026-01-18,2.5,100.0,BetRivers,exp/fallback,1.0,0.0988799999999999,9.9,0.5,-80.224,-80.2,0.2627199999999999,26.3,-66.2217142857143,-66.2,0.0988799999999999,9.9,-80.224,-80.2,0.033344,3.3,-89.32991999999999,-89.3,0.0104064,1.0,-94.27647999999998,-94.3,0.5,-120.0,Fanatics,exp/fallback,0.891,0.5395440829589251,54.0,0.5454545454545454,-1.0835847908637342,-1.1,0.5395440829589251,54.0,-1.0835847908637342,-1.1,0.2268054146023312,22.7,15.67076144718894,15.7,0.0834286157180347,8.3,50.17150829246252,50.2,0.0282462810329096,2.8,-61.86752060557203,-61.9,0.5,220.0,Hard Rock Bet,exp/fallback,0.416,0.3147230384632253,31.5,0.3125,0.7113723082321166,0.7,0.3147230384632253,31.5,0.7113723082321166,0.7,0.0787336212452631,7.9,18.100431867894763,18.1,0.0177827121624781,1.8,-39.538778647574205,-39.5,,,,,0.5,195.0,FanDuel,exp/fallback,0.2774999999999999,0.2313743865872205,23.1,0.3389830508474576,-31.744555956769943,-31.7,0.2313743865872205,23.1,-31.744555956769943,-31.7,,,,,,,,,,,,,0.5,195.0,FanDuel,exp/fallback,0.3103125,0.2462365208614996,24.6,0.3389830508474576,-27.36022634585762,-27.4,0.2462365208614996,24.6,-27.36022634585762,-27.4,,,,,,,,,,,,,False,False,False,False,False,,,Active roster,2026-10-02T16:41:02+00:00,False,[],2025-2026,,2026-09-24-frozen-v2,2026-10-02T16:41:05.426327+00:00
2026-10-02,NYR@DET,2026020017,5:30 PM,2026-10-02T22:30:00Z,Scott Morrow,8482666,NYR,False,,2026-27,NYR,D,,Healthy,Unknown,,,1.0,0.0,,16.0,11.0,2026-10-02T16:40:41+00:00,DET,John Gibson,0.9014373716632444,2.7159277848214005,40.0,Likely,dailyfaceoff_name_and_stats,24.5,4.0,24.5,4.0,,20.1,37.3,A1+A2,15.67,55.2,33.1,0.94,NONE,False,False,23.53754892467431,2.258550120836825,15.0,5.9,18.0,3.6,True,,,,,50.0,,,,,,,,,,,,,,,,,,,,,,,,,,,,,,,,,,,,,,,,0.4415552557340856,0.1471850852446952,,,0.0,2.49659113736712,2.2285721313693254,50.0,50.1,36.1,50.1,2.21,0.27,,,,,COOL,COOL,COOL,1.94,,COOL,Red,Red,Red,Red,41.0,29.0,28.0,34.0,POINTS,41.0,,,,,,,C,Passenger,8.2,,90.9,,0.0,1.2810344827586206,37.15,1.2810344827586206,0.0817561619718309,8.2,8.2,2.6769851951547783,0.2745625841184388,2.826379542395693,8.75699777062175,7.999390243902439,90.9,77.7,False,,,,,,False,False,0.0,,False,0.0,,False,0.0,,,,,,,,,,,,,,,,,,,,,,,,,,,,,,,,,,,,,,,,,,,,,,,,,,,,,,,,,,,,,,,,,,,,,,,,,,,,,,,,,,,,,,,,,,,,,,,,,,,,,,,,ALTLINE_NB_v1_2026-01-18,,,,league_avg,2.3,,,,,,,,,,,,,,,,,,,,,,,,,exp/fallback,0.221,,,,,,,,,,,,,,,,,,,,,,,,,exp/fallback,0.194,,,,,,,,,,,,,,,,,,,,,,,,,exp/fallback,0.1908,,,,,,,,,,,,,,,,,,,,,,,,,exp/fallback,0.1225499999999999,,,,,,,,,,,,,,,,,,,,,,False,False,False,False,False,,,Active roster,2026-10-02T16:41:02+00:00,False,[],2025-2026,,2026-09-24-frozen-v2,2026-10-02T16:41:05.426327+00:00
2026-10-02,NYR@DET,2026020017,5:30 PM,2026-10-02T22:30:00Z,Sean Durzi,8480434,UTA,True,"{""season"":""2026-27"",""games"":[{""d"":""2026-10-01"",""g"":0,""a"":0,""s"":0,""pp"":0,""h"":""H"",""toi"":""20:54""},{""d"":""2026-09-29"",""g"":0,""a"":0,""s"":1,""pp"":0,""h"":""R"",""toi"":""23:15""}]}",2026-27,NYR,D,,Healthy,Unknown,,,1.0,0.0,,16.0,11.0,2026-10-02T16:40:41+00:00,DET,John Gibson,0.9014373716632444,2.7159277848214005,40.0,Likely,dailyfaceoff_name_and_stats,24.5,4.0,24.5,4.0,,49.9,74.9,A1+A2,19.26,81.7,65.0,1.06,NONE,False,False,23.53754892467431,2.258550120836825,15.0,5.9,18.0,3.6,True,,,0.5,,50.0,0.0,0.0,1.0,0.0,0.0,0.0,0.0,0.0,0.0,0.0,1.0,1.0,LOW,0.0,-0.5,LOW,0.0,,LOW,0.0,,LOW,0.0,,LOW,0.0,,LOW,0.0,,LOW,0.1,,LOW,0.05,,LOW,0.025,,1.2877629995772495,0.4682774543917271,,,0.0,2.49659113736712,2.2285721313693254,50.0,50.1,55.9,50.1,4.84,0.96,,4.84,0.96,,HOT,COOL,COOL,3.89,3.89,HOT,Yellow,Red,Red,Yellow,70.0,47.0,47.0,65.0,POINTS,70.0,2.0,2.0,2.0,2.0,0.0,2.0,,Passenger,6.6,,90.9,,,1.2641666666666669,75.85,1.2641666666666669,0.0656331122007499,6.6,6.6,3.3342122610415297,0.980883322346737,2.768622280817403,8.75699777062175,7.999390243902439,90.9,74.4,False,,,,🅿️ D:2,,False,False,1.0,,False,0.0,,False,0.0,,1.5,143.0,BetRivers,,,,,,,,,,1.5,143.0,BetRivers,0.5,190.0,Fanatics,1.5,1200.0,Fanatics,,,,,,,0.5,190.0,Fanatics,0.5,255.0,DraftKings,1.5,1700.0,Fanatics,,,,,,,0.5,255.0,DraftKings,0.5,900.0,DraftKings,,,,,,,,,,0.5,900.0,DraftKings,0.5,900.0,DraftKings,,,,,,,,,,0.5,900.0,DraftKings,The Odds API,"[""Bally Bet"", ""BetMGM"", ""BetRivers"", ""Bovada"", ""Caesars"", ""Courtside"", ""DraftKings"", ""FanDuel"", ""Fanatics"", ""fanatics""]",The Odds API,"[""Bally Bet"", ""BetMGM"", ""BetRivers"", ""Bovada"", ""Caesars"", ""Courtside"", ""DraftKings"", ""FanDuel"", ""Fanatics"", ""Fliff"", ""Hard Rock Bet"", ""theScore Bet""]",The Odds API,"[""Bally Bet"", ""BetRivers""]",The Odds API,"[""Bally Bet"", ""BetRivers"", ""DraftKings"", ""Fanatics"", ""draftkings""]",The Odds API,"[""Bally Bet"", ""BetRivers"", ""Courtside"", ""DraftKings"", ""Fanatics""]",,,,,,,,,,,,,,,,,,ALTLINE_NB_v1_2026-01-18,1.5,143.0,BetRivers,exp/fallback,0.1,0.0056639264392934,0.6,0.411522633744856,-98.62366587525167,-98.6,0.0056639264392934,0.6,-98.62366587525167,-98.6,,,,,,,,,,,,,0.5,190.0,Fanatics,exp/fallback,0.484,0.3605306340063462,36.1,0.3448275862068966,4.5538838618404025,4.6,0.3605306340063462,36.1,4.5538838618404025,4.6,0.095862280029154,9.6,24.62096403790032,24.6,,,,,,,,,0.5,255.0,DraftKings,exp/fallback,0.389,0.2991457813569622,29.9,0.2816901408450704,6.196752381721593,6.2,0.2991457813569622,29.9,6.196752381721593,6.2,0.0709061069725826,7.1,27.63099255064868,27.6,,,,,,,,,0.5,900.0,DraftKings,exp/fallback,0.1638,0.1467113179570499,14.7,0.1,46.711317957049936,46.7,0.1467113179570499,14.7,46.711317957049936,46.7,,,,,,,,,,,,,0.5,900.0,DraftKings,exp/fallback,0.12555,0.1136911370232609,11.4,0.1,13.691137023260946,13.7,0.1136911370232609,11.4,13.691137023260946,13.7,,,,,,,,,,,,,False,False,True,True,False,,,Active roster,2026-10-02T16:41:02+00:00,False,[],2025-2026,,2026-09-24-frozen-v2,2026-10-02T16:41:05.426327+00:00
2026-10-02,NYR@DET,2026020017,5:30 PM,2026-10-02T22:30:00Z,Tye Kartye,8481789,NYR,False,,2026-27,NYR,L,,Healthy,Unknown,,,1.0,0.0,,16.0,11.0,2026-10-02T16:40:41+00:00,DET,John Gibson,0.9014373716632444,2.7159277848214005,40.0,Likely,dailyfaceoff_name_and_stats,24.5,4.0,24.5,4.0,,51.5,58.4,A1+A2,11.96,24.2,48.4,0.99,NONE,False,False,23.53754892467431,2.258550120836825,15.0,5.9,18.0,3.6,True,,,,,50.0,,,,,,,,,,,,,,,,,,,,,,,,,,,,,,,,,,,,,,,,1.7893533475818877,0.715741339032755,,,0.0,2.49659113736712,2.2285721313693254,50.0,50.1,67.3,50.1,3.08,0.91,,,,,COOL,COOL,COOL,2.17,,COOL,Red,Red,Red,Red,52.0,44.0,44.0,49.0,POINTS,52.0,,,,,,,C,Passenger,0.3,,90.9,,0.0,0.0388020833333333,2.4833333333333334,0.0388020833333333,0.0032435021115416,0.3,0.3,0.4832214765100671,0.4832214765100671,0.0,8.75699777062175,7.999390243902439,90.9,38.0,False,,,,,,False,False,0.0,,False,0.0,,False,0.0,,,,,,,,,,,,,,,,,,,,,,,,,,,,,,,,,,,,,,,,,,,,,,,0.5,950.0,FanDuel,,,,,,,,,,0.5,950.0,FanDuel,0.5,950.0,FanDuel,,,,,,,,,,0.5,950.0,FanDuel,The Odds API,"[""Bally Bet"", ""BetMGM"", ""BetRivers"", ""Bovada"", ""Caesars"", ""Courtside"", ""DraftKings"", ""FanDuel"", ""Fanatics"", ""fanduel""]",The Odds API,"[""Bally Bet"", ""BetMGM"", ""BetRivers"", ""Bovada"", ""Caesars"", ""Courtside"", ""DraftKings"", ""FanDuel"", ""Fanatics"", ""Fliff"", ""Hard Rock Bet"", ""theScore Bet""]",,,,,,,,,,,,,,,,,,,,,,,,ALTLINE_NB_v1_2026-01-18,,,,league_avg,2.3,,,,,,,,,,,,,,,,,,,,,,,,,exp/fallback,0.308,,,,,,,,,,,,,,,,,,,,,,,,,exp/fallback,0.217,,,,,,,,,,,,,,,,,,,,,,0.5,950.0,FanDuel,exp/fallback,0.2163999999999999,0.1874207702211061,18.7,0.0952380952380952,96.79180873216148,96.8,0.1874207702211061,18.7,96.79180873216148,96.8,,,,,,,,,,,,,0.5,950.0,FanDuel,exp/fallback,0.16415,0.1444149520255159,14.4,0.0952380952380952,51.6356996267917,51.6,0.1444149520255159,14.4,51.6356996267917,51.6,,,,,,,,,,,,,False,False,True,True,False,,,Active roster,2026-10-02T16:41:02+00:00,False,[],2025-2026,,2026-09-24-frozen-v2,2026-10-02T16:41:05.426327+00:00
2026-10-02,NYR@DET,2026020017,5:30 PM,2026-10-02T22:30:00Z,Vincent Iorio,8482861,NYR,False,,2026-27,NYR,D,,Healthy,Unknown,,,1.0,0.0,,16.0,11.0,2026-10-02T16:40:41+00:00,DET,John Gibson,0.9014373716632444,2.7159277848214005,40.0,Likely,dailyfaceoff_name_and_stats,24.5,4.0,24.5,4.0,,18.3,28.5,A1+A2,15.74,56.2,29.4,0.94,NONE,False,False,23.53754892467431,2.258550120836825,15.0,5.9,18.0,3.6,True,,,,,50.0,,,,,,,,,,,,,,,,,,,,,,,,,,,,,,,,,,,,,,,,0.469157254561251,0.156385751520417,,,0.0,2.49659113736712,2.2285721313693254,50.0,50.1,36.8,50.1,1.26,0.22,,,,,COOL,COOL,COOL,1.04,,COOL,Red,Red,Red,Red,36.0,28.0,27.0,30.0,POINTS,36.0,,,,,,,C,Passenger,0.3,,90.9,,0.0,0.0524691358024691,1.4166666666666667,0.0524691358024691,0.0033341178316466,0.3,0.3,0.0,0.0,0.0,8.75699777062175,7.999390243902439,90.9,38.0,False,,,,,,False,False,0.0,,False,0.0,,False,0.0,,,,,,,,,,,,,,,,,,,,,,,,,,,,,,,,,,,,,,,,,,,,,,,,,,,,,,,,,,,,,,,,,,,,,,,,,,,,,,,,,,,,,,,,,,,,,,,,,,,,,,,,ALTLINE_NB_v1_2026-01-18,,,,league_avg,2.3,,,,,,,,,,,,,,,,,,,,,,,,,exp/fallback,0.126,,,,,,,,,,,,,,,,,,,,,,,,,exp/fallback,0.104,,,,,,,,,,,,,,,,,,,,,,,,,exp/fallback,0.1888,,,,,,,,,,,,,,,,,,,,,,,,,exp/fallback,0.1192999999999999,,,,,,,,,,,,,,,,,,,,,,False,False,False,False,False,,,Active roster,2026-10-02T16:41:02+00:00,False,[],2025-2026,,2026-09-24-frozen-v2,2026-10-02T16:41:05.426327+00:00
2026-10-02,NYR@DET,2026020017,5:30 PM,2026-10-02T22:30:00Z,Vladislav Gavrikov,8478882,NYR,False,"{""season"":""2026-27"",""games"":[{""d"":""2026-10-01"",""g"":0,""a"":0,""s"":0,""pp"":0,""h"":""H"",""toi"":""23:20""},{""d"":""2026-09-29"",""g"":0,""a"":0,""s"":1,""pp"":0,""h"":""R"",""toi"":""19:58""}]}",2026-27,NYR,D,,Healthy,Unknown,,,1.0,0.0,,16.0,11.0,2026-10-02T16:40:41+00:00,DET,John Gibson,0.9014373716632444,2.7159277848214005,40.0,Likely,dailyfaceoff_name_and_stats,24.5,4.0,24.5,4.0,,61.1,72.9,A1+A2,23.73,98.4,72.7,1.09,NONE,False,False,23.53754892467431,2.258550120836825,15.0,5.9,18.0,3.6,True,,,0.5,,50.0,0.0,0.0,1.0,0.0,0.0,0.0,0.0,0.0,0.0,0.0,1.0,1.0,LOW,0.0,-0.5,LOW,0.0,,LOW,0.0,,LOW,0.0,,LOW,0.0,,LOW,0.0,,LOW,0.1,,LOW,0.05,,LOW,0.025,,0.934375681315601,0.2242501635157442,,,0.0,2.49659113736712,2.2285721313693254,50.0,50.1,48.0,50.1,3.88,1.08,,3.88,1.08,,HOT,COOL,COOL,3.07,2.79,HOT,Yellow,Red,Red,Yellow,69.0,55.0,55.0,64.0,POINTS,69.0,2.0,2.0,2.0,2.0,0.0,2.0,B,Hybrid,3.9,,90.9,,1.0,0.933130081300813,76.51666666666667,0.933130081300813,0.0393307518333219,3.9,3.9,3.1561751252450447,1.489871487693313,1.960357220649096,8.75699777062175,7.999390243902439,90.9,65.9,False,,,,🅿️ D:2,,False,False,1.0,,False,0.0,,False,0.0,,1.5,155.0,BetRivers,2.5,475.0,theScore Bet,3.5,1300.0,Fanatics,4.5,2800.0,BetOnline.ag,1.5,155.0,BetRivers,0.5,255.0,BetRivers,1.5,1200.0,Fanatics,,,,,,,0.5,255.0,BetRivers,0.5,250.0,BetOnline.ag,1.5,1700.0,Fanatics,,,,,,,0.5,250.0,BetOnline.ag,0.5,1100.0,FanDuel,,,,,,,,,,0.5,1100.0,FanDuel,0.5,1100.0,FanDuel,,,,,,,,,,0.5,1100.0,FanDuel,The Odds API,"[""Bally Bet"", ""BetMGM"", ""BetRivers"", ""Bovada"", ""Caesars"", ""Courtside"", ""DraftKings"", ""FanDuel"", ""Fanatics"", ""fanduel""]",The Odds API,"[""Bally Bet"", ""BetMGM"", ""BetRivers"", ""Bovada"", ""Caesars"", ""Courtside"", ""DraftKings"", ""FanDuel"", ""Fanatics"", ""Fliff"", ""Hard Rock Bet"", ""theScore Bet""]",The Odds API,"[""Bally Bet"", ""BetOnline.ag"", ""BetRivers"", ""Bovada"", ""Courtside"", ""DraftKings"", ""Fanatics"", ""Fliff"", ""Hard Rock Bet"", ""ReBet"", ""theScore Bet""]",The Odds API,"[""BetOnline.ag"", ""DraftKings"", ""Fanatics"", ""ReBet"", ""draftkings""]",The Odds API,"[""Bally Bet"", ""BetRivers"", ""Courtside"", ""DraftKings"", ""Fanatics""]",,,,,,,,,,,,,,,,,,ALTLINE_NB_v1_2026-01-18,1.5,155.0,BetRivers,exp/fallback,0.1,0.0056639264392934,0.6,0.392156862745098,-98.55569875798017,-98.6,0.0056639264392934,0.6,-98.55569875798017,-98.6,0.0002745710270403,0.0,-99.84212165945182,-99.8,1.167564107673602e-05,0.0,-99.98365410249257,-100.0,1.0000000000287557e-06,0.0,-99.99709999999992,-100.0,0.5,255.0,BetRivers,exp/fallback,0.388,0.3049842069684537,30.5,0.2816901408450704,8.269393473801067,8.3,0.3049842069684537,30.5,8.269393473801067,8.3,0.0675602523142542,6.8,-12.171671991469513,-12.2,,,,,,,,,0.5,250.0,BetOnline.ag,exp/fallback,0.307,0.2484380193410719,24.8,0.2857142857142857,-13.046693230624829,-13.0,0.2484380193410719,24.8,-13.046693230624829,-13.0,0.0484124206741529,4.8,-12.85764278652466,-12.9,,,,,,,,,0.5,1100.0,FanDuel,exp/fallback,0.1674,0.1495874619293876,15.0,0.0833333333333333,79.5049543152652,79.5,0.1495874619293876,15.0,79.5049543152652,79.5,,,,,,,,,,,,,0.5,1100.0,FanDuel,exp/fallback,0.1314,0.1184635399371534,11.8,0.0833333333333333,42.1562479245841,42.2,0.1184635399371534,11.8,42.1562479245841,42.2,,,,,,,,,,,,,False,False,True,True,False,,,Active roster,2026-10-02T16:41:02+00:00,False,[],2025-2026,,2026-09-24-frozen-v2,2026-10-02T16:41:05.426327+00:00
2026-10-02,NYR@DET,2026020017,5:30 PM,2026-10-02T22:30:00Z,Will Cuylle,8482157,NYR,False,"{""season"":""2026-27"",""games"":[{""d"":""2026-10-01"",""g"":0,""a"":0,""s"":3,""pp"":0,""h"":""H"",""toi"":""14:12""},{""d"":""2026-09-29"",""g"":0,""a"":0,""s"":3,""pp"":0,""h"":""R"",""toi"":""15:03""}]}",2026-27,NYR,L,,Healthy,Unknown,,,1.0,0.0,,16.0,11.0,2026-10-02T16:40:41+00:00,DET,John Gibson,0.9014373716632444,2.7159277848214005,40.0,Likely,dailyfaceoff_name_and_stats,24.5,4.0,24.5,4.0,,91.7,68.0,A1+A2,16.86,67.0,78.5,1.11,NONE,False,False,23.53754892467431,2.258550120836825,15.0,5.9,18.0,3.6,True,,,3.0,,50.0,0.0,0.0,6.0,0.0,0.0,0.0,0.0,0.0,0.0,0.0,6.0,6.0,LOW,0.0,-0.5,LOW,0.0,,LOW,0.0,,LOW,0.0,,LOW,0.0,,LOW,0.0,,LOW,0.6,,LOW,0.3,,LOW,0.15,,1.3270258647170854,0.6635129323585427,,,0.0,2.49659113736712,2.2285721313693254,50.0,50.1,56.4,50.1,5.64,3.19,,5.64,3.19,,HOT,HOT,COOL,2.45,2.45,WARM,Red,Yellow,Yellow,Red,65.0,69.0,74.0,63.0,GOAL,74.0,2.0,2.0,2.0,0.0,0.0,2.0,B,Hybrid,8.0,,90.9,,1.0,1.3556910569105691,111.16666666666669,1.3556910569105691,0.0804224893593932,8.0,8.0,4.456821589205397,2.736431784107946,2.023988005997001,8.75699777062175,7.999390243902439,90.9,73.3,False,,,,🥅 D:2,,False,False,1.0,,False,0.0,,False,0.0,,1.5,-112.0,BetRivers,2.5,270.0,theScore Bet,3.5,750.0,Fanatics,4.5,2200.0,Fanatics,1.5,-112.0,BetRivers,0.5,180.0,BetRivers,1.5,900.0,Fanatics,,,,,,,0.5,180.0,BetRivers,0.5,320.0,Fanatics,1.5,2800.0,Fanatics,,,,,,,0.5,320.0,Fanatics,0.5,380.0,theScore Bet,,,,,,,,,,0.5,380.0,theScore Bet,0.5,360.0,BetRivers,,,,,,,,,,0.5,360.0,BetRivers,The Odds API,"[""Bally Bet"", ""BetMGM"", ""BetRivers"", ""Bovada"", ""Caesars"", ""Courtside"", ""DraftKings"", ""FanDuel"", ""Fanatics"", ""betrivers""]",The Odds API,"[""Bally Bet"", ""BetMGM"", ""BetRivers"", ""Bovada"", ""Caesars"", ""Courtside"", ""DraftKings"", ""FanDuel"", ""Fanatics"", ""Fliff"", ""Hard Rock Bet"", ""theScore Bet""]",The Odds API,"[""Bally Bet"", ""BetOnline.ag"", ""BetRivers"", ""Bovada"", ""Courtside"", ""DraftKings"", ""Fanatics"", ""Fliff"", ""Hard Rock Bet"", ""ReBet"", ""theScore Bet""]",The Odds API,"[""BetOnline.ag"", ""Courtside"", ""DraftKings"", ""Fanatics"", ""ReBet"", ""draftkings""]",The Odds API,"[""Bally Bet"", ""BetRivers"", ""DraftKings"", ""Fanatics"", ""draftkings""]",,,,,,,,,,,,,,,,,,ALTLINE_NB_v1_2026-01-18,1.5,-112.0,BetRivers,exp/fallback,0.6000000000000001,0.1299407132279931,13.0,0.5283018867924528,-75.40407928184415,-75.4,0.1299407132279931,13.0,-75.40407928184415,-75.4,0.0326670041478929,3.3,-87.91320846527961,-87.9,0.0072912539530841,0.7,-93.80243413987846,-93.8,0.0014989631477473,0.1,-96.55238476018113,-96.6,0.5,180.0,BetRivers,exp/fallback,0.564,0.4023330030683195,40.2,0.3571428571428571,12.653240859129475,12.7,0.4023330030683195,40.2,12.653240859129475,12.7,0.1208195687360431,12.1,20.81956873604316,20.8,,,,,,,,,0.5,320.0,Fanatics,exp/fallback,0.245,0.2063531430895679,20.6,0.238095238095238,-13.331679902381444,-13.3,0.2063531430895679,20.6,-13.331679902381444,-13.3,0.0331295529398523,3.3,-3.9242964744282895,-3.9,,,,,,,,,0.5,380.0,theScore Bet,exp/fallback,0.2307,0.1980172152773237,19.8,0.2083333333333333,-4.95173666688461,-5.0,0.1980172152773237,19.8,-4.95173666688461,-5.0,,,,,,,,,,,,,0.5,360.0,BetRivers,exp/fallback,0.2342625,0.1959171785982543,19.6,0.217391304347826,-9.878097844803014,-9.9,0.1959171785982543,19.6,-9.878097844803014,-9.9,,,,,,,,,,,,,False,True,False,False,False,,,Active roster,2026-10-02T16:41:02+00:00,False,[],2025-2026,,2026-09-24-frozen-v2,2026-10-02T16:41:05.426327+00:00
2026-10-02,STL@DAL,2026020020,8:00 PM,2026-10-03T01:00:00Z,Arttu Hyry,8484938,DAL,False,,2026-27,DAL,R,,Healthy,Unknown,,,0.0,0.0,,16.0,11.0,2026-10-02T16:40:41+00:00,STL,Joel Hofer,0.9088729016786572,2.606061760615701,26.7,Likely,dailyfaceoff_name_and_stats,23.5,4.0,23.5,4.0,,33.8,24.0,A1+A2,11.78,22.2,28.1,0.94,NONE,False,False,23.304187303758766,2.359048317579094,4.7,36.4,8.0,2.0,True,,,,,50.0,,,,,,,,,,,,,,,,,,,,,,,,,,,,,,,,,,,,,,,,1.2658227848101269,0.3164556962025316,,,0.0,2.4044759781066287,2.4228664098925603,50.0,52.9,54.9,52.9,2.23,1.29,,,,,COOL,COOL,COOL,0.94,,COOL,Red,Red,Red,Red,32.0,35.0,33.0,29.0,SOG,35.0,,,,,,,C,Passenger,0.4,,64.5,,0.0,0.0466666666666666,0.9333333333333332,0.0466666666666666,0.0039629184063406,0.4,0.4,0.0,0.0,0.0,8.800749866095341,6.865935318421427,64.5,32.1,False,,,,,,False,False,0.0,,False,0.0,,False,0.0,,,,,,,,,,,,,,,,,,,,,,,,,,,,,,,,,,,,,,,,,,,,,,,0.5,725.0,FanDuel,,,,,,,,,,0.5,725.0,FanDuel,0.5,750.0,fanduel,,,,,,,,,,0.5,750.0,fanduel,BallDontLie,"[""Bally Bet"", ""BetMGM"", ""BetRivers"", ""Bovada"", ""Caesars"", ""Courtside"", ""DraftKings"", ""FanDuel"", ""Fanatics"", ""fanduel""]",The Odds API,"[""Bally Bet"", ""BetMGM"", ""BetRivers"", ""Bovada"", ""Caesars"", ""Courtside"", ""DraftKings"", ""FanDuel"", ""Fanatics"", ""Fliff"", ""Hard Rock Bet"", ""theScore Bet""]",,,,,,,,,,,,,,,,,,,,,,,,ALTLINE_NB_v1_2026-01-18,,,,league_avg,2.3,,,,,,,,,,,,,,,,,,,,,,,,,exp/fallback,0.223,,,,,,,,,,,,,,,,,,,,,,,,,exp/fallback,0.094,,,,,,,,,,,,,,,,,,,,,,0.5,725.0,FanDuel,exp/fallback,0.2316,0.1986776397148101,19.9,0.1212121212121212,63.90905276471835,63.9,0.1986776397148101,19.9,63.90905276471835,63.9,,,,,,,,,,,,,0.5,750.0,fanduel,exp/fallback,0.18885,0.1631647750925625,16.3,0.1176470588235294,38.69005882867816,38.7,0.1631647750925625,16.3,38.69005882867816,38.7,,,,,,,,,,,,,False,False,True,True,False,,,Active roster,2026-10-02T16:41:02+00:00,False,[],2025-2026,,2026-09-24-frozen-v2,2026-10-02T16:41:05.426327+00:00
2026-10-02,STL@DAL,2026020020,8:00 PM,2026-10-03T01:00:00Z,Colin Blackwell,8476278,DAL,False,,2026-27,DAL,C,,Healthy,Unknown,,,0.0,0.0,,16.0,11.0,2026-10-02T16:40:41+00:00,STL,Joel Hofer,0.9088729016786572,2.606061760615701,26.7,Likely,dailyfaceoff_name_and_stats,23.5,4.0,23.5,4.0,,57.9,51.9,A1+A2,11.89,23.2,48.8,1.0,NONE,False,False,23.304187303758766,2.359048317579094,4.7,36.4,8.0,2.0,True,,,,,50.0,,,,,,,,,,,,,,,,,,,,,,,,,,,,,,,,,,,,,,,,1.2323039683121837,0.6161519841560918,,,0.0,2.4044759781066287,2.4228664098925603,50.0,52.9,54.6,52.9,2.62,1.06,,,,,COOL,COOL,COOL,1.56,,COOL,Red,Red,Red,Red,46.0,48.0,47.0,44.0,SOG,48.0,,,,,,,C,Passenger,0.1,,64.5,,0.0,0.0083333333333333,0.5833333333333334,0.0083333333333333,0.0007007147290236,0.1,0.1,0.0,0.0,0.0,8.800749866095341,6.865935318421427,64.5,25.4,False,,,,,,False,False,0.0,,False,0.0,,False,0.0,,,,,,,,,,,,,,,,,,,,,,,,,,,,,,,,,,,,,,,,,,,,,,,,,,,,,,,,,,,,,,,,,,,,,,,,,,,,,,,,,,,,,,,,,,,,,,,,,,,,,,,,ALTLINE_NB_v1_2026-01-18,,,,league_avg,2.3,,,,,,,,,,,,,,,,,,,,,,,,,exp/fallback,0.262,,,,,,,,,,,,,,,,,,,,,,,,,exp/fallback,0.156,,,,,,,,,,,,,,,,,,,,,,,,,exp/fallback,0.2224,,,,,,,,,,,,,,,,,,,,,,,,,exp/fallback,0.1739,,,,,,,,,,,,,,,,,,,,,,False,False,False,False,False,,,Active roster,2026-10-02T16:41:02+00:00,False,[],2025-2026,,2026-09-24-frozen-v2,2026-10-02T16:41:05.426327+00:00
2026-10-02,STL@DAL,2026020020,8:00 PM,2026-10-03T01:00:00Z,Esa Lindell,8476902,DAL,False,"{""season"":""2026-27"",""games"":[]}",2026-27,DAL,D,,Healthy,Unknown,,,0.0,0.0,,16.0,11.0,2026-10-02T16:40:41+00:00,STL,Joel Hofer,0.9088729016786572,2.606061760615701,26.7,Likely,dailyfaceoff_name_and_stats,23.5,4.0,23.5,4.0,4.7,56.9,80.9,A1+A2,23.23,97.1,73.3,1.09,NONE,False,False,23.304187303758766,2.359048317579094,4.7,36.4,8.0,2.0,True,1.0,1.25,1.8,1.28,37.5,1.0,0.0,9.0,0.0,1.0,1.0,1.0,1.0,1.0,1.0,9.0,9.0,LOW,0.1,-0.4,LOW,0.05,,LOW,0.025,,LOW,0.1,,LOW,0.05,,LOW,0.025,,LOW,0.9,,LOW,0.45,,LOW,0.225,,0.945982999725802,0.3290375651220181,,,1.0,2.4044759781066287,2.4228664098925603,50.0,52.9,48.4,52.9,4.44,0.97,12.8,3.44,0.97,3.8,HOT,COOL,HOT,3.82,2.47,WARM,Yellow,Red,Red,Yellow,76.0,51.0,54.0,68.0,POINTS,76.0,4.0,4.0,6.0,2.0,1.0,4.0,C,Passenger,3.1,,64.5,,0.0,0.7170731707317073,58.8,0.7170731707317073,0.0308620915890303,3.1,3.1,1.5280612244897958,0.8775510204081632,0.7653061224489796,8.800749866095341,6.865935318421427,64.5,49.6,False,,,,🅿️ D:4,,False,False,1.0,,False,0.0,,False,0.0,,,,,,,,,,,,,,,,,0.5,275.0,BetRivers,,,,,,,,,,0.5,275.0,BetRivers,,,,,,,,,,,,,,,,0.5,1200.0,FanDuel,,,,,,,,,,0.5,1200.0,FanDuel,0.5,1200.0,FanDuel,,,,,,,,,,0.5,1200.0,FanDuel,The Odds API,"[""Bally Bet"", ""BetMGM"", ""BetRivers"", ""Bovada"", ""Caesars"", ""Courtside"", ""DraftKings"", ""FanDuel"", ""Fanatics"", ""fanduel""]",The Odds API,"[""Bally Bet"", ""BetMGM"", ""BetRivers"", ""Bovada"", ""Caesars"", ""Courtside"", ""DraftKings"", ""FanDuel"", ""Fanatics"", ""Fliff"", ""Hard Rock Bet"", ""theScore Bet""]",,,,,The Odds API,"[""Bally Bet"", ""BetRivers""]",,,,,,,,,,,,,,,,,,ALTLINE_NB_v1_2026-01-18,,,,exp/fallback,1.28,,,,,,,,,,,,,,,,,,,,,,0.5,275.0,BetRivers,exp/fallback,0.444,0.3381422226063955,33.8,0.2666666666666666,26.803333477398304,26.8,0.3381422226063955,33.8,26.803333477398304,26.8,,,,,,,,,,,,,,,,exp/fallback,0.382,,,,,,,,,,,,,,,,,,,,,,0.5,1200.0,FanDuel,exp/fallback,0.1641,0.1469515163217318,14.7,0.0769230769230769,91.03697121825142,91.0,0.1469515163217318,14.7,91.03697121825142,91.0,,,,,,,,,,,,,0.5,1200.0,FanDuel,exp/fallback,0.1260375,0.114090463916052,11.4,0.0769230769230769,48.31760309086766,48.3,0.114090463916052,11.4,48.31760309086766,48.3,,,,,,,,,,,,,False,True,True,True,False,4.7,,Active roster,2026-10-02T16:41:02+00:00,False,[],2025-2026,,2026-09-24-frozen-v2,2026-10-02T16:41:05.426327+00:00
2026-10-02,STL@DAL,2026020020,8:00 PM,2026-10-03T01:00:00Z,Jamie Benn,8473994,DAL,False,"{""season"":""2026-27"",""games"":[]}",2026-27,DAL,L,,Healthy,Unknown,,,0.0,0.0,,16.0,11.0,2026-10-02T16:40:41+00:00,STL,Joel Hofer,0.9088729016786572,2.606061760615701,26.7,Likely,dailyfaceoff_name_and_stats,23.5,4.0,23.5,4.0,4.7,69.0,72.9,A1+A2,13.29,33.3,63.3,1.05,NONE,False,False,23.304187303758766,2.359048317579094,4.7,36.4,8.0,2.0,True,1.0,1.0,1.4,1.14,30.1,0.0,0.0,8.0,0.0,0.0,0.0,0.0,0.0,0.0,0.0,8.0,8.0,LOW,0.0,-0.5,LOW,0.0,,LOW,0.0,,LOW,0.0,,LOW,0.0,,LOW,0.0,,LOW,0.8,,LOW,0.4,,LOW,0.2,,2.37908752692383,0.7049148227922459,,,0.0,2.4044759781066287,2.4228664098925603,50.0,52.9,73.0,52.9,5.65,1.97,11.4,5.65,1.97,3.4,HOT,WARM,HOT,3.69,3.69,HOT,Yellow,Red,Red,Yellow,73.0,51.0,57.0,68.0,POINTS,73.0,6.0,6.0,6.0,1.0,0.0,6.0,B,Distributor,10.7,,64.5,,1.0,1.4158333333333333,84.95,1.4158333333333333,0.1065404151251019,10.7,10.7,3.132430841671572,1.0311948204826369,2.472042377869335,8.800749866095341,6.865935318421427,64.5,69.9,False,,,,🅿️ D:6,,False,False,1.0,,False,0.0,,False,0.0,,1.5,130.0,BetRivers,,,,,,,,,,1.5,130.0,BetRivers,0.5,220.0,BetRivers,,,,,,,,,,0.5,220.0,BetRivers,,,,,,,,,,,,,,,,0.5,430.0,BetRivers,,,,,,,,,,0.5,430.0,BetRivers,0.5,430.0,BetRivers,,,,,,,,,,0.5,430.0,BetRivers,The Odds API,"[""Bally Bet"", ""BetMGM"", ""BetRivers"", ""Bovada"", ""Caesars"", ""Courtside"", ""DraftKings"", ""FanDuel"", ""Fanatics"", ""fanatics""]",The Odds API,"[""Bally Bet"", ""BetMGM"", ""BetRivers"", ""Bovada"", ""Caesars"", ""Courtside"", ""DraftKings"", ""FanDuel"", ""Fanatics"", ""Fliff"", ""Hard Rock Bet"", ""theScore Bet""]",The Odds API,"[""Bally Bet"", ""BetRivers""]",,,The Odds API,"[""Bally Bet"", ""BetRivers""]",,,,,,,,,,,,,,,,,,ALTLINE_NB_v1_2026-01-18,1.5,130.0,BetRivers,exp/fallback,1.14,0.3078565639720687,30.8,0.4347826086956521,-29.19299028642419,-29.2,0.3078565639720687,30.8,-29.19299028642419,-29.2,,,,,,,,,,,,,0.5,220.0,BetRivers,exp/fallback,0.5650000000000001,0.4028318591219647,40.3,0.3125,28.90619491902872,28.9,0.4028318591219647,40.3,28.90619491902872,28.9,,,,,,,,,,,,,,,,exp/fallback,0.369,,,,,,,,,,,,,,,,,,,,,,0.5,430.0,BetRivers,exp/fallback,0.1941,0.1705012384619021,17.1,0.1886792452830188,-9.634343615191876,-9.6,0.1705012384619021,17.1,-9.634343615191876,-9.6,,,,,,,,,,,,,0.5,430.0,BetRivers,exp/fallback,0.1747874999999999,0.1525740400136029,15.3,0.1886792452830188,-19.135758792790423,-19.1,0.1525740400136029,15.3,-19.135758792790423,-19.1,,,,,,,,,,,,,False,True,False,False,False,4.7,,Active roster,2026-10-02T16:41:02+00:00,False,[],2025-2026,,2026-09-24-frozen-v2,2026-10-02T16:41:05.426327+00:00
2026-10-02,STL@DAL,2026020020,8:00 PM,2026-10-03T01:00:00Z,Jason Robertson,8480027,DAL,False,"{""season"":""2026-27"",""games"":[]}",2026-27,DAL,L,👑 ELITE,Healthy,Unknown,,,0.0,0.0,,16.0,11.0,2026-10-02T16:40:41+00:00,STL,Joel Hofer,0.9088729016786572,2.606061760615701,26.7,Likely,dailyfaceoff_name_and_stats,23.5,4.0,23.5,4.0,23.3,99.7,97.3,A1+A2,20.25,86.9,96.3,1.26,ELITE,True,False,23.304187303758766,2.359048317579094,4.7,36.4,8.0,2.0,True,5.0,5.25,4.8,4.93,100.0,8.0,5.0,30.0,4.0,3.0,3.0,8.0,8.0,3.0,3.0,30.0,30.0,GOOD,0.8,-0.7,LOW,0.4,,LOW,0.2,,LOW,0.3,,LOW,0.15,,LOW,0.075,,GOOD,3.0,,LOW,1.5,,LOW,0.75,,2.1890284203569066,0.5710508922670192,,,3.0,2.4044759781066287,2.4228664098925603,50.0,52.9,71.7,52.9,18.35,7.8,66.56,5.59,0.78,19.3,HOT,COOL,HOT,10.54,4.81,HOT,Green,Green,Green,Green,85.0,88.0,90.0,83.0,GOAL,90.0,1.0,1.0,1.0,1.0,5.0,1.0,A,Distributor,18.2,,64.5,,2.0,3.683130081300813,302.01666666666665,3.683130081300813,0.1818555873350393,18.2,18.2,5.253186910214668,2.002538491253242,3.8242922576016776,8.800749866095341,6.865935318421427,64.5,86.9,True,,,,🥅 D:1,,False,False,2.0,,False,0.0,,False,0.0,,1.5,-700.0,DraftKings,2.5,-233.0,BetOnline.ag,3.5,105.0,theScore Bet,4.5,215.0,Fanatics,3.5,105.0,theScore Bet,0.5,-204.0,BetOnline.ag,1.5,186.0,FanDuel,2.5,630.0,FanDuel,3.5,1900.0,Fanatics,1.5,186.0,FanDuel,0.5,-110.0,Hard Rock Bet,1.5,500.0,Bovada,2.5,1900.0,Fanatics,,,,0.5,-110.0,Hard Rock Bet,0.5,145.0,DraftKings,,,,,,,,,,0.5,145.0,DraftKings,0.5,145.0,DraftKings,,,,,,,,,,0.5,145.0,DraftKings,The Odds API,"[""Bally Bet"", ""BetMGM"", ""BetRivers"", ""Bovada"", ""Caesars"", ""Courtside"", ""DraftKings"", ""FanDuel"", ""Fanatics"", ""betrivers""]",The Odds API,"[""Bally Bet"", ""BetMGM"", ""BetRivers"", ""Bovada"", ""Caesars"", ""Courtside"", ""DraftKings"", ""FanDuel"", ""Fanatics"", ""Fliff"", ""Hard Rock Bet"", ""fanduel"", ""theScore Bet""]",The Odds API,"[""Bally Bet"", ""BetOnline.ag"", ""BetRivers"", ""Bovada"", ""Courtside"", ""DraftKings"", ""FanDuel"", ""Fanatics"", ""Fliff"", ""Hard Rock Bet"", ""ReBet"", ""fanduel"", ""theScore Bet""]",The Odds API,"[""Bally Bet"", ""BetOnline.ag"", ""BetRivers"", ""Bovada"", ""Courtside"", ""DraftKings"", ""FanDuel"", ""Fanatics"", ""Fliff"", ""Hard Rock Bet"", ""ReBet"", ""draftkings"", ""theScore Bet""]",The Odds API,"[""Bally Bet"", ""BetOnline.ag"", ""BetRivers"", ""Bovada"", ""Caesars"", ""Courtside"", ""DraftKings"", ""FanDuel"", ""Fanatics"", ""Fliff"", ""Hard Rock Bet"", ""ReBet"", ""draftkings"", ""theScore Bet""]",0.5,140.0,BetRivers,1.5,450.0,Bovada,,,,,,,0.5,140.0,BetRivers,The Odds API,"[""Bally Bet"", ""BetRivers"", ""Bovada"", ""FanDuel"", ""Fliff"", ""Hard Rock Bet"", ""theScore Bet""]",ALTLINE_NB_v1_2026-01-18,3.5,105.0,theScore Bet,exp/fallback,6.656000000000001,0.7563019893186524,75.6,0.4878048780487805,55.04190781032376,55.0,0.9305383956657284,93.1,6.3472452189403725,6.3,0.8530741455808467,85.3,21.92003883194075,21.9,0.7563019893186524,75.6,55.04190781032376,55.0,0.6505210137047223,65.1,104.91411931698748,104.9,1.5,186.0,FanDuel,exp/fallback,1.835,0.4868363656120197,48.7,0.3496503496503496,39.23520056503765,39.2,0.7576409580635097,75.8,12.903358456523016,12.9,0.4868363656120197,48.7,39.23520056503765,39.2,0.282588937799429,28.3,106.28992459358322,106.3,0.1532643625598946,15.3,206.52872511978924,206.5,0.5,-110.0,Hard Rock Bet,exp/fallback,1.0539999999999998,0.5711336952107213,57.1,0.5238095238095238,9.034614540228612,9.0,0.5711336952107213,57.1,9.034614540228612,9.0,0.2751120283817103,27.5,65.06721702902621,65.1,0.121867020111682,12.2,143.7340402233641,143.7,,,,,0.5,145.0,DraftKings,exp/fallback,0.492,0.3618157987372288,36.2,0.4081632653061224,-11.355129309378942,-11.4,0.3618157987372288,36.2,-11.355129309378942,-11.4,,,,,,,,,,,,,0.5,145.0,DraftKings,exp/fallback,0.612,0.402636880941263,40.3,0.4081632653061224,-1.3539641693905535,-1.4,0.402636880941263,40.3,-1.3539641693905535,-1.4,,,,,,,,,,,,,True,True,False,False,False,23.3,,Active roster,2026-10-02T16:41:02+00:00,False,"[{""market"":""Points"",""name"":""DPS Tank stance"",""kind"":""STANCE"",""rule"":""Conf_Points >= 75"",""icon"":""PTS15_TWO_HANDED_HAMMER.svg"",""kit_version"":""2026-09-24-frozen-v2""},{""market"":""Assists"",""name"":""Staff (Green Stance)"",""kind"":""STANCE"",""rule"":""Green + Assists 0.5"",""icon"":""staff.svg"",""kit_version"":""2026-09-24-frozen-v2""},{""market"":""Assists"",""name"":""Staff Awakened"",""kind"":""STANCE"",""rule"":""Green + Assists 0.5 + Conf_Assists ≥ 83"",""icon"":""staff.svg"",""kit_version"":""2026-09-24-frozen-v2""},{""market"":""Assists"",""name"":""Assist Dagger"",""kind"":""VOLUME"",""rule"":""Green + Assists 0.5 + Conf_Assists ≥ 83 + Assist_Dagger ≥ 86"",""icon"":""magic-dagger.svg"",""kit_version"":""2026-09-24-frozen-v2""},{""market"":""SOG"",""name"":""Sniper Stance"",""kind"":""STANCE"",""rule"":""Green + SOG 3.5 + Conf_SOG >= 75"",""icon"":""sog_class_shooter.svg"",""kit_version"":""2026-09-24-frozen-v2""},{""market"":""SOG"",""name"":""Strong"",""kind"":""FLOOR"",""rule"":""PPP10_total >= 3 + opp_5v5_HDCA60 >= 2.36"",""icon"":""sog_berserkers_rage.svg"",""kit_version"":""2026-09-24-frozen-v2""},{""market"":""SOG"",""name"":""Permission Special"",""kind"":""SUPPORT"",""rule"":""Best_Conf >= 89 + opp_5v5_HDCA60 >= 2.36"",""icon"":""sog_env_paralysis.svg"",""kit_version"":""2026-09-24-frozen-v2""},{""market"":""SOG"",""name"":""Enhanced Enraged"",""kind"":""SPECIAL"",""rule"":""Strong + Assists_Model% >= 56.3"",""icon"":""sog_enhanced_enraged_1.svg"",""kit_version"":""2026-09-24-frozen-v2""},{""market"":""SOG"",""name"":""Sniper Crit"",""kind"":""CRIT"",""rule"":""Strong + Assists_Model% >= 56.3 + SOG share >= 19"",""icon"":""sog_elite_enraged_strike.svg"",""kit_version"":""2026-09-24-frozen-v2""},{""market"":""Goal"",""name"":""Base Attack"",""kind"":""BASE ATTACK"",""rule"":""Goal_mu >= 0.4048"",""icon"":""base.svg"",""kit_version"":""2026-09-24-frozen-v2""}]",2025-2026,,2026-09-24-frozen-v2,2026-10-02T16:41:05.426327+00:00
2026-10-02,STL@DAL,2026020020,8:00 PM,2026-10-03T01:00:00Z,Joel Kiviranta,8481641,COL,True,,2026-27,DAL,L,,Healthy,Unknown,,,0.0,0.0,,16.0,11.0,2026-10-02T16:40:41+00:00,STL,Joel Hofer,0.9088729016786572,2.606061760615701,26.7,Likely,dailyfaceoff_name_and_stats,23.5,4.0,23.5,4.0,,53.4,37.3,A1+A2,10.37,10.8,39.2,0.96,NONE,False,False,23.304187303758766,2.359048317579094,4.7,36.4,8.0,2.0,True,,,,,50.0,,,,,,,,,,,,,,,,,,,,,,,,,,,,,,,,,,,,,,,,1.1630411371957785,0.2584535860435064,,,0.0,2.4044759781066287,2.4228664098925603,50.0,52.9,52.8,52.9,2.3,1.18,,,,,COOL,COOL,COOL,1.13,,COOL,Red,Red,Red,Red,37.0,44.0,44.0,35.0,SOG,44.0,,,,,,,,Passenger,0.6,,64.5,,,0.0584967320261437,2.9833333333333334,0.0584967320261437,0.0056388608870967,0.6,0.6,0.0,0.0,0.0,8.800749866095341,6.865935318421427,64.5,35.0,False,,,,,,False,False,0.0,,False,0.0,,False,0.0,,,,,,,,,,,,,,,,,,,,,,,,,,,,,,,,,,,,,,,,,,,,,,,,,,,,,,,,,,,,,,,,,,,,,,,,,,,,,,,,,,,,,,,,,,,,,,,,,,,,,,,,ALTLINE_NB_v1_2026-01-18,,,,league_avg,2.3,,,,,,,,,,,,,,,,,,,,,,,,,exp/fallback,0.2299999999999999,,,,,,,,,,,,,,,,,,,,,,,,,exp/fallback,0.1129999999999999,,,,,,,,,,,,,,,,,,,,,,,,,exp/fallback,0.2271999999999999,,,,,,,,,,,,,,,,,,,,,,,,,exp/fallback,0.1817,,,,,,,,,,,,,,,,,,,,,,False,False,False,False,False,,,Active roster,2026-10-02T16:41:02+00:00,False,[],2025-2026,,2026-09-24-frozen-v2,2026-10-02T16:41:05.426327+00:00
2026-10-02,STL@DAL,2026020020,8:00 PM,2026-10-03T01:00:00Z,Justin Hryckowian,8484829,DAL,False,"{""season"":""2026-27"",""games"":[]}",2026-27,DAL,C,,Healthy,Unknown,,,0.0,0.0,,16.0,11.0,2026-10-02T16:40:41+00:00,STL,Joel Hofer,0.9088729016786572,2.606061760615701,26.7,Likely,dailyfaceoff_name_and_stats,23.5,4.0,23.5,4.0,0.0,73.8,63.9,A1+A2,13.3,33.7,62.3,1.05,NONE,False,False,23.304187303758766,2.359048317579094,4.7,36.4,8.0,2.0,True,0.0,0.25,1.0,0.35,2.9,1.0,0.0,5.0,0.0,1.0,1.0,1.0,1.0,1.0,1.0,5.0,5.0,LOW,0.1,-0.4,LOW,0.05,,LOW,0.025,,LOW,0.1,,LOW,0.05,,LOW,0.025,,LOW,0.5,,LOW,0.25,,LOW,0.125,,1.6586804275709546,0.5307777368227055,,,1.0,2.4044759781066287,2.4228664098925603,50.0,52.9,64.5,52.9,3.84,1.77,3.5,2.84,1.77,-1.5,HOT,WARM,COOL,2.07,1.07,COOL,Red,Red,Red,Red,60.0,48.0,56.0,57.0,POINTS,60.0,4.0,4.0,6.0,0.0,1.0,4.0,C,Passenger,4.5,,64.5,,0.0,0.5967078189300412,48.333333333333336,0.5967078189300412,0.0448666377869917,4.5,4.5,4.859999999999999,2.222068965517241,3.103448275862069,8.800749866095341,6.865935318421427,64.5,65.3,False,,,,🅿️ D:4,,False,False,1.0,,False,0.0,,False,0.0,,1.5,163.0,BetRivers,,,,,,,,,,1.5,163.0,BetRivers,0.5,118.0,BetRivers,1.5,550.0,BetRivers,,,,,,,0.5,118.0,BetRivers,0.5,210.0,BetRivers,,,,,,,,,,0.5,210.0,BetRivers,0.5,400.0,DraftKings,,,,,,,,,,0.5,400.0,DraftKings,0.5,400.0,DraftKings,,,,,,,,,,0.5,400.0,DraftKings,The Odds API,"[""Bally Bet"", ""BetMGM"", ""BetRivers"", ""Bovada"", ""Caesars"", ""Courtside"", ""DraftKings"", ""FanDuel"", ""Fanatics"", ""fanatics""]",The Odds API,"[""Bally Bet"", ""BetMGM"", ""BetRivers"", ""Bovada"", ""Caesars"", ""Courtside"", ""DraftKings"", ""FanDuel"", ""Fanatics"", ""Fliff"", ""Hard Rock Bet"", ""theScore Bet""]",The Odds API,"[""Bally Bet"", ""BetRivers""]",The Odds API,"[""Bally Bet"", ""BetRivers""]",The Odds API,"[""Bally Bet"", ""BetRivers""]",,,,,,,,,,,,,,,,,,ALTLINE_NB_v1_2026-01-18,1.5,163.0,BetRivers,exp/fallback,0.35,0.0549353359035276,5.5,0.3802281368821292,-85.55200665737223,-85.6,0.0549353359035276,5.5,-85.55200665737223,-85.6,,,,,,,,,,,,,0.5,118.0,BetRivers,exp/fallback,0.384,0.3025307071509699,30.3,0.4587155963302752,-34.04830584108855,-34.0,0.3025307071509699,30.3,-34.04830584108855,-34.0,0.0664339084432588,6.6,-56.817959511881774,-56.8,,,,,,,,,0.5,210.0,BetRivers,exp/fallback,0.207,0.1787879279361769,17.9,0.3225806451612903,-44.57574233978515,-44.6,0.1787879279361769,17.9,-44.57574233978515,-44.6,,,,,,,,,,,,,0.5,400.0,DraftKings,exp/fallback,0.1881,0.1658647597439471,16.6,0.2,-17.06762012802645,-17.1,0.1658647597439471,16.6,-17.06762012802645,-17.1,,,,,,,,,,,,,0.5,400.0,DraftKings,exp/fallback,0.1650375,0.1451006223801841,14.5,0.2,-27.44968880990791,-27.4,0.1451006223801841,14.5,-27.44968880990791,-27.4,,,,,,,,,,,,,False,False,False,False,False,0.0,,Active roster,2026-10-02T16:41:02+00:00,False,[],2025-2026,,2026-09-24-frozen-v2,2026-10-02T16:41:05.426327+00:00
2026-10-02,STL@DAL,2026020020,8:00 PM,2026-10-03T01:00:00Z,Kyle Capobianco,8478476,DAL,False,,2026-27,DAL,D,,Healthy,Unknown,,,0.0,0.0,,16.0,11.0,2026-10-02T16:40:41+00:00,STL,Joel Hofer,0.9088729016786572,2.606061760615701,26.7,Likely,dailyfaceoff_name_and_stats,23.5,4.0,23.5,4.0,,21.5,28.5,A1+A2,12.13,26.5,24.9,0.94,NONE,False,False,23.304187303758766,2.359048317579094,4.7,36.4,8.0,2.0,True,,,,,50.0,,,,,,,,,,,,,,,,,,,,,,,,,,,,,,,,,,,,,,,,0.7801664355062413,0.1560332871012482,,,0.0,2.4044759781066287,2.4228664098925603,50.0,52.9,42.8,52.9,1.12,0.27,,,,,COOL,COOL,COOL,0.85,,COOL,Red,Red,Red,Red,33.0,28.0,26.0,28.0,POINTS,33.0,,,,,,,C,Passenger,3.2,,64.5,,0.0,0.3883838383838384,12.816666666666666,0.3883838383838384,0.032009657009657,3.2,3.2,0.4681404421326398,0.4681404421326398,0.0,8.800749866095341,6.865935318421427,64.5,41.1,False,,,,,,False,False,0.0,,False,0.0,,False,0.0,,,,,,,,,,,,,,,,,,,,,,,,,,,,,,,,,,,,,,,,,,,,,,,,,,,,,,,,,,,,,,,,,,,,,,,,,,,,,,,,,,,,,,,,,,,,,,,,,,,,,,,,ALTLINE_NB_v1_2026-01-18,,,,league_avg,2.3,,,,,,,,,,,,,,,,,,,,,,,,,exp/fallback,0.112,,,,,,,,,,,,,,,,,,,,,,,,,exp/fallback,0.0849999999999999,,,,,,,,,,,,,,,,,,,,,,,,,exp/fallback,0.1908,,,,,,,,,,,,,,,,,,,,,,,,,exp/fallback,0.1225499999999999,,,,,,,,,,,,,,,,,,,,,,False,False,False,False,False,,,Active roster,2026-10-02T16:41:02+00:00,False,[],2025-2026,,2026-09-24-frozen-v2,2026-10-02T16:41:05.426327+00:00
2026-10-02,STL@DAL,2026020020,8:00 PM,2026-10-03T01:00:00Z,Lian Bichsel,8483425,DAL,False,,2026-27,DAL,D,,Healthy,Unknown,,,0.0,0.0,,16.0,11.0,2026-10-02T16:40:41+00:00,STL,Joel Hofer,0.9088729016786572,2.606061760615701,26.7,Likely,dailyfaceoff_name_and_stats,23.5,4.0,23.5,4.0,,24.1,31.9,A1+A2,15.67,54.6,32.9,0.94,NONE,False,False,23.304187303758766,2.359048317579094,4.7,36.4,8.0,2.0,True,,,,,50.0,,,,,,,,,,,,,,,,,,,,,,,,,,,,,,,,,,,,,,,,0.6622668843562444,0.1655667210890611,,,0.0,2.4044759781066287,2.4228664098925603,50.0,52.9,39.7,52.9,0.98,0.23,,,,,COOL,COOL,COOL,0.75,,COOL,Red,Red,Red,Red,38.0,32.0,29.0,32.0,POINTS,38.0,,,,,,,C,Passenger,0.1,,64.5,,0.0,0.011,0.55,0.011,0.0007021276595744,0.1,0.1,0.0,0.0,0.0,8.800749866095341,6.865935318421427,64.5,25.4,False,,,,,,False,False,0.0,,False,0.0,,False,0.0,,,,,,,,,,,,,,,,,,,,,,,,,,,,,,,,,,,,,,,,,,,,,,,0.5,1600.0,Fanatics,,,,,,,,,,0.5,1600.0,Fanatics,0.5,1600.0,Fanatics,,,,,,,,,,0.5,1600.0,Fanatics,The Odds API,"[""Bally Bet"", ""BetRivers"", ""Bovada"", ""Caesars"", ""Courtside"", ""DraftKings"", ""Fanatics"", ""fanatics""]",The Odds API,"[""Bally Bet"", ""BetRivers"", ""Bovada"", ""Caesars"", ""Courtside"", ""DraftKings"", ""Fanatics"", ""Fliff"", ""Hard Rock Bet"", ""theScore Bet""]",,,,,,,,,,,,,,,,,,,,,,,,ALTLINE_NB_v1_2026-01-18,,,,league_avg,2.3,,,,,,,,,,,,,,,,,,,,,,,,,exp/fallback,0.098,,,,,,,,,,,,,,,,,,,,,,,,,exp/fallback,0.075,,,,,,,,,,,,,,,,,,,,,,0.5,1600.0,Fanatics,exp/fallback,0.1891999999999999,0.1667174922437593,16.7,0.0588235294117647,183.41973681439083,183.4,0.1667174922437593,16.7,183.41973681439083,183.4,,,,,,,,,,,,,0.5,1600.0,Fanatics,exp/fallback,0.11995,0.1090826126054619,10.9,0.0588235294117647,85.44044142928527,85.4,0.1090826126054619,10.9,85.44044142928527,85.4,,,,,,,,,,,,,False,False,True,True,False,,,Active roster,2026-10-02T16:41:02+00:00,False,[],2025-2026,,2026-09-24-frozen-v2,2026-10-02T16:41:05.426327+00:00
2026-10-02,STL@DAL,2026020020,8:00 PM,2026-10-03T01:00:00Z,Matt Duchene,8475168,DAL,False,"{""season"":""2026-27"",""games"":[]}",2026-27,DAL,C,,GTD,Unknown,,,0.0,-1.0,🟡 GTD,16.0,11.0,2026-10-02T16:40:41+00:00,STL,Joel Hofer,0.9088729016786572,2.606061760615701,26.7,Likely,dailyfaceoff_name_and_stats,23.5,4.0,23.5,4.0,7.0,74.9,84.1,A1+A2,16.51,63.4,75.8,1.1,NONE,False,False,23.304187303758766,2.359048317579094,4.7,36.4,8.0,2.0,True,1.5,1.5,1.2,1.395,41.2,9.0,2.0,9.0,2.0,7.0,7.0,9.0,9.0,7.0,7.0,9.0,9.0,GOOD,0.9,,LOW,0.45,,LOW,0.225,,GOOD,0.7,,LOW,0.35,,LOW,0.175,,LOW,0.9,,LOW,0.45,,LOW,0.225,,1.4981601541966008,0.7885053443140003,,,7.0,2.4044759781066287,2.4228664098925603,50.0,52.9,61.3,52.9,9.18,3.0,15.34,-0.65,0.73,4.95,COOL,COOL,HOT,6.17,-1.39,COOL,Yellow,Red,Red,Yellow,57.0,56.0,60.0,66.0,ASSISTS,66.0,0.0,0.0,3.0,2.0,7.0,0.0,B,Distributor,13.5,,64.5,,1.0,2.2269005847953216,126.93333333333334,2.2269005847953216,0.1348847918105662,13.5,13.5,5.4311974789915975,2.2169117647058827,3.781512605042017,8.800749866095341,6.865935318421427,64.5,80.7,False,,,,🅰️ D:0,,False,False,1.0,,False,0.0,,False,0.0,,,,,,,,,,,,,,,,,,,,,,,,,,,,,,,,,,,,,,,,,,,,,,,,,,,,,,,,,,,,,,,,,,,,,,,,,,,,,,,,,,,,,,,,,,,,,,,,,,,,,,,,ALTLINE_NB_v1_2026-01-18,,,,exp/fallback,1.534,,,,,,,,,,,,,,,,,,,,,,,,,exp/fallback,0.918,,,,,,,,,,,,,,,,,,,,,,,,,exp/fallback,0.617,,,,,,,,,,,,,,,,,,,,,,,,,exp/fallback,0.255,,,,,,,,,,,,,,,,,,,,,,,,,exp/fallback,0.255,,,,,,,,,,,,,,,,,,,,,,False,False,False,False,False,7.0,,Active roster,2026-10-02T16:41:02+00:00,False,[],2025-2026,,2026-09-24-frozen-v2,2026-10-02T16:41:05.426327+00:00
2026-10-02,STL@DAL,2026020020,8:00 PM,2026-10-03T01:00:00Z,Mikko Rantanen,8478420,DAL,False,"{""season"":""2026-27"",""games"":[]}",2026-27,DAL,R,⭐ STAR,Healthy,Unknown,,,0.0,0.0,,16.0,11.0,2026-10-02T16:40:41+00:00,STL,Joel Hofer,0.9088729016786572,2.606061760615701,26.7,Likely,dailyfaceoff_name_and_stats,23.5,4.0,23.5,4.0,9.3,89.8,98.0,A1+A2,20.18,86.3,92.0,1.2,STAR,False,True,23.304187303758766,2.359048317579094,4.7,36.4,8.0,2.0,True,2.0,2.0,2.2,2.0700000000000003,64.0,7.0,1.0,14.0,1.0,6.0,6.0,7.0,7.0,6.0,6.0,14.0,14.0,OK,0.7,0.2,LOW,0.35,,LOW,0.175,,GOOD,0.6,,LOW,0.3,,LOW,0.15,,LOW,1.4,,LOW,0.7,,LOW,0.35,,2.2731539157294742,0.7986757001211666,,,6.0,2.4044759781066287,2.4228664098925603,50.0,52.9,72.5,52.9,19.56,4.57,22.77,7.49,3.15,6.7,HOT,HOT,HOT,13.96,4.34,HOT,Green,Red,Red,Green,83.0,79.0,73.0,83.0,ASSISTS,83.0,0.0,0.0,3.0,3.0,6.0,0.0,A,Distributor,18.5,,64.5,,2.0,3.73046875,238.75,3.73046875,0.1848983543078412,18.5,18.5,6.608167539267016,1.5882722513089007,5.905759162303665,8.800749866095341,6.865935318421427,64.5,89.3,True,,,,🅰️ D:0,,False,False,1.0,,False,0.0,,False,0.0,,1.5,-260.0,Fanatics,2.5,112.0,FanDuel,3.5,290.0,Fanatics,4.5,700.0,Fanatics,2.5,112.0,FanDuel,0.5,-240.0,Hard Rock Bet,1.5,186.0,FanDuel,2.5,650.0,DraftKings,3.5,1900.0,Fanatics,0.5,-240.0,Hard Rock Bet,0.5,-114.0,BetOnline.ag,1.5,425.0,Bovada,2.5,1500.0,Fanatics,,,,0.5,-114.0,BetOnline.ag,0.5,190.0,DraftKings,,,,,,,,,,0.5,190.0,DraftKings,0.5,190.0,DraftKings,,,,,,,,,,0.5,190.0,DraftKings,The Odds API,"[""Bally Bet"", ""BetMGM"", ""BetRivers"", ""Bovada"", ""Caesars"", ""Courtside"", ""DraftKings"", ""FanDuel"", ""Fanatics"", ""betrivers""]",The Odds API,"[""Bally Bet"", ""BetMGM"", ""BetRivers"", ""Bovada"", ""Caesars"", ""Courtside"", ""DraftKings"", ""FanDuel"", ""Fanatics"", ""Fliff"", ""Hard Rock Bet"", ""fanduel"", ""theScore Bet""]",The Odds API,"[""Bally Bet"", ""BetOnline.ag"", ""BetRivers"", ""Bovada"", ""Courtside"", ""DraftKings"", ""FanDuel"", ""Fanatics"", ""Fliff"", ""Hard Rock Bet"", ""ReBet"", ""fanduel"", ""theScore Bet""]",The Odds API,"[""Bally Bet"", ""BetOnline.ag"", ""BetRivers"", ""Bovada"", ""Courtside"", ""DraftKings"", ""FanDuel"", ""Fanatics"", ""Fliff"", ""Hard Rock Bet"", ""ReBet"", ""draftkings"", ""theScore Bet""]",The Odds API,"[""Bally Bet"", ""BetOnline.ag"", ""BetRivers"", ""Bovada"", ""Caesars"", ""Courtside"", ""DraftKings"", ""FanDuel"", ""Fanatics"", ""Fliff"", ""Hard Rock Bet"", ""ReBet"", ""draftkings"", ""theScore Bet""]",0.5,140.0,BetRivers,1.5,550.0,Bovada,,,,,,,0.5,140.0,BetRivers,The Odds API,"[""Bally Bet"", ""BetRivers"", ""Bovada"", ""FanDuel"", ""Fliff"", ""Hard Rock Bet"", ""theScore Bet""]",ALTLINE_NB_v1_2026-01-18,2.5,112.0,FanDuel,exp/fallback,2.277,0.3788213731934684,37.9,0.4716981132075472,-19.68986888298469,-19.7,0.5958181358089664,59.6,-17.502104272604658,-17.5,0.3788213731934684,37.9,-19.68986888298469,-19.7,0.2213889601058505,22.1,-13.658305558718297,-13.7,0.1214480953534393,12.1,-2.8415237172485064,-2.8,0.5,-240.0,Hard Rock Bet,exp/fallback,1.956,0.7746454681358048,77.5,0.7058823529411765,9.74144131923902,9.7,0.7746454681358048,77.5,9.74144131923902,9.7,0.5129848577081865,51.3,46.71366930454134,46.7,0.3079091697421503,30.8,130.93187730661276,130.9,0.1729774989944627,17.3,245.95499798892536,246.0,0.5,-114.0,BetOnline.ag,exp/fallback,1.396,0.6531636332358031,65.3,0.5327102803738317,22.611418870580568,22.6,0.6531636332358031,65.3,22.611418870580568,22.6,0.3680142999008094,36.8,93.20750744792498,93.2,0.192189004257854,19.2,207.5024068125664,207.5,,,,,0.5,190.0,DraftKings,exp/fallback,0.3628,0.2873562177295877,28.7,0.3448275862068966,-16.66669685841956,-16.7,0.2873562177295877,28.7,-16.66669685841956,-16.7,,,,,,,,,,,,,0.5,190.0,DraftKings,exp/fallback,0.40205,0.3003552818074454,30.0,0.3448275862068966,-12.896968275840836,-12.9,0.3003552818074454,30.0,-12.896968275840836,-12.9,,,,,,,,,,,,,False,False,False,False,True,9.3,,Active roster,2026-10-02T16:41:02+00:00,False,"[{""market"":""Points"",""name"":""Hammer Fists"",""kind"":""FLOOR"",""rule"":""Conf_Points >= 80"",""icon"":""PTS05_HAMMER_FISTS.svg"",""kit_version"":""2026-09-24-frozen-v2""},{""market"":""Points"",""name"":""Echo Stomp II"",""kind"":""TIER"",""rule"":""Conf_Points >= 80 + TOI_per_game >= 19.18"",""icon"":""PTS05_HAMMER_STOMP.svg"",""kit_version"":""2026-09-24-frozen-v2""},{""market"":""Points"",""name"":""Gaia’s Blessing"",""kind"":""TIER"",""rule"":""Conf_Points >= 80 + Assists_mu >= 0.746"",""icon"":""PTS05_GAIAS_BLESSING.svg"",""kit_version"":""2026-09-24-frozen-v2""},{""market"":""Points"",""name"":""Gaia’s Blessing+ (Press)"",""kind"":""HEAVY"",""rule"":""Conf_Points >= 81 + Assists_mu >= 0.746"",""icon"":""PTS05_GAIAS_BLESSING.svg"",""kit_version"":""2026-09-24-frozen-v2""},{""market"":""Points"",""name"":""Gaia’s Blessing++ (Smash)"",""kind"":""HEAVY"",""rule"":""Conf_Points >= 83 + Assists_mu >= 0.746"",""icon"":""PTS05_GAIAS_BLESSING.svg"",""kit_version"":""2026-09-24-frozen-v2""},{""market"":""Assists"",""name"":""Staff (Green Stance)"",""kind"":""STANCE"",""rule"":""Green + Assists 0.5"",""icon"":""staff.svg"",""kit_version"":""2026-09-24-frozen-v2""},{""market"":""Assists"",""name"":""Staff Awakened"",""kind"":""STANCE"",""rule"":""Green + Assists 0.5 + Conf_Assists ≥ 83"",""icon"":""staff.svg"",""kit_version"":""2026-09-24-frozen-v2""},{""market"":""Assists"",""name"":""Arcane Channel I"",""kind"":""VOLUME"",""rule"":""Green + Assists 0.5 + Conf_Assists ≥ 83 + PP_Points60 ≥ 5.3"",""icon"":""arcane_channel_i.svg"",""kit_version"":""2026-09-24-frozen-v2""},{""market"":""Assists"",""name"":""Runic Infusion"",""kind"":""VOLUME"",""rule"":""Green + Assists 0.5 + Conf_Assists ≥ 83 + PP_iXA60 ≥ 4.4"",""icon"":""runic_infusion.svg"",""kit_version"":""2026-09-24-frozen-v2""},{""market"":""Assists"",""name"":""Assist Dagger"",""kind"":""VOLUME"",""rule"":""Green + Assists 0.5 + Conf_Assists ≥ 83 + Assist_Dagger ≥ 86"",""icon"":""magic-dagger.svg"",""kit_version"":""2026-09-24-frozen-v2""}]",2025-2026,,2026-09-24-frozen-v2,2026-10-02T16:41:05.426327+00:00
2026-10-02,STL@DAL,2026020020,8:00 PM,2026-10-03T01:00:00Z,Miro Heiskanen,8480036,DAL,False,"{""season"":""2026-27"",""games"":[]}",2026-27,DAL,D,,Healthy,Unknown,,,0.0,0.0,,16.0,11.0,2026-10-02T16:40:41+00:00,STL,Joel Hofer,0.9088729016786572,2.606061760615701,26.7,Likely,dailyfaceoff_name_and_stats,23.5,4.0,23.5,4.0,14.0,66.2,97.9,A1+A2,25.47,99.7,84.0,1.14,NONE,False,False,23.304187303758766,2.359048317579094,4.7,36.4,8.0,2.0,True,3.0,3.25,3.4,3.14,86.8,6.0,2.0,21.0,2.0,3.0,4.0,6.0,6.0,4.0,4.0,21.0,21.0,OK,0.6,0.1,LOW,0.3,,LOW,0.15,,LOW,0.4,,LOW,0.2,,LOW,0.1,,LOW,2.1,,LOW,1.05,,LOW,0.525,,1.178667572090316,0.4801978997404991,,,4.0,2.4044759781066287,2.4228664098925603,50.0,52.9,52.9,52.9,10.36,1.61,34.54,3.42,-0.54,10.4,HOT,COOL,HOT,8.77,3.97,HOT,Green,Red,Red,Green,81.0,66.0,65.0,78.0,POINTS,81.0,1.0,1.0,1.0,0.0,5.0,1.0,A,Distributor,12.8,,64.5,,2.0,3.253679653679653,250.53333333333333,3.253679653679653,0.1277308068148022,12.8,12.8,4.335949973390101,0.3664183076104311,4.670037253858435,8.800749866095341,6.865935318421427,64.5,80.3,False,,,,🅿️ D:1,,False,False,0.0,,False,0.0,,False,0.0,,1.5,-227.0,BetOnline.ag,2.5,132.0,FanDuel,3.5,325.0,FanDuel,4.5,700.0,Fanatics,2.5,132.0,FanDuel,0.5,-170.0,theScore Bet,1.5,265.0,Fanatics,2.5,1000.0,DraftKings,3.5,3000.0,Fanatics,0.5,-170.0,theScore Bet,0.5,-130.0,theScore Bet,1.5,370.0,DraftKings,2.5,1600.0,DraftKings,,,,0.5,-130.0,theScore Bet,0.5,480.0,FanDuel,,,,,,,,,,0.5,480.0,FanDuel,0.5,480.0,FanDuel,,,,,,,,,,0.5,480.0,FanDuel,The Odds API,"[""Bally Bet"", ""BetMGM"", ""BetRivers"", ""Bovada"", ""Caesars"", ""Courtside"", ""DraftKings"", ""FanDuel"", ""Fanatics"", ""fanduel""]",The Odds API,"[""Bally Bet"", ""BetMGM"", ""BetRivers"", ""Bovada"", ""Caesars"", ""Courtside"", ""DraftKings"", ""FanDuel"", ""Fanatics"", ""Fliff"", ""Hard Rock Bet"", ""theScore Bet""]",The Odds API,"[""Bally Bet"", ""BetOnline.ag"", ""BetRivers"", ""Bovada"", ""Courtside"", ""DraftKings"", ""FanDuel"", ""Fanatics"", ""Fliff"", ""Hard Rock Bet"", ""ReBet"", ""fanduel"", ""theScore Bet""]",The Odds API,"[""Bally Bet"", ""BetOnline.ag"", ""BetRivers"", ""Bovada"", ""Courtside"", ""DraftKings"", ""Fanatics"", ""Fliff"", ""Hard Rock Bet"", ""ReBet"", ""draftkings"", ""theScore Bet""]",The Odds API,"[""Bally Bet"", ""BetOnline.ag"", ""BetRivers"", ""Bovada"", ""Caesars"", ""Courtside"", ""DraftKings"", ""Fanatics"", ""Fliff"", ""Hard Rock Bet"", ""ReBet"", ""draftkings"", ""theScore Bet""]",0.5,143.0,BetRivers,1.5,500.0,Bovada,,,,,,,0.5,143.0,BetRivers,The Odds API,"[""Bally Bet"", ""BetRivers"", ""Bovada"", ""FanDuel"", ""Fliff"", ""Hard Rock Bet"", ""theScore Bet""]",ALTLINE_NB_v1_2026-01-18,2.5,132.0,FanDuel,exp/fallback,3.454,0.585322469630977,58.5,0.4310344827586206,35.79481295438667,35.8,0.7633750620291,76.3,9.966363561020133,10.0,0.585322469630977,58.5,35.79481295438667,35.8,0.4203120982483321,42.0,78.63264175554117,78.6,0.2865040502442543,28.7,129.20324019540342,129.2,0.5,-170.0,theScore Bet,exp/fallback,1.036,0.5868665785685081,58.7,0.6296296296296297,-6.79177869794283,-6.8,0.5868665785685081,58.7,-6.79177869794283,-6.8,0.2727566236272005,27.3,-0.4438323760718066,-0.4,0.1115522412035572,11.2,22.707465323912945,22.7,0.042098462074314,4.2,30.505232430373407,30.5,0.5,-130.0,theScore Bet,exp/fallback,0.877,0.516740647632772,51.7,0.5652173913043478,-8.57665464958648,-8.6,0.516740647632772,51.7,-8.57665464958648,-8.6,0.2221153768464956,22.2,4.394227117852944,4.4,0.087398816638172,8.7,48.577988284892506,48.6,,,,,0.5,480.0,FanDuel,exp/fallback,0.2444,0.2079884864011633,20.8,0.1724137931034483,20.633322112674712,20.6,0.2079884864011633,20.8,20.633322112674712,20.6,,,,,,,,,,,,,0.5,480.0,FanDuel,exp/fallback,0.20965,0.1784342727141965,17.8,0.1724137931034483,3.4918781742339866,3.5,0.1784342727141965,17.8,3.4918781742339866,3.5,,,,,,,,,,,,,True,False,True,False,False,14.0,,Active roster,2026-10-02T16:41:02+00:00,False,"[{""market"":""Points"",""name"":""Hammer Fists"",""kind"":""FLOOR"",""rule"":""Conf_Points >= 80"",""icon"":""PTS05_HAMMER_FISTS.svg"",""kit_version"":""2026-09-24-frozen-v2""},{""market"":""Points"",""name"":""Echo Stomp I"",""kind"":""TIER"",""rule"":""Conf_Points >= 80 + L10_S >= 17"",""icon"":""PTS05_HAMMER_STOMP.svg"",""kit_version"":""2026-09-24-frozen-v2""},{""market"":""Points"",""name"":""Echo Stomp II"",""kind"":""TIER"",""rule"":""Conf_Points >= 80 + TOI_per_game >= 19.18"",""icon"":""PTS05_HAMMER_STOMP.svg"",""kit_version"":""2026-09-24-frozen-v2""},{""market"":""Points"",""name"":""Gaia’s Blessing"",""kind"":""TIER"",""rule"":""Conf_Points >= 80 + Assists_mu >= 0.746"",""icon"":""PTS05_GAIAS_BLESSING.svg"",""kit_version"":""2026-09-24-frozen-v2""},{""market"":""Points"",""name"":""Gaia’s Blessing+ (Press)"",""kind"":""HEAVY"",""rule"":""Conf_Points >= 81 + Assists_mu >= 0.746"",""icon"":""PTS05_GAIAS_BLESSING.svg"",""kit_version"":""2026-09-24-frozen-v2""},{""market"":""Points"",""name"":""Hammer Fists II"",""kind"":""HEAVY"",""rule"":""Conf_Points >= 80 + TOI_per_game >= 19.18 + L10_S >= 17"",""icon"":""PTS05_HAMMER_FISTS.svg"",""kit_version"":""2026-09-24-frozen-v2""},{""market"":""Assists"",""name"":""Staff (Green Stance)"",""kind"":""STANCE"",""rule"":""Green + Assists 0.5"",""icon"":""staff.svg"",""kit_version"":""2026-09-24-frozen-v2""}]",2025-2026,,2026-09-24-frozen-v2,2026-10-02T16:41:05.426327+00:00
2026-10-02,STL@DAL,2026020020,8:00 PM,2026-10-03T01:00:00Z,Nils Lundkvist,8480878,DAL,False,,2026-27,DAL,D,,Healthy,Unknown,,,0.0,0.0,,16.0,11.0,2026-10-02T16:40:41+00:00,STL,Joel Hofer,0.9088729016786572,2.606061760615701,26.7,Likely,dailyfaceoff_name_and_stats,23.5,4.0,23.5,4.0,,29.7,43.8,A1+A2,16.48,62.7,41.2,0.96,NONE,False,False,23.304187303758766,2.359048317579094,4.7,36.4,8.0,2.0,True,,,,,50.0,,,,,,,,,,,,,,,,,,,,,,,,,,,,,,,,,,,,,,,,0.8000484877871387,0.2909267228316867,,,0.0,2.4044759781066287,2.4228664098925603,50.0,52.9,43.3,52.9,1.86,0.37,,,,,COOL,COOL,COOL,1.48,,COOL,Red,Red,Red,Red,45.0,36.0,33.0,39.0,POINTS,45.0,,,,,,,C,Passenger,0.7,,64.5,,0.0,0.1108974358974358,5.766666666666667,0.1108974358974358,0.0067286375481311,0.7,0.7,0.0,0.0,0.0,8.800749866095341,6.865935318421427,64.5,35.6,False,,,,,,False,False,0.0,,False,0.0,,False,0.0,,,,,,,,,,,,,,,,,0.5,265.0,BetRivers,,,,,,,,,,0.5,265.0,BetRivers,,,,,,,,,,,,,,,,0.5,1500.0,Hard Rock Bet,,,,,,,,,,0.5,1500.0,Hard Rock Bet,0.5,1500.0,FanDuel,,,,,,,,,,0.5,1500.0,FanDuel,The Odds API,"[""Bally Bet"", ""BetMGM"", ""BetRivers"", ""Bovada"", ""Caesars"", ""Courtside"", ""DraftKings"", ""FanDuel"", ""Fanatics"", ""fanduel""]",The Odds API,"[""Bally Bet"", ""BetMGM"", ""BetRivers"", ""Bovada"", ""Caesars"", ""Courtside"", ""DraftKings"", ""FanDuel"", ""Fanatics"", ""Fliff"", ""Hard Rock Bet"", ""theScore Bet""]",,,,,The Odds API,"[""Bally Bet"", ""BetRivers""]",,,,,,,,,,,,,,,,,,ALTLINE_NB_v1_2026-01-18,,,,league_avg,2.3,,,,,,,,,,,,,,,,,,,,,,0.5,265.0,BetRivers,exp/fallback,0.186,0.1648937037492378,16.5,0.273972602739726,-39.81379813152819,-39.8,0.1648937037492378,16.5,-39.81379813152819,-39.8,,,,,,,,,,,,,,,,exp/fallback,0.148,,,,,,,,,,,,,,,,,,,,,,0.5,1500.0,Hard Rock Bet,exp/fallback,0.1948,0.171039809057226,17.1,0.0625,173.66369449156167,173.7,0.171039809057226,17.1,173.66369449156167,173.7,,,,,,,,,,,,,0.5,1500.0,FanDuel,exp/fallback,0.12905,0.1165515277701038,11.7,0.0625,86.48244443216608,86.5,0.1165515277701038,11.7,86.48244443216608,86.5,,,,,,,,,,,,,False,False,True,True,False,,,Active roster,2026-10-02T16:41:02+00:00,False,[],2025-2026,,2026-09-24-frozen-v2,2026-10-02T16:41:05.426327+00:00
2026-10-02,STL@DAL,2026020020,8:00 PM,2026-10-03T01:00:00Z,Oskar Bck,8480840,DAL,False,,2026-27,DAL,C,,Healthy,Unknown,,,0.0,0.0,,16.0,11.0,2026-10-02T16:40:41+00:00,STL,Joel Hofer,0.9088729016786572,2.606061760615701,26.7,Likely,dailyfaceoff_name_and_stats,23.5,4.0,23.5,4.0,,53.8,40.6,A1+A2,12.36,27.8,44.0,0.98,NONE,False,False,23.304187303758766,2.359048317579094,4.7,36.4,8.0,2.0,True,,,,,50.0,,,,,,,,,,,,,,,,,,,,,,,,,,,,,,,,,,,,,,,,0.9191560476289952,0.16711928138709,,,0.0,2.4044759781066287,2.4228664098925603,50.0,52.9,47.2,52.9,1.8,0.86,,,,,COOL,COOL,COOL,0.95,,COOL,Red,Red,Red,Red,40.0,46.0,45.0,37.0,SOG,46.0,,,,,,,C,Passenger,0.2,,64.5,,0.0,0.0192129629629629,1.3833333333333333,0.0192129629629629,0.0015545982393706,0.2,0.2,0.0,0.0,0.0,8.800749866095341,6.865935318421427,64.5,27.7,False,,,,,,False,False,0.0,,False,0.0,,False,0.0,,,,,,,,,,,,,,,,,,,,,,,,,,,,,,,,,,,,,,,,,,,,,,,,,,,,,,,,,,,,,,,,,,,,,,,,,,,,,,,,,,,,,,,,,,,,,,,,,,,,,,,,ALTLINE_NB_v1_2026-01-18,,,,league_avg,2.3,,,,,,,,,,,,,,,,,,,,,,,,,exp/fallback,0.18,,,,,,,,,,,,,,,,,,,,,,,,,exp/fallback,0.095,,,,,,,,,,,,,,,,,,,,,,,,,exp/fallback,0.2143999999999999,,,,,,,,,,,,,,,,,,,,,,,,,exp/fallback,0.1609,,,,,,,,,,,,,,,,,,,,,,False,False,False,False,False,,,Active roster,2026-10-02T16:41:02+00:00,False,[],2025-2026,,2026-09-24-frozen-v2,2026-10-02T16:41:05.426327+00:00
2026-10-02,STL@DAL,2026020020,8:00 PM,2026-10-03T01:00:00Z,Oskar Bäck,8480840,,,,,DAL,C,,Unknown,,,,,,,,,,,,,,,,,,,,,,,,,,,,,,,,,,,,,,,,,,,,,,,,,,,,,,,,,,,,,,,,,,,,,,,,,,,,,,,,,,,,,,,,,,,,,,,,,,,,,,,,,,,,,,,,,,,,,,,,,,,,,,,,,,,,,,,,,,,,,,,,,,,,,,,,,,,,,,,,,,,,,,,,,,,,,,,,,,,,,,,,,,,,,,,,,,,,,,,,,,,,,,,,,,,,,,,,,,,,,,,,,,,,,,,,,,,,,,,,,,,,,,,,,,,,,,,,,,,,,,,,,,,,,,,,,,,,,,,,,,,,,,,,,,,,,,,,,,,,,,,,,,,,,,,,,,,,,,,,,,,,,,,,,,,,,,,,,,,0.5,900.0,fanduel,,,,,,,,,,,,,,,,,,,,,,,,,,,,,,,,,,,,,,,,,,,,,,,,,,,,,,,,,Active roster,2026-10-02T16:41:02+00:00,True,[],Unavailable,True,2026-09-24-frozen-v2,2026-10-02T16:41:05.426327+00:00
2026-10-02,STL@DAL,2026020020,8:00 PM,2026-10-03T01:00:00Z,Radek Faksa,8476889,DAL,False,,2026-27,DAL,C,,Healthy,Unknown,,,0.0,0.0,,16.0,11.0,2026-10-02T16:40:41+00:00,STL,Joel Hofer,0.9088729016786572,2.606061760615701,26.7,Likely,dailyfaceoff_name_and_stats,23.5,4.0,23.5,4.0,,52.2,60.9,A1+A2,11.73,21.6,49.1,1.0,NONE,False,False,23.304187303758766,2.359048317579094,4.7,36.4,8.0,2.0,True,,,,,50.0,,,,,,,,,,,,,,,,,,,,,,,,,,,,,,,,,,,,,,,,1.4281354897772354,0.8788526090936832,,,0.0,2.4044759781066287,2.4228664098925603,50.0,52.9,59.2,52.9,3.61,1.03,,,,,COOL,COOL,COOL,2.58,,COOL,Red,Red,Red,Red,51.0,44.0,44.0,48.0,POINTS,51.0,,,,,,,C,Passenger,0.1,,64.5,,0.0,0.014367816091954,0.8333333333333334,0.014367816091954,0.0012243798516051,0.1,0.1,0.0,0.0,0.0,8.800749866095341,6.865935318421427,64.5,25.4,False,,,,,,False,False,0.0,,False,0.0,,False,0.0,,,,,,,,,,,,,,,,,,,,,,,,,,,,,,,,,,,,,,,,,,,,,,,0.5,800.0,Hard Rock Bet,,,,,,,,,,0.5,800.0,Hard Rock Bet,0.5,800.0,Fanatics,,,,,,,,,,0.5,800.0,Fanatics,The Odds API,"[""Bally Bet"", ""BetMGM"", ""BetRivers"", ""Bovada"", ""Caesars"", ""Courtside"", ""DraftKings"", ""FanDuel"", ""Fanatics"", ""fanatics""]",The Odds API,"[""Bally Bet"", ""BetMGM"", ""BetRivers"", ""Bovada"", ""Caesars"", ""Courtside"", ""DraftKings"", ""FanDuel"", ""Fanatics"", ""Fliff"", ""Hard Rock Bet"", ""theScore Bet""]",,,,,,,,,,,,,,,,,,,,,,,,ALTLINE_NB_v1_2026-01-18,,,,league_avg,2.3,,,,,,,,,,,,,,,,,,,,,,,,,exp/fallback,0.361,,,,,,,,,,,,,,,,,,,,,,,,,exp/fallback,0.258,,,,,,,,,,,,,,,,,,,,,,0.5,800.0,Hard Rock Bet,exp/fallback,0.2212,0.1909993585540725,19.1,0.1111111111111111,71.89942269866532,71.9,0.1909993585540725,19.1,71.89942269866532,71.9,,,,,,,,,,,,,0.5,800.0,Fanatics,exp/fallback,0.17195,0.150410237895853,15.0,0.1111111111111111,35.369214106267755,35.4,0.150410237895853,15.0,35.369214106267755,35.4,,,,,,,,,,,,,False,False,True,True,False,,,Active roster,2026-10-02T16:41:02+00:00,False,[],2025-2026,,2026-09-24-frozen-v2,2026-10-02T16:41:05.426327+00:00
2026-10-02,STL@DAL,2026020020,8:00 PM,2026-10-03T01:00:00Z,Roope Hintz,8478449,DAL,False,"{""season"":""2026-27"",""games"":[]}",2026-27,DAL,C,,Healthy,Unknown,,,0.0,0.0,,16.0,11.0,2026-10-02T16:40:41+00:00,STL,Joel Hofer,0.9088729016786572,2.606061760615701,26.7,Likely,dailyfaceoff_name_and_stats,23.5,4.0,23.5,4.0,9.3,87.4,84.1,A1+A2,17.34,70.9,83.0,1.13,NONE,False,False,23.304187303758766,2.359048317579094,4.7,36.4,8.0,2.0,True,2.0,1.75,2.2,2.0700000000000003,64.0,8.0,1.0,20.0,0.0,3.0,7.0,13.0,31.0,10.0,20.0,51.0,86.0,GOOD,0.8,0.3,OK,0.65,,OK,0.775,,GOOD,0.7,,OK,0.5,,OK,0.5,,LOW,2.0,,OK,2.55,,LOW,2.15,,1.5762588178058867,0.8756993432254926,,,7.0,2.4044759781066287,2.4228664098925603,50.0,52.9,63.2,52.9,11.58,4.77,22.77,2.53,3.34,0.7,HOT,HOT,COOL,6.81,-0.81,COOL,Yellow,Red,Yellow,Yellow,68.0,70.0,74.0,70.0,GOAL,74.0,1.0,1.0,5.0,1.0,4.0,2.0,A,Distributor,16.8,,64.5,,2.0,2.914779874213836,154.48333333333332,2.914779874213836,0.168081093823668,16.8,16.8,6.627899449778833,2.8313733951882623,4.4665012406947895,8.800749866095341,6.865935318421427,64.5,86.9,False,,,,🥅 D:5,,False,False,1.0,,False,0.0,,False,0.0,,1.5,-200.0,DraftKings,2.5,150.0,FanDuel,3.5,375.0,FanDuel,4.5,900.0,Fanatics,2.5,150.0,FanDuel,0.5,-155.0,theScore Bet,1.5,310.0,Fanatics,2.5,1200.0,DraftKings,3.5,3500.0,Fanatics,0.5,-155.0,theScore Bet,0.5,135.0,Bovada,1.5,725.0,Bovada,2.5,3000.0,Fanatics,,,,0.5,135.0,Bovada,0.5,230.0,DraftKings,,,,,,,,,,0.5,230.0,DraftKings,0.5,230.0,DraftKings,,,,,,,,,,0.5,230.0,DraftKings,The Odds API,"[""Bally Bet"", ""BetMGM"", ""BetRivers"", ""Bovada"", ""Caesars"", ""Courtside"", ""DraftKings"", ""FanDuel"", ""Fanatics"", ""caesars""]",The Odds API,"[""Bally Bet"", ""BetMGM"", ""BetRivers"", ""Bovada"", ""Caesars"", ""Courtside"", ""DraftKings"", ""FanDuel"", ""Fanatics"", ""Fliff"", ""Hard Rock Bet"", ""fanduel"", ""theScore Bet""]",The Odds API,"[""Bally Bet"", ""BetOnline.ag"", ""BetRivers"", ""Bovada"", ""Courtside"", ""DraftKings"", ""FanDuel"", ""Fanatics"", ""Fliff"", ""Hard Rock Bet"", ""ReBet"", ""fanduel"", ""theScore Bet""]",The Odds API,"[""Bally Bet"", ""BetOnline.ag"", ""BetRivers"", ""Bovada"", ""Courtside"", ""DraftKings"", ""Fanatics"", ""Fliff"", ""Hard Rock Bet"", ""ReBet"", ""draftkings"", ""theScore Bet""]",The Odds API,"[""Bally Bet"", ""BetOnline.ag"", ""BetRivers"", ""Bovada"", ""Caesars"", ""Courtside"", ""DraftKings"", ""Fanatics"", ""Fliff"", ""Hard Rock Bet"", ""ReBet"", ""draftkings"", ""theScore Bet""]",0.5,210.0,BetRivers,1.5,850.0,Bovada,,,,,,,0.5,210.0,BetRivers,The Odds API,"[""Bally Bet"", ""BetRivers"", ""Bovada"", ""FanDuel"", ""Fliff"", ""Hard Rock Bet"", ""theScore Bet""]",ALTLINE_NB_v1_2026-01-18,2.5,150.0,FanDuel,exp/fallback,2.277,0.3788213731934684,37.9,0.4,-5.294656701632894,-5.3,0.5958181358089664,59.6,-10.627279628655046,-10.6,0.3788213731934684,37.9,-5.294656701632894,-5.3,0.2213889601058505,22.1,5.159756050278997,5.2,0.1214480953534393,12.1,21.448095353439367,21.4,0.5,-155.0,theScore Bet,exp/fallback,1.158,0.6217292809668944,62.2,0.6078431372549019,2.284494610682625,2.3,0.6217292809668944,62.2,2.284494610682625,2.3,0.3100253795648193,31.0,27.11040562157594,27.1,0.1366507588212543,13.7,77.64598646763062,77.6,0.0556940761684916,5.6,100.49867420656992,100.5,0.5,135.0,Bovada,exp/fallback,0.6809999999999999,0.4434984691338512,44.3,0.425531914893617,4.222140246455053,4.2,0.4434984691338512,44.3,4.222140246455053,4.2,0.160784897690474,16.1,32.64754059464106,32.6,0.053066914389687,5.3,64.50743460802978,64.5,,,,,0.5,230.0,DraftKings,exp/fallback,0.3708,0.2923106209748002,29.2,0.303030303030303,-3.537495078315933,-3.5,0.2923106209748002,29.2,-3.537495078315933,-3.5,,,,,,,,,,,,,0.5,230.0,DraftKings,exp/fallback,0.41505,0.3075053794926783,30.8,0.303030303030303,1.476775232583838,1.5,0.3075053794926783,30.8,1.476775232583838,1.5,,,,,,,,,,,,,False,False,False,False,False,9.3,,Active roster,2026-10-02T16:41:02+00:00,False,[],2025-2026,,2026-09-24-frozen-v2,2026-10-02T16:41:05.426327+00:00
2026-10-02,STL@DAL,2026020020,8:00 PM,2026-10-03T01:00:00Z,Sam Steel,8479351,DAL,False,"{""season"":""2026-27"",""games"":[]}",2026-27,DAL,C,,Healthy,Unknown,,,0.0,0.0,,16.0,11.0,2026-10-02T16:40:41+00:00,STL,Joel Hofer,0.9088729016786572,2.606061760615701,26.7,Likely,dailyfaceoff_name_and_stats,23.5,4.0,23.5,4.0,2.3,72.1,72.9,A1+A2,16.06,60.1,70.0,1.08,NONE,False,False,23.304187303758766,2.359048317579094,4.7,36.4,8.0,2.0,True,0.5,0.75,1.2,0.745,8.8,0.0,0.0,6.0,0.0,0.0,0.0,0.0,0.0,0.0,0.0,6.0,6.0,LOW,0.0,-0.5,LOW,0.0,,LOW,0.0,,LOW,0.0,,LOW,0.0,,LOW,0.0,,LOW,0.6,,LOW,0.3,,LOW,0.15,,1.6848089856479234,0.4992026624141995,,,0.0,2.4044759781066287,2.4228664098925603,50.0,52.9,64.9,52.9,4.98,1.87,8.2,4.98,1.87,1.45,HOT,WARM,COOL,3.42,3.11,HOT,Yellow,Red,Red,Yellow,75.0,55.0,58.0,69.0,POINTS,75.0,6.0,6.0,6.0,4.0,0.0,6.0,C,Passenger,2.7,,64.5,,0.0,0.4415525114155251,32.233333333333334,0.4415525114155251,0.0274903343188537,2.7,2.7,2.9550155118924506,0.186142709410548,3.2574974146845914,8.800749866095341,6.865935318421427,64.5,61.5,False,,,,🅿️ D:6,,False,False,1.0,,False,0.0,,False,0.0,,1.5,148.0,BetRivers,,,,,,,,,,1.5,148.0,BetRivers,0.5,230.0,BetRivers,,,,,,,,,,0.5,230.0,BetRivers,,,,,,,,,,,,,,,,0.5,700.0,Hard Rock Bet,,,,,,,,,,0.5,700.0,Hard Rock Bet,0.5,500.0,FanDuel,,,,,,,,,,0.5,500.0,FanDuel,The Odds API,"[""Bally Bet"", ""BetMGM"", ""BetRivers"", ""Bovada"", ""Caesars"", ""Courtside"", ""DraftKings"", ""FanDuel"", ""Fanatics"", ""fanduel""]",The Odds API,"[""Bally Bet"", ""BetMGM"", ""BetRivers"", ""Bovada"", ""Caesars"", ""Courtside"", ""DraftKings"", ""FanDuel"", ""Fanatics"", ""Fliff"", ""Hard Rock Bet"", ""theScore Bet""]",The Odds API,"[""Bally Bet"", ""BetRivers""]",,,The Odds API,"[""Bally Bet"", ""BetRivers""]",,,,,,,,,,,,,,,,,,ALTLINE_NB_v1_2026-01-18,1.5,148.0,BetRivers,exp/fallback,0.82,0.2029422424755416,20.3,0.4032258064516129,-49.67032386606569,-49.7,0.2029422424755416,20.3,-49.67032386606569,-49.7,,,,,,,,,,,,,0.5,230.0,BetRivers,exp/fallback,0.498,0.3681248811466628,36.8,0.303030303030303,21.48121077839874,21.5,0.3681248811466628,36.8,21.48121077839874,21.5,,,,,,,,,,,,,,,,exp/fallback,0.3419999999999999,,,,,,,,,,,,,,,,,,,,,,0.5,700.0,Hard Rock Bet,exp/fallback,0.1911,0.1681875216952202,16.8,0.125,34.55001735617618,34.6,0.1681875216952202,16.8,34.55001735617618,34.6,,,,,,,,,,,,,0.5,500.0,FanDuel,exp/fallback,0.1699125,0.1488508650339746,14.9,0.1666666666666666,-10.68948097961524,-10.7,0.1488508650339746,14.9,-10.68948097961524,-10.7,,,,,,,,,,,,,False,True,True,False,False,2.3,,Active roster,2026-10-02T16:41:02+00:00,False,[],2025-2026,,2026-09-24-frozen-v2,2026-10-02T16:41:05.426327+00:00
2026-10-02,STL@DAL,2026020020,8:00 PM,2026-10-03T01:00:00Z,Thomas Harley,8481581,DAL,False,"{""season"":""2026-27"",""games"":[]}",2026-27,DAL,D,,Healthy,Unknown,,,0.0,0.0,,16.0,11.0,2026-10-02T16:40:41+00:00,STL,Joel Hofer,0.9088729016786572,2.606061760615701,26.7,Likely,dailyfaceoff_name_and_stats,23.5,4.0,23.5,4.0,9.3,60.9,85.3,A1+A2,23.06,96.1,76.5,1.11,NONE,False,False,23.304187303758766,2.359048317579094,4.7,36.4,8.0,2.0,True,2.0,2.25,2.8,2.28,70.6,0.0,0.0,15.0,0.0,0.0,0.0,0.0,0.0,0.0,0.0,15.0,15.0,LOW,0.0,-0.5,LOW,0.0,,LOW,0.0,,LOW,0.0,,LOW,0.0,,LOW,0.0,,LOW,1.5,,LOW,0.75,,LOW,0.375,,1.0666930047655498,0.4444554186523124,,,0.0,2.4044759781066287,2.4228664098925603,50.0,52.9,50.2,52.9,6.62,1.28,22.8,6.02,1.28,7.8,HOT,COOL,HOT,5.21,4.74,HOT,Yellow,Red,Red,Yellow,83.0,59.0,61.0,76.0,POINTS,83.0,6.0,6.0,6.0,0.0,0.0,6.0,B,Distributor,6.8,,64.5,,1.0,1.573095238095238,110.11666666666666,1.573095238095238,0.0682280533267242,6.8,6.8,3.8604510367791742,1.313152716815499,2.996821552898441,8.800749866095341,6.865935318421427,64.5,68.0,False,,,,🅿️ D:6,,False,False,1.0,,False,0.0,,False,0.0,,1.5,-141.0,BetRivers,2.5,210.0,FanDuel,3.5,550.0,Fanatics,4.5,1550.0,BetOnline.ag,1.5,-141.0,BetRivers,0.5,145.0,theScore Bet,1.5,800.0,Fanatics,2.5,4000.0,Fanatics,3.5,2500.0,BetOnline.ag,0.5,145.0,theScore Bet,0.5,200.0,Hard Rock Bet,1.5,1300.0,DraftKings,2.5,3300.0,Bovada,,,,0.5,200.0,Hard Rock Bet,0.5,650.0,theScore Bet,,,,,,,,,,0.5,650.0,theScore Bet,0.5,650.0,FanDuel,,,,,,,,,,0.5,650.0,FanDuel,The Odds API,"[""Bally Bet"", ""BetMGM"", ""BetRivers"", ""Bovada"", ""Caesars"", ""Courtside"", ""DraftKings"", ""FanDuel"", ""Fanatics"", ""fanduel""]",The Odds API,"[""Bally Bet"", ""BetMGM"", ""BetRivers"", ""Bovada"", ""Caesars"", ""Courtside"", ""DraftKings"", ""FanDuel"", ""Fanatics"", ""Fliff"", ""Hard Rock Bet"", ""theScore Bet""]",The Odds API,"[""Bally Bet"", ""BetOnline.ag"", ""BetRivers"", ""Bovada"", ""Courtside"", ""DraftKings"", ""FanDuel"", ""Fanatics"", ""Fliff"", ""Hard Rock Bet"", ""ReBet"", ""theScore Bet""]",The Odds API,"[""Bally Bet"", ""BetOnline.ag"", ""BetRivers"", ""Bovada"", ""Courtside"", ""DraftKings"", ""Fanatics"", ""Fliff"", ""Hard Rock Bet"", ""ReBet"", ""draftkings"", ""theScore Bet""]",The Odds API,"[""Bally Bet"", ""BetOnline.ag"", ""BetRivers"", ""Bovada"", ""Caesars"", ""Courtside"", ""DraftKings"", ""Fanatics"", ""Fliff"", ""Hard Rock Bet"", ""ReBet"", ""draftkings"", ""theScore Bet""]",,,,,,,,,,,,,,,,,,ALTLINE_NB_v1_2026-01-18,1.5,-141.0,BetRivers,exp/fallback,2.28,0.5963894893114192,59.6,0.5850622406639004,1.936075832661016,1.9,0.5963894893114192,59.6,1.936075832661016,1.9,0.3794434144951071,37.9,17.627458493483207,17.6,0.2219156913800778,22.2,44.24519939705059,44.2,0.1218304023308792,12.2,101.02016384595078,101.0,0.5,145.0,theScore Bet,exp/fallback,0.662,0.4486664094963669,44.9,0.4081632653061224,9.9232703266099,9.9,0.4486664094963669,44.9,9.9232703266099,9.9,0.1523419498768126,15.2,37.10775488913134,37.1,0.0448380245857531,4.5,83.8359008015879,83.8,0.0120960372180071,1.2,-68.5503032331815,-68.6,0.5,200.0,Hard Rock Bet,exp/fallback,0.521,0.3706180263493909,37.1,0.3333333333333333,11.185407904817268,11.2,0.3706180263493909,37.1,11.185407904817268,11.2,0.1104768059828956,11.0,54.66752837605394,54.7,0.0298340595662293,3.0,1.4358025251796525,1.4,,,,,0.5,650.0,theScore Bet,exp/fallback,0.2312,0.1983842117779523,19.8,0.1333333333333333,48.78815883346422,48.8,0.1983842117779523,19.8,48.78815883346422,48.8,,,,,,,,,,,,,0.5,650.0,FanDuel,exp/fallback,0.1882,0.1626800709302317,16.3,0.1333333333333333,22.010053197673805,22.0,0.1626800709302317,16.3,22.010053197673805,22.0,,,,,,,,,,,,,False,False,True,True,True,9.3,,Active roster,2026-10-02T16:41:02+00:00,False,[],2025-2026,,2026-09-24-frozen-v2,2026-10-02T16:41:05.426327+00:00
2026-10-02,STL@DAL,2026020020,8:00 PM,2026-10-03T01:00:00Z,Tyler Myers,8474574,DAL,False,,2026-27,DAL,D,,Healthy,Unknown,,,0.0,0.0,,16.0,11.0,2026-10-02T16:40:41+00:00,STL,Joel Hofer,0.9088729016786572,2.606061760615701,26.7,Likely,dailyfaceoff_name_and_stats,23.5,4.0,23.5,4.0,,44.8,49.3,A1+A2,19.52,83.7,54.1,1.02,NONE,False,False,23.304187303758766,2.359048317579094,4.7,36.4,8.0,2.0,True,,,,,50.0,,,,,,,,,,,,,,,,,,,,,,,,,,,,,,,,,,,,,,,,0.451908056237447,0.1506360187458156,,,0.0,2.4044759781066287,2.4228664098925603,50.0,52.9,36.4,52.9,2.01,0.62,,,,,COOL,COOL,COOL,1.39,,COOL,Red,Red,Red,Red,49.0,45.0,43.0,44.0,POINTS,49.0,,,,,,,C,Passenger,0.5,,64.5,,0.0,0.0883561643835616,6.45,0.0883561643835616,0.0045271100193016,0.5,0.5,0.0,0.0,0.0,8.800749866095341,6.865935318421427,64.5,33.8,False,,,,,,False,False,0.0,,False,0.0,,False,0.0,,,,,,,,,,,,,,,,,,,,,,,,,,,,,,,,,,,,,,,,,,,,,,,0.5,2250.0,Hard Rock Bet,,,,,,,,,,0.5,2250.0,Hard Rock Bet,0.5,2200.0,DraftKings,,,,,,,,,,0.5,2200.0,DraftKings,The Odds API,"[""Bally Bet"", ""BetMGM"", ""BetRivers"", ""Bovada"", ""Caesars"", ""Courtside"", ""DraftKings"", ""FanDuel"", ""Fanatics"", ""fanatics""]",The Odds API,"[""Bally Bet"", ""BetMGM"", ""BetRivers"", ""Bovada"", ""Caesars"", ""Courtside"", ""DraftKings"", ""FanDuel"", ""Fanatics"", ""Fliff"", ""Hard Rock Bet""]",,,,,,,,,,,,,,,,,,,,,,,,ALTLINE_NB_v1_2026-01-18,,,,league_avg,2.3,,,,,,,,,,,,,,,,,,,,,,,,,exp/fallback,0.2009999999999999,,,,,,,,,,,,,,,,,,,,,,,,,exp/fallback,0.1389999999999999,,,,,,,,,,,,,,,,,,,,,,0.5,2250.0,Hard Rock Bet,exp/fallback,0.2047999999999999,0.1786805128719816,17.9,0.0425531914893617,319.89920524915675,319.9,0.1786805128719816,17.9,319.89920524915675,319.9,,,,,,,,,,,,,0.5,2200.0,DraftKings,exp/fallback,0.1452999999999999,0.1296345790859625,13.0,0.0434782608695652,198.15953189771383,198.2,0.1296345790859625,13.0,198.15953189771383,198.2,,,,,,,,,,,,,False,False,True,True,False,,,Active roster,2026-10-02T16:41:02+00:00,False,[],2025-2026,,2026-09-24-frozen-v2,2026-10-02T16:41:05.426327+00:00
2026-10-02,STL@DAL,2026020020,8:00 PM,2026-10-03T01:00:00Z,Tyler Seguin,8475794,DAL,False,,2026-27,DAL,C,,Healthy,Unknown,,,0.0,0.0,,16.0,11.0,2026-10-02T16:40:41+00:00,STL,Joel Hofer,0.9088729016786572,2.606061760615701,26.7,Likely,dailyfaceoff_name_and_stats,23.5,4.0,23.5,4.0,,45.5,49.3,A1+A2,16.66,64.4,50.6,1.0,NONE,False,False,23.304187303758766,2.359048317579094,4.7,36.4,8.0,2.0,True,,,,,50.0,,,,,,,,,,,,,,,,,,,,,,,,,,,,,,,,,,,,,,,,1.7861169996842725,0.6494970907942809,,,0.0,2.4044759781066287,2.4228664098925603,50.0,52.9,67.2,52.9,5.41,1.7,,,,,COOL,COOL,COOL,3.71,,COOL,Red,Red,Red,Red,50.0,44.0,42.0,48.0,POINTS,50.0,,,,,,,C,Passenger,11.1,,64.5,,0.0,1.855555555555556,50.1,1.855555555555556,0.111366330764671,11.1,11.1,2.248502994011976,1.4850299401197604,0.8982035928143711,8.800749866095341,6.865935318421427,64.5,62.3,False,,,,,,False,False,0.0,,False,0.0,,False,0.0,,1.5,-115.0,theScore Bet,2.5,240.0,FanDuel,3.5,575.0,Fanatics,4.5,1700.0,Fanatics,1.5,-115.0,theScore Bet,0.5,130.0,Hard Rock Bet,1.5,600.0,BetRivers,2.5,2500.0,Fanatics,3.5,1600.0,BetOnline.ag,0.5,130.0,Hard Rock Bet,0.5,250.0,BetRivers,1.5,1300.0,Fanatics,2.5,3300.0,Bovada,,,,0.5,250.0,BetRivers,0.5,340.0,theScore Bet,,,,,,,,,,0.5,340.0,theScore Bet,0.5,300.0,BetRivers,,,,,,,,,,0.5,300.0,BetRivers,The Odds API,"[""Bally Bet"", ""BetMGM"", ""BetRivers"", ""Bovada"", ""Caesars"", ""Courtside"", ""DraftKings"", ""FanDuel"", ""Fanatics"", ""betrivers""]",The Odds API,"[""Bally Bet"", ""BetMGM"", ""BetRivers"", ""Bovada"", ""Caesars"", ""Courtside"", ""DraftKings"", ""FanDuel"", ""Fanatics"", ""Fliff"", ""Hard Rock Bet"", ""fanduel"", ""theScore Bet""]",The Odds API,"[""Bally Bet"", ""BetOnline.ag"", ""BetRivers"", ""Bovada"", ""Courtside"", ""DraftKings"", ""FanDuel"", ""Fanatics"", ""Fliff"", ""Hard Rock Bet"", ""ReBet"", ""theScore Bet""]",The Odds API,"[""Bally Bet"", ""BetOnline.ag"", ""BetRivers"", ""Bovada"", ""Courtside"", ""DraftKings"", ""Fanatics"", ""Fliff"", ""Hard Rock Bet"", ""ReBet"", ""draftkings"", ""theScore Bet""]",The Odds API,"[""Bally Bet"", ""BetOnline.ag"", ""BetRivers"", ""Bovada"", ""Caesars"", ""Courtside"", ""DraftKings"", ""Fanatics"", ""Fliff"", ""Hard Rock Bet"", ""ReBet"", ""draftkings"", ""theScore Bet""]",,,,,,,,,,,,,,,,,,ALTLINE_NB_v1_2026-01-18,1.5,-115.0,theScore Bet,league_avg,2.3,0.6001759479749428,60.0,0.5348837209302325,12.206807664880603,12.2,0.6001759479749428,60.0,12.206807664880603,12.2,0.3835789960842564,38.4,30.41685866864716,30.4,0.2254288407355011,22.5,52.16446749646329,52.2,0.1243884637071297,12.4,123.89923467283354,123.9,0.5,130.0,Hard Rock Bet,exp/fallback,0.541,0.3907023619898527,39.1,0.4347826086956521,-10.138456742333869,-10.1,0.3907023619898527,39.1,-10.138456742333869,-10.1,0.1135509581444838,11.4,-20.514329298861345,-20.5,0.0284550957833347,2.8,-26.016750963329734,-26.0,0.0065207998475858,0.7,-88.91464025910413,-88.9,0.5,250.0,BetRivers,exp/fallback,0.371,0.288463991208261,28.8,0.2857142857142857,0.962396922891362,1.0,0.288463991208261,28.8,0.962396922891362,1.0,0.0657901326998383,6.6,-7.893814220226303,-7.9,0.0135261081279542,1.4,-54.0112323649554,-54.0,,,,,0.5,340.0,theScore Bet,exp/fallback,0.248,0.2105798625134437,21.1,0.2272727272727272,-7.344860494084759,-7.3,0.2105798625134437,21.1,-7.344860494084759,-7.3,,,,,,,,,,,,,0.5,300.0,BetRivers,exp/fallback,0.2154999999999999,0.1826461372964483,18.3,0.25,-26.94154508142068,-26.9,0.1826461372964483,18.3,-26.94154508142068,-26.9,,,,,,,,,,,,,True,False,False,False,False,,,Active roster,2026-10-02T16:41:02+00:00,False,[],2025-2026,,2026-09-24-frozen-v2,2026-10-02T16:41:05.426327+00:00
2026-10-02,STL@DAL,2026020020,8:00 PM,2026-10-03T01:00:00Z,Wyatt Johnston,8482740,DAL,False,"{""season"":""2026-27"",""games"":[]}",2026-27,DAL,C,⭐ STAR,Healthy,Unknown,,,0.0,0.0,,16.0,11.0,2026-10-02T16:40:41+00:00,STL,Joel Hofer,0.9088729016786572,2.606061760615701,26.7,Likely,dailyfaceoff_name_and_stats,23.5,4.0,23.5,4.0,16.3,99.4,93.9,A1+A2,20.12,85.0,94.6,1.21,STAR,False,True,23.304187303758766,2.359048317579094,4.7,36.4,8.0,2.0,True,3.5,3.5,3.2,3.395,91.9,6.0,4.0,20.0,4.0,1.0,2.0,6.0,6.0,2.0,2.0,20.0,20.0,OK,0.6,0.1,LOW,0.3,,LOW,0.15,,LOW,0.2,,LOW,0.1,,LOW,0.05,,LOW,2.0,,LOW,1.0,,LOW,0.5,,1.734661098618696,0.578220366206232,,,2.0,2.4044759781066287,2.4228664098925603,50.0,52.9,66.2,52.9,15.35,7.17,45.83,5.37,1.31,13.95,HOT,COOL,HOT,8.18,4.06,HOT,Green,Green,Green,Green,80.0,84.0,88.0,80.0,GOAL,88.0,0.0,3.0,0.0,0.0,5.0,0.0,A,Hybrid,16.6,,64.5,,2.0,3.332113821138212,273.2333333333333,3.332113821138212,0.1655842516185724,16.6,16.6,5.486519458338416,3.3400024399170425,2.525314139319263,8.800749866095341,6.865935318421427,64.5,80.0,False,,,,🥅 D:0,,False,False,2.0,,False,0.0,,False,0.0,,1.5,-340.0,DraftKings,2.5,-114.0,FanDuel,3.5,225.0,Fanatics,4.5,525.0,Fanatics,2.5,-114.0,FanDuel,0.5,-180.0,Fanatics,1.5,285.0,FanDuel,2.5,1000.0,FanDuel,3.5,3500.0,Fanatics,0.5,-180.0,Fanatics,0.5,150.0,BetOnline.ag,1.5,870.0,FanDuel,2.5,4000.0,Fanatics,,,,0.5,150.0,BetOnline.ag,0.5,155.0,BetRivers,,,,,,,,,,0.5,155.0,BetRivers,0.5,160.0,betrivers,,,,,,,,,,0.5,160.0,betrivers,BallDontLie,"[""Bally Bet"", ""BetMGM"", ""BetRivers"", ""Bovada"", ""Caesars"", ""Courtside"", ""DraftKings"", ""FanDuel"", ""Fanatics"", ""betrivers""]",The Odds API,"[""Bally Bet"", ""BetMGM"", ""BetRivers"", ""Bovada"", ""Caesars"", ""Courtside"", ""DraftKings"", ""FanDuel"", ""Fanatics"", ""Fliff"", ""Hard Rock Bet"", ""fanduel"", ""theScore Bet""]",The Odds API,"[""Bally Bet"", ""BetOnline.ag"", ""BetRivers"", ""Bovada"", ""Courtside"", ""DraftKings"", ""FanDuel"", ""Fanatics"", ""Fliff"", ""Hard Rock Bet"", ""ReBet"", ""fanduel"", ""theScore Bet""]",The Odds API,"[""Bally Bet"", ""BetOnline.ag"", ""BetRivers"", ""Bovada"", ""Courtside"", ""DraftKings"", ""FanDuel"", ""Fanatics"", ""Fliff"", ""Hard Rock Bet"", ""ReBet"", ""draftkings"", ""theScore Bet""]",The Odds API,"[""Bally Bet"", ""BetOnline.ag"", ""BetRivers"", ""Bovada"", ""Caesars"", ""Courtside"", ""DraftKings"", ""FanDuel"", ""Fanatics"", ""Fliff"", ""Hard Rock Bet"", ""ReBet"", ""draftkings"", ""theScore Bet""]",0.5,190.0,BetRivers,1.5,650.0,Bovada,,,,,,,0.5,190.0,BetRivers,The Odds API,"[""Bally Bet"", ""BetRivers"", ""Bovada"", ""FanDuel"", ""Fliff"", ""Hard Rock Bet"", ""theScore Bet""]",ALTLINE_NB_v1_2026-01-18,2.5,-114.0,FanDuel,exp/fallback,4.583,0.7175813020493188,71.8,0.5327102803738317,34.703858454872126,34.7,0.8520759506766832,85.2,10.268652440511945,10.3,0.7175813020493188,71.8,34.703858454872126,34.7,0.5739511087231599,57.4,86.53411033502695,86.5,0.4397381228179838,44.0,174.83632676123992,174.8,0.5,-180.0,Fanatics,exp/fallback,1.535,0.7072854700129896,70.7,0.6428571428571429,10.022184224242825,10.0,0.7072854700129896,70.7,10.022184224242825,10.0,0.4149993724165927,41.5,59.774758380388185,59.8,0.2179950251262582,21.8,139.79452763888403,139.8,0.1065226243555903,10.7,283.48144768012526,283.5,0.5,150.0,BetOnline.ag,exp/fallback,0.818,0.4962929680987225,49.6,0.4,24.073242024680617,24.1,0.4962929680987225,49.6,24.073242024680617,24.1,0.2038640453909546,20.4,97.74812402922596,97.7,0.0765360510110996,7.7,213.79780914550844,213.8,,,,,0.5,155.0,BetRivers,exp/fallback,0.4668,0.3481775026934309,34.8,0.392156862745098,-11.214736813175108,-11.2,0.3481775026934309,34.8,-11.214736813175108,-11.2,,,,,,,,,,,,,0.5,160.0,betrivers,exp/fallback,0.5710500000000001,0.3847038288892128,38.5,0.3846153846153846,0.022995511195345,0.0,0.3847038288892128,38.5,0.022995511195345,0.0,,,,,,,,,,,,,True,True,False,False,True,16.3,,Active roster,2026-10-02T16:41:02+00:00,False,"[{""market"":""Points"",""name"":""Hammer Fists"",""kind"":""FLOOR"",""rule"":""Conf_Points >= 80"",""icon"":""PTS05_HAMMER_FISTS.svg"",""kit_version"":""2026-09-24-frozen-v2""},{""market"":""Points"",""name"":""Echo Stomp I"",""kind"":""TIER"",""rule"":""Conf_Points >= 80 + L10_S >= 17"",""icon"":""PTS05_HAMMER_STOMP.svg"",""kit_version"":""2026-09-24-frozen-v2""},{""market"":""Points"",""name"":""Echo Stomp II"",""kind"":""TIER"",""rule"":""Conf_Points >= 80 + TOI_per_game >= 19.18"",""icon"":""PTS05_HAMMER_STOMP.svg"",""kit_version"":""2026-09-24-frozen-v2""},{""market"":""Points"",""name"":""Gaia’s Blessing"",""kind"":""TIER"",""rule"":""Conf_Points >= 80 + Assists_mu >= 0.746"",""icon"":""PTS05_GAIAS_BLESSING.svg"",""kit_version"":""2026-09-24-frozen-v2""},{""market"":""Points"",""name"":""Hammer Fists II"",""kind"":""HEAVY"",""rule"":""Conf_Points >= 80 + TOI_per_game >= 19.18 + L10_S >= 17"",""icon"":""PTS05_HAMMER_FISTS.svg"",""kit_version"":""2026-09-24-frozen-v2""},{""market"":""Assists"",""name"":""Staff (Green Stance)"",""kind"":""STANCE"",""rule"":""Green + Assists 0.5"",""icon"":""staff.svg"",""kit_version"":""2026-09-24-frozen-v2""},{""market"":""SOG"",""name"":""Jungle Stance"",""kind"":""STANCE"",""rule"":""Green + SOG 2.5 + Conf_SOG >= 75"",""icon"":""sog_basic_swipe.svg"",""kit_version"":""2026-09-24-frozen-v2""},{""market"":""SOG"",""name"":""Berserker Swipe"",""kind"":""FLOOR"",""rule"":""iXG% >= 93.2"",""icon"":""sog_basic_swipe.svg"",""kit_version"":""2026-09-24-frozen-v2""},{""market"":""SOG"",""name"":""Bloodthirst"",""kind"":""HEAVY"",""rule"":""PP_TOI_Pct >= 15.9 + iXG% >= 93.2"",""icon"":""sog_bloodthirst.svg"",""kit_version"":""2026-09-24-frozen-v2""}]",2025-2026,,2026-09-24-frozen-v2,2026-10-02T16:41:05.426327+00:00
2026-10-02,STL@DAL,2026020020,8:00 PM,2026-10-03T01:00:00Z,Adam Jiricek,8484790,,,,,STL,D,,Unknown,,,,,,,,,,,,,,,,,,,,,,,,,,,,,,,,,,,,,,,,,,,,,,,,,,,,,,,,,,,,,,,,,,,,,,,,,,,,,,,,,,,,,,,,,,,,,,,,,,,,,,,,,,,,,,,,,,,,,,,,,,,,,,,,,,,,,,,,,,,,,,,,,,,,,,,,,,,,,,,,,,,,,,,,,,,,,,,,,,,,,,,,,,,,,,,,,,,,,,,,,,,,,,,,,,,,,,,,,,,,,,,,,,,,,,,,,,,,,,,,,,,,,,,,,,,,,,,,,,,,,,,,,,,,,,,,,,,,,,,,,,,,,,,,,,,,,,,,,,,,,,,,,,,,,,,,,,,,,,,,,,,,,,,,,,,,,,,,,,,0.5,1200.0,fanduel,,,,,,,,,,,,,,,,,,,,,,,,,,,,,,,,,,,,,,,,,,,,,,,,,,,,,,,,,Active roster,2026-10-02T16:41:02+00:00,True,[],Unavailable,True,2026-09-24-frozen-v2,2026-10-02T16:41:05.426327+00:00
2026-10-02,STL@DAL,2026020020,8:00 PM,2026-10-03T01:00:00Z,Alexey Toropchenko,8480281,STL,False,,2026-27,STL,R,,Healthy,Unknown,,,2.0,0.0,,16.0,11.0,2026-10-02T16:40:41+00:00,DAL,Jake Oettinger,0.8994169096209913,2.5922118851453946,39.3,Confirmed,dailyfaceoff_name_and_stats,26.5,4.0,26.5,4.0,,55.7,40.6,A1+A2,11.99,24.8,44.3,0.98,NONE,False,False,24.505980133792825,2.3387958645854448,25.8,16.7,5.0,1.25,True,,,,,50.0,,,,,,,,,,,,,,,,,,,,,,,,,,,,,,,,,,,,,,,,0.7275483137552103,0.3637741568776051,,,0.0,2.2860651211854,2.225097451027253,50.0,23.3,41.2,23.3,2.08,1.03,,,,,COOL,COOL,COOL,1.05,,COOL,Red,Red,Red,Red,37.0,42.0,44.0,33.0,GOAL,44.0,,,,,,,C,Passenger,0.3,,24.2,,0.0,0.031025641025641,2.0166666666666666,0.031025641025641,0.0025874604396544,0.3,0.3,0.0,0.0,0.0,5.33470629534285,7.373529173090968,24.2,20.1,False,,,,,,False,False,0.0,,False,0.0,,False,0.0,,,,,,,,,,,,,,,,,,,,,,,,,,,,,,,,,,,,,,,,,,,,,,,0.5,1200.0,FanDuel,,,,,,,,,,0.5,1200.0,FanDuel,0.5,1200.0,FanDuel,,,,,,,,,,0.5,1200.0,FanDuel,The Odds API,"[""Bally Bet"", ""BetMGM"", ""BetRivers"", ""Bovada"", ""Caesars"", ""Courtside"", ""DraftKings"", ""FanDuel"", ""Fanatics"", ""fanduel""]",The Odds API,"[""Bally Bet"", ""BetMGM"", ""BetRivers"", ""Bovada"", ""Caesars"", ""Courtside"", ""DraftKings"", ""FanDuel"", ""Fanatics"", ""Fliff"", ""Hard Rock Bet"", ""theScore Bet""]",,,,,,,,,,,,,,,,,,,,,,,,ALTLINE_NB_v1_2026-01-18,,,,league_avg,2.3,,,,,,,,,,,,,,,,,,,,,,,,,exp/fallback,0.208,,,,,,,,,,,,,,,,,,,,,,,,,exp/fallback,0.105,,,,,,,,,,,,,,,,,,,,,,0.5,1200.0,FanDuel,exp/fallback,0.2212,0.1909993585540725,19.1,0.0769230769230769,148.29916612029436,148.3,0.1909993585540725,19.1,148.29916612029436,148.3,,,,,,,,,,,,,0.5,1200.0,FanDuel,exp/fallback,0.17195,0.150410237895853,15.0,0.0769230769230769,95.53330926460896,95.5,0.150410237895853,15.0,95.53330926460896,95.5,,,,,,,,,,,,,False,False,True,True,False,,,Active roster,2026-10-02T16:41:02+00:00,False,[],2025-2026,,2026-09-24-frozen-v2,2026-10-02T16:41:05.426327+00:00
2026-10-02,STL@DAL,2026020020,8:00 PM,2026-10-03T01:00:00Z,Brandon Carlo,8478443,TOR,True,,2026-27,STL,D,,Healthy,Unknown,,,2.0,1.0,🟢 ROLE+,16.0,11.0,2026-10-02T16:40:41+00:00,DAL,Jake Oettinger,0.8994169096209913,2.5922118851453946,39.3,Confirmed,dailyfaceoff_name_and_stats,26.5,4.0,26.5,4.0,,41.2,40.6,A1+A2,19.37,82.4,49.2,1.0,NONE,False,False,24.505980133792825,2.3387958645854448,25.8,16.7,5.0,1.25,True,,,,,50.0,,,,,,,,,,,,,,,,,,,,,,,,,,,,,,,,,,,,,,,,0.3402132002721705,0.0,,,0.0,2.2860651211854,2.225097451027253,50.0,23.3,35.3,23.3,1.98,0.71,,,,,COOL,COOL,COOL,1.27,,COOL,Red,Red,Red,Red,44.0,41.0,40.0,39.0,POINTS,44.0,,,,,,,,Passenger,0.2,,24.2,,,0.03,1.65,0.03,0.0015491503145244,0.2,0.2,1.8181818181818183,1.8181818181818183,0.0,5.33470629534285,7.373529173090968,24.2,17.8,False,,,,,,False,False,0.0,,False,0.0,,False,0.0,,,,,,,,,,,,,,,,,,,,,,,,,,,,,,,,,,,,,,,,,,,,,,,,,,,,,,,,,,,,,,,,,,,,,,,,,,,,,,,,,,,,,,,,,,,,,,,,,,,,,,,,ALTLINE_NB_v1_2026-01-18,,,,league_avg,2.3,,,,,,,,,,,,,,,,,,,,,,,,,exp/fallback,0.198,,,,,,,,,,,,,,,,,,,,,,,,,exp/fallback,0.127,,,,,,,,,,,,,,,,,,,,,,,,,exp/fallback,0.2084,,,,,,,,,,,,,,,,,,,,,,,,,exp/fallback,0.15115,,,,,,,,,,,,,,,,,,,,,,False,False,False,False,False,,,Active roster,2026-10-02T16:41:02+00:00,False,[],2025-2026,,2026-09-24-frozen-v2,2026-10-02T16:41:05.426327+00:00
2026-10-02,STL@DAL,2026020020,8:00 PM,2026-10-03T01:00:00Z,Cam Fowler,8475764,STL,False,"{""season"":""2026-27"",""games"":[]}",2026-27,STL,D,,Healthy,Unknown,,,2.0,1.0,🟢 ROLE+,16.0,11.0,2026-10-02T16:40:41+00:00,DAL,Jake Oettinger,0.8994169096209913,2.5922118851453946,39.3,Confirmed,dailyfaceoff_name_and_stats,26.5,4.0,26.5,4.0,6.1,43.7,80.9,A1+A2,21.08,90.2,66.0,1.06,NONE,False,False,24.505980133792825,2.3387958645854448,25.8,16.7,5.0,1.25,True,1.0,0.625,0.8,0.93,15.4,4.0,2.0,6.0,1.0,2.0,2.0,10.0,16.0,7.0,13.0,14.0,33.0,LOW,0.4,-0.1,LOW,0.5,,LOW,0.4,,LOW,0.2,,LOW,0.35,,LOW,0.325,,LOW,0.6,,LOW,0.7,,LOW,0.825,,0.7457276022786121,0.2900051786639047,,,2.0,2.2860651211854,2.225097451027253,50.0,23.3,41.7,23.3,3.93,0.56,9.3,-0.07,-1.44,3.3,COOL,COOL,HOT,3.37,1.37,COOL,Yellow,Red,Red,Yellow,58.0,44.0,41.0,61.0,ASSISTS,61.0,0.0,0.0,3.0,10.0,1.0,9.0,B,Distributor,7.3,,24.2,,1.0,1.536991869918699,126.03333333333332,1.536991869918699,0.0729148587407193,7.3,7.3,3.52168738428987,0.3856122718857445,3.689500132240148,5.33470629534285,7.373529173090968,24.2,62.1,False,,,,🅰️ D:0,,False,False,1.0,,False,0.0,,False,0.0,,1.5,170.0,BetRivers,,,,,,,,,,1.5,170.0,BetRivers,0.5,215.0,BetRivers,,,,,,,,,,0.5,215.0,BetRivers,0.5,275.0,BetRivers,,,,,,,,,,0.5,275.0,BetRivers,0.5,1300.0,DraftKings,,,,,,,,,,0.5,1300.0,DraftKings,0.5,1300.0,DraftKings,,,,,,,,,,0.5,1300.0,DraftKings,The Odds API,"[""Bally Bet"", ""BetMGM"", ""BetRivers"", ""Bovada"", ""Caesars"", ""Courtside"", ""DraftKings"", ""FanDuel"", ""Fanatics"", ""fanatics""]",The Odds API,"[""Bally Bet"", ""BetMGM"", ""BetRivers"", ""Bovada"", ""Caesars"", ""Courtside"", ""DraftKings"", ""FanDuel"", ""Fanatics"", ""Fliff"", ""Hard Rock Bet"", ""theScore Bet""]",The Odds API,"[""Bally Bet"", ""BetRivers""]",The Odds API,"[""Bally Bet"", ""BetRivers""]",The Odds API,"[""Bally Bet"", ""BetRivers""]",0.5,800.0,Hard Rock Bet,,,,,,,,,,0.5,800.0,Hard Rock Bet,The Odds API,"[""Bovada"", ""Hard Rock Bet"", ""theScore Bet""]",ALTLINE_NB_v1_2026-01-18,1.5,170.0,BetRivers,exp/fallback,0.93,0.2396361230706987,24.0,0.3703703703703703,-35.29824677091135,-35.3,0.2396361230706987,24.0,-35.29824677091135,-35.3,,,,,,,,,,,,,0.5,215.0,BetRivers,exp/fallback,0.393,0.3080347251583559,30.8,0.3174603174603174,-2.9690615751178817,-3.0,0.3080347251583559,30.8,-2.9690615751178817,-3.0,,,,,,,,,,,,,0.5,275.0,BetRivers,exp/fallback,0.337,0.2676097289991209,26.8,0.2666666666666666,0.3536483746703567,0.4,0.2676097289991209,26.8,0.3536483746703567,0.4,,,,,,,,,,,,,0.5,1300.0,DraftKings,exp/fallback,0.1518,0.1370252157685045,13.7,0.0714285714285714,91.8353020759064,91.8,0.1370252157685045,13.7,91.8353020759064,91.8,,,,,,,,,,,,,0.5,1300.0,DraftKings,exp/fallback,0.10605,0.0974711253988905,9.7,0.0714285714285714,36.4595755584468,36.5,0.0974711253988905,9.7,36.4595755584468,36.5,,,,,,,,,,,,,False,False,True,True,False,6.1,,Active roster,2026-10-02T16:41:02+00:00,False,[],2025-2026,,2026-09-24-frozen-v2,2026-10-02T16:41:05.426327+00:00
2026-10-02,STL@DAL,2026020020,8:00 PM,2026-10-03T01:00:00Z,Colton Parayko,8476892,STL,False,,2026-27,STL,D,,Healthy,Unknown,,,2.0,1.0,🟢 ROLE+,16.0,11.0,2026-10-02T16:40:41+00:00,DAL,Jake Oettinger,0.8994169096209913,2.5922118851453946,39.3,Confirmed,dailyfaceoff_name_and_stats,26.5,4.0,26.5,4.0,,49.0,58.4,A1+A2,22.2,93.8,61.2,1.04,NONE,False,False,24.505980133792825,2.3387958645854448,25.8,16.7,5.0,1.25,True,,,,,50.0,,,,,,,,,,,,,,,,,,,,,,,,,,,,,,,,,,,,,,,,0.7446478436239529,0.2482159478746509,,,0.0,2.2860651211854,2.225097451027253,50.0,23.3,41.3,23.3,2.61,0.71,,,,,COOL,COOL,COOL,1.9,,COOL,Red,Red,Red,Red,55.0,46.0,46.0,50.0,POINTS,55.0,,,,,,,C,Passenger,0.9,,24.2,,0.0,0.1926406926406926,14.833333333333334,0.1926406926406926,0.008678947214448,0.9,0.9,0.0404494382022471,0.0404494382022471,0.0,5.33470629534285,7.373529173090968,24.2,26.5,False,,,,,,False,False,0.0,,False,0.0,,False,0.0,,1.5,123.0,BetRivers,,,,,,,,,,1.5,123.0,BetRivers,,,,,,,,,,,,,,,,,,,,,,,,,,,,,,,0.5,1300.0,FanDuel,,,,,,,,,,0.5,1300.0,FanDuel,0.5,1300.0,FanDuel,,,,,,,,,,0.5,1300.0,FanDuel,The Odds API,"[""Bally Bet"", ""BetMGM"", ""BetRivers"", ""Bovada"", ""Caesars"", ""Courtside"", ""DraftKings"", ""FanDuel"", ""Fanatics"", ""betmgm""]",The Odds API,"[""Bally Bet"", ""BetMGM"", ""BetRivers"", ""Bovada"", ""Caesars"", ""Courtside"", ""DraftKings"", ""FanDuel"", ""Fanatics"", ""Fliff"", ""Hard Rock Bet"", ""theScore Bet""]",The Odds API,"[""Bally Bet"", ""BetRivers""]",,,,,,,,,,,,,,,,,,,,,,ALTLINE_NB_v1_2026-01-18,1.5,123.0,BetRivers,league_avg,2.3,0.6001759479749428,60.0,0.4484304932735426,33.83923639841224,33.8,0.6001759479749428,60.0,33.83923639841224,33.8,,,,,,,,,,,,,,,,exp/fallback,0.261,,,,,,,,,,,,,,,,,,,,,,,,,exp/fallback,0.19,,,,,,,,,,,,,,,,,,,,,,0.5,1300.0,FanDuel,exp/fallback,0.2084,0.1814070333516471,18.1,0.0714285714285714,153.9698466923059,154.0,0.1814070333516471,18.1,153.9698466923059,154.0,,,,,,,,,,,,,0.5,1300.0,FanDuel,exp/fallback,0.15115,0.1342664029004282,13.4,0.0714285714285714,87.97296406059955,88.0,0.1342664029004282,13.4,87.97296406059955,88.0,,,,,,,,,,,,,True,False,True,True,False,,,Active roster,2026-10-02T16:41:02+00:00,False,[],2025-2026,,2026-09-24-frozen-v2,2026-10-02T16:41:05.426327+00:00
2026-10-02,STL@DAL,2026020020,8:00 PM,2026-10-03T01:00:00Z,Connor McMichael,8481580,WSH,True,"{""season"":""2026-27"",""games"":[]}",2026-27,STL,L,,Healthy,Unknown,,,2.0,0.0,,16.0,11.0,2026-10-02T16:40:41+00:00,DAL,Jake Oettinger,0.8994169096209913,2.5922118851453946,39.3,Confirmed,dailyfaceoff_name_and_stats,26.5,4.0,26.5,4.0,6.1,87.6,87.4,A1+A2,16.91,68.0,83.6,1.13,NONE,False,False,24.505980133792825,2.3387958645854448,25.8,16.7,5.0,1.25,True,1.0,1.25,1.0,1.0,23.5,11.0,4.0,15.0,3.0,2.0,7.0,15.0,27.0,9.0,18.0,32.0,68.0,STRONG,1.1,,OK,0.75,,OK,0.675,,GOOD,0.7,,OK,0.45,,OK,0.45,,LOW,1.5,,LOW,1.6,,LOW,1.7,,2.174861553952005,1.0270179560328914,,,7.0,2.2860651211854,2.225097451027253,50.0,23.3,71.6,23.3,8.37,2.96,11.0,-3.39,-1.04,-5.0,COOL,COOL,COOL,5.12,-2.35,COOL,Yellow,Red,Yellow,Yellow,60.0,65.0,67.0,70.0,ASSISTS,70.0,1.0,1.0,1.0,5.0,2.0,8.0,,Passenger,9.1,,24.2,,,1.540598290598291,120.16666666666669,1.540598290598291,0.0911262496682296,9.1,9.1,2.215672676837725,1.0485436893203883,1.3730929264909848,5.33470629534285,7.373529173090968,24.2,53.6,False,,,,🅰️ D:1,,False,False,0.0,,False,0.0,,False,0.0,,,,,,,,,,,,,,,,,,,,,,,,,,,,,,,,,,,,,,,,,,,,,,,0.5,290.0,fanduel,,,,,,,,,,0.5,290.0,fanduel,0.5,290.0,fanduel,,,,,,,,,,0.5,290.0,fanduel,BallDontLie,"[""fanduel""]",BallDontLie,"[""fanduel""]",,,,,,,,,,,,,,,,,,,,,,,,ALTLINE_NB_v1_2026-01-18,,,,exp/fallback,1.1,,,,,,,,,,,,,,,,,,,,,,,,,exp/fallback,0.837,,,,,,,,,,,,,,,,,,,,,,,,,exp/fallback,0.512,,,,,,,,,,,,,,,,,,,,,,0.5,290.0,fanduel,exp/fallback,0.2238,0.1929285531147184,19.3,0.2564102564102564,-24.7578642852598,-24.8,0.1929285531147184,19.3,-24.7578642852598,-24.8,,,,,,,,,,,,,0.5,290.0,fanduel,exp/fallback,0.22305,0.1880295347927127,18.8,0.2564102564102564,-26.668481430842014,-26.7,0.1880295347927127,18.8,-26.668481430842014,-26.7,,,,,,,,,,,,,False,False,False,False,False,6.1,,Active roster,2026-10-02T16:41:02+00:00,False,[],2025-2026,,2026-09-24-frozen-v2,2026-10-02T16:41:05.426327+00:00
2026-10-02,STL@DAL,2026020020,8:00 PM,2026-10-03T01:00:00Z,Dalibor Dvorsky,8484164,STL,False,,2026-27,STL,R,,Healthy,Unknown,,,2.0,0.0,,16.0,11.0,2026-10-02T16:40:41+00:00,DAL,Jake Oettinger,0.8994169096209913,2.5922118851453946,39.3,Confirmed,dailyfaceoff_name_and_stats,26.5,4.0,26.5,4.0,,68.0,46.6,A1+A2,14.34,41.8,55.3,1.02,NONE,False,False,24.505980133792825,2.3387958645854448,25.8,16.7,5.0,1.25,True,,,,,50.0,,,,,,,,,,,,,,,,,,,,,,,,,,,,,,,,,,,,,,,,0.9702383244138144,0.2079082123743887,,,0.0,2.2860651211854,2.225097451027253,50.0,23.3,48.7,23.3,2.82,1.53,,,,,COOL,COOL,COOL,1.29,,COOL,Red,Red,Red,Red,43.0,50.0,55.0,40.0,GOAL,55.0,,,,,,,B,Shooter,13.1,,24.2,,1.0,1.881924882629108,133.61666666666667,1.881924882629108,0.1312454980027503,13.1,13.1,1.9735561930896848,1.401022826493701,0.6735686665835101,5.33470629534285,7.373529173090968,24.2,55.1,False,,,,,,False,False,0.0,,False,0.0,,False,0.0,,1.5,115.0,BetRivers,,,,,,,,,,1.5,115.0,BetRivers,0.5,225.0,BetRivers,,,,,,,,,,0.5,225.0,BetRivers,,,,,,,,,,,,,,,,0.5,600.0,theScore Bet,,,,,,,,,,0.5,600.0,theScore Bet,0.5,650.0,fanatics,,,,,,,,,,0.5,650.0,fanatics,BallDontLie,"[""Bally Bet"", ""BetMGM"", ""BetRivers"", ""Bovada"", ""Caesars"", ""Courtside"", ""DraftKings"", ""FanDuel"", ""Fanatics"", ""fanatics""]",The Odds API,"[""Bally Bet"", ""BetMGM"", ""BetRivers"", ""Bovada"", ""Caesars"", ""Courtside"", ""DraftKings"", ""FanDuel"", ""Fanatics"", ""Fliff"", ""Hard Rock Bet"", ""theScore Bet""]",The Odds API,"[""Bally Bet"", ""BetRivers""]",,,The Odds API,"[""Bally Bet"", ""BetRivers""]",,,,,,,,,,,,,,,,,,ALTLINE_NB_v1_2026-01-18,1.5,115.0,BetRivers,league_avg,2.3,0.6001759479749428,60.0,0.4651162790697674,29.037828814612688,29.0,0.6001759479749428,60.0,29.037828814612688,29.0,,,,,,,,,,,,,0.5,225.0,BetRivers,exp/fallback,0.282,0.2358079745719221,23.6,0.3076923076923077,-23.3624082641253,-23.4,0.2358079745719221,23.6,-23.3624082641253,-23.4,,,,,,,,,,,,,,,,exp/fallback,0.129,,,,,,,,,,,,,,,,,,,,,,0.5,600.0,theScore Bet,exp/fallback,0.2412,0.205675032213172,20.6,0.1428571428571428,43.97252254922045,44.0,0.205675032213172,20.6,43.97252254922045,44.0,,,,,,,,,,,,,0.5,650.0,fanatics,exp/fallback,0.20445,0.1746602413547974,17.5,0.1333333333333333,30.99518101609805,31.0,0.1746602413547974,17.5,30.99518101609805,31.0,,,,,,,,,,,,,True,False,True,True,False,,,Active roster,2026-10-02T16:41:02+00:00,False,[],2025-2026,,2026-09-24-frozen-v2,2026-10-02T16:41:05.426327+00:00
2026-10-02,STL@DAL,2026020020,8:00 PM,2026-10-03T01:00:00Z,Dylan Holloway,8482077,STL,False,"{""season"":""2026-27"",""games"":[]}",2026-27,STL,L,,Healthy,Unknown,,,2.0,1.0,🟢 ROLE+,16.0,11.0,2026-10-02T16:40:41+00:00,DAL,Jake Oettinger,0.8994169096209913,2.5922118851453946,39.3,Confirmed,dailyfaceoff_name_and_stats,26.5,4.0,26.5,4.0,21.2,84.2,84.1,A1+A2,18.25,76.8,82.7,1.13,NONE,False,False,24.505980133792825,2.3387958645854448,25.8,16.7,5.0,1.25,True,3.5,3.25,3.0,3.325,89.0,15.0,5.0,33.0,3.0,5.0,10.0,26.0,42.0,16.0,25.0,65.0,121.0,ELITE,1.5,1.0,ELITE,1.3,,STRONG,1.05,,ELITE,1.0,,STRONG,0.8,,GOOD,0.625,,GOOD,3.3,,GOOD,3.25,,GOOD,3.025,,2.517149498270877,0.6803106752083451,,,10.0,2.2860651211854,2.225097451027253,50.0,23.3,73.9,23.3,10.04,3.93,36.58,-5.87,-1.43,0.25,COOL,COOL,COOL,6.12,-4.44,COOL,Yellow,Yellow,Yellow,Yellow,61.0,71.0,77.0,74.0,GOAL,77.0,0.0,0.0,1.0,1.0,5.0,1.0,B,Hybrid,12.1,,24.2,,1.0,2.2084745762711866,130.3,2.2084745762711866,0.1209860876831891,12.1,12.1,2.640828856485034,1.2709132770529543,1.6116653875671525,5.33470629534285,7.373529173090968,24.2,57.8,False,,,,🥅 D:1,,False,False,1.0,,False,0.0,,False,0.0,,1.5,-340.0,DraftKings,2.5,-114.0,FanDuel,3.5,230.0,FanDuel,4.5,510.0,FanDuel,2.5,-114.0,FanDuel,0.5,100.0,FanDuel,1.5,520.0,FanDuel,2.5,1700.0,Fanatics,3.5,1300.0,BetOnline.ag,0.5,100.0,FanDuel,0.5,200.0,FanDuel,1.5,1100.0,FanDuel,2.5,2500.0,Bovada,,,,0.5,200.0,FanDuel,0.5,280.0,FanDuel,,,,,,,,,,0.5,280.0,FanDuel,0.5,280.0,FanDuel,,,,,,,,,,0.5,280.0,FanDuel,The Odds API,"[""Bally Bet"", ""BetMGM"", ""BetRivers"", ""Bovada"", ""Caesars"", ""Courtside"", ""DraftKings"", ""FanDuel"", ""Fanatics"", ""fanatics""]",The Odds API,"[""Bally Bet"", ""BetMGM"", ""BetRivers"", ""Bovada"", ""Caesars"", ""Courtside"", ""DraftKings"", ""FanDuel"", ""Fanatics"", ""Fliff"", ""Hard Rock Bet"", ""fanduel"", ""theScore Bet""]",The Odds API,"[""Bally Bet"", ""BetOnline.ag"", ""BetRivers"", ""Bovada"", ""Courtside"", ""DraftKings"", ""FanDuel"", ""Fanatics"", ""Fliff"", ""Hard Rock Bet"", ""ReBet"", ""fanduel"", ""theScore Bet""]",The Odds API,"[""Bally Bet"", ""BetOnline.ag"", ""BetRivers"", ""Bovada"", ""Courtside"", ""DraftKings"", ""FanDuel"", ""Fanatics"", ""Fliff"", ""Hard Rock Bet"", ""ReBet"", ""draftkings"", ""theScore Bet""]",The Odds API,"[""Bally Bet"", ""BetOnline.ag"", ""BetRivers"", ""Bovada"", ""Caesars"", ""Courtside"", ""DraftKings"", ""FanDuel"", ""Fanatics"", ""Fliff"", ""Hard Rock Bet"", ""ReBet"", ""draftkings"", ""theScore Bet""]",0.5,320.0,BetRivers,1.5,1000.0,Bovada,,,,,,,0.5,320.0,BetRivers,The Odds API,"[""Bally Bet"", ""BetRivers"", ""Bovada"", ""FanDuel"", ""Fliff"", ""Hard Rock Bet"", ""theScore Bet""]",ALTLINE_NB_v1_2026-01-18,2.5,-114.0,FanDuel,exp/fallback,3.658,0.6135046228465781,61.4,0.5327102803738317,15.166657271199757,15.2,0.7833427513334537,78.3,1.3737678196234144,1.4,0.6135046228465781,61.4,15.166657271199757,15.2,0.4512513259009028,45.1,48.91293754729791,48.9,0.3156200278599338,31.6,92.5282169945596,92.5,0.5,100.0,FanDuel,exp/fallback,1.004,0.577008468566649,57.7,0.5,15.4016937133298,15.4,0.577008468566649,57.7,15.4016937133298,15.4,0.2627539935340275,26.3,62.90747599109705,62.9,0.1051616761375442,10.5,89.29101704757963,89.3,0.0388160179725998,3.9,-45.65757483836026,-45.7,0.5,200.0,FanDuel,exp/fallback,0.612,0.4137084348594895,41.4,0.3333333333333333,24.112530457846848,24.1,0.4137084348594895,41.4,24.112530457846848,24.1,0.1389684364934922,13.9,66.76212379219066,66.8,0.0424097387523032,4.2,10.26532075598845,10.3,,,,,0.5,280.0,FanDuel,exp/fallback,0.3372,0.2711718409144217,27.1,0.2631578947368421,3.04529954748024,3.0,0.2711718409144217,27.1,3.04529954748024,3.0,,,,,,,,,,,,,0.5,280.0,FanDuel,exp/fallback,0.36045,0.2766361777527977,27.7,0.2631578947368421,5.121747546063116,5.1,0.2766361777527977,27.7,5.121747546063116,5.1,,,,,,,,,,,,,True,True,False,False,True,21.2,,Active roster,2026-10-02T16:41:02+00:00,False,[],2025-2026,,2026-09-24-frozen-v2,2026-10-02T16:41:05.426327+00:00
2026-10-02,STL@DAL,2026020020,8:00 PM,2026-10-03T01:00:00Z,Jake Neighbours,8482089,STL,False,"{""season"":""2026-27"",""games"":[]}",2026-27,STL,L,,Healthy,Unknown,,,2.0,0.0,,16.0,11.0,2026-10-02T16:40:41+00:00,DAL,Jake Oettinger,0.8994169096209913,2.5922118851453946,39.3,Confirmed,dailyfaceoff_name_and_stats,26.5,4.0,26.5,4.0,6.1,74.6,72.9,A1+A2,15.23,51.3,69.3,1.08,NONE,False,False,24.505980133792825,2.3387958645854448,25.8,16.7,5.0,1.25,True,1.0,1.25,1.8,1.28,37.5,8.0,1.0,14.0,1.0,3.0,7.0,11.0,19.0,10.0,14.0,24.0,48.0,GOOD,0.8,0.3,LOW,0.55,,LOW,0.475,,GOOD,0.7,,OK,0.5,,LOW,0.35,,LOW,1.4,,LOW,1.2,,LOW,1.2,,1.8553158999809125,0.549723229623974,,,7.0,2.2860651211854,2.225097451027253,50.0,23.3,68.5,23.3,5.47,2.19,12.8,-2.53,1.19,-1.2,COOL,COOL,COOL,3.28,-3.72,COOL,Yellow,Red,Red,Yellow,50.0,57.0,57.0,60.0,ASSISTS,60.0,1.0,1.0,2.0,4.0,2.0,1.0,B,Distributor,13.4,,24.2,,1.0,2.0347826086956524,140.4,2.0347826086956524,0.133601890473094,13.4,13.4,3.2777777777777777,1.0982905982905982,2.564102564102564,5.33470629534285,7.373529173090968,24.2,65.4,False,,,,🅰️ D:1,,False,False,1.0,,False,0.0,,False,0.0,,1.5,115.0,BetRivers,,,,,,,,,,1.5,115.0,BetRivers,0.5,170.0,BetRivers,1.5,900.0,BetRivers,,,,,,,0.5,170.0,BetRivers,,,,,,,,,,,,,,,,0.5,500.0,Hard Rock Bet,,,,,,,,,,0.5,500.0,Hard Rock Bet,0.5,450.0,fanduel,,,,,,,,,,0.5,450.0,fanduel,BallDontLie,"[""Bally Bet"", ""BetMGM"", ""BetRivers"", ""Bovada"", ""Caesars"", ""Courtside"", ""DraftKings"", ""FanDuel"", ""Fanatics"", ""fanduel""]",The Odds API,"[""Bally Bet"", ""BetMGM"", ""BetRivers"", ""Bovada"", ""Caesars"", ""Courtside"", ""DraftKings"", ""FanDuel"", ""Fanatics"", ""Fliff"", ""Hard Rock Bet"", ""theScore Bet""]",The Odds API,"[""Bally Bet"", ""BetRivers""]",,,The Odds API,"[""Bally Bet"", ""BetRivers""]",,,,,,,,,,,,,,,,,,ALTLINE_NB_v1_2026-01-18,1.5,115.0,BetRivers,exp/fallback,1.28,0.3512106803169195,35.1,0.4651162790697674,-24.48970373186231,-24.5,0.3512106803169195,35.1,-24.48970373186231,-24.5,,,,,,,,,,,,,0.5,170.0,BetRivers,exp/fallback,0.5469999999999999,0.3937656928543454,39.4,0.3703703703703703,6.31673707067325,6.3,0.3937656928543454,39.4,6.31673707067325,6.3,0.1154408231504777,11.5,15.440823150477769,15.4,,,,,,,,,,,,exp/fallback,0.3279999999999999,,,,,,,,,,,,,,,,,,,,,,0.5,500.0,Hard Rock Bet,exp/fallback,0.2007,0.1755597988174414,17.6,0.1666666666666666,5.335879290464862,5.3,0.1755597988174414,17.6,5.335879290464862,5.3,,,,,,,,,,,,,0.5,450.0,fanduel,exp/fallback,0.1855125,0.1606710798164929,16.1,0.1818181818181818,-11.63090610092886,-11.6,0.1606710798164929,16.1,-11.63090610092886,-11.6,,,,,,,,,,,,,False,False,False,False,False,6.1,,Active roster,2026-10-02T16:41:02+00:00,False,[],2025-2026,,2026-09-24-frozen-v2,2026-10-02T16:41:05.426327+00:00
2026-10-02,STL@DAL,2026020020,8:00 PM,2026-10-03T01:00:00Z,Jimmy Snuggerud,8483516,STL,False,"{""season"":""2026-27"",""games"":[]}",2026-27,STL,R,,Healthy,Unknown,,,2.0,0.0,,16.0,11.0,2026-10-02T16:40:41+00:00,DAL,Jake Oettinger,0.8994169096209913,2.5922118851453946,39.3,Confirmed,dailyfaceoff_name_and_stats,26.5,4.0,26.5,4.0,12.1,87.2,85.3,A1+A2,16.7,64.7,82.0,1.13,NONE,False,False,24.505980133792825,2.3387958645854448,25.8,16.7,5.0,1.25,True,2.0,2.5,2.6,2.21,67.6,12.0,4.0,28.0,4.0,4.0,8.0,24.0,38.0,14.0,23.0,64.0,116.0,STRONG,1.2,0.7,STRONG,1.2,,GOOD,0.95,,STRONG,0.8,,GOOD,0.7,,OK,0.575,,OK,2.8,,GOOD,3.2,,OK,2.9,,2.2730763323606205,0.7372139456304715,,,8.0,2.2860651211854,2.225097451027253,50.0,23.3,72.4,23.3,8.88,3.56,24.31,-3.93,-0.76,-5.9,COOL,COOL,COOL,5.31,-3.17,COOL,Yellow,Red,Yellow,Yellow,59.0,66.0,74.0,71.0,GOAL,74.0,0.0,0.0,1.0,1.0,1.0,1.0,A,Hybrid,13.1,,24.2,,2.0,2.190238095238095,153.31666666666666,2.190238095238095,0.1311856478708536,13.1,13.1,2.6073486248505278,1.5262528535710405,1.271877377975867,5.33470629534285,7.373529173090968,24.2,57.9,False,,,,🥅 D:1,,False,False,0.0,,False,0.0,,False,0.0,,1.5,-230.0,DraftKings,2.5,130.0,Fanatics,3.5,325.0,FanDuel,4.5,800.0,Fanatics,2.5,130.0,Fanatics,0.5,104.0,FanDuel,1.5,560.0,FanDuel,2.5,1800.0,FanDuel,3.5,1500.0,BetOnline.ag,0.5,104.0,FanDuel,0.5,230.0,FanDuel,1.5,1300.0,FanDuel,2.5,2500.0,Bovada,,,,0.5,230.0,FanDuel,0.5,280.0,BetRivers,,,,,,,,,,0.5,280.0,BetRivers,0.5,280.0,BetRivers,,,,,,,,,,0.5,280.0,BetRivers,The Odds API,"[""Bally Bet"", ""BetMGM"", ""BetRivers"", ""Bovada"", ""Caesars"", ""Courtside"", ""DraftKings"", ""FanDuel"", ""Fanatics"", ""betrivers""]",The Odds API,"[""Bally Bet"", ""BetMGM"", ""BetRivers"", ""Bovada"", ""Caesars"", ""Courtside"", ""DraftKings"", ""FanDuel"", ""Fanatics"", ""Fliff"", ""Hard Rock Bet"", ""fanduel"", ""theScore Bet""]",The Odds API,"[""Bally Bet"", ""BetOnline.ag"", ""BetRivers"", ""Bovada"", ""Courtside"", ""DraftKings"", ""FanDuel"", ""Fanatics"", ""Fliff"", ""Hard Rock Bet"", ""ReBet"", ""fanduel"", ""theScore Bet""]",The Odds API,"[""Bally Bet"", ""BetOnline.ag"", ""BetRivers"", ""Bovada"", ""Courtside"", ""DraftKings"", ""FanDuel"", ""Fanatics"", ""Fliff"", ""Hard Rock Bet"", ""ReBet"", ""draftkings"", ""theScore Bet""]",The Odds API,"[""Bally Bet"", ""BetOnline.ag"", ""BetRivers"", ""Bovada"", ""Caesars"", ""Courtside"", ""DraftKings"", ""FanDuel"", ""Fanatics"", ""Fliff"", ""Hard Rock Bet"", ""ReBet"", ""draftkings"", ""theScore Bet""]",0.5,300.0,Hard Rock Bet,1.5,1000.0,Bovada,,,,,,,0.5,300.0,Hard Rock Bet,The Odds API,"[""Bally Bet"", ""BetRivers"", ""Bovada"", ""FanDuel"", ""Fliff"", ""Hard Rock Bet"", ""theScore Bet""]",ALTLINE_NB_v1_2026-01-18,2.5,130.0,Fanatics,exp/fallback,2.431,0.4101644106532437,41.0,0.4347826086956521,-5.662185549753939,-5.7,0.6240289720959198,62.4,-10.465408351454986,-10.5,0.4101644106532437,41.0,-5.662185549753939,-5.7,0.2484773483403388,24.8,5.602873044644019,5.6,0.1415177487687831,14.2,27.365973891904783,27.4,0.5,104.0,FanDuel,exp/fallback,0.8880000000000001,0.5384894632793245,53.8,0.4901960784313725,9.851850508982183,9.9,0.5384894632793245,53.8,9.851850508982183,9.9,0.225839664219239,22.6,49.05417838469776,49.1,0.0828717899770853,8.3,57.456400956462126,57.5,0.0279881812506191,2.8,-55.21890999900929,-55.2,0.5,230.0,FanDuel,exp/fallback,0.5309999999999999,0.3755815872122854,37.6,0.303030303030303,23.94192378005417,23.9,0.3755815872122854,37.6,23.94192378005417,23.9,0.1135774961887561,11.4,59.00849466425857,59.0,0.0311253987963258,3.1,-19.073963129552894,-19.1,,,,,0.5,280.0,BetRivers,exp/fallback,0.3224,0.2615797244368258,26.2,0.2631578947368421,-0.5997047140061773,-0.6,0.2615797244368258,26.2,-0.5997047140061773,-0.6,,,,,,,,,,,,,0.5,280.0,BetRivers,exp/fallback,0.3364,0.2623115395120461,26.2,0.2631578947368421,-0.3216149854224803,-0.3,0.2623115395120461,26.2,-0.3216149854224803,-0.3,,,,,,,,,,,,,False,False,False,False,True,12.1,,Active roster,2026-10-02T16:41:02+00:00,False,[],2025-2026,,2026-09-24-frozen-v2,2026-10-02T16:41:05.426327+00:00
2026-10-02,STL@DAL,2026020020,8:00 PM,2026-10-03T01:00:00Z,Jonatan Berggren,8481013,STL,False,,2026-27,STL,R,,Healthy,Unknown,,,2.0,0.0,,16.0,11.0,2026-10-02T16:40:41+00:00,DAL,Jake Oettinger,0.8994169096209913,2.5922118851453946,39.3,Confirmed,dailyfaceoff_name_and_stats,26.5,4.0,26.5,4.0,,55.1,58.4,A1+A2,13.82,38.9,53.0,1.01,NONE,False,False,24.505980133792825,2.3387958645854448,25.8,16.7,5.0,1.25,True,,,,,50.0,,,,,,,,,,,,,,,,,,,,,,,,,,,,,,,,,,,,,,,,1.7043212961258252,0.6627916151600431,,,0.0,2.2860651211854,2.225097451027253,50.0,23.3,65.4,23.3,4.07,1.29,,,,,COOL,COOL,COOL,2.78,,COOL,Red,Red,Red,Red,50.0,43.0,44.0,47.0,POINTS,50.0,,,,,,,C,Passenger,8.1,,24.2,,0.0,1.1251633986928105,57.38333333333333,1.1251633986928105,0.0814044213263979,8.1,8.1,1.108335753703166,1.108335753703166,0.0,5.33470629534285,7.373529173090968,24.2,40.1,False,,,,,,False,False,0.0,,False,0.0,,False,0.0,,,,,,,,,,,,,,,,,0.5,240.0,BetRivers,,,,,,,,,,0.5,240.0,BetRivers,,,,,,,,,,,,,,,,0.5,800.0,FanDuel,,,,,,,,,,0.5,800.0,FanDuel,0.5,800.0,FanDuel,,,,,,,,,,0.5,800.0,FanDuel,The Odds API,"[""Bally Bet"", ""BetMGM"", ""BetRivers"", ""Bovada"", ""Caesars"", ""Courtside"", ""DraftKings"", ""FanDuel"", ""Fanatics"", ""fanduel""]",The Odds API,"[""Bally Bet"", ""BetMGM"", ""BetRivers"", ""Bovada"", ""Caesars"", ""Courtside"", ""DraftKings"", ""FanDuel"", ""Fanatics"", ""Fliff"", ""Hard Rock Bet"", ""theScore Bet""]",,,,,The Odds API,"[""Bally Bet"", ""BetRivers""]",,,,,,,,,,,,,,,,,,ALTLINE_NB_v1_2026-01-18,,,,league_avg,2.3,,,,,,,,,,,,,,,,,,,,,,0.5,240.0,BetRivers,exp/fallback,0.407,0.3164805906015878,31.6,0.2941176470588235,7.603400804539861,7.6,0.3164805906015878,31.6,7.603400804539861,7.6,,,,,,,,,,,,,,,,exp/fallback,0.2779999999999999,,,,,,,,,,,,,,,,,,,,,,0.5,800.0,FanDuel,exp/fallback,0.2316,0.1986776397148101,19.9,0.1111111111111111,78.8098757433291,78.8,0.1986776397148101,19.9,78.8098757433291,78.8,,,,,,,,,,,,,0.5,800.0,FanDuel,exp/fallback,0.18885,0.1631647750925625,16.3,0.1111111111111111,46.8482975833063,46.8,0.1631647750925625,16.3,46.8482975833063,46.8,,,,,,,,,,,,,False,False,True,True,False,,,Active roster,2026-10-02T16:41:02+00:00,False,[],2025-2026,,2026-09-24-frozen-v2,2026-10-02T16:41:05.426327+00:00
2026-10-02,STL@DAL,2026020020,8:00 PM,2026-10-03T01:00:00Z,Justin Barron,8482111,NSH,True,,2026-27,STL,D,,Healthy,Unknown,,,2.0,0.0,,16.0,11.0,2026-10-02T16:40:41+00:00,DAL,Jake Oettinger,0.8994169096209913,2.5922118851453946,39.3,Confirmed,dailyfaceoff_name_and_stats,26.5,4.0,26.5,4.0,,34.1,46.6,A1+A2,14.25,40.8,39.9,0.96,NONE,False,False,24.505980133792825,2.3387958645854448,25.8,16.7,5.0,1.25,True,,,,,50.0,,,,,,,,,,,,,,,,,,,,,,,,,,,,,,,,,,,,,,,,0.7753978700490607,0.1723106377886801,,,0.0,2.2860651211854,2.225097451027253,50.0,23.3,42.5,23.3,2.17,0.51,,,,,COOL,COOL,COOL,1.66,,COOL,Red,Red,Red,Red,42.0,31.0,32.0,36.0,POINTS,42.0,,,,,,,,Passenger,1.7,,24.2,,,0.2442307692307692,12.7,0.2442307692307692,0.01713861586559,1.7,1.7,0.1889763779527559,0.1889763779527559,0.0,5.33470629534285,7.373529173090968,24.2,28.7,False,,,,,,False,False,0.0,,False,0.0,,False,0.0,,,,,,,,,,,,,,,,,,,,,,,,,,,,,,,,,,,,,,,,,,,,,,,,,,,,,,,,,,,,,,,,,,,,,,,,,,,,,,,,,,,,,,,,,,,,,,,,,,,,,,,,ALTLINE_NB_v1_2026-01-18,,,,league_avg,2.3,,,,,,,,,,,,,,,,,,,,,,,,,exp/fallback,0.217,,,,,,,,,,,,,,,,,,,,,,,,,exp/fallback,0.1659999999999999,,,,,,,,,,,,,,,,,,,,,,,,,exp/fallback,0.2004,,,,,,,,,,,,,,,,,,,,,,,,,exp/fallback,0.13815,,,,,,,,,,,,,,,,,,,,,,False,False,False,False,False,,,Active roster,2026-10-02T16:41:02+00:00,False,[],2025-2026,,2026-09-24-frozen-v2,2026-10-02T16:41:05.426327+00:00
2026-10-02,STL@DAL,2026020020,8:00 PM,2026-10-03T01:00:00Z,Mason McTavish,8482745,ANA,True,"{""season"":""2026-27"",""games"":[]}",2026-27,STL,C,,Healthy,Unknown,,,2.0,0.0,,16.0,11.0,2026-10-02T16:40:41+00:00,DAL,Jake Oettinger,0.8994169096209913,2.5922118851453946,39.3,Confirmed,dailyfaceoff_name_and_stats,26.5,4.0,26.5,4.0,12.1,91.8,77.8,A1+A2,15.32,51.6,78.9,1.12,NONE,False,False,24.505980133792825,2.3387958645854448,25.8,16.7,5.0,1.25,True,2.0,2.375,2.8,2.28,70.6,6.0,1.0,25.0,0.0,3.0,5.0,6.0,6.0,5.0,5.0,25.0,25.0,OK,0.6,0.1,LOW,0.3,,LOW,0.15,,OK,0.5,,LOW,0.25,,LOW,0.125,,OK,2.5,,LOW,1.25,,LOW,0.625,,1.5831134564643798,0.6965699208443272,,,5.0,2.2860651211854,2.225097451027253,50.0,23.3,63.4,23.3,7.07,3.5,25.08,1.07,2.5,-2.2,COOL,HOT,COOL,3.57,-1.43,COOL,Yellow,Red,Red,Yellow,56.0,68.0,75.0,60.0,GOAL,75.0,1.0,1.0,7.0,1.0,3.0,1.0,,Passenger,12.5,,24.2,,,1.916444444444444,143.73333333333332,1.916444444444444,0.1250960994502385,12.5,12.5,3.796614100185529,2.199907235621521,1.87847866419295,5.33470629534285,7.373529173090968,24.2,59.7,False,,,,🥅 D:7,,False,False,1.0,,False,0.0,,False,0.0,,,,,,,,,,,,,,,,,0.5,125.0,draftkings,,,,,,,,,,0.5,125.0,draftkings,0.5,245.0,draftkings,,,,,,,,,,0.5,245.0,draftkings,0.5,280.0,fanduel,,,,,,,,,,0.5,280.0,fanduel,0.5,280.0,fanduel,,,,,,,,,,0.5,280.0,fanduel,BallDontLie,"[""fanduel""]",BallDontLie,"[""fanduel""]",,,BallDontLie,"[""draftkings""]",BallDontLie,"[""draftkings""]",,,,,,,,,,,,,,,,,,ALTLINE_NB_v1_2026-01-18,,,,exp/fallback,2.508,,,,,,,,,,,,,,,,,,,,,,0.5,125.0,draftkings,exp/fallback,0.7070000000000001,0.4683226608974576,46.8,0.4444444444444444,5.372598701927977,5.4,0.4683226608974576,46.8,5.372598701927977,5.4,,,,,,,,,,,,,0.5,245.0,draftkings,exp/fallback,0.357,0.279986190135127,28.0,0.2898550724637681,-3.4047644033811664,-3.4,0.279986190135127,28.0,-3.4047644033811664,-3.4,,,,,,,,,,,,,0.5,280.0,fanduel,exp/fallback,0.3199999999999999,0.2600076144910758,26.0,0.2631578947368421,-1.197106493391209,-1.2,0.2600076144910758,26.0,-1.197106493391209,-1.2,,,,,,,,,,,,,0.5,280.0,fanduel,exp/fallback,0.3324999999999999,0.2599445138628015,26.0,0.2631578947368421,-1.2210847321354357,-1.2,0.2599445138628015,26.0,-1.2210847321354357,-1.2,,,,,,,,,,,,,False,False,False,False,False,12.1,,Active roster,2026-10-02T16:41:02+00:00,False,[],2025-2026,,2026-09-24-frozen-v2,2026-10-02T16:41:05.426327+00:00
2026-10-02,STL@DAL,2026020020,8:00 PM,2026-10-03T01:00:00Z,Pavel Buchnevich,8477402,STL,False,"{""season"":""2026-27"",""games"":[]}",2026-27,STL,L,,Healthy,Unknown,,,2.0,1.0,🟢 ROLE+,16.0,11.0,2026-10-02T16:40:41+00:00,DAL,Jake Oettinger,0.8994169096209913,2.5922118851453946,39.3,Confirmed,dailyfaceoff_name_and_stats,26.5,4.0,26.5,4.0,9.1,86.0,83.1,A1+A2,17.94,74.5,82.7,1.13,NONE,False,False,24.505980133792825,2.3387958645854448,25.8,16.7,5.0,1.25,True,1.5,1.5,1.4,1.465,43.4,6.0,4.0,15.0,3.0,1.0,2.0,10.0,27.0,4.0,14.0,30.0,74.0,OK,0.6,0.1,LOW,0.5,,OK,0.675,,LOW,0.2,,LOW,0.2,,LOW,0.35,,LOW,1.5,,LOW,1.5,,LOW,1.85,,1.5147029031805643,0.5049009677268548,,,2.0,2.2860651211854,2.225097451027253,50.0,23.3,61.9,23.3,6.61,2.7,16.12,0.61,-1.3,-0.35,COOL,COOL,COOL,4.3,1.91,WARM,Yellow,Red,Yellow,Yellow,61.0,71.0,71.0,69.0,SOG,71.0,0.0,3.0,0.0,8.0,1.0,3.0,A,Distributor,12.7,,24.2,,2.0,2.2786008230452675,184.56666666666663,2.2786008230452675,0.1270260039688457,12.7,12.7,3.998555174282102,1.511648907350551,2.9257720787430017,5.33470629534285,7.373529173090968,24.2,65.5,False,,,,🎯 D:8,,False,False,0.0,,False,0.0,,False,0.0,,1.5,-106.0,BetRivers,,,,,,,,,,1.5,-106.0,BetRivers,0.5,170.0,theScore Bet,1.5,800.0,Fanatics,2.5,3500.0,Fanatics,,,,0.5,170.0,theScore Bet,0.5,350.0,Hard Rock Bet,1.5,1900.0,Fanatics,2.5,3300.0,Bovada,,,,0.5,350.0,Hard Rock Bet,0.5,370.0,DraftKings,,,,,,,,,,0.5,370.0,DraftKings,0.5,370.0,DraftKings,,,,,,,,,,0.5,370.0,DraftKings,The Odds API,"[""Bally Bet"", ""BetMGM"", ""BetRivers"", ""Bovada"", ""Caesars"", ""Courtside"", ""DraftKings"", ""FanDuel"", ""Fanatics"", ""betrivers""]",The Odds API,"[""Bally Bet"", ""BetMGM"", ""BetRivers"", ""Bovada"", ""Caesars"", ""Courtside"", ""DraftKings"", ""FanDuel"", ""Fanatics"", ""Fliff"", ""Hard Rock Bet"", ""fanduel"", ""theScore Bet""]",The Odds API,"[""Bally Bet"", ""BetRivers""]",The Odds API,"[""BetOnline.ag"", ""Bovada"", ""Courtside"", ""DraftKings"", ""Fanatics"", ""Fliff"", ""Hard Rock Bet"", ""ReBet"", ""draftkings"", ""theScore Bet""]",The Odds API,"[""Bally Bet"", ""BetRivers"", ""Fanatics"", ""Fliff"", ""Hard Rock Bet"", ""theScore Bet""]",0.5,750.0,Hard Rock Bet,,,,,,,,,,0.5,750.0,Hard Rock Bet,The Odds API,"[""Bovada"", ""Hard Rock Bet"", ""theScore Bet""]",ALTLINE_NB_v1_2026-01-18,1.5,-106.0,BetRivers,exp/fallback,1.612,0.4453756134922294,44.5,0.5145631067961165,-13.445871340189374,-13.4,0.4453756134922294,44.5,-13.445871340189374,-13.4,,,,,,,,,,,,,0.5,170.0,theScore Bet,exp/fallback,0.661,0.4482185440477281,44.8,0.3703703703703703,21.019006892886583,21.0,0.4482185440477281,44.8,21.019006892886583,21.0,0.1520171858762482,15.2,36.81546728862342,36.8,0.0446897477131265,4.5,60.883091767255415,60.9,,,,,0.5,350.0,Hard Rock Bet,exp/fallback,0.43,0.3225964876627886,32.3,0.2222222222222222,45.16841944825486,45.2,0.3225964876627886,32.3,45.16841944825486,45.2,0.0828569730084668,8.3,65.71394601693369,65.7,0.0192224104767642,1.9,-34.64380437900169,-34.6,,,,,0.5,370.0,DraftKings,exp/fallback,0.2448,0.2082770046723522,20.8,0.2127659574468085,-2.1098078039944568,-2.1,0.2082770046723522,20.8,-2.1098078039944568,-2.1,,,,,,,,,,,,,0.5,370.0,DraftKings,exp/fallback,0.238425,0.1988132407904613,19.9,0.2127659574468085,-6.557776828483153,-6.6,0.1988132407904613,19.9,-6.557776828483153,-6.6,,,,,,,,,,,,,False,True,False,False,True,9.1,,Active roster,2026-10-02T16:41:02+00:00,False,[],2025-2026,,2026-09-24-frozen-v2,2026-10-02T16:41:05.426327+00:00
2026-10-02,STL@DAL,2026020020,8:00 PM,2026-10-03T01:00:00Z,Philip Broberg,8481598,STL,False,"{""season"":""2026-27"",""games"":[]}",2026-27,STL,D,,Healthy,Unknown,,,2.0,1.0,🟢 ROLE+,16.0,11.0,2026-10-02T16:40:41+00:00,DAL,Jake Oettinger,0.8994169096209913,2.5922118851453946,39.3,Confirmed,dailyfaceoff_name_and_stats,26.5,4.0,26.5,4.0,6.1,58.6,83.1,A1+A2,23.36,97.7,75.0,1.1,NONE,False,False,24.505980133792825,2.3387958645854448,25.8,16.7,5.0,1.25,True,1.0,1.125,1.4,1.14,30.1,7.0,1.0,12.0,0.0,3.0,6.0,13.0,21.0,10.0,17.0,19.0,46.0,OK,0.7,0.2,OK,0.65,,LOW,0.525,,GOOD,0.6,,OK,0.5,,LOW,0.425,,LOW,1.2,,LOW,0.95,,LOW,1.15,,1.0271266789570714,0.4345535949433763,,,6.0,2.2860651211854,2.225097451027253,50.0,23.3,49.3,23.3,4.83,1.03,11.4,-2.17,0.03,-0.6,COOL,COOL,COOL,4.18,-2.2,COOL,Yellow,Red,Red,Yellow,60.0,47.0,54.0,65.0,ASSISTS,65.0,0.0,0.0,9.0,0.0,3.0,4.0,B,Distributor,5.0,,24.2,,1.0,1.1779835390946505,95.41666666666669,1.1779835390946505,0.0504325305237935,5.0,5.0,1.9965065502183403,0.6602620087336244,1.5720524017467248,5.33470629534285,7.373529173090968,24.2,48.2,False,,,,🅰️ D:0,,False,False,1.0,,False,0.0,,False,0.0,,1.5,115.0,BetRivers,,,,,,,,,,1.5,115.0,BetRivers,0.5,145.0,theScore Bet,1.5,800.0,Fanatics,2.5,4000.0,Fanatics,,,,0.5,145.0,theScore Bet,0.5,195.0,Bovada,1.5,1200.0,DraftKings,2.5,3300.0,Bovada,,,,0.5,195.0,Bovada,0.5,950.0,DraftKings,,,,,,,,,,0.5,950.0,DraftKings,0.5,950.0,DraftKings,,,,,,,,,,0.5,950.0,DraftKings,The Odds API,"[""Bally Bet"", ""BetMGM"", ""BetRivers"", ""Bovada"", ""Caesars"", ""Courtside"", ""DraftKings"", ""FanDuel"", ""Fanatics"", ""fanduel""]",The Odds API,"[""Bally Bet"", ""BetMGM"", ""BetRivers"", ""Bovada"", ""Caesars"", ""Courtside"", ""DraftKings"", ""FanDuel"", ""Fanatics"", ""Fliff"", ""Hard Rock Bet"", ""theScore Bet""]",The Odds API,"[""Bally Bet"", ""BetRivers""]",The Odds API,"[""Bally Bet"", ""BetOnline.ag"", ""BetRivers"", ""Bovada"", ""Courtside"", ""DraftKings"", ""Fanatics"", ""Fliff"", ""Hard Rock Bet"", ""ReBet"", ""draftkings"", ""theScore Bet""]",The Odds API,"[""Bally Bet"", ""BetRivers"", ""Fanatics"", ""Fliff"", ""Hard Rock Bet"", ""theScore Bet""]",0.5,330.0,FanDuel,1.5,1000.0,Bovada,,,,,,,0.5,330.0,FanDuel,The Odds API,"[""Bally Bet"", ""BetRivers"", ""Bovada"", ""FanDuel"", ""Fliff"", ""Hard Rock Bet"", ""theScore Bet""]",ALTLINE_NB_v1_2026-01-18,1.5,115.0,BetRivers,exp/fallback,1.14,0.3078565639720687,30.8,0.4651162790697674,-33.810838746005224,-33.8,0.3078565639720687,30.8,-33.810838746005224,-33.8,,,,,,,,,,,,,0.5,145.0,theScore Bet,exp/fallback,0.483,0.3599834827673687,36.0,0.4081632653061224,-11.804046721994675,-11.8,0.3599834827673687,36.0,-11.804046721994675,-11.8,0.0955568305083882,9.6,-13.998852542450567,-14.0,0.0218134497267843,2.2,-10.564856120184206,-10.6,,,,,0.5,195.0,Bovada,exp/fallback,0.418,0.3158561957089133,31.6,0.3389830508474576,-6.822422265870576,-6.8,0.3158561957089133,31.6,-6.822422265870576,-6.8,0.0793201244155515,7.9,3.1161617402170605,3.1,0.0179850885590843,1.8,-38.850698899113326,-38.9,,,,,0.5,950.0,DraftKings,exp/fallback,0.1659,0.1483907205249551,14.8,0.0952380952380952,55.81025655120292,55.8,0.1483907205249551,14.8,55.81025655120292,55.8,,,,,,,,,,,,,0.5,950.0,DraftKings,exp/fallback,0.1289624999999999,0.1164802037197565,11.6,0.0952380952380952,22.30421390574435,22.3,0.1164802037197565,11.6,22.30421390574435,22.3,,,,,,,,,,,,,False,False,True,True,False,6.1,,Active roster,2026-10-02T16:41:02+00:00,False,[],2025-2026,,2026-09-24-frozen-v2,2026-10-02T16:41:05.426327+00:00
2026-10-02,STL@DAL,2026020020,8:00 PM,2026-10-03T01:00:00Z,Pius Suter,8480459,STL,False,"{""season"":""2026-27"",""games"":[]}",2026-27,STL,C,,Healthy,Unknown,,,2.0,0.0,,16.0,11.0,2026-10-02T16:40:41+00:00,DAL,Jake Oettinger,0.8994169096209913,2.5922118851453946,39.3,Confirmed,dailyfaceoff_name_and_stats,26.5,4.0,26.5,4.0,6.1,75.1,63.9,A1+A2,15.89,57.8,67.7,1.07,NONE,False,False,24.505980133792825,2.3387958645854448,25.8,16.7,5.0,1.25,True,1.0,0.75,0.6,0.86,11.0,6.0,2.0,9.0,0.0,2.0,4.0,10.0,18.0,5.0,11.0,28.0,56.0,OK,0.6,,LOW,0.5,,LOW,0.45,,LOW,0.4,,LOW,0.25,,LOW,0.275,,LOW,0.9,,LOW,1.4,,LOW,1.4,,1.4788645606539867,0.2957729121307973,,,4.0,2.2860651211854,2.225097451027253,50.0,23.3,60.5,23.3,5.05,2.37,8.6,-0.95,0.37,-0.4,COOL,COOL,COOL,2.68,-1.32,COOL,Red,Red,Red,Red,46.0,55.0,58.0,52.0,GOAL,58.0,0.0,0.0,6.0,5.0,1.0,8.0,C,Passenger,6.9,,24.2,,0.0,1.1013020833333331,70.48333333333333,1.1013020833333331,0.069291519203041,6.9,6.9,2.600614802553795,0.7916765192716955,2.128162686214235,5.33470629534285,7.373529173090968,24.2,54.5,False,,,,🥅 D:6,,False,False,1.0,,False,0.0,,False,0.0,,,,,,,,,,,,,,,,,,,,,,,,,,,,,,,,,,,,,,,,,,,,,,,0.5,800.0,FanDuel,,,,,,,,,,0.5,800.0,FanDuel,0.5,800.0,FanDuel,,,,,,,,,,0.5,800.0,FanDuel,The Odds API,"[""Bally Bet"", ""BetMGM"", ""BetRivers"", ""Bovada"", ""Caesars"", ""Courtside"", ""DraftKings"", ""FanDuel"", ""Fanatics"", ""betrivers""]",The Odds API,"[""Bally Bet"", ""BetMGM"", ""BetRivers"", ""Bovada"", ""Caesars"", ""Courtside"", ""DraftKings"", ""FanDuel"", ""Fanatics"", ""Fliff"", ""Hard Rock Bet"", ""theScore Bet""]",,,,,,,,,,,,,,,,,,,,,,,,ALTLINE_NB_v1_2026-01-18,,,,exp/fallback,0.86,,,,,,,,,,,,,,,,,,,,,,,,,exp/fallback,0.505,,,,,,,,,,,,,,,,,,,,,,,,,exp/fallback,0.268,,,,,,,,,,,,,,,,,,,,,,0.5,800.0,FanDuel,exp/fallback,0.2061,0.1796665542870476,18.0,0.1111111111111111,61.69989885834283,61.7,0.1796665542870476,18.0,61.69989885834283,61.7,,,,,,,,,,,,,0.5,800.0,FanDuel,exp/fallback,0.1942875,0.1672014422930059,16.7,0.1111111111111111,50.48129806370534,50.5,0.1672014422930059,16.7,50.48129806370534,50.5,,,,,,,,,,,,,False,False,True,True,False,6.1,,Active roster,2026-10-02T16:41:02+00:00,False,[],2025-2026,,2026-09-24-frozen-v2,2026-10-02T16:41:05.426327+00:00
2026-10-02,STL@DAL,2026020020,8:00 PM,2026-10-03T01:00:00Z,Robert Thomas,8480023,STL,False,"{""season"":""2026-27"",""games"":[]}",2026-27,STL,C,,Healthy,Unknown,,,2.0,1.0,🟢 ROLE+,16.0,11.0,2026-10-02T16:40:41+00:00,DAL,Jake Oettinger,0.8994169096209913,2.5922118851453946,39.3,Confirmed,dailyfaceoff_name_and_stats,26.5,4.0,26.5,4.0,6.1,76.7,92.8,A1+A2,19.02,79.7,82.9,1.13,NONE,False,False,24.505980133792825,2.3387958645854448,25.8,16.7,5.0,1.25,True,1.0,1.75,1.6,1.21,33.8,16.0,9.0,20.0,3.0,4.0,7.0,27.0,47.0,15.0,26.0,37.0,69.0,ELITE,1.6,1.1,ELITE,1.35,,STRONG,1.175,,GOOD,0.7,,STRONG,0.75,,GOOD,0.65,,LOW,2.0,,LOW,1.85,,LOW,1.725,,2.681491170699804,0.9810333551340744,,,7.0,2.2860651211854,2.225097451027253,50.0,23.3,74.7,23.3,10.5,2.92,13.31,-6.45,-6.35,-7.9,COOL,COOL,COOL,7.59,-0.1,COOL,Green,Red,Red,Yellow,66.0,56.0,64.0,75.0,ASSISTS,75.0,0.0,1.0,0.0,0.0,4.0,4.0,A,Distributor,13.1,,24.2,,2.0,2.48984375,159.35,2.48984375,0.1309403160864444,13.1,13.1,3.862252902416065,0.7417634138688421,3.671164104173204,5.33470629534285,7.373529173090968,24.2,69.7,False,,,,🅰️ D:1,,False,False,0.0,,False,0.0,,False,0.0,,1.5,-102.0,FanDuel,2.5,305.0,FanDuel,3.5,750.0,Fanatics,4.5,1900.0,Fanatics,1.5,-102.0,FanDuel,0.5,-138.0,FanDuel,1.5,360.0,FanDuel,2.5,1300.0,FanDuel,3.5,4000.0,Fanatics,0.5,-138.0,FanDuel,0.5,134.0,FanDuel,1.5,800.0,FanDuel,2.5,2500.0,Fanatics,,,,0.5,134.0,FanDuel,0.5,280.0,DraftKings,,,,,,,,,,0.5,280.0,DraftKings,0.5,285.0,betrivers,,,,,,,,,,0.5,285.0,betrivers,BallDontLie,"[""Bally Bet"", ""BetMGM"", ""BetRivers"", ""Bovada"", ""Caesars"", ""Courtside"", ""DraftKings"", ""FanDuel"", ""Fanatics"", ""betrivers""]",The Odds API,"[""Bally Bet"", ""BetMGM"", ""BetRivers"", ""Bovada"", ""Caesars"", ""Courtside"", ""DraftKings"", ""FanDuel"", ""Fanatics"", ""Fliff"", ""Hard Rock Bet"", ""fanduel"", ""theScore Bet""]",The Odds API,"[""Bally Bet"", ""BetOnline.ag"", ""BetRivers"", ""Bovada"", ""Courtside"", ""DraftKings"", ""FanDuel"", ""Fanatics"", ""Fliff"", ""Hard Rock Bet"", ""ReBet"", ""theScore Bet""]",The Odds API,"[""Bally Bet"", ""BetOnline.ag"", ""BetRivers"", ""Bovada"", ""Courtside"", ""DraftKings"", ""FanDuel"", ""Fanatics"", ""Fliff"", ""Hard Rock Bet"", ""ReBet"", ""draftkings"", ""theScore Bet""]",The Odds API,"[""Bally Bet"", ""BetOnline.ag"", ""BetRivers"", ""Bovada"", ""Caesars"", ""Courtside"", ""DraftKings"", ""FanDuel"", ""Fanatics"", ""Fliff"", ""Hard Rock Bet"", ""ReBet"", ""draftkings"", ""theScore Bet""]",0.5,270.0,FanDuel,,,,,,,,,,0.5,270.0,FanDuel,The Odds API,"[""Bally Bet"", ""BetRivers"", ""Bovada"", ""FanDuel"", ""Fliff"", ""Hard Rock Bet"", ""theScore Bet""]",ALTLINE_NB_v1_2026-01-18,1.5,-102.0,FanDuel,exp/fallback,1.331,0.3664950586503419,36.6,0.504950495049505,-27.419606031991112,-27.4,0.3664950586503419,36.6,-27.419606031991112,-27.4,0.1689146036978379,16.9,-31.589585502375627,-31.6,0.0702540951471784,7.0,-40.28401912489837,-40.3,0.0271468001665698,2.7,-45.70639966686021,-45.7,0.5,-138.0,FanDuel,exp/fallback,1.05,0.5910820398413176,59.1,0.5798319327731093,1.9402358566910027,1.9,0.5910820398413176,59.1,1.9402358566910027,1.9,0.2771048126628046,27.7,27.46821382489013,27.5,0.1143762132019117,11.4,60.1266984826764,60.1,0.0435729103286164,4.4,78.64893234732737,78.6,0.5,134.0,FanDuel,exp/fallback,0.759,0.4745195170676718,47.5,0.4273504273504273,11.037566993835211,11.0,0.4745195170676718,47.5,11.037566993835211,11.0,0.1854004981871809,18.5,66.86044836846287,66.9,0.0660956765143143,6.6,71.84875893721734,71.8,,,,,0.5,280.0,DraftKings,exp/fallback,0.2226,0.1920389568569193,19.2,0.2631578947368421,-27.02519639437068,-27.0,0.1920389568569193,19.2,-27.02519639437068,-27.0,,,,,,,,,,,,,0.5,285.0,betrivers,exp/fallback,0.2211,0.1866447363523884,18.7,0.2597402597402597,-28.14177650433045,-28.1,0.1866447363523884,18.7,-28.14177650433045,-28.1,,,,,,,,,,,,,False,False,False,False,True,6.1,,Active roster,2026-10-02T16:41:02+00:00,False,[],2025-2026,,2026-09-24-frozen-v2,2026-10-02T16:41:05.426327+00:00
2026-10-02,STL@DAL,2026020020,8:00 PM,2026-10-03T01:00:00Z,Ross Johnston,8477527,ANA,True,,2026-27,STL,L,,Healthy,Unknown,,,2.0,0.0,,16.0,11.0,2026-10-02T16:40:41+00:00,DAL,Jake Oettinger,0.8994169096209913,2.5922118851453946,39.3,Confirmed,dailyfaceoff_name_and_stats,26.5,4.0,26.5,4.0,,44.4,51.9,A1+A2,9.74,8.8,39.9,0.96,NONE,False,False,24.505980133792825,2.3387958645854448,25.8,16.7,5.0,1.25,True,,,,,50.0,,,,,,,,,,,,,,,,,,,,,,,,,,,,,,,,,,,,,,,,1.4077032650895176,0.603301399324079,,,0.0,2.2860651211854,2.225097451027253,50.0,23.3,58.0,23.3,2.39,0.68,,,,,COOL,COOL,COOL,1.7,,COOL,Red,Red,Red,Red,43.0,34.0,37.0,39.0,POINTS,43.0,,,,,,,,Passenger,0.4,,24.2,,,0.0349462365591397,2.1666666666666665,0.0349462365591397,0.0035865037106519,0.4,0.4,1.3846153846153848,1.3846153846153848,0.0,5.33470629534285,7.373529173090968,24.2,22.2,False,,,,,,False,False,0.0,,False,0.0,,False,0.0,,,,,,,,,,,,,,,,,,,,,,,,,,,,,,,,,,,,,,,,,,,,,,,,,,,,,,,,,,,,,,,,,,,,,,,,,,,,,,,,,,,,,,,,,,,,,,,,,,,,,,,,ALTLINE_NB_v1_2026-01-18,,,,league_avg,2.3,,,,,,,,,,,,,,,,,,,,,,,,,exp/fallback,0.239,,,,,,,,,,,,,,,,,,,,,,,,,exp/fallback,0.1699999999999999,,,,,,,,,,,,,,,,,,,,,,,,,exp/fallback,0.2072,,,,,,,,,,,,,,,,,,,,,,,,,exp/fallback,0.1492,,,,,,,,,,,,,,,,,,,,,,False,False,False,False,False,,,Active roster,2026-10-02T16:41:02+00:00,False,[],2025-2026,,2026-09-24-frozen-v2,2026-10-02T16:41:05.426327+00:00
2026-10-02,STL@DAL,2026020020,8:00 PM,2026-10-03T01:00:00Z,Theo Lindstein,8484188,STL,False,,2026-27,STL,D,,Healthy,Unknown,,,2.0,0.0,,16.0,11.0,2026-10-02T16:40:41+00:00,DAL,Jake Oettinger,0.8994169096209913,2.5922118851453946,39.3,Confirmed,dailyfaceoff_name_and_stats,26.5,4.0,26.5,4.0,,25.4,24.0,A1+A2,15.76,56.9,31.2,0.94,NONE,False,False,24.505980133792825,2.3387958645854448,25.8,16.7,5.0,1.25,True,,,,,50.0,,,,,,,,,,,,,,,,,,,,,,,,,,,,,,,,,,,,,,,,0.9353686261773304,0.2338421565443325,,,0.0,2.2860651211854,2.225097451027253,50.0,23.3,48.2,23.3,1.91,0.81,,,,,COOL,COOL,COOL,1.11,,COOL,Red,Red,Red,Red,33.0,28.0,28.0,27.0,POINTS,33.0,,,,,,,C,Passenger,0.4,,24.2,,0.0,0.0676470588235294,1.15,0.0676470588235294,0.0042921124657875,0.4,0.4,0.0,0.0,0.0,5.33470629534285,7.373529173090968,24.2,22.2,False,,,,,,False,False,0.0,,False,0.0,,False,0.0,,,,,,,,,,,,,,,,,,,,,,,,,,,,,,,,,,,,,,,,,,,,,,,0.5,1600.0,Hard Rock Bet,,,,,,,,,,0.5,1600.0,Hard Rock Bet,0.5,1600.0,FanDuel,,,,,,,,,,0.5,1600.0,FanDuel,The Odds API,"[""Bally Bet"", ""BetRivers"", ""Bovada"", ""DraftKings"", ""FanDuel"", ""Fanatics"", ""fanduel""]",The Odds API,"[""Bally Bet"", ""BetRivers"", ""Bovada"", ""DraftKings"", ""FanDuel"", ""Fanatics"", ""Hard Rock Bet"", ""theScore Bet""]",,,,,,,,,,,,,,,,,,,,,,,,ALTLINE_NB_v1_2026-01-18,,,,league_avg,2.3,,,,,,,,,,,,,,,,,,,,,,,,,exp/fallback,0.191,,,,,,,,,,,,,,,,,,,,,,,,,exp/fallback,0.111,,,,,,,,,,,,,,,,,,,,,,0.5,1600.0,Hard Rock Bet,exp/fallback,0.2124,0.1844216617234414,18.4,0.0588235294117647,213.51682492985043,213.5,0.1844216617234414,18.4,213.51682492985043,213.5,,,,,,,,,,,,,0.5,1600.0,FanDuel,exp/fallback,0.15765,0.1393653590163798,13.9,0.0588235294117647,136.9211103278457,136.9,0.1393653590163798,13.9,136.9211103278457,136.9,,,,,,,,,,,,,False,False,True,True,False,,,Active roster,2026-10-02T16:41:02+00:00,False,[],2025-2026,,2026-09-24-frozen-v2,2026-10-02T16:41:05.426327+00:00
2026-10-02,WSH@CAR,2026020018,6:00 PM,2026-10-02T23:00:00Z,Andrei Svechnikov,8480830,CAR,False,"{""season"":""2026-27"",""games"":[{""d"":""2026-09-29"",""g"":0,""a"":0,""s"":2,""pp"":0,""h"":""H"",""toi"":""16:21""}]}",2026-27,CAR,R,,Healthy,Unknown,,,2.0,0.0,,16.0,11.0,2026-10-02T16:40:41+00:00,WSH,Logan Thompson,0.9117832388153748,2.43828101188662,18.0,Confirmed,dailyfaceoff_name_and_stats,27.25,4.0,27.25,4.0,,95.7,92.8,A1+A2,16.99,69.0,89.3,1.16,NONE,False,False,30.49987126200022,2.976863942325376,95.1,95.1,18.0,3.6,True,,,2.0,,50.0,0.0,0.0,2.0,0.0,0.0,0.0,0.0,0.0,0.0,0.0,2.0,2.0,LOW,0.0,-0.5,LOW,0.0,,LOW,0.0,,LOW,0.0,,LOW,0.0,,LOW,0.0,,LOW,0.2,,LOW,0.1,,LOW,0.05,,1.889343023903052,0.7442866457799902,,,0.0,2.6230263896920856,2.6360568982230745,50.0,80.4,68.6,80.4,10.9,4.62,,9.91,4.2,,HOT,HOT,COOL,6.28,5.71,HOT,Green,Yellow,Green,Green,80.0,76.0,73.0,81.0,ASSISTS,81.0,1.0,1.0,1.0,1.0,0.0,1.0,A,Distributor,16.1,,55.5,,2.0,2.7360759493670885,216.15,2.7360759493670885,0.1610875802705287,16.1,16.1,5.313671061762665,2.1873698820263705,3.678001387925052,7.675730203127149,7.348475341950056,55.5,82.4,False,,,,🅰️ D:1,,False,False,2.0,,False,0.0,,False,0.0,,1.5,-244.0,BetOnline.ag,2.5,115.0,DraftKings,3.5,280.0,DraftKings,4.5,650.0,Fanatics,2.5,115.0,DraftKings,0.5,-135.0,theScore Bet,1.5,340.0,Fanatics,2.5,1300.0,DraftKings,3.5,1200.0,BetOnline.ag,0.5,-135.0,theScore Bet,0.5,155.0,Hard Rock Bet,1.5,900.0,DraftKings,2.5,4000.0,Fanatics,,,,0.5,155.0,Hard Rock Bet,0.5,200.0,Fanatics,,,,,,,,,,0.5,200.0,Fanatics,0.5,200.0,Fanatics,,,,,,,,,,0.5,200.0,Fanatics,The Odds API,"[""Bally Bet"", ""BetMGM"", ""BetRivers"", ""Bovada"", ""Caesars"", ""Courtside"", ""DraftKings"", ""FanDuel"", ""Fanatics"", ""caesars""]",The Odds API,"[""Bally Bet"", ""BetMGM"", ""BetRivers"", ""Bovada"", ""Caesars"", ""Courtside"", ""DraftKings"", ""FanDuel"", ""Fanatics"", ""Fliff"", ""Hard Rock Bet"", ""fanduel"", ""theScore Bet""]",The Odds API,"[""Bally Bet"", ""BetOnline.ag"", ""BetRivers"", ""Bovada"", ""Courtside"", ""DraftKings"", ""FanDuel"", ""Fanatics"", ""Fliff"", ""Hard Rock Bet"", ""ReBet"", ""draftkings"", ""theScore Bet""]",The Odds API,"[""Bally Bet"", ""BetOnline.ag"", ""BetRivers"", ""Bovada"", ""Courtside"", ""DraftKings"", ""FanDuel"", ""Fanatics"", ""Fliff"", ""Hard Rock Bet"", ""ReBet"", ""draftkings"", ""theScore Bet""]",The Odds API,"[""Bally Bet"", ""BetOnline.ag"", ""BetRivers"", ""Bovada"", ""Caesars"", ""Courtside"", ""DraftKings"", ""FanDuel"", ""Fanatics"", ""Fliff"", ""Hard Rock Bet"", ""ReBet"", ""draftkings"", ""theScore Bet""]",0.5,215.0,BetRivers,1.5,800.0,Bovada,,,,,,,0.5,215.0,BetRivers,The Odds API,"[""Bally Bet"", ""BetRivers"", ""Bovada"", ""FanDuel"", ""Fliff"", ""Hard Rock Bet"", ""theScore Bet""]",ALTLINE_NB_v1_2026-01-18,2.5,115.0,DraftKings,exp/fallback,0.2,0.0019369069985104,0.2,0.4651162790697674,-99.58356499532024,-99.6,0.0205922919144261,2.1,-97.09682441862188,-97.1,0.0019369069985104,0.2,-99.58356499532024,-99.6,0.0001602036731851,0.0,-99.93912260418963,-99.9,1.2145062741386605e-05,0.0,-99.99089120294396,-100.0,0.5,-135.0,theScore Bet,exp/fallback,1.09,0.6028107741846822,60.3,0.574468085106383,4.933727358074308,4.9,0.6028107741846822,60.3,4.933727358074308,4.9,0.2894294812866032,28.9,27.34897176610539,27.3,0.1225309751340432,12.3,71.54336518766048,71.5,0.0479108926390031,4.8,-37.71583956929588,-37.7,0.5,155.0,Hard Rock Bet,exp/fallback,0.628,0.4208257171915144,42.1,0.392156862745098,7.310557883836177,7.3,0.4208257171915144,42.1,7.310557883836177,7.3,0.1440209610242929,14.4,44.02096102429295,44.0,0.0448009913479144,4.5,83.6840645264494,83.7,,,,,0.5,200.0,Fanatics,exp/fallback,0.2736,0.2286695968713401,22.9,0.3333333333333333,-31.39912093859796,-31.4,0.2286695968713401,22.9,-31.39912093859796,-31.4,,,,,,,,,,,,,0.5,200.0,Fanatics,exp/fallback,0.303975,0.2422439837304644,24.2,0.3333333333333333,-27.32680488086068,-27.3,0.2422439837304644,24.2,-27.32680488086068,-27.3,,,,,,,,,,,,,False,False,False,False,False,,,Active roster,2026-10-02T16:41:02+00:00,False,"[{""market"":""Points"",""name"":""Hammer Fists"",""kind"":""FLOOR"",""rule"":""Conf_Points >= 80"",""icon"":""PTS05_HAMMER_FISTS.svg"",""kit_version"":""2026-09-24-frozen-v2""},{""market"":""Assists"",""name"":""Staff (Green Stance)"",""kind"":""STANCE"",""rule"":""Green + Assists 0.5"",""icon"":""staff.svg"",""kit_version"":""2026-09-24-frozen-v2""}]",2025-2026,,2026-09-24-frozen-v2,2026-10-02T16:41:05.426327+00:00
2026-10-02,WSH@CAR,2026020018,6:00 PM,2026-10-02T23:00:00Z,Charles Alexis Legault,8484428,CAR,False,,2026-27,CAR,D,,Healthy,Unknown,,,2.0,0.0,,16.0,11.0,2026-10-02T16:40:41+00:00,WSH,Logan Thompson,0.9117832388153748,2.43828101188662,18.0,Confirmed,dailyfaceoff_name_and_stats,27.25,4.0,27.25,4.0,,23.6,17.6,A1+A2,14.29,41.5,25.1,0.94,NONE,False,False,30.49987126200022,2.976863942325376,95.1,95.1,18.0,3.6,True,,,,,50.0,,,,,,,,,,,,,,,,,,,,,,,,,,,,,,,,,,,,,,,,0.0064054659976513,0.0,,,0.0,2.6230263896920856,2.6360568982230745,50.0,80.4,30.2,80.4,1.7,0.92,,,,,COOL,COOL,COOL,0.78,,COOL,Red,Red,Red,Red,30.0,35.0,30.0,25.0,SOG,35.0,,,,,,,C,Passenger,0.0,,55.5,,0.0,0.0,0.0,0.0,0.0,0.0,0.0,0.0,,,7.675730203127149,7.348475341950056,55.5,11.5,False,,,,,,False,False,0.0,,False,0.0,,False,0.0,,,,,,,,,,,,,,,,,,,,,,,,,,,,,,,,,,,,,,,,,,,,,,,,,,,,,,,,,,,,,,0.5,1400.0,fanatics,,,,,,,,,,0.5,1400.0,fanatics,BallDontLie,"[""fanatics""]",,,,,,,,,,,,,,,,,,,,,,,,,,ALTLINE_NB_v1_2026-01-18,,,,league_avg,2.3,,,,,,,,,,,,,,,,,,,,,,,,,exp/fallback,0.1699999999999999,,,,,,,,,,,,,,,,,,,,,,,,,exp/fallback,0.078,,,,,,,,,,,,,,,,,,,,,,,,,exp/fallback,0.2168,,,,,,,,,,,,,,,,,,,,,,0.5,1400.0,fanatics,exp/fallback,0.1648,0.1449172220041515,14.5,0.0666666666666666,117.37583300622738,117.4,0.1449172220041515,14.5,117.37583300622738,117.4,,,,,,,,,,,,,False,False,False,True,False,,,Active roster,2026-10-02T16:41:02+00:00,False,[],2025-2026,,2026-09-24-frozen-v2,2026-10-02T16:41:05.426327+00:00
2026-10-02,WSH@CAR,2026020018,6:00 PM,2026-10-02T23:00:00Z,Eric Robinson,8480762,CAR,False,,2026-27,CAR,L,,Healthy,Unknown,,,2.0,0.0,,16.0,11.0,2026-10-02T16:40:41+00:00,WSH,Logan Thompson,0.9117832388153748,2.43828101188662,18.0,Confirmed,dailyfaceoff_name_and_stats,27.25,4.0,27.25,4.0,,69.5,37.3,A1+A2,11.43,19.0,48.1,0.99,NONE,False,False,30.49987126200022,2.976863942325376,95.1,95.1,18.0,3.6,True,,,,,50.0,,,,,,,,,,,,,,,,,,,,,,,,,,,,,,,,,,,,,,,,1.4880735283390474,0.3501349478444817,,,0.0,2.6230263896920856,2.6360568982230745,50.0,80.4,60.8,80.4,2.57,1.68,,,,,COOL,COOL,COOL,0.89,,COOL,Red,Red,Red,Red,41.0,58.0,59.0,42.0,GOAL,59.0,,,,,,,C,Passenger,0.4,,55.5,,0.0,0.0504975124378109,3.3833333333333333,0.0504975124378109,0.0044188071397474,0.4,0.4,16.137931034482758,16.137931034482758,0.0,7.675730203127149,7.348475341950056,55.5,30.2,False,,,,,,False,False,0.0,,False,0.0,,False,0.0,,1.5,118.0,BetRivers,,,,,,,,,,1.5,118.0,BetRivers,0.5,155.0,BetRivers,1.5,800.0,BetRivers,,,,,,,0.5,155.0,BetRivers,0.5,225.0,BetRivers,,,,,,,,,,0.5,225.0,BetRivers,0.5,600.0,Fanatics,,,,,,,,,,0.5,600.0,Fanatics,0.5,600.0,Fanatics,,,,,,,,,,0.5,600.0,Fanatics,The Odds API,"[""Bally Bet"", ""BetMGM"", ""BetRivers"", ""Bovada"", ""Caesars"", ""Courtside"", ""DraftKings"", ""FanDuel"", ""Fanatics"", ""fanatics""]",The Odds API,"[""Bally Bet"", ""BetMGM"", ""BetRivers"", ""Bovada"", ""Caesars"", ""Courtside"", ""DraftKings"", ""FanDuel"", ""Fanatics"", ""Fliff"", ""Hard Rock Bet"", ""theScore Bet""]",The Odds API,"[""Bally Bet"", ""BetRivers""]",The Odds API,"[""Bally Bet"", ""BetRivers""]",The Odds API,"[""Bally Bet"", ""BetRivers""]",,,,,,,,,,,,,,,,,,ALTLINE_NB_v1_2026-01-18,1.5,118.0,BetRivers,league_avg,2.3,0.6001759479749428,60.0,0.4587155963302752,30.838356658537524,30.8,0.6001759479749428,60.0,30.838356658537524,30.8,,,,,,,,,,,,,0.5,155.0,BetRivers,exp/fallback,0.257,0.2181488678510518,21.8,0.392156862745098,-44.372038697981786,-44.4,0.2181488678510518,21.8,-44.372038697981786,-44.4,0.0337956948043252,3.4,-69.58387467610731,-69.6,,,,,,,,,0.5,225.0,BetRivers,exp/fallback,0.089,0.0833931228360916,8.3,0.3076923076923077,-72.8972350782702,-72.9,0.0833931228360916,8.3,-72.8972350782702,-72.9,,,,,,,,,,,,,0.5,600.0,Fanatics,exp/fallback,0.2471999999999999,0.2100050280940185,21.0,0.1428571428571428,47.00351966581299,47.0,0.2100050280940185,21.0,47.00351966581299,47.0,,,,,,,,,,,,,0.5,600.0,Fanatics,exp/fallback,0.2142,0.1817132508849265,18.2,0.1428571428571428,27.19927561944856,27.2,0.1817132508849265,18.2,27.19927561944856,27.2,,,,,,,,,,,,,True,False,True,True,False,,,Active roster,2026-10-02T16:41:02+00:00,False,[],2025-2026,,2026-09-24-frozen-v2,2026-10-02T16:41:05.426327+00:00
2026-10-02,WSH@CAR,2026020018,6:00 PM,2026-10-02T23:00:00Z,Jaccob Slavin,8476958,CAR,False,,2026-27,CAR,D,,Healthy,Unknown,,,2.0,1.0,🟢 ROLE+,16.0,11.0,2026-10-02T16:40:41+00:00,WSH,Logan Thompson,0.9117832388153748,2.43828101188662,18.0,Confirmed,dailyfaceoff_name_and_stats,27.25,4.0,27.25,4.0,,35.1,40.6,A1+A2,21.31,90.8,48.1,0.99,NONE,False,False,30.49987126200022,2.976863942325376,95.1,95.1,18.0,3.6,True,,,,,50.0,,,,,,,,,,,,,,,,,,,,,,,,,,,,,,,,,,,,,,,,0.3558982724104693,0.0889745681026173,,,0.0,2.6230263896920856,2.6360568982230745,50.0,80.4,35.5,80.4,2.53,0.75,,,,,COOL,COOL,COOL,1.78,,COOL,Red,Red,Red,Red,49.0,47.0,41.0,45.0,POINTS,49.0,,,,,,,C,Passenger,0.4,,55.5,,0.0,0.088034188034188,3.433333333333333,0.088034188034188,0.0041310712710062,0.4,0.4,0.6990291262135924,0.6990291262135924,0.0,7.675730203127149,7.348475341950056,55.5,30.2,False,,,,,,False,False,0.0,,False,0.0,,False,0.0,,1.5,-106.0,BetRivers,,,,,,,,,,1.5,-106.0,BetRivers,0.5,195.0,BetRivers,,,,,,,,,,0.5,195.0,BetRivers,0.5,240.0,BetRivers,,,,,,,,,,0.5,240.0,BetRivers,0.5,1300.0,DraftKings,,,,,,,,,,0.5,1300.0,DraftKings,0.5,1300.0,DraftKings,,,,,,,,,,0.5,1300.0,DraftKings,The Odds API,"[""Bally Bet"", ""BetMGM"", ""BetRivers"", ""Bovada"", ""Caesars"", ""Courtside"", ""DraftKings"", ""FanDuel"", ""betmgm""]",The Odds API,"[""Bally Bet"", ""BetMGM"", ""BetRivers"", ""Bovada"", ""Caesars"", ""Courtside"", ""DraftKings"", ""FanDuel"", ""Fliff"", ""Hard Rock Bet"", ""theScore Bet""]",The Odds API,"[""Bally Bet"", ""BetRivers""]",The Odds API,"[""Bally Bet"", ""BetRivers""]",The Odds API,"[""Bally Bet"", ""BetRivers""]",,,,,,,,,,,,,,,,,,ALTLINE_NB_v1_2026-01-18,1.5,-106.0,BetRivers,league_avg,2.3,0.6001759479749428,60.0,0.5145631067961165,16.63796724796058,16.6,0.6001759479749428,60.0,16.63796724796058,16.6,,,,,,,,,,,,,0.5,195.0,BetRivers,exp/fallback,0.253,0.215272435164068,21.5,0.3389830508474576,-36.49463162659993,-36.5,0.215272435164068,21.5,-36.49463162659993,-36.5,,,,,,,,,,,,,0.5,240.0,BetRivers,exp/fallback,0.178,0.1567735118949744,15.7,0.2941176470588235,-46.69700595570869,-46.7,0.1567735118949744,15.7,-46.69700595570869,-46.7,,,,,,,,,,,,,0.5,1300.0,DraftKings,exp/fallback,0.21,0.1826147536848258,18.3,0.0714285714285714,155.66065515875613,155.7,0.1826147536848258,18.3,155.66065515875613,155.7,,,,,,,,,,,,,0.5,1300.0,DraftKings,exp/fallback,0.15375,0.1363119518722615,13.6,0.0714285714285714,90.83673262116614,90.8,0.1363119518722615,13.6,90.83673262116614,90.8,,,,,,,,,,,,,True,False,True,True,False,,,Active roster,2026-10-02T16:41:02+00:00,False,[],2025-2026,,2026-09-24-frozen-v2,2026-10-02T16:41:05.426327+00:00
2026-10-02,WSH@CAR,2026020018,6:00 PM,2026-10-02T23:00:00Z,Jackson Blake,8482809,CAR,False,"{""season"":""2026-27"",""games"":[{""d"":""2026-09-29"",""g"":0,""a"":0,""s"":2,""pp"":0,""h"":""H"",""toi"":""21:38""}]}",2026-27,CAR,R,,Healthy,Unknown,,,2.0,0.0,,16.0,11.0,2026-10-02T16:40:41+00:00,WSH,Logan Thompson,0.9117832388153748,2.43828101188662,18.0,Confirmed,dailyfaceoff_name_and_stats,27.25,4.0,27.25,4.0,,95.3,86.3,A1+A2,16.5,63.1,85.7,1.14,NONE,False,False,30.49987126200022,2.976863942325376,95.1,95.1,18.0,3.6,True,,,2.0,,50.0,0.0,0.0,2.0,0.0,0.0,0.0,0.0,0.0,0.0,0.0,2.0,2.0,LOW,0.0,-0.5,LOW,0.0,,LOW,0.0,,LOW,0.0,,LOW,0.0,,LOW,0.0,,LOW,0.2,,LOW,0.1,,LOW,0.05,,1.7694633521500172,0.6434412189636426,,,0.0,2.6230263896920856,2.6360568982230745,50.0,80.4,67.0,80.4,9.23,4.41,,8.39,4.01,,HOT,HOT,COOL,4.81,4.37,HOT,Yellow,Yellow,Green,Yellow,76.0,75.0,73.0,77.0,ASSISTS,77.0,1.0,1.0,1.0,1.0,0.0,1.0,A,Hybrid,12.6,,55.5,,2.0,2.072633744855967,167.88333333333333,2.072633744855967,0.1256204324944503,12.6,12.6,4.11893179787551,1.84056388364936,2.6804328402660578,7.675730203127149,7.348475341950056,55.5,71.8,False,,,,🅰️ D:1,,False,False,2.0,,False,0.0,,False,0.0,,1.5,-230.0,DraftKings,2.5,124.0,BetOnline.ag,3.5,310.0,FanDuel,4.5,700.0,Fanatics,2.5,124.0,BetOnline.ag,0.5,-114.0,BetOnline.ag,1.5,440.0,Fanatics,2.5,1700.0,Fanatics,3.5,1500.0,BetOnline.ag,0.5,-114.0,BetOnline.ag,0.5,185.0,Hard Rock Bet,1.5,1100.0,Fanatics,2.5,3300.0,Bovada,,,,0.5,185.0,Hard Rock Bet,0.5,245.0,DraftKings,,,,,,,,,,0.5,245.0,DraftKings,0.5,245.0,DraftKings,,,,,,,,,,0.5,245.0,DraftKings,The Odds API,"[""Bally Bet"", ""BetMGM"", ""BetRivers"", ""Bovada"", ""Caesars"", ""Courtside"", ""DraftKings"", ""FanDuel"", ""Fanatics"", ""betrivers""]",The Odds API,"[""Bally Bet"", ""BetMGM"", ""BetRivers"", ""Bovada"", ""Caesars"", ""Courtside"", ""DraftKings"", ""FanDuel"", ""Fanatics"", ""Fliff"", ""Hard Rock Bet"", ""fanduel"", ""theScore Bet""]",The Odds API,"[""Bally Bet"", ""BetOnline.ag"", ""BetRivers"", ""Bovada"", ""Courtside"", ""DraftKings"", ""FanDuel"", ""Fanatics"", ""Fliff"", ""Hard Rock Bet"", ""ReBet"", ""draftkings"", ""theScore Bet""]",The Odds API,"[""Bally Bet"", ""BetOnline.ag"", ""BetRivers"", ""Bovada"", ""Courtside"", ""DraftKings"", ""FanDuel"", ""Fanatics"", ""Fliff"", ""Hard Rock Bet"", ""ReBet"", ""draftkings"", ""theScore Bet""]",The Odds API,"[""Bally Bet"", ""BetOnline.ag"", ""BetRivers"", ""Bovada"", ""Caesars"", ""Courtside"", ""DraftKings"", ""FanDuel"", ""Fanatics"", ""Fliff"", ""Hard Rock Bet"", ""ReBet"", ""draftkings"", ""theScore Bet""]",0.5,230.0,BetRivers,1.5,850.0,Bovada,,,,,,,0.5,230.0,BetRivers,The Odds API,"[""Bally Bet"", ""BetRivers"", ""Bovada"", ""FanDuel"", ""Fliff"", ""Hard Rock Bet"", ""theScore Bet""]",ALTLINE_NB_v1_2026-01-18,2.5,124.0,BetOnline.ag,exp/fallback,0.2,0.0019369069985104,0.2,0.4464285714285714,-99.56613283233364,-99.6,0.0205922919144261,2.1,-97.04545376879972,-97.0,0.0019369069985104,0.2,-99.56613283233364,-99.6,0.0001602036731851,0.0,-99.93431649399407,-99.9,1.2145062741386605e-05,0.0,-99.9902839498069,-100.0,0.5,-114.0,BetOnline.ag,exp/fallback,0.923,0.5505935871225642,55.1,0.5327102803738317,3.357041793183108,3.4,0.5505935871225642,55.1,3.357041793183108,3.4,0.2370739778214241,23.7,28.019948023569043,28.0,0.0894374148911926,8.9,60.98734680414671,61.0,0.0310731477574671,3.1,-50.28296358805253,-50.3,0.5,185.0,Hard Rock Bet,exp/fallback,0.481,0.3501599662473086,35.0,0.3508771929824561,-0.204409619517043,-0.2,0.3501599662473086,35.0,-0.204409619517043,-0.2,0.0981865230912872,9.8,17.823827709544737,17.8,0.0249100864782,2.5,-15.305705974119888,-15.3,,,,,0.5,245.0,DraftKings,exp/fallback,0.2673,0.2242720958851136,22.4,0.2898550724637681,-22.62612691963578,-22.6,0.2242720958851136,22.4,-22.62612691963578,-22.6,,,,,,,,,,,,,0.5,245.0,DraftKings,exp/fallback,0.2937375,0.2357203498983241,23.6,0.2898550724637681,-18.676479285078173,-18.7,0.2357203498983241,23.6,-18.676479285078173,-18.7,,,,,,,,,,,,,False,False,False,False,False,,,Active roster,2026-10-02T16:41:02+00:00,False,[],2025-2026,,2026-09-24-frozen-v2,2026-10-02T16:41:05.426327+00:00
2026-10-02,WSH@CAR,2026020018,6:00 PM,2026-10-02T23:00:00Z,Jalen Chatfield,8478970,CAR,False,,2026-27,CAR,D,,Healthy,Unknown,,,2.0,1.0,🟢 ROLE+,16.0,11.0,2026-10-02T16:40:41+00:00,WSH,Logan Thompson,0.9117832388153748,2.43828101188662,18.0,Confirmed,dailyfaceoff_name_and_stats,27.25,4.0,27.25,4.0,,49.0,60.9,A1+A2,20.14,85.3,60.4,1.04,NONE,False,False,30.49987126200022,2.976863942325376,95.1,95.1,18.0,3.6,True,,,,,50.0,,,,,,,,,,,,,,,,,,,,,,,,,,,,,,,,,,,,,,,,0.7789151983123505,0.2920931993671314,,,0.0,2.6230263896920856,2.6360568982230745,50.0,80.4,42.6,80.4,2.92,0.75,,,,,COOL,COOL,COOL,2.17,,COOL,Red,Red,Red,Red,60.0,54.0,49.0,56.0,POINTS,60.0,,,,,,,C,Passenger,0.3,,55.5,,0.0,0.061574074074074,4.433333333333334,0.061574074074074,0.0030574361214238,0.3,0.3,2.1654135338345863,2.1654135338345863,0.0,7.675730203127149,7.348475341950056,55.5,28.0,False,,,,,,False,False,0.0,,False,0.0,,False,0.0,,1.5,104.0,BetRivers,,,,,,,,,,1.5,104.0,BetRivers,0.5,225.0,BetRivers,,,,,,,,,,0.5,225.0,BetRivers,0.5,270.0,BetRivers,,,,,,,,,,0.5,270.0,BetRivers,0.5,1300.0,FanDuel,,,,,,,,,,0.5,1300.0,FanDuel,0.5,1300.0,FanDuel,,,,,,,,,,0.5,1300.0,FanDuel,The Odds API,"[""Bally Bet"", ""BetMGM"", ""BetRivers"", ""Bovada"", ""Caesars"", ""Courtside"", ""DraftKings"", ""FanDuel"", ""Fanatics"", ""fanduel""]",The Odds API,"[""Bally Bet"", ""BetMGM"", ""BetRivers"", ""Bovada"", ""Caesars"", ""Courtside"", ""DraftKings"", ""FanDuel"", ""Fanatics"", ""Fliff"", ""Hard Rock Bet"", ""theScore Bet""]",The Odds API,"[""Bally Bet"", ""BetRivers""]",The Odds API,"[""Bally Bet"", ""BetRivers""]",The Odds API,"[""Bally Bet"", ""BetRivers""]",,,,,,,,,,,,,,,,,,ALTLINE_NB_v1_2026-01-18,1.5,104.0,BetRivers,league_avg,2.3,0.6001759479749428,60.0,0.4901960784313725,22.435893386888328,22.4,0.6001759479749428,60.0,22.435893386888328,22.4,,,,,,,,,,,,,0.5,225.0,BetRivers,exp/fallback,0.292,0.242720882725142,24.3,0.3076923076923077,-21.11571311432884,-21.1,0.242720882725142,24.3,-21.11571311432884,-21.1,,,,,,,,,,,,,0.5,270.0,BetRivers,exp/fallback,0.217,0.1861795381528188,18.6,0.2702702702702703,-31.11357088345702,-31.1,0.1861795381528188,18.6,-31.11357088345702,-31.1,,,,,,,,,,,,,0.5,1300.0,FanDuel,exp/fallback,0.21,0.1826147536848258,18.3,0.0714285714285714,155.66065515875613,155.7,0.1826147536848258,18.3,155.66065515875613,155.7,,,,,,,,,,,,,0.5,1300.0,FanDuel,exp/fallback,0.15375,0.1363119518722615,13.6,0.0714285714285714,90.83673262116614,90.8,0.1363119518722615,13.6,90.83673262116614,90.8,,,,,,,,,,,,,True,False,True,True,False,,,Active roster,2026-10-02T16:41:02+00:00,False,[],2025-2026,,2026-09-24-frozen-v2,2026-10-02T16:41:05.426327+00:00
2026-10-02,WSH@CAR,2026020018,6:00 PM,2026-10-02T23:00:00Z,Jesperi Kotkaniemi,8480829,CAR,False,,2026-27,CAR,C,,Healthy,Unknown,,,2.0,0.0,,16.0,11.0,2026-10-02T16:40:41+00:00,WSH,Logan Thompson,0.9117832388153748,2.43828101188662,18.0,Confirmed,dailyfaceoff_name_and_stats,27.25,4.0,27.25,4.0,,49.0,40.6,A1+A2,11.35,18.6,40.0,0.96,NONE,False,False,30.49987126200022,2.976863942325376,95.1,95.1,18.0,3.6,True,,,,,50.0,,,,,,,,,,,,,,,,,,,,,,,,,,,,,,,,,,,,,,,,1.1832158638571375,0.525873717269839,,,0.0,2.6230263896920856,2.6360568982230745,50.0,80.4,53.3,80.4,2.79,1.19,,,,,COOL,COOL,COOL,1.6,,COOL,Red,Red,Red,Red,42.0,47.0,44.0,40.0,SOG,47.0,,,,,,,C,Passenger,2.2,,55.5,,0.0,0.2476190476190476,10.4,0.2476190476190476,0.0218151307509439,2.2,2.2,0.0576923076923076,0.0576923076923076,0.0,7.675730203127149,7.348475341950056,55.5,37.4,False,,,,,,False,False,0.0,,False,0.0,,False,0.0,,,,,,,,,,,,,,,,,,,,,,,,,,,,,,,,,,,,,,,,,,,,,,,,,,,,,,,,,,,,,,,,,,,,,,,,,,,,,,,,,,,,,,,,,,,,,,,,,,,,,,,,ALTLINE_NB_v1_2026-01-18,,,,league_avg,2.3,,,,,,,,,,,,,,,,,,,,,,,,,exp/fallback,0.279,,,,,,,,,,,,,,,,,,,,,,,,,exp/fallback,0.16,,,,,,,,,,,,,,,,,,,,,,,,,exp/fallback,0.2276,,,,,,,,,,,,,,,,,,,,,,,,,exp/fallback,0.18235,,,,,,,,,,,,,,,,,,,,,,False,False,False,False,False,,,Active roster,2026-10-02T16:41:02+00:00,False,[],2025-2026,,2026-09-24-frozen-v2,2026-10-02T16:41:05.426327+00:00
2026-10-02,WSH@CAR,2026020018,6:00 PM,2026-10-02T23:00:00Z,Jordan Martinook,8476921,CAR,False,"{""season"":""2026-27"",""games"":[{""d"":""2026-09-29"",""g"":0,""a"":0,""s"":0,""pp"":0,""h"":""H"",""toi"":""13:50""}]}",2026-27,CAR,L,,Healthy,Unknown,,,2.0,0.0,,16.0,11.0,2026-10-02T16:40:41+00:00,WSH,Logan Thompson,0.9117832388153748,2.43828101188662,18.0,Confirmed,dailyfaceoff_name_and_stats,27.25,4.0,27.25,4.0,,77.7,66.1,A1+A2,14.84,47.1,67.5,1.07,NONE,False,False,30.49987126200022,2.976863942325376,95.1,95.1,18.0,3.6,True,,,0.0,,50.0,0.0,0.0,0.0,0.0,0.0,0.0,0.0,0.0,0.0,0.0,0.0,0.0,LOW,0.0,-0.5,LOW,0.0,,LOW,0.0,,LOW,0.0,,LOW,0.0,,LOW,0.0,,LOW,0.0,,LOW,0.0,,LOW,0.0,,1.455235684909839,0.506168933881683,,,0.0,2.6230263896920856,2.6360568982230745,50.0,80.4,59.5,80.4,4.49,2.13,,4.49,2.13,,HOT,WARM,COOL,2.36,2.36,WARM,Red,Yellow,Red,Red,64.0,65.0,62.0,61.0,SOG,65.0,1.0,1.0,1.0,1.0,0.0,1.0,C,Passenger,0.2,,55.5,,0.0,0.0363636363636363,2.8,0.0363636363636363,0.0024510519097779,0.2,0.2,0.0,0.0,0.0,7.675730203127149,7.348475341950056,55.5,25.7,False,,,,🎯 D:1,,False,False,1.0,,False,0.0,,False,0.0,,1.5,130.0,BetRivers,,,,,,,,,,1.5,130.0,BetRivers,0.5,205.0,BetRivers,,,,,,,,,,0.5,205.0,BetRivers,0.5,250.0,DraftKings,,,,,,,,,,0.5,250.0,DraftKings,0.5,550.0,FanDuel,,,,,,,,,,0.5,550.0,FanDuel,0.5,550.0,FanDuel,,,,,,,,,,0.5,550.0,FanDuel,The Odds API,"[""Bally Bet"", ""BetMGM"", ""BetRivers"", ""Bovada"", ""Caesars"", ""Courtside"", ""DraftKings"", ""FanDuel"", ""Fanatics"", ""fanduel""]",The Odds API,"[""Bally Bet"", ""BetMGM"", ""BetRivers"", ""Bovada"", ""Caesars"", ""Courtside"", ""DraftKings"", ""FanDuel"", ""Fanatics"", ""Fliff"", ""Hard Rock Bet"", ""theScore Bet""]",The Odds API,"[""Bally Bet"", ""BetRivers""]",The Odds API,"[""DraftKings""]",The Odds API,"[""Bally Bet"", ""BetRivers""]",,,,,,,,,,,,,,,,,,ALTLINE_NB_v1_2026-01-18,1.5,130.0,BetRivers,league_avg,2.3,0.6001759479749428,60.0,0.4347826086956521,38.04046803423684,38.0,0.6001759479749428,60.0,38.04046803423684,38.0,,,,,,,,,,,,,0.5,205.0,BetRivers,exp/fallback,0.449,0.3409980698344941,34.1,0.3278688524590163,4.004411299520694,4.0,0.3409980698344941,34.1,4.004411299520694,4.0,,,,,,,,,,,,,0.5,250.0,DraftKings,exp/fallback,0.236,0.1999513570425081,20.0,0.2857142857142857,-30.017025035122163,-30.0,0.1999513570425081,20.0,-30.017025035122163,-30.0,,,,,,,,,,,,,0.5,550.0,FanDuel,exp/fallback,0.2652,0.2227984623535062,22.3,0.1538461538461538,44.81900052977903,44.8,0.2227984623535062,22.3,44.81900052977903,44.8,,,,,,,,,,,,,0.5,550.0,FanDuel,exp/fallback,0.24345,0.2022865250953035,20.2,0.1538461538461538,31.486241311947293,31.5,0.2022865250953035,20.2,31.486241311947293,31.5,,,,,,,,,,,,,True,False,True,True,False,,,Active roster,2026-10-02T16:41:02+00:00,False,[],2025-2026,,2026-09-24-frozen-v2,2026-10-02T16:41:05.426327+00:00
2026-10-02,WSH@CAR,2026020018,6:00 PM,2026-10-02T23:00:00Z,Jordan Staal,8473533,CAR,False,"{""season"":""2026-27"",""games"":[{""d"":""2026-09-29"",""g"":0,""a"":0,""s"":0,""pp"":0,""h"":""H"",""toi"":""17:17""}]}",2026-27,CAR,C,,Healthy,Unknown,,,2.0,0.0,,16.0,11.0,2026-10-02T16:40:41+00:00,WSH,Logan Thompson,0.9117832388153748,2.43828101188662,18.0,Confirmed,dailyfaceoff_name_and_stats,27.25,4.0,27.25,4.0,,85.6,63.9,A1+A2,16.19,61.1,73.1,1.09,NONE,False,False,30.49987126200022,2.976863942325376,95.1,95.1,18.0,3.6,True,,,0.0,,50.0,0.0,0.0,0.0,0.0,0.0,0.0,0.0,0.0,0.0,0.0,0.0,0.0,LOW,0.0,-0.5,LOW,0.0,,LOW,0.0,,LOW,0.0,,LOW,0.0,,LOW,0.0,,LOW,0.0,,LOW,0.0,,LOW,0.0,,1.7048743269078983,0.5682914423026327,,,0.0,2.6230263896920856,2.6360568982230745,50.0,80.4,65.5,80.4,5.12,2.79,,5.12,2.79,,HOT,HOT,COOL,2.33,2.33,WARM,Red,Yellow,Yellow,Red,64.0,70.0,70.0,63.0,SOG,70.0,1.0,1.0,1.0,1.0,0.0,1.0,C,Passenger,4.8,,55.5,,0.0,0.7744444444444445,58.083333333333336,0.7744444444444445,0.0478419636483444,4.8,4.8,2.613486370157819,2.613486370157819,0.0,7.675730203127149,7.348475341950056,55.5,42.9,False,,,,🎯 D:1,,False,False,1.0,,False,0.0,,False,0.0,,1.5,-105.0,BetRivers,2.5,270.0,theScore Bet,3.5,750.0,Fanatics,4.5,2200.0,Fanatics,1.5,-105.0,BetRivers,0.5,125.0,BetRivers,1.5,600.0,BetRivers,,,,,,,0.5,125.0,BetRivers,0.5,295.0,DraftKings,,,,,,,,,,0.5,295.0,DraftKings,0.5,320.0,theScore Bet,,,,,,,,,,0.5,320.0,theScore Bet,0.5,310.0,DraftKings,,,,,,,,,,0.5,310.0,DraftKings,The Odds API,"[""Bally Bet"", ""BetMGM"", ""BetRivers"", ""Bovada"", ""Caesars"", ""Courtside"", ""DraftKings"", ""FanDuel"", ""Fanatics"", ""fanduel""]",The Odds API,"[""Bally Bet"", ""BetMGM"", ""BetRivers"", ""Bovada"", ""Caesars"", ""Courtside"", ""DraftKings"", ""FanDuel"", ""Fanatics"", ""Fliff"", ""Hard Rock Bet"", ""theScore Bet""]",The Odds API,"[""Bally Bet"", ""BetOnline.ag"", ""BetRivers"", ""Bovada"", ""Courtside"", ""DraftKings"", ""Fanatics"", ""Fliff"", ""Hard Rock Bet"", ""ReBet"", ""theScore Bet""]",The Odds API,"[""Bally Bet"", ""BetRivers"", ""Courtside"", ""DraftKings""]",The Odds API,"[""Bally Bet"", ""BetRivers""]",,,,,,,,,,,,,,,,,,ALTLINE_NB_v1_2026-01-18,1.5,-105.0,BetRivers,league_avg,2.3,0.6001759479749428,60.0,0.5121951219512195,17.177208890345963,17.2,0.6001759479749428,60.0,17.177208890345963,17.2,0.3835789960842564,38.4,41.92422855117488,41.9,0.2254288407355011,22.5,91.614514625176,91.6,0.1243884637071297,12.4,186.09346652639843,186.1,0.5,125.0,BetRivers,exp/fallback,0.512,0.3755978785235991,37.6,0.4444444444444444,-15.490477332190189,-15.5,0.3755978785235991,37.6,-15.490477332190189,-15.5,0.1044870523737373,10.4,-26.85906333838386,-26.9,,,,,,,,,0.5,295.0,DraftKings,exp/fallback,0.233,0.1978002077296362,19.8,0.2531645569620253,-21.86891794679368,-21.9,0.1978002077296362,19.8,-21.86891794679368,-21.9,,,,,,,,,,,,,0.5,320.0,theScore Bet,exp/fallback,0.2916,0.2410432155695225,24.1,0.238095238095238,1.2381505391994896,1.2,0.2410432155695225,24.1,1.2381505391994896,1.2,,,,,,,,,,,,,0.5,310.0,DraftKings,exp/fallback,0.28635,0.2309550392231498,23.1,0.2439024390243902,-5.308433918508559,-5.3,0.2309550392231498,23.1,-5.308433918508559,-5.3,,,,,,,,,,,,,True,False,False,False,False,,,Active roster,2026-10-02T16:41:02+00:00,False,[],2025-2026,,2026-09-24-frozen-v2,2026-10-02T16:41:05.426327+00:00
2026-10-02,WSH@CAR,2026020018,6:00 PM,2026-10-02T23:00:00Z,K'Andre Miller,8480817,CAR,False,"{""season"":""2026-27"",""games"":[{""d"":""2026-09-29"",""g"":0,""a"":0,""s"":0,""pp"":0,""h"":""H"",""toi"":""25:15""}]}",2026-27,CAR,D,,Healthy,Unknown,,,2.0,1.0,🟢 ROLE+,16.0,11.0,2026-10-02T16:40:41+00:00,WSH,Logan Thompson,0.9117832388153748,2.43828101188662,18.0,Confirmed,dailyfaceoff_name_and_stats,27.25,4.0,27.25,4.0,,51.9,84.1,A1+A2,22.39,94.4,71.7,1.09,NONE,False,False,30.49987126200022,2.976863942325376,95.1,95.1,18.0,3.6,True,,,0.0,,50.0,0.0,0.0,0.0,0.0,0.0,0.0,0.0,0.0,0.0,0.0,0.0,0.0,LOW,0.0,-0.5,LOW,0.0,,LOW,0.0,,LOW,0.0,,LOW,0.0,,LOW,0.0,,LOW,0.0,,LOW,0.0,,LOW,0.0,,1.0167868063315857,0.3536649761153341,,,0.0,2.6230263896920856,2.6360568982230745,50.0,80.4,49.0,80.4,5.27,0.89,,5.27,0.89,,HOT,COOL,COOL,4.38,4.38,HOT,Yellow,Red,Red,Yellow,79.0,56.0,51.0,74.0,POINTS,79.0,1.0,1.0,1.0,1.0,0.0,1.0,B,Distributor,4.2,,55.5,,1.0,0.9412037037037037,67.76666666666667,0.9412037037037037,0.0420314874350041,4.2,4.2,1.6180521396950318,0.3010329562223315,1.5494343334972946,7.675730203127149,7.348475341950056,55.5,54.4,False,,,,🅿️ D:1,,False,False,0.0,,False,0.0,,False,0.0,,1.5,-130.0,BetRivers,,,,,,,,,,1.5,-130.0,BetRivers,0.5,175.0,Hard Rock Bet,1.5,1100.0,Fanatics,2.5,1400.0,Bovada,3.5,2200.0,BetOnline.ag,0.5,175.0,Hard Rock Bet,0.5,225.0,Fanatics,1.5,1600.0,DraftKings,2.5,3300.0,Bovada,,,,0.5,225.0,Fanatics,0.5,800.0,theScore Bet,,,,,,,,,,0.5,800.0,theScore Bet,0.5,800.0,fanatics,,,,,,,,,,0.5,800.0,fanatics,BallDontLie,"[""Bally Bet"", ""BetMGM"", ""BetRivers"", ""Bovada"", ""Caesars"", ""Courtside"", ""DraftKings"", ""FanDuel"", ""Fanatics"", ""fanatics""]",The Odds API,"[""Bally Bet"", ""BetMGM"", ""BetRivers"", ""Bovada"", ""Caesars"", ""Courtside"", ""DraftKings"", ""FanDuel"", ""Fanatics"", ""Fliff"", ""Hard Rock Bet"", ""theScore Bet""]",The Odds API,"[""Bally Bet"", ""BetRivers""]",The Odds API,"[""Bally Bet"", ""BetOnline.ag"", ""BetRivers"", ""Bovada"", ""Courtside"", ""DraftKings"", ""Fanatics"", ""Fliff"", ""Hard Rock Bet"", ""ReBet"", ""draftkings"", ""theScore Bet""]",The Odds API,"[""Bally Bet"", ""BetOnline.ag"", ""BetRivers"", ""Bovada"", ""Caesars"", ""Courtside"", ""DraftKings"", ""Fanatics"", ""Fliff"", ""Hard Rock Bet"", ""ReBet"", ""draftkings"", ""theScore Bet""]",,,,,,,,,,,,,,,,,,ALTLINE_NB_v1_2026-01-18,1.5,-130.0,BetRivers,league_avg,2.3,0.6001759479749428,60.0,0.5652173913043478,6.184975410951416,6.2,0.6001759479749428,60.0,6.184975410951416,6.2,,,,,,,,,,,,,0.5,175.0,Hard Rock Bet,exp/fallback,0.5269999999999999,0.3834728682768671,38.3,0.3636363636363636,5.455038776138455,5.5,0.3834728682768671,38.3,5.455038776138455,5.5,0.1091600662015657,10.9,30.99207944187885,31.0,0.0267759034946244,2.7,-59.83614475806333,-59.8,0.006004526802447,0.6,-86.18958835437188,-86.2,0.5,225.0,Fanatics,exp/fallback,0.438,0.3270348279665481,32.7,0.3076923076923077,6.2863190891281455,6.3,0.3270348279665481,32.7,6.2863190891281455,6.3,0.0852310992129371,8.5,44.89286866199315,44.9,0.0200690607424193,2.0,-31.76519347577431,-31.8,,,,,0.5,800.0,theScore Bet,exp/fallback,0.2155999999999999,0.1868221851758579,18.7,0.1111111111111111,68.13996665827212,68.1,0.1868221851758579,18.7,68.13996665827212,68.1,,,,,,,,,,,,,0.5,800.0,fanatics,exp/fallback,0.16285,0.1434089504531858,14.3,0.1111111111111111,29.06805540786722,29.1,0.1434089504531858,14.3,29.06805540786722,29.1,,,,,,,,,,,,,False,False,True,True,False,,,Active roster,2026-10-02T16:41:02+00:00,False,[],2025-2026,,2026-09-24-frozen-v2,2026-10-02T16:41:05.426327+00:00
2026-10-02,WSH@CAR,2026020018,6:00 PM,2026-10-02T23:00:00Z,Logan Stankoven,8482702,CAR,False,"{""season"":""2026-27"",""games"":[{""d"":""2026-09-29"",""g"":0,""a"":0,""s"":0,""pp"":0,""h"":""H"",""toi"":""19:54""}]}",2026-27,CAR,C,,Healthy,Unknown,,,2.0,0.0,,16.0,11.0,2026-10-02T16:40:41+00:00,WSH,Logan Thompson,0.9117832388153748,2.43828101188662,18.0,Confirmed,dailyfaceoff_name_and_stats,27.25,4.0,27.25,4.0,,92.0,76.4,A1+A2,15.45,52.3,78.6,1.11,NONE,False,False,30.49987126200022,2.976863942325376,95.1,95.1,18.0,3.6,True,,,0.0,,50.0,0.0,0.0,0.0,0.0,0.0,0.0,0.0,0.0,0.0,0.0,0.0,0.0,LOW,0.0,-0.5,LOW,0.0,,LOW,0.0,,LOW,0.0,,LOW,0.0,,LOW,0.0,,LOW,0.0,,LOW,0.0,,LOW,0.0,,1.697725716893588,0.3833574199437134,,,0.0,2.6230263896920856,2.6360568982230745,50.0,80.4,65.2,80.4,6.45,3.29,,6.45,3.29,,HOT,HOT,COOL,3.16,3.16,HOT,Yellow,Yellow,Yellow,Yellow,70.0,73.0,70.0,70.0,SOG,73.0,1.0,1.0,1.0,1.0,0.0,1.0,B,Hybrid,9.8,,55.5,,1.0,1.5213991769547326,123.23333333333332,1.5213991769547326,0.0984711272107394,9.8,9.8,3.668650256965107,1.806329456315932,2.190965647822559,7.675730203127149,7.348475341950056,55.5,66.1,False,,,,🎯 D:1,,False,False,2.0,,False,0.0,,False,0.0,,1.5,-165.0,Fanatics,2.5,185.0,Fanatics,3.5,460.0,Fanatics,4.5,1200.0,Fanatics,1.5,-165.0,Fanatics,0.5,105.0,theScore Bet,1.5,550.0,theScore Bet,2.5,2200.0,Fanatics,3.5,1550.0,BetOnline.ag,0.5,105.0,theScore Bet,0.5,265.0,Bovada,1.5,1500.0,Fanatics,2.5,3300.0,Bovada,,,,0.5,265.0,Bovada,0.5,235.0,DraftKings,,,,,,,,,,0.5,235.0,DraftKings,0.5,235.0,DraftKings,,,,,,,,,,0.5,235.0,DraftKings,The Odds API,"[""Bally Bet"", ""BetMGM"", ""BetRivers"", ""Bovada"", ""Caesars"", ""Courtside"", ""DraftKings"", ""FanDuel"", ""Fanatics"", ""betmgm""]",The Odds API,"[""Bally Bet"", ""BetMGM"", ""BetRivers"", ""Bovada"", ""Caesars"", ""Courtside"", ""DraftKings"", ""FanDuel"", ""Fanatics"", ""Fliff"", ""Hard Rock Bet"", ""fanduel"", ""theScore Bet""]",The Odds API,"[""Bally Bet"", ""BetOnline.ag"", ""BetRivers"", ""Bovada"", ""Courtside"", ""DraftKings"", ""FanDuel"", ""Fanatics"", ""Fliff"", ""Hard Rock Bet"", ""ReBet"", ""theScore Bet""]",The Odds API,"[""Bally Bet"", ""BetOnline.ag"", ""BetRivers"", ""Bovada"", ""Courtside"", ""DraftKings"", ""FanDuel"", ""Fanatics"", ""Fliff"", ""Hard Rock Bet"", ""ReBet"", ""draftkings"", ""theScore Bet""]",The Odds API,"[""Bally Bet"", ""BetOnline.ag"", ""BetRivers"", ""Bovada"", ""Caesars"", ""Courtside"", ""DraftKings"", ""FanDuel"", ""Fanatics"", ""Fliff"", ""Hard Rock Bet"", ""ReBet"", ""draftkings"", ""theScore Bet""]",,,,,,,,,,,,,,,,,,ALTLINE_NB_v1_2026-01-18,1.5,-165.0,Fanatics,league_avg,2.3,0.6001759479749428,60.0,0.6226415094339622,-3.60810532523646,-3.6,0.6001759479749428,60.0,-3.60810532523646,-3.6,0.3835789960842564,38.4,9.32001388401308,9.3,0.2254288407355011,22.5,26.24015081188065,26.2,0.1243884637071297,12.4,61.70500281926867,61.7,0.5,105.0,theScore Bet,exp/fallback,0.645,0.4409854171124907,44.1,0.4878048780487805,-9.597989491939396,-9.6,0.4409854171124907,44.1,-9.597989491939396,-9.6,0.1468272233842072,14.7,-4.56230480026526,-4.6,0.0423449687691133,4.2,-2.606571831039384,-2.6,0.0111899501586162,1.1,-81.53658223828322,-81.5,0.5,265.0,Bovada,exp/fallback,0.316,0.2542678252361734,25.4,0.273972602739726,-7.192243788796704,-7.2,0.2542678252361734,25.4,-7.192243788796704,-7.2,0.0507692352315367,5.1,-18.769223629541187,-18.8,0.0091205600751473,0.9,-68.99009574449889,-69.0,,,,,0.5,235.0,DraftKings,exp/fallback,0.3116,0.2544681786495917,25.4,0.2985074626865671,-14.75316015238678,-14.8,0.2544681786495917,25.4,-14.75316015238678,-14.8,,,,,,,,,,,,,0.5,235.0,DraftKings,exp/fallback,0.31885,0.2515604162073889,25.2,0.2985074626865671,-15.727260570524717,-15.7,0.2515604162073889,25.2,-15.727260570524717,-15.7,,,,,,,,,,,,,False,False,False,False,False,,,Active roster,2026-10-02T16:41:02+00:00,False,[],2025-2026,,2026-09-24-frozen-v2,2026-10-02T16:41:05.426327+00:00
2026-10-02,WSH@CAR,2026020018,6:00 PM,2026-10-02T23:00:00Z,Mark Jankowski,8476873,CAR,False,"{""season"":""2026-27"",""games"":[{""d"":""2026-09-29"",""g"":0,""a"":0,""s"":0,""pp"":0,""h"":""H"",""toi"":""13:13""}]}",2026-27,CAR,L,,Healthy,Unknown,,,2.0,0.0,,16.0,11.0,2026-10-02T16:40:41+00:00,WSH,Logan Thompson,0.9117832388153748,2.43828101188662,18.0,Confirmed,dailyfaceoff_name_and_stats,27.25,4.0,27.25,4.0,,70.1,49.3,A1+A2,11.15,17.6,52.3,1.01,NONE,False,False,30.49987126200022,2.976863942325376,95.1,95.1,18.0,3.6,True,,,0.0,,50.0,0.0,0.0,0.0,0.0,0.0,0.0,0.0,0.0,0.0,0.0,0.0,0.0,LOW,0.0,,LOW,0.0,,LOW,0.0,,LOW,0.0,,LOW,0.0,,LOW,0.0,,LOW,0.0,,LOW,0.0,,LOW,0.0,,1.548582995951417,0.3643724696356275,,,0.0,2.6230263896920856,2.6360568982230745,50.0,80.4,62.6,80.4,3.19,1.71,,3.19,1.71,,HOT,WARM,COOL,1.48,1.48,COOL,Red,Red,Red,Red,49.0,58.0,59.0,49.0,GOAL,59.0,1.0,1.0,1.0,1.0,0.0,1.0,C,Passenger,2.3,,55.5,,0.0,0.2573529411764705,17.5,0.2573529411764705,0.0230784447326197,2.3,2.3,5.1,0.0,6.0,7.675730203127149,7.348475341950056,55.5,63.4,False,,,,🥅 D:1,,False,False,1.0,,False,0.0,,False,0.0,,,,,,,,,,,,,,,,,,,,,,,,,,,,,,,,,,,,,,,,,,,,,,,0.5,475.0,Hard Rock Bet,,,,,,,,,,0.5,475.0,Hard Rock Bet,0.5,380.0,DraftKings,,,,,,,,,,0.5,380.0,DraftKings,The Odds API,"[""Bally Bet"", ""BetMGM"", ""BetRivers"", ""Bovada"", ""Caesars"", ""Courtside"", ""DraftKings"", ""FanDuel"", ""Fanatics"", ""betrivers""]",The Odds API,"[""Bally Bet"", ""BetMGM"", ""BetRivers"", ""Bovada"", ""Caesars"", ""Courtside"", ""DraftKings"", ""FanDuel"", ""Fanatics"", ""Fliff"", ""Hard Rock Bet"", ""theScore Bet""]",,,,,,,,,,,,,,,,,,,,,,,,ALTLINE_NB_v1_2026-01-18,,,,league_avg,2.3,,,,,,,,,,,,,,,,,,,,,,,,,exp/fallback,0.319,,,,,,,,,,,,,,,,,,,,,,,,,exp/fallback,0.148,,,,,,,,,,,,,,,,,,,,,,0.5,475.0,Hard Rock Bet,exp/fallback,0.2484,0.210867060145114,21.1,0.1739130434782608,21.24855958344057,21.2,0.210867060145114,21.1,21.24855958344057,21.2,,,,,,,,,,,,,0.5,380.0,DraftKings,exp/fallback,0.21615,0.1831119226395717,18.3,0.2083333333333333,-12.10627713300555,-12.1,0.1831119226395717,18.3,-12.10627713300555,-12.1,,,,,,,,,,,,,False,False,True,False,False,,,Active roster,2026-10-02T16:41:02+00:00,False,[],2025-2026,,2026-09-24-frozen-v2,2026-10-02T16:41:05.426327+00:00
2026-10-02,WSH@CAR,2026020018,6:00 PM,2026-10-02T23:00:00Z,Mike Reilly,8476422,CAR,False,,2026-27,CAR,D,,Healthy,Unknown,,,2.0,0.0,,16.0,11.0,2026-10-02T16:40:41+00:00,WSH,Logan Thompson,0.9117832388153748,2.43828101188662,18.0,Confirmed,dailyfaceoff_name_and_stats,27.25,4.0,27.25,4.0,,31.0,43.8,A1+A2,14.97,48.0,38.9,0.96,NONE,False,False,30.49987126200022,2.976863942325376,95.1,95.1,18.0,3.6,True,,,,,50.0,,,,,,,,,,,,,,,,,,,,,,,,,,,,,,,,,,,,,,,,0.8440302444170916,0.4220151222085458,,,0.0,2.6230263896920856,2.6360568982230745,50.0,80.4,44.3,80.4,2.34,0.52,,,,,COOL,COOL,COOL,1.82,,COOL,Red,Red,Red,Red,46.0,39.0,35.0,41.0,POINTS,46.0,,,,,,,C,Passenger,0.8,,55.5,,0.0,0.1222222222222222,5.133333333333334,0.1222222222222222,0.0081669450852491,0.8,0.8,0.1168831168831168,0.1168831168831168,0.0,7.675730203127149,7.348475341950056,55.5,34.1,False,,,,,,False,False,0.0,,False,0.0,,False,0.0,,,,,,,,,,,,,,,,,,,,,,,,,,,,,,,,,,,,,,,,,,,,,,,,,,,,,,,,,,,,,,,,,,,,,,,,,,,,,,,,,,,,,,,,,,,,,,,,,,,,,,,,ALTLINE_NB_v1_2026-01-18,,,,league_avg,2.3,,,,,,,,,,,,,,,,,,,,,,,,,exp/fallback,0.2339999999999999,,,,,,,,,,,,,,,,,,,,,,,,,exp/fallback,0.182,,,,,,,,,,,,,,,,,,,,,,,,,exp/fallback,0.2008,,,,,,,,,,,,,,,,,,,,,,,,,exp/fallback,0.1388,,,,,,,,,,,,,,,,,,,,,,False,False,False,False,False,,,Active roster,2026-10-02T16:41:02+00:00,False,[],2025-2026,,2026-09-24-frozen-v2,2026-10-02T16:41:05.426327+00:00
2026-10-02,WSH@CAR,2026020018,6:00 PM,2026-10-02T23:00:00Z,Nicolas Deslauriers,8475235,CAR,False,,2026-27,CAR,L,,Healthy,Unknown,,,2.0,0.0,,16.0,11.0,2026-10-02T16:40:41+00:00,WSH,Logan Thompson,0.9117832388153748,2.43828101188662,18.0,Confirmed,dailyfaceoff_name_and_stats,27.25,4.0,27.25,4.0,,26.5,24.0,A1+A2,8.55,2.6,20.9,0.94,NONE,False,False,30.49987126200022,2.976863942325376,95.1,95.1,18.0,3.6,True,,,,,50.0,,,,,,,,,,,,,,,,,,,,,,,,,,,,,,,,,,,,,,,,0.4574914220358368,0.2287457110179184,,,0.0,2.6230263896920856,2.6360568982230745,50.0,80.4,36.6,80.4,1.09,0.49,,,,,COOL,COOL,COOL,0.61,,COOL,Red,Red,Red,Red,30.0,33.0,30.0,26.0,SOG,33.0,,,,,,,C,Passenger,0.0,,55.5,,0.0,0.0016129032258064,0.05,0.0016129032258064,0.0001887029815071,0.0,0.0,0.0,0.0,0.0,7.675730203127149,7.348475341950056,55.5,19.9,False,,,,,,False,False,0.0,,False,0.0,,False,0.0,,,,,,,,,,,,,,,,,,,,,,,,,,,,,,,,,,,,,,,,,,,,,,,0.5,1400.0,Fanatics,,,,,,,,,,0.5,1400.0,Fanatics,0.5,1400.0,Fanatics,,,,,,,,,,0.5,1400.0,Fanatics,The Odds API,"[""Bally Bet"", ""BetMGM"", ""BetRivers"", ""Bovada"", ""Caesars"", ""Courtside"", ""DraftKings"", ""Fanatics"", ""fanatics""]",The Odds API,"[""Bally Bet"", ""BetMGM"", ""BetRivers"", ""Bovada"", ""Caesars"", ""Courtside"", ""DraftKings"", ""Fanatics"", ""Fliff"", ""Hard Rock Bet"", ""theScore Bet""]",,,,,,,,,,,,,,,,,,,,,,,,ALTLINE_NB_v1_2026-01-18,,,,league_avg,2.3,,,,,,,,,,,,,,,,,,,,,,,,,exp/fallback,0.109,,,,,,,,,,,,,,,,,,,,,,,,,exp/fallback,0.061,,,,,,,,,,,,,,,,,,,,,,0.5,1400.0,Fanatics,exp/fallback,0.1996,0.1747197101147712,17.5,0.0666666666666666,162.07956517215692,162.1,0.1747197101147712,17.5,162.07956517215692,162.1,,,,,,,,,,,,,0.5,1400.0,Fanatics,exp/fallback,0.13685,0.1228715960535401,12.3,0.0666666666666666,84.30739408031022,84.3,0.1228715960535401,12.3,84.30739408031022,84.3,,,,,,,,,,,,,False,False,True,True,False,,,Active roster,2026-10-02T16:41:02+00:00,False,[],2025-2026,,2026-09-24-frozen-v2,2026-10-02T16:41:05.426327+00:00
2026-10-02,WSH@CAR,2026020018,6:00 PM,2026-10-02T23:00:00Z,Nikolaj Ehlers,8477940,CAR,False,"{""season"":""2026-27"",""games"":[{""d"":""2026-09-29"",""g"":0,""a"":0,""s"":2,""pp"":0,""h"":""H"",""toi"":""19:24""}]}",2026-27,CAR,L,,Healthy,Unknown,,,2.0,0.0,,16.0,11.0,2026-10-02T16:40:41+00:00,WSH,Logan Thompson,0.9117832388153748,2.43828101188662,18.0,Confirmed,dailyfaceoff_name_and_stats,27.25,4.0,27.25,4.0,,85.2,95.7,A1+A2,16.6,64.1,84.7,1.14,NONE,False,False,30.49987126200022,2.976863942325376,95.1,95.1,18.0,3.6,True,,,2.0,,50.0,0.0,0.0,2.0,0.0,0.0,0.0,0.0,0.0,0.0,0.0,2.0,2.0,LOW,0.0,-0.5,LOW,0.0,,LOW,0.0,,LOW,0.0,,LOW,0.0,,LOW,0.0,,LOW,0.2,,LOW,0.1,,LOW,0.05,,1.911007025761124,0.6744730679156908,,,0.0,2.6230263896920856,2.6360568982230745,50.0,80.4,69.0,80.4,9.79,2.92,,8.9,2.65,,HOT,HOT,COOL,6.88,6.25,HOT,Green,Yellow,Yellow,Green,82.0,70.0,67.0,80.0,POINTS,82.0,1.0,1.0,1.0,1.0,0.0,1.0,A,Distributor,16.0,,55.5,,2.0,2.64979674796748,217.28333333333333,2.64979674796748,0.1596673647597702,16.0,16.0,3.884559331134464,0.8919229884175808,3.5207486384904505,7.675730203127149,7.348475341950056,55.5,81.7,False,,,,🅿️ D:1,,False,False,1.0,,False,0.0,,False,0.0,,1.5,-225.0,DraftKings,2.5,126.0,BetOnline.ag,3.5,320.0,Fanatics,4.5,750.0,Fanatics,2.5,126.0,BetOnline.ag,0.5,-135.0,theScore Bet,1.5,340.0,FanDuel,2.5,1400.0,DraftKings,3.5,1100.0,BetOnline.ag,0.5,-135.0,theScore Bet,0.5,140.0,DraftKings,1.5,800.0,DraftKings,2.5,3000.0,Fanatics,,,,0.5,140.0,DraftKings,0.5,245.0,BetRivers,,,,,,,,,,0.5,245.0,BetRivers,0.5,245.0,BetRivers,,,,,,,,,,0.5,245.0,BetRivers,The Odds API,"[""Bally Bet"", ""BetMGM"", ""BetRivers"", ""Bovada"", ""Caesars"", ""Courtside"", ""DraftKings"", ""FanDuel"", ""Fanatics"", ""betrivers""]",The Odds API,"[""Bally Bet"", ""BetMGM"", ""BetRivers"", ""Bovada"", ""Caesars"", ""Courtside"", ""DraftKings"", ""FanDuel"", ""Fanatics"", ""Fliff"", ""Hard Rock Bet"", ""fanduel"", ""theScore Bet""]",The Odds API,"[""Bally Bet"", ""BetOnline.ag"", ""BetRivers"", ""Bovada"", ""Courtside"", ""DraftKings"", ""FanDuel"", ""Fanatics"", ""Fliff"", ""Hard Rock Bet"", ""ReBet"", ""draftkings"", ""theScore Bet""]",The Odds API,"[""Bally Bet"", ""BetOnline.ag"", ""BetRivers"", ""Bovada"", ""Courtside"", ""DraftKings"", ""FanDuel"", ""Fanatics"", ""Fliff"", ""Hard Rock Bet"", ""ReBet"", ""draftkings"", ""theScore Bet""]",The Odds API,"[""Bally Bet"", ""BetOnline.ag"", ""BetRivers"", ""Bovada"", ""Caesars"", ""Courtside"", ""DraftKings"", ""FanDuel"", ""Fanatics"", ""Fliff"", ""Hard Rock Bet"", ""ReBet"", ""draftkings"", ""theScore Bet""]",0.5,185.0,Hard Rock Bet,1.5,700.0,Bovada,,,,,,,0.5,185.0,Hard Rock Bet,The Odds API,"[""Bally Bet"", ""BetRivers"", ""Bovada"", ""FanDuel"", ""Fliff"", ""Hard Rock Bet"", ""theScore Bet""]",ALTLINE_NB_v1_2026-01-18,2.5,126.0,BetOnline.ag,exp/fallback,0.2,0.0019369069985104,0.2,0.4424778761061947,-99.56225901833665,-99.6,0.0205922919144261,2.1,-97.02555783458288,-97.0,0.0019369069985104,0.2,-99.56225901833665,-99.6,0.0001602036731851,0.0,-99.93271445726224,-99.9,1.2145062741386605e-05,0.0,-99.98967669666985,-100.0,0.5,-135.0,theScore Bet,exp/fallback,0.979,0.569084660889567,56.9,0.574468085106383,-0.937114585890192,-0.9,0.569084660889567,56.9,-0.937114585890192,-0.9,0.254880574203451,25.5,12.147452649518442,12.1,0.1002357184448001,10.0,50.353577667200256,50.4,0.0363383429959682,3.6,-56.39398840483807,-56.4,0.5,140.0,DraftKings,exp/fallback,0.688,0.446393140589569,44.6,0.4166666666666667,7.134353741496557,7.1,0.446393140589569,44.6,7.134353741496557,7.1,0.1629991530342294,16.3,46.69923773080647,46.7,0.0541961042406615,5.4,68.00792314605087,68.0,,,,,0.5,245.0,BetRivers,exp/fallback,0.2226,0.1920389568569193,19.2,0.2898550724637681,-33.74655988436284,-33.7,0.1920389568569193,19.2,-33.74655988436284,-33.7,,,,,,,,,,,,,0.5,245.0,BetRivers,exp/fallback,0.2211,0.1866447363523884,18.7,0.2898550724637681,-35.607565958425994,-35.6,0.1866447363523884,18.7,-35.607565958425994,-35.6,,,,,,,,,,,,,False,False,False,False,False,,,Active roster,2026-10-02T16:41:02+00:00,False,"[{""market"":""Points"",""name"":""Hammer Fists"",""kind"":""FLOOR"",""rule"":""Conf_Points >= 80"",""icon"":""PTS05_HAMMER_FISTS.svg"",""kit_version"":""2026-09-24-frozen-v2""},{""market"":""Assists"",""name"":""Staff (Green Stance)"",""kind"":""STANCE"",""rule"":""Green + Assists 0.5"",""icon"":""staff.svg"",""kit_version"":""2026-09-24-frozen-v2""}]",2025-2026,,2026-09-24-frozen-v2,2026-10-02T16:41:05.426327+00:00
2026-10-02,WSH@CAR,2026020018,6:00 PM,2026-10-02T23:00:00Z,Sean Walker,8480336,CAR,False,"{""season"":""2026-27"",""games"":[{""d"":""2026-09-29"",""g"":0,""a"":0,""s"":1,""pp"":0,""h"":""H"",""toi"":""19:10""}]}",2026-27,CAR,D,,Healthy,Unknown,,,2.0,1.0,🟢 ROLE+,16.0,11.0,2026-10-02T16:40:41+00:00,WSH,Logan Thompson,0.9117832388153748,2.43828101188662,18.0,Confirmed,dailyfaceoff_name_and_stats,27.25,4.0,27.25,4.0,,65.5,74.9,A1+A2,21.81,92.8,74.3,1.1,NONE,False,False,30.49987126200022,2.976863942325376,95.1,95.1,18.0,3.6,True,,,1.0,,50.0,0.0,0.0,1.0,0.0,0.0,0.0,0.0,0.0,0.0,0.0,1.0,1.0,LOW,0.0,-0.5,LOW,0.0,,LOW,0.0,,LOW,0.0,,LOW,0.0,,LOW,0.0,,LOW,0.1,,LOW,0.05,,LOW,0.025,,0.9315721968452556,0.2430188339596318,,,0.0,2.6230263896920856,2.6360568982230745,50.0,80.4,47.7,80.4,4.29,1.32,,4.29,1.32,,HOT,COOL,COOL,3.28,2.98,HOT,Yellow,Red,Red,Yellow,74.0,64.0,59.0,69.0,POINTS,74.0,1.0,1.0,1.0,1.0,0.0,1.0,C,Passenger,3.4,,55.5,,0.0,0.7364197530864197,59.65,0.7364197530864197,0.0337619213825502,3.4,3.4,1.4886839899413244,0.633696563285834,1.0058675607711651,7.675730203127149,7.348475341950056,55.5,49.5,False,,,,🅿️ D:1,,False,False,0.0,,False,0.0,,False,0.0,,1.5,-165.0,BetRivers,,,,,,,,,,1.5,-165.0,BetRivers,0.5,160.0,BetRivers,1.5,800.0,BetRivers,,,,,,,0.5,160.0,BetRivers,0.5,190.0,BetRivers,,,,,,,,,,0.5,190.0,BetRivers,0.5,850.0,DraftKings,,,,,,,,,,0.5,850.0,DraftKings,0.5,850.0,DraftKings,,,,,,,,,,0.5,850.0,DraftKings,The Odds API,"[""Bally Bet"", ""BetMGM"", ""BetRivers"", ""Bovada"", ""Caesars"", ""Courtside"", ""DraftKings"", ""FanDuel"", ""Fanatics"", ""betrivers""]",The Odds API,"[""Bally Bet"", ""BetMGM"", ""BetRivers"", ""Bovada"", ""Caesars"", ""Courtside"", ""DraftKings"", ""FanDuel"", ""Fanatics"", ""Fliff"", ""Hard Rock Bet"", ""theScore Bet""]",The Odds API,"[""Bally Bet"", ""BetRivers""]",The Odds API,"[""Bally Bet"", ""BetRivers""]",The Odds API,"[""Bally Bet"", ""BetRivers""]",,,,,,,,,,,,,,,,,,ALTLINE_NB_v1_2026-01-18,1.5,-165.0,BetRivers,exp/fallback,0.1,0.0056639264392934,0.6,0.6226415094339622,-99.09033908702256,-99.1,0.0056639264392934,0.6,-99.09033908702256,-99.1,,,,,,,,,,,,,0.5,160.0,BetRivers,exp/fallback,0.429,0.3294737866938423,32.9,0.3846153846153846,-14.336815459600992,-14.3,0.3294737866938423,32.9,-14.336815459600992,-14.3,0.0793709779225153,7.9,-28.566119869736184,-28.6,,,,,,,,,0.5,190.0,BetRivers,exp/fallback,0.3279999999999999,0.2619359714693969,26.2,0.3448275862068966,-24.038568273874883,-24.0,0.2619359714693969,26.2,-24.038568273874883,-24.0,,,,,,,,,,,,,0.5,850.0,DraftKings,exp/fallback,0.1746,0.1552991698346185,15.5,0.1052631578947368,47.53421134288763,47.5,0.1552991698346185,15.5,47.53421134288763,47.5,,,,,,,,,,,,,0.5,850.0,DraftKings,exp/fallback,0.1431,0.1278821070205812,12.8,0.1052631578947368,21.48800166955217,21.5,0.1278821070205812,12.8,21.48800166955217,21.5,,,,,,,,,,,,,False,False,True,True,False,,,Active roster,2026-10-02T16:41:02+00:00,False,[],2025-2026,,2026-09-24-frozen-v2,2026-10-02T16:41:05.426327+00:00
2026-10-02,WSH@CAR,2026020018,6:00 PM,2026-10-02T23:00:00Z,Sebastian Aho,8478427,CAR,False,"{""season"":""2026-27"",""games"":[{""d"":""2026-09-29"",""g"":0,""a"":0,""s"":4,""pp"":0,""h"":""H"",""toi"":""20:56""}]}",2026-27,CAR,C,⭐ STAR,Healthy,Unknown,,,2.0,1.0,🟢 ROLE+,16.0,11.0,2026-10-02T16:40:41+00:00,WSH,Logan Thompson,0.9117832388153748,2.43828101188662,18.0,Confirmed,dailyfaceoff_name_and_stats,27.25,4.0,27.25,4.0,,94.5,97.7,A1+A2,19.61,84.0,93.5,1.21,STAR,False,True,30.49987126200022,2.976863942325376,95.1,95.1,18.0,3.6,True,,,4.0,,50.0,0.0,0.0,4.0,0.0,0.0,0.0,0.0,0.0,0.0,0.0,4.0,4.0,LOW,0.0,-0.5,LOW,0.0,,LOW,0.0,,LOW,0.0,,LOW,0.0,,LOW,0.0,,LOW,0.4,,LOW,0.2,,LOW,0.1,,1.9845037209444767,0.826876550393532,,,0.0,2.6230263896920856,2.6360568982230745,50.0,80.4,69.9,80.4,16.54,4.55,,12.25,4.14,,HOT,HOT,COOL,10.95,8.11,HOT,Green,Yellow,Yellow,Green,87.0,79.0,75.0,86.0,POINTS,87.0,1.0,1.0,1.0,0.0,0.0,1.0,A,Distributor,14.8,,55.5,,2.0,2.90126582278481,229.2,2.90126582278481,0.1479298215419037,14.8,14.8,4.590314136125654,1.5863874345549738,3.5340314136125657,7.675730203127149,7.348475341950056,55.5,80.0,False,,,,🅿️ D:1,,False,False,2.0,,False,0.0,,False,0.0,,1.5,-244.0,BetOnline.ag,2.5,109.0,BetOnline.ag,3.5,270.0,FanDuel,4.5,600.0,FanDuel,2.5,109.0,BetOnline.ag,0.5,-180.0,theScore Bet,1.5,245.0,DraftKings,2.5,900.0,DraftKings,3.5,2800.0,Fanatics,0.5,-180.0,theScore Bet,0.5,105.0,theScore Bet,1.5,550.0,Bovada,2.5,2200.0,Fanatics,,,,0.5,105.0,theScore Bet,0.5,210.0,BetMGM,,,,,,,,,,0.5,210.0,BetMGM,0.5,210.0,BetMGM,,,,,,,,,,0.5,210.0,BetMGM,The Odds API,"[""Bally Bet"", ""BetMGM"", ""BetRivers"", ""Bovada"", ""Caesars"", ""Courtside"", ""DraftKings"", ""FanDuel"", ""Fanatics"", ""betmgm""]",The Odds API,"[""Bally Bet"", ""BetMGM"", ""BetRivers"", ""Bovada"", ""Caesars"", ""Courtside"", ""DraftKings"", ""FanDuel"", ""Fanatics"", ""Fliff"", ""Hard Rock Bet"", ""fanduel"", ""theScore Bet""]",The Odds API,"[""Bally Bet"", ""BetOnline.ag"", ""BetRivers"", ""Bovada"", ""Courtside"", ""DraftKings"", ""FanDuel"", ""Fanatics"", ""Fliff"", ""Hard Rock Bet"", ""ReBet"", ""fanduel"", ""theScore Bet""]",The Odds API,"[""Bally Bet"", ""BetOnline.ag"", ""BetRivers"", ""Bovada"", ""Courtside"", ""DraftKings"", ""FanDuel"", ""Fanatics"", ""Fliff"", ""Hard Rock Bet"", ""ReBet"", ""draftkings"", ""theScore Bet""]",The Odds API,"[""Bally Bet"", ""BetOnline.ag"", ""BetRivers"", ""Bovada"", ""Caesars"", ""Courtside"", ""DraftKings"", ""FanDuel"", ""Fanatics"", ""Fliff"", ""Hard Rock Bet"", ""ReBet"", ""draftkings"", ""theScore Bet""]",0.5,160.0,Hard Rock Bet,1.5,650.0,Bovada,,,,,,,0.5,160.0,Hard Rock Bet,The Odds API,"[""Bally Bet"", ""BetRivers"", ""Bovada"", ""FanDuel"", ""Fliff"", ""Hard Rock Bet"", ""theScore Bet""]",ALTLINE_NB_v1_2026-01-18,2.5,109.0,BetOnline.ag,exp/fallback,0.4,0.0121706224058896,1.2,0.4784688995215311,-97.45633991716906,-97.5,0.0686180154112674,6.9,-90.32598471250984,-90.3,0.0121706224058896,1.2,-97.45633991716906,-97.5,0.0019074600412755,0.2,-99.29423978472806,-99.3,0.0002746842105414,0.0,-99.807721052621,-99.8,0.5,-180.0,theScore Bet,exp/fallback,1.654,0.7288107308037499,72.9,0.6428571428571429,13.370558125027763,13.4,0.7288107308037499,72.9,13.370558125027763,13.4,0.444722409028718,44.5,53.429231114907736,53.4,0.2438417916078971,24.4,143.8417916078971,143.8,0.1245950333027765,12.5,261.325596578052,261.3,0.5,105.0,theScore Bet,exp/fallback,1.095,0.5824209666432649,58.2,0.4878048780487805,19.396298161869307,19.4,0.5824209666432649,58.2,19.396298161869307,19.4,0.2869450108916493,28.7,86.51425707957208,86.5,0.1301374964095722,13.0,199.31624174201625,199.3,,,,,0.5,210.0,BetMGM,exp/fallback,0.2714999999999999,0.2272076498514464,22.7,0.3225806451612903,-29.565628546051588,-29.6,0.2272076498514464,22.7,-29.565628546051588,-29.6,,,,,,,,,,,,,0.5,210.0,BetMGM,exp/fallback,0.3005624999999999,0.2400796803302333,24.0,0.3225806451612903,-25.57529909762768,-25.6,0.2400796803302333,24.0,-25.57529909762768,-25.6,,,,,,,,,,,,,False,True,False,False,True,,,Active roster,2026-10-02T16:41:02+00:00,False,"[{""market"":""Points"",""name"":""Hammer Fists"",""kind"":""FLOOR"",""rule"":""Conf_Points >= 80"",""icon"":""PTS05_HAMMER_FISTS.svg"",""kit_version"":""2026-09-24-frozen-v2""},{""market"":""Points"",""name"":""Echo Stomp II"",""kind"":""TIER"",""rule"":""Conf_Points >= 80 + TOI_per_game >= 19.18"",""icon"":""PTS05_HAMMER_STOMP.svg"",""kit_version"":""2026-09-24-frozen-v2""},{""market"":""Points"",""name"":""Gaia’s Blessing"",""kind"":""TIER"",""rule"":""Conf_Points >= 80 + Assists_mu >= 0.746"",""icon"":""PTS05_GAIAS_BLESSING.svg"",""kit_version"":""2026-09-24-frozen-v2""},{""market"":""Points"",""name"":""Gaia’s Blessing+ (Press)"",""kind"":""HEAVY"",""rule"":""Conf_Points >= 81 + Assists_mu >= 0.746"",""icon"":""PTS05_GAIAS_BLESSING.svg"",""kit_version"":""2026-09-24-frozen-v2""},{""market"":""Points"",""name"":""Gaia’s Blessing++ (Smash)"",""kind"":""HEAVY"",""rule"":""Conf_Points >= 83 + Assists_mu >= 0.746"",""icon"":""PTS05_GAIAS_BLESSING.svg"",""kit_version"":""2026-09-24-frozen-v2""},{""market"":""Assists"",""name"":""Staff (Green Stance)"",""kind"":""STANCE"",""rule"":""Green + Assists 0.5"",""icon"":""staff.svg"",""kit_version"":""2026-09-24-frozen-v2""},{""market"":""Assists"",""name"":""Staff Awakened"",""kind"":""STANCE"",""rule"":""Green + Assists 0.5 + Conf_Assists ≥ 83"",""icon"":""staff.svg"",""kit_version"":""2026-09-24-frozen-v2""}]",2025-2026,,2026-09-24-frozen-v2,2026-10-02T16:41:05.426327+00:00
2026-10-02,WSH@CAR,2026020018,6:00 PM,2026-10-02T23:00:00Z,Shayne Gostisbehere,8476906,CAR,False,"{""season"":""2026-27"",""games"":[{""d"":""2026-09-29"",""g"":0,""a"":0,""s"":1,""pp"":0,""h"":""H"",""toi"":""19:09""}]}",2026-27,CAR,D,,Healthy,Unknown,,,2.0,1.0,🟢 ROLE+,16.0,11.0,2026-10-02T16:40:41+00:00,WSH,Logan Thompson,0.9117832388153748,2.43828101188662,18.0,Confirmed,dailyfaceoff_name_and_stats,27.25,4.0,27.25,4.0,,63.9,91.3,A1+A2,19.23,81.4,77.0,1.11,NONE,False,False,30.49987126200022,2.976863942325376,95.1,95.1,18.0,3.6,True,,,1.0,,50.0,0.0,0.0,1.0,0.0,0.0,0.0,0.0,0.0,0.0,0.0,1.0,1.0,LOW,0.0,-0.5,LOW,0.0,,LOW,0.0,,LOW,0.0,,LOW,0.0,,LOW,0.0,,LOW,0.1,,LOW,0.05,,LOW,0.025,,1.8308068459657705,0.7745721271393643,,,0.0,2.6230263896920856,2.6360568982230745,50.0,80.4,67.6,80.4,10.25,1.86,,9.32,1.86,,HOT,WARM,COOL,8.2,7.45,HOT,Green,Red,Red,Green,83.0,62.0,58.0,80.0,POINTS,83.0,1.0,1.0,1.0,1.0,0.0,1.0,B,Distributor,15.4,,55.5,,1.0,2.9615151515151514,162.88333333333333,2.9615151515151514,0.1539855357902532,15.4,15.4,3.8659572291005833,1.2045431290289574,3.131075411848972,7.675730203127149,7.348475341950056,55.5,79.5,False,,,,🅿️ D:1,,False,False,1.0,,False,0.0,,False,0.0,,1.5,-130.0,Fanatics,2.5,225.0,Fanatics,3.5,600.0,DraftKings,4.5,1500.0,Fanatics,1.5,-130.0,Fanatics,0.5,100.0,Fanatics,1.5,550.0,theScore Bet,2.5,2200.0,Fanatics,3.5,1550.0,BetOnline.ag,0.5,100.0,Fanatics,0.5,135.0,Hard Rock Bet,1.5,750.0,DraftKings,2.5,3500.0,Fanatics,,,,0.5,135.0,Hard Rock Bet,0.5,550.0,FanDuel,,,,,,,,,,0.5,550.0,FanDuel,0.5,550.0,FanDuel,,,,,,,,,,0.5,550.0,FanDuel,The Odds API,"[""Bally Bet"", ""BetMGM"", ""BetRivers"", ""Bovada"", ""Caesars"", ""Courtside"", ""DraftKings"", ""FanDuel"", ""Fanatics"", ""fanduel""]",The Odds API,"[""Bally Bet"", ""BetMGM"", ""BetRivers"", ""Bovada"", ""Caesars"", ""Courtside"", ""DraftKings"", ""FanDuel"", ""Fanatics"", ""Fliff"", ""Hard Rock Bet"", ""theScore Bet""]",The Odds API,"[""Bally Bet"", ""BetOnline.ag"", ""BetRivers"", ""Bovada"", ""Courtside"", ""DraftKings"", ""FanDuel"", ""Fanatics"", ""Fliff"", ""Hard Rock Bet"", ""ReBet"", ""theScore Bet""]",The Odds API,"[""Bally Bet"", ""BetOnline.ag"", ""BetRivers"", ""Bovada"", ""Courtside"", ""DraftKings"", ""FanDuel"", ""Fanatics"", ""Fliff"", ""Hard Rock Bet"", ""ReBet"", ""draftkings"", ""theScore Bet""]",The Odds API,"[""Bally Bet"", ""BetOnline.ag"", ""BetRivers"", ""Bovada"", ""Caesars"", ""Courtside"", ""DraftKings"", ""FanDuel"", ""Fanatics"", ""Fliff"", ""Hard Rock Bet"", ""ReBet"", ""draftkings"", ""theScore Bet""]",0.5,190.0,FanDuel,1.5,700.0,Bovada,,,,,,,0.5,190.0,FanDuel,The Odds API,"[""Bally Bet"", ""BetRivers"", ""Bovada"", ""FanDuel"", ""Fliff"", ""Hard Rock Bet"", ""theScore Bet""]",ALTLINE_NB_v1_2026-01-18,1.5,-130.0,Fanatics,exp/fallback,0.1,0.0056639264392934,0.6,0.5652173913043478,-98.99792070689422,-99.0,0.0056639264392934,0.6,-98.99792070689422,-99.0,0.0002745710270403,0.0,-99.91076441621188,-99.9,1.167564107673602e-05,0.0,-99.99182705124628,-100.0,1.0000000000287557e-06,0.0,-99.99839999999996,-100.0,0.5,100.0,Fanatics,exp/fallback,1.025,0.5835131771041673,58.4,0.5,16.702635420833456,16.7,0.5835131771041673,58.4,16.702635420833456,16.7,0.2693280853152227,26.9,75.06325545489474,75.1,0.1093451521917813,10.9,151.49385004109703,151.5,0.0409562503904696,4.1,-32.42218685572502,-32.4,0.5,135.0,Hard Rock Bet,exp/fallback,0.82,0.4970071927971429,49.7,0.425531914893617,16.79669030732859,16.8,0.4970071927971429,49.7,16.79669030732859,16.8,0.2044865531472544,20.4,73.81357017516623,73.8,0.0768977635127285,7.7,176.83194864582293,176.8,,,,,0.5,550.0,FanDuel,exp/fallback,0.1908,0.1679556532822095,16.8,0.1538461538461538,9.171174633436186,9.2,0.1679556532822095,16.8,9.171174633436186,9.2,,,,,,,,,,,,,0.5,550.0,FanDuel,exp/fallback,0.169425,0.1484770633250214,14.8,0.1538461538461538,-3.4899088387360777,-3.5,0.1484770633250214,14.8,-3.4899088387360777,-3.5,,,,,,,,,,,,,False,True,False,False,True,,,Active roster,2026-10-02T16:41:02+00:00,False,"[{""market"":""Points"",""name"":""Hammer Fists"",""kind"":""FLOOR"",""rule"":""Conf_Points >= 80"",""icon"":""PTS05_HAMMER_FISTS.svg"",""kit_version"":""2026-09-24-frozen-v2""},{""market"":""Points"",""name"":""Echo Stomp II"",""kind"":""TIER"",""rule"":""Conf_Points >= 80 + TOI_per_game >= 19.18"",""icon"":""PTS05_HAMMER_STOMP.svg"",""kit_version"":""2026-09-24-frozen-v2""},{""market"":""Points"",""name"":""Gaia’s Blessing"",""kind"":""TIER"",""rule"":""Conf_Points >= 80 + Assists_mu >= 0.746"",""icon"":""PTS05_GAIAS_BLESSING.svg"",""kit_version"":""2026-09-24-frozen-v2""},{""market"":""Points"",""name"":""Gaia’s Blessing+ (Press)"",""kind"":""HEAVY"",""rule"":""Conf_Points >= 81 + Assists_mu >= 0.746"",""icon"":""PTS05_GAIAS_BLESSING.svg"",""kit_version"":""2026-09-24-frozen-v2""},{""market"":""Points"",""name"":""Gaia’s Blessing++ (Smash)"",""kind"":""HEAVY"",""rule"":""Conf_Points >= 83 + Assists_mu >= 0.746"",""icon"":""PTS05_GAIAS_BLESSING.svg"",""kit_version"":""2026-09-24-frozen-v2""},{""market"":""Assists"",""name"":""Staff (Green Stance)"",""kind"":""STANCE"",""rule"":""Green + Assists 0.5"",""icon"":""staff.svg"",""kit_version"":""2026-09-24-frozen-v2""}]",2025-2026,,2026-09-24-frozen-v2,2026-10-02T16:41:05.426327+00:00
2026-10-02,WSH@CAR,2026020018,6:00 PM,2026-10-02T23:00:00Z,Taylor Hall,8475791,CAR,False,"{""season"":""2026-27"",""games"":[{""d"":""2026-09-29"",""g"":0,""a"":0,""s"":1,""pp"":0,""h"":""H"",""toi"":""15:27""}]}",2026-27,CAR,L,,Healthy,Unknown,,,2.0,0.0,,16.0,11.0,2026-10-02T16:40:41+00:00,WSH,Logan Thompson,0.9117832388153748,2.43828101188662,18.0,Confirmed,dailyfaceoff_name_and_stats,27.25,4.0,27.25,4.0,,83.3,85.3,A1+A2,14.53,44.1,76.2,1.1,NONE,False,False,30.49987126200022,2.976863942325376,95.1,95.1,18.0,3.6,True,,,1.0,,50.0,0.0,0.0,1.0,0.0,0.0,0.0,0.0,0.0,0.0,0.0,1.0,1.0,LOW,0.0,-0.5,LOW,0.0,,LOW,0.0,,LOW,0.0,,LOW,0.0,,LOW,0.0,,LOW,0.1,,LOW,0.05,,LOW,0.025,,2.1933146714967893,0.8299028486744607,,,0.0,2.6230263896920856,2.6360568982230745,50.0,80.4,71.9,80.4,6.65,2.51,,6.65,2.51,,HOT,HOT,COOL,4.14,4.14,HOT,Yellow,Yellow,Yellow,Yellow,74.0,67.0,65.0,74.0,ASSISTS,74.0,1.0,1.0,1.0,1.0,0.0,1.0,B,Hybrid,11.1,,55.5,,1.0,1.6079166666666669,128.63333333333333,1.6079166666666669,0.1106650225115425,11.1,11.1,3.2639284788805387,1.777144337911376,1.7491578129048977,7.675730203127149,7.348475341950056,55.5,65.2,False,,,,🅰️ D:1,,False,False,1.0,,False,0.0,,False,0.0,,1.5,-147.0,BetOnline.ag,2.5,210.0,FanDuel,3.5,500.0,Fanatics,4.5,1300.0,Fanatics,1.5,-147.0,BetOnline.ag,0.5,115.0,theScore Bet,1.5,600.0,theScore Bet,2.5,2200.0,Fanatics,3.5,1600.0,BetOnline.ag,0.5,115.0,theScore Bet,0.5,240.0,Hard Rock Bet,1.5,1400.0,DraftKings,2.5,3300.0,Bovada,,,,0.5,240.0,Hard Rock Bet,0.5,295.0,Fliff,,,,,,,,,,0.5,295.0,Fliff,0.5,290.0,FanDuel,,,,,,,,,,0.5,290.0,FanDuel,The Odds API,"[""Bally Bet"", ""BetMGM"", ""BetRivers"", ""Bovada"", ""Caesars"", ""Courtside"", ""DraftKings"", ""FanDuel"", ""Fanatics"", ""fanduel""]",The Odds API,"[""Bally Bet"", ""BetMGM"", ""BetRivers"", ""Bovada"", ""Caesars"", ""Courtside"", ""DraftKings"", ""FanDuel"", ""Fanatics"", ""Fliff"", ""Hard Rock Bet"", ""theScore Bet""]",The Odds API,"[""Bally Bet"", ""BetOnline.ag"", ""BetRivers"", ""Bovada"", ""Courtside"", ""DraftKings"", ""FanDuel"", ""Fanatics"", ""Fliff"", ""Hard Rock Bet"", ""ReBet"", ""theScore Bet""]",The Odds API,"[""Bally Bet"", ""BetOnline.ag"", ""BetRivers"", ""Bovada"", ""Courtside"", ""DraftKings"", ""Fanatics"", ""Fliff"", ""Hard Rock Bet"", ""ReBet"", ""draftkings"", ""theScore Bet""]",The Odds API,"[""Bally Bet"", ""BetOnline.ag"", ""BetRivers"", ""Bovada"", ""Caesars"", ""Courtside"", ""DraftKings"", ""Fanatics"", ""Fliff"", ""Hard Rock Bet"", ""ReBet"", ""draftkings"", ""theScore Bet""]",,,,,,,,,,,,,,,,,,ALTLINE_NB_v1_2026-01-18,1.5,-147.0,BetOnline.ag,exp/fallback,0.1,0.0056639264392934,0.6,0.5951417004048583,-99.04830623775138,-99.0,0.0056639264392934,0.6,-99.04830623775138,-99.0,0.0002745710270403,0.0,-99.91488298161752,-99.9,1.167564107673602e-05,0.0,-99.99299461535396,-100.0,1.0000000000287557e-06,0.0,-99.99859999999995,-100.0,0.5,115.0,theScore Bet,exp/fallback,0.665,0.4500070648737595,45.0,0.4651162790697674,-3.248481052141705,-3.2,0.4500070648737595,45.0,-3.248481052141705,-3.2,0.1533164935016646,15.3,7.321545451165257,7.3,0.0452840617639651,4.5,4.153342057119858,4.2,0.0122601547594443,1.2,-79.15773690894467,-79.2,0.5,240.0,Hard Rock Bet,exp/fallback,0.414,0.3135870635872353,31.4,0.2941176470588235,6.61960161966001,6.6,0.3135870635872353,31.4,6.61960161966001,6.6,0.078147995091059,7.8,17.221992636588613,17.2,0.0175814410164419,1.8,-40.22310054409724,-40.2,,,,,0.5,295.0,Fliff,exp/fallback,0.2103,0.1828409234974823,18.3,0.2531645569620253,-27.777835218494463,-27.8,0.1828409234974823,18.3,-27.777835218494463,-27.8,,,,,,,,,,,,,0.5,290.0,FanDuel,exp/fallback,0.2011125,0.1722228684849772,17.2,0.2564102564102564,-32.83308129085887,-32.8,0.1722228684849772,17.2,-32.83308129085887,-32.8,,,,,,,,,,,,,False,False,False,False,False,,,Active roster,2026-10-02T16:41:02+00:00,False,[],2025-2026,,2026-09-24-frozen-v2,2026-10-02T16:41:05.426327+00:00
2026-10-02,WSH@CAR,2026020018,6:00 PM,2026-10-02T23:00:00Z,William Carrier,8477478,CAR,False,,2026-27,CAR,L,,Healthy,Unknown,,,2.0,0.0,,16.0,11.0,2026-10-02T16:40:41+00:00,WSH,Logan Thompson,0.9117832388153748,2.43828101188662,18.0,Confirmed,dailyfaceoff_name_and_stats,27.25,4.0,27.25,4.0,,66.8,51.9,A1+A2,10.75,14.4,51.1,1.0,NONE,False,False,30.49987126200022,2.976863942325376,95.1,95.1,18.0,3.6,True,,,,,50.0,,,,,,,,,,,,,,,,,,,,,,,,,,,,,,,,,,,,,,,,1.4580801944106927,0.6480356419603078,,,0.0,2.6230263896920856,2.6360568982230745,50.0,80.4,60.0,80.4,3.01,1.43,,,,,COOL,COOL,COOL,1.58,,COOL,Red,Red,Red,Red,48.0,56.0,54.0,47.0,SOG,56.0,,,,,,,C,Passenger,0.3,,55.5,,0.0,0.0321428571428571,2.25,0.0321428571428571,0.0029889740069964,0.3,0.3,2.4,2.4,0.0,7.675730203127149,7.348475341950056,55.5,28.0,False,,,,,,False,False,0.0,,False,0.0,,False,0.0,,,,,,,,,,,,,,,,,,,,,,,,,,,,,,,,,,,,,,,,,,,,,,,0.5,1200.0,Fanatics,,,,,,,,,,0.5,1200.0,Fanatics,0.5,1200.0,Fanatics,,,,,,,,,,0.5,1200.0,Fanatics,The Odds API,"[""Bally Bet"", ""BetMGM"", ""BetRivers"", ""Bovada"", ""Caesars"", ""Courtside"", ""DraftKings"", ""FanDuel"", ""Fanatics"", ""fanatics""]",The Odds API,"[""Bally Bet"", ""BetMGM"", ""BetRivers"", ""Bovada"", ""Caesars"", ""Courtside"", ""DraftKings"", ""FanDuel"", ""Fanatics"", ""Fliff"", ""Hard Rock Bet"", ""theScore Bet""]",,,,,,,,,,,,,,,,,,,,,,,,ALTLINE_NB_v1_2026-01-18,,,,league_avg,2.3,,,,,,,,,,,,,,,,,,,,,,,,,exp/fallback,0.301,,,,,,,,,,,,,,,,,,,,,,,,,exp/fallback,0.158,,,,,,,,,,,,,,,,,,,,,,0.5,1200.0,Fanatics,exp/fallback,0.2372,0.2027698891169088,20.3,0.0769230769230769,163.60085585198152,163.6,0.2027698891169088,20.3,163.60085585198152,163.6,,,,,,,,,,,,,0.5,1200.0,Fanatics,exp/fallback,0.19795,0.1699023192810056,17.0,0.0769230769230769,120.87301506530731,120.9,0.1699023192810056,17.0,120.87301506530731,120.9,,,,,,,,,,,,,False,False,True,True,False,,,Active roster,2026-10-02T16:41:02+00:00,False,[],2025-2026,,2026-09-24-frozen-v2,2026-10-02T16:41:05.426327+00:00
2026-10-02,WSH@CAR,2026020018,6:00 PM,2026-10-02T23:00:00Z,Alex Ovechkin,8471214,WSH,False,"{""season"":""2026-27"",""games"":[]}",2026-27,WSH,L,⭐ STAR,Healthy,Unknown,,,1.0,0.0,,16.0,11.0,2026-10-02T16:40:41+00:00,CAR,Brandon Bussi,0.893640350877193,2.4652486074734026,43.7,Confirmed,dailyfaceoff_name_and_stats,27.4,5.0,27.4,5.0,14.3,98.3,87.4,A1+A2,17.45,72.2,89.3,1.19,STAR,False,True,26.180837830079174,2.62122907817057,65.8,75.7,15.0,3.75,True,3.5,3.625,4.0,3.675,94.1,11.0,6.0,38.0,1.0,2.0,5.0,14.0,30.0,6.0,13.0,68.0,133.0,STRONG,1.1,0.6,OK,0.7,,OK,0.75,,OK,0.5,,LOW,0.3,,LOW,0.325,,STRONG,3.8,,GOOD,3.4,,GOOD,3.325,,2.147117296222664,0.7753479125248509,,,5.0,2.310074668039872,2.1627983962923456,50.0,30.3,71.2,24.5,10.52,5.4,40.43,-1.44,-1.09,-1.25,COOL,COOL,COOL,5.12,-0.35,COOL,Yellow,Green,Green,Yellow,61.0,79.0,82.0,70.0,GOAL,82.0,0.0,0.0,2.0,0.0,2.0,0.0,A,Distributor,24.4,,26.4,,2.0,4.254065040650406,348.8333333333333,4.254065040650406,0.243808680660718,24.4,24.4,3.06292403248925,1.3450549450549452,2.0210224558050647,6.890141837723548,6.917211529606778,26.4,71.9,True,,,,🥅 D:2,🥅 GOAL EARNED,False,True,3.0,"iXG,SOG,REG",False,0.0,,False,0.0,,1.5,-330.0,theScore Bet,2.5,102.0,BetRivers,3.5,220.0,theScore Bet,4.5,470.0,FanDuel,2.5,102.0,BetRivers,0.5,107.0,BetRivers,1.5,550.0,Bovada,2.5,2200.0,Fanatics,3.5,1550.0,BetOnline.ag,0.5,107.0,BetRivers,0.5,240.0,BetRivers,1.5,1500.0,Fanatics,,,,,,,0.5,240.0,BetRivers,0.5,240.0,DraftKings,,,,,,,,,,0.5,240.0,DraftKings,0.5,240.0,DraftKings,,,,,,,,,,0.5,240.0,DraftKings,The Odds API,"[""Bally Bet"", ""BetMGM"", ""BetRivers"", ""Bovada"", ""Caesars"", ""Courtside"", ""DraftKings"", ""FanDuel"", ""Fanatics"", ""fanatics""]",The Odds API,"[""Bally Bet"", ""BetMGM"", ""BetRivers"", ""Bovada"", ""Caesars"", ""Courtside"", ""DraftKings"", ""FanDuel"", ""Fanatics"", ""Fliff"", ""Hard Rock Bet"", ""fanduel"", ""theScore Bet""]",The Odds API,"[""Bally Bet"", ""BetOnline.ag"", ""BetRivers"", ""Bovada"", ""Courtside"", ""DraftKings"", ""FanDuel"", ""Fanatics"", ""Fliff"", ""Hard Rock Bet"", ""ReBet"", ""fanduel"", ""theScore Bet""]",The Odds API,"[""Bally Bet"", ""BetOnline.ag"", ""BetRivers"", ""Courtside"", ""DraftKings"", ""FanDuel"", ""Fanatics"", ""Fliff"", ""ReBet"", ""draftkings""]",The Odds API,"[""Bally Bet"", ""BetOnline.ag"", ""BetRivers"", ""Bovada"", ""Caesars"", ""Courtside"", ""DraftKings"", ""FanDuel"", ""Fanatics"", ""Fliff"", ""Hard Rock Bet"", ""ReBet"", ""draftkings"", ""theScore Bet""]",0.5,350.0,Hard Rock Bet,,,,,,,,,,0.5,350.0,Hard Rock Bet,The Odds API,"[""Bally Bet"", ""BetRivers"", ""Bovada"", ""FanDuel"", ""Fliff"", ""Hard Rock Bet"", ""theScore Bet""]",ALTLINE_NB_v1_2026-01-18,2.5,102.0,BetRivers,exp/fallback,4.043,0.6612486291558606,66.1,0.495049504950495,33.57222308948384,33.6,0.8158235510640939,81.6,6.304280896230416,6.3,0.6612486291558606,66.1,33.57222308948384,33.6,0.5058473089333099,50.6,61.87113885865917,61.9,0.3691441893380591,36.9,110.41218792269372,110.4,0.5,107.0,BetRivers,exp/fallback,1.052,0.5916795017929971,59.2,0.4830917874396135,22.47765687115041,22.5,0.5916795017929971,59.2,22.47765687115041,22.5,0.2777245506792951,27.8,80.52095794154184,80.5,0.1147809672954041,11.5,163.99622477942944,164.0,0.0437854246057995,4.4,-27.75404940043067,-27.8,0.5,240.0,BetRivers,exp/fallback,0.512,0.3661000446265569,36.6,0.2941176470588235,24.47401517302934,24.5,0.3661000446265569,36.6,24.47401517302934,24.5,0.107694967276873,10.8,72.3119476429968,72.3,,,,,,,,,0.5,240.0,DraftKings,exp/fallback,0.396,0.3076054705914631,30.8,0.2941176470588235,4.585860001097464,4.6,0.3076054705914631,30.8,4.585860001097464,4.6,,,,,,,,,,,,,0.5,240.0,DraftKings,exp/fallback,0.456,0.3292582336591472,32.9,0.2941176470588235,11.94779944411004,11.9,0.3292582336591472,32.9,11.94779944411004,11.9,,,,,,,,,,,,,True,True,False,True,True,14.3,,Active roster,2026-10-02T16:41:02+00:00,False,"[{""market"":""SOG"",""name"":""Jungle Stance"",""kind"":""STANCE"",""rule"":""Green + SOG 2.5 + Conf_SOG >= 75"",""icon"":""sog_basic_swipe.svg"",""kit_version"":""2026-09-24-frozen-v2""},{""market"":""SOG"",""name"":""Berserker Swipe"",""kind"":""FLOOR"",""rule"":""iXG% >= 93.2"",""icon"":""sog_basic_swipe.svg"",""kit_version"":""2026-09-24-frozen-v2""},{""market"":""SOG"",""name"":""Bloodthirst"",""kind"":""HEAVY"",""rule"":""PP_TOI_Pct >= 15.9 + iXG% >= 93.2"",""icon"":""sog_bloodthirst.svg"",""kit_version"":""2026-09-24-frozen-v2""}]",2025-2026,,2026-09-24-frozen-v2,2026-10-02T16:41:05.426327+00:00
2026-10-02,WSH@CAR,2026020018,6:00 PM,2026-10-02T23:00:00Z,Alex Tuch,8477949,BUF,True,"{""season"":""2026-27"",""games"":[]}",2026-27,WSH,R,⭐ STAR,Healthy,Unknown,,,1.0,0.0,,16.0,11.0,2026-10-02T16:40:41+00:00,CAR,Brandon Bussi,0.893640350877193,2.4652486074734026,43.7,Confirmed,dailyfaceoff_name_and_stats,27.4,5.0,27.4,5.0,16.3,91.6,88.4,A1+A2,18.99,79.4,88.0,1.19,STAR,False,True,26.180837830079174,2.62122907817057,65.8,75.7,15.0,3.75,True,4.0,3.75,3.8,3.93,97.1,3.0,2.0,37.0,0.0,0.0,1.0,7.0,7.0,3.0,3.0,46.0,46.0,LOW,0.3,-0.2,LOW,0.35,,LOW,0.175,,LOW,0.1,,LOW,0.15,,LOW,0.075,,STRONG,3.7,,LOW,2.3,,LOW,1.15,,2.5413800354471445,0.7029349034215506,,,1.0,2.310074668039872,2.1627983962923456,50.0,30.3,74.0,24.5,9.32,3.86,43.23,5.47,1.51,2.3,HOT,WARM,WARM,5.46,3.96,HOT,Yellow,Green,Yellow,Yellow,87.0,76.0,77.0,76.0,POINTS,87.0,7.0,9.0,7.0,0.0,0.0,10.0,,Passenger,8.3,,26.4,,,1.570886075949367,124.1,1.570886075949367,0.0827048461085626,8.3,8.3,2.045124899274778,1.2232070910556,0.96696212731668,6.890141837723548,6.917211529606778,26.4,52.0,False,,,,🅿️ PTS D:7 | 🅿️ D:7,,False,False,2.0,,False,0.0,,False,0.0,,2.5,130.0,fanduel,,,,,,,,,,2.5,130.0,fanduel,0.5,120.0,draftkings,,,,,,,,,,0.5,120.0,draftkings,0.5,285.0,draftkings,,,,,,,,,,0.5,285.0,draftkings,0.5,250.0,fanduel,,,,,,,,,,0.5,250.0,fanduel,0.5,250.0,fanduel,,,,,,,,,,0.5,250.0,fanduel,BallDontLie,"[""fanduel""]",BallDontLie,"[""fanduel""]",BallDontLie,"[""fanduel""]",BallDontLie,"[""draftkings""]",BallDontLie,"[""draftkings""]",,,,,,,,,,,,,,,,,,ALTLINE_NB_v1_2026-01-18,2.5,130.0,fanduel,exp/fallback,4.323,0.6918911933320413,69.2,0.4347826086956521,59.13497446636951,59.1,0.6918911933320413,69.2,59.13497446636951,59.1,,,,,,,,,,,,,0.5,120.0,draftkings,exp/fallback,0.932,0.5536366749499597,55.4,0.4545454545454545,21.80006848899113,21.8,0.5536366749499597,55.4,21.80006848899113,21.8,,,,,,,,,,,,,0.5,285.0,draftkings,exp/fallback,0.546,0.3829175534655661,38.3,0.2597402597402597,47.42325808424296,47.4,0.3829175534655661,38.3,47.42325808424296,47.4,,,,,,,,,,,,,0.5,250.0,fanduel,exp/fallback,0.3344,0.269370550466773,26.9,0.2857142857142857,-5.720307336629437,-5.7,0.269370550466773,26.9,-5.720307336629437,-5.7,,,,,,,,,,,,,0.5,250.0,fanduel,exp/fallback,0.3559,0.2739614930021893,27.4,0.2857142857142857,-4.1134774492337485,-4.1,0.2739614930021893,27.4,-4.1134774492337485,-4.1,,,,,,,,,,,,,True,True,False,False,True,16.3,,Active roster,2026-10-02T16:41:02+00:00,False,"[{""market"":""SOG"",""name"":""Jungle Stance"",""kind"":""STANCE"",""rule"":""Green + SOG 2.5 + Conf_SOG >= 75"",""icon"":""sog_basic_swipe.svg"",""kit_version"":""2026-09-24-frozen-v2""}]",2025-2026,,2026-09-24-frozen-v2,2026-10-02T16:41:05.426327+00:00
2026-10-02,WSH@CAR,2026020018,6:00 PM,2026-10-02T23:00:00Z,Aliaksei Protas,8481656,WSH,False,"{""season"":""2026-27"",""games"":[]}",2026-27,WSH,L,,Healthy,Unknown,,,1.0,0.0,,16.0,11.0,2026-10-02T16:40:41+00:00,CAR,Brandon Bussi,0.893640350877193,2.4652486074734026,43.7,Confirmed,dailyfaceoff_name_and_stats,27.4,5.0,27.4,5.0,8.2,91.0,82.2,A1+A2,18.24,76.5,85.0,1.14,NONE,False,False,26.180837830079174,2.62122907817057,65.8,75.7,15.0,3.75,True,2.0,1.75,1.6,1.86,53.7,5.0,2.0,18.0,1.0,2.0,3.0,14.0,30.0,8.0,17.0,36.0,83.0,LOW,0.5,0.0,OK,0.7,,OK,0.75,,LOW,0.3,,LOW,0.4,,LOW,0.425,,LOW,1.8,,LOW,1.8,,LOW,2.075,,1.903111646279681,0.7400989735532093,,,3.0,2.310074668039872,2.1627983962923456,50.0,30.3,68.8,24.5,7.49,3.78,20.46,2.49,1.44,0.6,WARM,COOL,COOL,4.46,1.05,COOL,Yellow,Red,Red,Yellow,68.0,75.0,71.0,68.0,SOG,75.0,2.0,2.0,2.0,5.0,0.0,10.0,C,Passenger,2.5,,26.4,,0.0,0.4559210526315789,34.65,0.4559210526315789,0.0250009019084382,2.5,2.5,1.4675324675324677,0.3636363636363636,1.2987012987012987,6.890141837723548,6.917211529606778,26.4,43.6,False,,,,🎯 D:5,,False,False,1.0,,False,0.0,,False,0.0,,1.5,102.0,BetRivers,,,,,,,,,,1.5,102.0,BetRivers,0.5,180.0,BetRivers,,,,,,,,,,0.5,180.0,BetRivers,,,,,,,,,,,,,,,,0.5,450.0,DraftKings,,,,,,,,,,0.5,450.0,DraftKings,0.5,450.0,DraftKings,,,,,,,,,,0.5,450.0,DraftKings,The Odds API,"[""Bally Bet"", ""BetMGM"", ""BetRivers"", ""Bovada"", ""Caesars"", ""Courtside"", ""DraftKings"", ""FanDuel"", ""Fanatics"", ""fanatics""]",The Odds API,"[""Bally Bet"", ""BetMGM"", ""BetRivers"", ""Bovada"", ""Caesars"", ""Courtside"", ""DraftKings"", ""FanDuel"", ""Fanatics"", ""Fliff"", ""Hard Rock Bet"", ""theScore Bet""]",The Odds API,"[""Bally Bet"", ""BetRivers""]",,,The Odds API,"[""Bally Bet"", ""BetRivers""]",,,,,,,,,,,,,,,,,,ALTLINE_NB_v1_2026-01-18,1.5,102.0,BetRivers,exp/fallback,2.0460000000000003,0.5490751689972495,54.9,0.495049504950495,10.913184137444398,10.9,0.5490751689972495,54.9,10.913184137444398,10.9,,,,,,,,,,,,,0.5,180.0,BetRivers,exp/fallback,0.749,0.4858243454086529,48.6,0.3571428571428571,36.03081671442282,36.0,0.4858243454086529,48.6,36.03081671442282,36.0,,,,,,,,,,,,,,,,exp/fallback,0.446,,,,,,,,,,,,,,,,,,,,,,0.5,450.0,DraftKings,exp/fallback,0.3312,0.2673042918664721,26.7,0.1818181818181818,47.01736052655965,47.0,0.2673042918664721,26.7,47.01736052655965,47.0,,,,,,,,,,,,,0.5,450.0,DraftKings,exp/fallback,0.3507,0.2708846726897541,27.1,0.1818181818181818,48.98656997936478,49.0,0.2708846726897541,27.1,48.98656997936478,49.0,,,,,,,,,,,,,True,True,True,True,False,8.2,,Active roster,2026-10-02T16:41:02+00:00,False,[],2025-2026,,2026-09-24-frozen-v2,2026-10-02T16:41:05.426327+00:00
2026-10-02,WSH@CAR,2026020018,6:00 PM,2026-10-02T23:00:00Z,Anthony Beauvillier,8478463,WSH,False,"{""season"":""2026-27"",""games"":[]}",2026-27,WSH,R,,Healthy,Unknown,,,1.0,0.0,,16.0,11.0,2026-10-02T16:40:41+00:00,CAR,Brandon Bussi,0.893640350877193,2.4652486074734026,43.7,Confirmed,dailyfaceoff_name_and_stats,27.4,5.0,27.4,5.0,4.1,84.6,56.5,A1+A2,15.8,57.2,69.3,1.08,NONE,False,False,26.180837830079174,2.62122907817057,65.8,75.7,15.0,3.75,True,1.0,1.25,1.0,1.0,23.5,5.0,3.0,13.0,1.0,1.0,2.0,6.0,14.0,3.0,7.0,25.0,67.0,LOW,0.5,,LOW,0.3,,LOW,0.35,,LOW,0.2,,LOW,0.15,,LOW,0.175,,LOW,1.3,,LOW,1.25,,LOW,1.675,,1.2187403405996555,0.2119548418434183,,,2.0,2.310074668039872,2.1627983962923456,50.0,30.3,54.1,24.5,4.17,2.47,10.0,-0.83,-0.53,-3.0,COOL,COOL,COOL,1.71,-0.29,COOL,Red,Red,Yellow,Red,42.0,56.0,65.0,50.0,GOAL,65.0,0.0,3.0,0.0,0.0,1.0,9.0,C,Passenger,3.0,,26.4,,0.0,0.4786585365853658,39.25,0.4786585365853658,0.0303003010730552,3.0,3.0,1.1770700636942677,1.1770700636942677,0.0,6.890141837723548,6.917211529606778,26.4,32.8,False,,,,🥅 D:0,,False,False,0.0,,False,0.0,,False,0.0,,,,,,,,,,,,,,,,,,,,,,,,,,,,,,,,,,,,,,,,,,,,,,,0.5,800.0,FanDuel,,,,,,,,,,0.5,800.0,FanDuel,0.5,800.0,FanDuel,,,,,,,,,,0.5,800.0,FanDuel,The Odds API,"[""Bally Bet"", ""BetMGM"", ""BetRivers"", ""Bovada"", ""Caesars"", ""Courtside"", ""DraftKings"", ""FanDuel"", ""Fanatics"", ""fanduel""]",The Odds API,"[""Bally Bet"", ""BetMGM"", ""BetRivers"", ""Bovada"", ""Caesars"", ""Courtside"", ""DraftKings"", ""FanDuel"", ""Fanatics"", ""Fliff"", ""Hard Rock Bet"", ""theScore Bet""]",,,,,,,,,,,,,,,,,,,,,,,,ALTLINE_NB_v1_2026-01-18,,,,exp/fallback,1.0,,,,,,,,,,,,,,,,,,,,,,,,,exp/fallback,0.417,,,,,,,,,,,,,,,,,,,,,,,,,exp/fallback,0.1709999999999999,,,,,,,,,,,,,,,,,,,,,,0.5,800.0,FanDuel,exp/fallback,0.2091,0.1819357181880333,18.2,0.1111111111111111,63.74214636923,63.7,0.1819357181880333,18.2,63.74214636923,63.7,,,,,,,,,,,,,0.5,800.0,FanDuel,exp/fallback,0.1991625,0.1707932833068045,17.1,0.1111111111111111,53.71395497612409,53.7,0.1707932833068045,17.1,53.71395497612409,53.7,,,,,,,,,,,,,False,False,True,True,False,4.1,,Active roster,2026-10-02T16:41:02+00:00,False,[],2025-2026,,2026-09-24-frozen-v2,2026-10-02T16:41:05.426327+00:00
2026-10-02,WSH@CAR,2026020018,6:00 PM,2026-10-02T23:00:00Z,Boone Jenner,8476432,CBJ,True,"{""season"":""2026-27"",""games"":[]}",2026-27,WSH,C,,Healthy,Unknown,,,1.0,0.0,,16.0,11.0,2026-10-02T16:40:41+00:00,CAR,Brandon Bussi,0.893640350877193,2.4652486074734026,43.7,Confirmed,dailyfaceoff_name_and_stats,27.4,5.0,27.4,5.0,12.2,82.9,79.4,A1+A2,16.08,60.5,77.2,1.11,NONE,False,False,26.180837830079174,2.62122907817057,65.8,75.7,15.0,3.75,True,3.0,2.25,2.8,2.93,85.3,5.0,3.0,23.0,2.0,1.0,2.0,10.0,19.0,6.0,12.0,37.0,71.0,LOW,0.5,,LOW,0.5,,LOW,0.475,,LOW,0.2,,LOW,0.3,,LOW,0.3,,LOW,2.3,,LOW,1.85,,LOW,1.775,,2.148652429357456,1.0071808262613076,,,2.0,2.310074668039872,2.1627983962923456,50.0,30.3,71.4,24.5,7.11,3.27,32.23,2.11,-0.03,6.3,WARM,COOL,HOT,4.55,2.14,WARM,Yellow,Yellow,Yellow,Yellow,63.0,68.0,71.0,66.0,GOAL,71.0,0.0,1.0,0.0,0.0,0.0,10.0,,Passenger,4.8,,26.4,,,0.7721393034825871,51.73333333333333,0.7721393034825871,0.0480205448722907,4.8,4.8,2.2934922680412373,1.5541237113402062,0.8698453608247423,6.890141837723548,6.917211529606778,26.4,46.0,False,,,,🥅 D:0,,False,False,0.0,,False,0.0,,False,0.0,,,,,,,,,,,,,,,,,,,,,,,,,,,,,,,,,,,,,,,,,,,,,,,,,,,,,,,,,,,,,,0.5,750.0,fanduel,,,,,,,,,,0.5,750.0,fanduel,BallDontLie,"[""fanduel""]",,,,,,,,,,,,,,,,,,,,,,,,,,ALTLINE_NB_v1_2026-01-18,,,,exp/fallback,3.223,,,,,,,,,,,,,,,,,,,,,,,,,exp/fallback,0.7110000000000001,,,,,,,,,,,,,,,,,,,,,,,,,exp/fallback,0.4549999999999999,,,,,,,,,,,,,,,,,,,,,,,,,exp/fallback,0.3107999999999999,,,,,,,,,,,,,,,,,,,,,,0.5,750.0,fanduel,exp/fallback,0.31755,0.2507537609780135,25.1,0.1176470588235294,113.14069683131147,113.1,0.2507537609780135,25.1,113.14069683131147,113.1,,,,,,,,,,,,,False,False,False,True,False,12.2,,Active roster,2026-10-02T16:41:02+00:00,False,[],2025-2026,,2026-09-24-frozen-v2,2026-10-02T16:41:05.426327+00:00
2026-10-02,WSH@CAR,2026020018,6:00 PM,2026-10-02T23:00:00Z,Cole Hutson,8484873,WSH,False,,2026-27,WSH,D,,Healthy,Unknown,,,1.0,0.0,,16.0,11.0,2026-10-02T16:40:41+00:00,CAR,Brandon Bussi,0.893640350877193,2.4652486074734026,43.7,Confirmed,dailyfaceoff_name_and_stats,27.4,5.0,27.4,5.0,,32.3,40.6,A1+A2,17.46,72.5,43.3,0.97,NONE,False,False,26.180837830079174,2.62122907817057,65.8,75.7,15.0,3.75,True,,,,,50.0,,,,,,,,,,,,,,,,,,,,,,,,,,,,,,,,,,,,,,,,0.8830744071954211,0.588716271463614,,,0.0,2.310074668039872,2.1627983962923456,50.0,30.3,45.3,24.5,6.63,1.77,,,,,COOL,COOL,COOL,4.86,,COOL,Red,Red,Red,Red,44.0,34.0,34.0,38.0,POINTS,44.0,,,,,,,C,Passenger,12.5,,26.4,,0.0,2.1785714285714284,30.5,2.1785714285714284,0.1247954173486088,12.5,12.5,7.662295081967213,0.1377049180327869,8.852459016393443,6.890141837723548,6.917211529606778,26.4,73.2,False,,,,,,False,False,0.0,,False,0.0,,False,0.0,,1.5,123.0,BetRivers,,,,,,,,,,1.5,123.0,BetRivers,0.5,152.0,BetOnline.ag,1.5,900.0,Fanatics,2.5,4000.0,Fanatics,3.5,2500.0,BetOnline.ag,0.5,152.0,BetOnline.ag,0.5,230.0,Hard Rock Bet,1.5,1400.0,DraftKings,2.5,3300.0,Bovada,,,,0.5,230.0,Hard Rock Bet,0.5,750.0,theScore Bet,,,,,,,,,,0.5,750.0,theScore Bet,0.5,700.0,Fanatics,,,,,,,,,,0.5,700.0,Fanatics,The Odds API,"[""Bally Bet"", ""BetMGM"", ""BetRivers"", ""Bovada"", ""Caesars"", ""Courtside"", ""DraftKings"", ""FanDuel"", ""Fanatics"", ""fanduel""]",The Odds API,"[""Bally Bet"", ""BetMGM"", ""BetRivers"", ""Bovada"", ""Caesars"", ""Courtside"", ""DraftKings"", ""FanDuel"", ""Fanatics"", ""Fliff"", ""Hard Rock Bet"", ""theScore Bet""]",The Odds API,"[""Bally Bet"", ""BetRivers""]",The Odds API,"[""Bally Bet"", ""BetOnline.ag"", ""BetRivers"", ""Bovada"", ""Courtside"", ""DraftKings"", ""FanDuel"", ""Fanatics"", ""Fliff"", ""Hard Rock Bet"", ""ReBet"", ""draftkings"", ""theScore Bet""]",The Odds API,"[""Bally Bet"", ""BetOnline.ag"", ""BetRivers"", ""Caesars"", ""Courtside"", ""DraftKings"", ""FanDuel"", ""Fanatics"", ""Fliff"", ""ReBet"", ""draftkings""]",,,,,,,,,,,,,,,,,,ALTLINE_NB_v1_2026-01-18,1.5,123.0,BetRivers,league_avg,2.3,0.6001759479749428,60.0,0.4484304932735426,33.83923639841224,33.8,0.6001759479749428,60.0,33.83923639841224,33.8,,,,,,,,,,,,,0.5,152.0,BetOnline.ag,exp/fallback,0.663,0.4491137843327172,44.9,0.3968253968253968,13.17667365184474,13.2,0.4491137843327172,44.9,13.17667365184474,13.2,0.1526667562190784,15.3,52.66675621907844,52.7,0.0449865027743674,4.5,84.44466137490652,84.4,0.0121506022677501,1.2,-68.40843410384971,-68.4,0.5,230.0,Hard Rock Bet,exp/fallback,0.486,0.3527713360547142,35.3,0.303030303030303,16.414540898055684,16.4,0.3527713360547142,35.3,16.414540898055684,16.4,0.0997116975370883,10.0,49.56754630563246,49.6,0.025503943522869,2.6,-13.286592022245404,-13.3,,,,,0.5,750.0,theScore Bet,exp/fallback,0.2508,0.2125871778747681,21.3,0.1176470588235294,80.69910119355288,80.7,0.2125871778747681,21.3,80.69910119355288,80.7,,,,,,,,,,,,,0.5,700.0,Fanatics,exp/fallback,0.22005,0.1858974607464493,18.6,0.125,48.717968597159455,48.7,0.1858974607464493,18.6,48.717968597159455,48.7,,,,,,,,,,,,,True,True,True,True,True,,,Active roster,2026-10-02T16:41:02+00:00,False,[],2025-2026,,2026-09-24-frozen-v2,2026-10-02T16:41:05.426327+00:00
2026-10-02,WSH@CAR,2026020018,6:00 PM,2026-10-02T23:00:00Z,Dylan McIlrath,8475795,WSH,False,,2026-27,WSH,D,,Healthy,Unknown,,,1.0,0.0,,16.0,11.0,2026-10-02T16:40:41+00:00,CAR,Brandon Bussi,0.893640350877193,2.4652486074734026,43.7,Confirmed,dailyfaceoff_name_and_stats,27.4,5.0,27.4,5.0,,12.0,6.9,A1+A2,9.31,6.5,9.1,0.94,NONE,False,False,26.180837830079174,2.62122907817057,65.8,75.7,15.0,3.75,True,,,,,50.0,,,,,,,,,,,,,,,,,,,,,,,,,,,,,,,,,,,,,,,,0.0,0.0,,,0.0,2.310074668039872,2.1627983962923456,50.0,30.3,27.5,24.5,0.21,0.21,,,,,COOL,COOL,COOL,0.0,,COOL,Red,Red,Red,Red,18.0,18.0,19.0,11.0,GOAL,19.0,,,,,,,C,Passenger,0.0,,26.4,,0.0,0.0,0.0,0.0,0.0,0.0,0.0,0.0,,,6.890141837723548,6.917211529606778,26.4,5.6,False,,,,,,False,False,0.0,,False,0.0,,False,0.0,,,,,,,,,,,,,,,,,,,,,,,,,,,,,,,,,,,,,,,,,,,,,,,,,,,,,,,,,,,,,,,,,,,,,,,,,,,,,,,,,,,,,,,,,,,,,,,,,,,,,,,,ALTLINE_NB_v1_2026-01-18,,,,league_avg,2.3,,,,,,,,,,,,,,,,,,,,,,,,,exp/fallback,0.0209999999999999,,,,,,,,,,,,,,,,,,,,,,,,,league_avg,0.35,,,,,,,,,,,,,,,,,,,,,,,,,exp/fallback,0.1883999999999999,,,,,,,,,,,,,,,,,,,,,,,,,exp/fallback,0.1186499999999999,,,,,,,,,,,,,,,,,,,,,,False,False,False,False,False,,,Active roster,2026-10-02T16:41:02+00:00,False,[],2025-2026,,2026-09-24-frozen-v2,2026-10-02T16:41:05.426327+00:00
2026-10-02,WSH@CAR,2026020018,6:00 PM,2026-10-02T23:00:00Z,Dylan Strome,8478440,WSH,False,"{""season"":""2026-27"",""games"":[]}",2026-27,WSH,C,,Healthy,Unknown,,,1.0,0.0,,16.0,11.0,2026-10-02T16:40:41+00:00,CAR,Brandon Bussi,0.893640350877193,2.4652486074734026,43.7,Confirmed,dailyfaceoff_name_and_stats,27.4,5.0,27.4,5.0,4.1,85.4,92.8,A1+A2,18.04,75.2,85.9,1.14,NONE,False,False,26.180837830079174,2.62122907817057,65.8,75.7,15.0,3.75,True,1.0,1.0,1.0,1.0,23.5,7.0,3.0,12.0,1.0,2.0,4.0,10.0,25.0,7.0,16.0,25.0,71.0,OK,0.7,0.2,LOW,0.5,,OK,0.625,,LOW,0.4,,LOW,0.35,,LOW,0.4,,LOW,1.2,,LOW,1.25,,LOW,1.775,,1.5607247503438375,0.5381809483944269,,,4.0,2.310074668039872,2.1627983962923456,50.0,30.3,62.9,24.5,9.14,3.0,11.0,1.31,-0.27,-2.0,COOL,COOL,COOL,6.14,1.58,WARM,Green,Red,Yellow,Yellow,68.0,66.0,64.0,72.0,ASSISTS,72.0,2.0,2.0,3.0,5.0,2.0,2.0,A,Distributor,16.2,,26.4,,2.0,2.926875,234.15,2.926875,0.1622642381122879,16.2,16.2,4.1627162075592565,1.2222934016655989,3.459320948110185,6.890141837723548,6.917211529606778,26.4,76.0,False,,,,🅰️ D:2,,False,False,1.0,,False,0.0,,False,0.0,,1.5,128.0,BetRivers,,,,,,,,,,1.5,128.0,BetRivers,0.5,-110.0,Fanatics,1.5,470.0,FanDuel,2.5,1700.0,Fanatics,3.5,1500.0,BetOnline.ag,0.5,-110.0,Fanatics,0.5,160.0,Hard Rock Bet,1.5,900.0,Fanatics,2.5,3500.0,Fanatics,,,,0.5,160.0,Hard Rock Bet,0.5,380.0,theScore Bet,,,,,,,,,,0.5,380.0,theScore Bet,0.5,340.0,fanatics,,,,,,,,,,0.5,340.0,fanatics,BallDontLie,"[""Bally Bet"", ""BetMGM"", ""BetRivers"", ""Bovada"", ""Caesars"", ""Courtside"", ""DraftKings"", ""FanDuel"", ""Fanatics"", ""fanatics""]",The Odds API,"[""Bally Bet"", ""BetMGM"", ""BetRivers"", ""Bovada"", ""Caesars"", ""Courtside"", ""DraftKings"", ""FanDuel"", ""Fanatics"", ""Fliff"", ""Hard Rock Bet"", ""theScore Bet""]",The Odds API,"[""Bally Bet"", ""BetRivers""]",The Odds API,"[""Bally Bet"", ""BetOnline.ag"", ""BetRivers"", ""Bovada"", ""Courtside"", ""DraftKings"", ""FanDuel"", ""Fanatics"", ""Fliff"", ""Hard Rock Bet"", ""ReBet"", ""draftkings"", ""theScore Bet""]",The Odds API,"[""Bally Bet"", ""BetOnline.ag"", ""BetRivers"", ""Bovada"", ""Caesars"", ""Courtside"", ""DraftKings"", ""FanDuel"", ""Fanatics"", ""Fliff"", ""Hard Rock Bet"", ""ReBet"", ""draftkings"", ""theScore Bet""]",0.5,290.0,FanDuel,,,,,,,,,,0.5,290.0,FanDuel,The Odds API,"[""Bally Bet"", ""BetRivers"", ""Bovada"", ""FanDuel"", ""Fliff"", ""Hard Rock Bet"", ""theScore Bet""]",ALTLINE_NB_v1_2026-01-18,1.5,128.0,BetRivers,exp/fallback,1.1,0.2951240545579663,29.5,0.4385964912280701,-32.71171556078368,-32.7,0.2951240545579663,29.5,-32.71171556078368,-32.7,,,,,,,,,,,,,0.5,-110.0,Fanatics,exp/fallback,0.914,0.5475224248375428,54.8,0.5238095238095238,4.527008378076348,4.5,0.5475224248375428,54.8,4.527008378076348,4.5,0.2341922455069222,23.4,33.489579938945646,33.5,0.087734897118388,8.8,57.9228148130984,57.9,0.0302645261493488,3.0,-51.57675816104188,-51.6,0.5,160.0,Hard Rock Bet,exp/fallback,0.614,0.4146052478297952,41.5,0.3846153846153846,7.797364435746767,7.8,0.4146052478297952,41.5,7.797364435746767,7.8,0.1395996029694236,14.0,39.59960296942365,39.6,0.0427058772936768,4.3,53.741158257236506,53.7,,,,,0.5,380.0,theScore Bet,exp/fallback,0.2249999999999999,0.1938167787045269,19.4,0.2083333333333333,-6.967946221827059,-7.0,0.1938167787045269,19.4,-6.967946221827059,-7.0,,,,,,,,,,,,,0.5,340.0,fanatics,exp/fallback,0.2249999999999999,0.1894104472901471,18.9,0.2272727272727272,-16.659403192335276,-16.7,0.1894104472901471,18.9,-16.659403192335276,-16.7,,,,,,,,,,,,,False,False,False,False,False,4.1,,Active roster,2026-10-02T16:41:02+00:00,False,[],2025-2026,,2026-09-24-frozen-v2,2026-10-02T16:41:05.426327+00:00
2026-10-02,WSH@CAR,2026020018,6:00 PM,2026-10-02T23:00:00Z,Ethen Frank,8483573,WSH,False,"{""season"":""2026-27"",""games"":[]}",2026-27,WSH,R,,Healthy,Unknown,,,1.0,0.0,,16.0,11.0,2026-10-02T16:40:41+00:00,CAR,Brandon Bussi,0.893640350877193,2.4652486074734026,43.7,Confirmed,dailyfaceoff_name_and_stats,27.4,5.0,27.4,5.0,4.1,72.0,54.3,A1+A2,12.24,27.1,56.8,1.03,NONE,False,False,26.180837830079174,2.62122907817057,65.8,75.7,15.0,3.75,True,1.0,0.75,0.8,0.93,15.4,1.0,1.0,9.0,0.0,0.0,0.0,3.0,14.0,2.0,6.0,22.0,62.0,LOW,0.1,,LOW,0.15,,LOW,0.35,,LOW,0.0,,LOW,0.1,,LOW,0.15,,LOW,0.9,,LOW,1.1,,LOW,1.55,,1.5461182831013314,0.5456888058004699,,,0.0,2.310074668039872,2.1627983962923456,50.0,30.3,62.4,24.5,4.08,2.1,9.3,3.08,1.1,0.3,HOT,COOL,COOL,1.99,1.99,WARM,Red,Red,Red,Red,57.0,53.0,56.0,54.0,POINTS,57.0,8.0,10.0,8.0,8.0,0.0,10.0,B,Hybrid,11.6,,26.4,,1.0,1.4166666666666663,87.83333333333333,1.4166666666666663,0.1157707431734803,11.6,11.6,2.3413662239089184,1.325237191650854,1.1954459203036054,6.890141837723548,6.917211529606778,26.4,56.2,False,,,,🅿️ D:8,,False,False,1.0,,False,0.0,,False,0.0,,,,,,,,,,,,,,,,,,,,,,,,,,,,,,,,,,,,,,,,,,,,,,,,,,,,,,,,,,,,,,,,,,,,,,,,,,,,,,,,,,,,,,,,,,,,,,,,,,,,,,,,ALTLINE_NB_v1_2026-01-18,,,,exp/fallback,0.93,,,,,,,,,,,,,,,,,,,,,,,,,exp/fallback,0.408,,,,,,,,,,,,,,,,,,,,,,,,,exp/fallback,0.199,,,,,,,,,,,,,,,,,,,,,,,,,exp/fallback,0.198,,,,,,,,,,,,,,,,,,,,,,,,,exp/fallback,0.1811249999999999,,,,,,,,,,,,,,,,,,,,,,False,False,False,False,False,4.1,,Active roster,2026-10-02T16:41:02+00:00,False,[],2025-2026,,2026-09-24-frozen-v2,2026-10-02T16:41:05.426327+00:00
2026-10-02,WSH@CAR,2026020018,6:00 PM,2026-10-02T23:00:00Z,Ilya Protas,8484999,WSH,False,,2026-27,WSH,L,,Healthy,Unknown,,,1.0,0.0,,16.0,11.0,2026-10-02T16:40:41+00:00,CAR,Brandon Bussi,0.893640350877193,2.4652486074734026,43.7,Confirmed,dailyfaceoff_name_and_stats,27.4,5.0,27.4,5.0,,24.9,28.5,A1+A2,15.89,57.5,32.7,0.94,NONE,False,False,26.180837830079174,2.62122907817057,65.8,75.7,15.0,3.75,True,,,,,50.0,,,,,,,,,,,,,,,,,,,,,,,,,,,,,,,,,,,,,,,,0.0385232744783306,0.0385232744783306,,,0.0,2.310074668039872,2.1627983962923456,50.0,30.3,33.8,24.5,10.27,3.22,,,,,COOL,COOL,COOL,7.05,,COOL,Red,Red,Red,Red,35.0,29.0,29.0,28.0,POINTS,35.0,,,,,,,C,Passenger,15.3,,26.4,,0.0,2.4291666666666667,9.716666666666669,2.4291666666666667,0.1528578919769271,15.3,15.3,6.051457975986278,6.051457975986278,0.0,6.890141837723548,6.917211529606778,26.4,52.2,False,,,,,,False,False,0.0,,False,0.0,,False,0.0,,1.5,135.0,BetRivers,,,,,,,,,,1.5,135.0,BetRivers,0.5,143.0,BetRivers,1.5,700.0,BetRivers,,,,,,,0.5,143.0,BetRivers,0.5,265.0,BetRivers,,,,,,,,,,0.5,265.0,BetRivers,0.5,475.0,Hard Rock Bet,,,,,,,,,,0.5,475.0,Hard Rock Bet,0.5,400.0,DraftKings,,,,,,,,,,0.5,400.0,DraftKings,The Odds API,"[""Bally Bet"", ""BetMGM"", ""BetRivers"", ""Bovada"", ""Caesars"", ""Courtside"", ""DraftKings"", ""FanDuel"", ""Fanatics"", ""fanatics""]",The Odds API,"[""Bally Bet"", ""BetMGM"", ""BetRivers"", ""Bovada"", ""Caesars"", ""Courtside"", ""DraftKings"", ""FanDuel"", ""Fanatics"", ""Fliff"", ""Hard Rock Bet"", ""theScore Bet""]",The Odds API,"[""Bally Bet"", ""BetRivers""]",The Odds API,"[""Bally Bet"", ""BetRivers""]",The Odds API,"[""Bally Bet"", ""BetRivers""]",,,,,,,,,,,,,,,,,,ALTLINE_NB_v1_2026-01-18,1.5,135.0,BetRivers,league_avg,2.3,0.6001759479749428,60.0,0.425531914893617,41.04134777411156,41.0,0.6001759479749428,60.0,41.04134777411156,41.0,,,,,,,,,,,,,0.5,143.0,BetRivers,exp/fallback,1.027,0.5841256125971354,58.4,0.411522633744856,41.942523861103886,41.9,0.5841256125971354,58.4,41.942523861103886,41.9,0.2699522367004551,27.0,115.96178936036408,116.0,,,,,,,,,0.5,265.0,BetRivers,exp/fallback,0.705,0.4533297344207516,45.3,0.273972602739726,65.46535306357436,65.5,0.4533297344207516,45.3,65.46535306357436,65.5,,,,,,,,,,,,,0.5,475.0,Hard Rock Bet,exp/fallback,0.3087999999999999,0.2526087991362912,25.3,0.1739130434782608,45.25005950336743,45.3,0.2526087991362912,25.3,45.25005950336743,45.3,,,,,,,,,,,,,0.5,400.0,DraftKings,exp/fallback,0.3143,0.2487308347323545,24.9,0.2,24.36541736617729,24.4,0.2487308347323545,24.9,24.36541736617729,24.4,,,,,,,,,,,,,True,True,True,True,True,,,Active roster,2026-10-02T16:41:02+00:00,False,[],2025-2026,,2026-09-24-frozen-v2,2026-10-02T16:41:05.426327+00:00
2026-10-02,WSH@CAR,2026020018,6:00 PM,2026-10-02T23:00:00Z,Ivan Miroshnichenko,8483491,WSH,False,,2026-27,WSH,L,,Healthy,Unknown,,,1.0,0.0,,16.0,11.0,2026-10-02T16:40:41+00:00,CAR,Brandon Bussi,0.893640350877193,2.4652486074734026,43.7,Confirmed,dailyfaceoff_name_and_stats,27.4,5.0,27.4,5.0,,27.2,17.6,A1+A2,9.64,8.2,20.0,0.94,NONE,False,False,26.180837830079174,2.62122907817057,65.8,75.7,15.0,3.75,True,,,,,50.0,,,,,,,,,,,,,,,,,,,,,,,,,,,,,,,,,,,,,,,,0.0239457230278036,0.0079819076759345,,,0.0,2.310074668039872,2.1627983962923456,50.0,30.3,32.5,24.5,1.91,1.19,,,,,COOL,COOL,COOL,0.72,,COOL,Red,Red,Red,Red,24.0,26.0,28.0,18.0,GOAL,28.0,,,,,,,C,Passenger,0.0,,26.4,,0.0,0.0,0.0,0.0,0.0,0.0,0.0,0.0,,,6.890141837723548,6.917211529606778,26.4,5.6,False,,,,,,False,False,0.0,,False,0.0,,False,0.0,,,,,,,,,,,,,,,,,,,,,,,,,,,,,,,,,,,,,,,,,,,,,,,,,,,,,,,,,,,,,,,,,,,,,,,,,,,,,,,,,,,,,,,,,,,,,,,,,,,,,,,,ALTLINE_NB_v1_2026-01-18,,,,league_avg,2.3,,,,,,,,,,,,,,,,,,,,,,,,,exp/fallback,0.191,,,,,,,,,,,,,,,,,,,,,,,,,exp/fallback,0.072,,,,,,,,,,,,,,,,,,,,,,,,,exp/fallback,0.2276,,,,,,,,,,,,,,,,,,,,,,,,,exp/fallback,0.18235,,,,,,,,,,,,,,,,,,,,,,False,False,False,False,False,,,Active roster,2026-10-02T16:41:02+00:00,False,[],2025-2026,,2026-09-24-frozen-v2,2026-10-02T16:41:05.426327+00:00
2026-10-02,WSH@CAR,2026020018,6:00 PM,2026-10-02T23:00:00Z,Jakob Chychrun,8479345,WSH,False,"{""season"":""2026-27"",""games"":[]}",2026-27,WSH,D,,Healthy,Unknown,,,1.0,0.0,,16.0,11.0,2026-10-02T16:40:41+00:00,CAR,Brandon Bussi,0.893640350877193,2.4652486074734026,43.7,Confirmed,dailyfaceoff_name_and_stats,27.4,5.0,27.4,5.0,6.1,84.7,89.1,A1+A2,23.34,97.4,88.8,1.16,NONE,False,False,26.180837830079174,2.62122907817057,65.8,75.7,15.0,3.75,True,1.5,1.25,1.4,1.465,43.4,9.0,3.0,13.0,1.0,0.0,6.0,12.0,30.0,8.0,19.0,30.0,83.0,GOOD,0.9,0.4,OK,0.6,,OK,0.75,,GOOD,0.6,,LOW,0.4,,OK,0.475,,LOW,1.3,,LOW,1.5,,LOW,2.075,,1.5140615142828684,0.4781246887209058,,,6.0,2.310074668039872,2.1627983962923456,50.0,30.3,61.8,24.5,8.38,2.98,16.12,-1.38,-0.29,1.65,COOL,COOL,WARM,5.4,-1.09,COOL,Yellow,Red,Yellow,Yellow,64.0,65.0,66.0,77.0,ASSISTS,77.0,0.0,5.0,0.0,3.0,4.0,0.0,A,Hybrid,12.1,,26.4,,2.0,2.8233333333333333,225.86666666666667,2.8233333333333333,0.1209611196401156,12.1,12.1,3.351756198347108,1.6018299881936249,2.058736717827627,6.890141837723548,6.917211529606778,26.4,62.0,False,,,,🅰️ D:5,,False,False,0.0,,False,0.0,,False,0.0,,1.5,-150.0,theScore Bet,2.5,200.0,theScore Bet,3.5,500.0,Fanatics,4.5,1200.0,Fanatics,1.5,-150.0,theScore Bet,0.5,-105.0,theScore Bet,1.5,550.0,Bovada,2.5,2200.0,Fanatics,3.5,1500.0,BetOnline.ag,0.5,-105.0,theScore Bet,0.5,150.0,Bovada,1.5,825.0,Bovada,2.5,3500.0,Fanatics,,,,0.5,150.0,Bovada,0.5,550.0,theScore Bet,,,,,,,,,,0.5,550.0,theScore Bet,0.5,425.0,DraftKings,,,,,,,,,,0.5,425.0,DraftKings,The Odds API,"[""Bally Bet"", ""BetMGM"", ""BetRivers"", ""Bovada"", ""Caesars"", ""Courtside"", ""DraftKings"", ""FanDuel"", ""Fanatics"", ""fanduel""]",The Odds API,"[""Bally Bet"", ""BetMGM"", ""BetRivers"", ""Bovada"", ""Caesars"", ""Courtside"", ""DraftKings"", ""FanDuel"", ""Fanatics"", ""Fliff"", ""Hard Rock Bet"", ""theScore Bet""]",The Odds API,"[""Bally Bet"", ""BetOnline.ag"", ""BetRivers"", ""Bovada"", ""Courtside"", ""DraftKings"", ""FanDuel"", ""Fanatics"", ""Fliff"", ""Hard Rock Bet"", ""ReBet"", ""theScore Bet""]",The Odds API,"[""Bally Bet"", ""BetOnline.ag"", ""BetRivers"", ""Bovada"", ""Courtside"", ""DraftKings"", ""FanDuel"", ""Fanatics"", ""Fliff"", ""Hard Rock Bet"", ""ReBet"", ""draftkings"", ""theScore Bet""]",The Odds API,"[""Bally Bet"", ""BetOnline.ag"", ""BetRivers"", ""Bovada"", ""Caesars"", ""Courtside"", ""DraftKings"", ""FanDuel"", ""Fanatics"", ""Fliff"", ""Hard Rock Bet"", ""ReBet"", ""draftkings"", ""theScore Bet""]",0.5,290.0,FanDuel,,,,,,,,,,0.5,290.0,FanDuel,The Odds API,"[""Bally Bet"", ""BetRivers"", ""Bovada"", ""FanDuel"", ""Fliff"", ""Hard Rock Bet"", ""theScore Bet""]",ALTLINE_NB_v1_2026-01-18,1.5,-150.0,theScore Bet,exp/fallback,1.612,0.4453756134922294,44.5,0.6,-25.77073108462843,-25.8,0.4453756134922294,44.5,-25.77073108462843,-25.8,0.2324322713094855,23.2,-30.270318607154344,-30.3,0.1100998879885364,11.0,-33.94006720687814,-33.9,0.0486067209628062,4.9,-36.81126274835185,-36.8,0.5,-105.0,theScore Bet,exp/fallback,0.8380000000000001,0.5204220499924024,52.0,0.5121951219512195,1.606209760421412,1.6,0.5204220499924024,52.0,1.606209760421412,1.6,0.2096771941149053,21.0,36.29017617468848,36.3,0.0737668657091942,7.4,69.6637911311467,69.7,0.0238640708312911,2.4,-61.81748666993414,-61.8,0.5,150.0,Bovada,exp/fallback,0.54,0.37999875999752,38.0,0.4,-5.000310000620011,-5.0,0.37999875999752,38.0,-5.000310000620011,-5.0,0.1163761855082764,11.6,7.647971595155711,7.6,0.0323075692341475,3.2,16.307249242931242,16.3,,,,,0.5,550.0,theScore Bet,exp/fallback,0.25432,0.215100536024679,21.5,0.1538461538461538,39.81534841604139,39.8,0.215100536024679,21.5,39.81534841604139,39.8,,,,,,,,,,,,,0.5,425.0,DraftKings,exp/fallback,0.253895,0.2094271312083927,20.9,0.1904761904761904,9.94924388440619,9.9,0.2094271312083927,20.9,9.94924388440619,9.9,,,,,,,,,,,,,False,False,True,False,False,6.1,,Active roster,2026-10-02T16:41:02+00:00,False,[],2025-2026,,2026-09-24-frozen-v2,2026-10-02T16:41:05.426327+00:00
2026-10-02,WSH@CAR,2026020018,6:00 PM,2026-10-02T23:00:00Z,Jordan Kyrou,8479385,STL,True,"{""season"":""2026-27"",""games"":[]}",2026-27,WSH,R,,Healthy,Unknown,,,1.0,0.0,,16.0,11.0,2026-10-02T16:40:41+00:00,CAR,Brandon Bussi,0.893640350877193,2.4652486074734026,43.7,Confirmed,dailyfaceoff_name_and_stats,27.4,5.0,27.4,5.0,8.2,84.5,83.1,A1+A2,15.73,55.9,78.3,1.11,NONE,False,False,26.180837830079174,2.62122907817057,65.8,75.7,15.0,3.75,True,2.0,1.875,1.6,1.86,53.7,7.0,1.0,20.0,1.0,4.0,6.0,13.0,29.0,9.0,19.0,41.0,97.0,OK,0.7,0.2,OK,0.65,,OK,0.725,,GOOD,0.6,,OK,0.45,,OK,0.475,,LOW,2.0,,LOW,2.05,,LOW,2.425,,1.8500797448165869,0.7655502392344498,,,6.0,2.310074668039872,2.1627983962923456,50.0,30.3,68.0,24.5,7.21,2.88,18.6,0.21,1.88,-1.4,COOL,WARM,COOL,4.33,-1.67,COOL,Yellow,Red,Yellow,Yellow,58.0,70.0,67.0,66.0,SOG,70.0,0.0,0.0,3.0,7.0,2.0,3.0,,Passenger,13.3,,26.4,,,2.0881944444444445,150.35,2.0881944444444445,0.1327457068440337,13.3,13.3,4.207183239108746,1.4087130029930162,3.292317924842035,6.890141837723548,6.917211529606778,26.4,70.8,False,,,,🎯 D:7,,False,False,1.0,,False,0.0,,False,0.0,,2.5,148.0,fanduel,,,,,,,,,,2.5,148.0,fanduel,0.5,130.0,draftkings,,,,,,,,,,0.5,130.0,draftkings,0.5,275.0,draftkings,,,,,,,,,,0.5,275.0,draftkings,0.5,320.0,fanduel,,,,,,,,,,0.5,320.0,fanduel,0.5,320.0,fanduel,,,,,,,,,,0.5,320.0,fanduel,BallDontLie,"[""fanduel""]",BallDontLie,"[""fanduel""]",BallDontLie,"[""fanduel""]",BallDontLie,"[""draftkings""]",BallDontLie,"[""draftkings""]",,,,,,,,,,,,,,,,,,ALTLINE_NB_v1_2026-01-18,2.5,148.0,fanduel,exp/fallback,1.86,0.2885604161612966,28.9,0.4032258064516129,-28.43701679199845,-28.4,0.2885604161612966,28.9,-28.43701679199845,-28.4,,,,,,,,,,,,,0.5,130.0,draftkings,exp/fallback,0.721,0.4742447030964707,47.4,0.4347826086956521,9.076281712188262,9.1,0.4742447030964707,47.4,9.076281712188262,9.1,,,,,,,,,,,,,0.5,275.0,draftkings,exp/fallback,0.433,0.3242659966088287,32.4,0.2666666666666666,21.599748728310765,21.6,0.3242659966088287,32.4,21.599748728310765,21.6,,,,,,,,,,,,,0.5,320.0,fanduel,exp/fallback,0.25092,0.2126730459183013,21.3,0.238095238095238,-10.67732071431341,-10.7,0.2126730459183013,21.3,-10.67732071431341,-10.7,,,,,,,,,,,,,0.5,320.0,fanduel,exp/fallback,0.24837,0.2056632280463057,20.6,0.238095238095238,-13.62144422055157,-13.6,0.2056632280463057,20.6,-13.62144422055157,-13.6,,,,,,,,,,,,,False,False,False,False,True,8.2,,Active roster,2026-10-02T16:41:02+00:00,False,[],2025-2026,,2026-09-24-frozen-v2,2026-10-02T16:41:05.426327+00:00
2026-10-02,WSH@CAR,2026020018,6:00 PM,2026-10-02T23:00:00Z,Justin Sourdif,8482088,WSH,False,"{""season"":""2026-27"",""games"":[]}",2026-27,WSH,C,,Healthy,Unknown,,,1.0,0.0,,16.0,11.0,2026-10-02T16:40:41+00:00,CAR,Brandon Bussi,0.893640350877193,2.4652486074734026,43.7,Confirmed,dailyfaceoff_name_and_stats,27.4,5.0,27.4,5.0,2.0,78.1,71.0,A1+A2,14.74,46.4,69.3,1.08,NONE,False,False,26.180837830079174,2.62122907817057,65.8,75.7,15.0,3.75,True,0.5,0.625,0.8,0.605,5.9,5.0,1.0,9.0,0.0,2.0,4.0,9.0,26.0,6.0,14.0,25.0,63.0,LOW,0.5,,LOW,0.45,,OK,0.65,,LOW,0.4,,LOW,0.3,,LOW,0.35,,LOW,0.9,,LOW,1.25,,LOW,1.575,,1.6327059509540316,0.5247983413780816,,,4.0,2.310074668039872,2.1627983962923456,50.0,30.3,63.9,24.5,4.91,2.15,6.05,-0.09,1.15,-2.95,COOL,COOL,COOL,2.76,-1.24,COOL,Yellow,Red,Red,Yellow,49.0,56.0,59.0,57.0,GOAL,59.0,2.0,2.0,8.0,8.0,1.0,8.0,B,Shooter,6.6,,26.4,,1.0,0.9743589743589745,76.0,0.9743589743589745,0.0661080344457653,6.6,6.6,2.139473684210526,2.139473684210526,0.0,6.890141837723548,6.917211529606778,26.4,39.6,False,,,,🥅 D:8,,False,False,1.0,,False,0.0,,False,0.0,,,,,,,,,,,,,,,,,,,,,,,,,,,,,,,,,,,,,,,,,,,,,,,0.5,750.0,FanDuel,,,,,,,,,,0.5,750.0,FanDuel,0.5,800.0,fanatics,,,,,,,,,,0.5,800.0,fanatics,BallDontLie,"[""Bally Bet"", ""BetMGM"", ""BetRivers"", ""Bovada"", ""Caesars"", ""Courtside"", ""DraftKings"", ""FanDuel"", ""Fanatics"", ""fanatics""]",The Odds API,"[""Bally Bet"", ""BetMGM"", ""BetRivers"", ""Bovada"", ""Caesars"", ""Courtside"", ""DraftKings"", ""FanDuel"", ""Fanatics"", ""Fliff""]",,,,,,,,,,,,,,,,,,,,,,,,ALTLINE_NB_v1_2026-01-18,,,,exp/fallback,0.605,,,,,,,,,,,,,,,,,,,,,,,,,exp/fallback,0.491,,,,,,,,,,,,,,,,,,,,,,,,,exp/fallback,0.2759999999999999,,,,,,,,,,,,,,,,,,,,,,0.5,750.0,FanDuel,exp/fallback,0.1995,0.1746432789961635,17.5,0.1176470588235294,48.44678714673897,48.4,0.1746432789961635,17.5,48.44678714673897,48.4,,,,,,,,,,,,,0.5,800.0,fanatics,exp/fallback,0.1835625,0.159208409006571,15.9,0.1111111111111111,43.28756810591396,43.3,0.159208409006571,15.9,43.28756810591396,43.3,,,,,,,,,,,,,False,False,True,True,False,2.0,,Active roster,2026-10-02T16:41:02+00:00,False,[],2025-2026,,2026-09-24-frozen-v2,2026-10-02T16:41:05.426327+00:00
2026-10-02,WSH@CAR,2026020018,6:00 PM,2026-10-02T23:00:00Z,Martin Fehrvry,8480796,WSH,False,"{""season"":""2026-27"",""games"":[]}",2026-27,WSH,D,,Healthy,Unknown,,,1.0,0.0,,16.0,11.0,2026-10-02T16:40:41+00:00,CAR,Brandon Bussi,0.893640350877193,2.4652486074734026,43.7,Confirmed,dailyfaceoff_name_and_stats,27.4,5.0,27.4,5.0,4.1,48.5,74.9,A1+A2,19.28,82.0,64.5,1.06,NONE,False,False,26.180837830079174,2.62122907817057,65.8,75.7,15.0,3.75,True,1.0,0.625,1.0,1.0,23.5,6.0,1.0,7.0,1.0,4.0,5.0,7.0,15.0,6.0,13.0,13.0,25.0,OK,0.6,,LOW,0.35,,LOW,0.375,,OK,0.5,,LOW,0.3,,LOW,0.325,,LOW,0.7,,LOW,0.65,,LOW,0.625,,1.0291728932493016,0.2339029302839321,,,5.0,2.310074668039872,2.1627983962923456,50.0,30.3,49.5,24.5,3.54,0.67,10.0,-2.46,-0.33,3.0,COOL,COOL,HOT,2.87,-2.13,COOL,Yellow,Red,Red,Yellow,54.0,40.0,43.0,56.0,ASSISTS,56.0,1.0,1.0,3.0,3.0,0.0,10.0,C,Passenger,0.2,,26.4,,0.0,0.0436213991769547,3.533333333333333,0.0436213991769547,0.0022623710075021,0.2,0.2,0.0,0.0,0.0,6.890141837723548,6.917211529606778,26.4,19.8,False,,,,🅰️ D:1,,False,False,1.0,,False,0.0,,False,0.0,,,,,,,,,,,,,,,,,,,,,,,,,,,,,,,,,,,,,,,,,,,,,,,,,,,,,,,,,,,,,,,,,,,,,,,,,,,,,,,,,,,,,,,,,,,,,,,,,,,,,,,,ALTLINE_NB_v1_2026-01-18,,,,exp/fallback,1.0,,,,,,,,,,,,,,,,,,,,,,,,,exp/fallback,0.354,,,,,,,,,,,,,,,,,,,,,,,,,exp/fallback,0.287,,,,,,,,,,,,,,,,,,,,,,,,,exp/fallback,0.1551,,,,,,,,,,,,,,,,,,,,,,,,,exp/fallback,0.1114125,,,,,,,,,,,,,,,,,,,,,,False,False,False,False,False,4.1,,Active roster,2026-10-02T16:41:02+00:00,False,[],2025-2026,,2026-09-24-frozen-v2,2026-10-02T16:41:05.426327+00:00
2026-10-02,WSH@CAR,2026020018,6:00 PM,2026-10-02T23:00:00Z,Matt Roy,8478911,WSH,False,,2026-27,WSH,D,,Healthy,Unknown,,,1.0,0.0,,16.0,11.0,2026-10-02T16:40:41+00:00,CAR,Brandon Bussi,0.893640350877193,2.4652486074734026,43.7,Confirmed,dailyfaceoff_name_and_stats,27.4,5.0,27.4,5.0,,43.9,66.1,A1+A2,20.61,88.2,60.6,1.04,NONE,False,False,26.180837830079174,2.62122907817057,65.8,75.7,15.0,3.75,True,,,,,50.0,,,,,,,,,,,,,,,,,,,,,,,,,,,,,,,,,,,,,,,,0.7449424252014509,0.4382014265890888,,,0.0,2.310074668039872,2.1627983962923456,50.0,30.3,41.5,24.5,2.82,0.57,,,,,COOL,COOL,COOL,2.24,,COOL,Red,Red,Red,Red,58.0,42.0,41.0,51.0,POINTS,58.0,,,,,,,C,Passenger,0.5,,26.4,,0.0,0.1132911392405063,8.95,0.1132911392405063,0.0054969239745728,0.5,0.5,0.0,0.0,0.0,6.890141837723548,6.917211529606778,26.4,26.0,False,,,,,,False,False,0.0,,False,0.0,,False,0.0,,,,,,,,,,,,,,,,,0.5,270.0,BetRivers,1.5,1800.0,theScore Bet,2.5,2000.0,Bovada,,,,0.5,270.0,BetRivers,0.5,310.0,Fanatics,1.5,2200.0,Fanatics,2.5,3300.0,Bovada,,,,0.5,310.0,Fanatics,0.5,1700.0,DraftKings,,,,,,,,,,0.5,1700.0,DraftKings,0.5,1900.0,fanatics,,,,,,,,,,0.5,1900.0,fanatics,BallDontLie,"[""Bally Bet"", ""BetMGM"", ""BetRivers"", ""Bovada"", ""Caesars"", ""Courtside"", ""DraftKings"", ""FanDuel"", ""Fanatics"", ""fanatics""]",The Odds API,"[""Bally Bet"", ""BetMGM"", ""BetRivers"", ""Bovada"", ""Caesars"", ""Courtside"", ""DraftKings"", ""FanDuel"", ""Fanatics"", ""Fliff"", ""Hard Rock Bet"", ""theScore Bet""]",,,The Odds API,"[""BetOnline.ag"", ""Bovada"", ""Courtside"", ""DraftKings"", ""Fanatics"", ""Fliff"", ""Hard Rock Bet"", ""ReBet"", ""draftkings"", ""theScore Bet""]",The Odds API,"[""Bally Bet"", ""BetRivers"", ""Bovada"", ""Caesars"", ""Courtside"", ""DraftKings"", ""Fanatics"", ""Fliff"", ""Hard Rock Bet"", ""draftkings"", ""theScore Bet""]",,,,,,,,,,,,,,,,,,ALTLINE_NB_v1_2026-01-18,,,,league_avg,2.3,,,,,,,,,,,,,,,,,,,,,,0.5,270.0,BetRivers,exp/fallback,0.282,0.2358079745719221,23.6,0.2702702702702703,-12.751049408388804,-12.8,0.2358079745719221,23.6,-12.751049408388804,-12.8,0.0396651228647063,4.0,-24.63626655705792,-24.6,0.0056833336388316,0.6,-88.0649993584535,-88.1,,,,,0.5,310.0,Fanatics,exp/fallback,0.224,0.1912944464572228,19.1,0.2439024390243902,-21.56927695253864,-21.6,0.1912944464572228,19.1,-21.56927695253864,-21.6,0.028389730635656,2.8,-34.703619537991,-34.7,0.0037782268064985,0.4,-87.15402885790499,-87.2,,,,,0.5,1700.0,DraftKings,exp/fallback,0.2027999999999999,0.1771602831856483,17.7,0.0555555555555555,218.88850973416703,218.9,0.1771602831856483,17.7,218.88850973416703,218.9,,,,,,,,,,,,,0.5,1900.0,fanatics,exp/fallback,0.14205,0.1270436463741587,12.7,0.05,154.08729274831754,154.1,0.1270436463741587,12.7,154.08729274831754,154.1,,,,,,,,,,,,,False,False,True,True,False,,,Active roster,2026-10-02T16:41:02+00:00,False,[],2025-2026,,2026-09-24-frozen-v2,2026-10-02T16:41:05.426327+00:00
2026-10-02,WSH@CAR,2026020018,6:00 PM,2026-10-02T23:00:00Z,Pierre-Luc Dubois,8479400,WSH,False,,2026-27,WSH,C,,Healthy,Unknown,,,1.0,0.0,,16.0,11.0,2026-10-02T16:40:41+00:00,CAR,Brandon Bussi,0.893640350877193,2.4652486074734026,43.7,Confirmed,dailyfaceoff_name_and_stats,27.4,5.0,27.4,5.0,,51.3,58.4,A1+A2,16.82,66.3,56.8,1.03,NONE,False,False,26.180837830079174,2.62122907817057,65.8,75.7,15.0,3.75,True,,,,,50.0,,,,,,,,,,,,,,,,,,,,,,,,,,,,,,,,,,,,,,,,1.7108787695498142,0.6221377343817506,,,0.0,2.310074668039872,2.1627983962923456,50.0,30.3,65.8,24.5,7.02,2.06,,,,,COOL,COOL,COOL,4.96,,COOL,Red,Red,Red,Red,54.0,44.0,45.0,50.0,POINTS,54.0,,,,,,,B,Hybrid,12.9,,26.4,,1.0,2.1724137931034484,63.0,2.1724137931034484,0.1291424666894431,12.9,12.9,3.804761904761905,1.780952380952381,2.380952380952381,6.890141837723548,6.917211529606778,26.4,65.2,False,,,,,,False,False,0.0,,False,0.0,,False,0.0,,1.5,112.0,BetRivers,,,,,,,,,,1.5,112.0,BetRivers,0.5,120.0,Fanatics,1.5,650.0,Fanatics,2.5,2800.0,Fanatics,3.5,2000.0,BetOnline.ag,0.5,120.0,Fanatics,0.5,210.0,DraftKings,1.5,1400.0,DraftKings,2.5,3300.0,Bovada,,,,0.5,210.0,DraftKings,0.5,380.0,FanDuel,,,,,,,,,,0.5,380.0,FanDuel,0.5,380.0,FanDuel,,,,,,,,,,0.5,380.0,FanDuel,The Odds API,"[""Bally Bet"", ""BetMGM"", ""BetRivers"", ""Bovada"", ""Caesars"", ""Courtside"", ""DraftKings"", ""FanDuel"", ""Fanatics"", ""fanduel""]",The Odds API,"[""Bally Bet"", ""BetMGM"", ""BetRivers"", ""Bovada"", ""Caesars"", ""Courtside"", ""DraftKings"", ""FanDuel"", ""Fanatics"", ""Fliff"", ""Hard Rock Bet"", ""theScore Bet""]",The Odds API,"[""Bally Bet"", ""BetRivers""]",The Odds API,"[""Bally Bet"", ""BetOnline.ag"", ""BetRivers"", ""Bovada"", ""Courtside"", ""DraftKings"", ""Fanatics"", ""Fliff"", ""Hard Rock Bet"", ""ReBet"", ""draftkings"", ""theScore Bet""]",The Odds API,"[""Bally Bet"", ""BetOnline.ag"", ""BetRivers"", ""Bovada"", ""Caesars"", ""Courtside"", ""DraftKings"", ""Fanatics"", ""Fliff"", ""Hard Rock Bet"", ""ReBet"", ""draftkings"", ""theScore Bet""]",0.5,350.0,Hard Rock Bet,1.5,1000.0,Bovada,,,,,,,0.5,350.0,Hard Rock Bet,The Odds API,"[""Bally Bet"", ""BetRivers"", ""Bovada"", ""FanDuel"", ""Fliff"", ""Hard Rock Bet"", ""theScore Bet""]",ALTLINE_NB_v1_2026-01-18,1.5,112.0,BetRivers,league_avg,2.3,0.6001759479749428,60.0,0.4716981132075472,27.237300970687876,27.2,0.6001759479749428,60.0,27.237300970687876,27.2,,,,,,,,,,,,,0.5,120.0,Fanatics,exp/fallback,0.702,0.4661858254479832,46.6,0.4545454545454545,2.56088159855632,2.6,0.4661858254479832,46.6,2.56088159855632,2.6,0.1653609474392205,16.5,24.02071057941544,24.0,0.0509306123308861,5.1,47.6987757595698,47.7,0.0143885979565621,1.4,-69.78394429121957,-69.8,0.5,210.0,DraftKings,exp/fallback,0.496,0.357947074293228,35.8,0.3225806451612903,10.963593030900686,11.0,0.357947074293228,35.8,10.963593030900686,11.0,0.1027721935636136,10.3,54.1582903454205,54.2,0.0267104502692093,2.7,-9.184469084688129,-9.2,,,,,0.5,380.0,FanDuel,exp/fallback,0.2624,0.2208275141531328,22.1,0.2083333333333333,5.9972067935037625,6.0,0.2208275141531328,22.1,5.9972067935037625,6.0,,,,,,,,,,,,,0.5,380.0,FanDuel,exp/fallback,0.2389,0.1991426281946087,19.9,0.2083333333333333,-4.411538466587828,-4.4,0.1991426281946087,19.9,-4.411538466587828,-4.4,,,,,,,,,,,,,True,False,False,False,True,,,Active roster,2026-10-02T16:41:02+00:00,False,[],2025-2026,,2026-09-24-frozen-v2,2026-10-02T16:41:05.426327+00:00
2026-10-02,WSH@CAR,2026020018,6:00 PM,2026-10-02T23:00:00Z,Ryan Leonard,8484186,WSH,False,"{""season"":""2026-27"",""games"":[]}",2026-27,WSH,R,,Healthy,Unknown,,,1.0,0.0,,16.0,11.0,2026-10-02T16:40:41+00:00,CAR,Brandon Bussi,0.893640350877193,2.4652486074734026,43.7,Confirmed,dailyfaceoff_name_and_stats,27.4,5.0,27.4,5.0,10.2,78.6,79.4,A1+A2,14.41,42.8,71.7,1.09,NONE,False,False,26.180837830079174,2.62122907817057,65.8,75.7,15.0,3.75,True,2.5,2.75,2.6,2.535,77.9,9.0,5.0,28.0,3.0,1.0,4.0,15.0,22.0,5.0,10.0,45.0,81.0,GOOD,0.9,0.4,OK,0.75,,LOW,0.55,,LOW,0.4,,LOW,0.25,,LOW,0.25,,OK,2.8,,LOW,2.25,,LOW,2.025,,2.1058590433059723,0.747240305689216,,,4.0,2.310074668039872,2.1627983962923456,50.0,30.3,70.9,24.5,5.92,2.3,27.89,-3.08,-2.7,-2.65,COOL,COOL,COOL,3.62,-0.38,COOL,Yellow,Red,Red,Yellow,54.0,63.0,70.0,61.0,GOAL,70.0,1.0,1.0,2.0,2.0,3.0,6.0,A,Distributor,15.6,,26.4,,2.0,2.2413333333333334,168.1,2.2413333333333334,0.1555017653135166,15.6,15.6,4.081499107674003,1.502676977989292,3.0339083878643662,6.890141837723548,6.917211529606778,26.4,73.1,False,,,,🥅 D:2,,False,False,1.0,,False,0.0,,False,0.0,,1.5,-124.0,BetRivers,,,,,,,,,,1.5,-124.0,BetRivers,0.5,123.0,BetRivers,1.5,575.0,BetRivers,,,,,,,0.5,123.0,BetRivers,0.5,230.0,BetRivers,,,,,,,,,,0.5,230.0,BetRivers,0.5,360.0,theScore Bet,,,,,,,,,,0.5,360.0,theScore Bet,0.5,340.0,Fanatics,,,,,,,,,,0.5,340.0,Fanatics,The Odds API,"[""Bally Bet"", ""BetMGM"", ""BetRivers"", ""Bovada"", ""Caesars"", ""Courtside"", ""DraftKings"", ""FanDuel"", ""Fanatics"", ""fanatics""]",The Odds API,"[""Bally Bet"", ""BetMGM"", ""BetRivers"", ""Bovada"", ""Caesars"", ""Courtside"", ""DraftKings"", ""FanDuel"", ""Fanatics"", ""Fliff"", ""Hard Rock Bet"", ""theScore Bet""]",The Odds API,"[""Bally Bet"", ""BetRivers""]",The Odds API,"[""Bally Bet"", ""BetRivers""]",The Odds API,"[""Bally Bet"", ""BetRivers""]",,,,,,,,,,,,,,,,,,ALTLINE_NB_v1_2026-01-18,1.5,-124.0,BetRivers,exp/fallback,2.789,0.681467034674329,68.1,0.5535714285714286,23.10372239278201,23.1,0.681467034674329,68.1,23.10372239278201,23.1,,,,,,,,,,,,,0.5,123.0,BetRivers,exp/fallback,0.592,0.416091138297791,41.6,0.4484304932735426,-7.211676159592606,-7.2,0.416091138297791,41.6,-7.211676159592606,-7.2,0.1297474950508494,13.0,-12.420440840676594,-12.4,,,,,,,,,0.5,230.0,BetRivers,exp/fallback,0.362,0.2830312863637571,28.3,0.303030303030303,-6.599675499960167,-6.6,0.2830312863637571,28.3,-6.599675499960167,-6.6,,,,,,,,,,,,,0.5,360.0,theScore Bet,exp/fallback,0.272,0.2275560841086936,22.8,0.217391304347826,4.675798689999089,4.7,0.2275560841086936,22.8,4.675798689999089,4.7,,,,,,,,,,,,,0.5,340.0,Fanatics,exp/fallback,0.2545,0.2098374992129428,21.0,0.2272727272727272,-7.67150034630516,-7.7,0.2098374992129428,21.0,-7.67150034630516,-7.7,,,,,,,,,,,,,True,False,False,False,False,10.2,,Active roster,2026-10-02T16:41:02+00:00,False,[],2025-2026,,2026-09-24-frozen-v2,2026-10-02T16:41:05.426327+00:00
2026-10-02,WSH@CAR,2026020018,6:00 PM,2026-10-02T23:00:00Z,Timothy Liljegren,8480043,WSH,False,,2026-27,WSH,D,,Healthy,Unknown,,,1.0,0.0,,16.0,11.0,2026-10-02T16:40:41+00:00,CAR,Brandon Bussi,0.893640350877193,2.4652486074734026,43.7,Confirmed,dailyfaceoff_name_and_stats,27.4,5.0,27.4,5.0,,30.2,49.3,A1+A2,19.85,84.3,47.7,0.99,NONE,False,False,26.180837830079174,2.62122907817057,65.8,75.7,15.0,3.75,True,,,,,50.0,,,,,,,,,,,,,,,,,,,,,,,,,,,,,,,,,,,,,,,,0.6993006993006993,0.3885003885003885,,,0.0,2.310074668039872,2.1627983962923456,50.0,30.3,40.2,24.5,2.55,0.44,,,,,COOL,COOL,COOL,2.11,,COOL,Red,Red,Red,Red,49.0,34.0,33.0,42.0,POINTS,49.0,,,,,,,C,Passenger,3.9,,26.4,,0.0,0.7645390070921985,35.93333333333333,0.7645390070921985,0.0385123789789575,3.9,3.9,3.0389610389610398,0.2003710575139146,3.3395176252319114,6.890141837723548,6.917211529606778,26.4,56.8,False,,,,,,False,False,0.0,,False,0.0,,False,0.0,,,,,,,,,,,,,,,,,0.5,270.0,BetRivers,,,,,,,,,,0.5,270.0,BetRivers,,,,,,,,,,,,,,,,0.5,1700.0,Fanatics,,,,,,,,,,0.5,1700.0,Fanatics,0.5,1700.0,Fanatics,,,,,,,,,,0.5,1700.0,Fanatics,The Odds API,"[""Bally Bet"", ""BetMGM"", ""BetRivers"", ""Bovada"", ""Caesars"", ""Courtside"", ""DraftKings"", ""Fanatics"", ""fanatics""]",The Odds API,"[""Bally Bet"", ""BetMGM"", ""BetRivers"", ""Bovada"", ""Caesars"", ""Courtside"", ""DraftKings"", ""Fanatics"", ""Fliff"", ""Hard Rock Bet"", ""theScore Bet""]",,,,,The Odds API,"[""Bally Bet"", ""BetRivers""]",,,,,,,,,,,,,,,,,,ALTLINE_NB_v1_2026-01-18,,,,league_avg,2.3,,,,,,,,,,,,,,,,,,,,,,0.5,270.0,BetRivers,exp/fallback,0.255,0.2167124340106224,21.7,0.2702702702702703,-19.81639941606969,-19.8,0.2167124340106224,21.7,-19.81639941606969,-19.8,,,,,,,,,,,,,,,,exp/fallback,0.211,,,,,,,,,,,,,,,,,,,,,,0.5,1700.0,Fanatics,exp/fallback,0.1976,0.1731892029166272,17.3,0.0555555555555555,211.74056524992895,211.7,0.1731892029166272,17.3,211.74056524992895,211.7,,,,,,,,,,,,,0.5,1700.0,Fanatics,exp/fallback,0.1336,0.120247328784536,12.0,0.0555555555555555,116.44519181216486,116.4,0.120247328784536,12.0,116.44519181216486,116.4,,,,,,,,,,,,,False,False,True,True,False,,,Active roster,2026-10-02T16:41:02+00:00,False,[],2025-2026,,2026-09-24-frozen-v2,2026-10-02T16:41:05.426327+00:00
2026-10-02,WSH@CAR,2026020018,6:00 PM,2026-10-02T23:00:00Z,Tom Wilson,8476880,WSH,False,"{""season"":""2026-27"",""games"":[]}",2026-27,WSH,R,,Healthy,Unknown,,,1.0,0.0,,16.0,11.0,2026-10-02T16:40:41+00:00,CAR,Brandon Bussi,0.893640350877193,2.4652486074734026,43.7,Confirmed,dailyfaceoff_name_and_stats,27.4,5.0,27.4,5.0,6.1,93.4,87.4,A1+A2,19.46,83.3,89.3,1.16,NONE,False,False,26.180837830079174,2.62122907817057,65.8,75.7,15.0,3.75,True,1.5,1.75,1.8,1.605,45.6,10.0,5.0,18.0,1.0,4.0,5.0,13.0,30.0,6.0,17.0,43.0,83.0,STRONG,1.0,0.5,OK,0.65,,OK,0.75,,OK,0.5,,LOW,0.3,,LOW,0.425,,LOW,1.8,,LOW,2.15,,LOW,2.075,,2.2721845041110846,0.5526935280270205,,,5.0,2.310074668039872,2.1627983962923456,50.0,30.3,72.2,24.5,10.11,4.44,17.66,-0.81,-0.96,-1.95,COOL,COOL,COOL,5.65,0.14,COOL,Yellow,Red,Red,Yellow,63.0,67.0,72.0,71.0,GOAL,72.0,0.0,0.0,2.0,2.0,1.0,0.0,A,Shooter,13.5,,26.4,,2.0,2.6307870370370368,189.41666666666663,2.6307870370370368,0.1351704944159659,13.5,13.5,3.100307963044435,2.0906291245050594,1.1878574571051477,6.890141837723548,6.917211529606778,26.4,59.9,False,,,,🥅 D:2,,False,False,2.0,,False,0.0,,False,0.0,,1.5,-118.0,BetOnline.ag,2.5,260.0,theScore Bet,3.5,700.0,Fanatics,4.5,1700.0,Fanatics,1.5,-118.0,BetOnline.ag,0.5,115.0,Hard Rock Bet,1.5,600.0,DraftKings,2.5,2500.0,Fanatics,3.5,2100.0,BetOnline.ag,0.5,115.0,Hard Rock Bet,0.5,240.0,Hard Rock Bet,1.5,1500.0,Fanatics,2.5,3300.0,Bovada,,,,0.5,240.0,Hard Rock Bet,0.5,340.0,BetRivers,,,,,,,,,,0.5,340.0,BetRivers,0.5,340.0,BetRivers,,,,,,,,,,0.5,340.0,BetRivers,The Odds API,"[""Bally Bet"", ""BetMGM"", ""BetRivers"", ""Bovada"", ""Caesars"", ""Courtside"", ""DraftKings"", ""FanDuel"", ""Fanatics"", ""betrivers""]",The Odds API,"[""Bally Bet"", ""BetMGM"", ""BetRivers"", ""Bovada"", ""Caesars"", ""Courtside"", ""DraftKings"", ""FanDuel"", ""Fanatics"", ""Fliff"", ""Hard Rock Bet"", ""fanduel"", ""theScore Bet""]",The Odds API,"[""Bally Bet"", ""BetOnline.ag"", ""BetRivers"", ""Bovada"", ""Courtside"", ""DraftKings"", ""FanDuel"", ""Fanatics"", ""Fliff"", ""Hard Rock Bet"", ""ReBet"", ""theScore Bet""]",The Odds API,"[""Bally Bet"", ""BetOnline.ag"", ""BetRivers"", ""Bovada"", ""Courtside"", ""DraftKings"", ""Fanatics"", ""Fliff"", ""Hard Rock Bet"", ""ReBet"", ""draftkings"", ""theScore Bet""]",The Odds API,"[""Bally Bet"", ""BetOnline.ag"", ""BetRivers"", ""Bovada"", ""Caesars"", ""Courtside"", ""DraftKings"", ""Fanatics"", ""Fliff"", ""Hard Rock Bet"", ""ReBet"", ""draftkings"", ""theScore Bet""]",0.5,350.0,FanDuel,,,,,,,,,,0.5,350.0,FanDuel,The Odds API,"[""Bally Bet"", ""BetRivers"", ""Bovada"", ""FanDuel"", ""Fliff"", ""Hard Rock Bet"", ""theScore Bet""]",ALTLINE_NB_v1_2026-01-18,1.5,-118.0,BetOnline.ag,exp/fallback,1.766,0.4846605003938643,48.5,0.5412844036697247,-10.46102619842168,-10.5,0.4846605003938643,48.5,-10.46102619842168,-10.5,0.2674036218509243,26.7,-3.7346961336672257,-3.7,0.1343215380816451,13.4,7.457230465316122,7.5,0.0629912952982671,6.3,13.384331536880945,13.4,0.5,115.0,Hard Rock Bet,exp/fallback,1.011,0.5791918476329069,57.9,0.4651162790697674,24.526247241074973,24.5,0.5791918476329069,57.9,24.526247241074973,24.5,0.2649494706759832,26.5,85.46462947318823,85.5,0.1065516761678554,10.7,177.03435803642415,177.0,0.0395234998752777,4.0,-13.048300274389057,-13.0,0.5,240.0,Hard Rock Bet,exp/fallback,0.5650000000000001,0.3920256565172948,39.2,0.2941176470588235,33.28872321588023,33.3,0.3920256565172948,39.2,33.28872321588023,33.3,0.1241851075366099,12.4,98.6961720585759,98.7,0.0356880840429918,3.6,21.339485746172254,21.3,,,,,0.5,340.0,BetRivers,exp/fallback,0.30396,0.2493793862682127,24.9,0.2272727272727272,9.72692995801362,9.7,0.2493793862682127,24.9,9.72692995801362,9.7,,,,,,,,,,,,,0.5,340.0,BetRivers,exp/fallback,0.3345599999999999,0.2611963478432628,26.1,0.2272727272727272,14.926393051035646,14.9,0.2611963478432628,26.1,14.926393051035646,14.9,,,,,,,,,,,,,False,True,False,True,True,6.1,,Active roster,2026-10-02T16:41:02+00:00,False,[],2025-2026,,2026-09-24-frozen-v2,2026-10-02T16:41:05.426327+00:00
2026-10-02,WSH@CAR,2026020018,6:00 PM,2026-10-02T23:00:00Z,Vincent Desharnais,8479576,SJS,True,,2026-27,WSH,D,,Healthy,Unknown,,,1.0,0.0,,16.0,11.0,2026-10-02T16:40:41+00:00,CAR,Brandon Bussi,0.893640350877193,2.4652486074734026,43.7,Confirmed,dailyfaceoff_name_and_stats,27.4,5.0,27.4,5.0,,22.6,37.3,A1+A2,18.18,75.8,38.4,0.95,NONE,False,False,26.180837830079174,2.62122907817057,65.8,75.7,15.0,3.75,True,,,,,50.0,,,,,,,,,,,,,,,,,,,,,,,,,,,,,,,,,,,,,,,,0.5490435313085538,0.0,,,0.0,2.310074668039872,2.1627983962923456,50.0,30.3,38.6,24.5,1.27,0.19,,,,,COOL,COOL,COOL,1.08,,COOL,Red,Red,Red,Red,41.0,29.0,28.0,34.0,POINTS,41.0,,,,,,,,Passenger,0.2,,26.4,,,0.0339622641509433,1.8,0.0339622641509433,0.0018683828108781,0.2,0.2,0.0,0.0,0.0,6.890141837723548,6.917211529606778,26.4,19.8,False,,,,,,False,False,0.0,,False,0.0,,False,0.0,,,,,,,,,,,,,,,,,,,,,,,,,,,,,,,,,,,,,,,,,,,,,,,,,,,,,,,,,,,,,,0.5,2500.0,fanduel,,,,,,,,,,0.5,2500.0,fanduel,BallDontLie,"[""fanduel""]",,,,,,,,,,,,,,,,,,,,,,,,,,ALTLINE_NB_v1_2026-01-18,,,,league_avg,2.3,,,,,,,,,,,,,,,,,,,,,,,,,exp/fallback,0.127,,,,,,,,,,,,,,,,,,,,,,,,,exp/fallback,0.108,,,,,,,,,,,,,,,,,,,,,,,,,exp/fallback,0.1876,,,,,,,,,,,,,,,,,,,,,,0.5,2500.0,fanduel,exp/fallback,0.11735,0.1069294836674515,10.7,0.0384615384615384,178.0166575353741,178.0,0.1069294836674515,10.7,178.0166575353741,178.0,,,,,,,,,,,,,False,False,False,True,False,,,Active roster,2026-10-02T16:41:02+00:00,False,[],2025-2026,,2026-09-24-frozen-v2,2026-10-02T16:41:05.426327+00:00
