Date,Game,Game_ID,StartTimeLocal,StartTimeUTC,Player,Player_ID,Model_Stats_Team,Team_Changed,Form_Log,Form_Season,Team,Pos,Tier,Injury_Status,Injury_Type,Injury_Text,Injury_Return,Team_Out_Count,Injury_DFO_Score,Injury_Badge,Injury_Reports_Count,Injury_Excluded_Count,Injury_Check_UTC,Opp,Opp_Goalie,Opp_SV,Opp_GAA,Goalie_Weak,Opp_Goalie_Status,Opp_Goalie_Source,Opp_SOG_Against_L10,Opp_SOG_Used_L10,Opp_SOG_Against_L50,Opp_SOG_Used_L50,Player_5v5_SOG_Share,iXG%,iXA%,iXA_Source,TOI_per_game,TOI_Pct,StarScore,TalentMult,Talent_Tier,Is_Elite,Is_Star,team_5v5_SF60,team_5v5_xGF60,team_5v5_SF60_pct,team_5v5_xGF60_pct,Team_GF_L5,Team_GF_Avg_L5,Team_GF_Gate,Med10_SOG,Trim10_SOG,Avg5_SOG,ShotIntent,ShotIntent_Pct,L10_P,L10_G,L10_S,L5_G,L5_A,L10_A,L20_P,L40_P,L20_A,L40_A,L20_S,L40_S,L10_Tier_Points,L10_Rate_Points,L10_Diff_Points,L20_Tier_Points,L20_Rate_Points,L20_Diff_Points,L40_Tier_Points,L40_Rate_Points,L40_Diff_Points,L10_Tier_Assists,L10_Rate_Assists,L10_Diff_Assists,L20_Tier_Assists,L20_Rate_Assists,L20_Diff_Assists,L40_Tier_Assists,L40_Rate_Assists,L40_Diff_Assists,L10_Tier_SOG,L10_Rate_SOG,L10_Diff_SOG,L20_Tier_SOG,L20_Rate_SOG,L20_Diff_SOG,L40_Tier_SOG,L40_Rate_SOG,L40_Diff_SOG,i5v5_points60,i5v5_primaryAssists60,i5v5_shotAssists60,i5v5_iCF60,Assist_Volume,opp_5v5_xGA60,opp_5v5_HDCA60,opp_5v5_SlotSA60,Opp_DefWeak,v2_player_stability,v2_defense_vulnerability,Exp_P_10,Exp_G_10,Exp_S_10,Reg_Gap_P10,Reg_Gap_G10,Reg_Gap_S10,Reg_Heat_P,Reg_Heat_G,Reg_Heat_S,Exp_A_10,Reg_Gap_A10,Reg_Heat_A,Matrix_Points,Matrix_SOG,Matrix_Goal,Matrix_Assists,Conf_Points,Conf_SOG,Conf_Goal,Conf_Assists,Best_Market,Best_Conf,Drought_P,Drought_A,Drought_G,Drought_SOG,PPP10_total,Drought_PPP,PP_Tier,PP_Path,PP_TeamShare_pct,PP_TOI_stability,PP_Env_Score,PP_BOOST,PP_Role,PP_TOI,PP_TOI_min,PP_TOI_per_game,PP_TOI_Share,PP_TOI_Pct_Game,PP_TOI_Pct,PP_Points60,PP_iXG60,PP_iXA60,Team_PP_xGF60,Opp_PK_xGA60,PP_Matchup,Assist_Dagger,Assist_PP_Proof,Line,Odds,Result,Best_Drought,Play_Tag,Plays_Points,Plays_Goal,Goal_ProofCount,Goal_Why,Plays_Assists,Assist_ProofCount,Assist_Why,Plays_SOG,SOG_ProofCount,SOG_Why,BDL_SOG_Line_1,BDL_SOG_Odds_1,BDL_SOG_Book_1,BDL_SOG_Line_2,BDL_SOG_Odds_2,BDL_SOG_Book_2,BDL_SOG_Line_3,BDL_SOG_Odds_3,BDL_SOG_Book_3,BDL_SOG_Line_4,BDL_SOG_Odds_4,BDL_SOG_Book_4,BDL_SOG_Line,BDL_SOG_Odds,BDL_SOG_Book,BDL_Points_Line_1,BDL_Points_Odds_1,BDL_Points_Book_1,BDL_Points_Line_2,BDL_Points_Odds_2,BDL_Points_Book_2,BDL_Points_Line_3,BDL_Points_Odds_3,BDL_Points_Book_3,BDL_Points_Line_4,BDL_Points_Odds_4,BDL_Points_Book_4,BDL_Points_Line,BDL_Points_Odds,BDL_Points_Book,BDL_Assists_Line_1,BDL_Assists_Odds_1,BDL_Assists_Book_1,BDL_Assists_Line_2,BDL_Assists_Odds_2,BDL_Assists_Book_2,BDL_Assists_Line_3,BDL_Assists_Odds_3,BDL_Assists_Book_3,BDL_Assists_Line_4,BDL_Assists_Odds_4,BDL_Assists_Book_4,BDL_Assists_Line,BDL_Assists_Odds,BDL_Assists_Book,BDL_Goal_Line_1,BDL_Goal_Odds_1,BDL_Goal_Book_1,BDL_Goal_Line_2,BDL_Goal_Odds_2,BDL_Goal_Book_2,BDL_Goal_Line_3,BDL_Goal_Odds_3,BDL_Goal_Book_3,BDL_Goal_Line_4,BDL_Goal_Odds_4,BDL_Goal_Book_4,BDL_Goal_Line,BDL_Goal_Odds,BDL_Goal_Book,BDL_ATG_Line_1,BDL_ATG_Odds_1,BDL_ATG_Book_1,BDL_ATG_Line_2,BDL_ATG_Odds_2,BDL_ATG_Book_2,BDL_ATG_Line_3,BDL_ATG_Odds_3,BDL_ATG_Book_3,BDL_ATG_Line_4,BDL_ATG_Odds_4,BDL_ATG_Book_4,BDL_ATG_Line,BDL_ATG_Odds,BDL_ATG_Book,Assists_Odds_Source,Assists_Available_Books,Points_Odds_Source,Points_Available_Books,BDL_PPP_Line_1,BDL_PPP_Odds_1,BDL_PPP_Book_1,BDL_PPP_Line_2,BDL_PPP_Odds_2,BDL_PPP_Book_2,BDL_PPP_Line_3,BDL_PPP_Odds_3,BDL_PPP_Book_3,BDL_PPP_Line_4,BDL_PPP_Odds_4,BDL_PPP_Book_4,BDL_PPP_Line,BDL_PPP_Odds,BDL_PPP_Book,PPP_Odds_Source,PPP_Available_Books,ATG_Odds_Source,ATG_Available_Books,Goal_Odds_Source,Goal_Available_Books,SOG_Odds_Source,SOG_Available_Books,Odds_Checked_UTC,BDL_EV_ENGINE,SOG_Line,SOG_Odds_Over,SOG_Book,SOG_ModelSrc,SOG_mu,SOG_p_model_over,SOG_Model%,SOG_p_imp_over,SOG_EVpct_over,SOG_EV%,SOG_p_model_over_1,SOG_Model%_1,SOG_EVpct_over_1,SOG_EV%_1,SOG_p_model_over_2,SOG_Model%_2,SOG_EVpct_over_2,SOG_EV%_2,SOG_p_model_over_3,SOG_Model%_3,SOG_EVpct_over_3,SOG_EV%_3,SOG_p_model_over_4,SOG_Model%_4,SOG_EVpct_over_4,SOG_EV%_4,Points_Line,Points_Odds_Over,Points_Book,Points_ModelSrc,Points_mu,Points_p_model_over,Points_Model%,Points_p_imp_over,Points_EVpct_over,Points_EV%,Points_p_model_over_1,Points_Model%_1,Points_EVpct_over_1,Points_EV%_1,Points_p_model_over_2,Points_Model%_2,Points_EVpct_over_2,Points_EV%_2,Points_p_model_over_3,Points_Model%_3,Points_EVpct_over_3,Points_EV%_3,Points_p_model_over_4,Points_Model%_4,Points_EVpct_over_4,Points_EV%_4,Assists_Line,Assists_Odds_Over,Assists_Book,Assists_ModelSrc,Assists_mu,Assists_p_model_over,Assists_Model%,Assists_p_imp_over,Assists_EVpct_over,Assists_EV%,Assists_p_model_over_1,Assists_Model%_1,Assists_EVpct_over_1,Assists_EV%_1,Assists_p_model_over_2,Assists_Model%_2,Assists_EVpct_over_2,Assists_EV%_2,Assists_p_model_over_3,Assists_Model%_3,Assists_EVpct_over_3,Assists_EV%_3,Assists_p_model_over_4,Assists_Model%_4,Assists_EVpct_over_4,Assists_EV%_4,Goal_Line,Goal_Odds_Over,Goal_Book,Goal_ModelSrc,Goal_mu,Goal_p_model_over,Goal_Model%,Goal_p_imp_over,Goal_EVpct_over,Goal_EV%,Goal_p_model_over_1,Goal_Model%_1,Goal_EVpct_over_1,Goal_EV%_1,Goal_p_model_over_2,Goal_Model%_2,Goal_EVpct_over_2,Goal_EV%_2,Goal_p_model_over_3,Goal_Model%_3,Goal_EVpct_over_3,Goal_EV%_3,Goal_p_model_over_4,Goal_Model%_4,Goal_EVpct_over_4,Goal_EV%_4,ATG_Line,ATG_Odds_Over,ATG_Book,ATG_ModelSrc,ATG_mu,ATG_p_model_over,ATG_Model%,ATG_p_imp_over,ATG_EVpct_over,ATG_EV%,ATG_p_model_over_1,ATG_Model%_1,ATG_EVpct_over_1,ATG_EV%_1,ATG_p_model_over_2,ATG_Model%_2,ATG_EVpct_over_2,ATG_EV%_2,ATG_p_model_over_3,ATG_Model%_3,ATG_EVpct_over_3,ATG_EV%_3,ATG_p_model_over_4,ATG_Model%_4,ATG_EVpct_over_4,ATG_EV%_4,Plays_EV_SOG,Plays_EV_Points,Plays_EV_Goal,Plays_EV_ATG,Plays_EV_Assists,Player_SOG_Share_Proxy,Outcome,Roster_Status,Roster_Check_UTC,Roster_Watch,Fired_Moves,Model_Stats_Season,Available,Move_Kit_Version,Frozen_At_UTC,Resolved_Game_ID,Resolved_Player_ID,Player_Match_Method,Grade_Status,Actual_Points,Outcome_Points,Match_Status_Points,Actual_Assists,Outcome_Assists,Match_Status_Assists,Actual_SOG,Outcome_SOG,Match_Status_SOG,Actual_Goal,Outcome_Goal,Match_Status_Goal,Actual_ATG,Outcome_ATG,Match_Status_ATG,Actual_PPP,Outcome_PPP,Match_Status_PPP
2026-10-05,OTT@BOS,2026020041,6:30 PM,2026-10-05T23:30:00Z,Casey Mittelstadt,8479999,BOS,False,"{""season"":""2026-27"",""games"":[{""d"":""2026-10-03"",""g"":0,""a"":0,""s"":1,""pp"":0,""h"":""R"",""toi"":""17:18""},{""d"":""2026-10-02"",""g"":0,""a"":0,""s"":2,""pp"":0,""h"":""R"",""toi"":""14:01""},{""d"":""2026-09-29"",""g"":0,""a"":0,""s"":3,""pp"":0,""h"":""H"",""toi"":""14:28""}]}",2026-27,BOS,C,,Healthy,Unknown,,,1.0,0.0,,15.0,9.0,2026-10-05T11:42:57+00:00,OTT,Linus Ullmark,0.8906510851419032,2.7258855081845925,55.1,Unconfirmed,dailyfaceoff_name_and_stats,29.0,6.0,29.0,6.0,10.5,70.6,82.2,A1+A2,15.16,51.7,70.9,1.08,NONE,False,False,25.71182842161681,2.3918432128567453,53.6,53.6,10.0,2.0,True,2.0,,2.0,2.0,68.1,0.0,0.0,6.0,0.0,0.0,0.0,0.0,0.0,0.0,0.0,6.0,6.0,LOW,0.0,-0.5,LOW,0.0,,LOW,0.0,,LOW,0.0,,LOW,0.0,,LOW,0.0,,LOW,0.6,,LOW,0.3,,LOW,0.15,,1.954786511973068,0.6515955039910225,,,0.0,2.123915176213116,1.8715568636329327,50.0,25.5,68.6,6.4,5.95,1.83,20.0,5.95,1.83,14.0,HOT,WARM,HOT,4.12,4.12,HOT,Yellow,Red,Red,Yellow,73.0,56.0,58.0,67.0,POINTS,73.0,3.0,3.0,3.0,2.0,0.0,3.0,B,Distributor,10.9,,42.7,,1.0,1.6596244131455398,117.83333333333331,1.6596244131455398,0.1094562794154074,10.9,10.9,3.230834512022631,1.2831683168316832,2.2913719943422914,7.852567975830816,6.092759668132565,42.7,70.0,False,,,,🅿️ D:3,,False,False,1.0,,False,0.0,,False,0.0,,,,,,,,,,,,,,,,,0.5,145.0,theScore Bet,1.5,800.0,Fanatics,2.5,3500.0,Fanatics,3.5,3600.0,BetOnline.ag,0.5,145.0,theScore Bet,0.5,260.0,Bovada,1.5,1300.0,Fanatics,2.5,3300.0,Bovada,,,,0.5,260.0,Bovada,0.5,525.0,Fanatics,,,,,,,,,,0.5,525.0,Fanatics,0.5,525.0,Fanatics,,,,,,,,,,0.5,525.0,Fanatics,The Odds API,"[""Bally Bet"", ""BetOnline.ag"", ""BetRivers"", ""Bovada"", ""Courtside"", ""DraftKings"", ""Fanatics"", ""Hard Rock Bet"", ""ReBet"", ""draftkings"", ""theScore Bet""]",The Odds API,"[""Bally Bet"", ""BetOnline.ag"", ""BetRivers"", ""Bovada"", ""Caesars"", ""Courtside"", ""DraftKings"", ""Fanatics"", ""Hard Rock Bet"", ""ReBet"", ""draftkings"", ""theScore Bet""]",0.5,650.0,Hard Rock Bet,,,,,,,,,,0.5,650.0,Hard Rock Bet,The Odds API,"[""Bovada"", ""Hard Rock Bet"", ""theScore Bet""]",The Odds API,"[""Bally Bet"", ""BetMGM"", ""BetRivers"", ""Bovada"", ""Caesars"", ""Courtside"", ""DraftKings"", ""FanDuel"", ""Fanatics"", ""fanatics""]",The Odds API,"[""Bally Bet"", ""BetMGM"", ""BetRivers"", ""Bovada"", ""Caesars"", ""Courtside"", ""DraftKings"", ""FanDuel"", ""Fanatics"", ""Hard Rock Bet"", ""theScore Bet""]",,,2026-10-05T11:43:17.763238+00:00,ALTLINE_NB_v1_2026-01-18,,,,exp/fallback,2.0,,,,,,,,,,,,,,,,,,,,,,0.5,145.0,theScore Bet,exp/fallback,0.595,0.4175397734117708,41.8,0.4081632653061224,2.2972444858838537,2.3,0.4175397734117708,41.8,2.2972444858838537,2.3,0.1307085424413623,13.1,17.637688197226087,17.6,0.0353652003031539,3.5,27.314721091354155,27.3,0.0087592852544478,0.9,-67.59064455854313,-67.6,0.5,260.0,Bovada,exp/fallback,0.412,0.3124482617316951,31.2,0.2777777777777778,12.481374223410258,12.5,0.3124482617316951,31.2,12.481374223410258,12.5,0.0775632566184767,7.8,8.588559265867435,8.6,0.0173812776964332,1.7,-40.90365583212687,-40.9,,,,,0.5,525.0,Fanatics,exp/fallback,0.2532,0.2143020509645855,21.4,0.16,33.93878185286597,33.9,0.2143020509645855,21.4,33.93878185286597,33.9,,,,,,,,,,,,,0.5,525.0,Fanatics,exp/fallback,0.2239499999999999,0.188667360970004,18.9,0.16,17.91710060625251,17.9,0.188667360970004,18.9,17.91710060625251,17.9,,,,,,,,,,,,,False,False,True,True,True,10.5,,Active roster,2026-10-05T11:43:17+00:00,False,[],2025-2026,,2026-09-24-frozen-v2,2026-10-05T11:43:20.192002+00:00,2026020041,8479999.0,PLAYER_ID,FINAL,0.0,L,OK,0.0,L,OK,0.0,,NO_LINE,0.0,L,OK,0.0,L,OK,0.0,L,OK
2026-10-05,OTT@BOS,2026020041,6:30 PM,2026-10-05T23:30:00Z,Connor Clifton,8477365,PIT,True,,2026-27,BOS,D,,Healthy,Unknown,,,1.0,0.0,,15.0,9.0,2026-10-05T11:42:57+00:00,OTT,Linus Ullmark,0.8906510851419032,2.7258855081845925,55.1,Unconfirmed,dailyfaceoff_name_and_stats,29.0,6.0,29.0,6.0,,27.4,31.9,A1+A2,16.77,66.0,36.7,0.95,NONE,False,False,25.71182842161681,2.3918432128567453,53.6,53.6,10.0,2.0,True,,,,,50.0,,,,,,,,,,,,,,,,,,,,,,,,,,,,,,,,,,,,,,,,0.4934886908841672,0.1644962302947224,,,0.0,2.123915176213116,1.8715568636329327,50.0,25.5,39.7,6.4,1.07,0.31,,,,,COOL,COOL,COOL,0.76,,COOL,Red,Red,Red,Red,38.0,30.0,31.0,32.0,POINTS,38.0,,,,,,,,Passenger,0.0,,42.7,,,0.0076666666666666,0.3833333333333333,0.0076666666666666,0.0004572837346163,0.0,0.0,0.0,0.0,0.0,7.852567975830816,6.092759668132565,42.7,23.2,False,,,,,,False,False,0.0,,False,0.0,,False,0.0,,,,,,,,,,,,,,,,,,,,,,,,,,,,,,,,,,,,,,,,,,,,,,,0.5,1500.0,DraftKings,,,,,,,,,,0.5,1500.0,DraftKings,0.5,1500.0,DraftKings,,,,,,,,,,0.5,1500.0,DraftKings,,,,,,,,,,,,,,,,,,,,,,The Odds API,"[""Bally Bet"", ""BetMGM"", ""BetRivers"", ""Bovada"", ""Caesars"", ""Courtside"", ""DraftKings"", ""FanDuel"", ""Fanatics"", ""fanatics""]",The Odds API,"[""Bally Bet"", ""BetMGM"", ""BetRivers"", ""Bovada"", ""Caesars"", ""Courtside"", ""DraftKings"", ""FanDuel"", ""Fanatics"", ""Hard Rock Bet"", ""theScore Bet""]",,,2026-10-05T11:43:17.763238+00:00,ALTLINE_NB_v1_2026-01-18,,,,league_avg,2.3,,,,,,,,,,,,,,,,,,,,,,,,,exp/fallback,0.107,,,,,,,,,,,,,,,,,,,,,,,,,exp/fallback,0.076,,,,,,,,,,,,,,,,,,,,,,0.5,1500.0,DraftKings,exp/fallback,0.1924,0.1691912401817982,16.9,0.0625,170.70598429087713,170.7,0.1691912401817982,16.9,170.70598429087713,170.7,,,,,,,,,,,,,0.5,1500.0,DraftKings,exp/fallback,0.1251499999999999,0.1133632623168545,11.3,0.0625,81.3812197069673,81.4,0.1133632623168545,11.3,81.3812197069673,81.4,,,,,,,,,,,,,False,False,True,True,False,,,Active roster,2026-10-05T11:43:17+00:00,False,[],2025-2026,,2026-09-24-frozen-v2,2026-10-05T11:43:20.192002+00:00,2026020041,8477365.0,PLAYER_ID,FINAL,0.0,,NO_LINE,0.0,,NO_LINE,1.0,,NO_LINE,0.0,L,OK,0.0,L,OK,0.0,,NO_LINE
2026-10-05,OTT@BOS,2026020041,6:30 PM,2026-10-05T23:30:00Z,David Pastrnak,8477956,BOS,False,"{""season"":""2026-27"",""games"":[{""d"":""2026-10-03"",""g"":0,""a"":0,""s"":5,""pp"":0,""h"":""R"",""toi"":""21:02""},{""d"":""2026-10-02"",""g"":0,""a"":2,""s"":4,""pp"":0,""h"":""R"",""toi"":""22:04""},{""d"":""2026-09-29"",""g"":0,""a"":0,""s"":4,""pp"":0,""h"":""H"",""toi"":""17:32""}]}",2026-27,BOS,R,👑 ELITE,Healthy,Unknown,,,1.0,0.0,,15.0,9.0,2026-10-05T11:42:57+00:00,OTT,Linus Ullmark,0.8906510851419032,2.7258855081845925,55.1,Unconfirmed,dailyfaceoff_name_and_stats,29.0,6.0,29.0,6.0,21.1,96.6,99.5,A1+A2,20.66,88.7,96.0,1.25,ELITE,True,False,25.71182842161681,2.3918432128567453,53.6,53.6,10.0,2.0,True,4.0,,4.333333333333333,4.116666666666666,100.0,2.0,0.0,13.0,0.0,2.0,2.0,2.0,2.0,2.0,2.0,13.0,13.0,LOW,0.2,-0.3,LOW,0.1,,LOW,0.05,,LOW,0.2,,LOW,0.1,,LOW,0.05,,LOW,1.3,,LOW,0.65,,LOW,0.325,,2.642273660174249,1.565791798621777,,,2.0,2.123915176213116,1.8715568636329327,50.0,25.5,73.7,6.4,22.15,6.53,55.58,14.41,4.84,28.17,HOT,HOT,HOT,15.62,9.57,HOT,Green,Green,Green,Green,86.0,80.0,89.0,82.0,GOAL,89.0,1.0,1.0,3.0,0.0,0.0,3.0,A,Distributor,16.7,,42.7,,2.0,3.447402597402597,265.45,3.447402597402597,0.166898951052615,16.7,16.7,5.5716707477867775,1.729139197589,4.520625353173856,7.852567975830816,6.092759668132565,42.7,86.0,False,,,,🥅 D:3,🥅 GOAL EARNED,False,True,3.0,"iXG,SOG,REG",False,0.0,,False,0.0,,1.5,-525.0,DraftKings,2.5,-170.0,theScore Bet,3.5,130.0,DraftKings,4.5,290.0,DraftKings,3.5,130.0,DraftKings,0.5,-210.0,Hard Rock Bet,1.5,200.0,FanDuel,2.5,750.0,Bovada,3.5,1900.0,Fanatics,0.5,-210.0,Hard Rock Bet,0.5,105.0,theScore Bet,1.5,575.0,Bovada,2.5,1700.0,Fanatics,,,,0.5,105.0,theScore Bet,0.5,165.0,Caesars,,,,,,,,,,0.5,165.0,Caesars,0.5,165.0,Caesars,,,,,,,,,,0.5,165.0,Caesars,The Odds API,"[""Bally Bet"", ""BetOnline.ag"", ""BetRivers"", ""Bovada"", ""Courtside"", ""DraftKings"", ""FanDuel"", ""Fanatics"", ""Hard Rock Bet"", ""ReBet"", ""draftkings"", ""theScore Bet""]",The Odds API,"[""Bally Bet"", ""BetOnline.ag"", ""BetRivers"", ""Bovada"", ""Caesars"", ""Courtside"", ""DraftKings"", ""FanDuel"", ""Fanatics"", ""Hard Rock Bet"", ""ReBet"", ""draftkings"", ""theScore Bet""]",0.5,165.0,Hard Rock Bet,1.5,800.0,Bovada,,,,,,,0.5,165.0,Hard Rock Bet,The Odds API,"[""Bovada"", ""Hard Rock Bet"", ""theScore Bet""]",The Odds API,"[""Bally Bet"", ""BetMGM"", ""BetRivers"", ""Bovada"", ""Caesars"", ""Courtside"", ""DraftKings"", ""FanDuel"", ""Fanatics"", ""caesars""]",The Odds API,"[""Bally Bet"", ""BetMGM"", ""BetRivers"", ""Bovada"", ""Caesars"", ""Courtside"", ""DraftKings"", ""FanDuel"", ""Fanatics"", ""Hard Rock Bet"", ""fanduel"", ""theScore Bet""]",The Odds API,"[""BetOnline.ag"", ""Courtside"", ""DraftKings"", ""FanDuel"", ""Fanatics"", ""Hard Rock Bet"", ""ReBet"", ""draftkings"", ""theScore Bet""]",2026-10-05T11:43:17.763238+00:00,ALTLINE_NB_v1_2026-01-18,3.5,130.0,DraftKings,exp/fallback,5.558,0.6736243836728972,67.4,0.4347826086956521,54.93360824476636,54.9,0.8979776407490195,89.8,6.902100089168991,6.9,0.7942546828727702,79.4,26.146331985675275,26.1,0.6736243836728972,67.4,54.93360824476636,54.9,0.5508674674595089,55.1,114.83831230920843,114.8,0.5,-210.0,Hard Rock Bet,exp/fallback,2.215,0.8059873985194482,80.6,0.6774193548387096,18.979092162394736,19.0,0.8059873985194482,80.6,18.979092162394736,19.0,0.5639156270622325,56.4,69.17468811866976,69.2,0.3600414925459843,36.0,206.03526866408663,206.0,0.2158950242512027,21.6,331.7900485024056,331.8,0.5,105.0,theScore Bet,exp/fallback,1.5619999999999998,0.6847376118432729,68.5,0.4878048780487805,40.37121042787094,40.4,0.6847376118432729,68.5,40.37121042787094,40.4,0.4082413455317581,40.8,175.56290823393675,175.6,0.2263685909085468,22.6,307.4634636353844,307.5,,,,,0.5,165.0,Caesars,exp/fallback,0.4412,0.3339012350158203,33.4,0.3773584905660377,-11.516172720807605,-11.5,0.3339012350158203,33.4,-11.516172720807605,-11.5,,,,,,,,,,,,,0.5,165.0,Caesars,exp/fallback,0.5294500000000001,0.3655581454323677,36.6,0.3773584905660377,-3.1270914604225486,-3.1,0.3655581454323677,36.6,-3.1270914604225486,-3.1,,,,,,,,,,,,,True,True,False,False,True,21.1,,Active roster,2026-10-05T11:43:17+00:00,False,"[{""market"":""Points"",""name"":""Hammer Fists"",""kind"":""FLOOR"",""rule"":""Conf_Points >= 80"",""icon"":""PTS05_HAMMER_FISTS.svg"",""kit_version"":""2026-09-24-frozen-v2""},{""market"":""Points"",""name"":""Echo Stomp II"",""kind"":""TIER"",""rule"":""Conf_Points >= 80 + TOI_per_game >= 19.18"",""icon"":""PTS05_HAMMER_STOMP.svg"",""kit_version"":""2026-09-24-frozen-v2""},{""market"":""Points"",""name"":""Gaia’s Blessing"",""kind"":""TIER"",""rule"":""Conf_Points >= 80 + Assists_mu >= 0.746"",""icon"":""PTS05_GAIAS_BLESSING.svg"",""kit_version"":""2026-09-24-frozen-v2""},{""market"":""Points"",""name"":""Gaia’s Blessing+ (Press)"",""kind"":""HEAVY"",""rule"":""Conf_Points >= 81 + Assists_mu >= 0.746"",""icon"":""PTS05_GAIAS_BLESSING.svg"",""kit_version"":""2026-09-24-frozen-v2""},{""market"":""Points"",""name"":""Gaia’s Blessing++ (Smash)"",""kind"":""HEAVY"",""rule"":""Conf_Points >= 83 + Assists_mu >= 0.746"",""icon"":""PTS05_GAIAS_BLESSING.svg"",""kit_version"":""2026-09-24-frozen-v2""},{""market"":""Assists"",""name"":""Staff (Green Stance)"",""kind"":""STANCE"",""rule"":""Green + Assists 0.5"",""icon"":""staff.svg"",""kit_version"":""2026-09-24-frozen-v2""},{""market"":""SOG"",""name"":""Sniper Stance"",""kind"":""STANCE"",""rule"":""Green + SOG 3.5 + Conf_SOG >= 75"",""icon"":""sog_class_shooter.svg"",""kit_version"":""2026-09-24-frozen-v2""},{""market"":""Goal"",""name"":""Base Attack"",""kind"":""BASE ATTACK"",""rule"":""Goal_mu >= 0.4048"",""icon"":""base.svg"",""kit_version"":""2026-09-24-frozen-v2""}]",2025-2026,,2026-09-24-frozen-v2,2026-10-05T11:43:20.192002+00:00,2026020041,8477956.0,PLAYER_ID,FINAL,0.0,L,OK,0.0,L,OK,2.0,L,OK,0.0,L,OK,0.0,L,OK,0.0,L,OK
2026-10-05,OTT@BOS,2026020041,6:30 PM,2026-10-05T23:30:00Z,Elias Lindholm,8477496,BOS,False,"{""season"":""2026-27"",""games"":[{""d"":""2026-10-03"",""g"":0,""a"":0,""s"":2,""pp"":0,""h"":""R"",""toi"":""16:56""},{""d"":""2026-10-02"",""g"":1,""a"":0,""s"":5,""pp"":0,""h"":""R"",""toi"":""15:53""},{""d"":""2026-09-29"",""g"":0,""a"":1,""s"":0,""pp"":0,""h"":""H"",""toi"":""15:59""}]}",2026-27,BOS,C,,Healthy,Unknown,,,1.0,0.0,,15.0,9.0,2026-10-05T11:42:57+00:00,OTT,Linus Ullmark,0.8906510851419032,2.7258855081845925,55.1,Unconfirmed,dailyfaceoff_name_and_stats,29.0,6.0,29.0,6.0,10.5,83.9,86.3,A1+A2,17.88,75.8,83.1,1.13,NONE,False,False,25.71182842161681,2.3918432128567453,53.6,53.6,10.0,2.0,True,2.0,,2.333333333333333,2.1166666666666667,75.0,2.0,1.0,7.0,1.0,1.0,1.0,2.0,2.0,1.0,1.0,7.0,7.0,LOW,0.2,-0.3,LOW,0.1,,LOW,0.05,,LOW,0.1,,LOW,0.05,,LOW,0.025,,LOW,0.7,,LOW,0.35,,LOW,0.175,,1.375570880110628,0.3930202514601794,,,1.0,2.123915176213116,1.8715568636329327,50.0,25.5,56.5,6.4,8.94,3.34,23.29,6.13,2.04,14.17,HOT,WARM,HOT,5.6,4.09,HOT,Yellow,Red,Yellow,Yellow,74.0,67.0,69.0,71.0,POINTS,74.0,1.0,2.0,1.0,1.0,0.0,3.0,A,Distributor,14.4,,42.7,,2.0,2.571256038647342,177.41666666666666,2.571256038647342,0.1437872300190455,14.4,14.4,4.605260685767966,1.802536402066698,3.2973226867073744,7.852567975830816,6.092759668132565,42.7,80.8,False,,,,🅿️ D:1,,False,False,1.0,,False,0.0,,False,0.0,,1.5,104.0,BetOnline.ag,2.5,285.0,FanDuel,3.5,800.0,Fanatics,4.5,1900.0,DraftKings,1.5,104.0,BetOnline.ag,0.5,115.0,Hard Rock Bet,1.5,575.0,Fanatics,2.5,2500.0,Fanatics,3.5,3600.0,BetOnline.ag,0.5,115.0,Hard Rock Bet,0.5,230.0,Hard Rock Bet,1.5,1300.0,Fanatics,2.5,3300.0,Bovada,,,,0.5,230.0,Hard Rock Bet,0.5,300.0,theScore Bet,,,,,,,,,,0.5,300.0,theScore Bet,0.5,290.0,FanDuel,,,,,,,,,,0.5,290.0,FanDuel,The Odds API,"[""Bally Bet"", ""BetOnline.ag"", ""BetRivers"", ""Bovada"", ""Courtside"", ""DraftKings"", ""FanDuel"", ""Fanatics"", ""Hard Rock Bet"", ""ReBet"", ""draftkings"", ""theScore Bet""]",The Odds API,"[""Bally Bet"", ""BetOnline.ag"", ""BetRivers"", ""Bovada"", ""Caesars"", ""Courtside"", ""DraftKings"", ""FanDuel"", ""Fanatics"", ""Hard Rock Bet"", ""ReBet"", ""draftkings"", ""theScore Bet""]",0.5,450.0,Hard Rock Bet,,,,,,,,,,0.5,450.0,Hard Rock Bet,The Odds API,"[""Bovada"", ""Hard Rock Bet"", ""theScore Bet""]",The Odds API,"[""Bally Bet"", ""BetMGM"", ""BetRivers"", ""Bovada"", ""Caesars"", ""Courtside"", ""DraftKings"", ""FanDuel"", ""Fanatics"", ""betmgm""]",The Odds API,"[""Bally Bet"", ""BetMGM"", ""BetRivers"", ""Bovada"", ""Caesars"", ""Courtside"", ""DraftKings"", ""FanDuel"", ""Fanatics"", ""Hard Rock Bet"", ""fanduel"", ""theScore Bet""]",The Odds API,"[""BetOnline.ag"", ""Courtside"", ""DraftKings"", ""FanDuel"", ""Fanatics"", ""Hard Rock Bet"", ""ReBet"", ""theScore Bet""]",2026-10-05T11:43:17.763238+00:00,ALTLINE_NB_v1_2026-01-18,1.5,104.0,BetOnline.ag,exp/fallback,2.329,0.6055971410281227,60.6,0.4901960784313725,23.54181676973702,23.5,0.6055971410281227,60.6,23.54181676973702,23.5,0.3895401276886253,39.0,49.97294916012075,50.0,0.2305270816884075,23.1,107.47437351956675,107.5,0.1281258457529693,12.8,156.25169150593874,156.3,0.5,115.0,Hard Rock Bet,exp/fallback,0.8939999999999999,0.5405954517907293,54.1,0.4651162790697674,16.228022135006803,16.2,0.5405954517907293,54.1,16.228022135006803,16.2,0.2277706623177398,22.8,53.74519706447436,53.7,0.0839865818794157,8.4,118.36511288648096,118.4,0.0285055740722294,2.9,5.470624067248863,5.5,0.5,230.0,Hard Rock Bet,exp/fallback,0.5599999999999999,0.3896484375,39.0,0.303030303030303,28.583984375,28.6,0.3896484375,39.0,28.583984375,28.6,0.12261962890625,12.3,71.66748046875,71.7,0.0350008010864257,3.5,19.002723693847656,19.0,,,,,0.5,300.0,theScore Bet,exp/fallback,0.3136,0.2557923441438392,25.6,0.25,2.3169376575356893,2.3,0.2557923441438392,25.6,2.3169376575356893,2.3,,,,,,,,,,,,,0.5,290.0,FanDuel,exp/fallback,0.3221,0.2535707971903013,25.4,0.2564102564102564,-1.107389095782496,-1.1,0.2535707971903013,25.4,-1.107389095782496,-1.1,,,,,,,,,,,,,True,True,False,False,True,10.5,,Active roster,2026-10-05T11:43:17+00:00,False,[],2025-2026,,2026-09-24-frozen-v2,2026-10-05T11:43:20.192002+00:00,2026020041,8477496.0,PLAYER_ID,FINAL,0.0,L,OK,0.0,L,OK,2.0,W,OK,0.0,L,OK,0.0,L,OK,0.0,L,OK
2026-10-05,OTT@BOS,2026020041,6:30 PM,2026-10-05T23:30:00Z,Fraser Minten,8483489,BOS,False,"{""season"":""2026-27"",""games"":[{""d"":""2026-10-03"",""g"":0,""a"":0,""s"":3,""pp"":0,""h"":""R"",""toi"":""14:28""},{""d"":""2026-10-02"",""g"":0,""a"":0,""s"":1,""pp"":0,""h"":""R"",""toi"":""16:50""},{""d"":""2026-09-29"",""g"":1,""a"":1,""s"":3,""pp"":0,""h"":""H"",""toi"":""14:48""}]}",2026-27,BOS,C,,Healthy,Unknown,,,1.0,0.0,,15.0,9.0,2026-10-05T11:42:57+00:00,OTT,Linus Ullmark,0.8906510851419032,2.7258855081845925,55.1,Unconfirmed,dailyfaceoff_name_and_stats,29.0,6.0,29.0,6.0,15.8,76.8,68.0,A1+A2,15.55,55.1,69.4,1.08,NONE,False,False,25.71182842161681,2.3918432128567453,53.6,53.6,10.0,2.0,True,3.0,,2.333333333333333,2.7666666666666666,86.1,2.0,1.0,7.0,1.0,1.0,1.0,2.0,2.0,1.0,1.0,7.0,7.0,LOW,0.2,-0.3,LOW,0.1,,LOW,0.05,,LOW,0.1,,LOW,0.05,,LOW,0.025,,LOW,0.7,,LOW,0.35,,LOW,0.175,,1.5630779126799068,0.4052424218059017,,,1.0,2.123915176213116,1.8715568636329327,50.0,25.5,61.8,6.4,4.34,1.98,30.44,2.34,0.98,20.67,WARM,COOL,HOT,2.37,1.37,COOL,Red,Yellow,Red,Red,57.0,63.0,67.0,57.0,GOAL,67.0,2.0,2.0,2.0,0.0,0.0,3.0,B,Hybrid,6.1,,42.7,,1.0,0.9471544715447155,77.66666666666667,0.9471544715447155,0.0609062749147181,6.1,6.1,2.9742489270386265,1.6609442060085835,1.5450643776824031,7.852567975830816,6.092759668132565,42.7,59.0,False,,,,🥅 D:2,,False,False,1.0,,False,0.0,,False,0.0,,,,,,,,,,,,,,,,,0.5,170.0,BetRivers,1.5,800.0,BetRivers,,,,,,,0.5,170.0,BetRivers,,,,,,,,,,,,,,,,0.5,440.0,FanDuel,,,,,,,,,,0.5,440.0,FanDuel,0.5,440.0,FanDuel,,,,,,,,,,0.5,440.0,FanDuel,,,The Odds API,"[""Bally Bet"", ""BetRivers""]",0.5,800.0,Hard Rock Bet,,,,,,,,,,0.5,800.0,Hard Rock Bet,The Odds API,"[""Bovada"", ""Hard Rock Bet"", ""theScore Bet""]",The Odds API,"[""Bally Bet"", ""BetMGM"", ""BetRivers"", ""Bovada"", ""Caesars"", ""Courtside"", ""DraftKings"", ""FanDuel"", ""Fanatics"", ""fanduel""]",The Odds API,"[""Bally Bet"", ""BetMGM"", ""BetRivers"", ""Bovada"", ""Caesars"", ""Courtside"", ""DraftKings"", ""FanDuel"", ""Fanatics"", ""Hard Rock Bet"", ""theScore Bet""]",,,2026-10-05T11:43:17.763238+00:00,ALTLINE_NB_v1_2026-01-18,,,,exp/fallback,3.044,,,,,,,,,,,,,,,,,,,,,,0.5,170.0,BetRivers,exp/fallback,0.434,0.3323802052373402,33.2,0.3703703703703703,-10.257344585918135,-10.3,0.3323802052373402,33.2,-10.257344585918135,-10.3,0.0808418851340373,8.1,-27.2423033793664,-27.2,,,,,,,,,,,,exp/fallback,0.237,,,,,,,,,,,,,,,,,,,,,,0.5,440.0,FanDuel,exp/fallback,0.2592,0.2185664229540391,21.9,0.1851851851851851,18.02586839518116,18.0,0.2185664229540391,21.9,18.02586839518116,18.0,,,,,,,,,,,,,0.5,440.0,FanDuel,exp/fallback,0.2337,0.1955244941002022,19.6,0.1851851851851851,5.58322681410921,5.6,0.1955244941002022,19.6,5.58322681410921,5.6,,,,,,,,,,,,,False,False,True,False,False,15.8,,Active roster,2026-10-05T11:43:17+00:00,False,[],2025-2026,,2026-09-24-frozen-v2,2026-10-05T11:43:20.192002+00:00,2026020041,8483489.0,PLAYER_ID,FINAL,0.0,L,OK,0.0,,NO_LINE,1.0,,NO_LINE,0.0,L,OK,0.0,L,OK,0.0,L,OK
2026-10-05,OTT@BOS,2026020041,6:30 PM,2026-10-05T23:30:00Z,Hampus Lindholm,8476854,BOS,False,"{""season"":""2026-27"",""games"":[{""d"":""2026-10-03"",""g"":0,""a"":0,""s"":0,""pp"":0,""h"":""R"",""toi"":""21:38""},{""d"":""2026-10-02"",""g"":1,""a"":0,""s"":2,""pp"":0,""h"":""R"",""toi"":""21:42""},{""d"":""2026-09-29"",""g"":0,""a"":1,""s"":0,""pp"":0,""h"":""H"",""toi"":""18:37""}]}",2026-27,BOS,D,,Healthy,Unknown,,,1.0,0.0,,15.0,9.0,2026-10-05T11:42:57+00:00,OTT,Linus Ullmark,0.8906510851419032,2.7258855081845925,55.1,Unconfirmed,dailyfaceoff_name_and_stats,29.0,6.0,29.0,6.0,0.0,45.7,72.9,A1+A2,21.62,93.6,64.8,1.06,NONE,False,False,25.71182842161681,2.3918432128567453,53.6,53.6,10.0,2.0,True,0.0,,0.6666666666666666,0.2333333333333333,15.3,2.0,1.0,2.0,1.0,1.0,1.0,2.0,2.0,1.0,1.0,2.0,2.0,LOW,0.2,-0.3,LOW,0.1,,LOW,0.05,,LOW,0.1,,LOW,0.05,,LOW,0.025,,LOW,0.2,,LOW,0.1,,LOW,0.05,,1.080902553632283,0.4864061491345273,,,1.0,2.123915176213116,1.8715568636329327,50.0,25.5,49.5,6.4,4.05,0.73,2.33,2.05,-0.27,0.33,WARM,COOL,COOL,3.32,2.32,WARM,Yellow,Red,Red,Yellow,61.0,35.0,39.0,59.0,POINTS,61.0,1.0,2.0,1.0,1.0,0.0,3.0,B,Distributor,6.5,,42.7,,1.0,1.404726368159204,94.11666666666666,1.404726368159204,0.0649640494679321,6.5,6.5,1.8137063927749248,0.4590047812998052,1.5937666017354348,7.852567975830816,6.092759668132565,42.7,59.5,False,,,,🅿️ D:1,,False,False,0.0,,False,0.0,,False,0.0,,1.5,150.0,theScore Bet,2.5,400.0,DraftKings,3.5,1200.0,Fanatics,4.5,1650.0,BetOnline.ag,1.5,150.0,theScore Bet,0.5,150.0,theScore Bet,1.5,800.0,Fanatics,2.5,4000.0,Fanatics,3.5,3500.0,BetOnline.ag,0.5,150.0,theScore Bet,0.5,195.0,Bovada,1.5,1100.0,Fanatics,2.5,3300.0,Bovada,,,,0.5,195.0,Bovada,0.5,800.0,Hard Rock Bet,,,,,,,,,,0.5,800.0,Hard Rock Bet,0.5,800.0,Fanatics,,,,,,,,,,0.5,800.0,Fanatics,The Odds API,"[""Bally Bet"", ""BetOnline.ag"", ""BetRivers"", ""Bovada"", ""Courtside"", ""DraftKings"", ""FanDuel"", ""Fanatics"", ""Hard Rock Bet"", ""ReBet"", ""draftkings"", ""theScore Bet""]",The Odds API,"[""Bally Bet"", ""BetOnline.ag"", ""BetRivers"", ""Bovada"", ""Caesars"", ""Courtside"", ""DraftKings"", ""FanDuel"", ""Fanatics"", ""Hard Rock Bet"", ""ReBet"", ""draftkings"", ""theScore Bet""]",0.5,325.0,Hard Rock Bet,,,,,,,,,,0.5,325.0,Hard Rock Bet,The Odds API,"[""Bovada"", ""Hard Rock Bet"", ""theScore Bet""]",The Odds API,"[""Bally Bet"", ""BetMGM"", ""BetRivers"", ""Bovada"", ""Caesars"", ""Courtside"", ""DraftKings"", ""FanDuel"", ""Fanatics"", ""fanatics""]",The Odds API,"[""Bally Bet"", ""BetMGM"", ""BetRivers"", ""Bovada"", ""Caesars"", ""Courtside"", ""DraftKings"", ""FanDuel"", ""Fanatics"", ""Hard Rock Bet"", ""theScore Bet""]",The Odds API,"[""BetOnline.ag"", ""Courtside"", ""DraftKings"", ""Fanatics"", ""Hard Rock Bet"", ""ReBet"", ""theScore Bet""]",2026-10-05T11:43:17.763238+00:00,ALTLINE_NB_v1_2026-01-18,1.5,150.0,theScore Bet,exp/fallback,0.233,0.0270983301538821,2.7,0.4,-93.22541746152946,-93.2,0.0270983301538821,2.7,-93.22541746152946,-93.2,0.0029402623131206,0.3,-98.5298688434397,-98.5,0.000280763231194,0.0,-99.63500779944768,-99.6,2.458303968555509e-05,0.0,-99.95697968055028,-100.0,0.5,150.0,theScore Bet,exp/fallback,0.4049999999999999,0.3152825899776457,31.5,0.4,-21.17935250558858,-21.2,0.3152825899776457,31.5,-21.17935250558858,-21.2,0.0724005658400908,7.2,-34.83949074391828,-34.8,0.0142460895111186,1.4,-41.5910330044137,-41.6,0.002556619559291,0.3,-90.79616958655204,-90.8,0.5,195.0,Bovada,exp/fallback,0.3319999999999999,0.2644657520543472,26.4,0.3389830508474576,-21.982603143967584,-22.0,0.2644657520543472,26.4,-21.982603143967584,-22.0,0.05503404509212,5.5,-33.959145889455925,-34.0,0.0103097783394661,1.0,-64.94675364581522,-64.9,,,,,0.5,800.0,Hard Rock Bet,exp/fallback,0.1568999999999999,0.1411605212850925,14.1,0.1111111111111111,27.04446915658324,27.0,0.1411605212850925,14.1,27.04446915658324,27.0,,,,,,,,,,,,,0.5,800.0,Fanatics,exp/fallback,0.1143375,0.1044239952273751,10.4,0.1111111111111111,-6.018404295362401,-6.0,0.1044239952273751,10.4,-6.018404295362401,-6.0,,,,,,,,,,,,,False,False,True,False,False,0.0,,Active roster,2026-10-05T11:43:17+00:00,False,[],2025-2026,,2026-09-24-frozen-v2,2026-10-05T11:43:20.192002+00:00,2026020041,8476854.0,PLAYER_ID,FINAL,0.0,L,OK,0.0,L,OK,2.0,W,OK,0.0,L,OK,0.0,L,OK,0.0,L,OK
2026-10-05,OTT@BOS,2026020041,6:30 PM,2026-10-05T23:30:00Z,JJ Peterka,8482175,UTA,True,"{""season"":""2026-27"",""games"":[{""d"":""2026-10-03"",""g"":0,""a"":0,""s"":2,""pp"":0,""h"":""R"",""toi"":""20:38""},{""d"":""2026-10-02"",""g"":1,""a"":0,""s"":5,""pp"":0,""h"":""R"",""toi"":""20:05""},{""d"":""2026-09-29"",""g"":1,""a"":0,""s"":1,""pp"":0,""h"":""H"",""toi"":""17:09""}]}",2026-27,BOS,R,,Healthy,Unknown,,,1.0,0.0,,15.0,9.0,2026-10-05T11:42:57+00:00,OTT,Linus Ullmark,0.8906510851419032,2.7258855081845925,55.1,Unconfirmed,dailyfaceoff_name_and_stats,29.0,6.0,29.0,6.0,10.5,80.3,74.9,A1+A2,15.98,58.5,74.1,1.1,NONE,False,False,25.71182842161681,2.3918432128567453,53.6,53.6,10.0,2.0,True,2.0,,2.6666666666666665,2.2333333333333334,77.8,2.0,2.0,8.0,2.0,0.0,0.0,2.0,2.0,0.0,0.0,8.0,8.0,LOW,0.2,-0.3,LOW,0.1,,LOW,0.05,,LOW,0.0,,LOW,0.0,,LOW,0.0,,LOW,0.8,,LOW,0.4,,LOW,0.2,,2.081757928917753,0.4270272674703083,,,0.0,2.123915176213116,1.8715568636329327,50.0,25.5,69.5,6.4,5.17,2.23,24.56,3.17,0.23,14.33,HOT,COOL,HOT,2.94,2.94,HOT,Yellow,Red,Yellow,Yellow,65.0,64.0,69.0,64.0,GOAL,69.0,1.0,3.0,1.0,1.0,0.0,3.0,,Passenger,11.5,,42.7,,,1.8451219512195125,151.3,1.8451219512195125,0.1154330328191956,11.5,11.5,1.970918704560476,1.2967614011896893,0.7931262392597488,7.852567975830816,6.092759668132565,42.7,64.2,False,,,,🥅 D:1,,False,False,0.0,,False,0.0,,False,0.0,,1.5,-225.0,DraftKings,2.5,140.0,Fanatics,3.5,360.0,Fanatics,4.5,900.0,Fanatics,2.5,140.0,Fanatics,0.5,-105.0,theScore Bet,1.5,450.0,FanDuel,2.5,1700.0,Fanatics,3.5,4500.0,BetOnline.ag,0.5,-105.0,theScore Bet,0.5,230.0,Hard Rock Bet,1.5,1200.0,DraftKings,2.5,3300.0,Bovada,,,,0.5,230.0,Hard Rock Bet,0.5,250.0,FanDuel,,,,,,,,,,0.5,250.0,FanDuel,0.5,250.0,FanDuel,,,,,,,,,,0.5,250.0,FanDuel,The Odds API,"[""Bally Bet"", ""BetOnline.ag"", ""BetRivers"", ""Bovada"", ""Courtside"", ""DraftKings"", ""FanDuel"", ""Fanatics"", ""Hard Rock Bet"", ""ReBet"", ""draftkings"", ""theScore Bet""]",The Odds API,"[""Bally Bet"", ""BetOnline.ag"", ""BetRivers"", ""Bovada"", ""Caesars"", ""Courtside"", ""DraftKings"", ""FanDuel"", ""Fanatics"", ""Hard Rock Bet"", ""ReBet"", ""draftkings"", ""theScore Bet""]",0.5,300.0,Hard Rock Bet,1.5,1300.0,Bovada,,,,,,,0.5,300.0,Hard Rock Bet,The Odds API,"[""Bovada"", ""Hard Rock Bet"", ""theScore Bet""]",The Odds API,"[""Bally Bet"", ""BetMGM"", ""BetRivers"", ""Bovada"", ""Caesars"", ""Courtside"", ""DraftKings"", ""FanDuel"", ""Fanatics"", ""fanduel""]",The Odds API,"[""Bally Bet"", ""BetMGM"", ""BetRivers"", ""Bovada"", ""Caesars"", ""Courtside"", ""DraftKings"", ""FanDuel"", ""Fanatics"", ""Hard Rock Bet"", ""fanduel"", ""theScore Bet""]",The Odds API,"[""BetOnline.ag"", ""Courtside"", ""DraftKings"", ""FanDuel"", ""Fanatics"", ""Hard Rock Bet"", ""ReBet"", ""fanduel"", ""theScore Bet""]",2026-10-05T11:43:17.763238+00:00,ALTLINE_NB_v1_2026-01-18,2.5,140.0,Fanatics,exp/fallback,2.456,0.4151360774113625,41.5,0.4166666666666667,-0.3673414212730042,-0.4,0.628399099887773,62.8,-9.231241127321685,-9.2,0.4151360774113625,41.5,-0.3673414212730042,-0.4,0.2528764791455433,25.3,16.323180406949945,16.3,0.144854212518144,14.5,44.85421251814401,44.9,0.5,-105.0,theScore Bet,exp/fallback,0.517,0.3782378857261773,37.8,0.5121951219512195,-26.15355564393681,-26.2,0.3782378857261773,37.8,-26.15355564393681,-26.2,0.1060409145761995,10.6,-41.67749698309024,-41.7,0.0256057242573347,2.6,-53.90969633679743,-53.9,0.0056515944547039,0.6,-74.0026655083617,-74.0,0.5,230.0,Hard Rock Bet,exp/fallback,0.294,0.2398957441002607,24.0,0.303030303030303,-20.834404446913968,-20.8,0.2398957441002607,24.0,-20.834404446913968,-20.8,0.0450651850466222,4.5,-41.41525943939105,-41.4,0.0076108360742358,0.8,-74.12315734759811,-74.1,,,,,0.5,250.0,FanDuel,exp/fallback,0.2692,0.2256020148693807,22.6,0.2857142857142857,-21.03929479571676,-21.0,0.2256020148693807,22.6,-21.03929479571676,-21.0,,,,,,,,,,,,,0.5,250.0,FanDuel,exp/fallback,0.24995,0.2067426161042829,20.7,0.2857142857142857,-27.640084363500986,-27.6,0.2067426161042829,20.7,-27.640084363500986,-27.6,,,,,,,,,,,,,False,False,False,False,False,10.5,,Active roster,2026-10-05T11:43:17+00:00,False,[],2025-2026,,2026-09-24-frozen-v2,2026-10-05T11:43:20.192002+00:00,2026020041,8482175.0,PLAYER_ID,FINAL,0.0,L,OK,0.0,L,OK,0.0,L,OK,0.0,L,OK,0.0,L,OK,0.0,L,OK
2026-10-05,OTT@BOS,2026020041,6:30 PM,2026-10-05T23:30:00Z,James Hagens,8485395,BOS,False,,2026-27,BOS,C,,Healthy,Unknown,,,1.0,0.0,,15.0,9.0,2026-10-05T11:42:57+00:00,OTT,Linus Ullmark,0.8906510851419032,2.7258855081845925,55.1,Unconfirmed,dailyfaceoff_name_and_stats,29.0,6.0,29.0,6.0,,9.4,17.6,A1+A2,14.55,46.8,19.7,0.94,NONE,False,False,25.71182842161681,2.3918432128567453,53.6,53.6,10.0,2.0,True,,,,,50.0,,,,,,,,,,,,,,,,,,,,,,,,,,,,,,,,,,,,,,,,0.0343642611683848,0.0,,,0.0,2.123915176213116,1.8715568636329327,50.0,25.5,35.8,6.4,5.5,0.8,,,,,COOL,COOL,COOL,4.7,,COOL,Red,Red,Red,Red,28.0,19.0,20.0,21.0,POINTS,28.0,,,,,,,C,Passenger,0.0,,42.7,,0.0,0.0,0.0,0.0,0.0,0.0,0.0,0.0,,,7.852567975830816,6.092759668132565,42.7,14.5,False,,,,,,False,False,0.0,,False,0.0,,False,0.0,,,,,,,,,,,,,,,,,0.5,148.0,BetRivers,1.5,700.0,BetRivers,,,,,,,0.5,148.0,BetRivers,0.5,230.0,BetRivers,,,,,,,,,,0.5,230.0,BetRivers,0.5,475.0,Fanatics,,,,,,,,,,0.5,475.0,Fanatics,0.5,475.0,Fanatics,,,,,,,,,,0.5,475.0,Fanatics,The Odds API,"[""Bally Bet"", ""BetRivers""]",The Odds API,"[""Bally Bet"", ""BetRivers""]",0.5,750.0,Hard Rock Bet,,,,,,,,,,0.5,750.0,Hard Rock Bet,The Odds API,"[""Bovada"", ""Hard Rock Bet"", ""theScore Bet""]",The Odds API,"[""Bally Bet"", ""BetMGM"", ""BetRivers"", ""Bovada"", ""Caesars"", ""Courtside"", ""DraftKings"", ""FanDuel"", ""Fanatics"", ""fanatics""]",The Odds API,"[""Bally Bet"", ""BetMGM"", ""BetRivers"", ""Bovada"", ""Caesars"", ""Courtside"", ""DraftKings"", ""FanDuel"", ""Fanatics"", ""Hard Rock Bet"", ""theScore Bet""]",,,2026-10-05T11:43:17.763238+00:00,ALTLINE_NB_v1_2026-01-18,,,,league_avg,2.3,,,,,,,,,,,,,,,,,,,,,,0.5,148.0,BetRivers,exp/fallback,0.55,0.3952895639702568,39.5,0.4032258064516129,-1.968188135376303,-2.0,0.3952895639702568,39.5,-1.968188135376303,-2.0,0.116387476073939,11.6,-6.890019140848747,-6.9,,,,,,,,,0.5,230.0,BetRivers,exp/fallback,0.47,0.344359028995722,34.4,0.303030303030303,13.638479568588258,13.6,0.344359028995722,34.4,13.638479568588258,13.6,,,,,,,,,,,,,0.5,475.0,Fanatics,exp/fallback,0.212,0.184120898980323,18.4,0.1739130434782608,5.869516913685735,5.9,0.184120898980323,18.4,5.869516913685735,5.9,,,,,,,,,,,,,0.5,475.0,Fanatics,exp/fallback,0.157,0.1388576957942334,13.9,0.1739130434782608,-20.156824918315763,-20.2,0.1388576957942334,13.9,-20.156824918315763,-20.2,,,,,,,,,,,,,False,False,False,False,True,,,Active roster,2026-10-05T11:43:17+00:00,False,[],2025-2026,,2026-09-24-frozen-v2,2026-10-05T11:43:20.192002+00:00,2026020041,8485395.0,PLAYER_ID,FINAL,1.0,W,OK,0.0,L,OK,2.0,,NO_LINE,1.0,W,OK,1.0,W,OK,0.0,L,OK
2026-10-05,OTT@BOS,2026020041,6:30 PM,2026-10-05T23:30:00Z,Jonathan Aspirot,8481219,BOS,False,,2026-27,BOS,D,,Healthy,Unknown,,,1.0,0.0,,15.0,9.0,2026-10-05T11:42:57+00:00,OTT,Linus Ullmark,0.8906510851419032,2.7258855081845925,55.1,Unconfirmed,dailyfaceoff_name_and_stats,29.0,6.0,29.0,6.0,,33.4,49.3,A1+A2,16.74,64.9,45.3,0.98,NONE,False,False,25.71182842161681,2.3918432128567453,53.6,53.6,10.0,2.0,True,,,,,50.0,,,,,,,,,,,,,,,,,,,,,,,,,,,,,,,,,,,,,,,,0.6997950095426593,0.1272354562804835,,,0.0,2.123915176213116,1.8715568636329327,50.0,25.5,42.0,6.4,2.04,0.43,,,,,COOL,COOL,COOL,1.61,,COOL,Red,Red,Red,Red,47.0,33.0,35.0,41.0,POINTS,47.0,,,,,,,C,Passenger,0.1,,42.7,,0.0,0.0193989071038251,1.1833333333333331,0.0193989071038251,0.0011588431154925,0.1,0.1,32.32394366197183,0.0,38.02816901408451,7.852567975830816,6.092759668132565,42.7,54.0,False,,,,,,False,False,0.0,,False,0.0,,False,0.0,,,,,,,,,,,,,,,,,0.5,255.0,BetRivers,,,,,,,,,,0.5,255.0,BetRivers,,,,,,,,,,,,,,,,0.5,2000.0,Fanatics,,,,,,,,,,0.5,2000.0,Fanatics,0.5,2000.0,Fanatics,,,,,,,,,,0.5,2000.0,Fanatics,,,The Odds API,"[""Bally Bet"", ""BetRivers""]",,,,,,,,,,,,,,,,,,The Odds API,"[""Bally Bet"", ""BetMGM"", ""BetRivers"", ""Bovada"", ""Caesars"", ""Courtside"", ""DraftKings"", ""FanDuel"", ""Fanatics"", ""fanatics""]",The Odds API,"[""Bally Bet"", ""BetMGM"", ""BetRivers"", ""Bovada"", ""Caesars"", ""Courtside"", ""DraftKings"", ""FanDuel"", ""Fanatics"", ""Hard Rock Bet"", ""theScore Bet""]",,,2026-10-05T11:43:17.763238+00:00,ALTLINE_NB_v1_2026-01-18,,,,league_avg,2.3,,,,,,,,,,,,,,,,,,,,,,0.5,255.0,BetRivers,exp/fallback,0.204,0.1788473856776486,17.9,0.2816901408450704,-36.50917808443472,-36.5,0.1788473856776486,17.9,-36.50917808443472,-36.5,,,,,,,,,,,,,,,,exp/fallback,0.161,,,,,,,,,,,,,,,,,,,,,,0.5,2000.0,Fanatics,exp/fallback,0.1972,0.1728826247012215,17.3,0.0476190476190476,263.05351187256514,263.1,0.1728826247012215,17.3,263.05351187256514,263.1,,,,,,,,,,,,,0.5,2000.0,Fanatics,exp/fallback,0.1329499999999999,0.1197209205617531,12.0,0.0476190476190476,151.4139331796815,151.4,0.1197209205617531,12.0,151.4139331796815,151.4,,,,,,,,,,,,,False,False,True,True,False,,,Active roster,2026-10-05T11:43:17+00:00,False,[],2025-2026,,2026-09-24-frozen-v2,2026-10-05T11:43:20.192002+00:00,2026020041,,,NO_PLAYER,,,NO_PLAYER,,,NO_PLAYER,,,NO_PLAYER,,,NO_PLAYER,,,NO_PLAYER,,,NO_PLAYER
2026-10-05,OTT@BOS,2026020041,6:30 PM,2026-10-05T23:30:00Z,Marat Khusnutdinov,8482177,BOS,False,"{""season"":""2026-27"",""games"":[{""d"":""2026-10-03"",""g"":0,""a"":0,""s"":1,""pp"":0,""h"":""R"",""toi"":""12:43""},{""d"":""2026-10-02"",""g"":0,""a"":0,""s"":0,""pp"":0,""h"":""R"",""toi"":""15:55""},{""d"":""2026-09-29"",""g"":0,""a"":1,""s"":0,""pp"":0,""h"":""H"",""toi"":""13:23""}]}",2026-27,BOS,C,,Healthy,Unknown,,,1.0,0.0,,15.0,9.0,2026-10-05T11:42:57+00:00,OTT,Linus Ullmark,0.8906510851419032,2.7258855081845925,55.1,Unconfirmed,dailyfaceoff_name_and_stats,29.0,6.0,29.0,6.0,0.0,71.9,68.0,A1+A2,14.5,46.0,65.4,1.06,NONE,False,False,25.71182842161681,2.3918432128567453,53.6,53.6,10.0,2.0,True,0.0,,0.3333333333333333,0.1166666666666666,6.9,1.0,0.0,1.0,0.0,1.0,1.0,1.0,1.0,1.0,1.0,1.0,1.0,LOW,0.1,-0.4,LOW,0.05,,LOW,0.025,,LOW,0.1,,LOW,0.05,,LOW,0.025,,LOW,0.1,,LOW,0.05,,LOW,0.025,,1.634563330597419,0.3772069224455582,,,1.0,2.123915176213116,1.8715568636329327,50.0,25.5,63.3,6.4,4.22,1.74,1.17,3.22,1.74,0.17,HOT,WARM,COOL,2.48,1.48,COOL,Red,Red,Red,Red,60.0,46.0,50.0,56.0,POINTS,60.0,2.0,2.0,3.0,3.0,0.0,3.0,C,Passenger,4.3,,42.7,,0.0,0.6188311688311688,47.65,0.6188311688311688,0.0426773745727038,4.3,4.3,2.782791185729276,1.7124868835257083,1.2591815320041972,7.852567975830816,6.092759668132565,42.7,56.2,False,,,,🅿️ D:2,,False,False,1.0,,False,0.0,,False,0.0,,,,,,,,,,,,,,,,,0.5,210.0,BetRivers,,,,,,,,,,0.5,210.0,BetRivers,,,,,,,,,,,,,,,,0.5,850.0,FanDuel,,,,,,,,,,0.5,850.0,FanDuel,0.5,850.0,FanDuel,,,,,,,,,,0.5,850.0,FanDuel,,,The Odds API,"[""Bally Bet"", ""BetRivers""]",,,,,,,,,,,,,,,,,,The Odds API,"[""Bally Bet"", ""BetMGM"", ""BetRivers"", ""Bovada"", ""Caesars"", ""Courtside"", ""DraftKings"", ""FanDuel"", ""Fanatics"", ""fanduel""]",The Odds API,"[""Bally Bet"", ""BetMGM"", ""BetRivers"", ""Bovada"", ""Caesars"", ""Courtside"", ""DraftKings"", ""FanDuel"", ""Fanatics"", ""Hard Rock Bet"", ""theScore Bet""]",,,2026-10-05T11:43:17.763238+00:00,ALTLINE_NB_v1_2026-01-18,,,,exp/fallback,0.1169999999999999,,,,,,,,,,,,,,,,,,,,,,0.5,210.0,BetRivers,exp/fallback,0.422,0.3253760319621251,32.5,0.3225806451612903,0.8665699082588074,0.9,0.3253760319621251,32.5,0.8665699082588074,0.9,,,,,,,,,,,,,,,,exp/fallback,0.248,,,,,,,,,,,,,,,,,,,,,,0.5,850.0,FanDuel,exp/fallback,0.1871999999999999,0.1651661605503925,16.5,0.1052631578947368,56.90785252287295,56.9,0.1651661605503925,16.5,56.90785252287295,56.9,,,,,,,,,,,,,0.5,850.0,FanDuel,exp/fallback,0.163575,0.1439702303549304,14.4,0.1052631578947368,36.77171883718386,36.8,0.1439702303549304,14.4,36.77171883718386,36.8,,,,,,,,,,,,,False,False,True,True,False,0.0,,Active roster,2026-10-05T11:43:17+00:00,False,[],2025-2026,,2026-09-24-frozen-v2,2026-10-05T11:43:20.192002+00:00,2026020041,8482177.0,PLAYER_ID,FINAL,0.0,L,OK,0.0,,NO_LINE,0.0,,NO_LINE,0.0,L,OK,0.0,L,OK,0.0,,NO_LINE
2026-10-05,OTT@BOS,2026020041,6:30 PM,2026-10-05T23:30:00Z,Mark Kastelic,8480355,BOS,False,"{""season"":""2026-27"",""games"":[{""d"":""2026-10-03"",""g"":0,""a"":1,""s"":1,""pp"":0,""h"":""R"",""toi"":""10:59""},{""d"":""2026-10-02"",""g"":0,""a"":1,""s"":1,""pp"":0,""h"":""R"",""toi"":""9:17""},{""d"":""2026-09-29"",""g"":1,""a"":0,""s"":1,""pp"":0,""h"":""H"",""toi"":""13:07""}]}",2026-27,BOS,C,,Healthy,Unknown,,,1.0,0.0,,15.0,9.0,2026-10-05T11:42:57+00:00,OTT,Linus Ullmark,0.8906510851419032,2.7258855081845925,55.1,Unconfirmed,dailyfaceoff_name_and_stats,29.0,6.0,29.0,6.0,5.3,75.2,49.3,A1+A2,12.62,29.8,57.1,1.03,NONE,False,False,25.71182842161681,2.3918432128567453,53.6,53.6,10.0,2.0,True,1.0,,1.0,1.0,50.0,3.0,1.0,3.0,1.0,2.0,2.0,3.0,3.0,2.0,2.0,3.0,3.0,LOW,0.3,,LOW,0.15,,LOW,0.075,,LOW,0.2,,LOW,0.1,,LOW,0.05,,LOW,0.3,,LOW,0.15,,LOW,0.075,,1.2021922328952797,0.4243031410218634,,,2.0,2.123915176213116,1.8715568636329327,50.0,25.5,52.2,6.4,3.03,1.78,10.0,0.03,0.78,7.0,COOL,COOL,HOT,1.25,-0.75,COOL,Red,Red,Red,Red,36.0,55.0,62.0,43.0,GOAL,62.0,0.0,0.0,2.0,3.0,0.0,3.0,C,Passenger,0.6,,42.7,,0.0,0.074390243902439,6.1,0.074390243902439,0.00589514375453,0.6,0.6,8.360655737704919,0.0,9.836065573770492,7.852567975830816,6.092759668132565,42.7,63.4,False,,,,🥅 D:2,,False,False,1.0,,False,0.0,,False,0.0,,,,,,,,,,,,,,,,,,,,,,,,,,,,,,,,,,,,,,,,,,,,,,,0.5,900.0,FanDuel,,,,,,,,,,0.5,900.0,FanDuel,0.5,900.0,FanDuel,,,,,,,,,,0.5,900.0,FanDuel,,,,,,,,,,,,,,,,,,,,,,The Odds API,"[""Bally Bet"", ""BetMGM"", ""BetRivers"", ""Bovada"", ""Caesars"", ""Courtside"", ""DraftKings"", ""FanDuel"", ""Fanatics"", ""fanduel""]",The Odds API,"[""Bally Bet"", ""BetMGM"", ""BetRivers"", ""Bovada"", ""Caesars"", ""Courtside"", ""DraftKings"", ""FanDuel"", ""Fanatics"", ""Hard Rock Bet"", ""theScore Bet""]",,,2026-10-05T11:43:17.763238+00:00,ALTLINE_NB_v1_2026-01-18,,,,exp/fallback,1.0,,,,,,,,,,,,,,,,,,,,,,,,,exp/fallback,0.303,,,,,,,,,,,,,,,,,,,,,,,,,exp/fallback,0.125,,,,,,,,,,,,,,,,,,,,,,0.5,900.0,FanDuel,exp/fallback,0.1883999999999999,0.1660974442673685,16.6,0.1,66.09744426736849,66.1,0.1660974442673685,16.6,66.09744426736849,66.1,,,,,,,,,,,,,0.5,900.0,FanDuel,exp/fallback,0.165525,0.1454768725030207,14.5,0.1,45.47687250302078,45.5,0.1454768725030207,14.5,45.47687250302078,45.5,,,,,,,,,,,,,False,False,True,True,False,5.3,,Active roster,2026-10-05T11:43:17+00:00,False,[],2025-2026,,2026-09-24-frozen-v2,2026-10-05T11:43:20.192002+00:00,2026020041,8480355.0,PLAYER_ID,FINAL,0.0,,NO_LINE,0.0,,NO_LINE,0.0,,NO_LINE,0.0,L,OK,0.0,L,OK,0.0,,NO_LINE
2026-10-05,OTT@BOS,2026020041,6:30 PM,2026-10-05T23:30:00Z,Mason Lohrei,8482511,BOS,False,,2026-27,BOS,D,,Healthy,Unknown,,,1.0,0.0,,15.0,9.0,2026-10-05T11:42:57+00:00,OTT,Linus Ullmark,0.8906510851419032,2.7258855081845925,55.1,Unconfirmed,dailyfaceoff_name_and_stats,29.0,6.0,29.0,6.0,,49.8,69.6,A1+A2,16.91,67.2,60.2,1.04,NONE,False,False,25.71182842161681,2.3918432128567453,53.6,53.6,10.0,2.0,True,,,,,50.0,,,,,,,,,,,,,,,,,,,,,,,,,,,,,,,,,,,,,,,,1.093859196013491,0.4375436784053964,,,0.0,2.123915176213116,1.8715568636329327,50.0,25.5,49.9,6.4,3.47,0.76,,,,,COOL,COOL,COOL,2.71,,COOL,Red,Red,Red,Red,59.0,42.0,44.0,53.0,POINTS,59.0,,,,,,,B,Distributor,7.7,,42.7,,1.0,1.3070776255707763,95.41666666666669,1.3070776255707763,0.0773178472550476,7.7,7.7,2.25589519650655,0.7860262008733624,1.7292576419213972,7.852567975830816,6.092759668132565,42.7,63.2,False,,,,,,False,False,0.0,,False,0.0,,False,0.0,,,,,,,,,,,,,,,,,0.5,200.0,BetRivers,,,,,,,,,,0.5,200.0,BetRivers,0.5,270.0,BetRivers,,,,,,,,,,0.5,270.0,BetRivers,0.5,850.0,Hard Rock Bet,,,,,,,,,,0.5,850.0,Hard Rock Bet,0.5,850.0,DraftKings,,,,,,,,,,0.5,850.0,DraftKings,The Odds API,"[""Bally Bet"", ""BetRivers""]",The Odds API,"[""Bally Bet"", ""BetRivers""]",0.5,425.0,Hard Rock Bet,,,,,,,,,,0.5,425.0,Hard Rock Bet,The Odds API,"[""Bovada"", ""Hard Rock Bet"", ""theScore Bet""]",The Odds API,"[""Bally Bet"", ""BetMGM"", ""BetRivers"", ""Bovada"", ""Caesars"", ""Courtside"", ""DraftKings"", ""FanDuel"", ""Fanatics"", ""betmgm""]",The Odds API,"[""Bally Bet"", ""BetMGM"", ""BetRivers"", ""Bovada"", ""Caesars"", ""Courtside"", ""DraftKings"", ""FanDuel"", ""Fanatics"", ""Hard Rock Bet"", ""theScore Bet""]",,,2026-10-05T11:43:17.763238+00:00,ALTLINE_NB_v1_2026-01-18,,,,league_avg,2.3,,,,,,,,,,,,,,,,,,,,,,0.5,200.0,BetRivers,exp/fallback,0.347,0.2792715418132707,27.9,0.3333333333333333,-16.21853745601878,-16.2,0.2792715418132707,27.9,-16.21853745601878,-16.2,,,,,,,,,,,,,0.5,270.0,BetRivers,exp/fallback,0.271,0.2244215687586148,22.4,0.2702702702702703,-16.964019559312504,-17.0,0.2244215687586148,22.4,-16.964019559312504,-17.0,,,,,,,,,,,,,0.5,850.0,Hard Rock Bet,exp/fallback,0.2104,0.1829162939653906,18.3,0.1052631578947368,73.77047926712113,73.8,0.1829162939653906,18.3,73.77047926712113,73.8,,,,,,,,,,,,,0.5,850.0,DraftKings,exp/fallback,0.1543999999999999,0.1368220932744118,13.7,0.1052631578947368,29.980988610691263,30.0,0.1368220932744118,13.7,29.980988610691263,30.0,,,,,,,,,,,,,False,False,True,True,False,,,Active roster,2026-10-05T11:43:17+00:00,False,[],2025-2026,,2026-09-24-frozen-v2,2026-10-05T11:43:20.192002+00:00,2026020041,8482511.0,PLAYER_ID,FINAL,0.0,L,OK,0.0,L,OK,2.0,,NO_LINE,0.0,L,OK,0.0,L,OK,0.0,L,OK
2026-10-05,OTT@BOS,2026020041,6:30 PM,2026-10-05T23:30:00Z,Michael Eyssimont,8479591,BOS,False,,2026-27,BOS,C,,Healthy,Unknown,,,1.0,0.0,,15.0,9.0,2026-10-05T11:42:57+00:00,OTT,Linus Ullmark,0.8906510851419032,2.7258855081845925,55.1,Unconfirmed,dailyfaceoff_name_and_stats,29.0,6.0,29.0,6.0,,63.1,49.3,A1+A2,10.91,16.6,49.0,1.0,NONE,False,False,25.71182842161681,2.3918432128567453,53.6,53.6,10.0,2.0,True,,,,,50.0,,,,,,,,,,,,,,,,,,,,,,,,,,,,,,,,,,,,,,,,1.3802052612952695,0.3185089064527545,,,0.0,2.123915176213116,1.8715568636329327,50.0,25.5,56.9,6.4,3.36,1.58,,,,,COOL,COOL,COOL,1.78,,COOL,Red,Red,Red,Red,44.0,45.0,49.0,41.0,GOAL,49.0,,,,,,,C,Passenger,5.7,,42.7,,0.0,0.6264880952380952,35.083333333333336,0.6264880952380952,0.0574257965953732,5.7,5.7,5.823277909738717,2.189073634204276,4.275534441805226,7.852567975830816,6.092759668132565,42.7,68.6,False,,,,,,False,False,0.0,,False,0.0,,False,0.0,,,,,,,,,,,,,,,,,,,,,,,,,,,,,,,,,,,,,,,,,,,,,,,,,,,,,,,,,,,,,,,,,,,,,,,,,,,,,,,,,,,,,,,,,,,,,,,,,,,,,,,,2026-10-05T11:43:17.763238+00:00,ALTLINE_NB_v1_2026-01-18,,,,league_avg,2.3,,,,,,,,,,,,,,,,,,,,,,,,,exp/fallback,0.3359999999999999,,,,,,,,,,,,,,,,,,,,,,,,,exp/fallback,0.178,,,,,,,,,,,,,,,,,,,,,,,,,exp/fallback,0.2432,,,,,,,,,,,,,,,,,,,,,,,,,exp/fallback,0.2077,,,,,,,,,,,,,,,,,,,,,,False,False,False,False,False,,,Active roster,2026-10-05T11:43:17+00:00,False,[],2025-2026,,2026-09-24-frozen-v2,2026-10-05T11:43:20.192002+00:00,2026020041,,,NO_PLAYER,,,NO_PLAYER,,,NO_PLAYER,,,NO_PLAYER,,,NO_PLAYER,,,NO_PLAYER,,,NO_PLAYER
2026-10-05,OTT@BOS,2026020041,6:30 PM,2026-10-05T23:30:00Z,Morgan Geekie,8479987,BOS,False,"{""season"":""2026-27"",""games"":[{""d"":""2026-10-03"",""g"":0,""a"":0,""s"":1,""pp"":0,""h"":""R"",""toi"":""18:45""},{""d"":""2026-10-02"",""g"":0,""a"":1,""s"":0,""pp"":0,""h"":""R"",""toi"":""18:53""},{""d"":""2026-09-29"",""g"":0,""a"":0,""s"":1,""pp"":0,""h"":""H"",""toi"":""16:18""}]}",2026-27,BOS,C,,Healthy,Unknown,,,1.0,0.0,,15.0,9.0,2026-10-05T11:42:57+00:00,OTT,Linus Ullmark,0.8906510851419032,2.7258855081845925,55.1,Unconfirmed,dailyfaceoff_name_and_stats,29.0,6.0,29.0,6.0,5.3,90.3,84.1,A1+A2,17.41,73.2,84.7,1.14,NONE,False,False,25.71182842161681,2.3918432128567453,53.6,53.6,10.0,2.0,True,1.0,,0.6666666666666666,0.8833333333333333,38.9,1.0,0.0,2.0,0.0,1.0,1.0,1.0,1.0,1.0,1.0,2.0,2.0,LOW,0.1,-0.4,LOW,0.05,,LOW,0.025,,LOW,0.1,,LOW,0.05,,LOW,0.025,,LOW,0.2,,LOW,0.1,,LOW,0.05,,2.047750916847541,0.4849936382007335,,,1.0,2.123915176213116,1.8715568636329327,50.0,25.5,69.3,6.4,7.96,3.48,9.71,6.24,3.16,6.83,HOT,HOT,HOT,4.49,3.08,HOT,Yellow,Red,Red,Yellow,74.0,65.0,66.0,71.0,POINTS,74.0,1.0,1.0,3.0,3.0,0.0,3.0,A,Hybrid,16.2,,42.7,,2.0,2.812139917695473,227.78333333333333,2.812139917695473,0.1615637412521278,16.2,16.2,3.432867491036804,1.585717421526304,2.173117728835882,7.852567975830816,6.092759668132565,42.7,77.9,False,,,,🅿️ D:1,,False,False,1.0,,False,0.0,,False,0.0,,1.5,-143.0,BetOnline.ag,2.5,188.0,FanDuel,3.5,500.0,Fanatics,4.5,1300.0,Fanatics,1.5,-143.0,BetOnline.ag,0.5,105.0,theScore Bet,1.5,475.0,DraftKings,2.5,1900.0,Fanatics,3.5,2400.0,BetOnline.ag,0.5,105.0,theScore Bet,0.5,230.0,Bovada,1.5,1500.0,Fanatics,2.5,3300.0,Bovada,,,,0.5,230.0,Bovada,0.5,240.0,theScore Bet,,,,,,,,,,0.5,240.0,theScore Bet,0.5,235.0,BetRivers,,,,,,,,,,0.5,235.0,BetRivers,The Odds API,"[""Bally Bet"", ""BetOnline.ag"", ""BetRivers"", ""Bovada"", ""Courtside"", ""DraftKings"", ""FanDuel"", ""Fanatics"", ""Hard Rock Bet"", ""ReBet"", ""draftkings"", ""theScore Bet""]",The Odds API,"[""Bally Bet"", ""BetOnline.ag"", ""BetRivers"", ""Bovada"", ""Caesars"", ""Courtside"", ""DraftKings"", ""FanDuel"", ""Fanatics"", ""Hard Rock Bet"", ""ReBet"", ""draftkings"", ""theScore Bet""]",0.5,275.0,Hard Rock Bet,,,,,,,,,,0.5,275.0,Hard Rock Bet,The Odds API,"[""Bovada"", ""Hard Rock Bet"", ""theScore Bet""]",The Odds API,"[""Bally Bet"", ""BetMGM"", ""BetRivers"", ""Bovada"", ""Caesars"", ""Courtside"", ""DraftKings"", ""FanDuel"", ""Fanatics"", ""betrivers""]",The Odds API,"[""Bally Bet"", ""BetMGM"", ""BetRivers"", ""Bovada"", ""Caesars"", ""Courtside"", ""DraftKings"", ""FanDuel"", ""Fanatics"", ""Hard Rock Bet"", ""fanduel"", ""theScore Bet""]",The Odds API,"[""BetOnline.ag"", ""Courtside"", ""DraftKings"", ""FanDuel"", ""Fanatics"", ""Hard Rock Bet"", ""ReBet"", ""theScore Bet""]",2026-10-05T11:43:17.763238+00:00,ALTLINE_NB_v1_2026-01-18,1.5,-143.0,BetOnline.ag,exp/fallback,0.971,0.2531907041743491,25.3,0.588477366255144,-56.975285934009214,-57.0,0.2531907041743491,25.3,-56.975285934009214,-57.0,0.0932290648286391,9.3,-73.15002932935192,-73.2,0.0307375131067786,3.1,-81.55749213593282,-81.6,0.0093758616758047,0.9,-86.87379365387338,-86.9,0.5,105.0,theScore Bet,exp/fallback,0.796,0.5044999370378818,50.4,0.4878048780487805,3.422487092765769,3.4,0.5044999370378818,50.4,3.422487092765769,3.4,0.1960234392138194,19.6,12.713477547946203,12.7,0.0663938269184427,6.6,32.78765383688551,32.8,0.0206628734385678,2.1,-48.34281640358032,-48.3,0.5,230.0,Bovada,exp/fallback,0.449,0.3330666711573512,33.3,0.303030303030303,9.912001481925902,9.9,0.3330666711573512,33.3,9.912001481925902,9.9,0.0885153729537175,8.9,41.62459672594814,41.6,0.0212612695073528,2.1,-27.71168367500029,-27.7,,,,,0.5,240.0,theScore Bet,exp/fallback,0.2394,0.2043695550744255,20.4,0.2941176470588235,-30.51435127469531,-30.5,0.2043695550744255,20.4,-30.51435127469531,-30.5,,,,,,,,,,,,,0.5,235.0,BetRivers,exp/fallback,0.2484,0.2056837453223569,20.6,0.2985074626865671,-31.09594531701044,-31.1,0.2056837453223569,20.6,-31.09594531701044,-31.1,,,,,,,,,,,,,False,False,False,False,False,5.3,,Active roster,2026-10-05T11:43:17+00:00,False,[],2025-2026,,2026-09-24-frozen-v2,2026-10-05T11:43:20.192002+00:00,2026020041,8479987.0,PLAYER_ID,FINAL,0.0,L,OK,0.0,L,OK,3.0,W,OK,0.0,L,OK,0.0,L,OK,0.0,L,OK
2026-10-05,OTT@BOS,2026020041,6:30 PM,2026-10-05T23:30:00Z,Nikita Zadorov,8477507,BOS,False,"{""season"":""2026-27"",""games"":[{""d"":""2026-10-03"",""g"":0,""a"":0,""s"":2,""pp"":0,""h"":""R"",""toi"":""15:45""},{""d"":""2026-10-02"",""g"":0,""a"":2,""s"":0,""pp"":0,""h"":""R"",""toi"":""20:54""},{""d"":""2026-09-29"",""g"":0,""a"":0,""s"":1,""pp"":0,""h"":""H"",""toi"":""21:54""}]}",2026-27,BOS,D,,Healthy,Unknown,,,1.0,0.0,,15.0,9.0,2026-10-05T11:42:57+00:00,OTT,Linus Ullmark,0.8906510851419032,2.7258855081845925,55.1,Unconfirmed,dailyfaceoff_name_and_stats,29.0,6.0,29.0,6.0,5.3,52.7,71.0,A1+A2,20.88,89.4,66.4,1.07,NONE,False,False,25.71182842161681,2.3918432128567453,53.6,53.6,10.0,2.0,True,1.0,,1.0,1.0,50.0,2.0,0.0,3.0,0.0,2.0,2.0,2.0,2.0,2.0,2.0,3.0,3.0,LOW,0.2,-0.3,LOW,0.1,,LOW,0.05,,LOW,0.2,,LOW,0.1,,LOW,0.05,,LOW,0.3,,LOW,0.15,,LOW,0.075,,0.8112146872553903,0.3842595886999217,,,2.0,2.123915176213116,1.8715568636329327,50.0,25.5,44.2,6.4,3.44,0.81,10.0,1.44,0.81,7.0,COOL,COOL,HOT,2.63,0.63,COOL,Yellow,Red,Red,Yellow,57.0,46.0,47.0,56.0,POINTS,57.0,1.0,1.0,3.0,0.0,0.0,3.0,C,Passenger,0.3,,42.7,,0.0,0.0713991769547325,5.783333333333333,0.0713991769547325,0.0034192919011065,0.3,0.3,5.498559077809799,5.498559077809799,0.0,7.852567975830816,6.092759668132565,42.7,32.9,False,,,,🅿️ D:1,,False,False,1.0,,False,0.0,,False,0.0,,,,,,,,,,,,,,,,,0.5,260.0,BetRivers,,,,,,,,,,0.5,260.0,BetRivers,,,,,,,,,,,,,,,,0.5,1600.0,Fanatics,,,,,,,,,,0.5,1600.0,Fanatics,0.5,1600.0,Fanatics,,,,,,,,,,0.5,1600.0,Fanatics,,,The Odds API,"[""Bally Bet"", ""BetRivers""]",,,,,,,,,,,,,,,,,,The Odds API,"[""Bally Bet"", ""BetMGM"", ""BetRivers"", ""Bovada"", ""Caesars"", ""Courtside"", ""DraftKings"", ""FanDuel"", ""Fanatics"", ""fanatics""]",The Odds API,"[""Bally Bet"", ""BetMGM"", ""BetRivers"", ""Bovada"", ""Caesars"", ""Courtside"", ""DraftKings"", ""FanDuel"", ""Fanatics"", ""Hard Rock Bet"", ""theScore Bet""]",,,2026-10-05T11:43:17.763238+00:00,ALTLINE_NB_v1_2026-01-18,,,,exp/fallback,1.0,,,,,,,,,,,,,,,,,,,,,,0.5,260.0,BetRivers,exp/fallback,0.344,0.2773400285448362,27.7,0.2777777777777778,-0.157589723858964,-0.2,0.2773400285448362,27.7,-0.157589723858964,-0.2,,,,,,,,,,,,,,,,exp/fallback,0.263,,,,,,,,,,,,,,,,,,,,,,0.5,1600.0,Fanatics,exp/fallback,0.1593,0.1430969517223047,14.3,0.0588235294117647,143.26481792791807,143.3,0.1430969517223047,14.3,143.26481792791807,143.3,,,,,,,,,,,,,0.5,1600.0,Fanatics,exp/fallback,0.1182375,0.1076654102487368,10.8,0.0588235294117647,83.0311974228527,83.0,0.1076654102487368,10.8,83.0311974228527,83.0,,,,,,,,,,,,,False,False,True,True,False,5.3,,Active roster,2026-10-05T11:43:17+00:00,False,[],2025-2026,,2026-09-24-frozen-v2,2026-10-05T11:43:20.192002+00:00,2026020041,8477507.0,PLAYER_ID,FINAL,0.0,L,OK,0.0,,NO_LINE,1.0,,NO_LINE,0.0,L,OK,0.0,L,OK,0.0,,NO_LINE
2026-10-05,OTT@BOS,2026020041,6:30 PM,2026-10-05T23:30:00Z,Pavel Zacha,8478401,BOS,False,"{""season"":""2026-27"",""games"":[{""d"":""2026-10-03"",""g"":0,""a"":0,""s"":1,""pp"":0,""h"":""R"",""toi"":""19:27""},{""d"":""2026-10-02"",""g"":0,""a"":0,""s"":3,""pp"":0,""h"":""R"",""toi"":""19:33""},{""d"":""2026-09-29"",""g"":0,""a"":0,""s"":3,""pp"":0,""h"":""H"",""toi"":""15:24""}]}",2026-27,BOS,C,,Healthy,Unknown,,,1.0,0.0,,15.0,9.0,2026-10-05T11:42:57+00:00,OTT,Linus Ullmark,0.8906510851419032,2.7258855081845925,55.1,Unconfirmed,dailyfaceoff_name_and_stats,29.0,6.0,29.0,6.0,15.8,91.3,89.9,A1+A2,16.85,66.8,85.9,1.14,NONE,False,False,25.71182842161681,2.3918432128567453,53.6,53.6,10.0,2.0,True,3.0,,2.333333333333333,2.7666666666666666,86.1,0.0,0.0,7.0,0.0,0.0,0.0,0.0,0.0,0.0,0.0,7.0,7.0,LOW,0.0,-0.5,LOW,0.0,,LOW,0.0,,LOW,0.0,,LOW,0.0,,LOW,0.0,,LOW,0.7,,LOW,0.35,,LOW,0.175,,2.314549340561956,0.6255538758275556,,,0.0,2.123915176213116,1.8715568636329327,50.0,25.5,71.8,6.4,9.38,3.73,30.44,8.53,3.39,20.67,HOT,HOT,HOT,5.64,5.13,HOT,Yellow,Yellow,Yellow,Yellow,79.0,72.0,74.0,75.0,POINTS,79.0,3.0,3.0,3.0,1.0,0.0,3.0,A,Hybrid,16.4,,42.7,,2.0,2.7645299145299145,215.63333333333333,2.7645299145299145,0.1641045154743785,16.4,16.4,4.4200030916679545,2.6461586025660844,2.086875869531612,7.852567975830816,6.092759668132565,42.7,78.1,False,,,,🅿️ D:3,,False,False,1.0,,False,0.0,,False,0.0,,1.5,-118.0,BetOnline.ag,2.5,260.0,FanDuel,3.5,650.0,Fanatics,4.5,1700.0,Fanatics,1.5,-118.0,BetOnline.ag,0.5,110.0,Fanatics,1.5,560.0,FanDuel,2.5,2200.0,Fanatics,3.5,4000.0,BetOnline.ag,0.5,110.0,Fanatics,0.5,215.0,Fanatics,1.5,1400.0,DraftKings,2.5,3300.0,Bovada,,,,0.5,215.0,Fanatics,0.5,280.0,BetRivers,,,,,,,,,,0.5,280.0,BetRivers,0.5,280.0,BetRivers,,,,,,,,,,0.5,280.0,BetRivers,The Odds API,"[""Bally Bet"", ""BetOnline.ag"", ""BetRivers"", ""Bovada"", ""Courtside"", ""DraftKings"", ""FanDuel"", ""Fanatics"", ""Hard Rock Bet"", ""ReBet"", ""draftkings"", ""theScore Bet""]",The Odds API,"[""Bally Bet"", ""BetOnline.ag"", ""BetRivers"", ""Bovada"", ""Caesars"", ""Courtside"", ""DraftKings"", ""FanDuel"", ""Fanatics"", ""Hard Rock Bet"", ""ReBet"", ""draftkings"", ""theScore Bet""]",0.5,275.0,Hard Rock Bet,1.5,1300.0,Bovada,,,,,,,0.5,275.0,Hard Rock Bet,The Odds API,"[""Bovada"", ""Hard Rock Bet"", ""theScore Bet""]",The Odds API,"[""Bally Bet"", ""BetMGM"", ""BetRivers"", ""Bovada"", ""Caesars"", ""Courtside"", ""DraftKings"", ""FanDuel"", ""Fanatics"", ""betrivers""]",The Odds API,"[""Bally Bet"", ""BetMGM"", ""BetRivers"", ""Bovada"", ""Caesars"", ""Courtside"", ""DraftKings"", ""FanDuel"", ""Fanatics"", ""Hard Rock Bet"", ""fanduel"", ""theScore Bet""]",The Odds API,"[""BetOnline.ag"", ""Courtside"", ""DraftKings"", ""FanDuel"", ""Fanatics"", ""Hard Rock Bet"", ""ReBet"", ""theScore Bet""]",2026-10-05T11:43:17.763238+00:00,ALTLINE_NB_v1_2026-01-18,1.5,-118.0,BetOnline.ag,exp/fallback,3.044,0.7162756484110828,71.6,0.5412844036697247,32.328890977640725,32.3,0.7162756484110828,71.6,32.328890977640725,32.3,0.5220917669648026,52.2,87.95303610732897,88.0,0.3542621999226455,35.4,165.6966499419841,165.7,0.2273416854942567,22.7,309.2150338896621,309.2,0.5,110.0,Fanatics,exp/fallback,0.938,0.5556499626455789,55.6,0.4761904761904761,16.686492155571564,16.7,0.5556499626455789,55.6,16.686492155571564,16.7,0.2418651737888091,24.2,59.631014700614,59.6,0.09229592055937,9.2,112.2806172865512,112.3,0.0324441975049236,3.2,33.021209770187035,33.0,0.5,215.0,Fanatics,exp/fallback,0.564,0.3915513250795243,39.2,0.3174603174603174,23.33866740005015,23.3,0.3915513250795243,39.2,23.33866740005015,23.3,0.1238718768305786,12.4,85.80781524586799,85.8,0.0355501868077205,3.6,20.870635146250027,20.9,,,,,0.5,280.0,BetRivers,exp/fallback,0.3292,0.2660087238289937,26.6,0.2631578947368421,1.0833150550176307,1.1,0.2660087238289937,26.6,1.0833150550176307,1.1,,,,,,,,,,,,,0.5,280.0,BetRivers,exp/fallback,0.34745,0.2689507179204665,26.9,0.2631578947368421,2.201272809777277,2.2,0.2689507179204665,26.9,2.201272809777277,2.2,,,,,,,,,,,,,True,True,False,False,True,15.8,,Active roster,2026-10-05T11:43:17+00:00,False,[],2025-2026,,2026-09-24-frozen-v2,2026-10-05T11:43:20.192002+00:00,2026020041,8478401.0,PLAYER_ID,FINAL,0.0,L,OK,0.0,L,OK,1.0,L,OK,0.0,L,OK,0.0,L,OK,0.0,L,OK
2026-10-05,OTT@BOS,2026020041,6:30 PM,2026-10-05T23:30:00Z,Sean Kuraly,8476374,BOS,False,,2026-27,BOS,C,,Healthy,Unknown,,,1.0,0.0,,15.0,9.0,2026-10-05T11:42:57+00:00,OTT,Linus Ullmark,0.8906510851419032,2.7258855081845925,55.1,Unconfirmed,dailyfaceoff_name_and_stats,29.0,6.0,29.0,6.0,,65.6,63.9,A1+A2,13.33,36.2,59.1,1.04,NONE,False,False,25.71182842161681,2.3918432128567453,53.6,53.6,10.0,2.0,True,,,,,50.0,,,,,,,,,,,,,,,,,,,,,,,,,,,,,,,,,,,,,,,,1.3997433803802637,0.6998716901901318,,,0.0,2.123915176213116,1.8715568636329327,50.0,25.5,57.5,6.4,3.26,1.23,,,,,COOL,COOL,COOL,2.02,,COOL,Red,Red,Red,Red,54.0,48.0,52.0,50.0,POINTS,54.0,,,,,,,C,Passenger,0.3,,42.7,,0.0,0.0408536585365853,3.35,0.0408536585365853,0.0030649588289112,0.3,0.3,0.0,0.0,0.0,7.852567975830816,6.092759668132565,42.7,32.9,False,,,,,,False,False,0.0,,False,0.0,,False,0.0,,,,,,,,,,,,,,,,,,,,,,,,,,,,,,,,,,,,,,,,,,,,,,,0.5,950.0,FanDuel,,,,,,,,,,0.5,950.0,FanDuel,0.5,950.0,FanDuel,,,,,,,,,,0.5,950.0,FanDuel,,,,,,,,,,,,,,,,,,,,,,The Odds API,"[""Bally Bet"", ""BetMGM"", ""BetRivers"", ""Bovada"", ""Caesars"", ""Courtside"", ""DraftKings"", ""FanDuel"", ""Fanatics"", ""fanduel""]",The Odds API,"[""Bally Bet"", ""BetMGM"", ""BetRivers"", ""Bovada"", ""Caesars"", ""Courtside"", ""DraftKings"", ""FanDuel"", ""Fanatics"", ""Hard Rock Bet"", ""theScore Bet""]",,,2026-10-05T11:43:17.763238+00:00,ALTLINE_NB_v1_2026-01-18,,,,league_avg,2.3,,,,,,,,,,,,,,,,,,,,,,,,,exp/fallback,0.3259999999999999,,,,,,,,,,,,,,,,,,,,,,,,,exp/fallback,0.202,,,,,,,,,,,,,,,,,,,,,,0.5,950.0,FanDuel,exp/fallback,0.2292,0.1969148133839732,19.7,0.0952380952380952,106.76055405317187,106.8,0.1969148133839732,19.7,106.76055405317187,106.8,,,,,,,,,,,,,0.5,950.0,FanDuel,exp/fallback,0.18495,0.1602495866666299,16.0,0.0952380952380952,68.26206599996142,68.3,0.1602495866666299,16.0,68.26206599996142,68.3,,,,,,,,,,,,,False,False,True,True,False,,,Active roster,2026-10-05T11:43:17+00:00,False,[],2025-2026,,2026-09-24-frozen-v2,2026-10-05T11:43:20.192002+00:00,2026020041,,,NO_PLAYER,,,NO_PLAYER,,,NO_PLAYER,,,NO_PLAYER,,,NO_PLAYER,,,NO_PLAYER,,,NO_PLAYER
2026-10-05,OTT@BOS,2026020041,6:30 PM,2026-10-05T23:30:00Z,Tanner Jeannot,8479661,BOS,False,"{""season"":""2026-27"",""games"":[{""d"":""2026-10-03"",""g"":1,""a"":0,""s"":1,""pp"":0,""h"":""R"",""toi"":""8:10""},{""d"":""2026-10-02"",""g"":0,""a"":0,""s"":0,""pp"":0,""h"":""R"",""toi"":""10:15""},{""d"":""2026-09-29"",""g"":0,""a"":0,""s"":0,""pp"":0,""h"":""H"",""toi"":""13:13""}]}",2026-27,BOS,L,,Healthy,Unknown,,,1.0,0.0,,15.0,9.0,2026-10-05T11:42:57+00:00,OTT,Linus Ullmark,0.8906510851419032,2.7258855081845925,55.1,Unconfirmed,dailyfaceoff_name_and_stats,29.0,6.0,29.0,6.0,0.0,70.4,63.9,A1+A2,12.64,30.6,60.2,1.04,NONE,False,False,25.71182842161681,2.3918432128567453,53.6,53.6,10.0,2.0,True,0.0,,0.3333333333333333,0.1166666666666666,6.9,1.0,1.0,1.0,1.0,0.0,0.0,1.0,1.0,0.0,0.0,1.0,1.0,LOW,0.1,,LOW,0.05,,LOW,0.025,,LOW,0.0,,LOW,0.0,,LOW,0.0,,LOW,0.1,,LOW,0.05,,LOW,0.025,,1.4033993450803055,0.5613597380321222,,,0.0,2.123915176213116,1.8715568636329327,50.0,25.5,57.6,6.4,3.74,1.58,1.17,2.74,0.58,0.17,HOT,COOL,COOL,2.16,2.16,WARM,Red,Red,Red,Red,54.0,44.0,50.0,53.0,POINTS,54.0,0.0,3.0,0.0,3.0,0.0,3.0,C,Passenger,0.6,,42.7,,0.0,0.0816017316017316,6.283333333333333,0.0816017316017316,0.0064543742509844,0.6,0.6,6.087533156498674,0.0,7.161803713527852,7.852567975830816,6.092759668132565,42.7,63.0,False,,,,🅿️ D:0,,False,False,0.0,,False,0.0,,False,0.0,,,,,,,,,,,,,,,,,,,,,,,,,,,,,,,,,,,,,,,,,,,,,,,0.5,1000.0,FanDuel,,,,,,,,,,0.5,1000.0,FanDuel,0.5,1000.0,FanDuel,,,,,,,,,,0.5,1000.0,FanDuel,,,,,,,,,,,,,,,,,,,,,,The Odds API,"[""Bally Bet"", ""BetMGM"", ""BetRivers"", ""Bovada"", ""Caesars"", ""Courtside"", ""DraftKings"", ""FanDuel"", ""Fanatics"", ""fanduel""]",The Odds API,"[""Bally Bet"", ""BetMGM"", ""BetRivers"", ""Bovada"", ""Caesars"", ""Courtside"", ""DraftKings"", ""FanDuel"", ""Fanatics"", ""Hard Rock Bet"", ""theScore Bet""]",,,2026-10-05T11:43:17.763238+00:00,ALTLINE_NB_v1_2026-01-18,,,,exp/fallback,0.1169999999999999,,,,,,,,,,,,,,,,,,,,,,,,,exp/fallback,0.374,,,,,,,,,,,,,,,,,,,,,,,,,exp/fallback,0.216,,,,,,,,,,,,,,,,,,,,,,0.5,1000.0,FanDuel,exp/fallback,0.1824,0.1614264293152539,16.1,0.0909090909090909,77.56907224677937,77.6,0.1614264293152539,16.1,77.56907224677937,77.6,,,,,,,,,,,,,0.5,1000.0,FanDuel,exp/fallback,0.155775,0.137899601757092,13.8,0.0909090909090909,51.68956193280124,51.7,0.137899601757092,13.8,51.68956193280124,51.7,,,,,,,,,,,,,False,False,True,True,False,0.0,,Active roster,2026-10-05T11:43:17+00:00,False,[],2025-2026,,2026-09-24-frozen-v2,2026-10-05T11:43:20.192002+00:00,2026020041,8479661.0,PLAYER_ID,FINAL,0.0,,NO_LINE,0.0,,NO_LINE,1.0,,NO_LINE,0.0,L,OK,0.0,L,OK,0.0,,NO_LINE
2026-10-05,OTT@BOS,2026020041,6:30 PM,2026-10-05T23:30:00Z,Will Borgen,8478840,NYR,True,,2026-27,BOS,D,,Healthy,Unknown,,,1.0,0.0,,15.0,9.0,2026-10-05T11:42:57+00:00,OTT,Linus Ullmark,0.8906510851419032,2.7258855081845925,55.1,Unconfirmed,dailyfaceoff_name_and_stats,29.0,6.0,29.0,6.0,,31.8,49.3,A1+A2,18.04,77.0,46.9,0.99,NONE,False,False,25.71182842161681,2.3918432128567453,53.6,53.6,10.0,2.0,True,,,,,50.0,,,,,,,,,,,,,,,,,,,,,,,,,,,,,,,,,,,,,,,,0.6689250032159856,0.2058230779126109,,,0.0,2.123915176213116,1.8715568636329327,50.0,25.5,41.2,6.4,1.63,0.31,,,,,COOL,COOL,COOL,1.32,,COOL,Red,Red,Red,Red,49.0,33.0,34.0,41.0,POINTS,49.0,,,,,,,,Passenger,0.2,,42.7,,,0.0315555555555555,2.3666666666666667,0.0315555555555555,0.0017490269497955,0.2,0.2,0.0,0.0,0.0,7.852567975830816,6.092759668132565,42.7,30.4,False,,,,,,False,False,0.0,,False,0.0,,False,0.0,,,,,,,,,,,,,,,,,,,,,,,,,,,,,,,,,,,,,,,,,,,,,,,0.5,1700.0,Fanatics,,,,,,,,,,0.5,1700.0,Fanatics,0.5,1700.0,Fanatics,,,,,,,,,,0.5,1700.0,Fanatics,,,,,,,,,,,,,,,,,,,,,,The Odds API,"[""Bally Bet"", ""BetMGM"", ""BetRivers"", ""Bovada"", ""Caesars"", ""Courtside"", ""DraftKings"", ""FanDuel"", ""Fanatics"", ""fanatics""]",The Odds API,"[""Bally Bet"", ""BetMGM"", ""BetRivers"", ""Bovada"", ""Caesars"", ""Courtside"", ""DraftKings"", ""FanDuel"", ""Fanatics"", ""Hard Rock Bet"", ""theScore Bet""]",,,2026-10-05T11:43:17.763238+00:00,ALTLINE_NB_v1_2026-01-18,,,,league_avg,2.3,,,,,,,,,,,,,,,,,,,,,,,,,exp/fallback,0.1629999999999999,,,,,,,,,,,,,,,,,,,,,,,,,exp/fallback,0.132,,,,,,,,,,,,,,,,,,,,,,0.5,1700.0,Fanatics,exp/fallback,0.1924,0.1691912401817982,16.9,0.0555555555555555,204.5442323272368,204.5,0.1691912401817982,16.9,204.5442323272368,204.5,,,,,,,,,,,,,0.5,1700.0,Fanatics,exp/fallback,0.1251499999999999,0.1133632623168545,11.3,0.0555555555555555,104.0538721703382,104.1,0.1133632623168545,11.3,104.0538721703382,104.1,,,,,,,,,,,,,False,False,True,True,False,,,Active roster,2026-10-05T11:43:17+00:00,False,[],2025-2026,,2026-09-24-frozen-v2,2026-10-05T11:43:20.192002+00:00,2026020041,8478840.0,PLAYER_ID,FINAL,0.0,,NO_LINE,0.0,,NO_LINE,0.0,,NO_LINE,0.0,L,OK,0.0,L,OK,0.0,,NO_LINE
2026-10-05,OTT@BOS,2026020041,6:30 PM,2026-10-05T23:30:00Z,Andre Burakovsky,8477444,CHI,True,"{""season"":""2026-27"",""games"":[]}",2026-27,OTT,L,,GTD,Unknown,,,2.0,-1.0,🟡 GTD,15.0,9.0,2026-10-05T11:42:57+00:00,BOS,Jeremy Swayman,0.9071246819338422,2.707645389120994,32.0,Unconfirmed,dailyfaceoff_name_and_stats,29.0,7.0,29.0,7.0,7.7,71.0,74.9,A1+A2,16.44,61.9,70.5,1.08,NONE,False,False,27.152667723190703,2.664704550599955,94.2,81.3,12.0,2.4,True,0.5,0.5,0.6,0.535,20.8,2.0,0.0,6.0,0.0,1.0,2.0,3.0,8.0,2.0,6.0,16.0,43.0,LOW,0.2,,LOW,0.15,,LOW,0.2,,LOW,0.2,,LOW,0.1,,LOW,0.15,,LOW,0.6,,LOW,0.8,,LOW,1.075,,1.2980627396990854,0.2950142590225194,,,2.0,2.666162545755205,2.6773806209827864,50.0,68.4,54.8,87.4,4.98,1.77,5.88,2.98,1.77,-0.65,HOT,WARM,COOL,3.54,1.22,COOL,Yellow,Red,Red,Yellow,63.0,60.0,58.0,61.0,POINTS,63.0,0.0,0.0,10.0,10.0,0.0,10.0,,Passenger,13.0,,27.0,,,2.1427927927927928,158.56666666666666,2.1427927927927928,0.1303287671232876,13.0,13.0,2.711162497372293,0.6205591759512297,2.4595333193188984,6.930078217587106,6.692271808427927,27.0,64.8,False,,,,🅿️ D:0,,False,False,1.0,,False,0.0,,False,0.0,,,,,,,,,,,,,,,,,,,,,,,,,,,,,,,,,,,,,,,,,,,,,,,,,,,,,,,,,,,,,,,,,,,,,,,,,,,,,,,,,,,,,,,,,,,,,,,,,,,,,,,,2026-10-05T11:43:17.763238+00:00,ALTLINE_NB_v1_2026-01-18,,,,exp/fallback,0.588,,,,,,,,,,,,,,,,,,,,,,,,,exp/fallback,0.498,,,,,,,,,,,,,,,,,,,,,,,,,exp/fallback,0.354,,,,,,,,,,,,,,,,,,,,,,,,,exp/fallback,0.1881,,,,,,,,,,,,,,,,,,,,,,,,,exp/fallback,0.1650375,,,,,,,,,,,,,,,,,,,,,,False,False,False,False,False,7.7,,Active roster,2026-10-05T11:43:17+00:00,False,[],2025-2026,,2026-09-24-frozen-v2,2026-10-05T11:43:20.192002+00:00,2026020041,,,NO_PLAYER,,,NO_PLAYER,,,NO_PLAYER,,,NO_PLAYER,,,NO_PLAYER,,,NO_PLAYER,,,NO_PLAYER
2026-10-05,OTT@BOS,2026020041,6:30 PM,2026-10-05T23:30:00Z,Cameron Crotty,8480075,OTT,False,,2026-27,OTT,D,,Healthy,Unknown,,,2.0,0.0,,15.0,9.0,2026-10-05T11:42:57+00:00,BOS,Jeremy Swayman,0.9071246819338422,2.707645389120994,32.0,Unconfirmed,dailyfaceoff_name_and_stats,29.0,7.0,29.0,7.0,,8.2,17.6,A1+A2,14.92,49.1,19.6,0.94,NONE,False,False,27.152667723190703,2.664704550599955,94.2,81.3,12.0,2.4,True,,,,,50.0,,,,,,,,,,,,,,,,,,,,,,,,,,,,,,,,,,,,,,,,0.0123329907502569,0.0,,,0.0,2.666162545755205,2.6773806209827864,50.0,68.4,33.1,87.4,1.79,0.22,,,,,COOL,COOL,COOL,1.57,,COOL,Red,Red,Red,Red,31.0,25.0,22.0,24.0,POINTS,31.0,,,,,,,C,Passenger,0.0,,27.0,,0.0,0.0,0.0,0.0,0.0,0.0,0.0,0.0,,,6.930078217587106,6.692271808427927,27.0,4.5,False,,,,,,False,False,0.0,,False,0.0,,False,0.0,,,,,,,,,,,,,,,,,,,,,,,,,,,,,,,,,,,,,,,,,,,,,,,0.5,1200.0,Hard Rock Bet,,,,,,,,,,0.5,1200.0,Hard Rock Bet,0.5,1100.0,DraftKings,,,,,,,,,,0.5,1100.0,DraftKings,,,,,,,,,,,,,,,,,,,,,,The Odds API,"[""BetMGM"", ""Bovada"", ""Caesars"", ""Courtside"", ""DraftKings"", ""Fanatics"", ""fanatics""]",The Odds API,"[""BetMGM"", ""Bovada"", ""Caesars"", ""Courtside"", ""DraftKings"", ""Fanatics"", ""Hard Rock Bet"", ""theScore Bet""]",,,2026-10-05T11:43:17.763238+00:00,ALTLINE_NB_v1_2026-01-18,,,,league_avg,2.3,,,,,,,,,,,,,,,,,,,,,,,,,exp/fallback,0.179,,,,,,,,,,,,,,,,,,,,,,,,,exp/fallback,0.157,,,,,,,,,,,,,,,,,,,,,,0.5,1200.0,Hard Rock Bet,exp/fallback,0.1888,0.1664075489669552,16.6,0.0769230769230769,116.32981365704175,116.3,0.1664075489669552,16.6,116.32981365704175,116.3,,,,,,,,,,,,,0.5,1100.0,DraftKings,exp/fallback,0.1192999999999999,0.1085451339573659,10.9,0.0833333333333333,30.254160748839176,30.3,0.1085451339573659,10.9,30.254160748839176,30.3,,,,,,,,,,,,,False,False,True,True,False,,,Active roster,2026-10-05T11:43:17+00:00,False,[],2025-2026,,2026-09-24-frozen-v2,2026-10-05T11:43:20.192002+00:00,2026020041,8480075.0,PLAYER_ID,FINAL,0.0,,NO_LINE,0.0,,NO_LINE,0.0,,NO_LINE,0.0,L,OK,0.0,L,OK,0.0,,NO_LINE
2026-10-05,OTT@BOS,2026020041,6:30 PM,2026-10-05T23:30:00Z,Carter Yakemchuk,8484759,OTT,False,,2026-27,OTT,D,,Healthy,Unknown,,,2.0,0.0,,15.0,9.0,2026-10-05T11:42:57+00:00,BOS,Jeremy Swayman,0.9071246819338422,2.707645389120994,32.0,Unconfirmed,dailyfaceoff_name_and_stats,29.0,7.0,29.0,7.0,,13.4,17.6,A1+A2,14.53,46.4,21.4,0.94,NONE,False,False,27.152667723190703,2.664704550599955,94.2,81.3,12.0,2.4,True,,,,,50.0,,,,,,,,,,,,,,,,,,,,,,,,,,,,,,,,,,,,,,,,0.0197889182058047,0.0,,,0.0,2.666162545755205,2.6773806209827864,50.0,68.4,34.4,87.4,3.13,0.78,,,,,COOL,COOL,COOL,2.35,,COOL,Red,Red,Red,Red,31.0,28.0,24.0,25.0,POINTS,31.0,,,,,,,C,Passenger,11.8,,27.0,,0.0,1.7083333333333333,6.833333333333333,1.7083333333333333,0.117545871559633,11.8,11.8,5.9487804878048784,0.351219512195122,6.585365853658537,6.930078217587106,6.692271808427927,27.0,70.2,False,,,,,,False,False,0.0,,False,0.0,,False,0.0,,,,,,,,,,,,,,,,,0.5,165.0,theScore Bet,1.5,850.0,DraftKings,2.5,3500.0,Fanatics,3.5,3400.0,BetOnline.ag,0.5,165.0,theScore Bet,0.5,235.0,Fanatics,1.5,1500.0,Fanatics,2.5,3300.0,Bovada,,,,0.5,235.0,Fanatics,0.5,650.0,theScore Bet,,,,,,,,,,0.5,650.0,theScore Bet,0.5,550.0,DraftKings,,,,,,,,,,0.5,550.0,DraftKings,The Odds API,"[""Bally Bet"", ""BetOnline.ag"", ""BetRivers"", ""Bovada"", ""Courtside"", ""DraftKings"", ""Fanatics"", ""Hard Rock Bet"", ""ReBet"", ""draftkings"", ""theScore Bet""]",The Odds API,"[""Bally Bet"", ""BetOnline.ag"", ""BetRivers"", ""Bovada"", ""Caesars"", ""Courtside"", ""DraftKings"", ""Fanatics"", ""Hard Rock Bet"", ""ReBet"", ""draftkings"", ""theScore Bet""]",0.5,375.0,Hard Rock Bet,,,,,,,,,,0.5,375.0,Hard Rock Bet,The Odds API,"[""Bovada"", ""Hard Rock Bet"", ""theScore Bet""]",The Odds API,"[""Bally Bet"", ""BetMGM"", ""BetRivers"", ""Bovada"", ""Caesars"", ""Courtside"", ""DraftKings"", ""FanDuel"", ""Fanatics"", ""betmgm""]",The Odds API,"[""Bally Bet"", ""BetMGM"", ""BetRivers"", ""Bovada"", ""Caesars"", ""Courtside"", ""DraftKings"", ""FanDuel"", ""Fanatics"", ""Hard Rock Bet"", ""theScore Bet""]",,,2026-10-05T11:43:17.763238+00:00,ALTLINE_NB_v1_2026-01-18,,,,league_avg,2.3,,,,,,,,,,,,,,,,,,,,,,0.5,165.0,theScore Bet,exp/fallback,0.313,0.2569655998476686,25.7,0.3773584905660377,-31.90411604036781,-31.9,0.2569655998476686,25.7,-31.90411604036781,-31.9,0.0473583110840438,4.7,-55.00960447015832,-55.0,0.0074459322516029,0.7,-73.19464389422939,-73.2,0.0010657550696397,0.1,-96.26985725626072,-96.3,0.5,235.0,Fanatics,exp/fallback,0.235,0.1992352696825466,19.9,0.2985074626865671,-33.25618465634686,-33.3,0.1992352696825466,19.9,-33.25618465634686,-33.3,0.0308417917186976,3.1,-50.65313325008383,-50.7,0.004283088818359,0.4,-85.43749801757927,-85.4,,,,,0.5,650.0,theScore Bet,exp/fallback,0.2112,0.1835189074877097,18.4,0.1333333333333333,37.63918061578229,37.6,0.1835189074877097,18.4,37.63918061578229,37.6,,,,,,,,,,,,,0.5,550.0,DraftKings,exp/fallback,0.1557,0.1378408858045667,13.8,0.1538461538461538,-10.4034242270316,-10.4,0.1378408858045667,13.8,-10.4034242270316,-10.4,,,,,,,,,,,,,False,False,True,False,False,,,Active roster,2026-10-05T11:43:17+00:00,False,[],2025-2026,,2026-09-24-frozen-v2,2026-10-05T11:43:20.192002+00:00,2026020041,8484759.0,PLAYER_ID,FINAL,0.0,L,OK,0.0,L,OK,1.0,,NO_LINE,0.0,L,OK,0.0,L,OK,0.0,L,OK
2026-10-05,OTT@BOS,2026020041,6:30 PM,2026-10-05T23:30:00Z,Claude Giroux,8473512,OTT,False,"{""season"":""2026-27"",""games"":[{""d"":""2026-10-03"",""g"":0,""a"":2,""s"":4,""pp"":0,""h"":""R"",""toi"":""18:17""}]}",2026-27,OTT,R,,Healthy,Unknown,,,2.0,0.0,,15.0,9.0,2026-10-05T11:42:57+00:00,BOS,Jeremy Swayman,0.9071246819338422,2.707645389120994,32.0,Unconfirmed,dailyfaceoff_name_and_stats,29.0,7.0,29.0,7.0,,78.2,89.9,A1+A2,16.3,60.8,78.8,1.12,NONE,False,False,27.152667723190703,2.664704550599955,94.2,81.3,12.0,2.4,True,,,4.0,,50.0,2.0,0.0,4.0,0.0,2.0,2.0,2.0,2.0,2.0,2.0,4.0,4.0,LOW,0.2,-0.3,LOW,0.1,,LOW,0.05,,LOW,0.2,,LOW,0.1,,LOW,0.05,,LOW,0.4,,LOW,0.2,,LOW,0.1,,1.7025013934163191,0.5472325907409596,,,2.0,2.666162545755205,2.6773806209827864,50.0,68.4,64.6,87.4,7.57,2.12,,4.88,2.12,,HOT,WARM,COOL,5.24,2.76,HOT,Yellow,Yellow,Red,Yellow,78.0,64.0,63.0,74.0,POINTS,78.0,0.0,0.0,1.0,0.0,0.0,1.0,B,Distributor,12.8,,27.0,,1.0,2.0853658536585367,171.0,2.0853658536585367,0.1279190095627563,12.8,12.8,3.5868421052631576,0.5298245614035088,3.5964912280701755,6.930078217587106,6.692271808427927,27.0,68.0,False,,,,🅿️ D:0,,False,False,1.0,,False,0.0,,False,0.0,,1.5,-130.0,Fanatics,2.5,245.0,FanDuel,3.5,650.0,Fanatics,4.5,1700.0,Fanatics,1.5,-130.0,Fanatics,0.5,160.0,theScore Bet,1.5,800.0,Fanatics,2.5,3500.0,Fanatics,3.5,3600.0,BetOnline.ag,0.5,160.0,theScore Bet,0.5,300.0,Hard Rock Bet,1.5,1700.0,Fanatics,2.5,3300.0,Bovada,,,,0.5,300.0,Hard Rock Bet,0.5,400.0,FanDuel,,,,,,,,,,0.5,400.0,FanDuel,0.5,400.0,FanDuel,,,,,,,,,,0.5,400.0,FanDuel,The Odds API,"[""Bally Bet"", ""BetOnline.ag"", ""BetRivers"", ""Bovada"", ""Courtside"", ""DraftKings"", ""Fanatics"", ""Hard Rock Bet"", ""ReBet"", ""draftkings"", ""theScore Bet""]",The Odds API,"[""Bally Bet"", ""BetOnline.ag"", ""BetRivers"", ""Bovada"", ""Caesars"", ""Courtside"", ""DraftKings"", ""Fanatics"", ""Hard Rock Bet"", ""ReBet"", ""draftkings"", ""theScore Bet""]",0.5,550.0,Hard Rock Bet,,,,,,,,,,0.5,550.0,Hard Rock Bet,The Odds API,"[""Bovada"", ""Hard Rock Bet"", ""theScore Bet""]",The Odds API,"[""Bally Bet"", ""BetMGM"", ""BetRivers"", ""Bovada"", ""Caesars"", ""Courtside"", ""DraftKings"", ""FanDuel"", ""Fanatics"", ""betmgm""]",The Odds API,"[""Bally Bet"", ""BetMGM"", ""BetRivers"", ""Bovada"", ""Caesars"", ""Courtside"", ""DraftKings"", ""FanDuel"", ""Fanatics"", ""Hard Rock Bet"", ""theScore Bet""]",The Odds API,"[""BetOnline.ag"", ""FanDuel"", ""Fanatics"", ""ReBet""]",2026-10-05T11:43:17.763238+00:00,ALTLINE_NB_v1_2026-01-18,1.5,-130.0,Fanatics,exp/fallback,0.4,0.0686180154112674,6.9,0.5652173913043478,-87.85988958108345,-87.9,0.0686180154112674,6.9,-87.85988958108345,-87.9,0.0121706224058896,1.2,-95.80113526996809,-95.8,0.0019074600412755,0.2,-98.56940496904336,-98.6,0.0002746842105414,0.0,-99.5055684210254,-99.5,0.5,160.0,theScore Bet,exp/fallback,0.757,0.4890694980394569,48.9,0.3846153846153846,27.1580694902588,27.2,0.4890694980394569,48.9,27.1580694902588,27.2,0.1833069066452269,18.3,64.97621598070428,65.0,0.0597944831204499,6.0,115.26013923361998,115.3,0.01790926029635,1.8,-33.73573690350465,-33.7,0.5,300.0,Hard Rock Bet,exp/fallback,0.524,0.3721132908547045,37.2,0.25,48.84531634188184,48.8,0.3721132908547045,37.2,48.84531634188184,48.8,0.1114059726358973,11.1,100.53075074461525,100.5,0.0302189868514352,3.0,2.7445552948796914,2.7,,,,,0.5,400.0,FanDuel,exp/fallback,0.1986,0.1739549527706811,17.4,0.2,-13.02252361465941,-13.0,0.1739549527706811,17.4,-13.02252361465941,-13.0,,,,,,,,,,,,,0.5,400.0,FanDuel,exp/fallback,0.1821,0.1581086436599791,15.8,0.2,-20.94567817001044,-20.9,0.1581086436599791,15.8,-20.94567817001044,-20.9,,,,,,,,,,,,,False,True,False,False,True,,,Active roster,2026-10-05T11:43:17+00:00,False,[],2025-2026,,2026-09-24-frozen-v2,2026-10-05T11:43:20.192002+00:00,2026020041,8473512.0,PLAYER_ID,FINAL,0.0,L,OK,0.0,L,OK,1.0,L,OK,0.0,L,OK,0.0,L,OK,0.0,L,OK
2026-10-05,OTT@BOS,2026020041,6:30 PM,2026-10-05T23:30:00Z,Drake Batherson,8480208,OTT,False,"{""season"":""2026-27"",""games"":[{""d"":""2026-10-03"",""g"":0,""a"":0,""s"":2,""pp"":0,""h"":""R"",""toi"":""18:02""}]}",2026-27,OTT,R,,Healthy,Unknown,,,2.0,1.0,🟢 ROLE+,15.0,9.0,2026-10-05T11:42:57+00:00,BOS,Jeremy Swayman,0.9071246819338422,2.707645389120994,32.0,Unconfirmed,dailyfaceoff_name_and_stats,29.0,7.0,29.0,7.0,,92.1,92.1,A1+A2,17.35,72.5,88.2,1.15,NONE,False,False,27.152667723190703,2.664704550599955,94.2,81.3,12.0,2.4,True,,,2.0,,50.0,0.0,0.0,2.0,0.0,0.0,0.0,0.0,0.0,0.0,0.0,2.0,2.0,LOW,0.0,-0.5,LOW,0.0,,LOW,0.0,,LOW,0.0,,LOW,0.0,,LOW,0.0,,LOW,0.2,,LOW,0.1,,LOW,0.05,,2.1082287396527435,0.5128123961317484,,,0.0,2.666162545755205,2.6773806209827864,50.0,68.4,69.7,87.4,9.93,3.84,,9.03,3.49,,HOT,HOT,COOL,6.1,5.55,HOT,Green,Yellow,Yellow,Green,83.0,74.0,73.0,82.0,POINTS,83.0,1.0,1.0,1.0,1.0,0.0,1.0,A,Distributor,17.8,,27.0,,2.0,3.0858649789029537,243.78333333333333,3.0858649789029537,0.1778423529125682,17.8,17.8,5.303274765843987,2.2175429001162232,3.6302727832091337,6.930078217587106,6.692271808427927,27.0,75.0,False,,,,🅿️ D:1,,False,False,2.0,,False,0.0,,False,0.0,,1.5,-190.0,DraftKings,2.5,150.0,Fanatics,3.5,390.0,Fanatics,4.5,950.0,Fanatics,2.5,150.0,Fanatics,0.5,-120.0,theScore Bet,1.5,390.0,BetRivers,2.5,1500.0,Fanatics,3.5,2900.0,BetOnline.ag,0.5,-120.0,theScore Bet,0.5,200.0,Bovada,1.5,1000.0,DraftKings,2.5,3300.0,Bovada,,,,0.5,200.0,Bovada,0.5,230.0,FanDuel,,,,,,,,,,0.5,230.0,FanDuel,0.5,230.0,FanDuel,,,,,,,,,,0.5,230.0,FanDuel,The Odds API,"[""Bally Bet"", ""BetOnline.ag"", ""BetRivers"", ""Bovada"", ""Courtside"", ""DraftKings"", ""FanDuel"", ""Fanatics"", ""Hard Rock Bet"", ""ReBet"", ""draftkings"", ""theScore Bet""]",The Odds API,"[""Bally Bet"", ""BetOnline.ag"", ""BetRivers"", ""Bovada"", ""Caesars"", ""Courtside"", ""DraftKings"", ""FanDuel"", ""Fanatics"", ""Hard Rock Bet"", ""ReBet"", ""draftkings"", ""theScore Bet""]",0.5,300.0,Hard Rock Bet,1.5,1300.0,Bovada,,,,,,,0.5,300.0,Hard Rock Bet,The Odds API,"[""Bovada"", ""Hard Rock Bet"", ""theScore Bet""]",The Odds API,"[""Bally Bet"", ""BetMGM"", ""BetRivers"", ""Bovada"", ""Caesars"", ""Courtside"", ""DraftKings"", ""FanDuel"", ""Fanatics"", ""fanduel""]",The Odds API,"[""Bally Bet"", ""BetMGM"", ""BetRivers"", ""Bovada"", ""Caesars"", ""Courtside"", ""DraftKings"", ""FanDuel"", ""Fanatics"", ""Hard Rock Bet"", ""fanduel"", ""theScore Bet""]",The Odds API,"[""BetOnline.ag"", ""Courtside"", ""DraftKings"", ""FanDuel"", ""Fanatics"", ""Hard Rock Bet"", ""ReBet"", ""fanduel"", ""theScore Bet""]",2026-10-05T11:43:17.763238+00:00,ALTLINE_NB_v1_2026-01-18,2.5,150.0,Fanatics,exp/fallback,0.2,0.0019369069985104,0.2,0.4,-99.5157732503724,-99.5,0.0205922919144261,2.1,-96.856965970956,-96.9,0.0019369069985104,0.2,-99.5157732503724,-99.5,0.0001602036731851,0.0,-99.92150020013928,-99.9,1.2145062741386605e-05,0.0,-99.98724768412156,-100.0,0.5,-120.0,theScore Bet,exp/fallback,0.993,0.5735464367980379,57.4,0.5454545454545454,5.150180079640276,5.2,0.5735464367980379,57.4,5.150180079640276,5.2,0.259295842564393,25.9,27.05496285655256,27.1,0.1029867504713676,10.3,64.7788007541882,64.8,0.0377163515097369,3.8,13.149054529210868,13.1,0.5,200.0,Bovada,exp/fallback,0.61,0.412809559460372,41.3,0.3333333333333333,23.8428678381116,23.8,0.412809559460372,41.3,23.8428678381116,23.8,0.1383373995146455,13.8,52.17113946611007,52.2,0.0421144009129828,4.2,43.18896310414151,43.2,,,,,0.5,230.0,FanDuel,exp/fallback,0.2502,0.2121576409319219,21.2,0.303030303030303,-29.98797849246577,-30.0,0.2121576409319219,21.2,-29.98797849246577,-30.0,,,,,,,,,,,,,0.5,230.0,FanDuel,exp/fallback,0.26595,0.2175381890350207,21.8,0.303030303030303,-28.212397618443152,-28.2,0.2175381890350207,21.8,-28.212397618443152,-28.2,,,,,,,,,,,,,False,False,False,False,True,,,Active roster,2026-10-05T11:43:17+00:00,False,"[{""market"":""Points"",""name"":""Hammer Fists"",""kind"":""FLOOR"",""rule"":""Conf_Points >= 80"",""icon"":""PTS05_HAMMER_FISTS.svg"",""kit_version"":""2026-09-24-frozen-v2""},{""market"":""Assists"",""name"":""Staff (Green Stance)"",""kind"":""STANCE"",""rule"":""Green + Assists 0.5"",""icon"":""staff.svg"",""kit_version"":""2026-09-24-frozen-v2""}]",2025-2026,,2026-09-24-frozen-v2,2026-10-05T11:43:20.192002+00:00,2026020041,8480208.0,PLAYER_ID,FINAL,1.0,W,OK,0.0,L,OK,2.0,L,OK,1.0,W,OK,1.0,W,OK,0.0,L,OK
2026-10-05,OTT@BOS,2026020041,6:30 PM,2026-10-05T23:30:00Z,Dylan Cozens,8481528,OTT,False,"{""season"":""2026-27"",""games"":[{""d"":""2026-10-03"",""g"":0,""a"":0,""s"":2,""pp"":0,""h"":""R"",""toi"":""16:17""}]}",2026-27,OTT,C,,Healthy,Unknown,,,2.0,0.0,,15.0,9.0,2026-10-05T11:42:57+00:00,BOS,Jeremy Swayman,0.9071246819338422,2.707645389120994,32.0,Unconfirmed,dailyfaceoff_name_and_stats,29.0,7.0,29.0,7.0,,96.9,86.3,A1+A2,17.04,68.3,87.5,1.15,NONE,False,False,27.152667723190703,2.664704550599955,94.2,81.3,12.0,2.4,True,,,2.0,,50.0,0.0,0.0,2.0,0.0,0.0,0.0,0.0,0.0,0.0,0.0,2.0,2.0,LOW,0.0,-0.5,LOW,0.0,,LOW,0.0,,LOW,0.0,,LOW,0.0,,LOW,0.0,,LOW,0.2,,LOW,0.1,,LOW,0.05,,1.5717827571689198,0.3929456892922299,,,0.0,2.666162545755205,2.6773806209827864,50.0,68.4,62.0,87.4,9.42,4.63,,8.56,4.21,,HOT,HOT,COOL,4.78,4.35,HOT,Yellow,Yellow,Green,Yellow,76.0,75.0,74.0,76.0,ASSISTS,76.0,1.0,1.0,1.0,1.0,0.0,1.0,A,Hybrid,18.1,,27.0,,2.0,3.076829268292683,252.3,3.076829268292683,0.1805689747718733,18.1,18.1,4.510701545778835,2.1355529131985733,2.794292508917955,6.930078217587106,6.692271808427927,27.0,72.5,False,,,,🅰️ D:1,,False,False,2.0,,False,0.0,,False,0.0,,1.5,-200.0,theScore Bet,2.5,135.0,DraftKings,3.5,320.0,Fanatics,4.5,800.0,Fanatics,2.5,135.0,DraftKings,0.5,-105.0,theScore Bet,1.5,420.0,FanDuel,2.5,1700.0,Fanatics,3.5,3300.0,BetOnline.ag,0.5,-105.0,theScore Bet,0.5,190.0,Bovada,1.5,950.0,DraftKings,2.5,2500.0,Bovada,,,,0.5,190.0,Bovada,0.5,260.0,theScore Bet,,,,,,,,,,0.5,260.0,theScore Bet,0.5,260.0,DraftKings,,,,,,,,,,0.5,260.0,DraftKings,The Odds API,"[""Bally Bet"", ""BetOnline.ag"", ""BetRivers"", ""Bovada"", ""Courtside"", ""DraftKings"", ""FanDuel"", ""Fanatics"", ""Hard Rock Bet"", ""ReBet"", ""draftkings"", ""theScore Bet""]",The Odds API,"[""Bally Bet"", ""BetOnline.ag"", ""BetRivers"", ""Bovada"", ""Caesars"", ""Courtside"", ""DraftKings"", ""FanDuel"", ""Fanatics"", ""Hard Rock Bet"", ""ReBet"", ""draftkings"", ""theScore Bet""]",0.5,325.0,Hard Rock Bet,,,,,,,,,,0.5,325.0,Hard Rock Bet,The Odds API,"[""Bovada"", ""Hard Rock Bet"", ""theScore Bet""]",The Odds API,"[""Bally Bet"", ""BetMGM"", ""BetRivers"", ""Bovada"", ""Caesars"", ""Courtside"", ""DraftKings"", ""FanDuel"", ""Fanatics"", ""betmgm""]",The Odds API,"[""Bally Bet"", ""BetMGM"", ""BetRivers"", ""Bovada"", ""Caesars"", ""Courtside"", ""DraftKings"", ""FanDuel"", ""Fanatics"", ""Hard Rock Bet"", ""fanduel"", ""theScore Bet""]",The Odds API,"[""BetOnline.ag"", ""Courtside"", ""DraftKings"", ""FanDuel"", ""Fanatics"", ""Hard Rock Bet"", ""ReBet"", ""draftkings"", ""theScore Bet""]",2026-10-05T11:43:17.763238+00:00,ALTLINE_NB_v1_2026-01-18,2.5,135.0,DraftKings,exp/fallback,0.2,0.0019369069985104,0.2,0.425531914893617,-99.54482685535004,-99.5,0.0205922919144261,2.1,-96.91115621283608,-96.9,0.0019369069985104,0.2,-99.54482685535004,-99.5,0.0001602036731851,0.0,-99.93271445726224,-99.9,1.2145062741386605e-05,0.0,-99.98906944353276,-100.0,0.5,-105.0,theScore Bet,exp/fallback,0.942,0.5569853488016986,55.7,0.5121951219512195,8.744758575569723,8.7,0.5569853488016986,55.7,8.744758575569723,8.7,0.2431402698900644,24.3,26.4329403428335,26.4,0.0930625129328842,9.3,67.51252327919167,67.5,0.0328147076657241,3.3,11.57000606346208,11.6,0.5,190.0,Bovada,exp/fallback,0.478,0.3485855512366779,34.9,0.3448275862068966,1.0898098586365812,1.1,0.3485855512366779,34.9,1.0898098586365812,1.1,0.097273116604823,9.7,2.136772435064227,2.1,0.0245568068263566,2.5,-36.15230225147275,-36.2,,,,,0.5,260.0,theScore Bet,exp/fallback,0.2739,0.2288781303005783,22.9,0.2777777777777778,-17.60387309179179,-17.6,0.2288781303005783,22.9,-17.60387309179179,-17.6,,,,,,,,,,,,,0.5,260.0,DraftKings,exp/fallback,0.3044624999999999,0.2425523396496981,24.3,0.2777777777777778,-12.681157726108673,-12.7,0.2425523396496981,24.3,-12.681157726108673,-12.7,,,,,,,,,,,,,False,False,False,False,False,,,Active roster,2026-10-05T11:43:17+00:00,False,[],2025-2026,,2026-09-24-frozen-v2,2026-10-05T11:43:20.192002+00:00,2026020041,8481528.0,PLAYER_ID,FINAL,0.0,L,OK,0.0,L,OK,4.0,W,OK,0.0,L,OK,0.0,L,OK,0.0,L,OK
2026-10-05,OTT@BOS,2026020041,6:30 PM,2026-10-05T23:30:00Z,Fabian Zetterlund,8480188,OTT,False,"{""season"":""2026-27"",""games"":[{""d"":""2026-10-03"",""g"":0,""a"":1,""s"":1,""pp"":0,""h"":""R"",""toi"":""12:06""}]}",2026-27,OTT,L,,Healthy,Unknown,,,2.0,0.0,,15.0,9.0,2026-10-05T11:42:57+00:00,BOS,Jeremy Swayman,0.9071246819338422,2.707645389120994,32.0,Unconfirmed,dailyfaceoff_name_and_stats,29.0,7.0,29.0,7.0,,79.3,63.9,A1+A2,12.91,34.0,64.8,1.06,NONE,False,False,27.152667723190703,2.664704550599955,94.2,81.3,12.0,2.4,True,,,1.0,,50.0,1.0,0.0,1.0,0.0,1.0,1.0,1.0,1.0,1.0,1.0,1.0,1.0,LOW,0.1,-0.4,LOW,0.05,,LOW,0.025,,LOW,0.1,,LOW,0.05,,LOW,0.025,,LOW,0.1,,LOW,0.05,,LOW,0.025,,1.5940771179085709,0.5738677624470855,,,1.0,2.666162545755205,2.6773806209827864,50.0,68.4,62.5,87.4,4.13,2.07,,3.13,2.07,,HOT,WARM,COOL,2.07,1.07,COOL,Red,Yellow,Red,Red,58.0,62.0,62.0,57.0,SOG,62.0,0.0,0.0,1.0,1.0,0.0,1.0,B,Hybrid,8.8,,27.0,,1.0,1.1357723577235772,93.13333333333334,1.1357723577235772,0.0879778323572013,8.8,8.8,3.411238367931281,2.042233357193987,1.6105941302791695,6.930078217587106,6.692271808427927,27.0,54.2,False,,,,🎯 D:1,,False,False,1.0,,False,0.0,,False,0.0,,1.5,-114.0,FanDuel,2.5,280.0,FanDuel,3.5,700.0,Fanatics,4.5,1900.0,Fanatics,1.5,-114.0,FanDuel,0.5,133.0,BetRivers,1.5,650.0,BetRivers,,,,,,,0.5,133.0,BetRivers,0.5,215.0,BetRivers,,,,,,,,,,0.5,215.0,BetRivers,0.5,400.0,DraftKings,,,,,,,,,,0.5,400.0,DraftKings,0.5,400.0,DraftKings,,,,,,,,,,0.5,400.0,DraftKings,The Odds API,"[""Bally Bet"", ""BetRivers""]",The Odds API,"[""Bally Bet"", ""BetRivers""]",0.5,750.0,Hard Rock Bet,,,,,,,,,,0.5,750.0,Hard Rock Bet,The Odds API,"[""Bovada"", ""Hard Rock Bet"", ""theScore Bet""]",The Odds API,"[""Bally Bet"", ""BetMGM"", ""BetRivers"", ""Bovada"", ""Caesars"", ""Courtside"", ""DraftKings"", ""FanDuel"", ""Fanatics"", ""betmgm""]",The Odds API,"[""Bally Bet"", ""BetMGM"", ""BetRivers"", ""Bovada"", ""Caesars"", ""Courtside"", ""DraftKings"", ""FanDuel"", ""Fanatics"", ""Hard Rock Bet"", ""theScore Bet""]",The Odds API,"[""BetOnline.ag"", ""Courtside"", ""DraftKings"", ""FanDuel"", ""Fanatics"", ""Hard Rock Bet"", ""ReBet"", ""theScore Bet""]",2026-10-05T11:43:17.763238+00:00,ALTLINE_NB_v1_2026-01-18,1.5,-114.0,FanDuel,exp/fallback,0.1,0.0056639264392934,0.6,0.5327102803738317,-98.93677170350104,-98.9,0.0056639264392934,0.6,-98.93677170350104,-98.9,0.0002745710270403,0.0,-99.89566300972469,-99.9,1.167564107673602e-05,0.0,-99.9906594871386,-100.0,1.0000000000287557e-06,0.0,-99.99799999999996,-100.0,0.5,133.0,BetRivers,exp/fallback,0.413,0.320057658391795,32.0,0.4291845493562232,-25.42656559471176,-25.4,0.320057658391795,32.0,-25.42656559471176,-25.4,0.0747069204736712,7.5,-43.96980964474658,-44.0,,,,,,,,,0.5,215.0,BetRivers,exp/fallback,0.207,0.1787879279361769,17.9,0.3174603174603174,-43.68180270010427,-43.7,0.1787879279361769,17.9,-43.68180270010427,-43.7,,,,,,,,,,,,,0.5,400.0,DraftKings,exp/fallback,0.1971,0.1728059552807673,17.3,0.2,-13.597022359616318,-13.6,0.1728059552807673,17.3,-13.597022359616318,-13.6,,,,,,,,,,,,,0.5,400.0,DraftKings,exp/fallback,0.1796625,0.1562704188711743,15.6,0.2,-21.86479056441284,-21.9,0.1562704188711743,15.6,-21.86479056441284,-21.9,,,,,,,,,,,,,False,False,False,False,False,,,Active roster,2026-10-05T11:43:17+00:00,False,[],2025-2026,,2026-09-24-frozen-v2,2026-10-05T11:43:20.192002+00:00,2026020041,8480188.0,PLAYER_ID,FINAL,0.0,L,OK,0.0,L,OK,2.0,W,OK,0.0,L,OK,0.0,L,OK,0.0,L,OK
2026-10-05,OTT@BOS,2026020041,6:30 PM,2026-10-05T23:30:00Z,Hayden Hodgson,8478173,OTT,False,,2026-27,OTT,R,,Healthy,Unknown,,,2.0,0.0,,15.0,9.0,2026-10-05T11:42:57+00:00,BOS,Jeremy Swayman,0.9071246819338422,2.707645389120994,32.0,Unconfirmed,dailyfaceoff_name_and_stats,29.0,7.0,29.0,7.0,,16.8,6.9,A1+A2,7.02,1.1,10.2,0.94,NONE,False,False,27.152667723190703,2.664704550599955,94.2,81.3,12.0,2.4,True,,,,,50.0,,,,,,,,,,,,,,,,,,,,,,,,,,,,,,,,,,,,,,,,0.0,0.0,,,0.0,2.666162545755205,2.6773806209827864,50.0,68.4,28.2,87.4,0.5,0.5,,,,,COOL,COOL,COOL,0.0,,COOL,Red,Red,Red,Red,20.0,26.0,24.0,15.0,SOG,26.0,,,,,,,C,Passenger,0.2,,27.0,,0.0,0.0116666666666666,0.1166666666666666,0.0116666666666666,0.0016607354685646,0.2,0.2,0.0,0.0,0.0,6.930078217587106,6.692271808427927,27.0,20.4,False,,,,,,False,False,0.0,,False,0.0,,False,0.0,,,,,,,,,,,,,,,,,,,,,,,,,,,,,,,,,,,,,,,,,,,,,,,0.5,1250.0,BetMGM,,,,,,,,,,0.5,1250.0,BetMGM,0.5,1250.0,BetMGM,,,,,,,,,,0.5,1250.0,BetMGM,,,,,,,,,,,,,,,,,,,,,,The Odds API,"[""Bally Bet"", ""BetMGM"", ""BetRivers"", ""Bovada"", ""Caesars"", ""Courtside"", ""DraftKings"", ""FanDuel"", ""Fanatics"", ""betmgm""]",The Odds API,"[""Bally Bet"", ""BetMGM"", ""BetRivers"", ""Bovada"", ""Caesars"", ""Courtside"", ""DraftKings"", ""FanDuel"", ""Fanatics"", ""Hard Rock Bet"", ""theScore Bet""]",,,2026-10-05T11:43:17.763238+00:00,ALTLINE_NB_v1_2026-01-18,,,,league_avg,2.3,,,,,,,,,,,,,,,,,,,,,,,,,exp/fallback,0.05,,,,,,,,,,,,,,,,,,,,,,,,,league_avg,0.35,,,,,,,,,,,,,,,,,,,,,,0.5,1250.0,BetMGM,exp/fallback,0.2,0.1750253355200821,17.5,0.074074074074074,136.28420295211092,136.3,0.1750253355200821,17.5,136.28420295211092,136.3,,,,,,,,,,,,,0.5,1250.0,BetMGM,exp/fallback,0.1375,0.1233948997157358,12.3,0.074074074074074,66.58311461624335,66.6,0.1233948997157358,12.3,66.58311461624335,66.6,,,,,,,,,,,,,False,False,True,True,False,,,Active roster,2026-10-05T11:43:17+00:00,False,[],2025-2026,,2026-09-24-frozen-v2,2026-10-05T11:43:20.192002+00:00,2026020041,8478173.0,PLAYER_ID,FINAL,0.0,,NO_LINE,0.0,,NO_LINE,0.0,,NO_LINE,0.0,L,OK,0.0,L,OK,0.0,,NO_LINE
2026-10-05,OTT@BOS,2026020041,6:30 PM,2026-10-05T23:30:00Z,Jake Sanderson,8482105,OTT,False,"{""season"":""2026-27"",""games"":[{""d"":""2026-10-03"",""g"":0,""a"":0,""s"":0,""pp"":0,""h"":""R"",""toi"":""4:29""}]}",2026-27,OTT,D,,GTD,Unknown,,,2.0,-1.0,🟡 GTD,15.0,9.0,2026-10-05T11:42:57+00:00,BOS,Jeremy Swayman,0.9071246819338422,2.707645389120994,32.0,Unconfirmed,dailyfaceoff_name_and_stats,29.0,7.0,29.0,7.0,,68.6,93.2,A1+A2,24.84,99.2,83.4,1.13,NONE,False,False,27.152667723190703,2.664704550599955,94.2,81.3,12.0,2.4,True,,,0.0,,50.0,0.0,0.0,0.0,0.0,0.0,0.0,0.0,0.0,0.0,0.0,0.0,0.0,LOW,0.0,,LOW,0.0,,LOW,0.0,,LOW,0.0,,LOW,0.0,,LOW,0.0,,LOW,0.0,,LOW,0.0,,LOW,0.0,,1.2874615549674555,0.5149846219869824,,,0.0,2.666162545755205,2.6773806209827864,50.0,68.4,54.4,87.4,9.46,1.84,,8.6,1.84,,HOT,WARM,COOL,7.44,6.76,HOT,Yellow,Red,Red,Yellow,80.0,60.0,57.0,76.0,POINTS,80.0,1.0,1.0,1.0,1.0,0.0,1.0,A,Distributor,12.6,,27.0,,2.0,3.133084577114428,209.91666666666663,3.133084577114428,0.1261341558675666,12.6,12.6,4.132354108773323,1.0346963080587537,3.644303294958317,6.930078217587106,6.692271808427927,27.0,68.2,False,,,,🅿️ D:1,,False,False,1.0,,False,0.0,,False,0.0,,,,,,,,,,,,,,,,,,,,,,,,,,,,,,,,,,,,,,,,,,,,,,,,,,,,,,,,,,,,,,,,,,,,,,,,,,,,,,,,,,,,,,,,,,,,,,,,,,,,,,,,2026-10-05T11:43:17.763238+00:00,ALTLINE_NB_v1_2026-01-18,,,,league_avg,2.3,,,,,,,,,,,,,,,,,,,,,,,,,exp/fallback,0.946,,,,,,,,,,,,,,,,,,,,,,,,,exp/fallback,0.744,,,,,,,,,,,,,,,,,,,,,,,,,exp/fallback,0.2536,,,,,,,,,,,,,,,,,,,,,,,,,exp/fallback,0.2246,,,,,,,,,,,,,,,,,,,,,,False,False,False,False,False,,,Active roster,2026-10-05T11:43:17+00:00,False,[],2025-2026,,2026-09-24-frozen-v2,2026-10-05T11:43:20.192002+00:00,2026020041,,,NO_PLAYER,,,NO_PLAYER,,,NO_PLAYER,,,NO_PLAYER,,,NO_PLAYER,,,NO_PLAYER,,,NO_PLAYER
2026-10-05,OTT@BOS,2026020041,6:30 PM,2026-10-05T23:30:00Z,Jordan Spence,8481606,OTT,False,"{""season"":""2026-27"",""games"":[{""d"":""2026-10-03"",""g"":0,""a"":0,""s"":2,""pp"":0,""h"":""R"",""toi"":""22:30""}]}",2026-27,OTT,D,,Healthy,Unknown,,,2.0,1.0,🟢 ROLE+,15.0,9.0,2026-10-05T11:42:57+00:00,BOS,Jeremy Swayman,0.9071246819338422,2.707645389120994,32.0,Unconfirmed,dailyfaceoff_name_and_stats,29.0,7.0,29.0,7.0,,52.9,77.8,A1+A2,18.73,80.4,67.1,1.07,NONE,False,False,27.152667723190703,2.664704550599955,94.2,81.3,12.0,2.4,True,,,2.0,,50.0,0.0,0.0,2.0,0.0,0.0,0.0,0.0,0.0,0.0,0.0,2.0,2.0,LOW,0.0,-0.5,LOW,0.0,,LOW,0.0,,LOW,0.0,,LOW,0.0,,LOW,0.0,,LOW,0.2,,LOW,0.1,,LOW,0.05,,1.279230275116511,0.2952069865653487,,,0.0,2.666162545755205,2.6773806209827864,50.0,68.4,53.9,87.4,4.42,0.91,,4.42,0.91,,HOT,COOL,COOL,3.51,3.51,HOT,Yellow,Red,Red,Yellow,74.0,54.0,51.0,69.0,POINTS,74.0,1.0,1.0,1.0,0.0,0.0,1.0,B,Distributor,6.8,,27.0,,1.0,1.2648401826484017,92.33333333333331,1.2648401826484017,0.067545324863751,6.8,6.8,1.6018050541516249,0.2209386281588448,1.624548736462094,6.930078217587106,6.692271808427927,27.0,50.9,False,,,,🅿️ D:1,,False,False,0.0,,False,0.0,,False,0.0,,,,,,,,,,,,,,,,,0.5,190.0,Fanatics,1.5,1200.0,DraftKings,2.5,2000.0,Bovada,3.5,3100.0,BetOnline.ag,0.5,190.0,Fanatics,0.5,255.0,Bovada,1.5,1600.0,DraftKings,2.5,3300.0,Bovada,,,,0.5,255.0,Bovada,0.5,1100.0,Fanatics,,,,,,,,,,0.5,1100.0,Fanatics,0.5,1100.0,Fanatics,,,,,,,,,,0.5,1100.0,Fanatics,The Odds API,"[""Bally Bet"", ""BetOnline.ag"", ""BetRivers"", ""Bovada"", ""Courtside"", ""DraftKings"", ""Fanatics"", ""Hard Rock Bet"", ""ReBet"", ""draftkings"", ""theScore Bet""]",The Odds API,"[""Bally Bet"", ""BetOnline.ag"", ""BetRivers"", ""Bovada"", ""Caesars"", ""Courtside"", ""DraftKings"", ""Fanatics"", ""Hard Rock Bet"", ""ReBet"", ""draftkings"", ""theScore Bet""]",0.5,750.0,Hard Rock Bet,,,,,,,,,,0.5,750.0,Hard Rock Bet,The Odds API,"[""Bovada"", ""Hard Rock Bet"", ""theScore Bet""]",The Odds API,"[""Bally Bet"", ""BetMGM"", ""BetRivers"", ""Bovada"", ""Caesars"", ""Courtside"", ""DraftKings"", ""FanDuel"", ""Fanatics"", ""fanatics""]",The Odds API,"[""Bally Bet"", ""BetMGM"", ""BetRivers"", ""Bovada"", ""Caesars"", ""Courtside"", ""DraftKings"", ""FanDuel"", ""Fanatics"", ""Hard Rock Bet"", ""theScore Bet""]",,,2026-10-05T11:43:17.763238+00:00,ALTLINE_NB_v1_2026-01-18,,,,exp/fallback,0.2,,,,,,,,,,,,,,,,,,,,,,0.5,190.0,Fanatics,exp/fallback,0.442,0.3369952053503654,33.7,0.3448275862068966,-2.2713904483940284,-2.3,0.3369952053503654,33.7,-2.2713904483940284,-2.3,0.0832079712331587,8.3,8.170362603106318,8.2,0.0176347303057587,1.8,-62.96706635790653,-63.0,0.0034111994513238,0.3,-89.0841617557637,-89.1,0.5,255.0,Bovada,exp/fallback,0.351,0.2763063981208572,27.6,0.2816901408450704,-1.911228667095688,-1.9,0.2763063981208572,27.6,-1.911228667095688,-1.9,0.0602141358838694,6.0,2.364031002578116,2.4,0.0118208666079128,1.2,-59.80905353309642,-59.8,,,,,0.5,1100.0,Fanatics,exp/fallback,0.1623,0.1455089046947885,14.6,0.0833333333333333,74.61068563374621,74.6,0.1455089046947885,14.6,74.61068563374621,74.6,,,,,,,,,,,,,0.5,1100.0,Fanatics,exp/fallback,0.1231124999999999,0.1116900401328522,11.2,0.0833333333333333,34.02804815942267,34.0,0.1116900401328522,11.2,34.02804815942267,34.0,,,,,,,,,,,,,False,False,True,True,False,,,Active roster,2026-10-05T11:43:17+00:00,False,[],2025-2026,,2026-09-24-frozen-v2,2026-10-05T11:43:20.192002+00:00,2026020041,8481606.0,PLAYER_ID,FINAL,0.0,L,OK,0.0,L,OK,1.0,,NO_LINE,0.0,L,OK,0.0,L,OK,0.0,L,OK
2026-10-05,OTT@BOS,2026020041,6:30 PM,2026-10-05T23:30:00Z,Michael Amadio,8478020,OTT,False,"{""season"":""2026-27"",""games"":[{""d"":""2026-10-03"",""g"":1,""a"":0,""s"":1,""pp"":0,""h"":""R"",""toi"":""19:13""}]}",2026-27,OTT,R,,Healthy,Unknown,,,2.0,0.0,,15.0,9.0,2026-10-05T11:42:57+00:00,BOS,Jeremy Swayman,0.9071246819338422,2.707645389120994,32.0,Unconfirmed,dailyfaceoff_name_and_stats,29.0,7.0,29.0,7.0,,74.4,71.0,A1+A2,16.12,59.6,70.2,1.08,NONE,False,False,27.152667723190703,2.664704550599955,94.2,81.3,12.0,2.4,True,,,1.0,,50.0,1.0,1.0,1.0,1.0,0.0,0.0,1.0,1.0,0.0,0.0,1.0,1.0,LOW,0.1,-0.4,LOW,0.05,,LOW,0.025,,LOW,0.0,,LOW,0.0,,LOW,0.0,,LOW,0.1,,LOW,0.05,,LOW,0.025,,1.502136659904174,0.4143825268701169,,,0.0,2.666162545755205,2.6773806209827864,50.0,68.4,60.3,87.4,4.53,1.86,,3.53,0.86,,HOT,COOL,COOL,2.67,2.67,HOT,Yellow,Yellow,Red,Yellow,66.0,62.0,63.0,64.0,POINTS,66.0,0.0,1.0,0.0,1.0,0.0,1.0,C,Passenger,0.5,,27.0,,0.0,0.0802469135802469,6.5,0.0802469135802469,0.0049779820026804,0.5,0.5,0.4615384615384615,0.4615384615384615,0.0,6.930078217587106,6.692271808427927,27.0,26.5,False,,,,🅿️ D:0,,False,False,0.0,,False,0.0,,False,0.0,,,,,,,,,,,,,,,,,0.5,275.0,BetRivers,,,,,,,,,,0.5,275.0,BetRivers,,,,,,,,,,,,,,,,0.5,700.0,Fanatics,,,,,,,,,,0.5,700.0,Fanatics,0.5,700.0,Fanatics,,,,,,,,,,0.5,700.0,Fanatics,,,The Odds API,"[""Bally Bet"", ""BetRivers""]",,,,,,,,,,,,,,,,,,The Odds API,"[""Bally Bet"", ""BetMGM"", ""BetRivers"", ""Bovada"", ""Caesars"", ""Courtside"", ""DraftKings"", ""FanDuel"", ""Fanatics"", ""fanatics""]",The Odds API,"[""Bally Bet"", ""BetMGM"", ""BetRivers"", ""Bovada"", ""Caesars"", ""Courtside"", ""DraftKings"", ""FanDuel"", ""Fanatics"", ""Hard Rock Bet"", ""theScore Bet""]",,,2026-10-05T11:43:17.763238+00:00,ALTLINE_NB_v1_2026-01-18,,,,exp/fallback,0.1,,,,,,,,,,,,,,,,,,,,,,0.5,275.0,BetRivers,exp/fallback,0.453,0.3432707821887649,34.3,0.2666666666666666,28.726543320786856,28.7,0.3432707821887649,34.3,28.726543320786856,28.7,,,,,,,,,,,,,,,,exp/fallback,0.267,,,,,,,,,,,,,,,,,,,,,,0.5,700.0,Fanatics,exp/fallback,0.1908,0.1679556532822095,16.8,0.125,34.36452262576761,34.4,0.1679556532822095,16.8,34.36452262576761,34.4,,,,,,,,,,,,,0.5,700.0,Fanatics,exp/fallback,0.169425,0.1484770633250214,14.8,0.125,18.78165066001713,18.8,0.1484770633250214,14.8,18.78165066001713,18.8,,,,,,,,,,,,,False,True,True,True,False,,,Active roster,2026-10-05T11:43:17+00:00,False,[],2025-2026,,2026-09-24-frozen-v2,2026-10-05T11:43:20.192002+00:00,2026020041,8478020.0,PLAYER_ID,FINAL,2.0,W,OK,1.0,,NO_LINE,2.0,,NO_LINE,1.0,W,OK,1.0,W,OK,0.0,,NO_LINE
2026-10-05,OTT@BOS,2026020041,6:30 PM,2026-10-05T23:30:00Z,Nick Cousins,8476393,OTT,False,,2026-27,OTT,C,,Healthy,Unknown,,,2.0,0.0,,15.0,9.0,2026-10-05T11:42:57+00:00,BOS,Jeremy Swayman,0.9071246819338422,2.707645389120994,32.0,Unconfirmed,dailyfaceoff_name_and_stats,29.0,7.0,29.0,7.0,,65.9,58.4,A1+A2,11.42,19.2,53.9,1.02,NONE,False,False,27.152667723190703,2.664704550599955,94.2,81.3,12.0,2.4,True,,,,,50.0,,,,,,,,,,,,,,,,,,,,,,,,,,,,,,,,,,,,,,,,1.5065776305973544,0.3930202514601794,,,0.0,2.666162545755205,2.6773806209827864,50.0,68.4,60.5,87.4,2.98,1.23,,,,,COOL,COOL,COOL,1.76,,COOL,Red,Red,Red,Red,52.0,54.0,54.0,50.0,SOG,54.0,,,,,,,C,Passenger,0.5,,27.0,,0.0,0.0532921810699588,4.316666666666666,0.0532921810699588,0.0046651536438632,0.5,0.5,0.0,0.0,0.0,6.930078217587106,6.692271808427927,27.0,26.5,False,,,,,,False,False,0.0,,False,0.0,,False,0.0,,,,,,,,,,,,,,,,,,,,,,,,,,,,,,,,,,,,,,,,,,,,,,,0.5,1200.0,FanDuel,,,,,,,,,,0.5,1200.0,FanDuel,0.5,1200.0,FanDuel,,,,,,,,,,0.5,1200.0,FanDuel,,,,,,,,,,,,,,,,,,,,,,The Odds API,"[""Bally Bet"", ""BetMGM"", ""BetRivers"", ""Bovada"", ""Caesars"", ""Courtside"", ""DraftKings"", ""FanDuel"", ""Fanatics"", ""fanduel""]",The Odds API,"[""Bally Bet"", ""BetMGM"", ""BetRivers"", ""Bovada"", ""Caesars"", ""Courtside"", ""DraftKings"", ""FanDuel"", ""Fanatics"", ""Hard Rock Bet"", ""theScore Bet""]",,,2026-10-05T11:43:17.763238+00:00,ALTLINE_NB_v1_2026-01-18,,,,league_avg,2.3,,,,,,,,,,,,,,,,,,,,,,,,,exp/fallback,0.298,,,,,,,,,,,,,,,,,,,,,,,,,exp/fallback,0.176,,,,,,,,,,,,,,,,,,,,,,0.5,1200.0,FanDuel,exp/fallback,0.2292,0.1969148133839732,19.7,0.0769230769230769,155.98925739916515,156.0,0.1969148133839732,19.7,155.98925739916515,156.0,,,,,,,,,,,,,0.5,1200.0,FanDuel,exp/fallback,0.18495,0.1602495866666299,16.0,0.0769230769230769,108.32446266661889,108.3,0.1602495866666299,16.0,108.32446266661889,108.3,,,,,,,,,,,,,False,False,True,True,False,,,Active roster,2026-10-05T11:43:17+00:00,False,[],2025-2026,,2026-09-24-frozen-v2,2026-10-05T11:43:20.192002+00:00,2026020041,8476393.0,PLAYER_ID,FINAL,1.0,,NO_LINE,1.0,,NO_LINE,1.0,,NO_LINE,0.0,L,OK,0.0,L,OK,0.0,,NO_LINE
2026-10-05,OTT@BOS,2026020041,6:30 PM,2026-10-05T23:30:00Z,Nikolas Matinpalo,8484321,OTT,False,,2026-27,OTT,D,,Healthy,Unknown,,,2.0,0.0,,15.0,9.0,2026-10-05T11:42:57+00:00,BOS,Jeremy Swayman,0.9071246819338422,2.707645389120994,32.0,Unconfirmed,dailyfaceoff_name_and_stats,29.0,7.0,29.0,7.0,,28.4,34.6,A1+A2,15.63,56.2,36.1,0.94,NONE,False,False,27.152667723190703,2.664704550599955,94.2,81.3,12.0,2.4,True,,,,,50.0,,,,,,,,,,,,,,,,,,,,,,,,,,,,,,,,,,,,,,,,0.2572408536585366,0.2572408536585366,,,0.0,2.666162545755205,2.6773806209827864,50.0,68.4,37.6,87.4,1.3,0.35,,,,,COOL,COOL,COOL,0.94,,COOL,Red,Red,Red,Red,41.0,37.0,34.0,36.0,POINTS,41.0,,,,,,,C,Passenger,0.0,,27.0,,0.0,0.005,0.25,0.005,0.0003199522204684,0.0,0.0,0.0,0.0,0.0,6.930078217587106,6.692271808427927,27.0,13.2,False,,,,,,False,False,0.0,,False,0.0,,False,0.0,,,,,,,,,,,,,,,,,,,,,,,,,,,,,,,,,,,,,,,,,,,,,,,0.5,1800.0,DraftKings,,,,,,,,,,0.5,1800.0,DraftKings,0.5,1800.0,DraftKings,,,,,,,,,,0.5,1800.0,DraftKings,,,,,,,,,,,,,,,,,,,,,,The Odds API,"[""Bally Bet"", ""BetMGM"", ""BetRivers"", ""Bovada"", ""Caesars"", ""Courtside"", ""DraftKings"", ""FanDuel"", ""Fanatics"", ""fanatics""]",The Odds API,"[""Bally Bet"", ""BetMGM"", ""BetRivers"", ""Bovada"", ""Caesars"", ""Courtside"", ""DraftKings"", ""FanDuel"", ""Fanatics"", ""Hard Rock Bet"", ""theScore Bet""]",,,2026-10-05T11:43:17.763238+00:00,ALTLINE_NB_v1_2026-01-18,,,,league_avg,2.3,,,,,,,,,,,,,,,,,,,,,,,,,exp/fallback,0.13,,,,,,,,,,,,,,,,,,,,,,,,,exp/fallback,0.094,,,,,,,,,,,,,,,,,,,,,,0.5,1800.0,DraftKings,exp/fallback,0.194,0.1704242598191189,17.0,0.0526315789473684,223.80609365632588,223.8,0.1704242598191189,17.0,223.80609365632588,223.8,,,,,,,,,,,,,0.5,1800.0,DraftKings,exp/fallback,0.12775,0.1154908773011575,11.5,0.0526315789473684,119.43266687219942,119.4,0.1154908773011575,11.5,119.43266687219942,119.4,,,,,,,,,,,,,False,False,True,True,False,,,Active roster,2026-10-05T11:43:17+00:00,False,[],2025-2026,,2026-09-24-frozen-v2,2026-10-05T11:43:20.192002+00:00,2026020041,8484321.0,PLAYER_ID,FINAL,0.0,,NO_LINE,0.0,,NO_LINE,1.0,,NO_LINE,0.0,L,OK,0.0,L,OK,0.0,,NO_LINE
2026-10-05,OTT@BOS,2026020041,6:30 PM,2026-10-05T23:30:00Z,Ridly Greig,8482092,OTT,False,"{""season"":""2026-27"",""games"":[]}",2026-27,OTT,C,,Healthy,Unknown,,,2.0,0.0,,15.0,9.0,2026-10-05T11:42:57+00:00,BOS,Jeremy Swayman,0.9071246819338422,2.707645389120994,32.0,Unconfirmed,dailyfaceoff_name_and_stats,29.0,7.0,29.0,7.0,30.8,83.1,74.9,A1+A2,16.69,64.5,76.5,1.11,NONE,False,False,27.152667723190703,2.664704550599955,94.2,81.3,12.0,2.4,True,2.0,,2.0,2.0,68.1,1.0,0.0,8.0,0.0,1.0,1.0,1.0,1.0,1.0,1.0,8.0,8.0,LOW,0.1,,LOW,0.05,,LOW,0.025,,LOW,0.1,,LOW,0.05,,LOW,0.025,,LOW,0.8,,LOW,0.4,,LOW,0.2,,1.665620146072243,0.5948643378829439,,,1.0,2.666162545755205,2.6773806209827864,50.0,68.4,64.1,87.4,5.75,2.59,22.0,4.75,2.59,12.0,HOT,HOT,HOT,3.48,2.16,WARM,Yellow,Red,Yellow,Yellow,70.0,71.0,71.0,67.0,SOG,71.0,2.0,2.0,4.0,1.0,0.0,4.0,C,Passenger,5.8,,27.0,,0.0,0.9634199134199136,74.18333333333334,0.9634199134199136,0.0577115072933549,5.8,5.8,1.924960682992586,0.5499887665693103,1.6176140193215007,6.930078217587106,6.692271808427927,27.0,49.5,False,,,,🎯 D:1,,False,False,1.0,,False,0.0,,False,0.0,,,,,,,,,,,,,,,,,,,,,,,,,,,,,,,,,,,,,,,,,,,,,,,,,,,,,,,,,,,,,,,,,,,,,,,,,,,,,,,,,,,,,,,,,,,,,,,,,,,,,,,,2026-10-05T11:43:17.763238+00:00,ALTLINE_NB_v1_2026-01-18,,,,exp/fallback,2.2,,,,,,,,,,,,,,,,,,,,,,,,,exp/fallback,0.575,,,,,,,,,,,,,,,,,,,,,,,,,exp/fallback,0.348,,,,,,,,,,,,,,,,,,,,,,,,,exp/fallback,0.2836,,,,,,,,,,,,,,,,,,,,,,,,,exp/fallback,0.27335,,,,,,,,,,,,,,,,,,,,,,False,False,False,False,False,30.8,,Active roster,2026-10-05T11:43:17+00:00,False,[],2025-2026,,2026-09-24-frozen-v2,2026-10-05T11:43:20.192002+00:00,2026020041,,,NO_PLAYER,,,NO_PLAYER,,,NO_PLAYER,,,NO_PLAYER,,,NO_PLAYER,,,NO_PLAYER,,,NO_PLAYER
2026-10-05,OTT@BOS,2026020041,6:30 PM,2026-10-05T23:30:00Z,Shane Pinto,8481596,OTT,False,"{""season"":""2026-27"",""games"":[{""d"":""2026-10-03"",""g"":0,""a"":1,""s"":4,""pp"":0,""h"":""R"",""toi"":""20:27""}]}",2026-27,OTT,C,,Healthy,Unknown,,,2.0,1.0,🟢 ROLE+,15.0,9.0,2026-10-05T11:42:57+00:00,BOS,Jeremy Swayman,0.9071246819338422,2.707645389120994,32.0,Unconfirmed,dailyfaceoff_name_and_stats,29.0,7.0,29.0,7.0,,93.9,76.4,A1+A2,18.71,79.6,84.9,1.14,NONE,False,False,27.152667723190703,2.664704550599955,94.2,81.3,12.0,2.4,True,,,4.0,,50.0,1.0,0.0,4.0,0.0,1.0,1.0,1.0,1.0,1.0,1.0,4.0,4.0,LOW,0.1,-0.4,LOW,0.05,,LOW,0.025,,LOW,0.1,,LOW,0.05,,LOW,0.025,,LOW,0.4,,LOW,0.2,,LOW,0.1,,1.77153329260843,0.6108735491753207,,,1.0,2.666162545755205,2.6773806209827864,50.0,68.4,65.9,87.4,7.76,4.12,,6.76,4.12,,HOT,HOT,COOL,4.0,2.64,HOT,Yellow,Yellow,Yellow,Yellow,75.0,76.0,75.0,73.0,SOG,76.0,0.0,0.0,1.0,0.0,0.0,1.0,B,Shooter,9.4,,27.0,,1.0,1.7550925925925924,126.36666666666666,1.7550925925925924,0.0937960042060988,9.4,9.4,2.0131891321551048,2.0131891321551048,0.0,6.930078217587106,6.692271808427927,27.0,41.1,False,,,,🎯 D:0,,False,False,2.0,,False,0.0,,False,0.0,,1.5,-169.0,BetOnline.ag,2.5,178.0,FanDuel,3.5,460.0,FanDuel,4.5,1100.0,Fanatics,1.5,-169.0,BetOnline.ag,0.5,145.0,Hard Rock Bet,1.5,700.0,Fanatics,2.5,3000.0,Fanatics,3.5,3700.0,BetOnline.ag,0.5,145.0,Hard Rock Bet,0.5,330.0,Bovada,1.5,1900.0,Fanatics,2.5,3300.0,Bovada,,,,0.5,330.0,Bovada,0.5,375.0,Hard Rock Bet,,,,,,,,,,0.5,375.0,Hard Rock Bet,0.5,290.0,FanDuel,,,,,,,,,,0.5,290.0,FanDuel,The Odds API,"[""Bally Bet"", ""BetOnline.ag"", ""BetRivers"", ""Bovada"", ""Courtside"", ""DraftKings"", ""FanDuel"", ""Fanatics"", ""Hard Rock Bet"", ""ReBet"", ""draftkings"", ""theScore Bet""]",The Odds API,"[""Bally Bet"", ""BetOnline.ag"", ""BetRivers"", ""Bovada"", ""Caesars"", ""Courtside"", ""DraftKings"", ""FanDuel"", ""Fanatics"", ""Hard Rock Bet"", ""ReBet"", ""draftkings"", ""theScore Bet""]",0.5,700.0,Hard Rock Bet,,,,,,,,,,0.5,700.0,Hard Rock Bet,The Odds API,"[""Bovada"", ""Hard Rock Bet"", ""theScore Bet""]",The Odds API,"[""Bally Bet"", ""BetMGM"", ""BetRivers"", ""Bovada"", ""Caesars"", ""Courtside"", ""DraftKings"", ""FanDuel"", ""Fanatics"", ""fanduel""]",The Odds API,"[""Bally Bet"", ""BetMGM"", ""BetRivers"", ""Bovada"", ""Caesars"", ""Courtside"", ""DraftKings"", ""FanDuel"", ""Fanatics"", ""Hard Rock Bet"", ""fanduel"", ""theScore Bet""]",The Odds API,"[""BetOnline.ag"", ""FanDuel"", ""Fanatics"", ""ReBet""]",2026-10-05T11:43:17.763238+00:00,ALTLINE_NB_v1_2026-01-18,1.5,-169.0,BetOnline.ag,exp/fallback,0.4,0.0686180154112674,6.9,0.6282527881040892,-89.0779608605734,-89.1,0.0686180154112674,6.9,-89.0779608605734,-89.1,0.0121706224058896,1.2,-96.61656697116268,-96.6,0.0019074600412755,0.2,-98.93182237688572,-98.9,0.0002746842105414,0.0,-99.67037894735029,-99.7,0.5,145.0,Hard Rock Bet,exp/fallback,0.776,0.4966667052220902,49.7,0.4081632653061224,21.683342779412108,21.7,0.4966667052220902,49.7,21.683342779412108,21.7,0.1895051475406982,19.0,51.60411803255859,51.6,0.0629785480491025,6.3,95.2334989522178,95.2,0.0192242516117235,1.9,-26.94784387545037,-26.9,0.5,330.0,Bovada,exp/fallback,0.4,0.3055555555555554,30.6,0.2325581395348837,31.388888888888854,31.4,0.3055555555555554,30.6,31.388888888888854,31.4,0.0740740740740739,7.4,48.14814814814792,48.1,0.0162037037037036,1.6,-44.90740740740773,-44.9,,,,,0.5,375.0,Hard Rock Bet,exp/fallback,0.2586,0.2181414459436127,21.8,0.2105263157894736,3.617186823216045,3.6,0.2181414459436127,21.8,3.617186823216045,3.6,,,,,,,,,,,,,0.5,290.0,FanDuel,exp/fallback,0.2796,0.2265579303612576,22.7,0.2564102564102564,-11.642407159109537,-11.6,0.2265579303612576,22.7,-11.642407159109537,-11.6,,,,,,,,,,,,,False,True,False,False,True,,,Active roster,2026-10-05T11:43:17+00:00,False,[],2025-2026,,2026-09-24-frozen-v2,2026-10-05T11:43:20.192002+00:00,2026020041,8481596.0,PLAYER_ID,FINAL,1.0,W,OK,1.0,W,OK,2.0,W,OK,0.0,L,OK,0.0,L,OK,0.0,L,OK
2026-10-05,OTT@BOS,2026020041,6:30 PM,2026-10-05T23:30:00Z,Stephen Halliday,8483676,OTT,False,,2026-27,OTT,C,,Healthy,Unknown,,,2.0,0.0,,15.0,9.0,2026-10-05T11:42:57+00:00,BOS,Jeremy Swayman,0.9071246819338422,2.707645389120994,32.0,Unconfirmed,dailyfaceoff_name_and_stats,29.0,7.0,29.0,7.0,,36.2,40.6,A1+A2,8.51,4.5,31.4,0.94,NONE,False,False,27.152667723190703,2.664704550599955,94.2,81.3,12.0,2.4,True,,,,,50.0,,,,,,,,,,,,,,,,,,,,,,,,,,,,,,,,,,,,,,,,2.4464831804281344,0.6116207951070336,,,0.0,2.666162545755205,2.6773806209827864,50.0,68.4,72.4,87.4,3.2,1.0,,,,,COOL,COOL,COOL,2.19,,COOL,Red,Red,Red,Red,42.0,37.0,36.0,40.0,POINTS,42.0,,,,,,,C,Passenger,21.8,,27.0,,0.0,1.8594444444444445,55.78333333333333,1.8594444444444445,0.2184868463998955,21.8,21.8,3.538691365401853,0.7959366596952495,3.226770242007768,6.930078217587106,6.692271808427927,27.0,75.6,False,,,,,,False,False,0.0,,False,0.0,,False,0.0,,,,,,,,,,,,,,,,,,,,,,,,,,,,,,,,,,,,,,,,,,,,,,,0.5,700.0,theScore Bet,,,,,,,,,,0.5,700.0,theScore Bet,0.5,600.0,DraftKings,,,,,,,,,,0.5,600.0,DraftKings,,,,,,,,,,,,,,,,,,,,,,The Odds API,"[""Bally Bet"", ""BetMGM"", ""BetRivers"", ""Bovada"", ""Caesars"", ""Courtside"", ""DraftKings"", ""FanDuel"", ""Fanatics"", ""betrivers""]",The Odds API,"[""Bally Bet"", ""BetMGM"", ""BetRivers"", ""Bovada"", ""Caesars"", ""Courtside"", ""DraftKings"", ""FanDuel"", ""Fanatics"", ""Hard Rock Bet"", ""theScore Bet""]",,,2026-10-05T11:43:17.763238+00:00,ALTLINE_NB_v1_2026-01-18,,,,league_avg,2.3,,,,,,,,,,,,,,,,,,,,,,,,,exp/fallback,0.32,,,,,,,,,,,,,,,,,,,,,,,,,exp/fallback,0.219,,,,,,,,,,,,,,,,,,,,,,0.5,700.0,theScore Bet,exp/fallback,0.22,0.190106783173378,19.0,0.125,52.08542653870243,52.1,0.190106783173378,19.0,52.08542653870243,52.1,,,,,,,,,,,,,0.5,600.0,DraftKings,exp/fallback,0.1699999999999999,0.1489179289892833,14.9,0.1428571428571428,4.242550292498349,4.2,0.1489179289892833,14.9,4.242550292498349,4.2,,,,,,,,,,,,,False,False,True,False,False,,,Active roster,2026-10-05T11:43:17+00:00,False,[],2025-2026,,2026-09-24-frozen-v2,2026-10-05T11:43:20.192002+00:00,2026020041,8483676.0,PLAYER_ID,FINAL,0.0,,NO_LINE,0.0,,NO_LINE,0.0,,NO_LINE,0.0,L,OK,0.0,L,OK,0.0,,NO_LINE
2026-10-05,OTT@BOS,2026020041,6:30 PM,2026-10-05T23:30:00Z,Thomas Chabot,8478469,OTT,False,"{""season"":""2026-27"",""games"":[{""d"":""2026-10-03"",""g"":1,""a"":1,""s"":2,""pp"":0,""h"":""R"",""toi"":""27:06""}]}",2026-27,OTT,D,,Healthy,Unknown,,,2.0,1.0,🟢 ROLE+,15.0,9.0,2026-10-05T11:42:57+00:00,BOS,Jeremy Swayman,0.9071246819338422,2.707645389120994,32.0,Unconfirmed,dailyfaceoff_name_and_stats,29.0,7.0,29.0,7.0,,51.6,77.8,A1+A2,22.58,95.1,69.5,1.08,NONE,False,False,27.152667723190703,2.664704550599955,94.2,81.3,12.0,2.4,True,,,2.0,,50.0,2.0,1.0,2.0,1.0,1.0,1.0,2.0,2.0,1.0,1.0,2.0,2.0,LOW,0.2,-0.3,LOW,0.1,,LOW,0.05,,LOW,0.1,,LOW,0.05,,LOW,0.025,,LOW,0.2,,LOW,0.1,,LOW,0.05,,1.011637133033589,0.5355725998413118,,,1.0,2.666162545755205,2.6773806209827864,50.0,68.4,47.5,87.4,5.65,1.11,,3.65,0.11,,HOT,COOL,COOL,4.54,3.54,HOT,Yellow,Red,Red,Yellow,74.0,54.0,53.0,69.0,POINTS,74.0,0.0,0.0,0.0,0.0,0.0,1.0,B,Distributor,10.3,,27.0,,1.0,2.335964912280702,133.15,2.335964912280702,0.1034576534576534,10.3,10.3,2.306045812992865,0.4866691701088997,2.1404431092752536,6.930078217587106,6.692271808427927,27.0,57.9,False,,,,🅿️ D:0,,False,False,0.0,,False,0.0,,False,0.0,,1.5,-160.0,theScore Bet,2.5,210.0,BetOnline.ag,3.5,700.0,BetOnline.ag,4.5,2300.0,BetOnline.ag,1.5,-160.0,theScore Bet,0.5,125.0,theScore Bet,1.5,600.0,DraftKings,2.5,2500.0,Fanatics,3.5,4000.0,BetOnline.ag,0.5,125.0,theScore Bet,0.5,170.0,Bovada,1.5,1000.0,DraftKings,2.5,4000.0,Fanatics,,,,0.5,170.0,Bovada,0.5,600.0,theScore Bet,,,,,,,,,,0.5,600.0,theScore Bet,0.5,550.0,DraftKings,,,,,,,,,,0.5,550.0,DraftKings,The Odds API,"[""Bally Bet"", ""BetOnline.ag"", ""BetRivers"", ""Bovada"", ""Courtside"", ""DraftKings"", ""FanDuel"", ""Fanatics"", ""Hard Rock Bet"", ""ReBet"", ""draftkings"", ""theScore Bet""]",The Odds API,"[""Bally Bet"", ""BetOnline.ag"", ""BetRivers"", ""Bovada"", ""Caesars"", ""Courtside"", ""DraftKings"", ""FanDuel"", ""Fanatics"", ""Hard Rock Bet"", ""ReBet"", ""draftkings"", ""theScore Bet""]",0.5,400.0,Hard Rock Bet,,,,,,,,,,0.5,400.0,Hard Rock Bet,The Odds API,"[""Bovada"", ""Hard Rock Bet"", ""theScore Bet""]",The Odds API,"[""Bally Bet"", ""BetMGM"", ""BetRivers"", ""Bovada"", ""Caesars"", ""Courtside"", ""DraftKings"", ""FanDuel"", ""Fanatics"", ""fanatics""]",The Odds API,"[""Bally Bet"", ""BetMGM"", ""BetRivers"", ""Bovada"", ""Caesars"", ""Courtside"", ""DraftKings"", ""FanDuel"", ""Fanatics"", ""Hard Rock Bet"", ""theScore Bet""]",The Odds API,"[""BetOnline.ag"", ""Courtside"", ""DraftKings"", ""FanDuel"", ""Fanatics"", ""Hard Rock Bet"", ""ReBet"", ""theScore Bet""]",2026-10-05T11:43:17.763238+00:00,ALTLINE_NB_v1_2026-01-18,1.5,-160.0,theScore Bet,exp/fallback,0.2,0.0205922919144261,2.1,0.6153846153846154,-96.65375256390575,-96.7,0.0205922919144261,2.1,-96.65375256390575,-96.7,0.0019369069985104,0.2,-99.39955883046176,-99.4,0.0001602036731851,0.0,-99.87183706145188,-99.9,1.2145062741386605e-05,0.0,-99.97085184942068,-100.0,0.5,125.0,theScore Bet,exp/fallback,0.5650000000000001,0.4028318591219647,40.3,0.4444444444444444,-9.362831697557938,-9.4,0.4028318591219647,40.3,-9.362831697557938,-9.4,0.1211370149590844,12.1,-15.204089528640877,-15.2,0.0314426954494886,3.1,-18.248991831329555,-18.2,0.0074667978946381,0.7,-69.38612863198375,-69.4,0.5,170.0,Bovada,exp/fallback,0.454,0.3357816422001836,33.6,0.3703703703703703,-9.338956605950433,-9.3,0.3357816422001836,33.6,-9.338956605950433,-9.3,0.090015436461702,9.0,-0.9830198921277232,-1.0,0.0218138121308519,2.2,-10.563370263506863,-10.6,,,,,0.5,600.0,theScore Bet,exp/fallback,0.1683,0.150304376893158,15.0,0.1428571428571428,5.213063825210607,5.2,0.150304376893158,15.0,5.213063825210607,5.2,,,,,,,,,,,,,0.5,550.0,DraftKings,exp/fallback,0.1328625,0.119650018226611,12.0,0.1538461538461538,-22.227488152702826,-22.2,0.119650018226611,12.0,-22.227488152702826,-22.2,,,,,,,,,,,,,False,False,False,False,False,,,Active roster,2026-10-05T11:43:17+00:00,False,[],2025-2026,,2026-09-24-frozen-v2,2026-10-05T11:43:20.192002+00:00,2026020041,8478469.0,PLAYER_ID,FINAL,0.0,L,OK,0.0,L,OK,1.0,L,OK,0.0,L,OK,0.0,L,OK,0.0,L,OK
2026-10-05,OTT@BOS,2026020041,6:30 PM,2026-10-05T23:30:00Z,Tim Stützle,8482116,,,,,OTT,C,,Unknown,,,,,,,,,,,,,,,,,,,,,,,,,,,,,,,,,,,,,,,,,,,,,,,,,,,,,,,,,,,,,,,,,,,,,,,,,,,,,,,,,,,,,,,,,,,,,,,,,,,,,,,,,,,,,,,,,,,,,,,,,,,,,,,,,,,,,,,,,,,,,,,,,,,,,,,,,,,,,,,,,,,,,,,,,,,,,,,,,,,,,,,,,,,,,,,,,,,,,,,,,,,,,,,,,,,,,,,,,,,,,,,,,,,,,,,,,,,,,,,,,,,,,,,,,,,,,,,,,,,,,,2.5,155.0,draftkings,,,,,,,,,,,,,,,,,,,,,,,,0.5,-205.0,draftkings,,,,,,,,,,,,,,,,,,,,,,,,0.5,-105.0,draftkings,,,,,,,,,,,,,,,,,,,,,,,,0.5,210.0,fanduel,,,,,,,,,,,,,,,,,,,,,,,,,,,,,,,,,,,,,,,,,,,,,,,,,,,,,,,,,Active roster,2026-10-05T11:43:17+00:00,True,[],Unavailable,True,2026-09-24-frozen-v2,2026-10-05T11:43:20.192002+00:00,2026020041,8482116.0,PLAYER_ID,FINAL,3.0,W,OK,1.0,W,OK,3.0,W,OK,2.0,W,OK,2.0,,NO_LINE,0.0,,NO_LINE
2026-10-05,OTT@BOS,2026020041,6:30 PM,2026-10-05T23:30:00Z,Tyler Kleven,8482095,OTT,False,,2026-27,OTT,D,,Healthy,Unknown,,,2.0,1.0,🟢 ROLE+,15.0,9.0,2026-10-05T11:42:57+00:00,BOS,Jeremy Swayman,0.9071246819338422,2.707645389120994,32.0,Unconfirmed,dailyfaceoff_name_and_stats,29.0,7.0,29.0,7.0,,39.7,60.9,A1+A2,17.35,72.1,53.6,1.01,NONE,False,False,27.152667723190703,2.664704550599955,94.2,81.3,12.0,2.4,True,,,,,50.0,,,,,,,,,,,,,,,,,,,,,,,,,,,,,,,,,,,,,,,,0.8938408777020841,0.6145156034201829,,,0.0,2.666162545755205,2.6773806209827864,50.0,68.4,45.8,87.4,2.72,0.54,,,,,COOL,COOL,COOL,2.17,,COOL,Red,Red,Red,Red,59.0,46.0,43.0,54.0,POINTS,59.0,,,,,,,C,Passenger,0.6,,27.0,,0.0,0.1085714285714285,7.6,0.1085714285714285,0.0062581486310299,0.6,0.6,0.4736842105263158,0.4736842105263158,0.0,6.930078217587106,6.692271808427927,27.0,27.5,False,,,,,,False,False,0.0,,False,0.0,,False,0.0,,,,,,,,,,,,,,,,,,,,,,,,,,,,,,,,,,,,,,,,,,,,,,,0.5,1700.0,Fanatics,,,,,,,,,,0.5,1700.0,Fanatics,0.5,1700.0,Fanatics,,,,,,,,,,0.5,1700.0,Fanatics,,,,,,,,,,,,,,,,,,,,,,The Odds API,"[""Bally Bet"", ""BetMGM"", ""BetRivers"", ""Bovada"", ""Caesars"", ""Courtside"", ""DraftKings"", ""FanDuel"", ""Fanatics"", ""fanatics""]",The Odds API,"[""Bally Bet"", ""BetMGM"", ""BetRivers"", ""Bovada"", ""Caesars"", ""Courtside"", ""DraftKings"", ""FanDuel"", ""Fanatics"", ""Hard Rock Bet"", ""theScore Bet""]",,,2026-10-05T11:43:17.763238+00:00,ALTLINE_NB_v1_2026-01-18,,,,league_avg,2.3,,,,,,,,,,,,,,,,,,,,,,,,,exp/fallback,0.272,,,,,,,,,,,,,,,,,,,,,,,,,exp/fallback,0.217,,,,,,,,,,,,,,,,,,,,,,0.5,1700.0,Fanatics,exp/fallback,0.2016,0.1762462538831184,17.6,0.0555555555555555,217.2432569896132,217.2,0.1762462538831184,17.6,217.2432569896132,217.2,,,,,,,,,,,,,0.5,1700.0,Fanatics,exp/fallback,0.1401,0.1254829719797822,12.5,0.0555555555555555,125.86934956360798,125.9,0.1254829719797822,12.5,125.86934956360798,125.9,,,,,,,,,,,,,False,False,True,True,False,,,Active roster,2026-10-05T11:43:17+00:00,False,[],2025-2026,,2026-09-24-frozen-v2,2026-10-05T11:43:20.192002+00:00,2026020041,8482095.0,PLAYER_ID,FINAL,0.0,,NO_LINE,0.0,,NO_LINE,1.0,,NO_LINE,0.0,L,OK,0.0,L,OK,0.0,,NO_LINE
2026-10-05,OTT@BOS,2026020041,6:30 PM,2026-10-05T23:30:00Z,Warren Foegele,8477998,OTT,False,"{""season"":""2026-27"",""games"":[{""d"":""2026-10-03"",""g"":0,""a"":0,""s"":0,""pp"":0,""h"":""R"",""toi"":""13:01""}]}",2026-27,OTT,L,,Healthy,Unknown,,,2.0,0.0,,15.0,9.0,2026-10-05T11:42:57+00:00,BOS,Jeremy Swayman,0.9071246819338422,2.707645389120994,32.0,Unconfirmed,dailyfaceoff_name_and_stats,29.0,7.0,29.0,7.0,,74.4,31.9,A1+A2,13.77,41.1,52.9,1.01,NONE,False,False,27.152667723190703,2.664704550599955,94.2,81.3,12.0,2.4,True,,,0.0,,50.0,0.0,0.0,0.0,0.0,0.0,0.0,0.0,0.0,0.0,0.0,0.0,0.0,LOW,0.0,-0.5,LOW,0.0,,LOW,0.0,,LOW,0.0,,LOW,0.0,,LOW,0.0,,LOW,0.0,,LOW,0.0,,LOW,0.0,,1.1095814412230054,0.0739720960815336,,,0.0,2.666162545755205,2.6773806209827864,50.0,68.4,50.1,87.4,2.67,2.08,,2.67,2.08,,HOT,WARM,COOL,0.6,0.6,COOL,Red,Yellow,Red,Red,39.0,60.0,63.0,40.0,GOAL,63.0,1.0,1.0,1.0,1.0,0.0,1.0,C,Passenger,4.3,,27.0,,0.0,0.5887254901960784,40.03333333333333,0.5887254901960784,0.0427394530346435,4.3,4.3,0.749375520399667,0.749375520399667,0.0,6.930078217587106,6.692271808427927,27.0,34.2,False,,,,🥅 D:1,,False,False,1.0,,False,0.0,,False,0.0,,1.5,-130.0,Fanatics,2.5,230.0,Fanatics,3.5,575.0,Fanatics,4.5,1650.0,BetOnline.ag,1.5,-130.0,Fanatics,0.5,180.0,BetRivers,,,,,,,,,,0.5,180.0,BetRivers,,,,,,,,,,,,,,,,0.5,450.0,FanDuel,,,,,,,,,,0.5,450.0,FanDuel,0.5,450.0,FanDuel,,,,,,,,,,0.5,450.0,FanDuel,,,The Odds API,"[""Bally Bet"", ""BetRivers""]",,,,,,,,,,,,,,,,,,The Odds API,"[""Bally Bet"", ""BetMGM"", ""BetRivers"", ""Bovada"", ""Caesars"", ""Courtside"", ""DraftKings"", ""FanDuel"", ""Fanatics"", ""fanduel""]",The Odds API,"[""Bally Bet"", ""BetMGM"", ""BetRivers"", ""Bovada"", ""Caesars"", ""Courtside"", ""DraftKings"", ""FanDuel"", ""Fanatics"", ""Hard Rock Bet"", ""theScore Bet""]",The Odds API,"[""BetOnline.ag"", ""Courtside"", ""DraftKings"", ""Fanatics"", ""Hard Rock Bet"", ""ReBet"", ""theScore Bet""]",2026-10-05T11:43:17.763238+00:00,ALTLINE_NB_v1_2026-01-18,1.5,-130.0,Fanatics,league_avg,2.3,0.6001759479749428,60.0,0.5652173913043478,6.184975410951416,6.2,0.6001759479749428,60.0,6.184975410951416,6.2,0.3835789960842564,38.4,26.5810687078046,26.6,0.2254288407355011,22.5,52.16446749646329,52.2,0.1243884637071297,12.4,117.67981148747704,117.7,0.5,180.0,BetRivers,exp/fallback,0.267,0.2252779492489001,22.5,0.3571428571428571,-36.92217421030797,-36.9,0.2252779492489001,22.5,-36.92217421030797,-36.9,,,,,,,,,,,,,,,,exp/fallback,0.06,,,,,,,,,,,,,,,,,,,,,,0.5,450.0,FanDuel,exp/fallback,0.2632,0.2213913555723927,22.1,0.1818181818181818,21.765245564816016,21.8,0.2213913555723927,22.1,21.765245564816016,21.8,,,,,,,,,,,,,0.5,450.0,FanDuel,exp/fallback,0.2402,0.2000429678559909,20.0,0.1818181818181818,10.023632320795029,10.0,0.2000429678559909,20.0,10.023632320795029,10.0,,,,,,,,,,,,,False,False,True,True,False,,,Active roster,2026-10-05T11:43:17+00:00,False,[],2025-2026,,2026-09-24-frozen-v2,2026-10-05T11:43:20.192002+00:00,2026020041,8477998.0,PLAYER_ID,FINAL,0.0,L,OK,0.0,,NO_LINE,0.0,L,OK,0.0,L,OK,0.0,L,OK,0.0,,NO_LINE
2026-10-05,OTT@BOS,2026020041,6:30 PM,2026-10-05T23:30:00Z,William Eklund,8482667,SJS,True,"{""season"":""2026-27"",""games"":[{""d"":""2026-10-03"",""g"":0,""a"":0,""s"":4,""pp"":0,""h"":""R"",""toi"":""16:16""}]}",2026-27,OTT,L,,Healthy,Unknown,,,2.0,1.0,🟢 ROLE+,15.0,9.0,2026-10-05T11:42:57+00:00,BOS,Jeremy Swayman,0.9071246819338422,2.707645389120994,32.0,Unconfirmed,dailyfaceoff_name_and_stats,29.0,7.0,29.0,7.0,,89.9,92.1,A1+A2,18.54,79.2,88.5,1.15,NONE,False,False,27.152667723190703,2.664704550599955,94.2,81.3,12.0,2.4,True,,,4.0,,50.0,0.0,0.0,4.0,0.0,0.0,0.0,0.0,0.0,0.0,0.0,4.0,4.0,LOW,0.0,-0.5,LOW,0.0,,LOW,0.0,,LOW,0.0,,LOW,0.0,,LOW,0.0,,LOW,0.4,,LOW,0.2,,LOW,0.1,,1.6429885903570114,0.6359955833640044,,,0.0,2.666162545755205,2.6773806209827864,50.0,68.4,63.7,87.4,9.79,3.61,,8.9,3.28,,HOT,HOT,COOL,6.18,5.62,HOT,Green,Yellow,Yellow,Green,83.0,74.0,73.0,81.0,POINTS,83.0,1.0,1.0,1.0,0.0,0.0,1.0,,Passenger,14.6,,27.0,,,2.703846153846154,210.9,2.703846153846154,0.1458321328554471,14.6,14.6,3.5056899004267423,1.510668563300142,2.3470839260312943,6.930078217587106,6.692271808427927,27.0,67.2,False,,,,🅿️ D:1,,False,False,1.0,,False,0.0,,False,0.0,,1.5,-165.0,Fanatics,2.5,182.0,FanDuel,3.5,460.0,Fanatics,4.5,1200.0,Fanatics,1.5,-165.0,Fanatics,0.5,105.0,theScore Bet,1.5,460.0,Fanatics,2.5,1900.0,Fanatics,3.5,4400.0,BetOnline.ag,0.5,105.0,theScore Bet,0.5,200.0,Bovada,1.5,1100.0,Bovada,2.5,3300.0,Bovada,,,,0.5,200.0,Bovada,0.5,290.0,theScore Bet,,,,,,,,,,0.5,290.0,theScore Bet,0.5,285.0,DraftKings,,,,,,,,,,0.5,285.0,DraftKings,The Odds API,"[""Bally Bet"", ""BetOnline.ag"", ""BetRivers"", ""Bovada"", ""Courtside"", ""DraftKings"", ""FanDuel"", ""Fanatics"", ""Hard Rock Bet"", ""ReBet"", ""draftkings"", ""theScore Bet""]",The Odds API,"[""Bally Bet"", ""BetOnline.ag"", ""BetRivers"", ""Bovada"", ""Caesars"", ""Courtside"", ""DraftKings"", ""FanDuel"", ""Fanatics"", ""Hard Rock Bet"", ""ReBet"", ""draftkings"", ""theScore Bet""]",0.5,300.0,Hard Rock Bet,1.5,1300.0,Bovada,,,,,,,0.5,300.0,Hard Rock Bet,The Odds API,"[""Bovada"", ""Hard Rock Bet"", ""theScore Bet""]",The Odds API,"[""Bally Bet"", ""BetMGM"", ""BetRivers"", ""Bovada"", ""Caesars"", ""Courtside"", ""DraftKings"", ""FanDuel"", ""Fanatics"", ""fanatics""]",The Odds API,"[""Bally Bet"", ""BetMGM"", ""BetRivers"", ""Bovada"", ""Caesars"", ""Courtside"", ""DraftKings"", ""FanDuel"", ""Fanatics"", ""Hard Rock Bet"", ""fanduel"", ""theScore Bet""]",The Odds API,"[""BetOnline.ag"", ""Courtside"", ""DraftKings"", ""FanDuel"", ""Fanatics"", ""Hard Rock Bet"", ""ReBet"", ""theScore Bet""]",2026-10-05T11:43:17.763238+00:00,ALTLINE_NB_v1_2026-01-18,1.5,-165.0,Fanatics,exp/fallback,0.4,0.0686180154112674,6.9,0.6226415094339622,-88.97953085819039,-89.0,0.0686180154112674,6.9,-88.97953085819039,-89.0,0.0121706224058896,1.2,-96.56788448153912,-96.6,0.0019074600412755,0.2,-98.93182237688572,-98.9,0.0002746842105414,0.0,-99.64291052629612,-99.6,0.5,105.0,theScore Bet,exp/fallback,0.979,0.569084660889567,56.9,0.4878048780487805,16.662355482361235,16.7,0.569084660889567,56.9,16.662355482361235,16.7,0.254880574203451,25.5,42.73312155393256,42.7,0.1002357184448001,10.0,100.47143688960034,100.5,0.0363383429959682,3.6,63.52254348185724,63.5,0.5,200.0,Bovada,exp/fallback,0.618,0.4163927116787405,41.6,0.3333333333333333,24.917813503622146,24.9,0.4163927116787405,41.6,24.917813503622146,24.9,0.1408623035942955,14.1,69.03476431315462,69.0,0.0433005433596582,4.3,47.22184742283813,47.2,,,,,0.5,290.0,theScore Bet,exp/fallback,0.2433,0.2071943017653238,20.7,0.2564102564102564,-19.19422231152372,-19.2,0.2071943017653238,20.7,-19.19422231152372,-19.2,,,,,,,,,,,,,0.5,285.0,DraftKings,exp/fallback,0.2547375,0.2099984980312761,21.0,0.2597402597402597,-19.150578257958696,-19.2,0.2099984980312761,21.0,-19.150578257958696,-19.2,,,,,,,,,,,,,False,True,False,False,True,,,Active roster,2026-10-05T11:43:17+00:00,False,"[{""market"":""Points"",""name"":""Hammer Fists"",""kind"":""FLOOR"",""rule"":""Conf_Points >= 80"",""icon"":""PTS05_HAMMER_FISTS.svg"",""kit_version"":""2026-09-24-frozen-v2""},{""market"":""Assists"",""name"":""Staff (Green Stance)"",""kind"":""STANCE"",""rule"":""Green + Assists 0.5"",""icon"":""staff.svg"",""kit_version"":""2026-09-24-frozen-v2""}]",2025-2026,,2026-09-24-frozen-v2,2026-10-05T11:43:20.192002+00:00,2026020041,8482667.0,PLAYER_ID,FINAL,0.0,L,OK,0.0,L,OK,2.0,W,OK,0.0,L,OK,0.0,L,OK,0.0,L,OK
2026-10-05,PHI@TBL,2026020040,6:00 PM,2026-10-05T23:00:00Z,Alex Bump,8483731,PHI,False,,2026-27,PHI,L,,Healthy,Unknown,,,1.0,0.0,,15.0,9.0,2026-10-05T11:42:57+00:00,TBL,Andrei Vasilevskiy,0.9111111111111112,2.3085331195802667,15.3,Unconfirmed,dailyfaceoff_name_and_stats,22.0,6.0,22.0,6.0,,40.5,31.9,A1+A2,12.64,30.2,35.4,0.94,NONE,False,False,23.17952989306844,2.2607758356708025,6.8,6.8,7.0,1.4,True,,,,,50.0,,,,,,,,,,,,,,,,,,,,,,,,,,,,,,,,,,,,,,,,2.451063829787234,0.0,,,0.0,2.2781405811942856,1.964174794768916,50.0,32.0,72.7,26.5,4.36,2.14,,,,,COOL,COOL,COOL,2.22,,COOL,Red,Red,Red,Red,35.0,35.0,34.0,34.0,POINTS,35.0,,,,,,,C,Passenger,7.1,,38.9,,0.0,0.8950980392156863,15.216666666666669,0.8950980392156863,0.0708081278113851,7.1,7.1,0.9069003285870756,0.9069003285870756,0.0,7.090348800857488,7.24498670156626,38.9,45.4,False,,,,,,False,False,0.0,,False,0.0,,False,0.0,,,,,,,,,,,,,,,,,0.5,235.0,BetRivers,,,,,,,,,,0.5,235.0,BetRivers,,,,,,,,,,,,,,,,0.5,525.0,BetRivers,,,,,,,,,,0.5,525.0,BetRivers,0.5,525.0,BetRivers,,,,,,,,,,0.5,525.0,BetRivers,,,The Odds API,"[""Bally Bet"", ""BetRivers""]",0.5,700.0,Hard Rock Bet,,,,,,,,,,0.5,700.0,Hard Rock Bet,The Odds API,"[""Hard Rock Bet"", ""theScore Bet""]",The Odds API,"[""Bally Bet"", ""BetMGM"", ""BetRivers"", ""Bovada"", ""Caesars"", ""Courtside"", ""DraftKings"", ""Fanatics"", ""betrivers""]",The Odds API,"[""Bally Bet"", ""BetMGM"", ""BetRivers"", ""Bovada"", ""Caesars"", ""Courtside"", ""DraftKings"", ""Fanatics"", ""Hard Rock Bet"", ""theScore Bet""]",,,2026-10-05T11:43:17.763238+00:00,ALTLINE_NB_v1_2026-01-18,,,,league_avg,2.3,,,,,,,,,,,,,,,,,,,,,,0.5,235.0,BetRivers,exp/fallback,0.436,0.3335380108264274,33.4,0.2985074626865671,11.735233626853192,11.7,0.3335380108264274,33.4,11.735233626853192,11.7,,,,,,,,,,,,,,,,exp/fallback,0.222,,,,,,,,,,,,,,,,,,,,,,0.5,525.0,BetRivers,exp/fallback,0.2656,0.2230794564351915,22.3,0.16,39.424660271994725,39.4,0.2230794564351915,22.3,39.424660271994725,39.4,,,,,,,,,,,,,0.5,525.0,BetRivers,exp/fallback,0.2441,0.2027339908007579,20.3,0.16,26.70874425047372,26.7,0.2027339908007579,20.3,26.70874425047372,26.7,,,,,,,,,,,,,False,True,True,True,False,,,Active roster,2026-10-05T11:43:17+00:00,False,[],2025-2026,,2026-09-24-frozen-v2,2026-10-05T11:43:20.192002+00:00,2026020040,,,NO_PLAYER,,,NO_PLAYER,,,NO_PLAYER,,,NO_PLAYER,,,NO_PLAYER,,,NO_PLAYER,,,NO_PLAYER
2026-10-05,PHI@TBL,2026020040,6:00 PM,2026-10-05T23:00:00Z,Cam York,8481546,PHI,False,"{""season"":""2026-27"",""games"":[{""d"":""2026-10-03"",""g"":0,""a"":0,""s"":0,""pp"":0,""h"":""H"",""toi"":""22:10""},{""d"":""2026-10-01"",""g"":0,""a"":0,""s"":1,""pp"":0,""h"":""R"",""toi"":""24:01""},{""d"":""2026-09-30"",""g"":0,""a"":0,""s"":1,""pp"":0,""h"":""H"",""toi"":""21:08""}]}",2026-27,PHI,D,,Healthy,Unknown,,,1.0,0.0,,15.0,9.0,2026-10-05T11:42:57+00:00,TBL,Andrei Vasilevskiy,0.9111111111111112,2.3085331195802667,15.3,Unconfirmed,dailyfaceoff_name_and_stats,22.0,6.0,22.0,6.0,7.7,59.1,74.9,A1+A2,22.54,94.7,71.8,1.09,NONE,False,False,23.17952989306844,2.2607758356708025,6.8,6.8,7.0,1.4,True,1.0,,0.6666666666666666,0.8833333333333333,38.9,0.0,0.0,2.0,0.0,0.0,0.0,0.0,0.0,0.0,0.0,2.0,2.0,LOW,0.0,-0.5,LOW,0.0,,LOW,0.0,,LOW,0.0,,LOW,0.0,,LOW,0.0,,LOW,0.2,,LOW,0.1,,LOW,0.05,,0.7466072146106885,0.2799777054790081,,,0.0,2.2781405811942856,1.964174794768916,50.0,32.0,42.7,26.5,4.36,1.13,8.83,4.36,1.13,6.83,HOT,COOL,HOT,3.55,3.23,HOT,Yellow,Red,Red,Yellow,68.0,50.0,47.0,60.0,POINTS,68.0,3.0,3.0,3.0,3.0,0.0,3.0,B,Distributor,7.1,,38.9,,1.0,1.6006756756756757,118.45,1.6006756756756757,0.0710280934248793,7.1,7.1,2.9252849303503585,0.5571971295905446,2.7859856479527227,7.090348800857488,7.24498670156626,38.9,64.4,False,,,,🅿️ D:3,,False,False,1.0,,False,0.0,,False,0.0,,,,,,,,,,,,,,,,,0.5,230.0,BetRivers,,,,,,,,,,0.5,230.0,BetRivers,,,,,,,,,,,,,,,,0.5,1500.0,Hard Rock Bet,,,,,,,,,,0.5,1500.0,Hard Rock Bet,0.5,1500.0,DraftKings,,,,,,,,,,0.5,1500.0,DraftKings,,,The Odds API,"[""Bally Bet"", ""BetRivers""]",0.5,650.0,Hard Rock Bet,,,,,,,,,,0.5,650.0,Hard Rock Bet,The Odds API,"[""Bovada"", ""Hard Rock Bet"", ""theScore Bet""]",The Odds API,"[""Bally Bet"", ""BetMGM"", ""BetRivers"", ""Bovada"", ""Caesars"", ""Courtside"", ""DraftKings"", ""FanDuel"", ""Fanatics"", ""fanatics""]",The Odds API,"[""Bally Bet"", ""BetMGM"", ""BetRivers"", ""Bovada"", ""Caesars"", ""Courtside"", ""DraftKings"", ""FanDuel"", ""Fanatics"", ""Hard Rock Bet"", ""theScore Bet""]",,,2026-10-05T11:43:17.763238+00:00,ALTLINE_NB_v1_2026-01-18,,,,exp/fallback,0.883,,,,,,,,,,,,,,,,,,,,,,0.5,230.0,BetRivers,exp/fallback,0.436,0.3335380108264274,33.4,0.303030303030303,10.06754357272104,10.1,0.3335380108264274,33.4,10.06754357272104,10.1,,,,,,,,,,,,,,,,exp/fallback,0.355,,,,,,,,,,,,,,,,,,,,,,0.5,1500.0,Hard Rock Bet,exp/fallback,0.1689,0.1507818502130598,15.1,0.0625,141.25096034089566,141.3,0.1507818502130598,15.1,141.25096034089566,141.3,,,,,,,,,,,,,0.5,1500.0,DraftKings,exp/fallback,0.1338375,0.1204395406992721,12.0,0.0625,92.70326511883536,92.7,0.1204395406992721,12.0,92.70326511883536,92.7,,,,,,,,,,,,,False,True,True,True,False,7.7,,Active roster,2026-10-05T11:43:17+00:00,False,[],2025-2026,,2026-09-24-frozen-v2,2026-10-05T11:43:20.192002+00:00,2026020040,8481546.0,PLAYER_ID,FINAL,0.0,L,OK,0.0,,NO_LINE,2.0,,NO_LINE,0.0,L,OK,0.0,L,OK,0.0,L,OK
2026-10-05,PHI@TBL,2026020040,6:00 PM,2026-10-05T23:00:00Z,Carl Grundstrom,8479336,PHI,False,,2026-27,PHI,R,,Healthy,Unknown,,,1.0,0.0,,15.0,9.0,2026-10-05T11:42:57+00:00,TBL,Andrei Vasilevskiy,0.9111111111111112,2.3085331195802667,15.3,Unconfirmed,dailyfaceoff_name_and_stats,22.0,6.0,22.0,6.0,,59.1,31.9,A1+A2,11.85,22.6,42.3,0.97,NONE,False,False,23.17952989306844,2.2607758356708025,6.8,6.8,7.0,1.4,True,,,,,50.0,,,,,,,,,,,,,,,,,,,,,,,,,,,,,,,,,,,,,,,,1.2827572802954228,0.0,,,0.0,2.2781405811942856,1.964174794768916,50.0,32.0,54.1,26.5,2.41,1.59,,,,,COOL,COOL,COOL,0.82,,COOL,Red,Red,Red,Red,33.0,45.0,48.0,31.0,GOAL,48.0,,,,,,,C,Passenger,0.2,,38.9,,0.0,0.025531914893617,1.2,0.025531914893617,0.0021543341013135,0.2,0.2,0.0,0.0,0.0,7.090348800857488,7.24498670156626,38.9,27.8,False,,,,,,False,False,0.0,,False,0.0,,False,0.0,,,,,,,,,,,,,,,,,,,,,,,,,,,,,,,,,,,,,,,,,,,,,,,0.5,800.0,DraftKings,,,,,,,,,,0.5,800.0,DraftKings,0.5,800.0,DraftKings,,,,,,,,,,0.5,800.0,DraftKings,,,,,,,,,,,,,,,,,,,,,,The Odds API,"[""Bally Bet"", ""BetMGM"", ""BetRivers"", ""Bovada"", ""Caesars"", ""Courtside"", ""DraftKings"", ""FanDuel"", ""Fanatics"", ""betmgm""]",The Odds API,"[""Bally Bet"", ""BetMGM"", ""BetRivers"", ""Bovada"", ""Caesars"", ""Courtside"", ""DraftKings"", ""FanDuel"", ""Fanatics"", ""Hard Rock Bet"", ""theScore Bet""]",,,2026-10-05T11:43:17.763238+00:00,ALTLINE_NB_v1_2026-01-18,,,,league_avg,2.3,,,,,,,,,,,,,,,,,,,,,,,,,exp/fallback,0.241,,,,,,,,,,,,,,,,,,,,,,,,,exp/fallback,0.0819999999999999,,,,,,,,,,,,,,,,,,,,,,0.5,800.0,DraftKings,exp/fallback,0.2435999999999999,0.2074110081043089,20.7,0.1111111111111111,86.66990729387801,86.7,0.2074110081043089,20.7,86.66990729387801,86.7,,,,,,,,,,,,,0.5,800.0,DraftKings,exp/fallback,0.20835,0.1774934381668885,17.7,0.1111111111111111,59.7440943501997,59.7,0.1774934381668885,17.7,59.7440943501997,59.7,,,,,,,,,,,,,False,False,True,True,False,,,Active roster,2026-10-05T11:43:17+00:00,False,[],2025-2026,,2026-09-24-frozen-v2,2026-10-05T11:43:20.192002+00:00,2026020040,8479336.0,PLAYER_ID,FINAL,0.0,,NO_LINE,0.0,,NO_LINE,1.0,,NO_LINE,0.0,L,OK,0.0,L,OK,0.0,,NO_LINE
2026-10-05,PHI@TBL,2026020040,6:00 PM,2026-10-05T23:00:00Z,Christian Dvorak,8477989,PHI,False,"{""season"":""2026-27"",""games"":[{""d"":""2026-10-03"",""g"":0,""a"":1,""s"":1,""pp"":0,""h"":""H"",""toi"":""14:29""},{""d"":""2026-10-01"",""g"":0,""a"":0,""s"":1,""pp"":0,""h"":""R"",""toi"":""20:45""},{""d"":""2026-09-30"",""g"":0,""a"":0,""s"":2,""pp"":0,""h"":""H"",""toi"":""14:58""}]}",2026-27,PHI,C,,Healthy,Unknown,,,1.0,0.0,,15.0,9.0,2026-10-05T11:42:57+00:00,TBL,Andrei Vasilevskiy,0.9111111111111112,2.3085331195802667,15.3,Unconfirmed,dailyfaceoff_name_and_stats,22.0,6.0,22.0,6.0,7.7,91.4,88.4,A1+A2,18.46,78.9,87.8,1.15,NONE,False,False,23.17952989306844,2.2607758356708025,6.8,6.8,7.0,1.4,True,1.0,,1.3333333333333333,1.1166666666666667,58.3,1.0,0.0,4.0,0.0,1.0,1.0,1.0,1.0,1.0,1.0,4.0,4.0,LOW,0.1,-0.4,LOW,0.05,,LOW,0.025,,LOW,0.1,,LOW,0.05,,LOW,0.025,,LOW,0.4,,LOW,0.2,,LOW,0.1,,1.760573816651353,0.7469101040339073,,,1.0,2.2781405811942856,1.964174794768916,50.0,32.0,65.8,26.5,8.89,3.33,12.29,7.08,3.33,7.17,HOT,HOT,HOT,5.22,3.75,HOT,Yellow,Red,Red,Yellow,74.0,71.0,67.0,72.0,POINTS,74.0,0.0,0.0,3.0,3.0,0.0,3.0,B,Shooter,8.4,,38.9,,1.0,1.5472916666666667,123.78333333333332,1.5472916666666667,0.0838214547711754,8.4,8.4,2.161841928100175,1.7498316951662851,0.4847179210986939,7.090348800857488,7.24498670156626,38.9,56.2,False,,,,🅿️ D:0,,False,False,1.0,,False,0.0,,False,0.0,,1.5,110.0,theScore Bet,2.5,320.0,Fanatics,3.5,850.0,DraftKings,4.5,2500.0,BetOnline.ag,1.5,110.0,theScore Bet,0.5,175.0,BetRivers,1.5,900.0,BetRivers,,,,,,,0.5,175.0,BetRivers,0.5,255.0,BetRivers,,,,,,,,,,0.5,255.0,BetRivers,0.5,510.0,BetRivers,,,,,,,,,,0.5,510.0,BetRivers,0.5,510.0,BetRivers,,,,,,,,,,0.5,510.0,BetRivers,The Odds API,"[""Bally Bet"", ""BetRivers""]",The Odds API,"[""Bally Bet"", ""BetRivers""]",,,,,,,,,,,,,,,,,,The Odds API,"[""Bally Bet"", ""BetMGM"", ""BetRivers"", ""Bovada"", ""Caesars"", ""Courtside"", ""DraftKings"", ""FanDuel"", ""Fanatics"", ""betrivers""]",The Odds API,"[""Bally Bet"", ""BetMGM"", ""BetRivers"", ""Bovada"", ""Caesars"", ""Courtside"", ""DraftKings"", ""FanDuel"", ""Fanatics"", ""Hard Rock Bet"", ""theScore Bet""]",The Odds API,"[""BetOnline.ag"", ""Courtside"", ""DraftKings"", ""Fanatics"", ""Hard Rock Bet"", ""ReBet"", ""theScore Bet""]",2026-10-05T11:43:17.763238+00:00,ALTLINE_NB_v1_2026-01-18,1.5,110.0,theScore Bet,exp/fallback,1.229,0.3356471421779319,33.6,0.4761904761904761,-29.51410014263429,-29.5,0.3356471421779319,33.6,-29.51410014263429,-29.5,0.1464860207183798,14.6,-38.47587129828048,-38.5,0.0575669087375844,5.8,-45.31143669929481,-45.3,0.0209934185687766,2.1,-45.41711172118064,-45.4,0.5,175.0,BetRivers,exp/fallback,0.889,0.5388413651585766,53.9,0.3636363636363636,48.18137541860856,48.2,0.5388413651585766,53.9,48.18137541860856,48.2,0.2261616363906815,22.6,126.16163639068156,126.2,,,,,,,,,0.5,255.0,BetRivers,exp/fallback,0.522,0.3711170407786577,37.1,0.2816901408450704,31.74654947642348,31.7,0.3711170407786577,37.1,31.74654947642348,31.7,,,,,,,,,,,,,0.5,510.0,BetRivers,exp/fallback,0.2349,0.2010926925528879,20.1,0.1639344262295081,22.66654245726165,22.7,0.2010926925528879,20.1,22.66654245726165,22.7,,,,,,,,,,,,,0.5,510.0,BetRivers,exp/fallback,0.2410875,0.2006566639846938,20.1,0.1639344262295081,22.40056503066324,22.4,0.2006566639846938,20.1,22.40056503066324,22.4,,,,,,,,,,,,,False,True,True,True,True,7.7,,Active roster,2026-10-05T11:43:17+00:00,False,[],2025-2026,,2026-09-24-frozen-v2,2026-10-05T11:43:20.192002+00:00,2026020040,8477989.0,PLAYER_ID,FINAL,0.0,L,OK,0.0,L,OK,1.0,L,OK,0.0,L,OK,0.0,L,OK,0.0,,NO_LINE
2026-10-05,PHI@TBL,2026020040,6:00 PM,2026-10-05T23:00:00Z,David Jiricek,8483460,PHI,False,,2026-27,PHI,D,,Healthy,Unknown,,,1.0,0.0,,15.0,9.0,2026-10-05T11:42:57+00:00,TBL,Andrei Vasilevskiy,0.9111111111111112,2.3085331195802667,15.3,Unconfirmed,dailyfaceoff_name_and_stats,22.0,6.0,22.0,6.0,,16.5,6.9,A1+A2,12.02,24.9,14.8,0.94,NONE,False,False,23.17952989306844,2.2607758356708025,6.8,6.8,7.0,1.4,True,,,,,50.0,,,,,,,,,,,,,,,,,,,,,,,,,,,,,,,,,,,,,,,,0.0,0.0,,,0.0,2.2781405811942856,1.964174794768916,50.0,32.0,28.2,26.5,0.19,0.19,,,,,COOL,COOL,COOL,0.0,,COOL,Red,Red,Red,Red,17.0,22.0,20.0,12.0,SOG,22.0,,,,,,,C,Passenger,0.8,,38.9,,0.0,0.1019230769230769,2.65,0.1019230769230769,0.0084827144686299,0.8,0.8,1.1320754716981132,1.1320754716981132,0.0,7.090348800857488,7.24498670156626,38.9,35.8,False,,,,,,False,False,0.0,,False,0.0,,False,0.0,,,,,,,,,,,,,,,,,,,,,,,,,,,,,,,,,,,,,,,,,,,,,,,0.5,1300.0,DraftKings,,,,,,,,,,0.5,1300.0,DraftKings,0.5,1300.0,DraftKings,,,,,,,,,,0.5,1300.0,DraftKings,,,,,,,,,,,,,,,,,,,,,,The Odds API,"[""Bally Bet"", ""BetMGM"", ""BetRivers"", ""Bovada"", ""Caesars"", ""Courtside"", ""DraftKings"", ""FanDuel"", ""Fanatics"", ""fanatics""]",The Odds API,"[""Bally Bet"", ""BetMGM"", ""BetRivers"", ""Bovada"", ""Caesars"", ""Courtside"", ""DraftKings"", ""FanDuel"", ""Fanatics""]",,,2026-10-05T11:43:17.763238+00:00,ALTLINE_NB_v1_2026-01-18,,,,league_avg,2.3,,,,,,,,,,,,,,,,,,,,,,,,,exp/fallback,0.019,,,,,,,,,,,,,,,,,,,,,,,,,league_avg,0.35,,,,,,,,,,,,,,,,,,,,,,0.5,1300.0,DraftKings,exp/fallback,0.1876,0.1654767501673278,16.5,0.0714285714285714,131.667450234259,131.7,0.1654767501673278,16.5,131.667450234259,131.7,,,,,,,,,,,,,0.5,1300.0,DraftKings,exp/fallback,0.11735,0.1069294836674515,10.7,0.0714285714285714,49.70127713443221,49.7,0.1069294836674515,10.7,49.70127713443221,49.7,,,,,,,,,,,,,False,False,True,True,False,,,Active roster,2026-10-05T11:43:17+00:00,False,[],2025-2026,,2026-09-24-frozen-v2,2026-10-05T11:43:20.192002+00:00,2026020040,8483460.0,PLAYER_ID,FINAL,0.0,,NO_LINE,0.0,,NO_LINE,1.0,,NO_LINE,0.0,L,OK,0.0,L,OK,0.0,,NO_LINE
2026-10-05,PHI@TBL,2026020040,6:00 PM,2026-10-05T23:00:00Z,Garrett Wilson,8475253,PHI,False,,2026-27,PHI,L,,Healthy,Unknown,,,1.0,0.0,,15.0,9.0,2026-10-05T11:42:57+00:00,TBL,Andrei Vasilevskiy,0.9111111111111112,2.3085331195802667,15.3,Unconfirmed,dailyfaceoff_name_and_stats,22.0,6.0,22.0,6.0,,10.4,6.9,A1+A2,8.68,5.7,8.2,0.94,NONE,False,False,23.17952989306844,2.2607758356708025,6.8,6.8,7.0,1.4,True,,,,,50.0,,,,,,,,,,,,,,,,,,,,,,,,,,,,,,,,,,,,,,,,0.0,0.0,,,0.0,2.2781405811942856,1.964174794768916,50.0,32.0,28.2,26.5,0.66,0.66,,,,,COOL,COOL,COOL,0.0,,COOL,Red,Red,Red,Red,16.0,17.0,16.0,9.0,SOG,17.0,,,,,,,C,Passenger,0.0,,38.9,,0.0,0.0,0.0,0.0,0.0,0.0,0.0,0.0,,,7.090348800857488,7.24498670156626,38.9,11.9,False,,,,,,False,False,0.0,,False,0.0,,False,0.0,,,,,,,,,,,,,,,,,,,,,,,,,,,,,,,,,,,,,,,,,,,,,,,,,,,,,,,,,,,,,,,,,,,,,,,,,,,,,,,,,,,,,,,,,,,,,,,,,,,,,,,,2026-10-05T11:43:17.763238+00:00,ALTLINE_NB_v1_2026-01-18,,,,league_avg,2.3,,,,,,,,,,,,,,,,,,,,,,,,,exp/fallback,0.066,,,,,,,,,,,,,,,,,,,,,,,,,league_avg,0.35,,,,,,,,,,,,,,,,,,,,,,,,,exp/fallback,0.2064,,,,,,,,,,,,,,,,,,,,,,,,,exp/fallback,0.1479,,,,,,,,,,,,,,,,,,,,,,False,False,False,False,False,,,Active roster,2026-10-05T11:43:17+00:00,False,[],2025-2026,,2026-09-24-frozen-v2,2026-10-05T11:43:20.192002+00:00,2026020040,,,NO_PLAYER,,,NO_PLAYER,,,NO_PLAYER,,,NO_PLAYER,,,NO_PLAYER,,,NO_PLAYER,,,NO_PLAYER
2026-10-05,PHI@TBL,2026020040,6:00 PM,2026-10-05T23:00:00Z,Jamie Drysdale,8482142,PHI,False,"{""season"":""2026-27"",""games"":[{""d"":""2026-10-03"",""g"":0,""a"":0,""s"":0,""pp"":0,""h"":""H"",""toi"":""24:33""},{""d"":""2026-10-01"",""g"":0,""a"":0,""s"":1,""pp"":0,""h"":""R"",""toi"":""20:39""},{""d"":""2026-09-30"",""g"":0,""a"":0,""s"":0,""pp"":0,""h"":""H"",""toi"":""17:21""}]}",2026-27,PHI,D,,Healthy,Unknown,,,1.0,0.0,,15.0,9.0,2026-10-05T11:42:57+00:00,TBL,Andrei Vasilevskiy,0.9111111111111112,2.3085331195802667,15.3,Unconfirmed,dailyfaceoff_name_and_stats,22.0,6.0,22.0,6.0,0.0,54.4,77.8,A1+A2,21.55,92.8,70.3,1.08,NONE,False,False,23.17952989306844,2.2607758356708025,6.8,6.8,7.0,1.4,True,0.0,,0.3333333333333333,0.1166666666666666,6.9,0.0,0.0,1.0,0.0,0.0,0.0,0.0,0.0,0.0,0.0,1.0,1.0,LOW,0.0,-0.5,LOW,0.0,,LOW,0.0,,LOW,0.0,,LOW,0.0,,LOW,0.0,,LOW,0.1,,LOW,0.05,,LOW,0.025,,0.7536110529621101,0.1256018421603517,,,0.0,2.2781405811942856,1.964174794768916,50.0,32.0,42.9,26.5,4.21,0.89,1.17,4.21,0.89,0.17,HOT,COOL,COOL,3.33,3.33,HOT,Yellow,Red,Red,Yellow,69.0,41.0,40.0,61.0,POINTS,69.0,3.0,3.0,3.0,3.0,0.0,3.0,A,Distributor,10.3,,38.9,,2.0,2.212179487179488,172.55,2.212179487179488,0.1026350226029026,10.3,10.3,2.4749348015068096,0.4798609098811938,2.3471457548536656,7.090348800857488,7.24498670156626,38.9,66.5,False,,,,🅿️ D:3,,False,False,1.0,,False,0.0,,False,0.0,,,,,,,,,,,,,,,,,0.5,175.0,Fanatics,1.5,1100.0,Bovada,2.5,2000.0,Bovada,3.5,3300.0,BetOnline.ag,0.5,175.0,Fanatics,0.5,215.0,BetRivers,1.5,1300.0,Fanatics,2.5,3300.0,Bovada,,,,0.5,215.0,BetRivers,0.5,1200.0,DraftKings,,,,,,,,,,0.5,1200.0,DraftKings,0.5,1200.0,DraftKings,,,,,,,,,,0.5,1200.0,DraftKings,The Odds API,"[""Bally Bet"", ""BetOnline.ag"", ""BetRivers"", ""Bovada"", ""Courtside"", ""DraftKings"", ""FanDuel"", ""Fanatics"", ""Hard Rock Bet"", ""ReBet"", ""draftkings"", ""theScore Bet""]",The Odds API,"[""Bally Bet"", ""BetOnline.ag"", ""BetRivers"", ""Bovada"", ""Caesars"", ""Courtside"", ""DraftKings"", ""FanDuel"", ""Fanatics"", ""Hard Rock Bet"", ""ReBet"", ""draftkings"", ""theScore Bet""]",0.5,300.0,Hard Rock Bet,1.5,1000.0,Bovada,,,,,,,0.5,300.0,Hard Rock Bet,The Odds API,"[""Bovada"", ""Hard Rock Bet"", ""theScore Bet""]",The Odds API,"[""Bally Bet"", ""BetMGM"", ""BetRivers"", ""Bovada"", ""Caesars"", ""Courtside"", ""DraftKings"", ""FanDuel"", ""Fanatics"", ""fanatics""]",The Odds API,"[""Bally Bet"", ""BetMGM"", ""BetRivers"", ""Bovada"", ""Caesars"", ""Courtside"", ""DraftKings"", ""FanDuel"", ""Fanatics"", ""Hard Rock Bet"", ""theScore Bet""]",,,2026-10-05T11:43:17.763238+00:00,ALTLINE_NB_v1_2026-01-18,,,,exp/fallback,0.1169999999999999,,,,,,,,,,,,,,,,,,,,,,0.5,175.0,Fanatics,exp/fallback,0.421,0.3247878809361593,32.5,0.3636363636363636,-10.683332742556196,-10.7,0.3247878809361593,32.5,-10.683332742556196,-10.7,0.0770306123381927,7.7,-7.5632651941687,-7.6,0.0156662319801266,1.6,-67.1009128417341,-67.1,0.0029068336499838,0.3,-90.11676559005475,-90.1,0.5,215.0,BetRivers,exp/fallback,0.333,0.2650961649227094,26.5,0.3174603174603174,-16.494708049346553,-16.5,0.2650961649227094,26.5,-16.494708049346553,-16.5,0.0553036427789135,5.5,-22.574900109521057,-22.6,0.010386641145469,1.0,-64.68542010540521,-64.7,,,,,0.5,1200.0,DraftKings,exp/fallback,0.1616999999999999,0.1450272751543613,14.5,0.0769230769230769,88.53545770066971,88.5,0.1450272751543613,14.5,88.53545770066971,88.5,,,,,,,,,,,,,0.5,1200.0,DraftKings,exp/fallback,0.1221375,0.1108875131411128,11.1,0.0769230769230769,44.15376708344676,44.2,0.1108875131411128,11.1,44.15376708344676,44.2,,,,,,,,,,,,,False,False,True,True,False,0.0,,Active roster,2026-10-05T11:43:17+00:00,False,[],2025-2026,,2026-09-24-frozen-v2,2026-10-05T11:43:20.192002+00:00,2026020040,8482142.0,PLAYER_ID,FINAL,0.0,L,OK,0.0,L,OK,0.0,,NO_LINE,0.0,L,OK,0.0,L,OK,0.0,L,OK
2026-10-05,PHI@TBL,2026020040,6:00 PM,2026-10-05T23:00:00Z,Matvei Michkov,8484387,PHI,False,"{""season"":""2026-27"",""games"":[{""d"":""2026-10-03"",""g"":1,""a"":0,""s"":2,""pp"":0,""h"":""H"",""toi"":""16:08""},{""d"":""2026-10-01"",""g"":0,""a"":0,""s"":1,""pp"":0,""h"":""R"",""toi"":""13:24""},{""d"":""2026-09-30"",""g"":0,""a"":0,""s"":1,""pp"":0,""h"":""H"",""toi"":""15:47""}]}",2026-27,PHI,R,,Healthy,Unknown,,,1.0,0.0,,15.0,9.0,2026-10-05T11:42:57+00:00,TBL,Andrei Vasilevskiy,0.9111111111111112,2.3085331195802667,15.3,Unconfirmed,dailyfaceoff_name_and_stats,22.0,6.0,22.0,6.0,7.7,82.3,86.3,A1+A2,14.84,48.3,76.9,1.11,NONE,False,False,23.17952989306844,2.2607758356708025,6.8,6.8,7.0,1.4,True,1.0,,1.3333333333333333,1.1166666666666667,58.3,1.0,1.0,4.0,1.0,0.0,0.0,1.0,1.0,0.0,0.0,4.0,4.0,LOW,0.1,-0.4,LOW,0.05,,LOW,0.025,,LOW,0.0,,LOW,0.0,,LOW,0.0,,LOW,0.4,,LOW,0.2,,LOW,0.1,,1.93929599515176,0.7878389980304025,,,0.0,2.2781405811942856,1.964174794768916,50.0,32.0,68.4,26.5,6.66,2.42,11.17,5.66,1.42,7.17,HOT,COOL,HOT,4.24,4.24,HOT,Yellow,Red,Yellow,Yellow,70.0,63.0,61.0,68.0,POINTS,70.0,0.0,3.0,0.0,3.0,0.0,3.0,B,Distributor,13.5,,38.9,,1.0,2.003086419753086,162.25,2.003086419753086,0.1349758748821474,13.5,13.5,3.2551617873651773,1.2906009244992296,2.3112480739599386,7.090348800857488,7.24498670156626,38.9,72.3,False,,,,🅿️ D:0,,False,False,0.0,,False,0.0,,False,0.0,,1.5,-130.0,DraftKings,2.5,220.0,DraftKings,3.5,575.0,Fanatics,4.5,1500.0,Fanatics,1.5,-130.0,DraftKings,0.5,120.0,theScore Bet,1.5,600.0,FanDuel,2.5,2500.0,Fanatics,3.5,1700.0,BetOnline.ag,0.5,120.0,theScore Bet,0.5,240.0,Hard Rock Bet,1.5,1600.0,DraftKings,2.5,3300.0,Bovada,,,,0.5,240.0,Hard Rock Bet,0.5,320.0,BetRivers,,,,,,,,,,0.5,320.0,BetRivers,0.5,320.0,BetRivers,,,,,,,,,,0.5,320.0,BetRivers,The Odds API,"[""Bally Bet"", ""BetOnline.ag"", ""BetRivers"", ""Bovada"", ""Courtside"", ""DraftKings"", ""FanDuel"", ""Fanatics"", ""Hard Rock Bet"", ""ReBet"", ""draftkings"", ""theScore Bet""]",The Odds API,"[""Bally Bet"", ""BetOnline.ag"", ""BetRivers"", ""Bovada"", ""Caesars"", ""Courtside"", ""DraftKings"", ""FanDuel"", ""Fanatics"", ""Hard Rock Bet"", ""ReBet"", ""draftkings"", ""theScore Bet""]",0.5,300.0,Hard Rock Bet,1.5,1000.0,Bovada,,,,,,,0.5,300.0,Hard Rock Bet,The Odds API,"[""Bovada"", ""Hard Rock Bet"", ""theScore Bet""]",The Odds API,"[""Bally Bet"", ""BetMGM"", ""BetRivers"", ""Bovada"", ""Caesars"", ""Courtside"", ""DraftKings"", ""FanDuel"", ""Fanatics"", ""betrivers""]",The Odds API,"[""Bally Bet"", ""BetMGM"", ""BetRivers"", ""Bovada"", ""Caesars"", ""Courtside"", ""DraftKings"", ""FanDuel"", ""Fanatics"", ""Hard Rock Bet"", ""fanduel"", ""theScore Bet""]",The Odds API,"[""BetOnline.ag"", ""Courtside"", ""DraftKings"", ""FanDuel"", ""Fanatics"", ""Hard Rock Bet"", ""ReBet"", ""theScore Bet""]",2026-10-05T11:43:17.763238+00:00,ALTLINE_NB_v1_2026-01-18,1.5,-130.0,DraftKings,exp/fallback,1.117,0.3005527006257277,30.1,0.5652173913043478,-46.825291427755865,-46.8,0.3005527006257277,30.1,-46.825291427755865,-46.8,0.1226208033171691,12.3,-60.761342938505855,-60.8,0.0449385952680545,4.5,-69.66644819406318,-69.7,0.015263141646009,1.5,-75.5789733663855,-75.6,0.5,120.0,theScore Bet,exp/fallback,0.666,0.4504529719282456,45.0,0.4545454545454545,-0.9003461757859599,-0.9,0.4504529719282456,45.0,-0.9003461757859599,-0.9,0.1536414232332585,15.4,7.548996263281005,7.5,0.0454331418969262,4.5,18.12616893200829,18.1,0.012315142240506,1.2,-77.83274396708919,-77.8,0.5,240.0,Hard Rock Bet,exp/fallback,0.424,0.3192388545785272,31.9,0.2941176470588235,8.541210556699241,8.5,0.3192388545785272,31.9,8.541210556699241,8.5,0.0810847905036884,8.1,37.84414385627035,37.8,0.0185988231969238,1.9,-36.7640011304589,-36.8,,,,,0.5,320.0,BetRivers,exp/fallback,0.2076,0.180802236206925,18.1,0.238095238095238,-24.063060793091484,-24.1,0.180802236206925,18.1,-24.063060793091484,-24.1,,,,,,,,,,,,,0.5,320.0,BetRivers,exp/fallback,0.1967249999999999,0.1690005648345016,16.9,0.238095238095238,-29.019762769509303,-29.0,0.1690005648345016,16.9,-29.019762769509303,-29.0,,,,,,,,,,,,,False,False,False,False,False,7.7,,Active roster,2026-10-05T11:43:17+00:00,False,[],2025-2026,,2026-09-24-frozen-v2,2026-10-05T11:43:20.192002+00:00,2026020040,8484387.0,PLAYER_ID,FINAL,0.0,L,OK,0.0,L,OK,1.0,L,OK,0.0,L,OK,0.0,L,OK,0.0,L,OK
2026-10-05,PHI@TBL,2026020040,6:00 PM,2026-10-05T23:00:00Z,Nick Seeler,8476372,PHI,False,,2026-27,PHI,D,,Healthy,Unknown,,,1.0,0.0,,15.0,9.0,2026-10-05T11:42:57+00:00,TBL,Andrei Vasilevskiy,0.9111111111111112,2.3085331195802667,15.3,Unconfirmed,dailyfaceoff_name_and_stats,22.0,6.0,22.0,6.0,,45.2,37.3,A1+A2,17.69,74.7,48.3,0.99,NONE,False,False,23.17952989306844,2.2607758356708025,6.8,6.8,7.0,1.4,True,,,,,50.0,,,,,,,,,,,,,,,,,,,,,,,,,,,,,,,,,,,,,,,,0.2951343817891155,0.0983781272630385,,,0.0,2.2781405811942856,1.964174794768916,50.0,32.0,38.2,26.5,1.3,0.56,,,,,COOL,COOL,COOL,0.74,,COOL,Red,Red,Red,Red,39.0,42.0,39.0,35.0,SOG,42.0,,,,,,,C,Passenger,0.2,,38.9,,0.0,0.0360416666666666,2.8833333333333333,0.0360416666666666,0.0020378594230384,0.2,0.2,0.0,0.0,0.0,7.090348800857488,7.24498670156626,38.9,27.8,False,,,,,,False,False,0.0,,False,0.0,,False,0.0,,,,,,,,,,,,,,,,,,,,,,,,,,,,,,,,,,,,,,,,,,,,,,,0.5,2800.0,Fanatics,,,,,,,,,,0.5,2800.0,Fanatics,0.5,2800.0,Fanatics,,,,,,,,,,0.5,2800.0,Fanatics,,,,,,,,,,,,,,,,,,,,,,The Odds API,"[""Bally Bet"", ""BetMGM"", ""BetRivers"", ""Bovada"", ""Caesars"", ""Courtside"", ""DraftKings"", ""FanDuel"", ""Fanatics"", ""fanatics""]",The Odds API,"[""Bally Bet"", ""BetMGM"", ""BetRivers"", ""Bovada"", ""Caesars"", ""Courtside"", ""DraftKings"", ""FanDuel"", ""Fanatics"", ""Hard Rock Bet""]",,,2026-10-05T11:43:17.763238+00:00,ALTLINE_NB_v1_2026-01-18,,,,league_avg,2.3,,,,,,,,,,,,,,,,,,,,,,,,,exp/fallback,0.13,,,,,,,,,,,,,,,,,,,,,,,,,exp/fallback,0.074,,,,,,,,,,,,,,,,,,,,,,0.5,2800.0,Fanatics,exp/fallback,0.2024,0.1768557645856978,17.7,0.0344827586206896,412.88171729852377,412.9,0.1768557645856978,17.7,412.88171729852377,412.9,,,,,,,,,,,,,0.5,2800.0,Fanatics,exp/fallback,0.1414,0.1265239325354448,12.7,0.0344827586206896,266.91940435279,266.9,0.1265239325354448,12.7,266.91940435279,266.9,,,,,,,,,,,,,False,False,True,True,False,,,Active roster,2026-10-05T11:43:17+00:00,False,[],2025-2026,,2026-09-24-frozen-v2,2026-10-05T11:43:20.192002+00:00,2026020040,8476372.0,PLAYER_ID,FINAL,1.0,,NO_LINE,1.0,,NO_LINE,0.0,,NO_LINE,0.0,L,OK,0.0,L,OK,0.0,,NO_LINE
2026-10-05,PHI@TBL,2026020040,6:00 PM,2026-10-05T23:00:00Z,Nikita Grebenkin,8483733,PHI,False,,2026-27,PHI,R,,Healthy,Unknown,,,1.0,0.0,,15.0,9.0,2026-10-05T11:42:57+00:00,TBL,Andrei Vasilevskiy,0.9111111111111112,2.3085331195802667,15.3,Unconfirmed,dailyfaceoff_name_and_stats,22.0,6.0,22.0,6.0,,37.9,49.3,A1+A2,11.29,18.5,38.0,0.95,NONE,False,False,23.17952989306844,2.2607758356708025,6.8,6.8,7.0,1.4,True,,,,,50.0,,,,,,,,,,,,,,,,,,,,,,,,,,,,,,,,,,,,,,,,1.2980529206190714,0.5991013479780329,,,0.0,2.2781405811942856,1.964174794768916,50.0,32.0,54.6,26.5,2.33,0.6,,,,,COOL,COOL,COOL,1.73,,COOL,Red,Red,Red,Red,41.0,33.0,32.0,37.0,POINTS,41.0,,,,,,,C,Passenger,1.8,,38.9,,0.0,0.2069696969696969,11.383333333333333,0.2069696969696969,0.0183375396015679,1.8,1.8,0.7906295754026355,0.7906295754026355,0.0,7.090348800857488,7.24498670156626,38.9,38.2,False,,,,,,False,False,0.0,,False,0.0,,False,0.0,,,,,,,,,,,,,,,,,,,,,,,,,,,,,,,,,,,,,,,,,,,,,,,,,,,,,,,,,,,,,,,,,,,,,,,,,,,,,,,,,,,,,,,,,,,,,,,,,,,,,,,,2026-10-05T11:43:17.763238+00:00,ALTLINE_NB_v1_2026-01-18,,,,league_avg,2.3,,,,,,,,,,,,,,,,,,,,,,,,,exp/fallback,0.233,,,,,,,,,,,,,,,,,,,,,,,,,exp/fallback,0.173,,,,,,,,,,,,,,,,,,,,,,,,,exp/fallback,0.204,,,,,,,,,,,,,,,,,,,,,,,,,exp/fallback,0.144,,,,,,,,,,,,,,,,,,,,,,False,False,False,False,False,,,Active roster,2026-10-05T11:43:17+00:00,False,[],2025-2026,,2026-09-24-frozen-v2,2026-10-05T11:43:20.192002+00:00,2026020040,,,NO_PLAYER,,,NO_PLAYER,,,NO_PLAYER,,,NO_PLAYER,,,NO_PLAYER,,,NO_PLAYER,,,NO_PLAYER
2026-10-05,PHI@TBL,2026020040,6:00 PM,2026-10-05T23:00:00Z,Noah Cates,8480220,PHI,False,"{""season"":""2026-27"",""games"":[{""d"":""2026-10-03"",""g"":0,""a"":0,""s"":0,""pp"":0,""h"":""H"",""toi"":""9:13""},{""d"":""2026-10-01"",""g"":0,""a"":0,""s"":2,""pp"":0,""h"":""R"",""toi"":""15:12""},{""d"":""2026-09-30"",""g"":0,""a"":0,""s"":1,""pp"":0,""h"":""H"",""toi"":""14:17""}]}",2026-27,PHI,L,,Healthy,Unknown,,,1.0,0.0,,15.0,9.0,2026-10-05T11:42:57+00:00,TBL,Andrei Vasilevskiy,0.9111111111111112,2.3085331195802667,15.3,Unconfirmed,dailyfaceoff_name_and_stats,22.0,6.0,22.0,6.0,7.7,88.3,84.1,A1+A2,16.24,60.4,81.2,1.12,NONE,False,False,23.17952989306844,2.2607758356708025,6.8,6.8,7.0,1.4,True,1.0,,1.0,1.0,50.0,0.0,0.0,3.0,0.0,0.0,0.0,0.0,0.0,0.0,0.0,3.0,3.0,LOW,0.0,-0.5,LOW,0.0,,LOW,0.0,,LOW,0.0,,LOW,0.0,,LOW,0.0,,LOW,0.3,,LOW,0.15,,LOW,0.075,,1.7514427593611597,0.6643403569990606,,,0.0,2.2781405811942856,1.964174794768916,50.0,32.0,65.4,26.5,6.83,2.85,11.0,6.83,2.85,7.0,HOT,HOT,HOT,4.38,3.98,HOT,Yellow,Red,Red,Yellow,72.0,66.0,63.0,69.0,POINTS,72.0,3.0,3.0,3.0,3.0,0.0,3.0,A,Hybrid,12.2,,38.9,,2.0,1.986178861788618,162.86666666666667,1.986178861788618,0.1222768622445787,12.2,12.2,4.028448628735162,2.3061809250921,2.026197298403602,7.090348800857488,7.24498670156626,38.9,68.6,False,,,,🅿️ D:3,,False,False,1.0,,False,0.0,,False,0.0,,,,,,,,,,,,,,,,,0.5,200.0,Fanatics,1.5,1300.0,Fanatics,2.5,2000.0,Bovada,3.5,3000.0,BetOnline.ag,0.5,200.0,Fanatics,0.5,330.0,Bovada,1.5,2500.0,Fanatics,2.5,3300.0,Bovada,,,,0.5,330.0,Bovada,0.5,600.0,Fanatics,,,,,,,,,,0.5,600.0,Fanatics,0.5,600.0,Fanatics,,,,,,,,,,0.5,600.0,Fanatics,The Odds API,"[""Bally Bet"", ""BetOnline.ag"", ""BetRivers"", ""Bovada"", ""Courtside"", ""DraftKings"", ""Fanatics"", ""Hard Rock Bet"", ""ReBet"", ""draftkings"", ""theScore Bet""]",The Odds API,"[""Bally Bet"", ""BetOnline.ag"", ""BetRivers"", ""Bovada"", ""Caesars"", ""Courtside"", ""DraftKings"", ""Fanatics"", ""Hard Rock Bet"", ""ReBet"", ""draftkings"", ""theScore Bet""]",0.5,550.0,Hard Rock Bet,,,,,,,,,,0.5,550.0,Hard Rock Bet,The Odds API,"[""Bovada"", ""Hard Rock Bet"", ""theScore Bet""]",The Odds API,"[""Bally Bet"", ""BetMGM"", ""BetRivers"", ""Bovada"", ""Caesars"", ""Courtside"", ""DraftKings"", ""FanDuel"", ""Fanatics"", ""fanatics""]",The Odds API,"[""Bally Bet"", ""BetMGM"", ""BetRivers"", ""Bovada"", ""Caesars"", ""Courtside"", ""DraftKings"", ""FanDuel"", ""Fanatics"", ""Hard Rock Bet"", ""theScore Bet""]",,,2026-10-05T11:43:17.763238+00:00,ALTLINE_NB_v1_2026-01-18,,,,exp/fallback,1.1,,,,,,,,,,,,,,,,,,,,,,0.5,200.0,Fanatics,exp/fallback,0.683,0.4579592862462013,45.8,0.3333333333333333,37.38778587386039,37.4,0.4579592862462013,45.8,37.38778587386039,37.4,0.1591708535809781,15.9,122.8391950133694,122.8,0.0479978281425499,4.8,0.7954390993548666,0.8,0.0132714921495017,1.3,-58.85837433654461,-58.9,0.5,330.0,Bovada,exp/fallback,0.438,0.3270348279665481,32.7,0.2325581395348837,40.62497602561569,40.6,0.3270348279665481,32.7,40.62497602561569,40.6,0.0852310992129371,8.5,121.6008579536366,121.6,0.0200690607424193,2.0,-31.76519347577431,-31.8,,,,,0.5,600.0,Fanatics,exp/fallback,0.2205,0.1904788570489041,19.0,0.1428571428571428,33.335199934232875,33.3,0.1904788570489041,19.0,33.335199934232875,33.3,,,,,,,,,,,,,0.5,600.0,Fanatics,exp/fallback,0.2176875,0.1842119425893824,18.4,0.1428571428571428,28.94835981256772,28.9,0.1842119425893824,18.4,28.94835981256772,28.9,,,,,,,,,,,,,False,True,True,True,True,7.7,,Active roster,2026-10-05T11:43:17+00:00,False,[],2025-2026,,2026-09-24-frozen-v2,2026-10-05T11:43:20.192002+00:00,2026020040,8480220.0,PLAYER_ID,FINAL,0.0,L,OK,0.0,L,OK,0.0,,NO_LINE,0.0,L,OK,0.0,L,OK,0.0,L,OK
2026-10-05,PHI@TBL,2026020040,6:00 PM,2026-10-05T23:00:00Z,Noel Acciari,8478569,PIT,True,"{""season"":""2026-27"",""games"":[{""d"":""2026-10-03"",""g"":0,""a"":0,""s"":1,""pp"":0,""h"":""H"",""toi"":""15:53""},{""d"":""2026-10-01"",""g"":0,""a"":0,""s"":0,""pp"":0,""h"":""R"",""toi"":""16:36""},{""d"":""2026-09-30"",""g"":0,""a"":0,""s"":1,""pp"":0,""h"":""H"",""toi"":""15:20""}]}",2026-27,PHI,C,,Healthy,Unknown,,,1.0,0.0,,15.0,9.0,2026-10-05T11:42:57+00:00,TBL,Andrei Vasilevskiy,0.9111111111111112,2.3085331195802667,15.3,Unconfirmed,dailyfaceoff_name_and_stats,22.0,6.0,22.0,6.0,7.7,72.4,54.3,A1+A2,13.71,40.0,59.6,1.04,NONE,False,False,23.17952989306844,2.2607758356708025,6.8,6.8,7.0,1.4,True,1.0,,0.6666666666666666,0.8833333333333333,38.9,0.0,0.0,2.0,0.0,0.0,0.0,0.0,0.0,0.0,0.0,2.0,2.0,LOW,0.0,,LOW,0.0,,LOW,0.0,,LOW,0.0,,LOW,0.0,,LOW,0.0,,LOW,0.2,,LOW,0.1,,LOW,0.05,,1.907438549609528,0.5805247759681172,,,0.0,2.2781405811942856,1.964174794768916,50.0,32.0,68.0,26.5,3.87,2.01,8.83,3.87,2.01,6.83,HOT,WARM,HOT,1.86,1.86,WARM,Red,Red,Red,Red,54.0,53.0,52.0,49.0,POINTS,54.0,3.0,3.0,3.0,3.0,0.0,3.0,,Passenger,0.3,,38.9,,,0.0417910447761194,2.8,0.0417910447761194,0.0030487251610561,0.3,0.3,6.214285714285714,6.214285714285714,0.0,7.090348800857488,7.24498670156626,38.9,30.3,False,,,,🅿️ D:3,,False,False,1.0,,False,0.0,,False,0.0,,,,,,,,,,,,,,,,,,,,,,,,,,,,,,,,,,,,,,,,,,,,,,,0.5,800.0,Fanatics,,,,,,,,,,0.5,800.0,Fanatics,0.5,800.0,Fanatics,,,,,,,,,,0.5,800.0,Fanatics,,,,,,,,,,,,,,,,,,,,,,The Odds API,"[""Bally Bet"", ""BetMGM"", ""BetRivers"", ""Bovada"", ""Caesars"", ""Courtside"", ""DraftKings"", ""FanDuel"", ""Fanatics"", ""fanatics""]",The Odds API,"[""Bally Bet"", ""BetMGM"", ""BetRivers"", ""Bovada"", ""Caesars"", ""Courtside"", ""DraftKings"", ""FanDuel"", ""Fanatics"", ""Hard Rock Bet"", ""theScore Bet""]",,,2026-10-05T11:43:17.763238+00:00,ALTLINE_NB_v1_2026-01-18,,,,exp/fallback,0.883,,,,,,,,,,,,,,,,,,,,,,,,,exp/fallback,0.387,,,,,,,,,,,,,,,,,,,,,,,,,exp/fallback,0.186,,,,,,,,,,,,,,,,,,,,,,0.5,800.0,Fanatics,exp/fallback,0.1952999999999999,0.1714242026592288,17.1,0.1111111111111111,54.28178239330597,54.3,0.1714242026592288,17.1,54.28178239330597,54.3,,,,,,,,,,,,,0.5,800.0,Fanatics,exp/fallback,0.1767375,0.1540557920020239,15.4,0.1111111111111111,38.65021280182152,38.7,0.1540557920020239,15.4,38.65021280182152,38.7,,,,,,,,,,,,,False,False,True,True,False,7.7,,Active roster,2026-10-05T11:43:17+00:00,False,[],2025-2026,,2026-09-24-frozen-v2,2026-10-05T11:43:20.192002+00:00,2026020040,8478569.0,PLAYER_ID,FINAL,0.0,,NO_LINE,0.0,,NO_LINE,0.0,,NO_LINE,0.0,L,OK,0.0,L,OK,0.0,,NO_LINE
2026-10-05,PHI@TBL,2026020040,6:00 PM,2026-10-05T23:00:00Z,Owen Tippett,8480015,PHI,False,"{""season"":""2026-27"",""games"":[{""d"":""2026-10-03"",""g"":1,""a"":0,""s"":3,""pp"":0,""h"":""H"",""toi"":""17:47""},{""d"":""2026-10-01"",""g"":0,""a"":0,""s"":2,""pp"":0,""h"":""R"",""toi"":""16:05""},{""d"":""2026-09-30"",""g"":0,""a"":0,""s"":4,""pp"":0,""h"":""H"",""toi"":""14:11""}]}",2026-27,PHI,R,⭐ STAR,Healthy,Unknown,,,1.0,0.0,,15.0,9.0,2026-10-05T11:42:57+00:00,TBL,Andrei Vasilevskiy,0.9111111111111112,2.3085331195802667,15.3,Unconfirmed,dailyfaceoff_name_and_stats,22.0,6.0,22.0,6.0,23.1,95.1,76.4,A1+A2,16.84,66.4,82.8,1.16,STAR,False,True,23.17952989306844,2.2607758356708025,6.8,6.8,7.0,1.4,True,3.0,,3.0,3.0,93.1,1.0,1.0,9.0,1.0,0.0,0.0,1.0,1.0,0.0,0.0,9.0,9.0,LOW,0.1,-0.4,LOW,0.05,,LOW,0.025,,LOW,0.0,,LOW,0.0,,LOW,0.0,,LOW,0.9,,LOW,0.45,,LOW,0.225,,2.0382867373639995,0.6059771381352431,,,0.0,2.2781405811942856,1.964174794768916,50.0,32.0,69.2,26.5,7.32,4.41,33.0,6.32,3.01,21.0,HOT,HOT,HOT,3.64,3.31,HOT,Yellow,Yellow,Green,Yellow,67.0,77.0,75.0,66.0,SOG,77.0,0.0,3.0,0.0,0.0,0.0,3.0,A,Shooter,12.4,,38.9,,2.0,2.094650205761317,169.66666666666666,2.094650205761317,0.1243632187839769,12.4,12.4,2.825540275049116,1.9237721021611005,1.0609037328094304,7.090348800857488,7.24498670156626,38.9,64.0,False,,,,🎯 D:0,,False,False,2.0,,False,0.0,,False,0.0,,1.5,-195.0,DraftKings,2.5,145.0,DraftKings,3.5,350.0,Fanatics,4.5,900.0,Fanatics,2.5,145.0,DraftKings,0.5,148.0,BetRivers,1.5,750.0,FanDuel,2.5,3000.0,Fanatics,3.5,1500.0,BetOnline.ag,0.5,148.0,BetRivers,0.5,300.0,Hard Rock Bet,1.5,1900.0,BetOnline.ag,2.5,3300.0,Bovada,,,,0.5,300.0,Hard Rock Bet,0.5,330.0,DraftKings,,,,,,,,,,0.5,330.0,DraftKings,0.5,330.0,DraftKings,,,,,,,,,,0.5,330.0,DraftKings,The Odds API,"[""BetOnline.ag"", ""Bovada"", ""Courtside"", ""DraftKings"", ""FanDuel"", ""Fanatics"", ""Hard Rock Bet"", ""ReBet"", ""draftkings"", ""theScore Bet""]",The Odds API,"[""Bally Bet"", ""BetOnline.ag"", ""BetRivers"", ""Bovada"", ""Caesars"", ""Courtside"", ""DraftKings"", ""FanDuel"", ""Fanatics"", ""Hard Rock Bet"", ""ReBet"", ""draftkings"", ""theScore Bet""]",0.5,400.0,Hard Rock Bet,,,,,,,,,,0.5,400.0,Hard Rock Bet,The Odds API,"[""Bovada"", ""Hard Rock Bet"", ""theScore Bet""]",The Odds API,"[""Bally Bet"", ""BetMGM"", ""BetRivers"", ""Bovada"", ""Caesars"", ""Courtside"", ""DraftKings"", ""FanDuel"", ""Fanatics"", ""fanatics""]",The Odds API,"[""Bally Bet"", ""BetMGM"", ""BetRivers"", ""Bovada"", ""Caesars"", ""Courtside"", ""DraftKings"", ""FanDuel"", ""Fanatics"", ""Hard Rock Bet"", ""fanduel"", ""theScore Bet""]",The Odds API,"[""BetOnline.ag"", ""Courtside"", ""DraftKings"", ""FanDuel"", ""Fanatics"", ""Hard Rock Bet"", ""ReBet"", ""fanduel"", ""theScore Bet""]",2026-10-05T11:43:17.763238+00:00,ALTLINE_NB_v1_2026-01-18,2.5,145.0,DraftKings,exp/fallback,3.3,0.5626316556203185,56.3,0.4081632653061224,37.84475562697802,37.8,0.7468490708318726,74.7,12.984859433539691,13.0,0.5626316556203185,56.3,37.84475562697802,37.8,0.3960789240591873,39.6,78.23551582663428,78.2,0.2643197425844569,26.4,164.31974258445692,164.3,0.5,148.0,BetRivers,exp/fallback,0.732,0.4788354243612164,47.9,0.4032258064516129,18.75118524158167,18.8,0.4788354243612164,47.9,18.75118524158167,18.8,0.1751477397826545,17.5,48.87557881525634,48.9,0.0556985398540863,5.6,72.66547354766769,72.7,0.0162561515955526,1.6,-73.99015744711583,-74.0,0.5,300.0,Hard Rock Bet,exp/fallback,0.364,0.284243918220573,28.4,0.25,13.697567288229218,13.7,0.284243918220573,28.4,13.697567288229218,13.7,0.063824955642137,6.4,27.649911284274165,27.6,0.0129160074323968,1.3,-56.08557472985072,-56.1,,,,,0.5,330.0,DraftKings,exp/fallback,0.3564,0.2833576641249612,28.3,0.2325581395348837,21.84379557373332,21.8,0.2833576641249612,28.3,21.84379557373332,21.8,,,,,,,,,,,,,0.5,330.0,DraftKings,exp/fallback,0.39165,0.2945470467125926,29.5,0.2325581395348837,26.655230086414804,26.7,0.2945470467125926,29.5,26.655230086414804,26.7,,,,,,,,,,,,,True,True,True,True,True,23.1,,Active roster,2026-10-05T11:43:17+00:00,False,[],2025-2026,,2026-09-24-frozen-v2,2026-10-05T11:43:20.192002+00:00,2026020040,8480015.0,PLAYER_ID,FINAL,0.0,L,OK,0.0,L,OK,0.0,L,OK,0.0,L,OK,0.0,L,OK,0.0,L,OK
2026-10-05,PHI@TBL,2026020040,6:00 PM,2026-10-05T23:00:00Z,Porter Martone,8485406,PHI,False,,2026-27,PHI,R,,Healthy,Unknown,,,1.0,0.0,,15.0,9.0,2026-10-05T11:42:57+00:00,TBL,Andrei Vasilevskiy,0.9111111111111112,2.3085331195802667,15.3,Unconfirmed,dailyfaceoff_name_and_stats,22.0,6.0,22.0,6.0,,47.2,37.3,A1+A2,17.04,68.7,48.0,0.99,NONE,False,False,23.17952989306844,2.2607758356708025,6.8,6.8,7.0,1.4,True,,,,,50.0,,,,,,,,,,,,,,,,,,,,,,,,,,,,,,,,,,,,,,,,0.0311647837943124,0.0233735878457343,,,0.0,2.2781405811942856,1.964174794768916,50.0,32.0,35.6,26.5,12.0,5.39,,,,,COOL,COOL,COOL,6.61,,COOL,Red,Red,Red,Red,38.0,42.0,40.0,34.0,SOG,42.0,,,,,,,C,Passenger,12.3,,38.9,,0.0,2.103703703703704,18.933333333333334,2.103703703703704,0.1234514236035644,12.3,12.3,12.454225352112676,7.066901408450705,6.338028169014085,7.090348800857488,7.24498670156626,38.9,78.3,False,,,,,,False,False,0.0,,False,0.0,,False,0.0,,1.5,-143.0,BetOnline.ag,2.5,200.0,Fanatics,3.5,525.0,Fanatics,4.5,1300.0,Fanatics,1.5,-143.0,BetOnline.ag,0.5,133.0,BetRivers,1.5,650.0,Fanatics,2.5,2800.0,Fanatics,3.5,3800.0,BetOnline.ag,0.5,133.0,BetRivers,0.5,260.0,Bovada,1.5,1600.0,DraftKings,2.5,3300.0,Bovada,,,,0.5,260.0,Bovada,0.5,320.0,DraftKings,,,,,,,,,,0.5,320.0,DraftKings,0.5,320.0,DraftKings,,,,,,,,,,0.5,320.0,DraftKings,The Odds API,"[""Bally Bet"", ""BetOnline.ag"", ""BetRivers"", ""Bovada"", ""Courtside"", ""DraftKings"", ""FanDuel"", ""Fanatics"", ""Hard Rock Bet"", ""ReBet"", ""draftkings"", ""theScore Bet""]",The Odds API,"[""Bally Bet"", ""BetOnline.ag"", ""BetRivers"", ""Bovada"", ""Caesars"", ""Courtside"", ""DraftKings"", ""FanDuel"", ""Fanatics"", ""Hard Rock Bet"", ""ReBet"", ""draftkings"", ""theScore Bet""]",0.5,400.0,Hard Rock Bet,,,,,,,,,,0.5,400.0,Hard Rock Bet,The Odds API,"[""Bovada"", ""Hard Rock Bet"", ""theScore Bet""]",The Odds API,"[""Bally Bet"", ""BetMGM"", ""BetRivers"", ""Bovada"", ""Caesars"", ""Courtside"", ""DraftKings"", ""FanDuel"", ""Fanatics"", ""fanatics""]",The Odds API,"[""Bally Bet"", ""BetMGM"", ""BetRivers"", ""Bovada"", ""Caesars"", ""Courtside"", ""DraftKings"", ""FanDuel"", ""Fanatics"", ""Hard Rock Bet"", ""fanduel"", ""theScore Bet""]",The Odds API,"[""BetOnline.ag"", ""Courtside"", ""DraftKings"", ""FanDuel"", ""Fanatics"", ""Hard Rock Bet"", ""ReBet"", ""theScore Bet""]",2026-10-05T11:43:17.763238+00:00,ALTLINE_NB_v1_2026-01-18,1.5,-143.0,BetOnline.ag,league_avg,2.3,0.6001759479749428,60.0,0.588477366255144,1.9879408097280395,2.0,0.6001759479749428,60.0,1.9879408097280395,2.0,0.3835789960842564,38.4,15.073698825276916,15.1,0.2254288407355011,22.5,40.893025459688246,40.9,0.1243884637071297,12.4,74.14384918998165,74.1,0.5,133.0,BetRivers,exp/fallback,1.2,0.6328103386648827,63.3,0.4291845493562232,47.44480890891767,47.4,0.6328103386648827,63.3,47.44480890891767,47.4,0.3225092164098541,32.3,141.88191230739056,141.9,0.1455064635742391,14.6,321.9687443652935,322.0,0.0607445819346489,6.1,136.90386954513082,136.9,0.5,260.0,Bovada,exp/fallback,0.661,0.4351017332349844,43.5,0.2777777777777778,56.63662396459441,56.6,0.4351017332349844,43.5,56.63662396459441,56.6,0.1544570475291031,15.4,162.5769807994754,162.6,0.0498876353241496,5.0,69.61796010210878,69.6,,,,,0.5,320.0,DraftKings,exp/fallback,0.3955999999999999,0.3073663262804668,30.7,0.238095238095238,29.093857037796056,29.1,0.3073663262804668,30.7,29.093857037796056,29.1,,,,,,,,,,,,,0.5,320.0,DraftKings,exp/fallback,0.4553499999999999,0.3289217923142575,32.9,0.238095238095238,38.14715277198817,38.1,0.3289217923142575,32.9,38.14715277198817,38.1,,,,,,,,,,,,,False,True,True,True,True,,,Active roster,2026-10-05T11:43:17+00:00,False,[],2025-2026,,2026-09-24-frozen-v2,2026-10-05T11:43:20.192002+00:00,2026020040,8485406.0,PLAYER_ID,FINAL,0.0,L,OK,0.0,L,OK,0.0,L,OK,0.0,L,OK,0.0,L,OK,0.0,L,OK
2026-10-05,PHI@TBL,2026020040,6:00 PM,2026-10-05T23:00:00Z,Rasmus Ristolainen,8477499,PHI,False,,2026-27,PHI,D,,GTD,Unknown,,,1.0,-1.0,🟡 GTD,15.0,9.0,2026-10-05T11:42:57+00:00,TBL,Andrei Vasilevskiy,0.9111111111111112,2.3085331195802667,15.3,Unconfirmed,dailyfaceoff_name_and_stats,22.0,6.0,22.0,6.0,,48.0,56.5,A1+A2,21.39,91.3,59.6,1.04,NONE,False,False,23.17952989306844,2.2607758356708025,6.8,6.8,7.0,1.4,True,,,,,50.0,,,,,,,,,,,,,,,,,,,,,,,,,,,,,,,,,,,,,,,,0.6985769728331177,0.3104786545924967,,,0.0,2.2781405811942856,1.964174794768916,50.0,32.0,41.8,26.5,4.25,1.18,,,,,COOL,COOL,COOL,3.07,,COOL,Red,Red,Red,Red,49.0,42.0,40.0,44.0,POINTS,49.0,,,,,,,C,Passenger,5.8,,38.9,,0.0,1.2507575757575755,55.03333333333333,1.2507575757575755,0.0584849182592677,5.8,5.8,1.1747425802543914,0.4797092671108419,0.817686250757117,7.090348800857488,7.24498670156626,38.9,53.2,False,,,,,,False,False,0.0,,False,0.0,,False,0.0,,,,,,,,,,,,,,,,,,,,,,,,,,,,,,,,,,,,,,,,,,,,,,,0.5,1000.0,Hard Rock Bet,,,,,,,,,,0.5,1000.0,Hard Rock Bet,0.5,900.0,Fanatics,,,,,,,,,,0.5,900.0,Fanatics,,,,,,,,,,,,,,,,,,,,,,The Odds API,"[""Fanatics"", ""fanatics""]",The Odds API,"[""Fanatics"", ""Hard Rock Bet"", ""theScore Bet""]",,,2026-10-05T11:43:17.763238+00:00,ALTLINE_NB_v1_2026-01-18,,,,league_avg,2.3,,,,,,,,,,,,,,,,,,,,,,,,,exp/fallback,0.425,,,,,,,,,,,,,,,,,,,,,,,,,exp/fallback,0.307,,,,,,,,,,,,,,,,,,,,,,0.5,1000.0,Hard Rock Bet,exp/fallback,0.2271999999999999,0.1954416413591294,19.5,0.0909090909090909,114.98580549504238,115.0,0.1954416413591294,19.5,114.98580549504238,115.0,,,,,,,,,,,,,0.5,900.0,Fanatics,exp/fallback,0.1817,0.1578074397258786,15.8,0.1,57.80743972587863,57.8,0.1578074397258786,15.8,57.80743972587863,57.8,,,,,,,,,,,,,False,False,True,True,False,,,Active roster,2026-10-05T11:43:17+00:00,False,[],2025-2026,,2026-09-24-frozen-v2,2026-10-05T11:43:20.192002+00:00,2026020040,,,NO_PLAYER,,,NO_PLAYER,,,NO_PLAYER,,,NO_PLAYER,,,NO_PLAYER,,,NO_PLAYER,,,NO_PLAYER
2026-10-05,PHI@TBL,2026020040,6:00 PM,2026-10-05T23:00:00Z,Sean Couturier,8476461,PHI,False,"{""season"":""2026-27"",""games"":[{""d"":""2026-10-03"",""g"":0,""a"":0,""s"":0,""pp"":0,""h"":""H"",""toi"":""15:58""},{""d"":""2026-10-01"",""g"":0,""a"":1,""s"":2,""pp"":0,""h"":""R"",""toi"":""17:02""},{""d"":""2026-09-30"",""g"":0,""a"":0,""s"":0,""pp"":0,""h"":""H"",""toi"":""15:04""}]}",2026-27,PHI,C,,Healthy,Unknown,,,1.0,0.0,,15.0,9.0,2026-10-05T11:42:57+00:00,TBL,Andrei Vasilevskiy,0.9111111111111112,2.3085331195802667,15.3,Unconfirmed,dailyfaceoff_name_and_stats,22.0,6.0,22.0,6.0,0.0,76.3,77.8,A1+A2,16.65,63.8,74.3,1.1,NONE,False,False,23.17952989306844,2.2607758356708025,6.8,6.8,7.0,1.4,True,0.0,,0.6666666666666666,0.2333333333333333,15.3,1.0,0.0,2.0,0.0,1.0,1.0,1.0,1.0,1.0,1.0,2.0,2.0,LOW,0.1,-0.4,LOW,0.05,,LOW,0.025,,LOW,0.1,,LOW,0.05,,LOW,0.025,,LOW,0.2,,LOW,0.1,,LOW,0.05,,1.541298906599921,0.3556843630615202,,,1.0,2.2781405811942856,1.964174794768916,50.0,32.0,61.2,26.5,5.46,2.08,2.56,4.46,2.08,0.33,HOT,WARM,COOL,3.72,2.38,WARM,Yellow,Red,Red,Yellow,66.0,52.0,52.0,62.0,POINTS,66.0,1.0,1.0,3.0,3.0,0.0,3.0,C,Passenger,4.9,,38.9,,0.0,0.8188034188034188,63.86666666666667,0.8188034188034188,0.0491729651349305,4.9,4.9,1.435020876826722,0.8361169102296451,0.7045929018789143,7.090348800857488,7.24498670156626,38.9,51.1,False,,,,🅿️ D:1,,False,False,1.0,,False,0.0,,False,0.0,,,,,,,,,,,,,,,,,0.5,250.0,BetRivers,,,,,,,,,,0.5,250.0,BetRivers,,,,,,,,,,,,,,,,0.5,1100.0,Hard Rock Bet,,,,,,,,,,0.5,1100.0,Hard Rock Bet,0.5,750.0,DraftKings,,,,,,,,,,0.5,750.0,DraftKings,,,The Odds API,"[""Bally Bet"", ""BetRivers""]",,,,,,,,,,,,,,,,,,The Odds API,"[""Bally Bet"", ""BetMGM"", ""BetRivers"", ""Bovada"", ""Caesars"", ""Courtside"", ""DraftKings"", ""FanDuel"", ""Fanatics"", ""fanatics""]",The Odds API,"[""Bally Bet"", ""BetMGM"", ""BetRivers"", ""Bovada"", ""Caesars"", ""Courtside"", ""DraftKings"", ""FanDuel"", ""Fanatics"", ""Hard Rock Bet"", ""theScore Bet""]",,,2026-10-05T11:43:17.763238+00:00,ALTLINE_NB_v1_2026-01-18,,,,exp/fallback,0.256,,,,,,,,,,,,,,,,,,,,,,0.5,250.0,BetRivers,exp/fallback,0.546,0.3932565838489542,39.3,0.2857142857142857,37.639804347133975,37.6,0.3932565838489542,39.3,37.639804347133975,37.6,,,,,,,,,,,,,,,,exp/fallback,0.372,,,,,,,,,,,,,,,,,,,,,,0.5,1100.0,Hard Rock Bet,exp/fallback,0.1974,0.1730359336988879,17.3,0.0833333333333333,107.6431204386655,107.6,0.1730359336988879,17.3,107.6431204386655,107.6,,,,,,,,,,,,,0.5,750.0,DraftKings,exp/fallback,0.18015,0.1566385933207167,15.7,0.1176470588235294,33.14280432260922,33.1,0.1566385933207167,15.7,33.14280432260922,33.1,,,,,,,,,,,,,False,True,True,True,False,0.0,,Active roster,2026-10-05T11:43:17+00:00,False,[],2025-2026,,2026-09-24-frozen-v2,2026-10-05T11:43:20.192002+00:00,2026020040,8476461.0,PLAYER_ID,FINAL,1.0,W,OK,1.0,,NO_LINE,1.0,,NO_LINE,0.0,L,OK,0.0,L,OK,0.0,,NO_LINE
2026-10-05,PHI@TBL,2026020040,6:00 PM,2026-10-05T23:00:00Z,Simon Benoit,8481122,TOR,True,,2026-27,PHI,D,,Healthy,Unknown,,,1.0,0.0,,15.0,9.0,2026-10-05T11:42:57+00:00,TBL,Andrei Vasilevskiy,0.9111111111111112,2.3085331195802667,15.3,Unconfirmed,dailyfaceoff_name_and_stats,22.0,6.0,22.0,6.0,,36.4,37.3,A1+A2,17.3,70.2,43.5,0.97,NONE,False,False,23.17952989306844,2.2607758356708025,6.8,6.8,7.0,1.4,True,,,,,50.0,,,,,,,,,,,,,,,,,,,,,,,,,,,,,,,,,,,,,,,,0.27037988373665,0.05407597674733,,,0.0,2.2781405811942856,1.964174794768916,50.0,32.0,37.8,26.5,1.24,0.43,,,,,COOL,COOL,COOL,0.8,,COOL,Red,Red,Red,Red,39.0,36.0,34.0,34.0,POINTS,39.0,,,,,,,,Passenger,0.0,,38.9,,,0.0054794520547945,0.4,0.0054794520547945,0.0003168024076982,0.0,0.0,0.0,0.0,0.0,7.090348800857488,7.24498670156626,38.9,20.7,False,,,,,,False,False,0.0,,False,0.0,,False,0.0,,,,,,,,,,,,,,,,,,,,,,,,,,,,,,,,,,,,,,,,,,,,,,,0.5,3000.0,BetMGM,,,,,,,,,,0.5,3000.0,BetMGM,0.5,3000.0,BetMGM,,,,,,,,,,0.5,3000.0,BetMGM,,,,,,,,,,,,,,,,,,,,,,The Odds API,"[""BetMGM"", ""Bovada"", ""Caesars"", ""Courtside"", ""DraftKings"", ""Fanatics"", ""betmgm""]",The Odds API,"[""BetMGM"", ""Bovada"", ""Caesars"", ""Courtside"", ""DraftKings"", ""Fanatics""]",,,2026-10-05T11:43:17.763238+00:00,ALTLINE_NB_v1_2026-01-18,,,,league_avg,2.3,,,,,,,,,,,,,,,,,,,,,,,,,exp/fallback,0.124,,,,,,,,,,,,,,,,,,,,,,,,,exp/fallback,0.08,,,,,,,,,,,,,,,,,,,,,,0.5,3000.0,BetMGM,exp/fallback,0.1972,0.1728826247012215,17.3,0.032258064516129,435.9361365737867,435.9,0.1728826247012215,17.3,435.9361365737867,435.9,,,,,,,,,,,,,0.5,3000.0,BetMGM,exp/fallback,0.1329499999999999,0.1197209205617531,12.0,0.032258064516129,271.1348537414346,271.1,0.1197209205617531,12.0,271.1348537414346,271.1,,,,,,,,,,,,,False,False,True,True,False,,,Active roster,2026-10-05T11:43:17+00:00,False,[],2025-2026,,2026-09-24-frozen-v2,2026-10-05T11:43:20.192002+00:00,2026020040,8481122.0,PLAYER_ID,FINAL,0.0,,NO_LINE,0.0,,NO_LINE,0.0,,NO_LINE,0.0,L,OK,0.0,L,OK,0.0,,NO_LINE
2026-10-05,PHI@TBL,2026020040,6:00 PM,2026-10-05T23:00:00Z,Travis Konecny,8478439,PHI,False,"{""season"":""2026-27"",""games"":[{""d"":""2026-10-03"",""g"":0,""a"":1,""s"":1,""pp"":0,""h"":""H"",""toi"":""16:08""},{""d"":""2026-10-01"",""g"":0,""a"":1,""s"":1,""pp"":0,""h"":""R"",""toi"":""16:59""},{""d"":""2026-09-30"",""g"":0,""a"":0,""s"":2,""pp"":0,""h"":""H"",""toi"":""14:47""}]}",2026-27,PHI,R,,Healthy,Unknown,,,1.0,0.0,,15.0,9.0,2026-10-05T11:42:57+00:00,TBL,Andrei Vasilevskiy,0.9111111111111112,2.3085331195802667,15.3,Unconfirmed,dailyfaceoff_name_and_stats,22.0,6.0,22.0,6.0,7.7,89.5,93.9,A1+A2,19.09,82.6,89.7,1.16,NONE,False,False,23.17952989306844,2.2607758356708025,6.8,6.8,7.0,1.4,True,1.0,,1.3333333333333333,1.1166666666666667,58.3,2.0,0.0,4.0,0.0,2.0,2.0,2.0,2.0,2.0,2.0,4.0,4.0,LOW,0.2,-0.3,LOW,0.1,,LOW,0.05,,LOW,0.2,,LOW,0.1,,LOW,0.05,,LOW,0.4,,LOW,0.2,,LOW,0.1,,2.254798156791983,0.6979137151975185,,,2.0,2.2781405811942856,1.964174794768916,50.0,32.0,71.0,26.5,10.42,3.63,12.29,7.47,3.3,7.17,HOT,HOT,HOT,6.79,4.17,HOT,Green,Red,Red,Green,78.0,70.0,66.0,76.0,POINTS,78.0,0.0,0.0,3.0,3.0,0.0,3.0,A,Distributor,13.7,,38.9,,2.0,2.615367965367965,201.38333333333333,2.615367965367965,0.1370016780806385,13.7,13.7,3.642307373996524,1.489696267483241,2.53248365472151,7.090348800857488,7.24498670156626,38.9,74.4,False,,,,🅿️ D:0,,False,False,1.0,,False,0.0,,False,0.0,,1.5,-120.0,Fanatics,2.5,255.0,FanDuel,3.5,700.0,Fanatics,4.5,1700.0,Fanatics,1.5,-120.0,Fanatics,0.5,105.0,theScore Bet,1.5,550.0,Fanatics,2.5,2200.0,Fanatics,3.5,4000.0,BetOnline.ag,0.5,105.0,theScore Bet,0.5,185.0,Bovada,1.5,1100.0,Fanatics,2.5,2500.0,Bovada,,,,0.5,185.0,Bovada,0.5,340.0,theScore Bet,,,,,,,,,,0.5,340.0,theScore Bet,0.5,310.0,FanDuel,,,,,,,,,,0.5,310.0,FanDuel,The Odds API,"[""Bally Bet"", ""BetOnline.ag"", ""BetRivers"", ""Bovada"", ""Courtside"", ""DraftKings"", ""FanDuel"", ""Fanatics"", ""Hard Rock Bet"", ""ReBet"", ""draftkings"", ""theScore Bet""]",The Odds API,"[""Bally Bet"", ""BetOnline.ag"", ""BetRivers"", ""Bovada"", ""Caesars"", ""Courtside"", ""DraftKings"", ""FanDuel"", ""Fanatics"", ""Hard Rock Bet"", ""ReBet"", ""draftkings"", ""theScore Bet""]",0.5,300.0,Hard Rock Bet,1.5,1000.0,Bovada,,,,,,,0.5,300.0,Hard Rock Bet,The Odds API,"[""Bovada"", ""Hard Rock Bet"", ""theScore Bet""]",The Odds API,"[""Bally Bet"", ""BetMGM"", ""BetRivers"", ""Bovada"", ""Caesars"", ""Courtside"", ""DraftKings"", ""FanDuel"", ""Fanatics"", ""fanduel""]",The Odds API,"[""Bally Bet"", ""BetMGM"", ""BetRivers"", ""Bovada"", ""Caesars"", ""Courtside"", ""DraftKings"", ""FanDuel"", ""Fanatics"", ""Hard Rock Bet"", ""fanduel"", ""theScore Bet""]",The Odds API,"[""BetOnline.ag"", ""Courtside"", ""DraftKings"", ""FanDuel"", ""Fanatics"", ""Hard Rock Bet"", ""ReBet"", ""theScore Bet""]",2026-10-05T11:43:17.763238+00:00,ALTLINE_NB_v1_2026-01-18,1.5,-120.0,Fanatics,exp/fallback,1.229,0.3356471421779319,33.6,0.5454545454545454,-38.46469060071248,-38.5,0.3356471421779319,33.6,-38.46469060071248,-38.5,0.1464860207183798,14.6,-47.99746264497517,-48.0,0.0575669087375844,5.8,-53.94647300993248,-53.9,0.0209934185687766,2.1,-62.21184657620198,-62.2,0.5,105.0,theScore Bet,exp/fallback,1.042,0.5886803546100183,58.9,0.4878048780487805,20.67947269505376,20.7,0.5886803546100183,58.9,20.67947269505376,20.7,0.2746222682200711,27.5,78.5044743430462,78.5,0.112760500020196,11.3,159.34915004645077,159.3,0.0427275413261585,4.3,75.18291943724995,75.2,0.5,185.0,Bovada,exp/fallback,0.679,0.4426672496367234,44.3,0.3508771929824561,26.16016614646617,26.2,0.4426672496367234,44.3,26.16016614646617,26.2,0.1601521787172275,16.0,92.18261446067304,92.2,0.0527458331660866,5.3,37.13916623182519,37.1,,,,,0.5,340.0,theScore Bet,exp/fallback,0.2439,0.2076276315237279,20.8,0.2272727272727272,-8.643842129559687,-8.6,0.2076276315237279,20.8,-8.643842129559687,-8.6,,,,,,,,,,,,,0.5,310.0,FanDuel,exp/fallback,0.2557125,0.2106588736910937,21.1,0.2439024390243902,-13.629861786651576,-13.6,0.2106588736910937,21.1,-13.629861786651576,-13.6,,,,,,,,,,,,,False,True,False,False,True,7.7,,Active roster,2026-10-05T11:43:17+00:00,False,"[{""market"":""Assists"",""name"":""Staff (Green Stance)"",""kind"":""STANCE"",""rule"":""Green + Assists 0.5"",""icon"":""staff.svg"",""kit_version"":""2026-09-24-frozen-v2""}]",2025-2026,,2026-09-24-frozen-v2,2026-10-05T11:43:20.192002+00:00,2026020040,8478439.0,PLAYER_ID,FINAL,0.0,L,OK,0.0,L,OK,2.0,W,OK,0.0,L,OK,0.0,L,OK,0.0,L,OK
2026-10-05,PHI@TBL,2026020040,6:00 PM,2026-10-05T23:00:00Z,Travis Sanheim,8477948,PHI,False,"{""season"":""2026-27"",""games"":[{""d"":""2026-10-03"",""g"":0,""a"":0,""s"":1,""pp"":0,""h"":""H"",""toi"":""27:05""},{""d"":""2026-10-01"",""g"":1,""a"":1,""s"":3,""pp"":0,""h"":""R"",""toi"":""25:47""},{""d"":""2026-09-30"",""g"":0,""a"":0,""s"":3,""pp"":0,""h"":""H"",""toi"":""20:15""}]}",2026-27,PHI,D,,Healthy,Unknown,,,1.0,0.0,,15.0,9.0,2026-10-05T11:42:57+00:00,TBL,Andrei Vasilevskiy,0.9111111111111112,2.3085331195802667,15.3,Unconfirmed,dailyfaceoff_name_and_stats,22.0,6.0,22.0,6.0,23.1,61.8,80.9,A1+A2,24.22,98.1,75.8,1.1,NONE,False,False,23.17952989306844,2.2607758356708025,6.8,6.8,7.0,1.4,True,3.0,,2.333333333333333,2.7666666666666666,86.1,2.0,1.0,7.0,1.0,1.0,1.0,2.0,2.0,1.0,1.0,7.0,7.0,LOW,0.2,-0.3,LOW,0.1,,LOW,0.05,,LOW,0.1,,LOW,0.05,,LOW,0.025,,LOW,0.7,,LOW,0.35,,LOW,0.175,,1.0495853489979268,0.3887353144436766,,,1.0,2.2781405811942856,1.964174794768916,50.0,32.0,48.4,26.5,4.68,1.14,30.44,2.68,0.14,20.67,HOT,COOL,HOT,3.89,2.54,HOT,Yellow,Red,Red,Yellow,66.0,60.0,57.0,64.0,POINTS,66.0,1.0,1.0,1.0,1.0,0.0,3.0,B,Distributor,4.2,,38.9,,1.0,1.02119341563786,82.71666666666667,1.02119341563786,0.0421586449431712,4.2,4.2,1.5359661495063468,0.4569816643159379,1.2693935119887163,7.090348800857488,7.24498670156626,38.9,53.3,False,,,,🅿️ D:1,,False,False,0.0,,False,0.0,,False,0.0,,1.5,-120.0,Fanatics,2.5,250.0,Fanatics,3.5,650.0,Fanatics,4.5,1700.0,Fanatics,1.5,-120.0,Fanatics,0.5,275.0,BetRivers,,,,,,,,,,0.5,275.0,BetRivers,,,,,,,,,,,,,,,,0.5,1300.0,FanDuel,,,,,,,,,,0.5,1300.0,FanDuel,0.5,1300.0,FanDuel,,,,,,,,,,0.5,1300.0,FanDuel,,,The Odds API,"[""Bally Bet"", ""BetRivers""]",,,,,,,,,,,,,,,,,,The Odds API,"[""Bally Bet"", ""BetMGM"", ""BetRivers"", ""Bovada"", ""Caesars"", ""Courtside"", ""DraftKings"", ""FanDuel"", ""Fanatics"", ""fanduel""]",The Odds API,"[""Bally Bet"", ""BetMGM"", ""BetRivers"", ""Bovada"", ""Caesars"", ""Courtside"", ""DraftKings"", ""FanDuel"", ""Fanatics"", ""Hard Rock Bet"", ""theScore Bet""]",The Odds API,"[""Fanatics""]",2026-10-05T11:43:17.763238+00:00,ALTLINE_NB_v1_2026-01-18,1.5,-120.0,Fanatics,exp/fallback,3.044,0.7162756484110828,71.6,0.5454545454545454,31.317202208698525,31.3,0.7162756484110828,71.6,31.317202208698525,31.3,0.5220917669648026,52.2,82.73211843768091,82.7,0.3542621999226455,35.4,165.6966499419841,165.7,0.2273416854942567,22.7,309.2150338896621,309.2,0.5,275.0,BetRivers,exp/fallback,0.4679999999999999,0.3516998311826895,35.2,0.2666666666666666,31.887436693508576,31.9,0.3516998311826895,35.2,31.887436693508576,31.9,,,,,,,,,,,,,,,,exp/fallback,0.389,,,,,,,,,,,,,,,,,,,,,,0.5,1300.0,FanDuel,exp/fallback,0.2256,0.194260378347346,19.4,0.0714285714285714,171.9645296862844,172.0,0.194260378347346,19.4,171.9645296862844,172.0,,,,,,,,,,,,,0.5,1300.0,FanDuel,exp/fallback,0.1790999999999999,0.1558452725466189,15.6,0.0714285714285714,118.18338156526652,118.2,0.1558452725466189,15.6,118.18338156526652,118.2,,,,,,,,,,,,,True,True,True,True,False,23.1,,Active roster,2026-10-05T11:43:17+00:00,False,[],2025-2026,,2026-09-24-frozen-v2,2026-10-05T11:43:20.192002+00:00,2026020040,8477948.0,PLAYER_ID,FINAL,0.0,L,OK,0.0,,NO_LINE,2.0,W,OK,0.0,L,OK,0.0,L,OK,0.0,,NO_LINE
2026-10-05,PHI@TBL,2026020040,6:00 PM,2026-10-05T23:00:00Z,Trevor Zegras,8481533,PHI,False,"{""season"":""2026-27"",""games"":[{""d"":""2026-10-03"",""g"":0,""a"":1,""s"":0,""pp"":0,""h"":""H"",""toi"":""22:53""},{""d"":""2026-10-01"",""g"":0,""a"":0,""s"":1,""pp"":0,""h"":""R"",""toi"":""17:12""},{""d"":""2026-09-30"",""g"":0,""a"":0,""s"":1,""pp"":0,""h"":""H"",""toi"":""16:25""}]}",2026-27,PHI,C,,Healthy,Unknown,,,1.0,0.0,,15.0,9.0,2026-10-05T11:42:57+00:00,TBL,Andrei Vasilevskiy,0.9111111111111112,2.3085331195802667,15.3,Unconfirmed,dailyfaceoff_name_and_stats,22.0,6.0,22.0,6.0,7.7,88.5,93.9,A1+A2,18.72,80.0,88.7,1.16,NONE,False,False,23.17952989306844,2.2607758356708025,6.8,6.8,7.0,1.4,True,1.0,,0.6666666666666666,0.8833333333333333,38.9,1.0,0.0,2.0,0.0,1.0,1.0,1.0,1.0,1.0,1.0,2.0,2.0,LOW,0.1,-0.4,LOW,0.05,,LOW,0.025,,LOW,0.1,,LOW,0.05,,LOW,0.025,,LOW,0.2,,LOW,0.1,,LOW,0.05,,1.8747944304352595,0.8880605196798597,,,1.0,2.2781405811942856,1.964174794768916,50.0,32.0,67.5,26.5,9.72,3.29,9.71,7.84,2.99,6.83,HOT,HOT,HOT,6.44,4.85,HOT,Green,Red,Red,Green,77.0,65.0,63.0,75.0,POINTS,77.0,0.0,0.0,3.0,3.0,0.0,3.0,A,Hybrid,14.9,,38.9,,2.0,2.7808641975308643,225.25,2.7808641975308643,0.1485589289247477,14.9,14.9,3.249056603773585,1.4943396226415095,2.064372918978912,7.090348800857488,7.24498670156626,38.9,73.3,False,,,,🅿️ D:0,,False,False,1.0,,False,0.0,,False,0.0,,1.5,106.0,FanDuel,2.5,325.0,FanDuel,3.5,800.0,Fanatics,4.5,475.0,BetOnline.ag,1.5,106.0,FanDuel,0.5,110.0,theScore Bet,1.5,550.0,Fanatics,2.5,2200.0,Fanatics,3.5,4200.0,BetOnline.ag,0.5,110.0,theScore Bet,0.5,210.0,Hard Rock Bet,1.5,1200.0,Fanatics,2.5,3300.0,Bovada,,,,0.5,210.0,Hard Rock Bet,0.5,350.0,BetRivers,,,,,,,,,,0.5,350.0,BetRivers,0.5,350.0,BetRivers,,,,,,,,,,0.5,350.0,BetRivers,The Odds API,"[""Bally Bet"", ""BetOnline.ag"", ""BetRivers"", ""Bovada"", ""Courtside"", ""DraftKings"", ""FanDuel"", ""Fanatics"", ""Hard Rock Bet"", ""ReBet"", ""draftkings"", ""theScore Bet""]",The Odds API,"[""Bally Bet"", ""BetOnline.ag"", ""BetRivers"", ""Bovada"", ""Caesars"", ""Courtside"", ""DraftKings"", ""FanDuel"", ""Fanatics"", ""Hard Rock Bet"", ""ReBet"", ""draftkings"", ""theScore Bet""]",0.5,275.0,Hard Rock Bet,,,,,,,,,,0.5,275.0,Hard Rock Bet,The Odds API,"[""Bovada"", ""Hard Rock Bet"", ""theScore Bet""]",The Odds API,"[""Bally Bet"", ""BetMGM"", ""BetRivers"", ""Bovada"", ""Caesars"", ""Courtside"", ""DraftKings"", ""FanDuel"", ""Fanatics"", ""betrivers""]",The Odds API,"[""Bally Bet"", ""BetMGM"", ""BetRivers"", ""Bovada"", ""Caesars"", ""Courtside"", ""DraftKings"", ""FanDuel"", ""Fanatics"", ""Hard Rock Bet"", ""fanduel"", ""theScore Bet""]",The Odds API,"[""BetOnline.ag"", ""Courtside"", ""DraftKings"", ""FanDuel"", ""Fanatics"", ""Hard Rock Bet"", ""ReBet"", ""theScore Bet""]",2026-10-05T11:43:17.763238+00:00,ALTLINE_NB_v1_2026-01-18,1.5,106.0,FanDuel,exp/fallback,0.971,0.2531907041743491,25.3,0.4854368932038835,-47.842714940084086,-47.8,0.2531907041743491,25.3,-47.842714940084086,-47.8,0.0932290648286391,9.3,-60.377647447828366,-60.4,0.0307375131067786,3.1,-72.33623820389923,-72.3,0.0093758616758047,0.9,-94.60887953641227,-94.6,0.5,110.0,theScore Bet,exp/fallback,0.972,0.5668301239374915,56.7,0.4761904761904761,19.034326026873227,19.0,0.5668301239374915,56.7,19.034326026873227,19.0,0.2526672232265839,25.3,64.23369509727958,64.2,0.0988675820115217,9.9,127.39543862650012,127.4,0.0356584771157926,3.6,53.33145159790826,53.3,0.5,210.0,Hard Rock Bet,exp/fallback,0.644,0.4278141815110742,42.8,0.3225806451612903,32.62239626843301,32.6,0.4278141815110742,42.8,32.62239626843301,32.6,0.1490791836995247,14.9,93.8029388093822,93.8,0.047241813092128,4.7,60.62216451323536,60.6,,,,,0.5,350.0,BetRivers,exp/fallback,0.2337,0.2002156720170747,20.0,0.2222222222222222,-9.90294759231639,-9.9,0.2002156720170747,20.0,-9.90294759231639,-9.9,,,,,,,,,,,,,0.5,350.0,BetRivers,exp/fallback,0.2391375,0.1993072381152435,19.9,0.2222222222222222,-10.311742848140415,-10.3,0.1993072381152435,19.9,-10.311742848140415,-10.3,,,,,,,,,,,,,False,True,False,False,True,7.7,,Active roster,2026-10-05T11:43:17+00:00,False,"[{""market"":""Assists"",""name"":""Staff (Green Stance)"",""kind"":""STANCE"",""rule"":""Green + Assists 0.5"",""icon"":""staff.svg"",""kit_version"":""2026-09-24-frozen-v2""}]",2025-2026,,2026-09-24-frozen-v2,2026-10-05T11:43:20.192002+00:00,2026020040,8481533.0,PLAYER_ID,FINAL,0.0,L,OK,0.0,L,OK,0.0,L,OK,0.0,L,OK,0.0,L,OK,0.0,L,OK
2026-10-05,PHI@TBL,2026020040,6:00 PM,2026-10-05T23:00:00Z,Tyson Foerster,8482159,PHI,False,,2026-27,PHI,R,,Healthy,Unknown,,,1.0,0.0,,15.0,9.0,2026-10-05T11:42:57+00:00,TBL,Andrei Vasilevskiy,0.9111111111111112,2.3085331195802667,15.3,Unconfirmed,dailyfaceoff_name_and_stats,22.0,6.0,22.0,6.0,,53.2,31.9,A1+A2,17.3,70.6,49.2,1.0,NONE,False,False,23.17952989306844,2.2607758356708025,6.8,6.8,7.0,1.4,True,,,,,50.0,,,,,,,,,,,,,,,,,,,,,,,,,,,,,,,,,,,,,,,,1.839785358374856,0.153315446531238,,,0.0,2.2781405811942856,1.964174794768916,50.0,32.0,66.9,26.5,3.53,2.15,,,,,COOL,COOL,COOL,1.38,,COOL,Red,Red,Red,Red,39.0,45.0,47.0,38.0,GOAL,47.0,,,,,,,C,Passenger,11.8,,38.9,,0.0,2.0482758620689654,59.4,2.0482758620689654,0.1184131836002392,11.8,11.8,2.4116161616161618,1.7676767676767675,0.7575757575757576,7.090348800857488,7.24498670156626,38.9,61.6,False,,,,,,False,False,0.0,,False,0.0,,False,0.0,,1.5,-130.0,theScore Bet,2.5,240.0,BetOnline.ag,3.5,775.0,BetOnline.ag,4.5,2500.0,BetOnline.ag,1.5,-130.0,theScore Bet,0.5,145.0,theScore Bet,1.5,750.0,Fanatics,2.5,3500.0,Fanatics,3.5,3600.0,BetOnline.ag,0.5,145.0,theScore Bet,0.5,330.0,Bovada,1.5,2200.0,Fanatics,2.5,3300.0,Bovada,,,,0.5,330.0,Bovada,0.5,300.0,theScore Bet,,,,,,,,,,0.5,300.0,theScore Bet,0.5,300.0,BetRivers,,,,,,,,,,0.5,300.0,BetRivers,The Odds API,"[""BetOnline.ag"", ""Bovada"", ""Courtside"", ""DraftKings"", ""FanDuel"", ""Fanatics"", ""Hard Rock Bet"", ""ReBet"", ""draftkings"", ""theScore Bet""]",The Odds API,"[""Bally Bet"", ""BetOnline.ag"", ""BetRivers"", ""Bovada"", ""Caesars"", ""Courtside"", ""DraftKings"", ""FanDuel"", ""Fanatics"", ""Hard Rock Bet"", ""ReBet"", ""draftkings"", ""theScore Bet""]",0.5,375.0,Hard Rock Bet,,,,,,,,,,0.5,375.0,Hard Rock Bet,The Odds API,"[""Bovada"", ""Hard Rock Bet"", ""theScore Bet""]",The Odds API,"[""Bally Bet"", ""BetMGM"", ""BetRivers"", ""Bovada"", ""Caesars"", ""Courtside"", ""DraftKings"", ""FanDuel"", ""Fanatics"", ""betrivers""]",The Odds API,"[""Bally Bet"", ""BetMGM"", ""BetRivers"", ""Bovada"", ""Caesars"", ""Courtside"", ""DraftKings"", ""FanDuel"", ""Fanatics"", ""Hard Rock Bet"", ""fanduel"", ""theScore Bet""]",The Odds API,"[""BetOnline.ag"", ""Courtside"", ""DraftKings"", ""FanDuel"", ""Fanatics"", ""Hard Rock Bet"", ""ReBet"", ""theScore Bet""]",2026-10-05T11:43:17.763238+00:00,ALTLINE_NB_v1_2026-01-18,1.5,-130.0,theScore Bet,league_avg,2.3,0.6001759479749428,60.0,0.5652173913043478,6.184975410951416,6.2,0.6001759479749428,60.0,6.184975410951416,6.2,0.3835789960842564,38.4,30.41685866864716,30.4,0.2254288407355011,22.5,97.25023564356351,97.3,0.1243884637071297,12.4,223.4100056385373,223.4,0.5,145.0,theScore Bet,exp/fallback,0.353,0.283113711283215,28.3,0.4081632653061224,-30.63714073561232,-30.6,0.283113711283215,28.3,-30.63714073561232,-30.6,0.0578804240089281,5.8,-50.8016395924111,-50.8,0.0101144487294294,1.0,-63.58798457405395,-63.6,0.0016103436561566,0.2,-94.04172847222044,-94.0,0.5,330.0,Bovada,exp/fallback,0.1379999999999999,0.1249263844320904,12.5,0.2325581395348837,-46.28165469420109,-46.3,0.1249263844320904,12.5,-46.28165469420109,-46.3,0.0119608475299654,1.2,-72.49005068107958,-72.5,0.0010235855380383,0.1,-96.51980917066948,-96.5,,,,,0.5,300.0,theScore Bet,exp/fallback,0.266,0.2233603083082554,22.3,0.25,-10.655876676697806,-10.7,0.2233603083082554,22.3,-10.655876676697806,-10.7,,,,,,,,,,,,,0.5,300.0,BetRivers,exp/fallback,0.24475,0.2031810425082469,20.3,0.25,-18.72758299670121,-18.7,0.2031810425082469,20.3,-18.72758299670121,-18.7,,,,,,,,,,,,,False,False,False,False,False,,,Active roster,2026-10-05T11:43:17+00:00,False,[],2025-2026,,2026-09-24-frozen-v2,2026-10-05T11:43:20.192002+00:00,2026020040,8482159.0,PLAYER_ID,FINAL,1.0,W,OK,0.0,L,OK,4.0,W,OK,1.0,W,OK,1.0,W,OK,0.0,L,OK
2026-10-05,PHI@TBL,2026020040,6:00 PM,2026-10-05T23:00:00Z,Anthony Cirelli,8478519,TBL,False,"{""season"":""2026-27"",""games"":[{""d"":""2026-10-03"",""g"":0,""a"":0,""s"":1,""pp"":0,""h"":""H"",""toi"":""17:42""},{""d"":""2026-10-01"",""g"":0,""a"":0,""s"":3,""pp"":0,""h"":""R"",""toi"":""19:56""}]}",2026-27,TBL,C,,Healthy,Unknown,,,2.0,1.0,🟢 ROLE+,15.0,9.0,2026-10-05T11:42:57+00:00,PHI,Joseph Woll,,,50.0,Unconfirmed,dailyfaceoff_name_only,32.29,7.0,32.29,7.0,,90.7,84.1,A1+A2,17.32,71.3,84.5,1.14,NONE,False,False,26.54657780314604,2.674450618631121,81.7,93.8,12.0,2.4,True,,,2.0,,50.0,0.0,0.0,4.0,0.0,0.0,0.0,0.0,0.0,0.0,0.0,4.0,4.0,LOW,0.0,-0.5,LOW,0.0,,LOW,0.0,,LOW,0.0,,LOW,0.0,,LOW,0.0,,LOW,0.4,,LOW,0.2,,LOW,0.1,,2.221557334131199,0.5385593537287755,,,0.0,2.204333606888696,2.1753775676437086,50.0,41.4,70.8,24.8,8.31,4.04,,8.31,3.67,,HOT,HOT,COOL,5.12,4.65,HOT,Yellow,Yellow,Yellow,Yellow,77.0,69.0,72.0,76.0,POINTS,77.0,2.0,2.0,2.0,1.0,0.0,2.0,B,Shooter,6.7,,37.8,,1.0,1.1598591549295774,82.35,1.1598591549295774,0.0669838945827232,6.7,6.7,2.018214936247724,1.3989071038251368,0.7285974499089254,7.112262228260869,7.146846656823455,37.8,50.4,False,,,,🅿️ D:2,,False,False,1.0,,False,0.0,,False,0.0,,,,,,,,,,,,,,,,,0.5,115.0,theScore Bet,1.5,650.0,DraftKings,2.5,2800.0,Fanatics,3.5,1450.0,BetOnline.ag,0.5,115.0,theScore Bet,0.5,275.0,Hard Rock Bet,1.5,1300.0,Fanatics,2.5,3300.0,Bovada,,,,0.5,275.0,Hard Rock Bet,0.5,320.0,theScore Bet,,,,,,,,,,0.5,320.0,theScore Bet,0.5,300.0,DraftKings,,,,,,,,,,0.5,300.0,DraftKings,The Odds API,"[""Bally Bet"", ""BetOnline.ag"", ""BetRivers"", ""Bovada"", ""Courtside"", ""DraftKings"", ""FanDuel"", ""Fanatics"", ""Hard Rock Bet"", ""ReBet"", ""draftkings"", ""theScore Bet""]",The Odds API,"[""Bally Bet"", ""BetOnline.ag"", ""BetRivers"", ""Bovada"", ""Caesars"", ""Courtside"", ""DraftKings"", ""FanDuel"", ""Fanatics"", ""Hard Rock Bet"", ""ReBet"", ""draftkings"", ""theScore Bet""]",,,,,,,,,,,,,,,,,,The Odds API,"[""Bally Bet"", ""BetMGM"", ""BetRivers"", ""Bovada"", ""Caesars"", ""Courtside"", ""DraftKings"", ""FanDuel"", ""Fanatics"", ""betmgm""]",The Odds API,"[""Bally Bet"", ""BetMGM"", ""BetRivers"", ""Bovada"", ""Caesars"", ""Courtside"", ""DraftKings"", ""FanDuel"", ""Fanatics"", ""Hard Rock Bet"", ""theScore Bet""]",,,2026-10-05T11:43:17.763238+00:00,ALTLINE_NB_v1_2026-01-18,,,,exp/fallback,0.4,,,,,,,,,,,,,,,,,,,,,,0.5,115.0,theScore Bet,exp/fallback,0.8310000000000001,0.5178168167499927,51.8,0.4651162790697674,11.330615601248429,11.3,0.5178168167499927,51.8,11.330615601248429,11.3,0.207405672712532,20.7,55.55425453439905,55.6,0.0725198447935542,7.3,110.30754990130724,110.3,0.0233137121158251,2.3,-63.86374622047107,-63.9,0.5,275.0,Hard Rock Bet,exp/fallback,0.512,0.3661000446265569,36.6,0.2666666666666666,37.28751673495884,37.3,0.3661000446265569,36.6,37.28751673495884,37.3,0.107694967276873,10.8,50.7729541876222,50.8,0.0286921410807913,2.9,-2.446720325309504,-2.4,,,,,0.5,320.0,theScore Bet,exp/fallback,0.2562,0.2164382983369379,21.6,0.238095238095238,-9.095914698486052,-9.1,0.2164382983369379,21.6,-9.095914698486052,-9.1,,,,,,,,,,,,,0.5,300.0,DraftKings,exp/fallback,0.2757,0.2239984353286956,22.4,0.25,-10.400625868521727,-10.4,0.2239984353286956,22.4,-10.400625868521727,-10.4,,,,,,,,,,,,,False,True,False,False,True,,,Active roster,2026-10-05T11:43:17+00:00,False,[],2025-2026,,2026-09-24-frozen-v2,2026-10-05T11:43:20.192002+00:00,2026020040,8478519.0,PLAYER_ID,FINAL,0.0,L,OK,0.0,L,OK,1.0,,NO_LINE,0.0,L,OK,0.0,L,OK,0.0,,NO_LINE
2026-10-05,PHI@TBL,2026020040,6:00 PM,2026-10-05T23:00:00Z,Brandon Hagel,8479542,TBL,False,"{""season"":""2026-27"",""games"":[{""d"":""2026-10-03"",""g"":0,""a"":2,""s"":6,""pp"":0,""h"":""H"",""toi"":""22:07""},{""d"":""2026-10-01"",""g"":0,""a"":0,""s"":3,""pp"":0,""h"":""R"",""toi"":""23:40""}]}",2026-27,TBL,L,⭐ STAR,Healthy,Unknown,,,2.0,1.0,🟢 ROLE+,15.0,9.0,2026-10-05T11:42:57+00:00,PHI,Joseph Woll,,,50.0,Unconfirmed,dailyfaceoff_name_only,32.29,7.0,32.29,7.0,,98.5,92.1,A1+A2,19.76,84.5,93.5,1.21,STAR,False,True,26.54657780314604,2.674450618631121,81.7,93.8,12.0,2.4,True,,,4.5,,50.0,2.0,0.0,9.0,0.0,2.0,2.0,2.0,2.0,2.0,2.0,9.0,9.0,LOW,0.2,-0.3,LOW,0.1,,LOW,0.05,,LOW,0.2,,LOW,0.1,,LOW,0.05,,LOW,0.9,,LOW,0.45,,LOW,0.225,,2.913968547641073,1.0704374256640676,,,2.0,2.204333606888696,2.1753775676437086,50.0,41.4,74.6,24.8,16.54,6.36,,10.25,5.78,,HOT,HOT,COOL,8.73,4.47,HOT,Green,Yellow,Green,Green,83.0,75.0,77.0,82.0,POINTS,83.0,0.0,0.0,2.0,0.0,0.0,2.0,B,Hybrid,10.6,,37.8,,1.0,2.0863849765258213,148.13333333333333,2.0863849765258213,0.1055857825084938,10.6,10.6,2.8130063006300627,1.2637263726372638,1.8226822682268229,7.112262228260869,7.146846656823455,37.8,61.9,False,,,,🅿️ D:0,,False,False,2.0,,False,0.0,,False,0.0,,1.5,-450.0,DraftKings,2.5,-140.0,Hard Rock Bet,3.5,155.0,Fanatics,4.5,340.0,Fanatics,2.5,-140.0,Hard Rock Bet,0.5,-180.0,theScore Bet,1.5,260.0,Bovada,2.5,950.0,DraftKings,3.5,3000.0,Fanatics,0.5,-180.0,theScore Bet,0.5,125.0,Fanatics,1.5,650.0,Fanatics,2.5,3000.0,Fanatics,,,,0.5,125.0,Fanatics,0.5,174.0,Caesars,,,,,,,,,,0.5,174.0,Caesars,0.5,174.0,Caesars,,,,,,,,,,0.5,174.0,Caesars,The Odds API,"[""Bally Bet"", ""BetOnline.ag"", ""BetRivers"", ""Bovada"", ""Courtside"", ""DraftKings"", ""FanDuel"", ""Fanatics"", ""Hard Rock Bet"", ""ReBet"", ""draftkings"", ""theScore Bet""]",The Odds API,"[""Bally Bet"", ""BetOnline.ag"", ""BetRivers"", ""Bovada"", ""Caesars"", ""Courtside"", ""DraftKings"", ""FanDuel"", ""Fanatics"", ""Hard Rock Bet"", ""ReBet"", ""draftkings"", ""theScore Bet""]",0.5,145.0,Hard Rock Bet,1.5,550.0,Bovada,,,,,,,0.5,145.0,Hard Rock Bet,The Odds API,"[""Bovada"", ""Hard Rock Bet"", ""theScore Bet""]",The Odds API,"[""Bally Bet"", ""BetMGM"", ""BetRivers"", ""Bovada"", ""Caesars"", ""Courtside"", ""DraftKings"", ""FanDuel"", ""Fanatics"", ""caesars""]",The Odds API,"[""Bally Bet"", ""BetMGM"", ""BetRivers"", ""Bovada"", ""Caesars"", ""Courtside"", ""DraftKings"", ""FanDuel"", ""Fanatics"", ""Hard Rock Bet"", ""fanduel"", ""theScore Bet""]",The Odds API,"[""BetOnline.ag"", ""Courtside"", ""DraftKings"", ""FanDuel"", ""Fanatics"", ""Hard Rock Bet"", ""ReBet"", ""draftkings"", ""theScore Bet""]",2026-10-05T11:43:17.763238+00:00,ALTLINE_NB_v1_2026-01-18,2.5,-140.0,Hard Rock Bet,exp/fallback,0.9,0.0798543650564629,8.0,0.5833333333333334,-86.31068027603493,-86.3,0.2296670211980238,23.0,-71.92958629801932,-71.9,0.0798543650564629,8.0,-86.31068027603493,-86.3,0.0248211444330324,2.5,-93.67060816957674,-93.7,0.0071318949469296,0.7,-96.86196622335096,-96.9,0.5,-180.0,theScore Bet,exp/fallback,1.654,0.7288107308037499,72.9,0.6428571428571429,13.370558125027763,13.4,0.7288107308037499,72.9,13.370558125027763,13.4,0.444722409028718,44.5,60.10006725033852,60.1,0.2438417916078971,24.4,156.033881188292,156.0,0.1245950333027765,12.5,286.2446032386073,286.2,0.5,125.0,Fanatics,exp/fallback,0.873,0.5153940530854315,51.5,0.4444444444444444,15.963661944222096,16.0,0.5153940530854315,51.5,15.963661944222096,16.0,0.2208858792905006,22.1,65.66440946787549,65.7,0.0866504272945165,8.7,168.61632461300132,168.6,,,,,0.5,174.0,Caesars,exp/fallback,0.3258,0.263798886976162,26.4,0.364963503649635,-27.7191049685316,-27.7,0.263798886976162,26.4,-27.7191049685316,-27.7,,,,,,,,,,,,,0.5,174.0,Caesars,exp/fallback,0.3888,0.2929414674938734,29.3,0.364963503649635,-19.734037906678694,-19.7,0.2929414674938734,29.3,-19.734037906678694,-19.7,,,,,,,,,,,,,False,True,False,False,True,,,Active roster,2026-10-05T11:43:17+00:00,False,"[{""market"":""Points"",""name"":""Hammer Fists"",""kind"":""FLOOR"",""rule"":""Conf_Points >= 80"",""icon"":""PTS05_HAMMER_FISTS.svg"",""kit_version"":""2026-09-24-frozen-v2""},{""market"":""Points"",""name"":""Echo Stomp II"",""kind"":""TIER"",""rule"":""Conf_Points >= 80 + TOI_per_game >= 19.18"",""icon"":""PTS05_HAMMER_STOMP.svg"",""kit_version"":""2026-09-24-frozen-v2""},{""market"":""Points"",""name"":""Gaia’s Blessing"",""kind"":""TIER"",""rule"":""Conf_Points >= 80 + Assists_mu >= 0.746"",""icon"":""PTS05_GAIAS_BLESSING.svg"",""kit_version"":""2026-09-24-frozen-v2""},{""market"":""Points"",""name"":""Gaia’s Blessing+ (Press)"",""kind"":""HEAVY"",""rule"":""Conf_Points >= 81 + Assists_mu >= 0.746"",""icon"":""PTS05_GAIAS_BLESSING.svg"",""kit_version"":""2026-09-24-frozen-v2""},{""market"":""Points"",""name"":""Gaia’s Blessing++ (Smash)"",""kind"":""HEAVY"",""rule"":""Conf_Points >= 83 + Assists_mu >= 0.746"",""icon"":""PTS05_GAIAS_BLESSING.svg"",""kit_version"":""2026-09-24-frozen-v2""},{""market"":""Assists"",""name"":""Staff (Green Stance)"",""kind"":""STANCE"",""rule"":""Green + Assists 0.5"",""icon"":""staff.svg"",""kit_version"":""2026-09-24-frozen-v2""}]",2025-2026,,2026-09-24-frozen-v2,2026-10-05T11:43:20.192002+00:00,2026020040,8479542.0,PLAYER_ID,FINAL,1.0,W,OK,0.0,L,OK,8.0,W,OK,1.0,W,OK,1.0,W,OK,0.0,L,OK
2026-10-05,PHI@TBL,2026020040,6:00 PM,2026-10-05T23:00:00Z,Brayden Point,8478010,TBL,False,"{""season"":""2026-27"",""games"":[{""d"":""2026-10-03"",""g"":0,""a"":0,""s"":3,""pp"":0,""h"":""H"",""toi"":""20:32""},{""d"":""2026-10-01"",""g"":0,""a"":1,""s"":1,""pp"":0,""h"":""R"",""toi"":""22:38""}]}",2026-27,TBL,C,,Healthy,Unknown,,,2.0,1.0,🟢 ROLE+,15.0,9.0,2026-10-05T11:42:57+00:00,PHI,Joseph Woll,,,50.0,Unconfirmed,dailyfaceoff_name_only,32.29,7.0,32.29,7.0,,87.7,87.4,A1+A2,18.26,78.5,85.7,1.14,NONE,False,False,26.54657780314604,2.674450618631121,81.7,93.8,12.0,2.4,True,,,2.0,,50.0,1.0,0.0,4.0,0.0,1.0,1.0,1.0,1.0,1.0,1.0,4.0,4.0,LOW,0.1,-0.4,LOW,0.05,,LOW,0.025,,LOW,0.1,,LOW,0.05,,LOW,0.025,,LOW,0.4,,LOW,0.2,,LOW,0.1,,2.6440913835092195,1.1828829873593878,,,1.0,2.204333606888696,2.1753775676437086,50.0,41.4,73.9,24.8,10.47,4.08,,8.52,3.71,,HOT,HOT,COOL,6.39,4.81,HOT,Yellow,Yellow,Yellow,Yellow,80.0,68.0,71.0,78.0,POINTS,80.0,1.0,1.0,2.0,0.0,0.0,2.0,A,Shooter,19.7,,37.8,,2.0,3.6,226.8,3.6,0.1971745272766789,19.7,19.7,3.2566137566137567,2.357142857142857,1.058201058201058,7.112262228260869,7.146846656823455,37.8,69.8,False,,,,🅿️ D:1,,False,False,1.0,,False,0.0,,False,0.0,,1.5,-225.0,DraftKings,2.5,140.0,theScore Bet,3.5,310.0,Fanatics,4.5,775.0,BetOnline.ag,2.5,140.0,theScore Bet,0.5,-155.0,Hard Rock Bet,1.5,280.0,Fanatics,2.5,1000.0,Fanatics,3.5,4000.0,Fanatics,0.5,-155.0,Hard Rock Bet,0.5,135.0,Hard Rock Bet,1.5,750.0,DraftKings,2.5,3000.0,Fanatics,,,,0.5,135.0,Hard Rock Bet,0.5,190.0,theScore Bet,,,,,,,,,,0.5,190.0,theScore Bet,0.5,180.0,FanDuel,,,,,,,,,,0.5,180.0,FanDuel,The Odds API,"[""Bally Bet"", ""BetOnline.ag"", ""BetRivers"", ""Bovada"", ""Courtside"", ""DraftKings"", ""FanDuel"", ""Fanatics"", ""Hard Rock Bet"", ""ReBet"", ""draftkings"", ""theScore Bet""]",The Odds API,"[""Bally Bet"", ""BetOnline.ag"", ""BetRivers"", ""Bovada"", ""Caesars"", ""Courtside"", ""DraftKings"", ""FanDuel"", ""Fanatics"", ""Hard Rock Bet"", ""ReBet"", ""draftkings"", ""theScore Bet""]",0.5,220.0,Hard Rock Bet,1.5,850.0,Bovada,,,,,,,0.5,220.0,Hard Rock Bet,The Odds API,"[""Bovada"", ""Hard Rock Bet"", ""theScore Bet""]",The Odds API,"[""Bally Bet"", ""BetMGM"", ""BetRivers"", ""Bovada"", ""Caesars"", ""Courtside"", ""DraftKings"", ""FanDuel"", ""Fanatics"", ""fanduel""]",The Odds API,"[""Bally Bet"", ""BetMGM"", ""BetRivers"", ""Bovada"", ""Caesars"", ""Courtside"", ""DraftKings"", ""FanDuel"", ""Fanatics"", ""Hard Rock Bet"", ""fanduel"", ""theScore Bet""]",The Odds API,"[""BetOnline.ag"", ""Courtside"", ""DraftKings"", ""FanDuel"", ""Fanatics"", ""Hard Rock Bet"", ""ReBet"", ""draftkings"", ""theScore Bet""]",2026-10-05T11:43:17.763238+00:00,ALTLINE_NB_v1_2026-01-18,2.5,140.0,theScore Bet,exp/fallback,0.4,0.0121706224058896,1.2,0.4166666666666667,-97.0790506225865,-97.1,0.0686180154112674,6.9,-90.08850888503916,-90.1,0.0121706224058896,1.2,-97.0790506225865,-97.1,0.0019074600412755,0.2,-99.21794138307703,-99.2,0.0002746842105414,0.0,-99.75965131577624,-99.8,0.5,-155.0,Hard Rock Bet,exp/fallback,1.0470000000000002,0.5901836319994012,59.0,0.6078431372549019,-2.9052734452598097,-2.9,0.5901836319994012,59.0,-2.9052734452598097,-2.9,0.2761745300954696,27.6,4.946321436278467,4.9,0.1137696982003722,11.4,25.14666802040941,25.1,0.0432550165337459,4.3,77.34556778835848,77.3,0.5,135.0,Hard Rock Bet,exp/fallback,0.639,0.4256439357117513,42.6,0.425531914893617,0.0263248922615533,0.0,0.4256439357117513,42.6,0.0263248922615533,0.0,0.1474980281102424,14.7,25.3733238937061,25.4,0.0464738324164015,4.6,44.06888049084488,44.1,,,,,0.5,190.0,theScore Bet,exp/fallback,0.2574,0.2172905206877463,21.7,0.3448275862068966,-36.98574900055356,-37.0,0.2172905206877463,21.7,-36.98574900055356,-37.0,,,,,,,,,,,,,0.5,180.0,FanDuel,exp/fallback,0.27765,0.225279926886824,22.5,0.3571428571428571,-36.92162047168926,-36.9,0.225279926886824,22.5,-36.92162047168926,-36.9,,,,,,,,,,,,,False,False,False,False,False,,,Active roster,2026-10-05T11:43:17+00:00,False,[],2025-2026,,2026-09-24-frozen-v2,2026-10-05T11:43:20.192002+00:00,2026020040,8478010.0,PLAYER_ID,FINAL,1.0,W,OK,0.0,L,OK,3.0,W,OK,1.0,W,OK,1.0,W,OK,0.0,L,OK
2026-10-05,PHI@TBL,2026020040,6:00 PM,2026-10-05T23:00:00Z,Charle-Edouard D'Astous,8480426,TBL,False,"{""season"":""2026-27"",""games"":[{""d"":""2026-10-03"",""g"":1,""a"":0,""s"":3,""pp"":0,""h"":""H"",""toi"":""13:47""},{""d"":""2026-10-01"",""g"":0,""a"":0,""s"":0,""pp"":0,""h"":""R"",""toi"":""19:07""}]}",2026-27,TBL,D,,Healthy,Unknown,,,2.0,1.0,🟢 ROLE+,15.0,9.0,2026-10-05T11:42:57+00:00,PHI,Joseph Woll,,,50.0,Unconfirmed,dailyfaceoff_name_only,32.29,7.0,32.29,7.0,,46.6,76.4,A1+A2,18.75,81.1,63.9,1.06,NONE,False,False,26.54657780314604,2.674450618631121,81.7,93.8,12.0,2.4,True,,,1.5,,50.0,1.0,1.0,3.0,1.0,0.0,0.0,1.0,1.0,0.0,0.0,3.0,3.0,LOW,0.1,-0.4,LOW,0.05,,LOW,0.025,,LOW,0.0,,LOW,0.0,,LOW,0.0,,LOW,0.3,,LOW,0.15,,LOW,0.075,,1.3977164878778292,0.4141382186304679,,,0.0,2.204333606888696,2.1753775676437086,50.0,41.4,57.3,24.8,4.19,0.72,,3.19,-0.28,,HOT,COOL,COOL,3.47,3.47,HOT,Yellow,Red,Red,Yellow,70.0,46.0,48.0,66.0,POINTS,70.0,0.0,2.0,0.0,0.0,0.0,2.0,B,Distributor,5.2,,37.8,,1.0,0.9752380952380952,68.26666666666667,0.9752380952380952,0.0520067547835802,5.2,5.2,1.26123046875,0.140625,1.318359375,7.112262228260869,7.146846656823455,37.8,52.0,False,,,,🅿️ D:0,,False,False,0.0,,False,0.0,,False,0.0,,,,,,,,,,,,,,,,,0.5,205.0,BetRivers,,,,,,,,,,0.5,205.0,BetRivers,,,,,,,,,,,,,,,,0.5,1000.0,Hard Rock Bet,,,,,,,,,,0.5,1000.0,Hard Rock Bet,0.5,1000.0,DraftKings,,,,,,,,,,0.5,1000.0,DraftKings,,,The Odds API,"[""Bally Bet"", ""BetRivers""]",,,,,,,,,,,,,,,,,,The Odds API,"[""Bally Bet"", ""BetMGM"", ""BetRivers"", ""Bovada"", ""Caesars"", ""Courtside"", ""DraftKings"", ""Fanatics"", ""fanatics""]",The Odds API,"[""Bally Bet"", ""BetMGM"", ""BetRivers"", ""Bovada"", ""Caesars"", ""Courtside"", ""DraftKings"", ""Fanatics"", ""Hard Rock Bet"", ""theScore Bet""]",,,2026-10-05T11:43:17.763238+00:00,ALTLINE_NB_v1_2026-01-18,,,,exp/fallback,0.3,,,,,,,,,,,,,,,,,,,,,,0.5,205.0,BetRivers,exp/fallback,0.419,0.3236095005368353,32.4,0.3278688524590163,-1.2991023362652232,-1.3,0.3236095005368353,32.4,-1.2991023362652232,-1.3,,,,,,,,,,,,,,,,exp/fallback,0.347,,,,,,,,,,,,,,,,,,,,,,0.5,1000.0,Hard Rock Bet,exp/fallback,0.1566,0.1409180368446646,14.1,0.0909090909090909,55.009840529131104,55.0,0.1409180368446646,14.1,55.009840529131104,55.0,,,,,,,,,,,,,0.5,1000.0,DraftKings,exp/fallback,0.1138499999999999,0.104017452429588,10.4,0.0909090909090909,14.419197672546847,14.4,0.104017452429588,10.4,14.419197672546847,14.4,,,,,,,,,,,,,False,False,True,True,False,,,Active roster,2026-10-05T11:43:17+00:00,False,[],2025-2026,,2026-09-24-frozen-v2,2026-10-05T11:43:20.192002+00:00,2026020040,8480426.0,PLAYER_ID,FINAL,0.0,L,OK,0.0,,NO_LINE,1.0,,NO_LINE,0.0,L,OK,0.0,L,OK,0.0,,NO_LINE
2026-10-05,PHI@TBL,2026020040,6:00 PM,2026-10-05T23:00:00Z,Conor Geekie,8483447,TBL,False,,2026-27,TBL,C,,Healthy,Unknown,,,2.0,0.0,,15.0,9.0,2026-10-05T11:42:57+00:00,PHI,Joseph Woll,,,50.0,Unconfirmed,dailyfaceoff_name_only,32.29,7.0,32.29,7.0,,26.8,24.0,A1+A2,9.89,11.3,22.7,0.94,NONE,False,False,26.54657780314604,2.674450618631121,81.7,93.8,12.0,2.4,True,,,,,50.0,,,,,,,,,,,,,,,,,,,,,,,,,,,,,,,,,,,,,,,,0.0225225225225225,0.0075075075075075,,,0.0,2.204333606888696,2.1753775676437086,50.0,41.4,34.6,24.8,2.43,1.09,,,,,COOL,COOL,COOL,1.34,,COOL,Red,Red,Red,Red,29.0,28.0,29.0,23.0,POINTS,29.0,,,,,,,C,Passenger,3.0,,37.8,,0.0,0.2964285714285714,4.15,0.2964285714285714,0.0299638989169675,3.0,3.0,10.120481927710845,10.120481927710845,0.0,7.112262228260869,7.146846656823455,37.8,37.4,False,,,,,,False,False,0.0,,False,0.0,,False,0.0,,,,,,,,,,,,,,,,,0.5,235.0,BetRivers,,,,,,,,,,0.5,235.0,BetRivers,,,,,,,,,,,,,,,,0.5,600.0,theScore Bet,,,,,,,,,,0.5,600.0,theScore Bet,0.5,600.0,DraftKings,,,,,,,,,,0.5,600.0,DraftKings,,,The Odds API,"[""Bally Bet"", ""BetRivers""]",,,,,,,,,,,,,,,,,,The Odds API,"[""Bally Bet"", ""BetMGM"", ""BetRivers"", ""Bovada"", ""Caesars"", ""Courtside"", ""DraftKings"", ""FanDuel"", ""Fanatics"", ""betmgm""]",The Odds API,"[""Bally Bet"", ""BetMGM"", ""BetRivers"", ""Bovada"", ""Caesars"", ""Courtside"", ""DraftKings"", ""FanDuel"", ""Fanatics"", ""Hard Rock Bet"", ""theScore Bet""]",,,2026-10-05T11:43:17.763238+00:00,ALTLINE_NB_v1_2026-01-18,,,,league_avg,2.3,,,,,,,,,,,,,,,,,,,,,,0.5,235.0,BetRivers,exp/fallback,0.243,0.2080185741536998,20.8,0.2985074626865671,-30.31377765851055,-30.3,0.2080185741536998,20.8,-30.31377765851055,-30.3,,,,,,,,,,,,,,,,exp/fallback,0.134,,,,,,,,,,,,,,,,,,,,,,0.5,600.0,theScore Bet,exp/fallback,0.2236,0.1927803823304223,19.3,0.1428571428571428,34.94626763129567,34.9,0.1927803823304223,19.3,34.94626763129567,34.9,,,,,,,,,,,,,0.5,600.0,DraftKings,exp/fallback,0.17585,0.1533819353786762,15.3,0.1428571428571428,7.367354765073397,7.4,0.1533819353786762,15.3,7.367354765073397,7.4,,,,,,,,,,,,,False,False,True,False,False,,,Active roster,2026-10-05T11:43:17+00:00,False,[],2025-2026,,2026-09-24-frozen-v2,2026-10-05T11:43:20.192002+00:00,2026020040,8483447.0,PLAYER_ID,FINAL,0.0,L,OK,0.0,,NO_LINE,2.0,,NO_LINE,0.0,L,OK,0.0,L,OK,0.0,,NO_LINE
2026-10-05,PHI@TBL,2026020040,6:00 PM,2026-10-05T23:00:00Z,Emil Lilleberg,8482929,TBL,False,,2026-27,TBL,D,,GTD,Unknown,,,2.0,-1.0,🟡 GTD,15.0,9.0,2026-10-05T11:42:57+00:00,PHI,Joseph Woll,,,50.0,Unconfirmed,dailyfaceoff_name_only,32.29,7.0,32.29,7.0,,32.5,43.8,A1+A2,17.31,70.9,44.2,0.98,NONE,False,False,26.54657780314604,2.674450618631121,81.7,93.8,12.0,2.4,True,,,,,50.0,,,,,,,,,,,,,,,,,,,,,,,,,,,,,,,,,,,,,,,,0.945047252362618,0.2362618130906545,,,0.0,2.204333606888696,2.1753775676437086,50.0,41.4,46.5,24.8,2.06,0.5,,,,,COOL,COOL,COOL,1.56,,COOL,Red,Red,Red,Red,45.0,34.0,34.0,39.0,POINTS,45.0,,,,,,,C,Passenger,0.2,,37.8,,0.0,0.0356666666666666,1.7833333333333334,0.0356666666666666,0.002060704106001,0.2,0.2,0.0,0.0,0.0,7.112262228260869,7.146846656823455,37.8,25.2,False,,,,,,False,False,0.0,,False,0.0,,False,0.0,,,,,,,,,,,,,,,,,,,,,,,,,,,,,,,,,,,,,,,,,,,,,,,0.5,1000.0,Hard Rock Bet,,,,,,,,,,0.5,1000.0,Hard Rock Bet,0.5,1000.0,DraftKings,,,,,,,,,,0.5,1000.0,DraftKings,,,,,,,,,,,,,,,,,,,,,,The Odds API,"[""Bovada"", ""Caesars"", ""Courtside"", ""DraftKings"", ""Fanatics"", ""fanatics""]",The Odds API,"[""Bovada"", ""Caesars"", ""Courtside"", ""DraftKings"", ""Fanatics"", ""Hard Rock Bet"", ""theScore Bet""]",,,2026-10-05T11:43:17.763238+00:00,ALTLINE_NB_v1_2026-01-18,,,,league_avg,2.3,,,,,,,,,,,,,,,,,,,,,,,,,exp/fallback,0.206,,,,,,,,,,,,,,,,,,,,,,,,,exp/fallback,0.156,,,,,,,,,,,,,,,,,,,,,,0.5,1000.0,Hard Rock Bet,exp/fallback,0.2,0.1750253355200821,17.5,0.0909090909090909,92.52786907209035,92.5,0.1750253355200821,17.5,92.52786907209035,92.5,,,,,,,,,,,,,0.5,1000.0,DraftKings,exp/fallback,0.1375,0.1233948997157358,12.3,0.0909090909090909,35.73438968730939,35.7,0.1233948997157358,12.3,35.73438968730939,35.7,,,,,,,,,,,,,False,False,True,True,False,,,Active roster,2026-10-05T11:43:17+00:00,False,[],2025-2026,,2026-09-24-frozen-v2,2026-10-05T11:43:20.192002+00:00,2026020040,,,NO_PLAYER,,,NO_PLAYER,,,NO_PLAYER,,,NO_PLAYER,,,NO_PLAYER,,,NO_PLAYER,,,NO_PLAYER
2026-10-05,PHI@TBL,2026020040,6:00 PM,2026-10-05T23:00:00Z,Erik Cernak,8478416,TBL,False,,2026-27,TBL,D,,Healthy,Unknown,,,2.0,1.0,🟢 ROLE+,15.0,9.0,2026-10-05T11:42:57+00:00,PHI,Joseph Woll,,,50.0,Unconfirmed,dailyfaceoff_name_only,32.29,7.0,32.29,7.0,,32.9,43.8,A1+A2,17.62,74.3,45.0,0.98,NONE,False,False,26.54657780314604,2.674450618631121,81.7,93.8,12.0,2.4,True,,,,,50.0,,,,,,,,,,,,,,,,,,,,,,,,,,,,,,,,,,,,,,,,0.6830730698442213,0.2049219209532664,,,0.0,2.204333606888696,2.1753775676437086,50.0,41.4,41.4,24.8,1.7,0.42,,,,,COOL,COOL,COOL,1.29,,COOL,Red,Red,Red,Red,49.0,38.0,38.0,42.0,POINTS,49.0,,,,,,,C,Passenger,0.3,,37.8,,0.0,0.0502732240437158,3.066666666666667,0.0502732240437158,0.0028539078373892,0.3,0.3,0.0,0.0,0.0,7.112262228260869,7.146846656823455,37.8,27.7,False,,,,,,False,False,0.0,,False,0.0,,False,0.0,,,,,,,,,,,,,,,,,,,,,,,,,,,,,,,,,,,,,,,,,,,,,,,0.5,2200.0,Fanatics,,,,,,,,,,0.5,2200.0,Fanatics,0.5,2200.0,Fanatics,,,,,,,,,,0.5,2200.0,Fanatics,,,,,,,,,,,,,,,,,,,,,,The Odds API,"[""Bally Bet"", ""BetMGM"", ""BetRivers"", ""Bovada"", ""Caesars"", ""Courtside"", ""DraftKings"", ""FanDuel"", ""Fanatics"", ""fanatics""]",The Odds API,"[""Bally Bet"", ""BetMGM"", ""BetRivers"", ""Bovada"", ""Caesars"", ""Courtside"", ""DraftKings"", ""FanDuel"", ""Fanatics"", ""Hard Rock Bet"", ""theScore Bet""]",,,2026-10-05T11:43:17.763238+00:00,ALTLINE_NB_v1_2026-01-18,,,,league_avg,2.3,,,,,,,,,,,,,,,,,,,,,,,,,exp/fallback,0.1699999999999999,,,,,,,,,,,,,,,,,,,,,,,,,exp/fallback,0.129,,,,,,,,,,,,,,,,,,,,,,0.5,2200.0,Fanatics,exp/fallback,0.1968,0.1725758873130006,17.3,0.0434782608695652,296.92454081990155,296.9,0.1725758873130006,17.3,296.92454081990155,296.9,,,,,,,,,,,,,0.5,2200.0,Fanatics,exp/fallback,0.1323,0.1191939924176571,11.9,0.0434782608695652,174.14618256061146,174.1,0.1191939924176571,11.9,174.14618256061146,174.1,,,,,,,,,,,,,False,False,True,True,False,,,Active roster,2026-10-05T11:43:17+00:00,False,[],2025-2026,,2026-09-24-frozen-v2,2026-10-05T11:43:20.192002+00:00,2026020040,8478416.0,PLAYER_ID,FINAL,0.0,,NO_LINE,0.0,,NO_LINE,1.0,,NO_LINE,0.0,L,OK,0.0,L,OK,0.0,,NO_LINE
2026-10-05,PHI@TBL,2026020040,6:00 PM,2026-10-05T23:00:00Z,Gage Goncalves,8482201,TBL,False,"{""season"":""2026-27"",""games"":[{""d"":""2026-10-03"",""g"":0,""a"":0,""s"":0,""pp"":0,""h"":""H"",""toi"":""15:47""},{""d"":""2026-10-01"",""g"":0,""a"":0,""s"":0,""pp"":0,""h"":""R"",""toi"":""12:09""}]}",2026-27,TBL,C,,Healthy,Unknown,,,2.0,0.0,,15.0,9.0,2026-10-05T11:42:57+00:00,PHI,Joseph Woll,,,50.0,Unconfirmed,dailyfaceoff_name_only,32.29,7.0,32.29,7.0,,64.0,74.9,A1+A2,13.09,34.7,62.0,1.05,NONE,False,False,26.54657780314604,2.674450618631121,81.7,93.8,12.0,2.4,True,,,0.0,,50.0,0.0,0.0,0.0,0.0,0.0,0.0,0.0,0.0,0.0,0.0,0.0,0.0,LOW,0.0,-0.5,LOW,0.0,,LOW,0.0,,LOW,0.0,,LOW,0.0,,LOW,0.0,,LOW,0.0,,LOW,0.0,,LOW,0.0,,2.0179762249927515,0.4175123224122934,,,0.0,2.204333606888696,2.1753775676437086,50.0,41.4,68.8,24.8,4.43,1.31,,4.43,1.31,,HOT,COOL,COOL,3.12,3.12,HOT,Yellow,Red,Red,Yellow,66.0,50.0,53.0,62.0,POINTS,66.0,2.0,2.0,2.0,2.0,0.0,2.0,C,Passenger,6.7,,37.8,,0.0,0.8786036036036036,65.01666666666667,0.8786036036036036,0.0671243719457636,6.7,6.7,2.0671622660856195,0.4983337605742118,1.845680594719303,7.112262228260869,7.146846656823455,37.8,56.3,False,,,,🅿️ D:2,,False,False,1.0,,False,0.0,,False,0.0,,,,,,,,,,,,,,,,,0.5,-103.0,BetRivers,1.5,475.0,BetRivers,,,,,,,0.5,-103.0,BetRivers,0.5,165.0,BetRivers,,,,,,,,,,0.5,165.0,BetRivers,0.5,360.0,DraftKings,,,,,,,,,,0.5,360.0,DraftKings,0.5,360.0,DraftKings,,,,,,,,,,0.5,360.0,DraftKings,The Odds API,"[""Bally Bet"", ""BetRivers""]",The Odds API,"[""Bally Bet"", ""BetRivers""]",,,,,,,,,,,,,,,,,,The Odds API,"[""Bally Bet"", ""BetMGM"", ""BetRivers"", ""Bovada"", ""Caesars"", ""Courtside"", ""DraftKings"", ""FanDuel"", ""Fanatics"", ""fanatics""]",The Odds API,"[""Bally Bet"", ""BetMGM"", ""BetRivers"", ""Bovada"", ""Caesars"", ""Courtside"", ""DraftKings"", ""FanDuel"", ""Fanatics"", ""Hard Rock Bet"", ""theScore Bet""]",,,2026-10-05T11:43:17.763238+00:00,ALTLINE_NB_v1_2026-01-18,,,,league_avg,2.3,,,,,,,,,,,,,,,,,,,,,,0.5,-103.0,BetRivers,exp/fallback,0.4429999999999999,0.3375690491312284,33.8,0.5073891625615764,-33.46940099646663,-33.5,0.3375690491312284,33.8,-33.46940099646663,-33.5,0.0835047997611875,8.4,-51.984740137317175,-52.0,,,,,,,,,0.5,165.0,BetRivers,exp/fallback,0.312,0.2516852049185234,25.2,0.3773584905660377,-33.303420696591296,-33.3,0.2516852049185234,25.2,-33.303420696591296,-33.3,,,,,,,,,,,,,0.5,360.0,DraftKings,exp/fallback,0.2324,0.1992640446399733,19.9,0.217391304347826,-8.338539465612238,-8.3,0.1992640446399733,19.9,-8.338539465612238,-8.3,,,,,,,,,,,,,0.5,360.0,DraftKings,exp/fallback,0.1901499999999999,0.1641327956671925,16.4,0.217391304347826,-24.49891399309144,-24.5,0.1641327956671925,16.4,-24.49891399309144,-24.5,,,,,,,,,,,,,False,False,False,False,False,,,Active roster,2026-10-05T11:43:17+00:00,False,[],2025-2026,,2026-09-24-frozen-v2,2026-10-05T11:43:20.192002+00:00,2026020040,8482201.0,PLAYER_ID,FINAL,0.0,L,OK,0.0,L,OK,2.0,,NO_LINE,0.0,L,OK,0.0,L,OK,0.0,,NO_LINE
2026-10-05,PHI@TBL,2026020040,6:00 PM,2026-10-05T23:00:00Z,Ilya Mikheyev,8481624,CHI,True,"{""season"":""2026-27"",""games"":[{""d"":""2026-10-03"",""g"":0,""a"":0,""s"":2,""pp"":0,""h"":""H"",""toi"":""13:57""},{""d"":""2026-10-01"",""g"":0,""a"":1,""s"":0,""pp"":0,""h"":""R"",""toi"":""10:56""}]}",2026-27,TBL,R,,Healthy,Unknown,,,2.0,1.0,🟢 ROLE+,15.0,9.0,2026-10-05T11:42:57+00:00,PHI,Joseph Woll,,,50.0,Unconfirmed,dailyfaceoff_name_only,32.29,7.0,32.29,7.0,,81.5,68.0,A1+A2,17.44,73.6,75.2,1.1,NONE,False,False,26.54657780314604,2.674450618631121,81.7,93.8,12.0,2.4,True,,,1.0,,50.0,1.0,0.0,2.0,0.0,1.0,1.0,1.0,1.0,1.0,1.0,2.0,2.0,LOW,0.1,-0.4,LOW,0.05,,LOW,0.025,,LOW,0.1,,LOW,0.05,,LOW,0.025,,LOW,0.2,,LOW,0.1,,LOW,0.05,,1.5824175824175823,0.4910951117847669,,,1.0,2.204333606888696,2.1753775676437086,50.0,41.4,62.4,24.8,5.09,2.48,,4.09,2.48,,HOT,WARM,COOL,2.61,1.61,WARM,Red,Yellow,Yellow,Red,68.0,65.0,67.0,64.0,POINTS,68.0,1.0,1.0,2.0,2.0,0.0,2.0,,Passenger,0.3,,37.8,,,0.0605263157894736,4.6,0.0605263157894736,0.0034715234453612,0.3,0.3,0.0,0.0,0.0,7.112262228260869,7.146846656823455,37.8,27.7,False,,,,🅿️ D:1,,False,False,1.0,,False,0.0,,False,0.0,,,,,,,,,,,,,,,,,0.5,205.0,BetRivers,,,,,,,,,,0.5,205.0,BetRivers,,,,,,,,,,,,,,,,0.5,550.0,FanDuel,,,,,,,,,,0.5,550.0,FanDuel,0.5,550.0,FanDuel,,,,,,,,,,0.5,550.0,FanDuel,,,The Odds API,"[""Bally Bet"", ""BetRivers""]",,,,,,,,,,,,,,,,,,The Odds API,"[""Bally Bet"", ""BetMGM"", ""BetRivers"", ""Bovada"", ""Caesars"", ""Courtside"", ""DraftKings"", ""FanDuel"", ""Fanatics"", ""fanduel""]",The Odds API,"[""Bally Bet"", ""BetMGM"", ""BetRivers"", ""Bovada"", ""Caesars"", ""Courtside"", ""DraftKings"", ""FanDuel"", ""Fanatics"", ""Hard Rock Bet"", ""theScore Bet""]",,,2026-10-05T11:43:17.763238+00:00,ALTLINE_NB_v1_2026-01-18,,,,exp/fallback,0.2,,,,,,,,,,,,,,,,,,,,,,0.5,205.0,BetRivers,exp/fallback,0.509,0.3740066066431,37.4,0.3278688524590163,14.0720150261455,14.1,0.3740066066431,37.4,14.0720150261455,14.1,,,,,,,,,,,,,,,,exp/fallback,0.261,,,,,,,,,,,,,,,,,,,,,,0.5,550.0,FanDuel,exp/fallback,0.2094,0.1821621510737899,18.2,0.1538461538461538,18.40539819796349,18.4,0.1821621510737899,18.2,18.40539819796349,18.4,,,,,,,,,,,,,0.5,550.0,FanDuel,exp/fallback,0.19965,0.171151061308862,17.1,0.1538461538461538,11.248189850760326,11.2,0.171151061308862,17.1,11.248189850760326,11.2,,,,,,,,,,,,,False,True,True,True,False,,,Active roster,2026-10-05T11:43:17+00:00,False,[],2025-2026,,2026-09-24-frozen-v2,2026-10-05T11:43:20.192002+00:00,2026020040,8481624.0,PLAYER_ID,FINAL,2.0,W,OK,1.0,,NO_LINE,1.0,,NO_LINE,1.0,W,OK,1.0,W,OK,0.0,,NO_LINE
2026-10-05,PHI@TBL,2026020040,6:00 PM,2026-10-05T23:00:00Z,J.J. Moser,8482655,TBL,False,"{""season"":""2026-27"",""games"":[{""d"":""2026-10-03"",""g"":0,""a"":0,""s"":0,""pp"":0,""h"":""H"",""toi"":""19:23""},{""d"":""2026-10-01"",""g"":0,""a"":0,""s"":0,""pp"":0,""h"":""R"",""toi"":""14:54""}]}",2026-27,TBL,D,,Healthy,Unknown,,,2.0,1.0,🟢 ROLE+,15.0,9.0,2026-10-05T11:42:57+00:00,PHI,Joseph Woll,,,50.0,Unconfirmed,dailyfaceoff_name_only,32.29,7.0,32.29,7.0,,56.1,74.9,A1+A2,21.57,93.2,70.1,1.08,NONE,False,False,26.54657780314604,2.674450618631121,81.7,93.8,12.0,2.4,True,,,0.0,,50.0,0.0,0.0,0.0,0.0,0.0,0.0,0.0,0.0,0.0,0.0,0.0,0.0,LOW,0.0,-0.5,LOW,0.0,,LOW,0.0,,LOW,0.0,,LOW,0.0,,LOW,0.0,,LOW,0.0,,LOW,0.0,,LOW,0.0,,1.0054812694201027,0.1675802115700171,,,0.0,2.204333606888696,2.1753775676437086,50.0,41.4,47.1,24.8,3.98,0.97,,3.98,0.97,,HOT,COOL,COOL,3.31,3.01,HOT,Yellow,Red,Red,Yellow,72.0,52.0,53.0,65.0,POINTS,72.0,2.0,2.0,2.0,2.0,0.0,2.0,C,Passenger,0.4,,37.8,,0.0,0.0829113924050632,6.55,0.0829113924050632,0.003843520782396,0.4,0.4,7.786259541984734,0.0,9.160305343511451,7.112262228260869,7.146846656823455,37.8,55.5,False,,,,🅿️ D:2,,False,False,1.0,,False,0.0,,False,0.0,,,,,,,,,,,,,,,,,0.5,250.0,BetRivers,,,,,,,,,,0.5,250.0,BetRivers,,,,,,,,,,,,,,,,0.5,1300.0,FanDuel,,,,,,,,,,0.5,1300.0,FanDuel,0.5,1300.0,FanDuel,,,,,,,,,,0.5,1300.0,FanDuel,,,The Odds API,"[""Bally Bet"", ""BetRivers""]",,,,,,,,,,,,,,,,,,The Odds API,"[""Bally Bet"", ""BetMGM"", ""BetRivers"", ""Bovada"", ""Caesars"", ""Courtside"", ""DraftKings"", ""FanDuel"", ""Fanatics"", ""fanduel""]",The Odds API,"[""Bally Bet"", ""BetMGM"", ""BetRivers"", ""Bovada"", ""Caesars"", ""Courtside"", ""DraftKings"", ""FanDuel"", ""Fanatics"", ""Hard Rock Bet"", ""theScore Bet""]",,,2026-10-05T11:43:17.763238+00:00,ALTLINE_NB_v1_2026-01-18,,,,league_avg,2.3,,,,,,,,,,,,,,,,,,,,,,0.5,250.0,BetRivers,exp/fallback,0.398,0.3110671957454282,31.1,0.2857142857142857,8.873518510899869,8.9,0.3110671957454282,31.1,8.873518510899869,8.9,,,,,,,,,,,,,,,,exp/fallback,0.331,,,,,,,,,,,,,,,,,,,,,,0.5,1300.0,FanDuel,exp/fallback,0.2188,0.1892128284865317,18.9,0.0714285714285714,164.89795988114446,164.9,0.1892128284865317,18.9,164.89795988114446,164.9,,,,,,,,,,,,,0.5,1300.0,FanDuel,exp/fallback,0.16805,0.1474212900792872,14.7,0.0714285714285714,106.3898061110022,106.4,0.1474212900792872,14.7,106.3898061110022,106.4,,,,,,,,,,,,,False,False,True,True,False,,,Active roster,2026-10-05T11:43:17+00:00,False,[],2025-2026,,2026-09-24-frozen-v2,2026-10-05T11:43:20.192002+00:00,2026020040,8482655.0,PLAYER_ID,FINAL,0.0,L,OK,0.0,,NO_LINE,3.0,,NO_LINE,0.0,L,OK,0.0,L,OK,0.0,,NO_LINE
2026-10-05,PHI@TBL,2026020040,6:00 PM,2026-10-05T23:00:00Z,Jake Guentzel,8477404,TBL,False,"{""season"":""2026-27"",""games"":[{""d"":""2026-10-03"",""g"":1,""a"":2,""s"":2,""pp"":0,""h"":""H"",""toi"":""18:18""},{""d"":""2026-10-01"",""g"":0,""a"":0,""s"":3,""pp"":0,""h"":""R"",""toi"":""24:02""}]}",2026-27,TBL,C,⭐ STAR,Healthy,Unknown,,,2.0,1.0,🟢 ROLE+,15.0,9.0,2026-10-05T11:42:57+00:00,PHI,Joseph Woll,,,50.0,Unconfirmed,dailyfaceoff_name_only,32.29,7.0,32.29,7.0,,99.3,97.0,A1+A2,20.25,86.4,95.9,1.22,STAR,False,True,26.54657780314604,2.674450618631121,81.7,93.8,12.0,2.4,True,,,2.5,,50.0,3.0,1.0,5.0,1.0,2.0,2.0,3.0,3.0,2.0,2.0,5.0,5.0,LOW,0.3,-0.2,LOW,0.15,,LOW,0.075,,LOW,0.2,,LOW,0.1,,LOW,0.05,,LOW,0.5,,LOW,0.25,,LOW,0.125,,2.490616030028704,0.9008611172444247,,,2.0,2.204333606888696,2.1753775676437086,50.0,41.4,73.1,24.8,17.42,5.91,,9.9,4.37,,HOT,HOT,COOL,10.17,5.53,HOT,Green,Yellow,Green,Green,86.0,75.0,79.0,85.0,POINTS,86.0,0.0,0.0,0.0,1.0,0.0,2.0,A,Distributor,19.2,,37.8,,2.0,3.89156378600823,315.21666666666664,3.89156378600823,0.192215051577824,19.2,19.2,4.327023740284461,1.53608628985354,3.2834558240363774,7.112262228260869,7.146846656823455,37.8,80.2,False,,,,🅿️ D:0,,False,False,2.0,,False,0.0,,False,0.0,,1.5,-330.0,DraftKings,2.5,-115.0,DraftKings,3.5,195.0,DraftKings,4.5,440.0,Fanatics,2.5,-115.0,DraftKings,0.5,-208.0,BetOnline.ag,1.5,230.0,FanDuel,2.5,700.0,DraftKings,3.5,2200.0,Fanatics,0.5,-208.0,BetOnline.ag,0.5,110.0,Hard Rock Bet,1.5,600.0,Bovada,2.5,1700.0,Fanatics,,,,0.5,110.0,Hard Rock Bet,0.5,175.0,DraftKings,,,,,,,,,,0.5,175.0,DraftKings,0.5,175.0,DraftKings,,,,,,,,,,0.5,175.0,DraftKings,The Odds API,"[""Bally Bet"", ""BetOnline.ag"", ""BetRivers"", ""Bovada"", ""Courtside"", ""DraftKings"", ""FanDuel"", ""Fanatics"", ""Hard Rock Bet"", ""ReBet"", ""draftkings"", ""theScore Bet""]",The Odds API,"[""Bally Bet"", ""BetOnline.ag"", ""BetRivers"", ""Bovada"", ""Caesars"", ""Courtside"", ""DraftKings"", ""FanDuel"", ""Fanatics"", ""Hard Rock Bet"", ""ReBet"", ""draftkings"", ""theScore Bet""]",0.5,130.0,Hard Rock Bet,1.5,550.0,Bovada,,,,,,,0.5,130.0,Hard Rock Bet,The Odds API,"[""Bovada"", ""Hard Rock Bet"", ""theScore Bet""]",The Odds API,"[""Bally Bet"", ""BetMGM"", ""BetRivers"", ""Bovada"", ""Caesars"", ""Courtside"", ""DraftKings"", ""FanDuel"", ""Fanatics"", ""betmgm""]",The Odds API,"[""Bally Bet"", ""BetMGM"", ""BetRivers"", ""Bovada"", ""Caesars"", ""Courtside"", ""DraftKings"", ""FanDuel"", ""Fanatics"", ""Hard Rock Bet"", ""fanduel"", ""theScore Bet""]",The Odds API,"[""BetOnline.ag"", ""Courtside"", ""DraftKings"", ""FanDuel"", ""Fanatics"", ""Hard Rock Bet"", ""ReBet"", ""draftkings"", ""theScore Bet""]",2026-10-05T11:43:17.763238+00:00,ALTLINE_NB_v1_2026-01-18,2.5,-115.0,DraftKings,exp/fallback,0.5,0.0211669780841146,2.1,0.5348837209302325,-96.04269540166554,-96.0,0.0982404443767041,9.8,-87.19897239939917,-87.2,0.0211669780841146,2.1,-96.04269540166554,-96.0,0.0040395411302058,0.4,-98.80833536658926,-98.8,0.0007092061669458,0.1,-99.61702866984926,-99.6,0.5,-208.0,BetOnline.ag,exp/fallback,1.7420000000000002,0.7433742924142317,74.3,0.6753246753246753,10.07657791518431,10.1,0.7433742924142317,74.3,10.07657791518431,10.1,0.465656716086712,46.6,53.66671630861495,53.7,0.2627902116916607,26.3,110.23216935332856,110.2,0.1383842424395216,13.8,218.28375761089976,218.3,0.5,110.0,Hard Rock Bet,exp/fallback,1.017,0.5605500989915833,56.1,0.4761904761904761,17.715520788232485,17.7,0.5605500989915833,56.1,17.715520788232485,17.7,0.2642819191271088,26.4,84.9973433889762,85.0,0.1144784360700138,11.4,106.06118492602494,106.1,,,,,0.5,175.0,DraftKings,exp/fallback,0.3123,0.2549320115051736,25.5,0.3636363636363636,-29.89369683607725,-29.9,0.2549320115051736,25.5,-29.89369683607725,-29.9,,,,,,,,,,,,,0.5,175.0,DraftKings,exp/fallback,0.3668625,0.280378214568725,28.0,0.3636363636363636,-22.895990993600616,-22.9,0.280378214568725,28.0,-22.895990993600616,-22.9,,,,,,,,,,,,,False,True,False,False,True,,,Active roster,2026-10-05T11:43:17+00:00,False,"[{""market"":""Points"",""name"":""Hammer Fists"",""kind"":""FLOOR"",""rule"":""Conf_Points >= 80"",""icon"":""PTS05_HAMMER_FISTS.svg"",""kit_version"":""2026-09-24-frozen-v2""},{""market"":""Points"",""name"":""Echo Stomp II"",""kind"":""TIER"",""rule"":""Conf_Points >= 80 + TOI_per_game >= 19.18"",""icon"":""PTS05_HAMMER_STOMP.svg"",""kit_version"":""2026-09-24-frozen-v2""},{""market"":""Points"",""name"":""Gaia’s Blessing"",""kind"":""TIER"",""rule"":""Conf_Points >= 80 + Assists_mu >= 0.746"",""icon"":""PTS05_GAIAS_BLESSING.svg"",""kit_version"":""2026-09-24-frozen-v2""},{""market"":""Points"",""name"":""Gaia’s Blessing+ (Press)"",""kind"":""HEAVY"",""rule"":""Conf_Points >= 81 + Assists_mu >= 0.746"",""icon"":""PTS05_GAIAS_BLESSING.svg"",""kit_version"":""2026-09-24-frozen-v2""},{""market"":""Points"",""name"":""Gaia’s Blessing++ (Smash)"",""kind"":""HEAVY"",""rule"":""Conf_Points >= 83 + Assists_mu >= 0.746"",""icon"":""PTS05_GAIAS_BLESSING.svg"",""kit_version"":""2026-09-24-frozen-v2""},{""market"":""Assists"",""name"":""Staff (Green Stance)"",""kind"":""STANCE"",""rule"":""Green + Assists 0.5"",""icon"":""staff.svg"",""kit_version"":""2026-09-24-frozen-v2""},{""market"":""Assists"",""name"":""Staff Awakened"",""kind"":""STANCE"",""rule"":""Green + Assists 0.5 + Conf_Assists ≥ 83"",""icon"":""staff.svg"",""kit_version"":""2026-09-24-frozen-v2""},{""market"":""Goal"",""name"":""Open Lanes"",""kind"":""WEAK DEFENSE"",""rule"":""Opp_SOG_Against_L50 >= 29.2"",""icon"":""armor_shred.svg"",""kit_version"":""2026-09-24-frozen-v2""},{""market"":""Goal"",""name"":""Finisher Strike"",""kind"":""HEAVY ATTACK"",""rule"":""Opp_SOG_Against_L50 >= 29.2 + iXG% >= 93.2"",""icon"":""fenrir_claw.svg"",""kit_version"":""2026-09-24-frozen-v2""},{""market"":""Goal"",""name"":""Enraged Finisher"",""kind"":""HEAVY ATTACK"",""rule"":""Opp_SOG_Against_L50 >= 29.2 + iXG% >= 96.2"",""icon"":""fenrir_claw.svg"",""kit_version"":""2026-09-24-frozen-v2""}]",2025-2026,,2026-09-24-frozen-v2,2026-10-05T11:43:20.192002+00:00,2026020040,8477404.0,PLAYER_ID,FINAL,0.0,L,OK,0.0,L,OK,5.0,W,OK,0.0,L,OK,0.0,L,OK,0.0,L,OK
2026-10-05,PHI@TBL,2026020040,6:00 PM,2026-10-05T23:00:00Z,Jansen Harkins,8478424,ANA,True,,2026-27,TBL,C,,Healthy,Unknown,,,2.0,0.0,,15.0,9.0,2026-10-05T11:42:57+00:00,PHI,Joseph Woll,,,50.0,Unconfirmed,dailyfaceoff_name_only,32.29,7.0,32.29,7.0,,47.1,34.6,A1+A2,9.59,10.2,35.4,0.94,NONE,False,False,26.54657780314604,2.674450618631121,81.7,93.8,12.0,2.4,True,,,,,50.0,,,,,,,,,,,,,,,,,,,,,,,,,,,,,,,,,,,,,,,,1.185038884088384,0.7406493025552401,,,0.0,2.204333606888696,2.1753775676437086,50.0,41.4,51.6,24.8,2.11,1.04,,,,,COOL,COOL,COOL,1.07,,COOL,Red,Red,Red,Red,36.0,39.0,41.0,33.0,GOAL,41.0,,,,,,,,Passenger,2.4,,37.8,,,0.2253787878787878,9.916666666666666,0.2253787878787878,0.0235001382361072,2.4,2.4,0.0,0.0,0.0,7.112262228260869,7.146846656823455,37.8,36.2,False,,,,,,False,False,0.0,,False,0.0,,False,0.0,,,,,,,,,,,,,,,,,,,,,,,,,,,,,,,,,,,,,,,,,,,,,,,0.5,1300.0,DraftKings,,,,,,,,,,0.5,1300.0,DraftKings,0.5,1300.0,DraftKings,,,,,,,,,,0.5,1300.0,DraftKings,,,,,,,,,,,,,,,,,,,,,,The Odds API,"[""BetMGM"", ""Bovada"", ""Caesars"", ""Courtside"", ""DraftKings"", ""FanDuel"", ""Fanatics"", ""fanatics""]",The Odds API,"[""BetMGM"", ""Bovada"", ""Caesars"", ""Courtside"", ""DraftKings"", ""FanDuel"", ""Fanatics""]",,,2026-10-05T11:43:17.763238+00:00,ALTLINE_NB_v1_2026-01-18,,,,league_avg,2.3,,,,,,,,,,,,,,,,,,,,,,,,,exp/fallback,0.211,,,,,,,,,,,,,,,,,,,,,,,,,exp/fallback,0.107,,,,,,,,,,,,,,,,,,,,,,0.5,1300.0,DraftKings,exp/fallback,0.2216,0.1912965776414016,19.1,0.0714285714285714,167.8152086979623,167.8,0.1912965776414016,19.1,167.8152086979623,167.8,,,,,,,,,,,,,0.5,1300.0,DraftKings,exp/fallback,0.1726,0.1509067149924101,15.1,0.0714285714285714,111.26940098937422,111.3,0.1509067149924101,15.1,111.26940098937422,111.3,,,,,,,,,,,,,False,False,True,True,False,,,Active roster,2026-10-05T11:43:17+00:00,False,[],2025-2026,,2026-09-24-frozen-v2,2026-10-05T11:43:20.192002+00:00,2026020040,,,NO_PLAYER,,,NO_PLAYER,,,NO_PLAYER,,,NO_PLAYER,,,NO_PLAYER,,,NO_PLAYER,,,NO_PLAYER
2026-10-05,PHI@TBL,2026020040,6:00 PM,2026-10-05T23:00:00Z,Jeffrey Viel,8479705,ANA,True,,2026-27,TBL,L,,Healthy,Unknown,,,2.0,0.0,,15.0,9.0,2026-10-05T11:42:57+00:00,PHI,Joseph Woll,,,50.0,Unconfirmed,dailyfaceoff_name_only,32.29,7.0,32.29,7.0,,62.0,40.6,A1+A2,11.93,23.8,46.9,0.99,NONE,False,False,26.54657780314604,2.674450618631121,81.7,93.8,12.0,2.4,True,,,,,50.0,,,,,,,,,,,,,,,,,,,,,,,,,,,,,,,,,,,,,,,,1.0379625180201826,0.4613166746756367,,,0.0,2.204333606888696,2.1753775676437086,50.0,41.4,47.8,24.8,3.38,1.84,,,,,COOL,COOL,COOL,1.54,,COOL,Red,Red,Red,Red,41.0,48.0,53.0,38.0,GOAL,53.0,,,,,,,,Passenger,1.2,,37.8,,,0.1392592592592592,6.266666666666667,0.1392592592592592,0.0116730309521592,1.2,1.2,5.457446808510638,5.457446808510638,0.0,7.112262228260869,7.146846656823455,37.8,34.5,False,,,,,,False,False,0.0,,False,0.0,,False,0.0,,,,,,,,,,,,,,,,,,,,,,,,,,,,,,,,,,,,,,,,,,,,,,,0.5,750.0,DraftKings,,,,,,,,,,0.5,750.0,DraftKings,0.5,750.0,DraftKings,,,,,,,,,,0.5,750.0,DraftKings,,,,,,,,,,,,,,,,,,,,,,The Odds API,"[""Bally Bet"", ""BetMGM"", ""BetRivers"", ""Bovada"", ""Caesars"", ""Courtside"", ""DraftKings"", ""FanDuel"", ""Fanatics"", ""betmgm""]",The Odds API,"[""Bally Bet"", ""BetMGM"", ""BetRivers"", ""Bovada"", ""Caesars"", ""Courtside"", ""DraftKings"", ""FanDuel"", ""Fanatics"", ""Hard Rock Bet"", ""theScore Bet""]",,,2026-10-05T11:43:17.763238+00:00,ALTLINE_NB_v1_2026-01-18,,,,league_avg,2.3,,,,,,,,,,,,,,,,,,,,,,,,,exp/fallback,0.3379999999999999,,,,,,,,,,,,,,,,,,,,,,,,,exp/fallback,0.154,,,,,,,,,,,,,,,,,,,,,,0.5,750.0,DraftKings,exp/fallback,0.2536,0.2145873546944892,21.5,0.1176470588235294,82.39925149031582,82.4,0.2145873546944892,21.5,82.39925149031582,82.4,,,,,,,,,,,,,0.5,750.0,DraftKings,exp/fallback,0.2246,0.1891274992491118,18.9,0.1176470588235294,60.75837436174509,60.8,0.1891274992491118,18.9,60.75837436174509,60.8,,,,,,,,,,,,,False,False,True,True,False,,,Active roster,2026-10-05T11:43:17+00:00,False,[],2025-2026,,2026-09-24-frozen-v2,2026-10-05T11:43:20.192002+00:00,2026020040,8479705.0,PLAYER_ID,FINAL,0.0,,NO_LINE,0.0,,NO_LINE,1.0,,NO_LINE,0.0,L,OK,0.0,L,OK,0.0,,NO_LINE
2026-10-05,PHI@TBL,2026020040,6:00 PM,2026-10-05T23:00:00Z,John Carlson,8474590,ANA,True,"{""season"":""2026-27"",""games"":[{""d"":""2026-10-03"",""g"":0,""a"":1,""s"":0,""pp"":0,""h"":""H"",""toi"":""20:35""},{""d"":""2026-10-01"",""g"":0,""a"":0,""s"":4,""pp"":0,""h"":""R"",""toi"":""23:41""}]}",2026-27,TBL,D,,Healthy,Unknown,,,2.0,1.0,🟢 ROLE+,15.0,9.0,2026-10-05T11:42:57+00:00,PHI,Joseph Woll,,,50.0,Unconfirmed,dailyfaceoff_name_only,32.29,7.0,32.29,7.0,,69.8,96.0,A1+A2,23.16,97.0,84.4,1.14,NONE,False,False,26.54657780314604,2.674450618631121,81.7,93.8,12.0,2.4,True,,,2.0,,50.0,1.0,0.0,4.0,0.0,1.0,1.0,1.0,1.0,1.0,1.0,4.0,4.0,LOW,0.1,-0.4,LOW,0.05,,LOW,0.025,,LOW,0.1,,LOW,0.05,,LOW,0.025,,LOW,0.4,,LOW,0.2,,LOW,0.1,,1.635327478457176,0.743330672025989,,,1.0,2.204333606888696,2.1753775676437086,50.0,41.4,63.5,24.8,10.13,1.84,,8.21,1.84,,HOT,WARM,COOL,8.11,6.37,HOT,Green,Red,Red,Green,85.0,60.0,61.0,81.0,POINTS,85.0,0.0,0.0,2.0,1.0,0.0,2.0,,Passenger,10.6,,37.8,,,2.454929577464789,174.3,2.454929577464789,0.1059971823277216,10.6,10.6,2.294320137693631,0.3924268502581755,2.237521514629948,7.112262228260869,7.146846656823455,37.8,64.0,False,,,,🅿️ D:0,,False,False,1.0,,False,0.0,,False,0.0,,1.5,-235.0,Fanatics,2.5,125.0,Fanatics,3.5,310.0,Fanatics,4.5,750.0,Fanatics,2.5,125.0,Fanatics,0.5,-145.0,theScore Bet,1.5,340.0,Fanatics,2.5,1300.0,Fanatics,3.5,2300.0,BetOnline.ag,0.5,-145.0,theScore Bet,0.5,100.0,BetOnline.ag,1.5,500.0,Fanatics,2.5,2200.0,Fanatics,,,,0.5,100.0,BetOnline.ag,0.5,600.0,theScore Bet,,,,,,,,,,0.5,600.0,theScore Bet,0.5,480.0,BetRivers,,,,,,,,,,0.5,480.0,BetRivers,The Odds API,"[""Bally Bet"", ""BetOnline.ag"", ""BetRivers"", ""Bovada"", ""Courtside"", ""DraftKings"", ""FanDuel"", ""Fanatics"", ""Hard Rock Bet"", ""ReBet"", ""draftkings"", ""theScore Bet""]",The Odds API,"[""Bally Bet"", ""BetOnline.ag"", ""BetRivers"", ""Bovada"", ""Caesars"", ""Courtside"", ""DraftKings"", ""FanDuel"", ""Fanatics"", ""Hard Rock Bet"", ""ReBet"", ""draftkings"", ""theScore Bet""]",0.5,125.0,Hard Rock Bet,,,,,,,,,,0.5,125.0,Hard Rock Bet,The Odds API,"[""Bovada"", ""Hard Rock Bet"", ""theScore Bet""]",The Odds API,"[""Bally Bet"", ""BetMGM"", ""BetRivers"", ""Bovada"", ""Caesars"", ""Courtside"", ""DraftKings"", ""FanDuel"", ""Fanatics"", ""betrivers""]",The Odds API,"[""Bally Bet"", ""BetMGM"", ""BetRivers"", ""Bovada"", ""Caesars"", ""Courtside"", ""DraftKings"", ""FanDuel"", ""Fanatics"", ""Hard Rock Bet"", ""theScore Bet""]",The Odds API,"[""BetOnline.ag"", ""FanDuel"", ""Fanatics"", ""ReBet"", ""fanduel""]",2026-10-05T11:43:17.763238+00:00,ALTLINE_NB_v1_2026-01-18,2.5,125.0,Fanatics,exp/fallback,0.4,0.0121706224058896,1.2,0.4444444444444444,-97.26160995867484,-97.3,0.0686180154112674,6.9,-90.2182829094576,-90.2,0.0121706224058896,1.2,-97.26160995867484,-97.3,0.0019074600412755,0.2,-99.21794138307703,-99.2,0.0002746842105414,0.0,-99.76651842103978,-99.8,0.5,-145.0,theScore Bet,exp/fallback,1.013,0.5798128749134526,58.0,0.5918367346938775,-2.031617687037324,-2.0,0.5798128749134526,58.0,-2.031617687037324,-2.0,0.2655760008868957,26.6,16.85344039023411,16.9,0.1069496537328527,10.7,49.72951522599378,49.7,0.0397267303920193,4.0,-4.655847059153562,-4.7,0.5,100.0,BetOnline.ag,exp/fallback,0.8109999999999999,0.4937811648880035,49.4,0.5,-1.2437670223993005,-1.2,0.4937811648880035,49.4,-1.2437670223993005,-1.2,0.2016833525252648,20.2,21.010011515158887,21.0,0.0752738937065983,7.5,73.12995552517613,73.1,,,,,0.5,600.0,theScore Bet,exp/fallback,0.1901999999999999,0.1674916449197544,16.7,0.1428571428571428,17.244151443828105,17.2,0.1674916449197544,16.7,17.244151443828105,17.2,,,,,,,,,,,,,0.5,480.0,BetRivers,exp/fallback,0.16845,0.1477286467913562,14.8,0.1724137931034483,-14.317384861013394,-14.3,0.1477286467913562,14.8,-14.317384861013394,-14.3,,,,,,,,,,,,,False,False,True,False,False,,,Active roster,2026-10-05T11:43:17+00:00,False,"[{""market"":""Points"",""name"":""Hammer Fists"",""kind"":""FLOOR"",""rule"":""Conf_Points >= 80"",""icon"":""PTS05_HAMMER_FISTS.svg"",""kit_version"":""2026-09-24-frozen-v2""},{""market"":""Points"",""name"":""Echo Stomp II"",""kind"":""TIER"",""rule"":""Conf_Points >= 80 + TOI_per_game >= 19.18"",""icon"":""PTS05_HAMMER_STOMP.svg"",""kit_version"":""2026-09-24-frozen-v2""},{""market"":""Points"",""name"":""Gaia’s Blessing"",""kind"":""TIER"",""rule"":""Conf_Points >= 80 + Assists_mu >= 0.746"",""icon"":""PTS05_GAIAS_BLESSING.svg"",""kit_version"":""2026-09-24-frozen-v2""},{""market"":""Points"",""name"":""Gaia’s Blessing+ (Press)"",""kind"":""HEAVY"",""rule"":""Conf_Points >= 81 + Assists_mu >= 0.746"",""icon"":""PTS05_GAIAS_BLESSING.svg"",""kit_version"":""2026-09-24-frozen-v2""},{""market"":""Points"",""name"":""Gaia’s Blessing++ (Smash)"",""kind"":""HEAVY"",""rule"":""Conf_Points >= 83 + Assists_mu >= 0.746"",""icon"":""PTS05_GAIAS_BLESSING.svg"",""kit_version"":""2026-09-24-frozen-v2""},{""market"":""Assists"",""name"":""Staff (Green Stance)"",""kind"":""STANCE"",""rule"":""Green + Assists 0.5"",""icon"":""staff.svg"",""kit_version"":""2026-09-24-frozen-v2""}]",2025-2026,,2026-09-24-frozen-v2,2026-10-05T11:43:20.192002+00:00,2026020040,8474590.0,PLAYER_ID,FINAL,1.0,W,OK,1.0,W,OK,1.0,L,OK,0.0,L,OK,0.0,L,OK,0.0,L,OK
2026-10-05,PHI@TBL,2026020040,6:00 PM,2026-10-05T23:00:00Z,Max Crozier,8481719,TBL,False,,2026-27,TBL,D,,Healthy,Unknown,,,2.0,0.0,,15.0,9.0,2026-10-05T11:42:57+00:00,PHI,Joseph Woll,,,50.0,Unconfirmed,dailyfaceoff_name_only,32.29,7.0,32.29,7.0,,28.6,46.6,A1+A2,16.01,58.9,41.0,0.96,NONE,False,False,26.54657780314604,2.674450618631121,81.7,93.8,12.0,2.4,True,,,,,50.0,,,,,,,,,,,,,,,,,,,,,,,,,,,,,,,,,,,,,,,,1.0658595960260544,0.4737153760115797,,,0.0,2.204333606888696,2.1753775676437086,50.0,41.4,48.8,24.8,3.0,0.52,,,,,COOL,COOL,COOL,2.48,,COOL,Red,Red,Red,Red,47.0,33.0,33.0,41.0,POINTS,47.0,,,,,,,C,Passenger,0.1,,37.8,,0.0,0.0238095238095238,0.8333333333333334,0.0238095238095238,0.0014870330716155,0.1,0.1,0.0,0.0,0.0,7.112262228260869,7.146846656823455,37.8,22.6,False,,,,,,False,False,0.0,,False,0.0,,False,0.0,,,,,,,,,,,,,,,,,,,,,,,,,,,,,,,,,,,,,,,,,,,,,,,,,,,,,,,,,,,,,,,,,,,,,,,,,,,,,,,,,,,,,,,,,,,,,,,,,,,,,,,,2026-10-05T11:43:17.763238+00:00,ALTLINE_NB_v1_2026-01-18,,,,league_avg,2.3,,,,,,,,,,,,,,,,,,,,,,,,,exp/fallback,0.3,,,,,,,,,,,,,,,,,,,,,,,,,exp/fallback,0.248,,,,,,,,,,,,,,,,,,,,,,,,,exp/fallback,0.2008,,,,,,,,,,,,,,,,,,,,,,,,,exp/fallback,0.1388,,,,,,,,,,,,,,,,,,,,,,False,False,False,False,False,,,Active roster,2026-10-05T11:43:17+00:00,False,[],2025-2026,,2026-09-24-frozen-v2,2026-10-05T11:43:20.192002+00:00,2026020040,8481719.0,PLAYER_ID,FINAL,0.0,,NO_LINE,0.0,,NO_LINE,2.0,,NO_LINE,0.0,,NO_LINE,0.0,,NO_LINE,0.0,,NO_LINE
2026-10-05,PHI@TBL,2026020040,6:00 PM,2026-10-05T23:00:00Z,Nikita Kucherov,8476453,TBL,False,"{""season"":""2026-27"",""games"":[{""d"":""2026-10-03"",""g"":0,""a"":1,""s"":3,""pp"":0,""h"":""H"",""toi"":""22:46""},{""d"":""2026-10-01"",""g"":1,""a"":0,""s"":1,""pp"":0,""h"":""R"",""toi"":""24:07""}]}",2026-27,TBL,R,👑 ELITE,Healthy,Unknown,,,2.0,1.0,🟢 ROLE+,15.0,9.0,2026-10-05T11:42:57+00:00,PHI,Joseph Woll,,,50.0,Unconfirmed,dailyfaceoff_name_only,32.29,7.0,32.29,7.0,,99.5,99.9,A1+A2,20.34,87.5,97.2,1.26,ELITE,True,False,26.54657780314604,2.674450618631121,81.7,93.8,12.0,2.4,True,,,2.0,,50.0,2.0,1.0,4.0,1.0,1.0,1.0,2.0,2.0,1.0,1.0,4.0,4.0,LOW,0.2,-1.3,LOW,0.1,,LOW,0.05,,LOW,0.1,,LOW,0.05,,LOW,0.025,,LOW,0.4,,LOW,0.2,,LOW,0.1,,3.638174468334408,1.318179155193626,,,1.0,2.204333606888696,2.1753775676437086,50.0,41.4,75.0,24.8,27.31,6.58,,18.23,4.98,,HOT,HOT,COOL,19.25,13.26,HOT,Green,Green,Green,Green,87.0,75.0,79.0,86.0,POINTS,87.0,0.0,0.0,1.0,0.0,0.0,2.0,A,Distributor,19.8,,37.8,,2.0,4.0285087719298245,306.1666666666667,4.0285087719298245,0.1981062893624363,19.8,19.8,5.392161132280892,1.4776265650517146,4.605334784975503,7.112262228260869,7.146846656823455,37.8,83.7,False,,,,🅿️ D:0,,False,False,2.0,,False,0.0,,False,0.0,,1.5,-500.0,DraftKings,2.5,-145.0,Hard Rock Bet,3.5,145.0,Fanatics,4.5,320.0,Fanatics,3.5,145.0,Fanatics,0.5,-256.0,BetOnline.ag,1.5,114.0,FanDuel,2.5,350.0,DraftKings,3.5,1000.0,Fanatics,1.5,114.0,FanDuel,0.5,-200.0,BetOnline.ag,1.5,230.0,DraftKings,2.5,800.0,DraftKings,3.5,2200.0,Fanatics,0.5,-200.0,BetOnline.ag,0.5,165.0,theScore Bet,,,,,,,,,,0.5,165.0,theScore Bet,0.5,150.0,FanDuel,,,,,,,,,,0.5,150.0,FanDuel,The Odds API,"[""Bally Bet"", ""BetOnline.ag"", ""BetRivers"", ""Bovada"", ""Courtside"", ""DraftKings"", ""FanDuel"", ""Fanatics"", ""Hard Rock Bet"", ""ReBet"", ""draftkings"", ""theScore Bet""]",The Odds API,"[""Bally Bet"", ""BetOnline.ag"", ""BetRivers"", ""Bovada"", ""Caesars"", ""Courtside"", ""DraftKings"", ""FanDuel"", ""Fanatics"", ""Hard Rock Bet"", ""ReBet"", ""draftkings"", ""theScore Bet""]",0.5,-135.0,Hard Rock Bet,1.5,300.0,Bovada,,,,,,,0.5,-135.0,Hard Rock Bet,The Odds API,"[""Bovada"", ""Hard Rock Bet"", ""theScore Bet""]",The Odds API,"[""Bally Bet"", ""BetMGM"", ""BetRivers"", ""Bovada"", ""Caesars"", ""Courtside"", ""DraftKings"", ""FanDuel"", ""Fanatics"", ""fanduel""]",The Odds API,"[""Bally Bet"", ""BetMGM"", ""BetRivers"", ""Bovada"", ""Caesars"", ""Courtside"", ""DraftKings"", ""FanDuel"", ""Fanatics"", ""Hard Rock Bet"", ""fanduel"", ""theScore Bet""]",The Odds API,"[""BetOnline.ag"", ""Courtside"", ""DraftKings"", ""FanDuel"", ""Fanatics"", ""Hard Rock Bet"", ""ReBet"", ""draftkings"", ""fanduel"", ""theScore Bet""]",2026-10-05T11:43:17.763238+00:00,ALTLINE_NB_v1_2026-01-18,3.5,145.0,Fanatics,exp/fallback,0.4,0.0019074600412755,0.2,0.4081632653061224,-99.5326722898875,-99.5,0.0686180154112674,6.9,-91.76583815064792,-91.8,0.0121706224058896,1.2,-97.94358449003934,-97.9,0.0019074600412755,0.2,-99.5326722898875,-99.5,0.0002746842105414,0.0,-99.8846326315726,-99.9,1.5,114.0,FanDuel,exp/fallback,2.731,0.6475007150598917,64.8,0.4672897196261682,38.56515302281682,38.6,0.8528999804879374,85.3,18.60640353660379,18.6,0.6475007150598917,64.8,38.56515302281682,38.6,0.4539080873677398,45.4,104.25863931548292,104.3,0.3007278856504382,30.1,230.800674215482,230.8,0.5,-200.0,BetOnline.ag,exp/fallback,1.925,0.7403545782790377,74.0,0.6666666666666666,11.053186741855658,11.1,0.7403545782790377,74.0,11.053186741855658,11.1,0.4856705340431893,48.6,60.27127623425245,60.3,0.298307431436562,29.8,168.4766882929058,168.5,0.1757854874814851,17.6,304.30662120741584,304.3,0.5,165.0,theScore Bet,exp/fallback,0.3324,0.2680800963883385,26.8,0.3773584905660377,-28.958774457090296,-29.0,0.2680800963883385,26.8,-28.958774457090296,-29.0,,,,,,,,,,,,,0.5,150.0,FanDuel,exp/fallback,0.399525,0.2989523805179771,29.9,0.4,-25.26190487050572,-25.3,0.2989523805179771,29.9,-25.26190487050572,-25.3,,,,,,,,,,,,,False,True,False,False,True,,,Active roster,2026-10-05T11:43:17+00:00,False,"[{""market"":""Points"",""name"":""DPS Tank stance"",""kind"":""STANCE"",""rule"":""Conf_Points >= 75"",""icon"":""PTS15_TWO_HANDED_HAMMER.svg"",""kit_version"":""2026-09-24-frozen-v2""},{""market"":""Assists"",""name"":""Staff (Green Stance)"",""kind"":""STANCE"",""rule"":""Green + Assists 0.5"",""icon"":""staff.svg"",""kit_version"":""2026-09-24-frozen-v2""},{""market"":""Assists"",""name"":""Staff Awakened"",""kind"":""STANCE"",""rule"":""Green + Assists 0.5 + Conf_Assists ≥ 83"",""icon"":""staff.svg"",""kit_version"":""2026-09-24-frozen-v2""},{""market"":""Assists"",""name"":""Arcane Channel I"",""kind"":""VOLUME"",""rule"":""Green + Assists 0.5 + Conf_Assists ≥ 83 + PP_Points60 ≥ 5.3"",""icon"":""arcane_channel_i.svg"",""kit_version"":""2026-09-24-frozen-v2""},{""market"":""Assists"",""name"":""Runic Infusion"",""kind"":""VOLUME"",""rule"":""Green + Assists 0.5 + Conf_Assists ≥ 83 + PP_iXA60 ≥ 4.4"",""icon"":""runic_infusion.svg"",""kit_version"":""2026-09-24-frozen-v2""},{""market"":""Assists"",""name"":""Rune Orchestration"",""kind"":""HEAVY"",""rule"":""Green + Assists 0.5 + Conf_Assists ≥ 83 + PP_Points60 ≥ 5.3 + Assists_mu ≥ 1.4"",""icon"":""runic_infusion.svg"",""kit_version"":""2026-09-24-frozen-v2""},{""market"":""SOG"",""name"":""Sniper Stance"",""kind"":""STANCE"",""rule"":""Green + SOG 3.5 + Conf_SOG >= 75"",""icon"":""sog_class_shooter.svg"",""kit_version"":""2026-09-24-frozen-v2""},{""market"":""Goal"",""name"":""Open Lanes"",""kind"":""WEAK DEFENSE"",""rule"":""Opp_SOG_Against_L50 >= 29.2"",""icon"":""armor_shred.svg"",""kit_version"":""2026-09-24-frozen-v2""},{""market"":""Goal"",""name"":""Finisher Strike"",""kind"":""HEAVY ATTACK"",""rule"":""Opp_SOG_Against_L50 >= 29.2 + iXG% >= 93.2"",""icon"":""fenrir_claw.svg"",""kit_version"":""2026-09-24-frozen-v2""},{""market"":""Goal"",""name"":""Enraged Finisher"",""kind"":""HEAVY ATTACK"",""rule"":""Opp_SOG_Against_L50 >= 29.2 + iXG% >= 96.2"",""icon"":""fenrir_claw.svg"",""kit_version"":""2026-09-24-frozen-v2""}]",2025-2026,,2026-09-24-frozen-v2,2026-10-05T11:43:20.192002+00:00,2026020040,8476453.0,PLAYER_ID,FINAL,2.0,W,OK,2.0,W,OK,1.0,L,OK,0.0,L,OK,0.0,L,OK,0.0,L,OK
2026-10-05,PHI@TBL,2026020040,6:00 PM,2026-10-05T23:00:00Z,Pontus Holmberg,8480995,TBL,False,"{""season"":""2026-27"",""games"":[{""d"":""2026-10-03"",""g"":0,""a"":0,""s"":0,""pp"":0,""h"":""H"",""toi"":""15:25""},{""d"":""2026-10-01"",""g"":0,""a"":0,""s"":3,""pp"":0,""h"":""R"",""toi"":""14:59""}]}",2026-27,TBL,R,,Healthy,Unknown,,,2.0,0.0,,15.0,9.0,2026-10-05T11:42:57+00:00,PHI,Joseph Woll,,,50.0,Unconfirmed,dailyfaceoff_name_only,32.29,7.0,32.29,7.0,,75.3,51.9,A1+A2,13.35,37.0,59.4,1.04,NONE,False,False,26.54657780314604,2.674450618631121,81.7,93.8,12.0,2.4,True,,,1.5,,50.0,0.0,0.0,3.0,0.0,0.0,0.0,0.0,0.0,0.0,0.0,3.0,3.0,LOW,0.0,,LOW,0.0,,LOW,0.0,,LOW,0.0,,LOW,0.0,,LOW,0.0,,LOW,0.3,,LOW,0.15,,LOW,0.075,,1.335212521326311,0.4005637563978933,,,0.0,2.204333606888696,2.1753775676437086,50.0,41.4,56.1,24.8,3.74,2.11,,3.74,2.11,,HOT,WARM,COOL,1.63,1.63,WARM,Red,Yellow,Red,Red,53.0,56.0,63.0,49.0,GOAL,63.0,2.0,2.0,2.0,1.0,0.0,2.0,C,Passenger,1.0,,37.8,,0.0,0.1383333333333333,9.683333333333334,0.1383333333333333,0.0103629715508784,1.0,1.0,0.7435456110154905,0.7435456110154905,0.0,7.112262228260869,7.146846656823455,37.8,33.8,False,,,,🥅 D:2,,False,False,1.0,,False,0.0,,False,0.0,,,,,,,,,,,,,,,,,,,,,,,,,,,,,,,,,,,,,,,,,,,,,,,0.5,650.0,Hard Rock Bet,,,,,,,,,,0.5,650.0,Hard Rock Bet,0.5,480.0,FanDuel,,,,,,,,,,0.5,480.0,FanDuel,,,,,,,,,,,,,,,,,,,,,,The Odds API,"[""Bally Bet"", ""BetMGM"", ""BetRivers"", ""Bovada"", ""Caesars"", ""Courtside"", ""DraftKings"", ""FanDuel"", ""Fanatics"", ""fanduel""]",The Odds API,"[""Bally Bet"", ""BetMGM"", ""BetRivers"", ""Bovada"", ""Caesars"", ""Courtside"", ""DraftKings"", ""FanDuel"", ""Fanatics"", ""Hard Rock Bet"", ""theScore Bet""]",,,2026-10-05T11:43:17.763238+00:00,ALTLINE_NB_v1_2026-01-18,,,,exp/fallback,0.3,,,,,,,,,,,,,,,,,,,,,,,,,exp/fallback,0.374,,,,,,,,,,,,,,,,,,,,,,,,,exp/fallback,0.1629999999999999,,,,,,,,,,,,,,,,,,,,,,0.5,650.0,Hard Rock Bet,exp/fallback,0.1982999999999999,0.1737253321033273,17.4,0.1333333333333333,30.29399907749547,30.3,0.1737253321033273,17.4,30.29399907749547,30.3,,,,,,,,,,,,,0.5,480.0,FanDuel,exp/fallback,0.1816124999999999,0.1577415276630318,15.8,0.1724137931034483,-8.509913955441528,-8.5,0.1577415276630318,15.8,-8.509913955441528,-8.5,,,,,,,,,,,,,False,False,True,False,False,,,Active roster,2026-10-05T11:43:17+00:00,False,[],2025-2026,,2026-09-24-frozen-v2,2026-10-05T11:43:20.192002+00:00,2026020040,8480995.0,PLAYER_ID,FINAL,2.0,,NO_LINE,1.0,,NO_LINE,3.0,,NO_LINE,1.0,W,OK,1.0,W,OK,0.0,,NO_LINE
2026-10-05,PHI@TBL,2026020040,6:00 PM,2026-10-05T23:00:00Z,Ryan McDonagh,8474151,TBL,False,,2026-27,TBL,D,,Healthy,Unknown,,,2.0,1.0,🟢 ROLE+,15.0,9.0,2026-10-05T11:42:57+00:00,PHI,Joseph Woll,,,50.0,Unconfirmed,dailyfaceoff_name_only,32.29,7.0,32.29,7.0,,35.4,60.9,A1+A2,19.26,83.4,53.9,1.02,NONE,False,False,26.54657780314604,2.674450618631121,81.7,93.8,12.0,2.4,True,,,,,50.0,,,,,,,,,,,,,,,,,,,,,,,,,,,,,,,,,,,,,,,,1.381864161849711,0.4877167630057804,,,0.0,2.204333606888696,2.1753775676437086,50.0,41.4,57.1,24.8,3.8,0.63,,,,,COOL,COOL,COOL,3.18,,COOL,Red,Red,Red,Red,60.0,40.0,40.0,54.0,POINTS,60.0,,,,,,,C,Passenger,0.6,,37.8,,0.0,0.1194444444444444,5.733333333333333,0.1194444444444444,0.0062028922788416,0.6,0.6,0.0,0.0,0.0,7.112262228260869,7.146846656823455,37.8,32.3,False,,,,,,False,False,0.0,,False,0.0,,False,0.0,,,,,,,,,,,,,,,,,,,,,,,,,,,,,,,,,,,,,,,,,,,,,,,0.5,1800.0,FanDuel,,,,,,,,,,0.5,1800.0,FanDuel,0.5,1800.0,FanDuel,,,,,,,,,,0.5,1800.0,FanDuel,,,,,,,,,,,,,,,,,,,,,,The Odds API,"[""Bally Bet"", ""BetMGM"", ""BetRivers"", ""Bovada"", ""Caesars"", ""Courtside"", ""DraftKings"", ""FanDuel"", ""Fanatics"", ""fanduel""]",The Odds API,"[""Bally Bet"", ""BetMGM"", ""BetRivers"", ""Bovada"", ""Caesars"", ""Courtside"", ""DraftKings"", ""FanDuel"", ""Fanatics"", ""Hard Rock Bet"", ""theScore Bet""]",,,2026-10-05T11:43:17.763238+00:00,ALTLINE_NB_v1_2026-01-18,,,,league_avg,2.3,,,,,,,,,,,,,,,,,,,,,,,,,exp/fallback,0.38,,,,,,,,,,,,,,,,,,,,,,,,,exp/fallback,0.318,,,,,,,,,,,,,,,,,,,,,,0.5,1800.0,FanDuel,exp/fallback,0.2052,0.1789840868802135,17.9,0.0526315789473684,240.0697650724057,240.1,0.1789840868802135,17.9,240.0697650724057,240.1,,,,,,,,,,,,,0.5,1800.0,FanDuel,exp/fallback,0.14595,0.1301512431968752,13.0,0.0526315789473684,147.2873620740629,147.3,0.1301512431968752,13.0,147.2873620740629,147.3,,,,,,,,,,,,,False,False,True,True,False,,,Active roster,2026-10-05T11:43:17+00:00,False,[],2025-2026,,2026-09-24-frozen-v2,2026-10-05T11:43:20.192002+00:00,2026020040,8474151.0,PLAYER_ID,FINAL,0.0,,NO_LINE,0.0,,NO_LINE,0.0,,NO_LINE,0.0,L,OK,0.0,L,OK,0.0,,NO_LINE
2026-10-05,PHI@TBL,2026020040,6:00 PM,2026-10-05T23:00:00Z,Scott Sabourin,8477149,TBL,False,,2026-27,TBL,R,,Healthy,Unknown,,,2.0,0.0,,15.0,9.0,2026-10-05T11:42:57+00:00,PHI,Joseph Woll,,,50.0,Unconfirmed,dailyfaceoff_name_only,32.29,7.0,32.29,7.0,,31.2,31.9,A1+A2,7.95,3.8,26.0,0.94,NONE,False,False,26.54657780314604,2.674450618631121,81.7,93.8,12.0,2.4,True,,,,,50.0,,,,,,,,,,,,,,,,,,,,,,,,,,,,,,,,,,,,,,,,1.454192922927775,0.872515753756665,,,0.0,2.204333606888696,2.1753775676437086,50.0,41.4,58.8,24.8,2.27,0.83,,,,,COOL,COOL,COOL,1.45,,COOL,Red,Red,Red,Red,35.0,30.0,31.0,31.0,POINTS,35.0,,,,,,,C,Passenger,0.1,,37.8,,0.0,0.0115384615384615,0.3,0.0115384615384615,0.0014509108495889,0.1,0.1,0.0,0.0,0.0,7.112262228260869,7.146846656823455,37.8,22.6,False,,,,,,False,False,0.0,,False,0.0,,False,0.0,,,,,,,,,,,,,,,,,,,,,,,,,,,,,,,,,,,,,,,,,,,,,,,,,,,,,,,,,,,,,,,,,,,,,,,,,,,,,,,,,,,,,,,,,,,,,,,,,,,,,,,,2026-10-05T11:43:17.763238+00:00,ALTLINE_NB_v1_2026-01-18,,,,league_avg,2.3,,,,,,,,,,,,,,,,,,,,,,,,,exp/fallback,0.227,,,,,,,,,,,,,,,,,,,,,,,,,exp/fallback,0.145,,,,,,,,,,,,,,,,,,,,,,,,,exp/fallback,0.2132,,,,,,,,,,,,,,,,,,,,,,,,,exp/fallback,0.1589499999999999,,,,,,,,,,,,,,,,,,,,,,False,False,False,False,False,,,Active roster,2026-10-05T11:43:17+00:00,False,[],2025-2026,,2026-09-24-frozen-v2,2026-10-05T11:43:20.192002+00:00,2026020040,,,NO_PLAYER,,,NO_PLAYER,,,NO_PLAYER,,,NO_PLAYER,,,NO_PLAYER,,,NO_PLAYER,,,NO_PLAYER
2026-10-05,PHI@TBL,2026020040,6:00 PM,2026-10-05T23:00:00Z,Victor Hedman,8475167,TBL,False,,2026-27,TBL,D,,Healthy,Unknown,,,2.0,1.0,🟢 ROLE+,15.0,9.0,2026-10-05T11:42:57+00:00,PHI,Joseph Woll,,,50.0,Unconfirmed,dailyfaceoff_name_only,32.29,7.0,32.29,7.0,,33.2,63.9,A1+A2,18.87,81.5,53.6,1.01,NONE,False,False,26.54657780314604,2.674450618631121,81.7,93.8,12.0,2.4,True,,,,,50.0,,,,,,,,,,,,,,,,,,,,,,,,,,,,,,,,,,,,,,,,1.3107114250345882,0.6553557125172941,,,0.0,2.204333606888696,2.1753775676437086,50.0,41.4,55.4,24.8,5.72,0.8,,,,,COOL,COOL,COOL,4.92,,COOL,Red,Red,Red,Red,61.0,39.0,38.0,55.0,POINTS,61.0,,,,,,,B,Distributor,10.7,,37.8,,1.0,2.0257575757575754,66.85,2.0257575757575754,0.1073694354471718,10.7,10.7,4.940912490650711,0.7449513836948393,4.936424831712791,7.112262228260869,7.146846656823455,37.8,72.1,False,,,,,,False,False,0.0,,False,0.0,,False,0.0,,,,,,,,,,,,,,,,,0.5,138.0,BetRivers,1.5,650.0,BetRivers,,,,,,,0.5,138.0,BetRivers,0.5,175.0,BetRivers,,,,,,,,,,0.5,175.0,BetRivers,0.5,800.0,theScore Bet,,,,,,,,,,0.5,800.0,theScore Bet,0.5,800.0,DraftKings,,,,,,,,,,0.5,800.0,DraftKings,The Odds API,"[""Bally Bet"", ""BetRivers""]",The Odds API,"[""Bally Bet"", ""BetRivers""]",,,,,,,,,,,,,,,,,,The Odds API,"[""Bally Bet"", ""BetMGM"", ""BetRivers"", ""Bovada"", ""Caesars"", ""Courtside"", ""DraftKings"", ""FanDuel"", ""Fanatics"", ""fanduel""]",The Odds API,"[""Bally Bet"", ""BetMGM"", ""BetRivers"", ""Bovada"", ""Caesars"", ""Courtside"", ""DraftKings"", ""FanDuel"", ""Fanatics"", ""Hard Rock Bet"", ""theScore Bet""]",,,2026-10-05T11:43:17.763238+00:00,ALTLINE_NB_v1_2026-01-18,,,,league_avg,2.3,,,,,,,,,,,,,,,,,,,,,,0.5,138.0,BetRivers,exp/fallback,0.572,0.4063081614128682,40.6,0.4201680672268907,-3.2986575837373744,-3.3,0.4063081614128682,40.6,-3.2986575837373744,-3.3,0.1233622093450133,12.3,-7.478342991240028,-7.5,,,,,,,,,0.5,175.0,BetRivers,exp/fallback,0.492,0.3558842549770824,35.6,0.3636363636363636,-2.1318298813023384,-2.1,0.3558842549770824,35.6,-2.1318298813023384,-2.1,,,,,,,,,,,,,0.5,800.0,theScore Bet,exp/fallback,0.212,0.184120898980323,18.4,0.1111111111111111,65.70880908229071,65.7,0.184120898980323,18.4,65.70880908229071,65.7,,,,,,,,,,,,,0.5,800.0,DraftKings,exp/fallback,0.157,0.1388576957942334,13.9,0.1111111111111111,24.971926214810114,25.0,0.1388576957942334,13.9,24.971926214810114,25.0,,,,,,,,,,,,,False,False,True,True,False,,,Active roster,2026-10-05T11:43:17+00:00,False,[],2025-2026,,2026-09-24-frozen-v2,2026-10-05T11:43:20.192002+00:00,2026020040,8475167.0,PLAYER_ID,FINAL,0.0,L,OK,0.0,L,OK,1.0,,NO_LINE,0.0,L,OK,0.0,L,OK,0.0,,NO_LINE
2026-10-05,PHI@TBL,2026020040,6:00 PM,2026-10-05T23:00:00Z,Zemgus Girgensons,8476878,TBL,False,"{""season"":""2026-27"",""games"":[{""d"":""2026-10-03"",""g"":0,""a"":0,""s"":1,""pp"":0,""h"":""H"",""toi"":""14:27""},{""d"":""2026-10-01"",""g"":0,""a"":0,""s"":0,""pp"":0,""h"":""R"",""toi"":""7:39""}]}",2026-27,TBL,C,,Healthy,Unknown,,,2.0,0.0,,15.0,9.0,2026-10-05T11:42:57+00:00,PHI,Joseph Woll,,,50.0,Unconfirmed,dailyfaceoff_name_only,32.29,7.0,32.29,7.0,,72.8,51.9,A1+A2,14.77,47.5,60.4,1.04,NONE,False,False,26.54657780314604,2.674450618631121,81.7,93.8,12.0,2.4,True,,,0.5,,50.0,0.0,0.0,1.0,0.0,0.0,0.0,0.0,0.0,0.0,0.0,1.0,1.0,LOW,0.0,,LOW,0.0,,LOW,0.0,,LOW,0.0,,LOW,0.0,,LOW,0.0,,LOW,0.1,,LOW,0.05,,LOW,0.025,,1.1588190060623402,0.25751533468052,,,0.0,2.204333606888696,2.1753775676437086,50.0,41.4,50.5,24.8,3.39,1.84,,3.39,1.84,,HOT,WARM,COOL,1.55,1.55,WARM,Red,Yellow,Red,Red,52.0,56.0,62.0,49.0,GOAL,62.0,2.0,2.0,2.0,2.0,0.0,2.0,C,Passenger,0.3,,37.8,,0.0,0.0407657657657657,3.0166666666666666,0.0407657657657657,0.0027604929233772,0.3,0.3,0.1988950276243094,0.1988950276243094,0.0,7.112262228260869,7.146846656823455,37.8,27.7,False,,,,🥅 D:2,,False,False,1.0,,False,0.0,,False,0.0,,,,,,,,,,,,,,,,,,,,,,,,,,,,,,,,,,,,,,,,,,,,,,,0.5,950.0,DraftKings,,,,,,,,,,0.5,950.0,DraftKings,0.5,950.0,DraftKings,,,,,,,,,,0.5,950.0,DraftKings,,,,,,,,,,,,,,,,,,,,,,The Odds API,"[""Bally Bet"", ""BetMGM"", ""BetRivers"", ""Bovada"", ""Caesars"", ""Courtside"", ""DraftKings"", ""FanDuel"", ""Fanatics"", ""fanatics""]",The Odds API,"[""Bally Bet"", ""BetMGM"", ""BetRivers"", ""Bovada"", ""Caesars"", ""Courtside"", ""DraftKings"", ""FanDuel"", ""Fanatics"", ""Hard Rock Bet"", ""theScore Bet""]",,,2026-10-05T11:43:17.763238+00:00,ALTLINE_NB_v1_2026-01-18,,,,exp/fallback,0.1,,,,,,,,,,,,,,,,,,,,,,,,,exp/fallback,0.339,,,,,,,,,,,,,,,,,,,,,,,,,exp/fallback,0.155,,,,,,,,,,,,,,,,,,,,,,0.5,950.0,DraftKings,exp/fallback,0.1901999999999999,0.1674916449197544,16.7,0.0952380952380952,75.86622716574215,75.9,0.1674916449197544,16.7,75.86622716574215,75.9,,,,,,,,,,,,,0.5,950.0,DraftKings,exp/fallback,0.16845,0.1477286467913562,14.8,0.0952380952380952,55.11507913092403,55.1,0.1477286467913562,14.8,55.11507913092403,55.1,,,,,,,,,,,,,False,False,True,True,False,,,Active roster,2026-10-05T11:43:17+00:00,False,[],2025-2026,,2026-09-24-frozen-v2,2026-10-05T11:43:20.192002+00:00,2026020040,8476878.0,PLAYER_ID,FINAL,1.0,,NO_LINE,1.0,,NO_LINE,0.0,,NO_LINE,0.0,L,OK,0.0,L,OK,0.0,,NO_LINE
2026-10-05,SJS@DAL,2026020043,7:00 PM,2026-10-06T00:00:00Z,Arttu Hyry,8484938,DAL,False,,2026-27,DAL,R,,Healthy,Unknown,,,1.0,0.0,,15.0,9.0,2026-10-05T11:42:57+00:00,SJS,Yaroslav Askarov,0.88301043219076,3.6279840040054174,91.0,Unconfirmed,dailyfaceoff_name_and_stats,27.5,6.0,27.5,6.0,,33.8,24.0,A1+A2,11.78,22.3,28.1,0.94,NONE,False,False,23.304187303758766,2.359048317579094,18.7,42.1,7.0,1.4,True,,,,,50.0,,,,,,,,,,,,,,,,,,,,,,,,,,,,,,,,,,,,,,,,1.2658227848101269,0.3164556962025316,,,0.0,2.5630753784688656,2.50915834498438,50.0,66.7,53.5,76.1,2.23,1.29,,,,,COOL,COOL,COOL,0.94,,COOL,Red,Red,Red,Red,38.0,37.0,40.0,34.0,GOAL,40.0,,,,,,,C,Passenger,0.4,,91.2,,0.0,0.0466666666666666,0.9333333333333332,0.0466666666666666,0.0039629184063406,0.4,0.4,0.0,0.0,0.0,8.800749866095341,7.946608826228414,91.2,42.8,False,,,,,,False,False,1.0,,False,0.0,,False,0.0,,,,,,,,,,,,,,,,,,,,,,,,,,,,,,,,,,,,,,,,,,,,,,,0.5,650.0,DraftKings,,,,,,,,,,0.5,650.0,DraftKings,0.5,650.0,DraftKings,,,,,,,,,,0.5,650.0,DraftKings,,,,,,,,,,,,,,,,,,,,,,The Odds API,"[""Bally Bet"", ""BetMGM"", ""BetRivers"", ""Bovada"", ""Caesars"", ""Courtside"", ""DraftKings"", ""FanDuel"", ""Fanatics"", ""fanduel""]",The Odds API,"[""Bally Bet"", ""BetMGM"", ""BetRivers"", ""Bovada"", ""Caesars"", ""Courtside"", ""DraftKings"", ""FanDuel"", ""Fanatics"", ""Fliff"", ""Hard Rock Bet"", ""theScore Bet""]",,,2026-10-05T11:43:17.763238+00:00,ALTLINE_NB_v1_2026-01-18,,,,league_avg,2.3,,,,,,,,,,,,,,,,,,,,,,,,,exp/fallback,0.223,,,,,,,,,,,,,,,,,,,,,,,,,exp/fallback,0.094,,,,,,,,,,,,,,,,,,,,,,0.5,650.0,DraftKings,exp/fallback,0.2316,0.1986776397148101,19.9,0.1333333333333333,49.008229786107584,49.0,0.1986776397148101,19.9,49.008229786107584,49.0,,,,,,,,,,,,,0.5,650.0,DraftKings,exp/fallback,0.18885,0.1631647750925625,16.3,0.1333333333333333,22.37358131942192,22.4,0.1631647750925625,16.3,22.37358131942192,22.4,,,,,,,,,,,,,False,False,True,True,False,,,Active roster,2026-10-05T11:43:17+00:00,False,[],2025-2026,,2026-09-24-frozen-v2,2026-10-05T11:43:20.192002+00:00,2026020043,8484938.0,PLAYER_ID,FINAL,0.0,,NO_LINE,0.0,,NO_LINE,1.0,,NO_LINE,0.0,L,OK,0.0,L,OK,0.0,,NO_LINE
2026-10-05,SJS@DAL,2026020043,7:00 PM,2026-10-06T00:00:00Z,Colin Blackwell,8476278,DAL,False,,2026-27,DAL,C,,Healthy,Unknown,,,1.0,0.0,,15.0,9.0,2026-10-05T11:42:57+00:00,SJS,Yaroslav Askarov,0.88301043219076,3.6279840040054174,91.0,Unconfirmed,dailyfaceoff_name_and_stats,27.5,6.0,27.5,6.0,,57.9,51.9,A1+A2,11.89,23.0,48.8,1.0,NONE,False,False,23.304187303758766,2.359048317579094,18.7,42.1,7.0,1.4,True,,,,,50.0,,,,,,,,,,,,,,,,,,,,,,,,,,,,,,,,,,,,,,,,1.2323039683121837,0.6161519841560918,,,0.0,2.5630753784688656,2.50915834498438,50.0,66.7,53.1,76.1,2.62,1.06,,,,,COOL,COOL,COOL,1.56,,COOL,Red,Red,Red,Red,53.0,50.0,54.0,49.0,GOAL,54.0,,,,,,,C,Passenger,0.1,,91.2,,0.0,0.0083333333333333,0.5833333333333334,0.0083333333333333,0.0007007147290236,0.1,0.1,0.0,0.0,0.0,8.800749866095341,7.946608826228414,91.2,35.5,False,,,,,,False,False,1.0,,False,0.0,,False,0.0,,,,,,,,,,,,,,,,,,,,,,,,,,,,,,,,,,,,,,,,,,,,,,,0.5,750.0,FanDuel,,,,,,,,,,0.5,750.0,FanDuel,0.5,750.0,FanDuel,,,,,,,,,,0.5,750.0,FanDuel,,,,,,,,,,,,,,,,,,,,,,The Odds API,"[""Bally Bet"", ""BetMGM"", ""BetRivers"", ""Bovada"", ""Caesars"", ""Courtside"", ""DraftKings"", ""FanDuel"", ""Fanatics"", ""fanduel""]",The Odds API,"[""Bally Bet"", ""BetMGM"", ""BetRivers"", ""Bovada"", ""Caesars"", ""Courtside"", ""DraftKings"", ""FanDuel"", ""Fanatics"", ""Fliff"", ""Hard Rock Bet"", ""theScore Bet""]",,,2026-10-05T11:43:17.763238+00:00,ALTLINE_NB_v1_2026-01-18,,,,league_avg,2.3,,,,,,,,,,,,,,,,,,,,,,,,,exp/fallback,0.262,,,,,,,,,,,,,,,,,,,,,,,,,exp/fallback,0.156,,,,,,,,,,,,,,,,,,,,,,0.5,750.0,FanDuel,exp/fallback,0.2224,0.1918905573636259,19.2,0.1176470588235294,63.10697375908204,63.1,0.1918905573636259,19.2,63.10697375908204,63.1,,,,,,,,,,,,,0.5,750.0,FanDuel,exp/fallback,0.1739,0.1518982342414914,15.2,0.1176470588235294,29.113499105267703,29.1,0.1518982342414914,15.2,29.113499105267703,29.1,,,,,,,,,,,,,False,False,True,True,False,,,Active roster,2026-10-05T11:43:17+00:00,False,[],2025-2026,,2026-09-24-frozen-v2,2026-10-05T11:43:20.192002+00:00,2026020043,,,NO_PLAYER,,,NO_PLAYER,,,NO_PLAYER,,,NO_PLAYER,,,NO_PLAYER,,,NO_PLAYER,,,NO_PLAYER
2026-10-05,SJS@DAL,2026020043,7:00 PM,2026-10-06T00:00:00Z,Esa Lindell,8476902,DAL,False,"{""season"":""2026-27"",""games"":[{""d"":""2026-10-03"",""g"":0,""a"":0,""s"":0,""pp"":0,""h"":""R"",""toi"":""19:11""},{""d"":""2026-10-02"",""g"":0,""a"":0,""s"":1,""pp"":0,""h"":""H"",""toi"":""18:43""}]}",2026-27,DAL,D,,Healthy,Unknown,,,1.0,0.0,,15.0,9.0,2026-10-05T11:42:57+00:00,SJS,Yaroslav Askarov,0.88301043219076,3.6279840040054174,91.0,Unconfirmed,dailyfaceoff_name_and_stats,27.5,6.0,27.5,6.0,,56.9,80.9,A1+A2,23.23,97.4,73.4,1.09,NONE,False,False,23.304187303758766,2.359048317579094,18.7,42.1,7.0,1.4,True,,,0.5,,50.0,0.0,0.0,1.0,0.0,0.0,0.0,0.0,0.0,0.0,0.0,1.0,1.0,LOW,0.0,-0.5,LOW,0.0,,LOW,0.0,,LOW,0.0,,LOW,0.0,,LOW,0.0,,LOW,0.1,,LOW,0.05,,LOW,0.025,,0.945982999725802,0.3290375651220181,,,0.0,2.5630753784688656,2.50915834498438,50.0,66.7,46.7,76.1,4.44,0.97,,4.44,0.97,,HOT,COOL,COOL,3.82,3.47,HOT,Yellow,Red,Red,Yellow,79.0,55.0,58.0,73.0,POINTS,79.0,2.0,2.0,2.0,2.0,0.0,2.0,C,Passenger,3.1,,91.2,,0.0,0.7170731707317073,58.8,0.7170731707317073,0.0308620915890303,3.1,3.1,1.5280612244897958,0.8775510204081632,0.7653061224489796,8.800749866095341,7.946608826228414,91.2,60.1,False,,,,🅿️ D:2,,False,False,2.0,,False,0.0,,False,0.0,,,,,,,,,,,,,,,,,0.5,210.0,BetRivers,,,,,,,,,,0.5,210.0,BetRivers,,,,,,,,,,,,,,,,0.5,1100.0,FanDuel,,,,,,,,,,0.5,1100.0,FanDuel,0.5,1100.0,FanDuel,,,,,,,,,,0.5,1100.0,FanDuel,,,The Odds API,"[""Bally Bet"", ""BetRivers""]",,,,,,,,,,,,,,,,,,The Odds API,"[""Bally Bet"", ""BetMGM"", ""BetRivers"", ""Bovada"", ""Caesars"", ""Courtside"", ""DraftKings"", ""FanDuel"", ""Fanatics"", ""fanduel""]",The Odds API,"[""Bally Bet"", ""BetMGM"", ""BetRivers"", ""Bovada"", ""Caesars"", ""Courtside"", ""DraftKings"", ""FanDuel"", ""Fanatics"", ""Fliff"", ""Hard Rock Bet"", ""theScore Bet""]",,,2026-10-05T11:43:17.763238+00:00,ALTLINE_NB_v1_2026-01-18,,,,exp/fallback,0.1,,,,,,,,,,,,,,,,,,,,,,0.5,210.0,BetRivers,exp/fallback,0.444,0.3381422226063955,33.8,0.3225806451612903,4.824089007982602,4.8,0.3381422226063955,33.8,4.824089007982602,4.8,,,,,,,,,,,,,,,,exp/fallback,0.382,,,,,,,,,,,,,,,,,,,,,,0.5,1100.0,FanDuel,exp/fallback,0.1641,0.1469515163217318,14.7,0.0833333333333333,76.34181958607824,76.3,0.1469515163217318,14.7,76.34181958607824,76.3,,,,,,,,,,,,,0.5,1100.0,FanDuel,exp/fallback,0.1260375,0.114090463916052,11.4,0.0833333333333333,36.90855669926245,36.9,0.114090463916052,11.4,36.90855669926245,36.9,,,,,,,,,,,,,False,False,True,True,False,,,Active roster,2026-10-05T11:43:17+00:00,False,[],2025-2026,,2026-09-24-frozen-v2,2026-10-05T11:43:20.192002+00:00,2026020043,8476902.0,PLAYER_ID,FINAL,0.0,L,OK,0.0,,NO_LINE,1.0,,NO_LINE,0.0,L,OK,0.0,L,OK,0.0,,NO_LINE
2026-10-05,SJS@DAL,2026020043,7:00 PM,2026-10-06T00:00:00Z,Jamie Benn,8473994,DAL,False,"{""season"":""2026-27"",""games"":[{""d"":""2026-10-03"",""g"":0,""a"":0,""s"":2,""pp"":0,""h"":""R"",""toi"":""13:12""},{""d"":""2026-10-02"",""g"":0,""a"":0,""s"":0,""pp"":0,""h"":""H"",""toi"":""10:03""}]}",2026-27,DAL,L,,Healthy,Unknown,,,1.0,0.0,,15.0,9.0,2026-10-05T11:42:57+00:00,SJS,Yaroslav Askarov,0.88301043219076,3.6279840040054174,91.0,Unconfirmed,dailyfaceoff_name_and_stats,27.5,6.0,27.5,6.0,,69.0,72.9,A1+A2,13.29,35.5,63.7,1.06,NONE,False,False,23.304187303758766,2.359048317579094,18.7,42.1,7.0,1.4,True,,,1.0,,50.0,0.0,0.0,2.0,0.0,0.0,0.0,0.0,0.0,0.0,0.0,2.0,2.0,LOW,0.0,-0.5,LOW,0.0,,LOW,0.0,,LOW,0.0,,LOW,0.0,,LOW,0.0,,LOW,0.2,,LOW,0.1,,LOW,0.05,,2.37908752692383,0.7049148227922459,,,0.0,2.5630753784688656,2.50915834498438,50.0,66.7,72.0,76.1,5.66,1.97,,5.66,1.97,,HOT,WARM,COOL,3.69,3.69,HOT,Yellow,Red,Red,Yellow,72.0,57.0,62.0,69.0,POINTS,72.0,2.0,2.0,2.0,2.0,0.0,2.0,B,Distributor,10.7,,91.2,,1.0,1.4158333333333333,84.95,1.4158333333333333,0.1065404151251019,10.7,10.7,3.132430841671572,1.0311948204826369,2.472042377869335,8.800749866095341,7.946608826228414,91.2,78.3,False,,,,🅿️ D:2,,False,False,2.0,,False,0.0,,False,0.0,,,,,,,,,,,,,,,,,0.5,150.0,BetRivers,1.5,750.0,BetRivers,,,,,,,0.5,150.0,BetRivers,0.5,265.0,BetRivers,,,,,,,,,,0.5,265.0,BetRivers,0.5,410.0,Fliff,,,,,,,,,,0.5,410.0,Fliff,0.5,400.0,BetMGM,,,,,,,,,,0.5,400.0,BetMGM,The Odds API,"[""Bally Bet"", ""BetRivers""]",The Odds API,"[""Bally Bet"", ""BetRivers""]",,,,,,,,,,,,,,,,,,The Odds API,"[""Bally Bet"", ""BetMGM"", ""BetRivers"", ""Bovada"", ""Caesars"", ""Courtside"", ""DraftKings"", ""FanDuel"", ""Fanatics"", ""betmgm""]",The Odds API,"[""Bally Bet"", ""BetMGM"", ""BetRivers"", ""Bovada"", ""Caesars"", ""Courtside"", ""DraftKings"", ""FanDuel"", ""Fanatics"", ""Fliff"", ""Hard Rock Bet"", ""theScore Bet""]",,,2026-10-05T11:43:17.763238+00:00,ALTLINE_NB_v1_2026-01-18,,,,exp/fallback,0.2,,,,,,,,,,,,,,,,,,,,,,0.5,150.0,BetRivers,exp/fallback,0.5660000000000001,0.4033301532250258,40.3,0.4,0.8325383062564584,0.8,0.4033301532250258,40.3,0.8325383062564584,0.8,0.1214545724933376,12.1,3.2363866193370394,3.2,,,,,,,,,0.5,265.0,BetRivers,exp/fallback,0.369,0.2872620724886547,28.7,0.273972602739726,4.850656458358982,4.9,0.2872620724886547,28.7,4.850656458358982,4.9,,,,,,,,,,,,,0.5,410.0,Fliff,exp/fallback,0.1941,0.1705012384619021,17.1,0.196078431372549,-13.044368384429916,-13.0,0.1705012384619021,17.1,-13.044368384429916,-13.0,,,,,,,,,,,,,0.5,400.0,BetMGM,exp/fallback,0.1747874999999999,0.1525740400136029,15.3,0.2,-23.71297999319852,-23.7,0.1525740400136029,15.3,-23.71297999319852,-23.7,,,,,,,,,,,,,False,False,False,False,False,,,Active roster,2026-10-05T11:43:17+00:00,False,[],2025-2026,,2026-09-24-frozen-v2,2026-10-05T11:43:20.192002+00:00,2026020043,8473994.0,PLAYER_ID,FINAL,2.0,W,OK,1.0,W,OK,4.0,,NO_LINE,1.0,W,OK,1.0,W,OK,0.0,,NO_LINE
2026-10-05,SJS@DAL,2026020043,7:00 PM,2026-10-06T00:00:00Z,Jason Robertson,8480027,DAL,False,"{""season"":""2026-27"",""games"":[{""d"":""2026-10-03"",""g"":0,""a"":0,""s"":1,""pp"":0,""h"":""R"",""toi"":""18:50""},{""d"":""2026-10-02"",""g"":0,""a"":0,""s"":2,""pp"":0,""h"":""H"",""toi"":""19:39""}]}",2026-27,DAL,L,👑 ELITE,Healthy,Unknown,,,1.0,0.0,,15.0,9.0,2026-10-05T11:42:57+00:00,SJS,Yaroslav Askarov,0.88301043219076,3.6279840040054174,91.0,Unconfirmed,dailyfaceoff_name_and_stats,27.5,6.0,27.5,6.0,,99.7,97.3,A1+A2,20.25,86.8,96.3,1.26,ELITE,True,False,23.304187303758766,2.359048317579094,18.7,42.1,7.0,1.4,True,,,1.5,,50.0,0.0,0.0,3.0,0.0,0.0,0.0,0.0,0.0,0.0,0.0,3.0,3.0,LOW,0.0,-0.5,LOW,0.0,,LOW,0.0,,LOW,0.0,,LOW,0.0,,LOW,0.0,,LOW,0.3,,LOW,0.15,,LOW,0.075,,2.1890284203569066,0.5710508922670192,,,0.0,2.5630753784688656,2.50915834498438,50.0,66.7,70.5,76.1,18.35,6.36,,13.59,5.78,,HOT,HOT,COOL,10.54,7.81,HOT,Green,Green,Green,Green,95.0,83.0,87.0,93.0,POINTS,95.0,2.0,2.0,2.0,2.0,0.0,2.0,A,Distributor,18.2,,91.2,,2.0,3.683130081300813,302.01666666666665,3.683130081300813,0.1818555873350393,18.2,18.2,5.253186910214668,2.002538491253242,3.8242922576016776,8.800749866095341,7.946608826228414,91.2,93.6,True,,,,🅿️ PTS D:2 | 🅿️ D:2,🥅 GOAL EARNED,False,True,3.0,"iXG,REG,G",False,0.0,,False,0.0,,1.5,-600.0,DraftKings,2.5,-200.0,DraftKings,3.5,120.0,Fanatics,4.5,265.0,Fanatics,3.5,120.0,Fanatics,0.5,-250.0,DraftKings,1.5,190.0,FanDuel,2.5,600.0,DraftKings,3.5,1900.0,Fanatics,0.5,-250.0,DraftKings,0.5,100.0,FanDuel,1.5,500.0,DraftKings,2.5,1900.0,Fanatics,,,,0.5,100.0,FanDuel,0.5,138.0,Caesars,,,,,,,,,,0.5,138.0,Caesars,0.5,138.0,Caesars,,,,,,,,,,0.5,138.0,Caesars,The Odds API,"[""Bally Bet"", ""BetOnline.ag"", ""BetRivers"", ""Bovada"", ""Courtside"", ""DraftKings"", ""FanDuel"", ""Fanatics"", ""Fliff"", ""Hard Rock Bet"", ""ReBet"", ""draftkings"", ""theScore Bet""]",The Odds API,"[""Bally Bet"", ""BetOnline.ag"", ""BetRivers"", ""Bovada"", ""Caesars"", ""Courtside"", ""DraftKings"", ""FanDuel"", ""Fanatics"", ""Fliff"", ""Hard Rock Bet"", ""ReBet"", ""draftkings"", ""theScore Bet""]",0.5,110.0,Hard Rock Bet,1.5,450.0,Bovada,,,,,,,0.5,110.0,Hard Rock Bet,The Odds API,"[""Bovada"", ""Fliff"", ""Hard Rock Bet"", ""theScore Bet""]",The Odds API,"[""Bally Bet"", ""BetMGM"", ""BetRivers"", ""Bovada"", ""Caesars"", ""Courtside"", ""DraftKings"", ""FanDuel"", ""Fanatics"", ""caesars""]",The Odds API,"[""Bally Bet"", ""BetMGM"", ""BetRivers"", ""Bovada"", ""Caesars"", ""Courtside"", ""DraftKings"", ""FanDuel"", ""Fanatics"", ""Fliff"", ""Hard Rock Bet"", ""fanduel"", ""theScore Bet""]",The Odds API,"[""BetOnline.ag"", ""Courtside"", ""DraftKings"", ""FanDuel"", ""Fanatics"", ""ReBet"", ""fanduel""]",2026-10-05T11:43:17.763238+00:00,ALTLINE_NB_v1_2026-01-18,3.5,120.0,Fanatics,exp/fallback,0.3,0.0006983006285956,0.1,0.4545454545454545,-99.84637386170895,-99.8,0.0422318805185903,4.2,-95.07294727283112,-95.1,0.0057840451049215,0.6,-99.13239323426176,-99.1,0.0006983006285956,0.1,-99.84637386170895,-99.8,7.736670997449124e-05,0.0,-99.97176115085932,-100.0,0.5,-250.0,DraftKings,exp/fallback,1.835,0.7576409580635097,75.8,0.7142857142857143,6.069734128891363,6.1,0.7576409580635097,75.8,6.069734128891363,6.1,0.4868363656120197,48.7,41.182546027485714,41.2,0.282588937799429,28.3,97.81225645960036,97.8,0.1532643625598946,15.3,206.52872511978924,206.5,0.5,100.0,FanDuel,exp/fallback,1.0539999999999998,0.5711336952107213,57.1,0.5,14.226739042144263,14.2,0.5711336952107213,57.1,14.226739042144263,14.2,0.2751120283817103,27.5,65.06721702902621,65.1,0.121867020111682,12.2,143.7340402233641,143.7,,,,,0.5,138.0,Caesars,exp/fallback,0.3258,0.263798886976162,26.4,0.4201680672268907,-37.21586489967344,-37.2,0.263798886976162,26.4,-37.21586489967344,-37.2,,,,,,,,,,,,,0.5,138.0,Caesars,exp/fallback,0.3888,0.2929414674938734,29.3,0.4201680672268907,-30.27993073645813,-30.3,0.2929414674938734,29.3,-30.27993073645813,-30.3,,,,,,,,,,,,,False,False,False,False,True,,,Active roster,2026-10-05T11:43:17+00:00,False,"[{""market"":""Points"",""name"":""Hammer Fists"",""kind"":""FLOOR"",""rule"":""Conf_Points >= 80"",""icon"":""PTS05_HAMMER_FISTS.svg"",""kit_version"":""2026-09-24-frozen-v2""},{""market"":""Points"",""name"":""Echo Stomp II"",""kind"":""TIER"",""rule"":""Conf_Points >= 80 + TOI_per_game >= 19.18"",""icon"":""PTS05_HAMMER_STOMP.svg"",""kit_version"":""2026-09-24-frozen-v2""},{""market"":""Points"",""name"":""Gaia’s Blessing"",""kind"":""TIER"",""rule"":""Conf_Points >= 80 + Assists_mu >= 0.746"",""icon"":""PTS05_GAIAS_BLESSING.svg"",""kit_version"":""2026-09-24-frozen-v2""},{""market"":""Points"",""name"":""Gaia’s Blessing+ (Press)"",""kind"":""HEAVY"",""rule"":""Conf_Points >= 81 + Assists_mu >= 0.746"",""icon"":""PTS05_GAIAS_BLESSING.svg"",""kit_version"":""2026-09-24-frozen-v2""},{""market"":""Points"",""name"":""Gaia’s Blessing++ (Smash)"",""kind"":""HEAVY"",""rule"":""Conf_Points >= 83 + Assists_mu >= 0.746"",""icon"":""PTS05_GAIAS_BLESSING.svg"",""kit_version"":""2026-09-24-frozen-v2""},{""market"":""Points"",""name"":""Blood Stomp"",""kind"":""CRIT"",""rule"":""Conf_Points >= 83 + TOI_per_game >= 19.18 + Opp_PK_xGA60 >= 7.784"",""icon"":""PTS05_BLEED_ENV.svg"",""kit_version"":""2026-09-24-frozen-v2""},{""market"":""Assists"",""name"":""Staff (Green Stance)"",""kind"":""STANCE"",""rule"":""Green + Assists 0.5"",""icon"":""staff.svg"",""kit_version"":""2026-09-24-frozen-v2""},{""market"":""Assists"",""name"":""Staff Awakened"",""kind"":""STANCE"",""rule"":""Green + Assists 0.5 + Conf_Assists ≥ 83"",""icon"":""staff.svg"",""kit_version"":""2026-09-24-frozen-v2""},{""market"":""Assists"",""name"":""Assist Dagger"",""kind"":""VOLUME"",""rule"":""Green + Assists 0.5 + Conf_Assists ≥ 83 + Assist_Dagger ≥ 86"",""icon"":""magic-dagger.svg"",""kit_version"":""2026-09-24-frozen-v2""},{""market"":""SOG"",""name"":""Sniper Stance"",""kind"":""STANCE"",""rule"":""Green + SOG 3.5 + Conf_SOG >= 75"",""icon"":""sog_class_shooter.svg"",""kit_version"":""2026-09-24-frozen-v2""},{""market"":""SOG"",""name"":""Permission Special"",""kind"":""SUPPORT"",""rule"":""Best_Conf >= 89 + opp_5v5_HDCA60 >= 2.36"",""icon"":""sog_env_paralysis.svg"",""kit_version"":""2026-09-24-frozen-v2""},{""market"":""Goal"",""name"":""Weakened Armor"",""kind"":""WEAK DEFENSE"",""rule"":""Opp_PK_xGA60 >= 7.3"",""icon"":""shattered_armor.svg"",""kit_version"":""2026-09-24-frozen-v2""},{""market"":""Goal"",""name"":""Fallen Guardian"",""kind"":""WEAK DEFENSE"",""rule"":""Opp_GAA >= 3.01"",""icon"":""fenrir_claw.svg"",""kit_version"":""2026-09-24-frozen-v2""}]",2025-2026,,2026-09-24-frozen-v2,2026-10-05T11:43:20.192002+00:00,2026020043,8480027.0,PLAYER_ID,FINAL,2.0,W,OK,1.0,W,OK,4.0,W,OK,1.0,W,OK,1.0,W,OK,0.0,L,OK
2026-10-05,SJS@DAL,2026020043,7:00 PM,2026-10-06T00:00:00Z,Joel Kiviranta,8481641,COL,True,,2026-27,DAL,L,,Healthy,Unknown,,,1.0,0.0,,15.0,9.0,2026-10-05T11:42:57+00:00,SJS,Yaroslav Askarov,0.88301043219076,3.6279840040054174,91.0,Unconfirmed,dailyfaceoff_name_and_stats,27.5,6.0,27.5,6.0,,53.4,37.3,A1+A2,10.37,12.8,39.6,0.96,NONE,False,False,23.304187303758766,2.359048317579094,18.7,42.1,7.0,1.4,True,,,,,50.0,,,,,,,,,,,,,,,,,,,,,,,,,,,,,,,,,,,,,,,,1.1630411371957785,0.2584535860435064,,,0.0,2.5630753784688656,2.50915834498438,50.0,66.7,50.8,76.1,2.3,1.18,,,,,COOL,COOL,COOL,1.13,,COOL,Red,Red,Red,Red,44.0,47.0,51.0,40.0,GOAL,51.0,,,,,,,,Passenger,0.6,,91.2,,,0.0584967320261437,2.9833333333333334,0.0584967320261437,0.0056388608870967,0.6,0.6,0.0,0.0,0.0,8.800749866095341,7.946608826228414,91.2,45.2,False,,,,,,False,False,1.0,,False,0.0,,False,0.0,,,,,,,,,,,,,,,,,,,,,,,,,,,,,,,,,,,,,,,,,,,,,,,,,,,,,,,,,,,,,,,,,,,,,,,,,,,,,,,,,,,,,,,,,,,,,,,,,,,,,,,,2026-10-05T11:43:17.763238+00:00,ALTLINE_NB_v1_2026-01-18,,,,league_avg,2.3,,,,,,,,,,,,,,,,,,,,,,,,,exp/fallback,0.2299999999999999,,,,,,,,,,,,,,,,,,,,,,,,,exp/fallback,0.1129999999999999,,,,,,,,,,,,,,,,,,,,,,,,,exp/fallback,0.2271999999999999,,,,,,,,,,,,,,,,,,,,,,,,,exp/fallback,0.1817,,,,,,,,,,,,,,,,,,,,,,False,False,False,False,False,,,Active roster,2026-10-05T11:43:17+00:00,False,[],2025-2026,,2026-09-24-frozen-v2,2026-10-05T11:43:20.192002+00:00,2026020043,8481641.0,PLAYER_ID,FINAL,1.0,,NO_LINE,0.0,,NO_LINE,1.0,,NO_LINE,1.0,,NO_LINE,1.0,,NO_LINE,0.0,,NO_LINE
2026-10-05,SJS@DAL,2026020043,7:00 PM,2026-10-06T00:00:00Z,Justin Hryckowian,8484829,DAL,False,"{""season"":""2026-27"",""games"":[{""d"":""2026-10-03"",""g"":0,""a"":0,""s"":1,""pp"":0,""h"":""R"",""toi"":""14:30""},{""d"":""2026-10-02"",""g"":0,""a"":0,""s"":1,""pp"":0,""h"":""H"",""toi"":""17:12""}]}",2026-27,DAL,C,,Healthy,Unknown,,,1.0,0.0,,15.0,9.0,2026-10-05T11:42:57+00:00,SJS,Yaroslav Askarov,0.88301043219076,3.6279840040054174,91.0,Unconfirmed,dailyfaceoff_name_and_stats,27.5,6.0,27.5,6.0,,73.8,63.9,A1+A2,13.3,35.8,62.8,1.05,NONE,False,False,23.304187303758766,2.359048317579094,18.7,42.1,7.0,1.4,True,,,1.0,,50.0,0.0,0.0,2.0,0.0,0.0,0.0,0.0,0.0,0.0,0.0,2.0,2.0,LOW,0.0,-0.5,LOW,0.0,,LOW,0.0,,LOW,0.0,,LOW,0.0,,LOW,0.0,,LOW,0.2,,LOW,0.1,,LOW,0.05,,1.6586804275709546,0.5307777368227055,,,0.0,2.5630753784688656,2.50915834498438,50.0,66.7,63.9,76.1,3.85,1.77,,3.85,1.77,,HOT,WARM,COOL,2.08,2.08,WARM,Red,Yellow,Red,Red,66.0,59.0,65.0,62.0,POINTS,66.0,2.0,2.0,2.0,2.0,0.0,2.0,C,Passenger,4.5,,91.2,,0.0,0.5967078189300412,48.333333333333336,0.5967078189300412,0.0448666377869917,4.5,4.5,4.859999999999999,2.222068965517241,3.103448275862069,8.800749866095341,7.946608826228414,91.2,72.6,False,,,,🅿️ D:2,,False,False,2.0,,False,0.0,,False,0.0,,,,,,,,,,,,,,,,,0.5,114.0,BetRivers,1.5,550.0,BetRivers,,,,,,,0.5,114.0,BetRivers,0.5,185.0,BetRivers,,,,,,,,,,0.5,185.0,BetRivers,0.5,425.0,DraftKings,,,,,,,,,,0.5,425.0,DraftKings,0.5,425.0,DraftKings,,,,,,,,,,0.5,425.0,DraftKings,The Odds API,"[""Bally Bet"", ""BetRivers""]",The Odds API,"[""Bally Bet"", ""BetRivers""]",,,,,,,,,,,,,,,,,,The Odds API,"[""Bally Bet"", ""BetMGM"", ""BetRivers"", ""Bovada"", ""Caesars"", ""Courtside"", ""DraftKings"", ""FanDuel"", ""Fanatics"", ""fanatics""]",The Odds API,"[""Bally Bet"", ""BetMGM"", ""BetRivers"", ""Bovada"", ""Caesars"", ""Courtside"", ""DraftKings"", ""FanDuel"", ""Fanatics"", ""Fliff"", ""Hard Rock Bet"", ""theScore Bet""]",,,2026-10-05T11:43:17.763238+00:00,ALTLINE_NB_v1_2026-01-18,,,,exp/fallback,0.2,,,,,,,,,,,,,,,,,,,,,,0.5,114.0,BetRivers,exp/fallback,0.385,0.3031451769025244,30.3,0.4672897196261682,-35.12693214285978,-35.1,0.3031451769025244,30.3,-35.12693214285978,-35.1,0.0667150320313826,6.7,-56.63522917960129,-56.6,,,,,,,,,0.5,185.0,BetRivers,exp/fallback,0.208,0.179531611006091,18.0,0.3508771929824561,-48.83349086326405,-48.8,0.179531611006091,18.0,-48.83349086326405,-48.8,,,,,,,,,,,,,0.5,425.0,DraftKings,exp/fallback,0.1881,0.1658647597439471,16.6,0.1904761904761904,-12.92100113442778,-12.9,0.1658647597439471,16.6,-12.92100113442778,-12.9,,,,,,,,,,,,,0.5,425.0,DraftKings,exp/fallback,0.1650375,0.1451006223801841,14.5,0.1904761904761904,-23.82217325040331,-23.8,0.1451006223801841,14.5,-23.82217325040331,-23.8,,,,,,,,,,,,,False,False,False,False,False,,,Active roster,2026-10-05T11:43:17+00:00,False,[],2025-2026,,2026-09-24-frozen-v2,2026-10-05T11:43:20.192002+00:00,2026020043,8484829.0,PLAYER_ID,FINAL,0.0,L,OK,0.0,L,OK,0.0,,NO_LINE,0.0,L,OK,0.0,L,OK,0.0,,NO_LINE
2026-10-05,SJS@DAL,2026020043,7:00 PM,2026-10-06T00:00:00Z,Kyle Capobianco,8478476,DAL,False,,2026-27,DAL,D,,Healthy,Unknown,,,1.0,0.0,,15.0,9.0,2026-10-05T11:42:57+00:00,SJS,Yaroslav Askarov,0.88301043219076,3.6279840040054174,91.0,Unconfirmed,dailyfaceoff_name_and_stats,27.5,6.0,27.5,6.0,,21.5,28.5,A1+A2,12.13,26.0,24.8,0.94,NONE,False,False,23.304187303758766,2.359048317579094,18.7,42.1,7.0,1.4,True,,,,,50.0,,,,,,,,,,,,,,,,,,,,,,,,,,,,,,,,,,,,,,,,0.7801664355062413,0.1560332871012482,,,0.0,2.5630753784688656,2.50915834498438,50.0,66.7,43.5,76.1,1.12,0.27,,,,,COOL,COOL,COOL,0.85,,COOL,Red,Red,Red,Red,40.0,30.0,33.0,33.0,POINTS,40.0,,,,,,,C,Passenger,3.2,,91.2,,0.0,0.3883838383838384,12.816666666666666,0.3883838383838384,0.032009657009657,3.2,3.2,0.4681404421326398,0.4681404421326398,0.0,8.800749866095341,7.946608826228414,91.2,50.7,False,,,,,,False,False,1.0,,False,0.0,,False,0.0,,,,,,,,,,,,,,,,,,,,,,,,,,,,,,,,,,,,,,,,,,,,,,,,,,,,,,,,,,,,,,,,,,,,,,,,,,,,,,,,,,,,,,,,,,,,,,,,,,,,,,,,2026-10-05T11:43:17.763238+00:00,ALTLINE_NB_v1_2026-01-18,,,,league_avg,2.3,,,,,,,,,,,,,,,,,,,,,,,,,exp/fallback,0.112,,,,,,,,,,,,,,,,,,,,,,,,,exp/fallback,0.0849999999999999,,,,,,,,,,,,,,,,,,,,,,,,,exp/fallback,0.1908,,,,,,,,,,,,,,,,,,,,,,,,,exp/fallback,0.1225499999999999,,,,,,,,,,,,,,,,,,,,,,False,False,False,False,False,,,Active roster,2026-10-05T11:43:17+00:00,False,[],2025-2026,,2026-09-24-frozen-v2,2026-10-05T11:43:20.192002+00:00,2026020043,,,NO_PLAYER,,,NO_PLAYER,,,NO_PLAYER,,,NO_PLAYER,,,NO_PLAYER,,,NO_PLAYER,,,NO_PLAYER
2026-10-05,SJS@DAL,2026020043,7:00 PM,2026-10-06T00:00:00Z,Lian Bichsel,8483425,DAL,False,,2026-27,DAL,D,,Healthy,Unknown,,,1.0,0.0,,15.0,9.0,2026-10-05T11:42:57+00:00,SJS,Yaroslav Askarov,0.88301043219076,3.6279840040054174,91.0,Unconfirmed,dailyfaceoff_name_and_stats,27.5,6.0,27.5,6.0,,24.1,31.9,A1+A2,15.67,56.6,33.3,0.94,NONE,False,False,23.304187303758766,2.359048317579094,18.7,42.1,7.0,1.4,True,,,,,50.0,,,,,,,,,,,,,,,,,,,,,,,,,,,,,,,,,,,,,,,,0.6622668843562444,0.1655667210890611,,,0.0,2.5630753784688656,2.50915834498438,50.0,66.7,41.0,76.1,0.98,0.23,,,,,COOL,COOL,COOL,0.75,,COOL,Red,Red,Red,Red,44.0,34.0,36.0,38.0,POINTS,44.0,,,,,,,C,Passenger,0.1,,91.2,,0.0,0.011,0.55,0.011,0.0007021276595744,0.1,0.1,0.0,0.0,0.0,8.800749866095341,7.946608826228414,91.2,35.5,False,,,,,,False,False,1.0,,False,0.0,,False,0.0,,,,,,,,,,,,,,,,,,,,,,,,,,,,,,,,,,,,,,,,,,,,,,,0.5,1800.0,Fanatics,,,,,,,,,,0.5,1800.0,Fanatics,0.5,1800.0,Fanatics,,,,,,,,,,0.5,1800.0,Fanatics,,,,,,,,,,,,,,,,,,,,,,The Odds API,"[""Bally Bet"", ""BetMGM"", ""BetRivers"", ""Bovada"", ""Caesars"", ""Courtside"", ""DraftKings"", ""FanDuel"", ""Fanatics"", ""fanatics""]",The Odds API,"[""Bally Bet"", ""BetMGM"", ""BetRivers"", ""Bovada"", ""Caesars"", ""Courtside"", ""DraftKings"", ""FanDuel"", ""Fanatics"", ""Fliff"", ""Hard Rock Bet"", ""theScore Bet""]",,,2026-10-05T11:43:17.763238+00:00,ALTLINE_NB_v1_2026-01-18,,,,league_avg,2.3,,,,,,,,,,,,,,,,,,,,,,,,,exp/fallback,0.098,,,,,,,,,,,,,,,,,,,,,,,,,exp/fallback,0.075,,,,,,,,,,,,,,,,,,,,,,0.5,1800.0,Fanatics,exp/fallback,0.1891999999999999,0.1667174922437593,16.7,0.0526315789473684,216.7632352631427,216.8,0.1667174922437593,16.7,216.7632352631427,216.8,,,,,,,,,,,,,0.5,1800.0,Fanatics,exp/fallback,0.11995,0.1090826126054619,10.9,0.0526315789473684,107.25696395037768,107.3,0.1090826126054619,10.9,107.25696395037768,107.3,,,,,,,,,,,,,False,False,True,True,False,,,Active roster,2026-10-05T11:43:17+00:00,False,[],2025-2026,,2026-09-24-frozen-v2,2026-10-05T11:43:20.192002+00:00,2026020043,8483425.0,PLAYER_ID,FINAL,0.0,,NO_LINE,0.0,,NO_LINE,0.0,,NO_LINE,0.0,L,OK,0.0,L,OK,0.0,,NO_LINE
2026-10-05,SJS@DAL,2026020043,7:00 PM,2026-10-06T00:00:00Z,Mikko Rantanen,8478420,DAL,False,"{""season"":""2026-27"",""games"":[{""d"":""2026-10-03"",""g"":0,""a"":1,""s"":3,""pp"":0,""h"":""R"",""toi"":""23:55""},{""d"":""2026-10-02"",""g"":0,""a"":0,""s"":1,""pp"":0,""h"":""H"",""toi"":""22:10""}]}",2026-27,DAL,R,⭐ STAR,Healthy,Unknown,,,1.0,0.0,,15.0,9.0,2026-10-05T11:42:57+00:00,SJS,Yaroslav Askarov,0.88301043219076,3.6279840040054174,91.0,Unconfirmed,dailyfaceoff_name_and_stats,27.5,6.0,27.5,6.0,,89.8,98.0,A1+A2,20.18,86.0,91.9,1.2,STAR,False,True,23.304187303758766,2.359048317579094,18.7,42.1,7.0,1.4,True,,,2.0,,50.0,1.0,0.0,4.0,0.0,1.0,1.0,1.0,1.0,1.0,1.0,4.0,4.0,LOW,0.1,-0.4,LOW,0.05,,LOW,0.025,,LOW,0.1,,LOW,0.05,,LOW,0.025,,LOW,0.4,,LOW,0.2,,LOW,0.1,,2.2731539157294742,0.7986757001211666,,,1.0,2.5630753784688656,2.50915834498438,50.0,66.7,71.6,76.1,19.56,4.57,,13.49,4.15,,HOT,HOT,COOL,13.96,9.34,HOT,Green,Yellow,Yellow,Green,90.0,72.0,76.0,87.0,POINTS,90.0,0.0,0.0,2.0,0.0,0.0,2.0,A,Distributor,18.5,,91.2,,2.0,3.73046875,238.75,3.73046875,0.1848983543078412,18.5,18.5,6.608167539267016,1.5882722513089007,5.905759162303665,8.800749866095341,7.946608826228414,91.2,96.6,True,,,,🅿️ D:0,,False,False,2.0,,False,0.0,,False,0.0,,1.5,-185.0,Hard Rock Bet,2.5,134.0,BetOnline.ag,3.5,325.0,FanDuel,4.5,800.0,Fanatics,2.5,134.0,BetOnline.ag,0.5,-220.0,theScore Bet,1.5,215.0,FanDuel,2.5,750.0,DraftKings,3.5,2200.0,Fanatics,0.5,-220.0,theScore Bet,0.5,-111.0,FanDuel,1.5,450.0,DraftKings,2.5,1900.0,Fanatics,,,,0.5,-111.0,FanDuel,0.5,210.0,theScore Bet,,,,,,,,,,0.5,210.0,theScore Bet,0.5,190.0,DraftKings,,,,,,,,,,0.5,190.0,DraftKings,The Odds API,"[""Bally Bet"", ""BetOnline.ag"", ""BetRivers"", ""Bovada"", ""Courtside"", ""DraftKings"", ""FanDuel"", ""Fanatics"", ""Fliff"", ""Hard Rock Bet"", ""ReBet"", ""draftkings"", ""theScore Bet""]",The Odds API,"[""Bally Bet"", ""BetOnline.ag"", ""BetRivers"", ""Bovada"", ""Caesars"", ""Courtside"", ""DraftKings"", ""FanDuel"", ""Fanatics"", ""Fliff"", ""Hard Rock Bet"", ""ReBet"", ""draftkings"", ""theScore Bet""]",0.5,130.0,Hard Rock Bet,1.5,500.0,Bovada,,,,,,,0.5,130.0,Hard Rock Bet,The Odds API,"[""Bovada"", ""Fliff"", ""Hard Rock Bet"", ""theScore Bet""]",The Odds API,"[""Bally Bet"", ""BetMGM"", ""BetRivers"", ""Bovada"", ""Caesars"", ""Courtside"", ""DraftKings"", ""FanDuel"", ""Fanatics"", ""betrivers""]",The Odds API,"[""Bally Bet"", ""BetMGM"", ""BetRivers"", ""Bovada"", ""Caesars"", ""Courtside"", ""DraftKings"", ""FanDuel"", ""Fanatics"", ""Fliff"", ""Hard Rock Bet"", ""fanduel"", ""theScore Bet""]",The Odds API,"[""BetOnline.ag"", ""Courtside"", ""DraftKings"", ""FanDuel"", ""Fanatics"", ""Fliff"", ""Hard Rock Bet"", ""ReBet"", ""fanduel"", ""theScore Bet""]",2026-10-05T11:43:17.763238+00:00,ALTLINE_NB_v1_2026-01-18,2.5,134.0,BetOnline.ag,exp/fallback,0.4,0.0121706224058896,1.2,0.4273504273504273,-97.15207435702185,-97.2,0.0686180154112674,6.9,-89.42911654475068,-89.4,0.0121706224058896,1.2,-97.15207435702185,-97.2,0.0019074600412755,0.2,-99.18932948245792,-99.2,0.0002746842105414,0.0,-99.7527842105127,-99.8,0.5,-220.0,theScore Bet,exp/fallback,1.956,0.7746454681358048,77.5,0.6875,12.675704456117066,12.7,0.7746454681358048,77.5,12.675704456117066,12.7,0.5129848577081865,51.3,61.590230178078734,61.6,0.3079091697421503,30.8,161.72279428082777,161.7,0.1729774989944627,17.3,297.8482476872642,297.8,0.5,-111.0,FanDuel,exp/fallback,1.396,0.6531636332358031,65.3,0.5260663507109005,24.15993388536437,24.2,0.6531636332358031,65.3,24.15993388536437,24.2,0.3680142999008094,36.8,102.40786494544524,102.4,0.192189004257854,19.2,284.378008515708,284.4,,,,,0.5,210.0,theScore Bet,exp/fallback,0.2721,0.227625744566227,22.8,0.3225806451612903,-29.436019184469604,-29.4,0.227625744566227,22.8,-29.436019184469604,-29.4,,,,,,,,,,,,,0.5,190.0,DraftKings,exp/fallback,0.3015375,0.2406990925274779,24.1,0.3448275862068966,-30.19726316703141,-30.2,0.2406990925274779,24.1,-30.19726316703141,-30.2,,,,,,,,,,,,,False,True,False,False,True,,,Active roster,2026-10-05T11:43:17+00:00,False,"[{""market"":""Points"",""name"":""Hammer Fists"",""kind"":""FLOOR"",""rule"":""Conf_Points >= 80"",""icon"":""PTS05_HAMMER_FISTS.svg"",""kit_version"":""2026-09-24-frozen-v2""},{""market"":""Points"",""name"":""Echo Stomp II"",""kind"":""TIER"",""rule"":""Conf_Points >= 80 + TOI_per_game >= 19.18"",""icon"":""PTS05_HAMMER_STOMP.svg"",""kit_version"":""2026-09-24-frozen-v2""},{""market"":""Points"",""name"":""Gaia’s Blessing"",""kind"":""TIER"",""rule"":""Conf_Points >= 80 + Assists_mu >= 0.746"",""icon"":""PTS05_GAIAS_BLESSING.svg"",""kit_version"":""2026-09-24-frozen-v2""},{""market"":""Points"",""name"":""Gaia’s Blessing+ (Press)"",""kind"":""HEAVY"",""rule"":""Conf_Points >= 81 + Assists_mu >= 0.746"",""icon"":""PTS05_GAIAS_BLESSING.svg"",""kit_version"":""2026-09-24-frozen-v2""},{""market"":""Points"",""name"":""Gaia’s Blessing++ (Smash)"",""kind"":""HEAVY"",""rule"":""Conf_Points >= 83 + Assists_mu >= 0.746"",""icon"":""PTS05_GAIAS_BLESSING.svg"",""kit_version"":""2026-09-24-frozen-v2""},{""market"":""Points"",""name"":""Blood Stomp"",""kind"":""CRIT"",""rule"":""Conf_Points >= 83 + TOI_per_game >= 19.18 + Opp_PK_xGA60 >= 7.784"",""icon"":""PTS05_BLEED_ENV.svg"",""kit_version"":""2026-09-24-frozen-v2""},{""market"":""Assists"",""name"":""Staff (Green Stance)"",""kind"":""STANCE"",""rule"":""Green + Assists 0.5"",""icon"":""staff.svg"",""kit_version"":""2026-09-24-frozen-v2""},{""market"":""Assists"",""name"":""Staff Awakened"",""kind"":""STANCE"",""rule"":""Green + Assists 0.5 + Conf_Assists ≥ 83"",""icon"":""staff.svg"",""kit_version"":""2026-09-24-frozen-v2""},{""market"":""Assists"",""name"":""Arcane Channel I"",""kind"":""VOLUME"",""rule"":""Green + Assists 0.5 + Conf_Assists ≥ 83 + PP_Points60 ≥ 5.3"",""icon"":""arcane_channel_i.svg"",""kit_version"":""2026-09-24-frozen-v2""},{""market"":""Assists"",""name"":""Runic Infusion"",""kind"":""VOLUME"",""rule"":""Green + Assists 0.5 + Conf_Assists ≥ 83 + PP_iXA60 ≥ 4.4"",""icon"":""runic_infusion.svg"",""kit_version"":""2026-09-24-frozen-v2""},{""market"":""Assists"",""name"":""Assist Dagger"",""kind"":""VOLUME"",""rule"":""Green + Assists 0.5 + Conf_Assists ≥ 83 + Assist_Dagger ≥ 86"",""icon"":""magic-dagger.svg"",""kit_version"":""2026-09-24-frozen-v2""}]",2025-2026,,2026-09-24-frozen-v2,2026-10-05T11:43:20.192002+00:00,2026020043,8478420.0,PLAYER_ID,FINAL,1.0,W,OK,0.0,L,OK,3.0,W,OK,1.0,W,OK,1.0,W,OK,0.0,L,OK
2026-10-05,SJS@DAL,2026020043,7:00 PM,2026-10-06T00:00:00Z,Miro Heiskanen,8480036,DAL,False,"{""season"":""2026-27"",""games"":[{""d"":""2026-10-03"",""g"":1,""a"":0,""s"":5,""pp"":0,""h"":""R"",""toi"":""24:35""},{""d"":""2026-10-02"",""g"":0,""a"":0,""s"":1,""pp"":0,""h"":""H"",""toi"":""26:45""}]}",2026-27,DAL,D,,Healthy,Unknown,,,1.0,0.0,,15.0,9.0,2026-10-05T11:42:57+00:00,SJS,Yaroslav Askarov,0.88301043219076,3.6279840040054174,91.0,Unconfirmed,dailyfaceoff_name_and_stats,27.5,6.0,27.5,6.0,,66.2,97.9,A1+A2,25.47,100.0,84.0,1.14,NONE,False,False,23.304187303758766,2.359048317579094,18.7,42.1,7.0,1.4,True,,,3.0,,50.0,1.0,1.0,6.0,1.0,0.0,0.0,1.0,1.0,0.0,0.0,6.0,6.0,LOW,0.1,-0.4,LOW,0.05,,LOW,0.025,,LOW,0.0,,LOW,0.0,,LOW,0.0,,LOW,0.6,,LOW,0.3,,LOW,0.15,,1.178667572090316,0.4801978997404991,,,0.0,2.5630753784688656,2.50915834498438,50.0,66.7,51.2,76.1,10.36,1.46,,8.42,0.46,,HOT,COOL,COOL,8.77,7.97,HOT,Green,Red,Red,Green,89.0,60.0,64.0,83.0,POINTS,89.0,0.0,2.0,0.0,0.0,0.0,2.0,A,Distributor,12.8,,91.2,,2.0,3.253679653679653,250.53333333333333,3.253679653679653,0.1277308068148022,12.8,12.8,4.335949973390101,0.3664183076104311,4.670037253858435,8.800749866095341,7.946608826228414,91.2,88.5,False,,,,🅿️ D:0,,False,False,1.0,,False,0.0,,False,0.0,,1.5,-145.0,Fanatics,2.5,215.0,FanDuel,3.5,550.0,Fanatics,4.5,1350.0,BetOnline.ag,1.5,-145.0,Fanatics,0.5,-150.0,Fanatics,1.5,340.0,Fanatics,2.5,1200.0,Fanatics,3.5,2900.0,BetOnline.ag,0.5,-150.0,Fanatics,0.5,-110.0,Fanatics,1.5,460.0,Fanatics,2.5,1900.0,Fanatics,,,,0.5,-110.0,Fanatics,0.5,460.0,Fliff,,,,,,,,,,0.5,460.0,Fliff,0.5,450.0,Fanatics,,,,,,,,,,0.5,450.0,Fanatics,The Odds API,"[""Bally Bet"", ""BetOnline.ag"", ""BetRivers"", ""Bovada"", ""Courtside"", ""DraftKings"", ""FanDuel"", ""Fanatics"", ""Fliff"", ""Hard Rock Bet"", ""ReBet"", ""draftkings"", ""theScore Bet""]",The Odds API,"[""Bally Bet"", ""BetOnline.ag"", ""BetRivers"", ""Bovada"", ""Caesars"", ""Courtside"", ""DraftKings"", ""FanDuel"", ""Fanatics"", ""Fliff"", ""Hard Rock Bet"", ""ReBet"", ""draftkings"", ""theScore Bet""]",0.5,135.0,Hard Rock Bet,1.5,550.0,Bovada,,,,,,,0.5,135.0,Hard Rock Bet,The Odds API,"[""Bovada"", ""Fliff"", ""Hard Rock Bet"", ""theScore Bet""]",The Odds API,"[""Bally Bet"", ""BetMGM"", ""BetRivers"", ""Bovada"", ""Caesars"", ""Courtside"", ""DraftKings"", ""FanDuel"", ""Fanatics"", ""fanatics""]",The Odds API,"[""Bally Bet"", ""BetMGM"", ""BetRivers"", ""Bovada"", ""Caesars"", ""Courtside"", ""DraftKings"", ""FanDuel"", ""Fanatics"", ""Fliff"", ""Hard Rock Bet"", ""theScore Bet""]",The Odds API,"[""BetOnline.ag"", ""FanDuel"", ""Fanatics"", ""ReBet""]",2026-10-05T11:43:17.763238+00:00,ALTLINE_NB_v1_2026-01-18,1.5,-145.0,Fanatics,exp/fallback,0.6000000000000001,0.1299407132279931,13.0,0.5918367346938775,-78.04450017871841,-78.0,0.1299407132279931,13.0,-78.04450017871841,-78.0,0.0326670041478929,3.3,-89.70989369341373,-89.7,0.0072912539530841,0.7,-95.26068493049527,-95.3,0.0014989631477473,0.1,-97.82650343576636,-97.8,0.5,-150.0,Fanatics,exp/fallback,1.036,0.5868665785685081,58.7,0.6,-2.1889035719153185,-2.2,0.5868665785685081,58.7,-2.1889035719153185,-2.2,0.2727566236272005,27.3,20.01291439596824,20.0,0.1115522412035572,11.2,45.01791356462439,45.0,0.042098462074314,4.2,26.295386222942017,26.3,0.5,-110.0,Fanatics,exp/fallback,0.877,0.516740647632772,51.7,0.5238095238095238,-1.3495127246526073,-1.3,0.516740647632772,51.7,-1.3495127246526073,-1.3,0.2221153768464956,22.2,24.38461103403755,24.4,0.087398816638172,8.7,74.79763327634413,74.8,,,,,0.5,460.0,Fliff,exp/fallback,0.1788,0.1586062222337296,15.9,0.1785714285714285,-11.18051554911139,-11.2,0.1586062222337296,15.9,-11.18051554911139,-11.2,,,,,,,,,,,,,0.5,450.0,Fanatics,exp/fallback,0.149925,0.133299862660093,13.3,0.1818181818181818,-26.6850755369488,-26.7,0.133299862660093,13.3,-26.6850755369488,-26.7,,,,,,,,,,,,,False,False,False,False,False,,,Active roster,2026-10-05T11:43:17+00:00,False,"[{""market"":""Points"",""name"":""Hammer Fists"",""kind"":""FLOOR"",""rule"":""Conf_Points >= 80"",""icon"":""PTS05_HAMMER_FISTS.svg"",""kit_version"":""2026-09-24-frozen-v2""},{""market"":""Points"",""name"":""Echo Stomp II"",""kind"":""TIER"",""rule"":""Conf_Points >= 80 + TOI_per_game >= 19.18"",""icon"":""PTS05_HAMMER_STOMP.svg"",""kit_version"":""2026-09-24-frozen-v2""},{""market"":""Points"",""name"":""Gaia’s Blessing"",""kind"":""TIER"",""rule"":""Conf_Points >= 80 + Assists_mu >= 0.746"",""icon"":""PTS05_GAIAS_BLESSING.svg"",""kit_version"":""2026-09-24-frozen-v2""},{""market"":""Points"",""name"":""Gaia’s Blessing+ (Press)"",""kind"":""HEAVY"",""rule"":""Conf_Points >= 81 + Assists_mu >= 0.746"",""icon"":""PTS05_GAIAS_BLESSING.svg"",""kit_version"":""2026-09-24-frozen-v2""},{""market"":""Points"",""name"":""Gaia’s Blessing++ (Smash)"",""kind"":""HEAVY"",""rule"":""Conf_Points >= 83 + Assists_mu >= 0.746"",""icon"":""PTS05_GAIAS_BLESSING.svg"",""kit_version"":""2026-09-24-frozen-v2""},{""market"":""Points"",""name"":""Blood Stomp"",""kind"":""CRIT"",""rule"":""Conf_Points >= 83 + TOI_per_game >= 19.18 + Opp_PK_xGA60 >= 7.784"",""icon"":""PTS05_BLEED_ENV.svg"",""kit_version"":""2026-09-24-frozen-v2""},{""market"":""Assists"",""name"":""Staff (Green Stance)"",""kind"":""STANCE"",""rule"":""Green + Assists 0.5"",""icon"":""staff.svg"",""kit_version"":""2026-09-24-frozen-v2""},{""market"":""Assists"",""name"":""Staff Awakened"",""kind"":""STANCE"",""rule"":""Green + Assists 0.5 + Conf_Assists ≥ 83"",""icon"":""staff.svg"",""kit_version"":""2026-09-24-frozen-v2""},{""market"":""Assists"",""name"":""Runic Infusion"",""kind"":""VOLUME"",""rule"":""Green + Assists 0.5 + Conf_Assists ≥ 83 + PP_iXA60 ≥ 4.4"",""icon"":""runic_infusion.svg"",""kit_version"":""2026-09-24-frozen-v2""},{""market"":""Assists"",""name"":""Assist Dagger"",""kind"":""VOLUME"",""rule"":""Green + Assists 0.5 + Conf_Assists ≥ 83 + Assist_Dagger ≥ 86"",""icon"":""magic-dagger.svg"",""kit_version"":""2026-09-24-frozen-v2""}]",2025-2026,,2026-09-24-frozen-v2,2026-10-05T11:43:20.192002+00:00,2026020043,8480036.0,PLAYER_ID,FINAL,1.0,W,OK,0.0,L,OK,2.0,W,OK,1.0,W,OK,1.0,W,OK,0.0,L,OK
2026-10-05,SJS@DAL,2026020043,7:00 PM,2026-10-06T00:00:00Z,Nils Lundkvist,8480878,DAL,False,,2026-27,DAL,D,,Healthy,Unknown,,,1.0,0.0,,15.0,9.0,2026-10-05T11:42:57+00:00,SJS,Yaroslav Askarov,0.88301043219076,3.6279840040054174,91.0,Unconfirmed,dailyfaceoff_name_and_stats,27.5,6.0,27.5,6.0,,29.7,43.8,A1+A2,16.48,63.0,41.3,0.96,NONE,False,False,23.304187303758766,2.359048317579094,18.7,42.1,7.0,1.4,True,,,,,50.0,,,,,,,,,,,,,,,,,,,,,,,,,,,,,,,,,,,,,,,,0.8000484877871387,0.2909267228316867,,,0.0,2.5630753784688656,2.50915834498438,50.0,66.7,43.9,76.1,1.86,0.37,,,,,COOL,COOL,COOL,1.48,,COOL,Red,Red,Red,Red,52.0,38.0,39.0,45.0,POINTS,52.0,,,,,,,C,Passenger,0.7,,91.2,,0.0,0.1108974358974358,5.766666666666667,0.1108974358974358,0.0067286375481311,0.7,0.7,0.0,0.0,0.0,8.800749866095341,7.946608826228414,91.2,45.7,False,,,,,,False,False,1.0,,False,0.0,,False,0.0,,,,,,,,,,,,,,,,,0.5,265.0,BetRivers,,,,,,,,,,0.5,265.0,BetRivers,,,,,,,,,,,,,,,,0.5,1700.0,Fanatics,,,,,,,,,,0.5,1700.0,Fanatics,0.5,1700.0,Fanatics,,,,,,,,,,0.5,1700.0,Fanatics,,,The Odds API,"[""Bally Bet"", ""BetRivers""]",,,,,,,,,,,,,,,,,,The Odds API,"[""Bally Bet"", ""BetMGM"", ""BetRivers"", ""Bovada"", ""Caesars"", ""Courtside"", ""DraftKings"", ""FanDuel"", ""Fanatics"", ""fanatics""]",The Odds API,"[""Bally Bet"", ""BetMGM"", ""BetRivers"", ""Bovada"", ""Caesars"", ""Courtside"", ""DraftKings"", ""FanDuel"", ""Fanatics"", ""Fliff"", ""Hard Rock Bet"", ""theScore Bet""]",,,2026-10-05T11:43:17.763238+00:00,ALTLINE_NB_v1_2026-01-18,,,,league_avg,2.3,,,,,,,,,,,,,,,,,,,,,,0.5,265.0,BetRivers,exp/fallback,0.186,0.1648937037492378,16.5,0.273972602739726,-39.81379813152819,-39.8,0.1648937037492378,16.5,-39.81379813152819,-39.8,,,,,,,,,,,,,,,,exp/fallback,0.148,,,,,,,,,,,,,,,,,,,,,,0.5,1700.0,Fanatics,exp/fallback,0.1948,0.171039809057226,17.1,0.0555555555555555,207.8716563030069,207.9,0.171039809057226,17.1,207.8716563030069,207.9,,,,,,,,,,,,,0.5,1700.0,Fanatics,exp/fallback,0.12905,0.1165515277701038,11.7,0.0555555555555555,109.79274998618686,109.8,0.1165515277701038,11.7,109.79274998618686,109.8,,,,,,,,,,,,,False,False,True,True,False,,,Active roster,2026-10-05T11:43:17+00:00,False,[],2025-2026,,2026-09-24-frozen-v2,2026-10-05T11:43:20.192002+00:00,2026020043,8480878.0,PLAYER_ID,FINAL,0.0,L,OK,0.0,,NO_LINE,1.0,,NO_LINE,0.0,L,OK,0.0,L,OK,0.0,,NO_LINE
2026-10-05,SJS@DAL,2026020043,7:00 PM,2026-10-06T00:00:00Z,Oskar Bäck,8480840,,,,,DAL,C,,Unknown,,,,,,,,,,,,,,,,,,,,,,,,,,,,,,,,,,,,,,,,,,,,,,,,,,,,,,,,,,,,,,,,,,,,,,,,,,,,,,,,,,,,,,,,,,,,,,,,,,,,,,,,,,,,,,,,,,,,,,,,,,,,,,,,,,,,,,,,,,,,,,,,,,,,,,,,,,,,,,,,,,,,,,,,,,,,,,,,,,,,,,,,,,,,,,,,,,,,,,,,,,,,,,,,,,,,,,,,,,,,,,,,,,,,,,,,,,,,,,,,,,,,,,,,,,,,,,,,,,,,,,,,,,,,,,,,,,,,,,,,,,,,,,,,,,,,,,,,,,,,,,,,,,,,,,,,,,,,,,,,,,,,,,,,,,,,,,,,,,,,0.5,1000.0,fanduel,,,,,,,,,,,,,,,,,,,,,,,,,,,,,,,,,,,,,,,,,,,,,,,,,,,,,,,,,Active roster,2026-10-05T11:43:17+00:00,True,[],Unavailable,True,2026-09-24-frozen-v2,2026-10-05T11:43:20.192002+00:00,2026020043,8480840.0,PLAYER_ID,FINAL,1.0,,NO_LINE,1.0,,NO_LINE,1.0,,NO_LINE,0.0,L,OK,0.0,,NO_LINE,0.0,,NO_LINE
2026-10-05,SJS@DAL,2026020043,7:00 PM,2026-10-06T00:00:00Z,Radek Faksa,8476889,DAL,False,,2026-27,DAL,C,,Healthy,Unknown,,,1.0,0.0,,15.0,9.0,2026-10-05T11:42:57+00:00,SJS,Yaroslav Askarov,0.88301043219076,3.6279840040054174,91.0,Unconfirmed,dailyfaceoff_name_and_stats,27.5,6.0,27.5,6.0,,52.2,60.9,A1+A2,11.73,21.9,49.2,1.0,NONE,False,False,23.304187303758766,2.359048317579094,18.7,42.1,7.0,1.4,True,,,,,50.0,,,,,,,,,,,,,,,,,,,,,,,,,,,,,,,,,,,,,,,,1.4281354897772354,0.8788526090936832,,,0.0,2.5630753784688656,2.50915834498438,50.0,66.7,58.6,76.1,3.61,1.03,,,,,COOL,COOL,COOL,2.58,,COOL,Red,Red,Red,Red,58.0,47.0,50.0,53.0,POINTS,58.0,,,,,,,C,Passenger,0.1,,91.2,,0.0,0.014367816091954,0.8333333333333334,0.014367816091954,0.0012243798516051,0.1,0.1,0.0,0.0,0.0,8.800749866095341,7.946608826228414,91.2,35.5,False,,,,,,False,False,1.0,,False,0.0,,False,0.0,,,,,,,,,,,,,,,,,,,,,,,,,,,,,,,,,,,,,,,,,,,,,,,0.5,1000.0,FanDuel,,,,,,,,,,0.5,1000.0,FanDuel,0.5,1000.0,FanDuel,,,,,,,,,,0.5,1000.0,FanDuel,,,,,,,,,,,,,,,,,,,,,,The Odds API,"[""Bally Bet"", ""BetMGM"", ""BetRivers"", ""Bovada"", ""Caesars"", ""Courtside"", ""DraftKings"", ""FanDuel"", ""Fanatics"", ""fanduel""]",The Odds API,"[""Bally Bet"", ""BetMGM"", ""BetRivers"", ""Bovada"", ""Caesars"", ""Courtside"", ""DraftKings"", ""FanDuel"", ""Fanatics"", ""Fliff"", ""Hard Rock Bet"", ""theScore Bet""]",,,2026-10-05T11:43:17.763238+00:00,ALTLINE_NB_v1_2026-01-18,,,,league_avg,2.3,,,,,,,,,,,,,,,,,,,,,,,,,exp/fallback,0.361,,,,,,,,,,,,,,,,,,,,,,,,,exp/fallback,0.258,,,,,,,,,,,,,,,,,,,,,,0.5,1000.0,FanDuel,exp/fallback,0.2212,0.1909993585540725,19.1,0.0909090909090909,110.09929440947982,110.1,0.1909993585540725,19.1,110.09929440947982,110.1,,,,,,,,,,,,,0.5,1000.0,FanDuel,exp/fallback,0.17195,0.150410237895853,15.0,0.0909090909090909,65.45126168543837,65.5,0.150410237895853,15.0,65.45126168543837,65.5,,,,,,,,,,,,,False,False,True,True,False,,,Active roster,2026-10-05T11:43:17+00:00,False,[],2025-2026,,2026-09-24-frozen-v2,2026-10-05T11:43:20.192002+00:00,2026020043,8476889.0,PLAYER_ID,FINAL,1.0,,NO_LINE,1.0,,NO_LINE,1.0,,NO_LINE,0.0,L,OK,0.0,L,OK,0.0,,NO_LINE
2026-10-05,SJS@DAL,2026020043,7:00 PM,2026-10-06T00:00:00Z,Roope Hintz,8478449,DAL,False,"{""season"":""2026-27"",""games"":[{""d"":""2026-10-03"",""g"":0,""a"":0,""s"":2,""pp"":0,""h"":""R"",""toi"":""16:03""},{""d"":""2026-10-02"",""g"":0,""a"":0,""s"":0,""pp"":0,""h"":""H"",""toi"":""16:57""}]}",2026-27,DAL,C,,Healthy,Unknown,,,1.0,0.0,,15.0,9.0,2026-10-05T11:42:57+00:00,SJS,Yaroslav Askarov,0.88301043219076,3.6279840040054174,91.0,Unconfirmed,dailyfaceoff_name_and_stats,27.5,6.0,27.5,6.0,,87.4,84.1,A1+A2,17.34,71.7,83.1,1.13,NONE,False,False,23.304187303758766,2.359048317579094,18.7,42.1,7.0,1.4,True,,,1.0,,50.0,0.0,0.0,2.0,0.0,0.0,0.0,0.0,0.0,0.0,0.0,2.0,2.0,LOW,0.0,-0.5,LOW,0.0,,LOW,0.0,,LOW,0.0,,LOW,0.0,,LOW,0.0,,LOW,0.2,,LOW,0.1,,LOW,0.05,,1.5762588178058867,0.8756993432254926,,,0.0,2.5630753784688656,2.50915834498438,50.0,66.7,62.2,76.1,11.58,4.77,,10.53,4.34,,HOT,HOT,COOL,6.81,6.19,HOT,Yellow,Yellow,Yellow,Yellow,80.0,70.0,74.0,78.0,POINTS,80.0,2.0,2.0,2.0,2.0,0.0,2.0,A,Distributor,16.8,,91.2,,2.0,2.914779874213836,154.48333333333332,2.914779874213836,0.168081093823668,16.8,16.8,6.627899449778833,2.8313733951882623,4.4665012406947895,8.800749866095341,7.946608826228414,91.2,93.6,False,,,,🅿️ D:2,,False,False,2.0,,False,0.0,,False,0.0,,1.5,-165.0,Hard Rock Bet,2.5,175.0,Fanatics,3.5,440.0,Fanatics,4.5,1100.0,Fanatics,1.5,-165.0,Hard Rock Bet,0.5,-135.0,Hard Rock Bet,1.5,330.0,FanDuel,2.5,1300.0,DraftKings,3.5,4000.0,Fanatics,0.5,-135.0,Hard Rock Bet,0.5,135.0,BetRivers,1.5,750.0,DraftKings,2.5,3000.0,Fanatics,,,,0.5,135.0,BetRivers,0.5,260.0,Hard Rock Bet,,,,,,,,,,0.5,260.0,Hard Rock Bet,0.5,230.0,DraftKings,,,,,,,,,,0.5,230.0,DraftKings,The Odds API,"[""Bally Bet"", ""BetOnline.ag"", ""BetRivers"", ""Bovada"", ""Courtside"", ""DraftKings"", ""FanDuel"", ""Fanatics"", ""Fliff"", ""Hard Rock Bet"", ""ReBet"", ""draftkings"", ""theScore Bet""]",The Odds API,"[""Bally Bet"", ""BetOnline.ag"", ""BetRivers"", ""Bovada"", ""Caesars"", ""Courtside"", ""DraftKings"", ""FanDuel"", ""Fanatics"", ""Fliff"", ""Hard Rock Bet"", ""ReBet"", ""draftkings"", ""theScore Bet""]",0.5,190.0,Hard Rock Bet,1.5,800.0,Bovada,,,,,,,0.5,190.0,Hard Rock Bet,The Odds API,"[""Bovada"", ""Fliff"", ""Hard Rock Bet"", ""theScore Bet""]",The Odds API,"[""Bally Bet"", ""BetMGM"", ""BetRivers"", ""Bovada"", ""Caesars"", ""Courtside"", ""DraftKings"", ""FanDuel"", ""Fanatics"", ""betmgm""]",The Odds API,"[""Bally Bet"", ""BetMGM"", ""BetRivers"", ""Bovada"", ""Caesars"", ""Courtside"", ""DraftKings"", ""FanDuel"", ""Fanatics"", ""Fliff"", ""Hard Rock Bet"", ""fanduel"", ""theScore Bet""]",The Odds API,"[""BetOnline.ag"", ""Courtside"", ""DraftKings"", ""FanDuel"", ""Fanatics"", ""Fliff"", ""Hard Rock Bet"", ""ReBet"", ""theScore Bet""]",2026-10-05T11:43:17.763238+00:00,ALTLINE_NB_v1_2026-01-18,1.5,-165.0,Hard Rock Bet,exp/fallback,0.2,0.0205922919144261,2.1,0.6226415094339622,-96.692753116774,-96.7,0.0205922919144261,2.1,-96.692753116774,-96.7,0.0019369069985104,0.2,-99.46735057540964,-99.5,0.0001602036731851,0.0,-99.91349001648004,-99.9,1.2145062741386605e-05,0.0,-99.98542592471034,-100.0,0.5,-135.0,Hard Rock Bet,exp/fallback,1.158,0.6217292809668944,62.2,0.574468085106383,8.226948909051984,8.2,0.6217292809668944,62.2,8.226948909051984,8.2,0.3100253795648193,31.0,33.310913212872315,33.3,0.1366507588212543,13.7,91.31106234975604,91.3,0.0556940761684916,5.6,128.34571229081575,128.3,0.5,135.0,BetRivers,exp/fallback,0.6809999999999999,0.4434984691338512,44.3,0.425531914893617,4.222140246455053,4.2,0.4434984691338512,44.3,4.222140246455053,4.2,0.160784897690474,16.1,36.66716303690289,36.7,0.053066914389687,5.3,64.50743460802978,64.5,,,,,0.5,260.0,Hard Rock Bet,exp/fallback,0.2781,0.2317893290559878,23.2,0.2777777777777778,-16.555841539844383,-16.6,0.2317893290559878,23.2,-16.555841539844383,-16.6,,,,,,,,,,,,,0.5,230.0,DraftKings,exp/fallback,0.3112875,0.2468476766080537,24.7,0.303030303030303,-18.54026671934227,-18.5,0.2468476766080537,24.7,-18.54026671934227,-18.5,,,,,,,,,,,,,False,False,False,False,False,,,Active roster,2026-10-05T11:43:17+00:00,False,[],2025-2026,,2026-09-24-frozen-v2,2026-10-05T11:43:20.192002+00:00,2026020043,8478449.0,PLAYER_ID,FINAL,2.0,W,OK,2.0,W,OK,1.0,L,OK,0.0,L,OK,0.0,L,OK,0.0,L,OK
2026-10-05,SJS@DAL,2026020043,7:00 PM,2026-10-06T00:00:00Z,Sam Steel,8479351,DAL,False,"{""season"":""2026-27"",""games"":[{""d"":""2026-10-03"",""g"":0,""a"":0,""s"":2,""pp"":0,""h"":""R"",""toi"":""16:09""},{""d"":""2026-10-02"",""g"":0,""a"":0,""s"":3,""pp"":0,""h"":""H"",""toi"":""11:19""}]}",2026-27,DAL,C,,Healthy,Unknown,,,1.0,0.0,,15.0,9.0,2026-10-05T11:42:57+00:00,SJS,Yaroslav Askarov,0.88301043219076,3.6279840040054174,91.0,Unconfirmed,dailyfaceoff_name_and_stats,27.5,6.0,27.5,6.0,,72.1,72.9,A1+A2,16.06,59.2,69.8,1.08,NONE,False,False,23.304187303758766,2.359048317579094,18.7,42.1,7.0,1.4,True,,,2.5,,50.0,0.0,0.0,5.0,0.0,0.0,0.0,0.0,0.0,0.0,0.0,5.0,5.0,LOW,0.0,-0.5,LOW,0.0,,LOW,0.0,,LOW,0.0,,LOW,0.0,,LOW,0.0,,LOW,0.5,,LOW,0.25,,LOW,0.125,,1.6848089856479234,0.4992026624141995,,,0.0,2.5630753784688656,2.50915834498438,50.0,66.7,64.4,76.1,4.98,1.87,,4.98,1.87,,HOT,WARM,COOL,3.1,3.1,HOT,Yellow,Yellow,Red,Yellow,73.0,60.0,65.0,69.0,POINTS,73.0,2.0,2.0,2.0,1.0,0.0,2.0,C,Passenger,2.7,,91.2,,0.0,0.4415525114155251,32.233333333333334,0.4415525114155251,0.0274903343188537,2.7,2.7,2.9550155118924506,0.186142709410548,3.2574974146845914,8.800749866095341,7.946608826228414,91.2,70.8,False,,,,🅿️ D:2,,False,False,2.0,,False,0.0,,False,0.0,,,,,,,,,,,,,,,,,0.5,185.0,BetRivers,,,,,,,,,,0.5,185.0,BetRivers,,,,,,,,,,,,,,,,0.5,600.0,DraftKings,,,,,,,,,,0.5,600.0,DraftKings,0.5,600.0,DraftKings,,,,,,,,,,0.5,600.0,DraftKings,,,The Odds API,"[""Bally Bet"", ""BetRivers""]",,,,,,,,,,,,,,,,,,The Odds API,"[""Bally Bet"", ""BetMGM"", ""BetRivers"", ""Bovada"", ""Caesars"", ""Courtside"", ""DraftKings"", ""FanDuel"", ""Fanatics"", ""fanatics""]",The Odds API,"[""Bally Bet"", ""BetMGM"", ""BetRivers"", ""Bovada"", ""Caesars"", ""Courtside"", ""DraftKings"", ""FanDuel"", ""Fanatics"", ""Fliff"", ""Hard Rock Bet"", ""theScore Bet""]",,,2026-10-05T11:43:17.763238+00:00,ALTLINE_NB_v1_2026-01-18,,,,exp/fallback,0.5,,,,,,,,,,,,,,,,,,,,,,0.5,185.0,BetRivers,exp/fallback,0.498,0.3681248811466628,36.8,0.3508771929824561,4.915591126798924,4.9,0.3681248811466628,36.8,4.915591126798924,4.9,,,,,,,,,,,,,,,,exp/fallback,0.31,,,,,,,,,,,,,,,,,,,,,,0.5,600.0,DraftKings,exp/fallback,0.1911,0.1681875216952202,16.8,0.1428571428571428,17.731265186654156,17.7,0.1681875216952202,16.8,17.731265186654156,17.7,,,,,,,,,,,,,0.5,600.0,DraftKings,exp/fallback,0.1699125,0.1488508650339746,14.9,0.1428571428571428,4.19560552378222,4.2,0.1488508650339746,14.9,4.19560552378222,4.2,,,,,,,,,,,,,False,False,True,False,False,,,Active roster,2026-10-05T11:43:17+00:00,False,[],2025-2026,,2026-09-24-frozen-v2,2026-10-05T11:43:20.192002+00:00,2026020043,8479351.0,PLAYER_ID,FINAL,1.0,W,OK,1.0,,NO_LINE,1.0,,NO_LINE,0.0,L,OK,0.0,L,OK,0.0,,NO_LINE
2026-10-05,SJS@DAL,2026020043,7:00 PM,2026-10-06T00:00:00Z,Thomas Harley,8481581,DAL,False,"{""season"":""2026-27"",""games"":[{""d"":""2026-10-03"",""g"":0,""a"":0,""s"":2,""pp"":0,""h"":""R"",""toi"":""25:57""},{""d"":""2026-10-02"",""g"":0,""a"":0,""s"":1,""pp"":0,""h"":""H"",""toi"":""20:59""}]}",2026-27,DAL,D,,Healthy,Unknown,,,1.0,0.0,,15.0,9.0,2026-10-05T11:42:57+00:00,SJS,Yaroslav Askarov,0.88301043219076,3.6279840040054174,91.0,Unconfirmed,dailyfaceoff_name_and_stats,27.5,6.0,27.5,6.0,,60.9,85.3,A1+A2,23.06,96.6,76.6,1.11,NONE,False,False,23.304187303758766,2.359048317579094,18.7,42.1,7.0,1.4,True,,,1.5,,50.0,0.0,0.0,3.0,0.0,0.0,0.0,0.0,0.0,0.0,0.0,3.0,3.0,LOW,0.0,-0.5,LOW,0.0,,LOW,0.0,,LOW,0.0,,LOW,0.0,,LOW,0.0,,LOW,0.3,,LOW,0.15,,LOW,0.075,,1.0666930047655498,0.4444554186523124,,,0.0,2.5630753784688656,2.50915834498438,50.0,66.7,49.0,76.1,6.62,1.28,,6.02,1.28,,HOT,COOL,COOL,5.21,4.74,HOT,Yellow,Red,Red,Yellow,82.0,57.0,60.0,76.0,POINTS,82.0,2.0,2.0,2.0,0.0,0.0,2.0,B,Distributor,6.8,,91.2,,1.0,1.573095238095238,110.11666666666666,1.573095238095238,0.0682280533267242,6.8,6.8,3.8604510367791742,1.313152716815499,2.996821552898441,8.800749866095341,7.946608826228414,91.2,74.5,False,,,,🅿️ D:2,,False,False,2.0,,False,0.0,,False,0.0,,1.5,-152.0,FanDuel,2.5,198.0,FanDuel,3.5,525.0,BetOnline.ag,4.5,1550.0,BetOnline.ag,1.5,-152.0,FanDuel,0.5,128.0,BetRivers,1.5,650.0,DraftKings,2.5,1700.0,BetOnline.ag,3.5,4000.0,BetOnline.ag,0.5,128.0,BetRivers,0.5,163.0,BetRivers,1.5,700.0,BetOnline.ag,,,,,,,0.5,163.0,BetRivers,0.5,650.0,theScore Bet,,,,,,,,,,0.5,650.0,theScore Bet,0.5,650.0,FanDuel,,,,,,,,,,0.5,650.0,FanDuel,The Odds API,"[""Bally Bet"", ""BetOnline.ag"", ""BetRivers"", ""FanDuel"", ""ReBet""]",The Odds API,"[""Bally Bet"", ""BetOnline.ag"", ""BetRivers"", ""Bovada"", ""Caesars"", ""Courtside"", ""DraftKings"", ""FanDuel"", ""Fliff"", ""ReBet"", ""draftkings""]",,,,,,,,,,,,,,,,,,The Odds API,"[""Bally Bet"", ""BetMGM"", ""BetRivers"", ""Bovada"", ""Caesars"", ""Courtside"", ""DraftKings"", ""FanDuel"", ""Fanatics"", ""fanduel""]",The Odds API,"[""Bally Bet"", ""BetMGM"", ""BetRivers"", ""Bovada"", ""Caesars"", ""Courtside"", ""DraftKings"", ""FanDuel"", ""Fanatics"", ""Fliff"", ""Hard Rock Bet"", ""theScore Bet""]",The Odds API,"[""BetOnline.ag"", ""FanDuel"", ""Fanatics"", ""ReBet""]",2026-10-05T11:43:17.763238+00:00,ALTLINE_NB_v1_2026-01-18,1.5,-152.0,FanDuel,exp/fallback,0.3,0.0422318805185903,4.2,0.6031746031746031,-92.99839875612844,-93.0,0.0422318805185903,4.2,-92.99839875612844,-93.0,0.0057840451049215,0.6,-98.27635455873336,-98.3,0.0006983006285956,0.1,-99.56356210712772,-99.6,7.736670997449124e-05,0.0,-99.87234492854208,-99.9,0.5,128.0,BetRivers,exp/fallback,0.662,0.4486664094963669,44.9,0.4385964912280701,2.295941365171661,2.3,0.4486664094963669,44.9,2.295941365171661,2.3,0.1523419498768126,15.2,14.25646240760945,14.3,0.0448380245857531,4.5,-19.29155574564433,-19.3,0.0120960372180071,1.2,-50.40624740617082,-50.4,0.5,163.0,BetRivers,exp/fallback,0.521,0.3706180263493909,37.1,0.3802281368821292,-2.527459070110194,-2.5,0.3706180263493909,37.1,-2.527459070110194,-2.5,0.1104768059828956,11.0,-11.618555213683468,-11.6,,,,,,,,,0.5,650.0,theScore Bet,exp/fallback,0.1734,0.1543509557028713,15.4,0.1333333333333333,15.763216777153543,15.8,0.1543509557028713,15.4,15.763216777153543,15.8,,,,,,,,,,,,,0.5,650.0,FanDuel,exp/fallback,0.14115,0.1263239066435166,12.6,0.1333333333333333,-5.257070017362498,-5.3,0.1263239066435166,12.6,-5.257070017362498,-5.3,,,,,,,,,,,,,False,False,True,False,False,,,Active roster,2026-10-05T11:43:17+00:00,False,[],2025-2026,,2026-09-24-frozen-v2,2026-10-05T11:43:20.192002+00:00,2026020043,8481581.0,PLAYER_ID,FINAL,0.0,L,OK,0.0,L,OK,0.0,L,OK,0.0,L,OK,0.0,L,OK,0.0,,NO_LINE
2026-10-05,SJS@DAL,2026020043,7:00 PM,2026-10-06T00:00:00Z,Tyler Myers,8474574,DAL,False,,2026-27,DAL,D,,Healthy,Unknown,,,1.0,0.0,,15.0,9.0,2026-10-05T11:42:57+00:00,SJS,Yaroslav Askarov,0.88301043219076,3.6279840040054174,91.0,Unconfirmed,dailyfaceoff_name_and_stats,27.5,6.0,27.5,6.0,,44.8,49.3,A1+A2,19.52,84.2,54.2,1.02,NONE,False,False,23.304187303758766,2.359048317579094,18.7,42.1,7.0,1.4,True,,,,,50.0,,,,,,,,,,,,,,,,,,,,,,,,,,,,,,,,,,,,,,,,0.451908056237447,0.1506360187458156,,,0.0,2.5630753784688656,2.50915834498438,50.0,66.7,39.2,76.1,2.01,0.62,,,,,COOL,COOL,COOL,1.39,,COOL,Red,Red,Red,Red,56.0,48.0,49.0,50.0,POINTS,56.0,,,,,,,C,Passenger,0.5,,91.2,,0.0,0.0883561643835616,6.45,0.0883561643835616,0.0045271100193016,0.5,0.5,0.0,0.0,0.0,8.800749866095341,7.946608826228414,91.2,44.2,False,,,,,,False,False,1.0,,False,0.0,,False,0.0,,,,,,,,,,,,,,,,,,,,,,,,,,,,,,,,,,,,,,,,,,,,,,,0.5,1900.0,Fanatics,,,,,,,,,,0.5,1900.0,Fanatics,0.5,1900.0,Fanatics,,,,,,,,,,0.5,1900.0,Fanatics,,,,,,,,,,,,,,,,,,,,,,The Odds API,"[""Bally Bet"", ""BetMGM"", ""BetRivers"", ""Bovada"", ""Caesars"", ""Courtside"", ""DraftKings"", ""FanDuel"", ""Fanatics"", ""fanatics""]",The Odds API,"[""Bally Bet"", ""BetMGM"", ""BetRivers"", ""Bovada"", ""Caesars"", ""Courtside"", ""DraftKings"", ""FanDuel"", ""Fanatics"", ""Fliff"", ""Hard Rock Bet"", ""theScore Bet""]",,,2026-10-05T11:43:17.763238+00:00,ALTLINE_NB_v1_2026-01-18,,,,league_avg,2.3,,,,,,,,,,,,,,,,,,,,,,,,,exp/fallback,0.2009999999999999,,,,,,,,,,,,,,,,,,,,,,,,,exp/fallback,0.1389999999999999,,,,,,,,,,,,,,,,,,,,,,0.5,1900.0,Fanatics,exp/fallback,0.2047999999999999,0.1786805128719816,17.9,0.05,257.36102574396324,257.4,0.1786805128719816,17.9,257.36102574396324,257.4,,,,,,,,,,,,,0.5,1900.0,Fanatics,exp/fallback,0.1452999999999999,0.1296345790859625,13.0,0.05,159.26915817192508,159.3,0.1296345790859625,13.0,159.26915817192508,159.3,,,,,,,,,,,,,False,False,True,True,False,,,Active roster,2026-10-05T11:43:17+00:00,False,[],2025-2026,,2026-09-24-frozen-v2,2026-10-05T11:43:20.192002+00:00,2026020043,8474574.0,PLAYER_ID,FINAL,0.0,,NO_LINE,0.0,,NO_LINE,0.0,,NO_LINE,0.0,L,OK,0.0,L,OK,0.0,,NO_LINE
2026-10-05,SJS@DAL,2026020043,7:00 PM,2026-10-06T00:00:00Z,Tyler Seguin,8475794,DAL,False,,2026-27,DAL,C,,Healthy,Unknown,,,1.0,0.0,,15.0,9.0,2026-10-05T11:42:57+00:00,SJS,Yaroslav Askarov,0.88301043219076,3.6279840040054174,91.0,Unconfirmed,dailyfaceoff_name_and_stats,27.5,6.0,27.5,6.0,,45.5,49.3,A1+A2,16.66,64.2,50.6,1.0,NONE,False,False,23.304187303758766,2.359048317579094,18.7,42.1,7.0,1.4,True,,,,,50.0,,,,,,,,,,,,,,,,,,,,,,,,,,,,,,,,,,,,,,,,1.7861169996842725,0.6494970907942809,,,0.0,2.5630753784688656,2.50915834498438,50.0,66.7,66.1,76.1,5.41,1.7,,,,,COOL,COOL,COOL,3.71,,COOL,Red,Red,Red,Red,57.0,46.0,49.0,53.0,POINTS,57.0,,,,,,,C,Passenger,11.1,,91.2,,0.0,1.855555555555556,50.1,1.855555555555556,0.111366330764671,11.1,11.1,2.248502994011976,1.4850299401197604,0.8982035928143711,8.800749866095341,7.946608826228414,91.2,71.4,False,,,,,,False,False,1.0,,False,0.0,,False,0.0,,,,,,,,,,,,,,,,,0.5,-107.0,BetRivers,1.5,440.0,BetRivers,,,,,,,0.5,-107.0,BetRivers,0.5,170.0,BetRivers,,,,,,,,,,0.5,170.0,BetRivers,0.5,290.0,DraftKings,,,,,,,,,,0.5,290.0,DraftKings,0.5,290.0,DraftKings,,,,,,,,,,0.5,290.0,DraftKings,The Odds API,"[""Bally Bet"", ""BetRivers""]",The Odds API,"[""Bally Bet"", ""BetRivers""]",0.5,700.0,Hard Rock Bet,,,,,,,,,,0.5,700.0,Hard Rock Bet,The Odds API,"[""Hard Rock Bet"", ""theScore Bet""]",The Odds API,"[""Bally Bet"", ""BetMGM"", ""BetRivers"", ""Bovada"", ""Caesars"", ""Courtside"", ""DraftKings"", ""FanDuel"", ""Fanatics"", ""fanatics""]",The Odds API,"[""Bally Bet"", ""BetMGM"", ""BetRivers"", ""Bovada"", ""Caesars"", ""Courtside"", ""DraftKings"", ""FanDuel"", ""Fanatics"", ""Fliff"", ""Hard Rock Bet"", ""theScore Bet""]",,,2026-10-05T11:43:17.763238+00:00,ALTLINE_NB_v1_2026-01-18,,,,league_avg,2.3,,,,,,,,,,,,,,,,,,,,,,0.5,-107.0,BetRivers,exp/fallback,0.541,0.3907023619898527,39.1,0.5169082125603864,-24.415524362710727,-24.4,0.3907023619898527,39.1,-24.415524362710727,-24.4,0.1135509581444838,11.4,-38.68248260197875,-38.7,,,,,,,,,0.5,170.0,BetRivers,exp/fallback,0.371,0.288463991208261,28.8,0.3703703703703703,-22.11472237376952,-22.1,0.288463991208261,28.8,-22.11472237376952,-22.1,,,,,,,,,,,,,0.5,290.0,DraftKings,exp/fallback,0.248,0.2105798625134437,21.1,0.2564102564102564,-17.87385361975694,-17.9,0.2105798625134437,21.1,-17.87385361975694,-17.9,,,,,,,,,,,,,0.5,290.0,DraftKings,exp/fallback,0.2154999999999999,0.1826461372964483,18.3,0.2564102564102564,-28.76800645438517,-28.8,0.1826461372964483,18.3,-28.76800645438517,-28.8,,,,,,,,,,,,,False,False,False,False,False,,,Active roster,2026-10-05T11:43:17+00:00,False,[],2025-2026,,2026-09-24-frozen-v2,2026-10-05T11:43:20.192002+00:00,2026020043,8475794.0,PLAYER_ID,FINAL,0.0,L,OK,0.0,L,OK,2.0,,NO_LINE,0.0,L,OK,0.0,L,OK,0.0,L,OK
2026-10-05,SJS@DAL,2026020043,7:00 PM,2026-10-06T00:00:00Z,Wyatt Johnston,8482740,DAL,False,"{""season"":""2026-27"",""games"":[{""d"":""2026-10-03"",""g"":0,""a"":1,""s"":2,""pp"":0,""h"":""R"",""toi"":""22:50""},{""d"":""2026-10-02"",""g"":0,""a"":0,""s"":4,""pp"":0,""h"":""H"",""toi"":""21:49""}]}",2026-27,DAL,C,⭐ STAR,Healthy,Unknown,,,1.0,0.0,,15.0,9.0,2026-10-05T11:42:57+00:00,SJS,Yaroslav Askarov,0.88301043219076,3.6279840040054174,91.0,Unconfirmed,dailyfaceoff_name_and_stats,27.5,6.0,27.5,6.0,,99.4,93.9,A1+A2,20.12,85.3,94.6,1.21,STAR,False,True,23.304187303758766,2.359048317579094,18.7,42.1,7.0,1.4,True,,,3.0,,50.0,1.0,0.0,6.0,0.0,1.0,1.0,1.0,1.0,1.0,1.0,6.0,6.0,LOW,0.1,-0.4,LOW,0.05,,LOW,0.025,,LOW,0.1,,LOW,0.05,,LOW,0.025,,LOW,0.6,,LOW,0.3,,LOW,0.15,,1.734661098618696,0.578220366206232,,,1.0,2.5630753784688656,2.50915834498438,50.0,66.7,65.0,76.1,15.36,5.84,,10.38,5.31,,HOT,HOT,COOL,8.19,5.07,HOT,Green,Yellow,Green,Green,87.0,77.0,82.0,85.0,POINTS,87.0,0.0,0.0,2.0,1.0,0.0,2.0,A,Hybrid,16.6,,91.2,,2.0,3.332113821138212,273.2333333333333,3.332113821138212,0.1655842516185724,16.6,16.6,5.486519458338416,3.3400024399170425,2.525314139319263,8.800749866095341,7.946608826228414,91.2,88.3,False,,,,🅿️ D:0,🥅 GOAL EARNED,False,True,3.0,"iXG,REG,G",False,0.0,,False,0.0,,1.5,-320.0,Fanatics,2.5,100.0,FanDuel,3.5,250.0,FanDuel,4.5,600.0,BetOnline.ag,2.5,100.0,FanDuel,0.5,-175.0,theScore Bet,1.5,250.0,Fanatics,2.5,950.0,DraftKings,3.5,3000.0,Fanatics,0.5,-175.0,theScore Bet,0.5,150.0,Hard Rock Bet,1.5,800.0,Bovada,2.5,3000.0,Fanatics,,,,0.5,150.0,Hard Rock Bet,0.5,150.0,FanDuel,,,,,,,,,,0.5,150.0,FanDuel,0.5,150.0,FanDuel,,,,,,,,,,0.5,150.0,FanDuel,The Odds API,"[""Bally Bet"", ""BetOnline.ag"", ""BetRivers"", ""Bovada"", ""Courtside"", ""DraftKings"", ""FanDuel"", ""Fanatics"", ""Fliff"", ""Hard Rock Bet"", ""ReBet"", ""draftkings"", ""theScore Bet""]",The Odds API,"[""Bally Bet"", ""BetOnline.ag"", ""BetRivers"", ""Bovada"", ""Caesars"", ""Courtside"", ""DraftKings"", ""FanDuel"", ""Fanatics"", ""Fliff"", ""Hard Rock Bet"", ""ReBet"", ""draftkings"", ""theScore Bet""]",0.5,170.0,Hard Rock Bet,1.5,650.0,Bovada,,,,,,,0.5,170.0,Hard Rock Bet,The Odds API,"[""Bovada"", ""Fliff"", ""Hard Rock Bet"", ""theScore Bet""]",The Odds API,"[""Bally Bet"", ""BetMGM"", ""BetRivers"", ""Bovada"", ""Caesars"", ""Courtside"", ""DraftKings"", ""FanDuel"", ""Fanatics"", ""fanduel""]",The Odds API,"[""Bally Bet"", ""BetMGM"", ""BetRivers"", ""Bovada"", ""Caesars"", ""Courtside"", ""DraftKings"", ""FanDuel"", ""Fanatics"", ""Fliff"", ""Hard Rock Bet"", ""fanduel"", ""theScore Bet""]",The Odds API,"[""BetOnline.ag"", ""Courtside"", ""DraftKings"", ""FanDuel"", ""Fanatics"", ""Fliff"", ""Hard Rock Bet"", ""ReBet"", ""fanduel"", ""theScore Bet""]",2026-10-05T11:43:17.763238+00:00,ALTLINE_NB_v1_2026-01-18,2.5,100.0,FanDuel,exp/fallback,0.6000000000000001,0.0326670041478929,3.3,0.5,-93.46659917042142,-93.5,0.1299407132279931,13.0,-82.9452813888259,-82.9,0.0326670041478929,3.3,-93.46659917042142,-93.5,0.0072912539530841,0.7,-97.44806111642056,-97.4,0.0014989631477473,0.1,-98.95072579657686,-99.0,0.5,-175.0,theScore Bet,exp/fallback,1.536,0.7074758008294693,70.7,0.6363636363636364,11.17476870177374,11.2,0.7074758008294693,70.7,11.17476870177374,11.2,0.4152559972876277,41.5,45.33959905066971,45.3,0.2182128831407876,21.8,129.12352729782708,129.1,0.1066713075987678,10.7,230.6810535561804,230.7,0.5,150.0,Hard Rock Bet,exp/fallback,0.819,0.4966502704686854,49.7,0.4,24.162567617171337,24.2,0.4966502704686854,49.7,24.162567617171337,24.2,0.2041753300741151,20.4,83.75779706670363,83.8,0.0767168468266055,7.7,137.82222516247708,137.8,,,,,0.5,150.0,FanDuel,exp/fallback,0.3102,0.2535392994187353,25.4,0.4,-36.61517514531617,-36.6,0.2535392994187353,25.4,-36.61517514531617,-36.6,,,,,,,,,,,,,0.5,150.0,FanDuel,exp/fallback,0.36345,0.2783908251311491,27.8,0.4,-30.402293717212725,-30.4,0.2783908251311491,27.8,-30.402293717212725,-30.4,,,,,,,,,,,,,False,True,False,False,True,,,Active roster,2026-10-05T11:43:17+00:00,False,"[{""market"":""Points"",""name"":""Hammer Fists"",""kind"":""FLOOR"",""rule"":""Conf_Points >= 80"",""icon"":""PTS05_HAMMER_FISTS.svg"",""kit_version"":""2026-09-24-frozen-v2""},{""market"":""Points"",""name"":""Echo Stomp II"",""kind"":""TIER"",""rule"":""Conf_Points >= 80 + TOI_per_game >= 19.18"",""icon"":""PTS05_HAMMER_STOMP.svg"",""kit_version"":""2026-09-24-frozen-v2""},{""market"":""Points"",""name"":""Gaia’s Blessing"",""kind"":""TIER"",""rule"":""Conf_Points >= 80 + Assists_mu >= 0.746"",""icon"":""PTS05_GAIAS_BLESSING.svg"",""kit_version"":""2026-09-24-frozen-v2""},{""market"":""Points"",""name"":""Gaia’s Blessing+ (Press)"",""kind"":""HEAVY"",""rule"":""Conf_Points >= 81 + Assists_mu >= 0.746"",""icon"":""PTS05_GAIAS_BLESSING.svg"",""kit_version"":""2026-09-24-frozen-v2""},{""market"":""Points"",""name"":""Gaia’s Blessing++ (Smash)"",""kind"":""HEAVY"",""rule"":""Conf_Points >= 83 + Assists_mu >= 0.746"",""icon"":""PTS05_GAIAS_BLESSING.svg"",""kit_version"":""2026-09-24-frozen-v2""},{""market"":""Points"",""name"":""Blood Stomp"",""kind"":""CRIT"",""rule"":""Conf_Points >= 83 + TOI_per_game >= 19.18 + Opp_PK_xGA60 >= 7.784"",""icon"":""PTS05_BLEED_ENV.svg"",""kit_version"":""2026-09-24-frozen-v2""},{""market"":""Assists"",""name"":""Staff (Green Stance)"",""kind"":""STANCE"",""rule"":""Green + Assists 0.5"",""icon"":""staff.svg"",""kit_version"":""2026-09-24-frozen-v2""},{""market"":""Assists"",""name"":""Staff Awakened"",""kind"":""STANCE"",""rule"":""Green + Assists 0.5 + Conf_Assists ≥ 83"",""icon"":""staff.svg"",""kit_version"":""2026-09-24-frozen-v2""},{""market"":""Assists"",""name"":""Arcane Channel I"",""kind"":""VOLUME"",""rule"":""Green + Assists 0.5 + Conf_Assists ≥ 83 + PP_Points60 ≥ 5.3"",""icon"":""arcane_channel_i.svg"",""kit_version"":""2026-09-24-frozen-v2""},{""market"":""Assists"",""name"":""Assist Dagger"",""kind"":""VOLUME"",""rule"":""Green + Assists 0.5 + Conf_Assists ≥ 83 + Assist_Dagger ≥ 86"",""icon"":""magic-dagger.svg"",""kit_version"":""2026-09-24-frozen-v2""},{""market"":""Goal"",""name"":""Weakened Armor"",""kind"":""WEAK DEFENSE"",""rule"":""Opp_PK_xGA60 >= 7.3"",""icon"":""shattered_armor.svg"",""kit_version"":""2026-09-24-frozen-v2""},{""market"":""Goal"",""name"":""Fallen Guardian"",""kind"":""WEAK DEFENSE"",""rule"":""Opp_GAA >= 3.01"",""icon"":""fenrir_claw.svg"",""kit_version"":""2026-09-24-frozen-v2""}]",2025-2026,,2026-09-24-frozen-v2,2026-10-05T11:43:20.192002+00:00,2026020043,8482740.0,PLAYER_ID,FINAL,0.0,L,OK,0.0,L,OK,3.0,W,OK,0.0,L,OK,0.0,L,OK,0.0,L,OK
2026-10-05,SJS@DAL,2026020043,7:00 PM,2026-10-06T00:00:00Z,Adam Gaudette,8478874,SJS,False,"{""season"":""2026-27"",""games"":[]}",2026-27,SJS,R,,Healthy,Unknown,,,0.0,0.0,,15.0,9.0,2026-10-05T11:42:57+00:00,DAL,Jake Oettinger,0.8994169096209913,2.5922118851453946,39.3,Unconfirmed,dailyfaceoff_name_and_stats,26.0,6.0,26.0,6.0,100.0,71.1,43.8,A1+A2,11.47,20.0,51.3,1.0,NONE,False,False,24.120778137796272,2.325004045022133,29.8,19.2,24.0,4.8,True,0.5,1.125,1.0,0.675,25.0,2.0,2.0,12.0,0.0,0.0,0.0,4.0,15.0,1.0,5.0,27.0,57.0,LOW,0.2,,LOW,0.2,,LOW,0.375,,LOW,0.0,,LOW,0.05,,LOW,0.125,,LOW,1.2,,LOW,1.35,,LOW,1.425,,1.4925009145226191,0.175588342885014,,,0.0,2.2860651211854,2.225097451027253,50.0,32.6,59.7,44.5,3.07,1.85,6.75,1.07,-0.15,-5.25,COOL,COOL,COOL,1.22,1.22,COOL,Red,Red,Red,Red,45.0,46.0,58.0,48.0,GOAL,58.0,5.0,10.0,5.0,0.0,0.0,10.0,B,Distributor,8.2,,53.4,,1.0,0.9376262626262626,61.88333333333333,0.9376262626262626,0.081717542971587,8.2,8.2,3.378938863452734,1.3186102881766766,2.4239159709130083,7.404435233160622,7.373529173090968,53.4,69.8,False,,,,🥅 D:5,,False,False,1.0,,False,0.0,,False,0.0,,,,,,,,,,,,,,,,,,,,,,,,,,,,,,,,,,,,,,,,,,,,,,,,,,,,,,,,,,,,,,,,,,,,,,,,,,,,,,,,,,,,,,,,,,,,,,,,,,,,,,,,2026-10-05T11:43:17.763238+00:00,ALTLINE_NB_v1_2026-01-18,,,,exp/fallback,0.675,,,,,,,,,,,,,,,,,,,,,,,,,exp/fallback,0.307,,,,,,,,,,,,,,,,,,,,,,,,,exp/fallback,0.122,,,,,,,,,,,,,,,,,,,,,,,,,exp/fallback,0.1905,,,,,,,,,,,,,,,,,,,,,,,,,exp/fallback,0.1689375,,,,,,,,,,,,,,,,,,,,,,False,False,False,False,False,100.0,,Active roster,2026-10-05T11:43:17+00:00,False,[],2025-2026,,2026-09-24-frozen-v2,2026-10-05T11:43:20.192002+00:00,2026020043,,,NO_PLAYER,,,NO_PLAYER,,,NO_PLAYER,,,NO_PLAYER,,,NO_PLAYER,,,NO_PLAYER,,,NO_PLAYER
2026-10-05,SJS@DAL,2026020043,7:00 PM,2026-10-06T00:00:00Z,Alex Barr-Boulet,8479718,COL,True,,2026-27,SJS,C,,Healthy,Unknown,,,0.0,0.0,,15.0,9.0,2026-10-05T11:42:57+00:00,DAL,Jake Oettinger,0.8994169096209913,2.5922118851453946,39.3,Unconfirmed,dailyfaceoff_name_and_stats,26.0,6.0,26.0,6.0,,5.5,17.6,A1+A2,8.4,4.2,9.5,0.94,NONE,False,False,24.120778137796272,2.325004045022133,29.8,19.2,24.0,4.8,True,,,,,50.0,,,,,,,,,,,,,,,,,,,,,,,,,,,,,,,,,,,,,,,,0.0719424460431654,0.0,,,0.0,2.2860651211854,2.225097451027253,50.0,32.6,36.5,44.5,5.08,0.38,,,,,COOL,COOL,COOL,4.7,,COOL,Red,Red,Red,Red,24.0,15.0,15.0,17.0,POINTS,24.0,,,,,,,,Passenger,17.3,,53.4,,,1.45,2.9,1.45,0.1726190476190476,17.3,17.3,0.0,0.0,0.0,7.404435233160622,7.373529173090968,53.4,65.2,False,,,,,,False,False,0.0,,False,0.0,,False,0.0,,,,,,,,,,,,,,,,,,,,,,,,,,,,,,,,,,,,,,,,,,,,,,,,,,,,,,,,,,,,,,,,,,,,,,,,,,,,,,,,,,,,,,,,,,,,,,,,,,,,,,,,2026-10-05T11:43:17.763238+00:00,ALTLINE_NB_v1_2026-01-18,,,,league_avg,2.3,,,,,,,,,,,,,,,,,,,,,,,,,exp/fallback,0.508,,,,,,,,,,,,,,,,,,,,,,,,,exp/fallback,0.47,,,,,,,,,,,,,,,,,,,,,,,,,exp/fallback,0.1951999999999999,,,,,,,,,,,,,,,,,,,,,,,,,exp/fallback,0.1296999999999999,,,,,,,,,,,,,,,,,,,,,,False,False,False,False,False,,,Active roster,2026-10-05T11:43:17+00:00,False,[],2025-2026,,2026-09-24-frozen-v2,2026-10-05T11:43:20.192002+00:00,2026020043,,,NO_PLAYER,,,NO_PLAYER,,,NO_PLAYER,,,NO_PLAYER,,,NO_PLAYER,,,NO_PLAYER,,,NO_PLAYER
2026-10-05,SJS@DAL,2026020043,7:00 PM,2026-10-06T00:00:00Z,Alexander Wennberg,8477505,SJS,False,"{""season"":""2026-27"",""games"":[{""d"":""2026-10-03"",""g"":0,""a"":0,""s"":1,""pp"":0,""h"":""H"",""toi"":""18:43""},{""d"":""2026-10-01"",""g"":0,""a"":0,""s"":3,""pp"":0,""h"":""H"",""toi"":""21:44""}]}",2026-27,SJS,C,,Healthy,Unknown,,,0.0,0.0,,15.0,9.0,2026-10-05T11:42:57+00:00,DAL,Jake Oettinger,0.8994169096209913,2.5922118851453946,39.3,Unconfirmed,dailyfaceoff_name_and_stats,26.0,6.0,26.0,6.0,,82.4,91.3,A1+A2,20.46,87.9,86.6,1.15,NONE,False,False,24.120778137796272,2.325004045022133,29.8,19.2,24.0,4.8,True,,,2.0,,50.0,0.0,0.0,4.0,0.0,0.0,0.0,0.0,0.0,0.0,0.0,4.0,4.0,LOW,0.0,-0.5,LOW,0.0,,LOW,0.0,,LOW,0.0,,LOW,0.0,,LOW,0.0,,LOW,0.4,,LOW,0.2,,LOW,0.1,,1.597136984072995,0.7453305925673978,,,0.0,2.2860651211854,2.225097451027253,50.0,32.6,62.7,44.5,8.65,2.82,,7.86,2.56,,HOT,HOT,COOL,5.83,5.3,HOT,Green,Yellow,Yellow,Green,79.0,63.0,65.0,76.0,POINTS,79.0,2.0,2.0,2.0,1.0,0.0,2.0,A,Hybrid,15.4,,53.4,,2.0,3.152708333333333,252.21666666666667,3.152708333333333,0.1541211337318844,15.4,15.4,3.328685653869028,2.064891297165136,1.486816890239873,7.404435233160622,7.373529173090968,53.4,75.5,False,,,,🅿️ D:2,,False,False,1.0,,False,0.0,,False,0.0,,,,,,,,,,,,,,,,,0.5,135.0,Fanatics,1.5,750.0,Fanatics,2.5,3500.0,Fanatics,,,,0.5,135.0,Fanatics,0.5,210.0,Hard Rock Bet,1.5,1200.0,Fanatics,2.5,3300.0,Bovada,,,,0.5,210.0,Hard Rock Bet,0.5,475.0,Fanatics,,,,,,,,,,0.5,475.0,Fanatics,0.5,500.0,fanduel,,,,,,,,,,0.5,500.0,fanduel,The Odds API,"[""Bally Bet"", ""BetRivers"", ""Bovada"", ""Fanatics"", ""Fliff"", ""Hard Rock Bet"", ""draftkings"", ""theScore Bet""]",The Odds API,"[""Bally Bet"", ""BetRivers"", ""Fanatics"", ""Fliff"", ""Hard Rock Bet"", ""draftkings"", ""theScore Bet""]",0.5,325.0,Hard Rock Bet,,,,,,,,,,0.5,325.0,Hard Rock Bet,The Odds API,"[""Fliff"", ""Hard Rock Bet"", ""theScore Bet""]",BallDontLie,"[""Bally Bet"", ""BetRivers"", ""Bovada"", ""Fanatics"", ""fanduel""]",The Odds API,"[""Bally Bet"", ""BetRivers"", ""Bovada"", ""Fanatics"", ""Fliff"", ""Hard Rock Bet"", ""theScore Bet""]",,,2026-10-05T11:43:17.763238+00:00,ALTLINE_NB_v1_2026-01-18,,,,exp/fallback,0.4,,,,,,,,,,,,,,,,,,,,,,0.5,135.0,Fanatics,exp/fallback,0.865,0.5302946785707673,53.0,0.425531914893617,24.61924946413032,24.6,0.5302946785707673,53.0,24.61924946413032,24.6,0.2184197194179856,21.8,85.65676150528782,85.7,0.0786415641500291,7.9,183.10963094010475,183.1,,,,,0.5,210.0,Hard Rock Bet,exp/fallback,0.583,0.4004696421058562,40.0,0.3225806451612903,24.14558905281543,24.1,0.4004696421058562,40.0,24.14558905281543,24.1,0.1298337933623132,13.0,68.78393137100724,68.8,0.0382073707040755,3.8,29.90506039385683,29.9,,,,,0.5,475.0,Fanatics,exp/fallback,0.2196,0.1898089516692547,19.0,0.1739130434782608,9.14014720982146,9.1,0.1898089516692547,19.0,9.14014720982146,9.1,,,,,,,,,,,,,0.5,500.0,fanduel,exp/fallback,0.216225,0.1831656389187346,18.3,0.1666666666666666,9.899383351240765,9.9,0.1831656389187346,18.3,9.899383351240765,9.9,,,,,,,,,,,,,False,True,False,False,True,,,Active roster,2026-10-05T11:43:17+00:00,False,"[{""market"":""Assists"",""name"":""Staff (Green Stance)"",""kind"":""STANCE"",""rule"":""Green + Assists 0.5"",""icon"":""staff.svg"",""kit_version"":""2026-09-24-frozen-v2""}]",2025-2026,,2026-09-24-frozen-v2,2026-10-05T11:43:20.192002+00:00,2026020043,8477505.0,PLAYER_ID,FINAL,0.0,L,OK,0.0,L,OK,1.0,,NO_LINE,0.0,L,OK,0.0,L,OK,0.0,L,OK
2026-10-05,SJS@DAL,2026020043,7:00 PM,2026-10-06T00:00:00Z,Barclay Goodrow,8476624,SJS,False,,2026-27,SJS,C,,Healthy,Unknown,,,0.0,0.0,,15.0,9.0,2026-10-05T11:42:57+00:00,DAL,Jake Oettinger,0.8994169096209913,2.5922118851453946,39.3,Unconfirmed,dailyfaceoff_name_and_stats,26.0,6.0,26.0,6.0,,66.4,40.6,A1+A2,11.35,18.9,47.9,0.99,NONE,False,False,24.120778137796272,2.325004045022133,29.8,19.2,24.0,4.8,True,,,,,50.0,,,,,,,,,,,,,,,,,,,,,,,,,,,,,,,,,,,,,,,,0.7136563876651982,0.237885462555066,,,0.0,2.2860651211854,2.225097451027253,50.0,32.6,42.2,44.5,2.04,1.2,,,,,COOL,COOL,COOL,0.85,,COOL,Red,Red,Red,Red,38.0,49.0,54.0,36.0,GOAL,54.0,,,,,,,C,Passenger,0.4,,53.4,,0.0,0.0471544715447154,3.866666666666666,0.0471544715447154,0.0041554719684757,0.4,0.4,0.0,0.0,0.0,7.404435233160622,7.373529173090968,53.4,37.4,False,,,,,,False,False,0.0,,False,0.0,,False,0.0,,,,,,,,,,,,,,,,,,,,,,,,,,,,,,,,,,,,,,,,,,,,,,,0.5,1300.0,DraftKings,,,,,,,,,,0.5,1300.0,DraftKings,0.5,1300.0,DraftKings,,,,,,,,,,0.5,1300.0,DraftKings,,,,,,,,,,,,,,,,,,,,,,The Odds API,"[""Bally Bet"", ""BetMGM"", ""BetRivers"", ""Bovada"", ""Caesars"", ""Courtside"", ""DraftKings"", ""FanDuel"", ""Fanatics"", ""fanatics""]",The Odds API,"[""Bally Bet"", ""BetMGM"", ""BetRivers"", ""Bovada"", ""Caesars"", ""Courtside"", ""DraftKings"", ""FanDuel"", ""Fanatics"", ""Fliff"", ""Hard Rock Bet"", ""theScore Bet""]",,,2026-10-05T11:43:17.763238+00:00,ALTLINE_NB_v1_2026-01-18,,,,league_avg,2.3,,,,,,,,,,,,,,,,,,,,,,,,,exp/fallback,0.204,,,,,,,,,,,,,,,,,,,,,,,,,exp/fallback,0.0849999999999999,,,,,,,,,,,,,,,,,,,,,,0.5,1300.0,DraftKings,exp/fallback,0.2279999999999999,0.1960313638016801,19.6,0.0714285714285714,174.44390932235223,174.4,0.1960313638016801,19.6,174.44390932235223,174.4,,,,,,,,,,,,,0.5,1300.0,DraftKings,exp/fallback,0.183,0.1587857030104998,15.9,0.0714285714285714,122.29998421469983,122.3,0.1587857030104998,15.9,122.29998421469983,122.3,,,,,,,,,,,,,False,False,True,True,False,,,Active roster,2026-10-05T11:43:17+00:00,False,[],2025-2026,,2026-09-24-frozen-v2,2026-10-05T11:43:20.192002+00:00,2026020043,8476624.0,PLAYER_ID,FINAL,0.0,,NO_LINE,0.0,,NO_LINE,0.0,,NO_LINE,0.0,L,OK,0.0,L,OK,0.0,,NO_LINE
2026-10-05,SJS@DAL,2026020043,7:00 PM,2026-10-06T00:00:00Z,Brett Leason,8481517,WSH,True,,2026-27,SJS,R,,Healthy,Unknown,,,0.0,0.0,,15.0,9.0,2026-10-05T11:42:57+00:00,DAL,Jake Oettinger,0.8994169096209913,2.5922118851453946,39.3,Unconfirmed,dailyfaceoff_name_and_stats,26.0,6.0,26.0,6.0,,11.3,6.9,A1+A2,8.58,4.9,8.5,0.94,NONE,False,False,24.120778137796272,2.325004045022133,29.8,19.2,24.0,4.8,True,,,,,50.0,,,,,,,,,,,,,,,,,,,,,,,,,,,,,,,,,,,,,,,,0.0,0.0,,,0.0,2.2860651211854,2.225097451027253,50.0,32.6,28.2,44.5,0.42,0.42,,,,,COOL,COOL,COOL,0.0,,COOL,Red,Red,Red,Red,18.0,18.0,18.0,12.0,POINTS,18.0,,,,,,,,Passenger,3.9,,53.4,,,0.3305555555555555,1.9833333333333327,0.3305555555555555,0.0385237941081256,3.9,3.9,6.352941176470589,6.352941176470589,0.0,7.404435233160622,7.373529173090968,53.4,45.7,False,,,,,,False,False,0.0,,False,0.0,,False,0.0,,,,,,,,,,,,,,,,,,,,,,,,,,,,,,,,,,,,,,,,,,,,,,,,,,,,,,,,,,,,,,,,,,,,,,,,,,,,,,,,,,,,,,,,,,,,,,,,,,,,,,,,2026-10-05T11:43:17.763238+00:00,ALTLINE_NB_v1_2026-01-18,,,,league_avg,2.3,,,,,,,,,,,,,,,,,,,,,,,,,exp/fallback,0.0419999999999999,,,,,,,,,,,,,,,,,,,,,,,,,league_avg,0.35,,,,,,,,,,,,,,,,,,,,,,,,,exp/fallback,0.1968,,,,,,,,,,,,,,,,,,,,,,,,,exp/fallback,0.1323,,,,,,,,,,,,,,,,,,,,,,False,False,False,False,False,,,Active roster,2026-10-05T11:43:17+00:00,False,[],2025-2026,,2026-09-24-frozen-v2,2026-10-05T11:43:20.192002+00:00,2026020043,,,NO_PLAYER,,,NO_PLAYER,,,NO_PLAYER,,,NO_PLAYER,,,NO_PLAYER,,,NO_PLAYER,,,NO_PLAYER
2026-10-05,SJS@DAL,2026020043,7:00 PM,2026-10-06T00:00:00Z,Collin Graf,8484911,SJS,False,"{""season"":""2026-27"",""games"":[{""d"":""2026-10-03"",""g"":0,""a"":0,""s"":1,""pp"":0,""h"":""H"",""toi"":""16:43""},{""d"":""2026-10-01"",""g"":0,""a"":0,""s"":0,""pp"":0,""h"":""H"",""toi"":""16:48""}]}",2026-27,SJS,R,,Healthy,Unknown,,,0.0,0.0,,15.0,9.0,2026-10-05T11:42:57+00:00,DAL,Jake Oettinger,0.8994169096209913,2.5922118851453946,39.3,Unconfirmed,dailyfaceoff_name_and_stats,26.0,6.0,26.0,6.0,,86.4,79.4,A1+A2,16.44,62.3,79.1,1.12,NONE,False,False,24.120778137796272,2.325004045022133,29.8,19.2,24.0,4.8,True,,,0.5,,50.0,0.0,0.0,1.0,0.0,0.0,0.0,0.0,0.0,0.0,0.0,1.0,1.0,LOW,0.0,-0.5,LOW,0.0,,LOW,0.0,,LOW,0.0,,LOW,0.0,,LOW,0.0,,LOW,0.1,,LOW,0.05,,LOW,0.025,,1.8213438735177865,0.4553359683794466,,,0.0,2.2860651211854,2.225097451027253,50.0,32.6,66.3,44.5,6.15,2.7,,6.15,2.7,,HOT,HOT,COOL,3.78,3.44,HOT,Yellow,Yellow,Yellow,Yellow,70.0,63.0,66.0,68.0,POINTS,70.0,2.0,2.0,2.0,2.0,0.0,2.0,C,Passenger,2.9,,53.4,,0.0,0.4738683127572016,38.38333333333333,0.4738683127572016,0.0288192011212333,2.9,2.9,1.559270516717325,0.5627442466348241,1.1723838471558836,7.404435233160622,7.373529173090968,53.4,56.0,False,,,,🅿️ D:2,,False,False,1.0,,False,0.0,,False,0.0,,,,,,,,,,,,,,,,,0.5,180.0,BetRivers,,,,,,,,,,0.5,180.0,BetRivers,,,,,,,,,,,,,,,,0.5,500.0,theScore Bet,,,,,,,,,,0.5,500.0,theScore Bet,0.5,500.0,Fanatics,,,,,,,,,,0.5,500.0,Fanatics,,,The Odds API,"[""Bally Bet"", ""BetRivers""]",,,,,,,,,,,,,,,,,,The Odds API,"[""Bally Bet"", ""BetMGM"", ""BetRivers"", ""Bovada"", ""Caesars"", ""Courtside"", ""DraftKings"", ""FanDuel"", ""Fanatics"", ""fanatics""]",The Odds API,"[""Bally Bet"", ""BetMGM"", ""BetRivers"", ""Bovada"", ""Caesars"", ""Courtside"", ""DraftKings"", ""FanDuel"", ""Fanatics"", ""Fliff"", ""Hard Rock Bet"", ""theScore Bet""]",,,2026-10-05T11:43:17.763238+00:00,ALTLINE_NB_v1_2026-01-18,,,,exp/fallback,0.1,,,,,,,,,,,,,,,,,,,,,,0.5,180.0,BetRivers,exp/fallback,0.615,0.4270744362957319,42.7,0.3571428571428571,19.580842162804945,19.6,0.4270744362957319,42.7,19.580842162804945,19.6,,,,,,,,,,,,,,,,exp/fallback,0.378,,,,,,,,,,,,,,,,,,,,,,0.5,500.0,theScore Bet,exp/fallback,0.216,0.1871215548357293,18.7,0.1666666666666666,12.272932901437606,12.3,0.1871215548357293,18.7,12.272932901437606,12.3,,,,,,,,,,,,,0.5,500.0,Fanatics,exp/fallback,0.210375,0.1789581978887264,17.9,0.1666666666666666,7.37491873323588,7.4,0.1789581978887264,17.9,7.37491873323588,7.4,,,,,,,,,,,,,False,True,True,False,False,,,Active roster,2026-10-05T11:43:17+00:00,False,[],2025-2026,,2026-09-24-frozen-v2,2026-10-05T11:43:20.192002+00:00,2026020043,8484911.0,PLAYER_ID,FINAL,0.0,L,OK,0.0,,NO_LINE,0.0,,NO_LINE,0.0,L,OK,0.0,L,OK,0.0,,NO_LINE
2026-10-05,SJS@DAL,2026020043,7:00 PM,2026-10-06T00:00:00Z,Darnell Nurse,8477498,EDM,True,,2026-27,SJS,D,,Healthy,Unknown,,,0.0,0.0,,15.0,9.0,2026-10-05T11:42:57+00:00,DAL,Jake Oettinger,0.8994169096209913,2.5922118851453946,39.3,Unconfirmed,dailyfaceoff_name_and_stats,26.0,6.0,26.0,6.0,,55.4,66.1,A1+A2,20.98,89.8,66.0,1.06,NONE,False,False,24.120778137796272,2.325004045022133,29.8,19.2,24.0,4.8,True,,,,,50.0,,,,,,,,,,,,,,,,,,,,,,,,,,,,,,,,,,,,,,,,0.8155603741221399,0.3106896663322437,,,0.0,2.2860651211854,2.225097451027253,50.0,32.6,44.6,44.5,3.06,0.86,,,,,COOL,COOL,COOL,2.21,,COOL,Red,Red,Red,Red,59.0,48.0,48.0,54.0,POINTS,59.0,,,,,,,,Passenger,1.0,,53.4,,,0.1995934959349593,16.366666666666667,0.1995934959349593,0.0095142131881333,1.0,1.0,0.1832993890020366,0.1832993890020366,0.0,7.404435233160622,7.373529173090968,53.4,41.3,False,,,,,,False,False,0.0,,False,0.0,,False,0.0,,1.5,-114.0,BetOnline.ag,2.5,250.0,Fanatics,3.5,675.0,BetOnline.ag,4.5,1900.0,BetOnline.ag,1.5,-114.0,BetOnline.ag,0.5,245.0,DraftKings,1.5,1700.0,Fanatics,,,,,,,0.5,245.0,DraftKings,0.5,350.0,Hard Rock Bet,1.5,2200.0,Fanatics,2.5,3300.0,Bovada,,,,0.5,350.0,Hard Rock Bet,0.5,1300.0,DraftKings,,,,,,,,,,0.5,1300.0,DraftKings,0.5,1300.0,DraftKings,,,,,,,,,,0.5,1300.0,DraftKings,The Odds API,"[""BetOnline.ag"", ""Bovada"", ""Courtside"", ""DraftKings"", ""Fanatics"", ""Fliff"", ""Hard Rock Bet"", ""ReBet"", ""draftkings"", ""theScore Bet""]",The Odds API,"[""Bally Bet"", ""BetRivers"", ""Bovada"", ""Caesars"", ""Courtside"", ""DraftKings"", ""Fanatics"", ""Fliff"", ""Hard Rock Bet"", ""draftkings"", ""theScore Bet""]",,,,,,,,,,,,,,,,,,The Odds API,"[""Bally Bet"", ""BetMGM"", ""BetRivers"", ""Bovada"", ""Caesars"", ""Courtside"", ""DraftKings"", ""FanDuel"", ""Fanatics"", ""betmgm""]",The Odds API,"[""Bally Bet"", ""BetMGM"", ""BetRivers"", ""Bovada"", ""Caesars"", ""Courtside"", ""DraftKings"", ""FanDuel"", ""Fanatics"", ""Fliff"", ""Hard Rock Bet"", ""theScore Bet""]",The Odds API,"[""BetOnline.ag"", ""Courtside"", ""DraftKings"", ""Fanatics"", ""Fliff"", ""Hard Rock Bet"", ""ReBet"", ""theScore Bet""]",2026-10-05T11:43:17.763238+00:00,ALTLINE_NB_v1_2026-01-18,1.5,-114.0,BetOnline.ag,league_avg,2.3,0.6001759479749428,60.0,0.5327102803738317,12.664607777752412,12.7,0.6001759479749428,60.0,12.664607777752412,12.7,0.3835789960842564,38.4,34.252648629489734,34.3,0.2254288407355011,22.5,74.7073515700134,74.7,0.1243884637071297,12.4,148.7769274142595,148.8,0.5,245.0,DraftKings,exp/fallback,0.306,0.2522578628021285,25.2,0.2898550724637681,-12.971037333265668,-13.0,0.2522578628021285,25.2,-12.971037333265668,-13.0,0.0455835840716175,4.6,-17.9495486710884,-17.9,,,,,,,,,0.5,350.0,Hard Rock Bet,exp/fallback,0.221,0.1891082643855741,18.9,0.2222222222222222,-14.901281026491633,-14.9,0.1891082643855741,18.9,-14.901281026491633,-14.9,0.0277331418544727,2.8,-36.21377373471272,-36.2,0.0036467604411183,0.4,-87.60101450019766,-87.6,,,,,0.5,1300.0,DraftKings,exp/fallback,0.2143999999999999,0.1859231495260123,18.6,0.0714285714285714,160.29240933641722,160.3,0.1859231495260123,18.6,160.29240933641722,160.3,,,,,,,,,,,,,0.5,1300.0,DraftKings,exp/fallback,0.1609,0.141896284163557,14.2,0.0714285714285714,98.65479782897988,98.7,0.141896284163557,14.2,98.65479782897988,98.7,,,,,,,,,,,,,True,False,True,True,False,,,Active roster,2026-10-05T11:43:17+00:00,False,[],2025-2026,,2026-09-24-frozen-v2,2026-10-05T11:43:20.192002+00:00,2026020043,8477498.0,PLAYER_ID,FINAL,0.0,L,OK,0.0,L,OK,3.0,W,OK,0.0,L,OK,0.0,L,OK,0.0,,NO_LINE
2026-10-05,SJS@DAL,2026020043,7:00 PM,2026-10-06T00:00:00Z,Dmitry Orlov,8475200,SJS,False,"{""season"":""2026-27"",""games"":[{""d"":""2026-10-03"",""g"":0,""a"":0,""s"":1,""pp"":0,""h"":""H"",""toi"":""18:12""},{""d"":""2026-10-01"",""g"":0,""a"":0,""s"":1,""pp"":0,""h"":""H"",""toi"":""17:55""}]}",2026-27,SJS,D,,Healthy,Unknown,,,0.0,0.0,,15.0,9.0,2026-10-05T11:42:57+00:00,DAL,Jake Oettinger,0.8994169096209913,2.5922118851453946,39.3,Unconfirmed,dailyfaceoff_name_and_stats,26.0,6.0,26.0,6.0,,45.6,89.1,A1+A2,21.2,90.6,69.9,1.08,NONE,False,False,24.120778137796272,2.325004045022133,29.8,19.2,24.0,4.8,True,,,1.0,,50.0,0.0,0.0,2.0,0.0,0.0,0.0,0.0,0.0,0.0,0.0,2.0,2.0,LOW,0.0,-0.5,LOW,0.0,,LOW,0.0,,LOW,0.0,,LOW,0.0,,LOW,0.0,,LOW,0.2,,LOW,0.1,,LOW,0.05,,0.7151454245883824,0.3365390233357093,,,0.0,2.2860651211854,2.225097451027253,50.0,32.6,42.4,44.5,5.08,0.6,,5.08,0.6,,HOT,COOL,COOL,4.47,4.47,HOT,Yellow,Red,Red,Yellow,76.0,43.0,43.0,68.0,POINTS,76.0,2.0,2.0,2.0,2.0,0.0,2.0,B,Distributor,11.3,,53.4,,1.0,2.398373983739837,196.66666666666663,2.398373983739837,0.1131536300259869,11.3,11.3,4.093474576271186,0.2684745762711864,4.5,7.404435233160622,7.373529173090968,53.4,79.6,False,,,,🅿️ D:2,,False,False,1.0,,False,0.0,,False,0.0,,,,,,,,,,,,,,,,,0.5,195.0,Hard Rock Bet,1.5,1200.0,Caesars,2.5,1550.0,BetOnline.ag,3.5,3100.0,BetOnline.ag,0.5,195.0,Hard Rock Bet,0.5,225.0,Hard Rock Bet,1.5,1500.0,DraftKings,2.5,3300.0,Bovada,,,,0.5,225.0,Hard Rock Bet,0.5,1300.0,Hard Rock Bet,,,,,,,,,,0.5,1300.0,Hard Rock Bet,0.5,1050.0,BetMGM,,,,,,,,,,0.5,1050.0,BetMGM,The Odds API,"[""Bally Bet"", ""BetOnline.ag"", ""BetRivers"", ""Bovada"", ""Courtside"", ""DraftKings"", ""Fanatics"", ""Fliff"", ""Hard Rock Bet"", ""ReBet"", ""draftkings"", ""theScore Bet""]",The Odds API,"[""Bally Bet"", ""BetOnline.ag"", ""BetRivers"", ""Bovada"", ""Caesars"", ""Courtside"", ""DraftKings"", ""Fanatics"", ""Fliff"", ""Hard Rock Bet"", ""ReBet"", ""draftkings"", ""theScore Bet""]",0.5,525.0,Hard Rock Bet,,,,,,,,,,0.5,525.0,Hard Rock Bet,The Odds API,"[""Hard Rock Bet"", ""theScore Bet""]",The Odds API,"[""Bally Bet"", ""BetMGM"", ""BetRivers"", ""Bovada"", ""Caesars"", ""Courtside"", ""DraftKings"", ""FanDuel"", ""Fanatics"", ""betmgm""]",The Odds API,"[""Bally Bet"", ""BetMGM"", ""BetRivers"", ""Bovada"", ""Caesars"", ""Courtside"", ""DraftKings"", ""FanDuel"", ""Fanatics"", ""Fliff"", ""Hard Rock Bet"", ""theScore Bet""]",,,2026-10-05T11:43:17.763238+00:00,ALTLINE_NB_v1_2026-01-18,,,,exp/fallback,0.2,,,,,,,,,,,,,,,,,,,,,,0.5,195.0,Hard Rock Bet,exp/fallback,0.508,0.3734749661748485,37.3,0.3389830508474576,10.175115021580316,10.2,0.3734749661748485,37.3,10.175115021580316,10.2,0.1032468143806757,10.3,34.22085869487845,34.2,0.0245736667747817,2.5,-59.45344982161005,-59.5,0.0053451247833712,0.5,-82.89560069321205,-82.9,0.5,225.0,Hard Rock Bet,exp/fallback,0.4469999999999999,0.3319760199431879,33.2,0.3076923076923077,7.892206481536079,7.9,0.3319760199431879,33.2,7.892206481536079,7.9,0.0879165846465839,8.8,40.66653543453427,40.7,0.0210421051343758,2.1,-28.45684254312202,-28.5,,,,,0.5,1300.0,Hard Rock Bet,exp/fallback,0.153,0.1380007326007094,13.8,0.0714285714285714,93.2010256409932,93.2,0.1380007326007094,13.8,93.2010256409932,93.2,,,,,,,,,,,,,0.5,1050.0,BetMGM,exp/fallback,0.1079999999999999,0.0991150891641368,9.9,0.0869565217391304,13.982352538757326,14.0,0.0991150891641368,9.9,13.982352538757326,14.0,,,,,,,,,,,,,False,True,True,True,False,,,Active roster,2026-10-05T11:43:17+00:00,False,[],2025-2026,,2026-09-24-frozen-v2,2026-10-05T11:43:20.192002+00:00,2026020043,8475200.0,PLAYER_ID,FINAL,0.0,L,OK,0.0,L,OK,0.0,,NO_LINE,0.0,L,OK,0.0,L,OK,0.0,L,OK
2026-10-05,SJS@DAL,2026020043,7:00 PM,2026-10-06T00:00:00Z,Igor Chernyshov,8484994,SJS,False,,2026-27,SJS,L,,Healthy,Unknown,,,0.0,0.0,,15.0,9.0,2026-10-05T11:42:57+00:00,DAL,Jake Oettinger,0.8994169096209913,2.5922118851453946,39.3,Unconfirmed,dailyfaceoff_name_and_stats,26.0,6.0,26.0,6.0,,60.9,49.3,A1+A2,15.06,50.9,54.9,1.02,NONE,False,False,24.120778137796272,2.325004045022133,29.8,19.2,24.0,4.8,True,,,,,50.0,,,,,,,,,,,,,,,,,,,,,,,,,,,,,,,,,,,,,,,,2.181157225083308,1.090578612541654,,,0.0,2.2860651211854,2.225097451027253,50.0,32.6,70.3,44.5,6.59,2.96,,,,,COOL,COOL,COOL,3.64,,COOL,Red,Red,Red,Red,49.0,48.0,49.0,47.0,POINTS,49.0,,,,,,,C,Passenger,7.3,,53.4,,0.0,1.101190476190476,30.83333333333333,1.101190476190476,0.0731312013282207,7.3,7.3,7.686486486486487,4.378378378378379,3.891891891891892,7.404435233160622,7.373529173090968,53.4,73.4,False,,,,,,False,False,0.0,,False,0.0,,False,0.0,,1.5,-140.0,Fanatics,2.5,240.0,BetOnline.ag,3.5,775.0,BetOnline.ag,4.5,2600.0,BetOnline.ag,1.5,-140.0,Fanatics,0.5,132.0,FanDuel,1.5,750.0,FanDuel,2.5,2800.0,Fanatics,3.5,2900.0,BetOnline.ag,0.5,132.0,FanDuel,0.5,255.0,FanDuel,1.5,1700.0,BetOnline.ag,,,,,,,0.5,255.0,FanDuel,0.5,360.0,Fanatics,,,,,,,,,,0.5,360.0,Fanatics,0.5,360.0,Fanatics,,,,,,,,,,0.5,360.0,Fanatics,The Odds API,"[""Bally Bet"", ""BetOnline.ag"", ""BetRivers"", ""Courtside"", ""DraftKings"", ""FanDuel"", ""Fanatics"", ""Fliff"", ""ReBet"", ""draftkings""]",The Odds API,"[""Bally Bet"", ""BetOnline.ag"", ""BetRivers"", ""Bovada"", ""Caesars"", ""Courtside"", ""DraftKings"", ""FanDuel"", ""Fanatics"", ""Fliff"", ""ReBet"", ""draftkings""]",0.5,400.0,Hard Rock Bet,,,,,,,,,,0.5,400.0,Hard Rock Bet,The Odds API,"[""Hard Rock Bet"", ""theScore Bet""]",The Odds API,"[""Bally Bet"", ""BetMGM"", ""BetRivers"", ""Bovada"", ""Caesars"", ""Courtside"", ""DraftKings"", ""FanDuel"", ""Fanatics"", ""fanatics""]",The Odds API,"[""Bally Bet"", ""BetMGM"", ""BetRivers"", ""Bovada"", ""Caesars"", ""Courtside"", ""DraftKings"", ""FanDuel"", ""Fanatics"", ""Fliff"", ""Hard Rock Bet"", ""theScore Bet""]",The Odds API,"[""BetOnline.ag"", ""FanDuel"", ""Fanatics"", ""ReBet""]",2026-10-05T11:43:17.763238+00:00,ALTLINE_NB_v1_2026-01-18,1.5,-140.0,Fanatics,league_avg,2.3,0.6001759479749428,60.0,0.5833333333333334,2.887305367133047,2.9,0.6001759479749428,60.0,2.887305367133047,2.9,0.3835789960842564,38.4,30.41685866864716,30.4,0.2254288407355011,22.5,97.25023564356351,97.3,0.1243884637071297,12.4,235.84885200925032,235.8,0.5,132.0,FanDuel,exp/fallback,0.659,0.447321338601616,44.7,0.4310344827586206,3.778550555574922,3.8,0.447321338601616,44.7,3.778550555574922,3.8,0.1513677873388401,15.1,28.66261923801414,28.7,0.0443937992508668,4.4,28.74201782751384,28.7,0.0119331866057994,1.2,-64.20044018260165,-64.2,0.5,255.0,FanDuel,exp/fallback,0.364,0.284243918220573,28.4,0.2816901408450704,0.9065909683034225,0.9,0.284243918220573,28.4,0.9065909683034225,0.9,0.063824955642137,6.4,14.884920155846748,14.9,,,,,,,,,0.5,360.0,Fanatics,exp/fallback,0.2984,0.2456454028443719,24.6,0.217391304347826,12.99688530841111,13.0,0.2456454028443719,24.6,12.99688530841111,13.0,,,,,,,,,,,,,0.5,360.0,Fanatics,exp/fallback,0.2974,0.2380648121882149,23.8,0.217391304347826,9.509813606578888,9.5,0.2380648121882149,23.8,9.509813606578888,9.5,,,,,,,,,,,,,False,False,True,False,False,,,Active roster,2026-10-05T11:43:17+00:00,False,[],2025-2026,,2026-09-24-frozen-v2,2026-10-05T11:43:20.192002+00:00,2026020043,8484994.0,PLAYER_ID,FINAL,0.0,L,OK,0.0,L,OK,0.0,L,OK,0.0,L,OK,0.0,L,OK,0.0,L,OK
2026-10-05,SJS@DAL,2026020043,7:00 PM,2026-10-06T00:00:00Z,Ivar Stenberg,8486103,,,,,SJS,L,,Unknown,,,,,,,,,,,,,,,,,,,,,,,,,,,,,,,,,,,,,,,,,,,,,,,,,,,,,,,,,,,,,,,,,,,,,,,,,,,,,,,,,,,,,,,,,,,,,,,,,,,,,,,,,,,,,,,,,,,,,,,,,,,,,,,,,,,,,,,,,,,,,,,,,,,,,,,,,,,,,,,,,,,,,,,,,,,,,,,,,,,,,,,,,,,,,,,,,,,,,,,,,,,,,,,,,,,,,,,,,,,,,,,,,,,,,,,,,,,,,,,,,,,,,,,,,,,,,,,,,,,,,,2.5,320.0,fanduel,,,,,,,,,,,,,,,,,,,,,,,,0.5,140.0,draftkings,,,,,,,,,,,,,,,,,,,,,,,,0.5,235.0,draftkings,,,,,,,,,,,,,,,,,,,,,,,,0.5,420.0,fanduel,,,,,,,,,,,,,,,,,,,,,,,,,,,,,,,,,,,,,,,,,,,,,,,,,,,,,,,,,Active roster,2026-10-05T11:43:17+00:00,True,[],Unavailable,True,2026-09-24-frozen-v2,2026-10-05T11:43:20.192002+00:00,2026020043,8486103.0,PLAYER_ID,FINAL,0.0,L,OK,0.0,L,OK,1.0,L,OK,0.0,L,OK,0.0,,NO_LINE,0.0,,NO_LINE
2026-10-05,SJS@DAL,2026020043,7:00 PM,2026-10-06T00:00:00Z,Jacob Trouba,8476885,ANA,True,"{""season"":""2026-27"",""games"":[{""d"":""2026-10-03"",""g"":0,""a"":1,""s"":1,""pp"":0,""h"":""H"",""toi"":""20:49""},{""d"":""2026-10-01"",""g"":0,""a"":0,""s"":2,""pp"":0,""h"":""H"",""toi"":""22:35""}]}",2026-27,SJS,D,,Healthy,Unknown,,,0.0,0.0,,15.0,9.0,2026-10-05T11:42:57+00:00,DAL,Jake Oettinger,0.8994169096209913,2.5922118851453946,39.3,Unconfirmed,dailyfaceoff_name_and_stats,26.0,6.0,26.0,6.0,,58.8,79.4,A1+A2,22.83,96.2,73.5,1.09,NONE,False,False,24.120778137796272,2.325004045022133,29.8,19.2,24.0,4.8,True,,,1.5,,50.0,1.0,0.0,3.0,0.0,1.0,1.0,1.0,1.0,1.0,1.0,3.0,3.0,LOW,0.1,,LOW,0.05,,LOW,0.025,,LOW,0.1,,LOW,0.05,,LOW,0.025,,LOW,0.3,,LOW,0.15,,LOW,0.075,,1.047436801289153,0.3625742773693222,,,1.0,2.2860651211854,2.225097451027253,50.0,32.6,48.2,44.5,4.41,1.03,,3.41,1.03,,HOT,COOL,COOL,3.72,2.38,WARM,Yellow,Red,Red,Yellow,70.0,51.0,51.0,64.0,POINTS,70.0,0.0,0.0,2.0,1.0,0.0,2.0,,Passenger,2.9,,53.4,,,0.657201646090535,53.23333333333333,0.657201646090535,0.0287903371191635,2.9,2.9,1.577958672510958,0.619912335629305,1.127113337507827,7.404435233160622,7.373529173090968,53.4,55.7,False,,,,🅿️ D:0,,False,False,1.0,,False,0.0,,False,0.0,,,,,,,,,,,,,,,,,,,,,,,,,,,,,,,,,,,,,,,,,,,,,,,0.5,1200.0,FanDuel,,,,,,,,,,0.5,1200.0,FanDuel,0.5,1200.0,FanDuel,,,,,,,,,,0.5,1200.0,FanDuel,,,,,,,,,,,,,,,,,,,,,,The Odds API,"[""Bally Bet"", ""BetMGM"", ""BetRivers"", ""Bovada"", ""Caesars"", ""Courtside"", ""DraftKings"", ""FanDuel"", ""Fanatics"", ""fanduel""]",The Odds API,"[""Bally Bet"", ""BetMGM"", ""BetRivers"", ""Bovada"", ""Caesars"", ""Courtside"", ""DraftKings"", ""FanDuel"", ""Fanatics"", ""Fliff"", ""Hard Rock Bet"", ""theScore Bet""]",,,2026-10-05T11:43:17.763238+00:00,ALTLINE_NB_v1_2026-01-18,,,,exp/fallback,0.3,,,,,,,,,,,,,,,,,,,,,,,,,exp/fallback,0.441,,,,,,,,,,,,,,,,,,,,,,,,,exp/fallback,0.372,,,,,,,,,,,,,,,,,,,,,,0.5,1200.0,FanDuel,exp/fallback,0.1659,0.1483907205249551,14.8,0.0769230769230769,92.90793668244171,92.9,0.1483907205249551,14.8,92.90793668244171,92.9,,,,,,,,,,,,,0.5,1200.0,FanDuel,exp/fallback,0.1289624999999999,0.1164802037197565,11.6,0.0769230769230769,51.424264835683495,51.4,0.1164802037197565,11.6,51.424264835683495,51.4,,,,,,,,,,,,,False,False,True,True,False,,,Active roster,2026-10-05T11:43:17+00:00,False,[],2025-2026,,2026-09-24-frozen-v2,2026-10-05T11:43:20.192002+00:00,2026020043,8476885.0,PLAYER_ID,FINAL,0.0,,NO_LINE,0.0,,NO_LINE,0.0,,NO_LINE,0.0,L,OK,0.0,L,OK,0.0,,NO_LINE
2026-10-05,SJS@DAL,2026020043,7:00 PM,2026-10-06T00:00:00Z,Kiefer Sherwood,8480748,SJS,False,"{""season"":""2026-27"",""games"":[{""d"":""2026-10-03"",""g"":1,""a"":0,""s"":2,""pp"":0,""h"":""H"",""toi"":""11:49""},{""d"":""2026-10-01"",""g"":0,""a"":0,""s"":1,""pp"":0,""h"":""H"",""toi"":""14:01""}]}",2026-27,SJS,L,,Healthy,Unknown,,,0.0,0.0,,15.0,9.0,2026-10-05T11:42:57+00:00,DAL,Jake Oettinger,0.8994169096209913,2.5922118851453946,39.3,Unconfirmed,dailyfaceoff_name_and_stats,26.0,6.0,26.0,6.0,,88.4,56.5,A1+A2,17.27,69.8,73.5,1.09,NONE,False,False,24.120778137796272,2.325004045022133,29.8,19.2,24.0,4.8,True,,,1.5,,50.0,1.0,1.0,3.0,1.0,0.0,0.0,1.0,1.0,0.0,0.0,3.0,3.0,LOW,0.1,,LOW,0.05,,LOW,0.025,,LOW,0.0,,LOW,0.0,,LOW,0.0,,LOW,0.3,,LOW,0.15,,LOW,0.075,,1.2997060188766827,0.2475630512146062,,,0.0,2.2860651211854,2.225097451027253,50.0,32.6,55.0,44.5,5.14,3.16,,4.14,2.16,,HOT,WARM,COOL,1.98,1.98,WARM,Red,Yellow,Yellow,Red,58.0,65.0,71.0,55.0,GOAL,71.0,0.0,2.0,0.0,2.0,0.0,2.0,B,Hybrid,9.9,,53.4,,1.0,1.712037037037037,123.26666666666668,1.712037037037037,0.0991580415080173,9.9,9.9,4.115467820443483,2.253650621957815,2.190373174689021,7.404435233160622,7.373529173090968,53.4,70.3,False,,,,🥅 D:0,,False,False,1.0,,False,0.0,,False,0.0,,,,,,,,,,,,,,,,,,,,,,,,,,,,,,,,,,,,,,,,,,,,,,,0.5,725.0,FanDuel,,,,,,,,,,0.5,725.0,FanDuel,0.5,725.0,FanDuel,,,,,,,,,,0.5,725.0,FanDuel,,,,,,,,,,,,,,,,,,,,,,The Odds API,"[""Bally Bet"", ""BetMGM"", ""BetRivers"", ""Bovada"", ""Caesars"", ""Courtside"", ""DraftKings"", ""FanDuel"", ""Fanatics"", ""fanduel""]",The Odds API,"[""Bally Bet"", ""BetMGM"", ""BetRivers"", ""Bovada"", ""Caesars"", ""Courtside"", ""DraftKings"", ""FanDuel"", ""Fanatics"", ""Fliff"", ""Hard Rock Bet"", ""theScore Bet""]",,,2026-10-05T11:43:17.763238+00:00,ALTLINE_NB_v1_2026-01-18,,,,exp/fallback,0.3,,,,,,,,,,,,,,,,,,,,,,,,,exp/fallback,0.514,,,,,,,,,,,,,,,,,,,,,,,,,exp/fallback,0.198,,,,,,,,,,,,,,,,,,,,,,0.5,725.0,FanDuel,exp/fallback,0.2298,0.1973560285673682,19.7,0.1212121212121212,62.8187235680788,62.8,0.1973560285673682,19.7,62.8187235680788,62.8,,,,,,,,,,,,,0.5,725.0,FanDuel,exp/fallback,0.2328,0.1948955403825296,19.5,0.1212121212121212,60.788820815586966,60.8,0.1948955403825296,19.5,60.788820815586966,60.8,,,,,,,,,,,,,False,False,True,True,False,,,Active roster,2026-10-05T11:43:17+00:00,False,[],2025-2026,,2026-09-24-frozen-v2,2026-10-05T11:43:20.192002+00:00,2026020043,8480748.0,PLAYER_ID,FINAL,0.0,,NO_LINE,0.0,,NO_LINE,1.0,,NO_LINE,0.0,L,OK,0.0,L,OK,0.0,,NO_LINE
2026-10-05,SJS@DAL,2026020043,7:00 PM,2026-10-06T00:00:00Z,Luca Cagnoni,8484152,SJS,False,,2026-27,SJS,D,,Healthy,Unknown,,,0.0,0.0,,15.0,9.0,2026-10-05T11:42:57+00:00,DAL,Jake Oettinger,0.8994169096209913,2.5922118851453946,39.3,Unconfirmed,dailyfaceoff_name_and_stats,26.0,6.0,26.0,6.0,,13.0,6.9,A1+A2,18.03,76.6,23.6,0.94,NONE,False,False,24.120778137796272,2.325004045022133,29.8,19.2,24.0,4.8,True,,,,,50.0,,,,,,,,,,,,,,,,,,,,,,,,,,,,,,,,,,,,,,,,0.0,0.0,,,0.0,2.2860651211854,2.225097451027253,50.0,32.6,28.2,44.5,1.0,1.0,,,,,COOL,COOL,COOL,0.0,,COOL,Red,Red,Red,Red,25.0,24.0,23.0,19.0,POINTS,25.0,,,,,,,C,Passenger,15.4,,53.4,,0.0,2.783333333333333,8.35,2.783333333333333,0.1543438077634011,15.4,15.4,0.0,0.0,0.0,7.404435233160622,7.373529173090968,53.4,62.7,False,,,,,,False,False,0.0,,False,0.0,,False,0.0,,1.5,-190.0,theScore Bet,2.5,186.0,BetOnline.ag,3.5,390.0,Fanatics,4.5,1000.0,Fanatics,1.5,-190.0,theScore Bet,0.5,165.0,Fanatics,1.5,1000.0,DraftKings,2.5,4000.0,Fanatics,3.5,3300.0,BetOnline.ag,0.5,165.0,Fanatics,0.5,225.0,BetOnline.ag,1.5,1500.0,Fanatics,2.5,3300.0,Bovada,,,,0.5,225.0,BetOnline.ag,0.5,750.0,DraftKings,,,,,,,,,,0.5,750.0,DraftKings,0.5,750.0,DraftKings,,,,,,,,,,0.5,750.0,DraftKings,The Odds API,"[""Bally Bet"", ""BetOnline.ag"", ""BetRivers"", ""Bovada"", ""Courtside"", ""DraftKings"", ""FanDuel"", ""Fanatics"", ""Fliff"", ""Hard Rock Bet"", ""ReBet"", ""draftkings"", ""theScore Bet""]",The Odds API,"[""Bally Bet"", ""BetOnline.ag"", ""BetRivers"", ""Bovada"", ""Caesars"", ""Courtside"", ""DraftKings"", ""FanDuel"", ""Fanatics"", ""Fliff"", ""Hard Rock Bet"", ""ReBet"", ""draftkings"", ""theScore Bet""]",0.5,240.0,Hard Rock Bet,,,,,,,,,,0.5,240.0,Hard Rock Bet,The Odds API,"[""Fliff"", ""Hard Rock Bet"", ""theScore Bet""]",The Odds API,"[""Bally Bet"", ""BetMGM"", ""BetRivers"", ""Bovada"", ""Caesars"", ""Courtside"", ""DraftKings"", ""FanDuel"", ""Fanatics"", ""betmgm""]",The Odds API,"[""Bally Bet"", ""BetMGM"", ""BetRivers"", ""Bovada"", ""Caesars"", ""Courtside"", ""DraftKings"", ""FanDuel"", ""Fanatics"", ""Fliff"", ""Hard Rock Bet"", ""theScore Bet""]",The Odds API,"[""BetOnline.ag"", ""Courtside"", ""DraftKings"", ""Fanatics"", ""Fliff"", ""Hard Rock Bet"", ""ReBet"", ""theScore Bet""]",2026-10-05T11:43:17.763238+00:00,ALTLINE_NB_v1_2026-01-18,1.5,-190.0,theScore Bet,league_avg,2.3,0.6001759479749428,60.0,0.6551724137931034,-8.39419741435084,-8.4,0.6001759479749428,60.0,-8.39419741435084,-8.4,0.3835789960842564,38.4,9.703592880097334,9.7,0.2254288407355011,22.5,10.46013196039558,10.5,0.1243884637071297,12.4,36.827310077842725,36.8,0.5,165.0,Fanatics,exp/fallback,0.1,0.0936137965290038,9.4,0.3773584905660377,-75.192343919814,-75.2,0.0936137965290038,9.4,-75.192343919814,-75.2,0.006040250299922,0.6,-93.35572467008572,-93.4,0.0003289320675906,0.0,-98.6513785228783,-98.7,1.623509512804766e-05,0.0,-99.94480067656464,-99.9,0.5,225.0,BetOnline.ag,league_avg,0.35,0.2756903576278859,27.6,0.3076923076923077,-10.400633770937064,-10.4,0.2756903576278859,27.6,-10.400633770937064,-10.4,0.0599385492617242,6.0,-4.098321181241182,-4.1,0.0117386771799221,1.2,-60.08849758826464,-60.1,,,,,0.5,750.0,DraftKings,exp/fallback,0.22,0.190106783173378,19.0,0.1176470588235294,61.59076569737134,61.6,0.190106783173378,19.0,61.59076569737134,61.6,,,,,,,,,,,,,0.5,750.0,DraftKings,exp/fallback,0.1699999999999999,0.1489179289892833,14.9,0.1176470588235294,26.580239640890856,26.6,0.1489179289892833,14.9,26.580239640890856,26.6,,,,,,,,,,,,,False,False,True,True,False,,,Active roster,2026-10-05T11:43:17+00:00,False,[],2025-2026,,2026-09-24-frozen-v2,2026-10-05T11:43:20.192002+00:00,2026020043,8484152.0,PLAYER_ID,FINAL,0.0,L,OK,0.0,L,OK,0.0,L,OK,0.0,L,OK,0.0,L,OK,0.0,L,OK
2026-10-05,SJS@DAL,2026020043,7:00 PM,2026-10-06T00:00:00Z,Macklin Celebrini,8484801,SJS,False,"{""season"":""2026-27"",""games"":[{""d"":""2026-10-03"",""g"":0,""a"":2,""s"":2,""pp"":1,""h"":""H"",""toi"":""21:42""},{""d"":""2026-10-01"",""g"":0,""a"":3,""s"":7,""pp"":1,""h"":""H"",""toi"":""22:57""}]}",2026-27,SJS,C,👑 ELITE,Healthy,Unknown,,,0.0,0.0,,15.0,9.0,2026-10-05T11:42:57+00:00,DAL,Jake Oettinger,0.8994169096209913,2.5922118851453946,39.3,Unconfirmed,dailyfaceoff_name_and_stats,26.0,6.0,26.0,6.0,,97.8,99.4,A1+A2,21.32,90.9,97.0,1.26,ELITE,True,False,24.120778137796272,2.325004045022133,29.8,19.2,24.0,4.8,True,,,4.5,,50.0,5.0,0.0,9.0,0.0,5.0,5.0,5.0,5.0,5.0,5.0,9.0,9.0,LOW,0.5,0.0,LOW,0.25,,LOW,0.125,,OK,0.5,,LOW,0.25,,LOW,0.125,,LOW,0.9,,LOW,0.45,,LOW,0.225,,2.762547187325948,1.1139303174701405,,,5.0,2.2860651211854,2.225097451027253,50.0,32.6,74.1,44.5,21.09,5.37,,10.62,4.88,,HOT,HOT,COOL,14.51,5.75,HOT,Green,Green,Green,Green,84.0,73.0,79.0,83.0,POINTS,84.0,0.0,0.0,2.0,1.0,2.0,0.0,A,Distributor,16.3,,53.4,,2.0,3.4813008130081298,285.46666666666664,3.4813008130081298,0.1633197932757404,16.3,16.3,4.67655301261093,1.2821111630079405,3.993460999532929,7.404435233160622,7.373529173090968,53.4,86.9,False,,,,🅿️ D:0,,False,False,2.0,,False,0.0,,False,0.0,,1.5,-650.0,DraftKings,2.5,-167.0,BetOnline.ag,3.5,126.0,BetOnline.ag,4.5,250.0,Fanatics,3.5,126.0,BetOnline.ag,0.5,-220.0,theScore Bet,1.5,190.0,BetRivers,2.5,650.0,DraftKings,3.5,1900.0,Fanatics,0.5,-220.0,theScore Bet,0.5,-105.0,theScore Bet,1.5,500.0,Bovada,2.5,1500.0,Fanatics,,,,0.5,-105.0,theScore Bet,0.5,155.0,theScore Bet,,,,,,,,,,0.5,155.0,theScore Bet,0.5,155.0,FanDuel,,,,,,,,,,0.5,155.0,FanDuel,The Odds API,"[""Bally Bet"", ""BetOnline.ag"", ""BetRivers"", ""Bovada"", ""Courtside"", ""DraftKings"", ""FanDuel"", ""Fanatics"", ""Fliff"", ""Hard Rock Bet"", ""ReBet"", ""draftkings"", ""theScore Bet""]",The Odds API,"[""Bally Bet"", ""BetOnline.ag"", ""BetRivers"", ""Bovada"", ""Caesars"", ""Courtside"", ""DraftKings"", ""FanDuel"", ""Fanatics"", ""Fliff"", ""Hard Rock Bet"", ""ReBet"", ""draftkings"", ""theScore Bet""]",0.5,155.0,Hard Rock Bet,1.5,600.0,Bovada,,,,,,,0.5,155.0,Hard Rock Bet,The Odds API,"[""Bovada"", ""Fliff"", ""Hard Rock Bet"", ""theScore Bet""]",The Odds API,"[""Bally Bet"", ""BetMGM"", ""BetRivers"", ""Bovada"", ""Caesars"", ""Courtside"", ""DraftKings"", ""FanDuel"", ""Fanatics"", ""fanduel""]",The Odds API,"[""Bally Bet"", ""BetMGM"", ""BetRivers"", ""Bovada"", ""Caesars"", ""Courtside"", ""DraftKings"", ""FanDuel"", ""Fanatics"", ""Fliff"", ""Hard Rock Bet"", ""fanduel"", ""theScore Bet""]",The Odds API,"[""BetOnline.ag"", ""Courtside"", ""DraftKings"", ""FanDuel"", ""Fanatics"", ""Fliff"", ""ReBet"", ""fanduel"", ""theScore Bet""]",2026-10-05T11:43:17.763238+00:00,ALTLINE_NB_v1_2026-01-18,3.5,126.0,BetOnline.ag,exp/fallback,0.9,0.0248211444330324,2.5,0.4424778761061947,-94.39042135813467,-94.4,0.2296670211980238,23.0,-73.4999590925357,-73.5,0.0798543650564629,8.0,-87.23286498797869,-87.2,0.0248211444330324,2.5,-94.39042135813467,-94.4,0.0071318949469296,0.7,-97.50383676857462,-97.5,0.5,-220.0,theScore Bet,exp/fallback,2.109,0.7939197271468704,79.4,0.6875,15.479233039544788,15.5,0.7939197271468704,79.4,15.479233039544788,15.5,0.5438703669378837,54.4,57.72240641198627,57.7,0.339075603563314,33.9,154.30670267248553,154.3,0.1982648440149733,19.8,296.5296880299467,296.5,0.5,-105.0,theScore Bet,exp/fallback,1.451,0.6641308828210588,66.4,0.5121951219512195,29.66364855077814,29.7,0.6641308828210588,66.4,29.66364855077814,29.7,0.3816932768942875,38.2,129.01596613657253,129.0,0.2035636190271135,20.4,225.7017904433816,225.7,,,,,0.5,155.0,theScore Bet,exp/fallback,0.2961,0.2440931639181859,24.4,0.392156862745098,-37.756243200862585,-37.8,0.2440931639181859,24.4,-37.756243200862585,-37.8,,,,,,,,,,,,,0.5,155.0,FanDuel,exp/fallback,0.3405375,0.264809085260986,26.5,0.392156862745098,-32.47368325844857,-32.5,0.264809085260986,26.5,-32.47368325844857,-32.5,,,,,,,,,,,,,False,True,False,False,True,,,Active roster,2026-10-05T11:43:17+00:00,False,"[{""market"":""Points"",""name"":""Hammer Fists"",""kind"":""FLOOR"",""rule"":""Conf_Points >= 80"",""icon"":""PTS05_HAMMER_FISTS.svg"",""kit_version"":""2026-09-24-frozen-v2""},{""market"":""Points"",""name"":""Echo Stomp II"",""kind"":""TIER"",""rule"":""Conf_Points >= 80 + TOI_per_game >= 19.18"",""icon"":""PTS05_HAMMER_STOMP.svg"",""kit_version"":""2026-09-24-frozen-v2""},{""market"":""Points"",""name"":""Gaia’s Blessing"",""kind"":""TIER"",""rule"":""Conf_Points >= 80 + Assists_mu >= 0.746"",""icon"":""PTS05_GAIAS_BLESSING.svg"",""kit_version"":""2026-09-24-frozen-v2""},{""market"":""Points"",""name"":""Gaia’s Blessing+ (Press)"",""kind"":""HEAVY"",""rule"":""Conf_Points >= 81 + Assists_mu >= 0.746"",""icon"":""PTS05_GAIAS_BLESSING.svg"",""kit_version"":""2026-09-24-frozen-v2""},{""market"":""Points"",""name"":""Gaia’s Blessing++ (Smash)"",""kind"":""HEAVY"",""rule"":""Conf_Points >= 83 + Assists_mu >= 0.746"",""icon"":""PTS05_GAIAS_BLESSING.svg"",""kit_version"":""2026-09-24-frozen-v2""},{""market"":""Assists"",""name"":""Staff (Green Stance)"",""kind"":""STANCE"",""rule"":""Green + Assists 0.5"",""icon"":""staff.svg"",""kit_version"":""2026-09-24-frozen-v2""},{""market"":""Assists"",""name"":""Staff Awakened"",""kind"":""STANCE"",""rule"":""Green + Assists 0.5 + Conf_Assists ≥ 83"",""icon"":""staff.svg"",""kit_version"":""2026-09-24-frozen-v2""},{""market"":""Assists"",""name"":""Assist Dagger"",""kind"":""VOLUME"",""rule"":""Green + Assists 0.5 + Conf_Assists ≥ 83 + Assist_Dagger ≥ 86"",""icon"":""magic-dagger.svg"",""kit_version"":""2026-09-24-frozen-v2""},{""market"":""Goal"",""name"":""Weakened Armor"",""kind"":""WEAK DEFENSE"",""rule"":""Opp_PK_xGA60 >= 7.3"",""icon"":""shattered_armor.svg"",""kit_version"":""2026-09-24-frozen-v2""}]",2025-2026,,2026-09-24-frozen-v2,2026-10-05T11:43:20.192002+00:00,2026020043,,,NO_PLAYER,,,NO_PLAYER,,,NO_PLAYER,,,NO_PLAYER,,,NO_PLAYER,,,NO_PLAYER,,,NO_PLAYER
2026-10-05,SJS@DAL,2026020043,7:00 PM,2026-10-06T00:00:00Z,Mason Marchment,8478975,CBJ,True,"{""season"":""2026-27"",""games"":[{""d"":""2026-10-03"",""g"":0,""a"":0,""s"":1,""pp"":0,""h"":""H"",""toi"":""16:23""},{""d"":""2026-10-01"",""g"":1,""a"":0,""s"":4,""pp"":0,""h"":""H"",""toi"":""12:44""}]}",2026-27,SJS,L,,Healthy,Unknown,,,0.0,0.0,,15.0,9.0,2026-10-05T11:42:57+00:00,DAL,Jake Oettinger,0.8994169096209913,2.5922118851453946,39.3,Unconfirmed,dailyfaceoff_name_and_stats,26.0,6.0,26.0,6.0,,81.9,80.9,A1+A2,17.37,72.8,79.7,1.12,NONE,False,False,24.120778137796272,2.325004045022133,29.8,19.2,24.0,4.8,True,,,2.5,,50.0,1.0,1.0,5.0,1.0,0.0,0.0,1.0,1.0,0.0,0.0,5.0,5.0,LOW,0.1,-0.4,LOW,0.05,,LOW,0.025,,LOW,0.0,,LOW,0.0,,LOW,0.0,,LOW,0.5,,LOW,0.25,,LOW,0.125,,2.1163665681268475,0.7860790110185434,,,0.0,2.2860651211854,2.225097451027253,50.0,32.6,69.9,44.5,7.13,3.14,,6.13,1.85,,HOT,WARM,COOL,4.71,4.28,HOT,Yellow,Yellow,Yellow,Yellow,72.0,61.0,65.0,71.0,POINTS,72.0,1.0,2.0,1.0,1.0,0.0,2.0,,Passenger,12.9,,53.4,,,2.2455882352941177,152.7,2.2455882352941177,0.1292661935465666,12.9,12.9,1.7170923379174852,0.7151277013752456,1.1787819253438114,7.404435233160622,7.373529173090968,53.4,70.5,False,,,,🅿️ D:1,,False,False,1.0,,False,0.0,,False,0.0,,1.5,105.0,Fanatics,2.5,340.0,Fanatics,3.5,900.0,Fanatics,4.5,1300.0,BetOnline.ag,1.5,105.0,Fanatics,0.5,120.0,theScore Bet,1.5,600.0,DraftKings,2.5,2200.0,Fanatics,3.5,4000.0,BetOnline.ag,0.5,120.0,theScore Bet,0.5,200.0,theScore Bet,1.5,1400.0,DraftKings,2.5,3300.0,Bovada,,,,0.5,200.0,theScore Bet,0.5,360.0,theScore Bet,,,,,,,,,,0.5,360.0,theScore Bet,0.5,330.0,FanDuel,,,,,,,,,,0.5,330.0,FanDuel,The Odds API,"[""Bally Bet"", ""BetOnline.ag"", ""BetRivers"", ""Bovada"", ""Courtside"", ""DraftKings"", ""FanDuel"", ""Fanatics"", ""Fliff"", ""Hard Rock Bet"", ""ReBet"", ""draftkings"", ""theScore Bet""]",The Odds API,"[""Bally Bet"", ""BetOnline.ag"", ""BetRivers"", ""Bovada"", ""Caesars"", ""Courtside"", ""DraftKings"", ""FanDuel"", ""Fanatics"", ""Fliff"", ""Hard Rock Bet"", ""ReBet"", ""draftkings"", ""theScore Bet""]",0.5,650.0,Hard Rock Bet,,,,,,,,,,0.5,650.0,Hard Rock Bet,The Odds API,"[""Hard Rock Bet"", ""theScore Bet""]",The Odds API,"[""Bally Bet"", ""BetMGM"", ""BetRivers"", ""Bovada"", ""Caesars"", ""Courtside"", ""DraftKings"", ""FanDuel"", ""Fanatics"", ""fanduel""]",The Odds API,"[""Bally Bet"", ""BetMGM"", ""BetRivers"", ""Bovada"", ""Caesars"", ""Courtside"", ""DraftKings"", ""FanDuel"", ""Fanatics"", ""Fliff"", ""Hard Rock Bet"", ""fanduel"", ""theScore Bet""]",The Odds API,"[""BetOnline.ag"", ""Courtside"", ""DraftKings"", ""FanDuel"", ""Fanatics"", ""Fliff"", ""Hard Rock Bet"", ""ReBet"", ""theScore Bet""]",2026-10-05T11:43:17.763238+00:00,ALTLINE_NB_v1_2026-01-18,1.5,105.0,Fanatics,exp/fallback,0.5,0.0982404443767041,9.8,0.4878048780487805,-79.86070890277566,-79.9,0.0982404443767041,9.8,-79.86070890277566,-79.9,0.0211669780841146,2.1,-90.68652964298958,-90.7,0.0040395411302058,0.4,-95.96045886979412,-96.0,0.0007092061669458,0.1,-99.00711136627586,-99.0,0.5,120.0,theScore Bet,exp/fallback,0.713,0.4708716490396851,47.1,0.4545454545454545,3.591762788730734,3.6,0.4708716490396851,47.1,3.591762788730734,3.6,0.1689481451905359,16.9,18.263701633375145,18.3,0.0526596938960705,5.3,21.11729596096216,21.1,0.0150586290289792,1.5,-38.25962098118506,-38.3,0.5,200.0,theScore Bet,exp/fallback,0.471,0.3448895901481875,34.5,0.3333333333333333,3.4668770444562624,3.5,0.3448895901481875,34.5,3.4668770444562624,3.5,0.0951469733612967,9.5,42.72046004194511,42.7,0.0237414052674325,2.4,-19.27922209072945,-19.3,,,,,0.5,360.0,theScore Bet,exp/fallback,0.2292,0.1969148133839732,19.7,0.217391304347826,-9.419185843372324,-9.4,0.1969148133839732,19.7,-9.419185843372324,-9.4,,,,,,,,,,,,,0.5,330.0,FanDuel,exp/fallback,0.231825,0.1942132577572863,19.4,0.2325581395348837,-16.48829916436686,-16.5,0.1942132577572863,19.4,-16.48829916436686,-16.5,,,,,,,,,,,,,False,False,False,False,False,,,Active roster,2026-10-05T11:43:17+00:00,False,[],2025-2026,,2026-09-24-frozen-v2,2026-10-05T11:43:20.192002+00:00,2026020043,8478975.0,PLAYER_ID,FINAL,0.0,L,OK,0.0,L,OK,1.0,L,OK,0.0,L,OK,0.0,L,OK,0.0,L,OK
2026-10-05,SJS@DAL,2026020043,7:00 PM,2026-10-06T00:00:00Z,Michael Kesselring,8480891,BUF,True,,2026-27,SJS,D,,Healthy,Unknown,,,0.0,0.0,,15.0,9.0,2026-10-05T11:42:57+00:00,DAL,Jake Oettinger,0.8994169096209913,2.5922118851453946,39.3,Unconfirmed,dailyfaceoff_name_and_stats,26.0,6.0,26.0,6.0,,27.8,24.0,A1+A2,13.39,37.4,28.4,0.94,NONE,False,False,24.120778137796272,2.325004045022133,29.8,19.2,24.0,4.8,True,,,,,50.0,,,,,,,,,,,,,,,,,,,,,,,,,,,,,,,,,,,,,,,,0.2848213932513153,0.0,,,0.0,2.2860651211854,2.225097451027253,50.0,32.6,38.0,44.5,1.03,0.47,,,,,COOL,COOL,COOL,0.55,,COOL,Red,Red,Red,Red,31.0,29.0,29.0,26.0,POINTS,31.0,,,,,,,,Passenger,0.0,,53.4,,,0.0009803921568627,0.0333333333333333,0.0009803921568627,7.319304666056724e-05,0.0,0.0,0.0,0.0,0.0,7.404435233160622,7.373529173090968,53.4,25.6,False,,,,,,False,False,0.0,,False,0.0,,False,0.0,,,,,,,,,,,,,,,,,,,,,,,,,,,,,,,,,,,,,,,,,,,,,,,0.5,1900.0,DraftKings,,,,,,,,,,0.5,1900.0,DraftKings,0.5,1900.0,DraftKings,,,,,,,,,,0.5,1900.0,DraftKings,,,,,,,,,,,,,,,,,,,,,,The Odds API,"[""Bally Bet"", ""BetMGM"", ""BetRivers"", ""Bovada"", ""Caesars"", ""Courtside"", ""DraftKings"", ""FanDuel"", ""Fanatics"", ""fanatics""]",The Odds API,"[""Bally Bet"", ""BetMGM"", ""BetRivers"", ""Bovada"", ""Caesars"", ""Courtside"", ""DraftKings"", ""FanDuel"", ""Fanatics"", ""Fliff"", ""Hard Rock Bet"", ""theScore Bet""]",,,2026-10-05T11:43:17.763238+00:00,ALTLINE_NB_v1_2026-01-18,,,,league_avg,2.3,,,,,,,,,,,,,,,,,,,,,,,,,exp/fallback,0.103,,,,,,,,,,,,,,,,,,,,,,,,,exp/fallback,0.055,,,,,,,,,,,,,,,,,,,,,,0.5,1900.0,DraftKings,exp/fallback,0.1988,0.1741079835873404,17.4,0.05,248.2159671746809,248.2,0.1741079835873404,17.4,248.2159671746809,248.2,,,,,,,,,,,,,0.5,1900.0,DraftKings,exp/fallback,0.13555,0.1218234410669462,12.2,0.05,143.6468821338924,143.6,0.1218234410669462,12.2,143.6468821338924,143.6,,,,,,,,,,,,,False,False,True,True,False,,,Active roster,2026-10-05T11:43:17+00:00,False,[],2025-2026,,2026-09-24-frozen-v2,2026-10-05T11:43:20.192002+00:00,2026020043,8480891.0,PLAYER_ID,FINAL,0.0,,NO_LINE,0.0,,NO_LINE,1.0,,NO_LINE,0.0,L,OK,0.0,L,OK,0.0,,NO_LINE
2026-10-05,SJS@DAL,2026020043,7:00 PM,2026-10-06T00:00:00Z,Michael Misa,8485402,SJS,False,,2026-27,SJS,C,,Healthy,Unknown,,,0.0,0.0,,15.0,9.0,2026-10-05T11:42:57+00:00,DAL,Jake Oettinger,0.8994169096209913,2.5922118851453946,39.3,Unconfirmed,dailyfaceoff_name_and_stats,26.0,6.0,26.0,6.0,,65.2,54.3,A1+A2,12.81,33.6,55.1,1.02,NONE,False,False,24.120778137796272,2.325004045022133,29.8,19.2,24.0,4.8,True,,,,,50.0,,,,,,,,,,,,,,,,,,,,,,,,,,,,,,,,,,,,,,,,1.8651037787779683,0.233137972347246,,,0.0,2.2860651211854,2.225097451027253,50.0,32.6,67.3,44.5,4.91,2.19,,,,,COOL,COOL,COOL,2.72,,COOL,Red,Red,Red,Red,49.0,49.0,51.0,48.0,GOAL,51.0,,,,,,,C,Passenger,9.1,,53.4,,0.0,1.1596296296296296,52.18333333333333,1.1596296296296296,0.0905201075486426,9.1,9.1,5.493133184286171,3.782816991376557,2.012136697540722,7.404435233160622,7.373529173090968,53.4,69.0,False,,,,,,False,False,0.0,,False,0.0,,False,0.0,,,,,,,,,,,,,,,,,0.5,163.0,BetRivers,1.5,850.0,BetRivers,,,,,,,0.5,163.0,BetRivers,,,,,,,,,,,,,,,,0.5,425.0,theScore Bet,,,,,,,,,,0.5,425.0,theScore Bet,0.5,425.0,DraftKings,,,,,,,,,,0.5,425.0,DraftKings,,,The Odds API,"[""Bally Bet"", ""BetRivers""]",0.5,700.0,Hard Rock Bet,,,,,,,,,,0.5,700.0,Hard Rock Bet,The Odds API,"[""Hard Rock Bet"", ""theScore Bet""]",The Odds API,"[""Bally Bet"", ""BetMGM"", ""BetRivers"", ""Bovada"", ""Caesars"", ""Courtside"", ""DraftKings"", ""FanDuel"", ""Fanatics"", ""betmgm""]",The Odds API,"[""Bally Bet"", ""BetMGM"", ""BetRivers"", ""Bovada"", ""Caesars"", ""Courtside"", ""DraftKings"", ""FanDuel"", ""Fanatics"", ""Fliff"", ""Hard Rock Bet"", ""theScore Bet""]",,,2026-10-05T11:43:17.763238+00:00,ALTLINE_NB_v1_2026-01-18,,,,league_avg,2.3,,,,,,,,,,,,,,,,,,,,,,0.5,163.0,BetRivers,exp/fallback,0.491,0.3643430678550542,36.4,0.3802281368821292,-4.177773154120745,-4.2,0.3643430678550542,36.4,-4.177773154120745,-4.2,0.0980056068462489,9.8,-6.894673496063519,-6.9,,,,,,,,,,,,exp/fallback,0.272,,,,,,,,,,,,,,,,,,,,,,0.5,425.0,theScore Bet,exp/fallback,0.2676,0.2244822955635959,22.4,0.1904761904761904,17.853205170887843,17.9,0.2244822955635959,22.4,17.853205170887843,17.9,,,,,,,,,,,,,0.5,425.0,DraftKings,exp/fallback,0.24735,0.2049651200199427,20.5,0.1904761904761904,7.606688010469931,7.6,0.2049651200199427,20.5,7.606688010469931,7.6,,,,,,,,,,,,,False,False,True,False,False,,,Active roster,2026-10-05T11:43:17+00:00,False,[],2025-2026,,2026-09-24-frozen-v2,2026-10-05T11:43:20.192002+00:00,2026020043,8485402.0,PLAYER_ID,FINAL,0.0,L,OK,0.0,,NO_LINE,0.0,,NO_LINE,0.0,L,OK,0.0,L,OK,0.0,L,OK
2026-10-05,SJS@DAL,2026020043,7:00 PM,2026-10-06T00:00:00Z,Nolan Allan,8482700,,,,,SJS,D,,Unknown,,,,,,,,,,,,,,,,,,,,,,,,,,,,,,,,,,,,,,,,,,,,,,,,,,,,,,,,,,,,,,,,,,,,,,,,,,,,,,,,,,,,,,,,,,,,,,,,,,,,,,,,,,,,,,,,,,,,,,,,,,,,,,,,,,,,,,,,,,,,,,,,,,,,,,,,,,,,,,,,,,,,,,,,,,,,,,,,,,,,,,,,,,,,,,,,,,,,,,,,,,,,,,,,,,,,,,,,,,,,,,,,,,,,,,,,,,,,,,,,,,,,,,,,,,,,,,,,,,,,,,,,,,,,,,,,,,,,,,,,,,,,,,,,,,,,,,,,,,,,,,,,,,,,,,,,,,,,,,,,,,,,,,,,,,,,,,,,,,,,0.5,2300.0,fanduel,,,,,,,,,,,,,,,,,,,,,,,,,,,,,,,,,,,,,,,,,,,,,,,,,,,,,,,,,Active roster,2026-10-05T11:43:17+00:00,True,[],Unavailable,True,2026-09-24-frozen-v2,2026-10-05T11:43:20.192002+00:00,2026020043,,,NO_PLAYER,,,NO_PLAYER,,,NO_PLAYER,,,NO_PLAYER,,,NO_PLAYER,,,NO_PLAYER,,,NO_PLAYER
2026-10-05,SJS@DAL,2026020043,7:00 PM,2026-10-06T00:00:00Z,Sam Dickinson,8484806,SJS,False,,2026-27,SJS,D,,Healthy,Unknown,,,0.0,0.0,,15.0,9.0,2026-10-05T11:42:57+00:00,DAL,Jake Oettinger,0.8994169096209913,2.5922118851453946,39.3,Unconfirmed,dailyfaceoff_name_and_stats,26.0,6.0,26.0,6.0,,45.3,56.5,A1+A2,16.76,65.7,53.3,1.01,NONE,False,False,24.120778137796272,2.325004045022133,29.8,19.2,24.0,4.8,True,,,,,50.0,,,,,,,,,,,,,,,,,,,,,,,,,,,,,,,,,,,,,,,,0.6037597767918401,0.2195490097424873,,,0.0,2.2860651211854,2.225097451027253,50.0,32.6,40.3,44.5,2.46,0.63,,,,,COOL,COOL,COOL,1.83,,COOL,Red,Red,Red,Red,51.0,41.0,41.0,45.0,POINTS,51.0,,,,,,,C,Passenger,1.8,,53.4,,0.0,0.299537037037037,21.566666666666663,0.299537037037037,0.0178763849363136,1.8,1.8,0.1391035548686244,0.1391035548686244,0.0,7.404435233160622,7.373529173090968,53.4,43.2,False,,,,,,False,False,0.0,,False,0.0,,False,0.0,,,,,,,,,,,,,,,,,,,,,,,,,,,,,,,,,,,,,,,,,,,,,,,,,,,,,,,,,,,,,,,,,,,,,,,,,,,,,,,,,,,,,,,,,,,,,,,,,,,,,,,,2026-10-05T11:43:17.763238+00:00,ALTLINE_NB_v1_2026-01-18,,,,league_avg,2.3,,,,,,,,,,,,,,,,,,,,,,,,,exp/fallback,0.246,,,,,,,,,,,,,,,,,,,,,,,,,exp/fallback,0.183,,,,,,,,,,,,,,,,,,,,,,,,,exp/fallback,0.2052,,,,,,,,,,,,,,,,,,,,,,,,,exp/fallback,0.14595,,,,,,,,,,,,,,,,,,,,,,False,False,False,False,False,,,Active roster,2026-10-05T11:43:17+00:00,False,[],2025-2026,,2026-09-24-frozen-v2,2026-10-05T11:43:20.192002+00:00,2026020043,8484806.0,PLAYER_ID,FINAL,0.0,,NO_LINE,0.0,,NO_LINE,1.0,,NO_LINE,0.0,,NO_LINE,0.0,,NO_LINE,0.0,,NO_LINE
2026-10-05,SJS@DAL,2026020043,7:00 PM,2026-10-06T00:00:00Z,Ty Dellandrea,8480848,SJS,False,,2026-27,SJS,C,,Healthy,Unknown,,,0.0,0.0,,15.0,9.0,2026-10-05T11:42:57+00:00,DAL,Jake Oettinger,0.8994169096209913,2.5922118851453946,39.3,Unconfirmed,dailyfaceoff_name_and_stats,26.0,6.0,26.0,6.0,,55.6,46.6,A1+A2,14.19,44.2,50.2,1.0,NONE,False,False,24.120778137796272,2.325004045022133,29.8,19.2,24.0,4.8,True,,,,,50.0,,,,,,,,,,,,,,,,,,,,,,,,,,,,,,,,,,,,,,,,1.0438816934080803,0.6959211289387203,,,0.0,2.2860651211854,2.225097451027253,50.0,32.6,48.0,44.5,3.4,1.44,,,,,COOL,COOL,COOL,1.96,,COOL,Red,Red,Red,Red,45.0,45.0,46.0,41.0,GOAL,46.0,,,,,,,C,Passenger,0.9,,53.4,,0.0,0.1206521739130434,5.55,0.1206521739130434,0.0085027065672556,0.9,0.9,0.2162162162162162,0.2162162162162162,0.0,7.404435233160622,7.373529173090968,53.4,41.1,False,,,,,,False,False,0.0,,False,0.0,,False,0.0,,,,,,,,,,,,,,,,,,,,,,,,,,,,,,,,,,,,,,,,,,,,,,,,,,,,,,,,,,,,,,,,,,,,,,,,,,,,,,,,,,,,,,,,,,,,,,,,,,,,,,,,2026-10-05T11:43:17.763238+00:00,ALTLINE_NB_v1_2026-01-18,,,,league_avg,2.3,,,,,,,,,,,,,,,,,,,,,,,,,exp/fallback,0.3399999999999999,,,,,,,,,,,,,,,,,,,,,,,,,exp/fallback,0.196,,,,,,,,,,,,,,,,,,,,,,,,,exp/fallback,0.2375999999999999,,,,,,,,,,,,,,,,,,,,,,,,,exp/fallback,0.1986,,,,,,,,,,,,,,,,,,,,,,False,False,False,False,False,,,Active roster,2026-10-05T11:43:17+00:00,False,[],2025-2026,,2026-09-24-frozen-v2,2026-10-05T11:43:20.192002+00:00,2026020043,8480848.0,PLAYER_ID,FINAL,0.0,,NO_LINE,0.0,,NO_LINE,0.0,,NO_LINE,0.0,,NO_LINE,0.0,,NO_LINE,0.0,,NO_LINE
2026-10-05,SJS@DAL,2026020043,7:00 PM,2026-10-06T00:00:00Z,Tyler Toffoli,8475726,SJS,False,"{""season"":""2026-27"",""games"":[{""d"":""2026-10-03"",""g"":1,""a"":1,""s"":3,""pp"":1,""h"":""H"",""toi"":""14:31""},{""d"":""2026-10-01"",""g"":0,""a"":0,""s"":1,""pp"":0,""h"":""H"",""toi"":""9:24""}]}",2026-27,SJS,C,,Healthy,Unknown,,,0.0,0.0,,15.0,9.0,2026-10-05T11:42:57+00:00,DAL,Jake Oettinger,0.8994169096209913,2.5922118851453946,39.3,Unconfirmed,dailyfaceoff_name_and_stats,26.0,6.0,26.0,6.0,,91.1,85.3,A1+A2,14.97,50.2,80.9,1.12,NONE,False,False,24.120778137796272,2.325004045022133,29.8,19.2,24.0,4.8,True,,,2.0,,50.0,2.0,1.0,4.0,1.0,1.0,1.0,2.0,2.0,1.0,1.0,4.0,4.0,LOW,0.2,-0.3,LOW,0.1,,LOW,0.05,,LOW,0.1,,LOW,0.05,,LOW,0.025,,LOW,0.4,,LOW,0.2,,LOW,0.1,,2.0258863252673045,0.718862889610979,,,1.0,2.2860651211854,2.225097451027253,50.0,32.6,69.0,44.5,7.53,3.27,,5.53,2.27,,HOT,WARM,COOL,4.26,3.26,HOT,Yellow,Yellow,Yellow,Yellow,72.0,64.0,69.0,70.0,POINTS,72.0,0.0,0.0,0.0,0.0,1.0,0.0,A,Hybrid,18.5,,53.4,,2.0,2.771729957805907,218.96666666666667,2.771729957805907,0.1851204734394815,18.5,18.5,4.43629167300959,2.80590653067438,1.9181001674531888,7.404435233160622,7.373529173090968,53.4,81.6,False,,,,🅿️ D:0,,False,False,1.0,,False,0.0,,False,0.0,,1.5,100.0,Fanatics,2.5,310.0,Fanatics,3.5,900.0,Fanatics,4.5,1050.0,BetOnline.ag,1.5,100.0,Fanatics,0.5,143.0,BetRivers,1.5,700.0,BetRivers,,,,,,,0.5,143.0,BetRivers,0.5,255.0,BetRivers,,,,,,,,,,0.5,255.0,BetRivers,0.5,400.0,DraftKings,,,,,,,,,,0.5,400.0,DraftKings,0.5,400.0,DraftKings,,,,,,,,,,0.5,400.0,DraftKings,The Odds API,"[""Bally Bet"", ""BetRivers""]",The Odds API,"[""Bally Bet"", ""BetRivers""]",0.5,550.0,Hard Rock Bet,,,,,,,,,,0.5,550.0,Hard Rock Bet,The Odds API,"[""Hard Rock Bet"", ""theScore Bet""]",The Odds API,"[""Bally Bet"", ""BetMGM"", ""BetRivers"", ""Bovada"", ""Caesars"", ""Courtside"", ""DraftKings"", ""FanDuel"", ""Fanatics"", ""fanduel""]",The Odds API,"[""Bally Bet"", ""BetMGM"", ""BetRivers"", ""Bovada"", ""Caesars"", ""Courtside"", ""DraftKings"", ""FanDuel"", ""Fanatics"", ""Fliff"", ""Hard Rock Bet"", ""theScore Bet""]",The Odds API,"[""BetOnline.ag"", ""Courtside"", ""DraftKings"", ""Fanatics"", ""Fliff"", ""Hard Rock Bet"", ""ReBet"", ""theScore Bet""]",2026-10-05T11:43:17.763238+00:00,ALTLINE_NB_v1_2026-01-18,1.5,100.0,Fanatics,exp/fallback,0.4,0.0686180154112674,6.9,0.5,-86.27639691774651,-86.3,0.0686180154112674,6.9,-86.27639691774651,-86.3,0.0121706224058896,1.2,-95.01004481358524,-95.0,0.0019074600412755,0.2,-98.09253995872449,-98.1,0.0002746842105414,0.0,-99.68411315787732,-99.7,0.5,143.0,BetRivers,exp/fallback,0.753,0.4874503889014588,48.7,0.411522633744856,18.4504445030545,18.5,0.4874503889014588,48.7,18.4504445030545,18.5,0.1820015683900414,18.2,45.60125471203317,45.6,,,,,,,,,0.5,255.0,BetRivers,exp/fallback,0.426,0.320360834025999,32.0,0.2816901408450704,13.728096079229646,13.7,0.320360834025999,32.0,13.728096079229646,13.7,,,,,,,,,,,,,0.5,400.0,DraftKings,exp/fallback,0.2330999999999999,0.1997766562387356,20.0,0.2,-0.1116718806321803,-0.1,0.1997766562387356,20.0,-0.1116718806321803,-0.1,,,,,,,,,,,,,0.5,400.0,DraftKings,exp/fallback,0.2381625,0.1986311149974967,19.9,0.2,-0.6844425012516253,-0.7,0.1986311149974967,19.9,-0.6844425012516253,-0.7,,,,,,,,,,,,,False,True,False,False,True,,,Active roster,2026-10-05T11:43:17+00:00,False,[],2025-2026,,2026-09-24-frozen-v2,2026-10-05T11:43:20.192002+00:00,2026020043,8475726.0,PLAYER_ID,FINAL,0.0,L,OK,0.0,L,OK,3.0,W,OK,0.0,L,OK,0.0,L,OK,0.0,L,OK
2026-10-05,SJS@DAL,2026020043,7:00 PM,2026-10-06T00:00:00Z,Will Smith,8484227,SJS,False,"{""season"":""2026-27"",""games"":[{""d"":""2026-10-03"",""g"":0,""a"":0,""s"":2,""pp"":0,""h"":""H"",""toi"":""18:41""},{""d"":""2026-10-01"",""g"":2,""a"":1,""s"":3,""pp"":1,""h"":""H"",""toi"":""20:09""}]}",2026-27,SJS,C,,Healthy,Unknown,,,0.0,0.0,,15.0,9.0,2026-10-05T11:42:57+00:00,DAL,Jake Oettinger,0.8994169096209913,2.5922118851453946,39.3,Unconfirmed,dailyfaceoff_name_and_stats,26.0,6.0,26.0,6.0,,87.2,89.9,A1+A2,18.18,78.1,86.3,1.14,NONE,False,False,24.120778137796272,2.325004045022133,29.8,19.2,24.0,4.8,True,,,2.5,,50.0,3.0,2.0,5.0,2.0,1.0,1.0,3.0,3.0,1.0,1.0,5.0,5.0,LOW,0.3,-0.2,LOW,0.15,,LOW,0.075,,LOW,0.1,,LOW,0.05,,LOW,0.025,,LOW,0.5,,LOW,0.25,,LOW,0.125,,2.260308840997794,0.9774308501612082,,,1.0,2.2860651211854,2.225097451027253,50.0,32.6,71.2,44.5,10.07,3.67,,6.15,1.34,,HOT,COOL,COOL,6.39,4.81,HOT,Yellow,Yellow,Yellow,Yellow,78.0,65.0,70.0,76.0,POINTS,78.0,1.0,1.0,1.0,1.0,1.0,1.0,A,Hybrid,17.1,,53.4,,2.0,3.110628019323672,214.63333333333333,3.110628019323672,0.1710725577193868,17.1,17.1,2.6857431278148782,1.55707407982606,1.3278459388103745,7.404435233160622,7.373529173090968,53.4,77.5,False,,,,🅿️ D:1,,False,False,0.0,,False,0.0,,False,0.0,,1.5,-180.0,theScore Bet,2.5,141.0,BetOnline.ag,3.5,330.0,FanDuel,4.5,800.0,Fanatics,2.5,141.0,BetOnline.ag,0.5,-132.0,theScore Bet,1.5,350.0,BetRivers,2.5,1400.0,Bovada,3.5,3500.0,Fanatics,0.5,-132.0,theScore Bet,0.5,143.0,BetRivers,1.5,750.0,DraftKings,2.5,3000.0,Fanatics,,,,0.5,143.0,BetRivers,0.5,250.0,theScore Bet,,,,,,,,,,0.5,250.0,theScore Bet,0.5,225.0,BetRivers,,,,,,,,,,0.5,225.0,BetRivers,The Odds API,"[""Bally Bet"", ""BetOnline.ag"", ""BetRivers"", ""Bovada"", ""Courtside"", ""DraftKings"", ""FanDuel"", ""Fanatics"", ""Fliff"", ""Hard Rock Bet"", ""ReBet"", ""draftkings"", ""theScore Bet""]",The Odds API,"[""Bally Bet"", ""BetOnline.ag"", ""BetRivers"", ""Bovada"", ""Caesars"", ""Courtside"", ""DraftKings"", ""FanDuel"", ""Fanatics"", ""Fliff"", ""Hard Rock Bet"", ""ReBet"", ""draftkings"", ""theScore Bet""]",0.5,210.0,Hard Rock Bet,1.5,850.0,Bovada,,,,,,,0.5,210.0,Hard Rock Bet,The Odds API,"[""Bovada"", ""Fliff"", ""Hard Rock Bet"", ""theScore Bet""]",The Odds API,"[""Bally Bet"", ""BetMGM"", ""BetRivers"", ""Bovada"", ""Caesars"", ""Courtside"", ""DraftKings"", ""FanDuel"", ""Fanatics"", ""betrivers""]",The Odds API,"[""Bally Bet"", ""BetMGM"", ""BetRivers"", ""Bovada"", ""Caesars"", ""Courtside"", ""DraftKings"", ""FanDuel"", ""Fanatics"", ""Fliff"", ""Hard Rock Bet"", ""fanduel"", ""theScore Bet""]",The Odds API,"[""BetOnline.ag"", ""Courtside"", ""DraftKings"", ""FanDuel"", ""Fanatics"", ""Fliff"", ""Hard Rock Bet"", ""ReBet"", ""fanduel"", ""theScore Bet""]",2026-10-05T11:43:17.763238+00:00,ALTLINE_NB_v1_2026-01-18,2.5,141.0,BetOnline.ag,exp/fallback,0.5,0.0211669780841146,2.1,0.4149377593360996,-94.89875828172838,-94.9,0.0982404443767041,9.8,-84.71815309695714,-84.7,0.0211669780841146,2.1,-94.89875828172838,-94.9,0.0040395411302058,0.4,-98.26299731401149,-98.3,0.0007092061669458,0.1,-99.36171444974876,-99.4,0.5,-132.0,theScore Bet,exp/fallback,1.007,0.5779460706782323,57.8,0.5689655172413793,1.5784003010226533,1.6,0.5779460706782323,57.8,1.5784003010226533,1.6,0.2636954094138455,26.4,18.66293423623048,18.7,0.1057568307396354,10.6,58.635246109453234,58.6,0.039118494674869,3.9,40.8265808295286,40.8,0.5,143.0,BetRivers,exp/fallback,0.639,0.4256439357117513,42.6,0.411522633744856,3.431476377955567,3.4,0.4256439357117513,42.6,3.431476377955567,3.4,0.1474980281102424,14.7,25.3733238937061,25.4,0.0464738324164015,4.6,44.06888049084488,44.1,,,,,0.5,250.0,theScore Bet,exp/fallback,0.2450999999999999,0.2084932968211477,20.8,0.2857142857142857,-27.027346112598305,-27.0,0.2084932968211477,20.8,-27.027346112598305,-27.0,,,,,,,,,,,,,0.5,225.0,BetRivers,exp/fallback,0.2576625,0.211976895747838,21.2,0.3076923076923077,-31.10750888195263,-31.1,0.211976895747838,21.2,-31.10750888195263,-31.1,,,,,,,,,,,,,False,False,False,False,False,,,Active roster,2026-10-05T11:43:17+00:00,False,[],2025-2026,,2026-09-24-frozen-v2,2026-10-05T11:43:20.192002+00:00,2026020043,8484227.0,PLAYER_ID,FINAL,0.0,L,OK,0.0,L,OK,0.0,L,OK,0.0,L,OK,0.0,L,OK,0.0,L,OK
2026-10-05,SJS@DAL,2026020043,7:00 PM,2026-10-06T00:00:00Z,Zack Ostapchuk,8482859,SJS,False,,2026-27,SJS,C,,Healthy,Unknown,,,0.0,0.0,,15.0,9.0,2026-10-05T11:42:57+00:00,DAL,Jake Oettinger,0.8994169096209913,2.5922118851453946,39.3,Unconfirmed,dailyfaceoff_name_and_stats,26.0,6.0,26.0,6.0,,49.4,28.5,A1+A2,10.09,12.1,34.6,0.94,NONE,False,False,24.120778137796272,2.325004045022133,29.8,19.2,24.0,4.8,True,,,,,50.0,,,,,,,,,,,,,,,,,,,,,,,,,,,,,,,,,,,,,,,,0.6934857289626609,0.2311619096542203,,,0.0,2.2860651211854,2.225097451027253,50.0,32.6,41.6,44.5,1.32,0.84,,,,,COOL,COOL,COOL,0.48,,COOL,Red,Red,Red,Red,31.0,39.0,44.0,28.0,GOAL,44.0,,,,,,,C,Passenger,0.3,,53.4,,0.0,0.0347457627118644,2.05,0.0347457627118644,0.0034420999608216,0.3,0.3,0.2926829268292683,0.2926829268292683,0.0,7.404435233160622,7.373529173090968,53.4,35.3,False,,,,,,False,False,0.0,,False,0.0,,False,0.0,,,,,,,,,,,,,,,,,,,,,,,,,,,,,,,,,,,,,,,,,,,,,,,0.5,1400.0,Fanatics,,,,,,,,,,0.5,1400.0,Fanatics,0.5,1400.0,Fanatics,,,,,,,,,,0.5,1400.0,Fanatics,,,,,,,,,,,,,,,,,,,,,,The Odds API,"[""Bally Bet"", ""BetMGM"", ""BetRivers"", ""Bovada"", ""Caesars"", ""Courtside"", ""DraftKings"", ""FanDuel"", ""Fanatics"", ""fanatics""]",The Odds API,"[""Bally Bet"", ""BetMGM"", ""BetRivers"", ""Bovada"", ""Caesars"", ""Courtside"", ""DraftKings"", ""FanDuel"", ""Fanatics"", ""Fliff"", ""Hard Rock Bet"", ""theScore Bet""]",,,2026-10-05T11:43:17.763238+00:00,ALTLINE_NB_v1_2026-01-18,,,,league_avg,2.3,,,,,,,,,,,,,,,,,,,,,,,,,exp/fallback,0.132,,,,,,,,,,,,,,,,,,,,,,,,,exp/fallback,0.048,,,,,,,,,,,,,,,,,,,,,,0.5,1400.0,Fanatics,exp/fallback,0.2135999999999999,0.1853230191762027,18.5,0.0666666666666666,177.98452876430412,178.0,0.1853230191762027,18.5,177.98452876430412,178.0,,,,,,,,,,,,,0.5,1400.0,Fanatics,exp/fallback,0.1596,0.1408853896280385,14.1,0.0666666666666666,111.3280844420578,111.3,0.1408853896280385,14.1,111.3280844420578,111.3,,,,,,,,,,,,,False,False,True,True,False,,,Active roster,2026-10-05T11:43:17+00:00,False,[],2025-2026,,2026-09-24-frozen-v2,2026-10-05T11:43:20.192002+00:00,2026020043,8482859.0,PLAYER_ID,FINAL,0.0,,NO_LINE,0.0,,NO_LINE,1.0,,NO_LINE,0.0,L,OK,0.0,L,OK,0.0,,NO_LINE
2026-10-05,WPG@PIT,2026020042,6:30 PM,2026-10-05T23:30:00Z,Andrei Kuzmenko,8483808,LAK,True,,2026-27,PIT,L,,Healthy,Unknown,,,1.0,0.0,,15.0,9.0,2026-10-05T11:42:57+00:00,WPG,Clay Stevenson,,,50.0,Confirmed,dailyfaceoff_name_only,30.17,6.0,30.17,6.0,,66.0,54.3,A1+A2,14.92,48.7,58.4,1.03,NONE,False,False,26.46218931782126,2.6557377049180326,67.5,67.5,20.0,4.0,True,,,,,50.0,,,,,,,,,,,,,,,,,,,,,,,,,,,,,,,,,,,,,,,,1.087941976427924,0.1978076320778043,,,0.0,2.554356044173969,2.8408175406849194,50.0,72.3,49.7,79.7,4.33,1.95,,,,,COOL,COOL,COOL,2.39,,COOL,Red,Red,Red,Red,53.0,57.0,57.0,51.0,SOG,57.0,,,,,,,,Passenger,18.5,,73.0,,,2.7625,143.65,2.7625,0.1852074693254829,18.5,18.5,1.955795335885833,1.1569787678384964,0.9397841977027498,7.794052863436123,7.923402579501821,73.0,79.3,False,,,,,,False,False,0.0,,False,0.0,,False,0.0,,,,,,,,,,,,,,,,,0.5,128.0,BetRivers,1.5,600.0,BetRivers,,,,,,,0.5,128.0,BetRivers,0.5,235.0,BetRivers,,,,,,,,,,0.5,235.0,BetRivers,0.5,370.0,FanDuel,,,,,,,,,,0.5,370.0,FanDuel,0.5,370.0,FanDuel,,,,,,,,,,0.5,370.0,FanDuel,The Odds API,"[""Bally Bet"", ""BetRivers""]",The Odds API,"[""Bally Bet"", ""BetRivers""]",0.5,550.0,Bovada,,,,,,,,,,0.5,550.0,Bovada,The Odds API,"[""Bovada"", ""Hard Rock Bet"", ""theScore Bet""]",The Odds API,"[""Bally Bet"", ""BetMGM"", ""BetRivers"", ""Bovada"", ""Caesars"", ""Courtside"", ""DraftKings"", ""FanDuel"", ""Fanatics"", ""fanduel""]",The Odds API,"[""Bally Bet"", ""BetMGM"", ""BetRivers"", ""Bovada"", ""Caesars"", ""Courtside"", ""DraftKings"", ""FanDuel"", ""Fanatics"", ""Hard Rock Bet"", ""theScore Bet""]",,,2026-10-05T11:43:17.763238+00:00,ALTLINE_NB_v1_2026-01-18,,,,league_avg,2.3,,,,,,,,,,,,,,,,,,,,,,0.5,128.0,BetRivers,exp/fallback,0.433,0.3318002840595141,33.2,0.4385964912280701,-24.349535234430785,-24.3,0.3318002840595141,33.2,-24.349535234430785,-24.3,0.0805472103742808,8.1,-43.61695273800344,-43.6,,,,,,,,,0.5,235.0,BetRivers,exp/fallback,0.239,0.2020938652787357,20.2,0.2985074626865671,-32.29855513162352,-32.3,0.2020938652787357,20.2,-32.29855513162352,-32.3,,,,,,,,,,,,,0.5,370.0,FanDuel,exp/fallback,0.258,0.2177161452938332,21.8,0.2127659574468085,2.3265882881016164,2.3,0.2177161452938332,21.8,2.3265882881016164,2.3,,,,,,,,,,,,,0.5,370.0,FanDuel,exp/fallback,0.23175,0.1941607349644717,19.4,0.2127659574468085,-8.74445456669829,-8.7,0.1941607349644717,19.4,-8.74445456669829,-8.7,,,,,,,,,,,,,False,False,False,False,False,,,Active roster,2026-10-05T11:43:17+00:00,False,[],2025-2026,,2026-09-24-frozen-v2,2026-10-05T11:43:20.192002+00:00,2026020042,8483808.0,PLAYER_ID,FINAL,0.0,L,OK,0.0,L,OK,1.0,,NO_LINE,0.0,L,OK,0.0,L,OK,0.0,L,OK
2026-10-05,WPG@PIT,2026020042,6:30 PM,2026-10-05T23:30:00Z,Ben Kindel,8485414,PIT,False,"{""season"":""2026-27"",""games"":[{""d"":""2026-10-03"",""g"":1,""a"":0,""s"":5,""pp"":1,""h"":""H"",""toi"":""14:18""}]}",2026-27,PIT,C,,Healthy,Unknown,,,1.0,0.0,,15.0,9.0,2026-10-05T11:42:57+00:00,WPG,Clay Stevenson,,,50.0,Confirmed,dailyfaceoff_name_only,30.17,6.0,30.17,6.0,,89.4,68.0,A1+A2,15.06,51.3,74.3,1.1,NONE,False,False,26.46218931782126,2.6557377049180326,67.5,67.5,20.0,4.0,True,,,5.0,,50.0,1.0,1.0,5.0,1.0,0.0,0.0,1.0,1.0,0.0,0.0,5.0,5.0,LOW,0.1,-0.4,LOW,0.05,,LOW,0.025,,LOW,0.0,,LOW,0.0,,LOW,0.0,,LOW,0.5,,LOW,0.25,,LOW,0.125,,1.4102815221068752,0.5128296444025,,,0.0,2.554356044173969,2.8408175406849194,50.0,72.3,57.8,79.7,5.66,3.09,,4.66,2.09,,HOT,WARM,COOL,2.56,2.56,HOT,Red,Yellow,Yellow,Red,67.0,70.0,76.0,64.0,GOAL,76.0,0.0,1.0,0.0,0.0,1.0,0.0,B,Hybrid,11.7,,73.0,,1.0,1.767965367965368,136.13333333333333,1.767965367965368,0.1173698126221405,11.7,11.7,4.423971596474045,2.2698334965719886,2.534280117531832,7.794052863436123,7.923402579501821,73.0,78.3,False,,,,🥅 D:0,,False,False,1.0,,False,0.0,,False,0.0,,1.5,-164.0,BetOnline.ag,2.5,188.0,FanDuel,3.5,470.0,FanDuel,4.5,1200.0,Fanatics,1.5,-164.0,BetOnline.ag,0.5,125.0,theScore Bet,1.5,650.0,Fanatics,2.5,2500.0,Fanatics,3.5,4000.0,BetOnline.ag,0.5,125.0,theScore Bet,0.5,290.0,Bovada,1.5,1700.0,Fanatics,2.5,3300.0,Bovada,,,,0.5,290.0,Bovada,0.5,310.0,BetMGM,,,,,,,,,,0.5,310.0,BetMGM,0.5,310.0,BetMGM,,,,,,,,,,0.5,310.0,BetMGM,The Odds API,"[""Bally Bet"", ""BetOnline.ag"", ""BetRivers"", ""Bovada"", ""Courtside"", ""DraftKings"", ""FanDuel"", ""Fanatics"", ""Hard Rock Bet"", ""ReBet"", ""draftkings"", ""theScore Bet""]",The Odds API,"[""Bally Bet"", ""BetOnline.ag"", ""BetRivers"", ""Bovada"", ""Caesars"", ""Courtside"", ""DraftKings"", ""FanDuel"", ""Fanatics"", ""Hard Rock Bet"", ""ReBet"", ""draftkings"", ""theScore Bet""]",0.5,300.0,Hard Rock Bet,,,,,,,,,,0.5,300.0,Hard Rock Bet,The Odds API,"[""Bovada"", ""Hard Rock Bet"", ""theScore Bet""]",The Odds API,"[""Bally Bet"", ""BetMGM"", ""BetRivers"", ""Bovada"", ""Caesars"", ""Courtside"", ""DraftKings"", ""FanDuel"", ""Fanatics"", ""betmgm""]",The Odds API,"[""Bally Bet"", ""BetMGM"", ""BetRivers"", ""Bovada"", ""Caesars"", ""Courtside"", ""DraftKings"", ""FanDuel"", ""Fanatics"", ""Hard Rock Bet"", ""theScore Bet""]",The Odds API,"[""BetOnline.ag"", ""Courtside"", ""DraftKings"", ""FanDuel"", ""Fanatics"", ""Hard Rock Bet"", ""ReBet"", ""theScore Bet""]",2026-10-05T11:43:17.763238+00:00,ALTLINE_NB_v1_2026-01-18,1.5,-164.0,BetOnline.ag,exp/fallback,0.5,0.0982404443767041,9.8,0.6212121212121212,-84.18568456375007,-84.2,0.0982404443767041,9.8,-84.18568456375007,-84.2,0.0211669780841146,2.1,-93.903910311775,-93.9,0.0040395411302058,0.4,-97.69746155578264,-97.7,0.0007092061669458,0.1,-99.07803198297044,-99.1,0.5,125.0,theScore Bet,exp/fallback,0.5660000000000001,0.4033301532250258,40.3,0.4444444444444444,-9.25071552436918,-9.3,0.4033301532250258,40.3,-9.25071552436918,-9.3,0.1214545724933376,12.1,-8.90907062999674,-8.9,0.0315701174240267,3.2,-17.91769469753055,-17.9,0.0075079015078006,0.8,-69.21760381801724,-69.2,0.5,290.0,Bovada,exp/fallback,0.256,0.2140737387455357,21.4,0.2564102564102564,-16.51124188924108,-16.5,0.2140737387455357,21.4,-16.51124188924108,-16.5,0.0357074950565794,3.6,-35.72650889815701,-35.7,0.0053472833648422,0.5,-81.81923655953636,-81.8,,,,,0.5,310.0,BetMGM,exp/fallback,0.2276999999999999,0.19581028882429,19.6,0.2439024390243902,-19.71778158204106,-19.7,0.19581028882429,19.6,-19.71778158204106,-19.7,,,,,,,,,,,,,0.5,310.0,BetMGM,exp/fallback,0.2293875,0.192503370953186,19.3,0.2439024390243902,-21.07361790919372,-21.1,0.192503370953186,19.3,-21.07361790919372,-21.1,,,,,,,,,,,,,False,False,False,False,False,,,Active roster,2026-10-05T11:43:17+00:00,False,[],2025-2026,,2026-09-24-frozen-v2,2026-10-05T11:43:20.192002+00:00,2026020042,8485414.0,PLAYER_ID,FINAL,2.0,W,OK,1.0,W,OK,2.0,W,OK,1.0,W,OK,1.0,W,OK,0.0,L,OK
2026-10-05,WPG@PIT,2026020042,6:30 PM,2026-10-05T23:30:00Z,Blake Lizotte,8481481,PIT,False,,2026-27,PIT,C,,Healthy,Unknown,,,1.0,0.0,,15.0,9.0,2026-10-05T11:42:57+00:00,WPG,Clay Stevenson,,,50.0,Confirmed,dailyfaceoff_name_only,30.17,6.0,30.17,6.0,,59.8,54.3,A1+A2,13.87,42.6,54.4,1.02,NONE,False,False,26.46218931782126,2.6557377049180326,67.5,67.5,20.0,4.0,True,,,,,50.0,,,,,,,,,,,,,,,,,,,,,,,,,,,,,,,,,,,,,,,,1.3766730401529637,0.3933351543294182,,,0.0,2.554356044173969,2.8408175406849194,50.0,72.3,56.7,79.7,3.69,1.46,,,,,COOL,COOL,COOL,2.22,,COOL,Red,Red,Red,Red,53.0,53.0,53.0,51.0,POINTS,53.0,,,,,,,C,Passenger,0.3,,73.0,,0.0,0.0418181818181818,2.3,0.0418181818181818,0.0030140217533743,0.3,0.3,0.0,0.0,0.0,7.794052863436123,7.923402579501821,73.0,38.0,False,,,,,,False,False,0.0,,False,0.0,,False,0.0,,,,,,,,,,,,,,,,,0.5,270.0,BetRivers,,,,,,,,,,0.5,270.0,BetRivers,,,,,,,,,,,,,,,,0.5,700.0,FanDuel,,,,,,,,,,0.5,700.0,FanDuel,0.5,700.0,FanDuel,,,,,,,,,,0.5,700.0,FanDuel,,,The Odds API,"[""Bally Bet"", ""BetRivers""]",,,,,,,,,,,,,,,,,,The Odds API,"[""Bally Bet"", ""BetMGM"", ""BetRivers"", ""Bovada"", ""Caesars"", ""Courtside"", ""DraftKings"", ""FanDuel"", ""Fanatics"", ""fanduel""]",The Odds API,"[""Bally Bet"", ""BetMGM"", ""BetRivers"", ""Bovada"", ""Caesars"", ""Courtside"", ""DraftKings"", ""FanDuel"", ""Fanatics"", ""Hard Rock Bet"", ""theScore Bet""]",,,2026-10-05T11:43:17.763238+00:00,ALTLINE_NB_v1_2026-01-18,,,,league_avg,2.3,,,,,,,,,,,,,,,,,,,,,,0.5,270.0,BetRivers,exp/fallback,0.369,0.2932252399697621,29.3,0.2702702702702703,8.493338788811988,8.5,0.2932252399697621,29.3,8.493338788811988,8.5,,,,,,,,,,,,,,,,exp/fallback,0.222,,,,,,,,,,,,,,,,,,,,,,0.5,700.0,FanDuel,exp/fallback,0.2384,0.2036429917824578,20.4,0.125,62.91439342596625,62.9,0.2036429917824578,20.4,62.91439342596625,62.9,,,,,,,,,,,,,0.5,700.0,FanDuel,exp/fallback,0.1999,0.1713344384158959,17.1,0.125,37.067550732716725,37.1,0.1713344384158959,17.1,37.067550732716725,37.1,,,,,,,,,,,,,False,False,True,True,False,,,Active roster,2026-10-05T11:43:17+00:00,False,[],2025-2026,,2026-09-24-frozen-v2,2026-10-05T11:43:20.192002+00:00,2026020042,8481481.0,PLAYER_ID,FINAL,0.0,L,OK,0.0,,NO_LINE,2.0,,NO_LINE,0.0,L,OK,0.0,L,OK,0.0,,NO_LINE
2026-10-05,WPG@PIT,2026020042,6:30 PM,2026-10-05T23:30:00Z,Connor Dewar,8480980,PIT,False,"{""season"":""2026-27"",""games"":[{""d"":""2026-10-03"",""g"":0,""a"":0,""s"":1,""pp"":0,""h"":""H"",""toi"":""13:54""},{""d"":""2026-09-30"",""g"":0,""a"":0,""s"":0,""pp"":0,""h"":""R"",""toi"":""14:51""}]}",2026-27,PIT,C,,Healthy,Unknown,,,1.0,0.0,,15.0,9.0,2026-10-05T11:42:57+00:00,WPG,Clay Stevenson,,,50.0,Confirmed,dailyfaceoff_name_only,30.17,6.0,30.17,6.0,,77.9,63.9,A1+A2,13.92,43.0,66.0,1.06,NONE,False,False,26.46218931782126,2.6557377049180326,67.5,67.5,20.0,4.0,True,,,0.5,,50.0,0.0,0.0,1.0,0.0,0.0,0.0,0.0,0.0,0.0,0.0,1.0,1.0,LOW,0.0,-0.5,LOW,0.0,,LOW,0.0,,LOW,0.0,,LOW,0.0,,LOW,0.0,,LOW,0.1,,LOW,0.05,,LOW,0.025,,1.5378342168113242,0.4893108871672394,,,0.0,2.554356044173969,2.8408175406849194,50.0,72.3,61.0,79.7,4.29,2.11,,4.29,2.11,,HOT,WARM,COOL,2.18,2.18,WARM,Red,Yellow,Red,Red,64.0,63.0,65.0,61.0,GOAL,65.0,2.0,2.0,2.0,2.0,0.0,2.0,C,Passenger,0.2,,73.0,,0.0,0.029059829059829,2.2666666666666666,0.029059829059829,0.0020869778718963,0.2,0.2,4.5,4.5,0.0,7.794052863436123,7.923402579501821,73.0,35.5,False,,,,🥅 D:2,,False,False,1.0,,False,0.0,,False,0.0,,,,,,,,,,,,,,,,,0.5,280.0,BetRivers,,,,,,,,,,0.5,280.0,BetRivers,,,,,,,,,,,,,,,,0.5,600.0,FanDuel,,,,,,,,,,0.5,600.0,FanDuel,0.5,600.0,FanDuel,,,,,,,,,,0.5,600.0,FanDuel,,,The Odds API,"[""Bally Bet"", ""BetRivers""]",,,,,,,,,,,,,,,,,,The Odds API,"[""Bally Bet"", ""BetMGM"", ""BetRivers"", ""Bovada"", ""Caesars"", ""Courtside"", ""DraftKings"", ""FanDuel"", ""Fanatics"", ""fanduel""]",The Odds API,"[""Bally Bet"", ""BetMGM"", ""BetRivers"", ""Bovada"", ""Caesars"", ""Courtside"", ""DraftKings"", ""FanDuel"", ""Fanatics"", ""Hard Rock Bet"", ""theScore Bet""]",,,2026-10-05T11:43:17.763238+00:00,ALTLINE_NB_v1_2026-01-18,,,,exp/fallback,0.1,,,,,,,,,,,,,,,,,,,,,,0.5,280.0,BetRivers,exp/fallback,0.429,0.3294737866938423,32.9,0.2631578947368421,25.20003894366008,25.2,0.3294737866938423,32.9,25.20003894366008,25.2,,,,,,,,,,,,,,,,exp/fallback,0.218,,,,,,,,,,,,,,,,,,,,,,0.5,600.0,FanDuel,exp/fallback,0.1982999999999999,0.1737253321033273,17.4,0.1428571428571428,21.60773247232911,21.6,0.1737253321033273,17.4,21.60773247232911,21.6,,,,,,,,,,,,,0.5,600.0,FanDuel,exp/fallback,0.1816124999999999,0.1577415276630318,15.8,0.1428571428571428,10.41906936412229,10.4,0.1577415276630318,15.8,10.41906936412229,10.4,,,,,,,,,,,,,False,True,True,True,False,,,Active roster,2026-10-05T11:43:17+00:00,False,[],2025-2026,,2026-09-24-frozen-v2,2026-10-05T11:43:20.192002+00:00,2026020042,8480980.0,PLAYER_ID,FINAL,0.0,L,OK,0.0,,NO_LINE,4.0,,NO_LINE,0.0,L,OK,0.0,L,OK,0.0,,NO_LINE
2026-10-05,WPG@PIT,2026020042,6:30 PM,2026-10-05T23:30:00Z,Declan Carlile,8483398,TBL,True,,2026-27,PIT,D,,Healthy,Unknown,,,1.0,0.0,,15.0,9.0,2026-10-05T11:42:57+00:00,WPG,Clay Stevenson,,,50.0,Confirmed,dailyfaceoff_name_only,30.17,6.0,30.17,6.0,,27.6,24.0,A1+A2,14.78,47.9,30.4,0.94,NONE,False,False,26.46218931782126,2.6557377049180326,67.5,67.5,20.0,4.0,True,,,,,50.0,,,,,,,,,,,,,,,,,,,,,,,,,,,,,,,,,,,,,,,,0.2124520507524343,0.0,,,0.0,2.554356044173969,2.8408175406849194,50.0,72.3,37.3,79.7,0.82,0.37,,,,,COOL,COOL,COOL,0.45,,COOL,Red,Red,Red,Red,36.0,36.0,35.0,31.0,POINTS,36.0,,,,,,,,Passenger,0.1,,73.0,,,0.0186507936507936,0.7833333333333333,0.0186507936507936,0.0012620498912488,0.1,0.1,0.0,0.0,0.0,7.794052863436123,7.923402579501821,73.0,32.9,False,,,,,,False,False,0.0,,False,0.0,,False,0.0,,,,,,,,,,,,,,,,,0.5,215.0,BetRivers,,,,,,,,,,0.5,215.0,BetRivers,,,,,,,,,,,,,,,,0.5,1100.0,FanDuel,,,,,,,,,,0.5,1100.0,FanDuel,0.5,1100.0,FanDuel,,,,,,,,,,0.5,1100.0,FanDuel,,,The Odds API,"[""Bally Bet"", ""BetRivers""]",,,,,,,,,,,,,,,,,,The Odds API,"[""Bally Bet"", ""BetMGM"", ""BetRivers"", ""Bovada"", ""Caesars"", ""Courtside"", ""DraftKings"", ""FanDuel"", ""Fanatics"", ""fanduel""]",The Odds API,"[""Bally Bet"", ""BetMGM"", ""BetRivers"", ""Bovada"", ""Caesars"", ""Courtside"", ""DraftKings"", ""FanDuel"", ""Fanatics"", ""Hard Rock Bet"", ""theScore Bet""]",,,2026-10-05T11:43:17.763238+00:00,ALTLINE_NB_v1_2026-01-18,,,,league_avg,2.3,,,,,,,,,,,,,,,,,,,,,,0.5,215.0,BetRivers,exp/fallback,0.0819999999999999,0.0776636714572597,7.8,0.3174603174603174,-75.53594349096319,-75.5,0.0776636714572597,7.8,-75.53594349096319,-75.5,,,,,,,,,,,,,,,,exp/fallback,0.045,,,,,,,,,,,,,,,,,,,,,,0.5,1100.0,FanDuel,exp/fallback,0.1948,0.171039809057226,17.1,0.0833333333333333,105.24777086867124,105.2,0.171039809057226,17.1,105.24777086867124,105.2,,,,,,,,,,,,,0.5,1100.0,FanDuel,exp/fallback,0.12905,0.1165515277701038,11.7,0.0833333333333333,39.86183332412456,39.9,0.1165515277701038,11.7,39.86183332412456,39.9,,,,,,,,,,,,,False,False,True,True,False,,,Active roster,2026-10-05T11:43:17+00:00,False,[],2025-2026,,2026-09-24-frozen-v2,2026-10-05T11:43:20.192002+00:00,2026020042,8483398.0,PLAYER_ID,FINAL,2.0,W,OK,1.0,,NO_LINE,3.0,,NO_LINE,1.0,W,OK,1.0,W,OK,0.0,,NO_LINE
2026-10-05,WPG@PIT,2026020042,6:30 PM,2026-10-05T23:30:00Z,Egor Chinakhov,8482475,PIT,False,"{""season"":""2026-27"",""games"":[{""d"":""2026-10-03"",""g"":0,""a"":1,""s"":2,""pp"":0,""h"":""H"",""toi"":""17:59""},{""d"":""2026-09-30"",""g"":1,""a"":0,""s"":3,""pp"":1,""h"":""R"",""toi"":""16:58""}]}",2026-27,PIT,R,,Healthy,Unknown,,,1.0,0.0,,15.0,9.0,2026-10-05T11:42:57+00:00,WPG,Clay Stevenson,,,50.0,Confirmed,dailyfaceoff_name_only,30.17,6.0,30.17,6.0,,76.5,72.9,A1+A2,13.48,38.1,67.6,1.07,NONE,False,False,26.46218931782126,2.6557377049180326,67.5,67.5,20.0,4.0,True,,,2.5,,50.0,2.0,1.0,5.0,1.0,1.0,1.0,2.0,2.0,1.0,1.0,5.0,5.0,LOW,0.2,-0.3,LOW,0.1,,LOW,0.05,,LOW,0.1,,LOW,0.05,,LOW,0.025,,LOW,0.5,,LOW,0.25,,LOW,0.125,,2.385825390328051,0.5613706800771885,,,1.0,2.554356044173969,2.8408175406849194,50.0,72.3,72.2,79.7,5.34,2.22,,3.34,1.22,,HOT,COOL,COOL,3.12,2.12,WARM,Yellow,Yellow,Red,Yellow,67.0,62.0,65.0,66.0,POINTS,67.0,0.0,0.0,1.0,1.0,1.0,1.0,B,Distributor,8.8,,73.0,,1.0,1.183101851851852,85.18333333333334,1.183101851851852,0.087768103996016,8.8,8.8,2.567403639209548,1.070631970260223,1.7609078458227352,7.794052863436123,7.923402579501821,73.0,70.4,False,,,,🅿️ D:0,,False,False,0.0,,False,0.0,,False,0.0,,2.5,120.0,draftkings,,,,,,,,,,2.5,120.0,draftkings,0.5,-105.0,draftkings,,,,,,,,,,0.5,-105.0,draftkings,0.5,205.0,draftkings,,,,,,,,,,0.5,205.0,draftkings,,,,,,,,,,,,,,,,0.5,240.0,betmgm,,,,,,,,,,0.5,240.0,betmgm,BallDontLie,"[""draftkings""]",BallDontLie,"[""draftkings""]",,,,,,,,,,,,,,,,,,BallDontLie,"[""betmgm""]",,,BallDontLie,"[""draftkings""]",2026-10-05T11:43:17.763238+00:00,ALTLINE_NB_v1_2026-01-18,2.5,120.0,draftkings,exp/fallback,0.5,0.0211669780841146,2.1,0.4545454545454545,-95.34326482149478,-95.3,0.0211669780841146,2.1,-95.34326482149478,-95.3,,,,,,,,,,,,,0.5,-105.0,draftkings,exp/fallback,0.534,0.3871020052455782,38.7,0.5121951219512195,-24.42294183300615,-24.4,0.3871020052455782,38.7,-24.42294183300615,-24.4,,,,,,,,,,,,,0.5,205.0,draftkings,exp/fallback,0.312,0.2516852049185234,25.2,0.3278688524590163,-23.236012499850368,-23.2,0.2516852049185234,25.2,-23.236012499850368,-23.2,,,,,,,,,,,,,,,,exp/fallback,0.2016,,,,,,,,,,,,,,,,,,,,,,0.5,240.0,betmgm,exp/fallback,0.186975,0.161765329887583,16.2,0.2941176470588235,-44.99978783822176,-45.0,0.161765329887583,16.2,-44.99978783822176,-45.0,,,,,,,,,,,,,False,False,False,False,False,,,Active roster,2026-10-05T11:43:17+00:00,False,[],2025-2026,,2026-09-24-frozen-v2,2026-10-05T11:43:20.192002+00:00,2026020042,8482475.0,PLAYER_ID,FINAL,0.0,L,OK,0.0,L,OK,0.0,L,OK,0.0,,NO_LINE,0.0,L,OK,0.0,,NO_LINE
2026-10-05,WPG@PIT,2026020042,6:30 PM,2026-10-05T23:30:00Z,Elmer Soderblom,8481725,PIT,False,,2026-27,PIT,L,,Healthy,Unknown,,,1.0,0.0,,15.0,9.0,2026-10-05T11:42:57+00:00,WPG,Clay Stevenson,,,50.0,Confirmed,dailyfaceoff_name_only,30.17,6.0,30.17,6.0,,60.1,37.3,A1+A2,11.11,17.7,43.6,0.98,NONE,False,False,26.46218931782126,2.6557377049180326,67.5,67.5,20.0,4.0,True,,,,,50.0,,,,,,,,,,,,,,,,,,,,,,,,,,,,,,,,,,,,,,,,1.2304779933743493,0.3786086133459536,,,0.0,2.554356044173969,2.8408175406849194,50.0,72.3,52.9,79.7,2.31,1.31,,,,,COOL,COOL,COOL,0.99,,COOL,Red,Red,Red,Red,42.0,51.0,55.0,40.0,GOAL,55.0,,,,,,,C,Passenger,1.5,,73.0,,0.0,0.1700564971751412,10.033333333333331,0.1700564971751412,0.01530677108495,1.5,1.5,0.1196013289036544,0.1196013289036544,0.0,7.794052863436123,7.923402579501821,73.0,45.6,False,,,,,,False,False,0.0,,False,0.0,,False,0.0,,,,,,,,,,,,,,,,,,,,,,,,,,,,,,,,,,,,,,,,,,,,,,,,,,,,,,,,,,,,,,,,,,,,,,,,,,,,,,,,,,,,,,,,,,,,,,,,,,,,,,,,2026-10-05T11:43:17.763238+00:00,ALTLINE_NB_v1_2026-01-18,,,,league_avg,2.3,,,,,,,,,,,,,,,,,,,,,,,,,exp/fallback,0.231,,,,,,,,,,,,,,,,,,,,,,,,,exp/fallback,0.099,,,,,,,,,,,,,,,,,,,,,,,,,exp/fallback,0.2324,,,,,,,,,,,,,,,,,,,,,,,,,exp/fallback,0.1901499999999999,,,,,,,,,,,,,,,,,,,,,,False,False,False,False,False,,,Active roster,2026-10-05T11:43:17+00:00,False,[],2025-2026,,2026-09-24-frozen-v2,2026-10-05T11:43:20.192002+00:00,2026020042,,,NO_PLAYER,,,NO_PLAYER,,,NO_PLAYER,,,NO_PLAYER,,,NO_PLAYER,,,NO_PLAYER,,,NO_PLAYER
2026-10-05,WPG@PIT,2026020042,6:30 PM,2026-10-05T23:30:00Z,Erik Karlsson,8474578,PIT,False,"{""season"":""2026-27"",""games"":[{""d"":""2026-10-03"",""g"":0,""a"":2,""s"":0,""pp"":1,""h"":""H"",""toi"":""19:38""},{""d"":""2026-09-30"",""g"":0,""a"":1,""s"":3,""pp"":1,""h"":""R"",""toi"":""19:59""}]}",2026-27,PIT,D,,Healthy,Unknown,,,1.0,0.0,,15.0,9.0,2026-10-05T11:42:57+00:00,WPG,Clay Stevenson,,,50.0,Confirmed,dailyfaceoff_name_only,30.17,6.0,30.17,6.0,,69.6,97.3,A1+A2,23.6,97.7,84.9,1.14,NONE,False,False,26.46218931782126,2.6557377049180326,67.5,67.5,20.0,4.0,True,,,1.5,,50.0,3.0,0.0,3.0,0.0,3.0,3.0,3.0,3.0,3.0,3.0,3.0,3.0,LOW,0.3,-0.2,LOW,0.15,,LOW,0.075,,LOW,0.3,,LOW,0.15,,LOW,0.075,,LOW,0.3,,LOW,0.15,,LOW,0.075,,1.4683576572557515,0.5965202982601492,,,3.0,2.554356044173969,2.8408175406849194,50.0,72.3,59.3,79.7,10.44,1.73,,6.49,1.73,,HOT,WARM,COOL,8.52,4.75,HOT,Green,Red,Red,Green,87.0,63.0,62.0,82.0,POINTS,87.0,0.0,0.0,2.0,1.0,2.0,0.0,A,Distributor,13.3,,73.0,,2.0,3.128,234.6,3.128,0.1325398768384776,13.3,13.3,3.992966751918159,0.6777493606138107,3.900255754475704,7.794052863436123,7.923402579501821,73.0,85.2,False,,,,🅿️ D:0,,False,False,1.0,,False,0.0,,False,0.0,,1.5,-360.0,DraftKings,2.5,-110.0,theScore Bet,3.5,210.0,Fanatics,4.5,460.0,Fanatics,1.5,-360.0,DraftKings,0.5,-135.0,theScore Bet,1.5,350.0,DraftKings,2.5,1400.0,DraftKings,,,,0.5,-135.0,theScore Bet,0.5,105.0,DraftKings,1.5,575.0,Bovada,2.5,2200.0,Fanatics,,,,0.5,105.0,DraftKings,0.5,425.0,theScore Bet,,,,,,,,,,0.5,425.0,theScore Bet,0.5,380.0,FanDuel,,,,,,,,,,0.5,380.0,FanDuel,The Odds API,"[""Bally Bet"", ""BetRivers"", ""Bovada"", ""Courtside"", ""DraftKings"", ""FanDuel"", ""Fanatics"", ""Hard Rock Bet"", ""draftkings"", ""theScore Bet""]",The Odds API,"[""Bally Bet"", ""BetRivers"", ""Bovada"", ""Caesars"", ""Courtside"", ""DraftKings"", ""FanDuel"", ""Fanatics"", ""Hard Rock Bet"", ""draftkings"", ""theScore Bet""]",0.5,185.0,Bovada,1.5,700.0,Bovada,,,,,,,0.5,185.0,Bovada,The Odds API,"[""Bovada"", ""Hard Rock Bet"", ""theScore Bet""]",The Odds API,"[""Bally Bet"", ""BetMGM"", ""BetRivers"", ""Bovada"", ""Caesars"", ""Courtside"", ""DraftKings"", ""FanDuel"", ""Fanatics"", ""betrivers""]",The Odds API,"[""Bally Bet"", ""BetMGM"", ""BetRivers"", ""Bovada"", ""Caesars"", ""Courtside"", ""DraftKings"", ""FanDuel"", ""Fanatics"", ""Hard Rock Bet"", ""theScore Bet""]",The Odds API,"[""Courtside"", ""DraftKings"", ""FanDuel"", ""Fanatics"", ""Hard Rock Bet"", ""theScore Bet""]",2026-10-05T11:43:17.763238+00:00,ALTLINE_NB_v1_2026-01-18,1.5,-360.0,DraftKings,exp/fallback,0.3,0.0422318805185903,4.2,0.782608695652174,-94.60370415595789,-94.6,0.0422318805185903,4.2,-94.60370415595789,-94.6,0.0057840451049215,0.6,-98.89577320724224,-98.9,0.0006983006285956,0.1,-99.78352680513537,-99.8,7.736670997449124e-05,0.0,-99.95667464241428,-100.0,0.5,-135.0,theScore Bet,exp/fallback,1.044,0.5892825574296378,58.9,0.574468085106383,2.5788155525665712,2.6,0.5892825574296378,58.9,2.5788155525665712,2.6,0.275243440655463,27.5,23.859548294958365,23.9,0.1131639287243359,11.3,69.74589308650384,69.7,,,,,0.5,105.0,DraftKings,exp/fallback,0.852,0.5082312257435051,50.8,0.4878048780487805,4.187401277418545,4.2,0.5082312257435051,50.8,4.187401277418545,4.2,0.2144114531863287,21.4,44.72773090077188,44.7,0.0827488762830778,8.3,90.32241545107895,90.3,,,,,0.5,425.0,theScore Bet,exp/fallback,0.1868999999999999,0.1649331121257889,16.5,0.1904761904761904,-13.41011613396078,-13.4,0.1649331121257889,16.5,-13.41011613396078,-13.4,,,,,,,,,,,,,0.5,380.0,FanDuel,exp/fallback,0.1630875,0.1435928848695444,14.4,0.2083333333333333,-31.07541526261865,-31.1,0.1435928848695444,14.4,-31.07541526261865,-31.1,,,,,,,,,,,,,False,False,False,False,False,,,Active roster,2026-10-05T11:43:17+00:00,False,"[{""market"":""Points"",""name"":""Hammer Fists"",""kind"":""FLOOR"",""rule"":""Conf_Points >= 80"",""icon"":""PTS05_HAMMER_FISTS.svg"",""kit_version"":""2026-09-24-frozen-v2""},{""market"":""Points"",""name"":""Echo Stomp II"",""kind"":""TIER"",""rule"":""Conf_Points >= 80 + TOI_per_game >= 19.18"",""icon"":""PTS05_HAMMER_STOMP.svg"",""kit_version"":""2026-09-24-frozen-v2""},{""market"":""Points"",""name"":""Gaia’s Blessing"",""kind"":""TIER"",""rule"":""Conf_Points >= 80 + Assists_mu >= 0.746"",""icon"":""PTS05_GAIAS_BLESSING.svg"",""kit_version"":""2026-09-24-frozen-v2""},{""market"":""Points"",""name"":""Gaia’s Blessing+ (Press)"",""kind"":""HEAVY"",""rule"":""Conf_Points >= 81 + Assists_mu >= 0.746"",""icon"":""PTS05_GAIAS_BLESSING.svg"",""kit_version"":""2026-09-24-frozen-v2""},{""market"":""Points"",""name"":""Gaia’s Blessing++ (Smash)"",""kind"":""HEAVY"",""rule"":""Conf_Points >= 83 + Assists_mu >= 0.746"",""icon"":""PTS05_GAIAS_BLESSING.svg"",""kit_version"":""2026-09-24-frozen-v2""},{""market"":""Points"",""name"":""Blood Stomp"",""kind"":""CRIT"",""rule"":""Conf_Points >= 83 + TOI_per_game >= 19.18 + Opp_PK_xGA60 >= 7.784"",""icon"":""PTS05_BLEED_ENV.svg"",""kit_version"":""2026-09-24-frozen-v2""},{""market"":""Assists"",""name"":""Staff (Green Stance)"",""kind"":""STANCE"",""rule"":""Green + Assists 0.5"",""icon"":""staff.svg"",""kit_version"":""2026-09-24-frozen-v2""}]",2025-2026,,2026-09-24-frozen-v2,2026-10-05T11:43:20.192002+00:00,2026020042,8474578.0,PLAYER_ID,FINAL,1.0,W,OK,1.0,W,OK,1.0,L,OK,0.0,L,OK,0.0,L,OK,0.0,L,OK
2026-10-05,WPG@PIT,2026020042,6:30 PM,2026-10-05T23:30:00Z,Evgeni Malkin,8471215,PIT,False,"{""season"":""2026-27"",""games"":[{""d"":""2026-10-03"",""g"":1,""a"":2,""s"":1,""pp"":1,""h"":""H"",""toi"":""19:41""},{""d"":""2026-09-30"",""g"":1,""a"":0,""s"":2,""pp"":1,""h"":""R"",""toi"":""15:47""}]}",2026-27,PIT,C,,Healthy,Unknown,,,1.0,0.0,,15.0,9.0,2026-10-05T11:42:57+00:00,WPG,Clay Stevenson,,,50.0,Confirmed,dailyfaceoff_name_only,30.17,6.0,30.17,6.0,,84.4,94.4,A1+A2,17.59,74.0,85.8,1.14,NONE,False,False,26.46218931782126,2.6557377049180326,67.5,67.5,20.0,4.0,True,,,1.5,,50.0,4.0,2.0,3.0,2.0,2.0,2.0,4.0,4.0,2.0,2.0,3.0,3.0,LOW,0.4,-0.1,LOW,0.2,,LOW,0.1,,LOW,0.2,,LOW,0.1,,LOW,0.05,,LOW,0.3,,LOW,0.15,,LOW,0.075,,2.495937601559961,1.1699707507312318,,,2.0,2.554356044173969,2.8408175406849194,50.0,72.3,73.3,79.7,16.71,4.18,,8.38,1.8,,HOT,WARM,COOL,11.57,6.57,HOT,Green,Yellow,Yellow,Green,84.0,69.0,73.0,82.0,POINTS,84.0,0.0,0.0,0.0,2.0,2.0,0.0,B,Distributor,17.4,,73.0,,1.0,3.052678571428572,170.95,3.052678571428572,0.1735092616087287,17.4,17.4,5.758701374670957,1.6566247440772155,4.825972506580872,7.794052863436123,7.923402579501821,73.0,92.6,False,,,,🅿️ D:0,,False,False,1.0,,False,0.0,,False,0.0,,1.5,-167.0,BetOnline.ag,2.5,152.0,BetOnline.ag,3.5,300.0,DraftKings,4.5,700.0,Fanatics,2.5,152.0,BetOnline.ag,0.5,-135.0,theScore Bet,1.5,310.0,DraftKings,2.5,1200.0,Fanatics,3.5,4000.0,Fanatics,0.5,-135.0,theScore Bet,0.5,140.0,Hard Rock Bet,1.5,750.0,Bovada,2.5,3000.0,Fanatics,,,,0.5,140.0,Hard Rock Bet,0.5,230.0,theScore Bet,,,,,,,,,,0.5,230.0,theScore Bet,0.5,230.0,DraftKings,,,,,,,,,,0.5,230.0,DraftKings,The Odds API,"[""Bally Bet"", ""BetOnline.ag"", ""BetRivers"", ""Bovada"", ""Courtside"", ""DraftKings"", ""FanDuel"", ""Fanatics"", ""Hard Rock Bet"", ""ReBet"", ""draftkings"", ""theScore Bet""]",The Odds API,"[""Bally Bet"", ""BetOnline.ag"", ""BetRivers"", ""Bovada"", ""Caesars"", ""Courtside"", ""DraftKings"", ""FanDuel"", ""Fanatics"", ""Hard Rock Bet"", ""ReBet"", ""draftkings"", ""theScore Bet""]",0.5,330.0,Bovada,,,,,,,,,,0.5,330.0,Bovada,The Odds API,"[""Bovada"", ""Hard Rock Bet"", ""theScore Bet""]",The Odds API,"[""Bally Bet"", ""BetMGM"", ""BetRivers"", ""Bovada"", ""Caesars"", ""Courtside"", ""DraftKings"", ""FanDuel"", ""Fanatics"", ""betmgm""]",The Odds API,"[""Bally Bet"", ""BetMGM"", ""BetRivers"", ""Bovada"", ""Caesars"", ""Courtside"", ""DraftKings"", ""FanDuel"", ""Fanatics"", ""Hard Rock Bet"", ""theScore Bet""]",The Odds API,"[""BetOnline.ag"", ""Courtside"", ""DraftKings"", ""FanDuel"", ""Fanatics"", ""Hard Rock Bet"", ""ReBet"", ""draftkings"", ""theScore Bet""]",2026-10-05T11:43:17.763238+00:00,ALTLINE_NB_v1_2026-01-18,2.5,152.0,BetOnline.ag,exp/fallback,0.3,0.0057840451049215,0.6,0.3968253968253968,-98.54242063355976,-98.5,0.0422318805185903,4.2,-93.24795682726727,-93.2,0.0057840451049215,0.6,-98.54242063355976,-98.5,0.0006983006285956,0.1,-99.72067974856174,-99.7,7.736670997449124e-05,0.0,-99.9381066320204,-99.9,0.5,-135.0,theScore Bet,exp/fallback,1.671,0.7317095306778278,73.2,0.574468085106383,27.37165904391817,27.4,0.7317095306778278,73.2,27.37165904391817,27.4,0.4488352055130805,44.9,84.02243426036303,84.0,0.2475158231037373,24.8,221.7705700348585,221.8,0.1272335735511568,12.7,421.65765155974304,421.7,0.5,140.0,Hard Rock Bet,exp/fallback,1.157,0.5986614959551602,59.9,0.4166666666666667,43.67875902923844,43.7,0.5986614959551602,59.9,43.67875902923844,43.7,0.3044906697404754,30.4,158.8170692794041,158.8,0.1427759187440911,14.3,342.6053481066825,342.6,,,,,0.5,230.0,theScore Bet,exp/fallback,0.2604,0.2194154073227548,21.9,0.303030303030303,-27.592915583490896,-27.6,0.2194154073227548,21.9,-27.592915583490896,-27.6,,,,,,,,,,,,,0.5,230.0,DraftKings,exp/fallback,0.2825249999999999,0.2284684243174999,22.8,0.303030303030303,-24.60541997522503,-24.6,0.2284684243174999,22.8,-24.60541997522503,-24.6,,,,,,,,,,,,,False,True,False,False,True,,,Active roster,2026-10-05T11:43:17+00:00,False,"[{""market"":""Points"",""name"":""Hammer Fists"",""kind"":""FLOOR"",""rule"":""Conf_Points >= 80"",""icon"":""PTS05_HAMMER_FISTS.svg"",""kit_version"":""2026-09-24-frozen-v2""},{""market"":""Points"",""name"":""Gaia’s Blessing"",""kind"":""TIER"",""rule"":""Conf_Points >= 80 + Assists_mu >= 0.746"",""icon"":""PTS05_GAIAS_BLESSING.svg"",""kit_version"":""2026-09-24-frozen-v2""},{""market"":""Points"",""name"":""Gaia’s Blessing+ (Press)"",""kind"":""HEAVY"",""rule"":""Conf_Points >= 81 + Assists_mu >= 0.746"",""icon"":""PTS05_GAIAS_BLESSING.svg"",""kit_version"":""2026-09-24-frozen-v2""},{""market"":""Points"",""name"":""Gaia’s Blessing++ (Smash)"",""kind"":""HEAVY"",""rule"":""Conf_Points >= 83 + Assists_mu >= 0.746"",""icon"":""PTS05_GAIAS_BLESSING.svg"",""kit_version"":""2026-09-24-frozen-v2""},{""market"":""Assists"",""name"":""Staff (Green Stance)"",""kind"":""STANCE"",""rule"":""Green + Assists 0.5"",""icon"":""staff.svg"",""kit_version"":""2026-09-24-frozen-v2""}]",2025-2026,,2026-09-24-frozen-v2,2026-10-05T11:43:20.192002+00:00,2026020042,8471215.0,PLAYER_ID,FINAL,0.0,L,OK,0.0,L,OK,4.0,W,OK,0.0,L,OK,0.0,L,OK,0.0,L,OK
2026-10-05,WPG@PIT,2026020042,6:30 PM,2026-10-05T23:30:00Z,Filip Hallander,8480842,PIT,False,,2026-27,PIT,C,,Healthy,Unknown,,,1.0,0.0,,15.0,9.0,2026-10-05T11:42:57+00:00,WPG,Clay Stevenson,,,50.0,Confirmed,dailyfaceoff_name_only,30.17,6.0,30.17,6.0,,37.0,28.5,A1+A2,13.14,35.1,33.6,0.94,NONE,False,False,26.46218931782126,2.6557377049180326,67.5,67.5,20.0,4.0,True,,,,,50.0,,,,,,,,,,,,,,,,,,,,,,,,,,,,,,,,,,,,,,,,0.0196035722064909,0.0130690481376606,,,0.0,2.554356044173969,2.8408175406849194,50.0,72.3,34.2,79.7,4.61,2.44,,,,,COOL,COOL,COOL,2.17,,COOL,Red,Red,Red,Red,37.0,40.0,39.0,33.0,SOG,40.0,,,,,,,C,Passenger,2.6,,73.0,,0.0,0.3435897435897436,4.466666666666667,0.3435897435897436,0.0261437908496732,2.6,2.6,0.0,0.0,0.0,7.794052863436123,7.923402579501821,73.0,47.0,False,,,,,,False,False,0.0,,False,0.0,,False,0.0,,,,,,,,,,,,,,,,,0.5,260.0,BetRivers,,,,,,,,,,0.5,260.0,BetRivers,,,,,,,,,,,,,,,,0.5,650.0,FanDuel,,,,,,,,,,0.5,650.0,FanDuel,0.5,650.0,FanDuel,,,,,,,,,,0.5,650.0,FanDuel,,,The Odds API,"[""Bally Bet"", ""BetRivers""]",,,,,,,,,,,,,,,,,,The Odds API,"[""Bally Bet"", ""BetMGM"", ""BetRivers"", ""Bovada"", ""Caesars"", ""Courtside"", ""DraftKings"", ""FanDuel"", ""Fanatics"", ""fanduel""]",The Odds API,"[""Bally Bet"", ""BetMGM"", ""BetRivers"", ""Bovada"", ""Caesars"", ""Courtside"", ""DraftKings"", ""FanDuel"", ""Fanatics"", ""Hard Rock Bet"", ""theScore Bet""]",,,2026-10-05T11:43:17.763238+00:00,ALTLINE_NB_v1_2026-01-18,,,,league_avg,2.3,,,,,,,,,,,,,,,,,,,,,,0.5,260.0,BetRivers,exp/fallback,0.461,0.3477845633055999,34.8,0.2777777777777778,25.20244279001598,25.2,0.3477845633055999,34.8,25.20244279001598,25.2,,,,,,,,,,,,,,,,exp/fallback,0.217,,,,,,,,,,,,,,,,,,,,,,0.5,650.0,FanDuel,exp/fallback,0.2776,0.2314435654520066,23.1,0.1333333333333333,73.58267408900497,73.6,0.2314435654520066,23.1,73.58267408900497,73.6,,,,,,,,,,,,,0.5,650.0,FanDuel,exp/fallback,0.2636,0.2159678245703229,21.6,0.1333333333333333,61.975868427742206,62.0,0.2159678245703229,21.6,61.975868427742206,62.0,,,,,,,,,,,,,False,True,True,True,False,,,Active roster,2026-10-05T11:43:17+00:00,False,[],2025-2026,,2026-09-24-frozen-v2,2026-10-05T11:43:20.192002+00:00,2026020042,,,NO_PLAYER,,,NO_PLAYER,,,NO_PLAYER,,,NO_PLAYER,,,NO_PLAYER,,,NO_PLAYER,,,NO_PLAYER
2026-10-05,WPG@PIT,2026020042,6:30 PM,2026-10-05T23:30:00Z,Hendrix Lapierre,8482148,WSH,True,,2026-27,PIT,C,,Healthy,Unknown,,,1.0,0.0,,15.0,9.0,2026-10-05T11:42:57+00:00,WPG,Clay Stevenson,,,50.0,Confirmed,dailyfaceoff_name_only,30.17,6.0,30.17,6.0,,62.5,54.3,A1+A2,8.83,6.4,48.4,0.99,NONE,False,False,26.46218931782126,2.6557377049180326,67.5,67.5,20.0,4.0,True,,,,,50.0,,,,,,,,,,,,,,,,,,,,,,,,,,,,,,,,,,,,,,,,1.4107688690336233,0.4702562896778744,,,0.0,2.554356044173969,2.8408175406849194,50.0,72.3,58.0,79.7,2.78,1.17,,,,,COOL,COOL,COOL,1.61,,COOL,Red,Red,Red,Red,50.0,52.0,53.0,48.0,GOAL,53.0,,,,,,,,Passenger,1.5,,73.0,,,0.1337837837837837,9.9,0.1337837837837837,0.0151441756112485,1.5,1.5,0.0,0.0,0.0,7.794052863436123,7.923402579501821,73.0,45.6,False,,,,,,False,False,0.0,,False,0.0,,False,0.0,,,,,,,,,,,,,,,,,0.5,180.0,BetRivers,,,,,,,,,,0.5,180.0,BetRivers,,,,,,,,,,,,,,,,0.5,600.0,theScore Bet,,,,,,,,,,0.5,600.0,theScore Bet,0.5,550.0,DraftKings,,,,,,,,,,0.5,550.0,DraftKings,,,The Odds API,"[""Bally Bet"", ""BetRivers""]",0.5,750.0,Hard Rock Bet,,,,,,,,,,0.5,750.0,Hard Rock Bet,The Odds API,"[""Bovada"", ""Hard Rock Bet"", ""theScore Bet""]",The Odds API,"[""Bally Bet"", ""BetMGM"", ""BetRivers"", ""Bovada"", ""Caesars"", ""Courtside"", ""DraftKings"", ""FanDuel"", ""Fanatics"", ""betmgm""]",The Odds API,"[""Bally Bet"", ""BetMGM"", ""BetRivers"", ""Bovada"", ""Caesars"", ""Courtside"", ""DraftKings"", ""FanDuel"", ""Fanatics"", ""Hard Rock Bet"", ""theScore Bet""]",,,2026-10-05T11:43:17.763238+00:00,ALTLINE_NB_v1_2026-01-18,,,,league_avg,2.3,,,,,,,,,,,,,,,,,,,,,,0.5,180.0,BetRivers,exp/fallback,0.2779999999999999,0.2330189552929013,23.3,0.3571428571428571,-34.75469251798764,-34.8,0.2330189552929013,23.3,-34.75469251798764,-34.8,,,,,,,,,,,,,,,,exp/fallback,0.161,,,,,,,,,,,,,,,,,,,,,,0.5,600.0,theScore Bet,exp/fallback,0.2268,0.1951465530220431,19.5,0.1428571428571428,36.60258711543016,36.6,0.1951465530220431,19.5,36.60258711543016,36.6,,,,,,,,,,,,,0.5,550.0,DraftKings,exp/fallback,0.18105,0.157317603950434,15.7,0.1538461538461538,2.2564425677821243,2.3,0.157317603950434,15.7,2.2564425677821243,2.3,,,,,,,,,,,,,False,False,True,False,False,,,Active roster,2026-10-05T11:43:17+00:00,False,[],2025-2026,,2026-09-24-frozen-v2,2026-10-05T11:43:20.192002+00:00,2026020042,8482148.0,PLAYER_ID,FINAL,0.0,L,OK,0.0,,NO_LINE,0.0,,NO_LINE,0.0,L,OK,0.0,L,OK,0.0,L,OK
2026-10-05,WPG@PIT,2026020042,6:30 PM,2026-10-05T23:30:00Z,Ilya Solovyov,8482470,PIT,False,,2026-27,PIT,D,,Healthy,Unknown,,,1.0,0.0,,15.0,9.0,2026-10-05T11:42:57+00:00,WPG,Clay Stevenson,,,50.0,Confirmed,dailyfaceoff_name_only,30.17,6.0,30.17,6.0,,21.3,40.6,A1+A2,12.75,32.8,30.3,0.94,NONE,False,False,26.46218931782126,2.6557377049180326,67.5,67.5,20.0,4.0,True,,,,,50.0,,,,,,,,,,,,,,,,,,,,,,,,,,,,,,,,,,,,,,,,1.2862310749854853,0.482336653119557,,,0.0,2.554356044173969,2.8408175406849194,50.0,72.3,54.2,79.7,2.48,0.29,,,,,COOL,COOL,COOL,2.19,,COOL,Red,Red,Red,Red,45.0,32.0,30.0,40.0,POINTS,45.0,,,,,,,C,Passenger,0.1,,73.0,,0.0,0.01,0.3,0.01,0.0007845188284518,0.1,0.1,0.0,0.0,0.0,7.794052863436123,7.923402579501821,73.0,32.9,False,,,,,,False,False,0.0,,False,0.0,,False,0.0,,,,,,,,,,,,,,,,,,,,,,,,,,,,,,,,,,,,,,,,,,,,,,,,,,,,,,,,,,,,,,,,,,,,,,,,,,,,,,,,,,,,,,,,,,,,,,,,,,,,,,,,2026-10-05T11:43:17.763238+00:00,ALTLINE_NB_v1_2026-01-18,,,,league_avg,2.3,,,,,,,,,,,,,,,,,,,,,,,,,exp/fallback,0.248,,,,,,,,,,,,,,,,,,,,,,,,,exp/fallback,0.219,,,,,,,,,,,,,,,,,,,,,,,,,exp/fallback,0.1916,,,,,,,,,,,,,,,,,,,,,,,,,exp/fallback,0.1238499999999999,,,,,,,,,,,,,,,,,,,,,,False,False,False,False,False,,,Active roster,2026-10-05T11:43:17+00:00,False,[],2025-2026,,2026-09-24-frozen-v2,2026-10-05T11:43:20.192002+00:00,2026020042,,,NO_PLAYER,,,NO_PLAYER,,,NO_PLAYER,,,NO_PLAYER,,,NO_PLAYER,,,NO_PLAYER,,,NO_PLAYER
2026-10-05,WPG@PIT,2026020042,6:30 PM,2026-10-05T23:30:00Z,Justin Brazeau,8479638,PIT,False,"{""season"":""2026-27"",""games"":[]}",2026-27,PIT,R,,GTD,Unknown,,,1.0,-1.0,🟡 GTD,15.0,9.0,2026-10-05T11:42:57+00:00,WPG,Clay Stevenson,,,50.0,Confirmed,dailyfaceoff_name_only,30.17,6.0,30.17,6.0,,75.5,66.1,A1+A2,12.65,30.9,63.3,1.05,NONE,False,False,26.46218931782126,2.6557377049180326,67.5,67.5,20.0,4.0,True,,,0.0,,50.0,0.0,0.0,0.0,0.0,0.0,0.0,0.0,0.0,0.0,0.0,0.0,0.0,LOW,0.0,,LOW,0.0,,LOW,0.0,,LOW,0.0,,LOW,0.0,,LOW,0.0,,LOW,0.0,,LOW,0.0,,LOW,0.0,,2.20949263502455,0.7364975450081833,,,0.0,2.554356044173969,2.8408175406849194,50.0,72.3,70.7,79.7,5.15,2.36,,5.15,2.36,,HOT,WARM,COOL,2.8,2.8,HOT,Red,Yellow,Red,Red,63.0,59.0,60.0,61.0,POINTS,63.0,1.0,1.0,1.0,1.0,0.0,1.0,C,Passenger,7.8,,73.0,,0.0,0.9856770833333334,63.083333333333336,0.9856770833333334,0.077890274519488,7.8,7.8,3.0982826948480846,1.6834874504623514,1.6644649933949802,7.794052863436123,7.923402579501821,73.0,68.4,False,,,,🅿️ D:1,,False,False,1.0,,False,0.0,,False,0.0,,,,,,,,,,,,,,,,,,,,,,,,,,,,,,,,,,,,,,,,,,,,,,,,,,,,,,,,,,,,,,,,,,,,,,,,,,,,,,,,,,,,,,,,,,,,,,,,,,,,,,,,2026-10-05T11:43:17.763238+00:00,ALTLINE_NB_v1_2026-01-18,,,,league_avg,2.3,,,,,,,,,,,,,,,,,,,,,,,,,exp/fallback,0.515,,,,,,,,,,,,,,,,,,,,,,,,,exp/fallback,0.2799999999999999,,,,,,,,,,,,,,,,,,,,,,,,,exp/fallback,0.2744,,,,,,,,,,,,,,,,,,,,,,,,,exp/fallback,0.2584,,,,,,,,,,,,,,,,,,,,,,False,False,False,False,False,,,Active roster,2026-10-05T11:43:17+00:00,False,[],2025-2026,,2026-09-24-frozen-v2,2026-10-05T11:43:20.192002+00:00,2026020042,,,NO_PLAYER,,,NO_PLAYER,,,NO_PLAYER,,,NO_PLAYER,,,NO_PLAYER,,,NO_PLAYER,,,NO_PLAYER
2026-10-05,WPG@PIT,2026020042,6:30 PM,2026-10-05T23:30:00Z,Kaedan Korczak,8481527,VGK,True,,2026-27,PIT,D,,Healthy,Unknown,,,1.0,0.0,,15.0,9.0,2026-10-05T11:42:57+00:00,WPG,Clay Stevenson,,,50.0,Confirmed,dailyfaceoff_name_only,30.17,6.0,30.17,6.0,,35.5,56.5,A1+A2,15.97,58.1,47.4,0.99,NONE,False,False,26.46218931782126,2.6557377049180326,67.5,67.5,20.0,4.0,True,,,,,50.0,,,,,,,,,,,,,,,,,,,,,,,,,,,,,,,,,,,,,,,,0.7548119260284313,0.3019247704113725,,,0.0,2.554356044173969,2.8408175406849194,50.0,72.3,43.3,79.7,2.03,0.38,,,,,COOL,COOL,COOL,1.65,,COOL,Red,Red,Red,Red,55.0,41.0,40.0,49.0,POINTS,55.0,,,,,,,,Passenger,0.3,,73.0,,,0.0431623931623931,3.3666666666666667,0.0431623931623931,0.0027030281944574,0.3,0.3,0.0,0.0,0.0,7.794052863436123,7.923402579501821,73.0,38.0,False,,,,,,False,False,0.0,,False,0.0,,False,0.0,,,,,,,,,,,,,,,,,0.5,275.0,BetRivers,,,,,,,,,,0.5,275.0,BetRivers,,,,,,,,,,,,,,,,0.5,2200.0,DraftKings,,,,,,,,,,0.5,2200.0,DraftKings,0.5,2200.0,DraftKings,,,,,,,,,,0.5,2200.0,DraftKings,,,The Odds API,"[""Bally Bet"", ""BetRivers""]",,,,,,,,,,,,,,,,,,The Odds API,"[""Bally Bet"", ""BetMGM"", ""BetRivers"", ""Bovada"", ""Caesars"", ""Courtside"", ""DraftKings"", ""FanDuel"", ""Fanatics"", ""fanatics""]",The Odds API,"[""Bally Bet"", ""BetMGM"", ""BetRivers"", ""Bovada"", ""Caesars"", ""Courtside"", ""DraftKings"", ""FanDuel"", ""Fanatics"", ""Hard Rock Bet"", ""theScore Bet""]",,,2026-10-05T11:43:17.763238+00:00,ALTLINE_NB_v1_2026-01-18,,,,league_avg,2.3,,,,,,,,,,,,,,,,,,,,,,0.5,275.0,BetRivers,exp/fallback,0.2029999999999999,0.1780804730138266,17.8,0.2666666666666666,-33.219822619815,-33.2,0.1780804730138266,17.8,-33.219822619815,-33.2,,,,,,,,,,,,,,,,exp/fallback,0.1649999999999999,,,,,,,,,,,,,,,,,,,,,,0.5,2200.0,DraftKings,exp/fallback,0.1951999999999999,0.1713473439052892,17.1,0.0434782608695652,294.09889098216536,294.1,0.1713473439052892,17.1,294.09889098216536,294.1,,,,,,,,,,,,,0.5,2200.0,DraftKings,exp/fallback,0.1296999999999999,0.1170810662874134,11.7,0.0434782608695652,169.28645246105089,169.3,0.1170810662874134,11.7,169.28645246105089,169.3,,,,,,,,,,,,,False,False,True,True,False,,,Active roster,2026-10-05T11:43:17+00:00,False,[],2025-2026,,2026-09-24-frozen-v2,2026-10-05T11:43:20.192002+00:00,2026020042,8481527.0,PLAYER_ID,FINAL,0.0,L,OK,0.0,,NO_LINE,0.0,,NO_LINE,0.0,L,OK,0.0,L,OK,0.0,,NO_LINE
2026-10-05,WPG@PIT,2026020042,6:30 PM,2026-10-05T23:30:00Z,Kris Letang,8471724,PIT,False,"{""season"":""2026-27"",""games"":[{""d"":""2026-10-03"",""g"":0,""a"":2,""s"":3,""pp"":1,""h"":""H"",""toi"":""19:30""},{""d"":""2026-09-30"",""g"":0,""a"":1,""s"":4,""pp"":0,""h"":""R"",""toi"":""18:44""}]}",2026-27,PIT,D,,Healthy,Unknown,,,1.0,0.0,,15.0,9.0,2026-10-05T11:42:57+00:00,WPG,Clay Stevenson,,,50.0,Confirmed,dailyfaceoff_name_only,30.17,6.0,30.17,6.0,,54.4,86.3,A1+A2,21.68,94.0,73.5,1.09,NONE,False,False,26.46218931782126,2.6557377049180326,67.5,67.5,20.0,4.0,True,,,3.5,,50.0,3.0,0.0,7.0,0.0,3.0,3.0,3.0,3.0,3.0,3.0,7.0,7.0,LOW,0.3,-0.2,LOW,0.15,,LOW,0.075,,LOW,0.3,,LOW,0.15,,LOW,0.075,,LOW,0.7,,LOW,0.35,,LOW,0.175,,0.8082219117940531,0.2245060866094592,,,3.0,2.554356044173969,2.8408175406849194,50.0,72.3,44.1,79.7,5.53,0.95,,2.53,0.95,,HOT,COOL,COOL,4.58,1.58,WARM,Yellow,Red,Red,Yellow,74.0,54.0,53.0,70.0,POINTS,74.0,0.0,0.0,2.0,0.0,1.0,0.0,B,Distributor,6.9,,73.0,,1.0,1.491891891891892,110.4,1.491891891891892,0.0688064817700218,6.9,6.9,3.841032608695651,0.2608695652173913,4.21195652173913,7.794052863436123,7.923402579501821,73.0,75.4,False,,,,🅿️ D:0,,False,False,1.0,,False,0.0,,False,0.0,,,,,,,,,,,,,,,,,0.5,135.0,BetRivers,1.5,650.0,BetRivers,,,,,,,0.5,135.0,BetRivers,0.5,175.0,BetRivers,,,,,,,,,,0.5,175.0,BetRivers,0.5,850.0,Hard Rock Bet,,,,,,,,,,0.5,850.0,Hard Rock Bet,0.5,850.0,DraftKings,,,,,,,,,,0.5,850.0,DraftKings,The Odds API,"[""Bally Bet"", ""BetRivers""]",The Odds API,"[""Bally Bet"", ""BetRivers""]",0.5,600.0,Hard Rock Bet,,,,,,,,,,0.5,600.0,Hard Rock Bet,The Odds API,"[""Bovada"", ""Hard Rock Bet"", ""theScore Bet""]",The Odds API,"[""Bally Bet"", ""BetMGM"", ""BetRivers"", ""Bovada"", ""Caesars"", ""Courtside"", ""DraftKings"", ""FanDuel"", ""Fanatics"", ""betmgm""]",The Odds API,"[""Bally Bet"", ""BetMGM"", ""BetRivers"", ""Bovada"", ""Caesars"", ""Courtside"", ""DraftKings"", ""FanDuel"", ""Fanatics"", ""Hard Rock Bet"", ""theScore Bet""]",,,2026-10-05T11:43:17.763238+00:00,ALTLINE_NB_v1_2026-01-18,,,,exp/fallback,0.7000000000000001,,,,,,,,,,,,,,,,,,,,,,0.5,135.0,BetRivers,exp/fallback,0.553,0.3968082684513726,39.7,0.425531914893617,-6.750056913927427,-6.8,0.3968082684513726,39.7,-6.750056913927427,-6.8,0.117335244659834,11.7,-11.998566505124488,-12.0,,,,,,,,,0.5,175.0,BetRivers,exp/fallback,0.458,0.3379417004702602,33.8,0.3636363636363636,-7.066032370678455,-7.1,0.3379417004702602,33.8,-7.066032370678455,-7.1,,,,,,,,,,,,,0.5,850.0,Hard Rock Bet,exp/fallback,0.1635,0.1464710248938174,14.6,0.1052631578947368,39.14747364912661,39.1,0.1464710248938174,14.6,39.14747364912661,39.1,,,,,,,,,,,,,0.5,850.0,DraftKings,exp/fallback,0.1250625,0.1132915130466865,11.3,0.1052631578947368,7.626937394352174,7.6,0.1132915130466865,11.3,7.626937394352174,7.6,,,,,,,,,,,,,False,False,True,False,False,,,Active roster,2026-10-05T11:43:17+00:00,False,[],2025-2026,,2026-09-24-frozen-v2,2026-10-05T11:43:20.192002+00:00,2026020042,8471724.0,PLAYER_ID,FINAL,0.0,L,OK,0.0,L,OK,2.0,,NO_LINE,0.0,L,OK,0.0,L,OK,0.0,L,OK
2026-10-05,WPG@PIT,2026020042,6:30 PM,2026-10-05T23:30:00Z,Nicholas Robertson,8481582,TOR,True,"{""season"":""2026-27"",""games"":[{""d"":""2026-10-03"",""g"":0,""a"":0,""s"":1,""pp"":0,""h"":""H"",""toi"":""13:35""},{""d"":""2026-09-30"",""g"":2,""a"":0,""s"":4,""pp"":0,""h"":""R"",""toi"":""15:02""}]}",2026-27,PIT,L,,Healthy,Unknown,,,1.0,0.0,,15.0,9.0,2026-10-05T11:42:57+00:00,WPG,Clay Stevenson,,,50.0,Confirmed,dailyfaceoff_name_only,30.17,6.0,30.17,6.0,,75.0,63.9,A1+A2,12.66,31.3,62.4,1.05,NONE,False,False,26.46218931782126,2.6557377049180326,67.5,67.5,20.0,4.0,True,,,2.5,,50.0,2.0,2.0,5.0,2.0,0.0,0.0,2.0,2.0,0.0,0.0,5.0,5.0,LOW,0.2,,LOW,0.1,,LOW,0.05,,LOW,0.0,,LOW,0.0,,LOW,0.0,,LOW,0.5,,LOW,0.25,,LOW,0.125,,1.837568058076225,0.4764065335753176,,,0.0,2.554356044173969,2.8408175406849194,50.0,72.3,66.7,79.7,4.05,1.9,,2.05,-0.1,,WARM,COOL,COOL,2.15,2.15,WARM,Red,Yellow,Red,Red,56.0,61.0,65.0,60.0,GOAL,65.0,1.0,2.0,1.0,1.0,0.0,2.0,,Passenger,8.5,,73.0,,,1.078846153846154,84.15,1.078846153846154,0.0852137516666385,8.5,8.5,2.1301247771836005,1.06951871657754,1.2477718360071302,7.794052863436123,7.923402579501821,73.0,67.2,False,,,,🥅 D:1,,False,False,0.0,,False,0.0,,False,0.0,,,,,,,,,,,,,,,,,,,,,,,,,,,,,,,,,,,,,,,,,,,,,,,,,,,,,,,,,,,,,,,,,,,,,,,,,,,,,,,,,,,,,,,,,,,,,,,,,,,,,,,,2026-10-05T11:43:17.763238+00:00,ALTLINE_NB_v1_2026-01-18,,,,exp/fallback,0.5,,,,,,,,,,,,,,,,,,,,,,,,,exp/fallback,0.4049999999999999,,,,,,,,,,,,,,,,,,,,,,,,,exp/fallback,0.215,,,,,,,,,,,,,,,,,,,,,,,,,exp/fallback,0.192,,,,,,,,,,,,,,,,,,,,,,,,,exp/fallback,0.171375,,,,,,,,,,,,,,,,,,,,,,False,False,False,False,False,,,Active roster,2026-10-05T11:43:17+00:00,False,[],2025-2026,,2026-09-24-frozen-v2,2026-10-05T11:43:20.192002+00:00,2026020042,8481582.0,PLAYER_ID,FINAL,0.0,,NO_LINE,0.0,,NO_LINE,1.0,,NO_LINE,0.0,,NO_LINE,0.0,,NO_LINE,0.0,,NO_LINE
2026-10-05,WPG@PIT,2026020042,6:30 PM,2026-10-05T23:30:00Z,Rickard Rakell,8476483,PIT,False,"{""season"":""2026-27"",""games"":[{""d"":""2026-10-03"",""g"":0,""a"":1,""s"":2,""pp"":0,""h"":""H"",""toi"":""18:26""},{""d"":""2026-09-30"",""g"":0,""a"":1,""s"":2,""pp"":1,""h"":""R"",""toi"":""18:32""}]}",2026-27,PIT,R,,Healthy,Unknown,,,1.0,0.0,,15.0,9.0,2026-10-05T11:42:57+00:00,WPG,Clay Stevenson,,,50.0,Confirmed,dailyfaceoff_name_only,30.17,6.0,30.17,6.0,,93.0,77.8,A1+A2,18.95,82.3,85.5,1.14,NONE,False,False,26.46218931782126,2.6557377049180326,67.5,67.5,20.0,4.0,True,,,2.0,,50.0,2.0,0.0,4.0,0.0,2.0,2.0,2.0,2.0,2.0,2.0,4.0,4.0,LOW,0.2,-0.3,LOW,0.1,,LOW,0.05,,LOW,0.2,,LOW,0.1,,LOW,0.05,,LOW,0.4,,LOW,0.2,,LOW,0.1,,1.8297689330257647,0.5630058255463893,,,2.0,2.554356044173969,2.8408175406849194,50.0,72.3,66.5,79.7,10.18,5.16,,7.25,4.69,,HOT,HOT,COOL,5.03,2.57,HOT,Yellow,Yellow,Yellow,Yellow,76.0,74.0,75.0,74.0,POINTS,76.0,0.0,0.0,2.0,2.0,1.0,1.0,A,Hybrid,16.2,,73.0,,2.0,3.078333333333333,184.7,3.078333333333333,0.1624569376236898,16.2,16.2,3.495397942609637,2.114780725500812,1.6242555495397943,7.794052863436123,7.923402579501821,73.0,80.4,False,,,,🅿️ D:0,,False,False,2.0,,False,0.0,,False,0.0,,1.5,-350.0,DraftKings,2.5,-122.0,FanDuel,3.5,205.0,FanDuel,4.5,460.0,FanDuel,2.5,-122.0,FanDuel,0.5,-145.0,Fanatics,1.5,330.0,DraftKings,2.5,1300.0,DraftKings,3.5,2400.0,BetOnline.ag,0.5,-145.0,Fanatics,0.5,160.0,Bovada,1.5,900.0,DraftKings,2.5,4000.0,Fanatics,,,,0.5,160.0,Bovada,0.5,195.0,FanDuel,,,,,,,,,,0.5,195.0,FanDuel,0.5,195.0,FanDuel,,,,,,,,,,0.5,195.0,FanDuel,The Odds API,"[""Bally Bet"", ""BetOnline.ag"", ""BetRivers"", ""Bovada"", ""Courtside"", ""DraftKings"", ""FanDuel"", ""Fanatics"", ""Hard Rock Bet"", ""ReBet"", ""draftkings"", ""theScore Bet""]",The Odds API,"[""Bally Bet"", ""BetOnline.ag"", ""BetRivers"", ""Bovada"", ""Caesars"", ""Courtside"", ""DraftKings"", ""FanDuel"", ""Fanatics"", ""Hard Rock Bet"", ""ReBet"", ""draftkings"", ""theScore Bet""]",0.5,240.0,Bovada,,,,,,,,,,0.5,240.0,Bovada,The Odds API,"[""Bovada"", ""Hard Rock Bet"", ""theScore Bet""]",The Odds API,"[""Bally Bet"", ""BetMGM"", ""BetRivers"", ""Bovada"", ""Caesars"", ""Courtside"", ""DraftKings"", ""FanDuel"", ""Fanatics"", ""betrivers""]",The Odds API,"[""Bally Bet"", ""BetMGM"", ""BetRivers"", ""Bovada"", ""Caesars"", ""Courtside"", ""DraftKings"", ""FanDuel"", ""Fanatics"", ""Hard Rock Bet"", ""theScore Bet""]",The Odds API,"[""BetOnline.ag"", ""Courtside"", ""DraftKings"", ""FanDuel"", ""Fanatics"", ""Hard Rock Bet"", ""ReBet"", ""draftkings"", ""theScore Bet""]",2026-10-05T11:43:17.763238+00:00,ALTLINE_NB_v1_2026-01-18,2.5,-122.0,FanDuel,exp/fallback,0.4,0.0121706224058896,1.2,0.5495495495495496,-97.78534575892829,-97.8,0.0686180154112674,6.9,-91.17768373283704,-91.2,0.0121706224058896,1.2,-97.78534575892829,-97.8,0.0019074600412755,0.2,-99.41822468741096,-99.4,0.0002746842105414,0.0,-99.8461768420968,-99.8,0.5,-145.0,Fanatics,exp/fallback,1.018,0.5813600395497174,58.1,0.5918367346938775,-1.7702002140132678,-1.8,0.5813600395497174,58.1,-1.7702002140132678,-1.8,0.2671408551964122,26.7,14.870567734457229,14.9,0.1079461987572957,10.8,51.124678260214,51.1,0.0402369229251211,4.0,0.5923073128028866,0.6,0.5,160.0,Bovada,exp/fallback,0.503,0.3615332396170541,36.2,0.3846153846153846,-6.001357699565935,-6.0,0.3615332396170541,36.2,-6.001357699565935,-6.0,0.1049221485482392,10.5,4.922148548239225,4.9,0.02756974414895,2.8,13.035951010695335,13.0,,,,,0.5,195.0,FanDuel,exp/fallback,0.2898,0.2398184114999451,24.0,0.3389830508474576,-29.2535686075162,-29.3,0.2398184114999451,24.0,-29.2535686075162,-29.3,,,,,,,,,,,,,0.5,195.0,FanDuel,exp/fallback,0.3303,0.258603734479818,25.9,0.3389830508474576,-23.711898328453696,-23.7,0.258603734479818,25.9,-23.711898328453696,-23.7,,,,,,,,,,,,,False,False,False,False,False,,,Active roster,2026-10-05T11:43:17+00:00,False,[],2025-2026,,2026-09-24-frozen-v2,2026-10-05T11:43:20.192002+00:00,2026020042,8476483.0,PLAYER_ID,FINAL,0.0,L,OK,0.0,L,OK,2.0,L,OK,0.0,L,OK,0.0,L,OK,0.0,L,OK
2026-10-05,WPG@PIT,2026020042,6:30 PM,2026-10-05T23:30:00Z,Samuel Girard,8479398,PIT,False,,2026-27,PIT,D,,Healthy,Unknown,,,1.0,0.0,,15.0,9.0,2026-10-05T11:42:57+00:00,WPG,Clay Stevenson,,,50.0,Confirmed,dailyfaceoff_name_only,30.17,6.0,30.17,6.0,,31.2,63.9,A1+A2,18.1,77.4,51.9,1.01,NONE,False,False,26.46218931782126,2.6557377049180326,67.5,67.5,20.0,4.0,True,,,,,50.0,,,,,,,,,,,,,,,,,,,,,,,,,,,,,,,,,,,,,,,,1.0095344924284912,0.2969219095377916,,,0.0,2.554356044173969,2.8408175406849194,50.0,72.3,47.3,79.7,3.07,0.38,,,,,COOL,COOL,COOL,2.69,,COOL,Red,Red,Red,Red,61.0,41.0,38.0,54.0,POINTS,61.0,,,,,,,C,Passenger,0.4,,73.0,,0.0,0.0702777777777777,4.216666666666667,0.0702777777777777,0.0038826905664431,0.4,0.4,0.0,0.0,0.0,7.794052863436123,7.923402579501821,73.0,40.2,False,,,,,,False,False,0.0,,False,0.0,,False,0.0,,,,,,,,,,,,,,,,,0.5,210.0,BetRivers,,,,,,,,,,0.5,210.0,BetRivers,,,,,,,,,,,,,,,,0.5,1100.0,Hard Rock Bet,,,,,,,,,,0.5,1100.0,Hard Rock Bet,0.5,1100.0,DraftKings,,,,,,,,,,0.5,1100.0,DraftKings,,,The Odds API,"[""Bally Bet"", ""BetRivers""]",,,,,,,,,,,,,,,,,,The Odds API,"[""Bally Bet"", ""BetMGM"", ""BetRivers"", ""Bovada"", ""Caesars"", ""Courtside"", ""DraftKings"", ""FanDuel"", ""Fanatics"", ""betmgm""]",The Odds API,"[""Bally Bet"", ""BetMGM"", ""BetRivers"", ""Bovada"", ""Caesars"", ""Courtside"", ""DraftKings"", ""FanDuel"", ""Fanatics"", ""Hard Rock Bet"", ""theScore Bet""]",,,2026-10-05T11:43:17.763238+00:00,ALTLINE_NB_v1_2026-01-18,,,,league_avg,2.3,,,,,,,,,,,,,,,,,,,,,,0.5,210.0,BetRivers,exp/fallback,0.307,0.2529328573566373,25.3,0.3225806451612903,-21.590814219442432,-21.6,0.2529328573566373,25.3,-21.590814219442432,-21.6,,,,,,,,,,,,,,,,exp/fallback,0.269,,,,,,,,,,,,,,,,,,,,,,0.5,1100.0,Hard Rock Bet,exp/fallback,0.1951999999999999,0.1713473439052892,17.1,0.0833333333333333,105.61681268634712,105.6,0.1713473439052892,17.1,105.61681268634712,105.6,,,,,,,,,,,,,0.5,1100.0,DraftKings,exp/fallback,0.1296999999999999,0.1170810662874134,11.7,0.0833333333333333,40.49727954489612,40.5,0.1170810662874134,11.7,40.49727954489612,40.5,,,,,,,,,,,,,False,False,True,True,False,,,Active roster,2026-10-05T11:43:17+00:00,False,[],2025-2026,,2026-09-24-frozen-v2,2026-10-05T11:43:20.192002+00:00,2026020042,8479398.0,PLAYER_ID,FINAL,0.0,L,OK,0.0,,NO_LINE,1.0,,NO_LINE,0.0,L,OK,0.0,L,OK,0.0,,NO_LINE
2026-10-05,WPG@PIT,2026020042,6:30 PM,2026-10-05T23:30:00Z,Sidney Crosby,8471675,PIT,False,"{""season"":""2026-27"",""games"":[{""d"":""2026-10-03"",""g"":0,""a"":1,""s"":2,""pp"":0,""h"":""H"",""toi"":""19:53""},{""d"":""2026-09-30"",""g"":0,""a"":1,""s"":3,""pp"":0,""h"":""R"",""toi"":""17:39""}]}",2026-27,PIT,C,⭐ STAR,Healthy,Unknown,,,1.0,0.0,,15.0,9.0,2026-10-05T11:42:57+00:00,WPG,Clay Stevenson,,,50.0,Confirmed,dailyfaceoff_name_only,30.17,6.0,30.17,6.0,,88.7,95.7,A1+A2,19.23,83.0,90.0,1.2,STAR,False,True,26.46218931782126,2.6557377049180326,67.5,67.5,20.0,4.0,True,,,2.5,,50.0,2.0,0.0,5.0,0.0,2.0,2.0,2.0,2.0,2.0,2.0,5.0,5.0,LOW,0.2,-0.3,LOW,0.1,,LOW,0.05,,LOW,0.2,,LOW,0.1,,LOW,0.05,,LOW,0.5,,LOW,0.25,,LOW,0.125,,2.4996770443095206,0.9301123885802868,,,2.0,2.554356044173969,2.8408175406849194,50.0,72.3,73.5,79.7,15.75,4.15,,9.67,3.77,,HOT,HOT,COOL,10.68,5.91,HOT,Green,Yellow,Yellow,Green,86.0,72.0,73.0,84.0,POINTS,86.0,0.0,0.0,2.0,1.0,0.0,2.0,A,Hybrid,15.4,,73.0,,2.0,2.9622549019607844,201.4333333333333,2.9622549019607844,0.1540363488057913,15.4,15.4,5.238705940757901,2.516961773953334,3.20205196094655,7.794052863436123,7.923402579501821,73.0,85.9,False,,,,🅿️ D:0,,False,False,1.0,,False,0.0,,False,0.0,,1.5,-340.0,DraftKings,2.5,-116.0,BetOnline.ag,3.5,215.0,FanDuel,4.5,500.0,Fanatics,2.5,-116.0,BetOnline.ag,0.5,-230.0,theScore Bet,1.5,190.0,Bovada,2.5,650.0,DraftKings,3.5,1900.0,Fanatics,0.5,-230.0,theScore Bet,0.5,-110.0,theScore Bet,1.5,400.0,DraftKings,2.5,1500.0,Fanatics,,,,0.5,-110.0,theScore Bet,0.5,175.0,BetMGM,,,,,,,,,,0.5,175.0,BetMGM,0.5,175.0,BetMGM,,,,,,,,,,0.5,175.0,BetMGM,The Odds API,"[""Bally Bet"", ""BetOnline.ag"", ""BetRivers"", ""Bovada"", ""Courtside"", ""DraftKings"", ""FanDuel"", ""Fanatics"", ""Hard Rock Bet"", ""ReBet"", ""draftkings"", ""theScore Bet""]",The Odds API,"[""Bally Bet"", ""BetOnline.ag"", ""BetRivers"", ""Bovada"", ""Caesars"", ""Courtside"", ""DraftKings"", ""FanDuel"", ""Fanatics"", ""Hard Rock Bet"", ""ReBet"", ""draftkings"", ""theScore Bet""]",0.5,175.0,Hard Rock Bet,1.5,700.0,Bovada,,,,,,,0.5,175.0,Hard Rock Bet,The Odds API,"[""Bovada"", ""Hard Rock Bet"", ""theScore Bet""]",The Odds API,"[""Bally Bet"", ""BetMGM"", ""BetRivers"", ""Bovada"", ""Caesars"", ""Courtside"", ""DraftKings"", ""FanDuel"", ""Fanatics"", ""betmgm""]",The Odds API,"[""Bally Bet"", ""BetMGM"", ""BetRivers"", ""Bovada"", ""Caesars"", ""Courtside"", ""DraftKings"", ""FanDuel"", ""Fanatics"", ""Hard Rock Bet"", ""theScore Bet""]",The Odds API,"[""BetOnline.ag"", ""Courtside"", ""DraftKings"", ""FanDuel"", ""Fanatics"", ""Hard Rock Bet"", ""ReBet"", ""draftkings"", ""theScore Bet""]",2026-10-05T11:43:17.763238+00:00,ALTLINE_NB_v1_2026-01-18,2.5,-116.0,BetOnline.ag,exp/fallback,0.5,0.0211669780841146,2.1,0.5370370370370371,-96.05856270157868,-96.1,0.0982404443767041,9.8,-87.28653072772065,-87.3,0.0211669780841146,2.1,-96.05856270157868,-96.1,0.0040395411302058,0.4,-98.72754454398516,-98.7,0.0007092061669458,0.1,-99.57447629983253,-99.6,0.5,-230.0,theScore Bet,exp/fallback,1.575,0.7147702161350387,71.5,0.696969696969697,2.553987532418589,2.6,0.7147702161350387,71.5,2.553987532418589,2.6,0.4251734976258918,42.5,23.30031431150863,23.3,0.2267029020642242,22.7,70.0271765481682,70.0,0.1125143402342238,11.3,125.0286804684476,125.0,0.5,-110.0,theScore Bet,exp/fallback,1.068,0.5750387989576553,57.5,0.5238095238095238,9.780134346461466,9.8,0.5750387989576553,57.5,9.780134346461466,9.8,0.2791727215696342,27.9,39.58636078481712,39.6,0.1246820253585488,12.5,99.4912405736782,99.5,,,,,0.5,175.0,BetMGM,exp/fallback,0.2595,0.2187787901934395,21.9,0.3636363636363636,-39.83583269680414,-39.8,0.2187787901934395,21.9,-39.83583269680414,-39.8,,,,,,,,,,,,,0.5,175.0,BetMGM,exp/fallback,0.2810625,0.2275141518673232,22.8,0.3636363636363636,-37.4336082364861,-37.4,0.2275141518673232,22.8,-37.4336082364861,-37.4,,,,,,,,,,,,,False,False,False,False,False,,,Active roster,2026-10-05T11:43:17+00:00,False,"[{""market"":""Points"",""name"":""Hammer Fists"",""kind"":""FLOOR"",""rule"":""Conf_Points >= 80"",""icon"":""PTS05_HAMMER_FISTS.svg"",""kit_version"":""2026-09-24-frozen-v2""},{""market"":""Points"",""name"":""Echo Stomp II"",""kind"":""TIER"",""rule"":""Conf_Points >= 80 + TOI_per_game >= 19.18"",""icon"":""PTS05_HAMMER_STOMP.svg"",""kit_version"":""2026-09-24-frozen-v2""},{""market"":""Points"",""name"":""Gaia’s Blessing"",""kind"":""TIER"",""rule"":""Conf_Points >= 80 + Assists_mu >= 0.746"",""icon"":""PTS05_GAIAS_BLESSING.svg"",""kit_version"":""2026-09-24-frozen-v2""},{""market"":""Points"",""name"":""Gaia’s Blessing+ (Press)"",""kind"":""HEAVY"",""rule"":""Conf_Points >= 81 + Assists_mu >= 0.746"",""icon"":""PTS05_GAIAS_BLESSING.svg"",""kit_version"":""2026-09-24-frozen-v2""},{""market"":""Points"",""name"":""Gaia’s Blessing++ (Smash)"",""kind"":""HEAVY"",""rule"":""Conf_Points >= 83 + Assists_mu >= 0.746"",""icon"":""PTS05_GAIAS_BLESSING.svg"",""kit_version"":""2026-09-24-frozen-v2""},{""market"":""Points"",""name"":""Blood Stomp"",""kind"":""CRIT"",""rule"":""Conf_Points >= 83 + TOI_per_game >= 19.18 + Opp_PK_xGA60 >= 7.784"",""icon"":""PTS05_BLEED_ENV.svg"",""kit_version"":""2026-09-24-frozen-v2""},{""market"":""Assists"",""name"":""Staff (Green Stance)"",""kind"":""STANCE"",""rule"":""Green + Assists 0.5"",""icon"":""staff.svg"",""kit_version"":""2026-09-24-frozen-v2""},{""market"":""Assists"",""name"":""Staff Awakened"",""kind"":""STANCE"",""rule"":""Green + Assists 0.5 + Conf_Assists ≥ 83"",""icon"":""staff.svg"",""kit_version"":""2026-09-24-frozen-v2""}]",2025-2026,,2026-09-24-frozen-v2,2026-10-05T11:43:20.192002+00:00,2026020042,8471675.0,PLAYER_ID,FINAL,0.0,L,OK,0.0,L,OK,5.0,W,OK,0.0,L,OK,0.0,L,OK,0.0,L,OK
2026-10-05,WPG@PIT,2026020042,6:30 PM,2026-10-05T23:30:00Z,Tommy Novak,8478438,PIT,False,"{""season"":""2026-27"",""games"":[{""d"":""2026-10-03"",""g"":2,""a"":1,""s"":3,""pp"":1,""h"":""H"",""toi"":""14:42""},{""d"":""2026-09-30"",""g"":0,""a"":1,""s"":0,""pp"":1,""h"":""R"",""toi"":""16:04""}]}",2026-27,PIT,C,,Healthy,Unknown,,,1.0,0.0,,15.0,9.0,2026-10-05T11:42:57+00:00,WPG,Clay Stevenson,,,50.0,Confirmed,dailyfaceoff_name_only,30.17,6.0,30.17,6.0,,81.7,80.9,A1+A2,14.28,44.9,74.1,1.1,NONE,False,False,26.46218931782126,2.6557377049180326,67.5,67.5,20.0,4.0,True,,,1.5,,50.0,4.0,2.0,3.0,2.0,2.0,2.0,4.0,4.0,2.0,2.0,3.0,3.0,LOW,0.4,-0.1,LOW,0.2,,LOW,0.1,,LOW,0.2,,LOW,0.1,,LOW,0.05,,LOW,0.3,,LOW,0.15,,LOW,0.075,,1.8922018348623848,0.8600917431192661,,,2.0,2.554356044173969,2.8408175406849194,50.0,72.3,67.8,79.7,5.78,2.31,,1.78,0.31,,WARM,COOL,COOL,3.48,1.48,COOL,Yellow,Yellow,Yellow,Yellow,66.0,65.0,70.0,69.0,GOAL,70.0,0.0,0.0,0.0,0.0,2.0,0.0,B,Hybrid,7.9,,73.0,,1.0,1.129471544715447,92.61666666666666,1.129471544715447,0.0790874416486394,7.9,7.9,2.6350548857297103,1.6714054345870075,1.133705236638474,7.794052863436123,7.923402579501821,73.0,65.5,False,,,,🥅 D:0,,False,False,0.0,,False,0.0,,False,0.0,,1.5,-118.0,BetOnline.ag,2.5,240.0,BetOnline.ag,3.5,675.0,BetOnline.ag,4.5,2000.0,BetOnline.ag,1.5,-118.0,BetOnline.ag,0.5,110.0,theScore Bet,1.5,550.0,Bovada,2.5,1750.0,BetOnline.ag,3.5,4300.0,BetOnline.ag,0.5,110.0,theScore Bet,0.5,195.0,Hard Rock Bet,1.5,1200.0,DraftKings,2.5,3300.0,Bovada,,,,0.5,195.0,Hard Rock Bet,0.5,325.0,BetRivers,,,,,,,,,,0.5,325.0,BetRivers,0.5,325.0,BetRivers,,,,,,,,,,0.5,325.0,BetRivers,The Odds API,"[""Bally Bet"", ""BetOnline.ag"", ""BetRivers"", ""Bovada"", ""Courtside"", ""DraftKings"", ""FanDuel"", ""Hard Rock Bet"", ""ReBet"", ""draftkings"", ""theScore Bet""]",The Odds API,"[""Bally Bet"", ""BetOnline.ag"", ""BetRivers"", ""Bovada"", ""Caesars"", ""Courtside"", ""DraftKings"", ""FanDuel"", ""Hard Rock Bet"", ""ReBet"", ""draftkings"", ""theScore Bet""]",0.5,350.0,Hard Rock Bet,1.5,1000.0,Bovada,,,,,,,0.5,350.0,Hard Rock Bet,The Odds API,"[""Bovada"", ""Hard Rock Bet"", ""theScore Bet""]",The Odds API,"[""Bally Bet"", ""BetMGM"", ""BetRivers"", ""Bovada"", ""Caesars"", ""Courtside"", ""DraftKings"", ""FanDuel"", ""betrivers""]",The Odds API,"[""Bally Bet"", ""BetMGM"", ""BetRivers"", ""Bovada"", ""Caesars"", ""Courtside"", ""DraftKings"", ""FanDuel"", ""Hard Rock Bet"", ""theScore Bet""]",The Odds API,"[""BetOnline.ag"", ""Courtside"", ""DraftKings"", ""Hard Rock Bet"", ""ReBet"", ""theScore Bet""]",2026-10-05T11:43:17.763238+00:00,ALTLINE_NB_v1_2026-01-18,1.5,-118.0,BetOnline.ag,exp/fallback,0.3,0.0422318805185903,4.2,0.5412844036697247,-92.19783902283667,-92.2,0.0422318805185903,4.2,-92.19783902283667,-92.2,0.0057840451049215,0.6,-98.03342466432666,-98.0,0.0006983006285956,0.1,-99.45881701283837,-99.5,7.736670997449124e-05,0.0,-99.83752990905356,-99.8,0.5,110.0,theScore Bet,exp/fallback,0.5780000000000001,0.4092661390331407,40.9,0.4761904761904761,-14.054110803040452,-14.1,0.4092661390331407,40.9,-14.054110803040452,-14.1,0.1252736482747237,12.5,-18.572128621429552,-18.6,0.0331172228655942,3.3,-38.73313769865061,-38.7,0.008011757339239,0.8,-64.748267707348,-64.7,0.5,195.0,Hard Rock Bet,exp/fallback,0.348,0.2744559144902763,27.4,0.3389830508474576,-19.0355052253685,-19.0,0.2744559144902763,27.4,-19.0355052253685,-19.0,0.0593883320734246,5.9,-22.795168304547964,-22.8,0.0115751812976169,1.2,-60.64438358810247,-60.6,,,,,0.5,325.0,BetRivers,exp/fallback,0.2042999999999999,0.1783008243290096,17.8,0.2352941176470588,-24.22214966017091,-24.2,0.1783008243290096,17.8,-24.22214966017091,-24.2,,,,,,,,,,,,,0.5,325.0,BetRivers,exp/fallback,0.1913625,0.1650339968942098,16.5,0.2352941176470588,-29.860551319960816,-29.9,0.1650339968942098,16.5,-29.860551319960816,-29.9,,,,,,,,,,,,,False,False,False,False,False,,,Active roster,2026-10-05T11:43:17+00:00,False,[],2025-2026,,2026-09-24-frozen-v2,2026-10-05T11:43:20.192002+00:00,2026020042,8478438.0,PLAYER_ID,FINAL,0.0,L,OK,0.0,L,OK,2.0,W,OK,0.0,L,OK,0.0,L,OK,0.0,L,OK
2026-10-05,WPG@PIT,2026020042,6:30 PM,2026-10-05T23:30:00Z,Trevor van Riemsdyk,8477845,WSH,True,,2026-27,PIT,D,,Healthy,Unknown,,,1.0,0.0,,15.0,9.0,2026-10-05T11:42:57+00:00,WPG,Clay Stevenson,,,50.0,Confirmed,dailyfaceoff_name_only,30.17,6.0,30.17,6.0,,41.0,51.9,A1+A2,16.24,60.0,48.6,0.99,NONE,False,False,26.46218931782126,2.6557377049180326,67.5,67.5,20.0,4.0,True,,,,,50.0,,,,,,,,,,,,,,,,,,,,,,,,,,,,,,,,,,,,,,,,0.8664408877580843,0.1856659045195894,,,0.0,2.554356044173969,2.8408175406849194,50.0,72.3,45.4,79.7,2.18,0.57,,,,,COOL,COOL,COOL,1.61,,COOL,Red,Red,Red,Red,53.0,44.0,43.0,48.0,POINTS,53.0,,,,,,,,Passenger,0.4,,73.0,,,0.0654411764705882,4.45,0.0654411764705882,0.0040297020737118,0.4,0.4,0.0,0.0,0.0,7.794052863436123,7.923402579501821,73.0,40.2,False,,,,,,False,False,0.0,,False,0.0,,False,0.0,,,,,,,,,,,,,,,,,0.5,250.0,BetRivers,,,,,,,,,,0.5,250.0,BetRivers,,,,,,,,,,,,,,,,0.5,1700.0,DraftKings,,,,,,,,,,0.5,1700.0,DraftKings,0.5,1700.0,DraftKings,,,,,,,,,,0.5,1700.0,DraftKings,,,The Odds API,"[""Bally Bet"", ""BetRivers""]",,,,,,,,,,,,,,,,,,The Odds API,"[""Bally Bet"", ""BetMGM"", ""BetRivers"", ""Bovada"", ""Caesars"", ""Courtside"", ""DraftKings"", ""FanDuel"", ""Fanatics"", ""fanatics""]",The Odds API,"[""Bally Bet"", ""BetMGM"", ""BetRivers"", ""Bovada"", ""Caesars"", ""Courtside"", ""DraftKings"", ""FanDuel"", ""Fanatics"", ""Hard Rock Bet"", ""theScore Bet""]",,,2026-10-05T11:43:17.763238+00:00,ALTLINE_NB_v1_2026-01-18,,,,league_avg,2.3,,,,,,,,,,,,,,,,,,,,,,0.5,250.0,BetRivers,exp/fallback,0.218,0.1894834541819314,18.9,0.2857142857142857,-33.68079103632399,-33.7,0.1894834541819314,18.9,-33.68079103632399,-33.7,,,,,,,,,,,,,,,,exp/fallback,0.161,,,,,,,,,,,,,,,,,,,,,,0.5,1700.0,DraftKings,exp/fallback,0.2027999999999999,0.1771602831856483,17.7,0.0555555555555555,218.88850973416703,218.9,0.1771602831856483,17.7,218.88850973416703,218.9,,,,,,,,,,,,,0.5,1700.0,DraftKings,exp/fallback,0.14205,0.1270436463741587,12.7,0.0555555555555555,128.67856347348575,128.7,0.1270436463741587,12.7,128.67856347348575,128.7,,,,,,,,,,,,,False,False,True,True,False,,,Active roster,2026-10-05T11:43:17+00:00,False,[],2025-2026,,2026-09-24-frozen-v2,2026-10-05T11:43:20.192002+00:00,2026020042,8477845.0,PLAYER_ID,FINAL,0.0,L,OK,0.0,,NO_LINE,0.0,,NO_LINE,0.0,L,OK,0.0,L,OK,0.0,,NO_LINE
2026-10-05,WPG@PIT,2026020042,6:30 PM,2026-10-05T23:30:00Z,Ville Koivunen,8482758,PIT,False,,2026-27,PIT,R,,Healthy,Unknown,,,1.0,0.0,,15.0,9.0,2026-10-05T11:42:57+00:00,WPG,Clay Stevenson,,,50.0,Confirmed,dailyfaceoff_name_only,30.17,6.0,30.17,6.0,,48.1,34.6,A1+A2,12.74,32.5,40.3,0.96,NONE,False,False,26.46218931782126,2.6557377049180326,67.5,67.5,20.0,4.0,True,,,,,50.0,,,,,,,,,,,,,,,,,,,,,,,,,,,,,,,,,,,,,,,,0.3987152508583453,0.1329050836194484,,,0.0,2.554356044173969,2.8408175406849194,50.0,72.3,38.6,79.7,2.48,1.24,,,,,COOL,COOL,COOL,1.23,,COOL,Red,Red,Red,Red,40.0,46.0,46.0,37.0,SOG,46.0,,,,,,,C,Passenger,7.2,,73.0,,0.0,0.9128205128205128,35.6,0.9128205128205128,0.0716634234717842,7.2,7.2,4.3693820224719095,1.146067415730337,3.792134831460674,7.794052863436123,7.923402579501821,73.0,75.6,False,,,,,,False,False,0.0,,False,0.0,,False,0.0,,,,,,,,,,,,,,,,,,,,,,,,,,,,,,,,,,,,,,,,,,,,,,,,,,,,,,,,,,,,,,,,,,,,,,,,,,,,,,,,,,,,,,,,,,,,,,,,,,,,,,,,2026-10-05T11:43:17.763238+00:00,ALTLINE_NB_v1_2026-01-18,,,,league_avg,2.3,,,,,,,,,,,,,,,,,,,,,,,,,exp/fallback,0.248,,,,,,,,,,,,,,,,,,,,,,,,,exp/fallback,0.123,,,,,,,,,,,,,,,,,,,,,,,,,exp/fallback,0.2296,,,,,,,,,,,,,,,,,,,,,,,,,exp/fallback,0.1856,,,,,,,,,,,,,,,,,,,,,,False,False,False,False,False,,,Active roster,2026-10-05T11:43:17+00:00,False,[],2025-2026,,2026-09-24-frozen-v2,2026-10-05T11:43:20.192002+00:00,2026020042,8482758.0,PLAYER_ID,FINAL,1.0,,NO_LINE,1.0,,NO_LINE,1.0,,NO_LINE,0.0,,NO_LINE,0.0,,NO_LINE,0.0,,NO_LINE
2026-10-05,WPG@PIT,2026020042,6:30 PM,2026-10-05T23:30:00Z,Adam Lowry,8476392,WPG,False,"{""season"":""2026-27"",""games"":[{""d"":""2026-10-04"",""g"":0,""a"":0,""s"":0,""pp"":0,""h"":""R"",""toi"":""15:17""},{""d"":""2026-10-02"",""g"":0,""a"":2,""s"":2,""pp"":0,""h"":""H"",""toi"":""16:07""}]}",2026-27,WPG,C,,Healthy,Unknown,,,2.0,0.0,,15.0,9.0,2026-10-05T11:42:57+00:00,PIT,Sergei Murashov,0.896551724137931,2.559696628547728,42.4,Unconfirmed,dailyfaceoff_name_and_stats,22.0,6.0,22.0,6.0,,71.2,63.9,A1+A2,14.97,49.8,64.3,1.06,NONE,False,False,24.83856174316134,2.3401792243526978,41.5,30.9,12.0,2.4,True,,,1.0,,50.0,2.0,0.0,2.0,0.0,2.0,2.0,2.0,2.0,2.0,2.0,2.0,2.0,LOW,0.2,,LOW,0.1,,LOW,0.05,,LOW,0.2,,LOW,0.1,,LOW,0.05,,LOW,0.2,,LOW,0.1,,LOW,0.05,,1.2277145184820295,0.5456508971031242,,,2.0,2.548981003132246,2.445592482609934,50.0,54.3,52.7,56.2,4.26,1.85,,2.26,1.85,,WARM,WARM,COOL,2.42,0.42,COOL,Red,Red,Red,Red,55.0,57.0,59.0,54.0,GOAL,59.0,1.0,1.0,2.0,2.0,0.0,2.0,C,Passenger,0.5,,28.6,,0.0,0.0714285714285714,5.0,0.0714285714285714,0.0047709923664122,0.5,0.5,0.0,0.0,0.0,7.211801710007531,6.160814794961136,28.6,28.8,False,,,,🥅 D:2,,False,False,1.0,,False,0.0,,False,0.0,,,,,,,,,,,,,,,,,,,,,,,,,,,,,,,,,,,,,,,,,,,,,,,0.5,650.0,theScore Bet,,,,,,,,,,0.5,650.0,theScore Bet,0.5,600.0,Fanatics,,,,,,,,,,0.5,600.0,Fanatics,,,,,,,,,,,,,,,,,,,,,,The Odds API,"[""Bally Bet"", ""BetMGM"", ""BetRivers"", ""Bovada"", ""Caesars"", ""Courtside"", ""DraftKings"", ""FanDuel"", ""Fanatics"", ""fanatics""]",The Odds API,"[""Bally Bet"", ""BetMGM"", ""BetRivers"", ""Bovada"", ""Caesars"", ""Courtside"", ""DraftKings"", ""FanDuel"", ""Fanatics"", ""Hard Rock Bet"", ""theScore Bet""]",,,2026-10-05T11:43:17.763238+00:00,ALTLINE_NB_v1_2026-01-18,,,,exp/fallback,0.2,,,,,,,,,,,,,,,,,,,,,,,,,exp/fallback,0.426,,,,,,,,,,,,,,,,,,,,,,,,,exp/fallback,0.242,,,,,,,,,,,,,,,,,,,,,,0.5,650.0,theScore Bet,exp/fallback,0.1905,0.1677236943721936,16.8,0.1333333333333333,25.79277077914519,25.8,0.1677236943721936,16.8,25.79277077914519,25.8,,,,,,,,,,,,,0.5,600.0,Fanatics,exp/fallback,0.1689375,0.1481029906687618,14.8,0.1428571428571428,3.672093468133309,3.7,0.1481029906687618,14.8,3.672093468133309,3.7,,,,,,,,,,,,,False,False,True,False,False,,,Active roster,2026-10-05T11:43:17+00:00,False,[],2025-2026,,2026-09-24-frozen-v2,2026-10-05T11:43:20.192002+00:00,2026020042,8476392.0,PLAYER_ID,FINAL,1.0,,NO_LINE,0.0,,NO_LINE,1.0,,NO_LINE,1.0,W,OK,1.0,W,OK,0.0,,NO_LINE
2026-10-05,WPG@PIT,2026020042,6:30 PM,2026-10-05T23:30:00Z,Alex Iafallo,8480113,WPG,False,"{""season"":""2026-27"",""games"":[{""d"":""2026-10-04"",""g"":0,""a"":0,""s"":1,""pp"":0,""h"":""R"",""toi"":""11:44""},{""d"":""2026-10-02"",""g"":0,""a"":0,""s"":0,""pp"":0,""h"":""H"",""toi"":""12:12""}]}",2026-27,WPG,L,,Healthy,Unknown,,,2.0,0.0,,15.0,9.0,2026-10-05T11:42:57+00:00,PIT,Sergei Murashov,0.896551724137931,2.559696628547728,42.4,Unconfirmed,dailyfaceoff_name_and_stats,22.0,6.0,22.0,6.0,,79.4,63.9,A1+A2,15.59,55.5,69.2,1.08,NONE,False,False,24.83856174316134,2.3401792243526978,41.5,30.9,12.0,2.4,True,,,0.5,,50.0,0.0,0.0,1.0,0.0,0.0,0.0,0.0,0.0,0.0,0.0,1.0,1.0,LOW,0.0,,LOW,0.0,,LOW,0.0,,LOW,0.0,,LOW,0.0,,LOW,0.0,,LOW,0.1,,LOW,0.05,,LOW,0.025,,1.187726822830749,0.2375453645661497,,,0.0,2.548981003132246,2.445592482609934,50.0,54.3,51.8,56.2,4.37,2.19,,4.37,2.19,,HOT,WARM,COOL,2.18,2.18,WARM,Red,Yellow,Red,Red,62.0,62.0,64.0,58.0,GOAL,64.0,2.0,2.0,2.0,2.0,0.0,2.0,B,Hybrid,7.6,,28.6,,1.0,1.183755274261603,93.51666666666668,1.183755274261603,0.0759289831930498,7.6,7.6,2.9481375868829085,1.584744252361433,1.6039921582605596,7.211801710007531,6.160814794961136,28.6,54.5,False,,,,🥅 D:2,,False,False,1.0,,False,0.0,,False,0.0,,,,,,,,,,,,,,,,,,,,,,,,,,,,,,,,,,,,,,,,,,,,,,,0.5,650.0,DraftKings,,,,,,,,,,0.5,650.0,DraftKings,0.5,650.0,DraftKings,,,,,,,,,,0.5,650.0,DraftKings,,,,,,,,,,,,,,,,,,,,,,The Odds API,"[""Bally Bet"", ""BetMGM"", ""BetRivers"", ""Bovada"", ""Caesars"", ""Courtside"", ""DraftKings"", ""FanDuel"", ""Fanatics"", ""fanduel""]",The Odds API,"[""Bally Bet"", ""BetMGM"", ""BetRivers"", ""Bovada"", ""Caesars"", ""Courtside"", ""DraftKings"", ""FanDuel"", ""Fanatics"", ""Hard Rock Bet"", ""theScore Bet""]",,,2026-10-05T11:43:17.763238+00:00,ALTLINE_NB_v1_2026-01-18,,,,exp/fallback,0.1,,,,,,,,,,,,,,,,,,,,,,,,,exp/fallback,0.437,,,,,,,,,,,,,,,,,,,,,,,,,exp/fallback,0.218,,,,,,,,,,,,,,,,,,,,,,0.5,650.0,DraftKings,exp/fallback,0.2007,0.1755597988174414,17.6,0.1333333333333333,31.66984911308107,31.7,0.1755597988174414,17.6,31.66984911308107,31.7,,,,,,,,,,,,,0.5,650.0,DraftKings,exp/fallback,0.1855125,0.1606710798164929,16.1,0.1333333333333333,20.50330986236972,20.5,0.1606710798164929,16.1,20.50330986236972,20.5,,,,,,,,,,,,,False,False,True,True,False,,,Active roster,2026-10-05T11:43:17+00:00,False,[],2025-2026,,2026-09-24-frozen-v2,2026-10-05T11:43:20.192002+00:00,2026020042,8480113.0,PLAYER_ID,FINAL,2.0,,NO_LINE,1.0,,NO_LINE,3.0,,NO_LINE,1.0,W,OK,1.0,W,OK,0.0,,NO_LINE
2026-10-05,WPG@PIT,2026020042,6:30 PM,2026-10-05T23:30:00Z,Brad Lambert,8483471,WPG,False,,2026-27,WPG,C,,Healthy,Unknown,,,2.0,0.0,,15.0,9.0,2026-10-05T11:42:57+00:00,PIT,Sergei Murashov,0.896551724137931,2.559696628547728,42.4,Unconfirmed,dailyfaceoff_name_and_stats,22.0,6.0,22.0,6.0,,31.5,28.5,A1+A2,10.81,15.5,27.2,0.94,NONE,False,False,24.83856174316134,2.3401792243526978,41.5,30.9,12.0,2.4,True,,,,,50.0,,,,,,,,,,,,,,,,,,,,,,,,,,,,,,,,,,,,,,,,1.2756909992912828,0.5102763997165131,,,0.0,2.548981003132246,2.445592482609934,50.0,54.3,53.7,56.2,2.02,0.89,,,,,COOL,COOL,COOL,1.13,,COOL,Red,Red,Red,Red,35.0,33.0,33.0,31.0,POINTS,35.0,,,,,,,C,Passenger,12.4,,28.6,,0.0,1.344666666666667,33.61666666666667,1.344666666666667,0.1244370411499784,12.4,12.4,1.887456618740704,0.7496281606346058,1.338621715418939,7.211801710007531,6.160814794961136,28.6,60.9,False,,,,,,False,False,0.0,,False,0.0,,False,0.0,,,,,,,,,,,,,,,,,,,,,,,,,,,,,,,,,,,,,,,,,,,,,,,0.5,800.0,Fanatics,,,,,,,,,,0.5,800.0,Fanatics,0.5,800.0,Fanatics,,,,,,,,,,0.5,800.0,Fanatics,,,,,,,,,,,,,,,,,,,,,,The Odds API,"[""Bally Bet"", ""BetMGM"", ""BetRivers"", ""Bovada"", ""Caesars"", ""Courtside"", ""DraftKings"", ""FanDuel"", ""Fanatics"", ""fanatics""]",The Odds API,"[""Bally Bet"", ""BetMGM"", ""BetRivers"", ""Bovada"", ""Caesars"", ""Courtside"", ""DraftKings"", ""FanDuel"", ""Fanatics"", ""Hard Rock Bet"", ""theScore Bet""]",,,2026-10-05T11:43:17.763238+00:00,ALTLINE_NB_v1_2026-01-18,,,,league_avg,2.3,,,,,,,,,,,,,,,,,,,,,,,,,exp/fallback,0.202,,,,,,,,,,,,,,,,,,,,,,,,,exp/fallback,0.1129999999999999,,,,,,,,,,,,,,,,,,,,,,0.5,800.0,Fanatics,exp/fallback,0.2155999999999999,0.1868221851758579,18.7,0.1111111111111111,68.13996665827212,68.1,0.1868221851758579,18.7,68.13996665827212,68.1,,,,,,,,,,,,,0.5,800.0,Fanatics,exp/fallback,0.16285,0.1434089504531858,14.3,0.1111111111111111,29.06805540786722,29.1,0.1434089504531858,14.3,29.06805540786722,29.1,,,,,,,,,,,,,False,False,True,True,False,,,Active roster,2026-10-05T11:43:17+00:00,False,[],2025-2026,,2026-09-24-frozen-v2,2026-10-05T11:43:20.192002+00:00,2026020042,8483471.0,PLAYER_ID,FINAL,0.0,,NO_LINE,0.0,,NO_LINE,1.0,,NO_LINE,0.0,L,OK,0.0,L,OK,0.0,,NO_LINE
2026-10-05,WPG@PIT,2026020042,6:30 PM,2026-10-05T23:30:00Z,Cole Koepke,8481043,WPG,False,,2026-27,WPG,L,,Healthy,Unknown,,,2.0,0.0,,15.0,9.0,2026-10-05T11:42:57+00:00,PIT,Sergei Murashov,0.896551724137931,2.559696628547728,42.4,Unconfirmed,dailyfaceoff_name_and_stats,22.0,6.0,22.0,6.0,,66.6,46.6,A1+A2,10.46,13.6,49.0,1.0,NONE,False,False,24.83856174316134,2.3401792243526978,41.5,30.9,12.0,2.4,True,,,,,50.0,,,,,,,,,,,,,,,,,,,,,,,,,,,,,,,,,,,,,,,,1.7097061442564558,0.5342831700801425,,,0.0,2.548981003132246,2.445592482609934,50.0,54.3,64.8,56.2,2.86,1.5,,,,,COOL,COOL,COOL,1.36,,COOL,Red,Red,Red,Red,45.0,52.0,53.0,44.0,GOAL,53.0,,,,,,,C,Passenger,0.1,,28.6,,0.0,0.008080808080808,0.5333333333333333,0.008080808080808,0.0007726482518833,0.1,0.1,0.0,0.0,0.0,7.211801710007531,6.160814794961136,28.6,20.1,False,,,,,,False,False,0.0,,False,0.0,,False,0.0,,,,,,,,,,,,,,,,,,,,,,,,,,,,,,,,,,,,,,,,,,,,,,,,,,,,,,,,,,,,,,,,,,,,,,,,,,,,,,,,,,,,,,,,,,,,,,,,,,,,,,,,2026-10-05T11:43:17.763238+00:00,ALTLINE_NB_v1_2026-01-18,,,,league_avg,2.3,,,,,,,,,,,,,,,,,,,,,,,,,exp/fallback,0.286,,,,,,,,,,,,,,,,,,,,,,,,,exp/fallback,0.136,,,,,,,,,,,,,,,,,,,,,,,,,exp/fallback,0.24,,,,,,,,,,,,,,,,,,,,,,,,,exp/fallback,0.2025,,,,,,,,,,,,,,,,,,,,,,False,False,False,False,False,,,Active roster,2026-10-05T11:43:17+00:00,False,[],2025-2026,,2026-09-24-frozen-v2,2026-10-05T11:43:20.192002+00:00,2026020042,8481043.0,PLAYER_ID,FINAL,0.0,,NO_LINE,0.0,,NO_LINE,1.0,,NO_LINE,0.0,,NO_LINE,0.0,,NO_LINE,0.0,,NO_LINE
2026-10-05,WPG@PIT,2026020042,6:30 PM,2026-10-05T23:30:00Z,Cole Perfetti,8482149,WPG,False,"{""season"":""2026-27"",""games"":[{""d"":""2026-10-04"",""g"":1,""a"":2,""s"":2,""pp"":3,""h"":""R"",""toi"":""17:10""},{""d"":""2026-10-02"",""g"":0,""a"":1,""s"":4,""pp"":1,""h"":""H"",""toi"":""17:06""}]}",2026-27,WPG,C,,Healthy,Unknown,,,2.0,0.0,,15.0,9.0,2026-10-05T11:42:57+00:00,PIT,Sergei Murashov,0.896551724137931,2.559696628547728,42.4,Unconfirmed,dailyfaceoff_name_and_stats,22.0,6.0,22.0,6.0,,87.3,71.0,A1+A2,15.62,55.8,75.3,1.1,NONE,False,False,24.83856174316134,2.3401792243526978,41.5,30.9,12.0,2.4,True,,,3.0,,50.0,4.0,1.0,6.0,1.0,3.0,3.0,4.0,4.0,3.0,3.0,6.0,6.0,LOW,0.4,-0.1,LOW,0.2,,LOW,0.1,,LOW,0.3,,LOW,0.15,,LOW,0.075,,LOW,0.6,,LOW,0.3,,LOW,0.15,,1.46548549053056,0.6280652102273828,,,3.0,2.548981003132246,2.445592482609934,50.0,54.3,59.2,56.2,6.5,3.26,,2.5,2.26,,HOT,WARM,COOL,3.24,0.24,COOL,Yellow,Yellow,Yellow,Yellow,61.0,66.0,69.0,61.0,GOAL,69.0,0.0,0.0,0.0,1.0,4.0,0.0,B,Shooter,13.9,,28.6,,1.0,2.174509803921569,147.86666666666667,2.174509803921569,0.1391795434936073,13.9,13.9,3.7736699729486025,2.738954012623985,1.217312894499549,7.211801710007531,6.160814794961136,28.6,62.8,False,,,,🥅 D:0,,False,False,1.0,,False,0.0,,False,0.0,,1.5,-235.0,DraftKings,2.5,126.0,FanDuel,3.5,320.0,Fanatics,4.5,775.0,BetOnline.ag,2.5,126.0,FanDuel,0.5,100.0,Fanatics,1.5,525.0,Fanatics,2.5,2200.0,Fanatics,3.5,4300.0,BetOnline.ag,0.5,100.0,Fanatics,0.5,210.0,Hard Rock Bet,1.5,1300.0,DraftKings,2.5,3300.0,Bovada,,,,0.5,210.0,Hard Rock Bet,0.5,290.0,FanDuel,,,,,,,,,,0.5,290.0,FanDuel,0.5,290.0,FanDuel,,,,,,,,,,0.5,290.0,FanDuel,The Odds API,"[""Bally Bet"", ""BetOnline.ag"", ""BetRivers"", ""Bovada"", ""Courtside"", ""DraftKings"", ""FanDuel"", ""Fanatics"", ""Hard Rock Bet"", ""ReBet"", ""draftkings"", ""theScore Bet""]",The Odds API,"[""Bally Bet"", ""BetOnline.ag"", ""BetRivers"", ""Bovada"", ""Caesars"", ""Courtside"", ""DraftKings"", ""FanDuel"", ""Fanatics"", ""Hard Rock Bet"", ""ReBet"", ""draftkings"", ""theScore Bet""]",0.5,325.0,Hard Rock Bet,1.5,1000.0,Bovada,,,,,,,0.5,325.0,Hard Rock Bet,The Odds API,"[""Bovada"", ""Hard Rock Bet"", ""theScore Bet""]",The Odds API,"[""Bally Bet"", ""BetMGM"", ""BetRivers"", ""Bovada"", ""Caesars"", ""Courtside"", ""DraftKings"", ""FanDuel"", ""Fanatics"", ""fanduel""]",The Odds API,"[""Bally Bet"", ""BetMGM"", ""BetRivers"", ""Bovada"", ""Caesars"", ""Courtside"", ""DraftKings"", ""FanDuel"", ""Fanatics"", ""Hard Rock Bet"", ""fanduel"", ""theScore Bet""]",The Odds API,"[""BetOnline.ag"", ""Courtside"", ""DraftKings"", ""FanDuel"", ""Fanatics"", ""Hard Rock Bet"", ""ReBet"", ""fanduel""]",2026-10-05T11:43:17.763238+00:00,ALTLINE_NB_v1_2026-01-18,2.5,126.0,FanDuel,exp/fallback,0.6000000000000001,0.0326670041478929,3.3,0.4424778761061947,-92.6172570625762,-92.6,0.1299407132279931,13.0,-81.47653662494565,-81.5,0.0326670041478929,3.3,-92.6172570625762,-92.6,0.0072912539530841,0.7,-96.93767333970466,-96.9,0.0014989631477473,0.1,-98.68840724572108,-98.7,0.5,100.0,Fanatics,exp/fallback,0.65,0.4432594490663516,44.3,0.5,-11.348110186729675,-11.3,0.4432594490663516,44.3,-11.348110186729675,-11.3,0.1484477520342771,14.8,-7.220154978576765,-7.2,0.0430720843578432,4.3,-0.9342059769604892,-0.9,0.0114522302417646,1.1,-49.61018693623544,-49.6,0.5,210.0,Hard Rock Bet,exp/fallback,0.324,0.259393117095873,25.9,0.3225806451612903,-19.58813370027937,-19.6,0.259393117095873,25.9,-19.58813370027937,-19.6,0.0528899931191629,5.3,-25.954009633171825,-26.0,0.0097056048865119,1.0,-67.00094338585936,-67.0,,,,,0.5,290.0,FanDuel,exp/fallback,0.2328,0.1995570218262653,20.0,0.2564102564102564,-22.17276148775652,-22.2,0.1995570218262653,20.0,-22.17276148775652,-22.2,,,,,,,,,,,,,0.5,290.0,FanDuel,exp/fallback,0.2376749999999999,0.1982927000938362,19.8,0.2564102564102564,-22.66584696340385,-22.7,0.1982927000938362,19.8,-22.66584696340385,-22.7,,,,,,,,,,,,,False,False,False,False,False,,,Active roster,2026-10-05T11:43:17+00:00,False,[],2025-2026,,2026-09-24-frozen-v2,2026-10-05T11:43:20.192002+00:00,2026020042,8482149.0,PLAYER_ID,FINAL,1.0,W,OK,0.0,L,OK,4.0,W,OK,1.0,W,OK,1.0,W,OK,0.0,L,OK
2026-10-05,WPG@PIT,2026020042,6:30 PM,2026-10-05T23:30:00Z,Dylan DeMelo,8476331,WPG,False,,2026-27,WPG,D,,Healthy,Unknown,,,2.0,1.0,🟢 ROLE+,15.0,9.0,2026-10-05T11:42:57+00:00,PIT,Sergei Murashov,0.896551724137931,2.559696628547728,42.4,Unconfirmed,dailyfaceoff_name_and_stats,22.0,6.0,22.0,6.0,,34.7,63.9,A1+A2,21.46,91.7,56.3,1.02,NONE,False,False,24.83856174316134,2.3401792243526978,41.5,30.9,12.0,2.4,True,,,,,50.0,,,,,,,,,,,,,,,,,,,,,,,,,,,,,,,,,,,,,,,,0.6414896815939237,0.1603724203984809,,,0.0,2.548981003132246,2.445592482609934,50.0,54.3,40.7,56.2,2.36,0.36,,,,,COOL,COOL,COOL,2.0,,COOL,Red,Red,Red,Red,61.0,43.0,41.0,54.0,POINTS,61.0,,,,,,,C,Passenger,0.5,,28.6,,0.0,0.1111788617886179,9.116666666666667,0.1111788617886179,0.0051813962299895,0.5,0.5,0.0,0.0,0.0,7.211801710007531,6.160814794961136,28.6,28.8,False,,,,,,False,False,0.0,,False,0.0,,False,0.0,,,,,,,,,,,,,,,,,,,,,,,,,,,,,,,,,,,,,,,,,,,,,,,0.5,1900.0,DraftKings,,,,,,,,,,0.5,1900.0,DraftKings,0.5,1900.0,DraftKings,,,,,,,,,,0.5,1900.0,DraftKings,,,,,,,,,,,,,,,,,,,,,,The Odds API,"[""Bally Bet"", ""BetMGM"", ""BetRivers"", ""Bovada"", ""Caesars"", ""Courtside"", ""DraftKings"", ""FanDuel"", ""Fanatics"", ""fanatics""]",The Odds API,"[""Bally Bet"", ""BetMGM"", ""BetRivers"", ""Bovada"", ""Caesars"", ""Courtside"", ""DraftKings"", ""FanDuel"", ""Fanatics"", ""Hard Rock Bet"", ""theScore Bet""]",,,2026-10-05T11:43:17.763238+00:00,ALTLINE_NB_v1_2026-01-18,,,,league_avg,2.3,,,,,,,,,,,,,,,,,,,,,,,,,exp/fallback,0.236,,,,,,,,,,,,,,,,,,,,,,,,,exp/fallback,0.2,,,,,,,,,,,,,,,,,,,,,,0.5,1900.0,DraftKings,exp/fallback,0.1944,0.1707321143974325,17.1,0.05,241.46422879486505,241.5,0.1707321143974325,17.1,241.46422879486505,241.5,,,,,,,,,,,,,0.5,1900.0,DraftKings,exp/fallback,0.1284,0.1160214650159255,11.6,0.05,132.04293003185117,132.0,0.1160214650159255,11.6,132.04293003185117,132.0,,,,,,,,,,,,,False,False,True,True,False,,,Active roster,2026-10-05T11:43:17+00:00,False,[],2025-2026,,2026-09-24-frozen-v2,2026-10-05T11:43:20.192002+00:00,2026020042,8476331.0,PLAYER_ID,FINAL,1.0,,NO_LINE,1.0,,NO_LINE,1.0,,NO_LINE,0.0,L,OK,0.0,L,OK,0.0,,NO_LINE
2026-10-05,WPG@PIT,2026020042,6:30 PM,2026-10-05T23:30:00Z,Dylan Samberg,8480049,WPG,False,,2026-27,WPG,D,,Healthy,Unknown,,,2.0,1.0,🟢 ROLE+,15.0,9.0,2026-10-05T11:42:57+00:00,PIT,Sergei Murashov,0.896551724137931,2.559696628547728,42.4,Unconfirmed,dailyfaceoff_name_and_stats,22.0,6.0,22.0,6.0,,41.4,56.5,A1+A2,21.82,94.3,57.3,1.03,NONE,False,False,24.83856174316134,2.3401792243526978,41.5,30.9,12.0,2.4,True,,,,,50.0,,,,,,,,,,,,,,,,,,,,,,,,,,,,,,,,,,,,,,,,0.443866018220426,0.0986368929378724,,,0.0,2.548981003132246,2.445592482609934,50.0,54.3,39.0,56.2,2.64,0.62,,,,,COOL,COOL,COOL,2.03,,COOL,Red,Red,Red,Red,58.0,47.0,45.0,52.0,POINTS,58.0,,,,,,,C,Passenger,0.5,,28.6,,0.0,0.1053030303030303,6.95,0.1053030303030303,0.0048256069618348,0.5,0.5,0.0,0.0,0.0,7.211801710007531,6.160814794961136,28.6,28.8,False,,,,,,False,False,0.0,,False,0.0,,False,0.0,,,,,,,,,,,,,,,,,,,,,,,,,,,,,,,,,,,,,,,,,,,,,,,0.5,2000.0,Fanatics,,,,,,,,,,0.5,2000.0,Fanatics,0.5,2000.0,Fanatics,,,,,,,,,,0.5,2000.0,Fanatics,,,,,,,,,,,,,,,,,,,,,,The Odds API,"[""Bally Bet"", ""BetMGM"", ""BetRivers"", ""Bovada"", ""Caesars"", ""Courtside"", ""DraftKings"", ""FanDuel"", ""Fanatics"", ""fanatics""]",The Odds API,"[""Bally Bet"", ""BetMGM"", ""BetRivers"", ""Bovada"", ""Caesars"", ""Courtside"", ""DraftKings"", ""FanDuel"", ""Fanatics"", ""Hard Rock Bet"", ""theScore Bet""]",,,2026-10-05T11:43:17.763238+00:00,ALTLINE_NB_v1_2026-01-18,,,,league_avg,2.3,,,,,,,,,,,,,,,,,,,,,,,,,exp/fallback,0.264,,,,,,,,,,,,,,,,,,,,,,,,,exp/fallback,0.2029999999999999,,,,,,,,,,,,,,,,,,,,,,0.5,2000.0,Fanatics,exp/fallback,0.2047999999999999,0.1786805128719816,17.9,0.0476190476190476,275.2290770311614,275.2,0.1786805128719816,17.9,275.2290770311614,275.2,,,,,,,,,,,,,0.5,2000.0,Fanatics,exp/fallback,0.1452999999999999,0.1296345790859625,13.0,0.0476190476190476,172.23261608052132,172.2,0.1296345790859625,13.0,172.23261608052132,172.2,,,,,,,,,,,,,False,False,True,True,False,,,Active roster,2026-10-05T11:43:17+00:00,False,[],2025-2026,,2026-09-24-frozen-v2,2026-10-05T11:43:20.192002+00:00,2026020042,8480049.0,PLAYER_ID,FINAL,0.0,,NO_LINE,0.0,,NO_LINE,1.0,,NO_LINE,0.0,L,OK,0.0,L,OK,0.0,,NO_LINE
2026-10-05,WPG@PIT,2026020042,6:30 PM,2026-10-05T23:30:00Z,Gabriel Vilardi,8480014,WPG,False,"{""season"":""2026-27"",""games"":[{""d"":""2026-10-04"",""g"":0,""a"":1,""s"":2,""pp"":1,""h"":""R"",""toi"":""14:41""},{""d"":""2026-10-02"",""g"":0,""a"":1,""s"":1,""pp"":1,""h"":""H"",""toi"":""19:25""}]}",2026-27,WPG,C,⭐ STAR,Healthy,Unknown,,,2.0,1.0,🟢 ROLE+,15.0,9.0,2026-10-05T11:42:57+00:00,PIT,Sergei Murashov,0.896551724137931,2.559696628547728,42.4,Unconfirmed,dailyfaceoff_name_and_stats,22.0,6.0,22.0,6.0,,95.0,92.8,A1+A2,18.74,80.8,91.4,1.2,STAR,False,True,24.83856174316134,2.3401792243526978,41.5,30.9,12.0,2.4,True,,,1.5,,50.0,2.0,0.0,3.0,0.0,2.0,2.0,2.0,2.0,2.0,2.0,3.0,3.0,LOW,0.2,-0.3,LOW,0.1,,LOW,0.05,,LOW,0.2,,LOW,0.1,,LOW,0.05,,LOW,0.3,,LOW,0.15,,LOW,0.075,,2.1351429635453303,0.5958538502917201,,,2.0,2.548981003132246,2.445592482609934,50.0,54.3,70.1,56.2,10.76,4.49,,7.78,4.08,,HOT,HOT,COOL,6.28,3.71,HOT,Green,Yellow,Green,Green,83.0,76.0,76.0,82.0,POINTS,83.0,0.0,0.0,2.0,2.0,2.0,0.0,A,Hybrid,15.9,,28.6,,2.0,2.984552845528455,244.7333333333333,2.984552845528455,0.1592642002624757,15.9,15.9,4.371288477254154,2.495777717243258,2.2064832470716427,7.211801710007531,6.160814794961136,28.6,70.3,False,,,,🅿️ D:0,,False,False,2.0,,False,0.0,,False,0.0,,1.5,-140.0,FanDuel,2.5,225.0,FanDuel,,,,,,,1.5,-140.0,FanDuel,0.5,100.0,theScore Bet,1.5,475.0,BetRivers,2.5,1900.0,Fanatics,3.5,2700.0,BetOnline.ag,0.5,100.0,theScore Bet,0.5,200.0,BetOnline.ag,1.5,1200.0,DraftKings,2.5,2500.0,Bovada,,,,0.5,200.0,BetOnline.ag,0.5,260.0,theScore Bet,,,,,,,,,,0.5,260.0,theScore Bet,0.5,260.0,FanDuel,,,,,,,,,,0.5,260.0,FanDuel,The Odds API,"[""Bally Bet"", ""BetOnline.ag"", ""BetRivers"", ""Bovada"", ""Courtside"", ""DraftKings"", ""FanDuel"", ""Fanatics"", ""Hard Rock Bet"", ""ReBet"", ""draftkings"", ""theScore Bet""]",The Odds API,"[""Bally Bet"", ""BetOnline.ag"", ""BetRivers"", ""Bovada"", ""Caesars"", ""Courtside"", ""DraftKings"", ""FanDuel"", ""Fanatics"", ""Hard Rock Bet"", ""ReBet"", ""draftkings"", ""theScore Bet""]",0.5,275.0,Hard Rock Bet,1.5,1000.0,Bovada,,,,,,,0.5,275.0,Hard Rock Bet,The Odds API,"[""Bovada"", ""Hard Rock Bet"", ""theScore Bet""]",The Odds API,"[""Bally Bet"", ""BetMGM"", ""BetRivers"", ""Bovada"", ""Caesars"", ""Courtside"", ""DraftKings"", ""FanDuel"", ""Fanatics"", ""betrivers""]",The Odds API,"[""Bally Bet"", ""BetMGM"", ""BetRivers"", ""Bovada"", ""Caesars"", ""Courtside"", ""DraftKings"", ""FanDuel"", ""Fanatics"", ""Hard Rock Bet"", ""fanduel"", ""theScore Bet""]",The Odds API,"[""FanDuel""]",2026-10-05T11:43:17.763238+00:00,ALTLINE_NB_v1_2026-01-18,1.5,-140.0,FanDuel,exp/fallback,0.3,0.0422318805185903,4.2,0.5833333333333334,-92.76024905395592,-92.8,0.0422318805185903,4.2,-92.76024905395592,-92.8,0.0057840451049215,0.6,-98.12018534090048,-98.1,,,,,,,,,0.5,100.0,theScore Bet,exp/fallback,1.076,0.5987580012967522,59.9,0.5,19.75160025935044,19.8,0.5987580012967522,59.9,19.75160025935044,19.8,0.2851328446755878,28.5,63.95138568846301,64.0,0.1196628815389093,12.0,139.32576307781872,139.3,0.0463717641555948,4.6,29.84093963566557,29.8,0.5,200.0,BetOnline.ag,exp/fallback,0.628,0.4208257171915144,42.1,0.3333333333333333,26.247715157454323,26.2,0.4208257171915144,42.1,26.247715157454323,26.2,0.1440209610242929,14.4,87.22724933158085,87.2,0.0448009913479144,4.5,16.482577504577655,16.5,,,,,0.5,260.0,theScore Bet,exp/fallback,0.2697,0.2259514629773245,22.6,0.2777777777777778,-18.65747332816317,-18.7,0.2259514629773245,22.6,-18.65747332816317,-18.7,,,,,,,,,,,,,0.5,260.0,FanDuel,exp/fallback,0.2976375,0.2382164323863846,23.8,0.2777777777777778,-14.242084340901515,-14.2,0.2382164323863846,23.8,-14.242084340901515,-14.2,,,,,,,,,,,,,False,True,False,False,True,,,Active roster,2026-10-05T11:43:17+00:00,False,"[{""market"":""Points"",""name"":""Hammer Fists"",""kind"":""FLOOR"",""rule"":""Conf_Points >= 80"",""icon"":""PTS05_HAMMER_FISTS.svg"",""kit_version"":""2026-09-24-frozen-v2""},{""market"":""Assists"",""name"":""Staff (Green Stance)"",""kind"":""STANCE"",""rule"":""Green + Assists 0.5"",""icon"":""staff.svg"",""kit_version"":""2026-09-24-frozen-v2""}]",2025-2026,,2026-09-24-frozen-v2,2026-10-05T11:43:20.192002+00:00,2026020042,8480014.0,PLAYER_ID,FINAL,0.0,L,OK,0.0,L,OK,3.0,W,OK,0.0,L,OK,0.0,L,OK,0.0,L,OK
2026-10-05,WPG@PIT,2026020042,6:30 PM,2026-10-05T23:30:00Z,Haydn Fleury,8477938,WPG,False,,2026-27,WPG,D,,Healthy,Unknown,,,2.0,0.0,,15.0,9.0,2026-10-05T11:42:57+00:00,PIT,Sergei Murashov,0.896551724137931,2.559696628547728,42.4,Unconfirmed,dailyfaceoff_name_and_stats,22.0,6.0,22.0,6.0,,30.5,24.0,A1+A2,13.93,43.4,30.8,0.94,NONE,False,False,24.83856174316134,2.3401792243526978,41.5,30.9,12.0,2.4,True,,,,,50.0,,,,,,,,,,,,,,,,,,,,,,,,,,,,,,,,,,,,,,,,0.4037685060565276,0.0,,,0.0,2.548981003132246,2.445592482609934,50.0,54.3,38.8,56.2,1.03,0.54,,,,,COOL,COOL,COOL,0.49,,COOL,Red,Red,Red,Red,34.0,35.0,34.0,29.0,SOG,35.0,,,,,,,C,Passenger,1.2,,28.6,,0.0,0.1605263157894736,6.1,0.1605263157894736,0.0115261069471562,1.2,1.2,4.426229508196722,4.426229508196722,0.0,7.211801710007531,6.160814794961136,28.6,32.1,False,,,,,,False,False,0.0,,False,0.0,,False,0.0,,,,,,,,,,,,,,,,,,,,,,,,,,,,,,,,,,,,,,,,,,,,,,,,,,,,,,,,,,,,,,,,,,,,,,,,,,,,,,,,,,,,,,,,,,,,,,,,,,,,,,,,2026-10-05T11:43:17.763238+00:00,ALTLINE_NB_v1_2026-01-18,,,,league_avg,2.3,,,,,,,,,,,,,,,,,,,,,,,,,exp/fallback,0.103,,,,,,,,,,,,,,,,,,,,,,,,,exp/fallback,0.049,,,,,,,,,,,,,,,,,,,,,,,,,exp/fallback,0.2016,,,,,,,,,,,,,,,,,,,,,,,,,exp/fallback,0.1401,,,,,,,,,,,,,,,,,,,,,,False,False,False,False,False,,,Active roster,2026-10-05T11:43:17+00:00,False,[],2025-2026,,2026-09-24-frozen-v2,2026-10-05T11:43:20.192002+00:00,2026020042,,,NO_PLAYER,,,NO_PLAYER,,,NO_PLAYER,,,NO_PLAYER,,,NO_PLAYER,,,NO_PLAYER,,,NO_PLAYER
2026-10-05,WPG@PIT,2026020042,6:30 PM,2026-10-05T23:30:00Z,Isak Rosen,8482765,WPG,False,,2026-27,WPG,R,,Healthy,Unknown,,,2.0,0.0,,15.0,9.0,2026-10-05T11:42:57+00:00,PIT,Sergei Murashov,0.896551724137931,2.559696628547728,42.4,Unconfirmed,dailyfaceoff_name_and_stats,22.0,6.0,22.0,6.0,,46.3,31.9,A1+A2,11.5,21.1,36.2,0.94,NONE,False,False,24.83856174316134,2.3401792243526978,41.5,30.9,12.0,2.4,True,,,,,50.0,,,,,,,,,,,,,,,,,,,,,,,,,,,,,,,,,,,,,,,,1.1614508918283637,0.3318431119509609,,,0.0,2.548981003132246,2.445592482609934,50.0,54.3,50.7,56.2,2.23,1.21,,,,,COOL,COOL,COOL,1.02,,COOL,Red,Red,Red,Red,37.0,41.0,42.0,34.0,GOAL,42.0,,,,,,,C,Passenger,13.6,,28.6,,0.0,1.5648648648648649,57.9,1.5648648648648649,0.1360219263899765,13.6,13.6,3.1917098445595857,1.4300518134715026,2.072538860103627,7.211801710007531,6.160814794961136,28.6,66.5,False,,,,,,False,False,0.0,,False,0.0,,False,0.0,,,,,,,,,,,,,,,,,0.5,175.0,BetRivers,,,,,,,,,,0.5,175.0,BetRivers,,,,,,,,,,,,,,,,0.5,550.0,FanDuel,,,,,,,,,,0.5,550.0,FanDuel,0.5,550.0,FanDuel,,,,,,,,,,0.5,550.0,FanDuel,,,The Odds API,"[""Bally Bet"", ""BetRivers""]",,,,,,,,,,,,,,,,,,The Odds API,"[""Bally Bet"", ""BetMGM"", ""BetRivers"", ""Bovada"", ""Caesars"", ""Courtside"", ""DraftKings"", ""FanDuel"", ""Fanatics"", ""fanduel""]",The Odds API,"[""Bally Bet"", ""BetMGM"", ""BetRivers"", ""Bovada"", ""Caesars"", ""Courtside"", ""DraftKings"", ""FanDuel"", ""Fanatics"", ""Hard Rock Bet"", ""theScore Bet""]",,,2026-10-05T11:43:17.763238+00:00,ALTLINE_NB_v1_2026-01-18,,,,league_avg,2.3,,,,,,,,,,,,,,,,,,,,,,0.5,175.0,BetRivers,exp/fallback,0.223,0.1932369692293506,19.3,0.3636363636363636,-46.85983346192858,-46.9,0.1932369692293506,19.3,-46.85983346192858,-46.9,,,,,,,,,,,,,,,,exp/fallback,0.102,,,,,,,,,,,,,,,,,,,,,,0.5,550.0,FanDuel,exp/fallback,0.2284,0.1963259981068948,19.6,0.1538461538461538,27.61189876948168,27.6,0.1963259981068948,19.6,27.61189876948168,27.6,,,,,,,,,,,,,0.5,550.0,FanDuel,exp/fallback,0.1836499999999999,0.1592741317733985,15.9,0.1538461538461538,3.52818565270906,3.5,0.1592741317733985,15.9,3.52818565270906,3.5,,,,,,,,,,,,,False,False,True,False,False,,,Active roster,2026-10-05T11:43:17+00:00,False,[],2025-2026,,2026-09-24-frozen-v2,2026-10-05T11:43:20.192002+00:00,2026020042,8482765.0,PLAYER_ID,FINAL,0.0,L,OK,0.0,,NO_LINE,1.0,,NO_LINE,0.0,L,OK,0.0,L,OK,0.0,,NO_LINE
2026-10-05,WPG@PIT,2026020042,6:30 PM,2026-10-05T23:30:00Z,Jack St. Ivany,8481030,PIT,True,,2026-27,WPG,D,,Healthy,Unknown,,,2.0,0.0,,15.0,9.0,2026-10-05T11:42:57+00:00,PIT,Sergei Murashov,0.896551724137931,2.559696628547728,42.4,Unconfirmed,dailyfaceoff_name_and_stats,22.0,6.0,22.0,6.0,,25.6,40.6,A1+A2,16.33,61.1,38.0,0.95,NONE,False,False,24.83856174316134,2.3401792243526978,41.5,30.9,12.0,2.4,True,,,,,50.0,,,,,,,,,,,,,,,,,,,,,,,,,,,,,,,,,,,,,,,,1.411527474374055,0.6049403461603092,,,0.0,2.548981003132246,2.445592482609934,50.0,54.3,58.2,56.2,4.03,0.7,,,,,COOL,COOL,COOL,3.33,,COOL,Red,Red,Red,Red,46.0,33.0,32.0,41.0,POINTS,46.0,,,,,,,,Passenger,0.0,,28.6,,,0.0041666666666666,0.0833333333333333,0.0041666666666666,0.0002552192333214,0.0,0.0,0.0,0.0,0.0,7.211801710007531,6.160814794961136,28.6,15.6,False,,,,,,False,False,0.0,,False,0.0,,False,0.0,,,,,,,,,,,,,,,,,,,,,,,,,,,,,,,,,,,,,,,,,,,,,,,,,,,,,,,,,,,,,,,,,,,,,,,,,,,,,,,,,,,,,,,,,,,,,,,,,,,,,,,,2026-10-05T11:43:17.763238+00:00,ALTLINE_NB_v1_2026-01-18,,,,league_avg,2.3,,,,,,,,,,,,,,,,,,,,,,,,,exp/fallback,0.403,,,,,,,,,,,,,,,,,,,,,,,,,exp/fallback,0.333,,,,,,,,,,,,,,,,,,,,,,,,,exp/fallback,0.208,,,,,,,,,,,,,,,,,,,,,,,,,exp/fallback,0.1505,,,,,,,,,,,,,,,,,,,,,,False,False,False,False,False,,,Active roster,2026-10-05T11:43:17+00:00,False,[],2025-2026,,2026-09-24-frozen-v2,2026-10-05T11:43:20.192002+00:00,2026020042,8481030.0,PLAYER_ID,FINAL,0.0,,NO_LINE,0.0,,NO_LINE,0.0,,NO_LINE,0.0,,NO_LINE,0.0,,NO_LINE,0.0,,NO_LINE
2026-10-05,WPG@PIT,2026020042,6:30 PM,2026-10-05T23:30:00Z,Josh Morrissey,8477504,WPG,False,"{""season"":""2026-27"",""games"":[{""d"":""2026-10-04"",""g"":0,""a"":2,""s"":7,""pp"":2,""h"":""R"",""toi"":""21:33""},{""d"":""2026-10-02"",""g"":0,""a"":0,""s"":4,""pp"":0,""h"":""H"",""toi"":""25:22""}]}",2026-27,WPG,D,,Healthy,Unknown,,,2.0,1.0,🟢 ROLE+,15.0,9.0,2026-10-05T11:42:57+00:00,PIT,Sergei Murashov,0.896551724137931,2.559696628547728,42.4,Unconfirmed,dailyfaceoff_name_and_stats,22.0,6.0,22.0,6.0,,61.3,93.9,A1+A2,24.72,98.9,80.2,1.12,NONE,False,False,24.83856174316134,2.3401792243526978,41.5,30.9,12.0,2.4,True,,,5.5,,50.0,2.0,0.0,11.0,0.0,2.0,2.0,2.0,2.0,2.0,2.0,11.0,11.0,LOW,0.2,-0.3,LOW,0.1,,LOW,0.05,,LOW,0.2,,LOW,0.1,,LOW,0.05,,LOW,1.1,,LOW,0.55,,LOW,0.275,,1.3350785340314135,0.5890052356020943,,,2.0,2.548981003132246,2.445592482609934,50.0,54.3,55.9,56.2,7.9,1.21,,5.18,1.21,,HOT,COOL,COOL,6.57,3.97,HOT,Yellow,Red,Red,Yellow,84.0,58.0,57.0,79.0,POINTS,84.0,0.0,0.0,2.0,0.0,2.0,0.0,A,Distributor,12.2,,28.6,,2.0,3.023809523809524,232.8333333333333,3.023809523809524,0.1223217491046958,12.2,12.2,3.2186113099498925,0.5901216893342878,3.092340730136005,7.211801710007531,6.160814794961136,28.6,67.8,False,,,,🅿️ D:0,,False,False,1.0,,False,0.0,,False,0.0,,1.5,-164.0,BetOnline.ag,2.5,185.0,Fanatics,3.5,490.0,FanDuel,4.5,1200.0,Fanatics,1.5,-164.0,BetOnline.ag,0.5,-112.0,BetOnline.ag,1.5,450.0,DraftKings,2.5,1700.0,Fanatics,3.5,4300.0,BetOnline.ag,0.5,-112.0,BetOnline.ag,0.5,115.0,Hard Rock Bet,1.5,650.0,DraftKings,2.5,2500.0,Fanatics,,,,0.5,115.0,Hard Rock Bet,0.5,600.0,FanDuel,,,,,,,,,,0.5,600.0,FanDuel,0.5,600.0,FanDuel,,,,,,,,,,0.5,600.0,FanDuel,The Odds API,"[""Bally Bet"", ""BetOnline.ag"", ""BetRivers"", ""Bovada"", ""Courtside"", ""DraftKings"", ""FanDuel"", ""Fanatics"", ""Hard Rock Bet"", ""ReBet"", ""draftkings"", ""theScore Bet""]",The Odds API,"[""Bally Bet"", ""BetOnline.ag"", ""BetRivers"", ""Bovada"", ""Caesars"", ""Courtside"", ""DraftKings"", ""FanDuel"", ""Fanatics"", ""Hard Rock Bet"", ""ReBet"", ""draftkings"", ""theScore Bet""]",0.5,220.0,Hard Rock Bet,1.5,850.0,Bovada,,,,,,,0.5,220.0,Hard Rock Bet,The Odds API,"[""Bovada"", ""Hard Rock Bet"", ""theScore Bet""]",The Odds API,"[""Bally Bet"", ""BetMGM"", ""BetRivers"", ""Bovada"", ""Caesars"", ""Courtside"", ""DraftKings"", ""FanDuel"", ""Fanatics"", ""betmgm""]",The Odds API,"[""Bally Bet"", ""BetMGM"", ""BetRivers"", ""Bovada"", ""Caesars"", ""Courtside"", ""DraftKings"", ""FanDuel"", ""Fanatics"", ""Hard Rock Bet"", ""theScore Bet""]",The Odds API,"[""BetOnline.ag"", ""Courtside"", ""DraftKings"", ""FanDuel"", ""Fanatics"", ""Hard Rock Bet"", ""ReBet"", ""theScore Bet""]",2026-10-05T11:43:17.763238+00:00,ALTLINE_NB_v1_2026-01-18,1.5,-164.0,BetOnline.ag,exp/fallback,1.1,0.2951240545579663,29.5,0.6212121212121212,-52.49222536383957,-52.5,0.2951240545579663,29.5,-52.49222536383957,-52.5,0.1190869247365296,11.9,-66.06022645008906,-66.1,0.0431493393233607,4.3,-74.54188979921716,-74.5,0.014486623260547,1.4,-81.16738976128882,-81.2,0.5,-112.0,BetOnline.ag,exp/fallback,0.79,0.5021673525403842,50.2,0.5283018867924528,-4.946893983427264,-4.9,0.5021673525403842,50.2,-4.946893983427264,-4.9,0.1940688084799874,19.4,6.737844663993087,6.7,0.0653625424242047,6.5,17.65257636356844,17.7,0.0202254448101777,2.0,-11.008042835217946,-11.0,0.5,115.0,Hard Rock Bet,exp/fallback,0.657,0.433399592529317,43.3,0.4651162790697674,-6.819087606196838,-6.8,0.433399592529317,43.3,-6.819087606196838,-6.8,0.1531914873669242,15.3,14.893615525193171,14.9,0.0492603290539629,4.9,28.076855540303647,28.1,,,,,0.5,600.0,FanDuel,exp/fallback,0.1713,0.1526879918088605,15.3,0.1428571428571428,6.881594266202351,6.9,0.1526879918088605,15.3,6.881594266202351,6.9,,,,,,,,,,,,,0.5,600.0,FanDuel,exp/fallback,0.1377374999999999,0.1235859783354714,12.4,0.1428571428571428,-13.489815165169972,-13.5,0.1235859783354714,12.4,-13.489815165169972,-13.5,,,,,,,,,,,,,False,False,False,False,False,,,Active roster,2026-10-05T11:43:17+00:00,False,[],2025-2026,,2026-09-24-frozen-v2,2026-10-05T11:43:20.192002+00:00,2026020042,8477504.0,PLAYER_ID,FINAL,1.0,W,OK,1.0,W,OK,0.0,L,OK,0.0,L,OK,0.0,L,OK,0.0,L,OK
2026-10-05,WPG@PIT,2026020042,6:30 PM,2026-10-05T23:30:00Z,Kyle Connor,8478398,WPG,False,"{""season"":""2026-27"",""games"":[{""d"":""2026-10-04"",""g"":2,""a"":1,""s"":5,""pp"":3,""h"":""R"",""toi"":""20:05""},{""d"":""2026-10-02"",""g"":1,""a"":1,""s"":9,""pp"":1,""h"":""H"",""toi"":""20:56""}]}",2026-27,WPG,L,👑 ELITE,Healthy,Unknown,,,2.0,1.0,🟢 ROLE+,15.0,9.0,2026-10-05T11:42:57+00:00,PIT,Sergei Murashov,0.896551724137931,2.559696628547728,42.4,Unconfirmed,dailyfaceoff_name_and_stats,22.0,6.0,22.0,6.0,,98.0,97.7,A1+A2,21.51,92.5,96.8,1.26,ELITE,True,False,24.83856174316134,2.3401792243526978,41.5,30.9,12.0,2.4,True,,,7.0,,50.0,5.0,3.0,14.0,3.0,2.0,2.0,5.0,5.0,2.0,2.0,14.0,14.0,LOW,0.5,0.0,LOW,0.25,,LOW,0.125,,LOW,0.2,,LOW,0.1,,LOW,0.05,,LOW,1.4,,LOW,0.7,,LOW,0.35,,2.489376147250371,0.8599663054137645,,,2.0,2.548981003132246,2.445592482609934,50.0,54.3,72.9,56.2,17.77,6.79,,8.16,2.03,,HOT,WARM,COOL,10.98,6.13,HOT,Green,Green,Green,Green,87.0,77.0,83.0,86.0,POINTS,87.0,0.0,0.0,0.0,0.0,4.0,0.0,A,Distributor,14.0,,28.6,,2.0,3.0134146341463413,247.1,3.0134146341463413,0.1401177571330012,14.0,14.0,4.29481991096722,1.6632942128692836,3.095912585997572,7.211801710007531,6.160814794961136,28.6,71.6,False,,,,🅿️ D:0,,False,False,2.0,,False,0.0,,False,0.0,,1.5,-425.0,DraftKings,2.5,-150.0,DraftKings,3.5,150.0,Fanatics,4.5,340.0,Fanatics,2.5,-150.0,DraftKings,0.5,-180.0,theScore Bet,1.5,265.0,DraftKings,2.5,1000.0,DraftKings,3.5,2800.0,Fanatics,0.5,-180.0,theScore Bet,0.5,130.0,Hard Rock Bet,1.5,700.0,DraftKings,2.5,2800.0,Fanatics,,,,0.5,130.0,Hard Rock Bet,0.5,175.0,DraftKings,,,,,,,,,,0.5,175.0,DraftKings,0.5,175.0,DraftKings,,,,,,,,,,0.5,175.0,DraftKings,The Odds API,"[""Bally Bet"", ""BetOnline.ag"", ""BetRivers"", ""Bovada"", ""Courtside"", ""DraftKings"", ""FanDuel"", ""Fanatics"", ""Hard Rock Bet"", ""ReBet"", ""draftkings"", ""theScore Bet""]",The Odds API,"[""Bally Bet"", ""BetOnline.ag"", ""BetRivers"", ""Bovada"", ""Caesars"", ""Courtside"", ""DraftKings"", ""FanDuel"", ""Fanatics"", ""Hard Rock Bet"", ""ReBet"", ""draftkings"", ""theScore Bet""]",0.5,200.0,Hard Rock Bet,1.5,800.0,Bovada,,,,,,,0.5,200.0,Hard Rock Bet,The Odds API,"[""Bovada"", ""Hard Rock Bet"", ""theScore Bet""]",The Odds API,"[""Bally Bet"", ""BetMGM"", ""BetRivers"", ""Bovada"", ""Caesars"", ""Courtside"", ""DraftKings"", ""FanDuel"", ""Fanatics"", ""caesars""]",The Odds API,"[""Bally Bet"", ""BetMGM"", ""BetRivers"", ""Bovada"", ""Caesars"", ""Courtside"", ""DraftKings"", ""FanDuel"", ""Fanatics"", ""Hard Rock Bet"", ""fanduel"", ""theScore Bet""]",The Odds API,"[""BetOnline.ag"", ""Courtside"", ""DraftKings"", ""FanDuel"", ""Fanatics"", ""Hard Rock Bet"", ""ReBet"", ""draftkings"", ""theScore Bet""]",2026-10-05T11:43:17.763238+00:00,ALTLINE_NB_v1_2026-01-18,2.5,-150.0,DraftKings,exp/fallback,1.4,0.1843487658186298,18.4,0.6,-69.27520569689504,-69.3,0.3867128694889445,38.7,-52.2295867101892,-52.2,0.1843487658186298,18.4,-69.27520569689504,-69.3,0.0794192305821702,7.9,-80.14519235445744,-80.1,0.0318123118174802,3.2,-86.0025828003087,-86.0,0.5,-180.0,theScore Bet,exp/fallback,1.777,0.7488732561324772,74.9,0.6428571428571429,16.49139539838535,16.5,0.7488732561324772,74.9,16.49139539838535,16.5,0.4737400992209892,47.4,72.91513621566108,72.9,0.2702718397885733,27.0,197.2990237674306,197.3,0.1439512041505274,14.4,317.4584920365295,317.5,0.5,130.0,Hard Rock Bet,exp/fallback,1.098,0.5832293143163647,58.3,0.4347826086956521,34.142742292763884,34.1,0.5832293143163647,58.3,34.142742292763884,34.1,0.287803741120347,28.8,130.2429928962776,130.2,0.1307456652475771,13.1,279.1624292179737,279.2,,,,,0.5,175.0,DraftKings,exp/fallback,0.3387,0.2721342612264986,27.2,0.3636363636363636,-25.16307816271287,-25.2,0.2721342612264986,27.2,-25.16307816271287,-25.2,,,,,,,,,,,,,0.5,175.0,DraftKings,exp/fallback,0.4097625,0.3046118253118296,30.5,0.3636363636363636,-16.231748039246852,-16.2,0.3046118253118296,30.5,-16.231748039246852,-16.2,,,,,,,,,,,,,False,True,False,False,True,,,Active roster,2026-10-05T11:43:17+00:00,False,"[{""market"":""Points"",""name"":""Hammer Fists"",""kind"":""FLOOR"",""rule"":""Conf_Points >= 80"",""icon"":""PTS05_HAMMER_FISTS.svg"",""kit_version"":""2026-09-24-frozen-v2""},{""market"":""Points"",""name"":""Echo Stomp II"",""kind"":""TIER"",""rule"":""Conf_Points >= 80 + TOI_per_game >= 19.18"",""icon"":""PTS05_HAMMER_STOMP.svg"",""kit_version"":""2026-09-24-frozen-v2""},{""market"":""Points"",""name"":""Gaia’s Blessing"",""kind"":""TIER"",""rule"":""Conf_Points >= 80 + Assists_mu >= 0.746"",""icon"":""PTS05_GAIAS_BLESSING.svg"",""kit_version"":""2026-09-24-frozen-v2""},{""market"":""Points"",""name"":""Gaia’s Blessing+ (Press)"",""kind"":""HEAVY"",""rule"":""Conf_Points >= 81 + Assists_mu >= 0.746"",""icon"":""PTS05_GAIAS_BLESSING.svg"",""kit_version"":""2026-09-24-frozen-v2""},{""market"":""Points"",""name"":""Gaia’s Blessing++ (Smash)"",""kind"":""HEAVY"",""rule"":""Conf_Points >= 83 + Assists_mu >= 0.746"",""icon"":""PTS05_GAIAS_BLESSING.svg"",""kit_version"":""2026-09-24-frozen-v2""},{""market"":""Assists"",""name"":""Staff (Green Stance)"",""kind"":""STANCE"",""rule"":""Green + Assists 0.5"",""icon"":""staff.svg"",""kit_version"":""2026-09-24-frozen-v2""},{""market"":""Assists"",""name"":""Staff Awakened"",""kind"":""STANCE"",""rule"":""Green + Assists 0.5 + Conf_Assists ≥ 83"",""icon"":""staff.svg"",""kit_version"":""2026-09-24-frozen-v2""},{""market"":""SOG"",""name"":""Jungle Stance"",""kind"":""STANCE"",""rule"":""Green + SOG 2.5 + Conf_SOG >= 75"",""icon"":""sog_basic_swipe.svg"",""kit_version"":""2026-09-24-frozen-v2""},{""market"":""SOG"",""name"":""Berserker Swipe"",""kind"":""FLOOR"",""rule"":""iXG% >= 93.2"",""icon"":""sog_basic_swipe.svg"",""kit_version"":""2026-09-24-frozen-v2""}]",2025-2026,,2026-09-24-frozen-v2,2026-10-05T11:43:20.192002+00:00,2026020042,8478398.0,PLAYER_ID,FINAL,0.0,L,OK,0.0,L,OK,6.0,W,OK,0.0,L,OK,0.0,L,OK,0.0,L,OK
2026-10-05,WPG@PIT,2026020042,6:30 PM,2026-10-05T23:30:00Z,Mario Ferraro,8479983,SJS,True,,2026-27,WPG,D,,Healthy,Unknown,,,2.0,1.0,🟢 ROLE+,15.0,9.0,2026-10-05T11:42:57+00:00,PIT,Sergei Murashov,0.896551724137931,2.559696628547728,42.4,Unconfirmed,dailyfaceoff_name_and_stats,22.0,6.0,22.0,6.0,,44.7,63.9,A1+A2,21.03,90.2,60.5,1.04,NONE,False,False,24.83856174316134,2.3401792243526978,41.5,30.9,12.0,2.4,True,,,,,50.0,,,,,,,,,,,,,,,,,,,,,,,,,,,,,,,,,,,,,,,,0.8551576696953501,0.3848209513629075,,,0.0,2.548981003132246,2.445592482609934,50.0,54.3,45.2,56.2,2.6,0.56,,,,,COOL,COOL,COOL,2.03,,COOL,Red,Red,Red,Red,62.0,48.0,46.0,56.0,POINTS,62.0,,,,,,,,Passenger,0.2,,28.6,,,0.0463414634146341,3.8,0.0463414634146341,0.0022037928434727,0.2,0.2,0.4736842105263158,0.4736842105263158,0.0,7.211801710007531,6.160814794961136,28.6,22.7,False,,,,,,False,False,0.0,,False,0.0,,False,0.0,,,,,,,,,,,,,,,,,,,,,,,,,,,,,,,,,,,,,,,,,,,,,,,0.5,2200.0,Fanatics,,,,,,,,,,0.5,2200.0,Fanatics,0.5,2200.0,Fanatics,,,,,,,,,,0.5,2200.0,Fanatics,,,,,,,,,,,,,,,,,,,,,,The Odds API,"[""Bally Bet"", ""BetMGM"", ""BetRivers"", ""Bovada"", ""Caesars"", ""Courtside"", ""DraftKings"", ""FanDuel"", ""Fanatics"", ""fanatics""]",The Odds API,"[""Bally Bet"", ""BetMGM"", ""BetRivers"", ""Bovada"", ""Caesars"", ""Courtside"", ""DraftKings"", ""FanDuel"", ""Fanatics"", ""Hard Rock Bet"", ""theScore Bet""]",,,2026-10-05T11:43:17.763238+00:00,ALTLINE_NB_v1_2026-01-18,,,,league_avg,2.3,,,,,,,,,,,,,,,,,,,,,,,,,exp/fallback,0.26,,,,,,,,,,,,,,,,,,,,,,,,,exp/fallback,0.2029999999999999,,,,,,,,,,,,,,,,,,,,,,0.5,2200.0,Fanatics,exp/fallback,0.2024,0.1768557645856978,17.7,0.0434782608695652,306.76825854710506,306.8,0.1768557645856978,17.7,306.76825854710506,306.8,,,,,,,,,,,,,0.5,2200.0,Fanatics,exp/fallback,0.1414,0.1265239325354448,12.7,0.0434782608695652,191.0050448315231,191.0,0.1265239325354448,12.7,191.0050448315231,191.0,,,,,,,,,,,,,False,False,True,True,False,,,Active roster,2026-10-05T11:43:17+00:00,False,[],2025-2026,,2026-09-24-frozen-v2,2026-10-05T11:43:20.192002+00:00,2026020042,8479983.0,PLAYER_ID,FINAL,0.0,,NO_LINE,0.0,,NO_LINE,2.0,,NO_LINE,0.0,L,OK,0.0,L,OK,0.0,,NO_LINE
2026-10-05,WPG@PIT,2026020042,6:30 PM,2026-10-05T23:30:00Z,Mark Scheifele,8476460,WPG,False,"{""season"":""2026-27"",""games"":[{""d"":""2026-10-04"",""g"":0,""a"":0,""s"":2,""pp"":0,""h"":""R"",""toi"":""18:06""},{""d"":""2026-10-02"",""g"":0,""a"":0,""s"":0,""pp"":0,""h"":""H"",""toi"":""22:29""}]}",2026-27,WPG,C,👑 ELITE,Healthy,Unknown,,,2.0,1.0,🟢 ROLE+,15.0,9.0,2026-10-05T11:42:57+00:00,PIT,Sergei Murashov,0.896551724137931,2.559696628547728,42.4,Unconfirmed,dailyfaceoff_name_and_stats,22.0,6.0,22.0,6.0,,94.9,99.1,A1+A2,21.5,92.1,95.8,1.25,ELITE,True,False,24.83856174316134,2.3401792243526978,41.5,30.9,12.0,2.4,True,,,1.0,,50.0,0.0,0.0,2.0,0.0,0.0,0.0,0.0,0.0,0.0,0.0,2.0,2.0,LOW,0.0,-0.5,LOW,0.0,,LOW,0.0,,LOW,0.0,,LOW,0.0,,LOW,0.0,,LOW,0.2,,LOW,0.1,,LOW,0.05,,2.8377739240107203,1.1787676299736838,,,0.0,2.548981003132246,2.445592482609934,50.0,54.3,74.4,56.2,19.58,4.69,,14.5,4.26,,HOT,HOT,COOL,13.84,10.25,HOT,Green,Green,Green,Green,94.0,81.0,81.0,92.0,POINTS,94.0,2.0,2.0,2.0,2.0,0.0,2.0,A,Distributor,14.3,,28.6,,2.0,3.069918699186992,251.7333333333333,3.069918699186992,0.1427599243856332,14.3,14.3,3.534096927966102,1.1536016949152543,2.8005826271186445,7.211801710007531,6.160814794961136,28.6,71.1,False,,,,🅿️ PTS D:2 | 🅿️ D:2,,False,False,2.0,,False,0.0,,False,0.0,,1.5,-130.0,Hard Rock Bet,2.5,195.0,FanDuel,3.5,500.0,Fanatics,4.5,1200.0,Fanatics,1.5,-130.0,Hard Rock Bet,0.5,-200.0,BetOnline.ag,1.5,230.0,Bovada,2.5,850.0,DraftKings,3.5,2500.0,Fanatics,0.5,-200.0,BetOnline.ag,0.5,-120.0,DraftKings,1.5,450.0,DraftKings,2.5,1500.0,Fanatics,,,,0.5,-120.0,DraftKings,0.5,240.0,theScore Bet,,,,,,,,,,0.5,240.0,theScore Bet,0.5,240.0,DraftKings,,,,,,,,,,0.5,240.0,DraftKings,The Odds API,"[""Bally Bet"", ""BetOnline.ag"", ""BetRivers"", ""Bovada"", ""Courtside"", ""DraftKings"", ""FanDuel"", ""Fanatics"", ""Hard Rock Bet"", ""ReBet"", ""draftkings"", ""theScore Bet""]",The Odds API,"[""Bally Bet"", ""BetOnline.ag"", ""BetRivers"", ""Bovada"", ""Caesars"", ""Courtside"", ""DraftKings"", ""FanDuel"", ""Fanatics"", ""Hard Rock Bet"", ""ReBet"", ""draftkings"", ""theScore Bet""]",0.5,190.0,Hard Rock Bet,1.5,800.0,Bovada,,,,,,,0.5,190.0,Hard Rock Bet,The Odds API,"[""Bovada"", ""Hard Rock Bet"", ""theScore Bet""]",The Odds API,"[""Bally Bet"", ""BetMGM"", ""BetRivers"", ""Bovada"", ""Caesars"", ""Courtside"", ""DraftKings"", ""FanDuel"", ""Fanatics"", ""fanduel""]",The Odds API,"[""Bally Bet"", ""BetMGM"", ""BetRivers"", ""Bovada"", ""Caesars"", ""Courtside"", ""DraftKings"", ""FanDuel"", ""Fanatics"", ""Hard Rock Bet"", ""fanduel"", ""theScore Bet""]",The Odds API,"[""BetOnline.ag"", ""Courtside"", ""DraftKings"", ""FanDuel"", ""Fanatics"", ""Hard Rock Bet"", ""ReBet"", ""theScore Bet""]",2026-10-05T11:43:17.763238+00:00,ALTLINE_NB_v1_2026-01-18,1.5,-130.0,Hard Rock Bet,exp/fallback,0.2,0.0205922919144261,2.1,0.5652173913043478,-96.35674835360152,-96.4,0.0205922919144261,2.1,-96.35674835360152,-96.4,0.0019369069985104,0.2,-99.42861243543942,-99.4,0.0001602036731851,0.0,-99.90387779608892,-99.9,1.2145062741386605e-05,0.0,-99.9842114184362,-100.0,0.5,-200.0,BetOnline.ag,exp/fallback,1.958,0.7749128005106205,77.5,0.6666666666666666,16.236920076593076,16.2,0.7749128005106205,77.5,16.236920076593076,16.2,0.5134040266423449,51.3,69.4233287919738,69.4,0.3083229900417358,30.8,192.906840539649,192.9,0.1733059330531111,17.3,350.595425938089,350.6,0.5,-120.0,DraftKings,exp/fallback,1.384,0.6506994394424606,65.1,0.5454545454545454,19.29489723111777,19.3,0.6506994394424606,65.1,19.29489723111777,19.3,0.3649831416814471,36.5,100.74072792479588,100.7,0.1897032852535913,19.0,203.5252564057461,203.5,,,,,0.5,240.0,theScore Bet,exp/fallback,0.2757,0.2301276748803739,23.0,0.2941176470588235,-21.75659054067288,-21.8,0.2301276748803739,23.0,-21.75659054067288,-21.8,,,,,,,,,,,,,0.5,240.0,DraftKings,exp/fallback,0.3073875,0.2443981351949006,24.4,0.2941176470588235,-16.90463403373379,-16.9,0.2443981351949006,24.4,-16.90463403373379,-16.9,,,,,,,,,,,,,False,True,False,False,True,,,Active roster,2026-10-05T11:43:17+00:00,False,"[{""market"":""Points"",""name"":""Hammer Fists"",""kind"":""FLOOR"",""rule"":""Conf_Points >= 80"",""icon"":""PTS05_HAMMER_FISTS.svg"",""kit_version"":""2026-09-24-frozen-v2""},{""market"":""Points"",""name"":""Echo Stomp II"",""kind"":""TIER"",""rule"":""Conf_Points >= 80 + TOI_per_game >= 19.18"",""icon"":""PTS05_HAMMER_STOMP.svg"",""kit_version"":""2026-09-24-frozen-v2""},{""market"":""Points"",""name"":""Gaia’s Blessing"",""kind"":""TIER"",""rule"":""Conf_Points >= 80 + Assists_mu >= 0.746"",""icon"":""PTS05_GAIAS_BLESSING.svg"",""kit_version"":""2026-09-24-frozen-v2""},{""market"":""Points"",""name"":""Gaia’s Blessing+ (Press)"",""kind"":""HEAVY"",""rule"":""Conf_Points >= 81 + Assists_mu >= 0.746"",""icon"":""PTS05_GAIAS_BLESSING.svg"",""kit_version"":""2026-09-24-frozen-v2""},{""market"":""Points"",""name"":""Gaia’s Blessing++ (Smash)"",""kind"":""HEAVY"",""rule"":""Conf_Points >= 83 + Assists_mu >= 0.746"",""icon"":""PTS05_GAIAS_BLESSING.svg"",""kit_version"":""2026-09-24-frozen-v2""},{""market"":""Assists"",""name"":""Staff (Green Stance)"",""kind"":""STANCE"",""rule"":""Green + Assists 0.5"",""icon"":""staff.svg"",""kit_version"":""2026-09-24-frozen-v2""},{""market"":""Assists"",""name"":""Staff Awakened"",""kind"":""STANCE"",""rule"":""Green + Assists 0.5 + Conf_Assists ≥ 83"",""icon"":""staff.svg"",""kit_version"":""2026-09-24-frozen-v2""}]",2025-2026,,2026-09-24-frozen-v2,2026-10-05T11:43:20.192002+00:00,2026020042,8476460.0,PLAYER_ID,FINAL,0.0,L,OK,0.0,L,OK,3.0,W,OK,0.0,L,OK,0.0,L,OK,0.0,L,OK
2026-10-05,WPG@PIT,2026020042,6:30 PM,2026-10-05T23:30:00Z,Morgan Barron,8480289,WPG,False,,2026-27,WPG,C,,Healthy,Unknown,,,2.0,0.0,,15.0,9.0,2026-10-05T11:42:57+00:00,PIT,Sergei Murashov,0.896551724137931,2.559696628547728,42.4,Unconfirmed,dailyfaceoff_name_and_stats,22.0,6.0,22.0,6.0,,69.9,54.3,A1+A2,12.8,33.2,57.1,1.03,NONE,False,False,24.83856174316134,2.3401792243526978,41.5,30.9,12.0,2.4,True,,,,,50.0,,,,,,,,,,,,,,,,,,,,,,,,,,,,,,,,,,,,,,,,1.7511856986501275,0.4377964246625319,,,0.0,2.548981003132246,2.445592482609934,50.0,54.3,65.2,56.2,3.72,1.82,,,,,COOL,COOL,COOL,1.9,,COOL,Red,Red,Red,Red,51.0,55.0,56.0,50.0,GOAL,56.0,,,,,,,C,Passenger,0.2,,28.6,,0.0,0.0302564102564102,1.9666666666666663,0.0302564102564102,0.002363782051282,0.2,0.2,0.0,0.0,0.0,7.211801710007531,6.160814794961136,28.6,22.7,False,,,,,,False,False,0.0,,False,0.0,,False,0.0,,,,,,,,,,,,,,,,,,,,,,,,,,,,,,,,,,,,,,,,,,,,,,,0.5,800.0,FanDuel,,,,,,,,,,0.5,800.0,FanDuel,0.5,800.0,FanDuel,,,,,,,,,,0.5,800.0,FanDuel,,,,,,,,,,,,,,,,,,,,,,The Odds API,"[""Bally Bet"", ""BetMGM"", ""BetRivers"", ""Bovada"", ""Caesars"", ""Courtside"", ""DraftKings"", ""FanDuel"", ""Fanatics"", ""fanduel""]",The Odds API,"[""Bally Bet"", ""BetMGM"", ""BetRivers"", ""Bovada"", ""Caesars"", ""Courtside"", ""DraftKings"", ""FanDuel"", ""Fanatics"", ""Hard Rock Bet"", ""theScore Bet""]",,,2026-10-05T11:43:17.763238+00:00,ALTLINE_NB_v1_2026-01-18,,,,league_avg,2.3,,,,,,,,,,,,,,,,,,,,,,,,,exp/fallback,0.372,,,,,,,,,,,,,,,,,,,,,,,,,exp/fallback,0.19,,,,,,,,,,,,,,,,,,,,,,0.5,800.0,FanDuel,exp/fallback,0.2528,0.2140166021210695,21.4,0.1111111111111111,92.6149419089626,92.6,0.2140166021210695,21.4,92.6149419089626,92.6,,,,,,,,,,,,,0.5,800.0,FanDuel,exp/fallback,0.2233,0.1882067916997827,18.8,0.1111111111111111,69.38611252980445,69.4,0.1882067916997827,18.8,69.38611252980445,69.4,,,,,,,,,,,,,False,False,True,True,False,,,Active roster,2026-10-05T11:43:17+00:00,False,[],2025-2026,,2026-09-24-frozen-v2,2026-10-05T11:43:20.192002+00:00,2026020042,8480289.0,PLAYER_ID,FINAL,0.0,,NO_LINE,0.0,,NO_LINE,1.0,,NO_LINE,0.0,L,OK,0.0,L,OK,0.0,,NO_LINE
2026-10-05,WPG@PIT,2026020042,6:30 PM,2026-10-05T23:30:00Z,Neal Pionk,8480145,WPG,False,,2026-27,WPG,D,,Healthy,Unknown,,,2.0,1.0,🟢 ROLE+,15.0,9.0,2026-10-05T11:42:57+00:00,PIT,Sergei Murashov,0.896551724137931,2.559696628547728,42.4,Unconfirmed,dailyfaceoff_name_and_stats,22.0,6.0,22.0,6.0,,41.6,46.6,A1+A2,22.71,95.8,54.2,1.02,NONE,False,False,24.83856174316134,2.3401792243526978,41.5,30.9,12.0,2.4,True,,,,,50.0,,,,,,,,,,,,,,,,,,,,,,,,,,,,,,,,,,,,,,,,0.6599934000659994,0.1979980200197998,,,0.0,2.548981003132246,2.445592482609934,50.0,54.3,40.8,56.2,2.59,0.8,,,,,COOL,COOL,COOL,1.79,,COOL,Red,Red,Red,Red,53.0,47.0,45.0,48.0,POINTS,53.0,,,,,,,C,Passenger,6.8,,28.6,,0.0,1.545751633986928,78.83333333333333,1.545751633986928,0.0680653888217348,6.8,6.8,1.3699788583509511,0.7230443974630021,0.7610993657505285,7.211801710007531,6.160814794961136,28.6,48.7,False,,,,,,False,False,0.0,,False,0.0,,False,0.0,,,,,,,,,,,,,,,,,0.5,200.0,BetRivers,,,,,,,,,,0.5,200.0,BetRivers,0.5,260.0,BetRivers,,,,,,,,,,0.5,260.0,BetRivers,0.5,900.0,Hard Rock Bet,,,,,,,,,,0.5,900.0,Hard Rock Bet,0.5,900.0,Fanatics,,,,,,,,,,0.5,900.0,Fanatics,The Odds API,"[""Bally Bet"", ""BetRivers""]",The Odds API,"[""Bally Bet"", ""BetRivers""]",0.5,700.0,Hard Rock Bet,,,,,,,,,,0.5,700.0,Hard Rock Bet,The Odds API,"[""Bovada"", ""Hard Rock Bet"", ""theScore Bet""]",The Odds API,"[""Bally Bet"", ""BetMGM"", ""BetRivers"", ""Bovada"", ""Caesars"", ""Courtside"", ""DraftKings"", ""FanDuel"", ""Fanatics"", ""fanatics""]",The Odds API,"[""Bally Bet"", ""BetMGM"", ""BetRivers"", ""Bovada"", ""Caesars"", ""Courtside"", ""DraftKings"", ""FanDuel"", ""Fanatics"", ""Hard Rock Bet"", ""theScore Bet""]",,,2026-10-05T11:43:17.763238+00:00,ALTLINE_NB_v1_2026-01-18,,,,league_avg,2.3,,,,,,,,,,,,,,,,,,,,,,0.5,200.0,BetRivers,exp/fallback,0.259,0.2195817477923074,22.0,0.3333333333333333,-34.12547566230777,-34.1,0.2195817477923074,22.0,-34.12547566230777,-34.1,,,,,,,,,,,,,0.5,260.0,BetRivers,exp/fallback,0.179,0.1575472916093184,15.8,0.2777777777777778,-43.28297502064535,-43.3,0.1575472916093184,15.8,-43.28297502064535,-43.3,,,,,,,,,,,,,0.5,900.0,Hard Rock Bet,exp/fallback,0.212,0.184120898980323,18.4,0.1,84.12089898032303,84.1,0.184120898980323,18.4,84.12089898032303,84.1,,,,,,,,,,,,,0.5,900.0,Fanatics,exp/fallback,0.157,0.1388576957942334,13.9,0.1,38.85769579423347,38.9,0.1388576957942334,13.9,38.85769579423347,38.9,,,,,,,,,,,,,False,False,True,True,False,,,Active roster,2026-10-05T11:43:17+00:00,False,[],2025-2026,,2026-09-24-frozen-v2,2026-10-05T11:43:20.192002+00:00,2026020042,8480145.0,PLAYER_ID,FINAL,0.0,L,OK,0.0,L,OK,2.0,,NO_LINE,0.0,L,OK,0.0,L,OK,0.0,L,OK
2026-10-05,WPG@PIT,2026020042,6:30 PM,2026-10-05T23:30:00Z,Nino Niederreiter,8475799,WPG,False,"{""season"":""2026-27"",""games"":[{""d"":""2026-10-04"",""g"":0,""a"":0,""s"":0,""pp"":0,""h"":""R"",""toi"":""11:15""},{""d"":""2026-10-02"",""g"":0,""a"":0,""s"":0,""pp"":0,""h"":""H"",""toi"":""12:17""}]}",2026-27,WPG,R,,Healthy,Unknown,,,2.0,0.0,,15.0,9.0,2026-10-05T11:42:57+00:00,PIT,Sergei Murashov,0.896551724137931,2.559696628547728,42.4,Unconfirmed,dailyfaceoff_name_and_stats,22.0,6.0,22.0,6.0,,74.8,51.9,A1+A2,13.77,40.8,60.0,1.04,NONE,False,False,24.83856174316134,2.3401792243526978,41.5,30.9,12.0,2.4,True,,,0.0,,50.0,0.0,0.0,0.0,0.0,0.0,0.0,0.0,0.0,0.0,0.0,0.0,0.0,LOW,0.0,-0.5,LOW,0.0,,LOW,0.0,,LOW,0.0,,LOW,0.0,,LOW,0.0,,LOW,0.0,,LOW,0.0,,LOW,0.0,,0.9848847548047328,0.4103686478353053,,,0.0,2.548981003132246,2.445592482609934,50.0,54.3,46.9,56.2,4.28,2.41,,4.28,2.41,,HOT,WARM,COOL,1.88,1.88,WARM,Red,Yellow,Red,Red,54.0,58.0,63.0,49.0,GOAL,63.0,2.0,2.0,2.0,2.0,0.0,2.0,B,Hybrid,11.0,,28.6,,1.0,1.51120218579235,92.18333333333334,1.51120218579235,0.1097529516817144,11.0,11.0,3.1502440788284214,1.4905080455613813,1.9526306273729883,7.211801710007531,6.160814794961136,28.6,61.1,False,,,,🥅 D:2,,False,False,1.0,,False,0.0,,False,0.0,,,,,,,,,,,,,,,,,0.5,255.0,BetRivers,,,,,,,,,,0.5,255.0,BetRivers,,,,,,,,,,,,,,,,0.5,750.0,theScore Bet,,,,,,,,,,0.5,750.0,theScore Bet,0.5,550.0,DraftKings,,,,,,,,,,0.5,550.0,DraftKings,,,The Odds API,"[""Bally Bet"", ""BetRivers""]",,,,,,,,,,,,,,,,,,The Odds API,"[""Bally Bet"", ""BetMGM"", ""BetRivers"", ""Bovada"", ""Caesars"", ""Courtside"", ""DraftKings"", ""FanDuel"", ""Fanatics"", ""fanatics""]",The Odds API,"[""Bally Bet"", ""BetMGM"", ""BetRivers"", ""Bovada"", ""Caesars"", ""Courtside"", ""DraftKings"", ""FanDuel"", ""Fanatics"", ""Hard Rock Bet"", ""theScore Bet""]",,,2026-10-05T11:43:17.763238+00:00,ALTLINE_NB_v1_2026-01-18,,,,league_avg,2.3,,,,,,,,,,,,,,,,,,,,,,0.5,255.0,BetRivers,exp/fallback,0.428,0.3288904541496694,32.9,0.2816901408450704,16.756111223132642,16.8,0.3288904541496694,32.9,16.756111223132642,16.8,,,,,,,,,,,,,,,,exp/fallback,0.188,,,,,,,,,,,,,,,,,,,,,,0.5,750.0,theScore Bet,exp/fallback,0.2764,0.23061284337844,23.1,0.1176470588235294,96.02091687167402,96.0,0.23061284337844,23.1,96.02091687167402,96.0,,,,,,,,,,,,,0.5,550.0,DraftKings,exp/fallback,0.26165,0.2146608042288683,21.5,0.1538461538461538,39.52952274876444,39.5,0.2146608042288683,21.5,39.52952274876444,39.5,,,,,,,,,,,,,False,True,True,True,False,,,Active roster,2026-10-05T11:43:17+00:00,False,[],2025-2026,,2026-09-24-frozen-v2,2026-10-05T11:43:20.192002+00:00,2026020042,,,NO_PLAYER,,,NO_PLAYER,,,NO_PLAYER,,,NO_PLAYER,,,NO_PLAYER,,,NO_PLAYER,,,NO_PLAYER
2026-10-05,WPG@PIT,2026020042,6:30 PM,2026-10-05T23:30:00Z,Viggo Björck,8486025,,,,,WPG,C,,Unknown,,,,,,,,,,,,,,,,,,,,,,,,,,,,,,,,,,,,,,,,,,,,,,,,,,,,,,,,,,,,,,,,,,,,,,,,,,,,,,,,,,,,,,,,,,,,,,,,,,,,,,,,,,,,,,,,,,,,,,,,,,,,,,,,,,,,,,,,,,,,,,,,,,,,,,,,,,,,,,,,,,,,,,,,,,,,,,,,,,,,,,,,,,,,,,,,,,,,,,,,,,,,,,,,,,,,,,,,,,,,,,,,,,,,,,,,,,,,,,,,,,,,,,,,,,,,,,,,,,,,,,2.5,360.0,fanduel,,,,,,,,,,,,,,,,,,,,,,,,,,,,,,,,,,,,,,,,,,,,,,,,,,,,,,,,,,,,,,,,,,,,,,,,,,,,0.5,430.0,fanduel,,,,,,,,,,,,,,,,,,,,,,,,,,,,,,,,,,,,,,,,,,,,,,,,,,,,,,,,,Active roster,2026-10-05T11:43:17+00:00,True,[],Unavailable,True,2026-09-24-frozen-v2,2026-10-05T11:43:20.192002+00:00,2026020042,8486025.0,PLAYER_ID,FINAL,0.0,,NO_LINE,0.0,,NO_LINE,1.0,L,OK,0.0,L,OK,0.0,,NO_LINE,0.0,,NO_LINE
2026-10-05,WPG@PIT,2026020042,6:30 PM,2026-10-05T23:30:00Z,Vladislav Namestnikov,8476480,WPG,False,,2026-27,WPG,C,,Healthy,Unknown,,,2.0,0.0,,15.0,9.0,2026-10-05T11:42:57+00:00,PIT,Sergei Murashov,0.896551724137931,2.559696628547728,42.4,Unconfirmed,dailyfaceoff_name_and_stats,22.0,6.0,22.0,6.0,,65.1,37.3,A1+A2,13.78,41.5,50.7,1.0,NONE,False,False,24.83856174316134,2.3401792243526978,41.5,30.9,12.0,2.4,True,,,,,50.0,,,,,,,,,,,,,,,,,,,,,,,,,,,,,,,,,,,,,,,,0.884281889415637,0.3537127557662548,,,0.0,2.548981003132246,2.445592482609934,50.0,54.3,45.6,56.2,2.6,1.6,,,,,COOL,COOL,COOL,1.0,,COOL,Red,Red,Red,Red,41.0,53.0,57.0,39.0,GOAL,57.0,,,,,,,B,Shooter,10.4,,28.6,,1.0,1.4361111111111111,86.16666666666667,1.4361111111111111,0.1042422776030325,10.4,10.4,0.8286266924564797,0.8286266924564797,0.0,7.211801710007531,6.160814794961136,28.6,44.2,False,,,,,,False,False,0.0,,False,0.0,,False,0.0,,,,,,,,,,,,,,,,,,,,,,,,,,,,,,,,,,,,,,,,,,,,,,,0.5,650.0,DraftKings,,,,,,,,,,0.5,650.0,DraftKings,0.5,650.0,DraftKings,,,,,,,,,,0.5,650.0,DraftKings,,,,,,,,,,,,,,,,,,,,,,The Odds API,"[""Bally Bet"", ""BetMGM"", ""BetRivers"", ""Bovada"", ""Caesars"", ""Courtside"", ""DraftKings"", ""FanDuel"", ""Fanatics"", ""fanatics""]",The Odds API,"[""Bally Bet"", ""BetMGM"", ""BetRivers"", ""Bovada"", ""Caesars"", ""Courtside"", ""DraftKings"", ""FanDuel"", ""Fanatics"", ""Hard Rock Bet"", ""theScore Bet""]",,,2026-10-05T11:43:17.763238+00:00,ALTLINE_NB_v1_2026-01-18,,,,league_avg,2.3,,,,,,,,,,,,,,,,,,,,,,,,,exp/fallback,0.26,,,,,,,,,,,,,,,,,,,,,,,,,exp/fallback,0.1,,,,,,,,,,,,,,,,,,,,,,0.5,650.0,DraftKings,exp/fallback,0.244,0.2076998209106814,20.8,0.1333333333333333,55.77486568301106,55.8,0.2076998209106814,20.8,55.77486568301106,55.8,,,,,,,,,,,,,0.5,650.0,DraftKings,exp/fallback,0.209,0.177964077530834,17.8,0.1333333333333333,33.47305814812549,33.5,0.177964077530834,17.8,33.47305814812549,33.5,,,,,,,,,,,,,False,False,True,True,False,,,Active roster,2026-10-05T11:43:17+00:00,False,[],2025-2026,,2026-09-24-frozen-v2,2026-10-05T11:43:20.192002+00:00,2026020042,8476480.0,PLAYER_ID,FINAL,0.0,,NO_LINE,0.0,,NO_LINE,4.0,,NO_LINE,0.0,L,OK,0.0,L,OK,0.0,,NO_LINE
