Date,Game,Game_ID,StartTimeLocal,StartTimeUTC,Player,Player_ID,Team,Pos,Tier,Injury_Status,Injury_Type,Injury_Text,Injury_Return,Team_Out_Count,Injury_DFO_Score,Injury_Badge,Injury_Reports_Count,Injury_Excluded_Count,Injury_Check_UTC,Opp,Opp_Goalie,Opp_SV,Opp_GAA,Goalie_Weak,Opp_Goalie_Status,Opp_Goalie_Source,Opp_SOG_Against_L10,Opp_SOG_Used_L10,Opp_SOG_Against_L50,Opp_SOG_Used_L50,Player_5v5_SOG_Share,iXG%,iXA%,iXA_Source,TOI_per_game,TOI_Pct,StarScore,TalentMult,Talent_Tier,Is_Elite,Is_Star,team_5v5_SF60,team_5v5_xGF60,team_5v5_SF60_pct,team_5v5_xGF60_pct,Team_GF_L5,Team_GF_Avg_L5,Team_GF_Gate,Med10_SOG,Trim10_SOG,Avg5_SOG,ShotIntent,ShotIntent_Pct,L10_P,L10_G,L10_S,L5_G,L5_A,L10_A,L20_P,L40_P,L20_A,L40_A,L20_S,L40_S,L10_Tier_Points,L10_Rate_Points,L10_Diff_Points,L20_Tier_Points,L20_Rate_Points,L20_Diff_Points,L40_Tier_Points,L40_Rate_Points,L40_Diff_Points,L10_Tier_Assists,L10_Rate_Assists,L10_Diff_Assists,L20_Tier_Assists,L20_Rate_Assists,L20_Diff_Assists,L40_Tier_Assists,L40_Rate_Assists,L40_Diff_Assists,L10_Tier_SOG,L10_Rate_SOG,L10_Diff_SOG,L20_Tier_SOG,L20_Rate_SOG,L20_Diff_SOG,L40_Tier_SOG,L40_Rate_SOG,L40_Diff_SOG,i5v5_points60,i5v5_primaryAssists60,i5v5_shotAssists60,i5v5_iCF60,Assist_Volume,opp_5v5_xGA60,opp_5v5_HDCA60,opp_5v5_SlotSA60,Opp_DefWeak,v2_player_stability,v2_defense_vulnerability,Exp_P_10,Exp_G_10,Exp_S_10,Reg_Gap_P10,Reg_Gap_G10,Reg_Gap_S10,Reg_Heat_P,Reg_Heat_G,Reg_Heat_S,Exp_A_10,Reg_Gap_A10,Reg_Heat_A,Matrix_Points,Matrix_SOG,Matrix_Goal,Matrix_Assists,Conf_Points,Conf_SOG,Conf_Goal,Conf_Assists,Best_Market,Best_Conf,Drought_P,Drought_A,Drought_G,Drought_SOG,PPP10_total,Drought_PPP,PP_Tier,PP_Path,PP_TeamShare_pct,PP_TOI_stability,PP_Env_Score,PP_BOOST,PP_Role,PP_TOI,PP_TOI_min,PP_TOI_per_game,PP_TOI_Share,PP_TOI_Pct_Game,PP_TOI_Pct,PP_Points60,PP_iXG60,PP_iXA60,Team_PP_xGF60,Opp_PK_xGA60,PP_Matchup,Assist_Dagger,Assist_PP_Proof,Line,Odds,Result,Best_Drought,Play_Tag,Plays_Points,Plays_Goal,Goal_ProofCount,Goal_Why,Plays_Assists,Assist_ProofCount,Assist_Why,Plays_SOG,SOG_ProofCount,SOG_Why,BDL_SOG_Line_1,BDL_SOG_Odds_1,BDL_SOG_Book_1,BDL_SOG_Line_2,BDL_SOG_Odds_2,BDL_SOG_Book_2,BDL_SOG_Line_3,BDL_SOG_Odds_3,BDL_SOG_Book_3,BDL_SOG_Line_4,BDL_SOG_Odds_4,BDL_SOG_Book_4,BDL_SOG_Line,BDL_SOG_Odds,BDL_SOG_Book,BDL_Points_Line_1,BDL_Points_Odds_1,BDL_Points_Book_1,BDL_Points_Line_2,BDL_Points_Odds_2,BDL_Points_Book_2,BDL_Points_Line_3,BDL_Points_Odds_3,BDL_Points_Book_3,BDL_Points_Line_4,BDL_Points_Odds_4,BDL_Points_Book_4,BDL_Points_Line,BDL_Points_Odds,BDL_Points_Book,BDL_Assists_Line_1,BDL_Assists_Odds_1,BDL_Assists_Book_1,BDL_Assists_Line_2,BDL_Assists_Odds_2,BDL_Assists_Book_2,BDL_Assists_Line_3,BDL_Assists_Odds_3,BDL_Assists_Book_3,BDL_Assists_Line_4,BDL_Assists_Odds_4,BDL_Assists_Book_4,BDL_Assists_Line,BDL_Assists_Odds,BDL_Assists_Book,BDL_Goal_Line_1,BDL_Goal_Odds_1,BDL_Goal_Book_1,BDL_Goal_Line_2,BDL_Goal_Odds_2,BDL_Goal_Book_2,BDL_Goal_Line_3,BDL_Goal_Odds_3,BDL_Goal_Book_3,BDL_Goal_Line_4,BDL_Goal_Odds_4,BDL_Goal_Book_4,BDL_Goal_Line,BDL_Goal_Odds,BDL_Goal_Book,BDL_ATG_Line_1,BDL_ATG_Odds_1,BDL_ATG_Book_1,BDL_ATG_Line_2,BDL_ATG_Odds_2,BDL_ATG_Book_2,BDL_ATG_Line_3,BDL_ATG_Odds_3,BDL_ATG_Book_3,BDL_ATG_Line_4,BDL_ATG_Odds_4,BDL_ATG_Book_4,BDL_ATG_Line,BDL_ATG_Odds,BDL_ATG_Book,BDL_EV_ENGINE,SOG_Line,SOG_Odds_Over,SOG_Book,SOG_ModelSrc,SOG_mu,SOG_p_model_over,SOG_Model%,SOG_p_imp_over,SOG_EVpct_over,SOG_EV%,SOG_p_model_over_1,SOG_Model%_1,SOG_EVpct_over_1,SOG_EV%_1,SOG_p_model_over_2,SOG_Model%_2,SOG_EVpct_over_2,SOG_EV%_2,SOG_p_model_over_3,SOG_Model%_3,SOG_EVpct_over_3,SOG_EV%_3,SOG_p_model_over_4,SOG_Model%_4,SOG_EVpct_over_4,SOG_EV%_4,Points_Line,Points_Odds_Over,Points_Book,Points_ModelSrc,Points_mu,Points_p_model_over,Points_Model%,Points_p_imp_over,Points_EVpct_over,Points_EV%,Points_p_model_over_1,Points_Model%_1,Points_EVpct_over_1,Points_EV%_1,Points_p_model_over_2,Points_Model%_2,Points_EVpct_over_2,Points_EV%_2,Points_p_model_over_3,Points_Model%_3,Points_EVpct_over_3,Points_EV%_3,Points_p_model_over_4,Points_Model%_4,Points_EVpct_over_4,Points_EV%_4,Assists_Line,Assists_Odds_Over,Assists_Book,Assists_ModelSrc,Assists_mu,Assists_p_model_over,Assists_Model%,Assists_p_imp_over,Assists_EVpct_over,Assists_EV%,Assists_p_model_over_1,Assists_Model%_1,Assists_EVpct_over_1,Assists_EV%_1,Assists_p_model_over_2,Assists_Model%_2,Assists_EVpct_over_2,Assists_EV%_2,Assists_p_model_over_3,Assists_Model%_3,Assists_EVpct_over_3,Assists_EV%_3,Assists_p_model_over_4,Assists_Model%_4,Assists_EVpct_over_4,Assists_EV%_4,Goal_Line,Goal_Odds_Over,Goal_Book,Goal_ModelSrc,Goal_mu,Goal_p_model_over,Goal_Model%,Goal_p_imp_over,Goal_EVpct_over,Goal_EV%,Goal_p_model_over_1,Goal_Model%_1,Goal_EVpct_over_1,Goal_EV%_1,Goal_p_model_over_2,Goal_Model%_2,Goal_EVpct_over_2,Goal_EV%_2,Goal_p_model_over_3,Goal_Model%_3,Goal_EVpct_over_3,Goal_EV%_3,Goal_p_model_over_4,Goal_Model%_4,Goal_EVpct_over_4,Goal_EV%_4,ATG_Line,ATG_Odds_Over,ATG_Book,ATG_ModelSrc,ATG_mu,ATG_p_model_over,ATG_Model%,ATG_p_imp_over,ATG_EVpct_over,ATG_EV%,ATG_p_model_over_1,ATG_Model%_1,ATG_EVpct_over_1,ATG_EV%_1,ATG_p_model_over_2,ATG_Model%_2,ATG_EVpct_over_2,ATG_EV%_2,ATG_p_model_over_3,ATG_Model%_3,ATG_EVpct_over_3,ATG_EV%_3,ATG_p_model_over_4,ATG_Model%_4,ATG_EVpct_over_4,ATG_EV%_4,Plays_EV_SOG,Plays_EV_Points,Plays_EV_Goal,Plays_EV_ATG,Plays_EV_Assists,Player_SOG_Share_Proxy,Outcome,Roster_Status,Roster_Check_UTC,Roster_Watch,Fired_Moves,Model_Stats_Season,Available,Move_Kit_Version,Frozen_At_UTC,BDL_PPP_Line,BDL_PPP_Odds,BDL_PPP_Book,SOG_Odds_Source,SOG_Available_Books,Assists_Odds_Source,Assists_Available_Books,Points_Odds_Source,Points_Available_Books,Goal_Odds_Source,Goal_Available_Books,ATG_Odds_Source,ATG_Available_Books,BDL_PPP_Line_1,BDL_PPP_Odds_1,BDL_PPP_Book_1,BDL_PPP_Line_2,BDL_PPP_Odds_2,BDL_PPP_Book_2,BDL_PPP_Line_3,BDL_PPP_Odds_3,BDL_PPP_Book_3,BDL_PPP_Line_4,BDL_PPP_Odds_4,BDL_PPP_Book_4,PPP_Odds_Source,PPP_Available_Books,Resolved_Game_ID,Resolved_Player_ID,Player_Match_Method,Grade_Status,Actual_Points,Outcome_Points,Match_Status_Points,Actual_Assists,Outcome_Assists,Match_Status_Assists,Actual_SOG,Outcome_SOG,Match_Status_SOG,Actual_Goal,Outcome_Goal,Match_Status_Goal,Actual_ATG,Outcome_ATG,Match_Status_ATG,Actual_PPP,Outcome_PPP,Match_Status_PPP
2026-09-30,LAK@COL,2026020007,9:00 PM,2026-10-01T02:00:00Z,Artturi Lehkonen,8477476,COL,L,,Healthy,Unknown,,,0.0,0.0,,13.0,5.0,2026-10-01T00:10:41+00:00,LAK,Darcy Kuemper,0.8914100486223663,2.7839495841965847,55.7,Likely,dailyfaceoff_name_and_stats,23.75,4.0,23.75,4.0,3.1,94.4,82.2,A1+A2,18.48,75.1,86.3,1.14,NONE,False,False,32.85276761036827,3.032344812131172,92.2,92.2,10.0,2.5,True,1.0,1.625,1.2,1.07,22.2,5.0,2.0,16.0,0.0,0.0,3.0,6.0,6.0,3.0,3.0,18.0,18.0,LOW,0.5,0.0,LOW,0.3,,LOW,0.15,,LOW,0.3,,LOW,0.15,,LOW,0.075,,LOW,1.6,,LOW,0.9,,LOW,0.45,,2.367447595561036,0.8877928483353884,,,3.0,2.2029536800112828,1.697257872786251,50.0,8.4,72.6,8.4,8.82,4.84,11.77,3.82,2.4,-5.3,HOT,WARM,COOL,4.86,1.42,COOL,Yellow,Red,Red,Yellow,79.0,59.0,71.0,72.0,POINTS,79.0,6.0,6.0,6.0,2.0,1.0,6.0,B,Shooter,11.6,,53.6,,1.0,2.1473809523809524,150.31666666666666,2.1473809523809524,0.1161912859756254,11.6,11.6,2.4308681672025725,2.091584432863954,0.3991573345160217,7.1974135866528295,7.826597678646343,53.6,72.7,False,,,,🅿️ D:6,,False,False,2.0,,False,0.0,,False,0.0,,1.5,-135.0,Bovada,2.5,180.0,theScore Bet,3.5,475.0,BetOnline.ag,4.5,1350.0,BetOnline.ag,1.5,-135.0,Bovada,0.5,108.0,BetRivers,1.5,525.0,Fanatics,2.5,2200.0,Fanatics,3.5,4100.0,BetOnline.ag,0.5,108.0,BetRivers,0.5,215.0,BetRivers,1.5,1300.0,Fanatics,2.5,3300.0,Bovada,,,,0.5,215.0,BetRivers,0.5,280.0,BetMGM,,,,,,,,,,0.5,280.0,BetMGM,0.5,280.0,BetMGM,,,,,,,,,,0.5,280.0,BetMGM,ALTLINE_NB_v1_2026-01-18,1.5,-135.0,Bovada,exp/fallback,1.177,0.3195036281482534,32.0,0.574468085106383,-44.38270176678552,-44.4,0.3195036281482534,32.0,-44.38270176678552,-44.4,0.1352890902025563,13.5,-62.11905474328423,-62.1,0.0515260957416385,5.2,-70.37249494855782,-70.4,0.0181996851098296,1.8,-73.61045659074706,-73.6,0.5,108.0,BetRivers,exp/fallback,0.882,0.5363704206459157,53.6,0.4807692307692308,11.565047494350466,11.6,0.5363704206459157,53.6,11.565047494350466,11.6,0.2239066864132404,22.4,39.94167900827526,39.9,0.0817615926748562,8.2,88.05166315216944,88.1,0.0274755700184458,2.7,15.39739407747237,15.4,0.5,215.0,BetRivers,exp/fallback,0.486,0.3527713360547142,35.3,0.3174603174603174,11.122970857234982,11.1,0.3527713360547142,35.3,11.122970857234982,11.1,0.0997116975370883,10.0,39.59637655192362,39.6,0.025503943522869,2.6,-13.286592022245404,-13.3,,,,,0.5,280.0,BetMGM,exp/fallback,0.2802,0.2332391605541984,23.3,0.2631578947368421,-11.369118989404592,-11.4,0.2332391605541984,23.3,-11.369118989404592,-11.4,,,,,,,,,,,,,0.5,280.0,BetMGM,exp/fallback,0.3147,0.2489802963195806,24.9,0.2631578947368421,-5.387487398559365,-5.4,0.2489802963195806,24.9,-5.387487398559365,-5.4,,,,,,,,,,,,,False,True,False,False,True,3.1,,Active roster,2026-10-01T00:10:50+00:00,False,[],2025-2026,,2026-09-24-frozen-v2,2026-10-01T00:10:53.303203+00:00,,,,The Odds API,"[""Bally Bet"", ""BetOnline.ag"", ""BetRivers"", ""Bovada"", ""Caesars"", ""DraftKings"", ""Fanatics"", ""Fliff"", ""Hard Rock Bet"", ""theScore Bet""]",The Odds API,"[""Bally Bet"", ""BetOnline.ag"", ""BetRivers"", ""Bovada"", ""DraftKings"", ""FanDuel"", ""Fanatics"", ""Fliff"", ""Hard Rock Bet"", ""draftkings"", ""theScore Bet""]",The Odds API,"[""Bally Bet"", ""BetOnline.ag"", ""BetRivers"", ""Bovada"", ""Caesars"", ""DraftKings"", ""FanDuel"", ""Fanatics"", ""Fliff"", ""Hard Rock Bet"", ""draftkings"", ""theScore Bet""]",The Odds API,"[""Bally Bet"", ""BetMGM"", ""BetRivers"", ""Bovada"", ""Caesars"", ""DraftKings"", ""FanDuel"", ""Fanatics"", ""Fliff"", ""Hard Rock Bet"", ""fanduel"", ""theScore Bet""]",The Odds API,"[""Bally Bet"", ""BetMGM"", ""BetRivers"", ""Bovada"", ""Caesars"", ""DraftKings"", ""FanDuel"", ""Fanatics"", ""betmgm""]",,,,,,,,,,,,,,,2026020007,8477476.0,PLAYER_ID,FINAL,2.0,W,OK,0.0,L,OK,3.0,W,OK,2.0,W,OK,2.0,W,OK,2.0,,NO_LINE
2026-09-30,LAK@COL,2026020007,9:00 PM,2026-10-01T02:00:00Z,Brent Burns,8470613,COL,D,,Healthy,Unknown,,,0.0,0.0,,13.0,5.0,2026-10-01T00:10:41+00:00,LAK,Darcy Kuemper,0.8914100486223663,2.7839495841965847,55.7,Likely,dailyfaceoff_name_and_stats,23.75,4.0,23.75,4.0,6.2,56.0,76.4,A1+A2,18.88,76.8,67.3,1.07,NONE,False,False,32.85276761036827,3.032344812131172,92.2,92.2,10.0,2.5,True,2.0,1.875,2.4,2.14,73.8,4.0,0.0,20.0,0.0,3.0,4.0,4.0,4.0,4.0,4.0,23.0,23.0,LOW,0.4,-0.1,LOW,0.2,,LOW,0.1,,LOW,0.4,,LOW,0.2,,LOW,0.1,,LOW,2.0,,LOW,1.15,,LOW,0.575,,1.5979320878862648,0.6109740336035718,,,4.0,2.2029536800112828,1.697257872786251,50.0,8.4,63.1,8.4,3.9,0.9,21.4,-0.1,0.9,1.4,COOL,COOL,COOL,3.3,-1.0,COOL,Yellow,Red,Red,Yellow,54.0,49.0,55.0,58.0,ASSISTS,58.0,2.0,2.0,10.0,1.0,0.0,10.0,C,Passenger,3.3,,53.6,,0.0,0.6254065040650406,51.28333333333333,0.6254065040650406,0.0331319787662456,3.3,3.3,1.3191420214494638,0.5732856678583036,0.8774780630484239,7.1974135866528295,7.826597678646343,53.6,64.5,False,,,,🅰️ D:2,,False,False,1.0,,False,0.0,,False,0.0,,1.5,110.0,Bovada,,,,,,,,,,1.5,110.0,Bovada,0.5,255.0,BetRivers,1.5,1500.0,DraftKings,2.5,1450.0,BetOnline.ag,3.5,2800.0,BetOnline.ag,0.5,255.0,BetRivers,0.5,300.0,BetOnline.ag,1.5,1900.0,Fanatics,,,,,,,0.5,300.0,BetOnline.ag,0.5,1100.0,DraftKings,,,,,,,,,,0.5,1100.0,DraftKings,0.5,1100.0,DraftKings,,,,,,,,,,0.5,1100.0,DraftKings,ALTLINE_NB_v1_2026-01-18,1.5,110.0,Bovada,exp/fallback,2.14,0.5687635677285405,56.9,0.4761904761904761,19.440349222993515,19.4,0.5687635677285405,56.9,19.440349222993515,19.4,,,,,,,,,,,,,0.5,255.0,BetRivers,exp/fallback,0.39,0.3062065885991649,30.6,0.2816901408450704,8.703338952703554,8.7,0.3062065885991649,30.6,8.703338952703554,8.7,0.0681252595658822,6.8,9.000415305411547,9.0,0.0129779565583928,1.3,-79.88416733449108,-79.9,0.0022541959207728,0.2,-93.46283182975888,-93.5,0.5,300.0,BetOnline.ag,exp/fallback,0.3299999999999999,0.2632024903755826,26.3,0.25,5.280996150233053,5.3,0.2632024903755826,26.3,5.280996150233053,5.3,0.0544958996665201,5.4,8.991799333040262,9.0,,,,,,,,,0.5,1100.0,DraftKings,exp/fallback,0.216,0.1871215548357293,18.7,0.0833333333333333,124.5458658028752,124.5,0.1871215548357293,18.7,124.5458658028752,124.5,,,,,,,,,,,,,0.5,1100.0,DraftKings,exp/fallback,0.1634999999999999,0.1439121950613349,14.4,0.0833333333333333,72.69463407360189,72.7,0.1439121950613349,14.4,72.69463407360189,72.7,,,,,,,,,,,,,True,False,True,True,False,6.2,,Active roster,2026-10-01T00:10:50+00:00,False,[],2025-2026,,2026-09-24-frozen-v2,2026-10-01T00:10:53.303203+00:00,,,,The Odds API,"[""Bally Bet"", ""BetRivers"", ""Bovada""]",The Odds API,"[""BetOnline.ag"", ""DraftKings"", ""Fanatics"", ""draftkings""]",The Odds API,"[""Bally Bet"", ""BetOnline.ag"", ""BetRivers"", ""DraftKings"", ""Fanatics"", ""draftkings""]",The Odds API,"[""Bally Bet"", ""BetMGM"", ""BetRivers"", ""Bovada"", ""Caesars"", ""DraftKings"", ""FanDuel"", ""Fanatics"", ""Fliff"", ""Hard Rock Bet"", ""theScore Bet""]",The Odds API,"[""Bally Bet"", ""BetMGM"", ""BetRivers"", ""Bovada"", ""Caesars"", ""DraftKings"", ""FanDuel"", ""Fanatics"", ""fanatics""]",,,,,,,,,,,,,,,2026020007,8470613.0,PLAYER_ID,FINAL,1.0,W,OK,1.0,W,OK,0.0,L,OK,0.0,L,OK,0.0,L,OK,0.0,,NO_LINE
2026-09-30,LAK@COL,2026020007,9:00 PM,2026-10-01T02:00:00Z,Brett Kulak,8476967,COL,D,,Healthy,Unknown,,,0.0,0.0,,13.0,5.0,2026-10-01T00:10:41+00:00,LAK,Darcy Kuemper,0.8914100486223663,2.7839495841965847,55.7,Likely,dailyfaceoff_name_and_stats,23.75,4.0,23.75,4.0,,36.8,51.9,A1+A2,18.96,78.9,50.5,1.0,NONE,False,False,32.85276761036827,3.032344812131172,92.2,92.2,10.0,2.5,True,,,,,50.0,,,,,,,,,,,,,,,,,,,,,,,,,,,,,,,,,,,,,,,,0.4682123981697151,0.2128238173498705,,,0.0,2.2029536800112828,1.697257872786251,50.0,8.4,41.8,8.4,1.73,0.41,,,,,COOL,COOL,COOL,1.33,,COOL,Red,Red,Red,Red,48.0,34.0,36.0,41.0,POINTS,48.0,,,,,,,C,Passenger,0.7,,53.6,,0.0,0.1349397590361445,11.2,0.1349397590361445,0.0071167593328038,0.7,0.7,0.0,0.0,0.0,7.1974135866528295,7.826597678646343,53.6,46.9,False,,,,,,False,False,0.0,,False,0.0,,False,0.0,,,,,,,,,,,,,,,,,0.5,425.0,DraftKings,,,,,,,,,,0.5,425.0,DraftKings,,,,,,,,,,,,,,,,0.5,1700.0,Fanatics,,,,,,,,,,0.5,1700.0,Fanatics,0.5,1700.0,Fanatics,,,,,,,,,,0.5,1700.0,Fanatics,ALTLINE_NB_v1_2026-01-18,,,,league_avg,2.3,,,,,,,,,,,,,,,,,,,,,,0.5,425.0,DraftKings,exp/fallback,0.173,0.1546163153035923,15.5,0.1904761904761904,-18.826434465614028,-18.8,0.1546163153035923,15.5,-18.826434465614028,-18.8,,,,,,,,,,,,,,,,exp/fallback,0.133,,,,,,,,,,,,,,,,,,,,,,0.5,1700.0,Fanatics,exp/fallback,0.1964,0.172268990645696,17.2,0.0555555555555555,210.08418316225283,210.1,0.172268990645696,17.2,210.08418316225283,210.1,,,,,,,,,,,,,0.5,1700.0,Fanatics,exp/fallback,0.13165,0.1186665436361614,11.9,0.0555555555555555,113.59977854509069,113.6,0.1186665436361614,11.9,113.59977854509069,113.6,,,,,,,,,,,,,False,False,True,True,False,,,Active roster,2026-10-01T00:10:50+00:00,False,[],2025-2026,,2026-09-24-frozen-v2,2026-10-01T00:10:53.303203+00:00,,,,,,,,The Odds API,"[""DraftKings""]",The Odds API,"[""Bally Bet"", ""BetMGM"", ""BetRivers"", ""Bovada"", ""Caesars"", ""DraftKings"", ""FanDuel"", ""Fanatics"", ""Fliff"", ""Hard Rock Bet"", ""theScore Bet""]",The Odds API,"[""Bally Bet"", ""BetMGM"", ""BetRivers"", ""Bovada"", ""Caesars"", ""DraftKings"", ""FanDuel"", ""Fanatics"", ""fanatics""]",,,,,,,,,,,,,,,2026020007,8476967.0,PLAYER_ID,FINAL,0.0,L,OK,0.0,,NO_LINE,0.0,,NO_LINE,0.0,L,OK,0.0,L,OK,0.0,,NO_LINE
2026-09-30,LAK@COL,2026020007,9:00 PM,2026-10-01T02:00:00Z,Brock Nelson,8475754,COL,C,⭐ STAR,Healthy,Unknown,,,0.0,0.0,,13.0,5.0,2026-10-01T00:10:41+00:00,LAK,Darcy Kuemper,0.8914100486223663,2.7839495841965847,55.7,Likely,dailyfaceoff_name_and_stats,23.75,4.0,23.75,4.0,6.2,97.3,87.4,A1+A2,19.65,85.4,91.5,1.2,STAR,False,True,32.85276761036827,3.032344812131172,92.2,92.2,10.0,2.5,True,2.0,1.75,1.6,1.86,65.1,2.0,1.0,18.0,0.0,0.0,1.0,3.0,3.0,1.0,1.0,24.0,24.0,LOW,0.2,-0.3,LOW,0.15,,LOW,0.075,,LOW,0.1,,LOW,0.05,,LOW,0.025,,LOW,1.8,,LOW,1.2,,LOW,0.6,,2.045485129861392,0.4306284483918718,,,1.0,2.2029536800112828,1.697257872786251,50.0,8.4,70.4,8.4,10.19,4.97,20.46,7.26,3.52,0.6,HOT,HOT,COOL,5.21,3.74,HOT,Yellow,Red,Green,Yellow,85.0,70.0,73.0,74.0,POINTS,85.0,5.0,7.0,5.0,0.0,0.0,10.0,A,Hybrid,15.8,,53.6,,2.0,3.098765432098765,251.0,3.098765432098765,0.1576715699104852,15.8,15.8,2.928884462151394,1.4557768924302787,1.7330677290836651,7.1974135866528295,7.826597678646343,53.6,84.8,False,,,,🅿️ PTS D:5 | 🅿️ D:5,,False,False,2.0,,False,0.0,,False,0.0,,1.5,-150.0,Bovada,2.5,175.0,FanDuel,3.5,450.0,FanDuel,4.5,1000.0,Fanatics,1.5,-150.0,Bovada,0.5,108.0,BetRivers,1.5,550.0,Fanatics,2.5,2200.0,Fanatics,3.5,4300.0,BetOnline.ag,0.5,108.0,BetRivers,0.5,230.0,DraftKings,1.5,1500.0,Fanatics,2.5,3300.0,Bovada,,,,0.5,230.0,DraftKings,0.5,270.0,BetMGM,,,,,,,,,,0.5,270.0,BetMGM,0.5,270.0,BetMGM,,,,,,,,,,0.5,270.0,BetMGM,ALTLINE_NB_v1_2026-01-18,1.5,-150.0,Bovada,exp/fallback,2.0460000000000003,0.5490751689972495,54.9,0.6,-8.487471833791748,-8.5,0.5490751689972495,54.9,-8.487471833791748,-8.5,0.3296722672968041,33.0,-9.340126493378875,-9.3,0.181177944809503,18.1,-0.3521303547733501,-0.4,0.093238162860151,9.3,2.5619791461661823,2.6,0.5,108.0,BetRivers,exp/fallback,1.019,0.5816685492450464,58.2,0.4807692307692308,20.98705824296966,21.0,0.5816685492450464,58.2,20.98705824296966,21.0,0.2674535724129248,26.7,73.8448220684011,73.8,0.1081457801013086,10.8,148.73529423300977,148.7,0.0403393233582496,4.0,77.49302277629839,77.5,0.5,230.0,DraftKings,exp/fallback,0.521,0.3706180263493909,37.1,0.303030303030303,22.303948695298992,22.3,0.3706180263493909,37.1,22.303948695298992,22.3,0.1104768059828956,11.0,76.76288957263306,76.8,0.0298340595662293,3.0,1.4358025251796525,1.4,,,,,0.5,270.0,BetMGM,exp/fallback,0.3788,0.2972169367658235,29.7,0.2702702702702703,9.970266603354704,10.0,0.2972169367658235,29.7,9.970266603354704,10.0,,,,,,,,,,,,,0.5,270.0,BetMGM,exp/fallback,0.42805,0.3145357055045967,31.5,0.2702702702702703,16.378211036700808,16.4,0.3145357055045967,31.5,16.378211036700808,16.4,,,,,,,,,,,,,False,True,False,True,True,6.2,,Active roster,2026-10-01T00:10:50+00:00,False,"[{""market"":""Goal"",""name"":""Weakened Armor"",""kind"":""WEAK DEFENSE"",""rule"":""Opp_PK_xGA60 >= 7.3"",""icon"":""shattered_armor.svg"",""kit_version"":""2026-09-24-frozen-v2""}]",2025-2026,,2026-09-24-frozen-v2,2026-10-01T00:10:53.303203+00:00,,,,The Odds API,"[""Bally Bet"", ""BetOnline.ag"", ""BetRivers"", ""Bovada"", ""Caesars"", ""DraftKings"", ""FanDuel"", ""Fanatics"", ""Fliff"", ""Hard Rock Bet"", ""theScore Bet""]",The Odds API,"[""Bally Bet"", ""BetOnline.ag"", ""BetRivers"", ""Bovada"", ""DraftKings"", ""FanDuel"", ""Fanatics"", ""Fliff"", ""Hard Rock Bet"", ""draftkings"", ""theScore Bet""]",The Odds API,"[""Bally Bet"", ""BetOnline.ag"", ""BetRivers"", ""Bovada"", ""Caesars"", ""DraftKings"", ""FanDuel"", ""Fanatics"", ""Fliff"", ""Hard Rock Bet"", ""draftkings"", ""theScore Bet""]",The Odds API,"[""Bally Bet"", ""BetMGM"", ""BetRivers"", ""Bovada"", ""Caesars"", ""DraftKings"", ""FanDuel"", ""Fanatics"", ""Fliff"", ""Hard Rock Bet"", ""fanduel"", ""theScore Bet""]",The Odds API,"[""Bally Bet"", ""BetMGM"", ""BetRivers"", ""Bovada"", ""Caesars"", ""DraftKings"", ""FanDuel"", ""Fanatics"", ""betmgm""]",,,,,,,,,,,,,,,2026020007,8475754.0,PLAYER_ID,FINAL,3.0,W,OK,2.0,W,OK,1.0,L,OK,1.0,W,OK,1.0,W,OK,3.0,,NO_LINE
2026-09-30,LAK@COL,2026020007,9:00 PM,2026-10-01T02:00:00Z,Cale Makar,8480069,COL,D,⭐ STAR,Healthy,Unknown,,,0.0,0.0,,13.0,5.0,2026-10-01T00:10:41+00:00,LAK,Darcy Kuemper,0.8914100486223663,2.7839495841965847,55.7,Likely,dailyfaceoff_name_and_stats,23.75,4.0,23.75,4.0,9.4,83.8,98.5,A1+A2,24.85,99.5,92.1,1.2,STAR,False,True,32.85276761036827,3.032344812131172,92.2,92.2,10.0,2.5,True,3.0,2.625,2.6,2.8600000000000003,88.9,5.0,4.0,25.0,0.0,0.0,1.0,5.0,5.0,1.0,1.0,29.0,29.0,LOW,0.5,0.0,LOW,0.25,,LOW,0.125,,LOW,0.1,,LOW,0.05,,LOW,0.025,,OK,2.5,,LOW,1.45,,LOW,0.725,,1.7550219377742222,0.8100101251265641,,,1.0,2.2029536800112828,1.697257872786251,50.0,8.4,66.1,8.4,16.75,3.23,31.46,7.41,-1.06,3.6,HOT,COOL,HOT,10.41,8.46,HOT,Green,Green,Yellow,Green,92.0,69.0,70.0,78.0,POINTS,92.0,6.0,6.0,6.0,0.0,0.0,10.0,A,Distributor,15.8,,53.6,,2.0,3.926,294.45,3.926,0.1580034700484733,15.8,15.8,4.385124808965869,1.0942435048395314,3.871625063678044,7.1974135866528295,7.826597678646343,53.6,93.8,False,,,,🅿️ PTS D:6 | 🅿️ D:6,,False,False,1.0,,False,0.0,,False,0.0,,1.5,-330.0,theScore Bet,2.5,-105.0,theScore Bet,3.5,230.0,theScore Bet,4.5,575.0,BetOnline.ag,2.5,-105.0,theScore Bet,0.5,-215.0,BetRivers,1.5,215.0,BetRivers,2.5,700.0,DraftKings,3.5,2200.0,Fanatics,0.5,-215.0,BetRivers,0.5,-143.0,BetRivers,1.5,330.0,Bovada,2.5,1200.0,DraftKings,3.5,4000.0,Fanatics,0.5,-143.0,BetRivers,0.5,320.0,DraftKings,,,,,,,,,,0.5,320.0,DraftKings,0.5,320.0,DraftKings,,,,,,,,,,0.5,320.0,DraftKings,ALTLINE_NB_v1_2026-01-18,2.5,-105.0,theScore Bet,exp/fallback,3.146,0.5386744414798179,53.9,0.5121951219512195,5.169771907964449,5.2,0.7289483900168233,72.9,-5.015815846292718,-5.0,0.5386744414798179,53.9,5.169771907964449,5.2,0.3711396410047496,37.1,22.47608153156736,22.5,0.2420656354050451,24.2,63.39430389840545,63.4,0.5,-215.0,BetRivers,exp/fallback,1.675,0.7323855165544736,73.2,0.6825396825396826,7.302994285887992,7.3,0.7323855165544736,73.2,7.302994285887992,7.3,0.4497981187475347,45.0,41.68640740547344,41.7,0.2483794415872697,24.8,98.7035532698158,98.7,0.1278562615055561,12.8,194.0694014627792,194.1,0.5,-143.0,BetRivers,exp/fallback,1.041,0.5674591284020285,56.7,0.588477366255144,-3.571630628186768,-3.6,0.5674591284020285,56.7,-3.571630628186768,-3.6,0.2713229578439962,27.1,16.668871872918356,16.7,0.1192622441556149,11.9,55.04091740229941,55.0,0.0498573541196158,5.0,104.41515189042516,104.4,0.5,320.0,DraftKings,exp/fallback,0.3092,0.2528748219852803,25.3,0.238095238095238,6.207425233817743,6.2,0.2528748219852803,25.3,6.207425233817743,6.2,,,,,,,,,,,,,0.5,320.0,DraftKings,exp/fallback,0.31495,0.2491361404136126,24.9,0.238095238095238,4.637178973717315,4.6,0.2491361404136126,24.9,4.637178973717315,4.6,,,,,,,,,,,,,False,False,False,False,False,9.4,,Active roster,2026-10-01T00:10:50+00:00,False,"[{""market"":""Points"",""name"":""Hammer Fists"",""kind"":""FLOOR"",""rule"":""Conf_Points >= 80"",""icon"":""PTS05_HAMMER_FISTS.svg"",""kit_version"":""2026-09-24-frozen-v2""},{""market"":""Points"",""name"":""Echo Stomp I"",""kind"":""TIER"",""rule"":""Conf_Points >= 80 + L10_S >= 17"",""icon"":""PTS05_HAMMER_STOMP.svg"",""kit_version"":""2026-09-24-frozen-v2""},{""market"":""Points"",""name"":""Echo Stomp II"",""kind"":""TIER"",""rule"":""Conf_Points >= 80 + TOI_per_game >= 19.18"",""icon"":""PTS05_HAMMER_STOMP.svg"",""kit_version"":""2026-09-24-frozen-v2""},{""market"":""Points"",""name"":""Gaia’s Blessing"",""kind"":""TIER"",""rule"":""Conf_Points >= 80 + Assists_mu >= 0.746"",""icon"":""PTS05_GAIAS_BLESSING.svg"",""kit_version"":""2026-09-24-frozen-v2""},{""market"":""Points"",""name"":""Gaia’s Blessing+ (Press)"",""kind"":""HEAVY"",""rule"":""Conf_Points >= 81 + Assists_mu >= 0.746"",""icon"":""PTS05_GAIAS_BLESSING.svg"",""kit_version"":""2026-09-24-frozen-v2""},{""market"":""Points"",""name"":""Gaia’s Blessing++ (Smash)"",""kind"":""HEAVY"",""rule"":""Conf_Points >= 83 + Assists_mu >= 0.746"",""icon"":""PTS05_GAIAS_BLESSING.svg"",""kit_version"":""2026-09-24-frozen-v2""},{""market"":""Points"",""name"":""Hammer Fists II"",""kind"":""HEAVY"",""rule"":""Conf_Points >= 80 + TOI_per_game >= 19.18 + L10_S >= 17"",""icon"":""PTS05_HAMMER_FISTS.svg"",""kit_version"":""2026-09-24-frozen-v2""},{""market"":""Points"",""name"":""Blood Stomp"",""kind"":""CRIT"",""rule"":""Conf_Points >= 83 + TOI_per_game >= 19.18 + Opp_PK_xGA60 >= 7.784"",""icon"":""PTS05_BLEED_ENV.svg"",""kit_version"":""2026-09-24-frozen-v2""},{""market"":""Assists"",""name"":""Staff (Green Stance)"",""kind"":""STANCE"",""rule"":""Green + Assists 0.5"",""icon"":""staff.svg"",""kit_version"":""2026-09-24-frozen-v2""}]",2025-2026,,2026-09-24-frozen-v2,2026-10-01T00:10:53.303203+00:00,0.5,148.0,BetRivers,The Odds API,"[""Bally Bet"", ""BetOnline.ag"", ""BetRivers"", ""Bovada"", ""Caesars"", ""DraftKings"", ""FanDuel"", ""Fanatics"", ""Fliff"", ""Hard Rock Bet"", ""fanduel"", ""theScore Bet""]",The Odds API,"[""Bally Bet"", ""BetOnline.ag"", ""BetRivers"", ""Bovada"", ""DraftKings"", ""FanDuel"", ""Fanatics"", ""Fliff"", ""Hard Rock Bet"", ""draftkings"", ""theScore Bet""]",The Odds API,"[""Bally Bet"", ""BetOnline.ag"", ""BetRivers"", ""Bovada"", ""Caesars"", ""DraftKings"", ""FanDuel"", ""Fanatics"", ""Fliff"", ""Hard Rock Bet"", ""draftkings"", ""theScore Bet""]",The Odds API,"[""Bally Bet"", ""BetMGM"", ""BetRivers"", ""Bovada"", ""Caesars"", ""DraftKings"", ""FanDuel"", ""Fanatics"", ""Fliff"", ""Hard Rock Bet"", ""theScore Bet""]",The Odds API,"[""Bally Bet"", ""BetMGM"", ""BetRivers"", ""Bovada"", ""Caesars"", ""DraftKings"", ""FanDuel"", ""Fanatics"", ""betmgm""]",0.5,148.0,BetRivers,1.5,400.0,Bovada,,,,,,,The Odds API,"[""Bally Bet"", ""BetRivers"", ""Bovada"", ""FanDuel"", ""Fliff"", ""Hard Rock Bet"", ""theScore Bet""]",2026020007,8480069.0,PLAYER_ID,FINAL,2.0,W,OK,2.0,W,OK,1.0,L,OK,0.0,L,OK,0.0,L,OK,1.0,W,OK
2026-09-30,LAK@COL,2026020007,9:00 PM,2026-10-01T02:00:00Z,Devon Toews,8478038,COL,D,,Healthy,Unknown,,,0.0,0.0,,13.0,5.0,2026-10-01T00:10:41+00:00,LAK,Darcy Kuemper,0.8914100486223663,2.7839495841965847,55.7,Likely,dailyfaceoff_name_and_stats,23.75,4.0,23.75,4.0,4.7,55.9,72.9,A1+A2,22.37,95.7,69.8,1.08,NONE,False,False,32.85276761036827,3.032344812131172,92.2,92.2,10.0,2.5,True,1.5,1.625,2.0,1.675,59.5,9.0,2.0,16.0,0.0,4.0,7.0,11.0,11.0,9.0,9.0,18.0,18.0,GOOD,0.9,0.4,LOW,0.55,,LOW,0.275,,GOOD,0.7,,OK,0.45,,LOW,0.225,,LOW,1.6,,LOW,0.9,,LOW,0.45,,1.037478214329825,0.3952297959351713,,,7.0,2.2029536800112828,1.697257872786251,50.0,8.4,49.9,8.4,4.43,1.09,16.75,-4.57,-0.91,0.75,COOL,COOL,COOL,3.66,-3.67,COOL,Yellow,Red,Red,Yellow,53.0,47.0,54.0,59.0,ASSISTS,59.0,1.0,1.0,8.0,0.0,1.0,3.0,B,Shooter,5.9,,53.6,,1.0,1.3208333333333333,89.81666666666666,1.3208333333333333,0.0590478277543417,5.9,5.9,0.1937279643718686,0.1937279643718686,0.0,7.1974135866528295,7.826597678646343,53.6,55.3,False,,,,🅰️ D:1,,False,False,1.0,,False,0.0,,False,0.0,,1.5,100.0,Bovada,2.5,270.0,BetOnline.ag,3.5,800.0,BetOnline.ag,4.5,2500.0,BetOnline.ag,1.5,100.0,Bovada,0.5,160.0,BetRivers,1.5,900.0,Fanatics,2.5,4000.0,Fanatics,3.5,3400.0,BetOnline.ag,0.5,160.0,BetRivers,0.5,200.0,Fanatics,1.5,1200.0,Fanatics,2.5,2500.0,Bovada,,,,0.5,200.0,Fanatics,0.5,800.0,DraftKings,,,,,,,,,,0.5,800.0,DraftKings,0.5,800.0,DraftKings,,,,,,,,,,0.5,800.0,DraftKings,ALTLINE_NB_v1_2026-01-18,1.5,100.0,Bovada,exp/fallback,1.675,0.4617849426829779,46.2,0.5,-7.6430114634044255,-7.6,0.4617849426829779,46.2,-7.6430114634044255,-7.6,0.2467671531314171,24.7,-8.696153341375645,-8.7,0.1198403522507602,12.0,7.856317025684256,7.9,0.0542801434258395,5.4,41.12837290718279,41.1,0.5,160.0,BetRivers,exp/fallback,0.4429999999999999,0.3375690491312284,33.8,0.3846153846153846,-12.232047225880605,-12.2,0.3375690491312284,33.8,-12.232047225880605,-12.2,0.0835047997611875,8.4,-16.49520023881248,-16.5,0.0177314027931978,1.8,-27.301248547888825,-27.3,0.0034365107231307,0.3,-87.97221246904226,-88.0,0.5,200.0,Fanatics,exp/fallback,0.366,0.2854534762331108,28.5,0.3333333333333333,-14.363957130066762,-14.4,0.2854534762331108,28.5,-14.363957130066762,-14.4,0.0643849828276319,6.4,-16.299522324078474,-16.3,0.0130888700298263,1.3,-65.96893792245137,-66.0,,,,,0.5,800.0,DraftKings,exp/fallback,0.1900599999999999,0.1673833241768672,16.7,0.1111111111111111,50.64499175918047,50.6,0.1673833241768672,16.7,50.64499175918047,50.6,,,,,,,,,,,,,0.5,800.0,DraftKings,exp/fallback,0.1494725,0.1329423841295978,13.3,0.1111111111111111,19.64814571663802,19.6,0.1329423841295978,13.3,19.64814571663802,19.6,,,,,,,,,,,,,False,False,True,True,False,4.7,,Active roster,2026-10-01T00:10:50+00:00,False,[],2025-2026,,2026-09-24-frozen-v2,2026-10-01T00:10:53.303203+00:00,,,,The Odds API,"[""Bally Bet"", ""BetOnline.ag"", ""BetRivers"", ""Bovada"", ""Caesars"", ""DraftKings"", ""Fanatics"", ""Fliff"", ""Hard Rock Bet"", ""theScore Bet""]",The Odds API,"[""Bally Bet"", ""BetOnline.ag"", ""BetRivers"", ""Bovada"", ""DraftKings"", ""Fanatics"", ""Fliff"", ""Hard Rock Bet"", ""draftkings"", ""theScore Bet""]",The Odds API,"[""Bally Bet"", ""BetOnline.ag"", ""BetRivers"", ""DraftKings"", ""Fanatics"", ""Fliff"", ""Hard Rock Bet"", ""draftkings"", ""theScore Bet""]",The Odds API,"[""Bally Bet"", ""BetMGM"", ""BetRivers"", ""Bovada"", ""Caesars"", ""DraftKings"", ""FanDuel"", ""Fanatics"", ""Fliff"", ""Hard Rock Bet"", ""theScore Bet""]",The Odds API,"[""Bally Bet"", ""BetMGM"", ""BetRivers"", ""Bovada"", ""Caesars"", ""DraftKings"", ""FanDuel"", ""Fanatics"", ""fanatics""]",,,,,,,,,,,,,,,2026020007,8478038.0,PLAYER_ID,FINAL,2.0,W,OK,2.0,W,OK,0.0,L,OK,0.0,L,OK,0.0,L,OK,2.0,,NO_LINE
2026-09-30,LAK@COL,2026020007,9:00 PM,2026-10-01T02:00:00Z,Fedor Svechkov,8482768,COL,C,,Unknown,,,,,,,,,,,,,,,,,,,,,,,,,,,,,,,,,,,,,,,,,,,,,,,,,,,,,,,,,,,,,,,,,,,,,,,,,,,,,,,,,,,,,,,,,,,,,,,,,,,,,,,,,,,,,,,,,,,,,,,,,,,,,,,,,,,,,,,,,,,,,,,,,,,,,,,,,,,,,,,,,,,,,,,,,,,,,,,,,,,,,,,,,,,,,,,,,,,,,,,,,,,,,,,,,,,,,,,,,,,,,,,,,,,,,,,,,,,,,,,,,,,,,,,,,,,,,,,,,,,,,,,,,,,,,,,,,,,,,,,,,,,,,,,,,,,,,,,,,,,,,,,,,,,,,,,,0.5,600.0,fanduel,,,,,,,,,,,,,,,,,,,,,,,,,,,,,,,,,,,,,,,,,,,,,,,,,,,,,,,,,Active roster,2026-10-01T00:10:50+00:00,True,[],Unavailable,True,2026-09-24-frozen-v2,2026-10-01T00:10:53.303203+00:00,,,,,,,,,,,,,,,,,,,,,,,,,,,,2026020007,8482768.0,PLAYER_ID,FINAL,0.0,,NO_LINE,0.0,,NO_LINE,0.0,,NO_LINE,0.0,L,OK,0.0,,NO_LINE,0.0,,NO_LINE
2026-09-30,LAK@COL,2026020007,9:00 PM,2026-10-01T02:00:00Z,Gabriel Landeskog,8476455,COL,L,,Healthy,Unknown,,,0.0,0.0,,13.0,5.0,2026-10-01T00:10:41+00:00,LAK,Darcy Kuemper,0.8914100486223663,2.7839495841965847,55.7,Likely,dailyfaceoff_name_and_stats,23.75,4.0,23.75,4.0,7.8,81.1,72.9,A1+A2,16.41,58.9,73.8,1.1,NONE,False,False,32.85276761036827,3.032344812131172,92.2,92.2,10.0,2.5,True,2.5,2.75,3.6,2.885,90.5,9.0,4.0,30.0,3.0,0.0,5.0,11.0,11.0,5.0,5.0,37.0,37.0,GOOD,0.9,0.4,LOW,0.55,,LOW,0.275,,OK,0.5,,LOW,0.25,,LOW,0.125,,GOOD,3.0,,LOW,1.85,,LOW,0.925,,1.7936102634365074,0.2989350439060845,,,5.0,2.2029536800112828,1.697257872786251,50.0,8.4,66.9,8.4,6.94,3.1,31.74,-2.06,-0.9,-1.15,COOL,COOL,COOL,3.83,-1.17,COOL,Yellow,Red,Yellow,Yellow,51.0,64.0,71.0,63.0,GOAL,71.0,0.0,6.0,0.0,1.0,5.0,3.0,B,Hybrid,14.1,,53.6,,1.0,2.310555555555556,138.63333333333333,2.310555555555556,0.1407707018226742,14.1,14.1,1.2789132002885308,0.7270978600625151,0.6491945179129599,7.1974135866528295,7.826597678646343,53.6,77.0,False,,,,🥅 D:0,,False,False,0.0,,False,0.0,,False,0.0,,1.5,-220.0,theScore Bet,2.5,130.0,Bovada,3.5,310.0,Fanatics,4.5,750.0,Fanatics,2.5,130.0,Bovada,0.5,-113.0,BetRivers,1.5,450.0,DraftKings,2.5,1500.0,Fanatics,3.5,3400.0,BetOnline.ag,0.5,-113.0,BetRivers,0.5,185.0,Bovada,1.5,1200.0,DraftKings,2.5,3300.0,Bovada,,,,0.5,185.0,Bovada,0.5,295.0,BetRivers,,,,,,,,,,0.5,295.0,BetRivers,0.5,295.0,BetRivers,,,,,,,,,,0.5,295.0,BetRivers,ALTLINE_NB_v1_2026-01-18,2.5,130.0,Bovada,exp/fallback,3.174,0.5431262147532061,54.3,0.4347826086956521,24.9190293932374,24.9,0.7323107254670775,73.2,6.517923704302186,6.5,0.5431262147532061,54.3,24.9190293932374,24.9,0.3757240299174581,37.6,54.04685226615783,54.0,0.2461121766040818,24.6,109.19535011346952,109.2,0.5,-113.0,BetRivers,exp/fallback,0.6940000000000001,0.4627427064877873,46.3,0.5305164319248826,-12.775047361151582,-12.8,0.4627427064877873,46.3,-12.775047361151582,-12.8,0.1627535185422765,16.3,-10.485564801747929,-10.5,0.0496873546569481,5.0,-20.50023254888292,-20.5,0.0139120280948996,1.4,-51.307901667851176,-51.3,0.5,185.0,Bovada,exp/fallback,0.383,0.2956120682079964,29.6,0.3508771929824561,-15.750560560721006,-15.8,0.2956120682079964,29.6,-15.750560560721006,-15.8,0.0691911048203866,6.9,-10.051563733497426,-10.1,0.0146049346709187,1.5,-50.34322211887634,-50.3,,,,,0.5,295.0,BetRivers,exp/fallback,0.304,0.2494061556185285,24.9,0.2531645569620253,-1.4845685306812295,-1.5,0.2494061556185285,24.9,-1.4845685306812295,-1.5,,,,,,,,,,,,,0.5,295.0,BetRivers,exp/fallback,0.3065,0.2438388710884588,24.4,0.2531645569620253,-3.683645920058765,-3.7,0.2438388710884588,24.4,-3.683645920058765,-3.7,,,,,,,,,,,,,True,False,False,False,False,7.8,,Active roster,2026-10-01T00:10:50+00:00,False,[],2025-2026,,2026-09-24-frozen-v2,2026-10-01T00:10:53.303203+00:00,0.5,350.0,BetRivers,The Odds API,"[""Bally Bet"", ""BetOnline.ag"", ""BetRivers"", ""Bovada"", ""Caesars"", ""DraftKings"", ""Fanatics"", ""Fliff"", ""Hard Rock Bet"", ""caesars"", ""theScore Bet""]",The Odds API,"[""Bally Bet"", ""BetOnline.ag"", ""BetRivers"", ""Bovada"", ""DraftKings"", ""FanDuel"", ""Fanatics"", ""Fliff"", ""Hard Rock Bet"", ""draftkings"", ""theScore Bet""]",The Odds API,"[""Bally Bet"", ""BetOnline.ag"", ""BetRivers"", ""Bovada"", ""Caesars"", ""DraftKings"", ""FanDuel"", ""Fanatics"", ""Fliff"", ""Hard Rock Bet"", ""draftkings"", ""theScore Bet""]",The Odds API,"[""Bally Bet"", ""BetMGM"", ""BetRivers"", ""Bovada"", ""Caesars"", ""DraftKings"", ""FanDuel"", ""Fanatics"", ""Fliff"", ""Hard Rock Bet"", ""fanduel"", ""theScore Bet""]",The Odds API,"[""Bally Bet"", ""BetMGM"", ""BetRivers"", ""Bovada"", ""Caesars"", ""DraftKings"", ""FanDuel"", ""Fanatics"", ""betrivers""]",0.5,350.0,BetRivers,1.5,1500.0,Bovada,,,,,,,The Odds API,"[""Bally Bet"", ""BetRivers"", ""Bovada"", ""FanDuel"", ""Fliff"", ""Hard Rock Bet"", ""theScore Bet""]",2026020007,8476455.0,PLAYER_ID,FINAL,1.0,W,OK,0.0,L,OK,1.0,L,OK,1.0,W,OK,1.0,W,OK,0.0,L,OK
2026-09-30,LAK@COL,2026020007,9:00 PM,2026-10-01T02:00:00Z,Jaden Schwartz,8475768,COL,L,,Unknown,,,,,,,,,,,,,,,,,,,,,,,,,,,,,,,,,,,,,,,,,,,,,,,,,,,,,,,,,,,,,,,,,,,,,,,,,,,,,,,,,,,,,,,,,,,,,,,,,,,,,,,,,,,,,,,,,,,,,,,,,,,,,,,,,,,,,,,,,,,,,,,,,,,,,,,,,,,,,,,,,,,,,,,,,,,,,,,,,,,,,,,,,,,,,,,,,,,,,,,,,,,,,,,,,,,,,,,,,,,,,,,,,,,,,,,,,,,,,,,,,,,,,,,,,,,,,,,,,,,,0.5,135.0,draftkings,,,,,,,,,,,,,,,,,,,,,,,,0.5,245.0,draftkings,,,,,,,,,,,,,,,,,,,,,,,,0.5,360.0,fanduel,,,,,,,,,,,,,,,,,,,,,,,,,,,,,,,,,,,,,,,,,,,,,,,,,,,,,,,,,Active roster,2026-10-01T00:10:50+00:00,True,[],Unavailable,True,2026-09-24-frozen-v2,2026-10-01T00:10:53.303203+00:00,,,,,,,,,,,,,,,,,,,,,,,,,,,,2026020007,8475768.0,PLAYER_ID,FINAL,2.0,W,OK,2.0,W,OK,1.0,,NO_LINE,0.0,L,OK,0.0,,NO_LINE,1.0,,NO_LINE
2026-09-30,LAK@COL,2026020007,9:00 PM,2026-10-01T02:00:00Z,Josh Manson,8476312,COL,D,,Healthy,Unknown,,,0.0,0.0,,13.0,5.0,2026-10-01T00:10:41+00:00,LAK,Darcy Kuemper,0.8914100486223663,2.7839495841965847,55.7,Likely,dailyfaceoff_name_and_stats,23.75,4.0,23.75,4.0,6.2,54.3,80.9,A1+A2,17.78,71.4,67.0,1.07,NONE,False,False,32.85276761036827,3.032344812131172,92.2,92.2,10.0,2.5,True,2.0,1.2857142857142858,1.0,1.65,55.6,3.0,0.0,12.0,0.0,1.0,3.0,3.0,3.0,3.0,3.0,12.0,12.0,LOW,0.3,-0.2,LOW,0.15,,LOW,0.075,,LOW,0.3,,LOW,0.15,,LOW,0.075,,LOW,1.2,,LOW,0.6,,LOW,0.3,,1.431117203564085,0.6415352981494175,,,3.0,2.2029536800112828,1.697257872786251,50.0,8.4,59.9,8.4,4.38,0.86,16.5,1.38,0.86,4.5,COOL,COOL,HOT,3.51,0.51,COOL,Yellow,Red,Red,Yellow,60.0,44.0,51.0,59.0,POINTS,60.0,1.0,1.0,9.0,2.0,0.0,9.0,C,Passenger,0.3,,53.6,,0.0,0.0478902953586497,3.783333333333333,0.0478902953586497,0.0026928278250966,0.3,0.3,1.7444933920704846,1.7444933920704846,0.0,7.1974135866528295,7.826597678646343,53.6,43.3,False,,,,🅿️ D:1,,False,False,1.0,,False,0.0,,False,0.0,,1.5,200.0,Bovada,,,,,,,,,,1.5,200.0,Bovada,0.5,290.0,Fanatics,1.5,2200.0,Fanatics,,,,,,,0.5,290.0,Fanatics,0.5,320.0,Fanatics,1.5,2500.0,Fanatics,,,,,,,0.5,320.0,Fanatics,0.5,2000.0,Fanatics,,,,,,,,,,0.5,2000.0,Fanatics,0.5,2000.0,Fanatics,,,,,,,,,,0.5,2000.0,Fanatics,ALTLINE_NB_v1_2026-01-18,1.5,200.0,Bovada,exp/fallback,1.65,0.4553295490258335,45.5,0.3333333333333333,36.59886470775007,36.6,0.4553295490258335,45.5,36.59886470775007,36.6,,,,,,,,,,,,,0.5,290.0,Fanatics,exp/fallback,0.438,0.3346931073949986,33.5,0.2564102564102564,30.530311884049443,30.5,0.3346931073949986,33.5,30.530311884049443,30.5,0.0820230137844976,8.2,88.65293170434451,88.7,,,,,,,,,0.5,320.0,Fanatics,exp/fallback,0.351,0.2763063981208572,27.6,0.238095238095238,16.048687210760036,16.0,0.2763063981208572,27.6,16.048687210760036,16.0,0.0602141358838694,6.0,56.55675329806065,56.6,,,,,,,,,0.5,2000.0,Fanatics,exp/fallback,0.1822399999999999,0.1613013680101104,16.1,0.0476190476190476,238.7328728212319,238.7,0.1613013680101104,16.1,238.7328728212319,238.7,,,,,,,,,,,,,0.5,2000.0,Fanatics,exp/fallback,0.136765,0.1228031259267153,12.3,0.0476190476190476,157.8865644461023,157.9,0.1228031259267153,12.3,157.8865644461023,157.9,,,,,,,,,,,,,True,True,True,True,True,6.2,,Active roster,2026-10-01T00:10:50+00:00,False,[],2025-2026,,2026-09-24-frozen-v2,2026-10-01T00:10:53.303203+00:00,,,,The Odds API,"[""Bovada""]",The Odds API,"[""BetOnline.ag"", ""DraftKings"", ""Fanatics"", ""draftkings""]",The Odds API,"[""Bally Bet"", ""BetRivers"", ""DraftKings"", ""Fanatics""]",The Odds API,"[""Bally Bet"", ""BetMGM"", ""BetRivers"", ""Bovada"", ""Caesars"", ""DraftKings"", ""Fanatics"", ""Fliff"", ""Hard Rock Bet"", ""theScore Bet""]",The Odds API,"[""Bally Bet"", ""BetMGM"", ""BetRivers"", ""Bovada"", ""Caesars"", ""DraftKings"", ""Fanatics"", ""fanatics""]",,,,,,,,,,,,,,,2026020007,8476312.0,PLAYER_ID,FINAL,1.0,W,OK,1.0,W,OK,1.0,L,OK,0.0,L,OK,0.0,L,OK,0.0,,NO_LINE
2026-09-30,LAK@COL,2026020007,9:00 PM,2026-10-01T02:00:00Z,Logan O'Connor,8481186,COL,R,,GTD,Unknown,,,0.0,-1.0,🟡 GTD,13.0,5.0,2026-10-01T00:10:41+00:00,LAK,Darcy Kuemper,0.8914100486223663,2.7839495841965847,55.7,Likely,dailyfaceoff_name_and_stats,23.75,4.0,23.75,4.0,,23.0,24.0,A1+A2,11.44,21.1,23.0,0.94,NONE,False,False,32.85276761036827,3.032344812131172,92.2,92.2,10.0,2.5,True,,,,,50.0,,,,,,,,,,,,,,,,,,,,,,,,,,,,,,,,,,,,,,,,0.0154420280530176,0.0077210140265088,,,0.0,2.2029536800112828,1.697257872786251,50.0,8.4,35.3,8.4,2.25,0.8,,,,,COOL,COOL,COOL,1.45,,COOL,Red,Red,Red,Red,26.0,19.0,23.0,19.0,POINTS,26.0,,,,,,,C,Passenger,0.0,,53.6,,0.0,0.0012820512820512,0.0166666666666666,0.0012820512820512,0.0001120197154699,0.0,0.0,0.0,0.0,0.0,7.1974135866528295,7.826597678646343,53.6,32.3,False,,,,,,False,False,0.0,,False,0.0,,False,0.0,,,,,,,,,,,,,,,,,,,,,,,,,,,,,,,,,,,,,,,,,,,,,,,,,,,,,,,,,,,,,,,,,,,,,,,,,,,,,ALTLINE_NB_v1_2026-01-18,,,,league_avg,2.3,,,,,,,,,,,,,,,,,,,,,,,,,exp/fallback,0.225,,,,,,,,,,,,,,,,,,,,,,,,,exp/fallback,0.145,,,,,,,,,,,,,,,,,,,,,,,,,exp/fallback,0.212,,,,,,,,,,,,,,,,,,,,,,,,,exp/fallback,0.157,,,,,,,,,,,,,,,,,,,,,,False,False,False,False,False,,,Active roster,2026-10-01T00:10:50+00:00,False,[],2025-2026,,2026-09-24-frozen-v2,2026-10-01T00:10:53.303203+00:00,,,,,,,,,,,,,,,,,,,,,,,,,,,,2026020007,,,NO_PLAYER,,,NO_PLAYER,,,NO_PLAYER,,,NO_PLAYER,,,NO_PLAYER,,,NO_PLAYER,,,NO_PLAYER
2026-09-30,LAK@COL,2026020007,9:00 PM,2026-10-01T02:00:00Z,Martin Necas,8480039,COL,C,👑 ELITE,Healthy,Unknown,,,0.0,0.0,,13.0,5.0,2026-10-01T00:10:41+00:00,LAK,Darcy Kuemper,0.8914100486223663,2.7839495841965847,55.7,Likely,dailyfaceoff_name_and_stats,23.75,4.0,23.75,4.0,9.4,94.1,98.7,A1+A2,21.5,93.5,95.6,1.25,ELITE,True,False,32.85276761036827,3.032344812131172,92.2,92.2,10.0,2.5,True,3.0,2.5,2.0,2.6500000000000004,84.9,12.0,1.0,24.0,0.0,4.0,11.0,13.0,13.0,12.0,12.0,32.0,32.0,STRONG,1.2,0.7,OK,0.65,,LOW,0.325,,ELITE,1.1,,GOOD,0.6,,LOW,0.3,,LOW,2.4,,LOW,1.6,,LOW,0.8,,2.821642874580801,0.971385251904866,,,11.0,2.2029536800112828,1.697257872786251,50.0,8.4,74.7,8.4,15.65,4.7,29.15,2.23,3.27,2.5,WARM,HOT,HOT,13.45,-1.04,COOL,Green,Green,Green,Green,76.0,84.0,83.0,80.0,SOG,84.0,0.0,0.0,7.0,3.0,3.0,5.0,A,Hybrid,18.0,,53.6,,2.0,3.8604700854700855,301.1166666666667,3.8604700854700855,0.179572810130105,18.0,18.0,3.3350860685227204,1.5143632036309291,2.142026899872696,7.1974135866528295,7.826597678646343,53.6,89.8,False,,,,🎯 D:3,,False,False,2.0,,False,0.0,,False,0.0,,1.5,-360.0,DraftKings,2.5,-115.0,Bovada,3.5,198.0,FanDuel,4.5,450.0,FanDuel,2.5,-115.0,Bovada,0.5,-230.0,DraftKings,1.5,200.0,Fanatics,2.5,700.0,Fanatics,3.5,2500.0,Fanatics,0.5,-230.0,DraftKings,0.5,-115.0,Fanatics,1.5,440.0,Fanatics,2.5,1900.0,Fanatics,,,,0.5,-115.0,Fanatics,0.5,195.0,BetRivers,,,,,,,,,,0.5,195.0,BetRivers,0.5,195.0,BetRivers,,,,,,,,,,0.5,195.0,BetRivers,ALTLINE_NB_v1_2026-01-18,2.5,-115.0,Bovada,exp/fallback,2.915,0.5002892785834426,50.0,0.5348837209302325,-6.467656612660727,-6.5,0.6992484560576787,69.9,-10.65158617040772,-10.7,0.5002892785834426,50.0,-6.467656612660727,-6.5,0.3325478462371236,33.3,-0.9007418213371589,-0.9,0.2088036695550325,20.9,14.842018255267863,14.8,0.5,-230.0,DraftKings,exp/fallback,1.565,0.7129234766572783,71.3,0.696969696969697,2.2890205638703645,2.3,0.7129234766572783,71.3,2.2890205638703645,2.3,0.4226474249490828,42.3,26.794227484724843,26.8,0.2245273382921646,22.5,79.62187063373172,79.6,0.1110080381143299,11.1,188.62089909725776,188.6,0.5,-115.0,Fanatics,exp/fallback,1.345,0.6425068314710174,64.3,0.5348837209302325,20.12084240545108,20.1,0.6425068314710174,64.3,20.12084240545108,20.1,0.3550160621607146,35.5,91.70867356678588,91.7,0.1816191631820789,18.2,263.23832636415784,263.2,,,,,0.5,195.0,BetRivers,exp/fallback,0.368,0.2905820806953317,29.1,0.3389830508474576,-14.278286194877133,-14.3,0.2905820806953317,29.1,-14.278286194877133,-14.3,,,,,,,,,,,,,0.5,195.0,BetRivers,exp/fallback,0.4105,0.3050166140769843,30.5,0.3389830508474576,-10.020098847289628,-10.0,0.3050166140769843,30.5,-10.020098847289628,-10.0,,,,,,,,,,,,,False,False,False,False,True,9.4,,Active roster,2026-10-01T00:10:50+00:00,False,"[{""market"":""Assists"",""name"":""Staff (Green Stance)"",""kind"":""STANCE"",""rule"":""Green + Assists 0.5"",""icon"":""staff.svg"",""kit_version"":""2026-09-24-frozen-v2""},{""market"":""SOG"",""name"":""Jungle Stance"",""kind"":""STANCE"",""rule"":""Green + SOG 2.5 + Conf_SOG >= 75"",""icon"":""sog_basic_swipe.svg"",""kit_version"":""2026-09-24-frozen-v2""},{""market"":""SOG"",""name"":""Berserker Swipe"",""kind"":""FLOOR"",""rule"":""iXG% >= 93.2"",""icon"":""sog_basic_swipe.svg"",""kit_version"":""2026-09-24-frozen-v2""},{""market"":""SOG"",""name"":""Berserker’s Rage"",""kind"":""HEAVY"",""rule"":""L20_A >= 9 + L40_A <= 29"",""icon"":""sog_berserkers_rage.svg"",""kit_version"":""2026-09-24-frozen-v2""},{""market"":""SOG"",""name"":""Bloodthirst"",""kind"":""HEAVY"",""rule"":""PP_TOI_Pct >= 15.9 + iXG% >= 93.2"",""icon"":""sog_bloodthirst.svg"",""kit_version"":""2026-09-24-frozen-v2""},{""market"":""SOG"",""name"":""Siege"",""kind"":""ULTIMATE"",""rule"":""Rage + i5v5_points60 >= 2.2"",""icon"":""sog_berserker_siege.svg"",""kit_version"":""2026-09-24-frozen-v2""}]",2025-2026,,2026-09-24-frozen-v2,2026-10-01T00:10:53.303203+00:00,0.5,220.0,BetRivers,The Odds API,"[""Bally Bet"", ""BetOnline.ag"", ""BetRivers"", ""Bovada"", ""Caesars"", ""DraftKings"", ""FanDuel"", ""Fanatics"", ""Fliff"", ""Hard Rock Bet"", ""fanduel"", ""theScore Bet""]",The Odds API,"[""Bally Bet"", ""BetOnline.ag"", ""BetRivers"", ""Bovada"", ""DraftKings"", ""FanDuel"", ""Fanatics"", ""Fliff"", ""Hard Rock Bet"", ""draftkings"", ""theScore Bet""]",The Odds API,"[""Bally Bet"", ""BetOnline.ag"", ""BetRivers"", ""Bovada"", ""Caesars"", ""DraftKings"", ""FanDuel"", ""Fanatics"", ""Fliff"", ""Hard Rock Bet"", ""draftkings"", ""theScore Bet""]",The Odds API,"[""Bally Bet"", ""BetMGM"", ""BetRivers"", ""Bovada"", ""Caesars"", ""DraftKings"", ""FanDuel"", ""Fanatics"", ""Fliff"", ""Hard Rock Bet"", ""fanduel"", ""theScore Bet""]",The Odds API,"[""Bally Bet"", ""BetMGM"", ""BetRivers"", ""Bovada"", ""Caesars"", ""DraftKings"", ""FanDuel"", ""Fanatics"", ""betrivers""]",0.5,220.0,BetRivers,1.5,900.0,Bovada,,,,,,,The Odds API,"[""Bally Bet"", ""BetRivers"", ""Bovada"", ""FanDuel"", ""Fliff"", ""Hard Rock Bet"", ""theScore Bet""]",2026020007,8480039.0,PLAYER_ID,FINAL,1.0,W,OK,1.0,W,OK,4.0,W,OK,0.0,L,OK,0.0,L,OK,0.0,L,OK
2026-09-30,LAK@COL,2026020007,9:00 PM,2026-10-01T02:00:00Z,Nathan MacKinnon,8477492,COL,C,👑 ELITE,Healthy,Unknown,,,0.0,0.0,,13.0,5.0,2026-10-01T00:10:41+00:00,LAK,Darcy Kuemper,0.8914100486223663,2.7839495841965847,55.7,Likely,dailyfaceoff_name_and_stats,23.75,4.0,23.75,4.0,12.5,99.9,99.7,A1+A2,22.26,95.1,98.9,1.27,ELITE,True,False,32.85276761036827,3.032344812131172,92.2,92.2,10.0,2.5,True,4.0,3.75,4.0,4.0,98.4,14.0,7.0,40.0,1.0,2.0,7.0,15.0,15.0,8.0,8.0,47.0,47.0,ELITE,1.4,-0.1,OK,0.75,,LOW,0.375,,GOOD,0.7,,LOW,0.4,,LOW,0.2,,ELITE,4.0,,LOW,2.35,,LOW,1.175,,3.3202572584512846,1.2838328066011633,,,7.0,2.2029536800112828,1.697257872786251,50.0,8.4,75.0,8.4,24.53,8.69,44.0,4.17,-0.56,0.0,HOT,COOL,COOL,15.84,4.73,HOT,Green,Green,Green,Green,85.0,81.0,91.0,84.0,GOAL,91.0,1.0,1.0,4.0,1.0,6.0,3.0,A,Distributor,18.2,,53.6,,2.0,4.04875,323.9,4.04875,0.1818692270978971,18.2,18.2,4.289749922815684,1.809817845013893,2.9175671503550484,7.1974135866528295,7.826597678646343,53.6,93.9,False,,,,🥅 D:4,🥅 GOAL EARNED,False,True,3.0,"iXG,SOG,REG",False,0.0,,False,0.0,,1.5,-1200.0,DraftKings,2.5,-375.0,Fanatics,3.5,-135.0,Hard Rock Bet,4.5,148.0,FanDuel,3.5,-135.0,Hard Rock Bet,0.5,-357.0,BetOnline.ag,1.5,107.0,BetRivers,2.5,340.0,Fanatics,3.5,950.0,Fanatics,1.5,107.0,BetRivers,0.5,-162.0,Bovada,1.5,330.0,Bovada,2.5,1100.0,Bovada,3.5,3000.0,Fanatics,0.5,-162.0,Bovada,0.5,120.0,FanDuel,,,,,,,,,,0.5,120.0,FanDuel,0.5,120.0,FanDuel,,,,,,,,,,0.5,120.0,FanDuel,ALTLINE_NB_v1_2026-01-18,3.5,-135.0,Hard Rock Bet,exp/fallback,4.4,0.551965391133983,55.2,0.574468085106383,-3.917135617417772,-3.9,0.8408462474360943,84.1,-8.908323194423122,-8.9,0.6997648990094818,70.0,-11.363112792132304,-11.4,0.551965391133983,55.2,-3.917135617417772,-3.9,0.4164825089147759,41.6,3.287662210864417,3.3,1.5,107.0,BetRivers,exp/fallback,2.4530000000000003,0.6051884093628349,60.5,0.4830917874396135,25.274000738106828,25.3,0.8298113017873612,83.0,6.225144234404498,6.2,0.6051884093628349,60.5,25.274000738106828,25.3,0.4050727440838702,40.5,78.23200739690289,78.2,0.2554036766603751,25.5,168.17386049339387,168.2,0.5,-162.0,Bovada,exp/fallback,1.584,0.6885961415816326,68.9,0.6183206106870229,11.365548823696138,11.4,0.6885961415816326,68.9,11.365548823696138,11.4,0.4133373738725401,41.3,77.73507076519223,77.7,0.2308555568868247,23.1,177.02666826418962,177.0,0.1233216290202423,12.3,282.2970499627513,282.3,0.5,120.0,FanDuel,exp/fallback,0.5276000000000001,0.3804108838025781,38.0,0.4545454545454545,-16.30960556343281,-16.3,0.3804108838025781,38.0,-16.30960556343281,-16.3,,,,,,,,,,,,,0.5,120.0,FanDuel,exp/fallback,0.66985,0.4265414891232816,42.7,0.4545454545454545,-6.160872392878048,-6.2,0.4265414891232816,42.7,-6.160872392878048,-6.2,,,,,,,,,,,,,False,True,False,False,True,12.5,,Active roster,2026-10-01T00:10:50+00:00,False,"[{""market"":""Points"",""name"":""DPS Tank stance"",""kind"":""STANCE"",""rule"":""Conf_Points >= 75"",""icon"":""PTS15_TWO_HANDED_HAMMER.svg"",""kit_version"":""2026-09-24-frozen-v2""},{""market"":""Points"",""name"":""Blade Impale"",""kind"":""SPECIAL"",""rule"":""Conf_Points >= 83 + Goal_ProofCount >= 3"",""icon"":""PTS15_BLADE_IMPALE.svg"",""kit_version"":""2026-09-24-frozen-v2""},{""market"":""Points"",""name"":""Blade Slash"",""kind"":""SPECIAL"",""rule"":""Conf_Points >= 75 + Goal_Model% >= 33.4 + Opp_PK_xGA60 >= 7.38249"",""icon"":""PTS15_BLADE_SLASH.svg"",""kit_version"":""2026-09-24-frozen-v2""},{""market"":""Points"",""name"":""Ragnarok"",""kind"":""ULTIMATE"",""rule"":""Blade Impale + Blade Slash"",""icon"":""PTS15_POLARIZING_SMASH.svg"",""kit_version"":""2026-09-24-frozen-v2""},{""market"":""Assists"",""name"":""Staff (Green Stance)"",""kind"":""STANCE"",""rule"":""Green + Assists 0.5"",""icon"":""staff.svg"",""kit_version"":""2026-09-24-frozen-v2""},{""market"":""Assists"",""name"":""Staff Awakened"",""kind"":""STANCE"",""rule"":""Green + Assists 0.5 + Conf_Assists ≥ 83"",""icon"":""staff.svg"",""kit_version"":""2026-09-24-frozen-v2""},{""market"":""Assists"",""name"":""Assist Dagger"",""kind"":""VOLUME"",""rule"":""Green + Assists 0.5 + Conf_Assists ≥ 83 + Assist_Dagger ≥ 86"",""icon"":""magic-dagger.svg"",""kit_version"":""2026-09-24-frozen-v2""},{""market"":""SOG"",""name"":""Sniper Stance"",""kind"":""STANCE"",""rule"":""Green + SOG 3.5 + Conf_SOG >= 75"",""icon"":""sog_class_shooter.svg"",""kit_version"":""2026-09-24-frozen-v2""},{""market"":""Goal"",""name"":""Base Attack"",""kind"":""BASE ATTACK"",""rule"":""Goal_mu >= 0.4048"",""icon"":""base.svg"",""kit_version"":""2026-09-24-frozen-v2""},{""market"":""Goal"",""name"":""Weakened Armor"",""kind"":""WEAK DEFENSE"",""rule"":""Opp_PK_xGA60 >= 7.3"",""icon"":""shattered_armor.svg"",""kit_version"":""2026-09-24-frozen-v2""},{""market"":""Goal"",""name"":""Armor Sunder"",""kind"":""HEAVY ATTACK"",""rule"":""Goal_mu >= 0.4048 + Opp_PK_xGA60 >= 7.3"",""icon"":""smash.svg"",""kit_version"":""2026-09-24-frozen-v2""}]",2025-2026,,2026-09-24-frozen-v2,2026-10-01T00:10:53.303203+00:00,0.5,133.0,BetRivers,The Odds API,"[""Bally Bet"", ""BetOnline.ag"", ""BetRivers"", ""Bovada"", ""Caesars"", ""DraftKings"", ""FanDuel"", ""Fanatics"", ""Fliff"", ""Hard Rock Bet"", ""fanduel"", ""theScore Bet""]",The Odds API,"[""Bally Bet"", ""BetOnline.ag"", ""BetRivers"", ""Bovada"", ""DraftKings"", ""FanDuel"", ""Fanatics"", ""Fliff"", ""Hard Rock Bet"", ""draftkings"", ""theScore Bet""]",The Odds API,"[""Bally Bet"", ""BetOnline.ag"", ""BetRivers"", ""Bovada"", ""Caesars"", ""DraftKings"", ""FanDuel"", ""Fanatics"", ""Fliff"", ""Hard Rock Bet"", ""draftkings"", ""theScore Bet""]",The Odds API,"[""Bally Bet"", ""BetMGM"", ""BetRivers"", ""Bovada"", ""Caesars"", ""DraftKings"", ""FanDuel"", ""Fanatics"", ""Fliff"", ""Hard Rock Bet"", ""fanduel"", ""theScore Bet""]",The Odds API,"[""Bally Bet"", ""BetMGM"", ""BetRivers"", ""Bovada"", ""Caesars"", ""DraftKings"", ""FanDuel"", ""Fanatics"", ""fanduel""]",0.5,133.0,BetRivers,1.5,700.0,Bovada,,,,,,,The Odds API,"[""Bally Bet"", ""BetRivers"", ""Bovada"", ""FanDuel"", ""Fliff"", ""Hard Rock Bet"", ""theScore Bet""]",2026020007,8477492.0,PLAYER_ID,FINAL,2.0,W,OK,0.0,L,OK,8.0,W,OK,2.0,W,OK,2.0,W,OK,1.0,W,OK
2026-09-30,LAK@COL,2026020007,9:00 PM,2026-10-01T02:00:00Z,Nazem Kadri,8475172,COL,C,,Healthy,Unknown,,,0.0,0.0,,13.0,5.0,2026-10-01T00:10:41+00:00,LAK,Darcy Kuemper,0.8914100486223663,2.7839495841965847,55.7,Likely,dailyfaceoff_name_and_stats,23.75,4.0,23.75,4.0,9.4,90.1,89.1,A1+A2,19.03,79.5,87.6,1.15,NONE,False,False,32.85276761036827,3.032344812131172,92.2,92.2,10.0,2.5,True,3.0,3.125,2.2,2.72,87.3,8.0,3.0,33.0,1.0,2.0,5.0,9.0,9.0,6.0,6.0,35.0,35.0,GOOD,0.8,0.3,LOW,0.45,,LOW,0.225,,OK,0.5,,LOW,0.3,,LOW,0.15,,GOOD,3.3,,LOW,1.75,,LOW,0.875,,1.5350909438456677,0.5293417047743681,,,5.0,2.2029536800112828,1.697257872786251,50.0,8.4,61.5,8.4,9.27,3.69,29.92,0.43,0.35,-5.8,COOL,COOL,COOL,5.59,0.08,COOL,Yellow,Yellow,Yellow,Yellow,62.0,70.0,73.0,67.0,GOAL,73.0,0.0,0.0,1.0,1.0,4.0,5.0,A,Distributor,16.1,,53.6,,2.0,3.0664502164502165,236.11666666666667,3.0664502164502165,0.1611076363222835,16.1,16.1,3.4762476177031125,1.3162984400367048,2.5411166796075384,7.1974135866528295,7.826597678646343,53.6,90.6,False,,,,🥅 D:1,,False,False,0.0,,False,0.0,,False,0.0,,1.5,-175.0,Bovada,2.5,140.0,Hard Rock Bet,3.5,325.0,FanDuel,4.5,750.0,Fanatics,2.5,140.0,Hard Rock Bet,0.5,112.0,BetRivers,1.5,550.0,BetRivers,2.5,2200.0,Fanatics,3.5,4500.0,BetOnline.ag,0.5,112.0,BetRivers,0.5,235.0,BetRivers,1.5,1200.0,Fanatics,2.5,3300.0,Bovada,,,,0.5,235.0,BetRivers,0.5,275.0,DraftKings,,,,,,,,,,0.5,275.0,DraftKings,0.5,275.0,DraftKings,,,,,,,,,,0.5,275.0,DraftKings,ALTLINE_NB_v1_2026-01-18,2.5,140.0,Hard Rock Bet,exp/fallback,2.992,0.5134153348022513,51.3,0.4166666666666667,23.219680352540315,23.2,0.709550120802817,71.0,11.500733269014097,11.5,0.5134153348022513,51.3,23.219680352540315,23.2,0.3455562730992501,34.6,46.86141606718128,46.9,0.2198540352450003,22.0,86.8759299582503,86.9,0.5,112.0,BetRivers,exp/fallback,0.927,0.5519495173153359,55.2,0.4716981132075472,17.013297670851223,17.0,0.5519495173153359,55.2,17.013297670851223,17.0,0.238353082985098,23.8,54.92950394031374,54.9,0.0901971474108686,9.0,107.45343904499776,107.5,0.0314359159886611,3.1,44.6052135478412,44.6,0.5,235.0,BetRivers,exp/fallback,0.5589999999999999,0.389171320799434,38.9,0.2985074626865671,30.372392467810418,30.4,0.389171320799434,38.9,30.372392467810418,30.4,0.1223067395777723,12.2,58.9987614511041,59.0,0.0348640075127613,3.5,18.537625543388447,18.5,,,,,0.5,275.0,DraftKings,exp/fallback,0.3276,0.2649699590775959,26.5,0.2666666666666666,-0.6362653459015322,-0.6,0.2649699590775959,26.5,-0.6362653459015322,-0.6,,,,,,,,,,,,,0.5,275.0,DraftKings,exp/fallback,0.34485,0.2673974519205746,26.7,0.2666666666666666,0.2740444702154843,0.3,0.2673974519205746,26.7,0.2740444702154843,0.3,,,,,,,,,,,,,True,True,False,False,True,9.4,,Active roster,2026-10-01T00:10:50+00:00,False,[],2025-2026,,2026-09-24-frozen-v2,2026-10-01T00:10:53.303203+00:00,,,,The Odds API,"[""Bally Bet"", ""BetOnline.ag"", ""BetRivers"", ""Bovada"", ""Caesars"", ""DraftKings"", ""FanDuel"", ""Fanatics"", ""Fliff"", ""Hard Rock Bet"", ""fanduel"", ""theScore Bet""]",The Odds API,"[""Bally Bet"", ""BetOnline.ag"", ""BetRivers"", ""Bovada"", ""DraftKings"", ""FanDuel"", ""Fanatics"", ""Fliff"", ""Hard Rock Bet"", ""draftkings"", ""theScore Bet""]",The Odds API,"[""Bally Bet"", ""BetOnline.ag"", ""BetRivers"", ""Bovada"", ""Caesars"", ""DraftKings"", ""FanDuel"", ""Fanatics"", ""Fliff"", ""Hard Rock Bet"", ""draftkings"", ""theScore Bet""]",The Odds API,"[""Bally Bet"", ""BetMGM"", ""BetRivers"", ""Bovada"", ""Caesars"", ""DraftKings"", ""FanDuel"", ""Fanatics"", ""Fliff"", ""Hard Rock Bet"", ""fanduel"", ""theScore Bet""]",The Odds API,"[""Bally Bet"", ""BetMGM"", ""BetRivers"", ""Bovada"", ""Caesars"", ""DraftKings"", ""FanDuel"", ""Fanatics"", ""betmgm""]",,,,,,,,,,,,,,,2026020007,8475172.0,PLAYER_ID,FINAL,2.0,W,OK,2.0,W,OK,2.0,L,OK,0.0,L,OK,0.0,L,OK,2.0,,NO_LINE
2026-09-30,LAK@COL,2026020007,9:00 PM,2026-10-01T02:00:00Z,Nicolas Roy,8478462,COL,C,,Healthy,Unknown,,,0.0,0.0,,13.0,5.0,2026-10-01T00:10:41+00:00,LAK,Darcy Kuemper,0.8914100486223663,2.7839495841965847,55.7,Likely,dailyfaceoff_name_and_stats,23.75,4.0,23.75,4.0,3.1,70.3,66.1,A1+A2,14.46,45.9,64.0,1.06,NONE,False,False,32.85276761036827,3.032344812131172,92.2,92.2,10.0,2.5,True,1.0,1.0,1.0,1.0,12.7,4.0,2.0,10.0,0.0,1.0,2.0,6.0,6.0,3.0,3.0,16.0,16.0,LOW,0.4,-0.1,LOW,0.3,,LOW,0.15,,LOW,0.2,,LOW,0.15,,LOW,0.075,,LOW,1.0,,LOW,0.8,,LOW,0.4,,1.3030060578351812,0.6172133958166648,,,2.0,2.2029536800112828,1.697257872786251,50.0,8.4,55.3,8.4,4.07,1.65,10.0,0.07,-0.35,0.0,COOL,COOL,COOL,2.43,0.43,COOL,Red,Red,Red,Red,50.0,50.0,54.0,53.0,GOAL,54.0,4.0,4.0,7.0,10.0,0.0,10.0,C,Passenger,5.7,,53.6,,0.0,0.8202702702702703,60.7,0.8202702702702703,0.0567289719626168,5.7,5.7,3.9736408566721577,3.9736408566721577,0.0,7.1974135866528295,7.826597678646343,53.6,54.8,False,,,,🥅 D:7,,False,False,1.0,,False,0.0,,False,0.0,,,,,,,,,,,,,,,,,0.5,275.0,BetRivers,,,,,,,,,,0.5,275.0,BetRivers,,,,,,,,,,,,,,,,0.5,550.0,DraftKings,,,,,,,,,,0.5,550.0,DraftKings,0.5,550.0,DraftKings,,,,,,,,,,0.5,550.0,DraftKings,ALTLINE_NB_v1_2026-01-18,,,,exp/fallback,1.0,,,,,,,,,,,,,,,,,,,,,,0.5,275.0,BetRivers,exp/fallback,0.407,0.3164805906015878,31.6,0.2666666666666666,18.68022147559544,18.7,0.3164805906015878,31.6,18.68022147559544,18.7,,,,,,,,,,,,,,,,exp/fallback,0.243,,,,,,,,,,,,,,,,,,,,,,0.5,550.0,DraftKings,exp/fallback,0.1845,0.1630654416539491,16.3,0.1538461538461538,5.992537075066917,6.0,0.1630654416539491,16.3,5.992537075066917,6.0,,,,,,,,,,,,,0.5,550.0,DraftKings,exp/fallback,0.1591874999999999,0.1405642142838636,14.1,0.1538461538461538,-8.63326071548861,-8.6,0.1405642142838636,14.1,-8.63326071548861,-8.6,,,,,,,,,,,,,False,True,False,False,False,3.1,,Active roster,2026-10-01T00:10:50+00:00,False,[],2025-2026,,2026-09-24-frozen-v2,2026-10-01T00:10:53.303203+00:00,,,,,,,,The Odds API,"[""Bally Bet"", ""BetRivers""]",The Odds API,"[""Bally Bet"", ""BetMGM"", ""BetRivers"", ""Bovada"", ""Caesars"", ""DraftKings"", ""FanDuel"", ""Fanatics"", ""Fliff"", ""Hard Rock Bet"", ""theScore Bet""]",The Odds API,"[""Bally Bet"", ""BetMGM"", ""BetRivers"", ""Bovada"", ""Caesars"", ""DraftKings"", ""FanDuel"", ""Fanatics"", ""fanatics""]",,,,,,,,,,,,,,,2026020007,8478462.0,PLAYER_ID,FINAL,1.0,W,OK,0.0,,NO_LINE,2.0,,NO_LINE,1.0,W,OK,1.0,W,OK,0.0,,NO_LINE
2026-09-30,LAK@COL,2026020007,9:00 PM,2026-10-01T02:00:00Z,Parker Kelly,8480448,COL,C,,Healthy,Unknown,,,0.0,0.0,,13.0,5.0,2026-10-01T00:10:41+00:00,LAK,Darcy Kuemper,0.8914100486223663,2.7839495841965847,55.7,Likely,dailyfaceoff_name_and_stats,23.75,4.0,23.75,4.0,3.1,72.7,58.4,A1+A2,12.7,33.5,59.8,1.04,NONE,False,False,32.85276761036827,3.032344812131172,92.2,92.2,10.0,2.5,True,1.0,1.25,0.8,0.93,4.8,4.0,2.0,14.0,1.0,2.0,2.0,4.0,4.0,2.0,2.0,18.0,18.0,LOW,0.4,,LOW,0.2,,LOW,0.1,,LOW,0.2,,LOW,0.1,,LOW,0.05,,LOW,1.4,,LOW,0.9,,LOW,0.45,,2.243733322945679,0.4206999980523148,,,2.0,2.2029536800112828,1.697257872786251,50.0,8.4,71.8,8.4,3.43,1.65,9.3,-0.57,-0.35,-4.7,COOL,COOL,COOL,1.77,-0.23,COOL,Red,Red,Red,Red,41.0,48.0,53.0,48.0,GOAL,53.0,1.0,1.0,4.0,6.0,0.0,10.0,C,Passenger,0.3,,53.6,,0.0,0.0339430894308943,2.783333333333333,0.0339430894308943,0.0026721282621565,0.3,0.3,0.2155688622754491,0.2155688622754491,0.0,7.1974135866528295,7.826597678646343,53.6,43.3,False,,,,🥅 D:4,,False,False,1.0,,False,0.0,,False,0.0,,,,,,,,,,,,,,,,,,,,,,,,,,,,,,,,,,,,,,,,,,,,,,,0.5,800.0,FanDuel,,,,,,,,,,0.5,800.0,FanDuel,0.5,800.0,FanDuel,,,,,,,,,,0.5,800.0,FanDuel,ALTLINE_NB_v1_2026-01-18,,,,exp/fallback,0.93,,,,,,,,,,,,,,,,,,,,,,,,,exp/fallback,0.343,,,,,,,,,,,,,,,,,,,,,,,,,exp/fallback,0.177,,,,,,,,,,,,,,,,,,,,,,0.5,800.0,FanDuel,exp/fallback,0.1845,0.1630654416539491,16.3,0.1111111111111111,46.75889748855418,46.8,0.1630654416539491,16.3,46.75889748855418,46.8,,,,,,,,,,,,,0.5,800.0,FanDuel,exp/fallback,0.1591874999999999,0.1405642142838636,14.1,0.1111111111111111,26.50779285547731,26.5,0.1405642142838636,14.1,26.50779285547731,26.5,,,,,,,,,,,,,False,False,True,True,False,3.1,,Active roster,2026-10-01T00:10:50+00:00,False,[],2025-2026,,2026-09-24-frozen-v2,2026-10-01T00:10:53.303203+00:00,,,,,,,,,,The Odds API,"[""Bally Bet"", ""BetMGM"", ""BetRivers"", ""Bovada"", ""Caesars"", ""DraftKings"", ""FanDuel"", ""Fanatics"", ""Fliff"", ""Hard Rock Bet"", ""theScore Bet""]",The Odds API,"[""Bally Bet"", ""BetMGM"", ""BetRivers"", ""Bovada"", ""Caesars"", ""DraftKings"", ""FanDuel"", ""Fanatics"", ""fanduel""]",,,,,,,,,,,,,,,2026020007,8480448.0,PLAYER_ID,FINAL,2.0,,NO_LINE,1.0,,NO_LINE,1.0,,NO_LINE,1.0,W,OK,1.0,W,OK,0.0,,NO_LINE
2026-09-30,LAK@COL,2026020007,9:00 PM,2026-10-01T02:00:00Z,Sam Malinski,8484258,COL,D,,Healthy,Unknown,,,0.0,0.0,,13.0,5.0,2026-10-01T00:10:41+00:00,LAK,Darcy Kuemper,0.8914100486223663,2.7839495841965847,55.7,Likely,dailyfaceoff_name_and_stats,23.75,4.0,23.75,4.0,6.2,54.6,87.4,A1+A2,17.62,69.2,69.0,1.08,NONE,False,False,32.85276761036827,3.032344812131172,92.2,92.2,10.0,2.5,True,2.0,1.75,2.0,2.0,70.6,3.0,1.0,18.0,0.0,0.0,2.0,3.0,3.0,2.0,2.0,22.0,22.0,LOW,0.3,-0.2,LOW,0.15,,LOW,0.075,,LOW,0.2,,LOW,0.1,,LOW,0.05,,LOW,1.8,,LOW,1.1,,LOW,0.55,,1.708185053380783,0.8091402884435287,,,2.0,2.2029536800112828,1.697257872786251,50.0,8.4,64.7,8.4,5.04,0.84,20.0,2.04,-0.16,2.0,WARM,COOL,WARM,4.2,2.2,WARM,Yellow,Red,Red,Yellow,74.0,47.0,53.0,70.0,POINTS,74.0,6.0,6.0,6.0,0.0,0.0,10.0,C,Passenger,1.2,,53.6,,0.0,0.2189024390243902,17.95,0.2189024390243902,0.0124261583902529,1.2,1.2,3.610027855153204,0.7688022284122564,3.3426183844011144,7.1974135866528295,7.826597678646343,53.6,71.5,False,,,,🅿️ D:6,,False,False,1.0,,False,0.0,,False,0.0,,1.5,-105.0,Bovada,,,,,,,,,,1.5,-105.0,Bovada,0.5,204.0,BetOnline.ag,1.5,1200.0,Fanatics,2.5,1500.0,BetOnline.ag,3.5,3000.0,BetOnline.ag,0.5,204.0,BetOnline.ag,0.5,260.0,DraftKings,1.5,1700.0,Fanatics,,,,,,,0.5,260.0,DraftKings,0.5,1000.0,DraftKings,,,,,,,,,,0.5,1000.0,DraftKings,0.5,1000.0,DraftKings,,,,,,,,,,0.5,1000.0,DraftKings,ALTLINE_NB_v1_2026-01-18,1.5,-105.0,Bovada,exp/fallback,2.0,0.5390946502057614,53.9,0.5121951219512195,5.251812659220079,5.3,0.5390946502057614,53.9,5.251812659220079,5.3,,,,,,,,,,,,,0.5,204.0,BetOnline.ag,exp/fallback,0.504,0.3713422983036064,37.1,0.3289473684210526,12.888058684296356,12.9,0.3713422983036064,37.1,12.888058684296356,12.9,0.1020091789097077,10.2,32.61193258262005,32.6,0.0241214475106901,2.4,-61.40568398289581,-61.4,0.0052122872866511,0.5,-83.8419094113815,-83.8,0.5,260.0,DraftKings,exp/fallback,0.42,0.3169865446349293,31.7,0.2777777777777778,14.115156068574574,14.1,0.3169865446349293,31.7,14.115156068574574,14.1,0.0799074940123428,8.0,43.83348922221718,43.8,,,,,,,,,0.5,1000.0,DraftKings,exp/fallback,0.2135999999999999,0.1853230191762027,18.5,0.0909090909090909,103.85532109382302,103.9,0.1853230191762027,18.5,103.85532109382302,103.9,,,,,,,,,,,,,0.5,1000.0,DraftKings,exp/fallback,0.1596,0.1408853896280385,14.1,0.0909090909090909,54.97392859084239,55.0,0.1408853896280385,14.1,54.97392859084239,55.0,,,,,,,,,,,,,False,True,True,True,True,6.2,,Active roster,2026-10-01T00:10:50+00:00,False,[],2025-2026,,2026-09-24-frozen-v2,2026-10-01T00:10:53.303203+00:00,,,,The Odds API,"[""Bally Bet"", ""BetRivers"", ""Bovada""]",The Odds API,"[""Bally Bet"", ""BetOnline.ag"", ""BetRivers"", ""DraftKings"", ""Fanatics"", ""draftkings""]",The Odds API,"[""Bally Bet"", ""BetOnline.ag"", ""BetRivers"", ""DraftKings"", ""Fanatics"", ""draftkings""]",The Odds API,"[""Bally Bet"", ""BetMGM"", ""BetRivers"", ""Bovada"", ""Caesars"", ""DraftKings"", ""FanDuel"", ""Fanatics"", ""Fliff"", ""Hard Rock Bet"", ""theScore Bet""]",The Odds API,"[""Bally Bet"", ""BetMGM"", ""BetRivers"", ""Bovada"", ""Caesars"", ""DraftKings"", ""FanDuel"", ""Fanatics"", ""fanduel""]",,,,,,,,,,,,,,,2026020007,8484258.0,PLAYER_ID,FINAL,0.0,L,OK,0.0,L,OK,2.0,W,OK,0.0,L,OK,0.0,L,OK,0.0,,NO_LINE
2026-09-30,LAK@COL,2026020007,9:00 PM,2026-10-01T02:00:00Z,T.J. Hughes,8486171,COL,R,,Unknown,,,,,,,,,,,,,,,,,,,,,,,,,,,,,,,,,,,,,,,,,,,,,,,,,,,,,,,,,,,,,,,,,,,,,,,,,,,,,,,,,,,,,,,,,,,,,,,,,,,,,,,,,,,,,,,,,,,,,,,,,,,,,,,,,,,,,,,,,,,,,,,,,,,,,,,,,,,,,,,,,,,,,,,,,,,,,,,,,,,,,,,,,,,,,,,,,,,,,,,,,,,,,,,,,,,,,,,,,,,,,,,,,,,,,,,,,,,,,,,,,,,,,,,,,,,,,,,,,,,,0.5,135.0,draftkings,,,,,,,,,,,,,,,,,,,,,,,,0.5,245.0,draftkings,,,,,,,,,,,,,,,,,,,,,,,,0.5,380.0,fanduel,,,,,,,,,,,,,,,,,,,,,,,,,,,,,,,,,,,,,,,,,,,,,,,,,,,,,,,,,Active roster,2026-10-01T00:10:50+00:00,True,[],Unavailable,True,2026-09-24-frozen-v2,2026-10-01T00:10:53.303203+00:00,,,,,,,,,,,,,,,,,,,,,,,,,,,,2026020007,8486171.0,PLAYER_ID,FINAL,0.0,L,OK,0.0,L,OK,2.0,,NO_LINE,0.0,L,OK,0.0,,NO_LINE,0.0,,NO_LINE
2026-09-30,LAK@COL,2026020007,9:00 PM,2026-10-01T02:00:00Z,Adrian Kempe,8477960,LAK,R,⭐ STAR,Healthy,Unknown,,,1.0,0.0,,13.0,5.0,2026-10-01T00:10:41+00:00,COL,Mackenzie Blackwood,0.9035369774919614,2.5050255141487554,31.2,Confirmed,dailyfaceoff_name_and_stats,26.0,4.0,26.0,4.0,8.8,94.8,91.3,A1+A2,19.31,83.2,91.2,1.2,STAR,False,True,26.227711401688392,2.42316200914714,56.5,40.8,13.0,3.25,True,1.5,,1.25,1.4125,41.3,2.0,1.0,5.0,1.0,1.0,1.0,2.0,2.0,1.0,1.0,5.0,5.0,LOW,0.2,-0.3,LOW,0.1,,LOW,0.05,,LOW,0.1,,LOW,0.05,,LOW,0.025,,LOW,0.5,,LOW,0.25,,LOW,0.125,,2.250281285160645,0.600075009376172,,,1.0,2.301187719429297,2.1513408530664075,50.0,35.1,72.0,35.1,10.55,4.51,15.53,7.59,3.1,9.12,HOT,HOT,HOT,6.03,4.48,HOT,Green,Red,Green,Green,78.0,78.0,71.0,77.0,POINTS,78.0,0.0,0.0,1.0,4.0,1.0,1.0,A,Distributor,14.8,,13.9,,2.0,2.857201646090535,231.4333333333333,2.857201646090535,0.1479973568094131,14.8,14.8,2.3365259974074606,0.9592395218205388,1.6203370301022613,6.26947129050597,6.430636967565455,13.9,65.3,False,,,,🅿️ D:0,,False,False,2.0,,False,0.0,,False,0.0,,1.5,-295.0,DraftKings,2.5,-110.0,Hard Rock Bet,3.5,230.0,Fanatics,4.5,525.0,Fanatics,2.5,-110.0,Hard Rock Bet,0.5,-124.0,BetRivers,1.5,390.0,BetRivers,2.5,1500.0,Fanatics,3.5,2900.0,BetOnline.ag,0.5,-124.0,BetRivers,0.5,155.0,DraftKings,1.5,950.0,DraftKings,2.5,4500.0,Fanatics,,,,0.5,155.0,DraftKings,0.5,250.0,BetRivers,,,,,,,,,,0.5,250.0,BetRivers,0.5,250.0,BetRivers,,,,,,,,,,0.5,250.0,BetRivers,ALTLINE_NB_v1_2026-01-18,2.5,-110.0,Hard Rock Bet,exp/fallback,1.553,0.2190017340005597,21.9,0.5238095238095238,-58.19057805443859,-58.2,0.4295815956081475,43.0,-42.479752452468375,-42.5,0.2190017340005597,21.9,-58.19057805443859,-58.2,0.1012165637946949,10.1,-66.59853394775068,-66.6,0.0435701300963355,4.4,-72.76866868979026,-72.8,0.5,-124.0,BetRivers,exp/fallback,1.0550000000000002,0.5925734871346494,59.3,0.5535714285714286,7.045533159807632,7.0,0.5925734871346494,59.3,7.045533159807632,7.0,0.2786534790477808,27.9,36.540204733412594,36.5,0.1153887094594212,11.5,84.62193513507401,84.6,0.0441050713955851,4.4,32.315214186755504,32.3,0.5,155.0,DraftKings,exp/fallback,0.603,0.4096471623436358,41.0,0.392156862745098,4.460026397627148,4.5,0.4096471623436358,41.0,4.460026397627148,4.5,0.1361298660648899,13.6,42.93635936813447,42.9,0.0410870714109807,4.1,89.00052849051158,89.0,,,,,0.5,250.0,BetRivers,exp/fallback,0.30634,0.2509698394163591,25.1,0.2857142857142857,-12.16055620427432,-12.2,0.2509698394163591,25.1,-12.16055620427432,-12.2,,,,,,,,,,,,,0.5,250.0,BetRivers,exp/fallback,0.3384274999999999,0.263537158697787,26.4,0.2857142857142857,-7.761994455774534,-7.8,0.263537158697787,26.4,-7.761994455774534,-7.8,,,,,,,,,,,,,False,False,False,False,False,8.8,,Active roster,2026-10-01T00:10:50+00:00,False,"[{""market"":""Assists"",""name"":""Staff (Green Stance)"",""kind"":""STANCE"",""rule"":""Green + Assists 0.5"",""icon"":""staff.svg"",""kit_version"":""2026-09-24-frozen-v2""}]",2025-2026,,2026-09-24-frozen-v2,2026-10-01T00:10:53.303203+00:00,0.5,320.0,BetRivers,The Odds API,"[""Bally Bet"", ""BetOnline.ag"", ""BetRivers"", ""Bovada"", ""Caesars"", ""DraftKings"", ""FanDuel"", ""Fanatics"", ""Fliff"", ""Hard Rock Bet"", ""draftkings"", ""theScore Bet""]",The Odds API,"[""Bally Bet"", ""BetOnline.ag"", ""BetRivers"", ""Bovada"", ""DraftKings"", ""FanDuel"", ""Fanatics"", ""Fliff"", ""Hard Rock Bet"", ""draftkings"", ""theScore Bet""]",The Odds API,"[""Bally Bet"", ""BetOnline.ag"", ""BetRivers"", ""Bovada"", ""Caesars"", ""DraftKings"", ""FanDuel"", ""Fanatics"", ""Fliff"", ""Hard Rock Bet"", ""draftkings"", ""theScore Bet""]",The Odds API,"[""Bally Bet"", ""BetMGM"", ""BetRivers"", ""Bovada"", ""Caesars"", ""DraftKings"", ""FanDuel"", ""Fanatics"", ""Fliff"", ""Hard Rock Bet"", ""fanduel"", ""theScore Bet""]",The Odds API,"[""Bally Bet"", ""BetMGM"", ""BetRivers"", ""Bovada"", ""Caesars"", ""DraftKings"", ""FanDuel"", ""Fanatics"", ""betrivers""]",0.5,320.0,BetRivers,1.5,1600.0,Bovada,,,,,,,The Odds API,"[""Bally Bet"", ""BetRivers"", ""Bovada"", ""FanDuel"", ""Fliff"", ""Hard Rock Bet"", ""theScore Bet""]",2026020007,8477960.0,PLAYER_ID,FINAL,0.0,L,OK,0.0,L,OK,3.0,W,OK,0.0,L,OK,0.0,L,OK,0.0,L,OK
2026-09-30,LAK@COL,2026020007,9:00 PM,2026-10-01T02:00:00Z,Alex Laferriere,8482155,LAK,R,⭐ STAR,Healthy,Unknown,,,1.0,0.0,,13.0,5.0,2026-10-01T00:10:41+00:00,COL,Mackenzie Blackwood,0.9035369774919614,2.5050255141487554,31.2,Confirmed,dailyfaceoff_name_and_stats,26.0,4.0,26.0,4.0,23.5,92.9,76.4,A1+A2,18.31,73.5,83.2,1.17,STAR,False,True,26.227711401688392,2.42316200914714,56.5,40.8,13.0,3.25,True,4.0,,3.75,3.9125,96.8,4.0,0.0,15.0,0.0,4.0,4.0,4.0,4.0,4.0,4.0,15.0,15.0,LOW,0.4,-0.1,LOW,0.2,,LOW,0.1,,LOW,0.4,,LOW,0.2,,LOW,0.1,,LOW,1.5,,LOW,0.75,,LOW,0.375,,1.7243808289425488,0.4057366656335409,,,4.0,2.301187719429297,2.1513408530664075,50.0,35.1,65.0,35.1,6.74,3.81,43.03,2.74,3.46,24.12,HOT,HOT,HOT,3.6,-0.73,COOL,Yellow,Green,Yellow,Yellow,64.0,77.0,77.0,63.0,SOG,77.0,0.0,0.0,4.0,1.0,2.0,1.0,B,Shooter,8.7,,13.9,,1.0,1.599390243902439,131.15,1.599390243902439,0.0873488960671351,8.7,8.7,2.60655737704918,1.9260388867708729,0.8006099885627144,6.26947129050597,6.430636967565455,13.9,53.5,False,,,,🎯 D:1,🥅 GOAL EARNED,False,True,3.0,"iXG,SOG,REG",False,0.0,,False,0.0,,1.5,-225.0,DraftKings,2.5,126.0,BetOnline.ag,3.5,320.0,Fanatics,4.5,800.0,Fanatics,2.5,126.0,BetOnline.ag,0.5,135.0,BetRivers,1.5,700.0,theScore Bet,2.5,3000.0,Fanatics,3.5,3700.0,BetOnline.ag,0.5,135.0,BetRivers,0.5,275.0,Bovada,1.5,1700.0,BetOnline.ag,2.5,3300.0,Bovada,,,,0.5,275.0,Bovada,0.5,340.0,Fanatics,,,,,,,,,,0.5,340.0,Fanatics,0.5,340.0,Fanatics,,,,,,,,,,0.5,340.0,Fanatics,ALTLINE_NB_v1_2026-01-18,2.5,126.0,BetOnline.ag,exp/fallback,4.303,0.6898082538351231,69.0,0.4424778761061947,55.89666536673783,55.9,0.8344762379953703,83.4,20.535456599331265,20.5,0.6898082538351231,69.0,55.89666536673783,55.9,0.5398609249560328,54.0,126.74158848153375,126.7,0.4038690095890846,40.4,263.4821086301762,263.5,0.5,135.0,BetRivers,exp/fallback,0.674,0.4540027198228393,45.4,0.425531914893617,6.690639158367251,6.7,0.4540027198228393,45.4,6.690639158367251,6.7,0.156242248231767,15.6,24.99379858541363,25.0,0.0466329541542863,4.7,44.562157878287735,44.6,0.0127601140771557,1.3,-51.51156650680828,-51.5,0.5,275.0,Bovada,exp/fallback,0.36,0.2818155702384372,28.2,0.2666666666666666,5.680838839413937,5.7,0.2818155702384372,28.2,5.680838839413937,5.7,0.0627084560738926,6.3,12.875220933006748,12.9,0.012573777409124,1.3,-57.24915680897833,-57.2,,,,,0.5,340.0,Fanatics,exp/fallback,0.3324,0.2680800963883385,26.8,0.2272727272727272,17.955242410868944,18.0,0.2680800963883385,26.8,17.955242410868944,18.0,,,,,,,,,,,,,0.5,340.0,Fanatics,exp/fallback,0.35265,0.27204099721219,27.2,0.2272727272727272,19.698038773363592,19.7,0.27204099721219,27.2,19.698038773363592,19.7,,,,,,,,,,,,,True,False,True,True,False,23.5,,Active roster,2026-10-01T00:10:50+00:00,False,"[{""market"":""SOG"",""name"":""Jungle Stance"",""kind"":""STANCE"",""rule"":""Green + SOG 2.5 + Conf_SOG >= 75"",""icon"":""sog_basic_swipe.svg"",""kit_version"":""2026-09-24-frozen-v2""}]",2025-2026,,2026-09-24-frozen-v2,2026-10-01T00:10:53.303203+00:00,0.5,650.0,Hard Rock Bet,The Odds API,"[""Bally Bet"", ""BetOnline.ag"", ""BetRivers"", ""Bovada"", ""Caesars"", ""DraftKings"", ""Fanatics"", ""Fliff"", ""Hard Rock Bet"", ""draftkings"", ""theScore Bet""]",The Odds API,"[""Bally Bet"", ""BetOnline.ag"", ""BetRivers"", ""Bovada"", ""DraftKings"", ""FanDuel"", ""Fanatics"", ""Fliff"", ""Hard Rock Bet"", ""draftkings"", ""theScore Bet""]",The Odds API,"[""Bally Bet"", ""BetOnline.ag"", ""BetRivers"", ""Bovada"", ""Caesars"", ""DraftKings"", ""FanDuel"", ""Fanatics"", ""Fliff"", ""Hard Rock Bet"", ""draftkings"", ""theScore Bet""]",The Odds API,"[""Bally Bet"", ""BetMGM"", ""BetRivers"", ""Bovada"", ""Caesars"", ""DraftKings"", ""FanDuel"", ""Fanatics"", ""Fliff"", ""Hard Rock Bet"", ""fanduel"", ""theScore Bet""]",The Odds API,"[""Bally Bet"", ""BetMGM"", ""BetRivers"", ""Bovada"", ""Caesars"", ""DraftKings"", ""FanDuel"", ""Fanatics"", ""fanatics""]",0.5,650.0,Hard Rock Bet,,,,,,,,,,The Odds API,"[""Hard Rock Bet"", ""theScore Bet""]",2026020007,8482155.0,PLAYER_ID,FINAL,2.0,W,OK,2.0,W,OK,2.0,L,OK,0.0,L,OK,0.0,L,OK,0.0,L,OK
2026-09-30,LAK@COL,2026020007,9:00 PM,2026-10-01T02:00:00Z,Alex Turcotte,8481532,LAK,C,,Healthy,Unknown,,,1.0,0.0,,13.0,5.0,2026-10-01T00:10:41+00:00,COL,Mackenzie Blackwood,0.9035369774919614,2.5050255141487554,31.2,Confirmed,dailyfaceoff_name_and_stats,26.0,4.0,26.0,4.0,,70.7,51.9,A1+A2,10.83,17.3,53.4,1.01,NONE,False,False,26.227711401688392,2.42316200914714,56.5,40.8,13.0,3.25,True,,,0.0,,50.0,0.0,0.0,0.0,0.0,0.0,0.0,0.0,0.0,0.0,0.0,0.0,0.0,LOW,0.0,-0.5,LOW,0.0,,LOW,0.0,,LOW,0.0,,LOW,0.0,,LOW,0.0,,LOW,0.0,,LOW,0.0,,LOW,0.0,,1.3044828657210892,0.3727093902060254,,,0.0,2.301187719429297,2.1513408530664075,50.0,35.1,55.5,35.1,3.77,1.97,,3.77,1.97,,HOT,WARM,COOL,1.8,1.8,WARM,Red,Red,Red,Red,48.0,51.0,53.0,45.0,GOAL,53.0,1.0,1.0,1.0,1.0,0.0,1.0,C,Passenger,2.7,,13.9,,0.0,0.2948924731182796,18.28333333333333,0.2948924731182796,0.0272404459784956,2.7,2.7,7.186873290793072,7.186873290793072,0.0,6.26947129050597,6.430636967565455,13.9,35.5,False,,,,🥅 D:1,,False,False,1.0,,False,0.0,,False,0.0,,1.5,160.0,Bovada,,,,,,,,,,1.5,160.0,Bovada,0.5,200.0,Fanatics,1.5,1300.0,Fanatics,2.5,1500.0,BetOnline.ag,3.5,3000.0,BetOnline.ag,0.5,200.0,Fanatics,0.5,350.0,BetOnline.ag,1.5,2800.0,Fanatics,,,,,,,0.5,350.0,BetOnline.ag,0.5,525.0,Hard Rock Bet,,,,,,,,,,0.5,525.0,Hard Rock Bet,0.5,525.0,FanDuel,,,,,,,,,,0.5,525.0,FanDuel,ALTLINE_NB_v1_2026-01-18,1.5,160.0,Bovada,league_avg,2.3,0.6001759479749428,60.0,0.3846153846153846,56.04574647348512,56.0,0.6001759479749428,60.0,56.04574647348512,56.0,,,,,,,,,,,,,0.5,200.0,Fanatics,exp/fallback,0.377,0.2982088699993995,29.8,0.3333333333333333,-10.537339000180134,-10.5,0.2982088699993995,29.8,-10.537339000180134,-10.5,0.0644748216666758,6.4,-9.735249666653822,-9.7,0.0119287975936426,1.2,-80.9139238501718,-80.9,0.002011767445548,0.2,-93.76352091880092,-93.8,0.5,350.0,BetOnline.ag,exp/fallback,0.18,0.1583200067334401,15.8,0.2222222222222222,-28.755996969951937,-28.8,0.1583200067334401,15.8,-28.755996969951937,-28.8,0.0193269803224485,1.9,-43.95175706489933,-44.0,,,,,,,,,0.5,525.0,Hard Rock Bet,exp/fallback,0.2588,0.2182831408913751,21.8,0.16,36.426963057109454,36.4,0.2182831408913751,21.8,36.426963057109454,36.4,,,,,,,,,,,,,0.5,525.0,FanDuel,exp/fallback,0.2330499999999999,0.1950703311130474,19.5,0.16,21.91895694565461,21.9,0.1950703311130474,19.5,21.91895694565461,21.9,,,,,,,,,,,,,True,False,True,True,False,,,Active roster,2026-10-01T00:10:50+00:00,False,[],2025-2026,,2026-09-24-frozen-v2,2026-10-01T00:10:53.303203+00:00,,,,The Odds API,"[""Bally Bet"", ""BetRivers"", ""Bovada""]",The Odds API,"[""BetOnline.ag"", ""DraftKings"", ""Fanatics"", ""draftkings""]",The Odds API,"[""Bally Bet"", ""BetOnline.ag"", ""BetRivers"", ""DraftKings"", ""Fanatics"", ""draftkings""]",The Odds API,"[""Bally Bet"", ""BetMGM"", ""BetRivers"", ""Bovada"", ""Caesars"", ""DraftKings"", ""FanDuel"", ""Fanatics"", ""Fliff"", ""Hard Rock Bet"", ""theScore Bet""]",The Odds API,"[""Bally Bet"", ""BetMGM"", ""BetRivers"", ""Bovada"", ""Caesars"", ""DraftKings"", ""FanDuel"", ""Fanatics"", ""fanduel""]",,,,,,,,,,,,,,,2026020007,8481532.0,PLAYER_ID,FINAL,1.0,W,OK,1.0,W,OK,1.0,L,OK,0.0,L,OK,0.0,L,OK,0.0,,NO_LINE
2026-09-30,LAK@COL,2026020007,9:00 PM,2026-10-01T02:00:00Z,Andre Lee,8481732,LAK,L,,Healthy,Unknown,,,1.0,0.0,,13.0,5.0,2026-10-01T00:10:41+00:00,COL,Mackenzie Blackwood,0.9035369774919614,2.5050255141487554,31.2,Confirmed,dailyfaceoff_name_and_stats,26.0,4.0,26.0,4.0,,15.6,17.6,A1+A2,10.28,13.5,15.9,0.94,NONE,False,False,26.227711401688392,2.42316200914714,56.5,40.8,13.0,3.25,True,,,,,50.0,,,,,,,,,,,,,,,,,,,,,,,,,,,,,,,,,,,,,,,,0.0278293135435992,0.0139146567717996,,,0.0,2.301187719429297,2.1513408530664075,50.0,35.1,37.2,35.1,1.99,0.64,,,,,COOL,COOL,COOL,1.34,,COOL,Red,Red,Red,Red,24.0,21.0,21.0,18.0,POINTS,24.0,,,,,,,C,Passenger,0.2,,13.9,,0.0,0.0166666666666666,0.1166666666666666,0.0166666666666666,0.0016207455429497,0.2,0.2,0.0,0.0,0.0,6.26947129050597,6.430636967565455,13.9,23.6,False,,,,,,False,False,0.0,,False,0.0,,False,0.0,,,,,,,,,,,,,,,,,,,,,,,,,,,,,,,,,,,,,,,,,,,,,,,0.5,850.0,Hard Rock Bet,,,,,,,,,,0.5,850.0,Hard Rock Bet,0.5,850.0,DraftKings,,,,,,,,,,0.5,850.0,DraftKings,ALTLINE_NB_v1_2026-01-18,,,,league_avg,2.3,,,,,,,,,,,,,,,,,,,,,,,,,exp/fallback,0.199,,,,,,,,,,,,,,,,,,,,,,,,,exp/fallback,0.134,,,,,,,,,,,,,,,,,,,,,,0.5,850.0,Hard Rock Bet,exp/fallback,0.2056,0.1792875038229198,17.9,0.1052631578947368,70.32312863177381,70.3,0.1792875038229198,17.9,70.32312863177381,70.3,,,,,,,,,,,,,0.5,850.0,DraftKings,exp/fallback,0.1466,0.1306674014465968,13.1,0.1052631578947368,24.134031374266986,24.1,0.1306674014465968,13.1,24.134031374266986,24.1,,,,,,,,,,,,,False,False,True,True,False,,,Active roster,2026-10-01T00:10:50+00:00,False,[],2025-2026,,2026-09-24-frozen-v2,2026-10-01T00:10:53.303203+00:00,,,,,,,,,,The Odds API,"[""Bally Bet"", ""BetMGM"", ""BetRivers"", ""Bovada"", ""Caesars"", ""DraftKings"", ""FanDuel"", ""Fanatics"", ""Fliff"", ""Hard Rock Bet"", ""theScore Bet""]",The Odds API,"[""Bally Bet"", ""BetMGM"", ""BetRivers"", ""Bovada"", ""Caesars"", ""DraftKings"", ""FanDuel"", ""Fanatics"", ""fanatics""]",,,,,,,,,,,,,,,2026020007,8481732.0,PLAYER_ID,FINAL,0.0,,NO_LINE,0.0,,NO_LINE,1.0,,NO_LINE,0.0,L,OK,0.0,L,OK,0.0,,NO_LINE
2026-09-30,LAK@COL,2026020007,9:00 PM,2026-10-01T02:00:00Z,Artemi Panarin,8478550,LAK,L,⭐ STAR,Healthy,Unknown,,,1.0,0.0,,13.0,5.0,2026-10-01T00:10:41+00:00,COL,Mackenzie Blackwood,0.9035369774919614,2.5050255141487554,31.2,Confirmed,dailyfaceoff_name_and_stats,26.0,4.0,26.0,4.0,5.9,91.9,98.2,A1+A2,20.84,91.4,94.0,1.21,STAR,False,True,26.227711401688392,2.42316200914714,56.5,40.8,13.0,3.25,True,1.0,,1.0,1.0,12.7,3.0,2.0,4.0,2.0,1.0,1.0,3.0,3.0,1.0,1.0,4.0,4.0,LOW,0.3,-0.2,LOW,0.15,,LOW,0.075,,LOW,0.1,,LOW,0.05,,LOW,0.025,,LOW,0.4,,LOW,0.2,,LOW,0.1,,2.4118116931639566,0.695714911489603,,,1.0,2.301187719429297,2.1513408530664075,50.0,35.1,73.1,35.1,16.74,4.07,11.0,9.4,1.7,6.0,HOT,WARM,HOT,11.73,7.69,HOT,Green,Red,Red,Green,83.0,71.0,69.0,81.0,POINTS,83.0,1.0,1.0,2.0,4.0,3.0,1.0,A,Distributor,15.3,,13.9,,2.0,3.179059829059829,247.96666666666667,3.179059829059829,0.1525291669229665,15.3,15.3,4.712931845678183,1.4735851592956042,3.8109961016265625,6.26947129050597,6.430636967565455,13.9,75.5,False,,,,🅿️ D:1,,False,False,1.0,,False,0.0,,False,0.0,,1.5,-240.0,DraftKings,2.5,120.0,DraftKings,3.5,290.0,DraftKings,4.5,650.0,Fanatics,2.5,120.0,DraftKings,0.5,-165.0,BetRivers,1.5,285.0,Bovada,2.5,1000.0,DraftKings,3.5,3500.0,Fanatics,0.5,-165.0,BetRivers,0.5,106.0,BetRivers,1.5,600.0,DraftKings,2.5,2500.0,Fanatics,,,,0.5,106.0,BetRivers,0.5,245.0,BetRivers,,,,,,,,,,0.5,245.0,BetRivers,0.5,245.0,BetRivers,,,,,,,,,,0.5,245.0,BetRivers,ALTLINE_NB_v1_2026-01-18,2.5,120.0,DraftKings,exp/fallback,1.1,0.1190869247365296,11.9,0.4545454545454545,-73.80087655796349,-73.8,0.2951240545579663,29.5,-58.190758937621446,-58.2,0.1190869247365296,11.9,-73.80087655796349,-73.8,0.0431493393233607,4.3,-83.17175766388931,-83.2,0.014486623260547,1.4,-89.1350325545897,-89.1,0.5,-165.0,BetRivers,exp/fallback,1.674,0.732216735843587,73.2,0.6226415094339622,17.59844545366701,17.6,0.732216735843587,73.2,17.59844545366701,17.6,0.4495575617482246,45.0,73.07966127306646,73.1,0.2481635685777505,24.8,172.97992543552562,173.0,0.1277005242991001,12.8,359.72188747676057,359.7,0.5,106.0,BetRivers,exp/fallback,1.173,0.6026988271371401,60.3,0.4854368932038835,24.15595839025085,24.2,0.6026988271371401,60.3,24.15595839025085,24.2,0.3089488896848018,30.9,116.26422277936128,116.3,0.1460579300417545,14.6,279.7506181085617,279.8,,,,,0.5,245.0,BetRivers,exp/fallback,0.2571,0.217077586801936,21.7,0.2898550724637681,-25.10823255333208,-25.1,0.217077586801936,21.7,-25.10823255333208,-25.1,,,,,,,,,,,,,0.5,245.0,BetRivers,exp/fallback,0.2771625,0.2249598815229667,22.5,0.2898550724637681,-22.388840874576463,-22.4,0.2249598815229667,22.5,-22.388840874576463,-22.4,,,,,,,,,,,,,False,True,False,False,True,5.9,,Active roster,2026-10-01T00:10:50+00:00,False,"[{""market"":""Points"",""name"":""Hammer Fists"",""kind"":""FLOOR"",""rule"":""Conf_Points >= 80"",""icon"":""PTS05_HAMMER_FISTS.svg"",""kit_version"":""2026-09-24-frozen-v2""},{""market"":""Points"",""name"":""Echo Stomp II"",""kind"":""TIER"",""rule"":""Conf_Points >= 80 + TOI_per_game >= 19.18"",""icon"":""PTS05_HAMMER_STOMP.svg"",""kit_version"":""2026-09-24-frozen-v2""},{""market"":""Points"",""name"":""Gaia’s Blessing"",""kind"":""TIER"",""rule"":""Conf_Points >= 80 + Assists_mu >= 0.746"",""icon"":""PTS05_GAIAS_BLESSING.svg"",""kit_version"":""2026-09-24-frozen-v2""},{""market"":""Points"",""name"":""Gaia’s Blessing+ (Press)"",""kind"":""HEAVY"",""rule"":""Conf_Points >= 81 + Assists_mu >= 0.746"",""icon"":""PTS05_GAIAS_BLESSING.svg"",""kit_version"":""2026-09-24-frozen-v2""},{""market"":""Points"",""name"":""Gaia’s Blessing++ (Smash)"",""kind"":""HEAVY"",""rule"":""Conf_Points >= 83 + Assists_mu >= 0.746"",""icon"":""PTS05_GAIAS_BLESSING.svg"",""kit_version"":""2026-09-24-frozen-v2""},{""market"":""Assists"",""name"":""Staff (Green Stance)"",""kind"":""STANCE"",""rule"":""Green + Assists 0.5"",""icon"":""staff.svg"",""kit_version"":""2026-09-24-frozen-v2""}]",2025-2026,,2026-09-24-frozen-v2,2026-10-01T00:10:53.303203+00:00,0.5,225.0,BetRivers,The Odds API,"[""Bally Bet"", ""BetOnline.ag"", ""BetRivers"", ""Bovada"", ""DraftKings"", ""FanDuel"", ""Fanatics"", ""Fliff"", ""Hard Rock Bet"", ""draftkings"", ""theScore Bet""]",The Odds API,"[""Bally Bet"", ""BetOnline.ag"", ""BetRivers"", ""Bovada"", ""DraftKings"", ""FanDuel"", ""Fanatics"", ""Fliff"", ""Hard Rock Bet"", ""draftkings"", ""theScore Bet""]",The Odds API,"[""Bally Bet"", ""BetOnline.ag"", ""BetRivers"", ""Bovada"", ""Caesars"", ""DraftKings"", ""FanDuel"", ""Fanatics"", ""Fliff"", ""Hard Rock Bet"", ""draftkings"", ""theScore Bet""]",The Odds API,"[""Bally Bet"", ""BetMGM"", ""BetRivers"", ""Bovada"", ""Caesars"", ""DraftKings"", ""FanDuel"", ""Fanatics"", ""Fliff"", ""Hard Rock Bet"", ""fanduel"", ""theScore Bet""]",The Odds API,"[""Bally Bet"", ""BetMGM"", ""BetRivers"", ""Bovada"", ""Caesars"", ""DraftKings"", ""FanDuel"", ""Fanatics"", ""betrivers""]",0.5,225.0,BetRivers,1.5,1200.0,Bovada,,,,,,,The Odds API,"[""Bally Bet"", ""BetRivers"", ""Bovada"", ""FanDuel"", ""Fliff"", ""Hard Rock Bet"", ""theScore Bet""]",2026020007,8478550.0,PLAYER_ID,FINAL,1.0,W,OK,0.0,L,OK,2.0,L,OK,1.0,W,OK,1.0,W,OK,0.0,L,OK
2026-09-30,LAK@COL,2026020007,9:00 PM,2026-10-01T02:00:00Z,Brandt Clarke,8482730,LAK,D,,Healthy,Unknown,,,1.0,0.0,,13.0,5.0,2026-10-01T00:10:41+00:00,COL,Mackenzie Blackwood,0.9035369774919614,2.5050255141487554,31.2,Confirmed,dailyfaceoff_name_and_stats,26.0,4.0,26.0,4.0,5.9,60.6,87.4,A1+A2,19.8,85.9,75.0,1.1,NONE,False,False,26.227711401688392,2.42316200914714,56.5,40.8,13.0,3.25,True,1.0,,1.25,1.0875,27.0,1.0,0.0,5.0,0.0,1.0,1.0,1.0,1.0,1.0,1.0,5.0,5.0,LOW,0.1,-0.4,LOW,0.05,,LOW,0.025,,LOW,0.1,,LOW,0.05,,LOW,0.025,,LOW,0.5,,LOW,0.25,,LOW,0.125,,1.0795638562020944,0.7772859764655079,,,1.0,2.301187719429297,2.1513408530664075,50.0,35.1,50.9,35.1,5.92,1.08,10.88,4.38,1.08,5.88,HOT,COOL,HOT,4.72,3.29,HOT,Yellow,Red,Red,Yellow,76.0,47.0,50.0,68.0,POINTS,76.0,3.0,3.0,4.0,2.0,1.0,3.0,A,Distributor,11.2,,13.9,,2.0,2.2243902439024392,182.4,2.2243902439024392,0.1123325635103926,11.2,11.2,3.209703947368421,0.4835526315789473,3.207236842105264,6.26947129050597,6.430636967565455,13.9,68.0,False,,,,🅿️ D:3,,False,False,1.0,,False,0.0,,False,0.0,,1.5,-139.0,BetOnline.ag,2.5,220.0,BetOnline.ag,3.5,650.0,BetOnline.ag,4.5,1900.0,BetOnline.ag,1.5,-139.0,BetOnline.ag,0.5,120.0,BetOnline.ag,1.5,600.0,theScore Bet,2.5,2500.0,Fanatics,3.5,3800.0,BetOnline.ag,0.5,120.0,BetOnline.ag,0.5,205.0,Bovada,1.5,1100.0,Bovada,2.5,3300.0,Bovada,,,,0.5,205.0,Bovada,0.5,700.0,Hard Rock Bet,,,,,,,,,,0.5,700.0,Hard Rock Bet,0.5,625.0,BetMGM,,,,,,,,,,0.5,625.0,BetMGM,ALTLINE_NB_v1_2026-01-18,1.5,-139.0,BetOnline.ag,exp/fallback,1.088,0.2912771315731517,29.1,0.5815899581589958,-49.91709752087535,-49.9,0.2912771315731517,29.1,-49.91709752087535,-49.9,0.1166084105622922,11.7,-62.68530862006649,-62.7,0.0419073223312327,4.2,-68.56950825157546,-68.6,0.0139531415152073,1.4,-72.09371696958536,-72.1,0.5,120.0,BetOnline.ag,exp/fallback,0.592,0.416091138297791,41.6,0.4545454545454545,-8.459949574485986,-8.5,0.416091138297791,41.6,-8.459949574485986,-8.5,0.1297474950508494,13.0,-9.176753464405362,-9.2,0.0349637642345159,3.5,-9.094212990258477,-9.1,0.0086244814055017,0.9,-66.36452251854314,-66.4,0.5,205.0,Bovada,exp/fallback,0.472,0.3454195075460039,34.5,0.3278688524590163,5.352949801531192,5.4,0.3454195075460039,34.5,5.352949801531192,5.4,0.0954502580004649,9.5,14.540309600557888,14.5,0.0238571234218881,2.4,-18.885780365580217,-18.9,,,,,0.5,700.0,Hard Rock Bet,exp/fallback,0.1674,0.1495874619293876,15.0,0.125,19.66996954351013,19.7,0.1495874619293876,15.0,19.66996954351013,19.7,,,,,,,,,,,,,0.5,625.0,BetMGM,exp/fallback,0.1314,0.1184635399371534,11.8,0.1379310344827586,-14.113933545563771,-14.1,0.1184635399371534,11.8,-14.113933545563771,-14.1,,,,,,,,,,,,,False,False,True,False,False,5.9,,Active roster,2026-10-01T00:10:50+00:00,False,[],2025-2026,,2026-09-24-frozen-v2,2026-10-01T00:10:53.303203+00:00,0.5,310.0,BetRivers,The Odds API,"[""Bally Bet"", ""BetOnline.ag"", ""BetRivers"", ""Bovada"", ""Caesars"", ""DraftKings"", ""FanDuel"", ""Fanatics"", ""Fliff""]",The Odds API,"[""Bally Bet"", ""BetOnline.ag"", ""BetRivers"", ""Bovada"", ""DraftKings"", ""FanDuel"", ""Fanatics"", ""Fliff"", ""Hard Rock Bet"", ""draftkings"", ""theScore Bet""]",The Odds API,"[""Bally Bet"", ""BetOnline.ag"", ""BetRivers"", ""Bovada"", ""Caesars"", ""DraftKings"", ""FanDuel"", ""Fanatics"", ""Fliff"", ""Hard Rock Bet"", ""draftkings"", ""theScore Bet""]",The Odds API,"[""Bally Bet"", ""BetMGM"", ""BetRivers"", ""Bovada"", ""Caesars"", ""DraftKings"", ""FanDuel"", ""Fanatics"", ""Fliff"", ""Hard Rock Bet"", ""theScore Bet""]",The Odds API,"[""Bally Bet"", ""BetMGM"", ""BetRivers"", ""Bovada"", ""Caesars"", ""DraftKings"", ""FanDuel"", ""Fanatics"", ""betmgm""]",0.5,310.0,BetRivers,1.5,1500.0,Bovada,,,,,,,The Odds API,"[""Bally Bet"", ""BetRivers"", ""Bovada"", ""FanDuel"", ""Fliff"", ""Hard Rock Bet"", ""theScore Bet""]",2026020007,8482730.0,PLAYER_ID,FINAL,0.0,L,OK,0.0,L,OK,1.0,L,OK,0.0,L,OK,0.0,L,OK,0.0,L,OK
2026-09-30,LAK@COL,2026020007,9:00 PM,2026-10-01T02:00:00Z,Brian Dumoulin,8475208,LAK,D,,Healthy,Unknown,,,1.0,0.0,,13.0,5.0,2026-10-01T00:10:41+00:00,COL,Mackenzie Blackwood,0.9035369774919614,2.5050255141487554,31.2,Confirmed,dailyfaceoff_name_and_stats,26.0,4.0,26.0,4.0,,34.3,60.9,A1+A2,17.75,70.8,50.9,1.0,NONE,False,False,26.227711401688392,2.42316200914714,56.5,40.8,13.0,3.25,True,,,,,50.0,,,,,,,,,,,,,,,,,,,,,,,,,,,,,,,,,,,,,,,,0.7359329483313742,0.3219706648949762,,,0.0,2.301187719429297,2.1513408530664075,50.0,35.1,44.5,35.1,2.18,0.34,,,,,COOL,COOL,COOL,1.84,,COOL,Red,Red,Red,Red,53.0,36.0,34.0,47.0,POINTS,53.0,,,,,,,C,Passenger,0.6,,13.9,,0.0,0.1077235772357723,8.833333333333334,0.1077235772357723,0.0060685169918475,0.6,0.6,0.339622641509434,0.339622641509434,0.0,6.26947129050597,6.430636967565455,13.9,29.2,False,,,,,,False,False,0.0,,False,0.0,,False,0.0,,,,,,,,,,,,,,,,,0.5,360.0,Fanatics,1.5,3000.0,Fanatics,,,,,,,0.5,360.0,Fanatics,0.5,450.0,DraftKings,1.5,3500.0,Fanatics,,,,,,,0.5,450.0,DraftKings,0.5,2200.0,FanDuel,,,,,,,,,,0.5,2200.0,FanDuel,0.5,2200.0,FanDuel,,,,,,,,,,0.5,2200.0,FanDuel,ALTLINE_NB_v1_2026-01-18,,,,league_avg,2.3,,,,,,,,,,,,,,,,,,,,,,0.5,360.0,Fanatics,exp/fallback,0.218,0.1894834541819314,18.9,0.217391304347826,-12.837611076311529,-12.8,0.1894834541819314,18.9,-12.837611076311529,-12.8,0.0253167655371866,2.5,-21.5180268347214,-21.5,,,,,,,,,0.5,450.0,DraftKings,exp/fallback,0.184,0.1614002603013592,16.1,0.1818181818181818,-11.229856834252429,-11.2,0.1614002603013592,16.1,-11.229856834252429,-11.2,0.0200977400590973,2.0,-27.64813578724948,-27.6,,,,,,,,,0.5,2200.0,FanDuel,exp/fallback,0.1936,0.1701162452154071,17.0,0.0434782608695652,291.2673639954364,291.3,0.1701162452154071,17.0,291.2673639954364,291.3,,,,,,,,,,,,,0.5,2200.0,FanDuel,exp/fallback,0.1271,0.1149597639007977,11.5,0.0434782608695652,164.40745697183485,164.4,0.1149597639007977,11.5,164.40745697183485,164.4,,,,,,,,,,,,,False,False,True,True,False,,,Active roster,2026-10-01T00:10:50+00:00,False,[],2025-2026,,2026-09-24-frozen-v2,2026-10-01T00:10:53.303203+00:00,,,,,,The Odds API,"[""BetOnline.ag"", ""DraftKings"", ""Fanatics"", ""draftkings""]",The Odds API,"[""Fanatics""]",The Odds API,"[""Bally Bet"", ""BetMGM"", ""BetRivers"", ""Bovada"", ""Caesars"", ""DraftKings"", ""FanDuel"", ""Fanatics"", ""Fliff"", ""Hard Rock Bet"", ""theScore Bet""]",The Odds API,"[""Bally Bet"", ""BetMGM"", ""BetRivers"", ""Bovada"", ""Caesars"", ""DraftKings"", ""FanDuel"", ""Fanatics"", ""fanduel""]",,,,,,,,,,,,,,,2026020007,8475208.0,PLAYER_ID,FINAL,1.0,W,OK,0.0,L,OK,2.0,,NO_LINE,1.0,W,OK,1.0,W,OK,0.0,,NO_LINE
2026-09-30,LAK@COL,2026020007,9:00 PM,2026-10-01T02:00:00Z,Cody Ceci,8476879,LAK,D,,Healthy,Unknown,,,1.0,0.0,,13.0,5.0,2026-10-01T00:10:41+00:00,COL,Mackenzie Blackwood,0.9035369774919614,2.5050255141487554,31.2,Confirmed,dailyfaceoff_name_and_stats,26.0,4.0,26.0,4.0,,35.9,43.8,A1+A2,17.57,68.1,45.1,0.98,NONE,False,False,26.227711401688392,2.42316200914714,56.5,40.8,13.0,3.25,True,,,,,50.0,,,,,,,,,,,,,,,,,,,,,,,,,,,,,,,,,,,,,,,,0.385366767468622,0.0481708459335777,,,0.0,2.301187719429297,2.1513408530664075,50.0,35.1,41.2,35.1,1.33,0.38,,,,,COOL,COOL,COOL,0.96,,COOL,Red,Red,Red,Red,44.0,36.0,35.0,38.0,POINTS,44.0,,,,,,,C,Passenger,0.1,,13.9,,0.0,0.0101626016260162,0.8333333333333334,0.0101626016260162,0.000578549691633,0.1,0.1,0.0,0.0,0.0,6.26947129050597,6.430636967565455,13.9,21.2,False,,,,,,False,False,0.0,,False,0.0,,False,0.0,,,,,,,,,,,,,,,,,,,,,,,,,,,,,,,,,,,,,,,,,,,,,,,0.5,2300.0,FanDuel,,,,,,,,,,0.5,2300.0,FanDuel,0.5,2300.0,FanDuel,,,,,,,,,,0.5,2300.0,FanDuel,ALTLINE_NB_v1_2026-01-18,,,,league_avg,2.3,,,,,,,,,,,,,,,,,,,,,,,,,exp/fallback,0.133,,,,,,,,,,,,,,,,,,,,,,,,,exp/fallback,0.096,,,,,,,,,,,,,,,,,,,,,,0.5,2300.0,FanDuel,exp/fallback,0.1951999999999999,0.1713473439052892,17.1,0.0416666666666666,311.23362537269423,311.2,0.1713473439052892,17.1,311.23362537269423,311.2,,,,,,,,,,,,,0.5,2300.0,FanDuel,exp/fallback,0.1296999999999999,0.1170810662874134,11.7,0.0416666666666666,180.99455908979223,181.0,0.1170810662874134,11.7,180.99455908979223,181.0,,,,,,,,,,,,,False,False,True,True,False,,,Active roster,2026-10-01T00:10:50+00:00,False,[],2025-2026,,2026-09-24-frozen-v2,2026-10-01T00:10:53.303203+00:00,,,,,,,,,,The Odds API,"[""Bally Bet"", ""BetMGM"", ""BetRivers"", ""Bovada"", ""Caesars"", ""DraftKings"", ""FanDuel"", ""Fanatics"", ""Fliff"", ""Hard Rock Bet"", ""theScore Bet""]",The Odds API,"[""Bally Bet"", ""BetMGM"", ""BetRivers"", ""Bovada"", ""Caesars"", ""DraftKings"", ""FanDuel"", ""Fanatics"", ""fanduel""]",,,,,,,,,,,,,,,2026020007,8476879.0,PLAYER_ID,FINAL,1.0,,NO_LINE,1.0,,NO_LINE,1.0,,NO_LINE,0.0,L,OK,0.0,L,OK,0.0,,NO_LINE
2026-09-30,LAK@COL,2026020007,9:00 PM,2026-10-01T02:00:00Z,Drew Doughty,8474563,LAK,D,,Healthy,Unknown,,,1.0,0.0,,13.0,5.0,2026-10-01T00:10:41+00:00,COL,Mackenzie Blackwood,0.9035369774919614,2.5050255141487554,31.2,Confirmed,dailyfaceoff_name_and_stats,26.0,4.0,26.0,4.0,,53.6,68.0,A1+A2,23.09,97.3,67.4,1.07,NONE,False,False,26.227711401688392,2.42316200914714,56.5,40.8,13.0,3.25,True,,,,,50.0,,,,,,,,,,,,,,,,,,,,,,,,,,,,,,,,,,,,,,,,0.5641748942172073,0.2603884127156342,,,0.0,2.301187719429297,2.1513408530664075,50.0,35.1,42.8,35.1,3.61,0.93,,,,,COOL,COOL,COOL,2.68,,COOL,Red,Red,Red,Red,59.0,48.0,47.0,54.0,POINTS,59.0,,,,,,,B,Shooter,6.9,,13.9,,1.0,1.5819444444444446,113.9,1.5819444444444446,0.0685229562933031,6.9,6.9,1.4947322212467076,1.1589113257243195,0.3950834064969271,6.26947129050597,6.430636967565455,13.9,48.3,False,,,,,,False,False,0.0,,False,0.0,,False,0.0,,1.5,139.0,BetOnline.ag,2.5,380.0,DraftKings,3.5,1100.0,DraftKings,4.5,3100.0,BetOnline.ag,1.5,139.0,BetOnline.ag,0.5,199.0,BetOnline.ag,1.5,1300.0,DraftKings,2.5,1500.0,BetOnline.ag,3.5,3000.0,BetOnline.ag,0.5,199.0,BetOnline.ag,0.5,265.0,DraftKings,1.5,1700.0,Fanatics,2.5,3300.0,Bovada,,,,0.5,265.0,DraftKings,0.5,900.0,DraftKings,,,,,,,,,,0.5,900.0,DraftKings,0.5,900.0,DraftKings,,,,,,,,,,0.5,900.0,DraftKings,ALTLINE_NB_v1_2026-01-18,1.5,139.0,BetOnline.ag,league_avg,2.3,0.6001759479749428,60.0,0.4184100418410041,43.44205156601132,43.4,0.6001759479749428,60.0,43.44205156601132,43.4,0.3835789960842564,38.4,84.11791812044305,84.1,0.2254288407355011,22.5,170.5146088826014,170.5,0.1243884637071297,12.4,298.0430838628152,298.0,0.5,199.0,BetOnline.ag,exp/fallback,0.361,0.2881937140964419,28.8,0.334448160535117,-13.830079485163871,-13.8,0.2881937140964419,28.8,-13.830079485163871,-13.8,0.0600567502653196,6.0,-15.920549628552491,-15.9,0.0107015101875918,1.1,-82.87758369985312,-82.9,0.001737656194398,0.2,-94.61326579736613,-94.6,0.5,265.0,DraftKings,exp/fallback,0.268,0.2223684169598339,22.2,0.273972602739726,-18.83552780966064,-18.8,0.2223684169598339,22.2,-18.83552780966064,-18.8,0.0385895243189479,3.9,-30.538856225893763,-30.5,0.0060149586921242,0.6,-79.5491404467777,-79.5,,,,,0.5,900.0,DraftKings,exp/fallback,0.2172,0.1880187385771032,18.8,0.1,88.01873857710328,88.0,0.1880187385771032,18.8,88.01873857710328,88.0,,,,,,,,,,,,,0.5,900.0,DraftKings,exp/fallback,0.1654499999999999,0.1454190056545247,14.5,0.1,45.41900565452471,45.4,0.1454190056545247,14.5,45.41900565452471,45.4,,,,,,,,,,,,,True,False,True,True,False,,,Active roster,2026-10-01T00:10:50+00:00,False,[],2025-2026,,2026-09-24-frozen-v2,2026-10-01T00:10:53.303203+00:00,0.5,700.0,Hard Rock Bet,The Odds API,"[""Bally Bet"", ""BetOnline.ag"", ""BetRivers"", ""Bovada"", ""DraftKings"", ""FanDuel"", ""Fanatics"", ""Fliff""]",The Odds API,"[""Bally Bet"", ""BetOnline.ag"", ""BetRivers"", ""Bovada"", ""DraftKings"", ""Fanatics"", ""Fliff"", ""Hard Rock Bet"", ""draftkings"", ""theScore Bet""]",The Odds API,"[""Bally Bet"", ""BetOnline.ag"", ""BetRivers"", ""DraftKings"", ""Fanatics"", ""Fliff"", ""Hard Rock Bet"", ""draftkings"", ""theScore Bet""]",The Odds API,"[""Bally Bet"", ""BetMGM"", ""BetRivers"", ""Bovada"", ""Caesars"", ""DraftKings"", ""FanDuel"", ""Fanatics"", ""Fliff"", ""Hard Rock Bet"", ""theScore Bet""]",The Odds API,"[""Bally Bet"", ""BetMGM"", ""BetRivers"", ""Bovada"", ""Caesars"", ""DraftKings"", ""FanDuel"", ""Fanatics"", ""betmgm""]",0.5,700.0,Hard Rock Bet,,,,,,,,,,The Odds API,"[""Hard Rock Bet"", ""theScore Bet""]",2026020007,8474563.0,PLAYER_ID,FINAL,1.0,W,OK,1.0,W,OK,1.0,L,OK,0.0,L,OK,0.0,L,OK,0.0,L,OK
2026-09-30,LAK@COL,2026020007,9:00 PM,2026-10-01T02:00:00Z,Erik Gustafsson,8476979,LAK,D,,Unknown,,,,,,,,,,,,,,,,,,,,,,,,,,,,,,,,,,,,,,,,,,,,,,,,,,,,,,,,,,,,,,,,,,,,,,,,,,,,,,,,,,,,,,,,,,,,,,,,,,,,,,,,,,,,,,,,,,,,,,,,,,,,,,,,,,,,,,,,,,,,,,,,,,,,,,,,,,,,,,,,,,,,,,,,,,,,,,,,,,,,,,,,,,,,,,,,,,,,,,,,,,,,,,,,,,,,,,,,,,,,,,,,,,,,,,,,,,,,,,,,,,,,,,,,,,,,,,,,,,,,,,,,,,,,,,,,,,,,,,,,,,,,,,0.5,390.0,draftkings,,,,,,,,,,,,,,,,,,,,,,,,,,,,,,,,,,,,,,,,,,,,,,,,,,,,,,,,,,,,,,,,,,,,,,,,,,,,,,,,,,,Active roster,2026-10-01T00:10:50+00:00,True,[],Unavailable,True,2026-09-24-frozen-v2,2026-10-01T00:10:53.303203+00:00,,,,,,,,,,,,,,,,,,,,,,,,,,,,2026020007,,,NO_PLAYER,,,NO_PLAYER,,,NO_PLAYER,,,NO_PLAYER,,,NO_PLAYER,,,NO_PLAYER,,,NO_PLAYER
2026-09-30,LAK@COL,2026020007,9:00 PM,2026-10-01T02:00:00Z,Erik Haula,8475287,LAK,L,,Unknown,,,,,,,,,,,,,,,,,,,,,,,,,,,,,,,,,,,,,,,,,,,,,,,,,,,,,,,,,,,,,,,,,,,,,,,,,,,,,,,,,,,,,,,,,,,,,,,,,,,,,,,,,,,,,,,,,,,,,,,,,,,,,,,,,,,,,,,,,,,,,,,,,,,,,,,,,,,,,,,,,,,,,,,,,,,,,,,,,,,,,,,,,,,,,,,,,,,,,,,,,,,,,,,,,,,,,,,,,,,,,,,,,,,,,,,,,,,,,,,,,,,,,,,,,,,,,,,,,,,,0.5,185.0,draftkings,,,,,,,,,,,,,,,,,,,,,,,,0.5,285.0,draftkings,,,,,,,,,,,,,,,,,,,,,,,,0.5,650.0,fanduel,,,,,,,,,,,,,,,,,,,,,,,,,,,,,,,,,,,,,,,,,,,,,,,,,,,,,,,,,Active roster,2026-10-01T00:10:50+00:00,True,[],Unavailable,True,2026-09-24-frozen-v2,2026-10-01T00:10:53.303203+00:00,,,,,,,,,,,,,,,,,,,,,,,,,,,,2026020007,8475287.0,PLAYER_ID,FINAL,1.0,W,OK,1.0,W,OK,3.0,,NO_LINE,0.0,L,OK,0.0,,NO_LINE,0.0,,NO_LINE
2026-09-30,LAK@COL,2026020007,9:00 PM,2026-10-01T02:00:00Z,Joel Armia,8476469,LAK,R,,Healthy,Unknown,,,1.0,0.0,,13.0,5.0,2026-10-01T00:10:41+00:00,COL,Mackenzie Blackwood,0.9035369774919614,2.5050255141487554,31.2,Confirmed,dailyfaceoff_name_and_stats,26.0,4.0,26.0,4.0,,69.3,54.3,A1+A2,14.06,44.3,59.0,1.04,NONE,False,False,26.227711401688392,2.42316200914714,56.5,40.8,13.0,3.25,True,,,,,50.0,,,,,,,,,,,,,,,,,,,,,,,,,,,,,,,,,,,,,,,,1.377609592244568,0.6888047961222841,,,0.0,2.301187719429297,2.1513408530664075,50.0,35.1,58.0,35.1,3.6,1.75,,,,,COOL,COOL,COOL,1.86,,COOL,Red,Red,Red,Red,49.0,53.0,53.0,47.0,SOG,53.0,,,,,,,C,Passenger,4.6,,13.9,,0.0,0.6435323383084577,43.11666666666667,0.6435323383084577,0.0457641210706009,4.6,4.6,2.1151913413219945,2.1151913413219945,0.0,6.26947129050597,6.430636967565455,13.9,37.1,False,,,,,,False,False,0.0,,False,0.0,,False,0.0,,,,,,,,,,,,,,,,,,,,,,,,,,,,,,,,,,,,,,,,,,,,,,,0.5,750.0,FanDuel,,,,,,,,,,0.5,750.0,FanDuel,0.5,750.0,FanDuel,,,,,,,,,,0.5,750.0,FanDuel,ALTLINE_NB_v1_2026-01-18,,,,league_avg,2.3,,,,,,,,,,,,,,,,,,,,,,,,,exp/fallback,0.36,,,,,,,,,,,,,,,,,,,,,,,,,exp/fallback,0.186,,,,,,,,,,,,,,,,,,,,,,0.5,750.0,FanDuel,exp/fallback,0.25,0.2120143890532294,21.2,0.1176470588235294,80.21223069524503,80.2,0.2120143890532294,21.2,80.21223069524503,80.2,,,,,,,,,,,,,0.5,750.0,FanDuel,exp/fallback,0.21875,0.1849706916520309,18.5,0.1176470588235294,57.2250879042263,57.2,0.1849706916520309,18.5,57.2250879042263,57.2,,,,,,,,,,,,,False,False,True,True,False,,,Active roster,2026-10-01T00:10:50+00:00,False,[],2025-2026,,2026-09-24-frozen-v2,2026-10-01T00:10:53.303203+00:00,,,,,,,,,,The Odds API,"[""Bally Bet"", ""BetMGM"", ""BetRivers"", ""Bovada"", ""Caesars"", ""DraftKings"", ""FanDuel"", ""Fanatics"", ""Fliff"", ""Hard Rock Bet"", ""theScore Bet""]",The Odds API,"[""Bally Bet"", ""BetMGM"", ""BetRivers"", ""Bovada"", ""Caesars"", ""DraftKings"", ""FanDuel"", ""Fanatics"", ""fanduel""]",,,,,,,,,,,,,,,2026020007,8476469.0,PLAYER_ID,FINAL,1.0,,NO_LINE,0.0,,NO_LINE,2.0,,NO_LINE,1.0,W,OK,1.0,W,OK,0.0,,NO_LINE
2026-09-30,LAK@COL,2026020007,9:00 PM,2026-10-01T02:00:00Z,Joel Edmundson,8476441,LAK,D,,Healthy,Unknown,,,1.0,0.0,,13.0,5.0,2026-10-01T00:10:41+00:00,COL,Mackenzie Blackwood,0.9035369774919614,2.5050255141487554,31.2,Confirmed,dailyfaceoff_name_and_stats,26.0,4.0,26.0,4.0,11.8,49.6,72.9,A1+A2,18.48,74.6,62.8,1.05,NONE,False,False,26.227711401688392,2.42316200914714,56.5,40.8,13.0,3.25,True,2.0,,1.75,1.9125,66.7,1.0,1.0,7.0,1.0,0.0,0.0,1.0,1.0,0.0,0.0,7.0,7.0,LOW,0.1,,LOW,0.05,,LOW,0.025,,LOW,0.0,,LOW,0.0,,LOW,0.0,,LOW,0.7,,LOW,0.35,,LOW,0.175,,0.8560331844962878,0.2377869956934133,,,0.0,2.301187719429297,2.1513408530664075,50.0,35.1,47.2,35.1,3.37,0.68,19.12,2.37,-0.32,12.12,WARM,COOL,HOT,2.69,2.69,HOT,Yellow,Red,Red,Yellow,59.0,48.0,47.0,60.0,ASSISTS,60.0,0.0,4.0,0.0,0.0,0.0,4.0,C,Passenger,0.3,,13.9,,0.0,0.0548780487804878,4.5,0.0548780487804878,0.00296983962866,0.3,0.3,19.833333333333336,0.0,23.333333333333336,6.26947129050597,6.430636967565455,13.9,52.1,False,,,,🅰️ D:4,,False,False,0.0,,False,0.0,,False,0.0,,,,,,,,,,,,,,,,,,,,,,,,,,,,,,,,,,,,,,,,,,,,,,,,,,,,,,,,,,,,,,,,,,,,,,,,,,,,,ALTLINE_NB_v1_2026-01-18,,,,exp/fallback,1.912,,,,,,,,,,,,,,,,,,,,,,,,,exp/fallback,0.337,,,,,,,,,,,,,,,,,,,,,,,,,exp/fallback,0.269,,,,,,,,,,,,,,,,,,,,,,,,,exp/fallback,0.17612,,,,,,,,,,,,,,,,,,,,,,,,,exp/fallback,0.12682,,,,,,,,,,,,,,,,,,,,,,False,False,False,False,False,11.8,,Active roster,2026-10-01T00:10:50+00:00,False,[],2025-2026,,2026-09-24-frozen-v2,2026-10-01T00:10:53.303203+00:00,,,,,,,,,,,,,,,,,,,,,,,,,,,,2026020007,8476441.0,PLAYER_ID,FINAL,0.0,,NO_LINE,0.0,,NO_LINE,1.0,,NO_LINE,0.0,,NO_LINE,0.0,,NO_LINE,0.0,,NO_LINE
2026-09-30,LAK@COL,2026020007,9:00 PM,2026-10-01T02:00:00Z,Mats Zuccarello,8475692,LAK,R,,Unknown,,,,,,,,,,,,,,,,,,,,,,,,,,,,,,,,,,,,,,,,,,,,,,,,,,,,,,,,,,,,,,,,,,,,,,,,,,,,,,,,,,,,,,,,,,,,,,,,,,,,,,,,,,,,,,,,,,,,,,,,,,,,,,,,,,,,,,,,,,,,,,,,,,,,,,,,,,,,,,,,,,,,,,,,,,,,,,,,,,,,,,,,,,,,,,,,,,,,,,,,,,,,,,,,,,,,,,,,,,,,,,,,,,,,,,,,,,2.5,215.0,fanduel,,,,,,,,,,,,,,,,,,,,,,,,0.5,100.0,draftkings,,,,,,,,,,,,,,,,,,,,,,,,0.5,175.0,draftkings,,,,,,,,,,,,,,,,,,,,,,,,0.5,370.0,fanduel,,,,,,,,,,,,,,,,,,,,,,,,,,,,,,,,,,,,,,,,,,,,,,,,,,,,,,,,,Active roster,2026-10-01T00:10:50+00:00,True,[],Unavailable,True,2026-09-24-frozen-v2,2026-10-01T00:10:53.303203+00:00,0.5,290.0,fanduel,,,,,,,,,,,,,,,,,,,,,,,,,2026020007,8475692.0,PLAYER_ID,FINAL,0.0,L,OK,0.0,L,OK,0.0,L,OK,0.0,L,OK,0.0,,NO_LINE,0.0,L,OK
2026-09-30,LAK@COL,2026020007,9:00 PM,2026-10-01T02:00:00Z,Mikey Anderson,8479998,LAK,D,,Healthy,Unknown,,,1.0,0.0,,13.0,5.0,2026-10-01T00:10:41+00:00,COL,Mackenzie Blackwood,0.9035369774919614,2.5050255141487554,31.2,Confirmed,dailyfaceoff_name_and_stats,26.0,4.0,26.0,4.0,,40.8,63.9,A1+A2,20.57,88.1,58.3,1.03,NONE,False,False,26.227711401688392,2.42316200914714,56.5,40.8,13.0,3.25,True,,,,,50.0,,,,,,,,,,,,,,,,,,,,,,,,,,,,,,,,,,,,,,,,0.7613676418752203,0.3806838209376101,,,0.0,2.301187719429297,2.1513408530664075,50.0,35.1,45.3,35.1,2.57,0.5,,,,,COOL,COOL,COOL,2.07,,COOL,Red,Red,Red,Red,57.0,41.0,39.0,50.0,POINTS,57.0,,,,,,,C,Passenger,0.3,,13.9,,0.0,0.065625,5.25,0.065625,0.0031902934057141,0.3,0.3,0.0,0.0,0.0,6.26947129050597,6.430636967565455,13.9,26.3,False,,,,,,False,False,0.0,,False,0.0,,False,0.0,,,,,,,,,,,,,,,,,0.5,245.0,BetRivers,,,,,,,,,,0.5,245.0,BetRivers,,,,,,,,,,,,,,,,0.5,1800.0,DraftKings,,,,,,,,,,0.5,1800.0,DraftKings,0.5,1800.0,DraftKings,,,,,,,,,,0.5,1800.0,DraftKings,ALTLINE_NB_v1_2026-01-18,,,,league_avg,2.3,,,,,,,,,,,,,,,,,,,,,,0.5,245.0,BetRivers,exp/fallback,0.257,0.2181488678510518,21.8,0.2898550724637681,-24.73864059138712,-24.7,0.2181488678510518,21.8,-24.73864059138712,-24.7,,,,,,,,,,,,,,,,exp/fallback,0.207,,,,,,,,,,,,,,,,,,,,,,0.5,1800.0,DraftKings,exp/fallback,0.2,0.1750253355200821,17.5,0.0526315789473684,232.54813748815607,232.5,0.1750253355200821,17.5,232.54813748815607,232.5,,,,,,,,,,,,,0.5,1800.0,DraftKings,exp/fallback,0.1375,0.1233948997157358,12.3,0.0526315789473684,134.45030945989805,134.5,0.1233948997157358,12.3,134.45030945989805,134.5,,,,,,,,,,,,,False,False,True,True,False,,,Active roster,2026-10-01T00:10:50+00:00,False,[],2025-2026,,2026-09-24-frozen-v2,2026-10-01T00:10:53.303203+00:00,,,,,,,,The Odds API,"[""Bally Bet"", ""BetRivers""]",The Odds API,"[""Bally Bet"", ""BetMGM"", ""BetRivers"", ""Bovada"", ""Caesars"", ""DraftKings"", ""FanDuel"", ""Fanatics"", ""Fliff"", ""Hard Rock Bet"", ""theScore Bet""]",The Odds API,"[""Bally Bet"", ""BetMGM"", ""BetRivers"", ""Bovada"", ""Caesars"", ""DraftKings"", ""FanDuel"", ""Fanatics"", ""betmgm""]",,,,,,,,,,,,,,,2026020007,8479998.0,PLAYER_ID,FINAL,1.0,W,OK,1.0,,NO_LINE,2.0,,NO_LINE,0.0,L,OK,0.0,L,OK,0.0,,NO_LINE
2026-09-30,LAK@COL,2026020007,9:00 PM,2026-10-01T02:00:00Z,Quinton Byfield,8482124,LAK,R,⭐ STAR,Healthy,Unknown,,,1.0,0.0,,13.0,5.0,2026-10-01T00:10:41+00:00,COL,Mackenzie Blackwood,0.9035369774919614,2.5050255141487554,31.2,Confirmed,dailyfaceoff_name_and_stats,26.0,4.0,26.0,4.0,23.5,89.5,79.4,A1+A2,20.02,87.0,85.5,1.18,STAR,False,True,26.227711401688392,2.42316200914714,56.5,40.8,13.0,3.25,True,4.0,,4.25,4.0875,100.0,2.0,0.0,17.0,0.0,2.0,2.0,2.0,2.0,2.0,2.0,17.0,17.0,LOW,0.2,-0.3,LOW,0.1,,LOW,0.05,,LOW,0.2,,LOW,0.1,,LOW,0.05,,LOW,1.7,,LOW,0.85,,LOW,0.425,,1.3567649809466646,0.4020044387990117,,,2.0,2.301187719429297,2.1513408530664075,50.0,35.1,56.6,35.1,6.98,3.59,44.97,4.98,3.26,23.88,HOT,HOT,HOT,4.09,1.72,WARM,Yellow,Green,Yellow,Yellow,71.0,77.0,76.0,66.0,SOG,77.0,1.0,1.0,4.0,0.0,1.0,2.0,B,Distributor,10.2,,13.9,,1.0,2.051898734177215,162.1,2.051898734177215,0.1024706316177632,10.2,10.2,2.66224552745219,1.0104873534855028,1.943244910549044,6.26947129050597,6.430636967565455,13.9,61.0,False,,,,🎯 D:0,,False,False,2.0,,False,0.0,,False,0.0,,1.5,-235.0,DraftKings,2.5,135.0,Hard Rock Bet,3.5,310.0,Fanatics,4.5,750.0,Fanatics,2.5,135.0,Hard Rock Bet,0.5,100.0,Hard Rock Bet,1.5,460.0,Fanatics,2.5,1900.0,Fanatics,3.5,3200.0,BetOnline.ag,0.5,100.0,Hard Rock Bet,0.5,210.0,Hard Rock Bet,1.5,1100.0,Fanatics,2.5,3300.0,Bovada,,,,0.5,210.0,Hard Rock Bet,0.5,310.0,BetRivers,,,,,,,,,,0.5,310.0,BetRivers,0.5,310.0,BetRivers,,,,,,,,,,0.5,310.0,BetRivers,ALTLINE_NB_v1_2026-01-18,2.5,135.0,Hard Rock Bet,exp/fallback,4.497,0.7093623702830651,70.9,0.425531914893617,66.70015701652031,66.7,0.8469223271360566,84.7,20.73148067684212,20.7,0.7093623702830651,70.9,66.70015701652031,66.7,0.5637563620524184,56.4,131.14010844149155,131.1,0.4288990143681614,42.9,264.5641622129372,264.6,0.5,100.0,Hard Rock Bet,exp/fallback,0.6980000000000001,0.4644680015671565,46.4,0.5,-7.1063996865686985,-7.1,0.4644680015671565,46.4,-7.1063996865686985,-7.1,0.1640570597475593,16.4,-8.128046541366773,-8.1,0.0503074694250461,5.0,0.614938850092317,0.6,0.0141491839427952,1.4,-53.30769298877552,-53.3,0.5,210.0,Hard Rock Bet,exp/fallback,0.409,0.3107347378146947,31.1,0.3225806451612903,-3.6722312774446255,-3.7,0.3107347378146947,31.1,-3.6722312774446255,-3.7,0.0766878368318888,7.7,-7.974595801733386,-8.0,0.0170831154732539,1.7,-41.91740739093668,-41.9,,,,,0.5,310.0,BetRivers,exp/fallback,0.3236,0.2623640263138517,26.2,0.2439024390243902,7.569250788679193,7.6,0.2623640263138517,26.2,7.569250788679193,7.6,,,,,,,,,,,,,0.5,310.0,BetRivers,exp/fallback,0.33835,0.2634903718971487,26.3,0.2439024390243902,8.031052477830992,8.0,0.2634903718971487,26.3,8.031052477830992,8.0,,,,,,,,,,,,,True,False,False,False,False,23.5,,Active roster,2026-10-01T00:10:50+00:00,False,"[{""market"":""SOG"",""name"":""Jungle Stance"",""kind"":""STANCE"",""rule"":""Green + SOG 2.5 + Conf_SOG >= 75"",""icon"":""sog_basic_swipe.svg"",""kit_version"":""2026-09-24-frozen-v2""}]",2025-2026,,2026-09-24-frozen-v2,2026-10-01T00:10:53.303203+00:00,0.5,375.0,Hard Rock Bet,The Odds API,"[""Bally Bet"", ""BetOnline.ag"", ""BetRivers"", ""Bovada"", ""Caesars"", ""DraftKings"", ""FanDuel"", ""Fanatics"", ""Fliff"", ""Hard Rock Bet"", ""draftkings"", ""theScore Bet""]",The Odds API,"[""Bally Bet"", ""BetOnline.ag"", ""BetRivers"", ""Bovada"", ""DraftKings"", ""FanDuel"", ""Fanatics"", ""Fliff"", ""Hard Rock Bet"", ""draftkings"", ""theScore Bet""]",The Odds API,"[""Bally Bet"", ""BetOnline.ag"", ""BetRivers"", ""Bovada"", ""Caesars"", ""DraftKings"", ""FanDuel"", ""Fanatics"", ""Fliff"", ""Hard Rock Bet"", ""draftkings"", ""theScore Bet""]",The Odds API,"[""Bally Bet"", ""BetMGM"", ""BetRivers"", ""Bovada"", ""Caesars"", ""DraftKings"", ""FanDuel"", ""Fanatics"", ""Fliff"", ""Hard Rock Bet"", ""fanduel"", ""theScore Bet""]",The Odds API,"[""Bally Bet"", ""BetMGM"", ""BetRivers"", ""Bovada"", ""Caesars"", ""DraftKings"", ""FanDuel"", ""Fanatics"", ""betrivers""]",0.5,375.0,Hard Rock Bet,1.5,1700.0,Bovada,,,,,,,The Odds API,"[""Bally Bet"", ""BetRivers"", ""Bovada"", ""FanDuel"", ""Fliff"", ""Hard Rock Bet"", ""theScore Bet""]",2026020007,8482124.0,PLAYER_ID,FINAL,0.0,L,OK,0.0,L,OK,3.0,W,OK,0.0,L,OK,0.0,L,OK,0.0,L,OK
2026-09-30,LAK@COL,2026020007,9:00 PM,2026-10-01T02:00:00Z,Samuel Helenius,8482726,LAK,C,,Healthy,Unknown,,,1.0,0.0,,13.0,5.0,2026-10-01T00:10:41+00:00,COL,Mackenzie Blackwood,0.9035369774919614,2.5050255141487554,31.2,Confirmed,dailyfaceoff_name_and_stats,26.0,4.0,26.0,4.0,,41.8,31.9,A1+A2,7.98,4.9,31.0,0.94,NONE,False,False,26.227711401688392,2.42316200914714,56.5,40.8,13.0,3.25,True,,,,,50.0,,,,,,,,,,,,,,,,,,,,,,,,,,,,,,,,,,,,,,,,1.2874001668852069,0.1430444629872452,,,0.0,2.301187719429297,2.1513408530664075,50.0,35.1,54.7,35.1,1.43,0.72,,,,,COOL,COOL,COOL,0.71,,COOL,Red,Red,Red,Red,33.0,35.0,35.0,29.0,SOG,35.0,,,,,,,C,Passenger,0.2,,13.9,,0.0,0.0194968553459119,1.0333333333333334,0.0194968553459119,0.0024433497536945,0.2,0.2,0.0,0.0,0.0,6.26947129050597,6.430636967565455,13.9,23.6,False,,,,,,False,False,0.0,,False,0.0,,False,0.0,,,,,,,,,,,,,,,,,,,,,,,,,,,,,,,,,,,,,,,,,,,,,,,0.5,1100.0,FanDuel,,,,,,,,,,0.5,1100.0,FanDuel,0.5,1100.0,FanDuel,,,,,,,,,,0.5,1100.0,FanDuel,ALTLINE_NB_v1_2026-01-18,,,,league_avg,2.3,,,,,,,,,,,,,,,,,,,,,,,,,exp/fallback,0.143,,,,,,,,,,,,,,,,,,,,,,,,,exp/fallback,0.071,,,,,,,,,,,,,,,,,,,,,,0.5,1100.0,FanDuel,exp/fallback,0.2087999999999999,0.181709197523822,18.2,0.0833333333333333,118.0510370285865,118.1,0.181709197523822,18.2,118.0510370285865,118.1,,,,,,,,,,,,,0.5,1100.0,FanDuel,exp/fallback,0.1518,0.1347785390042201,13.5,0.0833333333333333,61.73424680506411,61.7,0.1347785390042201,13.5,61.73424680506411,61.7,,,,,,,,,,,,,False,False,True,True,False,,,Active roster,2026-10-01T00:10:50+00:00,False,[],2025-2026,,2026-09-24-frozen-v2,2026-10-01T00:10:53.303203+00:00,,,,,,,,,,The Odds API,"[""Bally Bet"", ""BetMGM"", ""BetRivers"", ""Bovada"", ""Caesars"", ""DraftKings"", ""FanDuel"", ""Fanatics"", ""Fliff"", ""Hard Rock Bet"", ""theScore Bet""]",The Odds API,"[""Bally Bet"", ""BetMGM"", ""BetRivers"", ""Bovada"", ""Caesars"", ""DraftKings"", ""FanDuel"", ""Fanatics"", ""fanduel""]",,,,,,,,,,,,,,,2026020007,8482726.0,PLAYER_ID,FINAL,0.0,,NO_LINE,0.0,,NO_LINE,1.0,,NO_LINE,0.0,L,OK,0.0,L,OK,0.0,,NO_LINE
2026-09-30,LAK@COL,2026020007,9:00 PM,2026-10-01T02:00:00Z,Scott Laughton,8476872,LAK,C,,Healthy,Unknown,,,1.0,0.0,,13.0,5.0,2026-10-01T00:10:41+00:00,COL,Mackenzie Blackwood,0.9035369774919614,2.5050255141487554,31.2,Confirmed,dailyfaceoff_name_and_stats,26.0,4.0,26.0,4.0,,68.1,40.6,A1+A2,14.35,45.4,53.9,1.02,NONE,False,False,26.227711401688392,2.42316200914714,56.5,40.8,13.0,3.25,True,,,,,50.0,,,,,,,,,,,,,,,,,,,,,,,,,,,,,,,,,,,,,,,,1.2154770747518402,0.324127219933824,,,0.0,2.301187719429297,2.1513408530664075,50.0,35.1,53.4,35.1,2.8,1.69,,,,,COOL,COOL,COOL,1.11,,COOL,Red,Red,Red,Red,41.0,52.0,56.0,40.0,GOAL,56.0,,,,,,,C,Passenger,2.4,,13.9,,0.0,0.3486979166666666,22.316666666666663,0.3486979166666666,0.0242924528301886,2.4,2.4,4.40926064227035,2.1239731142643765,2.68857356235997,6.26947129050597,6.430636967565455,13.9,55.1,False,,,,,,False,False,0.0,,False,0.0,,False,0.0,,1.5,125.0,Bovada,,,,,,,,,,1.5,125.0,Bovada,0.5,235.0,BetRivers,,,,,,,,,,0.5,235.0,BetRivers,,,,,,,,,,,,,,,,0.5,500.0,theScore Bet,,,,,,,,,,0.5,500.0,theScore Bet,0.5,490.0,FanDuel,,,,,,,,,,0.5,490.0,FanDuel,ALTLINE_NB_v1_2026-01-18,1.5,125.0,Bovada,league_avg,2.3,0.6001759479749428,60.0,0.4444444444444444,35.039588294362126,35.0,0.6001759479749428,60.0,35.039588294362126,35.0,,,,,,,,,,,,,0.5,235.0,BetRivers,exp/fallback,0.2799999999999999,0.2344151794929198,23.4,0.2985074626865671,-21.47091486987187,-21.5,0.2344151794929198,23.4,-21.47091486987187,-21.5,,,,,,,,,,,,,,,,exp/fallback,0.111,,,,,,,,,,,,,,,,,,,,,,0.5,500.0,theScore Bet,exp/fallback,0.2476,0.2102925185283796,21.0,0.1666666666666666,26.17551111702777,26.2,0.2102925185283796,21.0,26.17551111702777,26.2,,,,,,,,,,,,,0.5,490.0,FanDuel,exp/fallback,0.2148499999999999,0.1821799135700142,18.2,0.1694915254237288,7.486149006308429,7.5,0.1821799135700142,18.2,7.486149006308429,7.5,,,,,,,,,,,,,True,False,True,False,False,,,Active roster,2026-10-01T00:10:50+00:00,False,[],2025-2026,,2026-09-24-frozen-v2,2026-10-01T00:10:53.303203+00:00,,,,The Odds API,"[""Bally Bet"", ""BetRivers"", ""Bovada""]",,,The Odds API,"[""Bally Bet"", ""BetRivers""]",The Odds API,"[""Bally Bet"", ""BetMGM"", ""BetRivers"", ""Bovada"", ""Caesars"", ""DraftKings"", ""FanDuel"", ""Fanatics"", ""Fliff"", ""Hard Rock Bet"", ""theScore Bet""]",The Odds API,"[""Bally Bet"", ""BetMGM"", ""BetRivers"", ""Bovada"", ""Caesars"", ""DraftKings"", ""FanDuel"", ""Fanatics"", ""fanduel""]",,,,,,,,,,,,,,,2026020007,8476872.0,PLAYER_ID,FINAL,0.0,L,OK,0.0,,NO_LINE,3.0,W,OK,0.0,L,OK,0.0,L,OK,0.0,,NO_LINE
2026-09-30,LAK@COL,2026020007,9:00 PM,2026-10-01T02:00:00Z,Trevor Moore,8479675,LAK,L,,Healthy,Unknown,,,1.0,0.0,,13.0,5.0,2026-10-01T00:10:41+00:00,COL,Mackenzie Blackwood,0.9035369774919614,2.5050255141487554,31.2,Confirmed,dailyfaceoff_name_and_stats,26.0,4.0,26.0,4.0,17.6,78.0,69.6,A1+A2,16.73,62.7,72.0,1.09,NONE,False,False,26.227711401688392,2.42316200914714,56.5,40.8,13.0,3.25,True,3.0,,2.75,2.9125,92.1,2.0,1.0,11.0,1.0,1.0,1.0,2.0,2.0,1.0,1.0,11.0,11.0,LOW,0.2,-0.3,LOW,0.1,,LOW,0.05,,LOW,0.1,,LOW,0.05,,LOW,0.025,,LOW,1.1,,LOW,0.55,,LOW,0.275,,1.6994492525570415,0.5664830841856806,,,1.0,2.301187719429297,2.1513408530664075,50.0,35.1,64.5,35.1,5.43,2.68,32.03,3.43,1.44,18.12,HOT,COOL,HOT,3.0,2.0,WARM,Red,Yellow,Red,Red,62.0,67.0,67.0,60.0,SOG,67.0,1.0,2.0,1.0,0.0,1.0,2.0,B,Distributor,4.1,,13.9,,1.0,0.6891304347826086,47.55,0.6891304347826086,0.0411943919026235,4.1,4.1,1.0946372239747637,0.2902208201892745,0.946372239747634,6.26947129050597,6.430636967565455,13.9,48.5,False,,,,🎯 D:0,,False,False,0.0,,False,0.0,,False,0.0,,1.5,-145.0,Fanatics,2.5,225.0,theScore Bet,3.5,525.0,Fanatics,4.5,1300.0,Fanatics,1.5,-145.0,Fanatics,0.5,210.0,BetRivers,1.5,1000.0,Fanatics,2.5,4000.0,Fanatics,3.5,3300.0,BetOnline.ag,0.5,210.0,BetRivers,0.5,300.0,BetOnline.ag,1.5,1900.0,Fanatics,,,,,,,0.5,300.0,BetOnline.ag,0.5,425.0,DraftKings,,,,,,,,,,0.5,425.0,DraftKings,0.5,425.0,DraftKings,,,,,,,,,,0.5,425.0,DraftKings,ALTLINE_NB_v1_2026-01-18,1.5,-145.0,Fanatics,exp/fallback,3.2030000000000003,0.7357417918394997,73.6,0.5918367346938775,24.314992414260303,24.3,0.7357417918394997,73.6,24.314992414260303,24.3,0.5476917848158158,54.8,77.99983006514015,78.0,0.380449199088519,38.0,137.7807494303244,137.8,0.25030391189597,25.0,250.425476654358,250.4,0.5,210.0,BetRivers,exp/fallback,0.5429999999999999,0.3917257894059947,39.2,0.3225806451612903,21.43499471585836,21.4,0.3917257894059947,39.2,21.43499471585836,21.4,0.1141803952187379,11.4,25.598434740611697,25.6,0.0286988393139572,2.9,17.665241187224623,17.7,0.0065966799493077,0.7,-77.5712881723535,-77.6,0.5,300.0,BetOnline.ag,exp/fallback,0.3,0.2438563327032135,24.4,0.25,-2.457466918714601,-2.5,0.2438563327032135,24.4,-2.457466918714601,-2.5,0.0466014629736171,4.7,-6.7970740527657725,-6.8,,,,,,,,,0.5,425.0,DraftKings,exp/fallback,0.2872,0.238044359460207,23.8,0.1904761904761904,24.97328871660871,25.0,0.238044359460207,23.8,24.97328871660871,25.0,,,,,,,,,,,,,0.5,425.0,DraftKings,exp/fallback,0.2792,0.2262960595237423,22.6,0.1904761904761904,18.80543124996472,18.8,0.2262960595237423,22.6,18.80543124996472,18.8,,,,,,,,,,,,,True,True,True,True,False,17.6,,Active roster,2026-10-01T00:10:50+00:00,False,[],2025-2026,,2026-09-24-frozen-v2,2026-10-01T00:10:53.303203+00:00,,,,The Odds API,"[""Bally Bet"", ""BetOnline.ag"", ""BetRivers"", ""Bovada"", ""Caesars"", ""DraftKings"", ""Fanatics"", ""Fliff"", ""Hard Rock Bet"", ""theScore Bet""]",The Odds API,"[""BetOnline.ag"", ""DraftKings"", ""Fanatics"", ""draftkings""]",The Odds API,"[""Bally Bet"", ""BetOnline.ag"", ""BetRivers"", ""DraftKings"", ""Fanatics"", ""draftkings""]",The Odds API,"[""Bally Bet"", ""BetMGM"", ""BetRivers"", ""Bovada"", ""Caesars"", ""DraftKings"", ""FanDuel"", ""Fanatics"", ""Fliff"", ""Hard Rock Bet"", ""theScore Bet""]",The Odds API,"[""Bally Bet"", ""BetMGM"", ""BetRivers"", ""Bovada"", ""Caesars"", ""DraftKings"", ""FanDuel"", ""Fanatics"", ""fanduel""]",,,,,,,,,,,,,,,2026020007,8479675.0,PLAYER_ID,FINAL,1.0,W,OK,0.0,L,OK,2.0,W,OK,1.0,W,OK,1.0,W,OK,0.0,,NO_LINE
2026-09-30,NYI@TOR,2026020008,6:30 PM,2026-09-30T23:30:00Z,Adam Pelech,8476917,NYI,D,,Healthy,Unknown,,,0.0,0.0,,14.0,5.0,2026-09-30T17:46:06+00:00,TOR,Anthony Stolarz,0.8926553672316384,3.2823465898866293,68.0,Confirmed,dailyfaceoff_name_and_stats,23.6,5.0,23.6,5.0,,51.1,54.3,A1+A2,20.89,91.9,60.3,1.04,NONE,False,False,26.07326076981269,2.48082909265284,41.6,55.7,7.0,1.75,True,,,,,50.0,,,,,,,,,,,,,,,,,,,,,,,,,,,,,,,,,,,,,,,,0.5410592274876586,0.2497196434558424,,,0.0,2.674871645486655,2.417798492517205,50.0,61.5,42.6,69.0,2.26,0.74,,,,,COOL,COOL,COOL,1.52,,COOL,Red,Red,Red,Red,57.0,51.0,51.0,52.0,POINTS,57.0,,,,,,,C,Passenger,0.7,,46.9,,0.0,0.1473577235772357,12.083333333333334,0.1473577235772357,0.0070537642777918,0.7,0.7,0.0,0.0,0.0,6.593949044585988,7.933755914650478,46.9,36.5,False,,,,,,False,False,1.0,,False,0.0,,False,0.0,,1.5,130.0,Bovada,,,,,,,,,,1.5,130.0,Bovada,0.5,245.0,BetRivers,,,,,,,,,,0.5,245.0,BetRivers,,,,,,,,,,,,,,,,0.5,1700.0,FanDuel,,,,,,,,,,0.5,1700.0,FanDuel,0.5,1700.0,FanDuel,,,,,,,,,,0.5,1700.0,FanDuel,ALTLINE_NB_v1_2026-01-18,1.5,130.0,Bovada,league_avg,2.3,0.6001759479749428,60.0,0.4347826086956521,38.04046803423684,38.0,0.6001759479749428,60.0,38.04046803423684,38.0,,,,,,,,,,,,,0.5,245.0,BetRivers,exp/fallback,0.2259999999999999,0.1954778207674281,19.5,0.2898550724637681,-32.56015183523729,-32.6,0.1954778207674281,19.5,-32.56015183523729,-32.6,,,,,,,,,,,,,,,,exp/fallback,0.152,,,,,,,,,,,,,,,,,,,,,,0.5,1700.0,FanDuel,exp/fallback,0.2096,0.1823130575867481,18.2,0.0555555555555555,228.16350365614656,228.2,0.1823130575867481,18.2,228.16350365614656,228.2,,,,,,,,,,,,,0.5,1700.0,FanDuel,exp/fallback,0.1530999999999999,0.1358013128113711,13.6,0.0555555555555555,144.44236306046798,144.4,0.1358013128113711,13.6,144.44236306046798,144.4,,,,,,,,,,,,,True,False,True,True,False,,,Active roster,2026-09-30T17:46:14+00:00,False,[],2025-2026,,2026-09-24-frozen-v2,2026-09-30T17:46:17.251356+00:00,,,,The Odds API,"[""Bally Bet"", ""BetRivers"", ""Bovada""]",,,The Odds API,"[""Bally Bet"", ""BetRivers""]",The Odds API,"[""Bally Bet"", ""BetMGM"", ""BetRivers"", ""Bovada"", ""Caesars"", ""DraftKings"", ""FanDuel"", ""Fanatics"", ""Fliff"", ""Hard Rock Bet"", ""theScore Bet""]",The Odds API,"[""Bally Bet"", ""BetMGM"", ""BetRivers"", ""Bovada"", ""Caesars"", ""DraftKings"", ""FanDuel"", ""Fanatics"", ""fanatics""]",,,,,,,,,,,,,,,2026020008,8476917.0,PLAYER_ID,FINAL,0.0,L,OK,0.0,,NO_LINE,0.0,L,OK,0.0,L,OK,0.0,L,OK,0.0,,NO_LINE
2026-09-30,NYI@TOR,2026020008,6:30 PM,2026-09-30T23:30:00Z,Alexander Romanov,8481014,NYI,D,,Healthy,Unknown,,,0.0,0.0,,14.0,5.0,2026-09-30T17:46:06+00:00,TOR,Anthony Stolarz,0.8926553672316384,3.2823465898866293,68.0,Confirmed,dailyfaceoff_name_and_stats,23.6,5.0,23.6,5.0,,17.4,17.6,A1+A2,19.45,84.9,30.9,0.94,NONE,False,False,26.07326076981269,2.48082909265284,41.6,55.7,7.0,1.75,True,,,,,50.0,,,,,,,,,,,,,,,,,,,,,,,,,,,,,,,,,,,,,,,,0.0,0.0,,,0.0,2.674871645486655,2.417798492517205,50.0,61.5,29.1,69.0,0.98,0.35,,,,,COOL,COOL,COOL,0.63,,COOL,Red,Red,Red,Red,36.0,32.0,31.0,30.0,POINTS,36.0,,,,,,,C,Passenger,0.8,,46.9,,0.0,0.1522222222222222,2.283333333333333,0.1522222222222222,0.0078281241071938,0.8,0.8,0.0,0.0,0.0,6.593949044585988,7.933755914650478,46.9,37.1,False,,,,,,False,False,1.0,,False,0.0,,False,0.0,,,,,,,,,,,,,,,,,,,,,,,,,,,,,,,,,,,,,,,,,,,,,,,0.5,1700.0,FanDuel,,,,,,,,,,0.5,1700.0,FanDuel,0.5,1700.0,FanDuel,,,,,,,,,,0.5,1700.0,FanDuel,ALTLINE_NB_v1_2026-01-18,,,,league_avg,2.3,,,,,,,,,,,,,,,,,,,,,,,,,exp/fallback,0.098,,,,,,,,,,,,,,,,,,,,,,,,,exp/fallback,0.063,,,,,,,,,,,,,,,,,,,,,,0.5,1700.0,FanDuel,exp/fallback,0.194,0.1704242598191189,17.0,0.0555555555555555,206.763667674414,206.8,0.1704242598191189,17.0,206.763667674414,206.8,,,,,,,,,,,,,0.5,1700.0,FanDuel,exp/fallback,0.12775,0.1154908773011575,11.5,0.0555555555555555,107.88357914208366,107.9,0.1154908773011575,11.5,107.88357914208366,107.9,,,,,,,,,,,,,False,False,True,True,False,,,Active roster,2026-09-30T17:46:14+00:00,False,[],2025-2026,,2026-09-24-frozen-v2,2026-09-30T17:46:17.251356+00:00,,,,,,,,,,The Odds API,"[""Bally Bet"", ""BetMGM"", ""BetRivers"", ""Bovada"", ""Caesars"", ""DraftKings"", ""FanDuel"", ""Fanatics"", ""Fliff"", ""Hard Rock Bet"", ""theScore Bet""]",The Odds API,"[""Bally Bet"", ""BetMGM"", ""BetRivers"", ""Bovada"", ""Caesars"", ""DraftKings"", ""FanDuel"", ""Fanatics"", ""fanduel""]",,,,,,,,,,,,,,,2026020008,8481014.0,PLAYER_ID,FINAL,0.0,,NO_LINE,0.0,,NO_LINE,2.0,,NO_LINE,0.0,L,OK,0.0,L,OK,0.0,,NO_LINE
2026-09-30,NYI@TOR,2026020008,6:30 PM,2026-09-30T23:30:00Z,Anthony Duclair,8477407,NYI,L,,Healthy,Unknown,,,0.0,0.0,,14.0,5.0,2026-09-30T17:46:06+00:00,TOR,Anthony Stolarz,0.8926553672316384,3.2823465898866293,68.0,Confirmed,dailyfaceoff_name_and_stats,23.6,5.0,23.6,5.0,,64.9,60.9,A1+A2,13.21,37.3,58.0,1.03,NONE,False,False,26.07326076981269,2.48082909265284,41.6,55.7,7.0,1.75,True,,,,,50.0,,,,,,,,,,,,,,,,,,,,,,,,,,,,,,,,,,,,,,,,1.7484620010176233,0.666080762292428,,,0.0,2.674871645486655,2.417798492517205,50.0,61.5,65.3,69.0,4.07,1.58,,,,,COOL,COOL,COOL,2.5,,COOL,Red,Red,Red,Red,58.0,54.0,56.0,55.0,POINTS,58.0,,,,,,,C,Passenger,8.8,,46.9,,0.0,1.160215053763441,71.93333333333334,1.160215053763441,0.0878610834028866,8.8,8.8,3.626274328081557,3.0945319740500463,0.6255792400370713,6.593949044585988,7.933755914650478,46.9,59.4,False,,,,,,False,False,1.0,,False,0.0,,False,0.0,,1.5,185.0,Bovada,,,,,,,,,,1.5,185.0,Bovada,0.5,235.0,BetRivers,,,,,,,,,,0.5,235.0,BetRivers,,,,,,,,,,,,,,,,0.5,600.0,theScore Bet,,,,,,,,,,0.5,600.0,theScore Bet,0.5,480.0,BetRivers,,,,,,,,,,0.5,480.0,BetRivers,ALTLINE_NB_v1_2026-01-18,1.5,185.0,Bovada,league_avg,2.3,0.6001759479749428,60.0,0.3508771929824561,71.05014517285869,71.1,0.6001759479749428,60.0,71.05014517285869,71.1,,,,,,,,,,,,,0.5,235.0,BetRivers,exp/fallback,0.407,0.3164805906015878,31.6,0.2985074626865671,6.020997851531929,6.0,0.3164805906015878,31.6,6.020997851531929,6.0,,,,,,,,,,,,,,,,exp/fallback,0.25,,,,,,,,,,,,,,,,,,,,,,0.5,600.0,theScore Bet,exp/fallback,0.2432,0.2071220478853718,20.7,0.1428571428571428,44.98543351976026,45.0,0.2071220478853718,20.7,44.98543351976026,45.0,,,,,,,,,,,,,0.5,480.0,BetRivers,exp/fallback,0.2077,0.1770223540372382,17.7,0.1724137931034483,2.6729653415981547,2.7,0.1770223540372382,17.7,2.6729653415981547,2.7,,,,,,,,,,,,,True,False,True,False,False,,,Active roster,2026-09-30T17:46:14+00:00,False,[],2025-2026,,2026-09-24-frozen-v2,2026-09-30T17:46:17.251356+00:00,,,,The Odds API,"[""Bally Bet"", ""BetRivers"", ""Bovada""]",,,The Odds API,"[""Bally Bet"", ""BetRivers""]",The Odds API,"[""Bally Bet"", ""BetMGM"", ""BetRivers"", ""Bovada"", ""Caesars"", ""DraftKings"", ""FanDuel"", ""Fanatics"", ""Fliff"", ""Hard Rock Bet"", ""theScore Bet""]",The Odds API,"[""Bally Bet"", ""BetMGM"", ""BetRivers"", ""Bovada"", ""Caesars"", ""DraftKings"", ""FanDuel"", ""Fanatics"", ""betrivers""]",,,,,,,,,,,,,,,2026020008,8477407.0,PLAYER_ID,FINAL,0.0,L,OK,0.0,,NO_LINE,4.0,W,OK,0.0,L,OK,0.0,L,OK,0.0,,NO_LINE
2026-09-30,NYI@TOR,2026020008,6:30 PM,2026-09-30T23:30:00Z,Bo Horvat,8477500,NYI,C,,Healthy,Unknown,,,0.0,0.0,,14.0,5.0,2026-09-30T17:46:06+00:00,TOR,Anthony Stolarz,0.8926553672316384,3.2823465898866293,68.0,Confirmed,dailyfaceoff_name_and_stats,23.6,5.0,23.6,5.0,14.0,93.1,80.9,A1+A2,20.76,89.7,88.2,1.15,NONE,False,False,26.07326076981269,2.48082909265284,41.6,55.7,7.0,1.75,True,3.0,2.75,2.0,2.6500000000000004,84.9,6.0,2.0,27.0,1.0,1.0,4.0,15.0,28.0,9.0,14.0,69.0,126.0,OK,0.6,0.1,OK,0.75,,OK,0.7,,LOW,0.4,,OK,0.45,,LOW,0.35,,OK,2.7,,GOOD,3.45,,GOOD,3.15,,1.7917770233037666,0.3839522192793785,,,4.0,2.674871645486655,2.417798492517205,50.0,61.5,66.6,69.0,9.46,4.61,29.15,2.6,2.19,-0.5,HOT,WARM,COOL,4.85,0.41,COOL,Yellow,Yellow,Yellow,Yellow,73.0,80.0,81.0,73.0,GOAL,81.0,0.0,3.0,0.0,1.0,1.0,6.0,A,Hybrid,16.4,,46.9,,2.0,3.3963235294117644,230.95,3.3963235294117644,0.1635758384191328,16.4,16.4,3.214332106516562,1.6133362199610306,1.8835245724182723,6.593949044585988,7.933755914650478,46.9,76.4,False,,,,🥅 D:0,🥅 GOAL EARNED,False,True,3.0,"iXG,REG,G",False,0.0,,False,0.0,,1.5,-500.0,DraftKings,2.5,-165.0,Hard Rock Bet,3.5,140.0,Fanatics,4.5,310.0,Fanatics,3.5,140.0,Fanatics,0.5,-150.0,theScore Bet,1.5,330.0,FanDuel,2.5,1200.0,DraftKings,3.5,4000.0,Fanatics,0.5,-150.0,theScore Bet,0.5,162.0,FanDuel,1.5,900.0,DraftKings,2.5,4000.0,Fanatics,,,,0.5,162.0,FanDuel,0.5,180.0,FanDuel,,,,,,,,,,0.5,180.0,FanDuel,0.5,180.0,FanDuel,,,,,,,,,,0.5,180.0,FanDuel,ALTLINE_NB_v1_2026-01-18,3.5,140.0,Fanatics,exp/fallback,2.915,0.3325478462371236,33.3,0.4166666666666667,-20.18851690309033,-20.2,0.6992484560576787,69.9,-16.090185273078554,-16.1,0.5002892785834426,50.0,-19.65050980326528,-19.7,0.3325478462371236,33.3,-20.18851690309033,-20.2,0.2088036695550325,20.9,-14.390495482436682,-14.4,0.5,-150.0,theScore Bet,exp/fallback,0.946,0.5583153228599154,55.8,0.6,-6.947446190014106,-6.9,0.5583153228599154,55.8,-6.947446190014106,-6.9,0.2444142601489844,24.4,5.098131864063326,5.1,0.0938308903089536,9.4,21.980157401639733,22.0,0.0331872683980685,3.3,36.06780043208091,36.1,0.5,162.0,FanDuel,exp/fallback,0.485,0.3522503228627297,35.2,0.3816793893129771,-7.71041540996481,-7.7,0.3522503228627297,35.2,-7.71041540996481,-7.7,0.0994063845033124,9.9,-0.593615496687594,-0.6,0.0253846681425573,2.5,4.077139384485151,4.1,,,,,0.5,180.0,FanDuel,exp/fallback,0.3644,0.2883509744088226,28.8,0.3571428571428571,-19.261727165529663,-19.3,0.2883509744088226,28.8,-19.261727165529663,-19.3,,,,,,,,,,,,,0.5,180.0,FanDuel,exp/fallback,0.40465,0.3017950192750377,30.2,0.3571428571428571,-15.497394602989434,-15.5,0.3017950192750377,30.2,-15.497394602989434,-15.5,,,,,,,,,,,,,False,False,False,False,False,14.0,,Active roster,2026-09-30T17:46:14+00:00,False,[],2025-2026,,2026-09-24-frozen-v2,2026-09-30T17:46:17.251356+00:00,0.5,300.0,Bovada,The Odds API,"[""Bally Bet"", ""BetOnline.ag"", ""BetRivers"", ""Bovada"", ""DraftKings"", ""FanDuel"", ""Fanatics"", ""Fliff"", ""Hard Rock Bet"", ""draftkings"", ""fanduel"", ""theScore Bet""]",The Odds API,"[""Bally Bet"", ""BetOnline.ag"", ""BetRivers"", ""Bovada"", ""DraftKings"", ""FanDuel"", ""Fanatics"", ""Fliff"", ""Hard Rock Bet"", ""draftkings"", ""theScore Bet""]",The Odds API,"[""Bally Bet"", ""BetOnline.ag"", ""BetRivers"", ""Bovada"", ""Caesars"", ""DraftKings"", ""FanDuel"", ""Fanatics"", ""Fliff"", ""Hard Rock Bet"", ""draftkings"", ""theScore Bet""]",The Odds API,"[""Bally Bet"", ""BetMGM"", ""BetRivers"", ""Bovada"", ""Caesars"", ""DraftKings"", ""FanDuel"", ""Fanatics"", ""Fliff"", ""Hard Rock Bet"", ""fanduel"", ""theScore Bet""]",The Odds API,"[""Bally Bet"", ""BetMGM"", ""BetRivers"", ""Bovada"", ""Caesars"", ""DraftKings"", ""FanDuel"", ""Fanatics"", ""betrivers""]",0.5,300.0,Bovada,1.5,1600.0,Bovada,,,,,,,The Odds API,"[""Bally Bet"", ""BetRivers"", ""Bovada"", ""FanDuel"", ""Fliff"", ""Hard Rock Bet"", ""theScore Bet""]",2026020008,8477500.0,PLAYER_ID,FINAL,1.0,W,OK,1.0,W,OK,4.0,W,OK,0.0,L,OK,0.0,L,OK,0.0,L,OK
2026-09-30,NYI@TOR,2026020008,6:30 PM,2026-09-30T23:30:00Z,Brayden Schenn,8475170,NYI,C,,Healthy,Unknown,,,0.0,0.0,,14.0,5.0,2026-09-30T17:46:06+00:00,TOR,Anthony Stolarz,0.8926553672316384,3.2823465898866293,68.0,Confirmed,dailyfaceoff_name_and_stats,23.6,5.0,23.6,5.0,4.7,88.1,72.9,A1+A2,16.77,63.8,77.9,1.11,NONE,False,False,26.07326076981269,2.48082909265284,41.6,55.7,7.0,1.75,True,1.0,1.375,1.6,1.21,33.3,7.0,4.0,16.0,1.0,0.0,3.0,14.0,23.0,8.0,13.0,35.0,64.0,OK,0.7,0.2,OK,0.7,,LOW,0.575,,LOW,0.3,,LOW,0.4,,LOW,0.325,,LOW,1.6,,LOW,1.75,,LOW,1.6,,1.368717207816896,0.5474868831267584,,,3.0,2.674871645486655,2.417798492517205,50.0,61.5,57.2,69.0,5.79,2.88,13.31,-1.21,-1.12,-3.9,COOL,COOL,COOL,3.21,-0.08,COOL,Yellow,Red,Red,Yellow,59.0,65.0,71.0,69.0,GOAL,71.0,3.0,6.0,3.0,1.0,2.0,6.0,A,Hybrid,12.7,,46.9,,2.0,2.125833333333333,170.06666666666666,2.125833333333333,0.126773512237545,12.7,12.7,2.9988239905919247,1.7992943943551547,1.4112112896903175,6.593949044585988,7.933755914650478,46.9,68.6,False,,,,🥅 D:3,,False,False,2.0,,False,0.0,,False,0.0,,1.5,100.0,Bovada,2.5,280.0,theScore Bet,3.5,700.0,Fanatics,4.5,1700.0,Fanatics,1.5,100.0,Bovada,0.5,120.0,theScore Bet,1.5,650.0,Fanatics,2.5,3000.0,Fanatics,3.5,3900.0,BetOnline.ag,0.5,120.0,theScore Bet,0.5,230.0,FanDuel,1.5,1400.0,DraftKings,2.5,3300.0,Bovada,,,,0.5,230.0,FanDuel,0.5,350.0,DraftKings,,,,,,,,,,0.5,350.0,DraftKings,0.5,350.0,DraftKings,,,,,,,,,,0.5,350.0,DraftKings,ALTLINE_NB_v1_2026-01-18,1.5,100.0,Bovada,exp/fallback,1.331,0.3664950586503419,36.6,0.5,-26.700988269931614,-26.7,0.3664950586503419,36.6,-26.700988269931614,-26.7,0.1689146036978379,16.9,-35.812450594821584,-35.8,0.0702540951471784,7.0,-43.79672388225728,-43.8,0.0271468001665698,2.7,-51.13575970017419,-51.1,0.5,120.0,theScore Bet,exp/fallback,0.579,0.4097571998042326,41.0,0.4545454545454545,-9.85341604306882,-9.9,0.4097571998042326,41.0,-9.85341604306882,-9.9,0.1255925789142402,12.6,-5.805565814319813,-5.8,0.0332476423497108,3.3,3.0676912841037685,3.1,0.0080546321748287,0.8,-67.78147130068515,-67.8,0.5,230.0,FanDuel,exp/fallback,0.321,0.2574773423851796,25.7,0.303030303030303,-15.032477012890732,-15.0,0.2574773423851796,25.7,-15.032477012890732,-15.0,0.0520919282582021,5.2,-21.86210761269671,-21.9,0.0094839675076034,0.9,-67.7545104741481,-67.8,,,,,0.5,350.0,DraftKings,exp/fallback,0.2214,0.1911479872104513,19.1,0.2222222222222222,-13.983405755296896,-14.0,0.1911479872104513,19.1,-13.983405755296896,-14.0,,,,,,,,,,,,,0.5,350.0,DraftKings,exp/fallback,0.21915,0.1852560367092538,18.5,0.2222222222222222,-16.634783480835768,-16.6,0.1852560367092538,18.5,-16.634783480835768,-16.6,,,,,,,,,,,,,False,False,False,False,False,4.7,,Active roster,2026-09-30T17:46:14+00:00,False,[],2025-2026,,2026-09-24-frozen-v2,2026-09-30T17:46:17.251356+00:00,0.5,400.0,BetRivers,The Odds API,"[""Bally Bet"", ""BetOnline.ag"", ""BetRivers"", ""Bovada"", ""Caesars"", ""DraftKings"", ""FanDuel"", ""Fanatics"", ""Fliff"", ""Hard Rock Bet"", ""theScore Bet""]",The Odds API,"[""Bally Bet"", ""BetOnline.ag"", ""BetRivers"", ""Bovada"", ""DraftKings"", ""FanDuel"", ""Fanatics"", ""Fliff"", ""Hard Rock Bet"", ""draftkings"", ""theScore Bet""]",The Odds API,"[""Bally Bet"", ""BetOnline.ag"", ""BetRivers"", ""Bovada"", ""Caesars"", ""DraftKings"", ""FanDuel"", ""Fanatics"", ""Fliff"", ""Hard Rock Bet"", ""draftkings"", ""theScore Bet""]",The Odds API,"[""Bally Bet"", ""BetMGM"", ""BetRivers"", ""Bovada"", ""Caesars"", ""DraftKings"", ""FanDuel"", ""Fanatics"", ""Fliff"", ""Hard Rock Bet"", ""fanduel"", ""theScore Bet""]",The Odds API,"[""Bally Bet"", ""BetMGM"", ""BetRivers"", ""Bovada"", ""Caesars"", ""DraftKings"", ""FanDuel"", ""Fanatics"", ""fanatics""]",0.5,400.0,BetRivers,1.5,1700.0,Bovada,,,,,,,The Odds API,"[""Bally Bet"", ""BetRivers"", ""Bovada"", ""FanDuel"", ""Fliff"", ""Hard Rock Bet"", ""theScore Bet""]",2026020008,8475170.0,PLAYER_ID,FINAL,0.0,L,OK,0.0,L,OK,1.0,L,OK,0.0,L,OK,0.0,L,OK,0.0,L,OK
2026-09-30,NYI@TOR,2026020008,6:30 PM,2026-09-30T23:30:00Z,Calum Ritchie,8484221,NYI,C,,Healthy,Unknown,,,0.0,0.0,,14.0,5.0,2026-09-30T17:46:06+00:00,TOR,Anthony Stolarz,0.8926553672316384,3.2823465898866293,68.0,Confirmed,dailyfaceoff_name_and_stats,23.6,5.0,23.6,5.0,7.0,74.7,66.1,A1+A2,13.47,38.9,64.5,1.06,NONE,False,False,26.07326076981269,2.48082909265284,41.6,55.7,7.0,1.75,True,1.5,1.25,2.2,1.745,63.5,8.0,3.0,14.0,1.0,2.0,5.0,14.0,22.0,8.0,13.0,27.0,51.0,GOOD,0.8,0.3,OK,0.7,,LOW,0.55,,OK,0.5,,LOW,0.4,,LOW,0.325,,LOW,1.4,,LOW,1.35,,LOW,1.275,,1.3775290572535517,0.5165733964700818,,,5.0,2.674871645486655,2.417798492517205,50.0,61.5,57.7,69.0,5.06,2.29,17.45,-2.94,-0.71,3.45,COOL,COOL,HOT,2.77,-2.23,COOL,Red,Red,Red,Red,53.0,64.0,66.0,57.0,GOAL,66.0,3.0,3.0,3.0,3.0,2.0,3.0,B,Hybrid,14.6,,46.9,,1.0,1.968974358974359,127.98333333333332,1.968974358974359,0.146216535283141,14.6,14.6,4.533402786821201,2.5409558536267745,2.3440552155228547,6.593949044585988,7.933755914650478,46.9,76.2,False,,,,🥅 D:3,,False,False,2.0,,False,0.0,,False,0.0,,1.5,130.0,Bovada,,,,,,,,,,1.5,130.0,Bovada,0.5,155.0,BetRivers,1.5,750.0,BetRivers,,,,,,,0.5,155.0,BetRivers,,,,,,,,,,,,,,,,0.5,425.0,theScore Bet,,,,,,,,,,0.5,425.0,theScore Bet,0.5,400.0,DraftKings,,,,,,,,,,0.5,400.0,DraftKings,ALTLINE_NB_v1_2026-01-18,1.5,130.0,Bovada,exp/fallback,1.745,0.4794678105873952,47.9,0.4347826086956521,10.27759643510089,10.3,0.4794678105873952,47.9,10.27759643510089,10.3,,,,,,,,,,,,,0.5,155.0,BetRivers,exp/fallback,0.506,0.3724098552028078,37.2,0.392156862745098,-5.035486923284016,-5.0,0.3724098552028078,37.2,-5.035486923284016,-5.0,0.102627667396012,10.3,-12.76648271338977,-12.8,,,,,,,,,,,,exp/fallback,0.277,,,,,,,,,,,,,,,,,,,,,,0.5,425.0,theScore Bet,exp/fallback,0.23086,0.1981346797455391,19.8,0.1904761904761904,4.02070686640803,4.0,0.1981346797455391,19.8,4.02070686640803,4.0,,,,,,,,,,,,,0.5,400.0,DraftKings,exp/fallback,0.2157725,0.182841462179021,18.3,0.2,-8.579268910489457,-8.6,0.182841462179021,18.3,-8.579268910489457,-8.6,,,,,,,,,,,,,True,False,False,False,False,7.0,,Active roster,2026-09-30T17:46:14+00:00,False,[],2025-2026,,2026-09-24-frozen-v2,2026-09-30T17:46:17.251356+00:00,,,,The Odds API,"[""Bally Bet"", ""BetRivers"", ""Bovada""]",,,The Odds API,"[""Bally Bet"", ""BetRivers""]",The Odds API,"[""Bally Bet"", ""BetMGM"", ""BetRivers"", ""Bovada"", ""Caesars"", ""DraftKings"", ""FanDuel"", ""Fanatics"", ""Fliff"", ""Hard Rock Bet"", ""theScore Bet""]",The Odds API,"[""Bally Bet"", ""BetMGM"", ""BetRivers"", ""Bovada"", ""Caesars"", ""DraftKings"", ""FanDuel"", ""Fanatics"", ""fanduel""]",,,,,,,,,,,,,,,2026020008,8484221.0,PLAYER_ID,FINAL,0.0,L,OK,0.0,,NO_LINE,2.0,W,OK,0.0,L,OK,0.0,L,OK,0.0,,NO_LINE
2026-09-30,NYI@TOR,2026020008,6:30 PM,2026-09-30T23:30:00Z,Casey Cizikas,8475231,NYI,C,,Healthy,Unknown,,,0.0,0.0,,14.0,5.0,2026-09-30T17:46:06+00:00,TOR,Anthony Stolarz,0.8926553672316384,3.2823465898866293,68.0,Confirmed,dailyfaceoff_name_and_stats,23.6,5.0,23.6,5.0,4.7,72.6,43.8,A1+A2,11.77,23.8,52.7,1.01,NONE,False,False,26.07326076981269,2.48082909265284,41.6,55.7,7.0,1.75,True,1.0,1.625,2.2,1.42,42.9,2.0,2.0,19.0,1.0,0.0,0.0,3.0,10.0,0.0,3.0,28.0,55.0,LOW,0.2,,LOW,0.15,,LOW,0.25,,LOW,0.0,,LOW,0.0,,LOW,0.075,,LOW,1.9,,LOW,1.4,,LOW,1.375,,1.0282986146532551,0.5141493073266277,,,0.0,2.674871645486655,2.417798492517205,50.0,61.5,49.3,69.0,2.62,1.63,14.2,0.62,-0.37,-4.8,COOL,COOL,COOL,1.0,1.0,COOL,Red,Red,Red,Red,39.0,56.0,63.0,50.0,GOAL,63.0,1.0,10.0,1.0,2.0,0.0,10.0,C,Passenger,0.3,,46.9,,0.0,0.0407407407407407,3.3,0.0407407407407407,0.0034620226605119,0.3,0.3,0.0,0.0,0.0,6.593949044585988,7.933755914650478,46.9,32.8,False,,,,🥅 D:1,,False,False,1.0,,False,0.0,,False,0.0,,,,,,,,,,,,,,,,,,,,,,,,,,,,,,,,,,,,,,,,,,,,,,,0.5,850.0,FanDuel,,,,,,,,,,0.5,850.0,FanDuel,0.5,850.0,FanDuel,,,,,,,,,,0.5,850.0,FanDuel,ALTLINE_NB_v1_2026-01-18,,,,exp/fallback,1.42,,,,,,,,,,,,,,,,,,,,,,,,,exp/fallback,0.262,,,,,,,,,,,,,,,,,,,,,,,,,exp/fallback,0.1,,,,,,,,,,,,,,,,,,,,,,0.5,850.0,FanDuel,exp/fallback,0.1838999999999999,0.1625976103882022,16.3,0.1052631578947368,54.46772986879208,54.5,0.1625976103882022,16.3,54.46772986879208,54.5,,,,,,,,,,,,,0.5,850.0,FanDuel,exp/fallback,0.1582124999999999,0.1398042845139573,14.0,0.1052631578947368,32.814070288259444,32.8,0.1398042845139573,14.0,32.814070288259444,32.8,,,,,,,,,,,,,False,False,True,True,False,4.7,,Active roster,2026-09-30T17:46:14+00:00,False,[],2025-2026,,2026-09-24-frozen-v2,2026-09-30T17:46:17.251356+00:00,,,,,,,,,,The Odds API,"[""Bally Bet"", ""BetMGM"", ""BetRivers"", ""Bovada"", ""Caesars"", ""DraftKings"", ""FanDuel"", ""Fanatics"", ""Fliff"", ""Hard Rock Bet"", ""theScore Bet""]",The Odds API,"[""Bally Bet"", ""BetMGM"", ""BetRivers"", ""Bovada"", ""Caesars"", ""DraftKings"", ""FanDuel"", ""Fanatics"", ""fanduel""]",,,,,,,,,,,,,,,2026020008,8475231.0,PLAYER_ID,FINAL,0.0,,NO_LINE,0.0,,NO_LINE,0.0,,NO_LINE,0.0,L,OK,0.0,L,OK,0.0,,NO_LINE
2026-09-30,NYI@TOR,2026020008,6:30 PM,2026-09-30T23:30:00Z,Emil Heineman,8482476,NYI,L,,Healthy,Unknown,,,0.0,0.0,,14.0,5.0,2026-09-30T17:46:06+00:00,TOR,Anthony Stolarz,0.8926553672316384,3.2823465898866293,68.0,Confirmed,dailyfaceoff_name_and_stats,23.6,5.0,23.6,5.0,4.7,87.8,46.6,A1+A2,16.62,61.1,68.0,1.07,NONE,False,False,26.07326076981269,2.48082909265284,41.6,55.7,7.0,1.75,True,1.0,1.25,1.0,1.0,12.7,3.0,2.0,14.0,1.0,0.0,1.0,8.0,11.0,1.0,2.0,42.0,90.0,LOW,0.3,-0.2,LOW,0.4,,LOW,0.275,,LOW,0.1,,LOW,0.05,,LOW,0.05,,LOW,1.4,,LOW,2.1,,LOW,2.25,,1.1851851851851851,0.1616161616161616,,,1.0,2.674871645486655,2.417798492517205,50.0,61.5,53.1,69.0,3.85,2.68,11.0,0.85,0.68,-4.0,COOL,COOL,COOL,1.18,0.18,COOL,Red,Red,Yellow,Red,47.0,63.0,72.0,57.0,GOAL,72.0,3.0,9.0,3.0,3.0,1.0,3.0,A,Shooter,9.6,,46.9,,2.0,1.5890243902439023,130.3,1.5890243902439023,0.0956318577142787,9.6,9.6,0.9808135072908672,0.9808135072908672,0.0,6.593949044585988,7.933755914650478,46.9,50.2,False,,,,🥅 D:3,,False,False,2.0,,False,0.0,,False,0.0,,1.5,-125.0,Bovada,2.5,250.0,FanDuel,3.5,650.0,Fanatics,4.5,1500.0,Fanatics,1.5,-125.0,Bovada,0.5,175.0,BetRivers,,,,,,,,,,0.5,175.0,BetRivers,,,,,,,,,,,,,,,,0.5,450.0,DraftKings,,,,,,,,,,0.5,450.0,DraftKings,0.5,475.0,fanatics,,,,,,,,,,0.5,475.0,fanatics,ALTLINE_NB_v1_2026-01-18,1.5,-125.0,Bovada,exp/fallback,1.1,0.2951240545579663,29.5,0.5555555555555556,-46.87767017956607,-46.9,0.2951240545579663,29.5,-46.87767017956607,-46.9,0.1190869247365296,11.9,-58.31957634221464,-58.3,0.0431493393233607,4.3,-67.63799550747945,-67.6,0.014486623260547,1.4,-76.82140278312471,-76.8,0.5,175.0,BetRivers,exp/fallback,0.385,0.3031451769025244,30.3,0.3636363636363636,-16.63507635180579,-16.6,0.3031451769025244,30.3,-16.63507635180579,-16.6,,,,,,,,,,,,,,,,exp/fallback,0.118,,,,,,,,,,,,,,,,,,,,,,0.5,450.0,DraftKings,exp/fallback,0.2154,0.186672442461026,18.7,0.1818181818181818,2.669843353564294,2.7,0.186672442461026,18.7,2.669843353564294,2.7,,,,,,,,,,,,,0.5,475.0,fanatics,exp/fallback,0.2094,0.178253480941408,17.8,0.1739130434782608,2.49575154130961,2.5,0.178253480941408,17.8,2.49575154130961,2.5,,,,,,,,,,,,,False,False,False,False,False,4.7,,Active roster,2026-09-30T17:46:14+00:00,False,[],2025-2026,,2026-09-24-frozen-v2,2026-09-30T17:46:17.251356+00:00,,,,The Odds API,"[""Bally Bet"", ""BetOnline.ag"", ""BetRivers"", ""Bovada"", ""Caesars"", ""DraftKings"", ""FanDuel"", ""Fanatics"", ""Fliff""]",,,The Odds API,"[""Bally Bet"", ""BetRivers""]",The Odds API,"[""Bally Bet"", ""BetMGM"", ""BetRivers"", ""Bovada"", ""Caesars"", ""DraftKings"", ""FanDuel"", ""Fanatics"", ""Fliff"", ""Hard Rock Bet"", ""theScore Bet""]",BallDontLie,"[""Bally Bet"", ""BetMGM"", ""BetRivers"", ""Bovada"", ""Caesars"", ""DraftKings"", ""FanDuel"", ""Fanatics"", ""fanatics""]",,,,,,,,,,,,,,,2026020008,8482476.0,PLAYER_ID,FINAL,1.0,W,OK,0.0,,NO_LINE,1.0,L,OK,1.0,W,OK,1.0,W,OK,0.0,,NO_LINE
2026-09-30,NYI@TOR,2026020008,6:30 PM,2026-09-30T23:30:00Z,Jean-Gabriel Pageau,8476419,NYI,C,,Healthy,Unknown,,,0.0,0.0,,14.0,5.0,2026-09-30T17:46:06+00:00,TOR,Anthony Stolarz,0.8926553672316384,3.2823465898866293,68.0,Confirmed,dailyfaceoff_name_and_stats,23.6,5.0,23.6,5.0,4.7,73.3,68.0,A1+A2,15.67,56.2,68.0,1.07,NONE,False,False,26.07326076981269,2.48082909265284,41.6,55.7,7.0,1.75,True,1.0,1.0,1.2,1.07,22.2,4.0,2.0,10.0,1.0,1.0,2.0,8.0,19.0,5.0,8.0,22.0,46.0,LOW,0.4,-0.1,LOW,0.4,,LOW,0.475,,LOW,0.2,,LOW,0.25,,LOW,0.2,,LOW,1.0,,LOW,1.1,,LOW,1.15,,1.6666049405577572,0.3999851857338617,,,2.0,2.674871645486655,2.417798492517205,50.0,61.5,64.2,69.0,4.54,1.93,10.7,0.54,-0.07,0.7,COOL,COOL,COOL,2.61,0.61,COOL,Red,Red,Red,Red,58.0,62.0,61.0,64.0,ASSISTS,64.0,3.0,4.0,3.0,10.0,1.0,7.0,C,Passenger,2.1,,46.9,,0.0,0.3310810810810811,24.5,0.3310810810810811,0.0211343541082596,2.1,2.1,1.5612244897959184,0.0,1.836734693877551,6.593949044585988,7.933755914650478,46.9,56.2,False,,,,🅰️ D:4,,False,False,2.0,,False,0.0,,False,0.0,,,,,,,,,,,,,,,,,0.5,180.0,BetRivers,,,,,,,,,,0.5,180.0,BetRivers,,,,,,,,,,,,,,,,0.5,550.0,FanDuel,,,,,,,,,,0.5,550.0,FanDuel,0.5,550.0,FanDuel,,,,,,,,,,0.5,550.0,FanDuel,ALTLINE_NB_v1_2026-01-18,,,,exp/fallback,1.0699999999999998,,,,,,,,,,,,,,,,,,,,,,0.5,180.0,BetRivers,exp/fallback,0.454,0.3438373065322352,34.4,0.3571428571428571,-3.725554170974144,-3.7,0.3438373065322352,34.4,-3.725554170974144,-3.7,,,,,,,,,,,,,,,,exp/fallback,0.261,,,,,,,,,,,,,,,,,,,,,,0.5,550.0,FanDuel,exp/fallback,0.1929,0.169576834276018,17.0,0.1538461538461538,10.224942279411698,10.2,0.169576834276018,17.0,10.224942279411698,10.2,,,,,,,,,,,,,0.5,550.0,FanDuel,exp/fallback,0.1728374999999999,0.1510880006846762,15.1,0.1538461538461538,-1.792799554960467,-1.8,0.1510880006846762,15.1,-1.792799554960467,-1.8,,,,,,,,,,,,,False,False,True,False,False,4.7,,Active roster,2026-09-30T17:46:14+00:00,False,[],2025-2026,,2026-09-24-frozen-v2,2026-09-30T17:46:17.251356+00:00,,,,,,,,The Odds API,"[""Bally Bet"", ""BetRivers""]",The Odds API,"[""Bally Bet"", ""BetMGM"", ""BetRivers"", ""Bovada"", ""Caesars"", ""DraftKings"", ""FanDuel"", ""Fliff"", ""Hard Rock Bet"", ""theScore Bet""]",The Odds API,"[""Bally Bet"", ""BetMGM"", ""BetRivers"", ""Bovada"", ""Caesars"", ""DraftKings"", ""FanDuel"", ""fanduel""]",,,,,,,,,,,,,,,2026020008,8476419.0,PLAYER_ID,FINAL,0.0,L,OK,0.0,,NO_LINE,1.0,,NO_LINE,0.0,L,OK,0.0,L,OK,0.0,,NO_LINE
2026-09-30,NYI@TOR,2026020008,6:30 PM,2026-09-30T23:30:00Z,Kyle MacLean,8481237,NYI,C,,Healthy,Unknown,,,0.0,0.0,,14.0,5.0,2026-09-30T17:46:06+00:00,TOR,Anthony Stolarz,0.8926553672316384,3.2823465898866293,68.0,Confirmed,dailyfaceoff_name_and_stats,23.6,5.0,23.6,5.0,,50.9,34.6,A1+A2,10.52,15.7,38.1,0.95,NONE,False,False,26.07326076981269,2.48082909265284,41.6,55.7,7.0,1.75,True,,,,,50.0,,,,,,,,,,,,,,,,,,,,,,,,,,,,,,,,,,,,,,,,0.6933744221879815,0.1981069777679947,,,0.0,2.674871645486655,2.417798492517205,50.0,61.5,43.4,69.0,1.73,0.92,,,,,COOL,COOL,COOL,0.81,,COOL,Red,Red,Red,Red,40.0,45.0,47.0,36.0,GOAL,47.0,,,,,,,C,Passenger,0.3,,46.9,,0.0,0.0347457627118644,2.05,0.0347457627118644,0.0033029888020623,0.3,0.3,0.0,0.0,0.0,6.593949044585988,7.933755914650478,46.9,32.8,False,,,,,,False,False,1.0,,False,0.0,,False,0.0,,,,,,,,,,,,,,,,,,,,,,,,,,,,,,,,,,,,,,,,,,,,,,,,,,,,,,,,,,,,,,,,,,,,,,,,,,,,,ALTLINE_NB_v1_2026-01-18,,,,league_avg,2.3,,,,,,,,,,,,,,,,,,,,,,,,,exp/fallback,0.173,,,,,,,,,,,,,,,,,,,,,,,,,exp/fallback,0.081,,,,,,,,,,,,,,,,,,,,,,,,,exp/fallback,0.2168,,,,,,,,,,,,,,,,,,,,,,,,,exp/fallback,0.1648,,,,,,,,,,,,,,,,,,,,,,False,False,False,False,False,,,Active roster,2026-09-30T17:46:14+00:00,False,[],2025-2026,,2026-09-24-frozen-v2,2026-09-30T17:46:17.251356+00:00,,,,,,,,,,,,,,,,,,,,,,,,,,,,2026020008,,,NO_PLAYER,,,NO_PLAYER,,,NO_PLAYER,,,NO_PLAYER,,,NO_PLAYER,,,NO_PLAYER,,,NO_PLAYER
2026-09-30,NYI@TOR,2026020008,6:30 PM,2026-09-30T23:30:00Z,Kyle Palmieri,8475151,NYI,C,,Healthy,Unknown,,,0.0,0.0,,14.0,5.0,2026-09-30T17:46:06+00:00,TOR,Anthony Stolarz,0.8926553672316384,3.2823465898866293,68.0,Confirmed,dailyfaceoff_name_and_stats,23.6,5.0,23.6,5.0,,62.1,54.3,A1+A2,18.88,77.3,62.4,1.05,NONE,False,False,26.07326076981269,2.48082909265284,41.6,55.7,7.0,1.75,True,,,,,50.0,,,,,,,,,,,,,,,,,,,,,,,,,,,,,,,,,,,,,,,,1.8698384667324568,0.3739676933464914,,,0.0,2.674871645486655,2.417798492517205,50.0,61.5,68.0,69.0,8.58,3.54,,,,,COOL,COOL,COOL,5.54,,COOL,Red,Red,Red,Red,58.0,56.0,56.0,56.0,POINTS,58.0,,,,,,,B,Hybrid,18.3,,46.9,,1.0,3.4453333333333336,86.13333333333334,3.4453333333333336,0.1825180999470245,18.3,18.3,4.90750773993808,2.835139318885449,2.438080495356037,6.593949044585988,7.933755914650478,46.9,81.0,False,,,,,,False,False,1.0,,False,0.0,,False,0.0,,1.5,-240.0,DraftKings,2.5,120.0,Hard Rock Bet,3.5,280.0,Fanatics,4.5,650.0,Fanatics,2.5,120.0,Hard Rock Bet,0.5,105.0,theScore Bet,1.5,550.0,theScore Bet,2.5,1900.0,Fanatics,3.5,4300.0,BetOnline.ag,0.5,105.0,theScore Bet,0.5,210.0,Hard Rock Bet,1.5,1300.0,DraftKings,2.5,3300.0,Bovada,,,,0.5,210.0,Hard Rock Bet,0.5,310.0,FanDuel,,,,,,,,,,0.5,310.0,FanDuel,0.5,310.0,BetRivers,,,,,,,,,,0.5,310.0,BetRivers,ALTLINE_NB_v1_2026-01-18,2.5,120.0,Hard Rock Bet,league_avg,2.3,0.3835789960842564,38.4,0.4545454545454545,-15.6126208614636,-15.6,0.6001759479749428,60.0,-14.975074036883107,-15.0,0.3835789960842564,38.4,-15.6126208614636,-15.6,0.2254288407355011,22.5,-14.33704052050956,-14.3,0.1243884637071297,12.4,-6.708652219652689,-6.7,0.5,105.0,theScore Bet,exp/fallback,0.858,0.5277616531848653,52.8,0.4878048780487805,8.1911389028974,8.2,0.5277616531848653,52.8,8.1911389028974,8.2,0.2161562532253286,21.6,40.5015645964636,40.5,0.0773680755843491,7.7,54.73615116869821,54.7,0.0254732728703259,2.5,12.082400629434265,12.1,0.5,210.0,Hard Rock Bet,exp/fallback,0.554,0.3867773247424925,38.7,0.3225806451612903,19.90097067017268,19.9,0.3867773247424925,38.7,19.90097067017268,19.9,0.1207433685227123,12.1,69.04071593179735,69.0,0.034183377285971,3.4,16.22348277230171,16.2,,,,,0.5,310.0,FanDuel,exp/fallback,0.3216,0.2610562077763569,26.1,0.2439024390243902,7.033045188306353,7.0,0.2610562077763569,26.1,7.033045188306353,7.0,,,,,,,,,,,,,0.5,310.0,BetRivers,exp/fallback,0.3351,0.2615239205967304,26.2,0.2439024390243902,7.224807444659498,7.2,0.2615239205967304,26.2,7.224807444659498,7.2,,,,,,,,,,,,,False,False,False,False,True,,,Active roster,2026-09-30T17:46:14+00:00,False,[],2025-2026,,2026-09-24-frozen-v2,2026-09-30T17:46:17.251356+00:00,0.5,400.0,BetRivers,The Odds API,"[""Bally Bet"", ""BetOnline.ag"", ""BetRivers"", ""Bovada"", ""Caesars"", ""DraftKings"", ""FanDuel"", ""Fanatics"", ""Fliff"", ""Hard Rock Bet"", ""draftkings"", ""theScore Bet""]",The Odds API,"[""Bally Bet"", ""BetOnline.ag"", ""BetRivers"", ""Bovada"", ""DraftKings"", ""FanDuel"", ""Fanatics"", ""Fliff"", ""Hard Rock Bet"", ""draftkings"", ""theScore Bet""]",The Odds API,"[""Bally Bet"", ""BetOnline.ag"", ""BetRivers"", ""Bovada"", ""Caesars"", ""DraftKings"", ""FanDuel"", ""Fanatics"", ""Fliff"", ""Hard Rock Bet"", ""draftkings"", ""theScore Bet""]",The Odds API,"[""Bally Bet"", ""BetMGM"", ""BetRivers"", ""Bovada"", ""Caesars"", ""DraftKings"", ""FanDuel"", ""Fanatics"", ""Fliff"", ""Hard Rock Bet"", ""fanduel"", ""theScore Bet""]",The Odds API,"[""Bally Bet"", ""BetMGM"", ""BetRivers"", ""Bovada"", ""Caesars"", ""DraftKings"", ""FanDuel"", ""Fanatics"", ""betrivers""]",0.5,400.0,BetRivers,1.5,1800.0,Bovada,,,,,,,The Odds API,"[""Bally Bet"", ""BetRivers"", ""Bovada"", ""FanDuel"", ""Fliff"", ""Hard Rock Bet"", ""theScore Bet""]",2026020008,8475151.0,PLAYER_ID,FINAL,0.0,L,OK,0.0,L,OK,4.0,W,OK,0.0,L,OK,0.0,L,OK,0.0,L,OK
2026-09-30,NYI@TOR,2026020008,6:30 PM,2026-09-30T23:30:00Z,Logan Stanley,8479378,NYI,D,,Unknown,,,,,,,,,,,,,,,,,,,,,,,,,,,,,,,,,,,,,,,,,,,,,,,,,,,,,,,,,,,,,,,,,,,,,,,,,,,,,,,,,,,,,,,,,,,,,,,,,,,,,,,,,,,,,,,,,,,,,,,,,,,,,,,,,,,,,,,,,,,,,,,,,,,,,,,,,,,,,,,,,,,,,,,,,,,,,,,,,,,,,,,,,,,,,,,,,,,,,,,,,,,,,,,,,,,,,,,,,,,,,,,,,,,,,,,,,,,,,,,,,,,,,,,,,,,,,,,,,,,,,,,,,,,,,,,,,,,,,,,,,,,,,,,,,,,,,,,,,,,,,,,,,,,,,,,,0.5,1700.0,fanduel,,,,,,,,,,,,,,,,,,,,,,,,,,,,,,,,,,,,,,,,,,,,,,,,,,,,,,,,,Active roster,2026-09-30T17:46:14+00:00,True,[],Unavailable,True,2026-09-24-frozen-v2,2026-09-30T17:46:17.251356+00:00,,,,,,,,,,,,,,,,,,,,,,,,,,,,2026020008,8479378.0,PLAYER_ID,FINAL,0.0,,NO_LINE,0.0,,NO_LINE,0.0,,NO_LINE,0.0,L,OK,0.0,,NO_LINE,0.0,,NO_LINE
2026-09-30,NYI@TOR,2026020008,6:30 PM,2026-09-30T23:30:00Z,Matias Maccelli,8481711,NYI,L,,Unknown,,,,,,,,,,,,,,,,,,,,,,,,,,,,,,,,,,,,,,,,,,,,,,,,,,,,,,,,,,,,,,,,,,,,,,,,,,,,,,,,,,,,,,,,,,,,,,,,,,,,,,,,,,,,,,,,,,,,,,,,,,,,,,,,,,,,,,,,,,,,,,,,,,,,,,,,,,,,,,,,,,,,,,,,,,,,,,,,,,,,,,,,,,,,,,,,,,,,,,,,,,,,,,,,,,,,,,,,,,,,,,,,,,,,,,,,,,2.5,210.0,fanduel,,,,,,,,,,,,,,,,,,,,,,,,0.5,114.0,fanduel,,,,,,,,,,,,,,,,,,,,,,,,0.5,200.0,fanduel,,,,,,,,,,,,,,,,,,,,,,,,0.5,370.0,fanduel,,,,,,,,,,,,,,,,,,,,,,,,,,,,,,,,,,,,,,,,,,,,,,,,,,,,,,,,,Active roster,2026-09-30T17:46:14+00:00,True,[],Unavailable,True,2026-09-24-frozen-v2,2026-09-30T17:46:17.251356+00:00,0.5,330.0,fanduel,,,,,,,,,,,,,,,,,,,,,,,,,2026020008,8481711.0,PLAYER_ID,FINAL,0.0,L,OK,0.0,L,OK,1.0,L,OK,0.0,L,OK,0.0,,NO_LINE,0.0,L,OK
2026-09-30,NYI@TOR,2026020008,6:30 PM,2026-09-30T23:30:00Z,Matthew Schaefer,8485366,NYI,D,⭐ STAR,Healthy,Unknown,,,0.0,0.0,,14.0,5.0,2026-09-30T17:46:06+00:00,TOR,Anthony Stolarz,0.8926553672316384,3.2823465898866293,68.0,Confirmed,dailyfaceoff_name_and_stats,23.6,5.0,23.6,5.0,18.6,80.4,90.6,A1+A2,24.68,98.9,87.7,1.19,STAR,False,True,26.07326076981269,2.48082909265284,41.6,55.7,7.0,1.75,True,4.0,3.625,3.4,3.79,95.2,7.0,1.0,35.0,1.0,1.0,6.0,15.0,31.0,12.0,20.0,71.0,109.0,OK,0.7,0.2,OK,0.75,,OK,0.775,,GOOD,0.6,,GOOD,0.6,,OK,0.5,,STRONG,3.5,,STRONG,3.55,,OK,2.725,,1.1310207353801487,0.4290078651441943,,,6.0,2.674871645486655,2.417798492517205,50.0,61.5,52.0,69.0,8.38,2.65,41.69,0.62,1.41,2.9,COOL,COOL,HOT,5.73,-0.79,COOL,Yellow,Green,Yellow,Yellow,77.0,77.0,78.0,75.0,GOAL,78.0,3.0,4.0,3.0,0.0,1.0,8.0,A,Distributor,12.7,,46.9,,2.0,3.1260162601626016,256.3333333333333,3.1260162601626016,0.1266479467057535,12.7,12.7,2.30851755526658,0.8660598179453837,1.6970091027308192,6.593949044585988,7.933755914650478,46.9,69.8,False,,,,🅿️ PTS D:3 | 🥅 D:3,🥅 GOAL EARNED,False,True,3.0,"SOG,REG,G",False,0.0,,False,0.0,,1.5,-360.0,DraftKings,2.5,-125.0,DraftKings,3.5,190.0,Fanatics,4.5,440.0,Fanatics,2.5,-125.0,DraftKings,0.5,-125.0,Fanatics,1.5,390.0,Fanatics,2.5,1500.0,Fanatics,3.5,3200.0,BetOnline.ag,0.5,-125.0,Fanatics,0.5,125.0,BetOnline.ag,1.5,600.0,DraftKings,2.5,2800.0,Fanatics,,,,0.5,125.0,BetOnline.ag,0.5,380.0,FanDuel,,,,,,,,,,0.5,380.0,FanDuel,0.5,380.0,FanDuel,,,,,,,,,,0.5,380.0,FanDuel,ALTLINE_NB_v1_2026-01-18,2.5,-125.0,DraftKings,exp/fallback,4.169,0.6754389001855681,67.5,0.5555555555555556,21.57900203340225,21.6,0.8251625409798247,82.5,5.437435791866485,5.4,0.6754389001855681,67.5,21.57900203340225,21.6,0.5226177816958495,52.3,51.559156691796346,51.6,0.3861329395828167,38.6,108.51178737472104,108.5,0.5,-125.0,Fanatics,exp/fallback,0.8380000000000001,0.5204220499924024,52.0,0.5555555555555556,-6.324031001367569,-6.3,0.5204220499924024,52.0,-6.324031001367569,-6.3,0.2096771941149053,21.0,2.741825116303631,2.7,0.0737668657091942,7.4,18.02698513471076,18.0,0.0238640708312911,2.4,-21.248566256739167,-21.2,0.5,125.0,BetOnline.ag,exp/fallback,0.5730000000000001,0.3958004201905977,39.6,0.4444444444444444,-10.944905457115516,-10.9,0.3958004201905977,39.6,-10.944905457115516,-10.9,0.1266932618300944,12.7,-11.314716718933893,-11.3,0.0367991294512166,3.7,6.717475408528317,6.7,,,,,0.5,380.0,FanDuel,exp/fallback,0.286,0.2372236109283544,23.7,0.2083333333333333,13.867333245610114,13.9,0.2372236109283544,23.7,13.867333245610114,13.9,,,,,,,,,,,,,0.5,380.0,FanDuel,exp/fallback,0.27725,0.2250173416248475,22.5,0.2083333333333333,8.008323979926812,8.0,0.2250173416248475,22.5,8.008323979926812,8.0,,,,,,,,,,,,,True,False,True,False,False,18.6,,Active roster,2026-09-30T17:46:14+00:00,False,"[{""market"":""SOG"",""name"":""Jungle Stance"",""kind"":""STANCE"",""rule"":""Green + SOG 2.5 + Conf_SOG >= 75"",""icon"":""sog_basic_swipe.svg"",""kit_version"":""2026-09-24-frozen-v2""},{""market"":""SOG"",""name"":""Paralysis"",""kind"":""ENV"",""rule"":""Goalie_Weak >= 62.5"",""icon"":""sog_env_paralysis.svg"",""kit_version"":""2026-09-24-frozen-v2""},{""market"":""SOG"",""name"":""Berserker’s Rage"",""kind"":""HEAVY"",""rule"":""L20_A >= 9 + L40_A <= 29"",""icon"":""sog_berserkers_rage.svg"",""kit_version"":""2026-09-24-frozen-v2""}]",2025-2026,,2026-09-24-frozen-v2,2026-09-30T17:46:17.251356+00:00,0.5,240.0,BetRivers,The Odds API,"[""Bally Bet"", ""BetOnline.ag"", ""BetRivers"", ""Bovada"", ""DraftKings"", ""FanDuel"", ""Fanatics"", ""Fliff"", ""Hard Rock Bet"", ""draftkings"", ""theScore Bet""]",The Odds API,"[""Bally Bet"", ""BetOnline.ag"", ""BetRivers"", ""Bovada"", ""DraftKings"", ""FanDuel"", ""Fanatics"", ""Fliff"", ""Hard Rock Bet"", ""draftkings"", ""theScore Bet""]",The Odds API,"[""Bally Bet"", ""BetOnline.ag"", ""BetRivers"", ""Bovada"", ""Caesars"", ""DraftKings"", ""FanDuel"", ""Fanatics"", ""Fliff"", ""Hard Rock Bet"", ""draftkings"", ""theScore Bet""]",The Odds API,"[""Bally Bet"", ""BetMGM"", ""BetRivers"", ""Bovada"", ""Caesars"", ""DraftKings"", ""FanDuel"", ""Fanatics"", ""Fliff"", ""Hard Rock Bet"", ""theScore Bet""]",The Odds API,"[""Bally Bet"", ""BetMGM"", ""BetRivers"", ""Bovada"", ""Caesars"", ""DraftKings"", ""FanDuel"", ""Fanatics"", ""fanduel""]",0.5,240.0,BetRivers,1.5,1000.0,Bovada,,,,,,,The Odds API,"[""Bally Bet"", ""BetRivers"", ""Bovada"", ""FanDuel"", ""Fliff"", ""Hard Rock Bet"", ""theScore Bet""]",2026020008,8485366.0,PLAYER_ID,FINAL,0.0,L,OK,0.0,L,OK,3.0,W,OK,0.0,L,OK,0.0,L,OK,0.0,L,OK
2026-09-30,NYI@TOR,2026020008,6:30 PM,2026-09-30T23:30:00Z,Ondrej Palat,8476292,NYI,L,,Healthy,Unknown,,,0.0,0.0,,14.0,5.0,2026-09-30T17:46:06+00:00,TOR,Anthony Stolarz,0.8926553672316384,3.2823465898866293,68.0,Confirmed,dailyfaceoff_name_and_stats,23.6,5.0,23.6,5.0,,68.4,49.3,A1+A2,12.82,35.1,55.1,1.02,NONE,False,False,26.07326076981269,2.48082909265284,41.6,55.7,7.0,1.75,True,,,,,50.0,,,,,,,,,,,,,,,,,,,,,,,,,,,,,,,,,,,,,,,,0.7157704473565296,0.2602801626751017,,,0.0,2.674871645486655,2.417798492517205,50.0,61.5,43.9,69.0,2.65,1.38,,,,,COOL,COOL,COOL,1.27,,COOL,Red,Red,Red,Red,49.0,56.0,58.0,46.0,GOAL,58.0,,,,,,,C,Passenger,5.6,,46.9,,0.0,0.7170833333333333,57.36666666666667,0.7170833333333333,0.0559356463801088,5.6,5.6,1.7022080185938406,1.0354445090063915,0.7844276583381755,6.593949044585988,7.933755914650478,46.9,54.9,False,,,,,,False,False,1.0,,False,0.0,,False,0.0,,,,,,,,,,,,,,,,,,,,,,,,,,,,,,,,,,,,,,,,,,,,,,,0.5,1000.0,DraftKings,,,,,,,,,,0.5,1000.0,DraftKings,0.5,1000.0,DraftKings,,,,,,,,,,0.5,1000.0,DraftKings,ALTLINE_NB_v1_2026-01-18,,,,league_avg,2.3,,,,,,,,,,,,,,,,,,,,,,,,,exp/fallback,0.265,,,,,,,,,,,,,,,,,,,,,,,,,exp/fallback,0.127,,,,,,,,,,,,,,,,,,,,,,0.5,1000.0,DraftKings,exp/fallback,0.2352,0.2013117373000228,20.1,0.0909090909090909,121.44291103002512,121.4,0.2013117373000228,20.1,121.44291103002512,121.4,,,,,,,,,,,,,0.5,1000.0,DraftKings,exp/fallback,0.1946999999999999,0.1675063607315534,16.8,0.0909090909090909,84.25699680470879,84.3,0.1675063607315534,16.8,84.25699680470879,84.3,,,,,,,,,,,,,False,False,True,True,False,,,Active roster,2026-09-30T17:46:14+00:00,False,[],2025-2026,,2026-09-24-frozen-v2,2026-09-30T17:46:17.251356+00:00,,,,,,,,,,The Odds API,"[""Bally Bet"", ""BetMGM"", ""BetRivers"", ""Bovada"", ""Caesars"", ""DraftKings"", ""FanDuel"", ""Fanatics"", ""Fliff"", ""Hard Rock Bet"", ""theScore Bet""]",The Odds API,"[""Bally Bet"", ""BetMGM"", ""BetRivers"", ""Bovada"", ""Caesars"", ""DraftKings"", ""FanDuel"", ""Fanatics"", ""fanatics""]",,,,,,,,,,,,,,,2026020008,8476292.0,PLAYER_ID,FINAL,0.0,,NO_LINE,0.0,,NO_LINE,2.0,,NO_LINE,0.0,L,OK,0.0,L,OK,0.0,,NO_LINE
2026-09-30,NYI@TOR,2026020008,6:30 PM,2026-09-30T23:30:00Z,Ryan Pulock,8477506,NYI,D,,Healthy,Unknown,,,0.0,0.0,,14.0,5.0,2026-09-30T17:46:06+00:00,TOR,Anthony Stolarz,0.8926553672316384,3.2823465898866293,68.0,Confirmed,dailyfaceoff_name_and_stats,23.6,5.0,23.6,5.0,7.0,38.0,77.8,A1+A2,20.82,90.8,62.5,1.05,NONE,False,False,26.07326076981269,2.48082909265284,41.6,55.7,7.0,1.75,True,1.5,1.25,0.8,1.255,36.5,2.0,0.0,14.0,0.0,1.0,2.0,4.0,11.0,4.0,9.0,25.0,45.0,LOW,0.2,-0.3,LOW,0.2,,LOW,0.275,,LOW,0.2,,LOW,0.2,,LOW,0.225,,LOW,1.4,,LOW,1.25,,LOW,1.125,,1.061987764054023,0.4155604294124437,,,2.0,2.674871645486655,2.417798492517205,50.0,61.5,50.4,69.0,3.8,0.48,12.55,1.8,0.48,-1.45,WARM,COOL,COOL,3.32,1.32,COOL,Yellow,Red,Red,Yellow,67.0,41.0,47.0,65.0,POINTS,67.0,0.0,0.0,10.0,0.0,0.0,10.0,C,Passenger,0.6,,46.9,,0.0,0.1168859649122806,8.883333333333333,0.1168859649122806,0.0056152549515381,0.6,0.6,5.943714821763603,0.2026266416510319,6.75422138836773,6.593949044585988,7.933755914650478,46.9,61.4,False,,,,🅿️ D:0,,False,False,2.0,,False,0.0,,False,0.0,,1.5,175.0,Bovada,,,,,,,,,,1.5,175.0,Bovada,0.5,220.0,BetRivers,,,,,,,,,,0.5,220.0,BetRivers,,,,,,,,,,,,,,,,0.5,1600.0,FanDuel,,,,,,,,,,0.5,1600.0,FanDuel,0.5,1600.0,FanDuel,,,,,,,,,,0.5,1600.0,FanDuel,ALTLINE_NB_v1_2026-01-18,1.5,175.0,Bovada,exp/fallback,1.255,0.3436156858142144,34.4,0.3636363636363636,-5.505686401091037,-5.5,0.3436156858142144,34.4,-5.505686401091037,-5.5,,,,,,,,,,,,,0.5,220.0,BetRivers,exp/fallback,0.38,0.300065500269945,30.0,0.3125,-3.979039913617577,-4.0,0.300065500269945,30.0,-3.979039913617577,-4.0,,,,,,,,,,,,,,,,exp/fallback,0.3319999999999999,,,,,,,,,,,,,,,,,,,,,,0.5,1600.0,FanDuel,exp/fallback,0.1493999999999999,0.1350695401203425,13.5,0.0588235294117647,129.61821820458235,129.6,0.1350695401203425,13.5,129.61821820458235,129.6,,,,,,,,,,,,,0.5,1600.0,FanDuel,exp/fallback,0.1021499999999999,0.0941683095930099,9.4,0.0588235294117647,60.08612630811688,60.1,0.0941683095930099,9.4,60.08612630811688,60.1,,,,,,,,,,,,,False,False,True,True,False,7.0,,Active roster,2026-09-30T17:46:14+00:00,False,[],2025-2026,,2026-09-24-frozen-v2,2026-09-30T17:46:17.251356+00:00,,,,The Odds API,"[""Bally Bet"", ""BetRivers"", ""Bovada""]",,,The Odds API,"[""Bally Bet"", ""BetRivers""]",The Odds API,"[""Bally Bet"", ""BetMGM"", ""BetRivers"", ""Bovada"", ""Caesars"", ""DraftKings"", ""FanDuel"", ""Fanatics"", ""Fliff"", ""Hard Rock Bet"", ""theScore Bet""]",The Odds API,"[""Bally Bet"", ""BetMGM"", ""BetRivers"", ""Bovada"", ""Caesars"", ""DraftKings"", ""FanDuel"", ""Fanatics"", ""fanduel""]",,,,,,,,,,,,,,,2026020008,8477506.0,PLAYER_ID,FINAL,0.0,L,OK,0.0,,NO_LINE,0.0,L,OK,0.0,L,OK,0.0,L,OK,0.0,,NO_LINE
2026-09-30,NYI@TOR,2026020008,6:30 PM,2026-09-30T23:30:00Z,Scott Mayfield,8476429,NYI,D,,Healthy,Unknown,,,0.0,0.0,,14.0,5.0,2026-09-30T17:46:06+00:00,TOR,Anthony Stolarz,0.8926553672316384,3.2823465898866293,68.0,Confirmed,dailyfaceoff_name_and_stats,23.6,5.0,23.6,5.0,,35.1,56.5,A1+A2,16.47,60.0,47.6,0.99,NONE,False,False,26.07326076981269,2.48082909265284,41.6,55.7,7.0,1.75,True,,,,,50.0,,,,,,,,,,,,,,,,,,,,,,,,,,,,,,,,,,,,,,,,0.772642724281013,0.2060380598082701,,,0.0,2.674871645486655,2.417798492517205,50.0,61.5,45.5,69.0,1.97,0.36,,,,,COOL,COOL,COOL,1.61,,COOL,Red,Red,Red,Red,56.0,40.0,40.0,49.0,POINTS,56.0,,,,,,,C,Passenger,0.1,,46.9,,0.0,0.0204166666666666,1.6333333333333333,0.0204166666666666,0.0012395492088387,0.1,0.1,0.3673469387755102,0.3673469387755102,0.0,6.593949044585988,7.933755914650478,46.9,27.7,False,,,,,,False,False,1.0,,False,0.0,,False,0.0,,,,,,,,,,,,,,,,,,,,,,,,,,,,,,,,,,,,,,,,,,,,,,,,,,,,,,,,,,,,,,,,,,,,,,,,,,,,,ALTLINE_NB_v1_2026-01-18,,,,league_avg,2.3,,,,,,,,,,,,,,,,,,,,,,,,,exp/fallback,0.197,,,,,,,,,,,,,,,,,,,,,,,,,exp/fallback,0.161,,,,,,,,,,,,,,,,,,,,,,,,,exp/fallback,0.1944,,,,,,,,,,,,,,,,,,,,,,,,,exp/fallback,0.1284,,,,,,,,,,,,,,,,,,,,,,False,False,False,False,False,,,Active roster,2026-09-30T17:46:14+00:00,False,[],2025-2026,,2026-09-24-frozen-v2,2026-09-30T17:46:17.251356+00:00,,,,,,,,,,,,,,,,,,,,,,,,,,,,2026020008,,,NO_PLAYER,,,NO_PLAYER,,,NO_PLAYER,,,NO_PLAYER,,,NO_PLAYER,,,NO_PLAYER,,,NO_PLAYER
2026-09-30,NYI@TOR,2026020008,6:30 PM,2026-09-30T23:30:00Z,Simon Holmstrom,8481601,NYI,R,,Healthy,Unknown,,,0.0,0.0,,14.0,5.0,2026-09-30T17:46:06+00:00,TOR,Anthony Stolarz,0.8926553672316384,3.2823465898866293,68.0,Confirmed,dailyfaceoff_name_and_stats,23.6,5.0,23.6,5.0,4.7,75.7,74.9,A1+A2,16.73,62.2,72.7,1.09,NONE,False,False,26.07326076981269,2.48082909265284,41.6,55.7,7.0,1.75,True,1.0,1.375,1.0,1.0,12.7,4.0,2.0,14.0,0.0,1.0,2.0,8.0,23.0,3.0,12.0,33.0,61.0,LOW,0.4,-0.1,LOW,0.4,,LOW,0.575,,LOW,0.2,,LOW,0.15,,LOW,0.3,,LOW,1.4,,LOW,1.65,,LOW,1.525,,1.519808166435881,0.3647539599446114,,,2.0,2.674871645486655,2.417798492517205,50.0,61.5,60.7,69.0,5.05,2.02,11.0,1.05,0.02,-4.0,COOL,COOL,COOL,3.34,1.04,COOL,Yellow,Red,Red,Yellow,67.0,56.0,65.0,68.0,ASSISTS,68.0,4.0,4.0,7.0,3.0,1.0,7.0,B,Distributor,7.8,,46.9,,1.0,1.311603375527426,103.61666666666666,1.311603375527426,0.0784044189976543,7.8,7.8,1.7646774971851376,0.4111307704680714,1.5924079137847835,6.593949044585988,7.933755914650478,46.9,61.0,False,,,,🅰️ D:4,,False,False,2.0,,False,0.0,,False,0.0,,1.5,110.0,Bovada,,,,,,,,,,1.5,110.0,Bovada,0.5,150.0,theScore Bet,1.5,900.0,theScore Bet,2.5,3500.0,Fanatics,3.5,3500.0,BetOnline.ag,0.5,150.0,theScore Bet,0.5,300.0,Hard Rock Bet,1.5,1900.0,BetOnline.ag,2.5,3300.0,Bovada,,,,0.5,300.0,Hard Rock Bet,0.5,360.0,theScore Bet,,,,,,,,,,0.5,360.0,theScore Bet,0.5,360.0,FanDuel,,,,,,,,,,0.5,360.0,FanDuel,ALTLINE_NB_v1_2026-01-18,1.5,110.0,Bovada,exp/fallback,1.1,0.2951240545579663,29.5,0.4761904761904761,-38.02394854282707,-38.0,0.2951240545579663,29.5,-38.02394854282707,-38.0,,,,,,,,,,,,,0.5,150.0,theScore Bet,exp/fallback,0.505,0.3718763829358538,37.2,0.4,-7.030904266036552,-7.0,0.3718763829358538,37.2,-7.030904266036552,-7.0,0.102318340346184,10.2,2.318340346184033,2.3,0.0242341272442051,2.4,-12.75714192086146,-12.8,0.0052453029546933,0.5,-81.1169093631038,-81.1,0.5,300.0,Hard Rock Bet,exp/fallback,0.3339999999999999,0.2657257676653529,26.6,0.25,6.290307066141176,6.3,0.2657257676653529,26.6,6.290307066141176,6.3,0.0555735880597214,5.6,11.147176119442914,11.1,0.0104638014348622,1.0,-64.42307512146834,-64.4,,,,,0.5,360.0,theScore Bet,exp/fallback,0.1956,0.1716547190483262,17.2,0.217391304347826,-21.03882923776996,-21.0,0.1716547190483262,17.2,-21.03882923776996,-21.0,,,,,,,,,,,,,0.5,360.0,FanDuel,exp/fallback,0.177225,0.1544255621223886,15.4,0.217391304347826,-28.96424142370121,-29.0,0.1544255621223886,15.4,-28.96424142370121,-29.0,,,,,,,,,,,,,False,False,False,False,False,4.7,,Active roster,2026-09-30T17:46:14+00:00,False,[],2025-2026,,2026-09-24-frozen-v2,2026-09-30T17:46:17.251356+00:00,0.5,650.0,Hard Rock Bet,The Odds API,"[""Bally Bet"", ""BetRivers"", ""Bovada""]",The Odds API,"[""Bally Bet"", ""BetOnline.ag"", ""BetRivers"", ""Bovada"", ""DraftKings"", ""Fanatics"", ""Fliff"", ""Hard Rock Bet"", ""draftkings"", ""theScore Bet""]",The Odds API,"[""Bally Bet"", ""BetOnline.ag"", ""BetRivers"", ""Bovada"", ""DraftKings"", ""Fanatics"", ""Fliff"", ""Hard Rock Bet"", ""draftkings"", ""theScore Bet""]",The Odds API,"[""Bally Bet"", ""BetMGM"", ""BetRivers"", ""Bovada"", ""Caesars"", ""DraftKings"", ""FanDuel"", ""Fanatics"", ""Fliff"", ""Hard Rock Bet"", ""theScore Bet""]",The Odds API,"[""Bally Bet"", ""BetMGM"", ""BetRivers"", ""Bovada"", ""Caesars"", ""DraftKings"", ""FanDuel"", ""Fanatics"", ""fanduel""]",0.5,650.0,Hard Rock Bet,,,,,,,,,,The Odds API,"[""Bovada"", ""Hard Rock Bet"", ""theScore Bet""]",2026020008,8481601.0,PLAYER_ID,FINAL,0.0,L,OK,0.0,L,OK,0.0,L,OK,0.0,L,OK,0.0,L,OK,0.0,L,OK
2026-09-30,NYI@TOR,2026020008,6:30 PM,2026-09-30T23:30:00Z,Tony DeAngelo,8477950,NYI,D,,Healthy,Unknown,,,0.0,0.0,,14.0,5.0,2026-09-30T17:46:06+00:00,TOR,Anthony Stolarz,0.8926553672316384,3.2823465898866293,68.0,Confirmed,dailyfaceoff_name_and_stats,23.6,5.0,23.6,5.0,9.3,57.7,85.3,A1+A2,19.14,81.6,72.1,1.09,NONE,False,False,26.07326076981269,2.48082909265284,41.6,55.7,7.0,1.75,True,2.0,2.0,1.8,1.93,68.3,4.0,0.0,20.0,0.0,2.0,4.0,11.0,22.0,10.0,18.0,38.0,88.0,LOW,0.4,-0.1,LOW,0.55,,LOW,0.55,,LOW,0.4,,OK,0.5,,OK,0.45,,LOW,2.0,,LOW,1.9,,LOW,2.2,,1.030860742688308,0.5154303713441539,,,4.0,2.674871645486655,2.417798492517205,50.0,61.5,49.6,69.0,5.35,1.06,19.3,1.35,1.06,-0.7,COOL,COOL,COOL,4.72,0.29,COOL,Yellow,Red,Red,Yellow,71.0,57.0,62.0,68.0,POINTS,71.0,3.0,3.0,10.0,1.0,2.0,3.0,B,Distributor,7.8,,46.9,,1.0,1.4910087719298246,113.31666666666666,1.4910087719298246,0.0778978242687411,7.8,7.8,2.8129136637740846,0.4500661862038535,2.779820561847331,6.593949044585988,7.933755914650478,46.9,68.2,False,,,,🅿️ D:3,,False,False,2.0,,False,0.0,,False,0.0,,1.5,-115.0,Hard Rock Bet,2.5,280.0,Fanatics,3.5,750.0,Fanatics,4.5,2000.0,DraftKings,1.5,-115.0,Hard Rock Bet,0.5,155.0,Hard Rock Bet,1.5,900.0,theScore Bet,2.5,4000.0,Fanatics,3.5,3300.0,BetOnline.ag,0.5,155.0,Hard Rock Bet,0.5,220.0,Hard Rock Bet,1.5,1200.0,Fanatics,2.5,3300.0,Bovada,,,,0.5,220.0,Hard Rock Bet,0.5,900.0,DraftKings,,,,,,,,,,0.5,900.0,DraftKings,0.5,900.0,DraftKings,,,,,,,,,,0.5,900.0,DraftKings,ALTLINE_NB_v1_2026-01-18,1.5,-115.0,Hard Rock Bet,exp/fallback,1.93,0.5234602311037381,52.3,0.5348837209302325,-2.1356959240837528,-2.1,0.5234602311037381,52.3,-2.1356959240837528,-2.1,0.3041663958015634,30.4,15.583230404594106,15.6,0.1614220105964379,16.1,37.20870900697222,37.2,0.0801202971006012,8.0,68.25262391126252,68.3,0.5,155.0,Hard Rock Bet,exp/fallback,0.5349999999999999,0.3876180972506836,38.8,0.392156862745098,-1.157385201075667,-1.2,0.3876180972506836,38.8,-1.157385201075667,-1.2,0.111665839536736,11.2,11.665839536736032,11.7,0.0277296348056773,2.8,13.69150270327718,13.7,0.006296356725268,0.6,-78.59238713408855,-78.6,0.5,220.0,Hard Rock Bet,exp/fallback,0.472,0.3454195075460039,34.5,0.3125,10.534242414721264,10.5,0.3454195075460039,34.5,10.534242414721264,10.5,0.0954502580004649,9.5,24.08533540060439,24.1,0.0238571234218881,2.4,-18.885780365580217,-18.9,,,,,0.5,900.0,DraftKings,exp/fallback,0.1890399999999999,0.1665935342968563,16.7,0.1,66.5935342968563,66.6,0.1665935342968563,16.7,66.5935342968563,66.6,,,,,,,,,,,,,0.5,900.0,DraftKings,exp/fallback,0.147815,0.1316308661836127,13.2,0.1,31.63086618361275,31.6,0.1316308661836127,13.2,31.63086618361275,31.6,,,,,,,,,,,,,False,False,True,True,True,9.3,,Active roster,2026-09-30T17:46:14+00:00,False,[],2025-2026,,2026-09-24-frozen-v2,2026-09-30T17:46:17.251356+00:00,,,,The Odds API,"[""Bally Bet"", ""BetOnline.ag"", ""BetRivers"", ""Bovada"", ""Caesars"", ""DraftKings"", ""FanDuel"", ""Fanatics"", ""Fliff"", ""Hard Rock Bet"", ""theScore Bet""]",The Odds API,"[""Bally Bet"", ""BetOnline.ag"", ""BetRivers"", ""Bovada"", ""DraftKings"", ""Fanatics"", ""Fliff"", ""Hard Rock Bet"", ""draftkings"", ""theScore Bet""]",The Odds API,"[""Bally Bet"", ""BetOnline.ag"", ""BetRivers"", ""Bovada"", ""Caesars"", ""DraftKings"", ""Fanatics"", ""Fliff"", ""Hard Rock Bet"", ""draftkings"", ""theScore Bet""]",The Odds API,"[""Bally Bet"", ""BetMGM"", ""BetRivers"", ""Bovada"", ""Caesars"", ""DraftKings"", ""FanDuel"", ""Fanatics"", ""Fliff"", ""Hard Rock Bet"", ""theScore Bet""]",The Odds API,"[""Bally Bet"", ""BetMGM"", ""BetRivers"", ""Bovada"", ""Caesars"", ""DraftKings"", ""FanDuel"", ""Fanatics"", ""fanduel""]",,,,,,,,,,,,,,,2026020008,8477950.0,PLAYER_ID,FINAL,0.0,L,OK,0.0,L,OK,0.0,L,OK,0.0,L,OK,0.0,L,OK,0.0,,NO_LINE
2026-09-30,NYI@TOR,2026020008,6:30 PM,2026-09-30T23:30:00Z,Victor Eklund,8485388,NYI,R,,Healthy,Unknown,,,0.0,0.0,,14.0,5.0,2026-09-30T17:46:06+00:00,TOR,Anthony Stolarz,0.8926553672316384,3.2823465898866293,68.0,Confirmed,dailyfaceoff_name_and_stats,23.6,5.0,23.6,5.0,,4.0,17.6,A1+A2,15.5,55.1,19.0,0.94,NONE,False,False,26.07326076981269,2.48082909265284,41.6,55.7,7.0,1.75,True,,,,,50.0,,,,,,,,,,,,,,,,,,,,,,,,,,,,,,,,,,,,,,,,0.0,0.0,,,0.0,2.674871645486655,2.417798492517205,50.0,61.5,29.1,69.0,9.87,0.47,,,,,COOL,COOL,COOL,9.4,,COOL,Red,Red,Red,Red,33.0,22.0,22.0,25.0,POINTS,33.0,,,,,,,C,Passenger,16.0,,46.9,,0.0,2.4833333333333334,2.4833333333333334,2.4833333333333334,0.1602150537634408,16.0,16.0,0.0,0.0,0.0,6.593949044585988,7.933755914650478,46.9,59.7,False,,,,,,False,False,1.0,,False,0.0,,False,0.0,,1.5,-123.0,BetOnline.ag,2.5,260.0,BetOnline.ag,3.5,825.0,BetOnline.ag,4.5,2600.0,BetOnline.ag,1.5,-123.0,BetOnline.ag,0.5,160.0,BetRivers,1.5,800.0,BetRivers,,,,,,,0.5,160.0,BetRivers,,,,,,,,,,,,,,,,0.5,400.0,FanDuel,,,,,,,,,,0.5,400.0,FanDuel,0.5,400.0,FanDuel,,,,,,,,,,0.5,400.0,FanDuel,ALTLINE_NB_v1_2026-01-18,1.5,-123.0,BetOnline.ag,league_avg,2.3,0.6001759479749428,60.0,0.5515695067264574,8.812387315782304,8.8,0.6001759479749428,60.0,8.812387315782304,8.8,0.3835789960842564,38.4,38.08843859033231,38.1,0.2254288407355011,22.5,108.5216776803386,108.5,0.1243884637071297,12.4,235.84885200925032,235.8,0.5,160.0,BetRivers,exp/fallback,0.987,0.5716419204930492,57.2,0.3846153846153846,48.6268993281928,48.6,0.5716419204930492,57.2,48.6268993281928,48.6,0.2574054758289141,25.7,131.66492824602273,131.7,,,,,,,,,,,,exp/fallback,0.94,,,,,,,,,,,,,,,,,,,,,,0.5,400.0,FanDuel,exp/fallback,0.1988,0.1741079835873404,17.4,0.2,-12.94600820632976,-12.9,0.1741079835873404,17.4,-12.94600820632976,-12.9,,,,,,,,,,,,,0.5,400.0,FanDuel,exp/fallback,0.13555,0.1218234410669462,12.2,0.2,-39.0882794665269,-39.1,0.1218234410669462,12.2,-39.0882794665269,-39.1,,,,,,,,,,,,,False,True,False,False,False,,,Active roster,2026-09-30T17:46:14+00:00,False,[],2025-2026,,2026-09-24-frozen-v2,2026-09-30T17:46:17.251356+00:00,,,,The Odds API,"[""Bally Bet"", ""BetOnline.ag"", ""BetRivers"", ""Bovada"", ""Caesars"", ""DraftKings"", ""Fanatics"", ""Fliff"", ""Hard Rock Bet"", ""theScore Bet""]",,,The Odds API,"[""Bally Bet"", ""BetRivers""]",The Odds API,"[""Bally Bet"", ""BetMGM"", ""BetRivers"", ""Bovada"", ""Caesars"", ""DraftKings"", ""FanDuel"", ""Fanatics"", ""Fliff"", ""Hard Rock Bet"", ""theScore Bet""]",The Odds API,"[""Bally Bet"", ""BetMGM"", ""BetRivers"", ""Bovada"", ""Caesars"", ""DraftKings"", ""FanDuel"", ""Fanatics"", ""fanduel""]",,,,,,,,,,,,,,,2026020008,8485388.0,PLAYER_ID,FINAL,0.0,L,OK,0.0,,NO_LINE,2.0,W,OK,0.0,L,OK,0.0,L,OK,0.0,,NO_LINE
2026-09-30,NYI@TOR,2026020008,6:30 PM,2026-09-30T23:30:00Z,Auston Matthews,8479318,TOR,C,,Healthy,Unknown,,,3.0,1.0,🟢 ROLE+,14.0,5.0,2026-09-30T17:46:06+00:00,NYI,Ilya Sorokin,0.9058823529411764,2.678100945394431,32.9,Likely,dailyfaceoff_name_and_stats,23.5,4.0,23.5,4.0,,95.7,80.9,A1+A2,20.8,90.3,89.4,1.16,NONE,False,False,24.25081018097076,2.2433091796234934,25.9,8.1,16.0,3.2,True,,,3.0,,50.0,0.0,0.0,3.0,0.0,0.0,0.0,0.0,0.0,0.0,0.0,3.0,3.0,LOW,0.0,-0.5,LOW,0.0,,LOW,0.0,,LOW,0.0,,LOW,0.0,,LOW,0.0,,LOW,0.3,,LOW,0.15,,LOW,0.075,,1.8931426167437948,0.5679427850231384,,,0.0,2.691260546582721,2.8126976515380133,50.0,92.4,68.8,92.4,11.62,6.09,,10.56,5.54,,HOT,HOT,COOL,5.52,5.02,HOT,Yellow,Yellow,Green,Yellow,81.0,82.0,79.0,82.0,ASSISTS,82.0,1.0,1.0,1.0,0.0,0.0,1.0,A,Hybrid,12.6,,47.0,,2.0,2.620277777777778,157.21666666666667,2.620277777777778,0.125951344566988,12.6,12.6,3.755327043358422,1.8089685147885084,2.289833563023428,7.03935543848776,7.710706829704742,47.0,75.9,False,,,,🅰️ D:1,,False,False,2.0,,False,0.0,,False,0.0,,1.5,-650.0,DraftKings,2.5,-220.0,DraftKings,3.5,115.0,theScore Bet,4.5,250.0,theScore Bet,3.5,115.0,theScore Bet,0.5,-150.0,theScore Bet,1.5,300.0,theScore Bet,2.5,950.0,Fanatics,3.5,3500.0,Fanatics,0.5,-150.0,theScore Bet,0.5,145.0,Hard Rock Bet,1.5,800.0,Fanatics,2.5,3500.0,Fanatics,,,,0.5,145.0,Hard Rock Bet,0.5,165.0,theScore Bet,,,,,,,,,,0.5,165.0,theScore Bet,0.5,150.0,FanDuel,,,,,,,,,,0.5,150.0,FanDuel,ALTLINE_NB_v1_2026-01-18,3.5,115.0,theScore Bet,exp/fallback,0.3,0.0006983006285956,0.1,0.4651162790697674,-99.84986536485194,-99.8,0.0422318805185903,4.2,-95.1270907093934,-95.1,0.0057840451049215,0.6,-99.15868434837505,-99.2,0.0006983006285956,0.1,-99.84986536485194,-99.8,7.736670997449124e-05,0.0,-99.97292165150893,-100.0,0.5,-150.0,theScore Bet,exp/fallback,1.162,0.6228039130562977,62.3,0.6,3.8006521760496126,3.8,0.6228039130562977,62.3,3.8006521760496126,3.8,0.3112223014627937,31.1,24.48892058511749,24.5,0.1374901360733256,13.7,44.36464287699189,44.4,0.0561672954983735,5.6,102.20226379414466,102.2,0.5,145.0,Hard Rock Bet,exp/fallback,0.5519999999999999,0.3858157840430027,38.6,0.4081632653061224,-5.475132909464319,-5.5,0.3858157840430027,38.6,-5.475132909464319,-5.5,0.1201185370145838,12.0,8.106683313125473,8.1,0.0339126904081845,3.4,22.08568546946444,22.1,,,,,0.5,165.0,theScore Bet,exp/fallback,0.3177,0.2584966085424834,25.8,0.3773584905660377,-31.498398736241885,-31.5,0.2584966085424834,25.8,-31.498398736241885,-31.5,,,,,,,,,,,,,0.5,150.0,FanDuel,exp/fallback,0.3756375,0.2854473853436297,28.5,0.4,-28.63815366409258,-28.6,0.2854473853436297,28.5,-28.63815366409258,-28.6,,,,,,,,,,,,,False,False,False,False,False,,,Active roster,2026-09-30T17:46:14+00:00,False,[],2025-2026,,2026-09-24-frozen-v2,2026-09-30T17:46:17.251356+00:00,0.5,220.0,Hard Rock Bet,The Odds API,"[""Bally Bet"", ""BetOnline.ag"", ""BetRivers"", ""Bovada"", ""Caesars"", ""DraftKings"", ""FanDuel"", ""Fanatics"", ""Fliff"", ""Hard Rock Bet"", ""caesars"", ""theScore Bet""]",The Odds API,"[""Bally Bet"", ""BetOnline.ag"", ""BetRivers"", ""Bovada"", ""DraftKings"", ""FanDuel"", ""Fanatics"", ""Fliff"", ""Hard Rock Bet"", ""draftkings"", ""theScore Bet""]",The Odds API,"[""Bally Bet"", ""BetOnline.ag"", ""BetRivers"", ""Bovada"", ""Caesars"", ""DraftKings"", ""FanDuel"", ""Fanatics"", ""Fliff"", ""Hard Rock Bet"", ""draftkings"", ""theScore Bet""]",The Odds API,"[""Bally Bet"", ""BetMGM"", ""BetRivers"", ""Bovada"", ""Caesars"", ""DraftKings"", ""FanDuel"", ""Fanatics"", ""Fliff"", ""Hard Rock Bet"", ""fanduel"", ""theScore Bet""]",The Odds API,"[""Bally Bet"", ""BetMGM"", ""BetRivers"", ""Bovada"", ""Caesars"", ""DraftKings"", ""FanDuel"", ""Fanatics"", ""betrivers""]",0.5,220.0,Hard Rock Bet,1.5,1200.0,Bovada,,,,,,,The Odds API,"[""Bally Bet"", ""BetRivers"", ""Bovada"", ""FanDuel"", ""Fliff"", ""Hard Rock Bet"", ""theScore Bet""]",2026020008,8479318.0,PLAYER_ID,FINAL,0.0,L,OK,0.0,L,OK,1.0,L,OK,0.0,L,OK,0.0,L,OK,0.0,L,OK
2026-09-30,NYI@TOR,2026020008,6:30 PM,2026-09-30T23:30:00Z,Bo Groulx,8480870,TOR,C,,Healthy,Unknown,,,3.0,0.0,,14.0,5.0,2026-09-30T17:46:06+00:00,NYI,Ilya Sorokin,0.9058823529411764,2.678100945394431,32.9,Likely,dailyfaceoff_name_and_stats,23.5,4.0,23.5,4.0,,24.6,24.0,A1+A2,15.69,56.8,30.8,0.94,NONE,False,False,24.25081018097076,2.2433091796234934,25.9,8.1,16.0,3.2,True,,,,,50.0,,,,,,,,,,,,,,,,,,,,,,,,,,,,,,,,,,,,,,,,0.0256437653595469,0.0128218826797734,,,0.0,2.691260546582721,2.8126976515380133,50.0,92.4,36.9,92.4,2.36,0.92,,,,,COOL,COOL,COOL,1.45,,COOL,Red,Red,Red,Red,38.0,39.0,34.0,33.0,SOG,39.0,,,,,,,C,Passenger,2.2,,47.0,,0.0,0.341025641025641,4.433333333333334,0.341025641025641,0.0217320261437908,2.2,2.2,0.0,0.0,0.0,7.03935543848776,7.710706829704742,47.0,43.9,False,,,,,,False,False,0.0,,False,0.0,,False,0.0,,,,,,,,,,,,,,,,,,,,,,,,,,,,,,,,,,,,,,,,,,,,,,,,,,,,,,,,,,,,,,,,,,,,,,,,,,,,,ALTLINE_NB_v1_2026-01-18,,,,league_avg,2.3,,,,,,,,,,,,,,,,,,,,,,,,,exp/fallback,0.236,,,,,,,,,,,,,,,,,,,,,,,,,exp/fallback,0.145,,,,,,,,,,,,,,,,,,,,,,,,,exp/fallback,0.2168,,,,,,,,,,,,,,,,,,,,,,,,,exp/fallback,0.1648,,,,,,,,,,,,,,,,,,,,,,False,False,False,False,False,,,Active roster,2026-09-30T17:46:14+00:00,False,[],2025-2026,,2026-09-24-frozen-v2,2026-09-30T17:46:17.251356+00:00,,,,,,,,,,,,,,,,,,,,,,,,,,,,2026020008,8480870.0,PLAYER_ID,FINAL,0.0,,NO_LINE,0.0,,NO_LINE,1.0,,NO_LINE,0.0,,NO_LINE,0.0,,NO_LINE,0.0,,NO_LINE
2026-09-30,NYI@TOR,2026020008,6:30 PM,2026-09-30T23:30:00Z,Brandon Duhaime,8479520,TOR,L,,Unknown,,,,,,,,,,,,,,,,,,,,,,,,,,,,,,,,,,,,,,,,,,,,,,,,,,,,,,,,,,,,,,,,,,,,,,,,,,,,,,,,,,,,,,,,,,,,,,,,,,,,,,,,,,,,,,,,,,,,,,,,,,,,,,,,,,,,,,,,,,,,,,,,,,,,,,,,,,,,,,,,,,,,,,,,,,,,,,,,,,,,,,,,,,,,,,,,,,,,,,,,,,,,,,,,,,,,,,,,,,,,,,,,,,,,,,,,,,,,,,,,,,,,,,,,,,,,,,,,,,,,,,,,,,,,,,,,,,,,,,,,,,,,,,,,,,,,,,,,,,,,,,,,,,,,,,,,0.5,1200.0,fanduel,,,,,,,,,,,,,,,,,,,,,,,,,,,,,,,,,,,,,,,,,,,,,,,,,,,,,,,,,Active roster,2026-09-30T17:46:14+00:00,True,[],Unavailable,True,2026-09-24-frozen-v2,2026-09-30T17:46:17.251356+00:00,,,,,,,,,,,,,,,,,,,,,,,,,,,,2026020008,8479520.0,PLAYER_ID,FINAL,0.0,,NO_LINE,0.0,,NO_LINE,2.0,,NO_LINE,0.0,L,OK,0.0,,NO_LINE,0.0,,NO_LINE
2026-09-30,NYI@TOR,2026020008,6:30 PM,2026-09-30T23:30:00Z,Chris Tanev,8475690,TOR,D,,Healthy,Unknown,,,3.0,1.0,🟢 ROLE+,14.0,5.0,2026-09-30T17:46:06+00:00,NYI,Ilya Sorokin,0.9058823529411764,2.678100945394431,32.9,Likely,dailyfaceoff_name_and_stats,23.5,4.0,23.5,4.0,,9.0,24.0,A1+A2,17.97,71.9,26.8,0.94,NONE,False,False,24.25081018097076,2.2433091796234934,25.9,8.1,16.0,3.2,True,,,,,50.0,,,,,,,,,,,,,,,,,,,,,,,,,,,,,,,,,,,,,,,,0.0121187638860836,0.0060593819430418,,,0.0,2.691260546582721,2.8126976515380133,50.0,92.4,34.7,92.4,1.85,0.14,,,,,COOL,COOL,COOL,1.71,,COOL,Red,Red,Red,Red,41.0,33.0,28.0,35.0,POINTS,41.0,,,,,,,C,Passenger,0.1,,47.0,,0.0,0.0181818181818181,0.2,0.0181818181818181,0.0010116337885685,0.1,0.1,0.0,0.0,0.0,7.03935543848776,7.710706829704742,47.0,30.9,False,,,,,,False,False,0.0,,False,0.0,,False,0.0,,,,,,,,,,,,,,,,,,,,,,,,,,,,,,,,,,,,,,,,,,,,,,,,,,,,,,,,,,,,,,0.5,2200.0,fanatics,,,,,,,,,,0.5,2200.0,fanatics,ALTLINE_NB_v1_2026-01-18,,,,league_avg,2.3,,,,,,,,,,,,,,,,,,,,,,,,,exp/fallback,0.185,,,,,,,,,,,,,,,,,,,,,,,,,exp/fallback,0.1709999999999999,,,,,,,,,,,,,,,,,,,,,,,,,exp/fallback,0.1856,,,,,,,,,,,,,,,,,,,,,,0.5,2200.0,fanatics,exp/fallback,0.1141,0.1042259739448974,10.4,0.0434782608695652,139.71974007326403,139.7,0.1042259739448974,10.4,139.71974007326403,139.7,,,,,,,,,,,,,False,False,False,True,False,,,Active roster,2026-09-30T17:46:14+00:00,False,[],2025-2026,,2026-09-24-frozen-v2,2026-09-30T17:46:17.251356+00:00,,,,,,,,,,,,BallDontLie,"[""fanatics""]",,,,,,,,,,,,,,,2026020008,8475690.0,PLAYER_ID,FINAL,0.0,,NO_LINE,0.0,,NO_LINE,0.0,,NO_LINE,0.0,,NO_LINE,0.0,L,OK,0.0,,NO_LINE
2026-09-30,NYI@TOR,2026020008,6:30 PM,2026-09-30T23:30:00Z,Colton Sissons,8476925,TOR,C,,Unknown,,,,,,,,,,,,,,,,,,,,,,,,,,,,,,,,,,,,,,,,,,,,,,,,,,,,,,,,,,,,,,,,,,,,,,,,,,,,,,,,,,,,,,,,,,,,,,,,,,,,,,,,,,,,,,,,,,,,,,,,,,,,,,,,,,,,,,,,,,,,,,,,,,,,,,,,,,,,,,,,,,,,,,,,,,,,,,,,,,,,,,,,,,,,,,,,,,,,,,,,,,,,,,,,,,,,,,,,,,,,,,,,,,,,,,,,,,,,,,,,,,,,,,,,,,,,,,,,,,,,,,,,,,,,,,,,,,,,,,,,,,,,,,,,,,,,,,,,,,,,,,,,,,,,,,,,0.5,800.0,fanduel,,,,,,,,,,,,,,,,,,,,,,,,,,,,,,,,,,,,,,,,,,,,,,,,,,,,,,,,,Active roster,2026-09-30T17:46:14+00:00,True,[],Unavailable,True,2026-09-24-frozen-v2,2026-09-30T17:46:17.251356+00:00,,,,,,,,,,,,,,,,,,,,,,,,,,,,2026020008,8476925.0,PLAYER_ID,FINAL,1.0,,NO_LINE,0.0,,NO_LINE,2.0,,NO_LINE,1.0,W,OK,1.0,,NO_LINE,0.0,,NO_LINE
2026-09-30,NYI@TOR,2026020008,6:30 PM,2026-09-30T23:30:00Z,Darren Raddysh,8478178,TOR,D,,Unknown,,,,,,,,,,,,,,,,,,,,,,,,,,,,,,,,,,,,,,,,,,,,,,,,,,,,,,,,,,,,,,,,,,,,,,,,,,,,,,,,,,,,,,,,,,,,,,,,,,,,,,,,,,,,,,,,,,,,,,,,,,,,,,,,,,,,,,,,,,,,,,,,,,,,,,,,,,,,,,,,,,,,,,,,,,,,,,,,,,,,,,,,,,,,,,,,,,,,,,,,,,,,,,,,,,,,,,,,,,,,,,,,,,,,,,,,,,2.5,108.0,fanduel,,,,,,,,,,,,,,,,,,,,,,,,0.5,-115.0,draftkings,,,,,,,,,,,,,,,,,,,,,,,,0.5,130.0,draftkings,,,,,,,,,,,,,,,,,,,,,,,,0.5,450.0,fanduel,,,,,,,,,,,,,,,,,,,,,,,,,,,,,,,,,,,,,,,,,,,,,,,,,,,,,,,,,Active roster,2026-09-30T17:46:14+00:00,True,[],Unavailable,True,2026-09-24-frozen-v2,2026-09-30T17:46:17.251356+00:00,0.5,210.0,fanduel,,,,,,,,,,,,,,,,,,,,,,,,,2026020008,8478178.0,PLAYER_ID,FINAL,0.0,L,OK,0.0,L,OK,4.0,W,OK,0.0,L,OK,0.0,,NO_LINE,0.0,L,OK
2026-09-30,NYI@TOR,2026020008,6:30 PM,2026-09-30T23:30:00Z,Easton Cowan,8484158,TOR,R,,Healthy,Unknown,,,3.0,0.0,,14.0,5.0,2026-09-30T17:46:06+00:00,NYI,Ilya Sorokin,0.9058823529411764,2.678100945394431,32.9,Likely,dailyfaceoff_name_and_stats,23.5,4.0,23.5,4.0,,67.1,68.0,A1+A2,14.71,48.1,63.6,1.05,NONE,False,False,24.25081018097076,2.2433091796234934,25.9,8.1,16.0,3.2,True,,,,,50.0,,,,,,,,,,,,,,,,,,,,,,,,,,,,,,,,,,,,,,,,1.4215202369200397,0.5686080947680158,,,0.0,2.691260546582721,2.8126976515380133,50.0,92.4,59.6,92.4,4.52,1.65,,,,,COOL,COOL,COOL,2.87,,COOL,Red,Red,Red,Red,62.0,61.0,58.0,60.0,POINTS,62.0,,,,,,,B,Hybrid,10.2,,47.0,,1.0,1.5065656565656569,99.43333333333334,1.5065656565656569,0.102410052183466,10.2,10.2,3.3519946362722086,1.5568219912839425,2.111967817633255,7.03935543848776,7.710706829704742,47.0,71.8,False,,,,,,False,False,0.0,,False,0.0,,False,0.0,,,,,,,,,,,,,,,,,0.5,170.0,BetRivers,1.5,850.0,BetRivers,,,,,,,0.5,170.0,BetRivers,,,,,,,,,,,,,,,,0.5,500.0,theScore Bet,,,,,,,,,,0.5,500.0,theScore Bet,0.5,450.0,DraftKings,,,,,,,,,,0.5,450.0,DraftKings,ALTLINE_NB_v1_2026-01-18,,,,league_avg,2.3,,,,,,,,,,,,,,,,,,,,,,0.5,170.0,BetRivers,exp/fallback,0.4519999999999999,0.3427035973181991,34.3,0.3703703703703703,-7.470028724086242,-7.5,0.3427035973181991,34.3,-7.470028724086242,-7.5,0.0861866106041826,8.6,-18.122719926026488,-18.1,,,,,,,,,,,,exp/fallback,0.287,,,,,,,,,,,,,,,,,,,,,,0.5,500.0,theScore Bet,exp/fallback,0.246,0.2091416771349689,20.9,0.1666666666666666,25.485006280981327,25.5,0.2091416771349689,20.9,25.485006280981327,25.5,,,,,,,,,,,,,0.5,450.0,DraftKings,exp/fallback,0.21225,0.1803106233097614,18.0,0.1818181818181818,-0.8291571796312014,-0.8,0.1803106233097614,18.0,-0.8291571796312014,-0.8,,,,,,,,,,,,,False,False,True,False,False,,,Active roster,2026-09-30T17:46:14+00:00,False,[],2025-2026,,2026-09-24-frozen-v2,2026-09-30T17:46:17.251356+00:00,,,,,,,,The Odds API,"[""Bally Bet"", ""BetRivers""]",The Odds API,"[""Bally Bet"", ""BetMGM"", ""BetRivers"", ""Bovada"", ""Caesars"", ""DraftKings"", ""FanDuel"", ""Fanatics"", ""Fliff"", ""Hard Rock Bet"", ""theScore Bet""]",The Odds API,"[""Bally Bet"", ""BetMGM"", ""BetRivers"", ""Bovada"", ""Caesars"", ""DraftKings"", ""FanDuel"", ""Fanatics"", ""betmgm""]",,,,,,,,,,,,,,,2026020008,8484158.0,PLAYER_ID,FINAL,2.0,W,OK,1.0,,NO_LINE,3.0,,NO_LINE,1.0,W,OK,1.0,W,OK,1.0,,NO_LINE
2026-09-30,NYI@TOR,2026020008,6:30 PM,2026-09-30T23:30:00Z,Gavin McKenna,8486067,TOR,L,,Unknown,,,,,,,,,,,,,,,,,,,,,,,,,,,,,,,,,,,,,,,,,,,,,,,,,,,,,,,,,,,,,,,,,,,,,,,,,,,,,,,,,,,,,,,,,,,,,,,,,,,,,,,,,,,,,,,,,,,,,,,,,,,,,,,,,,,,,,,,,,,,,,,,,,,,,,,,,,,,,,,,,,,,,,,,,,,,,,,,,,,,,,,,,,,,,,,,,,,,,,,,,,,,,,,,,,,,,,,,,,,,,,,,,,,,,,,,,,2.5,275.0,draftkings,,,,,,,,,,,,,,,,,,,,,,,,0.5,105.0,draftkings,,,,,,,,,,,,,,,,,,,,,,,,0.5,215.0,draftkings,,,,,,,,,,,,,,,,,,,,,,,,0.5,275.0,fanduel,,,,,,,,,,,,,,,,,,,,,,,,,,,,,,,,,,,,,,,,,,,,,,,,,,,,,,,,,Active roster,2026-09-30T17:46:14+00:00,True,[],Unavailable,True,2026-09-24-frozen-v2,2026-09-30T17:46:17.251356+00:00,,,,,,,,,,,,,,,,,,,,,,,,,,,,2026020008,8486067.0,PLAYER_ID,FINAL,0.0,L,OK,0.0,L,OK,1.0,L,OK,0.0,L,OK,0.0,,NO_LINE,0.0,,NO_LINE
2026-09-30,NYI@TOR,2026020008,6:30 PM,2026-09-30T23:30:00Z,Jack Roslovic,8478458,TOR,C,,Unknown,,,,,,,,,,,,,,,,,,,,,,,,,,,,,,,,,,,,,,,,,,,,,,,,,,,,,,,,,,,,,,,,,,,,,,,,,,,,,,,,,,,,,,,,,,,,,,,,,,,,,,,,,,,,,,,,,,,,,,,,,,,,,,,,,,,,,,,,,,,,,,,,,,,,,,,,,,,,,,,,,,,,,,,,,,,,,,,,,,,,,,,,,,,,,,,,,,,,,,,,,,,,,,,,,,,,,,,,,,,,,,,,,,,,,,,,,,2.5,200.0,draftkings,,,,,,,,,,,,,,,,,,,,,,,,,,,,,,,,,,,,,,,,,,,,,,,,,,,,,,,,,,,,,,,,,,,,,,,,,,,,0.5,340.0,fanduel,,,,,,,,,,,,,,,,,,,,,,,,,,,,,,,,,,,,,,,,,,,,,,,,,,,,,,,,,Active roster,2026-09-30T17:46:14+00:00,True,[],Unavailable,True,2026-09-24-frozen-v2,2026-09-30T17:46:17.251356+00:00,,,,,,,,,,,,,,,,,,,,,,,,,,,,2026020008,8478458.0,PLAYER_ID,FINAL,1.0,,NO_LINE,1.0,,NO_LINE,2.0,L,OK,0.0,L,OK,0.0,,NO_LINE,1.0,,NO_LINE
2026-09-30,NYI@TOR,2026020008,6:30 PM,2026-09-30T23:30:00Z,Jake McCabe,8476931,TOR,D,,Healthy,Unknown,,,3.0,1.0,🟢 ROLE+,14.0,5.0,2026-09-30T17:46:06+00:00,NYI,Ilya Sorokin,0.9058823529411764,2.678100945394431,32.9,Likely,dailyfaceoff_name_and_stats,23.5,4.0,23.5,4.0,,42.3,71.0,A1+A2,22.4,96.2,63.1,1.05,NONE,False,False,24.25081018097076,2.2433091796234934,25.9,8.1,16.0,3.2,True,,,1.0,,50.0,0.0,0.0,1.0,0.0,0.0,0.0,0.0,0.0,0.0,0.0,1.0,1.0,LOW,0.0,-0.5,LOW,0.0,,LOW,0.0,,LOW,0.0,,LOW,0.0,,LOW,0.0,,LOW,0.1,,LOW,0.05,,LOW,0.025,,0.8911893777427703,0.3645774727129515,,,0.0,2.691260546582721,2.8126976515380133,50.0,92.4,47.7,92.4,3.17,0.54,,3.17,0.54,,HOT,COOL,COOL,2.63,2.63,HOT,Yellow,Red,Red,Yellow,71.0,53.0,48.0,67.0,POINTS,71.0,1.0,1.0,1.0,1.0,0.0,1.0,C,Passenger,1.3,,47.0,,0.0,0.2841666666666667,22.73333333333333,0.2841666666666667,0.0126832987735138,1.3,1.3,0.7126099706744868,0.7126099706744868,0.0,7.03935543848776,7.710706829704742,47.0,41.8,False,,,,🅿️ D:1,,False,False,0.0,,False,0.0,,False,0.0,,,,,,,,,,,,,,,,,0.5,188.0,BetRivers,,,,,,,,,,0.5,188.0,BetRivers,0.5,230.0,BetRivers,,,,,,,,,,0.5,230.0,BetRivers,0.5,1700.0,Fanatics,,,,,,,,,,0.5,1700.0,Fanatics,0.5,1700.0,Fanatics,,,,,,,,,,0.5,1700.0,Fanatics,ALTLINE_NB_v1_2026-01-18,,,,exp/fallback,0.1,,,,,,,,,,,,,,,,,,,,,,0.5,188.0,BetRivers,exp/fallback,0.317,0.2596377821669485,26.0,0.3472222222222222,-25.22431873591882,-25.2,0.2596377821669485,26.0,-25.22431873591882,-25.2,,,,,,,,,,,,,0.5,230.0,BetRivers,exp/fallback,0.263,0.2189283345267456,21.9,0.303030303030303,-27.753649606173937,-27.8,0.2189283345267456,21.9,-27.753649606173937,-27.8,,,,,,,,,,,,,0.5,1700.0,Fanatics,exp/fallback,0.1512,0.1365368776953782,13.7,0.0555555555555555,145.76637985168082,145.8,0.1365368776953782,13.7,145.76637985168082,145.8,,,,,,,,,,,,,0.5,1700.0,Fanatics,exp/fallback,0.105075,0.0966472863885037,9.7,0.0555555555555555,73.9651154993067,74.0,0.0966472863885037,9.7,73.9651154993067,74.0,,,,,,,,,,,,,False,False,True,True,False,,,Active roster,2026-09-30T17:46:14+00:00,False,[],2025-2026,,2026-09-24-frozen-v2,2026-09-30T17:46:17.251356+00:00,,,,,,The Odds API,"[""Bally Bet"", ""BetRivers""]",The Odds API,"[""Bally Bet"", ""BetRivers""]",The Odds API,"[""Bally Bet"", ""BetMGM"", ""BetRivers"", ""Bovada"", ""Caesars"", ""DraftKings"", ""FanDuel"", ""Fanatics"", ""Fliff"", ""Hard Rock Bet"", ""theScore Bet""]",The Odds API,"[""Bally Bet"", ""BetMGM"", ""BetRivers"", ""Bovada"", ""Caesars"", ""DraftKings"", ""FanDuel"", ""Fanatics"", ""betmgm""]",,,,,,,,,,,,,,,2026020008,8476931.0,PLAYER_ID,FINAL,0.0,L,OK,0.0,L,OK,1.0,,NO_LINE,0.0,L,OK,0.0,L,OK,0.0,,NO_LINE
2026-09-30,NYI@TOR,2026020008,6:30 PM,2026-09-30T23:30:00Z,John Tavares,8475166,TOR,C,⭐ STAR,Healthy,Unknown,,,3.0,1.0,🟢 ROLE+,14.0,5.0,2026-09-30T17:46:06+00:00,NYI,Ilya Sorokin,0.9058823529411764,2.678100945394431,32.9,Likely,dailyfaceoff_name_and_stats,23.5,4.0,23.5,4.0,,98.6,93.2,A1+A2,18.18,73.0,91.6,1.2,STAR,False,True,24.25081018097076,2.2433091796234934,25.9,8.1,16.0,3.2,True,,,4.0,,50.0,1.0,0.0,4.0,0.0,1.0,1.0,1.0,1.0,1.0,1.0,4.0,4.0,LOW,0.1,-0.4,LOW,0.05,,LOW,0.025,,LOW,0.1,,LOW,0.05,,LOW,0.025,,LOW,0.4,,LOW,0.2,,LOW,0.1,,1.9767687434002112,0.5068637803590285,,,1.0,2.691260546582721,2.8126976515380133,50.0,92.4,69.9,92.4,11.95,5.5,,9.86,5.0,,HOT,HOT,COOL,6.45,4.86,HOT,Green,Yellow,Green,Green,86.0,82.0,80.0,86.0,ASSISTS,86.0,0.0,0.0,1.0,0.0,0.0,1.0,A,Hybrid,14.2,,47.0,,2.0,2.584552845528455,211.9333333333333,2.584552845528455,0.1421846521977346,14.2,14.2,4.197782321484743,2.5734507706826046,1.91097829506134,7.03935543848776,7.710706829704742,47.0,76.5,False,,,,🅰️ D:0,,False,False,2.0,,False,0.0,,False,0.0,,1.5,-185.0,DraftKings,2.5,160.0,Fanatics,3.5,410.0,Fanatics,4.5,1000.0,Fanatics,2.5,160.0,Fanatics,0.5,-110.0,Hard Rock Bet,1.5,410.0,BetRivers,2.5,1500.0,Fanatics,3.5,3100.0,BetOnline.ag,0.5,-110.0,Hard Rock Bet,0.5,190.0,Hard Rock Bet,1.5,1000.0,DraftKings,2.5,2500.0,Bovada,,,,0.5,190.0,Hard Rock Bet,0.5,240.0,theScore Bet,,,,,,,,,,0.5,240.0,theScore Bet,0.5,230.0,BetRivers,,,,,,,,,,0.5,230.0,BetRivers,ALTLINE_NB_v1_2026-01-18,2.5,160.0,Fanatics,exp/fallback,0.4,0.0121706224058896,1.2,0.3846153846153846,-96.8356381744687,-96.8,0.0686180154112674,6.9,-89.42911654475068,-89.4,0.0121706224058896,1.2,-96.8356381744687,-96.8,0.0019074600412755,0.2,-99.02719537894949,-99.0,0.0002746842105414,0.0,-99.6978473684044,-99.7,0.5,-110.0,Hard Rock Bet,exp/fallback,1.1949999999999998,0.6315143382151092,63.2,0.5238095238095238,20.56182820470266,20.6,0.6315143382151092,63.2,20.56182820470266,20.6,0.3210328534042898,32.1,63.72675523618777,63.7,0.1444475350996699,14.4,131.11605615947184,131.1,0.0601339857405218,6.0,92.42875436966996,92.4,0.5,190.0,Hard Rock Bet,exp/fallback,0.645,0.4282467544069667,42.8,0.3448275862068966,24.19155877802034,24.2,0.4282467544069667,42.8,24.19155877802034,24.2,0.1493954550440128,14.9,64.33500054841414,64.3,0.047395972195749,4.7,23.22952770894764,23.2,,,,,0.5,240.0,theScore Bet,exp/fallback,0.3,0.2467225904631156,24.7,0.2941176470588235,-16.114319242540688,-16.1,0.2467225904631156,24.7,-16.114319242540688,-16.1,,,,,,,,,,,,,0.5,230.0,BetRivers,exp/fallback,0.346875,0.2686076754304863,26.9,0.303030303030303,-11.359467107939505,-11.4,0.2686076754304863,26.9,-11.359467107939505,-11.4,,,,,,,,,,,,,False,True,False,False,True,,,Active roster,2026-09-30T17:46:14+00:00,False,"[{""market"":""Points"",""name"":""Hammer Fists"",""kind"":""FLOOR"",""rule"":""Conf_Points >= 80"",""icon"":""PTS05_HAMMER_FISTS.svg"",""kit_version"":""2026-09-24-frozen-v2""},{""market"":""Assists"",""name"":""Staff (Green Stance)"",""kind"":""STANCE"",""rule"":""Green + Assists 0.5"",""icon"":""staff.svg"",""kit_version"":""2026-09-24-frozen-v2""},{""market"":""Assists"",""name"":""Staff Awakened"",""kind"":""STANCE"",""rule"":""Green + Assists 0.5 + Conf_Assists ≥ 83"",""icon"":""staff.svg"",""kit_version"":""2026-09-24-frozen-v2""},{""market"":""Goal"",""name"":""Weakened Armor"",""kind"":""WEAK DEFENSE"",""rule"":""Opp_PK_xGA60 >= 7.3"",""icon"":""shattered_armor.svg"",""kit_version"":""2026-09-24-frozen-v2""}]",2025-2026,,2026-09-24-frozen-v2,2026-09-30T17:46:17.251356+00:00,0.5,320.0,BetRivers,The Odds API,"[""Bally Bet"", ""BetOnline.ag"", ""BetRivers"", ""Bovada"", ""DraftKings"", ""FanDuel"", ""Fanatics"", ""Fliff"", ""Hard Rock Bet"", ""fanduel"", ""theScore Bet""]",The Odds API,"[""Bally Bet"", ""BetOnline.ag"", ""BetRivers"", ""Bovada"", ""DraftKings"", ""FanDuel"", ""Fanatics"", ""Fliff"", ""Hard Rock Bet"", ""draftkings"", ""theScore Bet""]",The Odds API,"[""Bally Bet"", ""BetOnline.ag"", ""BetRivers"", ""Bovada"", ""Caesars"", ""DraftKings"", ""FanDuel"", ""Fanatics"", ""Fliff"", ""Hard Rock Bet"", ""draftkings"", ""theScore Bet""]",The Odds API,"[""Bally Bet"", ""BetMGM"", ""BetRivers"", ""Bovada"", ""Caesars"", ""DraftKings"", ""FanDuel"", ""Fanatics"", ""Fliff"", ""Hard Rock Bet"", ""fanduel"", ""theScore Bet""]",The Odds API,"[""Bally Bet"", ""BetMGM"", ""BetRivers"", ""Bovada"", ""Caesars"", ""DraftKings"", ""FanDuel"", ""Fanatics"", ""betrivers""]",0.5,320.0,BetRivers,1.5,1600.0,Bovada,,,,,,,The Odds API,"[""Bally Bet"", ""BetRivers"", ""Bovada"", ""FanDuel"", ""Fliff"", ""Hard Rock Bet"", ""theScore Bet""]",2026020008,8475166.0,PLAYER_ID,FINAL,0.0,L,OK,0.0,L,OK,1.0,L,OK,0.0,L,OK,0.0,L,OK,0.0,L,OK
2026-09-30,NYI@TOR,2026020008,6:30 PM,2026-09-30T23:30:00Z,Kirill Marchenko,8480893,TOR,R,,Unknown,,,,,,,,,,,,,,,,,,,,,,,,,,,,,,,,,,,,,,,,,,,,,,,,,,,,,,,,,,,,,,,,,,,,,,,,,,,,,,,,,,,,,,,,,,,,,,,,,,,,,,,,,,,,,,,,,,,,,,,,,,,,,,,,,,,,,,,,,,,,,,,,,,,,,,,,,,,,,,,,,,,,,,,,,,,,,,,,,,,,,,,,,,,,,,,,,,,,,,,,,,,,,,,,,,,,,,,,,,,,,,,,,,,,,,,,,,2.5,100.0,draftkings,,,,,,,,,,,,,,,,,,,,,,,,0.5,-150.0,draftkings,,,,,,,,,,,,,,,,,,,,,,,,0.5,136.0,fanduel,,,,,,,,,,,,,,,,,,,,,,,,0.5,220.0,fanduel,,,,,,,,,,,,,,,,,,,,,,,,,,,,,,,,,,,,,,,,,,,,,,,,,,,,,,,,,Active roster,2026-09-30T17:46:14+00:00,True,[],Unavailable,True,2026-09-24-frozen-v2,2026-09-30T17:46:17.251356+00:00,,,,,,,,,,,,,,,,,,,,,,,,,,,,2026020008,8480893.0,PLAYER_ID,FINAL,0.0,L,OK,0.0,L,OK,3.0,W,OK,0.0,L,OK,0.0,,NO_LINE,0.0,,NO_LINE
2026-09-30,NYI@TOR,2026020008,6:30 PM,2026-09-30T23:30:00Z,Luke Haymes,8485467,TOR,C,,Healthy,Unknown,,,3.0,0.0,,14.0,5.0,2026-09-30T17:46:06+00:00,NYI,Ilya Sorokin,0.9058823529411764,2.678100945394431,32.9,Likely,dailyfaceoff_name_and_stats,23.5,4.0,23.5,4.0,,11.6,17.6,A1+A2,13.55,40.0,19.4,0.94,NONE,False,False,24.25081018097076,2.2433091796234934,25.9,8.1,16.0,3.2,True,,,,,50.0,,,,,,,,,,,,,,,,,,,,,,,,,,,,,,,,,,,,,,,,0.0210896309314587,0.0,,,0.0,2.691260546582721,2.8126976515380133,50.0,92.4,36.6,92.4,3.01,0.66,,,,,COOL,COOL,COOL,2.35,,COOL,Red,Red,Red,Red,33.0,30.0,26.0,27.0,POINTS,33.0,,,,,,,C,Passenger,2.7,,47.0,,0.0,0.3666666666666666,1.4666666666666666,0.3666666666666666,0.0270519520442668,2.7,2.7,0.0,0.0,0.0,7.03935543848776,7.710706829704742,47.0,45.2,False,,,,,,False,False,0.0,,False,0.0,,False,0.0,,,,,,,,,,,,,,,,,,,,,,,,,,,,,,,,,,,,,,,,,,,,,,,,,,,,,,,,,,,,,,,,,,,,,,,,,,,,,ALTLINE_NB_v1_2026-01-18,,,,league_avg,2.3,,,,,,,,,,,,,,,,,,,,,,,,,exp/fallback,0.301,,,,,,,,,,,,,,,,,,,,,,,,,exp/fallback,0.235,,,,,,,,,,,,,,,,,,,,,,,,,exp/fallback,0.2064,,,,,,,,,,,,,,,,,,,,,,,,,exp/fallback,0.1479,,,,,,,,,,,,,,,,,,,,,,False,False,False,False,False,,,Active roster,2026-09-30T17:46:14+00:00,False,[],2025-2026,,2026-09-24-frozen-v2,2026-09-30T17:46:17.251356+00:00,,,,,,,,,,,,,,,,,,,,,,,,,,,,2026020008,,,NO_PLAYER,,,NO_PLAYER,,,NO_PLAYER,,,NO_PLAYER,,,NO_PLAYER,,,NO_PLAYER,,,NO_PLAYER
2026-09-30,NYI@TOR,2026020008,6:30 PM,2026-09-30T23:30:00Z,Morgan Rielly,8476853,TOR,D,,Healthy,Unknown,,,3.0,1.0,🟢 ROLE+,14.0,5.0,2026-09-30T17:46:06+00:00,NYI,Ilya Sorokin,0.9058823529411764,2.678100945394431,32.9,Likely,dailyfaceoff_name_and_stats,23.5,4.0,23.5,4.0,,61.9,79.4,A1+A2,21.14,92.4,74.1,1.1,NONE,False,False,24.25081018097076,2.2433091796234934,25.9,8.1,16.0,3.2,True,,,1.0,,50.0,1.0,0.0,1.0,0.0,1.0,1.0,1.0,1.0,1.0,1.0,1.0,1.0,LOW,0.1,-0.4,LOW,0.05,,LOW,0.025,,LOW,0.1,,LOW,0.05,,LOW,0.025,,LOW,0.1,,LOW,0.05,,LOW,0.025,,1.1459213280934366,0.2203694861718147,,,1.0,2.691260546582721,2.8126976515380133,50.0,92.4,52.3,92.4,4.7,1.18,,3.7,1.18,,HOT,COOL,COOL,3.87,2.52,HOT,Yellow,Red,Red,Yellow,78.0,64.0,59.0,73.0,POINTS,78.0,0.0,0.0,1.0,1.0,0.0,1.0,A,Distributor,10.5,,47.0,,2.0,2.229059829059829,173.86666666666667,2.229059829059829,0.1054589567327133,10.5,10.5,1.6158934049079754,0.6625766871165644,1.1215490797546013,7.03935543848776,7.710706829704742,47.0,67.4,False,,,,🅿️ D:0,,False,False,0.0,,False,0.0,,False,0.0,,1.5,-103.0,BetOnline.ag,2.5,300.0,theScore Bet,3.5,825.0,BetOnline.ag,4.5,2500.0,BetOnline.ag,1.5,-103.0,BetOnline.ag,0.5,160.0,theScore Bet,1.5,900.0,theScore Bet,2.5,4000.0,Fanatics,3.5,3500.0,BetOnline.ag,0.5,160.0,theScore Bet,0.5,220.0,Hard Rock Bet,1.5,1200.0,Fanatics,2.5,3300.0,Bovada,,,,0.5,220.0,Hard Rock Bet,0.5,725.0,FanDuel,,,,,,,,,,0.5,725.0,FanDuel,0.5,725.0,FanDuel,,,,,,,,,,0.5,725.0,FanDuel,ALTLINE_NB_v1_2026-01-18,1.5,-103.0,BetOnline.ag,exp/fallback,0.1,0.0056639264392934,0.6,0.5073891625615764,-98.88371158526546,-98.9,0.0056639264392934,0.6,-98.88371158526546,-98.9,0.0002745710270403,0.0,-99.89017158918388,-99.9,1.167564107673602e-05,0.0,-99.98920003200402,-100.0,1.0000000000287557e-06,0.0,-99.99739999999991,-100.0,0.5,160.0,theScore Bet,exp/fallback,0.47,0.3528126493245874,35.3,0.3846153846153846,-8.268711175607258,-8.3,0.3528126493245874,35.3,-8.268711175607258,-8.3,0.0916034996316341,9.2,-8.396500368365833,-8.4,0.0204411099879334,2.0,-16.191449049472773,-16.2,0.0041655269550675,0.4,-85.0041029617568,-85.0,0.5,220.0,Hard Rock Bet,exp/fallback,0.387,0.2979708373575692,29.8,0.3125,-4.649332045577836,-4.6,0.2979708373575692,29.8,-4.649332045577836,-4.6,0.0703333962661401,7.0,-8.566584854017867,-8.6,0.0149737253178474,1.5,-49.08933391931862,-49.1,,,,,0.5,725.0,FanDuel,exp/fallback,0.1704,0.1519738913214761,15.2,0.1212121212121212,25.37846034021777,25.4,0.1519738913214761,15.2,25.37846034021777,25.4,,,,,,,,,,,,,0.5,725.0,FanDuel,exp/fallback,0.136275,0.1224082437693609,12.2,0.1212121212121212,0.9868011097228236,1.0,0.1224082437693609,12.2,0.9868011097228236,1.0,,,,,,,,,,,,,False,False,True,False,False,,,Active roster,2026-09-30T17:46:14+00:00,False,[],2025-2026,,2026-09-24-frozen-v2,2026-09-30T17:46:17.251356+00:00,,,,The Odds API,"[""Bally Bet"", ""BetOnline.ag"", ""BetRivers"", ""Bovada"", ""Caesars"", ""DraftKings"", ""Fanatics"", ""Fliff"", ""Hard Rock Bet"", ""theScore Bet""]",The Odds API,"[""Bally Bet"", ""BetOnline.ag"", ""BetRivers"", ""Bovada"", ""DraftKings"", ""Fanatics"", ""Fliff"", ""Hard Rock Bet"", ""draftkings"", ""theScore Bet""]",The Odds API,"[""Bally Bet"", ""BetOnline.ag"", ""BetRivers"", ""Bovada"", ""Caesars"", ""DraftKings"", ""Fanatics"", ""Fliff"", ""Hard Rock Bet"", ""draftkings"", ""theScore Bet""]",The Odds API,"[""Bally Bet"", ""BetMGM"", ""BetRivers"", ""Bovada"", ""Caesars"", ""DraftKings"", ""FanDuel"", ""Fanatics"", ""Fliff"", ""Hard Rock Bet"", ""theScore Bet""]",The Odds API,"[""Bally Bet"", ""BetMGM"", ""BetRivers"", ""Bovada"", ""Caesars"", ""DraftKings"", ""FanDuel"", ""Fanatics"", ""fanduel""]",,,,,,,,,,,,,,,2026020008,8476853.0,PLAYER_ID,FINAL,1.0,W,OK,1.0,W,OK,1.0,L,OK,0.0,L,OK,0.0,L,OK,1.0,,NO_LINE
2026-09-30,NYI@TOR,2026020008,6:30 PM,2026-09-30T23:30:00Z,Nick Paul,8477426,TOR,L,,Unknown,,,,,,,,,,,,,,,,,,,,,,,,,,,,,,,,,,,,,,,,,,,,,,,,,,,,,,,,,,,,,,,,,,,,,,,,,,,,,,,,,,,,,,,,,,,,,,,,,,,,,,,,,,,,,,,,,,,,,,,,,,,,,,,,,,,,,,,,,,,,,,,,,,,,,,,,,,,,,,,,,,,,,,,,,,,,,,,,,,,,,,,,,,,,,,,,,,,,,,,,,,,,,,,,,,,,,,,,,,,,,,,,,,,,,,,,,,,,,,,,,,,,,,,,,,,,,,,,,,,,,,,,,,,,,,,,,,,,,,,,,,,,,,,,,,,,,,,,,,,,,,,,,,,,,,,,0.5,460.0,fanduel,,,,,,,,,,,,,,,,,,,,,,,,,,,,,,,,,,,,,,,,,,,,,,,,,,,,,,,,,Active roster,2026-09-30T17:46:14+00:00,True,[],Unavailable,True,2026-09-24-frozen-v2,2026-09-30T17:46:17.251356+00:00,,,,,,,,,,,,,,,,,,,,,,,,,,,,2026020008,8477426.0,PLAYER_ID,FINAL,1.0,,NO_LINE,1.0,,NO_LINE,1.0,,NO_LINE,0.0,L,OK,0.0,,NO_LINE,0.0,,NO_LINE
2026-09-30,NYI@TOR,2026020008,6:30 PM,2026-09-30T23:30:00Z,Oliver Ekman-Larsson,8475171,TOR,D,,Healthy,Unknown,,,3.0,1.0,🟢 ROLE+,14.0,5.0,2026-09-30T17:46:06+00:00,NYI,Ilya Sorokin,0.9058823529411764,2.678100945394431,32.9,Likely,dailyfaceoff_name_and_stats,23.5,4.0,23.5,4.0,,50.1,86.3,A1+A2,20.6,88.6,70.5,1.08,NONE,False,False,24.25081018097076,2.2433091796234934,25.9,8.1,16.0,3.2,True,,,1.0,,50.0,0.0,0.0,1.0,0.0,0.0,0.0,0.0,0.0,0.0,0.0,1.0,1.0,LOW,0.0,-0.5,LOW,0.0,,LOW,0.0,,LOW,0.0,,LOW,0.0,,LOW,0.0,,LOW,0.1,,LOW,0.05,,LOW,0.025,,1.0807046194118566,0.3458254782117941,,,0.0,2.691260546582721,2.8126976515380133,50.0,92.4,51.5,92.4,5.06,0.76,,5.06,0.76,,HOT,COOL,COOL,4.3,4.3,HOT,Yellow,Red,Red,Yellow,82.0,57.0,52.0,77.0,POINTS,82.0,1.0,1.0,1.0,1.0,0.0,1.0,B,Distributor,8.4,,47.0,,1.0,1.7314102564102565,135.05,1.7314102564102565,0.0840656091462718,8.4,8.4,2.6212513883746764,0.3554239170677526,2.665679378008145,7.03935543848776,7.710706829704742,47.0,71.7,False,,,,🅿️ D:1,,False,False,0.0,,False,0.0,,False,0.0,,1.5,185.0,Bovada,,,,,,,,,,1.5,185.0,Bovada,0.5,188.0,BetRivers,,,,,,,,,,0.5,188.0,BetRivers,0.5,240.0,BetRivers,,,,,,,,,,0.5,240.0,BetRivers,0.5,1100.0,Fanatics,,,,,,,,,,0.5,1100.0,Fanatics,0.5,1100.0,Fanatics,,,,,,,,,,0.5,1100.0,Fanatics,ALTLINE_NB_v1_2026-01-18,1.5,185.0,Bovada,exp/fallback,0.1,0.0056639264392934,0.6,0.3508771929824561,-98.38578096480136,-98.4,0.0056639264392934,0.6,-98.38578096480136,-98.4,,,,,,,,,,,,,0.5,188.0,BetRivers,exp/fallback,0.506,0.3724098552028078,37.2,0.3472222222222222,7.254038298408638,7.3,0.3724098552028078,37.2,7.254038298408638,7.3,,,,,,,,,,,,,0.5,240.0,BetRivers,exp/fallback,0.43,0.3225964876627886,32.3,0.2941176470588235,9.682805805348115,9.7,0.3225964876627886,32.3,9.682805805348115,9.7,,,,,,,,,,,,,0.5,1100.0,Fanatics,exp/fallback,0.1578,0.1418873999392738,14.2,0.0833333333333333,70.26487992712856,70.3,0.1418873999392738,14.2,70.26487992712856,70.3,,,,,,,,,,,,,0.5,1100.0,Fanatics,exp/fallback,0.1157999999999999,0.1056417992288232,10.6,0.0833333333333333,26.770159074587863,26.8,0.1056417992288232,10.6,26.770159074587863,26.8,,,,,,,,,,,,,False,False,True,True,False,,,Active roster,2026-09-30T17:46:14+00:00,False,[],2025-2026,,2026-09-24-frozen-v2,2026-09-30T17:46:17.251356+00:00,,,,The Odds API,"[""Bally Bet"", ""BetRivers"", ""Bovada""]",The Odds API,"[""Bally Bet"", ""BetRivers""]",The Odds API,"[""Bally Bet"", ""BetRivers""]",The Odds API,"[""Bally Bet"", ""BetMGM"", ""BetRivers"", ""Bovada"", ""Caesars"", ""DraftKings"", ""FanDuel"", ""Fanatics"", ""Fliff"", ""Hard Rock Bet"", ""theScore Bet""]",The Odds API,"[""Bally Bet"", ""BetMGM"", ""BetRivers"", ""Bovada"", ""Caesars"", ""DraftKings"", ""FanDuel"", ""Fanatics"", ""caesars""]",,,,,,,,,,,,,,,2026020008,8475171.0,PLAYER_ID,FINAL,0.0,L,OK,0.0,L,OK,2.0,W,OK,0.0,L,OK,0.0,L,OK,0.0,,NO_LINE
2026-09-30,NYI@TOR,2026020008,6:30 PM,2026-09-30T23:30:00Z,Teddy Blueger,8476927,TOR,C,,Unknown,,,,,,,,,,,,,,,,,,,,,,,,,,,,,,,,,,,,,,,,,,,,,,,,,,,,,,,,,,,,,,,,,,,,,,,,,,,,,,,,,,,,,,,,,,,,,,,,,,,,,,,,,,,,,,,,,,,,,,,,,,,,,,,,,,,,,,,,,,,,,,,,,,,,,,,,,,,,,,,,,,,,,,,,,,,,,,,,,,,,,,,,,,,,,,,,,,,,,,,,,,,,,,,,,,,,,,,,,,,,,,,,,,,,,,,,,,,,,,,,,,,,,,,,,,,,,,,,,,,,,,,,,,,,,,,,,,,,,,,,,,,,,,,,,,,,,,,,,,,,,,,,,,,,,,,,0.5,1000.0,fanduel,,,,,,,,,,,,,,,,,,,,,,,,,,,,,,,,,,,,,,,,,,,,,,,,,,,,,,,,,Active roster,2026-09-30T17:46:14+00:00,True,[],Unavailable,True,2026-09-24-frozen-v2,2026-09-30T17:46:17.251356+00:00,,,,,,,,,,,,,,,,,,,,,,,,,,,,2026020008,8476927.0,PLAYER_ID,FINAL,0.0,,NO_LINE,0.0,,NO_LINE,0.0,,NO_LINE,0.0,L,OK,0.0,,NO_LINE,0.0,,NO_LINE
2026-09-30,NYI@TOR,2026020008,6:30 PM,2026-09-30T23:30:00Z,Troy Stecher,8479442,TOR,D,,Healthy,Unknown,,,3.0,1.0,🟢 ROLE+,14.0,5.0,2026-09-30T17:46:06+00:00,NYI,Ilya Sorokin,0.9058823529411764,2.678100945394431,32.9,Likely,dailyfaceoff_name_and_stats,23.5,4.0,23.5,4.0,,37.0,51.9,A1+A2,19.19,82.2,51.2,1.0,NONE,False,False,24.25081018097076,2.2433091796234934,25.9,8.1,16.0,3.2,True,,,,,50.0,,,,,,,,,,,,,,,,,,,,,,,,,,,,,,,,,,,,,,,,0.7282799831935388,0.2801076858436688,,,0.0,2.691260546582721,2.8126976515380133,50.0,92.4,44.2,92.4,2.26,0.53,,,,,COOL,COOL,COOL,1.73,,COOL,Red,Red,Red,Red,58.0,49.0,44.0,53.0,POINTS,58.0,,,,,,,C,Passenger,0.2,,47.0,,0.0,0.0346354166666666,2.216666666666667,0.0346354166666666,0.0018051276483122,0.2,0.2,0.0,0.0,0.0,7.03935543848776,7.710706829704742,47.0,33.3,False,,,,,,False,False,0.0,,False,0.0,,False,0.0,,,,,,,,,,,,,,,,,0.5,285.0,BetRivers,,,,,,,,,,0.5,285.0,BetRivers,,,,,,,,,,,,,,,,0.5,2200.0,Fanatics,,,,,,,,,,0.5,2200.0,Fanatics,0.5,2200.0,Fanatics,,,,,,,,,,0.5,2200.0,Fanatics,ALTLINE_NB_v1_2026-01-18,,,,league_avg,2.3,,,,,,,,,,,,,,,,,,,,,,0.5,285.0,BetRivers,exp/fallback,0.2259999999999999,0.1954778207674281,19.5,0.2597402597402597,-24.741039004540166,-24.7,0.1954778207674281,19.5,-24.741039004540166,-24.7,,,,,,,,,,,,,,,,exp/fallback,0.173,,,,,,,,,,,,,,,,,,,,,,0.5,2200.0,Fanatics,exp/fallback,0.2012,0.1759412615701066,17.6,0.0434782608695652,304.6649016112451,304.7,0.1759412615701066,17.6,304.6649016112451,304.7,,,,,,,,,,,,,0.5,2200.0,Fanatics,exp/fallback,0.13945,0.1249617238618419,12.5,0.0434782608695652,187.4119648822364,187.4,0.1249617238618419,12.5,187.4119648822364,187.4,,,,,,,,,,,,,False,False,True,True,False,,,Active roster,2026-09-30T17:46:14+00:00,False,[],2025-2026,,2026-09-24-frozen-v2,2026-09-30T17:46:17.251356+00:00,,,,,,,,The Odds API,"[""Bally Bet"", ""BetRivers""]",The Odds API,"[""Bally Bet"", ""BetMGM"", ""BetRivers"", ""Bovada"", ""Caesars"", ""DraftKings"", ""Fanatics"", ""Fliff"", ""Hard Rock Bet"", ""theScore Bet""]",The Odds API,"[""Bally Bet"", ""BetMGM"", ""BetRivers"", ""Bovada"", ""Caesars"", ""DraftKings"", ""Fanatics"", ""caesars""]",,,,,,,,,,,,,,,2026020008,8479442.0,PLAYER_ID,FINAL,0.0,L,OK,0.0,,NO_LINE,0.0,,NO_LINE,0.0,L,OK,0.0,L,OK,0.0,,NO_LINE
2026-09-30,NYI@TOR,2026020008,6:30 PM,2026-09-30T23:30:00Z,William Nylander,8477939,TOR,R,⭐ STAR,Healthy,Unknown,,,3.0,1.0,🟢 ROLE+,14.0,5.0,2026-09-30T17:46:06+00:00,NYI,Ilya Sorokin,0.9058823529411764,2.678100945394431,32.9,Likely,dailyfaceoff_name_and_stats,23.5,4.0,23.5,4.0,,87.9,96.5,A1+A2,19.42,84.3,90.2,1.2,STAR,False,True,24.25081018097076,2.2433091796234934,25.9,8.1,16.0,3.2,True,,,5.0,,50.0,2.0,2.0,5.0,2.0,0.0,0.0,2.0,2.0,0.0,0.0,5.0,5.0,LOW,0.2,-0.3,LOW,0.1,,LOW,0.05,,LOW,0.0,,LOW,0.0,,LOW,0.0,,LOW,0.5,,LOW,0.25,,LOW,0.125,,2.639120293235588,1.0796401199600134,,,0.0,2.691260546582721,2.8126976515380133,50.0,92.4,74.2,92.4,17.27,4.15,,10.79,1.77,,HOT,WARM,COOL,12.18,9.02,HOT,Green,Yellow,Yellow,Green,89.0,77.0,78.0,88.0,POINTS,89.0,0.0,1.0,0.0,0.0,0.0,1.0,A,Distributor,13.8,,47.0,,2.0,2.672051282051282,173.68333333333334,2.672051282051282,0.137623644695659,13.8,13.8,4.527204682851933,1.1503694463103349,3.972747337107763,7.03935543848776,7.710706829704742,47.0,83.8,False,,,,🅿️ D:0,,False,False,1.0,,False,0.0,,False,0.0,,1.5,-310.0,DraftKings,2.5,-105.0,Bovada,3.5,230.0,FanDuel,4.5,510.0,FanDuel,2.5,-105.0,Bovada,0.5,-180.0,Hard Rock Bet,1.5,280.0,Fanatics,2.5,950.0,Fanatics,3.5,3500.0,Fanatics,0.5,-180.0,Hard Rock Bet,0.5,130.0,Hard Rock Bet,1.5,725.0,Bovada,2.5,2500.0,Fanatics,,,,0.5,130.0,Hard Rock Bet,0.5,190.0,FanDuel,,,,,,,,,,0.5,190.0,FanDuel,0.5,190.0,FanDuel,,,,,,,,,,0.5,190.0,FanDuel,ALTLINE_NB_v1_2026-01-18,2.5,-105.0,Bovada,exp/fallback,0.5,0.0211669780841146,2.1,0.5121951219512195,-95.86739951691096,-95.9,0.0982404443767041,9.8,-87.00690896953269,-87.0,0.0211669780841146,2.1,-95.86739951691096,-95.9,0.0040395411302058,0.4,-98.66695142703206,-98.7,0.0007092061669458,0.1,-99.56738423816306,-99.6,0.5,-180.0,Hard Rock Bet,exp/fallback,1.727,0.7409678025801663,74.1,0.6428571428571429,15.261658179136978,15.3,0.7409678025801663,74.1,15.261658179136978,15.3,0.4621503854315779,46.2,75.6171464639996,75.6,0.2595735313036599,26.0,172.55220786884288,172.6,0.1360118983382294,13.6,389.64283401762606,389.6,0.5,130.0,Hard Rock Bet,exp/fallback,1.218,0.6137327285417908,61.4,0.4347826086956521,41.15852756461189,41.2,0.6137327285417908,61.4,41.15852756461189,41.2,0.321331524914632,32.1,165.0985080545714,165.1,0.155322513408473,15.5,303.83853486202986,303.8,,,,,0.5,190.0,FanDuel,exp/fallback,0.2595,0.2187787901934395,21.9,0.3448275862068966,-36.55415084390255,-36.6,0.2187787901934395,21.9,-36.55415084390255,-36.6,,,,,,,,,,,,,0.5,190.0,FanDuel,exp/fallback,0.2810625,0.2275141518673232,22.8,0.3448275862068966,-34.02089595847625,-34.0,0.2275141518673232,22.8,-34.02089595847625,-34.0,,,,,,,,,,,,,False,True,False,False,True,,,Active roster,2026-09-30T17:46:14+00:00,False,"[{""market"":""Points"",""name"":""Hammer Fists"",""kind"":""FLOOR"",""rule"":""Conf_Points >= 80"",""icon"":""PTS05_HAMMER_FISTS.svg"",""kit_version"":""2026-09-24-frozen-v2""},{""market"":""Points"",""name"":""Echo Stomp II"",""kind"":""TIER"",""rule"":""Conf_Points >= 80 + TOI_per_game >= 19.18"",""icon"":""PTS05_HAMMER_STOMP.svg"",""kit_version"":""2026-09-24-frozen-v2""},{""market"":""Points"",""name"":""Gaia’s Blessing"",""kind"":""TIER"",""rule"":""Conf_Points >= 80 + Assists_mu >= 0.746"",""icon"":""PTS05_GAIAS_BLESSING.svg"",""kit_version"":""2026-09-24-frozen-v2""},{""market"":""Points"",""name"":""Gaia’s Blessing+ (Press)"",""kind"":""HEAVY"",""rule"":""Conf_Points >= 81 + Assists_mu >= 0.746"",""icon"":""PTS05_GAIAS_BLESSING.svg"",""kit_version"":""2026-09-24-frozen-v2""},{""market"":""Points"",""name"":""Gaia’s Blessing++ (Smash)"",""kind"":""HEAVY"",""rule"":""Conf_Points >= 83 + Assists_mu >= 0.746"",""icon"":""PTS05_GAIAS_BLESSING.svg"",""kit_version"":""2026-09-24-frozen-v2""},{""market"":""Assists"",""name"":""Staff (Green Stance)"",""kind"":""STANCE"",""rule"":""Green + Assists 0.5"",""icon"":""staff.svg"",""kit_version"":""2026-09-24-frozen-v2""},{""market"":""Assists"",""name"":""Staff Awakened"",""kind"":""STANCE"",""rule"":""Green + Assists 0.5 + Conf_Assists ≥ 83"",""icon"":""staff.svg"",""kit_version"":""2026-09-24-frozen-v2""}]",2025-2026,,2026-09-24-frozen-v2,2026-09-30T17:46:17.251356+00:00,0.5,210.0,Hard Rock Bet,The Odds API,"[""Bally Bet"", ""BetOnline.ag"", ""BetRivers"", ""Bovada"", ""Caesars"", ""DraftKings"", ""FanDuel"", ""Fanatics"", ""Fliff"", ""Hard Rock Bet"", ""draftkings"", ""theScore Bet""]",The Odds API,"[""Bally Bet"", ""BetOnline.ag"", ""BetRivers"", ""Bovada"", ""DraftKings"", ""FanDuel"", ""Fanatics"", ""Fliff"", ""Hard Rock Bet"", ""draftkings"", ""theScore Bet""]",The Odds API,"[""Bally Bet"", ""BetOnline.ag"", ""BetRivers"", ""Bovada"", ""Caesars"", ""DraftKings"", ""FanDuel"", ""Fanatics"", ""Fliff"", ""Hard Rock Bet"", ""draftkings"", ""theScore Bet""]",The Odds API,"[""Bally Bet"", ""BetMGM"", ""BetRivers"", ""Bovada"", ""Caesars"", ""DraftKings"", ""FanDuel"", ""Fanatics"", ""Fliff"", ""Hard Rock Bet"", ""fanduel"", ""theScore Bet""]",The Odds API,"[""Bally Bet"", ""BetMGM"", ""BetRivers"", ""Bovada"", ""Caesars"", ""DraftKings"", ""FanDuel"", ""Fanatics"", ""fanduel""]",0.5,210.0,Hard Rock Bet,1.5,1100.0,Bovada,,,,,,,The Odds API,"[""Bally Bet"", ""BetRivers"", ""Bovada"", ""FanDuel"", ""Fliff"", ""Hard Rock Bet"", ""theScore Bet""]",2026020008,8477939.0,PLAYER_ID,FINAL,0.0,L,OK,0.0,L,OK,1.0,L,OK,0.0,L,OK,0.0,L,OK,0.0,L,OK
2026-09-30,NYI@TOR,2026020008,6:30 PM,2026-09-30T23:30:00Z,Zack MacEwen,8479772,TOR,R,,Unknown,,,,,,,,,,,,,,,,,,,,,,,,,,,,,,,,,,,,,,,,,,,,,,,,,,,,,,,,,,,,,,,,,,,,,,,,,,,,,,,,,,,,,,,,,,,,,,,,,,,,,,,,,,,,,,,,,,,,,,,,,,,,,,,,,,,,,,,,,,,,,,,,,,,,,,,,,,,,,,,,,,,,,,,,,,,,,,,,,,,,,,,,,,,,,,,,,,,,,,,,,,,,,,,,,,,,,,,,,,,,,,,,,,,,,,,,,,,,,,,,,,,,,,,,,,,,,,,,,,,,,,,,,,,,,,,,,,,,,,,,,,,,,,,,,,,,,,,,,,,,,,,,,,,,,,,,0.5,1100.0,fanduel,,,,,,,,,,,,,,,,,,,,,,,,,,,,,,,,,,,,,,,,,,,,,,,,,,,,,,,,,Active roster,2026-09-30T17:46:14+00:00,True,[],Unavailable,True,2026-09-24-frozen-v2,2026-09-30T17:46:17.251356+00:00,,,,,,,,,,,,,,,,,,,,,,,,,,,,2026020008,,,NO_PLAYER,,,NO_PLAYER,,,NO_PLAYER,,,NO_PLAYER,,,NO_PLAYER,,,NO_PLAYER,,,NO_PLAYER
2026-09-30,PIT@PHI,2026020006,6:30 PM,2026-09-30T23:30:00Z,Alex Bump,8483731,PHI,L,,Healthy,Unknown,,,1.0,0.0,,14.0,5.0,2026-09-30T17:46:06+00:00,PIT,Arturs Silovs,0.8873653281096964,3.071376110035388,69.4,Confirmed,dailyfaceoff_name_and_stats,22.0,4.0,22.0,4.0,,40.5,31.9,A1+A2,12.64,31.9,35.8,0.94,NONE,False,False,23.17952989306844,2.2607758356708025,9.2,24.9,6.0,1.5,True,,,,,50.0,,,,,,,,,,,,,,,,,,,,,,,,,,,,,,,,,,,,,,,,2.451063829787234,0.0,,,0.0,2.548981003132246,2.445592482609934,50.0,66.9,73.4,66.9,4.37,2.15,,,,,COOL,COOL,COOL,2.22,,COOL,Red,Red,Red,Red,43.0,41.0,42.0,41.0,POINTS,43.0,,,,,,,C,Passenger,7.1,,23.4,,0.0,0.8950980392156863,15.216666666666669,0.8950980392156863,0.0708081278113851,7.1,7.1,0.9069003285870756,0.9069003285870756,0.0,7.090348800857488,6.160814794961136,23.4,42.9,False,,,,,,False,False,1.0,,False,0.0,,False,0.0,,1.5,130.0,Bovada,,,,,,,,,,1.5,130.0,Bovada,0.5,128.0,BetRivers,1.5,600.0,BetRivers,,,,,,,0.5,128.0,BetRivers,0.5,205.0,BetRivers,,,,,,,,,,0.5,205.0,BetRivers,0.5,425.0,theScore Bet,,,,,,,,,,0.5,425.0,theScore Bet,0.5,400.0,DraftKings,,,,,,,,,,0.5,400.0,DraftKings,ALTLINE_NB_v1_2026-01-18,1.5,130.0,Bovada,league_avg,2.3,0.6001759479749428,60.0,0.4347826086956521,38.04046803423684,38.0,0.6001759479749428,60.0,38.04046803423684,38.0,,,,,,,,,,,,,0.5,128.0,BetRivers,exp/fallback,0.437,0.3341158972390488,33.4,0.4385964912280701,-23.82157542949688,-23.8,0.3341158972390488,33.4,-23.82157542949688,-23.8,0.0817273696302751,8.2,-42.79084125880739,-42.8,,,,,,,,,0.5,205.0,BetRivers,exp/fallback,0.222,0.1898379756967594,19.0,0.3278688524590163,-42.09941741248839,-42.1,0.1898379756967594,19.0,-42.09941741248839,-42.1,,,,,,,,,,,,,0.5,425.0,theScore Bet,exp/fallback,0.266,0.2233603083082554,22.3,0.1904761904761904,17.264161861834125,17.3,0.2233603083082554,22.3,17.264161861834125,17.3,,,,,,,,,,,,,0.5,400.0,DraftKings,exp/fallback,0.24475,0.2031810425082469,20.3,0.2,1.5905212541234892,1.6,0.2031810425082469,20.3,1.5905212541234892,1.6,,,,,,,,,,,,,True,False,True,False,False,,,Active roster,2026-09-30T17:46:14+00:00,False,[],2025-2026,,2026-09-24-frozen-v2,2026-09-30T17:46:17.251356+00:00,0.5,850.0,Hard Rock Bet,The Odds API,"[""Bally Bet"", ""BetRivers"", ""Bovada""]",The Odds API,"[""Bally Bet"", ""BetRivers""]",The Odds API,"[""Bally Bet"", ""BetRivers""]",The Odds API,"[""Bally Bet"", ""BetMGM"", ""BetRivers"", ""Bovada"", ""Caesars"", ""DraftKings"", ""FanDuel"", ""Fanatics"", ""Fliff"", ""Hard Rock Bet"", ""theScore Bet""]",The Odds API,"[""Bally Bet"", ""BetMGM"", ""BetRivers"", ""Bovada"", ""Caesars"", ""DraftKings"", ""FanDuel"", ""Fanatics"", ""betmgm""]",0.5,850.0,Hard Rock Bet,,,,,,,,,,The Odds API,"[""Bovada"", ""Hard Rock Bet"", ""theScore Bet""]",2026020006,8483731.0,PLAYER_ID,FINAL,0.0,L,OK,0.0,L,OK,1.0,L,OK,0.0,L,OK,0.0,L,OK,0.0,L,OK
2026-09-30,PIT@PHI,2026020006,6:30 PM,2026-09-30T23:30:00Z,Cam York,8481546,PHI,D,,Healthy,Unknown,,,1.0,0.0,,14.0,5.0,2026-09-30T17:46:06+00:00,PIT,Arturs Silovs,0.8873653281096964,3.071376110035388,69.4,Confirmed,dailyfaceoff_name_and_stats,22.0,4.0,22.0,4.0,11.5,59.1,74.9,A1+A2,22.54,96.8,72.2,1.09,NONE,False,False,23.17952989306844,2.2607758356708025,9.2,24.9,6.0,1.5,True,1.5,1.625,2.0,1.675,59.5,2.0,1.0,18.0,1.0,0.0,1.0,2.0,2.0,1.0,1.0,18.0,18.0,LOW,0.2,-0.3,LOW,0.1,,LOW,0.05,,LOW,0.1,,LOW,0.05,,LOW,0.025,,LOW,1.8,,LOW,0.9,,LOW,0.45,,0.7466072146106885,0.2799777054790081,,,1.0,2.548981003132246,2.445592482609934,50.0,66.9,44.7,66.9,4.37,1.13,16.75,2.37,0.13,-1.25,WARM,COOL,COOL,3.56,2.24,WARM,Yellow,Red,Red,Yellow,74.0,58.0,62.0,72.0,POINTS,74.0,4.0,6.0,4.0,1.0,0.0,10.0,B,Distributor,7.1,,23.4,,1.0,1.6006756756756757,118.45,1.6006756756756757,0.0710280934248793,7.1,7.1,2.9252849303503585,0.5571971295905446,2.7859856479527227,7.090348800857488,6.160814794961136,23.4,64.2,False,,,,🅿️ D:4,,False,False,2.0,,False,0.0,,False,0.0,,,,,,,,,,,,,,,,,0.5,165.0,BetRivers,1.5,800.0,BetRivers,,,,,,,0.5,165.0,BetRivers,0.5,215.0,BetRivers,,,,,,,,,,0.5,215.0,BetRivers,0.5,875.0,BetMGM,,,,,,,,,,0.5,875.0,BetMGM,0.5,875.0,BetMGM,,,,,,,,,,0.5,875.0,BetMGM,ALTLINE_NB_v1_2026-01-18,,,,exp/fallback,1.675,,,,,,,,,,,,,,,,,,,,,,0.5,165.0,BetRivers,exp/fallback,0.437,0.3341158972390488,33.4,0.3773584905660377,-11.459287231652082,-11.5,0.3341158972390488,33.4,-11.459287231652082,-11.5,0.0817273696302751,8.2,-26.445367332752355,-26.4,,,,,,,,,0.5,215.0,BetRivers,exp/fallback,0.356,0.2793748432640283,27.9,0.3174603174603174,-11.996924371831096,-12.0,0.2793748432640283,27.9,-11.996924371831096,-12.0,,,,,,,,,,,,,0.5,875.0,BetMGM,exp/fallback,0.1914199999999999,0.168434748305761,16.8,0.1025641025641025,64.22387959811697,64.2,0.168434748305761,16.8,64.22387959811697,64.2,,,,,,,,,,,,,0.5,875.0,BetMGM,exp/fallback,0.1516825,0.1346859975747226,13.5,0.1025641025641025,31.318847635354587,31.3,0.1346859975747226,13.5,31.318847635354587,31.3,,,,,,,,,,,,,False,False,True,True,False,11.5,,Active roster,2026-09-30T17:46:14+00:00,False,[],2025-2026,,2026-09-24-frozen-v2,2026-09-30T17:46:17.251356+00:00,0.5,450.0,Hard Rock Bet,,,The Odds API,"[""Bally Bet"", ""BetRivers""]",The Odds API,"[""Bally Bet"", ""BetRivers""]",The Odds API,"[""Bally Bet"", ""BetMGM"", ""BetRivers"", ""Bovada"", ""Caesars"", ""DraftKings"", ""FanDuel"", ""Fanatics"", ""Fliff"", ""Hard Rock Bet"", ""theScore Bet""]",The Odds API,"[""Bally Bet"", ""BetMGM"", ""BetRivers"", ""Bovada"", ""Caesars"", ""DraftKings"", ""FanDuel"", ""Fanatics"", ""betmgm""]",0.5,450.0,Hard Rock Bet,,,,,,,,,,The Odds API,"[""Bovada"", ""Hard Rock Bet"", ""theScore Bet""]",2026020006,8481546.0,PLAYER_ID,FINAL,0.0,L,OK,0.0,L,OK,1.0,,NO_LINE,0.0,L,OK,0.0,L,OK,0.0,L,OK
2026-09-30,PIT@PHI,2026020006,6:30 PM,2026-09-30T23:30:00Z,Carl Grundstrom,8479336,PHI,R,,Healthy,Unknown,,,1.0,0.0,,14.0,5.0,2026-09-30T17:46:06+00:00,PIT,Arturs Silovs,0.8873653281096964,3.071376110035388,69.4,Confirmed,dailyfaceoff_name_and_stats,22.0,4.0,22.0,4.0,,59.1,31.9,A1+A2,11.85,24.9,42.7,0.97,NONE,False,False,23.17952989306844,2.2607758356708025,9.2,24.9,6.0,1.5,True,,,,,50.0,,,,,,,,,,,,,,,,,,,,,,,,,,,,,,,,,,,,,,,,1.2827572802954228,0.0,,,0.0,2.548981003132246,2.445592482609934,50.0,66.9,54.2,66.9,2.42,1.59,,,,,COOL,COOL,COOL,0.83,,COOL,Red,Red,Red,Red,41.0,51.0,56.0,39.0,GOAL,56.0,,,,,,,C,Passenger,0.2,,23.4,,0.0,0.025531914893617,1.2,0.025531914893617,0.0021543341013135,0.2,0.2,0.0,0.0,0.0,7.090348800857488,6.160814794961136,23.4,26.8,False,,,,,,False,False,1.0,,False,0.0,,False,0.0,,,,,,,,,,,,,,,,,,,,,,,,,,,,,,,,,,,,,,,,,,,,,,,0.5,850.0,FanDuel,,,,,,,,,,0.5,850.0,FanDuel,0.5,850.0,FanDuel,,,,,,,,,,0.5,850.0,FanDuel,ALTLINE_NB_v1_2026-01-18,,,,league_avg,2.3,,,,,,,,,,,,,,,,,,,,,,,,,exp/fallback,0.242,,,,,,,,,,,,,,,,,,,,,,,,,exp/fallback,0.0829999999999999,,,,,,,,,,,,,,,,,,,,,,0.5,850.0,FanDuel,exp/fallback,0.2435999999999999,0.2074110081043089,20.7,0.1052631578947368,97.04045769909344,97.0,0.2074110081043089,20.7,97.04045769909344,97.0,,,,,,,,,,,,,0.5,850.0,FanDuel,exp/fallback,0.20835,0.1774934381668885,17.7,0.1052631578947368,68.61876625854414,68.6,0.1774934381668885,17.7,68.61876625854414,68.6,,,,,,,,,,,,,False,False,True,True,False,,,Active roster,2026-09-30T17:46:14+00:00,False,[],2025-2026,,2026-09-24-frozen-v2,2026-09-30T17:46:17.251356+00:00,,,,,,,,,,The Odds API,"[""Bally Bet"", ""BetMGM"", ""BetRivers"", ""Bovada"", ""Caesars"", ""DraftKings"", ""FanDuel"", ""Fanatics"", ""Fliff"", ""Hard Rock Bet"", ""theScore Bet""]",The Odds API,"[""Bally Bet"", ""BetMGM"", ""BetRivers"", ""Bovada"", ""Caesars"", ""DraftKings"", ""FanDuel"", ""Fanatics"", ""fanduel""]",,,,,,,,,,,,,,,2026020006,8479336.0,PLAYER_ID,FINAL,0.0,,NO_LINE,0.0,,NO_LINE,1.0,,NO_LINE,0.0,L,OK,0.0,L,OK,0.0,,NO_LINE
2026-09-30,PIT@PHI,2026020006,6:30 PM,2026-09-30T23:30:00Z,Christian Dvorak,8477989,PHI,C,,Healthy,Unknown,,,1.0,0.0,,14.0,5.0,2026-09-30T17:46:06+00:00,PIT,Arturs Silovs,0.8873653281096964,3.071376110035388,69.4,Confirmed,dailyfaceoff_name_and_stats,22.0,4.0,22.0,4.0,11.5,91.4,88.4,A1+A2,18.46,74.1,86.9,1.15,NONE,False,False,23.17952989306844,2.2607758356708025,9.2,24.9,6.0,1.5,True,1.5,1.5,1.6,1.535,50.0,4.0,0.0,16.0,0.0,1.0,4.0,4.0,4.0,4.0,4.0,16.0,16.0,LOW,0.4,-0.1,LOW,0.2,,LOW,0.1,,LOW,0.4,,LOW,0.2,,LOW,0.1,,LOW,1.6,,LOW,0.8,,LOW,0.4,,1.760573816651353,0.7469101040339073,,,4.0,2.548981003132246,2.445592482609934,50.0,66.9,66.4,66.9,8.86,3.32,16.89,4.05,3.32,-0.65,HOT,HOT,COOL,5.2,0.73,COOL,Yellow,Red,Red,Yellow,81.0,72.0,79.0,76.0,POINTS,81.0,0.0,0.0,10.0,2.0,0.0,10.0,B,Shooter,8.4,,23.4,,1.0,1.5472916666666667,123.78333333333332,1.5472916666666667,0.0838214547711754,8.4,8.4,2.161841928100175,1.7498316951662851,0.4847179210986939,7.090348800857488,6.160814794961136,23.4,54.4,False,,,,🅿️ D:0,,False,False,2.0,,False,0.0,,False,0.0,,1.5,105.0,Bovada,,,,,,,,,,1.5,105.0,Bovada,0.5,160.0,theScore Bet,1.5,1100.0,theScore Bet,2.5,1600.0,BetOnline.ag,3.5,3500.0,BetOnline.ag,0.5,160.0,theScore Bet,0.5,330.0,Bovada,1.5,1900.0,Fanatics,2.5,3300.0,Bovada,,,,0.5,330.0,Bovada,0.5,430.0,FanDuel,,,,,,,,,,0.5,430.0,FanDuel,0.5,430.0,FanDuel,,,,,,,,,,0.5,430.0,FanDuel,ALTLINE_NB_v1_2026-01-18,1.5,105.0,Bovada,exp/fallback,1.689,0.4653676948920292,46.5,0.4878048780487805,-4.599622547134008,-4.6,0.4653676948920292,46.5,-4.599622547134008,-4.6,,,,,,,,,,,,,0.5,160.0,theScore Bet,exp/fallback,0.8859999999999999,0.5377845712131094,53.8,0.3846153846153846,39.823988515408445,39.8,0.5377845712131094,53.8,39.823988515408445,39.8,0.225195555179841,22.5,170.23466621580923,170.2,0.0825012104437932,8.3,40.25205775444847,40.3,0.0278167787104814,2.8,0.1404033577333763,0.1,0.5,330.0,Bovada,exp/fallback,0.52,0.3701184177374653,37.0,0.2325581395348837,59.150919627110085,59.2,0.3701184177374653,37.0,59.150919627110085,59.2,0.1101672885497526,11.0,120.33457709950532,120.3,0.0297062247535558,3.0,1.001164162090018,1.0,,,,,0.5,430.0,FanDuel,exp/fallback,0.2658799999999999,0.2232760676727353,22.3,0.1886792452830188,18.336315866549725,18.3,0.2232760676727353,22.3,18.336315866549725,18.3,,,,,,,,,,,,,0.5,430.0,FanDuel,exp/fallback,0.27268,0.2220068511551565,22.2,0.1886792452830188,17.66363111223295,17.7,0.2220068511551565,22.2,17.66363111223295,17.7,,,,,,,,,,,,,False,True,True,True,True,11.5,,Active roster,2026-09-30T17:46:14+00:00,False,[],2025-2026,,2026-09-24-frozen-v2,2026-09-30T17:46:17.251356+00:00,0.5,850.0,Hard Rock Bet,The Odds API,"[""Bally Bet"", ""BetRivers"", ""Bovada""]",The Odds API,"[""Bally Bet"", ""BetOnline.ag"", ""BetRivers"", ""Bovada"", ""DraftKings"", ""Fanatics"", ""Fliff"", ""Hard Rock Bet"", ""draftkings"", ""theScore Bet""]",The Odds API,"[""Bally Bet"", ""BetOnline.ag"", ""BetRivers"", ""Bovada"", ""Caesars"", ""DraftKings"", ""Fanatics"", ""Fliff"", ""Hard Rock Bet"", ""draftkings"", ""theScore Bet""]",The Odds API,"[""Bally Bet"", ""BetMGM"", ""BetRivers"", ""Bovada"", ""Caesars"", ""DraftKings"", ""FanDuel"", ""Fanatics"", ""Fliff"", ""Hard Rock Bet"", ""theScore Bet""]",The Odds API,"[""Bally Bet"", ""BetMGM"", ""BetRivers"", ""Bovada"", ""Caesars"", ""DraftKings"", ""FanDuel"", ""Fanatics"", ""fanatics""]",0.5,850.0,Hard Rock Bet,,,,,,,,,,The Odds API,"[""Bovada"", ""Hard Rock Bet"", ""theScore Bet""]",2026020006,8477989.0,PLAYER_ID,FINAL,0.0,L,OK,0.0,L,OK,2.0,W,OK,0.0,L,OK,0.0,L,OK,0.0,L,OK
2026-09-30,PIT@PHI,2026020006,6:30 PM,2026-09-30T23:30:00Z,David Jiricek,8483460,PHI,D,,Healthy,Unknown,,,1.0,0.0,,14.0,5.0,2026-09-30T17:46:06+00:00,PIT,Arturs Silovs,0.8873653281096964,3.071376110035388,69.4,Confirmed,dailyfaceoff_name_and_stats,22.0,4.0,22.0,4.0,,16.5,6.9,A1+A2,12.02,27.0,15.3,0.94,NONE,False,False,23.17952989306844,2.2607758356708025,9.2,24.9,6.0,1.5,True,,,,,50.0,,,,,,,,,,,,,,,,,,,,,,,,,,,,,,,,,,,,,,,,0.0,0.0,,,0.0,2.548981003132246,2.445592482609934,50.0,66.9,29.1,66.9,0.19,0.19,,,,,COOL,COOL,COOL,0.0,,COOL,Red,Red,Red,Red,26.0,28.0,28.0,20.0,SOG,28.0,,,,,,,C,Passenger,0.8,,23.4,,0.0,0.1019230769230769,2.65,0.1019230769230769,0.0084827144686299,0.8,0.8,1.1320754716981132,1.1320754716981132,0.0,7.090348800857488,6.160814794961136,23.4,33.7,False,,,,,,False,False,1.0,,False,0.0,,False,0.0,,,,,,,,,,,,,,,,,,,,,,,,,,,,,,,,,,,,,,,,,,,,,,,0.5,1500.0,Hard Rock Bet,,,,,,,,,,0.5,1500.0,Hard Rock Bet,,,,,,,,,,,,,,,,ALTLINE_NB_v1_2026-01-18,,,,league_avg,2.3,,,,,,,,,,,,,,,,,,,,,,,,,exp/fallback,0.019,,,,,,,,,,,,,,,,,,,,,,,,,league_avg,0.35,,,,,,,,,,,,,,,,,,,,,,0.5,1500.0,Hard Rock Bet,exp/fallback,0.1876,0.1654767501673278,16.5,0.0625,164.7628002677246,164.8,0.1654767501673278,16.5,164.7628002677246,164.8,,,,,,,,,,,,,,,,exp/fallback,0.11735,,,,,,,,,,,,,,,,,,,,,,False,False,True,False,False,,,Active roster,2026-09-30T17:46:14+00:00,False,[],2025-2026,,2026-09-24-frozen-v2,2026-09-30T17:46:17.251356+00:00,,,,,,,,,,The Odds API,"[""Hard Rock Bet""]",,,,,,,,,,,,,,,,,2026020006,,,NO_PLAYER,,,NO_PLAYER,,,NO_PLAYER,,,NO_PLAYER,,,NO_PLAYER,,,NO_PLAYER,,,NO_PLAYER
2026-09-30,PIT@PHI,2026020006,6:30 PM,2026-09-30T23:30:00Z,Garrett Wilson,8475253,PHI,L,,Healthy,Unknown,,,1.0,0.0,,14.0,5.0,2026-09-30T17:46:06+00:00,PIT,Arturs Silovs,0.8873653281096964,3.071376110035388,69.4,Confirmed,dailyfaceoff_name_and_stats,22.0,4.0,22.0,4.0,,10.4,6.9,A1+A2,8.68,7.0,8.5,0.94,NONE,False,False,23.17952989306844,2.2607758356708025,9.2,24.9,6.0,1.5,True,,,,,50.0,,,,,,,,,,,,,,,,,,,,,,,,,,,,,,,,,,,,,,,,0.0,0.0,,,0.0,2.548981003132246,2.445592482609934,50.0,66.9,29.1,66.9,0.66,0.66,,,,,COOL,COOL,COOL,0.0,,COOL,Red,Red,Red,Red,24.0,23.0,24.0,17.0,POINTS,24.0,,,,,,,C,Passenger,0.0,,23.4,,0.0,0.0,0.0,0.0,0.0,0.0,0.0,0.0,,,7.090348800857488,6.160814794961136,23.4,9.4,False,,,,,,False,False,1.0,,False,0.0,,False,0.0,,,,,,,,,,,,,,,,,,,,,,,,,,,,,,,,,,,,,,,,,,,,,,,,,,,,,,,,,,,,,,,,,,,,,,,,,,,,,ALTLINE_NB_v1_2026-01-18,,,,league_avg,2.3,,,,,,,,,,,,,,,,,,,,,,,,,exp/fallback,0.066,,,,,,,,,,,,,,,,,,,,,,,,,league_avg,0.35,,,,,,,,,,,,,,,,,,,,,,,,,exp/fallback,0.2064,,,,,,,,,,,,,,,,,,,,,,,,,exp/fallback,0.1479,,,,,,,,,,,,,,,,,,,,,,False,False,False,False,False,,,Active roster,2026-09-30T17:46:14+00:00,False,[],2025-2026,,2026-09-24-frozen-v2,2026-09-30T17:46:17.251356+00:00,,,,,,,,,,,,,,,,,,,,,,,,,,,,2026020006,,,NO_PLAYER,,,NO_PLAYER,,,NO_PLAYER,,,NO_PLAYER,,,NO_PLAYER,,,NO_PLAYER,,,NO_PLAYER
2026-09-30,PIT@PHI,2026020006,6:30 PM,2026-09-30T23:30:00Z,Jamie Drysdale,8482142,PHI,D,,Healthy,Unknown,,,1.0,0.0,,14.0,5.0,2026-09-30T17:46:06+00:00,PIT,Arturs Silovs,0.8873653281096964,3.071376110035388,69.4,Confirmed,dailyfaceoff_name_and_stats,22.0,4.0,22.0,4.0,7.7,54.4,77.8,A1+A2,21.55,94.1,70.5,1.08,NONE,False,False,23.17952989306844,2.2607758356708025,9.2,24.9,6.0,1.5,True,1.0,1.5,1.0,1.0,12.7,4.0,2.0,16.0,1.0,0.0,2.0,4.0,4.0,2.0,2.0,16.0,16.0,LOW,0.4,-0.1,LOW,0.2,,LOW,0.1,,LOW,0.2,,LOW,0.1,,LOW,0.05,,LOW,1.6,,LOW,0.8,,LOW,0.4,,0.7536110529621101,0.1256018421603517,,,2.0,2.548981003132246,2.445592482609934,50.0,66.9,45.0,66.9,4.22,0.89,10.0,0.22,-1.11,-6.0,COOL,COOL,COOL,3.33,1.33,COOL,Yellow,Red,Red,Yellow,62.0,46.0,52.0,71.0,ASSISTS,71.0,2.0,7.0,2.0,2.0,3.0,2.0,A,Distributor,10.3,,23.4,,2.0,2.212179487179488,172.55,2.212179487179488,0.1026350226029026,10.3,10.3,2.4749348015068096,0.4798609098811938,2.3471457548536656,7.090348800857488,6.160814794961136,23.4,66.9,False,,,,🅰️ D:7,,False,False,2.0,,False,0.0,,False,0.0,,1.5,-105.0,theScore Bet,2.5,270.0,theScore Bet,3.5,700.0,Fanatics,4.5,1900.0,Fanatics,1.5,-105.0,theScore Bet,0.5,115.0,theScore Bet,1.5,600.0,theScore Bet,2.5,2500.0,Fanatics,3.5,4000.0,BetOnline.ag,0.5,115.0,theScore Bet,0.5,160.0,Hard Rock Bet,1.5,950.0,DraftKings,2.5,4000.0,Fanatics,,,,0.5,160.0,Hard Rock Bet,0.5,675.0,BetMGM,,,,,,,,,,0.5,675.0,BetMGM,0.5,675.0,BetMGM,,,,,,,,,,0.5,675.0,BetMGM,ALTLINE_NB_v1_2026-01-18,1.5,-105.0,theScore Bet,exp/fallback,1.0,0.2627199999999999,26.3,0.5121951219512195,-48.70704761904763,-48.7,0.2627199999999999,26.3,-48.70704761904763,-48.7,0.0988799999999999,9.9,-63.4144,-63.4,0.033344,3.3,-73.32479999999997,-73.3,0.0104064,1.0,-79.18719999999992,-79.2,0.5,115.0,theScore Bet,exp/fallback,0.422,0.3253760319621251,32.5,0.4651162790697674,-30.04415312814309,-30.0,0.3253760319621251,32.5,-30.04415312814309,-30.0,0.0773222596244208,7.7,-45.8744182629054,-45.9,0.0157572887693235,1.6,-59.03104919975868,-59.0,0.0029296886149723,0.3,-87.98827667861342,-88.0,0.5,160.0,Hard Rock Bet,exp/fallback,0.333,0.2650961649227094,26.5,0.3846153846153846,-31.07499712009556,-31.1,0.2650961649227094,26.5,-31.07499712009556,-31.1,0.0553036427789135,5.5,-41.93117508214079,-41.9,0.010386641145469,1.0,-57.41477130357687,-57.4,,,,,0.5,675.0,BetMGM,exp/fallback,0.1616999999999999,0.1450272751543613,14.5,0.1290322580645161,12.396138244630016,12.4,0.1450272751543613,14.5,12.396138244630016,12.4,,,,,,,,,,,,,0.5,675.0,BetMGM,exp/fallback,0.1221375,0.1108875131411128,11.1,0.1290322580645161,-14.062177315637502,-14.1,0.1108875131411128,11.1,-14.062177315637502,-14.1,,,,,,,,,,,,,False,False,True,False,False,7.7,,Active roster,2026-09-30T17:46:14+00:00,False,[],2025-2026,,2026-09-24-frozen-v2,2026-09-30T17:46:17.251356+00:00,0.5,240.0,Bovada,The Odds API,"[""Bally Bet"", ""BetOnline.ag"", ""BetRivers"", ""Bovada"", ""Caesars"", ""DraftKings"", ""Fanatics"", ""Fliff"", ""Hard Rock Bet"", ""theScore Bet""]",The Odds API,"[""Bally Bet"", ""BetOnline.ag"", ""BetRivers"", ""Bovada"", ""DraftKings"", ""Fanatics"", ""Fliff"", ""Hard Rock Bet"", ""draftkings"", ""theScore Bet""]",The Odds API,"[""Bally Bet"", ""BetOnline.ag"", ""BetRivers"", ""Bovada"", ""Caesars"", ""DraftKings"", ""Fanatics"", ""Fliff"", ""Hard Rock Bet"", ""draftkings"", ""theScore Bet""]",The Odds API,"[""Bally Bet"", ""BetMGM"", ""BetRivers"", ""Bovada"", ""Caesars"", ""DraftKings"", ""FanDuel"", ""Fanatics"", ""Fliff"", ""Hard Rock Bet"", ""theScore Bet""]",The Odds API,"[""Bally Bet"", ""BetMGM"", ""BetRivers"", ""Bovada"", ""Caesars"", ""DraftKings"", ""FanDuel"", ""Fanatics"", ""betmgm""]",0.5,240.0,Bovada,1.5,1400.0,Bovada,,,,,,,The Odds API,"[""Bally Bet"", ""BetRivers"", ""Bovada"", ""FanDuel"", ""Fliff"", ""Hard Rock Bet"", ""theScore Bet""]",2026020006,8482142.0,PLAYER_ID,FINAL,0.0,L,OK,0.0,L,OK,0.0,L,OK,0.0,L,OK,0.0,L,OK,0.0,L,OK
2026-09-30,PIT@PHI,2026020006,6:30 PM,2026-09-30T23:30:00Z,Matvei Michkov,8484387,PHI,R,,Healthy,Unknown,,,1.0,0.0,,14.0,5.0,2026-09-30T17:46:06+00:00,PIT,Arturs Silovs,0.8873653281096964,3.071376110035388,69.4,Confirmed,dailyfaceoff_name_and_stats,22.0,4.0,22.0,4.0,11.5,82.3,86.3,A1+A2,14.84,48.6,77.0,1.11,NONE,False,False,23.17952989306844,2.2607758356708025,9.2,24.9,6.0,1.5,True,1.5,1.5,2.0,1.675,59.5,1.0,0.0,13.0,0.0,1.0,1.0,1.0,1.0,1.0,1.0,13.0,13.0,LOW,0.1,-0.4,LOW,0.05,,LOW,0.025,,LOW,0.1,,LOW,0.05,,LOW,0.025,,LOW,1.3,,LOW,0.65,,LOW,0.325,,1.93929599515176,0.7878389980304025,,,1.0,2.548981003132246,2.445592482609934,50.0,66.9,69.6,66.9,6.66,2.42,16.75,5.66,2.42,3.75,HOT,WARM,HOT,4.24,3.24,HOT,Yellow,Red,Yellow,Yellow,80.0,67.0,74.0,75.0,POINTS,80.0,3.0,3.0,8.0,1.0,0.0,8.0,B,Distributor,13.5,,23.4,,1.0,2.003086419753086,162.25,2.003086419753086,0.1349758748821474,13.5,13.5,3.2551617873651773,1.2906009244992296,2.3112480739599386,7.090348800857488,6.160814794961136,23.4,70.6,False,,,,🅿️ D:3,,False,False,2.0,,False,0.0,,False,0.0,,1.5,-135.0,theScore Bet,2.5,210.0,theScore Bet,3.5,525.0,Fanatics,4.5,1500.0,Fanatics,1.5,-135.0,theScore Bet,0.5,105.0,theScore Bet,1.5,550.0,theScore Bet,2.5,2200.0,Fanatics,3.5,3400.0,BetOnline.ag,0.5,105.0,theScore Bet,0.5,200.0,BetOnline.ag,1.5,1200.0,Fanatics,2.5,1800.0,Bovada,,,,0.5,200.0,BetOnline.ag,0.5,325.0,Hard Rock Bet,,,,,,,,,,0.5,325.0,Hard Rock Bet,0.5,285.0,DraftKings,,,,,,,,,,0.5,285.0,DraftKings,ALTLINE_NB_v1_2026-01-18,1.5,-135.0,theScore Bet,exp/fallback,1.675,0.4617849426829779,46.2,0.574468085106383,-19.61521368111126,-19.6,0.4617849426829779,46.2,-19.61521368111126,-19.6,0.2467671531314171,24.7,-23.502182529260672,-23.5,0.1198403522507602,12.0,-25.099779843274828,-25.1,0.0542801434258395,5.4,-13.151770518656749,-13.2,0.5,105.0,theScore Bet,exp/fallback,0.666,0.4504529719282456,45.0,0.4878048780487805,-7.657140754709646,-7.7,0.4504529719282456,45.0,-7.657140754709646,-7.7,0.1536414232332585,15.4,-0.1330748983819241,-0.1,0.0454331418969262,4.5,4.496226362930411,4.5,0.012315142240506,1.2,-56.89700215822898,-56.9,0.5,200.0,BetOnline.ag,exp/fallback,0.424,0.3192388545785272,31.9,0.3333333333333333,-4.228343626441844,-4.2,0.3192388545785272,31.9,-4.228343626441844,-4.2,0.0810847905036884,8.1,5.410227654794975,5.4,0.0185988231969238,1.9,-64.66223592584468,-64.7,,,,,0.5,325.0,Hard Rock Bet,exp/fallback,0.23528,0.2013701350321075,20.1,0.2352941176470588,-14.417692611354294,-14.4,0.2013701350321075,20.1,-14.417692611354294,-14.4,,,,,,,,,,,,,0.5,285.0,DraftKings,exp/fallback,0.222955,0.1879621604226807,18.8,0.2597402597402597,-27.6345682372679,-27.6,0.1879621604226807,18.8,-27.6345682372679,-27.6,,,,,,,,,,,,,False,False,False,False,False,11.5,,Active roster,2026-09-30T17:46:14+00:00,False,[],2025-2026,,2026-09-24-frozen-v2,2026-09-30T17:46:17.251356+00:00,0.5,290.0,FanDuel,The Odds API,"[""Bally Bet"", ""BetOnline.ag"", ""BetRivers"", ""Bovada"", ""Caesars"", ""DraftKings"", ""Fanatics"", ""Fliff"", ""Hard Rock Bet"", ""theScore Bet""]",The Odds API,"[""Bally Bet"", ""BetOnline.ag"", ""BetRivers"", ""Bovada"", ""DraftKings"", ""Fanatics"", ""Fliff"", ""Hard Rock Bet"", ""draftkings"", ""theScore Bet""]",The Odds API,"[""Bally Bet"", ""BetOnline.ag"", ""BetRivers"", ""Bovada"", ""Caesars"", ""DraftKings"", ""Fanatics"", ""Fliff"", ""Hard Rock Bet"", ""draftkings"", ""theScore Bet""]",The Odds API,"[""Bally Bet"", ""BetMGM"", ""BetRivers"", ""Bovada"", ""Caesars"", ""DraftKings"", ""FanDuel"", ""Fanatics"", ""Fliff"", ""Hard Rock Bet"", ""fanduel"", ""theScore Bet""]",The Odds API,"[""Bally Bet"", ""BetMGM"", ""BetRivers"", ""Bovada"", ""Caesars"", ""DraftKings"", ""FanDuel"", ""Fanatics"", ""fanatics""]",0.5,290.0,FanDuel,1.5,1500.0,Bovada,,,,,,,The Odds API,"[""Bally Bet"", ""BetRivers"", ""Bovada"", ""FanDuel"", ""Fliff"", ""Hard Rock Bet"", ""theScore Bet""]",2026020006,8484387.0,PLAYER_ID,FINAL,0.0,L,OK,0.0,L,OK,1.0,L,OK,0.0,L,OK,0.0,L,OK,0.0,L,OK
2026-09-30,PIT@PHI,2026020006,6:30 PM,2026-09-30T23:30:00Z,Nick Seeler,8476372,PHI,D,,Healthy,Unknown,,,1.0,0.0,,14.0,5.0,2026-09-30T17:46:06+00:00,PIT,Arturs Silovs,0.8873653281096964,3.071376110035388,69.4,Confirmed,dailyfaceoff_name_and_stats,22.0,4.0,22.0,4.0,,45.2,37.3,A1+A2,17.69,69.7,47.3,0.99,NONE,False,False,23.17952989306844,2.2607758356708025,9.2,24.9,6.0,1.5,True,,,,,50.0,,,,,,,,,,,,,,,,,,,,,,,,,,,,,,,,,,,,,,,,0.2951343817891155,0.0983781272630385,,,0.0,2.548981003132246,2.445592482609934,50.0,66.9,40.4,66.9,1.3,0.56,,,,,COOL,COOL,COOL,0.74,,COOL,Red,Red,Red,Red,47.0,47.0,47.0,42.0,POINTS,47.0,,,,,,,C,Passenger,0.2,,23.4,,0.0,0.0360416666666666,2.8833333333333333,0.0360416666666666,0.0020378594230384,0.2,0.2,0.0,0.0,0.0,7.090348800857488,6.160814794961136,23.4,26.8,False,,,,,,False,False,1.0,,False,0.0,,False,0.0,,,,,,,,,,,,,,,,,,,,,,,,,,,,,,,,,,,,,,,,,,,,,,,0.5,2000.0,BetMGM,,,,,,,,,,0.5,2000.0,BetMGM,0.5,2000.0,BetMGM,,,,,,,,,,0.5,2000.0,BetMGM,ALTLINE_NB_v1_2026-01-18,,,,league_avg,2.3,,,,,,,,,,,,,,,,,,,,,,,,,exp/fallback,0.13,,,,,,,,,,,,,,,,,,,,,,,,,exp/fallback,0.074,,,,,,,,,,,,,,,,,,,,,,0.5,2000.0,BetMGM,exp/fallback,0.2024,0.1768557645856978,17.7,0.0476190476190476,271.39710562996544,271.4,0.1768557645856978,17.7,271.39710562996544,271.4,,,,,,,,,,,,,0.5,2000.0,BetMGM,exp/fallback,0.1414,0.1265239325354448,12.7,0.0476190476190476,165.7002583244341,165.7,0.1265239325354448,12.7,165.7002583244341,165.7,,,,,,,,,,,,,False,False,True,True,False,,,Active roster,2026-09-30T17:46:14+00:00,False,[],2025-2026,,2026-09-24-frozen-v2,2026-09-30T17:46:17.251356+00:00,,,,,,,,,,The Odds API,"[""Bally Bet"", ""BetMGM"", ""BetRivers"", ""Bovada"", ""Caesars"", ""DraftKings"", ""FanDuel"", ""Fanatics"", ""Fliff"", ""Hard Rock Bet"", ""theScore Bet""]",The Odds API,"[""Bally Bet"", ""BetMGM"", ""BetRivers"", ""Bovada"", ""Caesars"", ""DraftKings"", ""FanDuel"", ""Fanatics"", ""fanatics""]",,,,,,,,,,,,,,,2026020006,8476372.0,PLAYER_ID,FINAL,0.0,,NO_LINE,0.0,,NO_LINE,0.0,,NO_LINE,0.0,L,OK,0.0,L,OK,0.0,,NO_LINE
2026-09-30,PIT@PHI,2026020006,6:30 PM,2026-09-30T23:30:00Z,Nikita Grebenkin,8483733,PHI,R,,Healthy,Unknown,,,1.0,0.0,,14.0,5.0,2026-09-30T17:46:06+00:00,PIT,Arturs Silovs,0.8873653281096964,3.071376110035388,69.4,Confirmed,dailyfaceoff_name_and_stats,22.0,4.0,22.0,4.0,,37.9,49.3,A1+A2,11.29,20.0,38.3,0.95,NONE,False,False,23.17952989306844,2.2607758356708025,9.2,24.9,6.0,1.5,True,,,,,50.0,,,,,,,,,,,,,,,,,,,,,,,,,,,,,,,,,,,,,,,,1.2980529206190714,0.5991013479780329,,,0.0,2.548981003132246,2.445592482609934,50.0,66.9,55.0,66.9,2.34,0.6,,,,,COOL,COOL,COOL,1.73,,COOL,Red,Red,Red,Red,49.0,39.0,40.0,45.0,POINTS,49.0,,,,,,,C,Passenger,1.8,,23.4,,0.0,0.2069696969696969,11.383333333333333,0.2069696969696969,0.0183375396015679,1.8,1.8,0.7906295754026355,0.7906295754026355,0.0,7.090348800857488,6.160814794961136,23.4,36.2,False,,,,,,False,False,1.0,,False,0.0,,False,0.0,,,,,,,,,,,,,,,,,,,,,,,,,,,,,,,,,,,,,,,,,,,,,,,,,,,,,,,,,,,,,,,,,,,,,,,,,,,,,ALTLINE_NB_v1_2026-01-18,,,,league_avg,2.3,,,,,,,,,,,,,,,,,,,,,,,,,exp/fallback,0.2339999999999999,,,,,,,,,,,,,,,,,,,,,,,,,exp/fallback,0.173,,,,,,,,,,,,,,,,,,,,,,,,,exp/fallback,0.204,,,,,,,,,,,,,,,,,,,,,,,,,exp/fallback,0.144,,,,,,,,,,,,,,,,,,,,,,False,False,False,False,False,,,Active roster,2026-09-30T17:46:14+00:00,False,[],2025-2026,,2026-09-24-frozen-v2,2026-09-30T17:46:17.251356+00:00,,,,,,,,,,,,,,,,,,,,,,,,,,,,2026020006,,,NO_PLAYER,,,NO_PLAYER,,,NO_PLAYER,,,NO_PLAYER,,,NO_PLAYER,,,NO_PLAYER,,,NO_PLAYER
2026-09-30,PIT@PHI,2026020006,6:30 PM,2026-09-30T23:30:00Z,Noah Cates,8480220,PHI,L,,Healthy,Unknown,,,1.0,0.0,,14.0,5.0,2026-09-30T17:46:06+00:00,PIT,Arturs Silovs,0.8873653281096964,3.071376110035388,69.4,Confirmed,dailyfaceoff_name_and_stats,22.0,4.0,22.0,4.0,7.7,88.3,84.1,A1+A2,16.24,57.8,80.7,1.12,NONE,False,False,23.17952989306844,2.2607758356708025,9.2,24.9,6.0,1.5,True,1.0,1.3333333333333333,1.0,1.0,12.7,4.0,1.0,11.0,0.0,2.0,3.0,4.0,4.0,3.0,3.0,11.0,11.0,LOW,0.4,-0.1,LOW,0.2,,LOW,0.1,,LOW,0.3,,LOW,0.15,,LOW,0.075,,LOW,1.1,,LOW,0.55,,LOW,0.275,,1.7514427593611597,0.6643403569990606,,,3.0,2.548981003132246,2.445592482609934,50.0,66.9,65.5,66.9,6.82,2.85,10.0,2.82,1.85,-1.0,HOT,WARM,COOL,3.97,0.97,COOL,Yellow,Red,Red,Yellow,73.0,70.0,72.0,72.0,POINTS,73.0,2.0,2.0,5.0,5.0,1.0,5.0,A,Hybrid,12.2,,23.4,,2.0,1.986178861788618,162.86666666666667,1.986178861788618,0.1222768622445787,12.2,12.2,4.028448628735162,2.3061809250921,2.026197298403602,7.090348800857488,6.160814794961136,23.4,67.6,False,,,,🅿️ D:2,,False,False,2.0,,False,0.0,,False,0.0,,1.5,120.0,Bovada,,,,,,,,,,1.5,120.0,Bovada,0.5,128.0,BetRivers,1.5,600.0,BetRivers,,,,,,,0.5,128.0,BetRivers,0.5,205.0,BetRivers,,,,,,,,,,0.5,205.0,BetRivers,0.5,400.0,FanDuel,,,,,,,,,,0.5,400.0,FanDuel,0.5,410.0,fanatics,,,,,,,,,,0.5,410.0,fanatics,ALTLINE_NB_v1_2026-01-18,1.5,120.0,Bovada,exp/fallback,1.0,0.2627199999999999,26.3,0.4545454545454545,-42.20160000000001,-42.2,0.2627199999999999,26.3,-42.20160000000001,-42.2,,,,,,,,,,,,,0.5,128.0,BetRivers,exp/fallback,0.682,0.4575215830561995,45.8,0.4385964912280701,4.314920936813483,4.3,0.4575215830561995,45.8,4.314920936813483,4.3,0.1588453254024722,15.9,11.191727781730542,11.2,,,,,,,,,0.5,205.0,BetRivers,exp/fallback,0.397,0.3038161838022739,30.4,0.3278688524590163,-7.336063940306459,-7.3,0.3038161838022739,30.4,-7.336063940306459,-7.3,,,,,,,,,,,,,0.5,400.0,FanDuel,exp/fallback,0.2205,0.1904788570489041,19.0,0.2,-4.760571475547948,-4.8,0.1904788570489041,19.0,-4.760571475547948,-4.8,,,,,,,,,,,,,0.5,410.0,fanatics,exp/fallback,0.2176875,0.1842119425893824,18.4,0.196078431372549,-6.051909279414957,-6.1,0.1842119425893824,18.4,-6.051909279414957,-6.1,,,,,,,,,,,,,False,False,False,False,False,7.7,,Active roster,2026-09-30T17:46:14+00:00,False,[],2025-2026,,2026-09-24-frozen-v2,2026-09-30T17:46:17.251356+00:00,0.5,650.0,Hard Rock Bet,The Odds API,"[""Bally Bet"", ""BetRivers"", ""Bovada""]",The Odds API,"[""Bally Bet"", ""BetRivers""]",The Odds API,"[""Bally Bet"", ""BetRivers""]",The Odds API,"[""Bally Bet"", ""BetMGM"", ""BetRivers"", ""Bovada"", ""Caesars"", ""DraftKings"", ""FanDuel"", ""Fanatics"", ""Fliff"", ""Hard Rock Bet"", ""theScore Bet""]",BallDontLie,"[""Bally Bet"", ""BetMGM"", ""BetRivers"", ""Bovada"", ""Caesars"", ""DraftKings"", ""FanDuel"", ""Fanatics"", ""fanatics""]",0.5,650.0,Hard Rock Bet,,,,,,,,,,The Odds API,"[""Bovada"", ""Hard Rock Bet"", ""theScore Bet""]",2026020006,8480220.0,PLAYER_ID,FINAL,0.0,L,OK,0.0,L,OK,1.0,L,OK,0.0,L,OK,0.0,L,OK,0.0,L,OK
2026-09-30,PIT@PHI,2026020006,6:30 PM,2026-09-30T23:30:00Z,Noel Acciari,8478569,PHI,C,,Unknown,,,,,,,,,,,,,,,,,,,,,,,,,,,,,,,,,,,,,,,,,,,,,,,,,,,,,,,,,,,,,,,,,,,,,,,,,,,,,,,,,,,,,,,,,,,,,,,,,,,,,,,,,,,,,,,,,,,,,,,,,,,,,,,,,,,,,,,,,,,,,,,,,,,,,,,,,,,,,,,,,,,,,,,,,,,,,,,,,,,,,,,,,,,,,,,,,,,,,,,,,,,,,,,,,,,,,,,,,,,,,,,,,,,,,,,,,,,,,,,,,,,,,,,,,,,,,,,,,,,,,,,,,,,,,,,,,,,,,,,,,,,,,,,,,,,,,,,,,,,,,,,,,,,,,,,,0.5,750.0,fanduel,,,,,,,,,,,,,,,,,,,,,,,,,,,,,,,,,,,,,,,,,,,,,,,,,,,,,,,,,Active roster,2026-09-30T17:46:14+00:00,True,[],Unavailable,True,2026-09-24-frozen-v2,2026-09-30T17:46:17.251356+00:00,,,,,,,,,,,,,,,,,,,,,,,,,,,,2026020006,8478569.0,PLAYER_ID,FINAL,0.0,,NO_LINE,0.0,,NO_LINE,1.0,,NO_LINE,0.0,L,OK,0.0,,NO_LINE,0.0,,NO_LINE
2026-09-30,PIT@PHI,2026020006,6:30 PM,2026-09-30T23:30:00Z,Owen Tippett,8480015,PHI,R,,Healthy,Unknown,,,1.0,0.0,,14.0,5.0,2026-09-30T17:46:06+00:00,PIT,Arturs Silovs,0.8873653281096964,3.071376110035388,69.4,Confirmed,dailyfaceoff_name_and_stats,22.0,4.0,22.0,4.0,7.7,95.1,76.4,A1+A2,16.84,64.9,82.5,1.13,NONE,False,False,23.17952989306844,2.2607758356708025,9.2,24.9,6.0,1.5,True,1.0,1.5,1.2,1.07,22.2,2.0,1.0,9.0,1.0,1.0,1.0,2.0,2.0,1.0,1.0,9.0,9.0,LOW,0.2,-0.3,LOW,0.1,,LOW,0.05,,LOW,0.1,,LOW,0.05,,LOW,0.025,,LOW,0.9,,LOW,0.45,,LOW,0.225,,2.0382867373639995,0.6059771381352431,,,1.0,2.548981003132246,2.445592482609934,50.0,66.9,70.1,66.9,7.1,3.89,11.77,5.1,2.89,1.7,HOT,HOT,WARM,3.53,2.21,WARM,Yellow,Red,Green,Yellow,76.0,68.0,75.0,74.0,POINTS,76.0,3.0,4.0,3.0,0.0,0.0,6.0,A,Shooter,12.4,,23.4,,2.0,2.094650205761317,169.66666666666666,2.094650205761317,0.1243632187839769,12.4,12.4,2.825540275049116,1.9237721021611005,1.0609037328094304,7.090348800857488,6.160814794961136,23.4,63.1,False,,,,🅿️ D:3,,False,False,3.0,,False,0.0,,False,0.0,,1.5,-263.0,BetOnline.ag,2.5,110.0,theScore Bet,3.5,260.0,theScore Bet,4.5,550.0,Fanatics,2.5,110.0,theScore Bet,0.5,105.0,theScore Bet,1.5,550.0,theScore Bet,2.5,2200.0,Fanatics,3.5,4200.0,BetOnline.ag,0.5,105.0,theScore Bet,0.5,230.0,Hard Rock Bet,1.5,1600.0,DraftKings,2.5,3300.0,Bovada,,,,0.5,230.0,Hard Rock Bet,0.5,270.0,FanDuel,,,,,,,,,,0.5,270.0,FanDuel,0.5,270.0,FanDuel,,,,,,,,,,0.5,270.0,FanDuel,ALTLINE_NB_v1_2026-01-18,2.5,110.0,theScore Bet,exp/fallback,1.177,0.1352890902025563,13.5,0.4761904761904761,-71.58929105746317,-71.6,0.3195036281482534,32.0,-55.90121025938556,-55.9,0.1352890902025563,13.5,-71.58929105746317,-71.6,0.0515260957416385,5.2,-81.4506055330101,-81.5,0.0181996851098296,1.8,-88.17020467861076,-88.2,0.5,105.0,theScore Bet,exp/fallback,0.71,0.4695992221284608,47.0,0.4878048780487805,-3.732159463665524,-3.7,0.4695992221284608,47.0,-3.732159463665524,-3.7,0.167969624780609,16.8,9.18025610739589,9.2,0.0521858966837264,5.2,20.027562372570763,20.0,0.0148742000309598,1.5,-36.04093986687265,-36.0,0.5,230.0,Hard Rock Bet,exp/fallback,0.353,0.2775361236453576,27.8,0.303030303030303,-8.413079197031992,-8.4,0.2775361236453576,27.8,-8.413079197031992,-8.4,0.0607662567918184,6.1,3.3026365460913865,3.3,0.0119861273830004,1.2,-59.24716689779856,-59.2,,,,,0.5,270.0,FanDuel,exp/fallback,0.2517,0.2132308687842086,21.3,0.2702702702702703,-21.104578549842813,-21.1,0.2132308687842086,21.3,-21.104578549842813,-21.1,,,,,,,,,,,,,0.5,270.0,FanDuel,exp/fallback,0.2683875,0.2191615487017435,21.9,0.2702702702702703,-18.91022698035488,-18.9,0.2191615487017435,21.9,-18.91022698035488,-18.9,,,,,,,,,,,,,False,False,False,False,False,7.7,,Active roster,2026-09-30T17:46:14+00:00,False,[],2025-2026,,2026-09-24-frozen-v2,2026-09-30T17:46:17.251356+00:00,0.5,400.0,Hard Rock Bet,The Odds API,"[""Bally Bet"", ""BetOnline.ag"", ""BetRivers"", ""Bovada"", ""Caesars"", ""DraftKings"", ""FanDuel"", ""Fanatics"", ""Fliff"", ""Hard Rock Bet"", ""fanduel"", ""theScore Bet""]",The Odds API,"[""Bally Bet"", ""BetOnline.ag"", ""BetRivers"", ""Bovada"", ""DraftKings"", ""FanDuel"", ""Fanatics"", ""Fliff"", ""Hard Rock Bet"", ""draftkings"", ""theScore Bet""]",The Odds API,"[""Bally Bet"", ""BetOnline.ag"", ""BetRivers"", ""Bovada"", ""Caesars"", ""DraftKings"", ""FanDuel"", ""Fanatics"", ""Fliff"", ""Hard Rock Bet"", ""draftkings"", ""theScore Bet""]",The Odds API,"[""Bally Bet"", ""BetMGM"", ""BetRivers"", ""Bovada"", ""Caesars"", ""DraftKings"", ""FanDuel"", ""Fanatics"", ""Fliff"", ""Hard Rock Bet"", ""fanduel"", ""theScore Bet""]",The Odds API,"[""Bally Bet"", ""BetMGM"", ""BetRivers"", ""Bovada"", ""Caesars"", ""DraftKings"", ""FanDuel"", ""Fanatics"", ""fanduel""]",0.5,400.0,Hard Rock Bet,1.5,1800.0,Bovada,,,,,,,The Odds API,"[""Bovada"", ""Fliff"", ""Hard Rock Bet"", ""theScore Bet""]",2026020006,8480015.0,PLAYER_ID,FINAL,0.0,L,OK,0.0,L,OK,4.0,W,OK,0.0,L,OK,0.0,L,OK,0.0,L,OK
2026-09-30,PIT@PHI,2026020006,6:30 PM,2026-09-30T23:30:00Z,Porter Martone,8485406,PHI,R,,Healthy,Unknown,,,1.0,0.0,,14.0,5.0,2026-09-30T17:46:06+00:00,PIT,Arturs Silovs,0.8873653281096964,3.071376110035388,69.4,Confirmed,dailyfaceoff_name_and_stats,22.0,4.0,22.0,4.0,,47.2,37.3,A1+A2,17.04,65.4,47.4,0.99,NONE,False,False,23.17952989306844,2.2607758356708025,9.2,24.9,6.0,1.5,True,,,,,50.0,,,,,,,,,,,,,,,,,,,,,,,,,,,,,,,,,,,,,,,,0.0311647837943124,0.0233735878457343,,,0.0,2.548981003132246,2.445592482609934,50.0,66.9,37.4,66.9,11.98,5.38,,,,,COOL,COOL,COOL,6.6,,COOL,Red,Red,Red,Red,46.0,47.0,48.0,42.0,GOAL,48.0,,,,,,,C,Passenger,12.3,,23.4,,0.0,2.103703703703704,18.933333333333334,2.103703703703704,0.1234514236035644,12.3,12.3,12.454225352112676,7.066901408450705,6.338028169014085,7.090348800857488,6.160814794961136,23.4,76.2,False,,,,,,False,False,1.0,,False,0.0,,False,0.0,,1.5,-250.0,BetOnline.ag,2.5,130.0,Hard Rock Bet,3.5,270.0,theScore Bet,4.5,580.0,FanDuel,2.5,130.0,Hard Rock Bet,0.5,-120.0,theScore Bet,1.5,425.0,Bovada,2.5,1600.0,DraftKings,3.5,2700.0,BetOnline.ag,0.5,-120.0,theScore Bet,0.5,195.0,Hard Rock Bet,1.5,1100.0,DraftKings,2.5,2500.0,Bovada,,,,0.5,195.0,Hard Rock Bet,0.5,200.0,BetMGM,,,,,,,,,,0.5,200.0,BetMGM,0.5,200.0,BetMGM,,,,,,,,,,0.5,200.0,BetMGM,ALTLINE_NB_v1_2026-01-18,2.5,130.0,Hard Rock Bet,league_avg,2.3,0.3835789960842564,38.4,0.4347826086956521,-11.776830900621029,-11.8,0.6001759479749428,60.0,-15.97536728350801,-16.0,0.3835789960842564,38.4,-11.776830900621029,-11.8,0.2254288407355011,22.5,-16.591328927864556,-16.6,0.1243884637071297,12.4,-15.41584467915177,-15.4,0.5,-120.0,theScore Bet,exp/fallback,1.198,0.6322926780607779,63.2,0.5454545454545454,15.92032431114262,15.9,0.6322926780607779,63.2,15.92032431114262,15.9,0.3219189926643233,32.2,69.00747114876975,69.0,0.1450827489555635,14.5,146.64067322445794,146.6,0.0605000452900804,6.1,69.40012681222531,69.4,0.5,195.0,Hard Rock Bet,exp/fallback,0.6599999999999999,0.434676917858556,43.5,0.3389830508474576,28.22969076827402,28.2,0.434676917858556,43.5,28.22969076827402,28.2,0.1541406515327268,15.4,84.9687818392722,85.0,0.0497305373738656,5.0,29.299397172050767,29.3,,,,,0.5,200.0,BetMGM,exp/fallback,0.3952,0.3071270663171053,30.7,0.3333333333333333,-7.861880104868413,-7.9,0.3071270663171053,30.7,-7.861880104868413,-7.9,,,,,,,,,,,,,0.5,200.0,BetMGM,exp/fallback,0.4547,0.3285850724284949,32.9,0.3333333333333333,-1.4244782714515347,-1.4,0.3285850724284949,32.9,-1.4244782714515347,-1.4,,,,,,,,,,,,,False,True,False,False,True,,,Active roster,2026-09-30T17:46:14+00:00,False,[],2025-2026,,2026-09-24-frozen-v2,2026-09-30T17:46:17.251356+00:00,0.5,270.0,Bovada,The Odds API,"[""Bally Bet"", ""BetOnline.ag"", ""BetRivers"", ""Bovada"", ""Caesars"", ""DraftKings"", ""FanDuel"", ""Fanatics"", ""Fliff"", ""Hard Rock Bet"", ""caesars"", ""theScore Bet""]",The Odds API,"[""Bally Bet"", ""BetOnline.ag"", ""BetRivers"", ""Bovada"", ""DraftKings"", ""FanDuel"", ""Fanatics"", ""Fliff"", ""Hard Rock Bet"", ""draftkings"", ""theScore Bet""]",The Odds API,"[""Bally Bet"", ""BetOnline.ag"", ""BetRivers"", ""Bovada"", ""Caesars"", ""DraftKings"", ""FanDuel"", ""Fanatics"", ""Fliff"", ""Hard Rock Bet"", ""draftkings"", ""theScore Bet""]",The Odds API,"[""Bally Bet"", ""BetMGM"", ""BetRivers"", ""Bovada"", ""Caesars"", ""DraftKings"", ""FanDuel"", ""Fanatics"", ""Fliff"", ""Hard Rock Bet"", ""fanduel"", ""theScore Bet""]",The Odds API,"[""Bally Bet"", ""BetMGM"", ""BetRivers"", ""Bovada"", ""Caesars"", ""DraftKings"", ""FanDuel"", ""Fanatics"", ""betmgm""]",0.5,270.0,Bovada,1.5,1200.0,Bovada,,,,,,,The Odds API,"[""Bally Bet"", ""BetRivers"", ""Bovada"", ""FanDuel"", ""Fliff"", ""Hard Rock Bet"", ""theScore Bet""]",2026020006,8485406.0,PLAYER_ID,FINAL,0.0,L,OK,0.0,L,OK,0.0,L,OK,0.0,L,OK,0.0,L,OK,0.0,L,OK
2026-09-30,PIT@PHI,2026020006,6:30 PM,2026-09-30T23:30:00Z,Rasmus Ristolainen,8477499,PHI,D,,Healthy,Unknown,,,1.0,0.0,,14.0,5.0,2026-09-30T17:46:06+00:00,PIT,Arturs Silovs,0.8873653281096964,3.071376110035388,69.4,Confirmed,dailyfaceoff_name_and_stats,22.0,4.0,22.0,4.0,,48.0,56.5,A1+A2,21.39,93.0,60.0,1.04,NONE,False,False,23.17952989306844,2.2607758356708025,9.2,24.9,6.0,1.5,True,,,,,50.0,,,,,,,,,,,,,,,,,,,,,,,,,,,,,,,,,,,,,,,,0.6985769728331177,0.3104786545924967,,,0.0,2.548981003132246,2.445592482609934,50.0,66.9,43.6,66.9,4.26,1.18,,,,,COOL,COOL,COOL,3.07,,COOL,Red,Red,Red,Red,59.0,50.0,50.0,54.0,POINTS,59.0,,,,,,,C,Passenger,5.8,,23.4,,0.0,1.2507575757575755,55.03333333333333,1.2507575757575755,0.0584849182592677,5.8,5.8,1.1747425802543914,0.4797092671108419,0.817686250757117,7.090348800857488,6.160814794961136,23.4,52.5,False,,,,,,False,False,1.0,,False,0.0,,False,0.0,,,,,,,,,,,,,,,,,0.5,190.0,BetRivers,,,,,,,,,,0.5,190.0,BetRivers,0.5,260.0,BetRivers,,,,,,,,,,0.5,260.0,BetRivers,0.5,725.0,BetMGM,,,,,,,,,,0.5,725.0,BetMGM,0.5,725.0,BetMGM,,,,,,,,,,0.5,725.0,BetMGM,ALTLINE_NB_v1_2026-01-18,,,,league_avg,2.3,,,,,,,,,,,,,,,,,,,,,,0.5,190.0,BetRivers,exp/fallback,0.426,0.3277217321380047,32.8,0.3448275862068966,-4.960697679978643,-5.0,0.3277217321380047,32.8,-4.960697679978643,-5.0,,,,,,,,,,,,,0.5,260.0,BetRivers,exp/fallback,0.307,0.2484380193410719,24.8,0.2777777777777778,-10.56231303721411,-10.6,0.2484380193410719,24.8,-10.56231303721411,-10.6,,,,,,,,,,,,,0.5,725.0,BetMGM,exp/fallback,0.2271999999999999,0.1954416413591294,19.5,0.1212121212121212,61.2393541212818,61.2,0.1954416413591294,19.5,61.2393541212818,61.2,,,,,,,,,,,,,0.5,725.0,BetMGM,exp/fallback,0.1817,0.1578074397258786,15.8,0.1212121212121212,30.191137773849874,30.2,0.1578074397258786,15.8,30.191137773849874,30.2,,,,,,,,,,,,,False,False,True,True,False,,,Active roster,2026-09-30T17:46:14+00:00,False,[],2025-2026,,2026-09-24-frozen-v2,2026-09-30T17:46:17.251356+00:00,,,,,,The Odds API,"[""Bally Bet"", ""BetRivers""]",The Odds API,"[""Bally Bet"", ""BetRivers""]",The Odds API,"[""Bally Bet"", ""BetMGM"", ""BetRivers"", ""Bovada"", ""Caesars"", ""DraftKings"", ""FanDuel"", ""Fanatics"", ""Fliff"", ""Hard Rock Bet"", ""theScore Bet""]",The Odds API,"[""Bally Bet"", ""BetMGM"", ""BetRivers"", ""Bovada"", ""Caesars"", ""DraftKings"", ""FanDuel"", ""Fanatics"", ""betmgm""]",,,,,,,,,,,,,,,2026020006,8477499.0,PLAYER_ID,FINAL,0.0,L,OK,0.0,L,OK,0.0,,NO_LINE,0.0,L,OK,0.0,L,OK,0.0,,NO_LINE
2026-09-30,PIT@PHI,2026020006,6:30 PM,2026-09-30T23:30:00Z,Sean Couturier,8476461,PHI,C,,Healthy,Unknown,,,1.0,0.0,,14.0,5.0,2026-09-30T17:46:06+00:00,PIT,Arturs Silovs,0.8873653281096964,3.071376110035388,69.4,Confirmed,dailyfaceoff_name_and_stats,22.0,4.0,22.0,4.0,15.4,76.3,77.8,A1+A2,16.65,61.6,73.9,1.1,NONE,False,False,23.17952989306844,2.2607758356708025,9.2,24.9,6.0,1.5,True,2.0,2.125,2.8,2.28,77.8,4.0,1.0,22.0,1.0,0.0,3.0,4.0,4.0,3.0,3.0,22.0,22.0,LOW,0.4,-0.1,LOW,0.2,,LOW,0.1,,LOW,0.3,,LOW,0.15,,LOW,0.075,,LOW,2.2,,LOW,1.1,,LOW,0.55,,1.541298906599921,0.3556843630615202,,,3.0,2.548981003132246,2.445592482609934,50.0,66.9,62.0,66.9,5.45,2.08,25.08,1.45,1.08,0.8,COOL,COOL,COOL,3.71,0.37,COOL,Yellow,Red,Red,Yellow,65.0,69.0,71.0,72.0,ASSISTS,72.0,2.0,7.0,2.0,2.0,0.0,10.0,C,Passenger,4.9,,23.4,,0.0,0.8188034188034188,63.86666666666667,0.8188034188034188,0.0491729651349305,4.9,4.9,1.435020876826722,0.8361169102296451,0.7045929018789143,7.090348800857488,6.160814794961136,23.4,50.8,False,,,,🅰️ D:7,,False,False,2.0,,False,0.0,,False,0.0,,,,,,,,,,,,,,,,,0.5,270.0,BetRivers,,,,,,,,,,0.5,270.0,BetRivers,,,,,,,,,,,,,,,,0.5,650.0,DraftKings,,,,,,,,,,0.5,650.0,DraftKings,0.5,650.0,DraftKings,,,,,,,,,,0.5,650.0,DraftKings,ALTLINE_NB_v1_2026-01-18,,,,exp/fallback,2.508,,,,,,,,,,,,,,,,,,,,,,0.5,270.0,BetRivers,exp/fallback,0.545,0.3927468974891621,39.3,0.2702702702702703,45.31635207099001,45.3,0.3927468974891621,39.3,45.31635207099001,45.3,,,,,,,,,,,,,,,,exp/fallback,0.371,,,,,,,,,,,,,,,,,,,,,,0.5,650.0,DraftKings,exp/fallback,0.2632,0.2213913555723927,22.1,0.1333333333333333,66.04351667929456,66.0,0.2213913555723927,22.1,66.04351667929456,66.0,,,,,,,,,,,,,0.5,650.0,DraftKings,exp/fallback,0.2402,0.2000429678559909,20.0,0.1333333333333333,50.03222589199321,50.0,0.2000429678559909,20.0,50.03222589199321,50.0,,,,,,,,,,,,,False,True,True,True,False,15.4,,Active roster,2026-09-30T17:46:14+00:00,False,[],2025-2026,,2026-09-24-frozen-v2,2026-09-30T17:46:17.251356+00:00,,,,,,,,The Odds API,"[""Bally Bet"", ""BetRivers""]",The Odds API,"[""Bally Bet"", ""BetMGM"", ""BetRivers"", ""Bovada"", ""Caesars"", ""DraftKings"", ""FanDuel"", ""Fanatics"", ""Fliff"", ""Hard Rock Bet"", ""theScore Bet""]",The Odds API,"[""Bally Bet"", ""BetMGM"", ""BetRivers"", ""Bovada"", ""Caesars"", ""DraftKings"", ""FanDuel"", ""Fanatics"", ""fanatics""]",,,,,,,,,,,,,,,2026020006,8476461.0,PLAYER_ID,FINAL,0.0,L,OK,0.0,,NO_LINE,0.0,,NO_LINE,0.0,L,OK,0.0,L,OK,0.0,,NO_LINE
2026-09-30,PIT@PHI,2026020006,6:30 PM,2026-09-30T23:30:00Z,Simon Benoit,8481122,PHI,D,,Unknown,,,,,,,,,,,,,,,,,,,,,,,,,,,,,,,,,,,,,,,,,,,,,,,,,,,,,,,,,,,,,,,,,,,,,,,,,,,,,,,,,,,,,,,,,,,,,,,,,,,,,,,,,,,,,,,,,,,,,,,,,,,,,,,,,,,,,,,,,,,,,,,,,,,,,,,,,,,,,,,,,,,,,,,,,,,,,,,,,,,,,,,,,,,,,,,,,,,,,,,,,,,,,,,,,,,,,,,,,,,,,,,,,,,,,,,,,,,,,,,,,,,,,,,,,,,,,,,,,,,,,,,,,,,,,,,,,,,,,,,,,,,,,,,,,,,,,,,,,,,,,,,,,,,,,,,,0.5,2000.0,fanduel,,,,,,,,,,,,,,,,,,,,,,,,,,,,,,,,,,,,,,,,,,,,,,,,,,,,,,,,,Active roster,2026-09-30T17:46:14+00:00,True,[],Unavailable,True,2026-09-24-frozen-v2,2026-09-30T17:46:17.251356+00:00,,,,,,,,,,,,,,,,,,,,,,,,,,,,2026020006,8481122.0,PLAYER_ID,FINAL,0.0,,NO_LINE,0.0,,NO_LINE,0.0,,NO_LINE,0.0,L,OK,0.0,,NO_LINE,0.0,,NO_LINE
2026-09-30,PIT@PHI,2026020006,6:30 PM,2026-09-30T23:30:00Z,Travis Konecny,8478439,PHI,R,,Healthy,Unknown,,,1.0,0.0,,14.0,5.0,2026-09-30T17:46:06+00:00,PIT,Arturs Silovs,0.8873653281096964,3.071376110035388,69.4,Confirmed,dailyfaceoff_name_and_stats,22.0,4.0,22.0,4.0,11.5,89.5,93.9,A1+A2,19.09,80.0,89.1,1.16,NONE,False,False,23.17952989306844,2.2607758356708025,9.2,24.9,6.0,1.5,True,1.5,1.375,1.6,1.535,50.0,5.0,1.0,13.0,0.0,1.0,4.0,5.0,5.0,4.0,4.0,13.0,13.0,LOW,0.5,0.0,LOW,0.25,,LOW,0.125,,LOW,0.4,,LOW,0.2,,LOW,0.1,,LOW,1.3,,LOW,0.65,,LOW,0.325,,2.254798156791983,0.6979137151975185,,,4.0,2.548981003132246,2.445592482609934,50.0,66.9,72.3,66.9,10.4,3.62,16.89,4.45,2.29,2.35,HOT,WARM,WARM,6.78,2.16,WARM,Green,Red,Red,Green,85.0,80.0,79.0,81.0,POINTS,85.0,0.0,0.0,6.0,10.0,0.0,10.0,A,Distributor,13.7,,23.4,,2.0,2.615367965367965,201.38333333333333,2.615367965367965,0.1370016780806385,13.7,13.7,3.642307373996524,1.489696267483241,2.53248365472151,7.090348800857488,6.160814794961136,23.4,72.2,False,,,,🅿️ D:0,,False,False,2.0,,False,0.0,,False,0.0,,1.5,-160.0,theScore Bet,2.5,198.0,FanDuel,3.5,400.0,DraftKings,4.5,950.0,DraftKings,1.5,-160.0,theScore Bet,0.5,-120.0,theScore Bet,1.5,400.0,theScore Bet,2.5,1400.0,DraftKings,,,,0.5,-120.0,theScore Bet,0.5,155.0,Hard Rock Bet,1.5,850.0,DraftKings,2.5,2200.0,Bovada,,,,0.5,155.0,Hard Rock Bet,0.5,250.0,theScore Bet,,,,,,,,,,0.5,250.0,theScore Bet,0.5,240.0,DraftKings,,,,,,,,,,0.5,240.0,DraftKings,ALTLINE_NB_v1_2026-01-18,1.5,-160.0,theScore Bet,exp/fallback,1.689,0.4653676948920292,46.5,0.6153846153846154,-24.37774958004525,-24.4,0.4653676948920292,46.5,-24.37774958004525,-24.4,0.2499488653576107,25.0,-25.515238123432,-25.5,0.1220380187822431,12.2,-38.98099060887841,-39.0,0.0555812628031356,5.6,-41.639674056707534,-41.6,0.5,-120.0,theScore Bet,exp/fallback,1.04,0.5880769591786035,58.8,0.5454545454545454,7.814109182743972,7.8,0.5880769591786035,58.8,7.814109182743972,7.8,0.2740007403705005,27.4,37.00037018525024,37.0,0.11235740781677,11.2,68.5361117251551,68.5,,,,,0.5,155.0,Hard Rock Bet,exp/fallback,0.678,0.4422509413409736,44.2,0.392156862745098,12.77399004194828,12.8,0.4422509413409736,44.2,12.77399004194828,12.8,0.1598358093239311,16.0,51.8440188577346,51.8,0.0525855519447929,5.3,20.94676947302384,20.9,,,,,0.5,250.0,theScore Bet,exp/fallback,0.27608,0.2303911051940639,23.0,0.2857142857142857,-19.36311318207763,-19.4,0.2303911051940639,23.0,-19.36311318207763,-19.4,,,,,,,,,,,,,0.5,240.0,DraftKings,exp/fallback,0.289255,0.2328347444146289,23.3,0.2941176470588235,-20.836186899026167,-20.8,0.2328347444146289,23.3,-20.836186899026167,-20.8,,,,,,,,,,,,,False,False,False,False,True,11.5,,Active roster,2026-09-30T17:46:14+00:00,False,"[{""market"":""Points"",""name"":""Hammer Fists"",""kind"":""FLOOR"",""rule"":""Conf_Points >= 80"",""icon"":""PTS05_HAMMER_FISTS.svg"",""kit_version"":""2026-09-24-frozen-v2""},{""market"":""Assists"",""name"":""Staff (Green Stance)"",""kind"":""STANCE"",""rule"":""Green + Assists 0.5"",""icon"":""staff.svg"",""kit_version"":""2026-09-24-frozen-v2""}]",2025-2026,,2026-09-24-frozen-v2,2026-09-30T17:46:17.251356+00:00,0.5,325.0,Hard Rock Bet,The Odds API,"[""Bally Bet"", ""BetRivers"", ""Bovada"", ""Caesars"", ""DraftKings"", ""FanDuel"", ""Fliff"", ""Hard Rock Bet"", ""theScore Bet""]",The Odds API,"[""Bally Bet"", ""BetRivers"", ""Bovada"", ""DraftKings"", ""FanDuel"", ""Fliff"", ""Hard Rock Bet"", ""draftkings"", ""theScore Bet""]",The Odds API,"[""Bally Bet"", ""BetRivers"", ""Bovada"", ""Caesars"", ""DraftKings"", ""FanDuel"", ""Fliff"", ""Hard Rock Bet"", ""draftkings"", ""theScore Bet""]",The Odds API,"[""Bally Bet"", ""BetMGM"", ""BetRivers"", ""Bovada"", ""Caesars"", ""DraftKings"", ""FanDuel"", ""Fliff"", ""Hard Rock Bet"", ""fanduel"", ""theScore Bet""]",The Odds API,"[""Bally Bet"", ""BetMGM"", ""BetRivers"", ""Bovada"", ""Caesars"", ""DraftKings"", ""FanDuel"", ""betmgm""]",0.5,325.0,Hard Rock Bet,1.5,1700.0,Bovada,,,,,,,The Odds API,"[""Bovada"", ""FanDuel"", ""Fliff"", ""Hard Rock Bet"", ""theScore Bet""]",2026020006,8478439.0,PLAYER_ID,FINAL,0.0,L,OK,0.0,L,OK,2.0,W,OK,0.0,L,OK,0.0,L,OK,0.0,L,OK
2026-09-30,PIT@PHI,2026020006,6:30 PM,2026-09-30T23:30:00Z,Travis Sanheim,8477948,PHI,D,,Healthy,Unknown,,,1.0,0.0,,14.0,5.0,2026-09-30T17:46:06+00:00,PIT,Arturs Silovs,0.8873653281096964,3.071376110035388,69.4,Confirmed,dailyfaceoff_name_and_stats,22.0,4.0,22.0,4.0,7.7,61.8,80.9,A1+A2,24.22,98.4,75.8,1.1,NONE,False,False,23.17952989306844,2.2607758356708025,9.2,24.9,6.0,1.5,True,1.0,1.375,1.6,1.21,33.3,3.0,2.0,13.0,0.0,0.0,1.0,3.0,3.0,1.0,1.0,13.0,13.0,LOW,0.3,-0.2,LOW,0.15,,LOW,0.075,,LOW,0.1,,LOW,0.05,,LOW,0.025,,LOW,1.3,,LOW,0.65,,LOW,0.325,,1.0495853489979268,0.3887353144436766,,,1.0,2.548981003132246,2.445592482609934,50.0,66.9,50.1,66.9,4.68,1.14,12.1,1.68,-0.86,-0.9,WARM,COOL,COOL,3.89,2.54,HOT,Yellow,Red,Red,Yellow,78.0,55.0,61.0,76.0,POINTS,78.0,5.0,6.0,5.0,0.0,0.0,10.0,B,Distributor,4.2,,23.4,,1.0,1.02119341563786,82.71666666666667,1.02119341563786,0.0421586449431712,4.2,4.2,1.5359661495063468,0.4569816643159379,1.2693935119887163,7.090348800857488,6.160814794961136,23.4,53.3,False,,,,🅿️ D:5,,False,False,2.0,,False,0.0,,False,0.0,,1.5,155.0,Bovada,,,,,,,,,,1.5,155.0,Bovada,0.5,190.0,BetRivers,,,,,,,,,,0.5,190.0,BetRivers,0.5,235.0,BetRivers,,,,,,,,,,0.5,235.0,BetRivers,0.5,1100.0,FanDuel,,,,,,,,,,0.5,1100.0,FanDuel,0.5,1100.0,FanDuel,,,,,,,,,,0.5,1100.0,FanDuel,ALTLINE_NB_v1_2026-01-18,1.5,155.0,Bovada,exp/fallback,1.21,0.329779958148648,33.0,0.392156862745098,-15.906110672094751,-15.9,0.329779958148648,33.0,-15.906110672094751,-15.9,,,,,,,,,,,,,0.5,190.0,BetRivers,exp/fallback,0.4679999999999999,0.3516998311826895,35.2,0.3448275862068966,1.9929510429799624,2.0,0.3516998311826895,35.2,1.9929510429799624,2.0,,,,,,,,,,,,,0.5,235.0,BetRivers,exp/fallback,0.389,0.2991457813569622,29.9,0.2985074626865671,0.2138367545823527,0.2,0.2991457813569622,29.9,0.2138367545823527,0.2,,,,,,,,,,,,,0.5,1100.0,FanDuel,exp/fallback,0.1692,0.151020446018831,15.1,0.0833333333333333,81.22453522259721,81.2,0.151020446018831,15.1,81.22453522259721,81.2,,,,,,,,,,,,,0.5,1100.0,FanDuel,exp/fallback,0.1343249999999999,0.1208338639246232,12.1,0.0833333333333333,45.00063670954791,45.0,0.1208338639246232,12.1,45.00063670954791,45.0,,,,,,,,,,,,,False,False,True,True,False,7.7,,Active roster,2026-09-30T17:46:14+00:00,False,[],2025-2026,,2026-09-24-frozen-v2,2026-09-30T17:46:17.251356+00:00,,,,The Odds API,"[""Bally Bet"", ""BetRivers"", ""Bovada""]",The Odds API,"[""Bally Bet"", ""BetRivers""]",The Odds API,"[""Bally Bet"", ""BetRivers""]",The Odds API,"[""Bally Bet"", ""BetMGM"", ""BetRivers"", ""Bovada"", ""Caesars"", ""DraftKings"", ""FanDuel"", ""Fanatics"", ""Fliff"", ""Hard Rock Bet"", ""theScore Bet""]",The Odds API,"[""Bally Bet"", ""BetMGM"", ""BetRivers"", ""Bovada"", ""Caesars"", ""DraftKings"", ""FanDuel"", ""Fanatics"", ""fanduel""]",,,,,,,,,,,,,,,2026020006,8477948.0,PLAYER_ID,FINAL,0.0,L,OK,0.0,L,OK,3.0,W,OK,0.0,L,OK,0.0,L,OK,0.0,,NO_LINE
2026-09-30,PIT@PHI,2026020006,6:30 PM,2026-09-30T23:30:00Z,Trevor Zegras,8481533,PHI,C,,Healthy,Unknown,,,1.0,0.0,,14.0,5.0,2026-09-30T17:46:06+00:00,PIT,Arturs Silovs,0.8873653281096964,3.071376110035388,69.4,Confirmed,dailyfaceoff_name_and_stats,22.0,4.0,22.0,4.0,7.7,88.5,93.9,A1+A2,18.72,75.7,87.8,1.15,NONE,False,False,23.17952989306844,2.2607758356708025,9.2,24.9,6.0,1.5,True,1.0,1.0,1.2,1.07,22.2,6.0,2.0,12.0,1.0,1.0,4.0,6.0,6.0,4.0,4.0,12.0,12.0,OK,0.6,0.1,LOW,0.3,,LOW,0.15,,LOW,0.4,,LOW,0.2,,LOW,0.1,,LOW,1.2,,LOW,0.6,,LOW,0.3,,1.8747944304352595,0.8880605196798597,,,4.0,2.548981003132246,2.445592482609934,50.0,66.9,68.2,66.9,9.68,3.28,11.77,2.8,0.98,-1.3,HOT,COOL,COOL,6.41,1.83,WARM,Green,Red,Red,Green,80.0,65.0,70.0,80.0,ASSISTS,80.0,0.0,0.0,1.0,2.0,2.0,7.0,A,Hybrid,14.9,,23.4,,2.0,2.7808641975308643,225.25,2.7808641975308643,0.1485589289247477,14.9,14.9,3.249056603773585,1.4943396226415095,2.064372918978912,7.090348800857488,6.160814794961136,23.4,71.9,False,,,,🅰️ D:0,,False,False,1.0,,False,0.0,,False,0.0,,1.5,-145.0,Caesars,2.5,220.0,theScore Bet,3.5,525.0,Fanatics,4.5,1300.0,DraftKings,1.5,-145.0,Caesars,0.5,-145.0,DraftKings,1.5,340.0,Bovada,2.5,1300.0,Bovada,3.5,2800.0,BetOnline.ag,0.5,-145.0,DraftKings,0.5,120.0,DraftKings,1.5,650.0,Fanatics,2.5,2800.0,Fanatics,,,,0.5,120.0,DraftKings,0.5,260.0,FanDuel,,,,,,,,,,0.5,260.0,FanDuel,0.5,260.0,FanDuel,,,,,,,,,,0.5,260.0,FanDuel,ALTLINE_NB_v1_2026-01-18,1.5,-145.0,Caesars,exp/fallback,1.177,0.3195036281482534,32.0,0.5918367346938775,-46.01490420943305,-46.0,0.3195036281482534,32.0,-46.01490420943305,-46.0,0.1352890902025563,13.5,-56.70749113518199,-56.7,0.0515260957416385,5.2,-67.79619016147589,-67.8,0.0181996851098296,1.8,-74.52044084623854,-74.5,0.5,-145.0,DraftKings,exp/fallback,0.968,0.5655346634719087,56.6,0.5918367346938775,-4.4441430685395575,-4.4,0.5655346634719087,56.6,-4.4441430685395575,-4.4,0.2514007780826107,25.1,10.61634235634873,10.6,0.0980880497338153,9.8,37.3232696273415,37.3,0.0352727360771134,3.5,2.290934623629015,2.3,0.5,120.0,DraftKings,exp/fallback,0.641,0.4265135132771441,42.7,0.4545454545454545,-6.167027079028287,-6.2,0.4265135132771441,42.7,-6.167027079028287,-6.2,0.1481304477797185,14.8,11.097835834788883,11.1,0.0467804600948359,4.7,35.663334275024226,35.7,,,,,0.5,260.0,FanDuel,exp/fallback,0.2334,0.1999962062884531,20.0,0.2777777777777778,-28.001365736156856,-28.0,0.1999962062884531,20.0,-28.001365736156856,-28.0,,,,,,,,,,,,,0.5,260.0,FanDuel,exp/fallback,0.2386499999999999,0.198969294261749,19.9,0.2777777777777778,-28.371054065770352,-28.4,0.198969294261749,19.9,-28.371054065770352,-28.4,,,,,,,,,,,,,False,False,False,False,False,7.7,,Active roster,2026-09-30T17:46:14+00:00,False,"[{""market"":""Points"",""name"":""Hammer Fists"",""kind"":""FLOOR"",""rule"":""Conf_Points >= 80"",""icon"":""PTS05_HAMMER_FISTS.svg"",""kit_version"":""2026-09-24-frozen-v2""},{""market"":""Assists"",""name"":""Staff (Green Stance)"",""kind"":""STANCE"",""rule"":""Green + Assists 0.5"",""icon"":""staff.svg"",""kit_version"":""2026-09-24-frozen-v2""}]",2025-2026,,2026-09-24-frozen-v2,2026-09-30T17:46:17.251356+00:00,0.5,200.0,Hard Rock Bet,The Odds API,"[""Bally Bet"", ""BetOnline.ag"", ""BetRivers"", ""Bovada"", ""Caesars"", ""DraftKings"", ""FanDuel"", ""Fanatics"", ""Fliff"", ""Hard Rock Bet"", ""theScore Bet""]",The Odds API,"[""Bally Bet"", ""BetOnline.ag"", ""BetRivers"", ""Bovada"", ""DraftKings"", ""FanDuel"", ""Fanatics"", ""Fliff"", ""Hard Rock Bet"", ""draftkings"", ""theScore Bet""]",The Odds API,"[""Bally Bet"", ""BetOnline.ag"", ""BetRivers"", ""Bovada"", ""Caesars"", ""DraftKings"", ""FanDuel"", ""Fanatics"", ""Fliff"", ""Hard Rock Bet"", ""draftkings"", ""theScore Bet""]",The Odds API,"[""Bally Bet"", ""BetMGM"", ""BetRivers"", ""Bovada"", ""Caesars"", ""DraftKings"", ""FanDuel"", ""Fanatics"", ""Fliff"", ""Hard Rock Bet"", ""fanduel"", ""theScore Bet""]",The Odds API,"[""Bally Bet"", ""BetMGM"", ""BetRivers"", ""Bovada"", ""Caesars"", ""DraftKings"", ""FanDuel"", ""Fanatics"", ""fanatics""]",0.5,200.0,Hard Rock Bet,1.5,1000.0,Bovada,,,,,,,The Odds API,"[""Bally Bet"", ""BetRivers"", ""Bovada"", ""FanDuel"", ""Fliff"", ""Hard Rock Bet"", ""theScore Bet""]",2026020006,8481533.0,PLAYER_ID,FINAL,0.0,L,OK,0.0,L,OK,1.0,L,OK,0.0,L,OK,0.0,L,OK,0.0,L,OK
2026-09-30,PIT@PHI,2026020006,6:30 PM,2026-09-30T23:30:00Z,Tyson Foerster,8482159,PHI,R,,Healthy,Unknown,,,1.0,0.0,,14.0,5.0,2026-09-30T17:46:06+00:00,PIT,Arturs Silovs,0.8873653281096964,3.071376110035388,69.4,Confirmed,dailyfaceoff_name_and_stats,22.0,4.0,22.0,4.0,,53.2,31.9,A1+A2,17.3,67.0,48.5,0.99,NONE,False,False,23.17952989306844,2.2607758356708025,9.2,24.9,6.0,1.5,True,,,,,50.0,,,,,,,,,,,,,,,,,,,,,,,,,,,,,,,,,,,,,,,,1.839785358374856,0.153315446531238,,,0.0,2.548981003132246,2.445592482609934,50.0,66.9,67.7,66.9,3.52,2.15,,,,,COOL,COOL,COOL,1.37,,COOL,Red,Red,Red,Red,46.0,51.0,54.0,45.0,GOAL,54.0,,,,,,,C,Passenger,11.8,,23.4,,0.0,2.0482758620689654,59.4,2.0482758620689654,0.1184131836002392,11.8,11.8,2.4116161616161618,1.7676767676767675,0.7575757575757576,7.090348800857488,6.160814794961136,23.4,60.8,False,,,,,,False,False,1.0,,False,0.0,,False,0.0,,1.5,-140.0,theScore Bet,2.5,210.0,theScore Bet,3.5,500.0,Fanatics,4.5,1300.0,Fanatics,1.5,-140.0,theScore Bet,0.5,115.0,Bovada,1.5,600.0,theScore Bet,2.5,1900.0,Fanatics,3.5,4200.0,BetOnline.ag,0.5,115.0,Bovada,0.5,220.0,Hard Rock Bet,1.5,1400.0,DraftKings,2.5,3300.0,Bovada,,,,0.5,220.0,Hard Rock Bet,0.5,290.0,theScore Bet,,,,,,,,,,0.5,290.0,theScore Bet,0.5,260.0,FanDuel,,,,,,,,,,0.5,260.0,FanDuel,ALTLINE_NB_v1_2026-01-18,1.5,-140.0,theScore Bet,league_avg,2.3,0.6001759479749428,60.0,0.5833333333333334,2.887305367133047,2.9,0.6001759479749428,60.0,2.887305367133047,2.9,0.3835789960842564,38.4,18.90948878611949,18.9,0.2254288407355011,22.5,35.257304441300704,35.3,0.1243884637071297,12.4,74.14384918998165,74.1,0.5,115.0,Bovada,exp/fallback,0.352,0.2824752731247749,28.2,0.4651162790697674,-39.26781627817339,-39.3,0.2824752731247749,28.2,-39.26781627817339,-39.3,0.0576099741040492,5.8,-59.67301812716555,-59.7,0.0100423146958188,1.0,-79.91537060836231,-79.9,0.0015948766052783,0.2,-93.14203059730308,-93.1,0.5,220.0,Hard Rock Bet,exp/fallback,0.137,0.1241072189112257,12.4,0.3125,-60.28568994840775,-60.3,0.1241072189112257,12.4,-60.28568994840775,-60.3,0.0118027631235214,1.2,-82.2958553147178,-82.3,0.0010032471364492,0.1,-96.58895973607244,-96.6,,,,,0.5,290.0,theScore Bet,exp/fallback,0.266,0.2233603083082554,22.3,0.2564102564102564,-12.889479759780365,-12.9,0.2233603083082554,22.3,-12.889479759780365,-12.9,,,,,,,,,,,,,0.5,260.0,FanDuel,exp/fallback,0.24475,0.2031810425082469,20.3,0.2777777777777778,-26.854824697031088,-26.9,0.2031810425082469,20.3,-26.854824697031088,-26.9,,,,,,,,,,,,,False,False,False,False,False,,,Active roster,2026-09-30T17:46:14+00:00,False,[],2025-2026,,2026-09-24-frozen-v2,2026-09-30T17:46:17.251356+00:00,0.5,330.0,Bovada,The Odds API,"[""Bally Bet"", ""BetRivers"", ""Bovada"", ""Fanatics"", ""Fliff"", ""Hard Rock Bet"", ""theScore Bet""]",The Odds API,"[""Bally Bet"", ""BetOnline.ag"", ""BetRivers"", ""Bovada"", ""DraftKings"", ""FanDuel"", ""Fanatics"", ""Fliff"", ""Hard Rock Bet"", ""draftkings"", ""theScore Bet""]",The Odds API,"[""Bally Bet"", ""BetOnline.ag"", ""BetRivers"", ""Bovada"", ""Caesars"", ""DraftKings"", ""FanDuel"", ""Fanatics"", ""Fliff"", ""Hard Rock Bet"", ""draftkings"", ""theScore Bet""]",The Odds API,"[""Bally Bet"", ""BetMGM"", ""BetRivers"", ""Bovada"", ""Caesars"", ""DraftKings"", ""FanDuel"", ""Fanatics"", ""Fliff"", ""Hard Rock Bet"", ""fanduel"", ""theScore Bet""]",The Odds API,"[""Bally Bet"", ""BetMGM"", ""BetRivers"", ""Bovada"", ""Caesars"", ""DraftKings"", ""FanDuel"", ""Fanatics"", ""fanduel""]",0.5,330.0,Bovada,1.5,1700.0,Bovada,,,,,,,The Odds API,"[""Bally Bet"", ""BetRivers"", ""Bovada"", ""Fliff"", ""Hard Rock Bet"", ""theScore Bet""]",2026020006,8482159.0,PLAYER_ID,FINAL,0.0,L,OK,0.0,L,OK,1.0,L,OK,0.0,L,OK,0.0,L,OK,0.0,L,OK
2026-09-30,PIT@PHI,2026020006,6:30 PM,2026-09-30T23:30:00Z,Ben Kindel,8485414,PIT,C,,GTD,Unknown,,,1.0,-1.0,🟡 GTD,14.0,5.0,2026-09-30T17:46:06+00:00,PHI,Dan Vladar,0.9056897895557288,2.423864717633115,26.0,Confirmed,dailyfaceoff_name_and_stats,26.0,4.0,26.0,4.0,8.6,89.4,68.0,A1+A2,15.06,51.9,74.4,1.1,NONE,False,False,26.46218931782126,2.6557377049180326,73.8,73.8,11.0,2.75,True,1.5,1.5,1.8,1.605,53.2,0.0,0.0,9.0,0.0,0.0,0.0,0.0,0.0,0.0,0.0,9.0,9.0,LOW,0.0,,LOW,0.0,,LOW,0.0,,LOW,0.0,,LOW,0.0,,LOW,0.0,,LOW,0.9,,LOW,0.45,,LOW,0.225,,1.4102815221068752,0.5128296444025,,,0.0,2.204333606888696,2.1753775676437086,50.0,32.9,58.5,32.9,5.66,3.1,16.05,5.66,3.1,7.05,HOT,HOT,HOT,2.57,2.57,HOT,Red,Red,Red,Red,67.0,67.0,72.0,61.0,GOAL,72.0,6.0,6.0,6.0,4.0,0.0,6.0,B,Hybrid,11.7,,53.3,,1.0,1.767965367965368,136.13333333333333,1.767965367965368,0.1173698126221405,11.7,11.7,4.423971596474045,2.2698334965719886,2.534280117531832,7.794052863436123,7.146846656823455,53.3,80.0,False,,,,🥅 D:6,,False,False,1.0,,False,0.0,,False,0.0,,,,,,,,,,,,,,,,,,,,,,,,,,,,,,,,,,,,,,,,,,,,,,,,,,,,,,,,,,,,,,,,,,,,,,,,,,,,,ALTLINE_NB_v1_2026-01-18,,,,exp/fallback,1.605,,,,,,,,,,,,,,,,,,,,,,,,,exp/fallback,0.5660000000000001,,,,,,,,,,,,,,,,,,,,,,,,,exp/fallback,0.257,,,,,,,,,,,,,,,,,,,,,,,,,exp/fallback,0.2583999999999999,,,,,,,,,,,,,,,,,,,,,,,,,exp/fallback,0.260525,,,,,,,,,,,,,,,,,,,,,,False,False,False,False,False,8.6,,Active roster,2026-09-30T17:46:14+00:00,False,[],2025-2026,,2026-09-24-frozen-v2,2026-09-30T17:46:17.251356+00:00,,,,,,,,,,,,,,,,,,,,,,,,,,,,2026020006,,,NO_PLAYER,,,NO_PLAYER,,,NO_PLAYER,,,NO_PLAYER,,,NO_PLAYER,,,NO_PLAYER,,,NO_PLAYER
2026-09-30,PIT@PHI,2026020006,6:30 PM,2026-09-30T23:30:00Z,Blake Lizotte,8481481,PIT,C,,Healthy,Unknown,,,1.0,0.0,,14.0,5.0,2026-09-30T17:46:06+00:00,PHI,Dan Vladar,0.9056897895557288,2.423864717633115,26.0,Confirmed,dailyfaceoff_name_and_stats,26.0,4.0,26.0,4.0,,59.8,54.3,A1+A2,13.87,43.2,54.5,1.02,NONE,False,False,26.46218931782126,2.6557377049180326,73.8,73.8,11.0,2.75,True,,,,,50.0,,,,,,,,,,,,,,,,,,,,,,,,,,,,,,,,,,,,,,,,1.3766730401529637,0.3933351543294182,,,0.0,2.204333606888696,2.1753775676437086,50.0,32.9,57.4,32.9,3.69,1.46,,,,,COOL,COOL,COOL,2.22,,COOL,Red,Red,Red,Red,48.0,47.0,47.0,45.0,POINTS,48.0,,,,,,,C,Passenger,0.3,,53.3,,0.0,0.0418181818181818,2.3,0.0418181818181818,0.0030140217533743,0.3,0.3,0.0,0.0,0.0,7.794052863436123,7.146846656823455,53.3,39.6,False,,,,,,False,False,0.0,,False,0.0,,False,0.0,,,,,,,,,,,,,,,,,,,,,,,,,,,,,,,,,,,,,,,,,,,,,,,0.5,950.0,theScore Bet,,,,,,,,,,0.5,950.0,theScore Bet,0.5,950.0,DraftKings,,,,,,,,,,0.5,950.0,DraftKings,ALTLINE_NB_v1_2026-01-18,,,,league_avg,2.3,,,,,,,,,,,,,,,,,,,,,,,,,exp/fallback,0.369,,,,,,,,,,,,,,,,,,,,,,,,,exp/fallback,0.222,,,,,,,,,,,,,,,,,,,,,,0.5,950.0,theScore Bet,exp/fallback,0.2384,0.2036429917824578,20.4,0.0952380952380952,113.82514137158071,113.8,0.2036429917824578,20.4,113.82514137158071,113.8,,,,,,,,,,,,,0.5,950.0,DraftKings,exp/fallback,0.1999,0.1713344384158959,17.1,0.0952380952380952,79.90116033669071,79.9,0.1713344384158959,17.1,79.90116033669071,79.9,,,,,,,,,,,,,False,False,True,True,False,,,Active roster,2026-09-30T17:46:14+00:00,False,[],2025-2026,,2026-09-24-frozen-v2,2026-09-30T17:46:17.251356+00:00,,,,,,,,,,The Odds API,"[""Bally Bet"", ""BetMGM"", ""BetRivers"", ""Bovada"", ""Caesars"", ""DraftKings"", ""FanDuel"", ""Fanatics"", ""Fliff"", ""Hard Rock Bet"", ""theScore Bet""]",The Odds API,"[""Bally Bet"", ""BetMGM"", ""BetRivers"", ""Bovada"", ""Caesars"", ""DraftKings"", ""FanDuel"", ""Fanatics"", ""fanatics""]",,,,,,,,,,,,,,,2026020006,8481481.0,PLAYER_ID,FINAL,0.0,,NO_LINE,0.0,,NO_LINE,4.0,,NO_LINE,0.0,L,OK,0.0,L,OK,0.0,,NO_LINE
2026-09-30,PIT@PHI,2026020006,6:30 PM,2026-09-30T23:30:00Z,Connor Dewar,8480980,PIT,C,,Healthy,Unknown,,,1.0,0.0,,14.0,5.0,2026-09-30T17:46:06+00:00,PHI,Dan Vladar,0.9056897895557288,2.423864717633115,26.0,Confirmed,dailyfaceoff_name_and_stats,26.0,4.0,26.0,4.0,2.9,77.9,63.9,A1+A2,13.92,43.8,66.2,1.06,NONE,False,False,26.46218931782126,2.6557377049180326,73.8,73.8,11.0,2.75,True,0.5,0.75,1.8,0.955,6.3,2.0,2.0,9.0,2.0,0.0,0.0,2.0,2.0,0.0,0.0,9.0,9.0,LOW,0.2,,LOW,0.1,,LOW,0.05,,LOW,0.0,,LOW,0.0,,LOW,0.0,,LOW,0.9,,LOW,0.45,,LOW,0.225,,1.5378342168113242,0.4893108871672394,,,0.0,2.204333606888696,2.1753775676437086,50.0,32.9,61.8,32.9,4.29,2.11,9.55,2.29,0.11,0.55,WARM,COOL,COOL,2.18,2.18,WARM,Red,Red,Red,Red,52.0,48.0,56.0,60.0,ASSISTS,60.0,1.0,6.0,1.0,0.0,0.0,6.0,C,Passenger,0.2,,53.3,,0.0,0.029059829059829,2.2666666666666666,0.029059829059829,0.0020869778718963,0.2,0.2,4.5,4.5,0.0,7.794052863436123,7.146846656823455,53.3,36.9,False,,,,🅰️ D:6,,False,False,0.0,,False,0.0,,False,0.0,,,,,,,,,,,,,,,,,,,,,,,,,,,,,,,,,,,,,,,,,,,,,,,0.5,800.0,BetMGM,,,,,,,,,,0.5,800.0,BetMGM,0.5,800.0,BetMGM,,,,,,,,,,0.5,800.0,BetMGM,ALTLINE_NB_v1_2026-01-18,,,,exp/fallback,0.955,,,,,,,,,,,,,,,,,,,,,,,,,exp/fallback,0.429,,,,,,,,,,,,,,,,,,,,,,,,,exp/fallback,0.218,,,,,,,,,,,,,,,,,,,,,,0.5,800.0,BetMGM,exp/fallback,0.1982999999999999,0.1737253321033273,17.4,0.1111111111111111,56.35279889299457,56.4,0.1737253321033273,17.4,56.35279889299457,56.4,,,,,,,,,,,,,0.5,800.0,BetMGM,exp/fallback,0.1816124999999999,0.1577415276630318,15.8,0.1111111111111111,41.96737489672866,42.0,0.1577415276630318,15.8,41.96737489672866,42.0,,,,,,,,,,,,,False,False,True,True,False,2.9,,Active roster,2026-09-30T17:46:14+00:00,False,[],2025-2026,,2026-09-24-frozen-v2,2026-09-30T17:46:17.251356+00:00,,,,,,,,,,The Odds API,"[""Bally Bet"", ""BetMGM"", ""BetRivers"", ""Bovada"", ""Caesars"", ""DraftKings"", ""FanDuel"", ""Fanatics"", ""Fliff"", ""Hard Rock Bet"", ""theScore Bet""]",The Odds API,"[""Bally Bet"", ""BetMGM"", ""BetRivers"", ""Bovada"", ""Caesars"", ""DraftKings"", ""FanDuel"", ""Fanatics"", ""betmgm""]",,,,,,,,,,,,,,,2026020006,8480980.0,PLAYER_ID,FINAL,0.0,,NO_LINE,0.0,,NO_LINE,0.0,,NO_LINE,0.0,L,OK,0.0,L,OK,0.0,,NO_LINE
2026-09-30,PIT@PHI,2026020006,6:30 PM,2026-09-30T23:30:00Z,Declan Carlile,8483398,PIT,D,,Unknown,,,,,,,,,,,,,,,,,,,,,,,,,,,,,,,,,,,,,,,,,,,,,,,,,,,,,,,,,,,,,,,,,,,,,,,,,,,,,,,,,,,,,,,,,,,,,,,,,,,,,,,,,,,,,,,,,,,,,,,,,,,,,,,,,,,,,,,,,,,,,,,,,,,,,,,,,,,,,,,,,,,,,,,,,,,,,,,,,,,,,,,,,,,,,,,,,,,,,,,,,,,,,,,,,,,,,,,,,,,,,,,,,,,,,,,,,,,,,,,,,,,,,,,,,,,,,,,,,,,,,,,,,,,,,,,,,,,,,,,,,,,,,,,,,,,,,,,,,,,,,,,,,,,,,,,,0.5,1500.0,fanduel,,,,,,,,,,,,,,,,,,,,,,,,,,,,,,,,,,,,,,,,,,,,,,,,,,,,,,,,,Active roster,2026-09-30T17:46:14+00:00,True,[],Unavailable,True,2026-09-24-frozen-v2,2026-09-30T17:46:17.251356+00:00,,,,,,,,,,,,,,,,,,,,,,,,,,,,2026020006,8483398.0,PLAYER_ID,FINAL,1.0,,NO_LINE,1.0,,NO_LINE,2.0,,NO_LINE,0.0,L,OK,0.0,,NO_LINE,0.0,,NO_LINE
2026-09-30,PIT@PHI,2026020006,6:30 PM,2026-09-30T23:30:00Z,Egor Chinakhov,8482475,PIT,R,,Healthy,Unknown,,,1.0,0.0,,14.0,5.0,2026-09-30T17:46:06+00:00,PHI,Dan Vladar,0.9056897895557288,2.423864717633115,26.0,Confirmed,dailyfaceoff_name_and_stats,26.0,4.0,26.0,4.0,5.7,76.5,72.9,A1+A2,13.48,39.5,67.8,1.07,NONE,False,False,26.46218931782126,2.6557377049180326,73.8,73.8,11.0,2.75,True,1.0,1.25,1.6,1.21,33.3,0.0,0.0,8.0,0.0,0.0,0.0,0.0,0.0,0.0,0.0,8.0,8.0,LOW,0.0,,LOW,0.0,,LOW,0.0,,LOW,0.0,,LOW,0.0,,LOW,0.0,,LOW,0.8,,LOW,0.4,,LOW,0.2,,2.385825390328051,0.5613706800771885,,,0.0,2.204333606888696,2.1753775676437086,50.0,32.9,72.8,32.9,5.34,2.22,12.1,5.34,2.22,4.1,HOT,WARM,HOT,3.12,3.12,HOT,Yellow,Red,Red,Yellow,72.0,54.0,60.0,66.0,POINTS,72.0,6.0,6.0,6.0,3.0,0.0,6.0,B,Distributor,8.8,,53.3,,1.0,1.183101851851852,85.18333333333334,1.183101851851852,0.087768103996016,8.8,8.8,2.567403639209548,1.070631970260223,1.7609078458227352,7.794052863436123,7.146846656823455,53.3,71.6,False,,,,🅿️ D:6,,False,False,1.0,,False,0.0,,False,0.0,,,,,,,,,,,,,,,,,,,,,,,,,,,,,,,,,,,,,,,,,,,,,,,0.5,280.0,fanduel,,,,,,,,,,0.5,280.0,fanduel,0.5,300.0,betrivers,,,,,,,,,,0.5,300.0,betrivers,ALTLINE_NB_v1_2026-01-18,,,,exp/fallback,1.21,,,,,,,,,,,,,,,,,,,,,,,,,exp/fallback,0.534,,,,,,,,,,,,,,,,,,,,,,,,,exp/fallback,0.312,,,,,,,,,,,,,,,,,,,,,,0.5,280.0,fanduel,exp/fallback,0.2016,0.1762462538831184,17.6,0.2631578947368421,-33.026423524415,-33.0,0.1762462538831184,17.6,-33.026423524415,-33.0,,,,,,,,,,,,,0.5,300.0,betrivers,exp/fallback,0.186975,0.161765329887583,16.2,0.25,-35.29386804496677,-35.3,0.161765329887583,16.2,-35.29386804496677,-35.3,,,,,,,,,,,,,False,False,False,False,False,5.7,,Active roster,2026-09-30T17:46:14+00:00,False,[],2025-2026,,2026-09-24-frozen-v2,2026-09-30T17:46:17.251356+00:00,,,,,,,,,,BallDontLie,"[""fanduel""]",BallDontLie,"[""betrivers""]",,,,,,,,,,,,,,,2026020006,8482475.0,PLAYER_ID,FINAL,1.0,,NO_LINE,0.0,,NO_LINE,3.0,,NO_LINE,1.0,W,OK,1.0,W,OK,1.0,,NO_LINE
2026-09-30,PIT@PHI,2026020006,6:30 PM,2026-09-30T23:30:00Z,Elmer Soderblom,8481725,PIT,L,,Healthy,Unknown,,,1.0,0.0,,14.0,5.0,2026-09-30T17:46:06+00:00,PHI,Dan Vladar,0.9056897895557288,2.423864717633115,26.0,Confirmed,dailyfaceoff_name_and_stats,26.0,4.0,26.0,4.0,,60.1,37.3,A1+A2,11.11,18.4,43.8,0.98,NONE,False,False,26.46218931782126,2.6557377049180326,73.8,73.8,11.0,2.75,True,,,,,50.0,,,,,,,,,,,,,,,,,,,,,,,,,,,,,,,,,,,,,,,,1.2304779933743493,0.3786086133459536,,,0.0,2.204333606888696,2.1753775676437086,50.0,32.9,53.6,32.9,2.31,1.31,,,,,COOL,COOL,COOL,0.99,,COOL,Red,Red,Red,Red,36.0,45.0,49.0,34.0,GOAL,49.0,,,,,,,C,Passenger,1.5,,53.3,,0.0,0.1700564971751412,10.033333333333331,0.1700564971751412,0.01530677108495,1.5,1.5,0.1196013289036544,0.1196013289036544,0.0,7.794052863436123,7.146846656823455,53.3,46.0,False,,,,,,False,False,0.0,,False,0.0,,False,0.0,,,,,,,,,,,,,,,,,,,,,,,,,,,,,,,,,,,,,,,,,,,,,,,0.5,1100.0,FanDuel,,,,,,,,,,0.5,1100.0,FanDuel,0.5,1100.0,FanDuel,,,,,,,,,,0.5,1100.0,FanDuel,ALTLINE_NB_v1_2026-01-18,,,,league_avg,2.3,,,,,,,,,,,,,,,,,,,,,,,,,exp/fallback,0.231,,,,,,,,,,,,,,,,,,,,,,,,,exp/fallback,0.099,,,,,,,,,,,,,,,,,,,,,,0.5,1100.0,FanDuel,exp/fallback,0.2324,0.1992640446399733,19.9,0.0833333333333333,139.11685356796806,139.1,0.1992640446399733,19.9,139.11685356796806,139.1,,,,,,,,,,,,,0.5,1100.0,FanDuel,exp/fallback,0.1901499999999999,0.1641327956671925,16.4,0.0833333333333333,96.95935480063102,97.0,0.1641327956671925,16.4,96.95935480063102,97.0,,,,,,,,,,,,,False,False,True,True,False,,,Active roster,2026-09-30T17:46:14+00:00,False,[],2025-2026,,2026-09-24-frozen-v2,2026-09-30T17:46:17.251356+00:00,,,,,,,,,,The Odds API,"[""Bally Bet"", ""BetMGM"", ""BetRivers"", ""Bovada"", ""Caesars"", ""DraftKings"", ""FanDuel"", ""Fanatics"", ""Fliff"", ""Hard Rock Bet"", ""theScore Bet""]",The Odds API,"[""Bally Bet"", ""BetMGM"", ""BetRivers"", ""Bovada"", ""Caesars"", ""DraftKings"", ""FanDuel"", ""Fanatics"", ""fanduel""]",,,,,,,,,,,,,,,2026020006,8481725.0,PLAYER_ID,FINAL,0.0,,NO_LINE,0.0,,NO_LINE,0.0,,NO_LINE,0.0,L,OK,0.0,L,OK,0.0,,NO_LINE
2026-09-30,PIT@PHI,2026020006,6:30 PM,2026-09-30T23:30:00Z,Erik Karlsson,8474578,PIT,D,,Healthy,Unknown,,,1.0,0.0,,14.0,5.0,2026-09-30T17:46:06+00:00,PHI,Dan Vladar,0.9056897895557288,2.423864717633115,26.0,Confirmed,dailyfaceoff_name_and_stats,26.0,4.0,26.0,4.0,11.4,69.6,97.3,A1+A2,23.6,97.8,84.9,1.14,NONE,False,False,26.46218931782126,2.6557377049180326,73.8,73.8,11.0,2.75,True,2.0,2.0,2.0,2.0,70.6,3.0,1.0,13.0,1.0,1.0,2.0,3.0,3.0,2.0,2.0,13.0,13.0,LOW,0.3,-0.2,LOW,0.15,,LOW,0.075,,LOW,0.2,,LOW,0.1,,LOW,0.05,,LOW,1.3,,LOW,0.65,,LOW,0.325,,1.4683576572557515,0.5965202982601492,,,2.0,2.204333606888696,2.1753775676437086,50.0,32.9,60.1,32.9,10.44,1.73,22.0,6.49,0.73,7.0,HOT,COOL,HOT,8.52,5.75,HOT,Green,Red,Red,Green,81.0,61.0,61.0,76.0,POINTS,81.0,2.0,2.0,3.0,0.0,2.0,2.0,A,Distributor,13.3,,53.3,,2.0,3.128,234.6,3.128,0.1325398768384776,13.3,13.3,3.992966751918159,0.6777493606138107,3.900255754475704,7.794052863436123,7.146846656823455,53.3,86.4,False,,,,🅿️ D:2,,False,False,1.0,,False,0.0,,False,0.0,,1.5,-215.0,DraftKings,2.5,145.0,Bovada,3.5,340.0,Fanatics,4.5,900.0,Fanatics,2.5,145.0,Bovada,0.5,-120.0,Fanatics,1.5,410.0,Fanatics,2.5,1700.0,Fanatics,3.5,1600.0,BetOnline.ag,0.5,-120.0,Fanatics,0.5,125.0,Bovada,1.5,700.0,Bovada,2.5,2800.0,Fanatics,,,,0.5,125.0,Bovada,0.5,500.0,theScore Bet,,,,,,,,,,0.5,500.0,theScore Bet,0.5,525.0,fanatics,,,,,,,,,,0.5,525.0,fanatics,ALTLINE_NB_v1_2026-01-18,2.5,145.0,Bovada,exp/fallback,2.2,0.3627068685926952,36.3,0.4081632653061224,-11.136817194789684,-11.1,0.5808468089046723,58.1,-14.89918846280382,-14.9,0.3627068685926952,36.3,-11.136817194789684,-11.1,0.2078978786938726,20.8,-8.524933374696031,-8.5,0.1117664898050877,11.2,11.766489805087756,11.8,0.5,-120.0,Fanatics,exp/fallback,1.044,0.5892825574296378,58.9,0.5454545454545454,8.035135528766924,8.0,0.5892825574296378,58.9,8.035135528766924,8.0,0.275243440655463,27.5,40.37415473428613,40.4,0.1131639287243359,11.3,103.6950717038046,103.7,0.0429381785716664,4.3,-27.005096428166976,-27.0,0.5,125.0,Bovada,exp/fallback,0.852,0.5082312257435051,50.8,0.4444444444444444,14.352025792288646,14.4,0.5082312257435051,50.8,14.352025792288646,14.4,0.2144114531863287,21.4,71.52916254906297,71.5,0.0827488762830778,8.3,139.97174122092565,140.0,,,,,0.5,500.0,theScore Bet,exp/fallback,0.2491999999999999,0.2114410167315003,21.1,0.1666666666666666,26.86461003890018,26.9,0.2114410167315003,21.1,26.86461003890018,26.9,,,,,,,,,,,,,0.5,525.0,fanatics,exp/fallback,0.2174499999999999,0.1840421804724286,18.4,0.16,15.02636279526788,15.0,0.1840421804724286,18.4,15.02636279526788,15.0,,,,,,,,,,,,,False,False,True,True,True,11.4,,Active roster,2026-09-30T17:46:14+00:00,False,"[{""market"":""Points"",""name"":""Hammer Fists"",""kind"":""FLOOR"",""rule"":""Conf_Points >= 80"",""icon"":""PTS05_HAMMER_FISTS.svg"",""kit_version"":""2026-09-24-frozen-v2""},{""market"":""Points"",""name"":""Echo Stomp II"",""kind"":""TIER"",""rule"":""Conf_Points >= 80 + TOI_per_game >= 19.18"",""icon"":""PTS05_HAMMER_STOMP.svg"",""kit_version"":""2026-09-24-frozen-v2""},{""market"":""Points"",""name"":""Gaia’s Blessing"",""kind"":""TIER"",""rule"":""Conf_Points >= 80 + Assists_mu >= 0.746"",""icon"":""PTS05_GAIAS_BLESSING.svg"",""kit_version"":""2026-09-24-frozen-v2""},{""market"":""Points"",""name"":""Gaia’s Blessing+ (Press)"",""kind"":""HEAVY"",""rule"":""Conf_Points >= 81 + Assists_mu >= 0.746"",""icon"":""PTS05_GAIAS_BLESSING.svg"",""kit_version"":""2026-09-24-frozen-v2""},{""market"":""Assists"",""name"":""Staff (Green Stance)"",""kind"":""STANCE"",""rule"":""Green + Assists 0.5"",""icon"":""staff.svg"",""kit_version"":""2026-09-24-frozen-v2""}]",2025-2026,,2026-09-24-frozen-v2,2026-09-30T17:46:17.251356+00:00,0.5,300.0,Bovada,The Odds API,"[""Bally Bet"", ""BetOnline.ag"", ""BetRivers"", ""Bovada"", ""Caesars"", ""DraftKings"", ""FanDuel"", ""Fanatics"", ""Fliff"", ""draftkings""]",The Odds API,"[""Bally Bet"", ""BetOnline.ag"", ""BetRivers"", ""Bovada"", ""DraftKings"", ""FanDuel"", ""Fanatics"", ""Fliff"", ""Hard Rock Bet"", ""draftkings"", ""theScore Bet""]",The Odds API,"[""Bally Bet"", ""BetOnline.ag"", ""BetRivers"", ""Bovada"", ""Caesars"", ""DraftKings"", ""FanDuel"", ""Fanatics"", ""Fliff"", ""Hard Rock Bet"", ""draftkings"", ""theScore Bet""]",The Odds API,"[""Bally Bet"", ""BetMGM"", ""BetRivers"", ""Bovada"", ""Caesars"", ""DraftKings"", ""FanDuel"", ""Fanatics"", ""Fliff"", ""Hard Rock Bet"", ""theScore Bet""]",BallDontLie,"[""Bally Bet"", ""BetMGM"", ""BetRivers"", ""Bovada"", ""Caesars"", ""DraftKings"", ""FanDuel"", ""Fanatics"", ""fanatics""]",0.5,300.0,Bovada,1.5,1700.0,Bovada,,,,,,,The Odds API,"[""Bally Bet"", ""BetRivers"", ""Bovada"", ""FanDuel"", ""Fliff"", ""Hard Rock Bet"", ""theScore Bet""]",2026020006,8474578.0,PLAYER_ID,FINAL,1.0,W,OK,1.0,W,OK,3.0,W,OK,0.0,L,OK,0.0,L,OK,1.0,W,OK
2026-09-30,PIT@PHI,2026020006,6:30 PM,2026-09-30T23:30:00Z,Evgeni Malkin,8471215,PIT,C,,Healthy,Unknown,,,1.0,0.0,,14.0,5.0,2026-09-30T17:46:06+00:00,PHI,Dan Vladar,0.9056897895557288,2.423864717633115,26.0,Confirmed,dailyfaceoff_name_and_stats,26.0,4.0,26.0,4.0,8.6,84.4,94.4,A1+A2,17.59,68.6,84.7,1.14,NONE,False,False,26.46218931782126,2.6557377049180326,73.8,73.8,11.0,2.75,True,1.5,1.25,1.4,1.465,46.0,3.0,2.0,8.0,1.0,0.0,1.0,3.0,3.0,1.0,1.0,8.0,8.0,LOW,0.3,-0.2,LOW,0.15,,LOW,0.075,,LOW,0.1,,LOW,0.05,,LOW,0.025,,LOW,0.8,,LOW,0.4,,LOW,0.2,,2.495937601559961,1.1699707507312318,,,1.0,2.204333606888696,2.1753775676437086,50.0,32.9,73.6,32.9,13.56,4.17,16.12,9.33,1.79,6.65,HOT,WARM,HOT,9.39,7.54,HOT,Green,Red,Yellow,Green,80.0,62.0,65.0,81.0,ASSISTS,81.0,3.0,5.0,3.0,0.0,1.0,3.0,B,Distributor,17.4,,53.3,,1.0,3.052678571428572,170.95,3.052678571428572,0.1735092616087287,17.4,17.4,5.758701374670957,1.6566247440772155,4.825972506580872,7.794052863436123,7.146846656823455,53.3,92.9,False,,,,🅰️ D:5,,False,False,1.0,,False,0.0,,False,0.0,,1.5,-130.0,theScore Bet,2.5,240.0,theScore Bet,3.5,550.0,Fanatics,4.5,1500.0,Fanatics,1.5,-130.0,theScore Bet,0.5,-115.0,theScore Bet,1.5,450.0,theScore Bet,2.5,1600.0,DraftKings,3.5,3200.0,BetOnline.ag,0.5,-115.0,theScore Bet,0.5,160.0,Hard Rock Bet,1.5,800.0,Fanatics,2.5,4000.0,Fanatics,,,,0.5,160.0,Hard Rock Bet,0.5,275.0,theScore Bet,,,,,,,,,,0.5,275.0,theScore Bet,0.5,275.0,Fanatics,,,,,,,,,,0.5,275.0,Fanatics,ALTLINE_NB_v1_2026-01-18,1.5,-130.0,theScore Bet,exp/fallback,1.612,0.4453756134922294,44.5,0.5652173913043478,-21.202776074451712,-21.2,0.4453756134922294,44.5,-21.202776074451712,-21.2,0.2324322713094855,23.2,-20.97302775477493,-21.0,0.1100998879885364,11.0,-28.435072807451323,-28.4,0.0486067209628062,4.9,-22.22924645950997,-22.2,0.5,-115.0,theScore Bet,exp/fallback,1.356,0.6703344014174836,67.0,0.5348837209302325,25.32338809109476,25.3,0.6703344014174836,67.0,25.32338809109476,25.3,0.3671833423656103,36.7,101.9508383010857,102.0,0.179014235929845,17.9,204.3242010807365,204.3,0.0809611087189118,8.1,167.17165877240902,167.2,0.5,160.0,Hard Rock Bet,exp/fallback,0.939,0.5369148876190839,53.7,0.3846153846153846,39.59787078096182,39.6,0.5369148876190839,53.7,39.59787078096182,39.6,0.2410068096839492,24.1,116.90612871555436,116.9,0.0991944490947566,9.9,306.6972412885021,306.7,,,,,0.5,275.0,theScore Bet,exp/fallback,0.29478,0.2432002935465437,24.3,0.2666666666666666,-8.79988992004611,-8.8,0.2432002935465437,24.3,-8.79988992004611,-8.8,,,,,,,,,,,,,0.5,275.0,Fanatics,exp/fallback,0.3196425,0.2520514628653343,25.2,0.2666666666666666,-5.4807014254996345,-5.5,0.2520514628653343,25.2,-5.4807014254996345,-5.5,,,,,,,,,,,,,False,True,False,False,True,8.6,,Active roster,2026-09-30T17:46:14+00:00,False,"[{""market"":""Points"",""name"":""Hammer Fists"",""kind"":""FLOOR"",""rule"":""Conf_Points >= 80"",""icon"":""PTS05_HAMMER_FISTS.svg"",""kit_version"":""2026-09-24-frozen-v2""},{""market"":""Points"",""name"":""Gaia’s Blessing"",""kind"":""TIER"",""rule"":""Conf_Points >= 80 + Assists_mu >= 0.746"",""icon"":""PTS05_GAIAS_BLESSING.svg"",""kit_version"":""2026-09-24-frozen-v2""},{""market"":""Assists"",""name"":""Staff (Green Stance)"",""kind"":""STANCE"",""rule"":""Green + Assists 0.5"",""icon"":""staff.svg"",""kit_version"":""2026-09-24-frozen-v2""}]",2025-2026,,2026-09-24-frozen-v2,2026-09-30T17:46:17.251356+00:00,0.5,475.0,Hard Rock Bet,The Odds API,"[""Bally Bet"", ""BetOnline.ag"", ""BetRivers"", ""Bovada"", ""DraftKings"", ""FanDuel"", ""Fanatics"", ""Fliff"", ""Hard Rock Bet"", ""theScore Bet""]",The Odds API,"[""Bally Bet"", ""BetOnline.ag"", ""BetRivers"", ""Bovada"", ""DraftKings"", ""FanDuel"", ""Fanatics"", ""Fliff"", ""Hard Rock Bet"", ""draftkings"", ""theScore Bet""]",The Odds API,"[""Bally Bet"", ""BetOnline.ag"", ""BetRivers"", ""Bovada"", ""Caesars"", ""DraftKings"", ""FanDuel"", ""Fanatics"", ""Fliff"", ""Hard Rock Bet"", ""draftkings"", ""theScore Bet""]",The Odds API,"[""Bally Bet"", ""BetMGM"", ""BetRivers"", ""Bovada"", ""Caesars"", ""DraftKings"", ""FanDuel"", ""Fanatics"", ""Fliff"", ""Hard Rock Bet"", ""fanduel"", ""theScore Bet""]",The Odds API,"[""Bally Bet"", ""BetMGM"", ""BetRivers"", ""Bovada"", ""Caesars"", ""DraftKings"", ""FanDuel"", ""Fanatics"", ""fanduel""]",0.5,475.0,Hard Rock Bet,1.5,1800.0,Bovada,,,,,,,The Odds API,"[""Bally Bet"", ""BetRivers"", ""Bovada"", ""FanDuel"", ""Fliff"", ""Hard Rock Bet"", ""theScore Bet""]",2026020006,8471215.0,PLAYER_ID,FINAL,1.0,W,OK,0.0,L,OK,2.0,W,OK,1.0,W,OK,1.0,W,OK,1.0,W,OK
2026-09-30,PIT@PHI,2026020006,6:30 PM,2026-09-30T23:30:00Z,Filip Hallander,8480842,PIT,C,,Healthy,Unknown,,,1.0,0.0,,14.0,5.0,2026-09-30T17:46:06+00:00,PHI,Dan Vladar,0.9056897895557288,2.423864717633115,26.0,Confirmed,dailyfaceoff_name_and_stats,26.0,4.0,26.0,4.0,,37.0,28.5,A1+A2,13.14,36.8,34.0,0.94,NONE,False,False,26.46218931782126,2.6557377049180326,73.8,73.8,11.0,2.75,True,,,,,50.0,,,,,,,,,,,,,,,,,,,,,,,,,,,,,,,,,,,,,,,,0.0196035722064909,0.0130690481376606,,,0.0,2.204333606888696,2.1753775676437086,50.0,32.9,36.4,32.9,4.61,2.44,,,,,COOL,COOL,COOL,2.17,,COOL,Red,Red,Red,Red,32.0,34.0,34.0,27.0,SOG,34.0,,,,,,,C,Passenger,2.6,,53.3,,0.0,0.3435897435897436,4.466666666666667,0.3435897435897436,0.0261437908496732,2.6,2.6,0.0,0.0,0.0,7.794052863436123,7.146846656823455,53.3,48.5,False,,,,,,False,False,0.0,,False,0.0,,False,0.0,,,,,,,,,,,,,,,,,,,,,,,,,,,,,,,,,,,,,,,,,,,,,,,0.5,800.0,Fanatics,,,,,,,,,,0.5,800.0,Fanatics,0.5,800.0,Fanatics,,,,,,,,,,0.5,800.0,Fanatics,ALTLINE_NB_v1_2026-01-18,,,,league_avg,2.3,,,,,,,,,,,,,,,,,,,,,,,,,exp/fallback,0.461,,,,,,,,,,,,,,,,,,,,,,,,,exp/fallback,0.217,,,,,,,,,,,,,,,,,,,,,,0.5,800.0,Fanatics,exp/fallback,0.2776,0.2314435654520066,23.1,0.1111111111111111,108.29920890680596,108.3,0.2314435654520066,23.1,108.29920890680596,108.3,,,,,,,,,,,,,0.5,800.0,Fanatics,exp/fallback,0.2636,0.2159678245703229,21.6,0.1111111111111111,94.37104211329064,94.4,0.2159678245703229,21.6,94.37104211329064,94.4,,,,,,,,,,,,,False,False,True,True,False,,,Active roster,2026-09-30T17:46:14+00:00,False,[],2025-2026,,2026-09-24-frozen-v2,2026-09-30T17:46:17.251356+00:00,,,,,,,,,,The Odds API,"[""Bally Bet"", ""BetMGM"", ""BetRivers"", ""Bovada"", ""Caesars"", ""DraftKings"", ""FanDuel"", ""Fanatics"", ""Fliff"", ""Hard Rock Bet"", ""theScore Bet""]",The Odds API,"[""Bally Bet"", ""BetMGM"", ""BetRivers"", ""Bovada"", ""Caesars"", ""DraftKings"", ""FanDuel"", ""Fanatics"", ""betmgm""]",,,,,,,,,,,,,,,2026020006,8480842.0,PLAYER_ID,FINAL,3.0,,NO_LINE,2.0,,NO_LINE,3.0,,NO_LINE,1.0,W,OK,1.0,W,OK,0.0,,NO_LINE
2026-09-30,PIT@PHI,2026020006,6:30 PM,2026-09-30T23:30:00Z,Hendrix Lapierre,8482148,PIT,C,,Unknown,,,,,,,,,,,,,,,,,,,,,,,,,,,,,,,,,,,,,,,,,,,,,,,,,,,,,,,,,,,,,,,,,,,,,,,,,,,,,,,,,,,,,,,,,,,,,,,,,,,,,,,,,,,,,,,,,,,,,,,,,,,,,,,,,,,,,,,,,,,,,,,,,,,,,,,,,,,,,,,,,,,,,,,,,,,,,,,,,,,,,,,,,,,,,,,,,,,,,,,,,,,,,,,,,,,,,,,,,,,,,,,,,,,,,,,,,,,,,,,,,,,,,,,,,,,,,,,,,,,,,,,,,,,,,,,,,,,,,,,,,,,,,,,,,,,,,,,,,,,,,,,,,,,,,,,,0.5,575.0,fanduel,,,,,,,,,,,,,,,,,,,,,,,,,,,,,,,,,,,,,,,,,,,,,,,,,,,,,,,,,Active roster,2026-09-30T17:46:14+00:00,True,[],Unavailable,True,2026-09-24-frozen-v2,2026-09-30T17:46:17.251356+00:00,,,,,,,,,,,,,,,,,,,,,,,,,,,,2026020006,8482148.0,PLAYER_ID,FINAL,2.0,,NO_LINE,1.0,,NO_LINE,1.0,,NO_LINE,1.0,W,OK,1.0,,NO_LINE,1.0,,NO_LINE
2026-09-30,PIT@PHI,2026020006,6:30 PM,2026-09-30T23:30:00Z,Ilya Solovyov,8482470,PIT,D,,Healthy,Unknown,,,1.0,0.0,,14.0,5.0,2026-09-30T17:46:06+00:00,PHI,Dan Vladar,0.9056897895557288,2.423864717633115,26.0,Confirmed,dailyfaceoff_name_and_stats,26.0,4.0,26.0,4.0,,21.3,40.6,A1+A2,12.75,34.6,30.7,0.94,NONE,False,False,26.46218931782126,2.6557377049180326,73.8,73.8,11.0,2.75,True,,,,,50.0,,,,,,,,,,,,,,,,,,,,,,,,,,,,,,,,,,,,,,,,1.2862310749854853,0.482336653119557,,,0.0,2.204333606888696,2.1753775676437086,50.0,32.9,54.5,32.9,2.48,0.29,,,,,COOL,COOL,COOL,2.19,,COOL,Red,Red,Red,Red,39.0,26.0,24.0,34.0,POINTS,39.0,,,,,,,C,Passenger,0.1,,53.3,,0.0,0.01,0.3,0.01,0.0007845188284518,0.1,0.1,0.0,0.0,0.0,7.794052863436123,7.146846656823455,53.3,34.5,False,,,,,,False,False,0.0,,False,0.0,,False,0.0,,,,,,,,,,,,,,,,,,,,,,,,,,,,,,,,,,,,,,,,,,,,,,,,,,,,,,,,,,,,,,,,,,,,,,,,,,,,,ALTLINE_NB_v1_2026-01-18,,,,league_avg,2.3,,,,,,,,,,,,,,,,,,,,,,,,,exp/fallback,0.248,,,,,,,,,,,,,,,,,,,,,,,,,exp/fallback,0.219,,,,,,,,,,,,,,,,,,,,,,,,,exp/fallback,0.1916,,,,,,,,,,,,,,,,,,,,,,,,,exp/fallback,0.1238499999999999,,,,,,,,,,,,,,,,,,,,,,False,False,False,False,False,,,Active roster,2026-09-30T17:46:14+00:00,False,[],2025-2026,,2026-09-24-frozen-v2,2026-09-30T17:46:17.251356+00:00,,,,,,,,,,,,,,,,,,,,,,,,,,,,2026020006,,,NO_PLAYER,,,NO_PLAYER,,,NO_PLAYER,,,NO_PLAYER,,,NO_PLAYER,,,NO_PLAYER,,,NO_PLAYER
2026-09-30,PIT@PHI,2026020006,6:30 PM,2026-09-30T23:30:00Z,Justin Brazeau,8479638,PIT,R,,GTD,Unknown,,,1.0,-1.0,🟡 GTD,14.0,5.0,2026-09-30T17:46:06+00:00,PHI,Dan Vladar,0.9056897895557288,2.423864717633115,26.0,Confirmed,dailyfaceoff_name_and_stats,26.0,4.0,26.0,4.0,,75.5,66.1,A1+A2,12.65,32.4,63.6,1.05,NONE,False,False,26.46218931782126,2.6557377049180326,73.8,73.8,11.0,2.75,True,,,0.0,,50.0,0.0,0.0,0.0,0.0,0.0,0.0,0.0,0.0,0.0,0.0,0.0,0.0,LOW,0.0,,LOW,0.0,,LOW,0.0,,LOW,0.0,,LOW,0.0,,LOW,0.0,,LOW,0.0,,LOW,0.0,,LOW,0.0,,2.20949263502455,0.7364975450081833,,,0.0,2.204333606888696,2.1753775676437086,50.0,32.9,71.2,32.9,5.16,2.36,,5.16,2.36,,HOT,WARM,COOL,2.8,2.8,HOT,Red,Yellow,Red,Red,57.0,53.0,54.0,55.0,POINTS,57.0,1.0,1.0,1.0,1.0,0.0,1.0,C,Passenger,7.8,,53.3,,0.0,0.9856770833333334,63.083333333333336,0.9856770833333334,0.077890274519488,7.8,7.8,3.0982826948480846,1.6834874504623514,1.6644649933949802,7.794052863436123,7.146846656823455,53.3,68.4,False,,,,🅿️ D:1,,False,False,1.0,,False,0.0,,False,0.0,,,,,,,,,,,,,,,,,,,,,,,,,,,,,,,,,,,,,,,,,,,,,,,,,,,,,,,,,,,,,,,,,,,,,,,,,,,,,ALTLINE_NB_v1_2026-01-18,,,,league_avg,2.3,,,,,,,,,,,,,,,,,,,,,,,,,exp/fallback,0.516,,,,,,,,,,,,,,,,,,,,,,,,,exp/fallback,0.2799999999999999,,,,,,,,,,,,,,,,,,,,,,,,,exp/fallback,0.2744,,,,,,,,,,,,,,,,,,,,,,,,,exp/fallback,0.2584,,,,,,,,,,,,,,,,,,,,,,False,False,False,False,False,,,Active roster,2026-09-30T17:46:14+00:00,False,[],2025-2026,,2026-09-24-frozen-v2,2026-09-30T17:46:17.251356+00:00,,,,,,,,,,,,,,,,,,,,,,,,,,,,2026020006,,,NO_PLAYER,,,NO_PLAYER,,,NO_PLAYER,,,NO_PLAYER,,,NO_PLAYER,,,NO_PLAYER,,,NO_PLAYER
2026-09-30,PIT@PHI,2026020006,6:30 PM,2026-09-30T23:30:00Z,Kaedan Korczak,8481527,PIT,D,,Unknown,,,,,,,,,,,,,,,,,,,,,,,,,,,,,,,,,,,,,,,,,,,,,,,,,,,,,,,,,,,,,,,,,,,,,,,,,,,,,,,,,,,,,,,,,,,,,,,,,,,,,,,,,,,,,,,,,,,,,,,,,,,,,,,,,,,,,,,,,,,,,,,,,,,,,,,,,,,,,,,,,,,,,,,,,,,,,,,,,,,,,,,,,,,,,,,,,,,,,,,,,,,,,,,,,,,,,,,,,,,,,,,,,,,,,,,,,,,,,,,,,,,,,,,,,,,,,,,,,,,,,,,,,,,,,,,,,,,,,,,,,,,,,,,,,,,,,,,,,,,,,,,,,,,,,,,,0.5,2200.0,fanduel,,,,,,,,,,,,,,,,,,,,,,,,,,,,,,,,,,,,,,,,,,,,,,,,,,,,,,,,,Active roster,2026-09-30T17:46:14+00:00,True,[],Unavailable,True,2026-09-24-frozen-v2,2026-09-30T17:46:17.251356+00:00,,,,,,,,,,,,,,,,,,,,,,,,,,,,2026020006,8481527.0,PLAYER_ID,FINAL,2.0,,NO_LINE,2.0,,NO_LINE,3.0,,NO_LINE,0.0,L,OK,0.0,,NO_LINE,0.0,,NO_LINE
2026-09-30,PIT@PHI,2026020006,6:30 PM,2026-09-30T23:30:00Z,Kris Letang,8471724,PIT,D,,Healthy,Unknown,,,1.0,0.0,,14.0,5.0,2026-09-30T17:46:06+00:00,PHI,Dan Vladar,0.9056897895557288,2.423864717633115,26.0,Confirmed,dailyfaceoff_name_and_stats,26.0,4.0,26.0,4.0,8.6,54.4,86.3,A1+A2,21.68,94.6,73.6,1.09,NONE,False,False,26.46218931782126,2.6557377049180326,73.8,73.8,11.0,2.75,True,1.5,1.75,2.0,1.675,59.5,2.0,2.0,11.0,2.0,0.0,0.0,2.0,2.0,0.0,0.0,11.0,11.0,LOW,0.2,-0.3,LOW,0.1,,LOW,0.05,,LOW,0.0,,LOW,0.0,,LOW,0.0,,LOW,1.1,,LOW,0.55,,LOW,0.275,,0.8082219117940531,0.2245060866094592,,,0.0,2.204333606888696,2.1753775676437086,50.0,32.9,46.4,32.9,5.53,0.95,16.75,3.53,-1.05,5.75,HOT,COOL,HOT,4.58,4.58,HOT,Yellow,Red,Red,Yellow,72.0,50.0,51.0,72.0,ASSISTS,72.0,1.0,6.0,1.0,0.0,0.0,6.0,B,Distributor,6.9,,53.3,,1.0,1.491891891891892,110.4,1.491891891891892,0.0688064817700218,6.9,6.9,3.841032608695651,0.2608695652173913,4.21195652173913,7.794052863436123,7.146846656823455,53.3,77.2,False,,,,🅰️ D:6,,False,False,0.0,,False,0.0,,False,0.0,,1.5,145.0,Bovada,,,,,,,,,,1.5,145.0,Bovada,0.5,250.0,theScore Bet,1.5,1800.0,theScore Bet,2.5,1500.0,BetOnline.ag,3.5,3000.0,BetOnline.ag,0.5,250.0,theScore Bet,0.5,350.0,Hard Rock Bet,1.5,1700.0,Fanatics,2.5,3300.0,Bovada,,,,0.5,350.0,Hard Rock Bet,0.5,800.0,Fanatics,,,,,,,,,,0.5,800.0,Fanatics,0.5,800.0,Fanatics,,,,,,,,,,0.5,800.0,Fanatics,ALTLINE_NB_v1_2026-01-18,1.5,145.0,Bovada,exp/fallback,1.675,0.4617849426829779,46.2,0.4081632653061224,13.137310957329571,13.1,0.4617849426829779,46.2,13.137310957329571,13.1,,,,,,,,,,,,,0.5,250.0,theScore Bet,exp/fallback,0.553,0.3968082684513726,39.7,0.2857142857142857,38.88289395798042,38.9,0.3968082684513726,39.7,38.88289395798042,38.9,0.117335244659834,11.7,122.9369648536846,122.9,0.0299318740798109,3.0,-52.10900147230255,-52.1,0.0069841107736291,0.7,-78.34925660174964,-78.3,0.5,350.0,Hard Rock Bet,exp/fallback,0.458,0.3379417004702602,33.8,0.2222222222222222,52.07376521161707,52.1,0.3379417004702602,33.8,52.07376521161707,52.1,0.0912185912883065,9.1,64.19346431895181,64.2,0.022260586403033,2.2,-24.314006229687536,-24.3,,,,,0.5,800.0,Fanatics,exp/fallback,0.1853,0.1636886476749102,16.4,0.1111111111111111,47.31978290741918,47.3,0.1636886476749102,16.4,47.31978290741918,47.3,,,,,,,,,,,,,0.5,800.0,Fanatics,exp/fallback,0.1417375,0.126793847653837,12.7,0.1111111111111111,14.11446288845335,14.1,0.126793847653837,12.7,14.11446288845335,14.1,,,,,,,,,,,,,True,True,True,True,True,8.6,,Active roster,2026-09-30T17:46:14+00:00,False,[],2025-2026,,2026-09-24-frozen-v2,2026-09-30T17:46:17.251356+00:00,0.5,500.0,Bovada,The Odds API,"[""Bally Bet"", ""BetRivers"", ""Bovada""]",The Odds API,"[""Bally Bet"", ""BetOnline.ag"", ""BetRivers"", ""Bovada"", ""DraftKings"", ""Fanatics"", ""Fliff"", ""Hard Rock Bet"", ""draftkings"", ""theScore Bet""]",The Odds API,"[""Bally Bet"", ""BetOnline.ag"", ""BetRivers"", ""Bovada"", ""Caesars"", ""DraftKings"", ""Fanatics"", ""Fliff"", ""Hard Rock Bet"", ""draftkings"", ""theScore Bet""]",The Odds API,"[""Bally Bet"", ""BetMGM"", ""BetRivers"", ""Bovada"", ""Caesars"", ""DraftKings"", ""FanDuel"", ""Fanatics"", ""Fliff"", ""Hard Rock Bet"", ""theScore Bet""]",The Odds API,"[""Bally Bet"", ""BetMGM"", ""BetRivers"", ""Bovada"", ""Caesars"", ""DraftKings"", ""FanDuel"", ""Fanatics"", ""fanatics""]",0.5,500.0,Bovada,1.5,2500.0,Bovada,,,,,,,The Odds API,"[""Bovada""]",2026020006,8471724.0,PLAYER_ID,FINAL,1.0,W,OK,1.0,W,OK,4.0,W,OK,0.0,L,OK,0.0,L,OK,0.0,L,OK
2026-09-30,PIT@PHI,2026020006,6:30 PM,2026-09-30T23:30:00Z,Rickard Rakell,8476483,PIT,R,,Healthy,Unknown,,,1.0,0.0,,14.0,5.0,2026-09-30T17:46:06+00:00,PHI,Dan Vladar,0.9056897895557288,2.423864717633115,26.0,Confirmed,dailyfaceoff_name_and_stats,26.0,4.0,26.0,4.0,14.3,93.0,77.8,A1+A2,18.95,78.4,84.8,1.14,NONE,False,False,26.46218931782126,2.6557377049180326,73.8,73.8,11.0,2.75,True,2.5,2.5,2.8,2.605,81.7,4.0,1.0,16.0,1.0,2.0,3.0,4.0,4.0,3.0,3.0,16.0,16.0,LOW,0.4,-0.1,LOW,0.2,,LOW,0.1,,LOW,0.3,,LOW,0.15,,LOW,0.075,,LOW,1.6,,LOW,0.8,,LOW,0.4,,1.8297689330257647,0.5630058255463893,,,3.0,2.204333606888696,2.1753775676437086,50.0,32.9,67.2,32.9,10.15,5.14,28.66,5.23,3.67,10.05,HOT,HOT,HOT,5.02,1.56,WARM,Yellow,Red,Yellow,Yellow,69.0,74.0,75.0,66.0,GOAL,75.0,2.0,2.0,2.0,0.0,1.0,3.0,A,Hybrid,16.2,,53.3,,2.0,3.078333333333333,184.7,3.078333333333333,0.1624569376236898,16.2,16.2,3.495397942609637,2.114780725500812,1.6242555495397943,7.794052863436123,7.146846656823455,53.3,81.3,False,,,,🥅 D:2,,False,False,2.0,,False,0.0,,False,0.0,,1.5,-165.0,Hard Rock Bet,2.5,160.0,theScore Bet,3.5,400.0,theScore Bet,4.5,800.0,Fanatics,2.5,160.0,theScore Bet,0.5,-110.0,DraftKings,1.5,450.0,theScore Bet,2.5,1700.0,Fanatics,3.5,3100.0,BetOnline.ag,0.5,-110.0,DraftKings,0.5,205.0,Bovada,1.5,1300.0,DraftKings,2.5,3300.0,Bovada,,,,0.5,205.0,Bovada,0.5,240.0,FanDuel,,,,,,,,,,0.5,240.0,FanDuel,0.5,240.0,FanDuel,,,,,,,,,,0.5,240.0,FanDuel,ALTLINE_NB_v1_2026-01-18,2.5,160.0,theScore Bet,exp/fallback,2.866,0.4917626244183665,49.2,0.3846153846153846,27.858282348775287,27.9,0.6924728702648446,69.2,11.21533976980838,11.2,0.4917626244183665,49.2,27.858282348775287,27.9,0.3242020171955275,32.4,62.10100859776377,62.1,0.2018017513163914,20.2,81.6215761847523,81.6,0.5,-110.0,DraftKings,exp/fallback,1.015,0.5804326655443035,58.0,0.5238095238095238,10.809872513003391,10.8,0.5804326655443035,58.0,10.809872513003391,10.8,0.2662021955405905,26.6,46.41120754732481,46.4,0.1073479983361678,10.7,93.22639700510209,93.2,0.0399304450492634,4.0,27.77742415764308,27.8,0.5,205.0,Bovada,exp/fallback,0.502,0.3610227725094105,36.1,0.3278688524590163,10.1119456153702,10.1,0.3610227725094105,36.1,10.1119456153702,10.1,0.104614644451636,10.5,46.46050223229046,46.5,0.0274462509953993,2.7,-6.682746615642299,-6.7,,,,,0.5,240.0,FanDuel,exp/fallback,0.3856,0.3013499436726777,30.1,0.2941176470588235,2.4589808487104348,2.5,0.3013499436726777,30.1,2.4589808487104348,2.5,,,,,,,,,,,,,0.5,240.0,FanDuel,exp/fallback,0.4391,0.3204193896903725,32.0,0.2941176470588235,8.942592494726664,8.9,0.3204193896903725,32.0,8.942592494726664,8.9,,,,,,,,,,,,,True,True,False,False,True,14.3,,Active roster,2026-09-30T17:46:14+00:00,False,[],2025-2026,,2026-09-24-frozen-v2,2026-09-30T17:46:17.251356+00:00,0.5,500.0,Bovada,The Odds API,"[""Bally Bet"", ""BetOnline.ag"", ""BetRivers"", ""Bovada"", ""Caesars"", ""DraftKings"", ""FanDuel"", ""Fanatics"", ""Fliff"", ""Hard Rock Bet"", ""fanduel"", ""theScore Bet""]",The Odds API,"[""Bally Bet"", ""BetOnline.ag"", ""BetRivers"", ""Bovada"", ""DraftKings"", ""FanDuel"", ""Fanatics"", ""Fliff"", ""Hard Rock Bet"", ""draftkings"", ""theScore Bet""]",The Odds API,"[""Bally Bet"", ""BetOnline.ag"", ""BetRivers"", ""Bovada"", ""Caesars"", ""DraftKings"", ""FanDuel"", ""Fanatics"", ""Fliff"", ""Hard Rock Bet"", ""draftkings"", ""theScore Bet""]",The Odds API,"[""Bally Bet"", ""BetMGM"", ""BetRivers"", ""Bovada"", ""Caesars"", ""DraftKings"", ""FanDuel"", ""Fanatics"", ""Fliff"", ""Hard Rock Bet"", ""fanduel"", ""theScore Bet""]",The Odds API,"[""Bally Bet"", ""BetMGM"", ""BetRivers"", ""Bovada"", ""Caesars"", ""DraftKings"", ""FanDuel"", ""Fanatics"", ""fanduel""]",0.5,500.0,Bovada,1.5,2500.0,Bovada,,,,,,,The Odds API,"[""Bally Bet"", ""BetRivers"", ""Bovada"", ""FanDuel"", ""Fliff"", ""Hard Rock Bet"", ""theScore Bet""]",2026020006,8476483.0,PLAYER_ID,FINAL,1.0,W,OK,1.0,W,OK,2.0,L,OK,0.0,L,OK,0.0,L,OK,1.0,W,OK
2026-09-30,PIT@PHI,2026020006,6:30 PM,2026-09-30T23:30:00Z,Rutger McGroarty,8483487,PIT,R,,Healthy,Unknown,,,1.0,0.0,,14.0,5.0,2026-09-30T17:46:06+00:00,PHI,Dan Vladar,0.9056897895557288,2.423864717633115,26.0,Confirmed,dailyfaceoff_name_and_stats,26.0,4.0,26.0,4.0,,43.5,28.5,A1+A2,11.96,25.9,34.7,0.94,NONE,False,False,26.46218931782126,2.6557377049180326,73.8,73.8,11.0,2.75,True,,,,,50.0,,,,,,,,,,,,,,,,,,,,,,,,,,,,,,,,,,,,,,,,1.324259702041567,0.2207099503402611,,,0.0,2.204333606888696,2.1753775676437086,50.0,32.9,56.1,32.9,2.85,1.68,,,,,COOL,COOL,COOL,1.17,,COOL,Red,Red,Red,Red,32.0,37.0,37.0,30.0,SOG,37.0,,,,,,,C,Passenger,1.4,,53.3,,0.0,0.1652777777777777,3.966666666666667,0.1652777777777777,0.0138179284718996,1.4,1.4,0.0,0.0,0.0,7.794052863436123,7.146846656823455,53.3,45.8,False,,,,,,False,False,0.0,,False,0.0,,False,0.0,,,,,,,,,,,,,,,,,,,,,,,,,,,,,,,,,,,,,,,,,,,,,,,,,,,,,,,,,,,,,,,,,,,,,,,,,,,,,ALTLINE_NB_v1_2026-01-18,,,,league_avg,2.3,,,,,,,,,,,,,,,,,,,,,,,,,exp/fallback,0.285,,,,,,,,,,,,,,,,,,,,,,,,,exp/fallback,0.1169999999999999,,,,,,,,,,,,,,,,,,,,,,,,,exp/fallback,0.2471999999999999,,,,,,,,,,,,,,,,,,,,,,,,,exp/fallback,0.2142,,,,,,,,,,,,,,,,,,,,,,False,False,False,False,False,,,Active roster,2026-09-30T17:46:14+00:00,False,[],2025-2026,,2026-09-24-frozen-v2,2026-09-30T17:46:17.251356+00:00,,,,,,,,,,,,,,,,,,,,,,,,,,,,2026020006,,,NO_PLAYER,,,NO_PLAYER,,,NO_PLAYER,,,NO_PLAYER,,,NO_PLAYER,,,NO_PLAYER,,,NO_PLAYER
2026-09-30,PIT@PHI,2026020006,6:30 PM,2026-09-30T23:30:00Z,Samuel Girard,8479398,PIT,D,,Healthy,Unknown,,,1.0,0.0,,14.0,5.0,2026-09-30T17:46:06+00:00,PHI,Dan Vladar,0.9056897895557288,2.423864717633115,26.0,Confirmed,dailyfaceoff_name_and_stats,26.0,4.0,26.0,4.0,,31.2,63.9,A1+A2,18.1,72.4,50.9,1.0,NONE,False,False,26.46218931782126,2.6557377049180326,73.8,73.8,11.0,2.75,True,,,,,50.0,,,,,,,,,,,,,,,,,,,,,,,,,,,,,,,,,,,,,,,,1.0095344924284912,0.2969219095377916,,,0.0,2.204333606888696,2.1753775676437086,50.0,32.9,49.1,32.9,3.06,0.38,,,,,COOL,COOL,COOL,2.68,,COOL,Red,Red,Red,Red,55.0,34.0,32.0,48.0,POINTS,55.0,,,,,,,C,Passenger,0.4,,53.3,,0.0,0.0702777777777777,4.216666666666667,0.0702777777777777,0.0038826905664431,0.4,0.4,0.0,0.0,0.0,7.794052863436123,7.146846656823455,53.3,41.5,False,,,,,,False,False,0.0,,False,0.0,,False,0.0,,1.5,170.0,Bovada,,,,,,,,,,1.5,170.0,Bovada,0.5,245.0,BetRivers,,,,,,,,,,0.5,245.0,BetRivers,,,,,,,,,,,,,,,,0.5,800.0,Fanatics,,,,,,,,,,0.5,800.0,Fanatics,0.5,800.0,Fanatics,,,,,,,,,,0.5,800.0,Fanatics,ALTLINE_NB_v1_2026-01-18,1.5,170.0,Bovada,league_avg,2.3,0.6001759479749428,60.0,0.3703703703703703,62.04750595323455,62.0,0.6001759479749428,60.0,62.04750595323455,62.0,,,,,,,,,,,,,0.5,245.0,BetRivers,exp/fallback,0.306,0.2522578628021285,25.2,0.2898550724637681,-12.971037333265668,-13.0,0.2522578628021285,25.2,-12.971037333265668,-13.0,,,,,,,,,,,,,,,,exp/fallback,0.268,,,,,,,,,,,,,,,,,,,,,,0.5,800.0,Fanatics,exp/fallback,0.1951999999999999,0.1713473439052892,17.1,0.1111111111111111,54.212609514760345,54.2,0.1713473439052892,17.1,54.212609514760345,54.2,,,,,,,,,,,,,0.5,800.0,Fanatics,exp/fallback,0.1296999999999999,0.1170810662874134,11.7,0.1111111111111111,5.372959658672095,5.4,0.1170810662874134,11.7,5.372959658672095,5.4,,,,,,,,,,,,,True,False,True,False,False,,,Active roster,2026-09-30T17:46:14+00:00,False,[],2025-2026,,2026-09-24-frozen-v2,2026-09-30T17:46:17.251356+00:00,0.5,700.0,Bovada,The Odds API,"[""Bally Bet"", ""BetRivers"", ""Bovada""]",,,The Odds API,"[""Bally Bet"", ""BetRivers""]",The Odds API,"[""Bally Bet"", ""BetMGM"", ""BetRivers"", ""Bovada"", ""Caesars"", ""DraftKings"", ""FanDuel"", ""Fanatics"", ""Fliff""]",The Odds API,"[""Bally Bet"", ""BetMGM"", ""BetRivers"", ""Bovada"", ""Caesars"", ""DraftKings"", ""FanDuel"", ""Fanatics"", ""betmgm""]",0.5,700.0,Bovada,,,,,,,,,,The Odds API,"[""Bovada""]",2026020006,8479398.0,PLAYER_ID,FINAL,2.0,W,OK,2.0,,NO_LINE,2.0,W,OK,0.0,L,OK,0.0,L,OK,0.0,L,OK
2026-09-30,PIT@PHI,2026020006,6:30 PM,2026-09-30T23:30:00Z,Sidney Crosby,8471675,PIT,C,⭐ STAR,Healthy,Unknown,,,1.0,0.0,,14.0,5.0,2026-09-30T17:46:06+00:00,PHI,Dan Vladar,0.9056897895557288,2.423864717633115,26.0,Confirmed,dailyfaceoff_name_and_stats,26.0,4.0,26.0,4.0,20.0,88.7,95.7,A1+A2,19.23,82.7,90.0,1.2,STAR,False,True,26.46218931782126,2.6557377049180326,73.8,73.8,11.0,2.75,True,3.5,3.5,3.2,3.395,93.7,5.0,1.0,19.0,1.0,4.0,4.0,5.0,5.0,4.0,4.0,19.0,19.0,LOW,0.5,0.0,LOW,0.25,,LOW,0.125,,LOW,0.4,,LOW,0.2,,LOW,0.1,,LOW,1.9,,LOW,0.95,,LOW,0.475,,2.4996770443095206,0.9301123885802868,,,4.0,2.204333606888696,2.1753775676437086,50.0,32.9,73.9,32.9,15.75,4.15,37.35,6.67,2.77,14.95,HOT,HOT,HOT,8.7,3.91,HOT,Green,Green,Yellow,Green,80.0,75.0,75.0,78.0,POINTS,80.0,1.0,1.0,2.0,0.0,2.0,2.0,A,Hybrid,15.4,,53.3,,2.0,2.9622549019607844,201.4333333333333,2.9622549019607844,0.1540363488057913,15.4,15.4,5.238705940757901,2.516961773953334,3.20205196094655,7.794052863436123,7.146846656823455,53.3,87.5,False,,,,🅿️ D:1,,False,False,2.0,,False,0.0,,False,0.0,,1.5,-196.0,BetOnline.ag,2.5,146.0,FanDuel,3.5,375.0,Fanatics,4.5,900.0,Fanatics,2.5,146.0,FanDuel,0.5,-175.0,theScore Bet,1.5,250.0,Fanatics,2.5,900.0,Fanatics,3.5,3000.0,Fanatics,0.5,-175.0,theScore Bet,0.5,100.0,theScore Bet,1.5,500.0,Fanatics,2.5,1900.0,Fanatics,,,,0.5,100.0,theScore Bet,0.5,225.0,DraftKings,,,,,,,,,,0.5,225.0,DraftKings,0.5,225.0,DraftKings,,,,,,,,,,0.5,225.0,DraftKings,ALTLINE_NB_v1_2026-01-18,2.5,146.0,FanDuel,exp/fallback,3.735,0.6236069629362098,62.4,0.4065040650406504,53.4073128823076,53.4,0.7903544391405984,79.0,19.359649992661804,19.4,0.6236069629362098,62.4,53.4073128823076,53.4,0.462572231553303,46.3,119.72180998781896,119.7,0.3264942402150323,32.6,226.4942402150324,226.5,0.5,-175.0,theScore Bet,exp/fallback,1.575,0.7147702161350387,71.5,0.6363636363636364,12.3210339640775,12.3,0.7147702161350387,71.5,12.3210339640775,12.3,0.4251734976258918,42.5,48.81072416906213,48.8,0.2267029020642242,22.7,126.70290206422423,126.7,0.1125143402342238,11.3,248.79445472609376,248.8,0.5,100.0,theScore Bet,exp/fallback,0.8699999999999999,0.5143804101057435,51.4,0.5,2.876082021148707,2.9,0.5143804101057435,51.4,2.876082021148707,2.9,0.2199629583928495,22.0,31.977775035709712,32.0,0.0860902146697392,8.6,72.18042933947841,72.2,,,,,0.5,225.0,DraftKings,exp/fallback,0.346,0.2767927314994365,27.7,0.3076923076923077,-10.042362262683136,-10.0,0.2767927314994365,27.7,-10.042362262683136,-10.0,,,,,,,,,,,,,0.5,225.0,DraftKings,exp/fallback,0.37475,0.2849373732687127,28.5,0.3076923076923077,-7.395353687668371,-7.4,0.2849373732687127,28.5,-7.395353687668371,-7.4,,,,,,,,,,,,,True,True,False,False,False,20.0,,Active roster,2026-09-30T17:46:14+00:00,False,"[{""market"":""Points"",""name"":""Hammer Fists"",""kind"":""FLOOR"",""rule"":""Conf_Points >= 80"",""icon"":""PTS05_HAMMER_FISTS.svg"",""kit_version"":""2026-09-24-frozen-v2""},{""market"":""Points"",""name"":""Echo Stomp I"",""kind"":""TIER"",""rule"":""Conf_Points >= 80 + L10_S >= 17"",""icon"":""PTS05_HAMMER_STOMP.svg"",""kit_version"":""2026-09-24-frozen-v2""},{""market"":""Points"",""name"":""Echo Stomp II"",""kind"":""TIER"",""rule"":""Conf_Points >= 80 + TOI_per_game >= 19.18"",""icon"":""PTS05_HAMMER_STOMP.svg"",""kit_version"":""2026-09-24-frozen-v2""},{""market"":""Points"",""name"":""Gaia’s Blessing"",""kind"":""TIER"",""rule"":""Conf_Points >= 80 + Assists_mu >= 0.746"",""icon"":""PTS05_GAIAS_BLESSING.svg"",""kit_version"":""2026-09-24-frozen-v2""},{""market"":""Points"",""name"":""Hammer Fists II"",""kind"":""HEAVY"",""rule"":""Conf_Points >= 80 + TOI_per_game >= 19.18 + L10_S >= 17"",""icon"":""PTS05_HAMMER_FISTS.svg"",""kit_version"":""2026-09-24-frozen-v2""},{""market"":""Assists"",""name"":""Staff (Green Stance)"",""kind"":""STANCE"",""rule"":""Green + Assists 0.5"",""icon"":""staff.svg"",""kit_version"":""2026-09-24-frozen-v2""},{""market"":""SOG"",""name"":""Jungle Stance"",""kind"":""STANCE"",""rule"":""Green + SOG 2.5 + Conf_SOG >= 75"",""icon"":""sog_basic_swipe.svg"",""kit_version"":""2026-09-24-frozen-v2""}]",2025-2026,,2026-09-24-frozen-v2,2026-09-30T17:46:17.251356+00:00,0.5,300.0,Bovada,The Odds API,"[""Bally Bet"", ""BetOnline.ag"", ""BetRivers"", ""Bovada"", ""Caesars"", ""DraftKings"", ""FanDuel"", ""Fanatics"", ""Fliff"", ""Hard Rock Bet"", ""draftkings"", ""theScore Bet""]",The Odds API,"[""Bally Bet"", ""BetOnline.ag"", ""BetRivers"", ""Bovada"", ""DraftKings"", ""FanDuel"", ""Fanatics"", ""Fliff"", ""Hard Rock Bet"", ""draftkings"", ""theScore Bet""]",The Odds API,"[""Bally Bet"", ""BetOnline.ag"", ""BetRivers"", ""Bovada"", ""Caesars"", ""DraftKings"", ""FanDuel"", ""Fanatics"", ""Fliff"", ""Hard Rock Bet"", ""draftkings"", ""theScore Bet""]",The Odds API,"[""Bally Bet"", ""BetMGM"", ""BetRivers"", ""Bovada"", ""Caesars"", ""DraftKings"", ""FanDuel"", ""Fanatics"", ""Fliff"", ""Hard Rock Bet"", ""fanduel"", ""theScore Bet""]",The Odds API,"[""Bally Bet"", ""BetMGM"", ""BetRivers"", ""Bovada"", ""Caesars"", ""DraftKings"", ""FanDuel"", ""Fanatics"", ""fanatics""]",0.5,300.0,Bovada,1.5,1600.0,Bovada,,,,,,,The Odds API,"[""Bally Bet"", ""BetRivers"", ""Bovada"", ""FanDuel"", ""Hard Rock Bet"", ""theScore Bet""]",2026020006,8471675.0,PLAYER_ID,FINAL,1.0,W,OK,1.0,W,OK,3.0,W,OK,0.0,L,OK,0.0,L,OK,0.0,L,OK
2026-09-30,PIT@PHI,2026020006,6:30 PM,2026-09-30T23:30:00Z,Tommy Novak,8478438,PIT,C,,Healthy,Unknown,,,1.0,0.0,,14.0,5.0,2026-09-30T17:46:06+00:00,PHI,Dan Vladar,0.9056897895557288,2.423864717633115,26.0,Confirmed,dailyfaceoff_name_and_stats,26.0,4.0,26.0,4.0,5.7,81.7,80.9,A1+A2,14.28,44.9,74.1,1.1,NONE,False,False,26.46218931782126,2.6557377049180326,73.8,73.8,11.0,2.75,True,1.0,1.0,1.4,1.14,29.4,2.0,0.0,7.0,0.0,1.0,2.0,2.0,2.0,2.0,2.0,7.0,7.0,LOW,0.2,-0.3,LOW,0.1,,LOW,0.05,,LOW,0.2,,LOW,0.1,,LOW,0.05,,LOW,0.7,,LOW,0.35,,LOW,0.175,,1.8922018348623848,0.8600917431192661,,,2.0,2.204333606888696,2.1753775676437086,50.0,32.9,68.5,32.9,5.78,2.31,11.4,3.78,2.31,4.4,HOT,WARM,HOT,3.48,1.48,COOL,Yellow,Red,Yellow,Yellow,69.0,60.0,63.0,63.0,POINTS,69.0,3.0,3.0,6.0,4.0,1.0,3.0,B,Hybrid,7.9,,53.3,,1.0,1.129471544715447,92.61666666666666,1.129471544715447,0.0790874416486394,7.9,7.9,2.6350548857297103,1.6714054345870075,1.133705236638474,7.794052863436123,7.146846656823455,53.3,67.1,False,,,,🅿️ D:3,,False,False,1.0,,False,0.0,,False,0.0,,1.5,-115.0,Bovada,2.5,150.0,theScore Bet,3.5,380.0,theScore Bet,,,,1.5,-115.0,Bovada,0.5,114.0,BetRivers,1.5,600.0,theScore Bet,,,,,,,0.5,114.0,BetRivers,0.5,230.0,Hard Rock Bet,,,,,,,,,,0.5,230.0,Hard Rock Bet,0.5,400.0,FanDuel,,,,,,,,,,0.5,400.0,FanDuel,0.5,400.0,FanDuel,,,,,,,,,,0.5,400.0,FanDuel,ALTLINE_NB_v1_2026-01-18,1.5,-115.0,Bovada,exp/fallback,1.14,0.3078565639720687,30.8,0.5348837209302325,-42.44420760522193,-42.4,0.3078565639720687,30.8,-42.44420760522193,-42.4,0.1274422654719483,12.7,-68.13943363201291,-68.1,0.0474141330633346,4.7,-77.24121612959938,-77.2,,,,,0.5,114.0,BetRivers,exp/fallback,0.5780000000000001,0.4092661390331407,40.9,0.4672897196261682,-12.417046246907898,-12.4,0.4092661390331407,40.9,-12.417046246907898,-12.4,0.1252736482747237,12.5,-12.308446207693368,-12.3,,,,,,,,,0.5,230.0,Hard Rock Bet,exp/fallback,0.348,0.2744559144902763,27.4,0.303030303030303,-9.429548218208827,-9.4,0.2744559144902763,27.4,-9.429548218208827,-9.4,,,,,,,,,,,,,0.5,400.0,FanDuel,exp/fallback,0.2042999999999999,0.1783008243290096,17.8,0.2,-10.84958783549519,-10.8,0.1783008243290096,17.8,-10.84958783549519,-10.8,,,,,,,,,,,,,0.5,400.0,FanDuel,exp/fallback,0.1913625,0.1650339968942098,16.5,0.2,-17.483001552895082,-17.5,0.1650339968942098,16.5,-17.483001552895082,-17.5,,,,,,,,,,,,,False,False,False,False,False,5.7,,Active roster,2026-09-30T17:46:14+00:00,False,[],2025-2026,,2026-09-24-frozen-v2,2026-09-30T17:46:17.251356+00:00,0.5,600.0,Bovada,The Odds API,"[""Bally Bet"", ""BetRivers"", ""Bovada"", ""Hard Rock Bet"", ""theScore Bet""]",The Odds API,"[""Bally Bet"", ""BetRivers"", ""Hard Rock Bet"", ""theScore Bet""]",The Odds API,"[""Bally Bet"", ""BetRivers"", ""Hard Rock Bet"", ""theScore Bet""]",The Odds API,"[""Bally Bet"", ""BetMGM"", ""BetRivers"", ""Bovada"", ""Caesars"", ""DraftKings"", ""FanDuel"", ""Fliff"", ""Hard Rock Bet"", ""theScore Bet""]",The Odds API,"[""Bally Bet"", ""BetMGM"", ""BetRivers"", ""Bovada"", ""Caesars"", ""DraftKings"", ""FanDuel"", ""fanduel""]",0.5,600.0,Bovada,1.5,3300.0,Bovada,,,,,,,The Odds API,"[""Bovada"", ""Hard Rock Bet"", ""theScore Bet""]",2026020006,8478438.0,PLAYER_ID,FINAL,1.0,W,OK,1.0,W,OK,0.0,L,OK,0.0,L,OK,0.0,L,OK,1.0,W,OK
2026-09-30,PIT@PHI,2026020006,6:30 PM,2026-09-30T23:30:00Z,Trevor van Riemsdyk,8477845,PIT,D,,Unknown,,,,,,,,,,,,,,,,,,,,,,,,,,,,,,,,,,,,,,,,,,,,,,,,,,,,,,,,,,,,,,,,,,,,,,,,,,,,,,,,,,,,,,,,,,,,,,,,,,,,,,,,,,,,,,,,,,,,,,,,,,,,,,,,,,,,,,,,,,,,,,,,,,,,,,,,,,,,,,,,,,,,,,,,,,,,,,,,,,,,,,,,,,,,,,,,,,,,,,,,,,,,,,,,,,,,,,,,,,,,,,,,,,,,,,,,,,,,,,,,,,,,,,,,,,,,,,,,,,,,,,,,,,,,,,,,,,,,,,,,,,,,,,,,,,,,,,,,,,,,,,,,,,,,,,,,0.5,2300.0,fanduel,,,,,,,,,,,,,,,,,,,,,,,,,,,,,,,,,,,,,,,,,,,,,,,,,,,,,,,,,Active roster,2026-09-30T17:46:14+00:00,True,[],Unavailable,True,2026-09-24-frozen-v2,2026-09-30T17:46:17.251356+00:00,,,,,,,,,,,,,,,,,,,,,,,,,,,,2026020006,8477845.0,PLAYER_ID,FINAL,0.0,,NO_LINE,0.0,,NO_LINE,0.0,,NO_LINE,0.0,L,OK,0.0,,NO_LINE,0.0,,NO_LINE
2026-09-30,PIT@PHI,2026020006,6:30 PM,2026-09-30T23:30:00Z,Ville Koivunen,8482758,PIT,R,,Healthy,Unknown,,,1.0,0.0,,14.0,5.0,2026-09-30T17:46:06+00:00,PHI,Dan Vladar,0.9056897895557288,2.423864717633115,26.0,Confirmed,dailyfaceoff_name_and_stats,26.0,4.0,26.0,4.0,,48.1,34.6,A1+A2,12.74,34.1,40.6,0.96,NONE,False,False,26.46218931782126,2.6557377049180326,73.8,73.8,11.0,2.75,True,,,,,50.0,,,,,,,,,,,,,,,,,,,,,,,,,,,,,,,,,,,,,,,,0.3987152508583453,0.1329050836194484,,,0.0,2.204333606888696,2.1753775676437086,50.0,32.9,41.5,32.9,2.48,1.25,,,,,COOL,COOL,COOL,1.23,,COOL,Red,Red,Red,Red,35.0,40.0,40.0,31.0,SOG,40.0,,,,,,,C,Passenger,7.2,,53.3,,0.0,0.9128205128205128,35.6,0.9128205128205128,0.0716634234717842,7.2,7.2,4.3693820224719095,1.146067415730337,3.792134831460674,7.794052863436123,7.146846656823455,53.3,76.9,False,,,,,,False,False,0.0,,False,0.0,,False,0.0,,,,,,,,,,,,,,,,,0.5,195.0,BetRivers,,,,,,,,,,0.5,195.0,BetRivers,,,,,,,,,,,,,,,,0.5,650.0,theScore Bet,,,,,,,,,,0.5,650.0,theScore Bet,0.5,480.0,BetRivers,,,,,,,,,,0.5,480.0,BetRivers,ALTLINE_NB_v1_2026-01-18,,,,league_avg,2.3,,,,,,,,,,,,,,,,,,,,,,0.5,195.0,BetRivers,exp/fallback,0.248,0.2116567678780568,21.2,0.3389830508474576,-37.56125347597322,-37.6,0.2116567678780568,21.2,-37.56125347597322,-37.6,,,,,,,,,,,,,,,,exp/fallback,0.123,,,,,,,,,,,,,,,,,,,,,,0.5,650.0,theScore Bet,exp/fallback,0.2299999999999999,0.1975030248806748,19.8,0.1333333333333333,48.12726866050612,48.1,0.1975030248806748,19.8,48.12726866050612,48.1,,,,,,,,,,,,,0.5,480.0,BetRivers,exp/fallback,0.18625,0.1612231755389774,16.1,0.1724137931034483,-6.49055818739307,-6.5,0.1612231755389774,16.1,-6.49055818739307,-6.5,,,,,,,,,,,,,False,False,True,False,False,,,Active roster,2026-09-30T17:46:14+00:00,False,[],2025-2026,,2026-09-24-frozen-v2,2026-09-30T17:46:17.251356+00:00,0.5,600.0,Bovada,,,,,The Odds API,"[""Bally Bet"", ""BetRivers""]",The Odds API,"[""Bally Bet"", ""BetMGM"", ""BetRivers"", ""Bovada"", ""Caesars"", ""DraftKings"", ""FanDuel"", ""Fanatics"", ""Fliff"", ""Hard Rock Bet"", ""theScore Bet""]",The Odds API,"[""Bally Bet"", ""BetMGM"", ""BetRivers"", ""Bovada"", ""Caesars"", ""DraftKings"", ""FanDuel"", ""Fanatics"", ""betrivers""]",0.5,600.0,Bovada,,,,,,,,,,The Odds API,"[""Bovada""]",2026020006,8482758.0,PLAYER_ID,FINAL,1.0,W,OK,0.0,,NO_LINE,2.0,,NO_LINE,1.0,W,OK,1.0,W,OK,0.0,L,OK
