Date,Game,Game_ID,StartTimeLocal,StartTimeUTC,Player,Player_ID,Model_Stats_Team,Team_Changed,Form_Log,Form_Season,Team,Pos,Tier,Injury_Status,Injury_Type,Injury_Text,Injury_Return,Team_Out_Count,Injury_DFO_Score,Injury_Badge,Injury_Reports_Count,Injury_Excluded_Count,Injury_Check_UTC,Opp,Opp_Goalie,Opp_SV,Opp_GAA,Goalie_Weak,Opp_Goalie_Status,Opp_Goalie_Source,Opp_SOG_Against_L10,Opp_SOG_Used_L10,Opp_SOG_Against_L50,Opp_SOG_Used_L50,Player_5v5_SOG_Share,iXG%,iXA%,iXA_Source,TOI_per_game,TOI_Pct,StarScore,TalentMult,Talent_Tier,Is_Elite,Is_Star,team_5v5_SF60,team_5v5_xGF60,team_5v5_SF60_pct,team_5v5_xGF60_pct,Team_GF_L5,Team_GF_Avg_L5,Team_GF_Gate,Med10_SOG,Trim10_SOG,Avg5_SOG,ShotIntent,ShotIntent_Pct,L10_P,L10_G,L10_S,L5_G,L5_A,L10_A,L20_P,L40_P,L20_A,L40_A,L20_S,L40_S,L10_Tier_Points,L10_Rate_Points,L10_Diff_Points,L20_Tier_Points,L20_Rate_Points,L20_Diff_Points,L40_Tier_Points,L40_Rate_Points,L40_Diff_Points,L10_Tier_Assists,L10_Rate_Assists,L10_Diff_Assists,L20_Tier_Assists,L20_Rate_Assists,L20_Diff_Assists,L40_Tier_Assists,L40_Rate_Assists,L40_Diff_Assists,L10_Tier_SOG,L10_Rate_SOG,L10_Diff_SOG,L20_Tier_SOG,L20_Rate_SOG,L20_Diff_SOG,L40_Tier_SOG,L40_Rate_SOG,L40_Diff_SOG,i5v5_points60,i5v5_primaryAssists60,i5v5_shotAssists60,i5v5_iCF60,Assist_Volume,opp_5v5_xGA60,opp_5v5_HDCA60,opp_5v5_SlotSA60,Opp_DefWeak,v2_player_stability,v2_defense_vulnerability,Exp_P_10,Exp_G_10,Exp_S_10,Reg_Gap_P10,Reg_Gap_G10,Reg_Gap_S10,Reg_Heat_P,Reg_Heat_G,Reg_Heat_S,Exp_A_10,Reg_Gap_A10,Reg_Heat_A,Matrix_Points,Matrix_SOG,Matrix_Goal,Matrix_Assists,Conf_Points,Conf_SOG,Conf_Goal,Conf_Assists,Best_Market,Best_Conf,Drought_P,Drought_A,Drought_G,Drought_SOG,PPP10_total,Drought_PPP,PP_Tier,PP_Path,PP_TeamShare_pct,PP_TOI_stability,PP_Env_Score,PP_BOOST,PP_Role,PP_TOI,PP_TOI_min,PP_TOI_per_game,PP_TOI_Share,PP_TOI_Pct_Game,PP_TOI_Pct,PP_Points60,PP_iXG60,PP_iXA60,Team_PP_xGF60,Opp_PK_xGA60,PP_Matchup,Assist_Dagger,Assist_PP_Proof,Line,Odds,Result,Best_Drought,Play_Tag,Plays_Points,Plays_Goal,Goal_ProofCount,Goal_Why,Plays_Assists,Assist_ProofCount,Assist_Why,Plays_SOG,SOG_ProofCount,SOG_Why,BDL_SOG_Line_1,BDL_SOG_Odds_1,BDL_SOG_Book_1,BDL_SOG_Line_2,BDL_SOG_Odds_2,BDL_SOG_Book_2,BDL_SOG_Line_3,BDL_SOG_Odds_3,BDL_SOG_Book_3,BDL_SOG_Line_4,BDL_SOG_Odds_4,BDL_SOG_Book_4,BDL_SOG_Line,BDL_SOG_Odds,BDL_SOG_Book,BDL_Points_Line_1,BDL_Points_Odds_1,BDL_Points_Book_1,BDL_Points_Line_2,BDL_Points_Odds_2,BDL_Points_Book_2,BDL_Points_Line_3,BDL_Points_Odds_3,BDL_Points_Book_3,BDL_Points_Line_4,BDL_Points_Odds_4,BDL_Points_Book_4,BDL_Points_Line,BDL_Points_Odds,BDL_Points_Book,BDL_Assists_Line_1,BDL_Assists_Odds_1,BDL_Assists_Book_1,BDL_Assists_Line_2,BDL_Assists_Odds_2,BDL_Assists_Book_2,BDL_Assists_Line_3,BDL_Assists_Odds_3,BDL_Assists_Book_3,BDL_Assists_Line_4,BDL_Assists_Odds_4,BDL_Assists_Book_4,BDL_Assists_Line,BDL_Assists_Odds,BDL_Assists_Book,BDL_Goal_Line_1,BDL_Goal_Odds_1,BDL_Goal_Book_1,BDL_Goal_Line_2,BDL_Goal_Odds_2,BDL_Goal_Book_2,BDL_Goal_Line_3,BDL_Goal_Odds_3,BDL_Goal_Book_3,BDL_Goal_Line_4,BDL_Goal_Odds_4,BDL_Goal_Book_4,BDL_Goal_Line,BDL_Goal_Odds,BDL_Goal_Book,BDL_ATG_Line_1,BDL_ATG_Odds_1,BDL_ATG_Book_1,BDL_ATG_Line_2,BDL_ATG_Odds_2,BDL_ATG_Book_2,BDL_ATG_Line_3,BDL_ATG_Odds_3,BDL_ATG_Book_3,BDL_ATG_Line_4,BDL_ATG_Odds_4,BDL_ATG_Book_4,BDL_ATG_Line,BDL_ATG_Odds,BDL_ATG_Book,Goal_Odds_Source,Goal_Available_Books,ATG_Odds_Source,ATG_Available_Books,Points_Odds_Source,Points_Available_Books,SOG_Odds_Source,SOG_Available_Books,Assists_Odds_Source,Assists_Available_Books,BDL_PPP_Line_1,BDL_PPP_Odds_1,BDL_PPP_Book_1,BDL_PPP_Line_2,BDL_PPP_Odds_2,BDL_PPP_Book_2,BDL_PPP_Line_3,BDL_PPP_Odds_3,BDL_PPP_Book_3,BDL_PPP_Line_4,BDL_PPP_Odds_4,BDL_PPP_Book_4,BDL_PPP_Line,BDL_PPP_Odds,BDL_PPP_Book,PPP_Odds_Source,PPP_Available_Books,BDL_EV_ENGINE,SOG_Line,SOG_Odds_Over,SOG_Book,SOG_ModelSrc,SOG_mu,SOG_p_model_over,SOG_Model%,SOG_p_imp_over,SOG_EVpct_over,SOG_EV%,SOG_p_model_over_1,SOG_Model%_1,SOG_EVpct_over_1,SOG_EV%_1,SOG_p_model_over_2,SOG_Model%_2,SOG_EVpct_over_2,SOG_EV%_2,SOG_p_model_over_3,SOG_Model%_3,SOG_EVpct_over_3,SOG_EV%_3,SOG_p_model_over_4,SOG_Model%_4,SOG_EVpct_over_4,SOG_EV%_4,Points_Line,Points_Odds_Over,Points_Book,Points_ModelSrc,Points_mu,Points_p_model_over,Points_Model%,Points_p_imp_over,Points_EVpct_over,Points_EV%,Points_p_model_over_1,Points_Model%_1,Points_EVpct_over_1,Points_EV%_1,Points_p_model_over_2,Points_Model%_2,Points_EVpct_over_2,Points_EV%_2,Points_p_model_over_3,Points_Model%_3,Points_EVpct_over_3,Points_EV%_3,Points_p_model_over_4,Points_Model%_4,Points_EVpct_over_4,Points_EV%_4,Assists_Line,Assists_Odds_Over,Assists_Book,Assists_ModelSrc,Assists_mu,Assists_p_model_over,Assists_Model%,Assists_p_imp_over,Assists_EVpct_over,Assists_EV%,Assists_p_model_over_1,Assists_Model%_1,Assists_EVpct_over_1,Assists_EV%_1,Assists_p_model_over_2,Assists_Model%_2,Assists_EVpct_over_2,Assists_EV%_2,Assists_p_model_over_3,Assists_Model%_3,Assists_EVpct_over_3,Assists_EV%_3,Assists_p_model_over_4,Assists_Model%_4,Assists_EVpct_over_4,Assists_EV%_4,Goal_Line,Goal_Odds_Over,Goal_Book,Goal_ModelSrc,Goal_mu,Goal_p_model_over,Goal_Model%,Goal_p_imp_over,Goal_EVpct_over,Goal_EV%,Goal_p_model_over_1,Goal_Model%_1,Goal_EVpct_over_1,Goal_EV%_1,Goal_p_model_over_2,Goal_Model%_2,Goal_EVpct_over_2,Goal_EV%_2,Goal_p_model_over_3,Goal_Model%_3,Goal_EVpct_over_3,Goal_EV%_3,Goal_p_model_over_4,Goal_Model%_4,Goal_EVpct_over_4,Goal_EV%_4,ATG_Line,ATG_Odds_Over,ATG_Book,ATG_ModelSrc,ATG_mu,ATG_p_model_over,ATG_Model%,ATG_p_imp_over,ATG_EVpct_over,ATG_EV%,ATG_p_model_over_1,ATG_Model%_1,ATG_EVpct_over_1,ATG_EV%_1,ATG_p_model_over_2,ATG_Model%_2,ATG_EVpct_over_2,ATG_EV%_2,ATG_p_model_over_3,ATG_Model%_3,ATG_EVpct_over_3,ATG_EV%_3,ATG_p_model_over_4,ATG_Model%_4,ATG_EVpct_over_4,ATG_EV%_4,Plays_EV_SOG,Plays_EV_Points,Plays_EV_Goal,Plays_EV_ATG,Plays_EV_Assists,Player_SOG_Share_Proxy,Outcome,Roster_Status,Roster_Check_UTC,Roster_Watch,Fired_Moves,Model_Stats_Season,Available,Move_Kit_Version,Frozen_At_UTC,Resolved_Game_ID,Resolved_Player_ID,Player_Match_Method,Grade_Status,Actual_Points,Outcome_Points,Match_Status_Points,Actual_Assists,Outcome_Assists,Match_Status_Assists,Actual_SOG,Outcome_SOG,Match_Status_SOG,Actual_Goal,Outcome_Goal,Match_Status_Goal,Actual_ATG,Outcome_ATG,Match_Status_ATG,Actual_PPP,Outcome_PPP,Match_Status_PPP
2026-10-01,BUF@CBJ,2026020011,6:00 PM,2026-10-01T23:00:00Z,Beck Malenstyn,8479359,BUF,False,,2026-27,BUF,L,,Healthy,Unknown,,,3.0,0.0,,33.0,21.0,2026-10-01T17:24:18+00:00,CBJ,Jet Greaves,0.907732293697206,2.6006532157138063,28.1,Likely,dailyfaceoff_name_and_stats,25.25,4.0,25.25,4.0,,61.5,40.6,A1+A2,11.24,22.6,46.4,0.99,NONE,False,False,27.18806953887636,2.546840541597663,70.5,66.0,9.0,2.25,True,,,,,50.0,,,,,,,,,,,,,,,,,,,,,,,,,,,,,,,,,,,,,,,,0.8742879851635978,0.3179229036958537,,,0.0,2.429802881427452,2.358189161492555,50.0,34.8,47.6,34.8,1.87,1.01,,,,,COOL,COOL,COOL,0.85,,COOL,Red,Red,Red,Red,38.0,47.0,51.0,36.0,GOAL,51.0,,,,,,,C,Passenger,0.2,,48.8,,0.0,0.0187242798353909,1.5166666666666666,0.0187242798353909,0.0016653246468047,0.2,0.2,0.0,0.0,0.0,6.161001788908766,8.642420281058873,48.8,29.6,False,,,,,,False,False,0.0,,False,0.0,,False,0.0,,,,,,,,,,,,,,,,,,,,,,,,,,,,,,,,,,,,,,,,,,,,,,,0.5,1300.0,DraftKings,,,,,,,,,,0.5,1300.0,DraftKings,0.5,1300.0,DraftKings,,,,,,,,,,0.5,1300.0,DraftKings,The Odds API,"[""Bally Bet"", ""BetMGM"", ""BetRivers"", ""Bovada"", ""Caesars"", ""Courtside"", ""DraftKings"", ""FanDuel"", ""Fanatics"", ""Hard Rock Bet"", ""theScore Bet""]",The Odds API,"[""Bally Bet"", ""BetMGM"", ""BetRivers"", ""Bovada"", ""Caesars"", ""Courtside"", ""DraftKings"", ""FanDuel"", ""Fanatics"", ""fanatics""]",,,,,,,,,,,,,,,,,,,,,,,,ALTLINE_NB_v1_2026-01-18,,,,league_avg,2.3,,,,,,,,,,,,,,,,,,,,,,,,,exp/fallback,0.187,,,,,,,,,,,,,,,,,,,,,,,,,exp/fallback,0.0849999999999999,,,,,,,,,,,,,,,,,,,,,,0.5,1300.0,DraftKings,exp/fallback,0.2203999999999999,0.1904044614213164,19.0,0.0714285714285714,166.56624598984294,166.6,0.1904044614213164,19.0,166.56624598984294,166.6,,,,,,,,,,,,,0.5,1300.0,DraftKings,exp/fallback,0.17065,0.1494158455397489,14.9,0.0714285714285714,109.18218375564854,109.2,0.1494158455397489,14.9,109.18218375564854,109.2,,,,,,,,,,,,,False,False,True,True,False,,,Active roster,2026-10-01T17:24:42+00:00,False,[],2025-2026,,2026-09-24-frozen-v2,2026-10-01T17:24:46.238031+00:00,2026020011,8479359.0,PLAYER_ID,FINAL,0.0,,NO_LINE,0.0,,NO_LINE,1.0,,NO_LINE,0.0,L,OK,0.0,L,OK,0.0,,NO_LINE
2026-10-01,BUF@CBJ,2026020011,6:00 PM,2026-10-01T23:00:00Z,Dennis Gilbert,8478502,OTT,True,,2026-27,BUF,D,,Healthy,Unknown,,,3.0,0.0,,33.0,21.0,2026-10-01T17:24:18+00:00,CBJ,Jet Greaves,0.907732293697206,2.6006532157138063,28.1,Likely,dailyfaceoff_name_and_stats,25.25,4.0,25.25,4.0,,5.1,17.6,A1+A2,12.69,34.4,15.3,0.94,NONE,False,False,27.18806953887636,2.546840541597663,70.5,66.0,9.0,2.25,True,,,,,50.0,,,,,,,,,,,,,,,,,,,,,,,,,,,,,,,,,,,,,,,,0.0100637370010063,0.0,,,0.0,2.429802881427452,2.358189161492555,50.0,34.8,31.0,34.8,1.26,0.08,,,,,COOL,COOL,COOL,1.17,,COOL,Red,Red,Red,Red,25.0,17.0,15.0,18.0,POINTS,25.0,,,,,,,,Passenger,0.0,,48.8,,,0.00625,0.05,0.00625,0.0004926108374384,0.0,0.0,0.0,0.0,0.0,6.161001788908766,8.642420281058873,48.8,22.2,False,,,,,,False,False,0.0,,False,0.0,,False,0.0,,,,,,,,,,,,,,,,,,,,,,,,,,,,,,,,,,,,,,,,,,,,,,,,,,,,,,,,,,,,,,,,,,,,,,,,,,,,,,,,,,,,,,,,,,,,,,,,,,,,,,,,ALTLINE_NB_v1_2026-01-18,,,,league_avg,2.3,,,,,,,,,,,,,,,,,,,,,,,,,exp/fallback,0.126,,,,,,,,,,,,,,,,,,,,,,,,,exp/fallback,0.1169999999999999,,,,,,,,,,,,,,,,,,,,,,,,,exp/fallback,0.1832,,,,,,,,,,,,,,,,,,,,,,,,,exp/fallback,0.1101999999999999,,,,,,,,,,,,,,,,,,,,,,False,False,False,False,False,,,Active roster,2026-10-01T17:24:42+00:00,False,[],2025-2026,,2026-09-24-frozen-v2,2026-10-01T17:24:46.238031+00:00,2026020011,,,NO_PLAYER,,,NO_PLAYER,,,NO_PLAYER,,,NO_PLAYER,,,NO_PLAYER,,,NO_PLAYER,,,NO_PLAYER
2026-10-01,BUF@CBJ,2026020011,6:00 PM,2026-10-01T23:00:00Z,Jack Quinn,8482097,BUF,False,"{""season"":""2026-27"",""games"":[]}",2026-27,BUF,R,,Healthy,Unknown,,,3.0,0.0,,33.0,21.0,2026-10-01T17:24:18+00:00,CBJ,Jet Greaves,0.907732293697206,2.6006532157138063,28.1,Likely,dailyfaceoff_name_and_stats,25.25,4.0,25.25,4.0,5.4,88.2,86.3,A1+A2,15.66,55.4,81.0,1.12,NONE,False,False,27.18806953887636,2.546840541597663,70.5,66.0,9.0,2.25,True,1.0,1.5,2.4,1.49,39.8,5.0,2.0,15.0,2.0,2.0,3.0,7.0,7.0,5.0,5.0,25.0,25.0,LOW,0.5,0.0,LOW,0.35,,LOW,0.175,,LOW,0.3,,LOW,0.25,,LOW,0.125,,LOW,1.5,,LOW,1.25,,LOW,0.625,,2.046714360164874,0.9665040034111906,,,3.0,2.429802881427452,2.358189161492555,50.0,34.8,71.0,34.8,7.1,2.85,14.9,2.1,0.85,-0.1,WARM,COOL,COOL,4.25,1.25,COOL,Yellow,Red,Red,Yellow,66.0,62.0,67.0,68.0,ASSISTS,68.0,1.0,1.0,1.0,1.0,3.0,1.0,A,Hybrid,13.8,,48.8,,2.0,2.158739837398374,177.01666666666668,2.158739837398374,0.1378813449305465,13.8,13.8,2.879389887957819,1.2947933339610205,1.8642312399962333,6.161001788908766,8.642420281058873,48.8,72.9,False,,,,🅰️ D:1,,False,False,0.0,,False,0.0,,False,0.0,,1.5,-270.0,DraftKings,2.5,100.0,Fanatics,3.5,250.0,Fanatics,4.5,550.0,Fanatics,2.5,100.0,Fanatics,0.5,100.0,Fanatics,1.5,500.0,theScore Bet,2.5,1900.0,Fanatics,3.5,2500.0,BetOnline.ag,0.5,100.0,Fanatics,0.5,186.0,FanDuel,1.5,1100.0,Fanatics,2.5,2500.0,Bovada,,,,0.5,186.0,FanDuel,0.5,290.0,DraftKings,,,,,,,,,,0.5,290.0,DraftKings,0.5,290.0,DraftKings,,,,,,,,,,0.5,290.0,DraftKings,The Odds API,"[""Bally Bet"", ""BetMGM"", ""BetRivers"", ""Bovada"", ""Caesars"", ""Courtside"", ""DraftKings"", ""FanDuel"", ""Fanatics"", ""Hard Rock Bet"", ""fanduel"", ""theScore Bet""]",The Odds API,"[""Bally Bet"", ""BetMGM"", ""BetRivers"", ""Bovada"", ""Caesars"", ""Courtside"", ""DraftKings"", ""FanDuel"", ""Fanatics"", ""fanatics""]",The Odds API,"[""Bally Bet"", ""BetOnline.ag"", ""BetRivers"", ""Bovada"", ""Caesars"", ""Courtside"", ""DraftKings"", ""FanDuel"", ""Fanatics"", ""Hard Rock Bet"", ""draftkings"", ""theScore Bet""]",The Odds API,"[""Bally Bet"", ""BetOnline.ag"", ""BetRivers"", ""Bovada"", ""Caesars"", ""Courtside"", ""DraftKings"", ""FanDuel"", ""Fanatics"", ""Hard Rock Bet"", ""draftkings"", ""theScore Bet""]",The Odds API,"[""Bally Bet"", ""BetOnline.ag"", ""BetRivers"", ""Bovada"", ""Courtside"", ""DraftKings"", ""FanDuel"", ""Fanatics"", ""Hard Rock Bet"", ""draftkings"", ""theScore Bet""]",0.5,220.0,Bovada,1.5,850.0,Bovada,,,,,,,0.5,220.0,Bovada,The Odds API,"[""Bally Bet"", ""BetRivers"", ""Bovada"", ""FanDuel"", ""Hard Rock Bet"", ""theScore Bet""]",ALTLINE_NB_v1_2026-01-18,2.5,100.0,Fanatics,exp/fallback,1.49,0.2046854358154355,20.5,0.5,-59.06291283691289,-59.1,0.4122620555489402,41.2,-43.50482942477486,-43.5,0.2046854358154355,20.5,-59.06291283691289,-59.1,0.0920117879455185,9.2,-67.7958742190685,-67.8,0.0384969360655899,3.8,-74.97699155736657,-75.0,0.5,100.0,Fanatics,exp/fallback,0.71,0.4695992221284608,47.0,0.5,-6.080155574307833,-6.1,0.4695992221284608,47.0,-6.080155574307833,-6.1,0.167969624780609,16.8,0.7817748683654369,0.8,0.0521858966837264,5.2,4.371793367452836,4.4,0.0148742000309598,1.5,-61.32707991950439,-61.3,0.5,186.0,FanDuel,exp/fallback,0.425,0.3198001913061962,32.0,0.3496503496503496,-8.537145286427883,-8.5,0.3198001913061962,32.0,-8.537145286427883,-8.5,0.0813796398052753,8.1,-2.3444322336696466,-2.3,0.018702072142662,1.9,-51.37461242907864,-51.4,,,,,0.5,290.0,DraftKings,exp/fallback,0.2205,0.1904788570489041,19.0,0.2564102564102564,-25.71324575092741,-25.7,0.1904788570489041,19.0,-25.71324575092741,-25.7,,,,,,,,,,,,,0.5,290.0,DraftKings,exp/fallback,0.2176875,0.1842119425893824,18.4,0.2564102564102564,-28.157342390140847,-28.2,0.1842119425893824,18.4,-28.157342390140847,-28.2,,,,,,,,,,,,,False,False,False,False,False,5.4,,Active roster,2026-10-01T17:24:42+00:00,False,[],2025-2026,,2026-09-24-frozen-v2,2026-10-01T17:24:46.238031+00:00,2026020011,8482097.0,PLAYER_ID,FINAL,1.0,W,OK,0.0,L,OK,4.0,W,OK,1.0,W,OK,1.0,W,OK,0.0,L,OK
2026-10-01,BUF@CBJ,2026020011,6:00 PM,2026-10-01T23:00:00Z,Jiri Kulich,8483468,BUF,False,,2026-27,BUF,C,,Healthy,Unknown,,,3.0,0.0,,33.0,21.0,2026-10-01T17:24:18+00:00,CBJ,Jet Greaves,0.907732293697206,2.6006532157138063,28.1,Likely,dailyfaceoff_name_and_stats,25.25,4.0,25.25,4.0,,32.7,24.0,A1+A2,16.36,60.1,35.1,0.94,NONE,False,False,27.18806953887636,2.546840541597663,70.5,66.0,9.0,2.25,True,,,,,50.0,,,,,,,,,,,,,,,,,,,,,,,,,,,,,,,,,,,,,,,,0.0240553272526811,0.0060138318131702,,,0.0,2.429802881427452,2.358189161492555,50.0,34.8,33.1,34.8,3.58,2.01,,,,,COOL,COOL,COOL,1.57,,COOL,Red,Red,Red,Red,32.0,34.0,33.0,27.0,SOG,34.0,,,,,,,C,Passenger,10.0,,48.8,,0.0,1.6402777777777775,19.683333333333334,1.6402777777777775,0.1002376506535392,10.0,10.0,0.8535139712108384,0.8535139712108384,0.0,6.161001788908766,8.642420281058873,48.8,52.0,False,,,,,,False,False,0.0,,False,0.0,,False,0.0,,1.5,130.0,BetRivers,,,,,,,,,,1.5,130.0,BetRivers,0.5,215.0,BetRivers,,,,,,,,,,0.5,215.0,BetRivers,,,,,,,,,,,,,,,,0.5,550.0,DraftKings,,,,,,,,,,0.5,550.0,DraftKings,0.5,550.0,DraftKings,,,,,,,,,,0.5,550.0,DraftKings,The Odds API,"[""Bally Bet"", ""BetMGM"", ""BetRivers"", ""Bovada"", ""Caesars"", ""Courtside"", ""DraftKings"", ""FanDuel"", ""Fanatics"", ""Hard Rock Bet"", ""theScore Bet""]",The Odds API,"[""Bally Bet"", ""BetMGM"", ""BetRivers"", ""Bovada"", ""Caesars"", ""Courtside"", ""DraftKings"", ""FanDuel"", ""Fanatics"", ""betmgm""]",The Odds API,"[""Bally Bet"", ""BetRivers""]",The Odds API,"[""Bally Bet"", ""BetRivers""]",,,,,,,,,,,,,,,,,,,,ALTLINE_NB_v1_2026-01-18,1.5,130.0,BetRivers,league_avg,2.3,0.6001759479749428,60.0,0.4347826086956521,38.04046803423684,38.0,0.6001759479749428,60.0,38.04046803423684,38.0,,,,,,,,,,,,,0.5,215.0,BetRivers,exp/fallback,0.358,0.2862944254143961,28.6,0.3174603174603174,-9.817255994465237,-9.8,0.2862944254143961,28.6,-9.817255994465237,-9.8,,,,,,,,,,,,,,,,exp/fallback,0.157,,,,,,,,,,,,,,,,,,,,,,0.5,550.0,DraftKings,exp/fallback,0.2603999999999999,0.2194154073227545,21.9,0.1538461538461538,42.62001475979045,42.6,0.2194154073227545,21.9,42.62001475979045,42.6,,,,,,,,,,,,,0.5,550.0,DraftKings,exp/fallback,0.2356499999999999,0.1968844492984619,19.7,0.1538461538461538,27.974892044000267,28.0,0.1968844492984619,19.7,27.974892044000267,28.0,,,,,,,,,,,,,True,False,True,True,False,,,Active roster,2026-10-01T17:24:42+00:00,False,[],2025-2026,,2026-09-24-frozen-v2,2026-10-01T17:24:46.238031+00:00,2026020011,8483468.0,PLAYER_ID,FINAL,0.0,L,OK,0.0,,NO_LINE,1.0,L,OK,0.0,L,OK,0.0,L,OK,0.0,,NO_LINE
2026-10-01,BUF@CBJ,2026020011,6:00 PM,2026-10-01T23:00:00Z,Josh Doan,8482659,BUF,False,"{""season"":""2026-27"",""games"":[]}",2026-27,BUF,R,,Healthy,Unknown,,,3.0,0.0,,33.0,21.0,2026-10-01T17:24:18+00:00,CBJ,Jet Greaves,0.907732293697206,2.6006532157138063,28.1,Likely,dailyfaceoff_name_and_stats,25.25,4.0,25.25,4.0,16.2,94.3,82.2,A1+A2,15.87,57.0,82.6,1.13,NONE,False,False,27.18806953887636,2.546840541597663,70.5,66.0,9.0,2.25,True,3.0,2.625,2.4,2.79,82.5,10.0,3.0,26.0,1.0,3.0,7.0,10.0,10.0,7.0,7.0,32.0,32.0,STRONG,1.0,0.5,LOW,0.5,,LOW,0.25,,GOOD,0.7,,LOW,0.35,,LOW,0.175,,OK,2.6,,LOW,1.6,,LOW,0.8,,1.9197517896675984,0.6980915598791267,,,7.0,2.429802881427452,2.358189161492555,50.0,34.8,69.9,34.8,7.4,3.68,30.69,-2.6,0.68,1.9,COOL,COOL,WARM,3.72,-3.28,COOL,Yellow,Yellow,Yellow,Yellow,56.0,74.0,75.0,68.0,GOAL,75.0,2.0,3.0,2.0,0.0,3.0,3.0,A,Hybrid,16.9,,48.8,,2.0,2.682520325203252,219.96666666666667,2.682520325203252,0.1690685728193894,16.9,16.9,3.834444612820124,2.0375814517351114,2.113956660100015,6.161001788908766,8.642420281058873,48.8,79.1,False,,,,🥅 D:2,,False,False,2.0,,False,0.0,,False,0.0,,1.5,-175.0,BetRivers,2.5,130.0,DraftKings,3.5,325.0,FanDuel,4.5,800.0,Fanatics,2.5,130.0,DraftKings,0.5,-105.0,Fanatics,1.5,500.0,Fanatics,2.5,1900.0,Fanatics,3.5,4400.0,BetOnline.ag,0.5,-105.0,Fanatics,0.5,210.0,theScore Bet,1.5,1300.0,DraftKings,2.5,3300.0,Bovada,,,,0.5,210.0,theScore Bet,0.5,265.0,DraftKings,,,,,,,,,,0.5,265.0,DraftKings,0.5,265.0,DraftKings,,,,,,,,,,0.5,265.0,DraftKings,The Odds API,"[""Bally Bet"", ""BetMGM"", ""BetRivers"", ""Bovada"", ""Caesars"", ""Courtside"", ""DraftKings"", ""FanDuel"", ""Fanatics"", ""Hard Rock Bet"", ""fanduel"", ""theScore Bet""]",The Odds API,"[""Bally Bet"", ""BetMGM"", ""BetRivers"", ""Bovada"", ""Caesars"", ""Courtside"", ""DraftKings"", ""FanDuel"", ""Fanatics"", ""betrivers""]",The Odds API,"[""Bally Bet"", ""BetOnline.ag"", ""BetRivers"", ""Bovada"", ""Caesars"", ""Courtside"", ""DraftKings"", ""FanDuel"", ""Fanatics"", ""Hard Rock Bet"", ""draftkings"", ""theScore Bet""]",The Odds API,"[""Bally Bet"", ""BetOnline.ag"", ""BetRivers"", ""Bovada"", ""Caesars"", ""Courtside"", ""DraftKings"", ""FanDuel"", ""Fanatics"", ""Hard Rock Bet"", ""draftkings"", ""theScore Bet""]",The Odds API,"[""Bally Bet"", ""BetOnline.ag"", ""BetRivers"", ""Bovada"", ""Courtside"", ""DraftKings"", ""FanDuel"", ""Fanatics"", ""Hard Rock Bet"", ""draftkings"", ""theScore Bet""]",0.5,330.0,BetRivers,1.5,1000.0,Bovada,,,,,,,0.5,330.0,BetRivers,The Odds API,"[""Bally Bet"", ""BetRivers"", ""Bovada"", ""FanDuel"", ""Hard Rock Bet"", ""theScore Bet""]",ALTLINE_NB_v1_2026-01-18,2.5,130.0,DraftKings,exp/fallback,3.069,0.5262094703706031,52.6,0.4347826086956521,21.028178185238712,21.0,0.7194444973861566,71.9,13.055563874967458,13.1,0.5262094703706031,52.6,21.028178185238712,21.0,0.3584238435745263,35.8,52.33013351917367,52.3,0.2309468800556368,23.1,107.8521920500731,107.9,0.5,-105.0,Fanatics,exp/fallback,0.74,0.4821401994934375,48.2,0.5121951219512195,-5.867865813186002,-5.9,0.4821401994934375,48.2,-5.867865813186002,-5.9,0.1777587440725827,17.8,6.655246443549645,6.7,0.0569973961911554,5.7,13.994792382310806,14.0,0.0167755863857977,1.7,-24.509861263909936,-24.5,0.5,210.0,theScore Bet,exp/fallback,0.372,0.2890638107885988,28.9,0.3225806451612903,-10.390218655534378,-10.4,0.2890638107885988,28.9,-10.390218655534378,-10.4,0.0660720212551745,6.6,-7.4991702427556595,-7.5,0.0136144248978176,1.4,-53.71095534742012,-53.7,,,,,0.5,265.0,DraftKings,exp/fallback,0.3272,0.2647099463305993,26.5,0.273972602739726,-3.380869589331259,-3.4,0.2647099463305993,26.5,-3.380869589331259,-3.4,,,,,,,,,,,,,0.5,265.0,DraftKings,exp/fallback,0.3442,0.2670082844427917,26.7,0.273972602739726,-2.5419761783810446,-2.5,0.2670082844427917,26.7,-2.5419761783810446,-2.5,,,,,,,,,,,,,True,False,False,False,False,16.2,,Active roster,2026-10-01T17:24:42+00:00,False,[],2025-2026,,2026-09-24-frozen-v2,2026-10-01T17:24:46.238031+00:00,2026020011,8482659.0,PLAYER_ID,FINAL,0.0,L,OK,0.0,L,OK,3.0,W,OK,0.0,L,OK,0.0,L,OK,0.0,L,OK
2026-10-01,BUF@CBJ,2026020011,6:00 PM,2026-10-01T23:00:00Z,Josh Norris,8480064,BUF,False,"{""season"":""2026-27"",""games"":[]}",2026-27,BUF,C,,Healthy,Unknown,,,3.0,0.0,,33.0,21.0,2026-10-01T17:24:18+00:00,CBJ,Jet Greaves,0.907732293697206,2.6006532157138063,28.1,Likely,dailyfaceoff_name_and_stats,25.25,4.0,25.25,4.0,8.1,68.5,72.9,A1+A2,15.83,56.8,67.7,1.07,NONE,False,False,27.18806953887636,2.546840541597663,70.5,66.0,9.0,2.25,True,1.5,1.5,1.8,1.605,46.3,3.0,1.0,16.0,0.0,2.0,2.0,3.0,3.0,2.0,2.0,16.0,16.0,LOW,0.3,-0.2,LOW,0.15,,LOW,0.075,,LOW,0.2,,LOW,0.1,,LOW,0.05,,LOW,1.6,,LOW,0.8,,LOW,0.4,,2.288402250262213,0.9153609001048852,,,2.0,2.429802881427452,2.358189161492555,50.0,34.8,73.4,34.8,7.75,2.64,16.05,4.75,1.64,0.05,HOT,WARM,COOL,5.62,3.11,HOT,Yellow,Red,Red,Yellow,66.0,52.0,58.0,63.0,POINTS,66.0,1.0,1.0,7.0,2.0,1.0,1.0,B,Distributor,19.4,,48.8,,1.0,3.06780303030303,134.98333333333332,3.06780303030303,0.1937698877909897,19.4,19.4,3.6326707000864302,1.2712680577849116,2.7781207556488456,6.161001788908766,8.642420281058873,48.8,83.9,False,,,,🅿️ D:1,,False,False,1.0,,False,0.0,,False,0.0,,1.5,-115.0,Fanatics,2.5,280.0,Fanatics,3.5,750.0,Fanatics,4.5,2200.0,Fanatics,1.5,-115.0,Fanatics,0.5,115.0,Fanatics,1.5,650.0,Fanatics,2.5,2800.0,Fanatics,3.5,4000.0,BetOnline.ag,0.5,115.0,Fanatics,0.5,210.0,Hard Rock Bet,1.5,1300.0,Fanatics,2.5,3300.0,Bovada,,,,0.5,210.0,Hard Rock Bet,0.5,340.0,FanDuel,,,,,,,,,,0.5,340.0,FanDuel,0.5,340.0,FanDuel,,,,,,,,,,0.5,340.0,FanDuel,The Odds API,"[""Bally Bet"", ""BetMGM"", ""BetRivers"", ""Bovada"", ""Caesars"", ""Courtside"", ""DraftKings"", ""FanDuel"", ""Fanatics"", ""Hard Rock Bet"", ""fanduel"", ""theScore Bet""]",The Odds API,"[""Bally Bet"", ""BetMGM"", ""BetRivers"", ""Bovada"", ""Caesars"", ""Courtside"", ""DraftKings"", ""FanDuel"", ""Fanatics"", ""fanduel""]",The Odds API,"[""Bally Bet"", ""BetOnline.ag"", ""BetRivers"", ""Bovada"", ""Caesars"", ""Courtside"", ""DraftKings"", ""Fanatics"", ""Hard Rock Bet"", ""draftkings"", ""theScore Bet""]",The Odds API,"[""Bally Bet"", ""BetOnline.ag"", ""BetRivers"", ""Bovada"", ""Caesars"", ""Courtside"", ""DraftKings"", ""FanDuel"", ""Fanatics"", ""Hard Rock Bet"", ""theScore Bet""]",The Odds API,"[""Bally Bet"", ""BetOnline.ag"", ""BetRivers"", ""Bovada"", ""Courtside"", ""DraftKings"", ""Fanatics"", ""Hard Rock Bet"", ""draftkings"", ""theScore Bet""]",0.5,500.0,Bovada,,,,,,,,,,0.5,500.0,Bovada,The Odds API,"[""Bovada"", ""Hard Rock Bet"", ""theScore Bet""]",ALTLINE_NB_v1_2026-01-18,1.5,-115.0,Fanatics,exp/fallback,1.605,0.4435233245869021,44.4,0.5348837209302325,-17.080421925057426,-17.1,0.4435233245869021,44.4,-17.080421925057426,-17.1,0.2308385813789295,23.1,-12.28133907600678,-12.3,0.1090334028423386,10.9,-7.321607584012158,-7.3,0.0479949915640782,4.8,10.388480597380024,10.4,0.5,115.0,Fanatics,exp/fallback,0.775,0.4962706682631821,49.6,0.4651162790697674,6.698193676584152,6.7,0.4962706682631821,49.6,6.698193676584152,6.7,0.1891790402623689,18.9,41.88428019677672,41.9,0.0628094765275211,6.3,82.14748192981122,82.1,0.0191537832543222,1.9,-21.46948865727872,-21.5,0.5,210.0,Hard Rock Bet,exp/fallback,0.562,0.390600995392334,39.1,0.3225806451612903,21.08630857162356,21.1,0.390600995392334,39.1,21.08630857162356,21.1,0.1232456163216797,12.3,72.54386285035164,72.5,0.0352750524822724,3.5,19.935178439726407,19.9,,,,,0.5,340.0,FanDuel,exp/fallback,0.24276,0.2068040212675528,20.7,0.2272727272727272,-9.006230642276758,-9.0,0.2068040212675528,20.7,-9.006230642276758,-9.0,,,,,,,,,,,,,0.5,340.0,FanDuel,exp/fallback,0.23511,0.1965082263134882,19.7,0.2272727272727272,-13.536380422065196,-13.5,0.1965082263134882,19.7,-13.536380422065196,-13.5,,,,,,,,,,,,,False,False,False,False,True,8.1,,Active roster,2026-10-01T17:24:42+00:00,False,[],2025-2026,,2026-09-24-frozen-v2,2026-10-01T17:24:46.238031+00:00,2026020011,8480064.0,PLAYER_ID,FINAL,0.0,L,OK,0.0,L,OK,1.0,L,OK,0.0,L,OK,0.0,L,OK,0.0,L,OK
2026-10-01,BUF@CBJ,2026020011,6:00 PM,2026-10-01T23:00:00Z,Justin Danforth,8479941,BUF,False,,2026-27,BUF,R,,Healthy,Unknown,,,3.0,0.0,,33.0,21.0,2026-10-01T17:24:18+00:00,CBJ,Jet Greaves,0.907732293697206,2.6006532157138063,28.1,Likely,dailyfaceoff_name_and_stats,25.25,4.0,25.25,4.0,,6.5,6.9,A1+A2,11.7,25.7,10.5,0.94,NONE,False,False,27.18806953887636,2.546840541597663,70.5,66.0,9.0,2.25,True,,,,,50.0,,,,,,,,,,,,,,,,,,,,,,,,,,,,,,,,,,,,,,,,0.0,0.0,,,0.0,2.429802881427452,2.358189161492555,50.0,34.8,27.8,34.8,0.24,0.24,,,,,COOL,COOL,COOL,0.0,,COOL,Red,Red,Red,Red,19.0,17.0,16.0,12.0,POINTS,19.0,,,,,,,C,Passenger,1.1,,48.8,,0.0,0.125,0.5,0.125,0.0106799572801708,1.1,1.1,0.0,0.0,0.0,6.161001788908766,8.642420281058873,48.8,38.3,False,,,,,,False,False,0.0,,False,0.0,,False,0.0,,,,,,,,,,,,,,,,,,,,,,,,,,,,,,,,,,,,,,,,,,,,,,,,,,,,,,,,,,,,,,,,,,,,,,,,,,,,,,,,,,,,,,,,,,,,,,,,,,,,,,,,ALTLINE_NB_v1_2026-01-18,,,,league_avg,2.3,,,,,,,,,,,,,,,,,,,,,,,,,exp/fallback,0.024,,,,,,,,,,,,,,,,,,,,,,,,,league_avg,0.35,,,,,,,,,,,,,,,,,,,,,,,,,exp/fallback,0.1896,,,,,,,,,,,,,,,,,,,,,,,,,exp/fallback,0.1206,,,,,,,,,,,,,,,,,,,,,,False,False,False,False,False,,,Active roster,2026-10-01T17:24:42+00:00,False,[],2025-2026,,2026-09-24-frozen-v2,2026-10-01T17:24:46.238031+00:00,2026020011,,,NO_PLAYER,,,NO_PLAYER,,,NO_PLAYER,,,NO_PLAYER,,,NO_PLAYER,,,NO_PLAYER,,,NO_PLAYER
2026-10-01,BUF@CBJ,2026020011,6:00 PM,2026-10-01T23:00:00Z,Konsta Helenius,8484797,BUF,False,,2026-27,BUF,C,,Healthy,Unknown,,,3.0,0.0,,33.0,21.0,2026-10-01T17:24:18+00:00,CBJ,Jet Greaves,0.907732293697206,2.6006532157138063,28.1,Likely,dailyfaceoff_name_and_stats,25.25,4.0,25.25,4.0,,21.7,28.5,A1+A2,11.91,27.9,25.3,0.94,NONE,False,False,27.18806953887636,2.546840541597663,70.5,66.0,9.0,2.25,True,,,,,50.0,,,,,,,,,,,,,,,,,,,,,,,,,,,,,,,,,,,,,,,,0.0380167907492475,0.0285125930619356,,,0.0,2.429802881427452,2.358189161492555,50.0,34.8,33.9,34.8,4.16,1.02,,,,,COOL,COOL,COOL,3.13,,COOL,Red,Red,Red,Red,31.0,26.0,25.0,24.0,POINTS,31.0,,,,,,,C,Passenger,0.0,,48.8,,0.0,0.0,0.0,0.0,0.0,0.0,0.0,0.0,,,6.161001788908766,8.642420281058873,48.8,13.6,False,,,,,,False,False,0.0,,False,0.0,,False,0.0,,1.5,105.0,Bovada,2.5,310.0,Fanatics,3.5,900.0,Fanatics,4.5,2100.0,BetOnline.ag,1.5,105.0,Bovada,0.5,175.0,BetRivers,1.5,900.0,BetRivers,,,,,,,0.5,175.0,BetRivers,,,,,,,,,,,,,,,,0.5,390.0,Fanatics,,,,,,,,,,0.5,390.0,Fanatics,0.5,390.0,Fanatics,,,,,,,,,,0.5,390.0,Fanatics,The Odds API,"[""Bally Bet"", ""BetMGM"", ""BetRivers"", ""Bovada"", ""Caesars"", ""Courtside"", ""DraftKings"", ""FanDuel"", ""Fanatics"", ""Hard Rock Bet"", ""theScore Bet""]",The Odds API,"[""Bally Bet"", ""BetMGM"", ""BetRivers"", ""Bovada"", ""Caesars"", ""Courtside"", ""DraftKings"", ""FanDuel"", ""Fanatics"", ""fanatics""]",The Odds API,"[""Bally Bet"", ""BetRivers""]",The Odds API,"[""Bally Bet"", ""BetOnline.ag"", ""BetRivers"", ""Bovada"", ""Caesars"", ""Courtside"", ""DraftKings"", ""Fanatics"", ""Hard Rock Bet"", ""theScore Bet""]",,,,,,,,,,,,,,,,,,,,ALTLINE_NB_v1_2026-01-18,1.5,105.0,Bovada,league_avg,2.3,0.6001759479749428,60.0,0.4878048780487805,23.036069334863274,23.0,0.6001759479749428,60.0,23.036069334863274,23.0,0.3835789960842564,38.4,57.26738839454513,57.3,0.2254288407355011,22.5,125.42884073550118,125.4,0.1243884637071297,12.4,173.65462015568545,173.7,0.5,175.0,BetRivers,exp/fallback,0.416,0.3218367186384604,32.2,0.3636363636363636,-11.494902374423388,-11.5,0.3218367186384604,32.2,-11.494902374423388,-11.5,0.0755763092054992,7.6,-24.423690794500708,-24.4,,,,,,,,,,,,exp/fallback,0.313,,,,,,,,,,,,,,,,,,,,,,0.5,390.0,Fanatics,exp/fallback,0.2208,0.1907019865144491,19.1,0.2040816326530612,-6.556026607919918,-6.6,0.1907019865144491,19.1,-6.556026607919918,-6.6,,,,,,,,,,,,,0.5,390.0,Fanatics,exp/fallback,0.1713,0.1499132816266,15.0,0.2040816326530612,-26.542492002966,-26.5,0.1499132816266,15.0,-26.542492002966,-26.5,,,,,,,,,,,,,True,False,False,False,False,,,Active roster,2026-10-01T17:24:42+00:00,False,[],2025-2026,,2026-09-24-frozen-v2,2026-10-01T17:24:46.238031+00:00,2026020011,8484797.0,PLAYER_ID,FINAL,1.0,W,OK,0.0,,NO_LINE,2.0,W,OK,1.0,W,OK,1.0,W,OK,0.0,,NO_LINE
2026-10-01,BUF@CBJ,2026020011,6:00 PM,2026-10-01T23:00:00Z,Louis Crevier,8481806,CHI,True,,2026-27,BUF,D,,Healthy,Unknown,,,3.0,0.0,,33.0,21.0,2026-10-01T17:24:18+00:00,CBJ,Jet Greaves,0.907732293697206,2.6006532157138063,28.1,Likely,dailyfaceoff_name_and_stats,25.25,4.0,25.25,4.0,,50.3,68.0,A1+A2,17.1,67.4,59.9,1.04,NONE,False,False,27.18806953887636,2.546840541597663,70.5,66.0,9.0,2.25,True,,,,,50.0,,,,,,,,,,,,,,,,,,,,,,,,,,,,,,,,,,,,,,,,1.1531069827033953,0.4717255838332072,,,0.0,2.429802881427452,2.358189161492555,50.0,34.8,53.9,34.8,3.18,0.75,,,,,COOL,COOL,COOL,2.43,,COOL,Red,Red,Red,Red,57.0,44.0,43.0,52.0,POINTS,57.0,,,,,,,,Passenger,0.4,,48.8,,,0.0705627705627705,5.433333333333334,0.0705627705627705,0.004127104696797,0.4,0.4,0.8834355828220859,0.8834355828220859,0.0,6.161001788908766,8.642420281058873,48.8,34.3,False,,,,,,False,False,0.0,,False,0.0,,False,0.0,,1.5,190.0,theScore Bet,2.5,700.0,theScore Bet,,,,,,,1.5,190.0,theScore Bet,0.5,275.0,BetRivers,,,,,,,,,,0.5,275.0,BetRivers,,,,,,,,,,,,,,,,0.5,1000.0,Hard Rock Bet,,,,,,,,,,0.5,1000.0,Hard Rock Bet,0.5,1000.0,Fanatics,,,,,,,,,,0.5,1000.0,Fanatics,The Odds API,"[""Bally Bet"", ""BetMGM"", ""BetRivers"", ""Bovada"", ""Caesars"", ""Courtside"", ""DraftKings"", ""FanDuel"", ""Fanatics"", ""Hard Rock Bet"", ""theScore Bet""]",The Odds API,"[""Bally Bet"", ""BetMGM"", ""BetRivers"", ""Bovada"", ""Caesars"", ""Courtside"", ""DraftKings"", ""FanDuel"", ""Fanatics"", ""fanatics""]",The Odds API,"[""Bally Bet"", ""BetRivers""]",The Odds API,"[""Bally Bet"", ""BetRivers"", ""theScore Bet""]",,,,,,,,,,,,,,,,,,,,ALTLINE_NB_v1_2026-01-18,1.5,190.0,theScore Bet,league_avg,2.3,0.6001759479749428,60.0,0.3448275862068966,74.0510249127334,74.1,0.6001759479749428,60.0,74.0510249127334,74.1,0.3835789960842564,38.4,206.86319686740512,206.9,,,,,,,,,0.5,275.0,BetRivers,exp/fallback,0.318,0.2603038000902603,26.0,0.2666666666666666,-2.386074966152374,-2.4,0.2603038000902603,26.0,-2.386074966152374,-2.4,,,,,,,,,,,,,,,,exp/fallback,0.243,,,,,,,,,,,,,,,,,,,,,,0.5,1000.0,Hard Rock Bet,exp/fallback,0.21,0.1826147536848258,18.3,0.0909090909090909,100.87622905330842,100.9,0.1826147536848258,18.3,100.87622905330842,100.9,,,,,,,,,,,,,0.5,1000.0,Fanatics,exp/fallback,0.15375,0.1363119518722615,13.6,0.0909090909090909,49.94314705948768,49.9,0.1363119518722615,13.6,49.94314705948768,49.9,,,,,,,,,,,,,True,False,True,True,False,,,Active roster,2026-10-01T17:24:42+00:00,False,[],2025-2026,,2026-09-24-frozen-v2,2026-10-01T17:24:46.238031+00:00,2026020011,8481806.0,PLAYER_ID,FINAL,0.0,L,OK,0.0,,NO_LINE,1.0,L,OK,0.0,L,OK,0.0,L,OK,0.0,,NO_LINE
2026-10-01,BUF@CBJ,2026020011,6:00 PM,2026-10-01T23:00:00Z,Matt Grzelcyk,8476891,CHI,True,,2026-27,BUF,D,,Healthy,Unknown,,,3.0,0.0,,33.0,21.0,2026-10-01T17:24:18+00:00,CBJ,Jet Greaves,0.907732293697206,2.6006532157138063,28.1,Likely,dailyfaceoff_name_and_stats,25.25,4.0,25.25,4.0,,31.4,54.3,A1+A2,16.97,66.2,46.4,0.98,NONE,False,False,27.18806953887636,2.546840541597663,70.5,66.0,9.0,2.25,True,,,,,50.0,,,,,,,,,,,,,,,,,,,,,,,,,,,,,,,,,,,,,,,,0.4073122242156815,0.3491247636134413,,,0.0,2.429802881427452,2.358189161492555,50.0,34.8,36.8,34.8,2.08,0.34,,,,,COOL,COOL,COOL,1.74,,COOL,Red,Red,Red,Red,48.0,34.0,32.0,41.0,POINTS,48.0,,,,,,,,Passenger,5.0,,48.8,,,0.8416666666666667,57.23333333333333,0.8416666666666667,0.0495927444977182,5.0,5.0,2.7964472917880023,0.3459522422830518,2.882935352358765,6.161001788908766,8.642420281058873,48.8,66.2,False,,,,,,False,False,0.0,,False,0.0,,False,0.0,,,,,,,,,,,,,,,,,0.5,260.0,BetRivers,,,,,,,,,,0.5,260.0,BetRivers,,,,,,,,,,,,,,,,0.5,3000.0,Fanatics,,,,,,,,,,0.5,3000.0,Fanatics,0.5,3000.0,Fanatics,,,,,,,,,,0.5,3000.0,Fanatics,The Odds API,"[""Bally Bet"", ""BetMGM"", ""BetRivers"", ""Bovada"", ""Caesars"", ""Courtside"", ""DraftKings"", ""Fanatics"", ""Hard Rock Bet"", ""theScore Bet""]",The Odds API,"[""Bally Bet"", ""BetMGM"", ""BetRivers"", ""Bovada"", ""Caesars"", ""Courtside"", ""DraftKings"", ""Fanatics"", ""fanatics""]",The Odds API,"[""Bally Bet"", ""BetRivers""]",,,,,,,,,,,,,,,,,,,,,,ALTLINE_NB_v1_2026-01-18,,,,league_avg,2.3,,,,,,,,,,,,,,,,,,,,,,0.5,260.0,BetRivers,exp/fallback,0.208,0.1819053943547138,18.2,0.2777777777777778,-34.514058032303005,-34.5,0.1819053943547138,18.2,-34.514058032303005,-34.5,,,,,,,,,,,,,,,,exp/fallback,0.174,,,,,,,,,,,,,,,,,,,,,,0.5,3000.0,Fanatics,exp/fallback,0.1936,0.1701162452154071,17.0,0.032258064516129,427.3603601677621,427.4,0.1701162452154071,17.0,427.3603601677621,427.4,,,,,,,,,,,,,0.5,3000.0,Fanatics,exp/fallback,0.1271,0.1149597639007977,11.5,0.032258064516129,256.3752680924731,256.4,0.1149597639007977,11.5,256.3752680924731,256.4,,,,,,,,,,,,,False,False,True,True,False,,,Active roster,2026-10-01T17:24:42+00:00,False,[],2025-2026,,2026-09-24-frozen-v2,2026-10-01T17:24:46.238031+00:00,2026020011,8476891.0,PLAYER_ID,FINAL,0.0,L,OK,0.0,,NO_LINE,0.0,,NO_LINE,0.0,L,OK,0.0,L,OK,0.0,,NO_LINE
2026-10-01,BUF@CBJ,2026020011,6:00 PM,2026-10-01T23:00:00Z,Noah Ostlund,8483500,BUF,False,,2026-27,BUF,C,,Healthy,Unknown,,,3.0,0.0,,33.0,21.0,2026-10-01T17:24:18+00:00,CBJ,Jet Greaves,0.907732293697206,2.6006532157138063,28.1,Likely,dailyfaceoff_name_and_stats,25.25,4.0,25.25,4.0,,53.5,63.9,A1+A2,13.97,43.2,55.1,1.02,NONE,False,False,27.18806953887636,2.546840541597663,70.5,66.0,9.0,2.25,True,,,,,50.0,,,,,,,,,,,,,,,,,,,,,,,,,,,,,,,,,,,,,,,,1.717635297859772,0.5725450992865906,,,0.0,2.429802881427452,2.358189161492555,50.0,34.8,66.3,34.8,3.79,1.07,,,,,COOL,COOL,COOL,2.72,,COOL,Red,Red,Red,Red,54.0,44.0,44.0,51.0,POINTS,54.0,,,,,,,C,Passenger,9.1,,48.8,,0.0,1.2730555555555556,76.38333333333334,1.2730555555555556,0.0911314376615629,9.1,9.1,3.02029238490072,0.6833951560113463,2.74929085751691,6.161001788908766,8.642420281058873,48.8,71.2,False,,,,,,False,False,0.0,,False,0.0,,False,0.0,,1.5,132.0,BetRivers,2.5,390.0,Fanatics,3.5,1100.0,Fanatics,4.5,2200.0,BetOnline.ag,1.5,132.0,BetRivers,0.5,155.0,Fanatics,1.5,950.0,Fanatics,2.5,1600.0,BetOnline.ag,3.5,3300.0,BetOnline.ag,0.5,155.0,Fanatics,0.5,300.0,Bovada,1.5,2200.0,Fanatics,2.5,3300.0,Bovada,,,,0.5,300.0,Bovada,0.5,400.0,BetMGM,,,,,,,,,,0.5,400.0,BetMGM,0.5,400.0,BetMGM,,,,,,,,,,0.5,400.0,BetMGM,The Odds API,"[""Bally Bet"", ""BetMGM"", ""BetRivers"", ""Bovada"", ""Caesars"", ""Courtside"", ""DraftKings"", ""FanDuel"", ""Fanatics"", ""Hard Rock Bet"", ""theScore Bet""]",The Odds API,"[""Bally Bet"", ""BetMGM"", ""BetRivers"", ""Bovada"", ""Caesars"", ""Courtside"", ""DraftKings"", ""FanDuel"", ""Fanatics"", ""betmgm""]",The Odds API,"[""Bally Bet"", ""BetOnline.ag"", ""BetRivers"", ""Caesars"", ""Courtside"", ""DraftKings"", ""Fanatics"", ""Hard Rock Bet"", ""draftkings"", ""theScore Bet""]",The Odds API,"[""Bally Bet"", ""BetOnline.ag"", ""BetRivers"", ""Bovada"", ""Caesars"", ""Courtside"", ""DraftKings"", ""Fanatics"", ""Hard Rock Bet"", ""theScore Bet""]",The Odds API,"[""Bally Bet"", ""BetOnline.ag"", ""BetRivers"", ""Bovada"", ""Courtside"", ""DraftKings"", ""Fanatics"", ""Hard Rock Bet"", ""draftkings"", ""theScore Bet""]",0.5,650.0,Hard Rock Bet,,,,,,,,,,0.5,650.0,Hard Rock Bet,The Odds API,"[""Bovada"", ""Hard Rock Bet"", ""theScore Bet""]",ALTLINE_NB_v1_2026-01-18,1.5,132.0,BetRivers,league_avg,2.3,0.6001759479749428,60.0,0.4310344827586206,39.24081993018673,39.2,0.6001759479749428,60.0,39.24081993018673,39.2,0.3835789960842564,38.4,87.95370808128563,88.0,0.2254288407355011,22.5,170.5146088826014,170.5,0.1243884637071297,12.4,186.09346652639843,186.1,0.5,155.0,Fanatics,exp/fallback,0.379,0.29944736107861,29.9,0.392156862745098,-23.64092292495444,-23.6,0.29944736107861,29.9,-23.64092292495444,-23.6,0.0650329787440787,6.5,-31.715372318717293,-31.7,0.012087179635147,1.2,-79.45179462025001,-79.5,0.0020478976074878,0.2,-93.03714813454148,-93.0,0.5,300.0,Bovada,exp/fallback,0.272,0.2251041460027771,22.5,0.25,-9.958341598889133,-10.0,0.2251041460027771,22.5,-9.958341598889133,-10.0,0.0395657020879491,4.0,-8.998885197716877,-9.0,0.0062471787088779,0.6,-78.75959238981507,-78.8,,,,,0.5,400.0,BetMGM,exp/fallback,0.2228,0.1921873182005421,19.2,0.2,-3.906340899728933,-3.9,0.1921873182005421,19.2,-3.906340899728933,-3.9,,,,,,,,,,,,,0.5,400.0,BetMGM,exp/fallback,0.17455,0.1523932776782731,15.2,0.2,-23.803361160863425,-23.8,0.1523932776782731,15.2,-23.803361160863425,-23.8,,,,,,,,,,,,,True,False,False,False,False,,,Active roster,2026-10-01T17:24:42+00:00,False,[],2025-2026,,2026-09-24-frozen-v2,2026-10-01T17:24:46.238031+00:00,2026020011,8483500.0,PLAYER_ID,FINAL,2.0,W,OK,2.0,W,OK,3.0,W,OK,0.0,L,OK,0.0,L,OK,0.0,L,OK
2026-10-01,BUF@CBJ,2026020011,6:00 PM,2026-10-01T23:00:00Z,Olen Zellweger,8482803,ANA,True,,2026-27,BUF,D,,Healthy,Unknown,,,3.0,0.0,,33.0,21.0,2026-10-01T17:24:18+00:00,CBJ,Jet Greaves,0.907732293697206,2.6006532157138063,28.1,Likely,dailyfaceoff_name_and_stats,25.25,4.0,25.25,4.0,,63.8,60.9,A1+A2,16.98,66.4,63.3,1.05,NONE,False,False,27.18806953887636,2.546840541597663,70.5,66.0,9.0,2.25,True,,,,,50.0,,,,,,,,,,,,,,,,,,,,,,,,,,,,,,,,,,,,,,,,0.9026415539593812,0.3716759339832746,,,0.0,2.429802881427452,2.358189161492555,50.0,34.8,48.3,34.8,3.34,1.26,,,,,COOL,COOL,COOL,2.08,,COOL,Red,Red,Red,Red,53.0,51.0,51.0,50.0,POINTS,53.0,,,,,,,,Passenger,4.5,,48.8,,,0.7633771929824561,58.016666666666666,0.7633771929824561,0.0449677694384519,4.5,4.5,2.4872163171502444,1.168629704108015,1.5512783682849758,6.161001788908766,8.642420281058873,48.8,58.7,False,,,,,,False,False,0.0,,False,0.0,,False,0.0,,1.5,102.0,BetRivers,,,,,,,,,,1.5,102.0,BetRivers,0.5,275.0,BetRivers,,,,,,,,,,0.5,275.0,BetRivers,,,,,,,,,,,,,,,,0.5,650.0,BetRivers,,,,,,,,,,0.5,650.0,BetRivers,0.5,650.0,BetRivers,,,,,,,,,,0.5,650.0,BetRivers,The Odds API,"[""Bally Bet"", ""BetRivers""]",The Odds API,"[""Bally Bet"", ""BetRivers"", ""betrivers""]",The Odds API,"[""Bally Bet"", ""BetRivers""]",The Odds API,"[""Bally Bet"", ""BetRivers""]",,,,,,,,,,,,,,,,,,,,ALTLINE_NB_v1_2026-01-18,1.5,102.0,BetRivers,league_avg,2.3,0.6001759479749428,60.0,0.495049504950495,21.23554149093845,21.2,0.6001759479749428,60.0,21.23554149093845,21.2,,,,,,,,,,,,,0.5,275.0,BetRivers,exp/fallback,0.3339999999999999,0.2708509545124467,27.1,0.2666666666666666,1.5691079421675025,1.6,0.2708509545124467,27.1,1.5691079421675025,1.6,,,,,,,,,,,,,,,,exp/fallback,0.208,,,,,,,,,,,,,,,,,,,,,,0.5,650.0,BetRivers,exp/fallback,0.2304,0.1977969044601177,19.8,0.1333333333333333,48.347678345088326,48.3,0.1977969044601177,19.8,48.347678345088326,48.3,,,,,,,,,,,,,0.5,650.0,BetRivers,exp/fallback,0.1869,0.1617092717717745,16.2,0.1333333333333333,21.28195382883089,21.3,0.1617092717717745,16.2,21.28195382883089,21.3,,,,,,,,,,,,,True,False,True,True,False,,,Active roster,2026-10-01T17:24:42+00:00,False,[],2025-2026,,2026-09-24-frozen-v2,2026-10-01T17:24:46.238031+00:00,2026020011,,,NO_PLAYER,,,NO_PLAYER,,,NO_PLAYER,,,NO_PLAYER,,,NO_PLAYER,,,NO_PLAYER,,,NO_PLAYER
2026-10-01,BUF@CBJ,2026020011,6:00 PM,2026-10-01T23:00:00Z,Owen Power,8482671,BUF,False,"{""season"":""2026-27"",""games"":[]}",2026-27,BUF,D,,Healthy,Unknown,,,3.0,1.0,🟢 ROLE+,33.0,21.0,2026-10-01T17:24:18+00:00,CBJ,Jet Greaves,0.907732293697206,2.6006532157138063,28.1,Likely,dailyfaceoff_name_and_stats,25.25,4.0,25.25,4.0,0.0,52.1,72.9,A1+A2,21.65,94.3,67.8,1.07,NONE,False,False,27.18806953887636,2.546840541597663,70.5,66.0,9.0,2.25,True,0.0,0.25,0.2,0.0699999999999999,1.2,3.0,0.0,3.0,0.0,2.0,3.0,6.0,6.0,6.0,6.0,8.0,8.0,LOW,0.3,-0.2,LOW,0.3,,LOW,0.15,,LOW,0.3,,LOW,0.3,,LOW,0.15,,LOW,0.3,,LOW,0.4,,LOW,0.2,,1.0276670815396736,0.1644267330463477,,,3.0,2.429802881427452,2.358189161492555,50.0,34.8,51.7,34.8,3.57,0.79,0.7,0.57,0.79,-2.3,COOL,COOL,COOL,2.78,-0.22,COOL,Yellow,Red,Red,Yellow,57.0,48.0,46.0,59.0,ASSISTS,59.0,0.0,0.0,10.0,10.0,0.0,10.0,C,Passenger,4.2,,48.8,,0.0,0.9152263374485596,74.13333333333334,0.9152263374485596,0.0422685114793979,4.2,4.2,0.2913669064748201,0.2913669064748201,0.0,6.161001788908766,8.642420281058873,48.8,44.3,False,,,,🅰️ D:0,,False,False,1.0,,False,0.0,,False,0.0,,1.5,-107.0,BetRivers,,,,,,,,,,1.5,-107.0,BetRivers,0.5,195.0,Hard Rock Bet,1.5,1100.0,theScore Bet,,,,,,,0.5,195.0,Hard Rock Bet,0.5,280.0,Bovada,1.5,1400.0,Bovada,2.5,3300.0,Bovada,,,,0.5,280.0,Bovada,0.5,900.0,DraftKings,,,,,,,,,,0.5,900.0,DraftKings,0.5,900.0,DraftKings,,,,,,,,,,0.5,900.0,DraftKings,The Odds API,"[""Bally Bet"", ""BetMGM"", ""BetRivers"", ""Bovada"", ""Caesars"", ""Courtside"", ""DraftKings"", ""FanDuel"", ""Fanatics"", ""Hard Rock Bet"", ""theScore Bet""]",The Odds API,"[""Bally Bet"", ""BetMGM"", ""BetRivers"", ""Bovada"", ""Caesars"", ""Courtside"", ""DraftKings"", ""FanDuel"", ""Fanatics"", ""fanatics""]",The Odds API,"[""Bally Bet"", ""BetRivers"", ""Hard Rock Bet"", ""theScore Bet""]",The Odds API,"[""Bally Bet"", ""BetRivers""]",The Odds API,"[""Bally Bet"", ""BetRivers"", ""Bovada"", ""Hard Rock Bet"", ""theScore Bet""]",,,,,,,,,,,,,,,,,,ALTLINE_NB_v1_2026-01-18,1.5,-107.0,BetRivers,exp/fallback,0.0699999999999999,0.0028576169100428,0.3,0.5169082125603864,-99.44717130805714,-99.4,0.0028576169100428,0.3,-99.44717130805714,-99.4,,,,,,,,,,,,,0.5,195.0,Hard Rock Bet,exp/fallback,0.357,0.2856598089570527,28.6,0.3389830508474576,-15.73035635766946,-15.7,0.2856598089570527,28.6,-15.73035635766946,-15.7,0.058965779709235,5.9,-29.241064348918,-29.2,,,,,,,,,0.5,280.0,Bovada,exp/fallback,0.2779999999999999,0.22918075017671,22.9,0.2631578947368421,-12.911314932850193,-12.9,0.22918075017671,22.9,-12.911314932850193,-12.9,0.0410440061460916,4.1,-38.433990780862594,-38.4,0.0066045758296878,0.7,-77.54444217906122,-77.5,,,,,0.5,900.0,DraftKings,exp/fallback,0.1587,0.1426134176138592,14.3,0.1,42.61341761385927,42.6,0.1426134176138592,14.3,42.61341761385927,42.6,,,,,,,,,,,,,0.5,900.0,DraftKings,exp/fallback,0.1172624999999999,0.1068568732935325,10.7,0.1,6.856873293532551,6.9,0.1068568732935325,10.7,6.856873293532551,6.9,,,,,,,,,,,,,False,False,True,False,False,0.0,,Active roster,2026-10-01T17:24:42+00:00,False,[],2025-2026,,2026-09-24-frozen-v2,2026-10-01T17:24:46.238031+00:00,2026020011,8482671.0,PLAYER_ID,FINAL,2.0,W,OK,2.0,W,OK,0.0,L,OK,0.0,L,OK,0.0,L,OK,0.0,,NO_LINE
2026-10-01,BUF@CBJ,2026020011,6:00 PM,2026-10-01T23:00:00Z,Peyton Krebs,8481522,BUF,False,"{""season"":""2026-27"",""games"":[]}",2026-27,BUF,C,,Healthy,Unknown,,,3.0,0.0,,33.0,21.0,2026-10-01T17:24:18+00:00,CBJ,Jet Greaves,0.907732293697206,2.6006532157138063,28.1,Likely,dailyfaceoff_name_and_stats,25.25,4.0,25.25,4.0,2.7,71.4,82.2,A1+A2,13.76,41.3,69.2,1.08,NONE,False,False,27.18806953887636,2.546840541597663,70.5,66.0,9.0,2.25,True,0.5,0.5,0.6,0.535,9.3,3.0,1.0,7.0,0.0,0.0,2.0,6.0,6.0,4.0,4.0,10.0,10.0,LOW,0.3,-0.2,LOW,0.3,,LOW,0.15,,LOW,0.2,,LOW,0.2,,LOW,0.1,,LOW,0.7,,LOW,0.5,,LOW,0.25,,1.676966553833732,0.838483276916866,,,2.0,2.429802881427452,2.358189161492555,50.0,34.8,65.3,34.8,5.18,1.63,5.35,2.18,0.63,-1.65,WARM,COOL,COOL,3.55,1.55,WARM,Yellow,Red,Red,Yellow,70.0,53.0,54.0,67.0,POINTS,70.0,7.0,7.0,9.0,9.0,0.0,10.0,C,Passenger,0.6,,48.8,,0.0,0.0760162601626016,6.233333333333333,0.0760162601626016,0.0055229853655655,0.6,0.6,6.52139037433155,0.3850267379679144,7.219251336898395,6.161001788908766,8.642420281058873,48.8,62.1,False,,,,🅿️ D:7,,False,False,1.0,,False,0.0,,False,0.0,,,,,,,,,,,,,,,,,0.5,225.0,BetRivers,,,,,,,,,,0.5,225.0,BetRivers,,,,,,,,,,,,,,,,0.5,600.0,theScore Bet,,,,,,,,,,0.5,600.0,theScore Bet,0.5,575.0,BetRivers,,,,,,,,,,0.5,575.0,BetRivers,The Odds API,"[""Bally Bet"", ""BetMGM"", ""BetRivers"", ""Bovada"", ""Caesars"", ""Courtside"", ""DraftKings"", ""FanDuel"", ""Fanatics"", ""Hard Rock Bet"", ""theScore Bet""]",The Odds API,"[""Bally Bet"", ""BetMGM"", ""BetRivers"", ""Bovada"", ""Caesars"", ""Courtside"", ""DraftKings"", ""FanDuel"", ""Fanatics"", ""betrivers""]",The Odds API,"[""Bally Bet"", ""BetRivers""]",,,,,,,,,,,,,,,,,,,,,,ALTLINE_NB_v1_2026-01-18,,,,exp/fallback,0.5349999999999999,,,,,,,,,,,,,,,,,,,,,,0.5,225.0,BetRivers,exp/fallback,0.518,0.3787640781152154,37.9,0.3076923076923077,23.09832538744501,23.1,0.3787640781152154,37.9,23.09832538744501,23.1,,,,,,,,,,,,,,,,exp/fallback,0.355,,,,,,,,,,,,,,,,,,,,,,0.5,600.0,theScore Bet,exp/fallback,0.1838999999999999,0.1625976103882022,16.3,0.1428571428571428,13.818327271741538,13.8,0.1625976103882022,16.3,13.818327271741538,13.8,,,,,,,,,,,,,0.5,575.0,BetRivers,exp/fallback,0.1582124999999999,0.1398042845139573,14.0,0.1481481481481481,-5.632107953078802,-5.6,0.1398042845139573,14.0,-5.632107953078802,-5.6,,,,,,,,,,,,,False,True,True,False,False,2.7,,Active roster,2026-10-01T17:24:42+00:00,False,[],2025-2026,,2026-09-24-frozen-v2,2026-10-01T17:24:46.238031+00:00,2026020011,8481522.0,PLAYER_ID,FINAL,0.0,L,OK,0.0,,NO_LINE,0.0,,NO_LINE,0.0,L,OK,0.0,L,OK,0.0,,NO_LINE
2026-10-01,BUF@CBJ,2026020011,6:00 PM,2026-10-01T23:00:00Z,Rasmus Dahlin,8480839,BUF,False,"{""season"":""2026-27"",""games"":[]}",2026-27,BUF,D,,Healthy,Unknown,,,3.0,1.0,🟢 ROLE+,33.0,21.0,2026-10-01T17:24:18+00:00,CBJ,Jet Greaves,0.907732293697206,2.6006532157138063,28.1,Likely,dailyfaceoff_name_and_stats,25.25,4.0,25.25,4.0,16.2,76.1,98.0,A1+A2,24.19,98.2,88.2,1.15,NONE,False,False,27.18806953887636,2.546840541597663,70.5,66.0,9.0,2.25,True,3.0,3.625,3.2,3.0700000000000003,88.6,13.0,4.0,36.0,3.0,7.0,9.0,14.0,14.0,10.0,10.0,46.0,46.0,ELITE,1.3,0.8,OK,0.7,,LOW,0.35,,STRONG,0.9,,OK,0.5,,LOW,0.25,,STRONG,3.6,,LOW,2.3,,LOW,1.15,,1.8483866551047416,0.7804299210442244,,,9.0,2.429802881427452,2.358189161492555,50.0,34.8,68.7,34.8,11.48,2.43,33.77,-2.56,-1.79,-5.3,COOL,COOL,COOL,9.06,-0.76,COOL,Green,Yellow,Red,Green,70.0,70.0,73.0,81.0,ASSISTS,81.0,0.0,1.0,0.0,0.0,6.0,1.0,A,Distributor,13.7,,48.8,,2.0,3.3064935064935064,254.6,3.3064935064935064,0.136712667132041,13.7,13.7,3.235074626865672,0.6810683424980362,3.00471327572663,6.161001788908766,8.642420281058873,48.8,79.1,False,,,,🅰️ D:1,,False,False,0.0,,False,0.0,,False,0.0,,1.5,-360.0,DraftKings,2.5,-125.0,DraftKings,3.5,190.0,theScore Bet,4.5,440.0,Fanatics,2.5,-125.0,DraftKings,0.5,-150.0,Fanatics,1.5,375.0,theScore Bet,2.5,1200.0,Fanatics,3.5,4000.0,Fanatics,0.5,-150.0,Fanatics,0.5,100.0,BetOnline.ag,1.5,500.0,DraftKings,2.5,1900.0,Fanatics,,,,0.5,100.0,BetOnline.ag,0.5,400.0,FanDuel,,,,,,,,,,0.5,400.0,FanDuel,0.5,400.0,FanDuel,,,,,,,,,,0.5,400.0,FanDuel,The Odds API,"[""Bally Bet"", ""BetMGM"", ""BetRivers"", ""Bovada"", ""Caesars"", ""Courtside"", ""DraftKings"", ""FanDuel"", ""Fanatics"", ""Hard Rock Bet"", ""theScore Bet""]",The Odds API,"[""Bally Bet"", ""BetMGM"", ""BetRivers"", ""Bovada"", ""Caesars"", ""Courtside"", ""DraftKings"", ""FanDuel"", ""Fanatics"", ""fanduel""]",The Odds API,"[""Bally Bet"", ""BetOnline.ag"", ""BetRivers"", ""Bovada"", ""Caesars"", ""Courtside"", ""DraftKings"", ""FanDuel"", ""Fanatics"", ""Hard Rock Bet"", ""draftkings"", ""theScore Bet""]",The Odds API,"[""Bally Bet"", ""BetOnline.ag"", ""BetRivers"", ""Bovada"", ""Caesars"", ""Courtside"", ""DraftKings"", ""FanDuel"", ""Fanatics"", ""Hard Rock Bet"", ""draftkings"", ""theScore Bet""]",The Odds API,"[""Bally Bet"", ""BetOnline.ag"", ""BetRivers"", ""Bovada"", ""Courtside"", ""DraftKings"", ""FanDuel"", ""Fanatics"", ""Hard Rock Bet"", ""draftkings"", ""theScore Bet""]",0.5,160.0,Hard Rock Bet,1.5,650.0,Bovada,,,,,,,0.5,160.0,Hard Rock Bet,The Odds API,"[""Bally Bet"", ""BetRivers"", ""Bovada"", ""FanDuel"", ""Hard Rock Bet"", ""theScore Bet""]",ALTLINE_NB_v1_2026-01-18,2.5,-125.0,DraftKings,exp/fallback,3.377,0.5741328199764835,57.4,0.5555555555555556,3.343907595767026,3.3,0.755276583181469,75.5,-3.4924365934789674,-3.5,0.5741328199764835,57.4,3.343907595767026,3.3,0.4082869508309674,40.8,18.40321574098055,18.4,0.2754270314622926,27.5,48.730596989638045,48.7,0.5,-150.0,Fanatics,exp/fallback,1.148,0.6190245560026737,61.9,0.6,3.1707593337789497,3.2,0.6190245560026737,61.9,3.1707593337789497,3.2,0.3070258331399751,30.7,45.837270741488176,45.8,0.1345562865953145,13.5,74.92317257390883,74.9,0.0545183432280819,5.5,123.52520723513582,123.5,0.5,100.0,BetOnline.ag,exp/fallback,0.906,0.5263377524442154,52.6,0.5,5.267550488843087,5.3,0.5263377524442154,52.6,5.267550488843087,5.3,0.230991574684036,23.1,38.59494481042165,38.6,0.0928720097920595,9.3,85.74401958411913,85.7,,,,,0.5,400.0,FanDuel,exp/fallback,0.2772,0.2311667976794644,23.1,0.2,15.583398839732231,15.6,0.2311667976794644,23.1,15.583398839732231,15.6,,,,,,,,,,,,,0.5,400.0,FanDuel,exp/fallback,0.26295,0.2155325501646231,21.6,0.2,7.766275082311569,7.8,0.2155325501646231,21.6,7.766275082311569,7.8,,,,,,,,,,,,,False,False,True,False,False,16.2,,Active roster,2026-10-01T17:24:42+00:00,False,"[{""market"":""Assists"",""name"":""Staff (Green Stance)"",""kind"":""STANCE"",""rule"":""Green + Assists 0.5"",""icon"":""staff.svg"",""kit_version"":""2026-09-24-frozen-v2""}]",2025-2026,,2026-09-24-frozen-v2,2026-10-01T17:24:46.238031+00:00,2026020011,8480839.0,PLAYER_ID,FINAL,0.0,L,OK,0.0,L,OK,4.0,W,OK,0.0,L,OK,0.0,L,OK,0.0,L,OK
2026-10-01,BUF@CBJ,2026020011,6:00 PM,2026-10-01T23:00:00Z,Ryan McLeod,8480802,BUF,False,"{""season"":""2026-27"",""games"":[]}",2026-27,BUF,C,,Healthy,Unknown,,,3.0,1.0,🟢 ROLE+,33.0,21.0,2026-10-01T17:24:18+00:00,CBJ,Jet Greaves,0.907732293697206,2.6006532157138063,28.1,Likely,dailyfaceoff_name_and_stats,25.25,4.0,25.25,4.0,5.4,71.9,93.2,A1+A2,17.61,72.1,79.4,1.12,NONE,False,False,27.18806953887636,2.546840541597663,70.5,66.0,9.0,2.25,True,1.0,1.375,1.2,1.07,22.0,5.0,1.0,13.0,0.0,2.0,4.0,5.0,5.0,4.0,4.0,17.0,17.0,LOW,0.5,0.0,LOW,0.25,,LOW,0.125,,LOW,0.4,,LOW,0.2,,LOW,0.1,,LOW,1.3,,LOW,0.85,,LOW,0.425,,1.9738433503733208,1.044975891374111,,,4.0,2.429802881427452,2.358189161492555,50.0,34.8,70.1,34.8,8.0,1.93,11.77,2.27,0.75,-2.3,WARM,COOL,COOL,6.07,1.52,WARM,Green,Red,Red,Green,73.0,61.0,60.0,73.0,ASSISTS,73.0,0.0,0.0,6.0,10.0,3.0,1.0,B,Distributor,8.8,,48.8,,1.0,1.5534979423868311,125.83333333333331,1.5534979423868311,0.0882091784278904,8.8,8.8,3.019470198675496,0.4863576158940397,2.980132450331125,6.161001788908766,8.642420281058873,48.8,72.0,False,,,,🅰️ D:0,,False,False,1.0,,False,0.0,,False,0.0,,1.5,163.0,BetRivers,,,,,,,,,,1.5,163.0,BetRivers,0.5,148.0,BetRivers,1.5,900.0,theScore Bet,2.5,3500.0,Fanatics,3.5,3600.0,BetOnline.ag,0.5,148.0,BetRivers,0.5,280.0,Bovada,1.5,1700.0,Fanatics,2.5,3300.0,Bovada,,,,0.5,280.0,Bovada,0.5,410.0,FanDuel,,,,,,,,,,0.5,410.0,FanDuel,0.5,410.0,FanDuel,,,,,,,,,,0.5,410.0,FanDuel,The Odds API,"[""Bally Bet"", ""BetMGM"", ""BetRivers"", ""Bovada"", ""Caesars"", ""Courtside"", ""DraftKings"", ""FanDuel"", ""Fanatics"", ""Hard Rock Bet"", ""theScore Bet""]",The Odds API,"[""Bally Bet"", ""BetMGM"", ""BetRivers"", ""Bovada"", ""Caesars"", ""Courtside"", ""DraftKings"", ""FanDuel"", ""Fanatics"", ""fanduel""]",The Odds API,"[""Bally Bet"", ""BetOnline.ag"", ""BetRivers"", ""Bovada"", ""Caesars"", ""Courtside"", ""DraftKings"", ""Fanatics"", ""Hard Rock Bet"", ""draftkings"", ""theScore Bet""]",The Odds API,"[""Bally Bet"", ""BetRivers""]",The Odds API,"[""Bally Bet"", ""BetOnline.ag"", ""BetRivers"", ""Bovada"", ""Courtside"", ""DraftKings"", ""Fanatics"", ""Hard Rock Bet"", ""draftkings"", ""theScore Bet""]",0.5,600.0,Hard Rock Bet,,,,,,,,,,0.5,600.0,Hard Rock Bet,The Odds API,"[""Bovada"", ""Hard Rock Bet"", ""theScore Bet""]",ALTLINE_NB_v1_2026-01-18,1.5,163.0,BetRivers,exp/fallback,1.177,0.3195036281482534,32.0,0.3802281368821292,-15.97054579700936,-16.0,0.3195036281482534,32.0,-15.97054579700936,-16.0,,,,,,,,,,,,,0.5,148.0,BetRivers,exp/fallback,0.8,0.5060468025940694,50.6,0.4032258064516129,25.49960704332922,25.5,0.5060468025940694,50.6,25.49960704332922,25.5,0.1973260542153627,19.7,97.32605421536276,97.3,0.0670844884930959,6.7,141.5041585751452,141.5,0.0209572672997929,2.1,-22.458110990766013,-22.5,0.5,280.0,Bovada,exp/fallback,0.607,0.4114573654565789,41.1,0.2631578947368421,56.3537988735,56.4,0.4114573654565789,41.1,56.3537988735,56.4,0.1373910983542724,13.7,147.30397703769034,147.3,0.0416729026516832,4.2,41.68786901572295,41.7,,,,,0.5,410.0,FanDuel,exp/fallback,0.1929,0.169576834276018,17.0,0.196078431372549,-13.51581451923083,-13.5,0.169576834276018,17.0,-13.51581451923083,-13.5,,,,,,,,,,,,,0.5,410.0,FanDuel,exp/fallback,0.1728374999999999,0.1510880006846762,15.1,0.196078431372549,-22.945119650815137,-22.9,0.1510880006846762,15.1,-22.945119650815137,-22.9,,,,,,,,,,,,,False,True,False,False,True,5.4,,Active roster,2026-10-01T17:24:42+00:00,False,"[{""market"":""Assists"",""name"":""Staff (Green Stance)"",""kind"":""STANCE"",""rule"":""Green + Assists 0.5"",""icon"":""staff.svg"",""kit_version"":""2026-09-24-frozen-v2""}]",2025-2026,,2026-09-24-frozen-v2,2026-10-01T17:24:46.238031+00:00,2026020011,8480802.0,PLAYER_ID,FINAL,1.0,W,OK,1.0,W,OK,0.0,L,OK,0.0,L,OK,0.0,L,OK,0.0,L,OK
2026-10-01,BUF@CBJ,2026020011,6:00 PM,2026-10-01T23:00:00Z,Sam Carrick,8475842,BUF,False,,2026-27,BUF,C,,Healthy,Unknown,,,3.0,0.0,,33.0,21.0,2026-10-01T17:24:18+00:00,CBJ,Jet Greaves,0.907732293697206,2.6006532157138063,28.1,Likely,dailyfaceoff_name_and_stats,25.25,4.0,25.25,4.0,,61.5,40.6,A1+A2,10.47,17.1,45.3,0.98,NONE,False,False,27.18806953887636,2.546840541597663,70.5,66.0,9.0,2.25,True,,,,,50.0,,,,,,,,,,,,,,,,,,,,,,,,,,,,,,,,,,,,,,,,1.139462407479548,0.2629528632645111,,,0.0,2.429802881427452,2.358189161492555,50.0,34.8,53.3,34.8,2.06,1.12,,,,,COOL,COOL,COOL,0.94,,COOL,Red,Red,Red,Red,38.0,46.0,50.0,36.0,GOAL,50.0,,,,,,,C,Passenger,0.1,,48.8,,0.0,0.0111872146118721,0.8166666666666667,0.0111872146118721,0.001068469254252,0.1,0.1,0.0,0.0,0.0,6.161001788908766,8.642420281058873,48.8,26.8,False,,,,,,False,False,0.0,,False,0.0,,False,0.0,,,,,,,,,,,,,,,,,,,,,,,,,,,,,,,,,,,,,,,,,,,,,,,0.5,750.0,theScore Bet,,,,,,,,,,0.5,750.0,theScore Bet,0.5,750.0,FanDuel,,,,,,,,,,0.5,750.0,FanDuel,The Odds API,"[""Bally Bet"", ""BetMGM"", ""BetRivers"", ""Bovada"", ""Caesars"", ""Courtside"", ""DraftKings"", ""FanDuel"", ""Fanatics"", ""Hard Rock Bet"", ""theScore Bet""]",The Odds API,"[""Bally Bet"", ""BetMGM"", ""BetRivers"", ""Bovada"", ""Caesars"", ""Courtside"", ""DraftKings"", ""FanDuel"", ""Fanatics"", ""fanduel""]",,,,,,,,,,,,,,,,,,,,,,,,ALTLINE_NB_v1_2026-01-18,,,,league_avg,2.3,,,,,,,,,,,,,,,,,,,,,,,,,exp/fallback,0.206,,,,,,,,,,,,,,,,,,,,,,,,,exp/fallback,0.094,,,,,,,,,,,,,,,,,,,,,,0.5,750.0,theScore Bet,exp/fallback,0.2248,0.1936688361762399,19.4,0.1176470588235294,64.61851074980399,64.6,0.1936688361762399,19.4,64.61851074980399,64.6,,,,,,,,,,,,,0.5,750.0,FanDuel,exp/fallback,0.1778,0.1548613585704333,15.5,0.1176470588235294,31.632154784868373,31.6,0.1548613585704333,15.5,31.632154784868373,31.6,,,,,,,,,,,,,False,False,True,True,False,,,Active roster,2026-10-01T17:24:42+00:00,False,[],2025-2026,,2026-09-24-frozen-v2,2026-10-01T17:24:46.238031+00:00,2026020011,8475842.0,PLAYER_ID,FINAL,0.0,,NO_LINE,0.0,,NO_LINE,0.0,,NO_LINE,0.0,L,OK,0.0,L,OK,0.0,,NO_LINE
2026-10-01,BUF@CBJ,2026020011,6:00 PM,2026-10-01T23:00:00Z,Tage Thompson,8479420,BUF,False,"{""season"":""2026-27"",""games"":[]}",2026-27,BUF,C,⭐ STAR,Healthy,Unknown,,,3.0,1.0,🟢 ROLE+,33.0,21.0,2026-10-01T17:24:18+00:00,CBJ,Jet Greaves,0.907732293697206,2.6006532157138063,28.1,Likely,dailyfaceoff_name_and_stats,25.25,4.0,25.25,4.0,16.2,98.4,93.9,A1+A2,19.24,83.9,93.9,1.21,STAR,False,True,27.18806953887636,2.546840541597663,70.5,66.0,9.0,2.25,True,3.0,3.0,3.8,3.28,90.7,12.0,3.0,30.0,3.0,5.0,9.0,15.0,15.0,10.0,10.0,46.0,46.0,STRONG,1.2,0.7,OK,0.75,,LOW,0.375,,STRONG,0.9,,OK,0.5,,LOW,0.25,,GOOD,3.0,,LOW,2.3,,LOW,1.15,,2.303903837057236,0.6010183922758007,,,9.0,2.429802881427452,2.358189161492555,50.0,34.8,73.5,34.8,12.31,5.57,36.08,-0.81,2.06,2.8,COOL,WARM,HOT,6.74,-2.87,COOL,Green,Yellow,Green,Green,67.0,82.0,86.0,81.0,GOAL,86.0,1.0,1.0,1.0,0.0,6.0,1.0,A,Distributor,17.2,,48.8,,2.0,3.312962962962964,268.35,3.312962962962964,0.1721590180060733,17.2,17.2,4.968138624930128,1.9273337059809947,3.5774175517048628,6.161001788908766,8.642420281058873,48.8,85.5,False,,,,🥅 D:1,,False,False,2.0,,False,0.0,,False,0.0,,1.5,-525.0,DraftKings,2.5,-170.0,Fanatics,3.5,140.0,Fanatics,4.5,320.0,Fanatics,3.5,140.0,Fanatics,0.5,-180.0,theScore Bet,1.5,275.0,theScore Bet,2.5,950.0,DraftKings,3.5,3000.0,Fanatics,0.5,-180.0,theScore Bet,0.5,125.0,Hard Rock Bet,1.5,650.0,DraftKings,2.5,2500.0,Fanatics,,,,0.5,125.0,Hard Rock Bet,0.5,170.0,FanDuel,,,,,,,,,,0.5,170.0,FanDuel,0.5,170.0,FanDuel,,,,,,,,,,0.5,170.0,FanDuel,The Odds API,"[""Bally Bet"", ""BetMGM"", ""BetRivers"", ""Bovada"", ""Caesars"", ""Courtside"", ""DraftKings"", ""FanDuel"", ""Fanatics"", ""Hard Rock Bet"", ""fanduel"", ""theScore Bet""]",The Odds API,"[""Bally Bet"", ""BetMGM"", ""BetRivers"", ""Bovada"", ""Caesars"", ""Courtside"", ""DraftKings"", ""FanDuel"", ""Fanatics"", ""fanduel""]",The Odds API,"[""Bally Bet"", ""BetOnline.ag"", ""BetRivers"", ""Bovada"", ""Caesars"", ""Courtside"", ""DraftKings"", ""FanDuel"", ""Fanatics"", ""Hard Rock Bet"", ""draftkings"", ""theScore Bet""]",The Odds API,"[""Bally Bet"", ""BetOnline.ag"", ""BetRivers"", ""Bovada"", ""Caesars"", ""Courtside"", ""DraftKings"", ""FanDuel"", ""Fanatics"", ""Hard Rock Bet"", ""draftkings"", ""fanduel"", ""theScore Bet""]",The Odds API,"[""Bally Bet"", ""BetOnline.ag"", ""BetRivers"", ""Bovada"", ""Courtside"", ""DraftKings"", ""FanDuel"", ""Fanatics"", ""Hard Rock Bet"", ""draftkings"", ""theScore Bet""]",0.5,200.0,FanDuel,1.5,800.0,Bovada,,,,,,,0.5,200.0,FanDuel,The Odds API,"[""Bally Bet"", ""BetRivers"", ""Bovada"", ""FanDuel"", ""Hard Rock Bet"", ""theScore Bet""]",ALTLINE_NB_v1_2026-01-18,3.5,140.0,Fanatics,exp/fallback,3.608,0.4437942207904474,44.4,0.4166666666666667,6.510612989707365,6.5,0.7786400562138562,77.9,-7.304755212636163,-7.3,0.6067898730041089,60.7,-3.627490758170937,-3.6,0.4437942207904474,44.4,6.510612989707365,6.5,0.3085215409695931,30.9,29.57904720722913,29.6,0.5,-180.0,theScore Bet,exp/fallback,1.231,0.6407097713645287,64.1,0.6428571428571429,-0.3340355655177596,-0.3,0.6407097713645287,64.1,-0.3340355655177596,-0.3,0.3316024075945561,33.2,24.350902847958565,24.4,0.1520971930433701,15.2,59.70205269553861,59.7,0.0645849771131498,6.5,100.2134290507644,100.2,0.5,125.0,Hard Rock Bet,exp/fallback,0.674,0.440581034913897,44.1,0.4444444444444444,-0.8692671443731759,-0.9,0.440581034913897,44.1,-0.8692671443731759,-0.9,0.1585702776453603,15.9,18.92770823402026,18.9,0.05194616560404,5.2,35.06003057050422,35.1,,,,,0.5,170.0,FanDuel,exp/fallback,0.4028,0.3116532984937359,31.2,0.3703703703703703,-15.853609406691303,-15.9,0.3116532984937359,31.2,-15.853609406691303,-15.9,,,,,,,,,,,,,0.5,170.0,FanDuel,exp/fallback,0.46705,0.3349354290645288,33.5,0.3703703703703703,-9.567434152577237,-9.6,0.3349354290645288,33.5,-9.567434152577237,-9.6,,,,,,,,,,,,,False,False,False,False,False,16.2,,Active roster,2026-10-01T17:24:42+00:00,False,"[{""market"":""Assists"",""name"":""Staff (Green Stance)"",""kind"":""STANCE"",""rule"":""Green + Assists 0.5"",""icon"":""staff.svg"",""kit_version"":""2026-09-24-frozen-v2""}]",2025-2026,,2026-09-24-frozen-v2,2026-10-01T17:24:46.238031+00:00,2026020011,8479420.0,PLAYER_ID,FINAL,0.0,L,OK,0.0,L,OK,4.0,W,OK,0.0,L,OK,0.0,L,OK,0.0,L,OK
2026-10-01,BUF@CBJ,2026020011,6:00 PM,2026-10-01T23:00:00Z,Tyson Kozak,8482896,BUF,False,,2026-27,BUF,C,,Healthy,Unknown,,,3.0,0.0,,33.0,21.0,2026-10-01T17:24:18+00:00,CBJ,Jet Greaves,0.907732293697206,2.6006532157138063,28.1,Likely,dailyfaceoff_name_and_stats,25.25,4.0,25.25,4.0,,36.1,31.9,A1+A2,11.28,22.8,32.0,0.94,NONE,False,False,27.18806953887636,2.546840541597663,70.5,66.0,9.0,2.25,True,,,,,50.0,,,,,,,,,,,,,,,,,,,,,,,,,,,,,,,,,,,,,,,,0.5253557095950383,0.2626778547975191,,,0.0,2.429802881427452,2.358189161492555,50.0,34.8,38.8,34.8,1.47,0.65,,,,,COOL,COOL,COOL,0.82,,COOL,Red,Red,Red,Red,33.0,33.0,33.0,28.0,POINTS,33.0,,,,,,,C,Passenger,0.5,,48.8,,0.0,0.0554347826086956,2.55,0.0554347826086956,0.0049164524421593,0.5,0.5,0.0,0.0,0.0,6.161001788908766,8.642420281058873,48.8,35.5,False,,,,,,False,False,0.0,,False,0.0,,False,0.0,,,,,,,,,,,,,,,,,,,,,,,,,,,,,,,,,,,,,,,,,,,,,,,,,,,,,,,,,,,,,,,,,,,,,,,,,,,,,,,,,,,,,,,,,,,,,,,,,,,,,,,,ALTLINE_NB_v1_2026-01-18,,,,league_avg,2.3,,,,,,,,,,,,,,,,,,,,,,,,,exp/fallback,0.147,,,,,,,,,,,,,,,,,,,,,,,,,exp/fallback,0.0819999999999999,,,,,,,,,,,,,,,,,,,,,,,,,exp/fallback,0.206,,,,,,,,,,,,,,,,,,,,,,,,,exp/fallback,0.14725,,,,,,,,,,,,,,,,,,,,,,False,False,False,False,False,,,Active roster,2026-10-01T17:24:42+00:00,False,[],2025-2026,,2026-09-24-frozen-v2,2026-10-01T17:24:46.238031+00:00,2026020011,,,NO_PLAYER,,,NO_PLAYER,,,NO_PLAYER,,,NO_PLAYER,,,NO_PLAYER,,,NO_PLAYER,,,NO_PLAYER
2026-10-01,BUF@CBJ,2026020011,6:00 PM,2026-10-01T23:00:00Z,Zach Benson,8484145,BUF,False,"{""season"":""2026-27"",""games"":[]}",2026-27,BUF,L,,Healthy,Unknown,,,3.0,0.0,,33.0,21.0,2026-10-01T17:24:18+00:00,CBJ,Jet Greaves,0.907732293697206,2.6006532157138063,28.1,Likely,dailyfaceoff_name_and_stats,25.25,4.0,25.25,4.0,8.1,82.0,85.3,A1+A2,15.89,57.2,78.2,1.11,NONE,False,False,27.18806953887636,2.546840541597663,70.5,66.0,9.0,2.25,True,1.5,1.75,2.6,1.885,58.9,9.0,5.0,21.0,2.0,1.0,4.0,9.0,9.0,4.0,4.0,26.0,26.0,GOOD,0.9,0.4,LOW,0.45,,LOW,0.225,,LOW,0.4,,LOW,0.2,,LOW,0.1,,LOW,2.1,,LOW,1.3,,LOW,0.65,,2.1436652706377406,0.8574661082550962,,,4.0,2.429802881427452,2.358189161492555,50.0,34.8,71.7,34.8,8.12,2.99,18.85,-0.88,-2.01,-2.15,COOL,COOL,COOL,5.14,1.14,COOL,Yellow,Red,Yellow,Yellow,58.0,62.0,66.0,67.0,ASSISTS,67.0,1.0,1.0,1.0,1.0,2.0,3.0,B,Distributor,10.5,,48.8,,1.0,1.6705128205128204,108.58333333333331,1.6705128205128204,0.1051416951778451,10.5,10.5,2.5832693783576364,0.9393706830391404,1.933998465080584,6.161001788908766,8.642420281058873,48.8,67.9,False,,,,🅰️ D:1,,False,False,0.0,,False,0.0,,False,0.0,,1.5,-162.0,BetRivers,2.5,172.0,FanDuel,3.5,450.0,FanDuel,4.5,1000.0,Fanatics,1.5,-162.0,BetRivers,0.5,105.0,DraftKings,1.5,550.0,DraftKings,2.5,1900.0,Fanatics,3.5,4300.0,BetOnline.ag,0.5,105.0,DraftKings,0.5,200.0,Bovada,1.5,1300.0,DraftKings,2.5,3300.0,Bovada,,,,0.5,200.0,Bovada,0.5,310.0,DraftKings,,,,,,,,,,0.5,310.0,DraftKings,0.5,310.0,DraftKings,,,,,,,,,,0.5,310.0,DraftKings,The Odds API,"[""Bally Bet"", ""BetMGM"", ""BetRivers"", ""Bovada"", ""Caesars"", ""Courtside"", ""DraftKings"", ""FanDuel"", ""Fanatics"", ""Hard Rock Bet"", ""fanduel"", ""theScore Bet""]",The Odds API,"[""Bally Bet"", ""BetMGM"", ""BetRivers"", ""Bovada"", ""Caesars"", ""Courtside"", ""DraftKings"", ""FanDuel"", ""Fanatics"", ""betrivers""]",The Odds API,"[""Bally Bet"", ""BetOnline.ag"", ""BetRivers"", ""Bovada"", ""Caesars"", ""Courtside"", ""DraftKings"", ""FanDuel"", ""Fanatics"", ""Hard Rock Bet"", ""draftkings"", ""theScore Bet""]",The Odds API,"[""Bally Bet"", ""BetOnline.ag"", ""BetRivers"", ""Bovada"", ""Caesars"", ""Courtside"", ""DraftKings"", ""FanDuel"", ""Fanatics"", ""Hard Rock Bet"", ""theScore Bet""]",The Odds API,"[""Bally Bet"", ""BetOnline.ag"", ""BetRivers"", ""Bovada"", ""Courtside"", ""DraftKings"", ""FanDuel"", ""Fanatics"", ""Hard Rock Bet"", ""draftkings"", ""theScore Bet""]",0.5,295.0,BetRivers,1.5,1000.0,Bovada,,,,,,,0.5,295.0,BetRivers,The Odds API,"[""Bally Bet"", ""BetRivers"", ""Bovada"", ""FanDuel"", ""Hard Rock Bet"", ""theScore Bet""]",ALTLINE_NB_v1_2026-01-18,1.5,-162.0,BetRivers,exp/fallback,1.885,0.513120012587422,51.3,0.6183206106870229,-17.01392389018237,-17.0,0.513120012587422,51.3,-17.01392389018237,-17.0,0.2941503892482116,29.4,-19.99109412448645,-20.0,0.1538758811787428,15.4,-15.368265351691434,-15.4,0.0752470734482144,7.5,-17.22821920696409,-17.2,0.5,105.0,DraftKings,exp/fallback,0.8119999999999999,0.5106484644021948,51.1,0.4878048780487805,4.682935202449934,4.7,0.5106484644021948,51.1,4.682935202449934,4.7,0.201231358884816,20.1,30.80038327513041,30.8,0.0691713094111552,6.9,38.34261882231047,38.3,0.0218537336717996,2.2,-3.843571844081506,-3.8,0.5,200.0,Bovada,exp/fallback,0.514,0.3671082352509321,36.7,0.3333333333333333,10.132470575279651,10.1,0.3671082352509321,36.7,10.132470575279651,10.1,0.1083123982731908,10.8,51.63735758246717,51.6,0.0289442239256019,2.9,-1.5896386529534734,-1.6,,,,,0.5,310.0,DraftKings,exp/fallback,0.25466,0.215342708483696,21.5,0.2439024390243902,-11.709489521684604,-11.7,0.215342708483696,21.5,-11.709489521684604,-11.7,,,,,,,,,,,,,0.5,310.0,DraftKings,exp/fallback,0.2544475,0.2098019026940235,21.0,0.2439024390243902,-13.981219895450348,-14.0,0.2098019026940235,21.0,-13.981219895450348,-14.0,,,,,,,,,,,,,False,False,False,False,True,8.1,,Active roster,2026-10-01T17:24:42+00:00,False,[],2025-2026,,2026-09-24-frozen-v2,2026-10-01T17:24:46.238031+00:00,2026020011,8484145.0,PLAYER_ID,FINAL,1.0,W,OK,1.0,W,OK,1.0,L,OK,0.0,L,OK,0.0,L,OK,0.0,L,OK
2026-10-01,BUF@CBJ,2026020011,6:00 PM,2026-10-01T23:00:00Z,Zach Metsa,8484305,BUF,False,,2026-27,BUF,D,,Healthy,Unknown,,,3.0,0.0,,33.0,21.0,2026-10-01T17:24:18+00:00,CBJ,Jet Greaves,0.907732293697206,2.6006532157138063,28.1,Likely,dailyfaceoff_name_and_stats,25.25,4.0,25.25,4.0,,24.7,31.9,A1+A2,10.97,21.4,26.6,0.94,NONE,False,False,27.18806953887636,2.546840541597663,70.5,66.0,9.0,2.25,True,,,,,50.0,,,,,,,,,,,,,,,,,,,,,,,,,,,,,,,,,,,,,,,,0.7989052039797315,0.0,,,0.0,2.429802881427452,2.358189161492555,50.0,34.8,45.2,34.8,1.16,0.28,,,,,COOL,COOL,COOL,0.87,,COOL,Red,Red,Red,Red,33.0,27.0,26.0,28.0,POINTS,33.0,,,,,,,C,Passenger,0.3,,48.8,,0.0,0.0375968992248062,1.6166666666666667,0.0375968992248062,0.0034279252217549,0.3,0.3,0.0,0.0,0.0,6.161001788908766,8.642420281058873,48.8,32.3,False,,,,,,False,False,0.0,,False,0.0,,False,0.0,,,,,,,,,,,,,,,,,,,,,,,,,,,,,,,,,,,,,,,,,,,,,,,0.5,1400.0,Hard Rock Bet,,,,,,,,,,0.5,1400.0,Hard Rock Bet,0.5,950.0,DraftKings,,,,,,,,,,0.5,950.0,DraftKings,The Odds API,"[""Bally Bet"", ""BetMGM"", ""BetRivers"", ""Bovada"", ""Caesars"", ""Courtside"", ""DraftKings"", ""Fanatics"", ""Hard Rock Bet"", ""theScore Bet""]",The Odds API,"[""Bally Bet"", ""BetMGM"", ""BetRivers"", ""Bovada"", ""Caesars"", ""Courtside"", ""DraftKings"", ""Fanatics"", ""betrivers""]",,,,,,,,,,,,,,,,,,,,,,,,ALTLINE_NB_v1_2026-01-18,,,,league_avg,2.3,,,,,,,,,,,,,,,,,,,,,,,,,exp/fallback,0.1159999999999999,,,,,,,,,,,,,,,,,,,,,,,,,exp/fallback,0.087,,,,,,,,,,,,,,,,,,,,,,0.5,1400.0,Hard Rock Bet,exp/fallback,0.1911999999999999,0.1682647910636237,16.8,0.0666666666666666,152.39718659543553,152.4,0.1682647910636237,16.8,152.39718659543553,152.4,,,,,,,,,,,,,0.5,950.0,DraftKings,exp/fallback,0.1232,0.1117620033388435,11.2,0.0952380952380952,17.35010350578574,17.4,0.1117620033388435,11.2,17.35010350578574,17.4,,,,,,,,,,,,,False,False,True,True,False,,,Active roster,2026-10-01T17:24:42+00:00,False,[],2025-2026,,2026-09-24-frozen-v2,2026-10-01T17:24:46.238031+00:00,2026020011,8484305.0,PLAYER_ID,FINAL,0.0,,NO_LINE,0.0,,NO_LINE,0.0,,NO_LINE,0.0,L,OK,0.0,L,OK,0.0,,NO_LINE
2026-10-01,BUF@CBJ,2026020011,6:00 PM,2026-10-01T23:00:00Z,Adam Fantilli,8484166,CBJ,False,"{""season"":""2026-27"",""games"":[]}",2026-27,CBJ,C,⭐ STAR,Healthy,Unknown,,,4.0,1.0,🟢 ROLE+,33.0,21.0,2026-10-01T17:24:18+00:00,BUF,Ukko-Pekka Luukkonen,0.9087003222341568,2.5150822744234214,24.4,Confirmed,dailyfaceoff_name_and_stats,25.75,4.0,25.75,4.0,12.2,94.6,89.9,A1+A2,18.9,81.5,90.3,1.2,STAR,False,True,27.618301283983364,2.6307553197902225,96.9,78.8,10.0,2.5,True,2.5,2.25,2.4,2.465,78.5,6.0,3.0,23.0,2.0,2.0,3.0,15.0,33.0,9.0,21.0,51.0,98.0,OK,0.6,0.1,OK,0.75,,GOOD,0.825,,LOW,0.3,,OK,0.45,,OK,0.525,,LOW,2.3,,OK,2.55,,LOW,2.45,,1.6101449656660265,0.4735720487253019,,,3.0,2.551484233915598,2.366785116882901,50.0,52.0,64.0,52.0,10.03,4.42,27.12,3.12,1.02,1.65,HOT,COOL,WARM,5.61,2.1,WARM,Yellow,Red,Green,Yellow,76.0,80.0,81.0,76.0,GOAL,81.0,1.0,2.0,1.0,1.0,1.0,2.0,A,Hybrid,13.1,,39.4,,2.0,2.467479674796748,202.3333333333333,2.467479674796748,0.1305376344086021,13.1,13.1,3.247116968698517,1.4827018121911038,2.0757825370675453,6.9164855634896,7.411088819989057,39.4,67.6,False,,,,🥅 D:1,,False,False,1.0,,False,0.0,,False,0.0,,1.5,-278.0,BetOnline.ag,2.5,100.0,Hard Rock Bet,3.5,255.0,Bovada,4.5,575.0,Bovada,2.5,100.0,Hard Rock Bet,0.5,-132.0,theScore Bet,1.5,375.0,theScore Bet,2.5,1200.0,Caesars,3.5,4000.0,Fanatics,0.5,-132.0,theScore Bet,0.5,155.0,Hard Rock Bet,1.5,950.0,DraftKings,2.5,4000.0,Fanatics,,,,0.5,155.0,Hard Rock Bet,0.5,200.0,theScore Bet,,,,,,,,,,0.5,200.0,theScore Bet,0.5,190.0,FanDuel,,,,,,,,,,0.5,190.0,FanDuel,The Odds API,"[""Bally Bet"", ""BetMGM"", ""BetRivers"", ""Bovada"", ""Caesars"", ""Courtside"", ""DraftKings"", ""FanDuel"", ""Fanatics"", ""Hard Rock Bet"", ""fanduel"", ""theScore Bet""]",The Odds API,"[""Bally Bet"", ""BetMGM"", ""BetRivers"", ""Bovada"", ""Caesars"", ""Courtside"", ""DraftKings"", ""FanDuel"", ""Fanatics"", ""caesars""]",The Odds API,"[""Bally Bet"", ""BetOnline.ag"", ""BetRivers"", ""Bovada"", ""Caesars"", ""Courtside"", ""DraftKings"", ""FanDuel"", ""Fanatics"", ""Hard Rock Bet"", ""draftkings"", ""theScore Bet""]",The Odds API,"[""Bally Bet"", ""BetOnline.ag"", ""BetRivers"", ""Bovada"", ""Caesars"", ""Courtside"", ""DraftKings"", ""FanDuel"", ""Fanatics"", ""Hard Rock Bet"", ""draftkings"", ""theScore Bet""]",The Odds API,"[""Bally Bet"", ""BetOnline.ag"", ""BetRivers"", ""Bovada"", ""Courtside"", ""DraftKings"", ""FanDuel"", ""Fanatics"", ""Hard Rock Bet"", ""draftkings"", ""theScore Bet""]",0.5,250.0,FanDuel,1.5,900.0,Bovada,,,,,,,0.5,250.0,FanDuel,The Odds API,"[""Bally Bet"", ""BetRivers"", ""Bovada"", ""FanDuel"", ""Hard Rock Bet"", ""theScore Bet""]",ALTLINE_NB_v1_2026-01-18,2.5,100.0,Hard Rock Bet,exp/fallback,2.712,0.464082668262146,46.4,0.5,-7.183466347570788,-7.2,0.6700069921693282,67.0,-8.898329841724435,-8.9,0.464082668262146,46.4,-7.183466347570788,-7.2,0.2976742158079511,29.8,5.674346611822656,5.7,0.1800081676333967,18.0,21.50551315254282,21.5,0.5,-132.0,theScore Bet,exp/fallback,1.003,0.5766953096967932,57.7,0.5689655172413793,1.3585695830727385,1.4,0.5766953096967932,57.7,1.3585695830727385,1.4,0.2624400235311319,26.2,24.65901117728767,24.7,0.1049634792756959,10.5,36.45252305840472,36.5,0.0387154362449805,3.9,58.73328860442017,58.7,0.5,155.0,Hard Rock Bet,exp/fallback,0.561,0.3901249954068788,39.0,0.392156862745098,-0.5181261712458918,-0.5,0.3901249954068788,39.0,-0.5181261712458918,-0.5,0.1229325880841604,12.3,29.079217488368425,29.1,0.0351378162129899,3.5,44.06504647325878,44.1,,,,,0.5,200.0,theScore Bet,exp/fallback,0.3568,0.2836084927027947,28.4,0.3333333333333333,-14.917452189161573,-14.9,0.2836084927027947,28.4,-14.917452189161573,-14.9,,,,,,,,,,,,,0.5,190.0,FanDuel,exp/fallback,0.3923,0.2949123890892724,29.5,0.3448275862068966,-14.475407164110996,-14.5,0.2949123890892724,29.5,-14.475407164110996,-14.5,,,,,,,,,,,,,False,False,False,False,False,12.2,,Active roster,2026-10-01T17:24:42+00:00,False,[],2025-2026,,2026-09-24-frozen-v2,2026-10-01T17:24:46.238031+00:00,2026020011,8484166.0,PLAYER_ID,FINAL,1.0,W,OK,0.0,L,OK,2.0,L,OK,1.0,W,OK,1.0,W,OK,0.0,L,OK
2026-10-01,BUF@CBJ,2026020011,6:00 PM,2026-10-01T23:00:00Z,Carson Soucy,8477369,NYI,True,,2026-27,CBJ,D,,Healthy,Unknown,,,4.0,0.0,,33.0,21.0,2026-10-01T17:24:18+00:00,BUF,Ukko-Pekka Luukkonen,0.9087003222341568,2.5150822744234214,24.4,Confirmed,dailyfaceoff_name_and_stats,25.75,4.0,25.75,4.0,,37.3,40.6,A1+A2,16.52,61.9,43.4,0.97,NONE,False,False,27.618301283983364,2.6307553197902225,96.9,78.8,10.0,2.5,True,,,,,50.0,,,,,,,,,,,,,,,,,,,,,,,,,,,,,,,,,,,,,,,,0.58985625977508,0.1608698890295672,,,0.0,2.551484233915598,2.366785116882901,50.0,52.0,39.6,52.0,1.33,0.44,,,,,COOL,COOL,COOL,0.9,,COOL,Red,Red,Red,Red,43.0,39.0,37.0,38.0,POINTS,43.0,,,,,,,,Passenger,0.2,,39.4,,,0.0307017543859649,2.333333333333333,0.0307017543859649,0.001858538657604,0.2,0.2,0.0,0.0,0.0,6.9164855634896,7.411088819989057,39.4,23.7,False,,,,,,False,False,0.0,,False,0.0,,False,0.0,,,,,,,,,,,,,,,,,,,,,,,,,,,,,,,,,,,,,,,,,,,,,,,0.5,1300.0,DraftKings,,,,,,,,,,0.5,1300.0,DraftKings,0.5,1300.0,DraftKings,,,,,,,,,,0.5,1300.0,DraftKings,The Odds API,"[""Bally Bet"", ""BetMGM"", ""BetRivers"", ""Bovada"", ""Caesars"", ""Courtside"", ""DraftKings"", ""Fanatics"", ""Hard Rock Bet"", ""theScore Bet""]",The Odds API,"[""Bally Bet"", ""BetMGM"", ""BetRivers"", ""Bovada"", ""Caesars"", ""Courtside"", ""DraftKings"", ""Fanatics"", ""fanatics""]",,,,,,,,,,,,,,,,,,,,,,,,ALTLINE_NB_v1_2026-01-18,,,,league_avg,2.3,,,,,,,,,,,,,,,,,,,,,,,,,exp/fallback,0.133,,,,,,,,,,,,,,,,,,,,,,,,,exp/fallback,0.09,,,,,,,,,,,,,,,,,,,,,,0.5,1300.0,DraftKings,exp/fallback,0.1976,0.1731892029166272,17.3,0.0714285714285714,142.46488408327812,142.5,0.1731892029166272,17.3,142.46488408327812,142.5,,,,,,,,,,,,,0.5,1300.0,DraftKings,exp/fallback,0.1336,0.120247328784536,12.0,0.0714285714285714,68.34626029835044,68.3,0.120247328784536,12.0,68.34626029835044,68.3,,,,,,,,,,,,,False,False,True,True,False,,,Active roster,2026-10-01T17:24:42+00:00,False,[],2025-2026,,2026-09-24-frozen-v2,2026-10-01T17:24:46.238031+00:00,2026020011,8477369.0,PLAYER_ID,FINAL,0.0,,NO_LINE,0.0,,NO_LINE,2.0,,NO_LINE,0.0,L,OK,0.0,L,OK,0.0,,NO_LINE
2026-10-01,BUF@CBJ,2026020011,6:00 PM,2026-10-01T23:00:00Z,Charlie Coyle,8475745,CBJ,False,"{""season"":""2026-27"",""games"":[]}",2026-27,CBJ,C,,Healthy,Unknown,,,4.0,1.0,🟢 ROLE+,33.0,21.0,2026-10-01T17:24:18+00:00,BUF,Ukko-Pekka Luukkonen,0.9087003222341568,2.5150822744234214,24.4,Confirmed,dailyfaceoff_name_and_stats,25.75,4.0,25.75,4.0,4.9,92.5,92.1,A1+A2,18.1,76.2,89.1,1.16,NONE,False,False,27.618301283983364,2.6307553197902225,96.9,78.8,10.0,2.5,True,1.0,1.25,2.6,1.56,43.9,3.0,3.0,16.0,2.0,0.0,0.0,9.0,33.0,5.0,19.0,30.0,87.0,LOW,0.3,-0.2,LOW,0.45,,GOOD,0.825,,LOW,0.0,,LOW,0.25,,OK,0.475,,LOW,1.6,,LOW,1.5,,LOW,2.175,,2.242641333125681,1.0652546332346986,,,0.0,2.551484233915598,2.366785116882901,50.0,52.0,72.7,52.0,9.61,3.73,17.16,5.74,0.39,-0.4,HOT,COOL,COOL,5.9,5.36,HOT,Green,Red,Red,Green,81.0,71.0,75.0,85.0,ASSISTS,85.0,2.0,10.0,2.0,1.0,2.0,2.0,A,Hybrid,10.7,,39.4,,2.0,1.9369918699186992,158.83333333333334,1.9369918699186992,0.1070269420392394,10.7,10.7,3.97208814270724,2.206086044071353,2.0776495278069254,6.9164855634896,7.411088819989057,39.4,64.2,False,,,,🅰️ D:10,,False,False,2.0,,False,0.0,,False,0.0,,1.5,-110.0,Fanatics,2.5,290.0,Fanatics,3.5,750.0,Fanatics,4.5,1900.0,Fanatics,1.5,-110.0,Fanatics,0.5,115.0,theScore Bet,1.5,550.0,theScore Bet,2.5,2200.0,Fanatics,3.5,3100.0,BetOnline.ag,0.5,115.0,theScore Bet,0.5,205.0,Bovada,1.5,1200.0,DraftKings,2.5,3300.0,Bovada,,,,0.5,205.0,Bovada,0.5,350.0,BetRivers,,,,,,,,,,0.5,350.0,BetRivers,0.5,350.0,BetRivers,,,,,,,,,,0.5,350.0,BetRivers,The Odds API,"[""Bally Bet"", ""BetMGM"", ""BetRivers"", ""Bovada"", ""Caesars"", ""Courtside"", ""DraftKings"", ""FanDuel"", ""Fanatics"", ""Hard Rock Bet"", ""theScore Bet""]",The Odds API,"[""Bally Bet"", ""BetMGM"", ""BetRivers"", ""Bovada"", ""Caesars"", ""Courtside"", ""DraftKings"", ""FanDuel"", ""Fanatics"", ""betrivers""]",The Odds API,"[""Bally Bet"", ""BetOnline.ag"", ""BetRivers"", ""Bovada"", ""Caesars"", ""Courtside"", ""DraftKings"", ""FanDuel"", ""Fanatics"", ""Hard Rock Bet"", ""draftkings"", ""theScore Bet""]",The Odds API,"[""Bally Bet"", ""BetOnline.ag"", ""BetRivers"", ""Bovada"", ""Caesars"", ""Courtside"", ""DraftKings"", ""Fanatics"", ""Hard Rock Bet"", ""theScore Bet""]",The Odds API,"[""Bally Bet"", ""BetOnline.ag"", ""BetRivers"", ""Bovada"", ""Courtside"", ""DraftKings"", ""FanDuel"", ""Fanatics"", ""Hard Rock Bet"", ""draftkings"", ""theScore Bet""]",0.5,330.0,FanDuel,,,,,,,,,,0.5,330.0,FanDuel,The Odds API,"[""Bally Bet"", ""BetRivers"", ""Bovada"", ""FanDuel"", ""Hard Rock Bet"", ""theScore Bet""]",ALTLINE_NB_v1_2026-01-18,1.5,-110.0,Fanatics,exp/fallback,1.716,0.4722120071410062,47.2,0.5238095238095238,-9.850435000353365,-9.9,0.4722120071410062,47.2,-9.850435000353365,-9.9,0.2560789424638006,25.6,-0.1292124391177762,-0.1,0.1263083549949115,12.6,7.362101745674821,7.4,0.0581311201857663,5.8,16.262240371532766,16.3,0.5,115.0,theScore Bet,exp/fallback,0.961,0.5632549931019015,56.3,0.4651162790697674,21.09982351690882,21.1,0.5632549931019015,56.3,21.09982351690882,21.1,0.249181620385867,24.9,61.96805325081354,62.0,0.096727888170075,9.7,122.4741427911726,122.5,0.0346025312099624,3.5,10.728099871879948,10.7,0.5,205.0,Bovada,exp/fallback,0.5900000000000001,0.403705967412531,40.4,0.3278688524590163,23.13032006082196,23.1,0.403705967412531,40.4,23.13032006082196,23.1,0.132035327083105,13.2,71.64592520803657,71.6,0.0392057839589575,3.9,33.29966546045576,33.3,,,,,0.5,350.0,BetRivers,exp/fallback,0.27982,0.2329770941324707,23.3,0.2222222222222222,4.8396923596118135,4.8,0.2329770941324707,23.3,4.8396923596118135,4.8,,,,,,,,,,,,,0.5,350.0,BetRivers,exp/fallback,0.2953325,0.236742812295927,23.7,0.2222222222222222,6.5342655331671935,6.5,0.236742812295927,23.7,6.5342655331671935,6.5,,,,,,,,,,,,,False,True,False,False,True,4.9,,Active roster,2026-10-01T17:24:42+00:00,False,"[{""market"":""Points"",""name"":""Hammer Fists"",""kind"":""FLOOR"",""rule"":""Conf_Points >= 80"",""icon"":""PTS05_HAMMER_FISTS.svg"",""kit_version"":""2026-09-24-frozen-v2""},{""market"":""Assists"",""name"":""Staff (Green Stance)"",""kind"":""STANCE"",""rule"":""Green + Assists 0.5"",""icon"":""staff.svg"",""kit_version"":""2026-09-24-frozen-v2""},{""market"":""Assists"",""name"":""Staff Awakened"",""kind"":""STANCE"",""rule"":""Green + Assists 0.5 + Conf_Assists ≥ 83"",""icon"":""staff.svg"",""kit_version"":""2026-09-24-frozen-v2""}]",2025-2026,,2026-09-24-frozen-v2,2026-10-01T17:24:46.238031+00:00,2026020011,8475745.0,PLAYER_ID,FINAL,3.0,W,OK,3.0,W,OK,0.0,L,OK,0.0,L,OK,0.0,L,OK,1.0,W,OK
2026-10-01,BUF@CBJ,2026020011,6:00 PM,2026-10-01T23:00:00Z,Cole Sillinger,8482705,CBJ,False,"{""season"":""2026-27"",""games"":[]}",2026-27,CBJ,C,,Healthy,Unknown,,,4.0,0.0,,33.0,21.0,2026-10-01T17:24:18+00:00,BUF,Ukko-Pekka Luukkonen,0.9087003222341568,2.5150822744234214,24.4,Confirmed,dailyfaceoff_name_and_stats,25.75,4.0,25.75,4.0,4.9,76.6,79.4,A1+A2,15.22,52.5,72.8,1.09,NONE,False,False,27.618301283983364,2.6307553197902225,96.9,78.8,10.0,2.5,True,1.0,1.375,1.6,1.21,30.5,1.0,1.0,15.0,0.0,0.0,0.0,7.0,13.0,5.0,10.0,30.0,60.0,LOW,0.1,-0.4,LOW,0.35,,LOW,0.325,,LOW,0.0,,LOW,0.25,,LOW,0.25,,LOW,1.5,,LOW,1.5,,LOW,1.5,,1.3074862668543152,0.4903073500703682,,,0.0,2.551484233915598,2.366785116882901,50.0,52.0,58.1,52.0,5.38,2.01,12.1,4.38,1.01,-2.9,HOT,COOL,COOL,3.37,3.37,HOT,Yellow,Red,Red,Yellow,77.0,56.0,62.0,70.0,POINTS,77.0,9.0,10.0,9.0,2.0,0.0,10.0,C,Passenger,1.8,,39.4,,0.0,0.2726337448559671,22.08333333333333,0.2726337448559671,0.0179116987049503,1.8,1.8,2.547169811320755,0.8150943396226416,2.037735849056604,6.9164855634896,7.411088819989057,39.4,50.8,False,,,,🅿️ D:9,,False,False,1.0,,False,0.0,,False,0.0,,1.5,-103.0,BetRivers,,,,,,,,,,1.5,-103.0,BetRivers,0.5,195.0,BetRivers,,,,,,,,,,0.5,195.0,BetRivers,,,,,,,,,,,,,,,,0.5,475.0,DraftKings,,,,,,,,,,0.5,475.0,DraftKings,0.5,475.0,DraftKings,,,,,,,,,,0.5,475.0,DraftKings,The Odds API,"[""Bally Bet"", ""BetMGM"", ""BetRivers"", ""Bovada"", ""Caesars"", ""Courtside"", ""DraftKings"", ""FanDuel"", ""Fanatics"", ""Hard Rock Bet"", ""theScore Bet""]",The Odds API,"[""Bally Bet"", ""BetMGM"", ""BetRivers"", ""Bovada"", ""Caesars"", ""Courtside"", ""DraftKings"", ""FanDuel"", ""Fanatics"", ""betmgm""]",The Odds API,"[""Bally Bet"", ""BetRivers""]",The Odds API,"[""Bally Bet"", ""BetRivers""]",,,,,,,,,,,,,,,,,,,,ALTLINE_NB_v1_2026-01-18,1.5,-103.0,BetRivers,exp/fallback,1.21,0.329779958148648,33.0,0.5073891625615764,-35.004532520217914,-35.0,0.329779958148648,33.0,-35.004532520217914,-35.0,,,,,,,,,,,,,0.5,195.0,BetRivers,exp/fallback,0.538,0.3891628575898177,38.9,0.3389830508474576,14.803042988996229,14.8,0.3891628575898177,38.9,14.803042988996229,14.8,,,,,,,,,,,,,,,,exp/fallback,0.337,,,,,,,,,,,,,,,,,,,,,,0.5,475.0,DraftKings,exp/fallback,0.1952999999999999,0.1714242026592288,17.1,0.1739130434782608,-1.4310834709434062,-1.4,0.1714242026592288,17.1,-1.4310834709434062,-1.4,,,,,,,,,,,,,0.5,475.0,DraftKings,exp/fallback,0.1767375,0.1540557920020239,15.4,0.1739130434782608,-11.417919598836257,-11.4,0.1540557920020239,15.4,-11.417919598836257,-11.4,,,,,,,,,,,,,False,True,False,False,False,4.9,,Active roster,2026-10-01T17:24:42+00:00,False,[],2025-2026,,2026-09-24-frozen-v2,2026-10-01T17:24:46.238031+00:00,2026020011,8482705.0,PLAYER_ID,FINAL,1.0,W,OK,0.0,,NO_LINE,3.0,W,OK,1.0,W,OK,1.0,W,OK,0.0,,NO_LINE
2026-10-01,BUF@CBJ,2026020011,6:00 PM,2026-10-01T23:00:00Z,Conor Garland,8478856,CBJ,False,"{""season"":""2026-27"",""games"":[]}",2026-27,CBJ,R,,Healthy,Unknown,,,4.0,0.0,,33.0,21.0,2026-10-01T17:24:18+00:00,BUF,Ukko-Pekka Luukkonen,0.9087003222341568,2.5150822744234214,24.4,Confirmed,dailyfaceoff_name_and_stats,25.75,4.0,25.75,4.0,4.9,75.6,72.9,A1+A2,17.19,68.2,73.2,1.09,NONE,False,False,27.618301283983364,2.6307553197902225,96.9,78.8,10.0,2.5,True,1.0,1.25,1.6,1.21,30.5,1.0,0.0,14.0,0.0,0.0,1.0,7.0,11.0,2.0,6.0,33.0,63.0,LOW,0.1,-0.4,LOW,0.35,,LOW,0.275,,LOW,0.1,,LOW,0.1,,LOW,0.15,,LOW,1.4,,LOW,1.65,,LOW,1.575,,1.2864034304091478,0.5788815436841165,,,1.0,2.551484233915598,2.366785116882901,50.0,52.0,57.2,52.0,5.46,2.23,13.31,4.46,2.23,-1.9,HOT,WARM,COOL,3.55,2.23,WARM,Yellow,Red,Red,Yellow,75.0,59.0,62.0,67.0,POINTS,75.0,8.0,8.0,10.0,3.0,0.0,10.0,B,Distributor,11.6,,39.4,,1.0,1.989906103286385,141.28333333333333,1.989906103286385,0.1157475046765979,11.6,11.6,4.067358735401675,1.2697888403916482,3.2912587000117965,6.9164855634896,7.411088819989057,39.4,71.1,False,,,,🅿️ D:8,,False,False,1.0,,False,0.0,,False,0.0,,1.5,-130.0,theScore Bet,2.5,240.0,theScore Bet,3.5,550.0,DraftKings,4.5,1500.0,Fanatics,1.5,-130.0,theScore Bet,0.5,150.0,theScore Bet,1.5,900.0,theScore Bet,2.5,3500.0,Fanatics,3.5,3500.0,BetOnline.ag,0.5,150.0,theScore Bet,0.5,300.0,Bovada,1.5,1700.0,Fanatics,2.5,3300.0,Bovada,,,,0.5,300.0,Bovada,0.5,360.0,theScore Bet,,,,,,,,,,0.5,360.0,theScore Bet,0.5,360.0,BetMGM,,,,,,,,,,0.5,360.0,BetMGM,The Odds API,"[""Bally Bet"", ""BetMGM"", ""BetRivers"", ""Bovada"", ""Caesars"", ""Courtside"", ""DraftKings"", ""FanDuel"", ""Fanatics"", ""Hard Rock Bet"", ""theScore Bet""]",The Odds API,"[""Bally Bet"", ""BetMGM"", ""BetRivers"", ""Bovada"", ""Caesars"", ""Courtside"", ""DraftKings"", ""FanDuel"", ""Fanatics"", ""betmgm""]",The Odds API,"[""Bally Bet"", ""BetOnline.ag"", ""BetRivers"", ""Bovada"", ""Caesars"", ""Courtside"", ""DraftKings"", ""Fanatics"", ""Hard Rock Bet"", ""draftkings"", ""theScore Bet""]",The Odds API,"[""Bally Bet"", ""BetOnline.ag"", ""BetRivers"", ""Bovada"", ""Caesars"", ""Courtside"", ""DraftKings"", ""FanDuel"", ""Fanatics"", ""Hard Rock Bet"", ""theScore Bet""]",The Odds API,"[""Bally Bet"", ""BetOnline.ag"", ""BetRivers"", ""Bovada"", ""Courtside"", ""DraftKings"", ""Fanatics"", ""Hard Rock Bet"", ""draftkings"", ""theScore Bet""]",0.5,600.0,Bovada,,,,,,,,,,0.5,600.0,Bovada,The Odds API,"[""Bovada"", ""Hard Rock Bet"", ""theScore Bet""]",ALTLINE_NB_v1_2026-01-18,1.5,-130.0,theScore Bet,exp/fallback,1.331,0.3664950586503419,36.6,0.5652173913043478,-35.158566546477964,-35.2,0.3664950586503419,36.6,-35.158566546477964,-35.2,0.1689146036978379,16.9,-42.5690347427351,-42.6,0.0702540951471784,7.0,-54.33483815433405,-54.3,0.0271468001665698,2.7,-56.56511973348817,-56.6,0.5,150.0,theScore Bet,exp/fallback,0.546,0.3932565838489542,39.3,0.4,-1.6858540377614362,-1.7,0.3932565838489542,39.3,-1.6858540377614362,-1.7,0.1151255241407256,11.5,15.125524140725632,15.1,0.0290662494740581,2.9,4.638498106609212,4.6,0.0067115021129071,0.7,-75.83859239353421,-75.8,0.5,300.0,Bovada,exp/fallback,0.355,0.2787627174417714,27.9,0.25,11.505086976708556,11.5,0.2787627174417714,27.9,11.505086976708556,11.5,0.0613196301312226,6.1,10.375334236200784,10.4,0.0121525626183278,1.2,-58.68128709768526,-58.7,,,,,0.5,360.0,theScore Bet,exp/fallback,0.2019,0.1764748944183475,17.6,0.217391304347826,-18.821548567560143,-18.8,0.1764748944183475,17.6,-18.821548567560143,-18.8,,,,,,,,,,,,,0.5,360.0,BetMGM,exp/fallback,0.1874625,0.162129556920792,16.2,0.217391304347826,-25.42040381643568,-25.4,0.162129556920792,16.2,-25.42040381643568,-25.4,,,,,,,,,,,,,False,False,False,False,True,4.9,,Active roster,2026-10-01T17:24:42+00:00,False,[],2025-2026,,2026-09-24-frozen-v2,2026-10-01T17:24:46.238031+00:00,2026020011,8478856.0,PLAYER_ID,FINAL,0.0,L,OK,0.0,L,OK,0.0,L,OK,0.0,L,OK,0.0,L,OK,0.0,L,OK
2026-10-01,BUF@CBJ,2026020011,6:00 PM,2026-10-01T23:00:00Z,Danton Heinen,8478046,CBJ,False,,2026-27,CBJ,L,,Healthy,Unknown,,,4.0,0.0,,33.0,21.0,2026-10-01T17:24:18+00:00,BUF,Ukko-Pekka Luukkonen,0.9087003222341568,2.5150822744234214,24.4,Confirmed,dailyfaceoff_name_and_stats,25.75,4.0,25.75,4.0,,53.7,37.3,A1+A2,11.34,23.2,41.9,0.97,NONE,False,False,27.618301283983364,2.6307553197902225,96.9,78.8,10.0,2.5,True,,,,,50.0,,,,,,,,,,,,,,,,,,,,,,,,,,,,,,,,,,,,,,,,1.3249464668094215,0.3613490364025696,,,0.0,2.551484233915598,2.366785116882901,50.0,52.0,58.4,52.0,2.59,1.32,,,,,COOL,COOL,COOL,1.26,,COOL,Red,Red,Red,Red,39.0,45.0,44.0,37.0,SOG,45.0,,,,,,,C,Passenger,1.1,,39.4,,0.0,0.1213768115942029,5.583333333333333,0.1213768115942029,0.0107035593328647,1.1,1.1,4.835820895522389,4.835820895522389,0.0,6.9164855634896,7.411088819989057,39.4,32.4,False,,,,,,False,False,0.0,,False,0.0,,False,0.0,,,,,,,,,,,,,,,,,,,,,,,,,,,,,,,,,,,,,,,,,,,,,,,0.5,850.0,BetMGM,,,,,,,,,,0.5,850.0,BetMGM,0.5,850.0,BetMGM,,,,,,,,,,0.5,850.0,BetMGM,The Odds API,"[""BetMGM"", ""Bovada"", ""Caesars"", ""Courtside"", ""DraftKings"", ""FanDuel"", ""Fanatics"", ""Hard Rock Bet"", ""theScore Bet""]",The Odds API,"[""BetMGM"", ""Bovada"", ""Caesars"", ""Courtside"", ""DraftKings"", ""FanDuel"", ""Fanatics"", ""betmgm""]",,,,,,,,,,,,,,,,,,,,,,,,ALTLINE_NB_v1_2026-01-18,,,,league_avg,2.3,,,,,,,,,,,,,,,,,,,,,,,,,exp/fallback,0.259,,,,,,,,,,,,,,,,,,,,,,,,,exp/fallback,0.126,,,,,,,,,,,,,,,,,,,,,,0.5,850.0,BetMGM,exp/fallback,0.2328,0.1995570218262653,20.0,0.1052631578947368,89.57917073495206,89.6,0.1995570218262653,20.0,89.57917073495206,89.6,,,,,,,,,,,,,0.5,850.0,BetMGM,exp/fallback,0.1908,0.1646161133098411,16.5,0.1052631578947368,56.38530764434911,56.4,0.1646161133098411,16.5,56.38530764434911,56.4,,,,,,,,,,,,,False,False,True,True,False,,,Active roster,2026-10-01T17:24:42+00:00,False,[],2025-2026,,2026-09-24-frozen-v2,2026-10-01T17:24:46.238031+00:00,2026020011,8478046.0,PLAYER_ID,FINAL,0.0,,NO_LINE,0.0,,NO_LINE,2.0,,NO_LINE,0.0,L,OK,0.0,L,OK,0.0,,NO_LINE
2026-10-01,BUF@CBJ,2026020011,6:00 PM,2026-10-01T23:00:00Z,Denton Mateychuk,8483485,CBJ,False,,2026-27,CBJ,D,,Healthy,Unknown,,,4.0,1.0,🟢 ROLE+,33.0,21.0,2026-10-01T17:24:18+00:00,BUF,Ukko-Pekka Luukkonen,0.9087003222341568,2.5150822744234214,24.4,Confirmed,dailyfaceoff_name_and_stats,25.75,4.0,25.75,4.0,,50.4,68.0,A1+A2,19.19,83.7,63.2,1.05,NONE,False,False,27.618301283983364,2.6307553197902225,96.9,78.8,10.0,2.5,True,,,,,50.0,,,,,,,,,,,,,,,,,,,,,,,,,,,,,,,,,,,,,,,,1.305661898045537,0.386862784606085,,,0.0,2.551484233915598,2.366785116882901,50.0,52.0,58.0,52.0,3.31,0.79,,,,,COOL,COOL,COOL,2.53,,COOL,Red,Red,Red,Red,63.0,50.0,48.0,59.0,POINTS,63.0,,,,,,,C,Passenger,2.7,,39.4,,0.0,0.5197777777777778,38.98333333333333,0.5197777777777778,0.0270921410783575,2.7,2.7,3.309106455750321,0.6926036767849508,3.07823856348867,6.9164855634896,7.411088819989057,39.4,57.8,False,,,,,,False,False,0.0,,False,0.0,,False,0.0,,1.5,118.0,BetOnline.ag,2.5,350.0,Fanatics,3.5,1000.0,Fanatics,4.5,2200.0,BetOnline.ag,1.5,118.0,BetOnline.ag,0.5,182.0,BetOnline.ag,1.5,1100.0,Fanatics,2.5,1550.0,BetOnline.ag,3.5,3100.0,BetOnline.ag,0.5,182.0,BetOnline.ag,0.5,265.0,Fanatics,1.5,1700.0,Fanatics,2.5,3300.0,Bovada,,,,0.5,265.0,Fanatics,0.5,700.0,theScore Bet,,,,,,,,,,0.5,700.0,theScore Bet,0.5,700.0,FanDuel,,,,,,,,,,0.5,700.0,FanDuel,The Odds API,"[""Bally Bet"", ""BetMGM"", ""BetRivers"", ""Bovada"", ""Caesars"", ""Courtside"", ""DraftKings"", ""FanDuel"", ""Fanatics"", ""Hard Rock Bet"", ""theScore Bet""]",The Odds API,"[""Bally Bet"", ""BetMGM"", ""BetRivers"", ""Bovada"", ""Caesars"", ""Courtside"", ""DraftKings"", ""FanDuel"", ""Fanatics"", ""fanduel""]",The Odds API,"[""Bally Bet"", ""BetOnline.ag"", ""BetRivers"", ""Caesars"", ""Courtside"", ""DraftKings"", ""Fanatics"", ""Hard Rock Bet"", ""draftkings"", ""theScore Bet""]",The Odds API,"[""Bally Bet"", ""BetOnline.ag"", ""BetRivers"", ""Bovada"", ""Caesars"", ""Courtside"", ""DraftKings"", ""Fanatics"", ""Hard Rock Bet"", ""theScore Bet""]",The Odds API,"[""Bally Bet"", ""BetOnline.ag"", ""BetRivers"", ""Bovada"", ""Courtside"", ""DraftKings"", ""Fanatics"", ""Hard Rock Bet"", ""draftkings"", ""theScore Bet""]",0.5,600.0,Bovada,,,,,,,,,,0.5,600.0,Bovada,The Odds API,"[""Bovada"", ""Hard Rock Bet"", ""theScore Bet""]",ALTLINE_NB_v1_2026-01-18,1.5,118.0,BetOnline.ag,league_avg,2.3,0.6001759479749428,60.0,0.4587155963302752,30.838356658537524,30.8,0.6001759479749428,60.0,30.838356658537524,30.8,0.3835789960842564,38.4,72.61054823791537,72.6,0.2254288407355011,22.5,147.9717248090513,148.0,0.1243884637071297,12.4,186.09346652639843,186.1,0.5,182.0,BetOnline.ag,exp/fallback,0.331,0.2688888995916769,26.9,0.3546099290780142,-24.1733303151471,-24.2,0.2688888995916769,26.9,-24.1733303151471,-24.2,0.0520158662671667,5.2,-37.58096047939996,-37.6,0.0085916986187115,0.9,-85.82369727912592,-85.8,0.0012923964019304,0.1,-95.86433151382252,-95.9,0.5,265.0,Fanatics,exp/fallback,0.253,0.2119793325819557,21.2,0.273972602739726,-22.62754360758614,-22.6,0.2119793325819557,21.2,-22.62754360758614,-22.6,0.0349982150881561,3.5,-37.00321284131893,-37.0,0.0051871480269501,0.5,-82.36369670836933,-82.4,,,,,0.5,700.0,theScore Bet,exp/fallback,0.2116,0.1838199809361185,18.4,0.125,47.05598474889481,47.1,0.1838199809361185,18.4,47.05598474889481,47.1,,,,,,,,,,,,,0.5,700.0,FanDuel,exp/fallback,0.15635,0.1383495382806694,13.8,0.125,10.67963062453554,10.7,0.1383495382806694,13.8,10.67963062453554,10.7,,,,,,,,,,,,,True,False,True,True,False,,,Active roster,2026-10-01T17:24:42+00:00,False,[],2025-2026,,2026-09-24-frozen-v2,2026-10-01T17:24:46.238031+00:00,2026020011,8483485.0,PLAYER_ID,FINAL,1.0,W,OK,1.0,W,OK,2.0,W,OK,0.0,L,OK,0.0,L,OK,0.0,L,OK
2026-10-01,BUF@CBJ,2026020011,6:00 PM,2026-10-01T23:00:00Z,Dmitri Voronkov,8481716,CBJ,False,"{""season"":""2026-27"",""games"":[]}",2026-27,CBJ,L,,Healthy,Unknown,,,4.0,0.0,,33.0,21.0,2026-10-01T17:24:18+00:00,BUF,Ukko-Pekka Luukkonen,0.9087003222341568,2.5150822744234214,24.4,Confirmed,dailyfaceoff_name_and_stats,25.75,4.0,25.75,4.0,0.0,83.6,60.9,A1+A2,13.94,43.0,67.5,1.07,NONE,False,False,27.618301283983364,2.6307553197902225,96.9,78.8,10.0,2.5,True,0.0,0.625,0.6,0.21,4.1,1.0,0.0,8.0,0.0,0.0,1.0,4.0,14.0,2.0,6.0,24.0,62.0,LOW,0.1,-0.4,LOW,0.2,,LOW,0.35,,LOW,0.1,,LOW,0.1,,LOW,0.15,,LOW,0.8,,LOW,1.2,,LOW,1.55,,1.8086734111306493,0.7399118500079929,,,1.0,2.551484233915598,2.366785116882901,50.0,52.0,67.9,52.0,5.64,3.09,2.1,4.64,3.09,-5.9,HOT,HOT,COOL,2.55,1.55,WARM,Red,Red,Yellow,Red,67.0,62.0,65.0,61.0,POINTS,67.0,9.0,9.0,10.0,6.0,1.0,9.0,B,Shooter,14.1,,39.4,,1.0,1.966137566137566,123.86666666666666,1.966137566137566,0.1410434023494581,14.1,14.1,3.582077502691066,2.964477933261572,0.7265877287405813,6.9164855634896,7.411088819989057,39.4,62.2,False,,,,🅿️ D:9,,False,False,1.0,,False,0.0,,False,0.0,,1.5,148.0,BetRivers,,,,,,,,,,1.5,148.0,BetRivers,0.5,235.0,BetRivers,,,,,,,,,,0.5,235.0,BetRivers,,,,,,,,,,,,,,,,0.5,460.0,FanDuel,,,,,,,,,,0.5,460.0,FanDuel,0.5,460.0,FanDuel,,,,,,,,,,0.5,460.0,FanDuel,The Odds API,"[""Bally Bet"", ""BetMGM"", ""BetRivers"", ""Bovada"", ""Caesars"", ""Courtside"", ""DraftKings"", ""FanDuel"", ""Fanatics""]",The Odds API,"[""Bally Bet"", ""BetMGM"", ""BetRivers"", ""Bovada"", ""Caesars"", ""Courtside"", ""DraftKings"", ""FanDuel"", ""Fanatics"", ""fanduel""]",The Odds API,"[""Bally Bet"", ""BetRivers""]",The Odds API,"[""Bally Bet"", ""BetRivers""]",,,0.5,750.0,Bovada,,,,,,,,,,0.5,750.0,Bovada,The Odds API,"[""Bovada""]",ALTLINE_NB_v1_2026-01-18,1.5,148.0,BetRivers,exp/fallback,0.21,0.0224907758578867,2.2,0.4032258064516129,-94.42228758724409,-94.4,0.0224907758578867,2.2,-94.42228758724409,-94.4,,,,,,,,,,,,,0.5,235.0,BetRivers,exp/fallback,0.564,0.4023330030683195,40.2,0.2985074626865671,34.78155602788705,34.8,0.4023330030683195,40.2,34.78155602788705,34.8,,,,,,,,,,,,,,,,exp/fallback,0.255,,,,,,,,,,,,,,,,,,,,,,0.5,460.0,FanDuel,exp/fallback,0.2276999999999999,0.19581028882429,19.6,0.1785714285714285,9.65376174160244,9.7,0.19581028882429,19.6,9.65376174160244,9.7,,,,,,,,,,,,,0.5,460.0,FanDuel,exp/fallback,0.2293875,0.192503370953186,19.3,0.1785714285714285,7.801887733784174,7.8,0.192503370953186,19.3,7.801887733784174,7.8,,,,,,,,,,,,,False,True,False,False,False,0.0,,Active roster,2026-10-01T17:24:42+00:00,False,[],2025-2026,,2026-09-24-frozen-v2,2026-10-01T17:24:46.238031+00:00,2026020011,8481716.0,PLAYER_ID,FINAL,1.0,W,OK,1.0,,NO_LINE,0.0,L,OK,0.0,L,OK,0.0,L,OK,1.0,W,OK
2026-10-01,BUF@CBJ,2026020011,6:00 PM,2026-10-01T23:00:00Z,Emil Andrae,8482126,PHI,True,,2026-27,CBJ,D,,Healthy,Unknown,,,4.0,0.0,,33.0,21.0,2026-10-01T17:24:18+00:00,BUF,Ukko-Pekka Luukkonen,0.9087003222341568,2.5150822744234214,24.4,Confirmed,dailyfaceoff_name_and_stats,25.75,4.0,25.75,4.0,,35.1,51.9,A1+A2,15.34,52.7,44.5,0.98,NONE,False,False,27.618301283983364,2.6307553197902225,96.9,78.8,10.0,2.5,True,,,,,50.0,,,,,,,,,,,,,,,,,,,,,,,,,,,,,,,,,,,,,,,,0.8127633955448526,0.5418422636965683,,,0.0,2.551484233915598,2.366785116882901,50.0,52.0,46.0,52.0,2.23,0.47,,,,,COOL,COOL,COOL,1.76,,COOL,Red,Red,Red,Red,48.0,37.0,35.0,43.0,POINTS,48.0,,,,,,,,Passenger,2.5,,39.4,,,0.3898907103825136,23.78333333333333,0.3898907103825136,0.0254213132860654,2.5,2.5,2.9768745620182195,0.8325157673440785,2.522775052557813,6.9164855634896,7.411088819989057,39.4,55.0,False,,,,,,False,False,0.0,,False,0.0,,False,0.0,,,,,,,,,,,,,,,,,0.5,255.0,BetRivers,,,,,,,,,,0.5,255.0,BetRivers,,,,,,,,,,,,,,,,0.5,1700.0,BetMGM,,,,,,,,,,0.5,1700.0,BetMGM,0.5,1700.0,BetMGM,,,,,,,,,,0.5,1700.0,BetMGM,The Odds API,"[""Bally Bet"", ""BetMGM"", ""BetRivers"", ""Bovada"", ""Caesars"", ""Courtside"", ""DraftKings"", ""Fanatics"", ""Hard Rock Bet"", ""theScore Bet""]",The Odds API,"[""Bally Bet"", ""BetMGM"", ""BetRivers"", ""Bovada"", ""Caesars"", ""Courtside"", ""DraftKings"", ""Fanatics"", ""betmgm""]",The Odds API,"[""Bally Bet"", ""BetRivers""]",,,,,,,,,,,,,,,,,,,,,,ALTLINE_NB_v1_2026-01-18,,,,league_avg,2.3,,,,,,,,,,,,,,,,,,,,,,0.5,255.0,BetRivers,exp/fallback,0.223,0.1932369692293506,19.3,0.2816901408450704,-31.40087592358053,-31.4,0.1932369692293506,19.3,-31.40087592358053,-31.4,,,,,,,,,,,,,,,,exp/fallback,0.176,,,,,,,,,,,,,,,,,,,,,,0.5,1700.0,BetMGM,exp/fallback,0.1988,0.1741079835873404,17.4,0.0555555555555555,213.3943704572129,213.4,0.1741079835873404,17.4,213.3943704572129,213.4,,,,,,,,,,,,,0.5,1700.0,BetMGM,exp/fallback,0.13555,0.1218234410669462,12.2,0.0555555555555555,119.28219392050316,119.3,0.1218234410669462,12.2,119.28219392050316,119.3,,,,,,,,,,,,,False,False,True,True,False,,,Active roster,2026-10-01T17:24:42+00:00,False,[],2025-2026,,2026-09-24-frozen-v2,2026-10-01T17:24:46.238031+00:00,2026020011,8482126.0,PLAYER_ID,FINAL,1.0,W,OK,1.0,,NO_LINE,0.0,,NO_LINE,0.0,L,OK,0.0,L,OK,0.0,,NO_LINE
2026-10-01,BUF@CBJ,2026020011,6:00 PM,2026-10-01T23:00:00Z,Erik Gudbranson,8475790,CBJ,False,,2026-27,CBJ,D,,Healthy,Unknown,,,4.0,1.0,🟢 ROLE+,33.0,21.0,2026-10-01T17:24:18+00:00,BUF,Ukko-Pekka Luukkonen,0.9087003222341568,2.5150822744234214,24.4,Confirmed,dailyfaceoff_name_and_stats,25.75,4.0,25.75,4.0,,23.0,24.0,A1+A2,17.77,73.9,33.5,0.94,NONE,False,False,27.618301283983364,2.6307553197902225,96.9,78.8,10.0,2.5,True,,,,,50.0,,,,,,,,,,,,,,,,,,,,,,,,,,,,,,,,,,,,,,,,0.3336010378698956,0.2224006919132637,,,0.0,2.551484233915598,2.366785116882901,50.0,52.0,36.3,52.0,0.79,0.28,,,,,COOL,COOL,COOL,0.51,,COOL,Red,Red,Red,Red,37.0,35.0,31.0,31.0,POINTS,37.0,,,,,,,C,Passenger,0.0,,39.4,,0.0,0.0009009009009009,0.0333333333333333,0.0009009009009009,5.069451485349286e-05,0.0,0.0,0.0,0.0,0.0,6.9164855634896,7.411088819989057,39.4,16.3,False,,,,,,False,False,0.0,,False,0.0,,False,0.0,,,,,,,,,,,,,,,,,,,,,,,,,,,,,,,,,,,,,,,,,,,,,,,0.5,1800.0,DraftKings,,,,,,,,,,0.5,1800.0,DraftKings,0.5,1800.0,DraftKings,,,,,,,,,,0.5,1800.0,DraftKings,The Odds API,"[""Bally Bet"", ""BetMGM"", ""BetRivers"", ""Bovada"", ""Caesars"", ""Courtside"", ""DraftKings"", ""FanDuel"", ""Fanatics"", ""Hard Rock Bet"", ""theScore Bet""]",The Odds API,"[""Bally Bet"", ""BetMGM"", ""BetRivers"", ""Bovada"", ""Caesars"", ""Courtside"", ""DraftKings"", ""FanDuel"", ""Fanatics"", ""fanatics""]",,,,,,,,,,,,,,,,,,,,,,,,ALTLINE_NB_v1_2026-01-18,,,,league_avg,2.3,,,,,,,,,,,,,,,,,,,,,,,,,exp/fallback,0.079,,,,,,,,,,,,,,,,,,,,,,,,,exp/fallback,0.051,,,,,,,,,,,,,,,,,,,,,,0.5,1800.0,DraftKings,exp/fallback,0.1911999999999999,0.1682647910636237,16.8,0.0526315789473684,219.703103020885,219.7,0.1682647910636237,16.8,219.703103020885,219.7,,,,,,,,,,,,,0.5,1800.0,DraftKings,exp/fallback,0.1232,0.1117620033388435,11.2,0.0526315789473684,112.34780634380276,112.3,0.1117620033388435,11.2,112.34780634380276,112.3,,,,,,,,,,,,,False,False,True,True,False,,,Active roster,2026-10-01T17:24:42+00:00,False,[],2025-2026,,2026-09-24-frozen-v2,2026-10-01T17:24:46.238031+00:00,2026020011,8475790.0,PLAYER_ID,FINAL,0.0,,NO_LINE,0.0,,NO_LINE,0.0,,NO_LINE,0.0,L,OK,0.0,L,OK,0.0,,NO_LINE
2026-10-01,BUF@CBJ,2026020011,6:00 PM,2026-10-01T23:00:00Z,Ivan Provorov,8478500,CBJ,False,"{""season"":""2026-27"",""games"":[]}",2026-27,CBJ,D,,GTD,Unknown,,,4.0,-1.0,🟡 GTD,33.0,21.0,2026-10-01T17:24:18+00:00,BUF,Ukko-Pekka Luukkonen,0.9087003222341568,2.5150822744234214,24.4,Confirmed,dailyfaceoff_name_and_stats,25.75,4.0,25.75,4.0,9.8,57.6,74.9,A1+A2,24.81,99.2,72.0,1.09,NONE,False,False,27.618301283983364,2.6307553197902225,96.9,78.8,10.0,2.5,True,2.0,2.25,3.2,2.42,76.0,4.0,1.0,24.0,0.0,1.0,3.0,7.0,15.0,5.0,11.0,35.0,77.0,LOW,0.4,,LOW,0.35,,LOW,0.375,,LOW,0.3,,LOW,0.25,,LOW,0.275,,LOW,2.4,,LOW,1.75,,LOW,1.925,,0.8122660376390954,0.2584482847033485,,,3.0,2.551484233915598,2.366785116882901,50.0,52.0,45.9,52.0,3.9,0.98,24.2,-0.1,-0.02,0.2,COOL,COOL,COOL,3.21,-0.08,COOL,Yellow,Red,Red,Yellow,54.0,57.0,58.0,58.0,ASSISTS,58.0,2.0,2.0,5.0,0.0,0.0,10.0,B,Distributor,4.3,,39.4,,1.0,1.076829268292683,88.3,1.076829268292683,0.0433952836911382,4.3,4.3,2.892978482446206,0.7270668176670442,2.548131370328426,6.9164855634896,7.411088819989057,39.4,58.2,False,,,,🅰️ D:2,,False,False,1.0,,False,0.0,,False,0.0,,,,,,,,,,,,,,,,,,,,,,,,,,,,,,,,,,,,,,,,,,,,,,,,,,,,,,,,,,,,,,,,,,,,,,,,,,,,,,,,,,,,,,,,,,,,,,,,,,,,,,,,ALTLINE_NB_v1_2026-01-18,,,,exp/fallback,2.42,,,,,,,,,,,,,,,,,,,,,,,,,exp/fallback,0.39,,,,,,,,,,,,,,,,,,,,,,,,,exp/fallback,0.321,,,,,,,,,,,,,,,,,,,,,,,,,exp/fallback,0.2192,,,,,,,,,,,,,,,,,,,,,,,,,exp/fallback,0.1687,,,,,,,,,,,,,,,,,,,,,,False,False,False,False,False,9.8,,Active roster,2026-10-01T17:24:42+00:00,False,[],2025-2026,,2026-09-24-frozen-v2,2026-10-01T17:24:46.238031+00:00,2026020011,,,NO_PLAYER,,,NO_PLAYER,,,NO_PLAYER,,,NO_PLAYER,,,NO_PLAYER,,,NO_PLAYER,,,NO_PLAYER
2026-10-01,BUF@CBJ,2026020011,6:00 PM,2026-10-01T23:00:00Z,Jake Christiansen,8481161,CBJ,False,,2026-27,CBJ,D,,Healthy,Unknown,,,4.0,0.0,,33.0,21.0,2026-10-01T17:24:18+00:00,BUF,Ukko-Pekka Luukkonen,0.9087003222341568,2.5150822744234214,24.4,Confirmed,dailyfaceoff_name_and_stats,25.75,4.0,25.75,4.0,,21.0,28.5,A1+A2,10.05,14.3,22.3,0.94,NONE,False,False,27.618301283983364,2.6307553197902225,96.9,78.8,10.0,2.5,True,,,,,50.0,,,,,,,,,,,,,,,,,,,,,,,,,,,,,,,,,,,,,,,,0.4577434941086717,0.3051623294057811,,,0.0,2.551484233915598,2.366785116882901,50.0,52.0,37.1,52.0,0.91,0.21,,,,,COOL,COOL,COOL,0.7,,COOL,Red,Red,Red,Red,31.0,27.0,25.0,25.0,POINTS,31.0,,,,,,,C,Passenger,0.0,,39.4,,0.0,0.0004166666666666,0.0166666666666666,0.0004166666666666,4.147484550620048e-05,0.0,0.0,0.0,0.0,0.0,6.9164855634896,7.411088819989057,39.4,16.3,False,,,,,,False,False,0.0,,False,0.0,,False,0.0,,,,,,,,,,,,,,,,,,,,,,,,,,,,,,,,,,,,,,,,,,,,,,,0.5,2000.0,Fanatics,,,,,,,,,,0.5,2000.0,Fanatics,0.5,2000.0,Fanatics,,,,,,,,,,0.5,2000.0,Fanatics,The Odds API,"[""Bally Bet"", ""BetMGM"", ""BetRivers"", ""Bovada"", ""Caesars"", ""Courtside"", ""DraftKings"", ""FanDuel"", ""Fanatics"", ""Hard Rock Bet"", ""theScore Bet""]",The Odds API,"[""Bally Bet"", ""BetMGM"", ""BetRivers"", ""Bovada"", ""Caesars"", ""Courtside"", ""DraftKings"", ""FanDuel"", ""Fanatics"", ""fanatics""]",,,,,,,,,,,,,,,,,,,,,,,,ALTLINE_NB_v1_2026-01-18,,,,league_avg,2.3,,,,,,,,,,,,,,,,,,,,,,,,,exp/fallback,0.091,,,,,,,,,,,,,,,,,,,,,,,,,exp/fallback,0.0699999999999999,,,,,,,,,,,,,,,,,,,,,,0.5,2000.0,Fanatics,exp/fallback,0.1883999999999999,0.1660974442673685,16.6,0.0476190476190476,248.80463296147383,248.8,0.1660974442673685,16.6,248.80463296147383,248.8,,,,,,,,,,,,,0.5,2000.0,Fanatics,exp/fallback,0.1186499999999999,0.1080071200807156,10.8,0.0476190476190476,126.81495216950292,126.8,0.1080071200807156,10.8,126.81495216950292,126.8,,,,,,,,,,,,,False,False,True,True,False,,,Active roster,2026-10-01T17:24:42+00:00,False,[],2025-2026,,2026-09-24-frozen-v2,2026-10-01T17:24:46.238031+00:00,2026020011,8481161.0,PLAYER_ID,FINAL,0.0,,NO_LINE,0.0,,NO_LINE,0.0,,NO_LINE,0.0,L,OK,0.0,L,OK,0.0,,NO_LINE
2026-10-01,BUF@CBJ,2026020011,6:00 PM,2026-10-01T23:00:00Z,Kent Johnson,8482660,CBJ,False,"{""season"":""2026-27"",""games"":[]}",2026-27,CBJ,C,,Healthy,Unknown,,,4.0,0.0,,33.0,21.0,2026-10-01T17:24:18+00:00,BUF,Ukko-Pekka Luukkonen,0.9087003222341568,2.5150822744234214,24.4,Confirmed,dailyfaceoff_name_and_stats,25.75,4.0,25.75,4.0,4.9,70.2,60.9,A1+A2,13.24,36.7,60.3,1.04,NONE,False,False,27.618301283983364,2.6307553197902225,96.9,78.8,10.0,2.5,True,1.0,0.875,1.2,1.07,22.0,1.0,0.0,9.0,0.0,1.0,1.0,4.0,11.0,3.0,7.0,26.0,58.0,LOW,0.1,-0.4,LOW,0.2,,LOW,0.275,,LOW,0.1,,LOW,0.15,,LOW,0.175,,LOW,0.9,,LOW,1.3,,LOW,1.45,,1.2495420274205056,0.4165140091401685,,,1.0,2.551484233915598,2.366785116882901,50.0,52.0,56.3,52.0,3.64,1.58,10.7,2.64,1.58,1.7,HOT,WARM,WARM,2.05,1.05,COOL,Red,Red,Red,Red,52.0,58.0,57.0,52.0,SOG,58.0,2.0,2.0,10.0,10.0,0.0,10.0,B,Shooter,11.8,,39.4,,1.0,1.5605263157894735,118.6,1.5605263157894735,0.1178594497904831,11.8,11.8,1.613827993254637,1.1838111298482292,0.5059021922428331,6.9164855634896,7.411088819989057,39.4,57.9,False,,,,🎯 D:10,,False,False,1.0,,False,0.0,,False,0.0,,1.5,-145.0,Hard Rock Bet,2.5,178.0,FanDuel,3.5,460.0,FanDuel,4.5,1100.0,Fanatics,1.5,-145.0,Hard Rock Bet,0.5,135.0,Hard Rock Bet,1.5,700.0,Bovada,2.5,1900.0,Fanatics,,,,0.5,135.0,Hard Rock Bet,0.5,250.0,Hard Rock Bet,1.5,1200.0,Bovada,2.5,3300.0,Bovada,,,,0.5,250.0,Hard Rock Bet,0.5,325.0,Hard Rock Bet,,,,,,,,,,0.5,325.0,Hard Rock Bet,0.5,310.0,BetMGM,,,,,,,,,,0.5,310.0,BetMGM,The Odds API,"[""Bally Bet"", ""BetMGM"", ""BetRivers"", ""Bovada"", ""Caesars"", ""Courtside"", ""DraftKings"", ""FanDuel"", ""Fanatics"", ""Hard Rock Bet"", ""fanduel"", ""theScore Bet""]",The Odds API,"[""Bally Bet"", ""BetMGM"", ""BetRivers"", ""Bovada"", ""Caesars"", ""Courtside"", ""DraftKings"", ""FanDuel"", ""Fanatics"", ""betmgm""]",The Odds API,"[""Bally Bet"", ""BetRivers"", ""Bovada"", ""Caesars"", ""Courtside"", ""DraftKings"", ""FanDuel"", ""Fanatics"", ""Hard Rock Bet"", ""draftkings"", ""theScore Bet""]",The Odds API,"[""Bally Bet"", ""BetRivers"", ""Bovada"", ""Caesars"", ""Courtside"", ""DraftKings"", ""FanDuel"", ""Fanatics"", ""Hard Rock Bet"", ""theScore Bet""]",The Odds API,"[""Bally Bet"", ""BetRivers"", ""Bovada"", ""Courtside"", ""DraftKings"", ""FanDuel"", ""Fanatics"", ""Hard Rock Bet"", ""draftkings"", ""theScore Bet""]",0.5,360.0,BetRivers,,,,,,,,,,0.5,360.0,BetRivers,The Odds API,"[""Bally Bet"", ""BetRivers"", ""Bovada"", ""FanDuel"", ""Hard Rock Bet"", ""theScore Bet""]",ALTLINE_NB_v1_2026-01-18,1.5,-145.0,Hard Rock Bet,exp/fallback,1.0699999999999998,0.2854842941335771,28.5,0.5918367346938775,-51.76299857743008,-51.8,0.2854842941335771,28.5,-51.76299857743008,-51.8,0.1129164932609876,11.3,-68.60921487344544,-68.6,0.0400772242536224,4.0,-77.5567544179714,-77.6,0.0131755415679634,1.3,-84.18935011844391,-84.2,0.5,135.0,Hard Rock Bet,exp/fallback,0.364,0.2900861857946422,29.0,0.425531914893617,-31.829746338259085,-31.8,0.2900861857946422,29.0,-31.829746338259085,-31.8,0.0608786034185997,6.1,-51.29711726512021,-51.3,0.0109262324856623,1.1,-78.14753502867524,-78.1,,,,,0.5,250.0,Hard Rock Bet,exp/fallback,0.205,0.177297525208118,17.7,0.2857142857142857,-37.945866177158685,-37.9,0.177297525208118,17.7,-37.945866177158685,-37.9,0.0243233688976094,2.4,-68.37962043310772,-68.4,0.0029902382556677,0.3,-89.83318993072949,-89.8,,,,,0.5,325.0,Hard Rock Bet,exp/fallback,0.1824,0.1614264293152539,16.1,0.2352941176470588,-31.39376754101706,-31.4,0.1614264293152539,16.1,-31.39376754101706,-31.4,,,,,,,,,,,,,0.5,310.0,BetMGM,exp/fallback,0.155775,0.137899601757092,13.8,0.2439024390243902,-43.46116327959226,-43.5,0.137899601757092,13.8,-43.46116327959226,-43.5,,,,,,,,,,,,,False,False,False,False,False,4.9,,Active roster,2026-10-01T17:24:42+00:00,False,[],2025-2026,,2026-09-24-frozen-v2,2026-10-01T17:24:46.238031+00:00,2026020011,8482660.0,PLAYER_ID,FINAL,1.0,W,OK,1.0,W,OK,1.0,L,OK,0.0,L,OK,0.0,L,OK,0.0,L,OK
2026-10-01,BUF@CBJ,2026020011,6:00 PM,2026-10-01T23:00:00Z,Luca Del Bel Belluz,8483432,CBJ,False,,2026-27,CBJ,C,,Healthy,Unknown,,,4.0,0.0,,33.0,21.0,2026-10-01T17:24:18+00:00,BUF,Ukko-Pekka Luukkonen,0.9087003222341568,2.5150822744234214,24.4,Confirmed,dailyfaceoff_name_and_stats,25.75,4.0,25.75,4.0,,21.0,17.6,A1+A2,9.1,8.8,17.3,0.94,NONE,False,False,27.618301283983364,2.6307553197902225,96.9,78.8,10.0,2.5,True,,,,,50.0,,,,,,,,,,,,,,,,,,,,,,,,,,,,,,,,,,,,,,,,0.0080677692617991,0.0,,,0.0,2.551484233915598,2.366785116882901,50.0,52.0,30.8,52.0,1.26,0.59,,,,,COOL,COOL,COOL,0.67,,COOL,Red,Red,Red,Red,24.0,26.0,25.0,19.0,SOG,26.0,,,,,,,C,Passenger,2.4,,39.4,,0.0,0.2226190476190476,3.1166666666666667,0.2226190476190476,0.0244700340225071,2.4,2.4,0.1925133689839572,0.1925133689839572,0.0,6.9164855634896,7.411088819989057,39.4,35.3,False,,,,,,False,False,0.0,,False,0.0,,False,0.0,,,,,,,,,,,,,,,,,,,,,,,,,,,,,,,,,,,,,,,,,,,,,,,0.5,700.0,BetRivers,,,,,,,,,,0.5,700.0,BetRivers,0.5,700.0,BetRivers,,,,,,,,,,0.5,700.0,BetRivers,The Odds API,"[""Bally Bet"", ""BetMGM"", ""BetRivers"", ""Bovada"", ""Caesars"", ""Fanatics"", ""Hard Rock Bet""]",The Odds API,"[""Bally Bet"", ""BetMGM"", ""BetRivers"", ""Bovada"", ""Caesars"", ""Fanatics"", ""betrivers""]",,,,,,,0.5,800.0,Hard Rock Bet,,,,,,,,,,0.5,800.0,Hard Rock Bet,The Odds API,"[""Hard Rock Bet""]",ALTLINE_NB_v1_2026-01-18,,,,league_avg,2.3,,,,,,,,,,,,,,,,,,,,,,,,,exp/fallback,0.126,,,,,,,,,,,,,,,,,,,,,,,,,exp/fallback,0.067,,,,,,,,,,,,,,,,,,,,,,0.5,700.0,BetRivers,exp/fallback,0.2036,0.177768847408189,17.8,0.125,42.2150779265512,42.2,0.177768847408189,17.8,42.2150779265512,42.2,,,,,,,,,,,,,0.5,700.0,BetRivers,exp/fallback,0.14335,0.1280815446666169,12.8,0.125,2.465235733293536,2.5,0.1280815446666169,12.8,2.465235733293536,2.5,,,,,,,,,,,,,False,False,True,False,False,,,Active roster,2026-10-01T17:24:42+00:00,False,[],2025-2026,,2026-09-24-frozen-v2,2026-10-01T17:24:46.238031+00:00,2026020011,,,NO_PLAYER,,,NO_PLAYER,,,NO_PLAYER,,,NO_PLAYER,,,NO_PLAYER,,,NO_PLAYER,,,NO_PLAYER
2026-10-01,BUF@CBJ,2026020011,6:00 PM,2026-10-01T23:00:00Z,Mathieu Olivier,8479671,CBJ,False,"{""season"":""2026-27"",""games"":[]}",2026-27,CBJ,R,,Healthy,Unknown,,,4.0,0.0,,33.0,21.0,2026-10-01T17:24:18+00:00,BUF,Ukko-Pekka Luukkonen,0.9087003222341568,2.5150822744234214,24.4,Confirmed,dailyfaceoff_name_and_stats,25.75,4.0,25.75,4.0,9.8,75.9,51.9,A1+A2,14.23,45.0,61.3,1.04,NONE,False,False,27.618301283983364,2.6307553197902225,96.9,78.8,10.0,2.5,True,2.0,1.875,2.2,2.0700000000000003,65.0,4.0,3.0,20.0,1.0,0.0,1.0,11.0,17.0,2.0,5.0,40.0,65.0,LOW,0.4,-0.1,LOW,0.55,,LOW,0.425,,LOW,0.1,,LOW,0.1,,LOW,0.125,,LOW,2.0,,LOW,2.0,,LOW,1.625,,1.5858032848782329,0.3775722106852935,,,1.0,2.551484233915598,2.366785116882901,50.0,52.0,63.5,52.0,4.4,2.52,20.7,0.4,-0.48,0.7,COOL,COOL,COOL,1.88,0.88,COOL,Red,Red,Red,Red,43.0,64.0,66.0,55.0,GOAL,66.0,3.0,5.0,3.0,3.0,0.0,10.0,C,Passenger,0.2,,39.4,,0.0,0.0281420765027322,1.7166666666666666,0.0281420765027322,0.0019778784852907,0.2,0.2,0.0,0.0,0.0,6.9164855634896,7.411088819989057,39.4,23.7,False,,,,🥅 D:3,,False,False,1.0,,False,0.0,,False,0.0,,1.5,120.0,BetRivers,2.5,360.0,Fanatics,3.5,1000.0,Fanatics,4.5,1700.0,BetOnline.ag,1.5,120.0,BetRivers,0.5,255.0,BetRivers,,,,,,,,,,0.5,255.0,BetRivers,,,,,,,,,,,,,,,,0.5,450.0,BetRivers,,,,,,,,,,0.5,450.0,BetRivers,0.5,450.0,BetRivers,,,,,,,,,,0.5,450.0,BetRivers,The Odds API,"[""Bally Bet"", ""BetMGM"", ""BetRivers"", ""Bovada"", ""Caesars"", ""Courtside"", ""DraftKings"", ""FanDuel"", ""Fanatics"", ""Hard Rock Bet"", ""theScore Bet""]",The Odds API,"[""Bally Bet"", ""BetMGM"", ""BetRivers"", ""Bovada"", ""Caesars"", ""Courtside"", ""DraftKings"", ""FanDuel"", ""Fanatics"", ""betrivers""]",The Odds API,"[""Bally Bet"", ""BetRivers""]",The Odds API,"[""Bally Bet"", ""BetOnline.ag"", ""BetRivers"", ""Bovada"", ""Caesars"", ""Courtside"", ""DraftKings"", ""Fanatics"", ""Hard Rock Bet"", ""theScore Bet""]",,,,,,,,,,,,,,,,,,,,ALTLINE_NB_v1_2026-01-18,1.5,120.0,BetRivers,exp/fallback,2.07,0.5541914319276324,55.4,0.4545454545454545,21.922115024079137,21.9,0.5541914319276324,55.4,21.922115024079137,21.9,0.3348864438577523,33.5,54.04776417456609,54.0,0.1853110483702229,18.5,103.84215320724525,103.8,0.0960463251159272,9.6,72.88338520866907,72.9,0.5,255.0,BetRivers,exp/fallback,0.44,0.3358455029200735,33.6,0.2816901408450704,19.22515353662609,19.2,0.3358455029200735,33.6,19.22515353662609,19.2,,,,,,,,,,,,,,,,exp/fallback,0.188,,,,,,,,,,,,,,,,,,,,,,0.5,450.0,BetRivers,exp/fallback,0.2808,0.2336526944816576,23.4,0.1818181818181818,28.508981964911683,28.5,0.2336526944816576,23.4,28.508981964911683,28.5,,,,,,,,,,,,,0.5,450.0,BetRivers,exp/fallback,0.2688,0.219435721327912,21.9,0.1818181818181818,20.6896467303516,20.7,0.219435721327912,21.9,20.6896467303516,20.7,,,,,,,,,,,,,True,True,True,True,False,9.8,,Active roster,2026-10-01T17:24:42+00:00,False,[],2025-2026,,2026-09-24-frozen-v2,2026-10-01T17:24:46.238031+00:00,2026020011,8479671.0,PLAYER_ID,FINAL,1.0,W,OK,0.0,,NO_LINE,3.0,W,OK,1.0,W,OK,1.0,W,OK,0.0,,NO_LINE
2026-10-01,BUF@CBJ,2026020011,6:00 PM,2026-10-01T23:00:00Z,Matthew Knies,8482720,TOR,True,"{""season"":""2026-27"",""games"":[]}",2026-27,CBJ,L,⭐ STAR,Healthy,Unknown,,,4.0,1.0,🟢 ROLE+,33.0,21.0,2026-10-01T17:24:18+00:00,BUF,Ukko-Pekka Luukkonen,0.9087003222341568,2.5150822744234214,24.4,Confirmed,dailyfaceoff_name_and_stats,25.75,4.0,25.75,4.0,4.9,92.7,94.8,A1+A2,18.79,80.7,91.0,1.2,STAR,False,True,27.618301283983364,2.6307553197902225,96.9,78.8,10.0,2.5,True,1.0,1.0,1.0,1.0,17.1,7.0,3.0,10.0,0.0,2.0,4.0,16.0,28.0,9.0,17.0,26.0,56.0,OK,0.7,0.2,GOOD,0.8,,OK,0.7,,LOW,0.4,,OK,0.45,,LOW,0.425,,LOW,1.0,,LOW,1.3,,LOW,1.4,,2.049438202247191,0.9168539325842696,,,4.0,2.551484233915598,2.366785116882901,50.0,52.0,71.1,52.0,11.2,4.02,11.0,3.18,0.65,0.0,HOT,COOL,COOL,7.18,2.53,HOT,Green,Red,Red,Green,80.0,76.0,68.0,80.0,ASSISTS,80.0,1.0,1.0,5.0,10.0,3.0,5.0,,Passenger,13.8,,39.4,,,2.585654008438819,204.26666666666668,2.585654008438819,0.1375919169239405,13.8,13.8,3.450636422976501,1.7653394255874673,1.982702349869452,6.9164855634896,7.411088819989057,39.4,68.0,False,,,,🅰️ D:1,,False,False,2.0,,False,0.0,,False,0.0,,1.5,-140.0,theScore Bet,2.5,220.0,theScore Bet,3.5,470.0,FanDuel,4.5,1100.0,Fanatics,1.5,-140.0,theScore Bet,0.5,-105.0,theScore Bet,1.5,500.0,theScore Bet,2.5,1700.0,Fanatics,3.5,3800.0,BetOnline.ag,0.5,-105.0,theScore Bet,0.5,200.0,Hard Rock Bet,1.5,1100.0,DraftKings,2.5,3300.0,Bovada,,,,0.5,200.0,Hard Rock Bet,0.5,260.0,BetMGM,,,,,,,,,,0.5,260.0,BetMGM,0.5,260.0,BetMGM,,,,,,,,,,0.5,260.0,BetMGM,The Odds API,"[""Bally Bet"", ""BetMGM"", ""BetRivers"", ""Bovada"", ""Caesars"", ""Courtside"", ""DraftKings"", ""FanDuel"", ""Fanatics"", ""Hard Rock Bet"", ""fanduel"", ""theScore Bet""]",The Odds API,"[""Bally Bet"", ""BetMGM"", ""BetRivers"", ""Bovada"", ""Caesars"", ""Courtside"", ""DraftKings"", ""FanDuel"", ""Fanatics"", ""betmgm""]",The Odds API,"[""Bally Bet"", ""BetOnline.ag"", ""BetRivers"", ""Bovada"", ""Caesars"", ""Courtside"", ""DraftKings"", ""FanDuel"", ""Fanatics"", ""Hard Rock Bet"", ""draftkings"", ""theScore Bet""]",The Odds API,"[""Bally Bet"", ""BetOnline.ag"", ""BetRivers"", ""Bovada"", ""Caesars"", ""Courtside"", ""DraftKings"", ""FanDuel"", ""Fanatics"", ""Hard Rock Bet"", ""theScore Bet""]",The Odds API,"[""Bally Bet"", ""BetOnline.ag"", ""BetRivers"", ""Bovada"", ""Courtside"", ""DraftKings"", ""FanDuel"", ""Fanatics"", ""Hard Rock Bet"", ""draftkings"", ""theScore Bet""]",0.5,330.0,FanDuel,,,,,,,,,,0.5,330.0,FanDuel,The Odds API,"[""Bally Bet"", ""BetRivers"", ""Bovada"", ""FanDuel"", ""Hard Rock Bet"", ""theScore Bet""]",ALTLINE_NB_v1_2026-01-18,1.5,-140.0,theScore Bet,exp/fallback,1.1,0.2951240545579663,29.5,0.5833333333333334,-49.40730493292006,-49.4,0.2951240545579663,29.5,-49.40730493292006,-49.4,0.1190869247365296,11.9,-61.89218408431052,-61.9,0.0431493393233607,4.3,-75.40487658568438,-75.4,0.014486623260547,1.4,-82.61605208734353,-82.6,0.5,-105.0,theScore Bet,exp/fallback,1.12,0.6113110583786189,61.1,0.5121951219512195,19.35120663582559,19.4,0.6113110583786189,61.1,19.35120663582559,19.4,0.2985728294878524,29.9,79.14369769271148,79.1,0.1287236189695915,12.9,131.7025141452647,131.7,0.0512827911854035,5.1,100.00288562307396,100.0,0.5,200.0,Hard Rock Bet,exp/fallback,0.718,0.4585465982919311,45.9,0.3333333333333333,37.56397948757934,37.6,0.4585465982919311,45.9,37.56397948757934,37.6,0.1724807098251219,17.2,106.97685179014638,107.0,0.0591278908851832,5.9,101.03482900962292,101.0,,,,,0.5,260.0,BetMGM,exp/fallback,0.2556,0.2160116999564091,21.6,0.2777777777777778,-22.23578801569272,-22.2,0.2160116999564091,21.6,-22.23578801569272,-22.2,,,,,,,,,,,,,0.5,260.0,BetMGM,exp/fallback,0.274725,0.2233563773692997,22.3,0.2777777777777778,-19.591704147052106,-19.6,0.2233563773692997,22.3,-19.591704147052106,-19.6,,,,,,,,,,,,,False,True,False,False,True,4.9,,Active roster,2026-10-01T17:24:42+00:00,False,"[{""market"":""Points"",""name"":""Hammer Fists"",""kind"":""FLOOR"",""rule"":""Conf_Points >= 80"",""icon"":""PTS05_HAMMER_FISTS.svg"",""kit_version"":""2026-09-24-frozen-v2""},{""market"":""Assists"",""name"":""Staff (Green Stance)"",""kind"":""STANCE"",""rule"":""Green + Assists 0.5"",""icon"":""staff.svg"",""kit_version"":""2026-09-24-frozen-v2""}]",2025-2026,,2026-09-24-frozen-v2,2026-10-01T17:24:46.238031+00:00,2026020011,8482720.0,PLAYER_ID,FINAL,3.0,W,OK,1.0,W,OK,4.0,W,OK,2.0,W,OK,2.0,W,OK,1.0,W,OK
2026-10-01,BUF@CBJ,2026020011,6:00 PM,2026-10-01T23:00:00Z,Ryan Lomberg,8479066,CGY,True,,2026-27,CBJ,L,,Healthy,Unknown,,,4.0,0.0,,33.0,21.0,2026-10-01T17:24:18+00:00,BUF,Ukko-Pekka Luukkonen,0.9087003222341568,2.5150822744234214,24.4,Confirmed,dailyfaceoff_name_and_stats,25.75,4.0,25.75,4.0,,48.4,34.6,A1+A2,9.04,8.6,35.6,0.94,NONE,False,False,27.618301283983364,2.6307553197902225,96.9,78.8,10.0,2.5,True,,,,,50.0,,,,,,,,,,,,,,,,,,,,,,,,,,,,,,,,,,,,,,,,1.0573032241221774,0.469912544054301,,,0.0,2.551484233915598,2.366785116882901,50.0,52.0,52.4,52.0,1.67,0.84,,,,,COOL,COOL,COOL,0.83,,COOL,Red,Red,Red,Red,35.0,41.0,41.0,33.0,SOG,41.0,,,,,,,,Passenger,0.1,,39.4,,,0.0125730994152046,0.7166666666666667,0.0125730994152046,0.0013901461269882,0.1,0.1,0.0,0.0,0.0,6.9164855634896,7.411088819989057,39.4,20.8,False,,,,,,False,False,0.0,,False,0.0,,False,0.0,,,,,,,,,,,,,,,,,,,,,,,,,,,,,,,,,,,,,,,,,,,,,,,0.5,1100.0,FanDuel,,,,,,,,,,0.5,1100.0,FanDuel,0.5,1100.0,FanDuel,,,,,,,,,,0.5,1100.0,FanDuel,The Odds API,"[""Bally Bet"", ""BetMGM"", ""BetRivers"", ""Bovada"", ""Caesars"", ""Courtside"", ""DraftKings"", ""FanDuel"", ""Fanatics"", ""Hard Rock Bet"", ""theScore Bet""]",The Odds API,"[""Bally Bet"", ""BetMGM"", ""BetRivers"", ""Bovada"", ""Caesars"", ""Courtside"", ""DraftKings"", ""FanDuel"", ""Fanatics"", ""fanduel""]",,,,,,,,,,,,,,,,,,,,,,,,ALTLINE_NB_v1_2026-01-18,,,,league_avg,2.3,,,,,,,,,,,,,,,,,,,,,,,,,exp/fallback,0.1669999999999999,,,,,,,,,,,,,,,,,,,,,,,,,exp/fallback,0.0829999999999999,,,,,,,,,,,,,,,,,,,,,,0.5,1100.0,FanDuel,exp/fallback,0.2135999999999999,0.1853230191762027,18.5,0.0833333333333333,122.38762301144332,122.4,0.1853230191762027,18.5,122.38762301144332,122.4,,,,,,,,,,,,,0.5,1100.0,FanDuel,exp/fallback,0.1596,0.1408853896280385,14.1,0.0833333333333333,69.06246755364623,69.1,0.1408853896280385,14.1,69.06246755364623,69.1,,,,,,,,,,,,,False,False,True,True,False,,,Active roster,2026-10-01T17:24:42+00:00,False,[],2025-2026,,2026-09-24-frozen-v2,2026-10-01T17:24:46.238031+00:00,2026020011,8479066.0,PLAYER_ID,FINAL,0.0,,NO_LINE,0.0,,NO_LINE,0.0,,NO_LINE,0.0,L,OK,0.0,L,OK,0.0,,NO_LINE
2026-10-01,BUF@CBJ,2026020011,6:00 PM,2026-10-01T23:00:00Z,Sean Monahan,8477497,CBJ,False,"{""season"":""2026-27"",""games"":[]}",2026-27,CBJ,C,,Healthy,Unknown,,,4.0,0.0,,33.0,21.0,2026-10-01T17:24:18+00:00,BUF,Ukko-Pekka Luukkonen,0.9087003222341568,2.5150822744234214,24.4,Confirmed,dailyfaceoff_name_and_stats,25.75,4.0,25.75,4.0,4.9,81.3,76.4,A1+A2,17.12,67.6,76.8,1.11,NONE,False,False,27.618301283983364,2.6307553197902225,96.9,78.8,10.0,2.5,True,1.0,1.375,2.0,1.35,34.6,1.0,1.0,15.0,1.0,0.0,0.0,6.0,16.0,5.0,9.0,29.0,62.0,LOW,0.1,-0.4,LOW,0.3,,LOW,0.4,,LOW,0.0,,LOW,0.25,,LOW,0.225,,LOW,1.5,,LOW,1.45,,LOW,1.55,,1.080342108334306,0.3601140361114353,,,0.0,2.551484233915598,2.366785116882901,50.0,52.0,52.9,52.0,5.69,2.42,14.85,4.69,1.42,-1.5,HOT,COOL,COOL,3.59,3.26,HOT,Yellow,Red,Yellow,Yellow,68.0,61.0,63.0,70.0,ASSISTS,70.0,2.0,10.0,2.0,2.0,0.0,10.0,B,Distributor,10.8,,39.4,,1.0,1.848931623931624,144.21666666666667,1.848931623931624,0.1079681573168297,10.8,10.8,2.875881197272622,0.6656650872529759,2.6002542470819368,6.9164855634896,7.411088819989057,39.4,67.0,False,,,,🅰️ D:10,,False,False,1.0,,False,0.0,,False,0.0,,1.5,105.0,theScore Bet,2.5,300.0,theScore Bet,3.5,750.0,Bovada,4.5,1900.0,Fanatics,1.5,105.0,theScore Bet,0.5,140.0,theScore Bet,1.5,800.0,theScore Bet,2.5,2800.0,Fanatics,3.5,3700.0,BetOnline.ag,0.5,140.0,theScore Bet,0.5,290.0,Bovada,1.5,1500.0,Fanatics,2.5,3300.0,Bovada,,,,0.5,290.0,Bovada,0.5,375.0,BetMGM,,,,,,,,,,0.5,375.0,BetMGM,0.5,375.0,BetMGM,,,,,,,,,,0.5,375.0,BetMGM,The Odds API,"[""Bally Bet"", ""BetMGM"", ""BetRivers"", ""Bovada"", ""Caesars"", ""Courtside"", ""DraftKings"", ""FanDuel"", ""Fanatics"", ""Hard Rock Bet"", ""theScore Bet""]",The Odds API,"[""Bally Bet"", ""BetMGM"", ""BetRivers"", ""Bovada"", ""Caesars"", ""Courtside"", ""DraftKings"", ""FanDuel"", ""Fanatics"", ""betmgm""]",The Odds API,"[""Bally Bet"", ""BetOnline.ag"", ""BetRivers"", ""Bovada"", ""Caesars"", ""Courtside"", ""DraftKings"", ""Fanatics"", ""Hard Rock Bet"", ""draftkings"", ""theScore Bet""]",The Odds API,"[""Bally Bet"", ""BetOnline.ag"", ""BetRivers"", ""Bovada"", ""Caesars"", ""Courtside"", ""DraftKings"", ""Fanatics"", ""Hard Rock Bet"", ""theScore Bet""]",The Odds API,"[""Bally Bet"", ""BetOnline.ag"", ""BetRivers"", ""Bovada"", ""Courtside"", ""DraftKings"", ""Fanatics"", ""Hard Rock Bet"", ""draftkings"", ""theScore Bet""]",0.5,600.0,Bovada,,,,,,,,,,0.5,600.0,Bovada,The Odds API,"[""Bovada"", ""Hard Rock Bet"", ""theScore Bet""]",ALTLINE_NB_v1_2026-01-18,1.5,105.0,theScore Bet,exp/fallback,1.485,0.4108674554036153,41.1,0.4878048780487805,-15.772171642258847,-15.8,0.4108674554036153,41.1,-15.772171642258847,-15.8,0.2035513311566539,20.4,-18.579467537338434,-18.6,0.0912944689846437,9.1,-22.39970136305279,-22.4,0.0381080477322259,3.8,-23.78390453554804,-23.8,0.5,140.0,theScore Bet,exp/fallback,0.5690000000000001,0.404821671792993,40.5,0.4166666666666667,-2.842798769681687,-2.8,0.404821671792993,40.5,-2.842798769681687,-2.8,0.1224079047498483,12.2,10.167114274863476,10.2,0.0319537767616101,3.2,-7.3340473913305555,-7.3,0.0076320271881559,0.8,-70.9982966850075,-71.0,0.5,290.0,Bovada,exp/fallback,0.359,0.2812065523054311,28.1,0.2564102564102564,9.67055539911813,9.7,0.2812065523054311,28.1,9.67055539911813,9.7,0.0624300811546466,6.2,-0.111870152565352,-0.1,0.0124889494400652,1.2,-57.537571903778016,-57.5,,,,,0.5,375.0,BetMGM,exp/fallback,0.2076,0.180802236206925,18.1,0.2105263157894736,-14.118937801710608,-14.1,0.180802236206925,18.1,-14.118937801710608,-14.1,,,,,,,,,,,,,0.5,375.0,BetMGM,exp/fallback,0.1967249999999999,0.1690005648345016,16.9,0.2105263157894736,-19.72473170361171,-19.7,0.1690005648345016,16.9,-19.72473170361171,-19.7,,,,,,,,,,,,,False,False,False,False,False,4.9,,Active roster,2026-10-01T17:24:42+00:00,False,[],2025-2026,,2026-09-24-frozen-v2,2026-10-01T17:24:46.238031+00:00,2026020011,8477497.0,PLAYER_ID,FINAL,1.0,W,OK,0.0,L,OK,1.0,L,OK,1.0,W,OK,1.0,W,OK,1.0,W,OK
2026-10-01,BUF@CBJ,2026020011,6:00 PM,2026-10-01T23:00:00Z,Valeri Nichushkin,8477501,COL,True,"{""season"":""2026-27"",""games"":[]}",2026-27,CBJ,R,,Healthy,Unknown,,,4.0,1.0,🟢 ROLE+,33.0,21.0,2026-10-01T17:24:18+00:00,BUF,Ukko-Pekka Luukkonen,0.9087003222341568,2.5150822744234214,24.4,Confirmed,dailyfaceoff_name_and_stats,25.75,4.0,25.75,4.0,9.8,90.6,87.4,A1+A2,17.73,73.3,86.0,1.14,NONE,False,False,27.618301283983364,2.6307553197902225,96.9,78.8,10.0,2.5,True,2.0,1.75,2.4,2.14,69.1,4.0,2.0,17.0,1.0,0.0,2.0,4.0,4.0,2.0,2.0,19.0,19.0,LOW,0.4,-0.1,LOW,0.2,,LOW,0.1,,LOW,0.2,,LOW,0.1,,LOW,0.05,,LOW,1.7,,LOW,0.95,,LOW,0.475,,2.2233277864507386,0.5558319466126846,,,2.0,2.551484233915598,2.366785116882901,50.0,52.0,72.5,52.0,9.57,3.97,23.54,4.7,1.61,4.4,HOT,WARM,HOT,5.59,3.08,HOT,Yellow,Red,Red,Yellow,78.0,75.0,75.0,82.0,ASSISTS,82.0,2.0,7.0,2.0,2.0,0.0,10.0,,Passenger,9.9,,39.4,,,1.7583333333333333,126.6,1.7583333333333333,0.0992007522331922,9.9,9.9,2.313981042654029,1.4075829383886258,1.066350710900474,6.9164855634896,7.411088819989057,39.4,56.7,False,,,,🅰️ D:7,,False,False,1.0,,False,0.0,,False,0.0,,1.5,-165.0,Fanatics,2.5,180.0,Fanatics,3.5,460.0,Fanatics,4.5,1200.0,Fanatics,1.5,-165.0,Fanatics,0.5,120.0,Hard Rock Bet,1.5,550.0,theScore Bet,2.5,2200.0,Fanatics,3.5,4100.0,BetOnline.ag,0.5,120.0,Hard Rock Bet,0.5,275.0,Bovada,1.5,1400.0,Bovada,2.5,3300.0,Bovada,,,,0.5,275.0,Bovada,0.5,320.0,FanDuel,,,,,,,,,,0.5,320.0,FanDuel,0.5,320.0,FanDuel,,,,,,,,,,0.5,320.0,FanDuel,The Odds API,"[""Bally Bet"", ""BetMGM"", ""BetRivers"", ""Bovada"", ""Caesars"", ""Courtside"", ""DraftKings"", ""FanDuel"", ""Fanatics"", ""Hard Rock Bet"", ""fanduel"", ""theScore Bet""]",The Odds API,"[""Bally Bet"", ""BetMGM"", ""BetRivers"", ""Bovada"", ""Caesars"", ""Courtside"", ""DraftKings"", ""FanDuel"", ""Fanatics"", ""fanduel""]",The Odds API,"[""Bally Bet"", ""BetOnline.ag"", ""BetRivers"", ""Bovada"", ""Caesars"", ""Courtside"", ""DraftKings"", ""Fanatics"", ""Hard Rock Bet"", ""draftkings"", ""theScore Bet""]",The Odds API,"[""Bally Bet"", ""BetOnline.ag"", ""BetRivers"", ""Bovada"", ""Caesars"", ""Courtside"", ""DraftKings"", ""FanDuel"", ""Fanatics"", ""Hard Rock Bet"", ""theScore Bet""]",The Odds API,"[""Bally Bet"", ""BetOnline.ag"", ""BetRivers"", ""Bovada"", ""Courtside"", ""DraftKings"", ""Fanatics"", ""Hard Rock Bet"", ""draftkings"", ""theScore Bet""]",0.5,600.0,Hard Rock Bet,,,,,,,,,,0.5,600.0,Hard Rock Bet,The Odds API,"[""Hard Rock Bet"", ""theScore Bet""]",ALTLINE_NB_v1_2026-01-18,1.5,-165.0,Fanatics,exp/fallback,2.354,0.6102055904221767,61.0,0.6226415094339622,-1.997283962498892,-2.0,0.6102055904221767,61.0,-1.997283962498892,-2.0,0.3946448734721595,39.5,10.500564572204665,10.5,0.2349250347248065,23.5,31.55801944589164,31.6,0.1313735906392351,13.1,70.7856678310057,70.8,0.5,120.0,Hard Rock Bet,exp/fallback,0.957,0.5619450700485301,56.2,0.4545454545454545,23.627915410676625,23.6,0.5619450700485301,56.2,23.627915410676625,23.6,0.2479119092832905,24.8,61.14274103413885,61.1,0.0959529812145796,9.6,120.69185679353312,120.7,0.0342223346048474,3.4,43.73380534035939,43.7,0.5,275.0,Bovada,exp/fallback,0.5589999999999999,0.389171320799434,38.9,0.2666666666666666,45.93924529978777,45.9,0.389171320799434,38.9,45.93924529978777,45.9,0.1223067395777723,12.2,83.46010936665857,83.5,0.0348640075127613,3.5,18.537625543388447,18.5,,,,,0.5,320.0,FanDuel,exp/fallback,0.3388,0.2721983593057007,27.2,0.238095238095238,14.323310908394294,14.3,0.2721983593057007,27.2,14.323310908394294,14.3,,,,,,,,,,,,,0.5,320.0,FanDuel,exp/fallback,0.36305,0.2781572781215566,27.8,0.238095238095238,16.826056811053803,16.8,0.2781572781215566,27.8,16.826056811053803,16.8,,,,,,,,,,,,,False,True,True,True,True,9.8,,Active roster,2026-10-01T17:24:42+00:00,False,[],2025-2026,,2026-09-24-frozen-v2,2026-10-01T17:24:46.238031+00:00,2026020011,8477501.0,PLAYER_ID,FINAL,1.0,W,OK,1.0,W,OK,0.0,L,OK,0.0,L,OK,0.0,L,OK,1.0,W,OK
2026-10-01,BUF@CBJ,2026020011,6:00 PM,2026-10-01T23:00:00Z,Zach Werenski,8478460,CBJ,False,"{""season"":""2026-27"",""games"":[]}",2026-27,CBJ,D,⭐ STAR,Healthy,Unknown,,,4.0,1.0,🟢 ROLE+,33.0,21.0,2026-10-01T17:24:18+00:00,BUF,Ukko-Pekka Luukkonen,0.9087003222341568,2.5150822744234214,24.4,Confirmed,dailyfaceoff_name_and_stats,25.75,4.0,25.75,4.0,14.6,79.1,98.5,A1+A2,26.61,99.8,90.0,1.2,STAR,False,True,27.618301283983364,2.6307553197902225,96.9,78.8,10.0,2.5,True,3.0,3.25,5.2,3.77,95.1,4.0,1.0,34.0,1.0,2.0,3.0,16.0,41.0,14.0,33.0,63.0,128.0,LOW,0.4,-0.1,GOOD,0.8,,STRONG,1.025,,LOW,0.3,,GOOD,0.7,,STRONG,0.825,,GOOD,3.4,,GOOD,3.15,,GOOD,3.2,,1.7695042878058984,0.4894373562016315,,,3.0,2.551484233915598,2.366785116882901,50.0,52.0,67.2,52.0,16.12,2.79,41.47,7.94,1.54,3.7,HOT,WARM,HOT,12.69,6.4,HOT,Green,Yellow,Red,Green,88.0,76.0,75.0,83.0,POINTS,88.0,2.0,2.0,4.0,0.0,1.0,4.0,A,Distributor,10.9,,39.4,,2.0,2.888,216.6,2.888,0.1085134097057546,10.9,10.9,3.784626038781163,0.9002770083102494,3.393351800554017,6.9164855634896,7.411088819989057,39.4,70.3,False,,,,🅿️ PTS D:2 | 🅿️ D:2,,False,False,1.0,,False,0.0,,False,0.0,,1.5,-700.0,DraftKings,2.5,-190.0,theScore Bet,3.5,120.0,theScore Bet,4.5,260.0,theScore Bet,3.5,120.0,theScore Bet,0.5,-165.0,Hard Rock Bet,1.5,250.0,Bovada,2.5,750.0,Fanatics,3.5,2500.0,Fanatics,0.5,-165.0,Hard Rock Bet,0.5,-110.0,Hard Rock Bet,1.5,500.0,Bovada,2.5,1500.0,Bovada,,,,0.5,-110.0,Hard Rock Bet,0.5,360.0,FanDuel,,,,,,,,,,0.5,360.0,FanDuel,0.5,360.0,FanDuel,,,,,,,,,,0.5,360.0,FanDuel,The Odds API,"[""Bally Bet"", ""BetMGM"", ""BetRivers"", ""Bovada"", ""Caesars"", ""Courtside"", ""DraftKings"", ""FanDuel"", ""Fanatics"", ""Hard Rock Bet"", ""theScore Bet""]",The Odds API,"[""Bally Bet"", ""BetMGM"", ""BetRivers"", ""Bovada"", ""Caesars"", ""Courtside"", ""DraftKings"", ""FanDuel"", ""Fanatics"", ""betmgm""]",The Odds API,"[""Bally Bet"", ""BetOnline.ag"", ""BetRivers"", ""Bovada"", ""Caesars"", ""Courtside"", ""DraftKings"", ""FanDuel"", ""Fanatics"", ""Hard Rock Bet"", ""draftkings"", ""theScore Bet""]",The Odds API,"[""Bally Bet"", ""BetOnline.ag"", ""BetRivers"", ""Bovada"", ""Caesars"", ""Courtside"", ""DraftKings"", ""FanDuel"", ""Fanatics"", ""Hard Rock Bet"", ""caesars"", ""theScore Bet""]",The Odds API,"[""Bally Bet"", ""BetOnline.ag"", ""BetRivers"", ""Bovada"", ""Courtside"", ""DraftKings"", ""FanDuel"", ""Fanatics"", ""Hard Rock Bet"", ""draftkings"", ""theScore Bet""]",0.5,200.0,BetRivers,1.5,700.0,Bovada,,,,,,,0.5,200.0,BetRivers,The Odds API,"[""Bally Bet"", ""BetRivers"", ""Bovada"", ""FanDuel"", ""Hard Rock Bet"", ""theScore Bet""]",ALTLINE_NB_v1_2026-01-18,3.5,120.0,theScore Bet,exp/fallback,4.147,0.5197286013615475,52.0,0.4545454545454545,14.340292299540458,14.3,0.8235737112791292,82.4,-5.877290139528098,-5.9,0.673009505300263,67.3,2.7225034405664648,2.7,0.5197286013615475,52.0,14.340292299540458,14.3,0.3831878084182256,38.3,37.947611030561234,37.9,0.5,-165.0,Hard Rock Bet,exp/fallback,1.612,0.7214653717993,72.1,0.6226415094339622,15.871711228372432,15.9,0.7214653717993,72.1,15.871711228372432,15.9,0.4344190729503494,43.4,52.0466755326223,52.0,0.2347418719673912,23.5,99.53059117228258,99.5,0.1181337226314797,11.8,207.14767884184724,207.1,0.5,-110.0,Hard Rock Bet,exp/fallback,1.269,0.6256911028927434,62.6,0.5238095238095238,19.450119643160114,19.5,0.6256911028927434,62.6,19.450119643160114,19.5,0.3350835835112148,33.5,101.0501501067289,101.1,0.165866265327446,16.6,165.38602452391373,165.4,,,,,0.5,360.0,FanDuel,exp/fallback,0.2916,0.2410432155695225,24.1,0.217391304347826,10.879879161980387,10.9,0.2410432155695225,24.1,10.879879161980387,10.9,,,,,,,,,,,,,0.5,360.0,FanDuel,exp/fallback,0.28635,0.2309550392231498,23.1,0.217391304347826,6.239318042648934,6.2,0.2309550392231498,23.1,6.239318042648934,6.2,,,,,,,,,,,,,True,True,True,False,True,14.6,,Active roster,2026-10-01T17:24:42+00:00,False,"[{""market"":""Points"",""name"":""Hammer Fists"",""kind"":""FLOOR"",""rule"":""Conf_Points >= 80"",""icon"":""PTS05_HAMMER_FISTS.svg"",""kit_version"":""2026-09-24-frozen-v2""},{""market"":""Points"",""name"":""Echo Stomp I"",""kind"":""TIER"",""rule"":""Conf_Points >= 80 + L10_S >= 17"",""icon"":""PTS05_HAMMER_STOMP.svg"",""kit_version"":""2026-09-24-frozen-v2""},{""market"":""Points"",""name"":""Echo Stomp II"",""kind"":""TIER"",""rule"":""Conf_Points >= 80 + TOI_per_game >= 19.18"",""icon"":""PTS05_HAMMER_STOMP.svg"",""kit_version"":""2026-09-24-frozen-v2""},{""market"":""Points"",""name"":""Gaia’s Blessing"",""kind"":""TIER"",""rule"":""Conf_Points >= 80 + Assists_mu >= 0.746"",""icon"":""PTS05_GAIAS_BLESSING.svg"",""kit_version"":""2026-09-24-frozen-v2""},{""market"":""Points"",""name"":""Gaia’s Blessing+ (Press)"",""kind"":""HEAVY"",""rule"":""Conf_Points >= 81 + Assists_mu >= 0.746"",""icon"":""PTS05_GAIAS_BLESSING.svg"",""kit_version"":""2026-09-24-frozen-v2""},{""market"":""Points"",""name"":""Gaia’s Blessing++ (Smash)"",""kind"":""HEAVY"",""rule"":""Conf_Points >= 83 + Assists_mu >= 0.746"",""icon"":""PTS05_GAIAS_BLESSING.svg"",""kit_version"":""2026-09-24-frozen-v2""},{""market"":""Points"",""name"":""Hammer Fists II"",""kind"":""HEAVY"",""rule"":""Conf_Points >= 80 + TOI_per_game >= 19.18 + L10_S >= 17"",""icon"":""PTS05_HAMMER_FISTS.svg"",""kit_version"":""2026-09-24-frozen-v2""},{""market"":""Assists"",""name"":""Staff (Green Stance)"",""kind"":""STANCE"",""rule"":""Green + Assists 0.5"",""icon"":""staff.svg"",""kit_version"":""2026-09-24-frozen-v2""},{""market"":""Assists"",""name"":""Staff Awakened"",""kind"":""STANCE"",""rule"":""Green + Assists 0.5 + Conf_Assists ≥ 83"",""icon"":""staff.svg"",""kit_version"":""2026-09-24-frozen-v2""},{""market"":""Assists"",""name"":""Odin's Arcane Orb"",""kind"":""VOLUME"",""rule"":""Green + Assists 0.5 + Conf_Assists ≥ 83 + L40_A ≥ 32"",""icon"":""odins_arcane_orb.svg"",""kit_version"":""2026-09-24-frozen-v2""}]",2025-2026,,2026-09-24-frozen-v2,2026-10-01T17:24:46.238031+00:00,2026020011,8478460.0,PLAYER_ID,FINAL,2.0,W,OK,2.0,W,OK,3.0,L,OK,0.0,L,OK,0.0,L,OK,1.0,W,OK
2026-10-01,CHI@UTA,2026020013,8:30 PM,2026-10-02T01:30:00Z,Alex Vlasic,8481568,CHI,False,,2026-27,CHI,D,,Healthy,Unknown,,,1.0,0.0,,33.0,22.0,2026-10-02T00:13:56+00:00,UTA,Karel Vejmelka,0.8961278426551936,2.745784742029823,48.2,Likely,dailyfaceoff_name_and_stats,24.75,4.0,24.75,4.0,,36.6,69.6,A1+A2,21.07,91.7,59.2,1.04,NONE,False,False,23.53719609781112,2.168816399449161,15.2,7.6,11.0,2.2,True,,,,,50.0,,,,,,,,,,,,,,,,,,,,,,,,,,,,,,,,,,,,,,,,0.761788321596934,0.380894160798467,,,0.0,2.389731525277711,2.221688383767261,50.0,19.0,44.2,19.0,2.9,0.43,,,,,COOL,COOL,COOL,2.46,,COOL,Red,Red,Red,Red,60.0,36.0,37.0,52.0,POINTS,60.0,,,,,,,C,Passenger,0.4,,44.4,,0.0,0.0822916666666666,6.583333333333333,0.0822916666666666,0.0039047826172917,0.4,0.4,0.5468354430379747,0.5468354430379747,0.0,6.805363673303535,7.875048074868595,44.4,32.2,False,,,,,,False,False,0.0,,False,0.0,,False,0.0,,1.5,190.0,BetRivers,,,,,,,,,,1.5,190.0,BetRivers,0.5,270.0,BetRivers,,,,,,,,,,0.5,270.0,BetRivers,,,,,,,,,,,,,,,,0.5,1600.0,Fanatics,,,,,,,,,,0.5,1600.0,Fanatics,0.5,1600.0,Fanatics,,,,,,,,,,0.5,1600.0,Fanatics,The Odds API,"[""Bally Bet"", ""BetMGM"", ""BetRivers"", ""Bovada"", ""Caesars"", ""Courtside"", ""DraftKings"", ""FanDuel"", ""Fanatics"", ""Hard Rock Bet"", ""theScore Bet""]",The Odds API,"[""Bally Bet"", ""BetMGM"", ""BetRivers"", ""Bovada"", ""Caesars"", ""Courtside"", ""DraftKings"", ""FanDuel"", ""Fanatics"", ""fanatics""]",The Odds API,"[""Bally Bet"", ""BetRivers""]",The Odds API,"[""Bally Bet"", ""BetRivers""]",,,,,,,,,,,,,,,,,,,,ALTLINE_NB_v1_2026-01-18,1.5,190.0,BetRivers,league_avg,2.3,0.6001759479749428,60.0,0.3448275862068966,74.0510249127334,74.1,0.6001759479749428,60.0,74.0510249127334,74.1,,,,,,,,,,,,,0.5,270.0,BetRivers,exp/fallback,0.29,0.2413450750589532,24.1,0.2702702702702703,-10.702322228187311,-10.7,0.2413450750589532,24.1,-10.702322228187311,-10.7,,,,,,,,,,,,,,,,exp/fallback,0.246,,,,,,,,,,,,,,,,,,,,,,0.5,1600.0,Fanatics,exp/fallback,0.1972,0.1728826247012215,17.3,0.0588235294117647,193.9004619920765,193.9,0.1728826247012215,17.3,193.9004619920765,193.9,,,,,,,,,,,,,0.5,1600.0,Fanatics,exp/fallback,0.1329499999999999,0.1197209205617531,12.0,0.0588235294117647,103.52556495498028,103.5,0.1197209205617531,12.0,103.52556495498028,103.5,,,,,,,,,,,,,True,False,True,True,False,,,Active roster,2026-10-02T00:14:24+00:00,False,[],2025-2026,,2026-09-24-frozen-v2,2026-10-02T00:14:28.971676+00:00,2026020013,8481568.0,PLAYER_ID,FINAL,0.0,L,OK,0.0,,NO_LINE,1.0,L,OK,0.0,L,OK,0.0,L,OK,0.0,,NO_LINE
2026-10-01,CHI@UTA,2026020013,8:30 PM,2026-10-02T01:30:00Z,Andrew Mangiapane,8478233,CHI,False,,2026-27,CHI,L,,GTD,Unknown,,,1.0,-1.0,🟡 GTD,33.0,22.0,2026-10-02T00:13:56+00:00,UTA,Karel Vejmelka,0.8961278426551936,2.745784742029823,48.2,Likely,dailyfaceoff_name_and_stats,24.75,4.0,24.75,4.0,,60.7,43.8,A1+A2,12.48,33.2,49.3,1.0,NONE,False,False,23.53719609781112,2.168816399449161,15.2,7.6,11.0,2.2,True,,,,,50.0,,,,,,,,,,,,,,,,,,,,,,,,,,,,,,,,,,,,,,,,1.1429608127721336,0.408200290275762,,,0.0,2.389731525277711,2.221688383767261,50.0,19.0,53.6,19.0,2.59,1.3,,,,,COOL,COOL,COOL,1.29,,COOL,Red,Red,Red,Red,39.0,42.0,46.0,36.0,GOAL,46.0,,,,,,,C,Passenger,1.1,,44.4,,0.0,0.1370967741935483,8.5,0.1370967741935483,0.0109814392145041,1.1,1.1,2.117647058823529,2.117647058823529,0.0,6.805363673303535,7.875048074868595,44.4,36.2,False,,,,,,False,False,0.0,,False,0.0,,False,0.0,,,,,,,,,,,,,,,,,,,,,,,,,,,,,,,,,,,,,,,,,,,,,,,,,,,,,,,,,,,,,,,,,,,,,,,,,,,,,,,,,,,,,,,,,,,,,,,,,,,,,,,,ALTLINE_NB_v1_2026-01-18,,,,league_avg,2.3,,,,,,,,,,,,,,,,,,,,,,,,,exp/fallback,0.259,,,,,,,,,,,,,,,,,,,,,,,,,exp/fallback,0.129,,,,,,,,,,,,,,,,,,,,,,,,,exp/fallback,0.2319999999999999,,,,,,,,,,,,,,,,,,,,,,,,,exp/fallback,0.1895,,,,,,,,,,,,,,,,,,,,,,False,False,False,False,False,,,Active roster,2026-10-02T00:14:24+00:00,False,[],2025-2026,,2026-09-24-frozen-v2,2026-10-02T00:14:28.971676+00:00,2026020013,,,NO_PLAYER,,,NO_PLAYER,,,NO_PLAYER,,,NO_PLAYER,,,NO_PLAYER,,,NO_PLAYER,,,NO_PLAYER
2026-10-01,CHI@UTA,2026020013,8:30 PM,2026-10-02T01:30:00Z,Anton Frondell,8485391,CHI,False,,2026-27,CHI,C,,Healthy,Unknown,,,1.0,0.0,,33.0,22.0,2026-10-02T00:13:56+00:00,UTA,Karel Vejmelka,0.8961278426551936,2.745784742029823,48.2,Likely,dailyfaceoff_name_and_stats,24.75,4.0,24.75,4.0,,38.9,37.3,A1+A2,17.69,72.9,45.1,0.98,NONE,False,False,23.53719609781112,2.168816399449161,15.2,7.6,11.0,2.2,True,,,,,50.0,,,,,,,,,,,,,,,,,,,,,,,,,,,,,,,,,,,,,,,,0.0431743421052631,0.0185032894736842,,,0.0,2.389731525277711,2.221688383767261,50.0,19.0,34.4,19.0,7.84,2.93,,,,,COOL,COOL,COOL,4.9,,COOL,Red,Red,Red,Red,40.0,36.0,37.0,34.0,POINTS,40.0,,,,,,,C,Passenger,18.3,,44.4,,0.0,3.2291666666666665,38.75,3.2291666666666665,0.182510401130387,18.3,18.3,2.938064516129032,1.950967741935484,1.161290322580645,6.805363673303535,7.875048074868595,44.4,72.3,False,,,,,,False,False,0.0,,False,0.0,,False,0.0,,1.5,-233.0,BetOnline.ag,2.5,118.0,BetRivers,3.5,275.0,FanDuel,4.5,600.0,FanDuel,2.5,118.0,BetRivers,0.5,110.0,Fanatics,1.5,575.0,Fanatics,2.5,2200.0,Fanatics,3.5,4200.0,BetOnline.ag,0.5,110.0,Fanatics,0.5,215.0,Fanatics,1.5,1500.0,Fanatics,2.5,3300.0,Bovada,,,,0.5,215.0,Fanatics,0.5,300.0,BetRivers,,,,,,,,,,0.5,300.0,BetRivers,0.5,300.0,BetRivers,,,,,,,,,,0.5,300.0,BetRivers,The Odds API,"[""Bally Bet"", ""BetMGM"", ""BetRivers"", ""Bovada"", ""Caesars"", ""Courtside"", ""DraftKings"", ""FanDuel"", ""Fanatics"", ""Hard Rock Bet"", ""fanduel"", ""theScore Bet""]",The Odds API,"[""Bally Bet"", ""BetMGM"", ""BetRivers"", ""Bovada"", ""Caesars"", ""Courtside"", ""DraftKings"", ""FanDuel"", ""Fanatics"", ""betrivers""]",The Odds API,"[""Bally Bet"", ""BetOnline.ag"", ""BetRivers"", ""Bovada"", ""Caesars"", ""Courtside"", ""DraftKings"", ""Fanatics"", ""Hard Rock Bet"", ""ReBet"", ""draftkings"", ""theScore Bet""]",The Odds API,"[""Bally Bet"", ""BetOnline.ag"", ""BetRivers"", ""Courtside"", ""DraftKings"", ""FanDuel"", ""Fanatics"", ""Hard Rock Bet"", ""ReBet"", ""fanduel"", ""theScore Bet""]",The Odds API,"[""Bally Bet"", ""BetOnline.ag"", ""BetRivers"", ""Bovada"", ""Courtside"", ""DraftKings"", ""Fanatics"", ""Hard Rock Bet"", ""ReBet"", ""draftkings"", ""theScore Bet""]",0.5,300.0,Hard Rock Bet,,,,,,,,,,0.5,300.0,Hard Rock Bet,The Odds API,"[""Bally Bet"", ""BetRivers"", ""Bovada"", ""FanDuel"", ""Hard Rock Bet"", ""theScore Bet""]",ALTLINE_NB_v1_2026-01-18,2.5,118.0,BetRivers,league_avg,2.3,0.3835789960842564,38.4,0.4587155963302752,-16.37977885363211,-16.4,0.6001759479749428,60.0,-14.223780825898736,-14.2,0.3835789960842564,38.4,-16.37977885363211,-16.4,0.2254288407355011,22.5,-15.464184724187058,-15.5,0.1243884637071297,12.4,-12.928075405009176,-12.9,0.5,110.0,Fanatics,exp/fallback,0.784,0.4998199196041509,50.0,0.4761904761904761,4.962183116871699,5.0,0.4998199196041509,50.0,4.962183116871699,5.0,0.1921134043574892,19.2,29.67654794130525,29.7,0.0643369700601466,6.4,47.97503113833719,48.0,0.0197930195392482,2.0,-14.890015981232397,-14.9,0.5,215.0,Fanatics,exp/fallback,0.49,0.3548491153368495,35.5,0.3174603174603174,11.77747133110758,11.8,0.3548491153368495,35.5,11.77747133110758,11.8,0.1009343093248463,10.1,61.49489491975421,61.5,0.0259835533333514,2.6,-11.65591866660507,-11.7,,,,,0.5,300.0,BetRivers,exp/fallback,0.2972,0.2448360964004174,24.5,0.25,-2.065561439833008,-2.1,0.2448360964004174,24.5,-2.065561439833008,-2.1,,,,,,,,,,,,,0.5,300.0,BetRivers,exp/fallback,0.29545,0.2368180454965307,23.7,0.25,-5.272781801387705,-5.3,0.2368180454965307,23.7,-5.272781801387705,-5.3,,,,,,,,,,,,,False,False,False,False,True,,,Active roster,2026-10-02T00:14:24+00:00,False,[],2025-2026,,2026-09-24-frozen-v2,2026-10-02T00:14:28.971676+00:00,2026020013,8485391.0,PLAYER_ID,FINAL,0.0,L,OK,0.0,L,OK,3.0,W,OK,0.0,L,OK,0.0,L,OK,0.0,L,OK
2026-10-01,CHI@UTA,2026020013,8:30 PM,2026-10-02T01:30:00Z,Artyom Levshunov,8484783,CHI,False,"{""season"":""2026-27"",""games"":[{""d"":""2026-09-29"",""g"":0,""a"":0,""s"":1,""pp"":0,""h"":""R"",""toi"":""19:14""}]}",2026-27,CHI,D,,Healthy,Unknown,,,1.0,0.0,,33.0,22.0,2026-10-02T00:13:56+00:00,UTA,Karel Vejmelka,0.8961278426551936,2.745784742029823,48.2,Likely,dailyfaceoff_name_and_stats,24.75,4.0,24.75,4.0,,46.4,74.9,A1+A2,19.59,85.5,64.2,1.06,NONE,False,False,23.53719609781112,2.168816399449161,15.2,7.6,11.0,2.2,True,,,1.0,,50.0,0.0,0.0,1.0,0.0,0.0,0.0,0.0,0.0,0.0,0.0,1.0,1.0,LOW,0.0,-0.5,LOW,0.0,,LOW,0.0,,LOW,0.0,,LOW,0.0,,LOW,0.0,,LOW,0.1,,LOW,0.05,,LOW,0.025,,0.6310254163014899,0.2868297346824954,,,0.0,2.389731525277711,2.221688383767261,50.0,19.0,40.5,19.0,4.22,0.75,,4.22,0.75,,HOT,COOL,COOL,3.47,3.47,HOT,Yellow,Red,Red,Yellow,66.0,41.0,42.0,58.0,POINTS,66.0,1.0,1.0,1.0,1.0,0.0,1.0,A,Distributor,13.5,,44.4,,2.0,2.646268656716418,177.3,2.646268656716418,0.1350737077339157,13.5,13.5,2.6252115059221657,0.3959390862944162,2.622673434856176,6.805363673303535,7.875048074868595,44.4,74.8,False,,,,🅿️ D:1,,False,False,0.0,,False,0.0,,False,0.0,,1.5,130.0,BetRivers,,,,,,,,,,1.5,130.0,BetRivers,0.5,180.0,BetRivers,,,,,,,,,,0.5,180.0,BetRivers,0.5,215.0,BetRivers,,,,,,,,,,0.5,215.0,BetRivers,0.5,1900.0,Fanatics,,,,,,,,,,0.5,1900.0,Fanatics,0.5,1900.0,Fanatics,,,,,,,,,,0.5,1900.0,Fanatics,The Odds API,"[""Bally Bet"", ""BetMGM"", ""BetRivers"", ""Bovada"", ""Caesars"", ""Courtside"", ""DraftKings"", ""FanDuel"", ""Fanatics"", ""Hard Rock Bet"", ""theScore Bet""]",The Odds API,"[""Bally Bet"", ""BetMGM"", ""BetRivers"", ""Bovada"", ""Caesars"", ""Courtside"", ""DraftKings"", ""FanDuel"", ""Fanatics"", ""fanatics""]",The Odds API,"[""Bally Bet"", ""BetRivers""]",The Odds API,"[""Bally Bet"", ""BetRivers""]",The Odds API,"[""Bally Bet"", ""BetRivers""]",,,,,,,,,,,,,,,,,,ALTLINE_NB_v1_2026-01-18,1.5,130.0,BetRivers,exp/fallback,0.1,0.0056639264392934,0.6,0.4347826086956521,-98.6972969189625,-98.7,0.0056639264392934,0.6,-98.6972969189625,-98.7,,,,,,,,,,,,,0.5,180.0,BetRivers,exp/fallback,0.422,0.3253760319621251,32.5,0.3571428571428571,-8.894711050604954,-8.9,0.3253760319621251,32.5,-8.894711050604954,-8.9,,,,,,,,,,,,,0.5,215.0,BetRivers,exp/fallback,0.347,0.2738375091609936,27.4,0.3174603174603174,-13.741184614287029,-13.7,0.2738375091609936,27.4,-13.741184614287029,-13.7,,,,,,,,,,,,,0.5,1900.0,Fanatics,exp/fallback,0.1575,0.1416452027837453,14.2,0.05,183.29040556749075,183.3,0.1416452027837453,14.2,183.29040556749075,183.3,,,,,,,,,,,,,0.5,1900.0,Fanatics,exp/fallback,0.1153125,0.1052361683098485,10.5,0.05,110.472336619697,110.5,0.1052361683098485,10.5,110.472336619697,110.5,,,,,,,,,,,,,False,False,True,True,False,,,Active roster,2026-10-02T00:14:24+00:00,False,[],2025-2026,,2026-09-24-frozen-v2,2026-10-02T00:14:28.971676+00:00,2026020013,8484783.0,PLAYER_ID,FINAL,0.0,L,OK,0.0,L,OK,1.0,L,OK,0.0,L,OK,0.0,L,OK,0.0,,NO_LINE
2026-10-01,CHI@UTA,2026020013,8:30 PM,2026-10-02T01:30:00Z,Bowen Byram,8481524,BUF,True,"{""season"":""2026-27"",""games"":[{""d"":""2026-09-29"",""g"":0,""a"":0,""s"":0,""pp"":0,""h"":""R"",""toi"":""25:08""}]}",2026-27,CHI,D,,Healthy,Unknown,,,1.0,0.0,,33.0,22.0,2026-10-02T00:13:56+00:00,UTA,Karel Vejmelka,0.8961278426551936,2.745784742029823,48.2,Likely,dailyfaceoff_name_and_stats,24.75,4.0,24.75,4.0,,68.9,86.3,A1+A2,22.34,95.1,80.2,1.12,NONE,False,False,23.53719609781112,2.168816399449161,15.2,7.6,11.0,2.2,True,,,0.0,,50.0,0.0,0.0,0.0,0.0,0.0,0.0,0.0,0.0,0.0,0.0,0.0,0.0,LOW,0.0,-0.5,LOW,0.0,,LOW,0.0,,LOW,0.0,,LOW,0.0,,LOW,0.0,,LOW,0.0,,LOW,0.0,,LOW,0.0,,1.2058820245419324,0.4823528098167729,,,0.0,2.389731525277711,2.221688383767261,50.0,19.0,54.7,19.0,6.34,1.53,,5.76,1.53,,HOT,WARM,COOL,4.66,4.24,HOT,Yellow,Red,Red,Yellow,75.0,54.0,55.0,70.0,POINTS,75.0,1.0,1.0,1.0,1.0,0.0,1.0,,Passenger,6.8,,44.4,,,1.5252032520325205,125.06666666666666,1.5252032520325205,0.0682690733091941,6.8,6.8,2.402318763326226,0.4653518123667377,2.2787846481876333,6.805363673303535,7.875048074868595,44.4,63.6,False,,,,🅿️ D:1,,False,False,1.0,,False,0.0,,False,0.0,,1.5,-101.0,BetOnline.ag,2.5,305.0,FanDuel,3.5,800.0,Fanatics,4.5,2200.0,Fanatics,1.5,-101.0,BetOnline.ag,0.5,135.0,theScore Bet,1.5,750.0,FanDuel,2.5,3000.0,Fanatics,3.5,3600.0,BetOnline.ag,0.5,135.0,theScore Bet,0.5,186.0,FanDuel,1.5,1200.0,DraftKings,2.5,2500.0,Bovada,,,,0.5,186.0,FanDuel,0.5,650.0,theScore Bet,,,,,,,,,,0.5,650.0,theScore Bet,0.5,650.0,Fanatics,,,,,,,,,,0.5,650.0,Fanatics,The Odds API,"[""Bally Bet"", ""BetMGM"", ""BetRivers"", ""Bovada"", ""Caesars"", ""Courtside"", ""DraftKings"", ""FanDuel"", ""Fanatics"", ""Hard Rock Bet"", ""theScore Bet""]",The Odds API,"[""Bally Bet"", ""BetMGM"", ""BetRivers"", ""Bovada"", ""Caesars"", ""Courtside"", ""DraftKings"", ""FanDuel"", ""Fanatics"", ""fanatics""]",The Odds API,"[""Bally Bet"", ""BetOnline.ag"", ""BetRivers"", ""Bovada"", ""Caesars"", ""Courtside"", ""DraftKings"", ""FanDuel"", ""Fanatics"", ""Hard Rock Bet"", ""ReBet"", ""draftkings"", ""theScore Bet""]",The Odds API,"[""Bally Bet"", ""BetOnline.ag"", ""BetRivers"", ""Courtside"", ""DraftKings"", ""FanDuel"", ""Fanatics"", ""Hard Rock Bet"", ""ReBet"", ""theScore Bet""]",The Odds API,"[""Bally Bet"", ""BetOnline.ag"", ""BetRivers"", ""Bovada"", ""Courtside"", ""DraftKings"", ""FanDuel"", ""Fanatics"", ""Hard Rock Bet"", ""ReBet"", ""draftkings"", ""theScore Bet""]",0.5,350.0,Hard Rock Bet,,,,,,,,,,0.5,350.0,Hard Rock Bet,The Odds API,"[""Bally Bet"", ""BetRivers"", ""Bovada"", ""FanDuel"", ""Hard Rock Bet"", ""theScore Bet""]",ALTLINE_NB_v1_2026-01-18,1.5,-101.0,BetOnline.ag,league_avg,2.3,0.6001759479749428,60.0,0.5024875621890548,19.44095598313218,19.4,0.6001759479749428,60.0,19.44095598313218,19.4,0.3835789960842564,38.4,55.34949341412383,55.3,0.2254288407355011,22.5,102.88595666195106,102.9,0.1243884637071297,12.4,186.09346652639843,186.1,0.5,135.0,theScore Bet,exp/fallback,0.634,0.4359382220527962,43.6,0.425531914893617,2.4454821824071105,2.4,0.4359382220527962,43.6,2.4454821824071105,2.4,0.1432668355084577,14.3,21.7768101821891,21.8,0.0407635865751165,4.1,26.36711838286141,26.4,0.0106252769206562,1.1,-60.686475393571726,-60.7,0.5,186.0,FanDuel,exp/fallback,0.466,0.3422303259446067,34.2,0.3496503496503496,-2.1221267798424925,-2.1,0.3422303259446067,34.2,-2.1221267798424925,-2.1,0.09363286600153,9.4,21.72272580198912,21.7,0.0231666760176653,2.3,-39.76664235407019,-39.8,,,,,0.5,650.0,theScore Bet,exp/fallback,0.2412,0.205675032213172,20.6,0.1333333333333333,54.25627415987905,54.3,0.205675032213172,20.6,54.25627415987905,54.3,,,,,,,,,,,,,0.5,650.0,Fanatics,exp/fallback,0.20445,0.1746602413547974,17.5,0.1333333333333333,30.99518101609805,31.0,0.1746602413547974,17.5,30.99518101609805,31.0,,,,,,,,,,,,,True,False,True,True,False,,,Active roster,2026-10-02T00:14:24+00:00,False,[],2025-2026,,2026-09-24-frozen-v2,2026-10-02T00:14:28.971676+00:00,2026020013,8481524.0,PLAYER_ID,FINAL,0.0,L,OK,0.0,L,OK,0.0,L,OK,0.0,L,OK,0.0,L,OK,0.0,L,OK
2026-10-01,CHI@UTA,2026020013,8:30 PM,2026-10-02T01:30:00Z,Cole Smith,8482062,VGK,True,,2026-27,CHI,R,,Healthy,Unknown,,,1.0,0.0,,33.0,22.0,2026-10-02T00:13:56+00:00,UTA,Karel Vejmelka,0.8961278426551936,2.745784742029823,48.2,Likely,dailyfaceoff_name_and_stats,24.75,4.0,24.75,4.0,,69.4,31.9,A1+A2,13.28,37.1,49.8,1.0,NONE,False,False,23.53719609781112,2.168816399449161,15.2,7.6,11.0,2.2,True,,,,,50.0,,,,,,,,,,,,,,,,,,,,,,,,,,,,,,,,,,,,,,,,0.5158455329209753,0.0859742554868292,,,0.0,2.389731525277711,2.221688383767261,50.0,19.0,38.5,19.0,2.43,1.8,,,,,COOL,COOL,COOL,0.63,,COOL,Red,Red,Red,Red,34.0,49.0,56.0,32.0,GOAL,56.0,,,,,,,,Passenger,0.2,,44.4,,,0.0325396825396825,2.05,0.0325396825396825,0.0024499551837466,0.2,0.2,0.0,0.0,0.0,6.805363673303535,7.875048074868595,44.4,27.5,False,,,,,,False,False,0.0,,False,0.0,,False,0.0,,,,,,,,,,,,,,,,,,,,,,,,,,,,,,,,,,,,,,,,,,,,,,,0.5,900.0,FanDuel,,,,,,,,,,0.5,900.0,FanDuel,0.5,900.0,FanDuel,,,,,,,,,,0.5,900.0,FanDuel,The Odds API,"[""Bally Bet"", ""BetMGM"", ""BetRivers"", ""Bovada"", ""Caesars"", ""Courtside"", ""DraftKings"", ""FanDuel"", ""Fanatics"", ""Hard Rock Bet"", ""theScore Bet""]",The Odds API,"[""Bally Bet"", ""BetMGM"", ""BetRivers"", ""Bovada"", ""Caesars"", ""Courtside"", ""DraftKings"", ""FanDuel"", ""Fanatics"", ""fanduel""]",,,,,,,,,,,,,,,,,,,,,,,,ALTLINE_NB_v1_2026-01-18,,,,league_avg,2.3,,,,,,,,,,,,,,,,,,,,,,,,,exp/fallback,0.243,,,,,,,,,,,,,,,,,,,,,,,,,exp/fallback,0.063,,,,,,,,,,,,,,,,,,,,,,0.5,900.0,FanDuel,exp/fallback,0.252,0.2134452687134821,21.3,0.1,113.44526871348216,113.4,0.2134452687134821,21.3,113.44526871348216,113.4,,,,,,,,,,,,,0.5,900.0,FanDuel,exp/fallback,0.2219999999999999,0.1872843579333453,18.7,0.1,87.28435793334529,87.3,0.1872843579333453,18.7,87.28435793334529,87.3,,,,,,,,,,,,,False,False,True,True,False,,,Active roster,2026-10-02T00:14:24+00:00,False,[],2025-2026,,2026-09-24-frozen-v2,2026-10-02T00:14:28.971676+00:00,2026020013,8482062.0,PLAYER_ID,FINAL,0.0,,NO_LINE,0.0,,NO_LINE,1.0,,NO_LINE,0.0,L,OK,0.0,L,OK,0.0,,NO_LINE
2026-10-01,CHI@UTA,2026020013,8:30 PM,2026-10-02T01:30:00Z,Dominic Toninato,8476952,CHI,False,,2026-27,CHI,C,,Healthy,Unknown,,,1.0,0.0,,33.0,21.0,2026-10-01T17:24:18+00:00,UTA,Karel Vejmelka,0.8961278426551936,2.745784742029823,48.2,Likely,dailyfaceoff_name_and_stats,24.75,4.0,24.75,4.0,,21.0,17.6,A1+A2,9.15,9.6,17.5,0.94,NONE,False,False,23.53719609781112,2.168816399449161,15.2,7.6,11.0,2.2,True,,,,,50.0,,,,,,,,,,,,,,,,,,,,,,,,,,,,,,,,,,,,,,,,0.0138217000691085,0.0138217000691085,,,0.0,2.389731525277711,2.221688383767261,50.0,19.0,31.6,19.0,2.21,1.03,,,,,COOL,COOL,COOL,1.17,,COOL,Red,Red,Red,Red,23.0,21.0,23.0,16.0,POINTS,23.0,,,,,,,C,Passenger,0.0,,44.4,,0.0,0.0,0.0,0.0,0.0,0.0,0.0,0.0,,,6.805363673303535,7.875048074868595,44.4,11.4,False,,,,,,False,False,0.0,,False,0.0,,False,0.0,,,,,,,,,,,,,,,,,,,,,,,,,,,,,,,,,,,,,,,,,,,,,,,,,,,,,,,,,,,,,,,,,,,,,,,,,,,,,,,,,,,,,,,,,,,,,,,,,,,,,,,,ALTLINE_NB_v1_2026-01-18,,,,league_avg,2.3,,,,,,,,,,,,,,,,,,,,,,,,,exp/fallback,0.221,,,,,,,,,,,,,,,,,,,,,,,,,exp/fallback,0.1169999999999999,,,,,,,,,,,,,,,,,,,,,,,,,exp/fallback,0.2212,,,,,,,,,,,,,,,,,,,,,,,,,exp/fallback,0.17195,,,,,,,,,,,,,,,,,,,,,,False,False,False,False,False,,,Active roster,2026-10-01T17:24:42+00:00,False,[],2025-2026,,2026-09-24-frozen-v2,2026-10-01T17:24:46.238031+00:00,2026020013,,,NO_PLAYER,,,NO_PLAYER,,,NO_PLAYER,,,NO_PLAYER,,,NO_PLAYER,,,NO_PLAYER,,,NO_PLAYER
2026-10-01,CHI@UTA,2026020013,8:30 PM,2026-10-02T01:30:00Z,Ethan Del Mastro,8482807,CHI,False,,2026-27,CHI,D,,Healthy,Unknown,,,1.0,0.0,,33.0,22.0,2026-10-02T00:13:56+00:00,UTA,Karel Vejmelka,0.8961278426551936,2.745784742029823,48.2,Likely,dailyfaceoff_name_and_stats,24.75,4.0,24.75,4.0,,15.3,17.6,A1+A2,14.08,43.6,21.7,0.94,NONE,False,False,23.53719609781112,2.168816399449161,15.2,7.6,11.0,2.2,True,,,,,50.0,,,,,,,,,,,,,,,,,,,,,,,,,,,,,,,,,,,,,,,,0.2551381998582565,0.2551381998582565,,,0.0,2.389731525277711,2.221688383767261,50.0,19.0,35.7,19.0,0.76,0.24,,,,,COOL,COOL,COOL,0.52,,COOL,Red,Red,Red,Red,27.0,21.0,22.0,20.0,POINTS,27.0,,,,,,,C,Passenger,0.0,,44.4,,0.0,0.0009259259259259,0.0166666666666666,0.0009259259259259,6.578081831337982e-05,0.0,0.0,0.0,0.0,0.0,6.805363673303535,7.875048074868595,44.4,20.1,False,,,,,,False,False,0.0,,False,0.0,,False,0.0,,,,,,,,,,,,,,,,,,,,,,,,,,,,,,,,,,,,,,,,,,,,,,,,,,,,,,,,,,,,,,,,,,,,,,,,,,,,,,,,,,,,,,,,,,,,,,,,,,,,,,,,ALTLINE_NB_v1_2026-01-18,,,,league_avg,2.3,,,,,,,,,,,,,,,,,,,,,,,,,exp/fallback,0.076,,,,,,,,,,,,,,,,,,,,,,,,,exp/fallback,0.052,,,,,,,,,,,,,,,,,,,,,,,,,exp/fallback,0.1896,,,,,,,,,,,,,,,,,,,,,,,,,exp/fallback,0.1206,,,,,,,,,,,,,,,,,,,,,,False,False,False,False,False,,,Active roster,2026-10-02T00:14:24+00:00,False,[],2025-2026,,2026-09-24-frozen-v2,2026-10-02T00:14:28.971676+00:00,2026020013,,,NO_PLAYER,,,NO_PLAYER,,,NO_PLAYER,,,NO_PLAYER,,,NO_PLAYER,,,NO_PLAYER,,,NO_PLAYER
2026-10-01,CHI@UTA,2026020013,8:30 PM,2026-10-02T01:30:00Z,Frank Nazar,8483493,CHI,False,"{""season"":""2026-27"",""games"":[{""d"":""2026-09-29"",""g"":0,""a"":0,""s"":3,""pp"":0,""h"":""R"",""toi"":""18:01""}]}",2026-27,CHI,C,,Healthy,Unknown,,,1.0,0.0,,33.0,22.0,2026-10-02T00:13:56+00:00,UTA,Karel Vejmelka,0.8961278426551936,2.745784742029823,48.2,Likely,dailyfaceoff_name_and_stats,24.75,4.0,24.75,4.0,,85.4,79.4,A1+A2,18.32,78.0,81.8,1.13,NONE,False,False,23.53719609781112,2.168816399449161,15.2,7.6,11.0,2.2,True,,,3.0,,50.0,0.0,0.0,3.0,0.0,0.0,0.0,0.0,0.0,0.0,0.0,3.0,3.0,LOW,0.0,-0.5,LOW,0.0,,LOW,0.0,,LOW,0.0,,LOW,0.0,,LOW,0.0,,LOW,0.3,,LOW,0.15,,LOW,0.075,,1.8587929319972465,0.6884418266656468,,,0.0,2.389731525277711,2.221688383767261,50.0,19.0,69.1,19.0,7.65,3.31,,7.65,3.31,,HOT,HOT,COOL,4.76,4.33,HOT,Yellow,Yellow,Yellow,Yellow,71.0,61.0,64.0,69.0,POINTS,71.0,1.0,1.0,1.0,0.0,0.0,1.0,A,Hybrid,16.6,,44.4,,2.0,3.0446153846153847,197.9,3.0446153846153847,0.1662163864663969,16.6,16.6,2.798383021728146,1.5098534613441132,1.5159171298635674,6.805363673303535,7.875048074868595,44.4,72.8,False,,,,🅿️ D:1,,False,False,1.0,,False,0.0,,False,0.0,,1.5,-120.0,theScore Bet,2.5,260.0,theScore Bet,3.5,650.0,Fanatics,4.5,1700.0,Fanatics,1.5,-120.0,theScore Bet,0.5,170.0,BetRivers,1.5,1000.0,theScore Bet,2.5,3500.0,Fanatics,3.5,3400.0,BetOnline.ag,0.5,170.0,BetRivers,0.5,330.0,Bovada,1.5,2200.0,Fanatics,2.5,3300.0,Bovada,,,,0.5,330.0,Bovada,0.5,360.0,theScore Bet,,,,,,,,,,0.5,360.0,theScore Bet,0.5,340.0,Fanatics,,,,,,,,,,0.5,340.0,Fanatics,The Odds API,"[""Bally Bet"", ""BetMGM"", ""BetRivers"", ""Bovada"", ""Caesars"", ""Courtside"", ""DraftKings"", ""FanDuel"", ""Fanatics"", ""Hard Rock Bet"", ""fanduel"", ""theScore Bet""]",The Odds API,"[""Bally Bet"", ""BetMGM"", ""BetRivers"", ""Bovada"", ""Caesars"", ""Courtside"", ""DraftKings"", ""FanDuel"", ""Fanatics"", ""fanduel""]",The Odds API,"[""Bally Bet"", ""BetOnline.ag"", ""BetRivers"", ""Bovada"", ""Caesars"", ""Courtside"", ""DraftKings"", ""Fanatics"", ""Hard Rock Bet"", ""ReBet"", ""draftkings"", ""theScore Bet""]",The Odds API,"[""Bally Bet"", ""BetOnline.ag"", ""BetRivers"", ""Courtside"", ""DraftKings"", ""FanDuel"", ""Fanatics"", ""Hard Rock Bet"", ""ReBet"", ""theScore Bet""]",The Odds API,"[""BetOnline.ag"", ""Bovada"", ""Courtside"", ""DraftKings"", ""Fanatics"", ""Hard Rock Bet"", ""ReBet"", ""draftkings"", ""theScore Bet""]",0.5,575.0,Hard Rock Bet,,,,,,,,,,0.5,575.0,Hard Rock Bet,The Odds API,"[""Bovada"", ""Hard Rock Bet"", ""theScore Bet""]",ALTLINE_NB_v1_2026-01-18,1.5,-120.0,theScore Bet,exp/fallback,0.3,0.0422318805185903,4.2,0.5454545454545454,-92.25748857159176,-92.3,0.0422318805185903,4.2,-92.25748857159176,-92.3,0.0057840451049215,0.6,-97.91774376222824,-97.9,0.0006983006285956,0.1,-99.47627452855326,-99.5,7.736670997449124e-05,0.0,-99.86073992204592,-99.9,0.5,170.0,BetRivers,exp/fallback,0.765,0.4922870618011479,49.2,0.3703703703703703,32.91750668630993,32.9,0.4922870618011479,49.2,32.91750668630993,32.9,0.1859171957217774,18.6,104.5089152939552,104.5,0.0611278132751318,6.1,120.06012779047464,120.1,0.0184567840575251,1.8,-35.40125579866196,-35.4,0.5,330.0,Bovada,exp/fallback,0.476,0.3475327603801013,34.8,0.2325581395348837,49.43908696344354,49.4,0.3475327603801013,34.8,49.43908696344354,49.4,0.0966649041126765,9.7,122.32927945915615,122.3,0.0243225578384677,2.4,-17.3033033492098,-17.3,,,,,0.5,360.0,theScore Bet,exp/fallback,0.2343,0.2006543506775385,20.1,0.217391304347826,-7.698998688332259,-7.7,0.2006543506775385,20.1,-7.698998688332259,-7.7,,,,,,,,,,,,,0.5,340.0,Fanatics,exp/fallback,0.2401125,0.1999824205031366,20.0,0.2272727272727272,-12.007734978619878,-12.0,0.1999824205031366,20.0,-12.007734978619878,-12.0,,,,,,,,,,,,,False,True,False,False,True,,,Active roster,2026-10-02T00:14:24+00:00,False,[],2025-2026,,2026-09-24-frozen-v2,2026-10-02T00:14:28.971676+00:00,2026020013,8483493.0,PLAYER_ID,FINAL,0.0,L,OK,0.0,L,OK,0.0,L,OK,0.0,L,OK,0.0,L,OK,0.0,L,OK
2026-10-01,CHI@UTA,2026020013,8:30 PM,2026-10-02T01:30:00Z,Ian Cole,8474013,UTA,True,"{""season"":""2026-27"",""games"":[{""d"":""2026-09-29"",""g"":0,""a"":0,""s"":0,""pp"":0,""h"":""R"",""toi"":""12:40""}]}",2026-27,CHI,D,,Healthy,Unknown,,,1.0,0.0,,33.0,22.0,2026-10-02T00:13:56+00:00,UTA,Karel Vejmelka,0.8961278426551936,2.745784742029823,48.2,Likely,dailyfaceoff_name_and_stats,24.75,4.0,24.75,4.0,,42.7,71.0,A1+A2,18.27,77.6,59.6,1.04,NONE,False,False,23.53719609781112,2.168816399449161,15.2,7.6,11.0,2.2,True,,,0.0,,50.0,0.0,0.0,0.0,0.0,0.0,0.0,0.0,0.0,0.0,0.0,0.0,0.0,LOW,0.0,,LOW,0.0,,LOW,0.0,,LOW,0.0,,LOW,0.0,,LOW,0.0,,LOW,0.0,,LOW,0.0,,LOW,0.0,,0.8403592123692089,0.346030263916733,,,0.0,2.389731525277711,2.221688383767261,50.0,19.0,46.6,19.0,3.06,0.53,,3.06,0.53,,HOT,COOL,COOL,2.53,2.53,HOT,Yellow,Red,Red,Yellow,61.0,38.0,39.0,55.0,POINTS,61.0,1.0,1.0,1.0,1.0,0.0,1.0,,Passenger,0.1,,44.4,,,0.0225609756097561,1.85,0.0225609756097561,0.0012349387537131,0.1,0.1,0.0,0.0,0.0,6.805363673303535,7.875048074868595,44.4,24.7,False,,,,🅿️ D:1,,False,False,0.0,,False,0.0,,False,0.0,,,,,,,,,,,,,,,,,,,,,,,,,,,,,,,,,,,,,,,,,,,,,,,0.5,1900.0,BetMGM,,,,,,,,,,0.5,1900.0,BetMGM,0.5,1900.0,BetMGM,,,,,,,,,,0.5,1900.0,BetMGM,The Odds API,"[""Bally Bet"", ""BetMGM"", ""BetRivers"", ""Bovada"", ""Caesars"", ""Courtside"", ""DraftKings"", ""Fanatics"", ""Hard Rock Bet"", ""theScore Bet""]",The Odds API,"[""Bally Bet"", ""BetMGM"", ""BetRivers"", ""Bovada"", ""Caesars"", ""Courtside"", ""DraftKings"", ""Fanatics"", ""fanatics""]",,,,,,,,,,,,,,,,,,,,,,,,ALTLINE_NB_v1_2026-01-18,,,,league_avg,2.3,,,,,,,,,,,,,,,,,,,,,,,,,exp/fallback,0.306,,,,,,,,,,,,,,,,,,,,,,,,,exp/fallback,0.253,,,,,,,,,,,,,,,,,,,,,,0.5,1900.0,BetMGM,exp/fallback,0.2012,0.1759412615701066,17.6,0.05,251.8825231402132,251.9,0.1759412615701066,17.6,251.8825231402132,251.9,,,,,,,,,,,,,0.5,1900.0,BetMGM,exp/fallback,0.13945,0.1249617238618419,12.5,0.05,149.9234477236838,149.9,0.1249617238618419,12.5,149.9234477236838,149.9,,,,,,,,,,,,,False,False,True,True,False,,,Active roster,2026-10-02T00:14:24+00:00,False,[],2025-2026,,2026-09-24-frozen-v2,2026-10-02T00:14:28.971676+00:00,2026020013,8474013.0,PLAYER_ID,FINAL,0.0,,NO_LINE,0.0,,NO_LINE,0.0,,NO_LINE,0.0,L,OK,0.0,L,OK,0.0,,NO_LINE
2026-10-01,CHI@UTA,2026020013,8:30 PM,2026-10-02T01:30:00Z,Jordan Greenway,8478413,BUF,True,,2026-27,CHI,L,,Healthy,Unknown,,,1.0,0.0,,33.0,22.0,2026-10-02T00:13:56+00:00,UTA,Karel Vejmelka,0.8961278426551936,2.745784742029823,48.2,Likely,dailyfaceoff_name_and_stats,24.75,4.0,24.75,4.0,,35.4,34.6,A1+A2,12.44,32.8,34.6,0.94,NONE,False,False,23.53719609781112,2.168816399449161,15.2,7.6,11.0,2.2,True,,,,,50.0,,,,,,,,,,,,,,,,,,,,,,,,,,,,,,,,,,,,,,,,0.8599753155233507,0.2866584385077835,,,0.0,2.389731525277711,2.221688383767261,50.0,19.0,47.2,19.0,1.87,0.7,,,,,COOL,COOL,COOL,1.17,,COOL,Red,Red,Red,Red,36.0,31.0,33.0,31.0,POINTS,36.0,,,,,,,,Passenger,0.1,,44.4,,,0.0179166666666666,0.7166666666666667,0.0179166666666666,0.00143966787197,0.1,0.1,0.0,0.0,0.0,6.805363673303535,7.875048074868595,44.4,24.7,False,,,,,,False,False,0.0,,False,0.0,,False,0.0,,,,,,,,,,,,,,,,,,,,,,,,,,,,,,,,,,,,,,,,,,,,,,,0.5,950.0,FanDuel,,,,,,,,,,0.5,950.0,FanDuel,0.5,950.0,FanDuel,,,,,,,,,,0.5,950.0,FanDuel,The Odds API,"[""Bally Bet"", ""BetMGM"", ""BetRivers"", ""Bovada"", ""Caesars"", ""Courtside"", ""DraftKings"", ""FanDuel"", ""Fanatics"", ""Hard Rock Bet"", ""theScore Bet""]",The Odds API,"[""Bally Bet"", ""BetMGM"", ""BetRivers"", ""Bovada"", ""Caesars"", ""Courtside"", ""DraftKings"", ""FanDuel"", ""Fanatics"", ""fanduel""]",,,,,,,,,,,,,,,,,,,,,,,,ALTLINE_NB_v1_2026-01-18,,,,league_avg,2.3,,,,,,,,,,,,,,,,,,,,,,,,,exp/fallback,0.187,,,,,,,,,,,,,,,,,,,,,,,,,exp/fallback,0.1169999999999999,,,,,,,,,,,,,,,,,,,,,,0.5,950.0,FanDuel,exp/fallback,0.208,0.1811047129473061,18.1,0.0952380952380952,90.15994859467143,90.2,0.1811047129473061,18.1,90.15994859467143,90.2,,,,,,,,,,,,,0.5,950.0,FanDuel,exp/fallback,0.1505,0.133753766422828,13.4,0.0952380952380952,40.4414547439694,40.4,0.133753766422828,13.4,40.4414547439694,40.4,,,,,,,,,,,,,False,False,True,True,False,,,Active roster,2026-10-02T00:14:24+00:00,False,[],2025-2026,,2026-09-24-frozen-v2,2026-10-02T00:14:28.971676+00:00,2026020013,8478413.0,PLAYER_ID,FINAL,0.0,,NO_LINE,0.0,,NO_LINE,1.0,,NO_LINE,0.0,L,OK,0.0,L,OK,0.0,,NO_LINE
2026-10-01,CHI@UTA,2026020013,8:30 PM,2026-10-02T01:30:00Z,Kevin Korchinski,8483466,CHI,False,,2026-27,CHI,D,,Healthy,Unknown,,,1.0,0.0,,33.0,22.0,2026-10-02T00:13:56+00:00,UTA,Karel Vejmelka,0.8961278426551936,2.745784742029823,48.2,Likely,dailyfaceoff_name_and_stats,24.75,4.0,24.75,4.0,,11.0,24.0,A1+A2,13.64,39.7,21.3,0.94,NONE,False,False,23.53719609781112,2.168816399449161,15.2,7.6,11.0,2.2,True,,,,,50.0,,,,,,,,,,,,,,,,,,,,,,,,,,,,,,,,,,,,,,,,0.6895230798697568,0.3447615399348784,,,0.0,2.389731525277711,2.221688383767261,50.0,19.0,41.9,19.0,1.62,0.17,,,,,COOL,COOL,COOL,1.45,,COOL,Red,Red,Red,Red,31.0,18.0,19.0,23.0,POINTS,31.0,,,,,,,C,Passenger,0.0,,44.4,,0.0,0.0,0.0,0.0,0.0,0.0,0.0,0.0,,,6.805363673303535,7.875048074868595,44.4,11.4,False,,,,,,False,False,0.0,,False,0.0,,False,0.0,,,,,,,,,,,,,,,,,,,,,,,,,,,,,,,,,,,,,,,,,,,,,,,,,,,,,,,,,,,,,,,,,,,,,,,,,,,,,,,,,,,,,,,,,,,,,,,,,,,,,,,,ALTLINE_NB_v1_2026-01-18,,,,league_avg,2.3,,,,,,,,,,,,,,,,,,,,,,,,,exp/fallback,0.162,,,,,,,,,,,,,,,,,,,,,,,,,exp/fallback,0.145,,,,,,,,,,,,,,,,,,,,,,,,,exp/fallback,0.1868,,,,,,,,,,,,,,,,,,,,,,,,,exp/fallback,0.11605,,,,,,,,,,,,,,,,,,,,,,False,False,False,False,False,,,Active roster,2026-10-02T00:14:24+00:00,False,[],2025-2026,,2026-09-24-frozen-v2,2026-10-02T00:14:28.971676+00:00,2026020013,,,NO_PLAYER,,,NO_PLAYER,,,NO_PLAYER,,,NO_PLAYER,,,NO_PLAYER,,,NO_PLAYER,,,NO_PLAYER
2026-10-01,CHI@UTA,2026020013,8:30 PM,2026-10-02T01:30:00Z,Nick Lardis,8484185,CHI,False,,2026-27,CHI,L,,Healthy,Unknown,,,1.0,0.0,,33.0,22.0,2026-10-02T00:13:56+00:00,UTA,Karel Vejmelka,0.8961278426551936,2.745784742029823,48.2,Likely,dailyfaceoff_name_and_stats,24.75,4.0,24.75,4.0,,62.7,34.6,A1+A2,12.67,34.2,47.2,0.99,NONE,False,False,23.53719609781112,2.168816399449161,15.2,7.6,11.0,2.2,True,,,,,50.0,,,,,,,,,,,,,,,,,,,,,,,,,,,,,,,,,,,,,,,,1.4686248331108145,0.2670226969292389,,,0.0,2.389731525277711,2.221688383767261,50.0,19.0,61.4,19.0,3.3,2.1,,,,,COOL,COOL,COOL,1.21,,COOL,Red,Red,Red,Red,37.0,46.0,52.0,36.0,GOAL,52.0,,,,,,,B,Shooter,11.1,,44.4,,1.0,1.4028455284552843,57.516666666666666,1.4028455284552843,0.1107118796317089,11.1,11.1,3.4085772239930456,2.7435525934511737,0.7823819182845553,6.805363673303535,7.875048074868595,44.4,61.8,False,,,,,,False,False,0.0,,False,0.0,,False,0.0,,1.5,130.0,BetRivers,,,,,,,,,,1.5,130.0,BetRivers,0.5,145.0,BetRivers,1.5,750.0,BetRivers,,,,,,,0.5,145.0,BetRivers,0.5,240.0,BetRivers,,,,,,,,,,0.5,240.0,BetRivers,0.5,440.0,FanDuel,,,,,,,,,,0.5,440.0,FanDuel,0.5,440.0,FanDuel,,,,,,,,,,0.5,440.0,FanDuel,The Odds API,"[""Bally Bet"", ""BetMGM"", ""BetRivers"", ""Bovada"", ""Caesars"", ""Courtside"", ""DraftKings"", ""FanDuel"", ""Fanatics"", ""Hard Rock Bet"", ""theScore Bet""]",The Odds API,"[""Bally Bet"", ""BetMGM"", ""BetRivers"", ""Bovada"", ""Caesars"", ""Courtside"", ""DraftKings"", ""FanDuel"", ""Fanatics"", ""fanduel""]",The Odds API,"[""Bally Bet"", ""BetRivers""]",The Odds API,"[""Bally Bet"", ""BetRivers""]",The Odds API,"[""Bally Bet"", ""BetRivers""]",,,,,,,,,,,,,,,,,,ALTLINE_NB_v1_2026-01-18,1.5,130.0,BetRivers,league_avg,2.3,0.6001759479749428,60.0,0.4347826086956521,38.04046803423684,38.0,0.6001759479749428,60.0,38.04046803423684,38.0,,,,,,,,,,,,,0.5,145.0,BetRivers,exp/fallback,0.3299999999999999,0.2682332975046163,26.8,0.4081632653061224,-34.282842111369,-34.3,0.2682332975046163,26.8,-34.282842111369,-34.3,0.0517536813473087,5.2,-56.009370854787576,-56.0,,,,,,,,,0.5,240.0,BetRivers,exp/fallback,0.121,0.1108425855719537,11.1,0.2941176470588235,-62.31352090553575,-62.3,0.1108425855719537,11.1,-62.31352090553575,-62.3,,,,,,,,,,,,,0.5,440.0,FanDuel,exp/fallback,0.264,0.2219546259304144,22.2,0.1851851851851851,19.85549800242384,19.9,0.2219546259304144,22.2,19.85549800242384,19.9,,,,,,,,,,,,,0.5,440.0,FanDuel,exp/fallback,0.2415,0.200941638640569,20.1,0.1851851851851851,8.508484865907274,8.5,0.200941638640569,20.1,8.508484865907274,8.5,,,,,,,,,,,,,True,False,True,False,False,,,Active roster,2026-10-02T00:14:24+00:00,False,[],2025-2026,,2026-09-24-frozen-v2,2026-10-02T00:14:28.971676+00:00,2026020013,8484185.0,PLAYER_ID,FINAL,0.0,L,OK,0.0,L,OK,0.0,L,OK,0.0,L,OK,0.0,L,OK,0.0,,NO_LINE
2026-10-01,CHI@UTA,2026020013,8:30 PM,2026-10-02T01:30:00Z,Oliver Moore,8484197,CHI,False,,2026-27,CHI,C,,Healthy,Unknown,,,1.0,0.0,,33.0,22.0,2026-10-02T00:13:56+00:00,UTA,Karel Vejmelka,0.8961278426551936,2.745784742029823,48.2,Likely,dailyfaceoff_name_and_stats,24.75,4.0,24.75,4.0,,56.9,58.4,A1+A2,12.88,35.6,53.1,1.01,NONE,False,False,23.53719609781112,2.168816399449161,15.2,7.6,11.0,2.2,True,,,,,50.0,,,,,,,,,,,,,,,,,,,,,,,,,,,,,,,,,,,,,,,,1.4966592427616927,0.3207126948775056,,,0.0,2.389731525277711,2.221688383767261,50.0,19.0,61.9,19.0,4.31,1.48,,,,,COOL,COOL,COOL,2.84,,COOL,Red,Red,Red,Red,50.0,43.0,46.0,46.0,POINTS,50.0,,,,,,,C,Passenger,7.8,,44.4,,0.0,1.009,50.45,1.009,0.0783466197328916,7.8,7.8,4.459861248761149,1.4271555996035676,3.567888999008919,6.805363673303535,7.875048074868595,44.4,70.3,False,,,,,,False,False,0.0,,False,0.0,,False,0.0,,,,,,,,,,,,,,,,,0.5,185.0,BetRivers,,,,,,,,,,0.5,185.0,BetRivers,,,,,,,,,,,,,,,,0.5,550.0,theScore Bet,,,,,,,,,,0.5,550.0,theScore Bet,0.5,550.0,DraftKings,,,,,,,,,,0.5,550.0,DraftKings,The Odds API,"[""Bally Bet"", ""BetMGM"", ""BetRivers"", ""Bovada"", ""Caesars"", ""Courtside"", ""DraftKings"", ""FanDuel"", ""Fanatics"", ""Hard Rock Bet"", ""theScore Bet""]",The Odds API,"[""Bally Bet"", ""BetMGM"", ""BetRivers"", ""Bovada"", ""Caesars"", ""Courtside"", ""DraftKings"", ""FanDuel"", ""Fanatics"", ""fanatics""]",The Odds API,"[""Bally Bet"", ""BetRivers""]",,,,,,,,,,,,,,,,,,,,,,ALTLINE_NB_v1_2026-01-18,,,,league_avg,2.3,,,,,,,,,,,,,,,,,,,,,,0.5,185.0,BetRivers,exp/fallback,0.4309999999999999,0.3306383999205242,33.1,0.3508771929824561,-5.768056022650592,-5.8,0.3306383999205242,33.1,-5.768056022650592,-5.8,,,,,,,,,,,,,,,,exp/fallback,0.284,,,,,,,,,,,,,,,,,,,,,,0.5,550.0,theScore Bet,exp/fallback,0.2392,0.2042243166809917,20.4,0.1538461538461538,32.74580584264463,32.7,0.2042243166809917,20.4,32.74580584264463,32.7,,,,,,,,,,,,,0.5,550.0,DraftKings,exp/fallback,0.2012,0.1722869211903483,17.2,0.1538461538461538,11.986498773726453,12.0,0.1722869211903483,17.2,11.986498773726453,12.0,,,,,,,,,,,,,False,False,True,True,False,,,Active roster,2026-10-02T00:14:24+00:00,False,[],2025-2026,,2026-09-24-frozen-v2,2026-10-02T00:14:28.971676+00:00,2026020013,8484197.0,PLAYER_ID,FINAL,0.0,L,OK,0.0,,NO_LINE,2.0,,NO_LINE,0.0,L,OK,0.0,L,OK,0.0,,NO_LINE
2026-10-01,CHI@UTA,2026020013,8:30 PM,2026-10-02T01:30:00Z,Patrick Kane,8474141,DET,True,"{""season"":""2026-27"",""games"":[{""d"":""2026-09-29"",""g"":1,""a"":0,""s"":4,""pp"":0,""h"":""R"",""toi"":""21:36""}]}",2026-27,CHI,R,,Healthy,Unknown,,,1.0,0.0,,33.0,22.0,2026-10-02T00:13:56+00:00,UTA,Karel Vejmelka,0.8961278426551936,2.745784742029823,48.2,Likely,dailyfaceoff_name_and_stats,24.75,4.0,24.75,4.0,,80.0,93.9,A1+A2,17.7,73.1,83.5,1.13,NONE,False,False,23.53719609781112,2.168816399449161,15.2,7.6,11.0,2.2,True,,,4.0,,50.0,1.0,1.0,4.0,1.0,0.0,0.0,1.0,1.0,0.0,0.0,4.0,4.0,LOW,0.1,-0.4,LOW,0.05,,LOW,0.025,,LOW,0.0,,LOW,0.0,,LOW,0.0,,LOW,0.4,,LOW,0.2,,LOW,0.1,,2.00427434852104,0.7758481349113702,,,0.0,2.389731525277711,2.221688383767261,50.0,19.0,70.3,19.0,10.7,3.07,,8.73,1.79,,HOT,WARM,COOL,7.63,6.94,HOT,Green,Yellow,Yellow,Green,78.0,58.0,63.0,75.0,POINTS,78.0,0.0,1.0,0.0,0.0,0.0,1.0,,Passenger,17.2,,44.4,,,3.0432835820895523,203.9,3.0432835820895523,0.1719828495114922,17.2,17.2,4.264590485532123,0.950465914664051,3.898970083374203,6.805363673303535,7.875048074868595,44.4,84.1,False,,,,🅿️ D:0,,False,False,1.0,,False,0.0,,False,0.0,,1.5,-220.0,DraftKings,2.5,135.0,Fanatics,3.5,350.0,Fanatics,4.5,800.0,Fanatics,2.5,135.0,Fanatics,0.5,-132.0,theScore Bet,1.5,400.0,theScore Bet,2.5,1400.0,DraftKings,3.5,3000.0,BetOnline.ag,0.5,-132.0,theScore Bet,0.5,150.0,BetOnline.ag,1.5,800.0,Fanatics,2.5,3500.0,Fanatics,,,,0.5,150.0,BetOnline.ag,0.5,270.0,BetRivers,,,,,,,,,,0.5,270.0,BetRivers,0.5,270.0,BetRivers,,,,,,,,,,0.5,270.0,BetRivers,The Odds API,"[""Bally Bet"", ""BetMGM"", ""BetRivers"", ""Bovada"", ""Caesars"", ""Courtside"", ""DraftKings"", ""FanDuel"", ""Fanatics"", ""Hard Rock Bet"", ""fanduel"", ""theScore Bet""]",The Odds API,"[""Bally Bet"", ""BetMGM"", ""BetRivers"", ""Bovada"", ""Caesars"", ""Courtside"", ""DraftKings"", ""FanDuel"", ""Fanatics"", ""betrivers""]",The Odds API,"[""Bally Bet"", ""BetOnline.ag"", ""BetRivers"", ""Bovada"", ""Caesars"", ""Courtside"", ""DraftKings"", ""FanDuel"", ""Fanatics"", ""Hard Rock Bet"", ""ReBet"", ""draftkings"", ""theScore Bet""]",The Odds API,"[""Bally Bet"", ""BetOnline.ag"", ""BetRivers"", ""Courtside"", ""DraftKings"", ""FanDuel"", ""Fanatics"", ""Hard Rock Bet"", ""ReBet"", ""draftkings"", ""theScore Bet""]",The Odds API,"[""Bally Bet"", ""BetOnline.ag"", ""BetRivers"", ""Bovada"", ""Courtside"", ""DraftKings"", ""FanDuel"", ""Fanatics"", ""Hard Rock Bet"", ""ReBet"", ""draftkings"", ""theScore Bet""]",0.5,260.0,Hard Rock Bet,,,,,,,,,,0.5,260.0,Hard Rock Bet,The Odds API,"[""Bally Bet"", ""BetRivers"", ""Bovada"", ""FanDuel"", ""Hard Rock Bet"", ""theScore Bet""]",ALTLINE_NB_v1_2026-01-18,2.5,135.0,Fanatics,exp/fallback,0.4,0.0121706224058896,1.2,0.425531914893617,-97.13990373461594,-97.1,0.0686180154112674,6.9,-90.0191977583611,-90.0,0.0121706224058896,1.2,-97.13990373461594,-97.1,0.0019074600412755,0.2,-99.14164298142605,-99.1,0.0002746842105414,0.0,-99.7527842105127,-99.8,0.5,-132.0,theScore Bet,exp/fallback,1.0699999999999998,0.5970040042580608,59.7,0.5689655172413793,4.927976505962195,4.9,0.5970040042580608,59.7,4.927976505962195,4.9,0.2832857682130445,28.3,41.64288410652226,41.6,0.1184381901966654,11.8,77.65728529499819,77.7,0.0457189603162742,4.6,41.72877698045004,41.7,0.5,150.0,BetOnline.ag,exp/fallback,0.763,0.476039893798526,47.6,0.4,19.009973449631524,19.0,0.476039893798526,47.6,19.009973449631524,19.0,0.1866576563524713,18.7,67.99189071722421,68.0,0.0667886839467494,6.7,140.4392622082979,140.4,,,,,0.5,270.0,BetRivers,exp/fallback,0.2271,0.1953678834766232,19.5,0.2702702702702703,-27.713883113649384,-27.7,0.1953678834766232,19.5,-27.713883113649384,-27.7,,,,,,,,,,,,,0.5,270.0,BetRivers,exp/fallback,0.2284125,0.1918177392366523,19.2,0.2702702702702703,-29.027436482438628,-29.0,0.1918177392366523,19.2,-29.027436482438628,-29.0,,,,,,,,,,,,,False,False,False,False,True,,,Active roster,2026-10-02T00:14:24+00:00,False,"[{""market"":""Assists"",""name"":""Staff (Green Stance)"",""kind"":""STANCE"",""rule"":""Green + Assists 0.5"",""icon"":""staff.svg"",""kit_version"":""2026-09-24-frozen-v2""}]",2025-2026,,2026-09-24-frozen-v2,2026-10-02T00:14:28.971676+00:00,2026020013,8474141.0,PLAYER_ID,FINAL,0.0,L,OK,0.0,L,OK,0.0,L,OK,0.0,L,OK,0.0,L,OK,0.0,L,OK
2026-10-01,CHI@UTA,2026020013,8:30 PM,2026-10-02T01:30:00Z,Roman Kantserov,8484390,,,,,CHI,R,,Unknown,,,,,,,,,,,,,,,,,,,,,,,,,,,,,,,,,,,,,,,,,,,,,,,,,,,,,,,,,,,,,,,,,,,,,,,,,,,,,,,,,,,,,,,,,,,,,,,,,,,,,,,,,,,,,,,,,,,,,,,,,,,,,,,,,,,,,,,,,,,,,,,,,,,,,,,,,,,,,,,,,,,,,,,,,,,,,,,,,,,,,,,,,,,,,,,,,,,,,,,,,,,,,,,,,,,,,,,,,,,,,,,,,,,,,,,,,,,,,,,,,,,,,,,,,,,,,,,0.5,350.0,fanduel,,,,2.5,245.0,fanduel,,,,,,,,,,,,,,,,,,,,,,,,0.5,140.0,draftkings,,,,,,,,,,,,,,,,,,,,,,,,0.5,250.0,draftkings,,,,,,,,,,,,,,,,,,,,,,,,0.5,370.0,fanduel,,,,,,,,,,,,,,,,,,,,,,,,,,,,,,,,,,,,,,,,,,,,,,,,,,,,,,,,,Active roster,2026-10-02T00:14:24+00:00,True,[],Unavailable,True,2026-09-24-frozen-v2,2026-10-02T00:14:28.971676+00:00,2026020013,8484390.0,PLAYER_ID,FINAL,0.0,L,OK,0.0,L,OK,0.0,L,OK,0.0,L,OK,0.0,,NO_LINE,0.0,L,OK
2026-10-01,CHI@UTA,2026020013,8:30 PM,2026-10-02T01:30:00Z,Ryan Donato,8477987,CHI,False,"{""season"":""2026-27"",""games"":[{""d"":""2026-09-29"",""g"":0,""a"":0,""s"":2,""pp"":0,""h"":""R"",""toi"":""12:50""}]}",2026-27,CHI,C,,Healthy,Unknown,,,1.0,0.0,,33.0,22.0,2026-10-02T00:13:56+00:00,UTA,Karel Vejmelka,0.8961278426551936,2.745784742029823,48.2,Likely,dailyfaceoff_name_and_stats,24.75,4.0,24.75,4.0,,80.1,60.9,A1+A2,14.73,47.7,66.9,1.07,NONE,False,False,23.53719609781112,2.168816399449161,15.2,7.6,11.0,2.2,True,,,2.0,,50.0,0.0,0.0,2.0,0.0,0.0,0.0,0.0,0.0,0.0,0.0,2.0,2.0,LOW,0.0,-0.5,LOW,0.0,,LOW,0.0,,LOW,0.0,,LOW,0.0,,LOW,0.0,,LOW,0.2,,LOW,0.1,,LOW,0.05,,1.4920852529052622,0.5164910490825907,,,0.0,2.389731525277711,2.221688383767261,50.0,19.0,61.7,19.0,4.16,2.18,,4.16,2.18,,HOT,WARM,COOL,1.98,1.98,WARM,Red,Yellow,Yellow,Red,57.0,56.0,60.0,53.0,GOAL,60.0,1.0,1.0,1.0,1.0,0.0,1.0,B,Shooter,9.4,,44.4,,1.0,1.380452674897119,111.81666666666666,1.380452674897119,0.0937194423490626,9.4,9.4,2.0538083171858696,1.71173051125354,0.4024444775674467,6.805363673303535,7.875048074868595,44.4,58.0,False,,,,🥅 D:1,,False,False,1.0,,False,0.0,,False,0.0,,1.5,108.0,BetRivers,,,,,,,,,,1.5,108.0,BetRivers,0.5,235.0,BetRivers,,,,,,,,,,0.5,235.0,BetRivers,,,,,,,,,,,,,,,,0.5,500.0,Fanatics,,,,,,,,,,0.5,500.0,Fanatics,0.5,500.0,Fanatics,,,,,,,,,,0.5,500.0,Fanatics,The Odds API,"[""Bally Bet"", ""BetMGM"", ""BetRivers"", ""Bovada"", ""Caesars"", ""Courtside"", ""DraftKings"", ""FanDuel"", ""Fanatics"", ""Hard Rock Bet"", ""theScore Bet""]",The Odds API,"[""Bally Bet"", ""BetMGM"", ""BetRivers"", ""Bovada"", ""Caesars"", ""Courtside"", ""DraftKings"", ""FanDuel"", ""Fanatics"", ""betrivers""]",The Odds API,"[""Bally Bet"", ""BetRivers""]",The Odds API,"[""Bally Bet"", ""BetRivers""]",,,,,,,,,,,,,,,,,,,,ALTLINE_NB_v1_2026-01-18,1.5,108.0,BetRivers,exp/fallback,0.2,0.0205922919144261,2.1,0.4807692307692308,-95.71680328179936,-95.7,0.0205922919144261,2.1,-95.71680328179936,-95.7,,,,,,,,,,,,,0.5,235.0,BetRivers,exp/fallback,0.416,0.3218367186384604,32.2,0.2985074626865671,7.815300743884245,7.8,0.3218367186384604,32.2,7.815300743884245,7.8,,,,,,,,,,,,,,,,exp/fallback,0.198,,,,,,,,,,,,,,,,,,,,,,0.5,500.0,Fanatics,exp/fallback,0.2004,0.1753308024940375,17.5,0.1666666666666666,5.1984814964225246,5.2,0.1753308024940375,17.5,5.1984814964225246,5.2,,,,,,,,,,,,,0.5,500.0,Fanatics,exp/fallback,0.185025,0.1603058059297816,16.0,0.1666666666666666,-3.816516442131035,-3.8,0.1603058059297816,16.0,-3.816516442131035,-3.8,,,,,,,,,,,,,False,False,False,False,False,,,Active roster,2026-10-02T00:14:24+00:00,False,[],2025-2026,,2026-09-24-frozen-v2,2026-10-02T00:14:28.971676+00:00,2026020013,8477987.0,PLAYER_ID,FINAL,0.0,L,OK,0.0,,NO_LINE,0.0,L,OK,0.0,L,OK,0.0,L,OK,0.0,,NO_LINE
2026-10-01,CHI@UTA,2026020013,8:30 PM,2026-10-02T01:30:00Z,Ryan Greene,8483450,CHI,False,"{""season"":""2026-27"",""games"":[{""d"":""2026-09-29"",""g"":0,""a"":1,""s"":1,""pp"":0,""h"":""R"",""toi"":""14:43""}]}",2026-27,CHI,C,,Healthy,Unknown,,,1.0,0.0,,33.0,22.0,2026-10-02T00:13:56+00:00,UTA,Karel Vejmelka,0.8961278426551936,2.745784742029823,48.2,Likely,dailyfaceoff_name_and_stats,24.75,4.0,24.75,4.0,,77.6,66.1,A1+A2,16.76,64.6,71.0,1.08,NONE,False,False,23.53719609781112,2.168816399449161,15.2,7.6,11.0,2.2,True,,,1.0,,50.0,1.0,0.0,1.0,0.0,1.0,1.0,1.0,1.0,1.0,1.0,1.0,1.0,LOW,0.1,,LOW,0.05,,LOW,0.025,,LOW,0.1,,LOW,0.05,,LOW,0.025,,LOW,0.1,,LOW,0.05,,LOW,0.025,,1.2351840299438552,0.561447286338116,,,1.0,2.389731525277711,2.221688383767261,50.0,19.0,56.0,19.0,4.38,2.07,,3.38,2.07,,HOT,WARM,COOL,2.3,1.3,COOL,Red,Yellow,Red,Red,59.0,56.0,59.0,55.0,POINTS,59.0,0.0,0.0,1.0,1.0,0.0,1.0,B,Hybrid,7.3,,44.4,,1.0,1.2264583333333332,98.11666666666666,1.2264583333333332,0.0731704285572238,7.3,7.3,1.992016307117377,1.082384915916426,1.0701545778834722,6.805363673303535,7.875048074868595,44.4,57.6,False,,,,🅿️ D:0,,False,False,1.0,,False,0.0,,False,0.0,,,,,,,,,,,,,,,,,,,,,,,,,,,,,,,,,,,,,,,,,,,,,,,0.5,750.0,FanDuel,,,,,,,,,,0.5,750.0,FanDuel,0.5,750.0,FanDuel,,,,,,,,,,0.5,750.0,FanDuel,The Odds API,"[""Bally Bet"", ""BetMGM"", ""BetRivers"", ""Bovada"", ""Caesars"", ""Courtside"", ""DraftKings"", ""FanDuel"", ""Fanatics"", ""Hard Rock Bet"", ""theScore Bet""]",The Odds API,"[""Bally Bet"", ""BetMGM"", ""BetRivers"", ""Bovada"", ""Caesars"", ""Courtside"", ""DraftKings"", ""FanDuel"", ""Fanatics"", ""betrivers""]",,,,,,,,,,,,,,,,,,,,,,,,ALTLINE_NB_v1_2026-01-18,,,,exp/fallback,0.1,,,,,,,,,,,,,,,,,,,,,,,,,exp/fallback,0.438,,,,,,,,,,,,,,,,,,,,,,,,,exp/fallback,0.2299999999999999,,,,,,,,,,,,,,,,,,,,,,0.5,750.0,FanDuel,exp/fallback,0.1971,0.1728059552807673,17.3,0.1176470588235294,46.88506198865227,46.9,0.1728059552807673,17.3,46.88506198865227,46.9,,,,,,,,,,,,,0.5,750.0,FanDuel,exp/fallback,0.1796625,0.1562704188711743,15.6,0.1176470588235294,32.82985604049817,32.8,0.1562704188711743,15.6,32.82985604049817,32.8,,,,,,,,,,,,,False,False,True,True,False,,,Active roster,2026-10-02T00:14:24+00:00,False,[],2025-2026,,2026-09-24-frozen-v2,2026-10-02T00:14:28.971676+00:00,2026020013,8483450.0,PLAYER_ID,FINAL,0.0,,NO_LINE,0.0,,NO_LINE,0.0,,NO_LINE,0.0,L,OK,0.0,L,OK,0.0,,NO_LINE
2026-10-01,CHI@UTA,2026020013,8:30 PM,2026-10-02T01:30:00Z,Sacha Boisvert,8484793,CHI,False,,2026-27,CHI,C,,Healthy,Unknown,,,1.0,0.0,,33.0,21.0,2026-10-01T17:24:18+00:00,UTA,Karel Vejmelka,0.8961278426551936,2.745784742029823,48.2,Likely,dailyfaceoff_name_and_stats,24.75,4.0,24.75,4.0,,15.9,17.6,A1+A2,9.25,10.2,15.3,0.94,NONE,False,False,23.53719609781112,2.168816399449161,15.2,7.6,11.0,2.2,True,,,,,50.0,,,,,,,,,,,,,,,,,,,,,,,,,,,,,,,,,,,,,,,,0.0309997416688194,0.0154998708344097,,,0.0,2.389731525277711,2.221688383767261,50.0,19.0,33.3,19.0,2.0,0.66,,,,,COOL,COOL,COOL,1.34,,COOL,Red,Red,Red,Red,23.0,18.0,20.0,16.0,POINTS,23.0,,,,,,,C,Passenger,0.0,,44.4,,0.0,0.0,0.0,0.0,0.0,0.0,0.0,0.0,,,6.805363673303535,7.875048074868595,44.4,11.4,False,,,,,,False,False,0.0,,False,0.0,,False,0.0,,,,,,,,,,,,,,,,,,,,,,,,,,,,,,,,,,,,,,,,,,,,,,,,,,,,,,,,,,,,,,,,,,,,,,,,,,,,,,,,,,,,,,,,,,,,,,,,,,,,,,,,ALTLINE_NB_v1_2026-01-18,,,,league_avg,2.3,,,,,,,,,,,,,,,,,,,,,,,,,exp/fallback,0.2,,,,,,,,,,,,,,,,,,,,,,,,,exp/fallback,0.134,,,,,,,,,,,,,,,,,,,,,,,,,exp/fallback,0.2064,,,,,,,,,,,,,,,,,,,,,,,,,exp/fallback,0.1479,,,,,,,,,,,,,,,,,,,,,,False,False,False,False,False,,,Active roster,2026-10-01T17:24:42+00:00,False,[],2025-2026,,2026-09-24-frozen-v2,2026-10-01T17:24:46.238031+00:00,2026020013,,,NO_PLAYER,,,NO_PLAYER,,,NO_PLAYER,,,NO_PLAYER,,,NO_PLAYER,,,NO_PLAYER,,,NO_PLAYER
2026-10-01,CHI@UTA,2026020013,8:30 PM,2026-10-02T01:30:00Z,Sam Rinzel,8483506,CHI,False,,2026-27,CHI,D,,Healthy,Unknown,,,1.0,0.0,,33.0,22.0,2026-10-02T00:13:56+00:00,UTA,Karel Vejmelka,0.8961278426551936,2.745784742029823,48.2,Likely,dailyfaceoff_name_and_stats,24.75,4.0,24.75,4.0,,41.1,46.6,A1+A2,18.2,77.0,50.2,1.0,NONE,False,False,23.53719609781112,2.168816399449161,15.2,7.6,11.0,2.2,True,,,,,50.0,,,,,,,,,,,,,,,,,,,,,,,,,,,,,,,,,,,,,,,,0.8029197080291971,0.364963503649635,,,0.0,2.389731525277711,2.221688383767261,50.0,19.0,45.7,19.0,2.44,0.74,,,,,COOL,COOL,COOL,1.7,,COOL,Red,Red,Red,Red,46.0,37.0,38.0,41.0,POINTS,46.0,,,,,,,B,Hybrid,11.0,,44.4,,1.0,1.9949685534591195,105.73333333333332,1.9949685534591195,0.1096363887736762,11.0,11.0,0.923549810844893,0.5617906683480455,0.4255989911727617,6.805363673303535,7.875048074868595,44.4,60.4,False,,,,,,False,False,0.0,,False,0.0,,False,0.0,,1.5,100.0,BetRivers,,,,,,,,,,1.5,100.0,BetRivers,0.5,245.0,BetRivers,,,,,,,,,,0.5,245.0,BetRivers,,,,,,,,,,,,,,,,0.5,1000.0,FanDuel,,,,,,,,,,0.5,1000.0,FanDuel,0.5,1000.0,FanDuel,,,,,,,,,,0.5,1000.0,FanDuel,The Odds API,"[""Bally Bet"", ""BetMGM"", ""BetRivers"", ""Bovada"", ""Caesars"", ""Courtside"", ""DraftKings"", ""FanDuel"", ""Fanatics"", ""Hard Rock Bet"", ""theScore Bet""]",The Odds API,"[""Bally Bet"", ""BetMGM"", ""BetRivers"", ""Bovada"", ""Caesars"", ""Courtside"", ""DraftKings"", ""FanDuel"", ""Fanatics"", ""fanatics""]",The Odds API,"[""Bally Bet"", ""BetRivers""]",The Odds API,"[""Bally Bet"", ""BetRivers""]",,,0.5,600.0,Hard Rock Bet,,,,,,,,,,0.5,600.0,Hard Rock Bet,The Odds API,"[""Bovada"", ""Hard Rock Bet"", ""theScore Bet""]",ALTLINE_NB_v1_2026-01-18,1.5,100.0,BetRivers,league_avg,2.3,0.6001759479749428,60.0,0.5,20.035189594988555,20.0,0.6001759479749428,60.0,20.035189594988555,20.0,,,,,,,,,,,,,0.5,245.0,BetRivers,exp/fallback,0.244,0.2087480234863525,20.9,0.2898550724637681,-27.981931897208355,-28.0,0.2087480234863525,20.9,-27.981931897208355,-28.0,,,,,,,,,,,,,,,,exp/fallback,0.1699999999999999,,,,,,,,,,,,,,,,,,,,,,0.5,1000.0,FanDuel,exp/fallback,0.2096,0.1823130575867481,18.2,0.0909090909090909,100.54436334542292,100.5,0.1823130575867481,18.2,100.54436334542292,100.5,,,,,,,,,,,,,0.5,1000.0,FanDuel,exp/fallback,0.1530999999999999,0.1358013128113711,13.6,0.0909090909090909,49.3814440925082,49.4,0.1358013128113711,13.6,49.3814440925082,49.4,,,,,,,,,,,,,True,False,True,True,False,,,Active roster,2026-10-02T00:14:24+00:00,False,[],2025-2026,,2026-09-24-frozen-v2,2026-10-02T00:14:28.971676+00:00,2026020013,8483506.0,PLAYER_ID,FINAL,0.0,L,OK,0.0,,NO_LINE,2.0,W,OK,0.0,L,OK,0.0,L,OK,0.0,L,OK
2026-10-01,CHI@UTA,2026020013,8:30 PM,2026-10-02T01:30:00Z,Teuvo Teravainen,8476882,CHI,False,"{""season"":""2026-27"",""games"":[]}",2026-27,CHI,C,,Healthy,Unknown,,,1.0,0.0,,33.0,22.0,2026-10-02T00:13:56+00:00,UTA,Karel Vejmelka,0.8961278426551936,2.745784742029823,48.2,Likely,dailyfaceoff_name_and_stats,24.75,4.0,24.75,4.0,66.7,67.8,72.9,A1+A2,17.75,73.7,70.8,1.08,NONE,False,False,23.53719609781112,2.168816399449161,15.2,7.6,11.0,2.2,True,1.0,0.875,1.0,1.0,17.1,3.0,1.0,11.0,0.0,1.0,2.0,7.0,18.0,6.0,10.0,21.0,49.0,LOW,0.3,-0.2,LOW,0.35,,LOW,0.45,,LOW,0.2,,LOW,0.3,,LOW,0.25,,LOW,1.1,,LOW,1.05,,LOW,1.225,,0.8569231332625334,0.2636686563884718,,,2.0,2.389731525277711,2.221688383767261,50.0,19.0,47.1,19.0,4.6,1.53,11.0,1.6,0.53,-1.0,WARM,COOL,COOL,3.38,1.07,COOL,Yellow,Red,Red,Yellow,61.0,53.0,55.0,58.0,POINTS,61.0,4.0,4.0,5.0,5.0,2.0,4.0,A,Distributor,15.1,,44.4,,2.0,2.6722972972972974,197.75,2.6722972972972974,0.1505328596802841,15.1,15.1,3.3860935524652342,1.3228824273072062,2.427307206068268,6.805363673303535,7.875048074868595,44.4,76.3,False,,,,🅿️ D:4,,False,False,1.0,,False,0.0,,False,0.0,,,,,,,,,,,,,,,,,0.5,165.0,BetRivers,1.5,850.0,BetRivers,,,,,,,0.5,165.0,BetRivers,0.5,260.0,BetRivers,,,,,,,,,,0.5,260.0,BetRivers,0.5,625.0,FanDuel,,,,,,,,,,0.5,625.0,FanDuel,0.5,625.0,FanDuel,,,,,,,,,,0.5,625.0,FanDuel,The Odds API,"[""Bally Bet"", ""BetMGM"", ""BetRivers"", ""Bovada"", ""Caesars"", ""Courtside"", ""DraftKings"", ""FanDuel"", ""Fanatics"", ""Hard Rock Bet"", ""theScore Bet""]",The Odds API,"[""Bally Bet"", ""BetMGM"", ""BetRivers"", ""Bovada"", ""Caesars"", ""Courtside"", ""DraftKings"", ""FanDuel"", ""Fanatics"", ""fanduel""]",The Odds API,"[""Bally Bet"", ""BetRivers""]",,,The Odds API,"[""Bally Bet"", ""BetRivers""]",,,,,,,,,,,,,,,,,,ALTLINE_NB_v1_2026-01-18,,,,exp/fallback,1.1,,,,,,,,,,,,,,,,,,,,,,0.5,165.0,BetRivers,exp/fallback,0.4599999999999999,0.347222635633076,34.7,0.3773584905660377,-7.986001557234868,-8.0,0.347222635633076,34.7,-7.986001557234868,-8.0,0.08858560926892,8.9,-15.843671194526,-15.8,,,,,,,,,0.5,260.0,BetRivers,exp/fallback,0.3379999999999999,0.2682361050842226,26.8,0.2777777777777778,-3.4350021696798683,-3.4,0.2682361050842226,26.8,-3.4350021696798683,-3.4,,,,,,,,,,,,,0.5,625.0,FanDuel,exp/fallback,0.1809,0.1602529537587945,16.0,0.1379310344827586,16.18339147512605,16.2,0.1602529537587945,16.0,16.18339147512605,16.2,,,,,,,,,,,,,0.5,625.0,FanDuel,exp/fallback,0.1533375,0.1359879502092068,13.6,0.1379310344827586,-1.4087360983250363,-1.4,0.1359879502092068,13.6,-1.4087360983250363,-1.4,,,,,,,,,,,,,False,False,True,False,False,66.7,,Active roster,2026-10-02T00:14:24+00:00,False,[],2025-2026,,2026-09-24-frozen-v2,2026-10-02T00:14:28.971676+00:00,2026020013,8476882.0,PLAYER_ID,FINAL,0.0,L,OK,0.0,L,OK,1.0,,NO_LINE,0.0,L,OK,0.0,L,OK,0.0,,NO_LINE
2026-10-01,CHI@UTA,2026020013,8:30 PM,2026-10-02T01:30:00Z,Tyler Bertuzzi,8477479,CHI,False,"{""season"":""2026-27"",""games"":[{""d"":""2026-09-29"",""g"":0,""a"":0,""s"":0,""pp"":0,""h"":""R"",""toi"":""16:51""}]}",2026-27,CHI,L,,Healthy,Unknown,,,1.0,0.0,,33.0,22.0,2026-10-02T00:13:56+00:00,UTA,Karel Vejmelka,0.8961278426551936,2.745784742029823,48.2,Likely,dailyfaceoff_name_and_stats,24.75,4.0,24.75,4.0,,97.1,80.9,A1+A2,18.48,78.8,87.8,1.15,NONE,False,False,23.53719609781112,2.168816399449161,15.2,7.6,11.0,2.2,True,,,0.0,,50.0,0.0,0.0,0.0,0.0,0.0,0.0,0.0,0.0,0.0,0.0,0.0,0.0,LOW,0.0,-0.5,LOW,0.0,,LOW,0.0,,LOW,0.0,,LOW,0.0,,LOW,0.0,,LOW,0.0,,LOW,0.0,,LOW,0.0,,1.8446943078004217,0.4216444132115249,,,0.0,2.389731525277711,2.221688383767261,50.0,19.0,68.6,19.0,8.31,4.93,,8.31,4.48,,HOT,HOT,COOL,4.22,3.84,HOT,Yellow,Yellow,Green,Yellow,72.0,68.0,71.0,71.0,POINTS,72.0,1.0,1.0,1.0,1.0,0.0,1.0,A,Hybrid,16.8,,44.4,,2.0,3.101923076923077,241.95,3.101923076923077,0.167832410372614,16.8,16.8,4.422194668319901,2.6831990080595167,2.045877247365158,6.805363673303535,7.875048074868595,44.4,76.1,False,,,,🅿️ D:1,,False,False,2.0,,False,0.0,,False,0.0,,1.5,-128.0,FanDuel,2.5,240.0,FanDuel,3.5,550.0,Fanatics,4.5,1300.0,Fanatics,1.5,-128.0,FanDuel,0.5,115.0,theScore Bet,1.5,600.0,theScore Bet,2.5,1900.0,Fanatics,3.5,4400.0,BetOnline.ag,0.5,115.0,theScore Bet,0.5,240.0,Bovada,1.5,1400.0,DraftKings,2.5,3300.0,Bovada,,,,0.5,240.0,Bovada,0.5,290.0,theScore Bet,,,,,,,,,,0.5,290.0,theScore Bet,0.5,270.0,BetMGM,,,,,,,,,,0.5,270.0,BetMGM,The Odds API,"[""Bally Bet"", ""BetMGM"", ""BetRivers"", ""Bovada"", ""Caesars"", ""Courtside"", ""DraftKings"", ""FanDuel"", ""Fanatics"", ""Hard Rock Bet"", ""fanduel"", ""theScore Bet""]",The Odds API,"[""Bally Bet"", ""BetMGM"", ""BetRivers"", ""Bovada"", ""Caesars"", ""Courtside"", ""DraftKings"", ""FanDuel"", ""Fanatics"", ""betmgm""]",The Odds API,"[""Bally Bet"", ""BetOnline.ag"", ""BetRivers"", ""Bovada"", ""Caesars"", ""Courtside"", ""DraftKings"", ""FanDuel"", ""Fanatics"", ""Hard Rock Bet"", ""ReBet"", ""draftkings"", ""theScore Bet""]",The Odds API,"[""Bally Bet"", ""BetOnline.ag"", ""BetRivers"", ""Courtside"", ""DraftKings"", ""FanDuel"", ""Fanatics"", ""Hard Rock Bet"", ""ReBet"", ""theScore Bet""]",The Odds API,"[""Bally Bet"", ""BetOnline.ag"", ""BetRivers"", ""Bovada"", ""Courtside"", ""DraftKings"", ""FanDuel"", ""Fanatics"", ""Hard Rock Bet"", ""ReBet"", ""draftkings"", ""theScore Bet""]",0.5,350.0,Hard Rock Bet,,,,,,,,,,0.5,350.0,Hard Rock Bet,The Odds API,"[""Bally Bet"", ""BetRivers"", ""Bovada"", ""FanDuel"", ""Hard Rock Bet"", ""theScore Bet""]",ALTLINE_NB_v1_2026-01-18,1.5,-128.0,FanDuel,league_avg,2.3,0.6001759479749428,60.0,0.5614035087719298,6.906340733036681,6.9,0.6001759479749428,60.0,6.906340733036681,6.9,0.3835789960842564,38.4,30.41685866864716,30.4,0.2254288407355011,22.5,46.52874647807577,46.5,0.1243884637071297,12.4,74.14384918998165,74.1,0.5,115.0,theScore Bet,exp/fallback,0.8310000000000001,0.5178168167499927,51.8,0.4651162790697674,11.330615601248429,11.3,0.5178168167499927,51.8,11.330615601248429,11.3,0.207405672712532,20.7,45.18397089877245,45.2,0.0725198447935542,7.3,45.03968958710844,45.0,0.0233137121158251,2.3,4.911704521213012,4.9,0.5,240.0,Bovada,exp/fallback,0.422,0.3181140945134778,31.8,0.2941176470588235,8.158792134582459,8.2,0.3181140945134778,31.8,8.158792134582459,8.2,0.0804957195214775,8.0,20.74357928221624,20.7,0.0183931467015203,1.8,-37.46330121483075,-37.5,,,,,0.5,290.0,theScore Bet,exp/fallback,0.3772,0.29623949174755,29.6,0.2564102564102564,15.533401781544509,15.5,0.29623949174755,29.6,15.533401781544509,15.5,,,,,,,,,,,,,0.5,270.0,BetMGM,exp/fallback,0.42545,0.3131390874748789,31.3,0.2702702702702703,15.861462365705217,15.9,0.3131390874748789,31.3,15.861462365705217,15.9,,,,,,,,,,,,,False,True,True,True,False,,,Active roster,2026-10-02T00:14:24+00:00,False,[],2025-2026,,2026-09-24-frozen-v2,2026-10-02T00:14:28.971676+00:00,2026020013,8477479.0,PLAYER_ID,FINAL,0.0,L,OK,0.0,L,OK,2.0,W,OK,0.0,L,OK,0.0,L,OK,0.0,L,OK
2026-10-01,CHI@UTA,2026020013,8:30 PM,2026-10-02T01:30:00Z,Wyatt Kaiser,8482176,CHI,False,,2026-27,CHI,D,,Healthy,Unknown,,,1.0,0.0,,33.0,22.0,2026-10-02T00:13:56+00:00,UTA,Karel Vejmelka,0.8961278426551936,2.745784742029823,48.2,Likely,dailyfaceoff_name_and_stats,24.75,4.0,24.75,4.0,,43.7,51.9,A1+A2,19.61,85.9,55.0,1.02,NONE,False,False,23.53719609781112,2.168816399449161,15.2,7.6,11.0,2.2,True,,,,,50.0,,,,,,,,,,,,,,,,,,,,,,,,,,,,,,,,,,,,,,,,0.7239637012644227,0.1809909253161056,,,0.0,2.389731525277711,2.221688383767261,50.0,19.0,43.5,19.0,2.03,0.57,,,,,COOL,COOL,COOL,1.46,,COOL,Red,Red,Red,Red,50.0,39.0,40.0,44.0,POINTS,50.0,,,,,,,C,Passenger,0.4,,44.4,,0.0,0.0805194805194805,6.2,0.0805194805194805,0.0041053258878319,0.4,0.4,0.0,0.0,0.0,6.805363673303535,7.875048074868595,44.4,32.2,False,,,,,,False,False,0.0,,False,0.0,,False,0.0,,,,,,,,,,,,,,,,,,,,,,,,,,,,,,,,,,,,,,,,,,,,,,,0.5,2100.0,FanDuel,,,,,,,,,,0.5,2100.0,FanDuel,0.5,2500.0,fanatics,,,,,,,,,,0.5,2500.0,fanatics,The Odds API,"[""Bally Bet"", ""BetMGM"", ""BetRivers"", ""Bovada"", ""Caesars"", ""Courtside"", ""DraftKings"", ""FanDuel"", ""Fanatics"", ""Hard Rock Bet"", ""theScore Bet""]",BallDontLie,"[""Bally Bet"", ""BetMGM"", ""BetRivers"", ""Bovada"", ""Caesars"", ""Courtside"", ""DraftKings"", ""FanDuel"", ""Fanatics"", ""fanatics""]",,,,,,,,,,,,,,,,,,,,,,,,ALTLINE_NB_v1_2026-01-18,,,,league_avg,2.3,,,,,,,,,,,,,,,,,,,,,,,,,exp/fallback,0.2029999999999999,,,,,,,,,,,,,,,,,,,,,,,,,exp/fallback,0.146,,,,,,,,,,,,,,,,,,,,,,0.5,2100.0,FanDuel,exp/fallback,0.2027999999999999,0.1771602831856483,17.7,0.0454545454545454,289.75262300842644,289.8,0.1771602831856483,17.7,289.75262300842644,289.8,,,,,,,,,,,,,0.5,2500.0,fanatics,exp/fallback,0.14205,0.1270436463741587,12.7,0.0384615384615384,230.3134805728128,230.3,0.1270436463741587,12.7,230.3134805728128,230.3,,,,,,,,,,,,,False,False,True,True,False,,,Active roster,2026-10-02T00:14:24+00:00,False,[],2025-2026,,2026-09-24-frozen-v2,2026-10-02T00:14:28.971676+00:00,2026020013,8482176.0,PLAYER_ID,FINAL,0.0,,NO_LINE,0.0,,NO_LINE,1.0,,NO_LINE,0.0,L,OK,0.0,L,OK,0.0,,NO_LINE
2026-10-01,CHI@UTA,2026020013,8:30 PM,2026-10-02T01:30:00Z,Anders Lee,8475314,NYI,True,"{""season"":""2026-27"",""games"":[]}",2026-27,UTA,L,,Healthy,Unknown,,,0.0,0.0,,33.0,22.0,2026-10-02T00:13:56+00:00,CHI,Spencer Knight,0.9019987105093488,2.822524488185321,42.3,Unconfirmed,dailyfaceoff_name_and_stats,30.4,5.0,30.4,5.0,9.8,97.9,76.4,A1+A2,15.64,55.2,81.8,1.13,NONE,False,False,26.7944565478508,2.635160993712672,58.4,84.6,13.0,3.25,True,2.0,2.125,2.6,2.21,71.1,4.0,3.0,22.0,1.0,0.0,1.0,7.0,17.0,3.0,8.0,49.0,98.0,LOW,0.4,-0.1,LOW,0.35,,LOW,0.425,,LOW,0.1,,LOW,0.15,,LOW,0.2,,LOW,2.2,,LOW,2.45,,LOW,2.45,,1.649263044817617,0.7393248131941044,,,1.0,2.941628448429158,2.9328448015615374,50.0,81.4,65.0,97.5,7.65,4.48,24.31,3.65,1.48,0.1,HOT,COOL,COOL,3.16,2.16,WARM,Yellow,Red,Green,Yellow,76.0,81.0,86.0,76.0,GOAL,86.0,4.0,8.0,4.0,0.0,1.0,7.0,,Passenger,10.2,,64.8,,,1.5884146341463414,130.25,1.5884146341463414,0.1015752943928877,10.2,10.2,3.109404990403071,1.9347408829174664,1.381957773512476,7.844377233984053,7.431258595448294,64.8,69.0,False,,,,🥅 D:4,,False,False,2.0,,False,0.0,,False,0.0,,1.5,-155.0,Hard Rock Bet,2.5,195.0,FanDuel,3.5,460.0,Fanatics,4.5,1200.0,Fanatics,1.5,-155.0,Hard Rock Bet,0.5,155.0,Hard Rock Bet,1.5,1000.0,theScore Bet,2.5,3500.0,Fanatics,3.5,3700.0,BetOnline.ag,0.5,155.0,Hard Rock Bet,0.5,350.0,Hard Rock Bet,1.5,2200.0,Fanatics,2.5,3300.0,Bovada,,,,0.5,350.0,Hard Rock Bet,0.5,300.0,theScore Bet,,,,,,,,,,0.5,300.0,theScore Bet,0.5,280.0,FanDuel,,,,,,,,,,0.5,280.0,FanDuel,The Odds API,"[""Bally Bet"", ""BetMGM"", ""BetRivers"", ""Bovada"", ""Caesars"", ""Courtside"", ""DraftKings"", ""FanDuel"", ""Fanatics"", ""Hard Rock Bet"", ""theScore Bet""]",The Odds API,"[""Bally Bet"", ""BetMGM"", ""BetRivers"", ""Bovada"", ""Caesars"", ""Courtside"", ""DraftKings"", ""FanDuel"", ""Fanatics"", ""betmgm""]",The Odds API,"[""Bally Bet"", ""BetOnline.ag"", ""BetRivers"", ""Caesars"", ""Courtside"", ""DraftKings"", ""Fanatics"", ""Hard Rock Bet"", ""ReBet"", ""draftkings"", ""theScore Bet""]",The Odds API,"[""Bally Bet"", ""BetOnline.ag"", ""BetRivers"", ""Courtside"", ""DraftKings"", ""FanDuel"", ""Fanatics"", ""Hard Rock Bet"", ""ReBet"", ""theScore Bet""]",The Odds API,"[""Bally Bet"", ""BetOnline.ag"", ""BetRivers"", ""Bovada"", ""Courtside"", ""DraftKings"", ""Fanatics"", ""Hard Rock Bet"", ""ReBet"", ""draftkings"", ""theScore Bet""]",,,,,,,,,,,,,,,,,,ALTLINE_NB_v1_2026-01-18,1.5,-155.0,Hard Rock Bet,exp/fallback,2.431,0.6240289720959198,62.4,0.6078431372549019,2.662830893199708,2.7,0.6240289720959198,62.4,2.662830893199708,2.7,0.4101644106532437,41.0,20.998501142706893,21.0,0.2484773483403388,24.8,39.14731507058975,39.1,0.1415177487687831,14.2,83.97307339941801,84.0,0.5,155.0,Hard Rock Bet,exp/fallback,0.765,0.4922870618011479,49.2,0.392156862745098,25.53320075929272,25.5,0.4922870618011479,49.2,25.53320075929272,25.5,0.1859171957217774,18.6,104.5089152939552,104.5,0.0611278132751318,6.1,120.06012779047464,120.1,0.0184567840575251,1.8,-29.86422058140441,-29.9,0.5,350.0,Hard Rock Bet,exp/fallback,0.316,0.2542678252361734,25.4,0.2222222222222222,14.420521356278035,14.4,0.2542678252361734,25.4,14.420521356278035,14.4,0.0507692352315367,5.1,16.769241032534545,16.8,0.0091205600751473,0.9,-68.99009574449889,-69.0,,,,,0.5,300.0,theScore Bet,exp/fallback,0.3592,0.2851108861732843,28.5,0.25,14.044354469313712,14.0,0.2851108861732843,28.5,14.044354469313712,14.0,,,,,,,,,,,,,0.5,280.0,FanDuel,exp/fallback,0.3962,0.297097902592856,29.7,0.2631578947368421,12.897202985285306,12.9,0.297097902592856,29.7,12.897202985285306,12.9,,,,,,,,,,,,,False,True,True,True,True,9.8,,Active roster,2026-10-02T00:14:24+00:00,False,[],2025-2026,,2026-09-24-frozen-v2,2026-10-02T00:14:28.971676+00:00,2026020013,8475314.0,PLAYER_ID,FINAL,1.0,W,OK,0.0,L,OK,4.0,W,OK,1.0,W,OK,1.0,W,OK,0.0,,NO_LINE
2026-10-01,CHI@UTA,2026020013,8:30 PM,2026-10-02T01:30:00Z,Andrew Peeke,8479369,BOS,True,,2026-27,UTA,D,,Healthy,Unknown,,,0.0,0.0,,33.0,22.0,2026-10-02T00:13:56+00:00,CHI,Spencer Knight,0.9019987105093488,2.822524488185321,42.3,Unconfirmed,dailyfaceoff_name_and_stats,30.4,5.0,30.4,5.0,,38.6,46.6,A1+A2,19.39,84.9,50.7,1.0,NONE,False,False,26.7944565478508,2.635160993712672,58.4,84.6,13.0,3.25,True,,,,,50.0,,,,,,,,,,,,,,,,,,,,,,,,,,,,,,,,,,,,,,,,0.613231652187586,0.1415149966586737,,,0.0,2.941628448429158,2.9328448015615374,50.0,81.4,40.0,97.5,1.63,0.46,,,,,COOL,COOL,COOL,1.17,,COOL,Red,Red,Red,Red,52.0,47.0,43.0,47.0,POINTS,52.0,,,,,,,,Passenger,0.2,,64.8,,,0.032034632034632,2.466666666666667,0.032034632034632,0.0016525049965944,0.2,0.2,0.0,0.0,0.0,7.844377233984053,7.431258595448294,64.8,33.5,False,,,,,,False,False,0.0,,False,0.0,,False,0.0,,1.5,135.0,Hard Rock Bet,2.5,400.0,theScore Bet,3.5,1200.0,Fanatics,4.5,2100.0,BetOnline.ag,1.5,135.0,Hard Rock Bet,,,,,,,,,,,,,,,,,,,,,,,,,,,,,,,0.5,2000.0,DraftKings,,,,,,,,,,0.5,2000.0,DraftKings,0.5,2000.0,DraftKings,,,,,,,,,,0.5,2000.0,DraftKings,The Odds API,"[""Bally Bet"", ""BetMGM"", ""BetRivers"", ""Bovada"", ""Caesars"", ""Courtside"", ""DraftKings"", ""Fanatics"", ""Hard Rock Bet"", ""theScore Bet""]",The Odds API,"[""Bally Bet"", ""BetMGM"", ""BetRivers"", ""Bovada"", ""Caesars"", ""Courtside"", ""DraftKings"", ""Fanatics"", ""fanatics""]",,,The Odds API,"[""BetOnline.ag"", ""Courtside"", ""DraftKings"", ""Fanatics"", ""Hard Rock Bet"", ""ReBet"", ""theScore Bet""]",,,,,,,,,,,,,,,,,,,,ALTLINE_NB_v1_2026-01-18,1.5,135.0,Hard Rock Bet,league_avg,2.3,0.6001759479749428,60.0,0.425531914893617,41.04134777411156,41.0,0.6001759479749428,60.0,41.04134777411156,41.0,0.3835789960842564,38.4,91.7894980421282,91.8,0.2254288407355011,22.5,193.05749295615152,193.1,0.1243884637071297,12.4,173.65462015568545,173.7,,,,exp/fallback,0.1629999999999999,,,,,,,,,,,,,,,,,,,,,,,,,exp/fallback,0.1169999999999999,,,,,,,,,,,,,,,,,,,,,,0.5,2000.0,DraftKings,exp/fallback,0.1984,0.1738018822536343,17.4,0.0476190476190476,264.98395273263213,265.0,0.1738018822536343,17.4,264.98395273263213,265.0,,,,,,,,,,,,,0.5,2000.0,DraftKings,exp/fallback,0.1349,0.1212985883241976,12.1,0.0476190476190476,154.72703548081498,154.7,0.1212985883241976,12.1,154.72703548081498,154.7,,,,,,,,,,,,,True,False,True,True,False,,,Active roster,2026-10-02T00:14:24+00:00,False,[],2025-2026,,2026-09-24-frozen-v2,2026-10-02T00:14:28.971676+00:00,2026020013,8479369.0,PLAYER_ID,FINAL,1.0,,NO_LINE,1.0,,NO_LINE,0.0,L,OK,0.0,L,OK,0.0,L,OK,0.0,,NO_LINE
2026-10-01,CHI@UTA,2026020013,8:30 PM,2026-10-02T01:30:00Z,Barrett Hayton,8480849,UTA,False,"{""season"":""2026-27"",""games"":[]}",2026-27,UTA,C,,Healthy,Unknown,,,0.0,0.0,,33.0,22.0,2026-10-02T00:13:56+00:00,CHI,Spencer Knight,0.9019987105093488,2.822524488185321,42.3,Unconfirmed,dailyfaceoff_name_and_stats,30.4,5.0,30.4,5.0,,84.2,60.9,A1+A2,15.12,51.3,69.5,1.08,NONE,False,False,26.7944565478508,2.635160993712672,58.4,84.6,13.0,3.25,True,,,2.0,,50.0,0.0,0.0,2.0,0.0,0.0,0.0,0.0,0.0,0.0,0.0,2.0,2.0,LOW,0.0,-0.5,LOW,0.0,,LOW,0.0,,LOW,0.0,,LOW,0.0,,LOW,0.0,,LOW,0.2,,LOW,0.1,,LOW,0.05,,1.001968151726606,0.3578457684737878,,,0.0,2.941628448429158,2.9328448015615374,50.0,81.4,50.8,97.5,5.41,2.99,,5.41,2.99,,HOT,HOT,COOL,2.41,2.41,WARM,Red,Yellow,Yellow,Red,62.0,69.0,71.0,60.0,GOAL,71.0,1.0,1.0,1.0,1.0,0.0,1.0,B,Shooter,13.0,,64.8,,1.0,1.9614427860696515,131.41666666666666,1.9614427860696515,0.1297002993716485,13.0,13.0,2.255421686746988,1.867343056436272,0.4565630944831959,7.844377233984053,7.431258595448294,64.8,68.8,False,,,,🥅 D:1,,False,False,1.0,,False,0.0,,False,0.0,,1.5,120.0,Hard Rock Bet,2.5,350.0,Fanatics,3.5,950.0,Fanatics,4.5,1000.0,BetOnline.ag,1.5,120.0,Hard Rock Bet,0.5,132.0,BetRivers,1.5,650.0,BetRivers,,,,,,,0.5,132.0,BetRivers,,,,,,,,,,,,,,,,0.5,425.0,theScore Bet,,,,,,,,,,0.5,425.0,theScore Bet,0.5,370.0,DraftKings,,,,,,,,,,0.5,370.0,DraftKings,The Odds API,"[""Bally Bet"", ""BetMGM"", ""BetRivers"", ""Bovada"", ""Caesars"", ""Courtside"", ""DraftKings"", ""FanDuel"", ""Fanatics"", ""Hard Rock Bet"", ""theScore Bet""]",The Odds API,"[""Bally Bet"", ""BetMGM"", ""BetRivers"", ""Bovada"", ""Caesars"", ""Courtside"", ""DraftKings"", ""FanDuel"", ""Fanatics"", ""fanatics""]",The Odds API,"[""Bally Bet"", ""BetRivers""]",The Odds API,"[""Bally Bet"", ""BetOnline.ag"", ""BetRivers"", ""Courtside"", ""DraftKings"", ""Fanatics"", ""Hard Rock Bet"", ""ReBet"", ""theScore Bet""]",,,0.5,700.0,Bovada,,,,,,,,,,0.5,700.0,Bovada,The Odds API,"[""Bovada""]",ALTLINE_NB_v1_2026-01-18,1.5,120.0,Hard Rock Bet,exp/fallback,0.2,0.0205922919144261,2.1,0.4545454545454545,-95.46969577882624,-95.5,0.0205922919144261,2.1,-95.46969577882624,-95.5,0.0019369069985104,0.2,-99.1283918506703,-99.1,0.0001602036731851,0.0,-99.8317861431556,-99.8,1.2145062741386605e-05,0.0,-99.98664043098448,-100.0,0.5,132.0,BetRivers,exp/fallback,0.541,0.3907023619898527,39.1,0.4310344827586206,-9.357052018354162,-9.4,0.3907023619898527,39.1,-9.357052018354162,-9.4,0.1135509581444838,11.4,-14.836781391637157,-14.8,,,,,,,,,,,,exp/fallback,0.241,,,,,,,,,,,,,,,,,,,,,,0.5,425.0,theScore Bet,exp/fallback,0.2247,0.1935948506586595,19.4,0.1904761904761904,1.637296595796267,1.6,0.1935948506586595,19.4,1.637296595796267,1.6,,,,,,,,,,,,,0.5,370.0,DraftKings,exp/fallback,0.2245125,0.1890655826412874,18.9,0.2127659574468085,-11.139176158594877,-11.1,0.1890655826412874,18.9,-11.139176158594877,-11.1,,,,,,,,,,,,,False,False,False,False,False,,,Active roster,2026-10-02T00:14:24+00:00,False,[],2025-2026,,2026-09-24-frozen-v2,2026-10-02T00:14:28.971676+00:00,2026020013,8480849.0,PLAYER_ID,FINAL,0.0,L,OK,0.0,,NO_LINE,4.0,W,OK,0.0,L,OK,0.0,L,OK,0.0,L,OK
2026-10-01,CHI@UTA,2026020013,8:30 PM,2026-10-02T01:30:00Z,Clayton Keller,8479343,UTA,False,"{""season"":""2026-27"",""games"":[]}",2026-27,UTA,R,⭐ STAR,Healthy,Unknown,,,0.0,0.0,,33.0,22.0,2026-10-02T00:13:56+00:00,CHI,Spencer Knight,0.9019987105093488,2.822524488185321,42.3,Unconfirmed,dailyfaceoff_name_and_stats,30.4,5.0,30.4,5.0,14.6,93.7,98.7,A1+A2,19.09,82.9,93.3,1.21,STAR,False,True,26.7944565478508,2.635160993712672,58.4,84.6,13.0,3.25,True,3.0,3.5,3.8,3.28,90.7,5.0,1.0,21.0,1.0,4.0,4.0,5.0,5.0,4.0,4.0,21.0,21.0,LOW,0.5,-1.0,LOW,0.25,,LOW,0.125,,LOW,0.4,,LOW,0.2,,LOW,0.1,,LOW,2.1,,LOW,1.05,,LOW,0.525,,2.3991839510370623,1.3219993199591975,,,4.0,2.941628448429158,2.9328448015615374,50.0,81.4,73.7,97.5,17.42,4.15,36.08,7.9,2.77,11.8,HOT,HOT,HOT,12.33,5.13,HOT,Green,Yellow,Yellow,Green,88.0,85.0,84.0,87.0,POINTS,88.0,1.0,1.0,2.0,0.0,1.0,3.0,A,Distributor,16.4,,64.8,,2.0,3.13739837398374,257.26666666666665,3.13739837398374,0.1643841451726267,16.4,16.4,5.01425239699404,1.2477325732054936,4.431199792692408,7.844377233984053,7.431258595448294,64.8,89.6,False,,,,🅿️ D:1,,False,False,2.0,,False,0.0,,False,0.0,,1.5,-323.0,BetOnline.ag,2.5,-125.0,BetOnline.ag,3.5,200.0,theScore Bet,4.5,415.0,FanDuel,2.5,-125.0,BetOnline.ag,0.5,-250.0,Bovada,1.5,182.0,FanDuel,2.5,800.0,Bovada,3.5,1900.0,Fanatics,1.5,182.0,FanDuel,0.5,-135.0,theScore Bet,1.5,400.0,Bovada,2.5,1300.0,Fanatics,,,,0.5,-135.0,theScore Bet,0.5,205.0,DraftKings,,,,,,,,,,0.5,205.0,DraftKings,0.5,205.0,DraftKings,,,,,,,,,,0.5,205.0,DraftKings,The Odds API,"[""Bally Bet"", ""BetMGM"", ""BetRivers"", ""Bovada"", ""Caesars"", ""Courtside"", ""DraftKings"", ""FanDuel"", ""Fanatics"", ""Hard Rock Bet"", ""fanduel"", ""theScore Bet""]",The Odds API,"[""Bally Bet"", ""BetMGM"", ""BetRivers"", ""Bovada"", ""Caesars"", ""Courtside"", ""DraftKings"", ""FanDuel"", ""Fanatics"", ""fanatics""]",The Odds API,"[""Bally Bet"", ""BetOnline.ag"", ""BetRivers"", ""Bovada"", ""Caesars"", ""Courtside"", ""DraftKings"", ""FanDuel"", ""Fanatics"", ""Hard Rock Bet"", ""ReBet"", ""draftkings"", ""theScore Bet""]",The Odds API,"[""Bally Bet"", ""BetOnline.ag"", ""BetRivers"", ""Courtside"", ""DraftKings"", ""FanDuel"", ""Fanatics"", ""Hard Rock Bet"", ""ReBet"", ""draftkings"", ""theScore Bet""]",The Odds API,"[""Bally Bet"", ""BetOnline.ag"", ""BetRivers"", ""Bovada"", ""Courtside"", ""DraftKings"", ""FanDuel"", ""Fanatics"", ""Hard Rock Bet"", ""ReBet"", ""draftkings"", ""theScore Bet""]",0.5,150.0,BetRivers,1.5,550.0,Bovada,,,,,,,0.5,150.0,BetRivers,The Odds API,"[""Bally Bet"", ""BetRivers"", ""Bovada"", ""FanDuel"", ""Hard Rock Bet"", ""theScore Bet""]",ALTLINE_NB_v1_2026-01-18,2.5,-125.0,BetOnline.ag,exp/fallback,3.608,0.6067898730041089,60.7,0.5555555555555556,9.222177140739609,9.2,0.7786400562138562,77.9,1.9705089097403068,2.0,0.6067898730041089,60.7,9.222177140739609,9.2,0.4437942207904474,44.4,33.13826623713422,33.1,0.3085215409695931,30.9,58.88859359934049,58.9,1.5,182.0,FanDuel,exp/fallback,1.7420000000000002,0.465656716086712,46.6,0.3546099290780142,31.31519393645279,31.3,0.7433742924142317,74.3,4.0724009379924375,4.1,0.465656716086712,46.6,31.31519393645279,31.3,0.2627902116916607,26.3,136.51119052249464,136.5,0.1383842424395216,13.8,176.76848487904326,176.8,0.5,-135.0,theScore Bet,exp/fallback,1.233,0.6173087062556346,61.7,0.574468085106383,7.457441459314168,7.5,0.6173087062556346,61.7,7.457441459314168,7.5,0.3254074596198147,32.5,62.70372980990738,62.7,0.1584197220222432,15.8,121.78761083114048,121.8,,,,,0.5,205.0,DraftKings,exp/fallback,0.346,0.2767927314994365,27.7,0.3278688524590163,-15.57821689267187,-15.6,0.2767927314994365,27.7,-15.57821689267187,-15.6,,,,,,,,,,,,,0.5,205.0,DraftKings,exp/fallback,0.37475,0.2849373732687127,28.5,0.3278688524590163,-13.094101153042626,-13.1,0.2849373732687127,28.5,-13.094101153042626,-13.1,,,,,,,,,,,,,False,True,False,False,False,14.6,,Active roster,2026-10-02T00:14:24+00:00,False,"[{""market"":""Points"",""name"":""DPS Tank stance"",""kind"":""STANCE"",""rule"":""Conf_Points >= 75"",""icon"":""PTS15_TWO_HANDED_HAMMER.svg"",""kit_version"":""2026-09-24-frozen-v2""},{""market"":""Points"",""name"":""Backbone"",""kind"":""FLOOR"",""rule"":""Conf_Points >= 75 + Conf_Goal <= 88 + Conf_SOG >= 80"",""icon"":""PTS15_TWO_HANDED_HAMMER.svg"",""kit_version"":""2026-09-24-frozen-v2""},{""market"":""Points"",""name"":""Blade Impale (Power Tier)"",""kind"":""HEAVY"",""rule"":""Backbone + Assists_mu <= 1.55"",""icon"":""PTS15_BLADE_IMPALE.svg"",""kit_version"":""2026-09-24-frozen-v2""},{""market"":""Assists"",""name"":""Staff (Green Stance)"",""kind"":""STANCE"",""rule"":""Green + Assists 0.5"",""icon"":""staff.svg"",""kit_version"":""2026-09-24-frozen-v2""},{""market"":""Assists"",""name"":""Staff Awakened"",""kind"":""STANCE"",""rule"":""Green + Assists 0.5 + Conf_Assists ≥ 83"",""icon"":""staff.svg"",""kit_version"":""2026-09-24-frozen-v2""},{""market"":""Assists"",""name"":""Runic Infusion"",""kind"":""VOLUME"",""rule"":""Green + Assists 0.5 + Conf_Assists ≥ 83 + PP_iXA60 ≥ 4.4"",""icon"":""runic_infusion.svg"",""kit_version"":""2026-09-24-frozen-v2""},{""market"":""Assists"",""name"":""Assist Dagger"",""kind"":""VOLUME"",""rule"":""Green + Assists 0.5 + Conf_Assists ≥ 83 + Assist_Dagger ≥ 86"",""icon"":""magic-dagger.svg"",""kit_version"":""2026-09-24-frozen-v2""}]",2025-2026,,2026-09-24-frozen-v2,2026-10-02T00:14:28.971676+00:00,2026020013,8479343.0,PLAYER_ID,FINAL,2.0,W,OK,2.0,W,OK,4.0,W,OK,0.0,L,OK,0.0,L,OK,2.0,W,OK
2026-10-01,CHI@UTA,2026020013,8:30 PM,2026-10-02T01:30:00Z,Daniil But,8484388,UTA,False,,2026-27,UTA,L,,Healthy,Unknown,,,0.0,0.0,,33.0,22.0,2026-10-02T00:13:56+00:00,CHI,Spencer Knight,0.9019987105093488,2.822524488185321,42.3,Unconfirmed,dailyfaceoff_name_and_stats,30.4,5.0,30.4,5.0,,53.9,31.9,A1+A2,12.47,33.0,42.0,0.97,NONE,False,False,26.7944565478508,2.635160993712672,58.4,84.6,13.0,3.25,True,,,,,50.0,,,,,,,,,,,,,,,,,,,,,,,,,,,,,,,,,,,,,,,,0.7516442217350454,0.3758221108675227,,,0.0,2.941628448429158,2.9328448015615374,50.0,81.4,44.0,97.5,3.44,2.11,,,,,COOL,COOL,COOL,1.34,,COOL,Red,Red,Red,Red,40.0,51.0,52.0,38.0,GOAL,52.0,,,,,,,C,Passenger,10.8,,64.8,,0.0,1.3488505747126438,39.11666666666667,1.3488505747126438,0.1081716366317924,10.8,10.8,3.3668512995313167,1.4111631870472945,2.3008095440988496,7.844377233984053,7.431258595448294,64.8,75.0,False,,,,,,False,False,0.0,,False,0.0,,False,0.0,,,,,,,,,,,,,,,,,0.5,215.0,BetRivers,,,,,,,,,,0.5,215.0,BetRivers,,,,,,,,,,,,,,,,0.5,450.0,theScore Bet,,,,,,,,,,0.5,450.0,theScore Bet,0.5,450.0,DraftKings,,,,,,,,,,0.5,450.0,DraftKings,The Odds API,"[""Bally Bet"", ""BetMGM"", ""BetRivers"", ""Bovada"", ""Caesars"", ""Courtside"", ""DraftKings"", ""FanDuel"", ""Fanatics"", ""Hard Rock Bet"", ""theScore Bet""]",The Odds API,"[""Bally Bet"", ""BetMGM"", ""BetRivers"", ""Bovada"", ""Caesars"", ""Courtside"", ""DraftKings"", ""FanDuel"", ""Fanatics"", ""betmgm""]",The Odds API,"[""Bally Bet"", ""BetRivers""]",,,,,,,,,,,,,,,,,,,,,,ALTLINE_NB_v1_2026-01-18,,,,league_avg,2.3,,,,,,,,,,,,,,,,,,,,,,0.5,215.0,BetRivers,exp/fallback,0.344,0.2773400285448362,27.7,0.3174603174603174,-12.6378910083766,-12.6,0.2773400285448362,27.7,-12.6378910083766,-12.6,,,,,,,,,,,,,,,,exp/fallback,0.134,,,,,,,,,,,,,,,,,,,,,,0.5,450.0,theScore Bet,exp/fallback,0.2643999999999999,0.2222360471938217,22.2,0.1818181818181818,22.22982595660196,22.2,0.2222360471938217,22.2,22.22982595660196,22.2,,,,,,,,,,,,,0.5,450.0,DraftKings,exp/fallback,0.2421499999999999,0.2013903495511535,20.1,0.1818181818181818,10.764692253134443,10.8,0.2013903495511535,20.1,10.764692253134443,10.8,,,,,,,,,,,,,False,False,True,True,False,,,Active roster,2026-10-02T00:14:24+00:00,False,[],2025-2026,,2026-09-24-frozen-v2,2026-10-02T00:14:28.971676+00:00,2026020013,8484388.0,PLAYER_ID,FINAL,1.0,W,OK,0.0,,NO_LINE,1.0,,NO_LINE,1.0,W,OK,1.0,W,OK,0.0,,NO_LINE
2026-10-01,CHI@UTA,2026020013,8:30 PM,2026-10-02T01:30:00Z,Dmitri Simashev,8484386,UTA,False,,2026-27,UTA,D,,Healthy,Unknown,,,0.0,0.0,,33.0,22.0,2026-10-02T00:13:56+00:00,CHI,Spencer Knight,0.9019987105093488,2.822524488185321,42.3,Unconfirmed,dailyfaceoff_name_and_stats,30.4,5.0,30.4,5.0,,22.0,17.6,A1+A2,15.11,51.1,26.3,0.94,NONE,False,False,26.7944565478508,2.635160993712672,58.4,84.6,13.0,3.25,True,,,,,50.0,,,,,,,,,,,,,,,,,,,,,,,,,,,,,,,,,,,,,,,,0.1469027993144536,0.1469027993144536,,,0.0,2.941628448429158,2.9328448015615374,50.0,81.4,35.4,97.5,0.68,0.34,,,,,COOL,COOL,COOL,0.34,,COOL,Red,Red,Red,Red,33.0,35.0,32.0,29.0,SOG,35.0,,,,,,,C,Passenger,0.1,,64.8,,0.0,0.0160714285714285,0.45,0.0160714285714285,0.0010637878728182,0.1,0.1,0.0,0.0,0.0,7.844377233984053,7.431258595448294,64.8,30.6,False,,,,,,False,False,0.0,,False,0.0,,False,0.0,,,,,,,,,,,,,,,,,,,,,,,,,,,,,,,,,,,,,,,,,,,,,,,,,,,,,,,,,,,,,,0.5,1600.0,fanatics,,,,,,,,,,0.5,1600.0,fanatics,,,BallDontLie,"[""fanatics""]",,,,,,,,,,,,,,,,,,,,,,,,ALTLINE_NB_v1_2026-01-18,,,,league_avg,2.3,,,,,,,,,,,,,,,,,,,,,,,,,exp/fallback,0.068,,,,,,,,,,,,,,,,,,,,,,,,,exp/fallback,0.034,,,,,,,,,,,,,,,,,,,,,,,,,exp/fallback,0.1936,,,,,,,,,,,,,,,,,,,,,,0.5,1600.0,fanatics,exp/fallback,0.1271,0.1149597639007977,11.5,0.0588235294117647,95.4315986313562,95.4,0.1149597639007977,11.5,95.4315986313562,95.4,,,,,,,,,,,,,False,False,False,True,False,,,Active roster,2026-10-02T00:14:24+00:00,False,[],2025-2026,,2026-09-24-frozen-v2,2026-10-02T00:14:28.971676+00:00,2026020013,8484386.0,PLAYER_ID,FINAL,1.0,,NO_LINE,1.0,,NO_LINE,2.0,,NO_LINE,0.0,,NO_LINE,0.0,L,OK,0.0,,NO_LINE
2026-10-01,CHI@UTA,2026020013,8:30 PM,2026-10-02T01:30:00Z,Dylan Guenther,8482699,UTA,False,"{""season"":""2026-27"",""games"":[]}",2026-27,UTA,R,⭐ STAR,Healthy,Unknown,,,0.0,0.0,,33.0,22.0,2026-10-02T00:13:56+00:00,CHI,Spencer Knight,0.9019987105093488,2.822524488185321,42.3,Unconfirmed,dailyfaceoff_name_and_stats,30.4,5.0,30.4,5.0,22.0,94.7,88.4,A1+A2,17.4,70.3,87.6,1.18,STAR,False,True,26.7944565478508,2.635160993712672,58.4,84.6,13.0,3.25,True,4.5,4.75,4.6,4.535,99.2,5.0,3.0,27.0,3.0,2.0,2.0,5.0,5.0,2.0,2.0,27.0,27.0,LOW,0.5,0.0,LOW,0.25,,LOW,0.125,,LOW,0.2,,LOW,0.1,,LOW,0.05,,OK,2.7,,LOW,1.35,,LOW,0.675,,2.4793785536958435,0.7495795627452551,,,2.0,2.941628448429158,2.9328448015615374,50.0,81.4,74.3,97.5,10.0,5.59,61.22,4.09,1.14,18.35,HOT,COOL,HOT,5.44,2.95,HOT,Yellow,Green,Green,Yellow,81.0,86.0,88.0,80.0,GOAL,88.0,1.0,2.0,1.0,1.0,1.0,3.0,A,Distributor,17.8,,64.8,,2.0,3.1,244.9,3.1,0.1781976497410834,17.8,17.8,4.329726418946508,1.7786851776235195,3.001224989791752,7.844377233984053,7.431258595448294,64.8,88.0,True,,,,🥅 D:1,,False,False,2.0,,False,0.0,,False,0.0,,1.5,-500.0,DraftKings,2.5,-169.0,BetOnline.ag,3.5,146.0,FanDuel,4.5,325.0,FanDuel,2.5,-169.0,BetOnline.ag,0.5,-160.0,theScore Bet,1.5,340.0,FanDuel,2.5,1100.0,DraftKings,3.5,4000.0,Fanatics,0.5,-160.0,theScore Bet,0.5,190.0,FanDuel,1.5,950.0,DraftKings,2.5,4000.0,Fanatics,,,,0.5,190.0,FanDuel,0.5,165.0,BetMGM,,,,,,,,,,0.5,165.0,BetMGM,0.5,165.0,BetMGM,,,,,,,,,,0.5,165.0,BetMGM,The Odds API,"[""Bally Bet"", ""BetMGM"", ""BetRivers"", ""Bovada"", ""Caesars"", ""Courtside"", ""DraftKings"", ""FanDuel"", ""Fanatics"", ""Hard Rock Bet"", ""fanduel"", ""theScore Bet""]",The Odds API,"[""Bally Bet"", ""BetMGM"", ""BetRivers"", ""Bovada"", ""Caesars"", ""Courtside"", ""DraftKings"", ""FanDuel"", ""Fanatics"", ""betmgm""]",The Odds API,"[""Bally Bet"", ""BetOnline.ag"", ""BetRivers"", ""Bovada"", ""Caesars"", ""Courtside"", ""DraftKings"", ""FanDuel"", ""Fanatics"", ""Hard Rock Bet"", ""ReBet"", ""draftkings"", ""theScore Bet""]",The Odds API,"[""Bally Bet"", ""BetOnline.ag"", ""BetRivers"", ""Courtside"", ""DraftKings"", ""FanDuel"", ""Fanatics"", ""Hard Rock Bet"", ""ReBet"", ""fanduel"", ""theScore Bet""]",The Odds API,"[""Bally Bet"", ""BetOnline.ag"", ""BetRivers"", ""Bovada"", ""Courtside"", ""DraftKings"", ""FanDuel"", ""Fanatics"", ""Hard Rock Bet"", ""ReBet"", ""draftkings"", ""theScore Bet""]",0.5,210.0,BetRivers,,,,,,,,,,0.5,210.0,BetRivers,The Odds API,"[""Bally Bet"", ""BetRivers"", ""Bovada"", ""FanDuel"", ""Hard Rock Bet"", ""theScore Bet""]",ALTLINE_NB_v1_2026-01-18,2.5,-169.0,BetOnline.ag,exp/fallback,6.122,0.8273976848643245,82.7,0.6282527881040892,31.6982113778126,31.7,0.916610782273699,91.7,9.993293872843878,10.0,0.8273976848643245,82.7,31.6982113778126,31.7,0.7194817428883926,71.9,76.99250875054457,77.0,0.6052595096974082,60.5,157.23529162139846,157.2,0.5,-160.0,theScore Bet,exp/fallback,1.0,0.5757539530783636,57.6,0.6153846153846154,-6.439982624765911,-6.4,0.5757539530783636,57.6,-6.439982624765911,-6.4,0.2614976220252997,26.1,15.05895369113186,15.1,0.1043694564987677,10.4,25.243347798521253,25.2,0.038414424055532,3.8,57.49913862768153,57.5,0.5,190.0,FanDuel,exp/fallback,0.544,0.3819469166567778,38.2,0.3448275862068966,10.764605830465568,10.8,0.3819469166567778,38.2,10.764605830465568,10.8,0.1176223275540161,11.8,23.503443931716937,23.5,0.0328389687852057,3.3,34.63977201934361,34.6,,,,,0.5,165.0,BetMGM,exp/fallback,0.4035999999999999,0.3121273338071764,31.2,0.3773584905660377,-17.286256541098254,-17.3,0.3121273338071764,31.2,-17.286256541098254,-17.3,,,,,,,,,,,,,0.5,165.0,BetMGM,exp/fallback,0.4683499999999999,0.3355981206580027,33.6,0.3773584905660377,-11.066498025629269,-11.1,0.3355981206580027,33.6,-11.066498025629269,-11.1,,,,,,,,,,,,,True,False,False,False,True,22.0,,Active roster,2026-10-02T00:14:24+00:00,False,"[{""market"":""SOG"",""name"":""Jungle Stance"",""kind"":""STANCE"",""rule"":""Green + SOG 2.5 + Conf_SOG >= 75"",""icon"":""sog_basic_swipe.svg"",""kit_version"":""2026-09-24-frozen-v2""},{""market"":""SOG"",""name"":""Berserker Swipe"",""kind"":""FLOOR"",""rule"":""iXG% >= 93.2"",""icon"":""sog_basic_swipe.svg"",""kit_version"":""2026-09-24-frozen-v2""},{""market"":""SOG"",""name"":""Bloodthirst"",""kind"":""HEAVY"",""rule"":""PP_TOI_Pct >= 15.9 + iXG% >= 93.2"",""icon"":""sog_bloodthirst.svg"",""kit_version"":""2026-09-24-frozen-v2""}]",2025-2026,,2026-09-24-frozen-v2,2026-10-02T00:14:28.971676+00:00,2026020013,8482699.0,PLAYER_ID,FINAL,2.0,W,OK,0.0,L,OK,5.0,W,OK,2.0,W,OK,2.0,W,OK,2.0,W,OK
2026-10-01,CHI@UTA,2026020013,8:30 PM,2026-10-02T01:30:00Z,Jack McBain,8480855,UTA,False,"{""season"":""2026-27"",""games"":[]}",2026-27,UTA,C,,Healthy,Unknown,,,0.0,0.0,,33.0,22.0,2026-10-02T00:13:56+00:00,CHI,Spencer Knight,0.9019987105093488,2.822524488185321,42.3,Unconfirmed,dailyfaceoff_name_and_stats,30.4,5.0,30.4,5.0,,82.9,63.9,A1+A2,13.85,42.0,68.1,1.07,NONE,False,False,26.7944565478508,2.635160993712672,58.4,84.6,13.0,3.25,True,,,0.5,,50.0,0.0,0.0,1.0,0.0,0.0,0.0,0.0,0.0,0.0,0.0,1.0,1.0,LOW,0.0,-0.5,LOW,0.0,,LOW,0.0,,LOW,0.0,,LOW,0.0,,LOW,0.0,,LOW,0.1,,LOW,0.05,,LOW,0.025,,1.5030174213382927,0.6148707632747561,,,0.0,2.941628448429158,2.9328448015615374,50.0,81.4,62.1,97.5,4.85,2.56,,4.85,2.56,,HOT,HOT,COOL,2.29,2.29,WARM,Red,Yellow,Yellow,Red,64.0,67.0,68.0,62.0,GOAL,68.0,2.0,2.0,2.0,2.0,0.0,2.0,C,Passenger,2.4,,64.8,,0.0,0.334,25.05,0.334,0.0241213288396726,2.4,2.4,3.161676646706587,3.161676646706587,0.0,7.844377233984053,7.431258595448294,64.8,45.0,False,,,,🥅 D:2,,False,False,1.0,,False,0.0,,False,0.0,,1.5,160.0,BetRivers,,,,,,,,,,1.5,160.0,BetRivers,0.5,210.0,BetRivers,,,,,,,,,,0.5,210.0,BetRivers,,,,,,,,,,,,,,,,0.5,600.0,Fanatics,,,,,,,,,,0.5,600.0,Fanatics,0.5,600.0,Fanatics,,,,,,,,,,0.5,600.0,Fanatics,The Odds API,"[""Bally Bet"", ""BetMGM"", ""BetRivers"", ""Bovada"", ""Caesars"", ""Courtside"", ""DraftKings"", ""FanDuel"", ""Fanatics"", ""Hard Rock Bet"", ""theScore Bet""]",The Odds API,"[""Bally Bet"", ""BetMGM"", ""BetRivers"", ""Bovada"", ""Caesars"", ""Courtside"", ""DraftKings"", ""FanDuel"", ""Fanatics"", ""fanduel""]",The Odds API,"[""Bally Bet"", ""BetRivers""]",The Odds API,"[""Bally Bet"", ""BetRivers""]",,,,,,,,,,,,,,,,,,,,ALTLINE_NB_v1_2026-01-18,1.5,160.0,BetRivers,exp/fallback,0.1,0.0056639264392934,0.6,0.3846153846153846,-98.5273791257837,-98.5,0.0056639264392934,0.6,-98.5273791257837,-98.5,,,,,,,,,,,,,0.5,210.0,BetRivers,exp/fallback,0.485,0.3610771539574807,36.1,0.3225806451612903,11.933917726819033,11.9,0.3610771539574807,36.1,11.933917726819033,11.9,,,,,,,,,,,,,,,,exp/fallback,0.229,,,,,,,,,,,,,,,,,,,,,,0.5,600.0,Fanatics,exp/fallback,0.2118,0.1839704593772992,18.4,0.1428571428571428,28.77932156410949,28.8,0.1839704593772992,18.4,28.77932156410949,28.8,,,,,,,,,,,,,0.5,600.0,Fanatics,exp/fallback,0.20355,0.1740041394599961,17.4,0.1428571428571428,21.802897621997307,21.8,0.1740041394599961,17.4,21.802897621997307,21.8,,,,,,,,,,,,,False,True,True,True,False,,,Active roster,2026-10-02T00:14:24+00:00,False,[],2025-2026,,2026-09-24-frozen-v2,2026-10-02T00:14:28.971676+00:00,2026020013,8480855.0,PLAYER_ID,FINAL,0.0,L,OK,0.0,,NO_LINE,0.0,L,OK,0.0,L,OK,0.0,L,OK,0.0,,NO_LINE
2026-10-01,CHI@UTA,2026020013,8:30 PM,2026-10-02T01:30:00Z,John Marino,8478507,UTA,False,"{""season"":""2026-27"",""games"":[]}",2026-27,UTA,D,,Healthy,Unknown,,,0.0,0.0,,33.0,22.0,2026-10-02T00:13:56+00:00,CHI,Spencer Knight,0.9019987105093488,2.822524488185321,42.3,Unconfirmed,dailyfaceoff_name_and_stats,30.4,5.0,30.4,5.0,0.0,46.8,87.4,A1+A2,20.2,87.6,69.2,1.08,NONE,False,False,26.7944565478508,2.635160993712672,58.4,84.6,13.0,3.25,True,0.0,0.5,0.4,0.1399999999999999,2.8,1.0,1.0,4.0,1.0,0.0,0.0,1.0,1.0,0.0,0.0,4.0,4.0,LOW,0.1,-0.4,LOW,0.05,,LOW,0.025,,LOW,0.0,,LOW,0.0,,LOW,0.0,,LOW,0.4,,LOW,0.2,,LOW,0.1,,1.2157063673203223,0.5030509106153058,,,0.0,2.941628448429158,2.9328448015615374,50.0,81.4,55.0,97.5,4.96,0.65,1.4,3.96,-0.35,-2.6,HOT,COOL,COOL,4.31,4.31,HOT,Yellow,Red,Red,Yellow,80.0,42.0,43.0,79.0,POINTS,80.0,1.0,6.0,1.0,1.0,0.0,6.0,C,Passenger,0.3,,64.8,,0.0,0.0699999999999999,5.6,0.0699999999999999,0.0034649891719088,0.3,0.3,0.0,0.0,0.0,7.844377233984053,7.431258595448294,64.8,36.1,False,,,,🅿️ D:1,,False,False,0.0,,False,0.0,,False,0.0,,,,,,,,,,,,,,,,,0.5,180.0,theScore Bet,1.5,1100.0,Caesars,2.5,1550.0,BetOnline.ag,3.5,3200.0,BetOnline.ag,0.5,180.0,theScore Bet,0.5,230.0,Bovada,1.5,1600.0,DraftKings,2.5,3300.0,Bovada,,,,0.5,230.0,Bovada,0.5,850.0,DraftKings,,,,,,,,,,0.5,850.0,DraftKings,0.5,850.0,DraftKings,,,,,,,,,,0.5,850.0,DraftKings,The Odds API,"[""Bally Bet"", ""BetMGM"", ""BetRivers"", ""Bovada"", ""Caesars"", ""Courtside"", ""DraftKings"", ""FanDuel"", ""Fanatics"", ""Hard Rock Bet"", ""theScore Bet""]",The Odds API,"[""Bally Bet"", ""BetMGM"", ""BetRivers"", ""Bovada"", ""Caesars"", ""Courtside"", ""DraftKings"", ""FanDuel"", ""Fanatics"", ""betmgm""]",The Odds API,"[""Bally Bet"", ""BetOnline.ag"", ""BetRivers"", ""Caesars"", ""Courtside"", ""DraftKings"", ""Fanatics"", ""Hard Rock Bet"", ""ReBet"", ""draftkings"", ""theScore Bet""]",,,The Odds API,"[""Bally Bet"", ""BetOnline.ag"", ""BetRivers"", ""Bovada"", ""Courtside"", ""DraftKings"", ""Fanatics"", ""Hard Rock Bet"", ""ReBet"", ""draftkings"", ""theScore Bet""]",,,,,,,,,,,,,,,,,,ALTLINE_NB_v1_2026-01-18,,,,exp/fallback,0.1399999999999999,,,,,,,,,,,,,,,,,,,,,,0.5,180.0,theScore Bet,exp/fallback,0.496,0.3670474695184944,36.7,0.3571428571428571,2.77329146517844,2.8,0.3670474695184944,36.7,2.77329146517844,2.8,0.0995419692468286,10.0,19.45036309619441,19.5,0.0232290504576725,2.3,-61.67206674484032,-61.7,0.0049527913338891,0.5,-83.6557885981658,-83.7,0.5,230.0,Bovada,exp/fallback,0.4309999999999999,0.3231536774499002,32.3,0.303030303030303,6.640713558467059,6.6,0.3231536774499002,32.3,6.640713558467059,6.6,0.0831530480635629,8.3,41.360181708057,41.4,0.0193272945060692,1.9,-34.28719867936441,-34.3,,,,,0.5,850.0,DraftKings,exp/fallback,0.1545,0.139217958979145,13.9,0.1052631578947368,32.257061030187764,32.3,0.139217958979145,13.9,32.257061030187764,32.3,,,,,,,,,,,,,0.5,850.0,DraftKings,exp/fallback,0.1104375,0.101163106346753,10.1,0.1052631578947368,-3.89504897058458,-3.9,0.101163106346753,10.1,-3.89504897058458,-3.9,,,,,,,,,,,,,False,False,True,False,False,0.0,,Active roster,2026-10-02T00:14:24+00:00,False,[],2025-2026,,2026-09-24-frozen-v2,2026-10-02T00:14:28.971676+00:00,2026020013,8478507.0,PLAYER_ID,FINAL,0.0,L,OK,0.0,L,OK,1.0,,NO_LINE,0.0,L,OK,0.0,L,OK,0.0,,NO_LINE
2026-10-01,CHI@UTA,2026020013,8:30 PM,2026-10-02T01:30:00Z,Kailer Yamamoto,8479977,UTA,False,,2026-27,UTA,R,,Healthy,Unknown,,,0.0,0.0,,33.0,22.0,2026-10-02T00:13:56+00:00,CHI,Spencer Knight,0.9019987105093488,2.822524488185321,42.3,Unconfirmed,dailyfaceoff_name_and_stats,30.4,5.0,30.4,5.0,,61.4,49.3,A1+A2,11.8,26.3,50.1,1.0,NONE,False,False,26.7944565478508,2.635160993712672,58.4,84.6,13.0,3.25,True,,,,,50.0,,,,,,,,,,,,,,,,,,,,,,,,,,,,,,,,,,,,,,,,2.087482667338964,0.635320811798815,,,0.0,2.941628448429158,2.9328448015615374,50.0,81.4,71.3,97.5,3.11,1.41,,,,,COOL,COOL,COOL,1.7,,COOL,Red,Red,Red,Red,51.0,54.0,53.0,50.0,SOG,54.0,,,,,,,C,Passenger,3.4,,64.8,,0.0,0.403954802259887,23.83333333333333,0.403954802259887,0.0342441150410689,3.4,3.4,0.4531468531468531,0.4531468531468531,0.0,7.844377233984053,7.431258595448294,64.8,47.0,False,,,,,,False,False,0.0,,False,0.0,,False,0.0,,,,,,,,,,,,,,,,,,,,,,,,,,,,,,,,,,,,,,,,,,,,,,,,,,,,,,,,,,,,,,,,,,,,,,,,,,,,,,,,,,,,,,,,,,,,,,,,,,,,,,,,ALTLINE_NB_v1_2026-01-18,,,,league_avg,2.3,,,,,,,,,,,,,,,,,,,,,,,,,exp/fallback,0.311,,,,,,,,,,,,,,,,,,,,,,,,,exp/fallback,0.1699999999999999,,,,,,,,,,,,,,,,,,,,,,,,,exp/fallback,0.2364,,,,,,,,,,,,,,,,,,,,,,,,,exp/fallback,0.19665,,,,,,,,,,,,,,,,,,,,,,False,False,False,False,False,,,Active roster,2026-10-02T00:14:24+00:00,False,[],2025-2026,,2026-09-24-frozen-v2,2026-10-02T00:14:28.971676+00:00,2026020013,,,NO_PLAYER,,,NO_PLAYER,,,NO_PLAYER,,,NO_PLAYER,,,NO_PLAYER,,,NO_PLAYER,,,NO_PLAYER
2026-10-01,CHI@UTA,2026020013,8:30 PM,2026-10-02T01:30:00Z,Kevin Stenlund,8478831,UTA,False,,2026-27,UTA,C,,Healthy,Unknown,,,0.0,0.0,,33.0,22.0,2026-10-02T00:13:56+00:00,CHI,Spencer Knight,0.9019987105093488,2.822524488185321,42.3,Unconfirmed,dailyfaceoff_name_and_stats,30.4,5.0,30.4,5.0,,67.1,58.4,A1+A2,14.48,46.2,59.9,1.04,NONE,False,False,26.7944565478508,2.635160993712672,58.4,84.6,13.0,3.25,True,,,,,50.0,,,,,,,,,,,,,,,,,,,,,,,,,,,,,,,,,,,,,,,,0.6172016382512621,0.2057338794170873,,,0.0,2.941628448429158,2.9328448015615374,50.0,81.4,40.1,97.5,3.16,1.34,,,,,COOL,COOL,COOL,1.82,,COOL,Red,Red,Red,Red,55.0,59.0,58.0,52.0,SOG,59.0,,,,,,,C,Passenger,1.6,,64.8,,0.0,0.229375,18.35,0.229375,0.015842410463761,1.6,1.6,0.2942779291553133,0.2942779291553133,0.0,7.844377233984053,7.431258595448294,64.8,43.5,False,,,,,,False,False,0.0,,False,0.0,,False,0.0,,,,,,,,,,,,,,,,,,,,,,,,,,,,,,,,,,,,,,,,,,,,,,,0.5,900.0,FanDuel,,,,,,,,,,0.5,900.0,FanDuel,0.5,900.0,FanDuel,,,,,,,,,,0.5,900.0,FanDuel,The Odds API,"[""Bally Bet"", ""BetMGM"", ""BetRivers"", ""Bovada"", ""Caesars"", ""Courtside"", ""DraftKings"", ""FanDuel"", ""Fanatics"", ""Hard Rock Bet"", ""theScore Bet""]",The Odds API,"[""Bally Bet"", ""BetMGM"", ""BetRivers"", ""Bovada"", ""Caesars"", ""Courtside"", ""DraftKings"", ""FanDuel"", ""Fanatics"", ""betmgm""]",,,,,,,,,,,,,,,,,,,,,,,,ALTLINE_NB_v1_2026-01-18,,,,league_avg,2.3,,,,,,,,,,,,,,,,,,,,,,,,,exp/fallback,0.316,,,,,,,,,,,,,,,,,,,,,,,,,exp/fallback,0.182,,,,,,,,,,,,,,,,,,,,,,0.5,900.0,FanDuel,exp/fallback,0.2336,0.2001425261406411,20.0,0.1,100.1425261406411,100.1,0.2001425261406411,20.0,100.1425261406411,100.1,,,,,,,,,,,,,0.5,900.0,FanDuel,exp/fallback,0.1921,0.1655813663738159,16.6,0.1,65.58136637381592,65.6,0.1655813663738159,16.6,65.58136637381592,65.6,,,,,,,,,,,,,False,False,True,True,False,,,Active roster,2026-10-02T00:14:24+00:00,False,[],2025-2026,,2026-09-24-frozen-v2,2026-10-02T00:14:28.971676+00:00,2026020013,8478831.0,PLAYER_ID,FINAL,1.0,,NO_LINE,1.0,,NO_LINE,0.0,,NO_LINE,0.0,L,OK,0.0,L,OK,0.0,,NO_LINE
2026-10-01,CHI@UTA,2026020013,8:30 PM,2026-10-02T01:30:00Z,Lawson Crouse,8478474,UTA,False,"{""season"":""2026-27"",""games"":[]}",2026-27,UTA,L,,Healthy,Unknown,,,0.0,0.0,,33.0,22.0,2026-10-02T00:13:56+00:00,CHI,Spencer Knight,0.9019987105093488,2.822524488185321,42.3,Unconfirmed,dailyfaceoff_name_and_stats,30.4,5.0,30.4,5.0,7.3,89.0,71.0,A1+A2,16.6,62.5,77.4,1.11,NONE,False,False,26.7944565478508,2.635160993712672,58.4,84.6,13.0,3.25,True,1.5,1.5,1.8,1.605,46.3,5.0,3.0,11.0,3.0,1.0,2.0,5.0,5.0,2.0,2.0,11.0,11.0,LOW,0.5,0.0,LOW,0.25,,LOW,0.125,,LOW,0.2,,LOW,0.1,,LOW,0.05,,LOW,1.1,,LOW,0.55,,LOW,0.275,,2.202526622131093,0.7738607050730868,,,2.0,2.941628448429158,2.9328448015615374,50.0,81.4,72.3,97.5,5.68,2.94,17.66,0.68,-0.06,5.05,COOL,COOL,HOT,2.74,0.74,COOL,Yellow,Red,Red,Yellow,59.0,76.0,76.0,68.0,SOG,76.0,1.0,2.0,1.0,4.0,0.0,6.0,B,Shooter,6.0,,64.8,,1.0,0.9962962962962963,80.7,0.9962962962962963,0.0600290103023766,6.0,6.0,1.0408921933085502,1.0408921933085502,0.0,7.844377233984053,7.431258595448294,64.8,50.4,False,,,,🎯 D:4,,False,False,0.0,,False,0.0,,False,0.0,,1.5,-103.0,BetRivers,,,,,,,,,,1.5,-103.0,BetRivers,0.5,138.0,BetRivers,1.5,650.0,BetRivers,,,,,,,0.5,138.0,BetRivers,0.5,250.0,BetRivers,,,,,,,,,,0.5,250.0,BetRivers,0.5,375.0,Hard Rock Bet,,,,,,,,,,0.5,375.0,Hard Rock Bet,0.5,350.0,BetRivers,,,,,,,,,,0.5,350.0,BetRivers,The Odds API,"[""Bally Bet"", ""BetMGM"", ""BetRivers"", ""Bovada"", ""Caesars"", ""Courtside"", ""DraftKings"", ""FanDuel"", ""Fanatics"", ""Hard Rock Bet"", ""theScore Bet""]",The Odds API,"[""Bally Bet"", ""BetMGM"", ""BetRivers"", ""Bovada"", ""Caesars"", ""Courtside"", ""DraftKings"", ""FanDuel"", ""Fanatics"", ""betrivers""]",The Odds API,"[""Bally Bet"", ""BetRivers""]",The Odds API,"[""Bally Bet"", ""BetRivers""]",The Odds API,"[""Bally Bet"", ""BetRivers""]",,,,,,,,,,,,,,,,,,ALTLINE_NB_v1_2026-01-18,1.5,-103.0,BetRivers,exp/fallback,1.766,0.4846605003938643,48.5,0.5073891625615764,-4.479532446646156,-4.5,0.4846605003938643,48.5,-4.479532446646156,-4.5,,,,,,,,,,,,,0.5,138.0,BetRivers,exp/fallback,0.568,0.4043250587656719,40.4,0.4201680672268907,-3.77063601377009,-3.8,0.4043250587656719,40.4,-3.77063601377009,-3.8,0.1220900182075317,12.2,-8.432486344351197,-8.4,,,,,,,,,0.5,250.0,BetRivers,exp/fallback,0.274,0.2264665999880876,22.6,0.2857142857142857,-20.736690004169343,-20.7,0.2264665999880876,22.6,-20.736690004169343,-20.7,,,,,,,,,,,,,0.5,375.0,Hard Rock Bet,exp/fallback,0.2529599999999999,0.2141307990781819,21.4,0.2105263157894736,1.7121295621363997,1.7,0.2141307990781819,21.4,1.7121295621363997,1.7,,,,,,,,,,,,,0.5,350.0,BetRivers,exp/fallback,0.251685,0.2079251083665662,20.8,0.2222222222222222,-6.43370123504522,-6.4,0.2079251083665662,20.8,-6.43370123504522,-6.4,,,,,,,,,,,,,False,False,False,False,False,7.3,,Active roster,2026-10-02T00:14:24+00:00,False,[],2025-2026,,2026-09-24-frozen-v2,2026-10-02T00:14:28.971676+00:00,2026020013,8478474.0,PLAYER_ID,FINAL,1.0,W,OK,1.0,W,OK,1.0,L,OK,0.0,L,OK,0.0,L,OK,1.0,,NO_LINE
2026-10-01,CHI@UTA,2026020013,8:30 PM,2026-10-02T01:30:00Z,Liam O'Brien,8477070,UTA,False,,2026-27,UTA,C,,Healthy,Unknown,,,0.0,0.0,,33.0,22.0,2026-10-02T00:13:56+00:00,CHI,Spencer Knight,0.9019987105093488,2.822524488185321,42.3,Unconfirmed,dailyfaceoff_name_and_stats,30.4,5.0,30.4,5.0,,48.3,17.6,A1+A2,9.15,9.2,29.7,0.94,NONE,False,False,26.7944565478508,2.635160993712672,58.4,84.6,13.0,3.25,True,,,,,50.0,,,,,,,,,,,,,,,,,,,,,,,,,,,,,,,,,,,,,,,,0.6984188573091473,0.1746047143272868,,,0.0,2.941628448429158,2.9328448015615374,50.0,81.4,42.2,97.5,1.5,1.25,,,,,COOL,COOL,COOL,0.25,,COOL,Red,Red,Red,Red,30.0,46.0,48.0,28.0,GOAL,48.0,,,,,,,C,Passenger,0.2,,64.8,,0.0,0.018859649122807,0.7166666666666667,0.018859649122807,0.0020616579565613,0.2,0.2,0.8372093023255813,0.8372093023255813,0.0,7.844377233984053,7.431258595448294,64.8,33.5,False,,,,,,False,False,0.0,,False,0.0,,False,0.0,,,,,,,,,,,,,,,,,,,,,,,,,,,,,,,,,,,,,,,,,,,,,,,0.5,750.0,BetRivers,,,,,,,,,,0.5,750.0,BetRivers,0.5,750.0,BetRivers,,,,,,,,,,0.5,750.0,BetRivers,The Odds API,"[""Bally Bet"", ""BetRivers"", ""Hard Rock Bet""]",The Odds API,"[""Bally Bet"", ""BetRivers"", ""betrivers""]",,,,,,,,,,,,,,,,,,,,,,,,ALTLINE_NB_v1_2026-01-18,,,,league_avg,2.3,,,,,,,,,,,,,,,,,,,,,,,,,exp/fallback,0.15,,,,,,,,,,,,,,,,,,,,,,,,,exp/fallback,0.025,,,,,,,,,,,,,,,,,,,,,,0.5,750.0,BetRivers,exp/fallback,0.2299999999999999,0.1975030248806748,19.8,0.1176470588235294,67.87757114857362,67.9,0.1975030248806748,19.8,67.87757114857362,67.9,,,,,,,,,,,,,0.5,750.0,BetRivers,exp/fallback,0.18625,0.1612231755389774,16.1,0.1176470588235294,37.03969920813084,37.0,0.1612231755389774,16.1,37.03969920813084,37.0,,,,,,,,,,,,,False,False,True,True,False,,,Active roster,2026-10-02T00:14:24+00:00,False,[],2025-2026,,2026-09-24-frozen-v2,2026-10-02T00:14:28.971676+00:00,2026020013,,,NO_PLAYER,,,NO_PLAYER,,,NO_PLAYER,,,NO_PLAYER,,,NO_PLAYER,,,NO_PLAYER,,,NO_PLAYER
2026-10-01,CHI@UTA,2026020013,8:30 PM,2026-10-02T01:30:00Z,Logan Cooley,8483431,UTA,False,"{""season"":""2026-27"",""games"":[]}",2026-27,UTA,C,,Healthy,Unknown,,,0.0,0.0,,33.0,22.0,2026-10-02T00:13:56+00:00,CHI,Spencer Knight,0.9019987105093488,2.822524488185321,42.3,Unconfirmed,dailyfaceoff_name_and_stats,30.4,5.0,30.4,5.0,12.2,81.6,69.6,A1+A2,17.33,69.7,75.0,1.1,NONE,False,False,26.7944565478508,2.635160993712672,58.4,84.6,13.0,3.25,True,2.5,2.75,2.4,2.465,78.5,3.0,2.0,17.0,1.0,1.0,1.0,3.0,3.0,1.0,1.0,17.0,17.0,LOW,0.3,-0.2,LOW,0.15,,LOW,0.075,,LOW,0.1,,LOW,0.05,,LOW,0.025,,LOW,1.7,,LOW,0.85,,LOW,0.425,,2.263388346244527,0.6466823846412934,,,1.0,2.941628448429158,2.9328448015615374,50.0,81.4,73.1,97.5,8.1,3.84,27.12,4.36,1.49,7.65,HOT,COOL,HOT,4.26,2.87,HOT,Red,Red,Yellow,Red,73.0,75.0,76.0,70.0,GOAL,76.0,3.0,3.0,4.0,1.0,1.0,3.0,B,Shooter,13.8,,64.8,,1.0,2.3969135802469137,129.43333333333334,2.3969135802469137,0.1383278116205336,13.8,13.8,3.5867885655421063,2.5032191604429563,1.2747875354107647,7.844377233984053,7.431258595448294,64.8,74.1,False,,,,🥅 D:4,,False,False,1.0,,False,0.0,,False,0.0,,1.5,-180.0,Fanatics,2.5,170.0,Fanatics,3.5,440.0,Fanatics,4.5,1100.0,Fanatics,1.5,-180.0,Fanatics,0.5,-135.0,DraftKings,1.5,375.0,theScore Bet,2.5,1500.0,Fanatics,3.5,3000.0,BetOnline.ag,0.5,-135.0,DraftKings,0.5,155.0,DraftKings,1.5,950.0,DraftKings,2.5,2500.0,Bovada,,,,0.5,155.0,DraftKings,0.5,210.0,FanDuel,,,,,,,,,,0.5,210.0,FanDuel,0.5,210.0,FanDuel,,,,,,,,,,0.5,210.0,FanDuel,The Odds API,"[""Bally Bet"", ""BetMGM"", ""BetRivers"", ""Bovada"", ""Caesars"", ""Courtside"", ""DraftKings"", ""FanDuel"", ""Fanatics"", ""Hard Rock Bet"", ""fanduel"", ""theScore Bet""]",The Odds API,"[""Bally Bet"", ""BetMGM"", ""BetRivers"", ""Bovada"", ""Caesars"", ""Courtside"", ""DraftKings"", ""FanDuel"", ""Fanatics"", ""fanatics""]",The Odds API,"[""Bally Bet"", ""BetOnline.ag"", ""BetRivers"", ""Bovada"", ""Caesars"", ""Courtside"", ""DraftKings"", ""FanDuel"", ""Fanatics"", ""Hard Rock Bet"", ""ReBet"", ""draftkings"", ""theScore Bet""]",The Odds API,"[""Bally Bet"", ""BetOnline.ag"", ""BetRivers"", ""Courtside"", ""DraftKings"", ""FanDuel"", ""Fanatics"", ""Hard Rock Bet"", ""ReBet"", ""theScore Bet""]",The Odds API,"[""Bally Bet"", ""BetOnline.ag"", ""BetRivers"", ""Bovada"", ""Courtside"", ""DraftKings"", ""FanDuel"", ""Fanatics"", ""Hard Rock Bet"", ""ReBet"", ""draftkings"", ""theScore Bet""]",0.5,210.0,BetRivers,1.5,750.0,Bovada,,,,,,,0.5,210.0,BetRivers,The Odds API,"[""Bally Bet"", ""BetRivers"", ""Bovada"", ""FanDuel"", ""Hard Rock Bet"", ""theScore Bet""]",ALTLINE_NB_v1_2026-01-18,1.5,-180.0,Fanatics,exp/fallback,2.712,0.6700069921693282,67.0,0.6428571428571429,4.223309893006616,4.2,0.6700069921693282,67.0,4.223309893006616,4.2,0.464082668262146,46.4,25.302320430779435,25.3,0.2976742158079511,29.8,60.74407653629365,60.7,0.1800081676333967,18.0,116.00980116007614,116.0,0.5,-135.0,DraftKings,exp/fallback,0.8099999999999999,0.5098855514370151,51.0,0.574468085106383,-11.242144749852931,-11.2,0.5098855514370151,51.0,-11.242144749852931,-11.2,0.2005807572523499,20.1,-4.724140305133795,-4.7,0.0688219756236271,6.9,10.115160997803418,10.1,0.0217029411338851,2.2,-32.720882484956014,-32.7,0.5,155.0,DraftKings,exp/fallback,0.426,0.320360834025999,32.0,0.392156862745098,-18.30798732337025,-18.3,0.320360834025999,32.0,-18.30798732337025,-18.3,0.0816746965940744,8.2,-14.24156857622183,-14.2,0.0188055944427967,1.9,-51.10545444872852,-51.1,,,,,0.5,210.0,FanDuel,exp/fallback,0.3336,0.2688547513675479,26.9,0.3225806451612903,-16.655027076060158,-16.7,0.2688547513675479,26.9,-16.655027076060158,-16.7,,,,,,,,,,,,,0.5,210.0,FanDuel,exp/fallback,0.3546,0.2731942990022051,27.3,0.3225806451612903,-15.309767309316404,-15.3,0.2731942990022051,27.3,-15.309767309316404,-15.3,,,,,,,,,,,,,False,False,False,False,False,12.2,,Active roster,2026-10-02T00:14:24+00:00,False,[],2025-2026,,2026-09-24-frozen-v2,2026-10-02T00:14:28.971676+00:00,2026020013,8483431.0,PLAYER_ID,FINAL,1.0,W,OK,1.0,W,OK,0.0,L,OK,0.0,L,OK,0.0,L,OK,1.0,W,OK
2026-10-01,CHI@UTA,2026020013,8:30 PM,2026-10-02T01:30:00Z,MacKenzie Weegar,8477346,UTA,False,"{""season"":""2026-27"",""games"":[]}",2026-27,UTA,D,,Healthy,Unknown,,,0.0,0.0,,33.0,22.0,2026-10-02T00:13:56+00:00,CHI,Spencer Knight,0.9019987105093488,2.822524488185321,42.3,Unconfirmed,dailyfaceoff_name_and_stats,30.4,5.0,30.4,5.0,7.3,50.5,77.8,A1+A2,22.46,95.3,69.0,1.08,NONE,False,False,26.7944565478508,2.635160993712672,58.4,84.6,13.0,3.25,True,1.5,1.5,1.4,1.465,38.2,5.0,2.0,9.0,2.0,3.0,3.0,5.0,5.0,3.0,3.0,9.0,9.0,LOW,0.5,0.0,LOW,0.25,,LOW,0.125,,LOW,0.3,,LOW,0.15,,LOW,0.075,,LOW,0.9,,LOW,0.45,,LOW,0.225,,0.8913727848325139,0.4244632308726256,,,3.0,2.941628448429158,2.9328448015615374,50.0,81.4,48.1,97.5,4.04,0.77,14.65,-0.96,-1.23,5.65,COOL,COOL,HOT,3.27,0.27,COOL,Yellow,Red,Red,Yellow,61.0,52.0,54.0,65.0,ASSISTS,65.0,0.0,0.0,3.0,2.0,0.0,6.0,B,Distributor,8.4,,64.8,,1.0,1.8867088607594933,149.05,1.8867088607594933,0.0839947027829174,8.4,8.4,2.016772895001677,0.3059376048305937,2.0127474002012744,7.844377233984053,7.431258595448294,64.8,70.5,False,,,,🅰️ D:0,,False,False,1.0,,False,0.0,,False,0.0,,1.5,-156.0,BetOnline.ag,2.5,180.0,Fanatics,3.5,460.0,Fanatics,4.5,1200.0,Fanatics,1.5,-156.0,BetOnline.ag,0.5,160.0,theScore Bet,1.5,1000.0,theScore Bet,2.5,4000.0,Fanatics,3.5,3400.0,BetOnline.ag,0.5,160.0,theScore Bet,0.5,225.0,Hard Rock Bet,1.5,1500.0,Fanatics,2.5,3300.0,Bovada,,,,0.5,225.0,Hard Rock Bet,0.5,650.0,FanDuel,,,,,,,,,,0.5,650.0,FanDuel,0.5,650.0,FanDuel,,,,,,,,,,0.5,650.0,FanDuel,The Odds API,"[""Bally Bet"", ""BetMGM"", ""BetRivers"", ""Bovada"", ""Caesars"", ""Courtside"", ""DraftKings"", ""FanDuel"", ""Fanatics"", ""Hard Rock Bet"", ""theScore Bet""]",The Odds API,"[""Bally Bet"", ""BetMGM"", ""BetRivers"", ""Bovada"", ""Caesars"", ""Courtside"", ""DraftKings"", ""FanDuel"", ""Fanatics"", ""fanduel""]",The Odds API,"[""Bally Bet"", ""BetOnline.ag"", ""BetRivers"", ""Caesars"", ""Courtside"", ""DraftKings"", ""Fanatics"", ""Hard Rock Bet"", ""ReBet"", ""draftkings"", ""theScore Bet""]",The Odds API,"[""Bally Bet"", ""BetOnline.ag"", ""BetRivers"", ""Courtside"", ""DraftKings"", ""Fanatics"", ""Hard Rock Bet"", ""ReBet"", ""theScore Bet""]",The Odds API,"[""Bally Bet"", ""BetOnline.ag"", ""BetRivers"", ""Bovada"", ""Courtside"", ""DraftKings"", ""Fanatics"", ""Hard Rock Bet"", ""ReBet"", ""draftkings"", ""theScore Bet""]",,,,,,,,,,,,,,,,,,ALTLINE_NB_v1_2026-01-18,1.5,-156.0,BetOnline.ag,exp/fallback,1.465,0.4052597315141537,40.5,0.609375,-33.49583893101067,-33.5,0.4052597315141537,40.5,-33.49583893101067,-33.5,0.1990191061044467,19.9,-44.27465029075491,-44.3,0.0884454496633778,8.8,-50.4705481885084,-50.5,0.0365729498096193,3.7,-52.45516524749486,-52.5,0.5,160.0,theScore Bet,exp/fallback,0.404,0.3146825265536075,31.5,0.3846153846153846,-18.18254309606204,-18.2,0.3146825265536075,31.5,-18.18254309606204,-18.2,0.0721135242123226,7.2,-20.67512336644509,-20.7,0.014159636934884,1.4,-41.94548856697523,-41.9,0.0025356868787703,0.3,-91.12509592430372,-91.1,0.5,225.0,Hard Rock Bet,exp/fallback,0.327,0.2613014870555089,26.1,0.3076923076923077,-15.0770167069596,-15.1,0.2613014870555089,26.1,-15.0770167069596,-15.1,0.0536913334389652,5.4,-14.093866497655585,-14.1,0.0099299323436001,1.0,-66.2382300317594,-66.2,,,,,0.5,650.0,FanDuel,exp/fallback,0.1581,0.1421295014304232,14.2,0.1333333333333333,6.597126072817428,6.6,0.1421295014304232,14.2,6.597126072817428,6.6,,,,,,,,,,,,,0.5,650.0,FanDuel,exp/fallback,0.1162874999999999,0.1060471268217756,10.6,0.1333333333333333,-20.46465488366828,-20.5,0.1060471268217756,10.6,-20.46465488366828,-20.5,,,,,,,,,,,,,False,False,False,False,False,7.3,,Active roster,2026-10-02T00:14:24+00:00,False,[],2025-2026,,2026-09-24-frozen-v2,2026-10-02T00:14:28.971676+00:00,2026020013,8477346.0,PLAYER_ID,FINAL,0.0,L,OK,0.0,L,OK,2.0,W,OK,0.0,L,OK,0.0,L,OK,0.0,,NO_LINE
2026-10-01,CHI@UTA,2026020013,8:30 PM,2026-10-02T01:30:00Z,Maveric Lamoureux,8483472,UTA,False,,2026-27,UTA,D,,Healthy,Unknown,,,0.0,0.0,,33.0,22.0,2026-10-02T00:13:56+00:00,CHI,Spencer Knight,0.9019987105093488,2.822524488185321,42.3,Unconfirmed,dailyfaceoff_name_and_stats,30.4,5.0,30.4,5.0,,8.2,17.6,A1+A2,14.65,47.2,19.3,0.94,NONE,False,False,26.7944565478508,2.635160993712672,58.4,84.6,13.0,3.25,True,,,,,50.0,,,,,,,,,,,,,,,,,,,,,,,,,,,,,,,,,,,,,,,,0.0136612021857923,0.0136612021857923,,,0.0,2.941628448429158,2.9328448015615374,50.0,81.4,31.5,97.5,2.14,0.26,,,,,COOL,COOL,COOL,1.88,,COOL,Red,Red,Red,Red,33.0,27.0,24.0,26.0,POINTS,33.0,,,,,,,C,Passenger,0.0,,64.8,,0.0,0.0,0.0,0.0,0.0,0.0,0.0,0.0,,,7.844377233984053,7.431258595448294,64.8,17.4,False,,,,,,False,False,0.0,,False,0.0,,False,0.0,,,,,,,,,,,,,,,,,,,,,,,,,,,,,,,,,,,,,,,,,,,,,,,,,,,,,,,,,,,,,,,,,,,,,,,,,,,,,,,,,,,,,,,,,,,,,,,,,,,,,,,,ALTLINE_NB_v1_2026-01-18,,,,league_avg,2.3,,,,,,,,,,,,,,,,,,,,,,,,,exp/fallback,0.214,,,,,,,,,,,,,,,,,,,,,,,,,exp/fallback,0.188,,,,,,,,,,,,,,,,,,,,,,,,,exp/fallback,0.1903999999999999,,,,,,,,,,,,,,,,,,,,,,,,,exp/fallback,0.1219,,,,,,,,,,,,,,,,,,,,,,False,False,False,False,False,,,Active roster,2026-10-02T00:14:24+00:00,False,[],2025-2026,,2026-09-24-frozen-v2,2026-10-02T00:14:28.971676+00:00,2026020013,,,NO_PLAYER,,,NO_PLAYER,,,NO_PLAYER,,,NO_PLAYER,,,NO_PLAYER,,,NO_PLAYER,,,NO_PLAYER
2026-10-01,CHI@UTA,2026020013,8:30 PM,2026-10-02T01:30:00Z,Michael Carcone,8479619,UTA,False,"{""season"":""2026-27"",""games"":[]}",2026-27,UTA,L,,Healthy,Unknown,,,0.0,0.0,,33.0,22.0,2026-10-02T00:13:56+00:00,CHI,Spencer Knight,0.9019987105093488,2.822524488185321,42.3,Unconfirmed,dailyfaceoff_name_and_stats,30.4,5.0,30.4,5.0,7.3,79.4,60.9,A1+A2,12.73,34.6,64.0,1.06,NONE,False,False,26.7944565478508,2.635160993712672,58.4,84.6,13.0,3.25,True,1.5,1.5,1.6,1.535,41.9,2.0,2.0,10.0,2.0,0.0,0.0,2.0,2.0,0.0,0.0,10.0,10.0,LOW,0.2,,LOW,0.1,,LOW,0.05,,LOW,0.0,,LOW,0.0,,LOW,0.0,,LOW,1.0,,LOW,0.5,,LOW,0.25,,1.7005196032120926,0.4578322008647941,,,0.0,2.941628448429158,2.9328448015615374,50.0,81.4,66.0,97.5,4.15,2.15,15.35,2.15,0.15,5.35,WARM,COOL,HOT,2.01,2.01,WARM,Red,Red,Red,Red,56.0,63.0,67.0,65.0,GOAL,67.0,1.0,6.0,1.0,2.0,0.0,6.0,C,Passenger,7.3,,64.8,,0.0,0.9278481012658228,73.3,0.9278481012658228,0.0729135581418482,7.3,7.3,2.6193724420191,1.923601637107776,0.8185538881309686,7.844377233984053,7.431258595448294,64.8,62.8,False,,,,🥅 D:1,,False,False,0.0,,False,0.0,,False,0.0,,,,,,,,,,,,,,,,,,,,,,,,,,,,,,,,,,,,,,,,,,,,,,,0.5,490.0,FanDuel,,,,,,,,,,0.5,490.0,FanDuel,0.5,490.0,FanDuel,,,,,,,,,,0.5,490.0,FanDuel,The Odds API,"[""BetMGM"", ""Bovada"", ""Caesars"", ""Courtside"", ""DraftKings"", ""FanDuel"", ""Fanatics"", ""Hard Rock Bet"", ""theScore Bet""]",The Odds API,"[""BetMGM"", ""Bovada"", ""Caesars"", ""Courtside"", ""DraftKings"", ""FanDuel"", ""Fanatics"", ""fanduel""]",,,,,,,,,,,,,,,,,,,,,,,,ALTLINE_NB_v1_2026-01-18,,,,exp/fallback,1.535,,,,,,,,,,,,,,,,,,,,,,,,,exp/fallback,0.415,,,,,,,,,,,,,,,,,,,,,,,,,exp/fallback,0.2009999999999999,,,,,,,,,,,,,,,,,,,,,,0.5,490.0,FanDuel,exp/fallback,0.2261,0.1946297837195736,19.5,0.1694915254237288,14.83157239454844,14.8,0.1946297837195736,19.5,14.83157239454844,14.8,,,,,,,,,,,,,0.5,490.0,FanDuel,exp/fallback,0.2080375,0.1772670109618055,17.7,0.1694915254237288,4.58753646746527,4.6,0.1772670109618055,17.7,4.58753646746527,4.6,,,,,,,,,,,,,False,False,True,False,False,7.3,,Active roster,2026-10-02T00:14:24+00:00,False,[],2025-2026,,2026-09-24-frozen-v2,2026-10-02T00:14:28.971676+00:00,2026020013,8479619.0,PLAYER_ID,FINAL,2.0,,NO_LINE,1.0,,NO_LINE,2.0,,NO_LINE,1.0,W,OK,1.0,W,OK,0.0,,NO_LINE
2026-10-01,CHI@UTA,2026020013,8:30 PM,2026-10-02T01:30:00Z,Mikhail Sergachev,8479410,UTA,False,"{""season"":""2026-27"",""games"":[]}",2026-27,UTA,D,,Healthy,Unknown,,,0.0,0.0,,33.0,22.0,2026-10-02T00:13:56+00:00,CHI,Spencer Knight,0.9019987105093488,2.822524488185321,42.3,Unconfirmed,dailyfaceoff_name_and_stats,30.4,5.0,30.4,5.0,4.9,64.6,96.5,A1+A2,24.3,98.6,82.6,1.13,NONE,False,False,26.7944565478508,2.635160993712672,58.4,84.6,13.0,3.25,True,1.0,1.25,1.2,1.07,22.0,5.0,0.0,7.0,0.0,5.0,5.0,5.0,5.0,5.0,5.0,7.0,7.0,LOW,0.5,0.0,LOW,0.25,,LOW,0.125,,OK,0.5,,LOW,0.25,,LOW,0.125,,LOW,0.7,,LOW,0.35,,LOW,0.175,,1.1536328341652802,0.3105934553521908,,,5.0,2.941628448429158,2.9328448015615374,50.0,81.4,54.0,97.5,9.31,1.36,10.7,3.46,1.36,3.7,HOT,COOL,HOT,7.81,2.1,WARM,Green,Red,Red,Yellow,84.0,56.0,61.0,79.0,POINTS,84.0,0.0,0.0,6.0,0.0,0.0,6.0,A,Distributor,12.4,,64.8,,2.0,3.019230769230769,235.5,3.019230769230769,0.1242700344754802,12.4,12.4,4.209554140127389,0.9070063694267516,3.8853503184713376,7.844377233984053,7.431258595448294,64.8,83.1,False,,,,🅿️ D:0,,False,False,1.0,,False,0.0,,False,0.0,,1.5,-215.0,Fanatics,2.5,146.0,FanDuel,3.5,365.0,FanDuel,4.5,800.0,Fanatics,2.5,146.0,FanDuel,0.5,-145.0,DraftKings,1.5,340.0,Fanatics,2.5,1300.0,Fanatics,3.5,2900.0,BetOnline.ag,0.5,-145.0,DraftKings,0.5,-114.0,BetOnline.ag,1.5,450.0,Bovada,2.5,1700.0,Fanatics,,,,0.5,-114.0,BetOnline.ag,0.5,600.0,DraftKings,,,,,,,,,,0.5,600.0,DraftKings,0.5,600.0,DraftKings,,,,,,,,,,0.5,600.0,DraftKings,The Odds API,"[""Bally Bet"", ""BetMGM"", ""BetRivers"", ""Bovada"", ""Caesars"", ""Courtside"", ""DraftKings"", ""FanDuel"", ""Fanatics"", ""Hard Rock Bet"", ""theScore Bet""]",The Odds API,"[""Bally Bet"", ""BetMGM"", ""BetRivers"", ""Bovada"", ""Caesars"", ""Courtside"", ""DraftKings"", ""FanDuel"", ""Fanatics"", ""fanatics""]",The Odds API,"[""Bally Bet"", ""BetOnline.ag"", ""BetRivers"", ""Bovada"", ""Caesars"", ""Courtside"", ""DraftKings"", ""Fanatics"", ""Hard Rock Bet"", ""ReBet"", ""draftkings"", ""theScore Bet""]",The Odds API,"[""Bally Bet"", ""BetOnline.ag"", ""BetRivers"", ""Courtside"", ""DraftKings"", ""FanDuel"", ""Fanatics"", ""Hard Rock Bet"", ""ReBet"", ""fanduel"", ""theScore Bet""]",The Odds API,"[""Bally Bet"", ""BetOnline.ag"", ""BetRivers"", ""Bovada"", ""Courtside"", ""DraftKings"", ""Fanatics"", ""Hard Rock Bet"", ""ReBet"", ""draftkings"", ""theScore Bet""]",0.5,175.0,BetRivers,1.5,600.0,Bovada,,,,,,,0.5,175.0,BetRivers,The Odds API,"[""Bally Bet"", ""BetRivers"", ""Bovada"", ""FanDuel"", ""Hard Rock Bet"", ""theScore Bet""]",ALTLINE_NB_v1_2026-01-18,2.5,146.0,FanDuel,exp/fallback,1.0699999999999998,0.1129164932609876,11.3,0.4065040650406504,-72.22254265779704,-72.2,0.2854842941335771,28.5,-58.17323132461545,-58.2,0.1129164932609876,11.3,-72.22254265779704,-72.2,0.0400772242536224,4.0,-81.36409072206555,-81.4,0.0131755415679634,1.3,-88.14201258883293,-88.1,0.5,-145.0,DraftKings,exp/fallback,0.931,0.5532999304098871,55.3,0.5918367346938775,-6.511391068674244,-6.5,0.5532999304098871,55.3,-6.511391068674244,-6.5,0.2396311407365491,24.0,5.437701924081607,5.4,0.0909587349964824,9.1,27.342228995075413,27.3,0.0318007567021043,3.2,-4.597729893686919,-4.6,0.5,-114.0,BetOnline.ag,exp/fallback,0.7809999999999999,0.4828005985548673,48.3,0.5327102803738317,-9.369010446717883,-9.4,0.4828005985548673,48.3,-9.369010446717883,-9.4,0.192306004862923,19.2,5.768302674607673,5.8,0.0699347655568773,7.0,25.882578002379297,25.9,,,,,0.5,600.0,DraftKings,exp/fallback,0.1758,0.1562458961272722,15.6,0.1428571428571428,9.372127289090573,9.4,0.1562458961272722,15.6,9.372127289090573,9.4,,,,,,,,,,,,,0.5,600.0,DraftKings,exp/fallback,0.14505,0.129435727277176,12.9,0.1428571428571428,-9.394990905976798,-9.4,0.129435727277176,12.9,-9.394990905976798,-9.4,,,,,,,,,,,,,False,False,False,False,False,4.9,,Active roster,2026-10-02T00:14:24+00:00,False,"[{""market"":""Points"",""name"":""Hammer Fists"",""kind"":""FLOOR"",""rule"":""Conf_Points >= 80"",""icon"":""PTS05_HAMMER_FISTS.svg"",""kit_version"":""2026-09-24-frozen-v2""},{""market"":""Points"",""name"":""Echo Stomp II"",""kind"":""TIER"",""rule"":""Conf_Points >= 80 + TOI_per_game >= 19.18"",""icon"":""PTS05_HAMMER_STOMP.svg"",""kit_version"":""2026-09-24-frozen-v2""},{""market"":""Points"",""name"":""Gaia’s Blessing"",""kind"":""TIER"",""rule"":""Conf_Points >= 80 + Assists_mu >= 0.746"",""icon"":""PTS05_GAIAS_BLESSING.svg"",""kit_version"":""2026-09-24-frozen-v2""},{""market"":""Points"",""name"":""Gaia’s Blessing+ (Press)"",""kind"":""HEAVY"",""rule"":""Conf_Points >= 81 + Assists_mu >= 0.746"",""icon"":""PTS05_GAIAS_BLESSING.svg"",""kit_version"":""2026-09-24-frozen-v2""},{""market"":""Points"",""name"":""Gaia’s Blessing++ (Smash)"",""kind"":""HEAVY"",""rule"":""Conf_Points >= 83 + Assists_mu >= 0.746"",""icon"":""PTS05_GAIAS_BLESSING.svg"",""kit_version"":""2026-09-24-frozen-v2""}]",2025-2026,,2026-09-24-frozen-v2,2026-10-02T00:14:28.971676+00:00,2026020013,8479410.0,PLAYER_ID,FINAL,1.0,W,OK,1.0,W,OK,3.0,W,OK,0.0,L,OK,0.0,L,OK,0.0,L,OK
2026-10-01,CHI@UTA,2026020013,8:30 PM,2026-10-02T01:30:00Z,Nate Schmidt,8477220,UTA,False,,2026-27,UTA,D,,Healthy,Unknown,,,0.0,0.0,,33.0,22.0,2026-10-02T00:13:56+00:00,CHI,Spencer Knight,0.9019987105093488,2.822524488185321,42.3,Unconfirmed,dailyfaceoff_name_and_stats,30.4,5.0,30.4,5.0,,48.6,66.1,A1+A2,19.7,86.4,62.3,1.05,NONE,False,False,26.7944565478508,2.635160993712672,58.4,84.6,13.0,3.25,True,,,,,50.0,,,,,,,,,,,,,,,,,,,,,,,,,,,,,,,,,,,,,,,,0.9214006264549232,0.3510097624590184,,,0.0,2.941628448429158,2.9328448015615374,50.0,81.4,49.0,97.5,2.83,0.66,,,,,COOL,COOL,COOL,2.17,,COOL,Red,Red,Red,Red,64.0,52.0,49.0,59.0,POINTS,64.0,,,,,,,C,Passenger,3.0,,64.8,,0.0,0.5819105691056911,47.71666666666667,0.5819105691056911,0.0295410458541417,3.0,3.0,0.5658400279427174,0.5658400279427174,0.0,7.844377233984053,7.431258595448294,64.8,46.6,False,,,,,,False,False,0.0,,False,0.0,,False,0.0,,,,,,,,,,,,,,,,,0.5,235.0,Fanatics,1.5,1500.0,Fanatics,2.5,1450.0,BetOnline.ag,3.5,2800.0,BetOnline.ag,0.5,235.0,Fanatics,0.5,290.0,Bovada,1.5,2200.0,Fanatics,2.5,3300.0,Bovada,,,,0.5,290.0,Bovada,0.5,1500.0,FanDuel,,,,,,,,,,0.5,1500.0,FanDuel,0.5,1500.0,FanDuel,,,,,,,,,,0.5,1500.0,FanDuel,The Odds API,"[""Bally Bet"", ""BetMGM"", ""BetRivers"", ""Bovada"", ""Caesars"", ""Courtside"", ""DraftKings"", ""FanDuel"", ""Fanatics"", ""Hard Rock Bet"", ""theScore Bet""]",The Odds API,"[""Bally Bet"", ""BetMGM"", ""BetRivers"", ""Bovada"", ""Caesars"", ""Courtside"", ""DraftKings"", ""FanDuel"", ""Fanatics"", ""fanduel""]",The Odds API,"[""BetOnline.ag"", ""Caesars"", ""Courtside"", ""DraftKings"", ""Fanatics"", ""Hard Rock Bet"", ""ReBet"", ""draftkings"", ""theScore Bet""]",,,The Odds API,"[""BetOnline.ag"", ""Bovada"", ""Courtside"", ""DraftKings"", ""Fanatics"", ""Hard Rock Bet"", ""ReBet"", ""draftkings"", ""theScore Bet""]",,,,,,,,,,,,,,,,,,ALTLINE_NB_v1_2026-01-18,,,,league_avg,2.3,,,,,,,,,,,,,,,,,,,,,,0.5,235.0,Fanatics,exp/fallback,0.283,0.2365030895046532,23.7,0.2985074626865671,-20.77146501594116,-20.8,0.2365030895046532,23.7,-20.77146501594116,-20.8,0.0399063690004151,4.0,-36.14980959933583,-36.1,0.0057360505123371,0.6,-91.1091217058774,-91.1,0.0007501262369434,0.1,-97.8246339128639,-97.8,0.5,290.0,Bovada,exp/fallback,0.217,0.1861795381528188,18.6,0.2564102564102564,-27.389980120400647,-27.4,0.1861795381528188,18.6,-27.389980120400647,-27.4,0.0268660151750665,2.7,-38.20816509734684,-38.2,0.0034755994198756,0.3,-88.18296197242286,-88.2,,,,,0.5,1500.0,FanDuel,exp/fallback,0.2064,0.1798938669295366,18.0,0.0625,187.83018708725868,187.8,0.1798938669295366,18.0,187.83018708725868,187.8,,,,,,,,,,,,,0.5,1500.0,FanDuel,exp/fallback,0.1479,0.1316982031217782,13.2,0.0625,110.71712499484522,110.7,0.1316982031217782,13.2,110.71712499484522,110.7,,,,,,,,,,,,,False,False,True,True,False,,,Active roster,2026-10-02T00:14:24+00:00,False,[],2025-2026,,2026-09-24-frozen-v2,2026-10-02T00:14:28.971676+00:00,2026020013,8477220.0,PLAYER_ID,FINAL,1.0,W,OK,1.0,W,OK,0.0,,NO_LINE,0.0,L,OK,0.0,L,OK,0.0,,NO_LINE
2026-10-01,CHI@UTA,2026020013,8:30 PM,2026-10-02T01:30:00Z,Nick DeSimone,8480084,UTA,False,,2026-27,UTA,D,,Healthy,Unknown,,,0.0,0.0,,33.0,22.0,2026-10-02T00:13:56+00:00,CHI,Spencer Knight,0.9019987105093488,2.822524488185321,42.3,Unconfirmed,dailyfaceoff_name_and_stats,30.4,5.0,30.4,5.0,,29.4,37.3,A1+A2,14.21,44.8,35.2,0.94,NONE,False,False,26.7944565478508,2.635160993712672,58.4,84.6,13.0,3.25,True,,,,,50.0,,,,,,,,,,,,,,,,,,,,,,,,,,,,,,,,,,,,,,,,0.8663478025448966,0.2165869506362241,,,0.0,2.941628448429158,2.9328448015615374,50.0,81.4,47.4,97.5,1.88,0.47,,,,,COOL,COOL,COOL,1.41,,COOL,Red,Red,Red,Red,44.0,38.0,36.0,40.0,POINTS,44.0,,,,,,,C,Passenger,0.2,,64.8,,0.0,0.0283333333333333,1.1333333333333333,0.0283333333333333,0.0019934918354782,0.2,0.2,0.0,0.0,0.0,7.844377233984053,7.431258595448294,64.8,33.5,False,,,,,,False,False,0.0,,False,0.0,,False,0.0,,,,,,,,,,,,,,,,,,,,,,,,,,,,,,,,,,,,,,,,,,,,,,,,,,,,,,,,,,,,,,,,,,,,,,,,,,,,,,,,,,,,,,,,,,,,,,,,,,,,,,,,ALTLINE_NB_v1_2026-01-18,,,,league_avg,2.3,,,,,,,,,,,,,,,,,,,,,,,,,exp/fallback,0.188,,,,,,,,,,,,,,,,,,,,,,,,,exp/fallback,0.141,,,,,,,,,,,,,,,,,,,,,,,,,exp/fallback,0.1988,,,,,,,,,,,,,,,,,,,,,,,,,exp/fallback,0.13555,,,,,,,,,,,,,,,,,,,,,,False,False,False,False,False,,,Active roster,2026-10-02T00:14:24+00:00,False,[],2025-2026,,2026-09-24-frozen-v2,2026-10-02T00:14:28.971676+00:00,2026020013,,,NO_PLAYER,,,NO_PLAYER,,,NO_PLAYER,,,NO_PLAYER,,,NO_PLAYER,,,NO_PLAYER,,,NO_PLAYER
2026-10-01,CHI@UTA,2026020013,8:30 PM,2026-10-02T01:30:00Z,Nick Schmaltz,8477951,UTA,False,"{""season"":""2026-27"",""games"":[]}",2026-27,UTA,C,⭐ STAR,Healthy,Unknown,,,0.0,0.0,,33.0,22.0,2026-10-02T00:13:56+00:00,CHI,Spencer Knight,0.9019987105093488,2.822524488185321,42.3,Unconfirmed,dailyfaceoff_name_and_stats,30.4,5.0,30.4,5.0,12.2,95.2,93.9,A1+A2,19.72,86.6,93.0,1.21,STAR,False,True,26.7944565478508,2.635160993712672,58.4,84.6,13.0,3.25,True,2.5,2.0,1.8,2.255,72.4,4.0,1.0,12.0,1.0,3.0,3.0,4.0,4.0,3.0,3.0,12.0,12.0,LOW,0.4,-0.1,LOW,0.2,,LOW,0.1,,LOW,0.3,,LOW,0.15,,LOW,0.075,,LOW,1.2,,LOW,0.6,,LOW,0.3,,2.1946240217761144,0.7145287512759442,,,3.0,2.941628448429158,2.9328448015615374,50.0,81.4,72.2,97.5,11.18,4.53,24.81,6.16,3.12,10.55,HOT,HOT,HOT,8.15,3.04,HOT,Green,Red,Green,Green,85.0,82.0,82.0,84.0,POINTS,85.0,1.0,1.0,2.0,1.0,0.0,6.0,A,Hybrid,15.3,,64.8,,2.0,3.0211382113821137,247.7333333333333,3.0211382113821137,0.1531755273652861,15.3,15.3,4.371030678148547,2.569698600645856,2.1192142088266954,7.844377233984053,7.431258595448294,64.8,81.1,False,,,,🅿️ D:1,,False,False,2.0,,False,0.0,,False,0.0,,1.5,-227.0,BetOnline.ag,2.5,130.0,Fanatics,3.5,325.0,FanDuel,4.5,800.0,Fanatics,2.5,130.0,Fanatics,0.5,-150.0,theScore Bet,1.5,400.0,theScore Bet,2.5,1200.0,Bovada,3.5,4000.0,Fanatics,0.5,-150.0,theScore Bet,0.5,130.0,DraftKings,1.5,700.0,DraftKings,2.5,2500.0,Fanatics,,,,0.5,130.0,DraftKings,0.5,230.0,FanDuel,,,,,,,,,,0.5,230.0,FanDuel,0.5,230.0,FanDuel,,,,,,,,,,0.5,230.0,FanDuel,The Odds API,"[""Bally Bet"", ""BetMGM"", ""BetRivers"", ""Bovada"", ""Caesars"", ""Courtside"", ""DraftKings"", ""FanDuel"", ""Fanatics"", ""Hard Rock Bet"", ""fanduel"", ""theScore Bet""]",The Odds API,"[""Bally Bet"", ""BetMGM"", ""BetRivers"", ""Bovada"", ""Caesars"", ""Courtside"", ""DraftKings"", ""FanDuel"", ""Fanatics"", ""betrivers""]",The Odds API,"[""Bally Bet"", ""BetOnline.ag"", ""BetRivers"", ""Bovada"", ""Caesars"", ""Courtside"", ""DraftKings"", ""FanDuel"", ""Fanatics"", ""Hard Rock Bet"", ""ReBet"", ""draftkings"", ""theScore Bet""]",The Odds API,"[""Bally Bet"", ""BetOnline.ag"", ""BetRivers"", ""Courtside"", ""DraftKings"", ""FanDuel"", ""Fanatics"", ""Hard Rock Bet"", ""ReBet"", ""fanduel"", ""theScore Bet""]",The Odds API,"[""Bally Bet"", ""BetOnline.ag"", ""BetRivers"", ""Bovada"", ""Courtside"", ""DraftKings"", ""FanDuel"", ""Fanatics"", ""Hard Rock Bet"", ""ReBet"", ""draftkings"", ""theScore Bet""]",0.5,235.0,BetRivers,,,,,,,,,,0.5,235.0,BetRivers,The Odds API,"[""Bally Bet"", ""BetRivers"", ""Bovada"", ""FanDuel"", ""Hard Rock Bet"", ""theScore Bet""]",ALTLINE_NB_v1_2026-01-18,2.5,130.0,Fanatics,exp/fallback,2.481,0.42007430869677,42.0,0.4347826086956521,-3.3829089997429063,-3.4,0.6327125468193535,63.3,-8.855945898709871,-8.9,0.42007430869677,42.0,-3.3829089997429063,-3.4,0.2572736702822877,25.7,9.341309869972305,9.3,0.1482103047775695,14.8,33.38927429981262,33.4,0.5,-150.0,theScore Bet,exp/fallback,1.118,0.610752055203305,61.1,0.6,1.7920092005508317,1.8,0.610752055203305,61.1,1.7920092005508317,1.8,0.29796602610627,29.8,48.983013053135,49.0,0.1283088875609688,12.8,66.80155382925945,66.8,0.0510549146533285,5.1,109.32515007864713,109.3,0.5,130.0,DraftKings,exp/fallback,0.8150000000000001,0.4952187753376513,49.5,0.4347826086956521,13.90031832765981,13.9,0.4952187753376513,49.5,13.90031832765981,13.9,0.2029298246450658,20.3,62.34385971605266,62.3,0.0759943922394936,7.6,97.58541982268352,97.6,,,,,0.5,230.0,FanDuel,exp/fallback,0.3612,0.286359513275379,28.6,0.303030303030303,-5.501360619124929,-5.5,0.286359513275379,28.6,-5.501360619124929,-5.5,,,,,,,,,,,,,0.5,230.0,FanDuel,exp/fallback,0.39945,0.2989106392149433,29.9,0.303030303030303,-1.359489059068708,-1.4,0.2989106392149433,29.9,-1.359489059068708,-1.4,,,,,,,,,,,,,False,False,False,False,True,12.2,,Active roster,2026-10-02T00:14:24+00:00,False,"[{""market"":""Points"",""name"":""Hammer Fists"",""kind"":""FLOOR"",""rule"":""Conf_Points >= 80"",""icon"":""PTS05_HAMMER_FISTS.svg"",""kit_version"":""2026-09-24-frozen-v2""},{""market"":""Points"",""name"":""Echo Stomp II"",""kind"":""TIER"",""rule"":""Conf_Points >= 80 + TOI_per_game >= 19.18"",""icon"":""PTS05_HAMMER_STOMP.svg"",""kit_version"":""2026-09-24-frozen-v2""},{""market"":""Points"",""name"":""Gaia’s Blessing"",""kind"":""TIER"",""rule"":""Conf_Points >= 80 + Assists_mu >= 0.746"",""icon"":""PTS05_GAIAS_BLESSING.svg"",""kit_version"":""2026-09-24-frozen-v2""},{""market"":""Points"",""name"":""Gaia’s Blessing+ (Press)"",""kind"":""HEAVY"",""rule"":""Conf_Points >= 81 + Assists_mu >= 0.746"",""icon"":""PTS05_GAIAS_BLESSING.svg"",""kit_version"":""2026-09-24-frozen-v2""},{""market"":""Points"",""name"":""Gaia’s Blessing++ (Smash)"",""kind"":""HEAVY"",""rule"":""Conf_Points >= 83 + Assists_mu >= 0.746"",""icon"":""PTS05_GAIAS_BLESSING.svg"",""kit_version"":""2026-09-24-frozen-v2""},{""market"":""Assists"",""name"":""Staff (Green Stance)"",""kind"":""STANCE"",""rule"":""Green + Assists 0.5"",""icon"":""staff.svg"",""kit_version"":""2026-09-24-frozen-v2""},{""market"":""Assists"",""name"":""Staff Awakened"",""kind"":""STANCE"",""rule"":""Green + Assists 0.5 + Conf_Assists ≥ 83"",""icon"":""staff.svg"",""kit_version"":""2026-09-24-frozen-v2""},{""market"":""Goal"",""name"":""Weakened Armor"",""kind"":""WEAK DEFENSE"",""rule"":""Opp_PK_xGA60 >= 7.3"",""icon"":""shattered_armor.svg"",""kit_version"":""2026-09-24-frozen-v2""},{""market"":""Goal"",""name"":""Open Lanes"",""kind"":""WEAK DEFENSE"",""rule"":""Opp_SOG_Against_L50 >= 29.2"",""icon"":""armor_shred.svg"",""kit_version"":""2026-09-24-frozen-v2""},{""market"":""Goal"",""name"":""Bloodlust"",""kind"":""HEAVY ATTACK"",""rule"":""Opp_SOG_Against_L50 >= 29.2 + Opp_PK_xGA60 >= 7.3"",""icon"":""armor_shred.svg"",""kit_version"":""2026-09-24-frozen-v2""},{""market"":""Goal"",""name"":""Finisher Strike"",""kind"":""HEAVY ATTACK"",""rule"":""Opp_SOG_Against_L50 >= 29.2 + iXG% >= 93.2"",""icon"":""fenrir_claw.svg"",""kit_version"":""2026-09-24-frozen-v2""},{""market"":""Goal"",""name"":""Tyr’s Wrath Unleashed"",""kind"":""SPECIAL ATTACK"",""rule"":""Opp_SOG_Against_L50 >= 29.2 + Opp_PK_xGA60 >= 7.3 + iXG% >= 95"",""icon"":""fury.svg"",""kit_version"":""2026-09-24-frozen-v2""},{""market"":""Goal"",""name"":""Armor Annihilation"",""kind"":""SPECIAL ATTACK"",""rule"":""Opp_SOG_Against_L50 >= 29.2 + Opp_PK_xGA60 >= 7.3 + opp_5v5_HDCA60 >= 2.5"",""icon"":""stack_armor_annihilation.svg"",""kit_version"":""2026-09-24-frozen-v2""},{""market"":""Goal"",""name"":""Bloodlusted"",""kind"":""LAB CRIT"",""rule"":""Bloodlust + TOI_per_game <= 21.2"",""icon"":""armor_shred.svg"",""kit_version"":""2026-09-24-frozen-v2""}]",2025-2026,,2026-09-24-frozen-v2,2026-10-02T00:14:28.971676+00:00,2026020013,8477951.0,PLAYER_ID,FINAL,1.0,W,OK,0.0,L,OK,2.0,L,OK,1.0,W,OK,1.0,W,OK,0.0,L,OK
2026-10-01,CHI@UTA,2026020013,8:30 PM,2026-10-02T01:30:00Z,Vincent Trocheck,8476389,NYR,True,"{""season"":""2026-27"",""games"":[]}",2026-27,UTA,C,,Healthy,Unknown,,,0.0,0.0,,33.0,22.0,2026-10-02T00:13:56+00:00,CHI,Spencer Knight,0.9019987105093488,2.822524488185321,42.3,Unconfirmed,dailyfaceoff_name_and_stats,30.4,5.0,30.4,5.0,2.4,79.0,91.3,A1+A2,20.55,90.0,85.5,1.14,NONE,False,False,26.7944565478508,2.635160993712672,58.4,84.6,13.0,3.25,True,0.5,1.0,1.8,0.955,15.4,5.0,1.0,12.0,1.0,2.0,4.0,13.0,32.0,9.0,24.0,31.0,67.0,LOW,0.5,0.0,OK,0.65,,GOOD,0.8,,LOW,0.4,,OK,0.45,,GOOD,0.6,,LOW,1.2,,LOW,1.55,,LOW,1.675,,1.6501706194930648,0.6722917338675449,,,4.0,2.941628448429158,2.9328448015615374,50.0,81.4,65.1,97.5,9.92,2.98,10.5,4.02,1.71,-2.45,HOT,WARM,COOL,6.94,2.31,WARM,Green,Red,Red,Green,86.0,62.0,67.0,79.0,POINTS,86.0,3.0,3.0,4.0,1.0,1.0,3.0,,Passenger,13.9,,64.8,,,2.866169154228856,192.03333333333333,2.866169154228856,0.1394645105064394,13.9,13.9,4.346120465197014,1.4247526471098768,3.436903315396633,7.844377233984053,7.431258595448294,64.8,85.0,False,,,,🅿️ D:3,,False,False,1.0,,False,0.0,,False,0.0,,1.5,-130.0,theScore Bet,2.5,230.0,FanDuel,3.5,600.0,DraftKings,4.5,1600.0,DraftKings,1.5,-130.0,theScore Bet,0.5,-110.0,theScore Bet,1.5,450.0,theScore Bet,2.5,1700.0,Fanatics,3.5,4400.0,BetOnline.ag,0.5,-110.0,theScore Bet,0.5,170.0,BetRivers,1.5,950.0,Fanatics,2.5,1900.0,Bovada,,,,0.5,170.0,BetRivers,0.5,290.0,theScore Bet,,,,,,,,,,0.5,290.0,theScore Bet,0.5,285.0,DraftKings,,,,,,,,,,0.5,285.0,DraftKings,The Odds API,"[""Bally Bet"", ""BetMGM"", ""BetRivers"", ""Bovada"", ""Caesars"", ""Courtside"", ""DraftKings"", ""FanDuel"", ""Fanatics"", ""Hard Rock Bet"", ""fanduel"", ""theScore Bet""]",The Odds API,"[""Bally Bet"", ""BetMGM"", ""BetRivers"", ""Bovada"", ""Caesars"", ""Courtside"", ""DraftKings"", ""FanDuel"", ""Fanatics"", ""caesars""]",The Odds API,"[""Bally Bet"", ""BetOnline.ag"", ""BetRivers"", ""Bovada"", ""Caesars"", ""Courtside"", ""DraftKings"", ""Fanatics"", ""Hard Rock Bet"", ""ReBet"", ""draftkings"", ""theScore Bet""]",The Odds API,"[""Bally Bet"", ""BetOnline.ag"", ""BetRivers"", ""Courtside"", ""DraftKings"", ""FanDuel"", ""Fanatics"", ""Hard Rock Bet"", ""ReBet"", ""theScore Bet""]",The Odds API,"[""Bally Bet"", ""BetOnline.ag"", ""BetRivers"", ""Bovada"", ""Courtside"", ""DraftKings"", ""Fanatics"", ""Hard Rock Bet"", ""ReBet"", ""draftkings"", ""theScore Bet""]",0.5,750.0,Hard Rock Bet,,,,,,,,,,0.5,750.0,Hard Rock Bet,The Odds API,"[""Bovada"", ""Hard Rock Bet"", ""theScore Bet""]",ALTLINE_NB_v1_2026-01-18,1.5,-130.0,theScore Bet,exp/fallback,1.05,0.2790173605591098,27.9,0.5652173913043478,-50.63539005492672,-50.6,0.2790173605591098,27.9,-50.63539005492672,-50.6,0.1088523383522955,10.9,-64.07872834374247,-64.1,0.0380906459494618,3.8,-73.33654783537669,-73.3,0.0123431984662526,1.2,-79.0165626073705,-79.0,0.5,-110.0,theScore Bet,exp/fallback,0.992,0.5732298123555186,57.3,0.5238095238095238,9.434782358780824,9.4,0.5732298123555186,57.3,9.434782358780824,9.4,0.2589809805982994,25.9,42.4395393290647,42.4,0.1027896075693253,10.3,85.02129362478557,85.0,0.0376171185857391,3.8,69.27703363582609,69.3,0.5,170.0,BetRivers,exp/fallback,0.6940000000000001,0.4488563493677555,44.9,0.3703703703703703,21.191214329293995,21.2,0.4488563493677555,44.9,21.191214329293995,21.2,0.1648966659685145,16.5,73.1414992669402,73.1,0.0551705967708122,5.5,10.341193541624529,10.3,,,,,0.5,290.0,theScore Bet,exp/fallback,0.2244,0.1933728370733366,19.3,0.2564102564102564,-24.58459354139872,-24.6,0.1933728370733366,19.3,-24.58459354139872,-24.6,,,,,,,,,,,,,0.5,285.0,DraftKings,exp/fallback,0.224025,0.1887204758335392,18.9,0.2597402597402597,-27.342616804087395,-27.3,0.1887204758335392,18.9,-27.342616804087395,-27.3,,,,,,,,,,,,,False,False,False,False,True,2.4,,Active roster,2026-10-02T00:14:24+00:00,False,"[{""market"":""Points"",""name"":""Hammer Fists"",""kind"":""FLOOR"",""rule"":""Conf_Points >= 80"",""icon"":""PTS05_HAMMER_FISTS.svg"",""kit_version"":""2026-09-24-frozen-v2""},{""market"":""Points"",""name"":""Echo Stomp II"",""kind"":""TIER"",""rule"":""Conf_Points >= 80 + TOI_per_game >= 19.18"",""icon"":""PTS05_HAMMER_STOMP.svg"",""kit_version"":""2026-09-24-frozen-v2""},{""market"":""Assists"",""name"":""Staff (Green Stance)"",""kind"":""STANCE"",""rule"":""Green + Assists 0.5"",""icon"":""staff.svg"",""kit_version"":""2026-09-24-frozen-v2""}]",2025-2026,,2026-09-24-frozen-v2,2026-10-02T00:14:28.971676+00:00,2026020013,8476389.0,PLAYER_ID,FINAL,1.0,W,OK,1.0,W,OK,1.0,L,OK,0.0,L,OK,0.0,L,OK,0.0,L,OK
2026-10-01,EDM@VAN,2026020015,9:00 PM,2026-10-02T02:00:00Z,Alex Formenton,8480029,,,,,EDM,L,,Unknown,,,,,,,,,,,,,,,,,,,,,,,,,,,,,,,,,,,,,,,,,,,,,,,,,,,,,,,,,,,,,,,,,,,,,,,,,,,,,,,,,,,,,,,,,,,,,,,,,,,,,,,,,,,,,,,,,,,,,,,,,,,,,,,,,,,,,,,,,,,,,,,,,,,,,,,,,,,,,,,,,,,,,,,,,,,,,,,,,,,,,,,,,,,,,,,,,,,,,,,,,,,,,,,,,,,,,,,,,,,,,,,,,,,,,,,,,,,,,,,,,,,,,,,,,,,,,,,,,,,,,2.5,165.0,draftkings,,,,,,,,,,,,,,,,,,,,,,,,0.5,115.0,draftkings,,,,,,,,,,,,,,,,,,,,,,,,0.5,260.0,draftkings,,,,,,,,,,,,,,,,,,,,,,,,0.5,380.0,fanduel,,,,,,,,,,,,,,,,,,,,,,,,,,,,,,,,,,,,,,,,,,,,,,,,,,,,,,,,,Active roster,2026-10-02T00:14:24+00:00,True,[],Unavailable,True,2026-09-24-frozen-v2,2026-10-02T00:14:28.971676+00:00,2026020015,8480029.0,PLAYER_ID,FINAL,0.0,L,OK,0.0,L,OK,0.0,L,OK,0.0,L,OK,0.0,,NO_LINE,0.0,,NO_LINE
2026-10-01,EDM@VAN,2026020015,9:00 PM,2026-10-02T02:00:00Z,Colton Dach,8482703,EDM,False,,2026-27,EDM,C,,Healthy,Unknown,,,7.0,0.0,,33.0,22.0,2026-10-02T00:13:56+00:00,VAN,Kevin Lankinen,0.8754863813229572,3.7032036569136113,97.3,Likely,dailyfaceoff_name_and_stats,29.6,5.0,29.6,5.0,,58.5,43.8,A1+A2,11.48,24.4,46.5,0.99,NONE,False,False,27.51428261280349,2.637521157565061,90.5,90.3,18.0,3.6,True,,,,,50.0,,,,,,,,,,,,,,,,,,,,,,,,,,,,,,,,,,,,,,,,1.021487347486264,0.3714499445404596,,,0.0,2.8103479152760364,2.5495335623463524,50.0,79.4,51.3,86.9,2.51,1.22,,,,,COOL,COOL,COOL,1.29,,COOL,Red,Red,Red,Red,50.0,52.0,56.0,47.0,GOAL,56.0,,,,,,,B,Hybrid,6.3,,97.2,,1.0,0.7265027322404373,44.31666666666667,0.7265027322404373,0.0632959603894403,6.3,6.3,1.743136517487777,0.8800300864986836,1.0154193305754042,9.539183194819762,8.332820945108345,97.2,66.7,False,,,,,,False,False,1.0,,False,0.0,,False,0.0,,1.5,112.0,BetOnline.ag,2.5,340.0,Fanatics,3.5,950.0,Fanatics,4.5,1200.0,BetOnline.ag,1.5,112.0,BetOnline.ag,,,,,,,,,,,,,,,,,,,,,,,,,,,,,,,0.5,650.0,BetMGM,,,,,,,,,,0.5,650.0,BetMGM,0.5,650.0,BetMGM,,,,,,,,,,0.5,650.0,BetMGM,The Odds API,"[""Bally Bet"", ""BetMGM"", ""BetRivers"", ""Bovada"", ""Caesars"", ""Courtside"", ""DraftKings"", ""FanDuel"", ""Fanatics"", ""Fliff"", ""Hard Rock Bet"", ""theScore Bet""]",The Odds API,"[""Bally Bet"", ""BetMGM"", ""BetRivers"", ""Bovada"", ""Caesars"", ""Courtside"", ""DraftKings"", ""FanDuel"", ""Fanatics"", ""betmgm""]",,,The Odds API,"[""BetOnline.ag"", ""Courtside"", ""DraftKings"", ""Fanatics"", ""Fliff"", ""ReBet""]",,,,,,,,,,,,,,,,,,,,ALTLINE_NB_v1_2026-01-18,1.5,112.0,BetOnline.ag,league_avg,2.3,0.6001759479749428,60.0,0.4716981132075472,27.23730097068788,27.2,0.6001759479749428,60.0,27.23730097068788,27.2,0.3835789960842564,38.4,68.7747582770728,68.8,0.2254288407355011,22.5,136.7002827722762,136.7,0.1243884637071297,12.4,61.70500281926867,61.7,,,,exp/fallback,0.251,,,,,,,,,,,,,,,,,,,,,,,,,exp/fallback,0.129,,,,,,,,,,,,,,,,,,,,,,0.5,650.0,BetMGM,exp/fallback,0.2288,0.1966204812677677,19.7,0.1333333333333333,47.46536095082582,47.5,0.1966204812677677,19.7,47.46536095082582,47.5,,,,,,,,,,,,,0.5,650.0,BetMGM,exp/fallback,0.1843,0.1597620927840479,16.0,0.1333333333333333,19.82156958803596,19.8,0.1597620927840479,16.0,19.82156958803596,19.8,,,,,,,,,,,,,True,False,True,True,False,,,Active roster,2026-10-02T00:14:24+00:00,False,[],2025-2026,,2026-09-24-frozen-v2,2026-10-02T00:14:28.971676+00:00,2026020015,8482703.0,PLAYER_ID,FINAL,0.0,,NO_LINE,0.0,,NO_LINE,2.0,W,OK,0.0,L,OK,0.0,L,OK,0.0,,NO_LINE
2026-10-01,EDM@VAN,2026020015,9:00 PM,2026-10-02T02:00:00Z,Connor McDavid,8478402,EDM,False,"{""season"":""2026-27"",""games"":[{""d"":""2026-09-29"",""g"":0,""a"":2,""s"":0,""pp"":0,""h"":""H"",""toi"":""22:51""}]}",2026-27,EDM,C,👑 ELITE,Healthy,Unknown,,,7.0,1.0,🟢 ROLE+,33.0,22.0,2026-10-02T00:13:56+00:00,VAN,Kevin Lankinen,0.8754863813229572,3.7032036569136113,97.3,Likely,dailyfaceoff_name_and_stats,29.6,5.0,29.6,5.0,,100.0,100.0,A1+A2,22.99,97.1,99.4,1.27,ELITE,True,False,27.51428261280349,2.637521157565061,90.5,90.3,18.0,3.6,True,,,0.0,,50.0,2.0,0.0,0.0,0.0,2.0,2.0,2.0,2.0,2.0,2.0,0.0,0.0,LOW,0.2,-1.3,LOW,0.1,,LOW,0.05,,LOW,0.2,,LOW,0.1,,LOW,0.05,,LOW,0.0,,LOW,0.0,,LOW,0.0,,2.4519705011978017,0.8032317159096247,,,2.0,2.8103479152760364,2.5495335623463524,50.0,79.4,74.1,86.9,27.93,9.11,,18.69,6.75,,HOT,HOT,COOL,18.82,11.94,HOT,Green,Green,Green,Green,96.0,84.0,86.0,95.0,POINTS,96.0,0.0,0.0,1.0,1.0,0.0,1.0,A,Distributor,15.0,,97.2,,2.0,3.451626016260163,283.03333333333336,3.451626016260163,0.1501144731142875,15.0,15.0,8.691025792015076,2.429395830879755,7.3666234836886115,9.539183194819762,8.332820945108345,97.2,94.5,False,,,,🅿️ D:0,🥅 GOAL EARNED,False,True,3.0,"iXG,REG,G",False,0.0,,False,0.0,,1.5,-800.0,DraftKings,2.5,-217.0,BetOnline.ag,3.5,105.0,Hard Rock Bet,4.5,210.0,theScore Bet,3.5,105.0,Hard Rock Bet,0.5,-575.0,Bovada,1.5,-130.0,Bovada,2.5,240.0,Bovada,3.5,750.0,BetOnline.ag,1.5,-130.0,Bovada,0.5,-250.0,BetOnline.ag,1.5,190.0,Bovada,2.5,625.0,Bovada,3.5,1900.0,Fanatics,1.5,190.0,Bovada,0.5,110.0,FanDuel,,,,,,,,,,0.5,110.0,FanDuel,0.5,110.0,FanDuel,,,,,,,,,,0.5,110.0,FanDuel,The Odds API,"[""Bally Bet"", ""BetMGM"", ""BetRivers"", ""Bovada"", ""Caesars"", ""Courtside"", ""DraftKings"", ""FanDuel"", ""Fanatics"", ""Fliff"", ""Hard Rock Bet"", ""fanduel"", ""theScore Bet""]",The Odds API,"[""Bally Bet"", ""BetMGM"", ""BetRivers"", ""Bovada"", ""Caesars"", ""Courtside"", ""DraftKings"", ""FanDuel"", ""Fanatics"", ""betmgm""]",The Odds API,"[""Bally Bet"", ""BetOnline.ag"", ""BetRivers"", ""Bovada"", ""Caesars"", ""Courtside"", ""DraftKings"", ""FanDuel"", ""Fanatics"", ""Fliff"", ""Hard Rock Bet"", ""ReBet"", ""draftkings"", ""theScore Bet""]",The Odds API,"[""Bally Bet"", ""BetOnline.ag"", ""BetRivers"", ""Courtside"", ""DraftKings"", ""FanDuel"", ""Fanatics"", ""Fliff"", ""Hard Rock Bet"", ""ReBet"", ""draftkings"", ""theScore Bet""]",The Odds API,"[""Bally Bet"", ""BetOnline.ag"", ""BetRivers"", ""Bovada"", ""Courtside"", ""DraftKings"", ""FanDuel"", ""Fanatics"", ""Fliff"", ""Hard Rock Bet"", ""ReBet"", ""draftkings"", ""theScore Bet""]",0.5,-105.0,Hard Rock Bet,1.5,370.0,BetRivers,,,,,,,0.5,-105.0,Hard Rock Bet,The Odds API,"[""Bally Bet"", ""BetRivers"", ""Bovada"", ""Fliff"", ""Hard Rock Bet"", ""theScore Bet""]",ALTLINE_NB_v1_2026-01-18,3.5,105.0,Hard Rock Bet,league_avg,2.3,0.2254288407355011,22.5,0.4878048780487805,-53.78708764922225,-53.8,0.6001759479749428,60.0,-32.48020585281894,-32.5,0.3835789960842564,38.4,-43.96564895912015,-44.0,0.2254288407355011,22.5,-53.78708764922225,-53.8,0.1243884637071297,12.4,-61.43957625078977,-61.4,1.5,-130.0,Bovada,exp/fallback,2.793,0.6561551808551667,65.6,0.5652173913043478,16.08899353591411,16.1,0.8574650046430988,85.7,0.6589353276681226,0.7,0.6561551808551667,65.6,16.08899353591411,16.1,0.4642387296697131,46.4,57.841168087702464,57.8,0.3106415173154275,31.1,164.04528971811342,164.0,1.5,190.0,Bovada,exp/fallback,1.882,0.477209494282931,47.7,0.3448275862068966,38.39075334204999,38.4,0.734570658750502,73.5,2.8398922250702787,2.8,0.477209494282931,47.7,38.39075334204999,38.4,0.2900558190402847,29.0,110.29046880420648,110.3,0.1690792719660411,16.9,238.1585439320822,238.2,0.5,110.0,FanDuel,exp/fallback,0.5444,0.3889232804872459,38.9,0.4761904761904761,-18.32611109767836,-18.3,0.3889232804872459,38.9,-18.32611109767836,-18.3,,,,,,,,,,,,,0.5,110.0,FanDuel,exp/fallback,0.6971499999999999,0.4372794562200058,43.7,0.4761904761904761,-8.171314193798768,-8.2,0.4372794562200058,43.7,-8.171314193798768,-8.2,,,,,,,,,,,,,False,True,False,False,True,,,Active roster,2026-10-02T00:14:24+00:00,False,"[{""market"":""Points"",""name"":""DPS Tank stance"",""kind"":""STANCE"",""rule"":""Conf_Points >= 75"",""icon"":""PTS15_TWO_HANDED_HAMMER.svg"",""kit_version"":""2026-09-24-frozen-v2""},{""market"":""Points"",""name"":""Backbone"",""kind"":""FLOOR"",""rule"":""Conf_Points >= 75 + Conf_Goal <= 88 + Conf_SOG >= 80"",""icon"":""PTS15_TWO_HANDED_HAMMER.svg"",""kit_version"":""2026-09-24-frozen-v2""},{""market"":""Points"",""name"":""Blade Impale"",""kind"":""SPECIAL"",""rule"":""Conf_Points >= 83 + Goal_ProofCount >= 3"",""icon"":""PTS15_BLADE_IMPALE.svg"",""kit_version"":""2026-09-24-frozen-v2""},{""market"":""Points"",""name"":""Blade Slash"",""kind"":""SPECIAL"",""rule"":""Conf_Points >= 75 + Goal_Model% >= 33.4 + Opp_PK_xGA60 >= 7.38249"",""icon"":""PTS15_BLADE_SLASH.svg"",""kit_version"":""2026-09-24-frozen-v2""},{""market"":""Points"",""name"":""Ragnarok"",""kind"":""ULTIMATE"",""rule"":""Blade Impale + Blade Slash"",""icon"":""PTS15_POLARIZING_SMASH.svg"",""kit_version"":""2026-09-24-frozen-v2""},{""market"":""SOG"",""name"":""Sniper Stance"",""kind"":""STANCE"",""rule"":""Green + SOG 3.5 + Conf_SOG >= 75"",""icon"":""sog_class_shooter.svg"",""kit_version"":""2026-09-24-frozen-v2""},{""market"":""SOG"",""name"":""Permission Special"",""kind"":""SUPPORT"",""rule"":""Best_Conf >= 89 + opp_5v5_HDCA60 >= 2.36"",""icon"":""sog_env_paralysis.svg"",""kit_version"":""2026-09-24-frozen-v2""},{""market"":""Goal"",""name"":""Base Attack"",""kind"":""BASE ATTACK"",""rule"":""Goal_mu >= 0.4048"",""icon"":""base.svg"",""kit_version"":""2026-09-24-frozen-v2""},{""market"":""Goal"",""name"":""Weakened Armor"",""kind"":""WEAK DEFENSE"",""rule"":""Opp_PK_xGA60 >= 7.3"",""icon"":""shattered_armor.svg"",""kit_version"":""2026-09-24-frozen-v2""},{""market"":""Goal"",""name"":""Open Lanes"",""kind"":""WEAK DEFENSE"",""rule"":""Opp_SOG_Against_L50 >= 29.2"",""icon"":""armor_shred.svg"",""kit_version"":""2026-09-24-frozen-v2""},{""market"":""Goal"",""name"":""Fallen Guardian"",""kind"":""WEAK DEFENSE"",""rule"":""Opp_GAA >= 3.01"",""icon"":""fenrir_claw.svg"",""kit_version"":""2026-09-24-frozen-v2""},{""market"":""Goal"",""name"":""Open Lanes Assault"",""kind"":""HEAVY ATTACK"",""rule"":""Goal_mu >= 0.4048 + Opp_SOG_Against_L50 >= 29.2"",""icon"":""fury.svg"",""kit_version"":""2026-09-24-frozen-v2""},{""market"":""Goal"",""name"":""Armor Sunder"",""kind"":""HEAVY ATTACK"",""rule"":""Goal_mu >= 0.4048 + Opp_PK_xGA60 >= 7.3"",""icon"":""smash.svg"",""kit_version"":""2026-09-24-frozen-v2""},{""market"":""Goal"",""name"":""Bloodlust"",""kind"":""HEAVY ATTACK"",""rule"":""Opp_SOG_Against_L50 >= 29.2 + Opp_PK_xGA60 >= 7.3"",""icon"":""armor_shred.svg"",""kit_version"":""2026-09-24-frozen-v2""},{""market"":""Goal"",""name"":""Berserker Aggression"",""kind"":""HEAVY ATTACK"",""rule"":""Goal_mu >= 0.4048 + Opp_GAA >= 3.01"",""icon"":""fury.svg"",""kit_version"":""2026-09-24-frozen-v2""},{""market"":""Goal"",""name"":""Finisher Strike"",""kind"":""HEAVY ATTACK"",""rule"":""Opp_SOG_Against_L50 >= 29.2 + iXG% >= 93.2"",""icon"":""fenrir_claw.svg"",""kit_version"":""2026-09-24-frozen-v2""},{""market"":""Goal"",""name"":""Enraged Finisher"",""kind"":""HEAVY ATTACK"",""rule"":""Opp_SOG_Against_L50 >= 29.2 + iXG% >= 96.2"",""icon"":""fenrir_claw.svg"",""kit_version"":""2026-09-24-frozen-v2""},{""market"":""Goal"",""name"":""Tyr’s Wrath Unleashed"",""kind"":""SPECIAL ATTACK"",""rule"":""Opp_SOG_Against_L50 >= 29.2 + Opp_PK_xGA60 >= 7.3 + iXG% >= 95"",""icon"":""fury.svg"",""kit_version"":""2026-09-24-frozen-v2""},{""market"":""Goal"",""name"":""Armor Annihilation"",""kind"":""SPECIAL ATTACK"",""rule"":""Opp_SOG_Against_L50 >= 29.2 + Opp_PK_xGA60 >= 7.3 + opp_5v5_HDCA60 >= 2.5"",""icon"":""stack_armor_annihilation.svg"",""kit_version"":""2026-09-24-frozen-v2""},{""market"":""Goal"",""name"":""Warlord Smash Attack"",""kind"":""SPECIAL ATTACK"",""rule"":""Opp_SOG_Against_L50 >= 29.2 + Goal_mu >= 0.4048 + Opp_PK_xGA60 >= 7.3"",""icon"":""smash.svg"",""kit_version"":""2026-09-24-frozen-v2""},{""market"":""Goal"",""name"":""Warlord Smash Attack (Crit)"",""kind"":""SPECIAL ATTACK"",""rule"":""Opp_SOG_Against_L50 >= 29.2 + Goal_mu >= 0.4048 + Opp_PK_xGA60 >= 7.5"",""icon"":""smash.svg"",""kit_version"":""2026-09-24-frozen-v2""},{""market"":""Goal"",""name"":""Press the Attack"",""kind"":""SPECIAL ATTACK"",""rule"":""Goal_mu >= 0.4048 + Opp_PK_xGA60 >= 7.3 + Opp_GAA >= 2.85"",""icon"":""smash.svg"",""kit_version"":""2026-09-24-frozen-v2""},{""market"":""Goal"",""name"":""Press the Attack (Crit)"",""kind"":""SPECIAL ATTACK"",""rule"":""Goal_mu >= 0.4048 + Opp_PK_xGA60 >= 7.3 + Opp_GAA >= 3.01"",""icon"":""smash.svg"",""kit_version"":""2026-09-24-frozen-v2""}]",2025-2026,,2026-09-24-frozen-v2,2026-10-02T00:14:28.971676+00:00,2026020015,8478402.0,PLAYER_ID,FINAL,5.0,W,OK,4.0,W,OK,3.0,L,OK,1.0,W,OK,1.0,W,OK,2.0,W,OK
2026-10-01,EDM@VAN,2026020015,9:00 PM,2026-10-02T02:00:00Z,Connor Murphy,8476473,EDM,False,,2026-27,EDM,D,,Healthy,Unknown,,,7.0,1.0,🟢 ROLE+,33.0,22.0,2026-10-02T00:13:56+00:00,VAN,Kevin Lankinen,0.8754863813229572,3.7032036569136113,97.3,Likely,dailyfaceoff_name_and_stats,29.6,5.0,29.6,5.0,,33.9,54.3,A1+A2,17.54,71.3,48.5,0.99,NONE,False,False,27.51428261280349,2.637521157565061,90.5,90.3,18.0,3.6,True,,,,,50.0,,,,,,,,,,,,,,,,,,,,,,,,,,,,,,,,,,,,,,,,0.7225599265970868,0.15483426998509,,,0.0,2.8103479152760364,2.5495335623463524,50.0,79.4,43.3,86.9,1.83,0.34,,,,,COOL,COOL,COOL,1.49,,COOL,Red,Red,Red,Red,61.0,45.0,46.0,55.0,POINTS,61.0,,,,,,,C,Passenger,0.2,,97.2,,0.0,0.0297916666666666,2.3833333333333333,0.0297916666666666,0.0016984583224457,0.2,0.2,0.0,0.0,0.0,9.539183194819762,8.332820945108345,97.2,38.6,False,,,,,,False,False,1.0,,False,0.0,,False,0.0,,,,,,,,,,,,,,,,,,,,,,,,,,,,,,,,,,,,,,,,,,,,,,,0.5,1000.0,theScore Bet,,,,,,,,,,0.5,1000.0,theScore Bet,0.5,950.0,BetRivers,,,,,,,,,,0.5,950.0,BetRivers,The Odds API,"[""Bally Bet"", ""BetMGM"", ""BetRivers"", ""Bovada"", ""Caesars"", ""Courtside"", ""DraftKings"", ""Fanatics"", ""Fliff"", ""Hard Rock Bet"", ""theScore Bet""]",The Odds API,"[""Bally Bet"", ""BetMGM"", ""BetRivers"", ""Bovada"", ""Caesars"", ""Courtside"", ""DraftKings"", ""Fanatics"", ""betmgm""]",,,,,,,,,,,,,,,,,,,,,,,,ALTLINE_NB_v1_2026-01-18,,,,league_avg,2.3,,,,,,,,,,,,,,,,,,,,,,,,,exp/fallback,0.183,,,,,,,,,,,,,,,,,,,,,,,,,exp/fallback,0.149,,,,,,,,,,,,,,,,,,,,,,0.5,1000.0,theScore Bet,exp/fallback,0.1936,0.1701162452154071,17.0,0.0909090909090909,87.12786973694784,87.1,0.1701162452154071,17.0,87.12786973694784,87.1,,,,,,,,,,,,,0.5,950.0,BetRivers,exp/fallback,0.1271,0.1149597639007977,11.5,0.0952380952380952,20.707752095837662,20.7,0.1149597639007977,11.5,20.707752095837662,20.7,,,,,,,,,,,,,False,False,True,True,False,,,Active roster,2026-10-02T00:14:24+00:00,False,[],2025-2026,,2026-09-24-frozen-v2,2026-10-02T00:14:28.971676+00:00,2026020015,8476473.0,PLAYER_ID,FINAL,0.0,,NO_LINE,0.0,,NO_LINE,1.0,,NO_LINE,0.0,L,OK,0.0,L,OK,0.0,,NO_LINE
2026-10-01,EDM@VAN,2026020015,9:00 PM,2026-10-02T02:00:00Z,Evan Bouchard,8480803,EDM,False,"{""season"":""2026-27"",""games"":[{""d"":""2026-09-29"",""g"":3,""a"":2,""s"":6,""pp"":1,""h"":""H"",""toi"":""25:41""}]}",2026-27,EDM,D,,Healthy,Unknown,,,7.0,1.0,🟢 ROLE+,33.0,22.0,2026-10-02T00:13:56+00:00,VAN,Kevin Lankinen,0.8754863813229572,3.7032036569136113,97.3,Likely,dailyfaceoff_name_and_stats,29.6,5.0,29.6,5.0,,76.4,99.7,A1+A2,24.68,99.0,89.1,1.16,NONE,False,False,27.51428261280349,2.637521157565061,90.5,90.3,18.0,3.6,True,,,6.0,,50.0,5.0,3.0,6.0,3.0,2.0,2.0,5.0,5.0,2.0,2.0,6.0,6.0,LOW,0.5,-1.0,LOW,0.25,,LOW,0.125,,LOW,0.2,,LOW,0.1,,LOW,0.05,,LOW,0.6,,LOW,0.3,,LOW,0.15,,1.8441596044411284,0.761718097486553,,,2.0,2.8103479152760364,2.5495335623463524,50.0,79.4,68.5,86.9,16.92,2.31,,7.53,-0.9,,HOT,COOL,COOL,14.08,8.43,HOT,Green,Yellow,Red,Green,95.0,70.0,78.0,91.0,POINTS,95.0,0.0,0.0,0.0,0.0,1.0,0.0,A,Distributor,14.1,,97.2,,2.0,3.478252032520325,285.21666666666664,3.478252032520325,0.140946341061648,14.1,14.1,4.78215391807398,0.9824110325483552,4.470285747677205,9.539183194819762,8.332820945108345,97.2,92.2,False,,,,🅿️ D:0,,False,False,1.0,,False,0.0,,False,0.0,,1.5,-250.0,BetOnline.ag,2.5,-110.0,theScore Bet,3.5,225.0,theScore Bet,4.5,500.0,Fanatics,2.5,-110.0,theScore Bet,0.5,-312.0,BetOnline.ag,1.5,180.0,Hard Rock Bet,2.5,475.0,DraftKings,3.5,1500.0,Fanatics,1.5,180.0,Hard Rock Bet,0.5,-170.0,Hard Rock Bet,1.5,290.0,Bovada,2.5,900.0,Bovada,3.5,2500.0,Fanatics,0.5,-170.0,Hard Rock Bet,0.5,360.0,BetMGM,,,,,,,,,,0.5,360.0,BetMGM,0.5,360.0,BetMGM,,,,,,,,,,0.5,360.0,BetMGM,The Odds API,"[""Bally Bet"", ""BetMGM"", ""BetRivers"", ""Bovada"", ""Caesars"", ""Courtside"", ""DraftKings"", ""FanDuel"", ""Fanatics"", ""Fliff"", ""Hard Rock Bet"", ""theScore Bet""]",The Odds API,"[""Bally Bet"", ""BetMGM"", ""BetRivers"", ""Bovada"", ""Caesars"", ""Courtside"", ""DraftKings"", ""FanDuel"", ""Fanatics"", ""betmgm""]",The Odds API,"[""Bally Bet"", ""BetOnline.ag"", ""BetRivers"", ""Bovada"", ""Caesars"", ""Courtside"", ""DraftKings"", ""FanDuel"", ""Fanatics"", ""Fliff"", ""Hard Rock Bet"", ""ReBet"", ""draftkings"", ""theScore Bet""]",The Odds API,"[""Bally Bet"", ""BetOnline.ag"", ""BetRivers"", ""Courtside"", ""DraftKings"", ""FanDuel"", ""Fanatics"", ""Fliff"", ""Hard Rock Bet"", ""ReBet"", ""draftkings"", ""theScore Bet""]",The Odds API,"[""Bally Bet"", ""BetOnline.ag"", ""BetRivers"", ""Bovada"", ""Courtside"", ""DraftKings"", ""FanDuel"", ""Fanatics"", ""Fliff"", ""Hard Rock Bet"", ""ReBet"", ""draftkings"", ""theScore Bet""]",0.5,125.0,theScore Bet,1.5,475.0,BetRivers,,,,,,,0.5,125.0,theScore Bet,The Odds API,"[""Bally Bet"", ""BetRivers"", ""Bovada"", ""Fliff"", ""Hard Rock Bet"", ""theScore Bet""]",ALTLINE_NB_v1_2026-01-18,2.5,-110.0,theScore Bet,exp/fallback,0.6000000000000001,0.0326670041478929,3.3,0.5238095238095238,-93.76357193540224,-93.8,0.1299407132279931,13.0,-81.80830014808096,-81.8,0.0326670041478929,3.3,-93.76357193540224,-93.8,0.0072912539530841,0.7,-97.63034246524764,-97.6,0.0014989631477473,0.1,-99.1006221113516,-99.1,1.5,180.0,Hard Rock Bet,exp/fallback,1.6920000000000002,0.4538701416231024,45.4,0.3571428571428571,27.08363965446869,27.1,0.735232945463828,73.5,-2.9115469451611724,-2.9,0.4538701416231024,45.4,27.08363965446869,27.1,0.2520459623325028,25.2,44.926428341189165,44.9,0.1305103367177391,13.1,108.81653874838264,108.8,0.5,-170.0,Hard Rock Bet,exp/fallback,1.408,0.6556018426679011,65.6,0.6296296296296297,4.124998541372532,4.1,0.6556018426679011,65.6,4.124998541372532,4.1,0.3710287173606268,37.1,44.70119977064447,44.7,0.1946735411138652,19.5,94.67354111386524,94.7,0.0975264017729262,9.8,153.56864460960827,153.6,0.5,360.0,BetMGM,exp/fallback,0.2042999999999999,0.1783008243290096,17.8,0.217391304347826,-17.981620808655574,-18.0,0.1783008243290096,17.8,-17.981620808655574,-18.0,,,,,,,,,,,,,0.5,360.0,BetMGM,exp/fallback,0.1913625,0.1650339968942098,16.5,0.217391304347826,-24.08436142866347,-24.1,0.1650339968942098,16.5,-24.08436142866347,-24.1,,,,,,,,,,,,,False,True,False,False,False,,,Active roster,2026-10-02T00:14:24+00:00,False,"[{""market"":""Points"",""name"":""DPS Tank stance"",""kind"":""STANCE"",""rule"":""Conf_Points >= 75"",""icon"":""PTS15_TWO_HANDED_HAMMER.svg"",""kit_version"":""2026-09-24-frozen-v2""},{""market"":""Assists"",""name"":""Staff (Green Stance)"",""kind"":""STANCE"",""rule"":""Green + Assists 0.5"",""icon"":""staff.svg"",""kit_version"":""2026-09-24-frozen-v2""},{""market"":""Assists"",""name"":""Staff Awakened"",""kind"":""STANCE"",""rule"":""Green + Assists 0.5 + Conf_Assists ≥ 83"",""icon"":""staff.svg"",""kit_version"":""2026-09-24-frozen-v2""},{""market"":""Assists"",""name"":""Runic Infusion"",""kind"":""VOLUME"",""rule"":""Green + Assists 0.5 + Conf_Assists ≥ 83 + PP_iXA60 ≥ 4.4"",""icon"":""runic_infusion.svg"",""kit_version"":""2026-09-24-frozen-v2""},{""market"":""Assists"",""name"":""Assist Dagger"",""kind"":""VOLUME"",""rule"":""Green + Assists 0.5 + Conf_Assists ≥ 83 + Assist_Dagger ≥ 86"",""icon"":""magic-dagger.svg"",""kit_version"":""2026-09-24-frozen-v2""}]",2025-2026,,2026-09-24-frozen-v2,2026-10-02T00:14:28.971676+00:00,2026020015,8480803.0,PLAYER_ID,FINAL,3.0,W,OK,2.0,W,OK,4.0,W,OK,1.0,W,OK,1.0,W,OK,0.0,L,OK
2026-10-01,EDM@VAN,2026020015,9:00 PM,2026-10-02T02:00:00Z,Isaac Howard,8483455,EDM,False,,2026-27,EDM,L,,Healthy,Unknown,,,7.0,0.0,,33.0,22.0,2026-10-02T00:13:56+00:00,VAN,Kevin Lankinen,0.8754863813229572,3.7032036569136113,97.3,Likely,dailyfaceoff_name_and_stats,29.6,5.0,29.6,5.0,,42.1,28.5,A1+A2,10.31,15.9,32.1,0.94,NONE,False,False,27.51428261280349,2.637521157565061,90.5,90.3,18.0,3.6,True,,,,,50.0,,,,,,,,,,,,,,,,,,,,,,,,,,,,,,,,,,,,,,,,1.054234508609582,0.4216938034438327,,,0.0,2.8103479152760364,2.5495335623463524,50.0,79.4,52.3,86.9,2.29,1.32,,,,,COOL,COOL,COOL,0.97,,COOL,Red,Red,Red,Red,41.0,43.0,46.0,38.0,GOAL,46.0,,,,,,,C,Passenger,4.3,,97.2,,0.0,0.4454022988505747,12.916666666666666,0.4454022988505747,0.043197146201438,4.3,4.3,0.0929032258064516,0.0929032258064516,0.0,9.539183194819762,8.332820945108345,97.2,53.6,False,,,,,,False,False,1.0,,False,0.0,,False,0.0,,1.5,-119.0,BetOnline.ag,2.5,210.0,Fanatics,3.5,550.0,Fanatics,4.5,1500.0,Fanatics,1.5,-119.0,BetOnline.ag,0.5,125.0,BetRivers,1.5,600.0,BetRivers,,,,,,,0.5,125.0,BetRivers,0.5,260.0,BetRivers,,,,,,,,,,0.5,260.0,BetRivers,0.5,425.0,BetMGM,,,,,,,,,,0.5,425.0,BetMGM,0.5,425.0,BetMGM,,,,,,,,,,0.5,425.0,BetMGM,The Odds API,"[""Bally Bet"", ""BetMGM"", ""BetRivers"", ""Bovada"", ""Caesars"", ""Courtside"", ""DraftKings"", ""FanDuel"", ""Fanatics"", ""Fliff"", ""Hard Rock Bet"", ""theScore Bet""]",The Odds API,"[""Bally Bet"", ""BetMGM"", ""BetRivers"", ""Bovada"", ""Caesars"", ""Courtside"", ""DraftKings"", ""FanDuel"", ""Fanatics"", ""betmgm""]",The Odds API,"[""Bally Bet"", ""BetRivers""]",The Odds API,"[""Bally Bet"", ""BetOnline.ag"", ""BetRivers"", ""Courtside"", ""DraftKings"", ""Fanatics"", ""Fliff"", ""ReBet""]",The Odds API,"[""Bally Bet"", ""BetRivers""]",,,,,,,,,,,,,,,,,,ALTLINE_NB_v1_2026-01-18,1.5,-119.0,BetOnline.ag,league_avg,2.3,0.6001759479749428,60.0,0.54337899543379,10.452548408834003,10.5,0.6001759479749428,60.0,10.452548408834003,10.5,0.3835789960842564,38.4,18.90948878611949,18.9,0.2254288407355011,22.5,46.52874647807577,46.5,0.1243884637071297,12.4,99.0215419314076,99.0,0.5,125.0,BetRivers,exp/fallback,0.229,0.1977102778624188,19.8,0.4444444444444444,-55.515187480955774,-55.5,0.1977102778624188,19.8,-55.515187480955774,-55.5,0.0276187661561686,2.8,-80.66686369068195,-80.7,,,,,,,,,0.5,260.0,BetRivers,exp/fallback,0.097,0.0903734449081266,9.0,0.2777777777777778,-67.46555983307442,-67.5,0.0903734449081266,9.0,-67.46555983307442,-67.5,,,,,,,,,,,,,0.5,425.0,BetMGM,exp/fallback,0.2328,0.1995570218262653,20.0,0.1904761904761904,4.767436458789298,4.8,0.1995570218262653,20.0,4.767436458789298,4.8,,,,,,,,,,,,,0.5,425.0,BetMGM,exp/fallback,0.1908,0.1646161133098411,16.5,0.1904761904761904,-13.576540512333391,-13.6,0.1646161133098411,16.5,-13.576540512333391,-13.6,,,,,,,,,,,,,True,False,False,False,False,,,Active roster,2026-10-02T00:14:24+00:00,False,[],2025-2026,,2026-09-24-frozen-v2,2026-10-02T00:14:28.971676+00:00,2026020015,8483455.0,PLAYER_ID,FINAL,1.0,W,OK,1.0,W,OK,3.0,W,OK,0.0,L,OK,0.0,L,OK,0.0,,NO_LINE
2026-10-01,EDM@VAN,2026020015,9:00 PM,2026-10-02T02:00:00Z,Jake Walman,8478013,EDM,False,,2026-27,EDM,D,,Healthy,Unknown,,,7.0,1.0,🟢 ROLE+,33.0,22.0,2026-10-02T00:13:56+00:00,VAN,Kevin Lankinen,0.8754863813229572,3.7032036569136113,97.3,Likely,dailyfaceoff_name_and_stats,29.6,5.0,29.6,5.0,,46.1,54.3,A1+A2,18.75,80.0,55.7,1.02,NONE,False,False,27.51428261280349,2.637521157565061,90.5,90.3,18.0,3.6,True,,,,,50.0,,,,,,,,,,,,,,,,,,,,,,,,,,,,,,,,,,,,,,,,1.022436807725078,0.4089747230900312,,,0.0,2.8103479152760364,2.5495335623463524,50.0,79.4,51.4,86.9,3.22,0.91,,,,,COOL,COOL,COOL,2.32,,COOL,Red,Red,Red,Red,63.0,52.0,53.0,58.0,POINTS,63.0,,,,,,,C,Passenger,3.6,,97.2,,0.0,0.6657232704402516,35.28333333333333,0.6657232704402516,0.0355040501786103,3.6,3.6,1.6962683042040625,0.6121870571563534,1.2753897024090697,9.539183194819762,8.332820945108345,97.2,64.6,False,,,,,,False,False,1.0,,False,0.0,,False,0.0,,1.5,-130.0,FanDuel,2.5,240.0,FanDuel,3.5,575.0,Fanatics,4.5,1500.0,Fanatics,1.5,-130.0,FanDuel,0.5,165.0,DraftKings,1.5,950.0,DraftKings,2.5,1550.0,BetOnline.ag,3.5,3300.0,BetOnline.ag,0.5,165.0,DraftKings,0.5,260.0,Bovada,1.5,1500.0,DraftKings,2.5,3300.0,Bovada,,,,0.5,260.0,Bovada,0.5,750.0,Hard Rock Bet,,,,,,,,,,0.5,750.0,Hard Rock Bet,0.5,700.0,DraftKings,,,,,,,,,,0.5,700.0,DraftKings,The Odds API,"[""Bally Bet"", ""BetMGM"", ""BetRivers"", ""Bovada"", ""Caesars"", ""Courtside"", ""DraftKings"", ""FanDuel"", ""Fanatics"", ""Fliff"", ""Hard Rock Bet"", ""theScore Bet""]",The Odds API,"[""Bally Bet"", ""BetMGM"", ""BetRivers"", ""Bovada"", ""Caesars"", ""Courtside"", ""DraftKings"", ""FanDuel"", ""Fanatics"", ""fanatics""]",The Odds API,"[""Bally Bet"", ""BetOnline.ag"", ""BetRivers"", ""Bovada"", ""Courtside"", ""DraftKings"", ""Fanatics"", ""Fliff"", ""ReBet"", ""draftkings""]",The Odds API,"[""Bally Bet"", ""BetOnline.ag"", ""BetRivers"", ""Courtside"", ""DraftKings"", ""FanDuel"", ""Fanatics"", ""Fliff"", ""ReBet""]",The Odds API,"[""Bally Bet"", ""BetOnline.ag"", ""BetRivers"", ""Bovada"", ""Courtside"", ""DraftKings"", ""Fanatics"", ""Fliff"", ""ReBet"", ""draftkings""]",,,,,,,,,,,,,,,,,,ALTLINE_NB_v1_2026-01-18,1.5,-130.0,FanDuel,league_avg,2.3,0.6001759479749428,60.0,0.5652173913043478,6.184975410951416,6.2,0.6001759479749428,60.0,6.184975410951416,6.2,0.3835789960842564,38.4,30.41685866864716,30.4,0.2254288407355011,22.5,52.16446749646329,52.2,0.1243884637071297,12.4,99.0215419314076,99.0,0.5,165.0,DraftKings,exp/fallback,0.322,0.2629597982995142,26.3,0.3773584905660377,-30.315653450628737,-30.3,0.2629597982995142,26.3,-30.315653450628737,-30.3,0.04967055146968,5.0,-47.845920956835975,-47.8,0.0080075535381041,0.8,-86.7875366621282,-86.8,0.0011754259602171,0.1,-96.00355173526174,-96.0,0.5,260.0,Bovada,exp/fallback,0.2319999999999999,0.1970812296861549,19.7,0.2777777777777778,-29.05075731298422,-29.1,0.1970812296861549,19.7,-29.05075731298422,-29.1,0.0301662165026317,3.0,-51.73405359578922,-51.7,0.004141832726706,0.4,-85.91776872919927,-85.9,,,,,0.5,750.0,Hard Rock Bet,exp/fallback,0.2163999999999999,0.1874207702211061,18.7,0.1176470588235294,59.30765468794024,59.3,0.1874207702211061,18.7,59.30765468794024,59.3,,,,,,,,,,,,,0.5,700.0,DraftKings,exp/fallback,0.16415,0.1444149520255159,14.4,0.125,15.531961620412716,15.5,0.1444149520255159,14.4,15.531961620412716,15.5,,,,,,,,,,,,,False,False,True,True,False,,,Active roster,2026-10-02T00:14:24+00:00,False,[],2025-2026,,2026-09-24-frozen-v2,2026-10-02T00:14:28.971676+00:00,2026020015,8478013.0,PLAYER_ID,FINAL,0.0,L,OK,0.0,L,OK,1.0,L,OK,0.0,L,OK,0.0,L,OK,0.0,,NO_LINE
2026-10-01,EDM@VAN,2026020015,9:00 PM,2026-10-02T02:00:00Z,Kasperi Kapanen,8477953,EDM,False,,2026-27,EDM,R,,Healthy,Unknown,,,7.0,0.0,,33.0,22.0,2026-10-02T00:13:56+00:00,VAN,Kevin Lankinen,0.8754863813229572,3.7032036569136113,97.3,Likely,dailyfaceoff_name_and_stats,29.6,5.0,29.6,5.0,,52.8,46.6,A1+A2,14.59,47.0,49.5,1.0,NONE,False,False,27.51428261280349,2.637521157565061,90.5,90.3,18.0,3.6,True,,,,,50.0,,,,,,,,,,,,,,,,,,,,,,,,,,,,,,,,,,,,,,,,1.779975278121137,0.8899876390605687,,,0.0,2.8103479152760364,2.5495335623463524,50.0,79.4,67.4,86.9,3.7,1.51,,,,,COOL,COOL,COOL,2.19,,COOL,Red,Red,Red,Red,56.0,51.0,54.0,53.0,POINTS,56.0,,,,,,,C,Passenger,1.8,,97.2,,0.0,0.2609756097560975,10.7,0.2609756097560975,0.0178864959741453,1.8,1.8,0.0560747663551401,0.0560747663551401,0.0,9.539183194819762,8.332820945108345,97.2,49.3,False,,,,,,False,False,1.0,,False,0.0,,False,0.0,,1.5,-115.0,Hard Rock Bet,2.5,240.0,FanDuel,3.5,575.0,Fanatics,4.5,1500.0,Fanatics,1.5,-115.0,Hard Rock Bet,0.5,120.0,theScore Bet,1.5,700.0,Bovada,2.5,1750.0,BetOnline.ag,3.5,4200.0,BetOnline.ag,0.5,120.0,theScore Bet,0.5,280.0,Bovada,1.5,1400.0,Bovada,2.5,3300.0,Bovada,,,,0.5,280.0,Bovada,0.5,310.0,BetMGM,,,,,,,,,,0.5,310.0,BetMGM,0.5,310.0,BetMGM,,,,,,,,,,0.5,310.0,BetMGM,The Odds API,"[""Bally Bet"", ""BetMGM"", ""BetRivers"", ""Bovada"", ""Caesars"", ""Courtside"", ""DraftKings"", ""FanDuel"", ""Fanatics"", ""Fliff"", ""Hard Rock Bet"", ""theScore Bet""]",The Odds API,"[""Bally Bet"", ""BetMGM"", ""BetRivers"", ""Bovada"", ""Caesars"", ""Courtside"", ""DraftKings"", ""FanDuel"", ""Fanatics"", ""betmgm""]",The Odds API,"[""Bally Bet"", ""BetOnline.ag"", ""BetRivers"", ""Bovada"", ""Caesars"", ""Courtside"", ""DraftKings"", ""Fliff"", ""Hard Rock Bet"", ""ReBet"", ""draftkings"", ""theScore Bet""]",The Odds API,"[""Bally Bet"", ""BetOnline.ag"", ""BetRivers"", ""Courtside"", ""DraftKings"", ""FanDuel"", ""Fanatics"", ""Fliff"", ""Hard Rock Bet"", ""ReBet"", ""theScore Bet""]",The Odds API,"[""Bally Bet"", ""BetRivers"", ""Bovada"", ""Fliff"", ""Hard Rock Bet"", ""theScore Bet""]",0.5,325.0,Hard Rock Bet,,,,,,,,,,0.5,325.0,Hard Rock Bet,The Odds API,"[""Fliff"", ""Hard Rock Bet"", ""theScore Bet""]",ALTLINE_NB_v1_2026-01-18,1.5,-115.0,Hard Rock Bet,league_avg,2.3,0.6001759479749428,60.0,0.5348837209302325,12.206807664880603,12.2,0.6001759479749428,60.0,12.206807664880603,12.2,0.3835789960842564,38.4,30.41685866864716,30.4,0.2254288407355011,22.5,52.16446749646329,52.2,0.1243884637071297,12.4,99.0215419314076,99.0,0.5,120.0,theScore Bet,exp/fallback,0.37,0.2938508012022753,29.4,0.4545454545454545,-35.35282373549942,-35.4,0.2938508012022753,29.4,-35.35282373549942,-35.4,0.0625314532118741,6.3,-49.974837430500685,-50.0,0.0113831511661878,1.1,-78.94117034255252,-78.9,0.0018886013693052,0.2,-91.87901411198746,-91.9,0.5,280.0,Bovada,exp/fallback,0.219,0.1876458810295206,18.8,0.2631578947368421,-28.69456520878216,-28.7,0.1876458810295206,18.8,-28.69456520878216,-28.7,0.0272983803043878,2.7,-59.05242954341829,-59.1,0.0035605912155162,0.4,-87.89398986724485,-87.9,,,,,0.5,310.0,BetMGM,exp/fallback,0.2404,0.2050951906640308,20.5,0.2439024390243902,-15.910971827747368,-15.9,0.2050951906640308,20.5,-15.910971827747368,-15.9,,,,,,,,,,,,,0.5,310.0,BetMGM,exp/fallback,0.20315,0.1737122623314922,17.4,0.2439024390243902,-28.777972444088164,-28.8,0.1737122623314922,17.4,-28.777972444088164,-28.8,,,,,,,,,,,,,True,False,False,False,False,,,Active roster,2026-10-02T00:14:24+00:00,False,[],2025-2026,,2026-09-24-frozen-v2,2026-10-02T00:14:28.971676+00:00,2026020015,8477953.0,PLAYER_ID,FINAL,2.0,W,OK,1.0,W,OK,1.0,L,OK,1.0,W,OK,1.0,W,OK,1.0,W,OK
2026-10-01,EDM@VAN,2026020015,9:00 PM,2026-10-02T02:00:00Z,Leon Draisaitl,8477934,EDM,False,"{""season"":""2026-27"",""games"":[{""d"":""2026-09-29"",""g"":0,""a"":1,""s"":5,""pp"":1,""h"":""H"",""toi"":""21:15""}]}",2026-27,EDM,C,👑 ELITE,Healthy,Unknown,,,7.0,1.0,🟢 ROLE+,33.0,22.0,2026-10-02T00:13:56+00:00,VAN,Kevin Lankinen,0.8754863813229572,3.7032036569136113,97.3,Likely,dailyfaceoff_name_and_stats,29.6,5.0,29.6,5.0,,92.3,98.7,A1+A2,21.58,94.1,94.9,1.25,ELITE,True,False,27.51428261280349,2.637521157565061,90.5,90.3,18.0,3.6,True,,,5.0,,50.0,1.0,0.0,5.0,0.0,1.0,1.0,1.0,1.0,1.0,1.0,5.0,5.0,LOW,0.1,-1.4,LOW,0.05,,LOW,0.025,,LOW,0.1,,LOW,0.05,,LOW,0.025,,LOW,0.5,,LOW,0.25,,LOW,0.125,,2.42098184263618,1.0697361630252888,,,1.0,2.8103479152760364,2.5495335623463524,50.0,79.4,73.8,86.9,22.33,5.07,,15.54,4.61,,HOT,HOT,COOL,16.11,10.93,HOT,Green,Green,Green,Green,95.0,78.0,81.0,93.0,POINTS,95.0,0.0,0.0,1.0,0.0,1.0,0.0,A,Distributor,16.1,,97.2,,2.0,3.4679487179487176,225.41666666666663,3.4679487179487176,0.1607382669978488,16.1,16.1,7.500110905730129,2.5792236598890943,5.789279112754159,9.539183194819762,8.332820945108345,97.2,95.3,False,,,,🅿️ D:0,🥅 GOAL EARNED,False,True,3.0,"iXG,REG,G",False,0.0,,False,0.0,,1.5,-500.0,DraftKings,2.5,-160.0,theScore Bet,3.5,145.0,Fanatics,4.5,320.0,Fanatics,2.5,-160.0,theScore Bet,0.5,-475.0,DraftKings,1.5,105.0,Bovada,2.5,330.0,Bovada,3.5,900.0,Fanatics,1.5,105.0,Bovada,0.5,-177.0,BetRivers,1.5,270.0,Bovada,2.5,900.0,Fanatics,3.5,3500.0,Fanatics,0.5,-177.0,BetRivers,0.5,105.0,BetMGM,,,,,,,,,,0.5,105.0,BetMGM,0.5,105.0,BetMGM,,,,,,,,,,0.5,105.0,BetMGM,The Odds API,"[""Bally Bet"", ""BetMGM"", ""BetRivers"", ""Bovada"", ""Caesars"", ""Courtside"", ""DraftKings"", ""FanDuel"", ""Fanatics"", ""Fliff"", ""Hard Rock Bet"", ""fanduel"", ""theScore Bet""]",The Odds API,"[""Bally Bet"", ""BetMGM"", ""BetRivers"", ""Bovada"", ""Caesars"", ""Courtside"", ""DraftKings"", ""FanDuel"", ""Fanatics"", ""betmgm""]",The Odds API,"[""Bally Bet"", ""BetOnline.ag"", ""BetRivers"", ""Bovada"", ""Caesars"", ""Courtside"", ""DraftKings"", ""FanDuel"", ""Fanatics"", ""Fliff"", ""Hard Rock Bet"", ""ReBet"", ""draftkings"", ""theScore Bet""]",The Odds API,"[""Bally Bet"", ""BetOnline.ag"", ""BetRivers"", ""Courtside"", ""DraftKings"", ""FanDuel"", ""Fanatics"", ""Fliff"", ""Hard Rock Bet"", ""ReBet"", ""draftkings"", ""theScore Bet""]",The Odds API,"[""Bally Bet"", ""BetOnline.ag"", ""BetRivers"", ""Bovada"", ""Courtside"", ""DraftKings"", ""FanDuel"", ""Fanatics"", ""Fliff"", ""Hard Rock Bet"", ""ReBet"", ""draftkings"", ""theScore Bet""]",0.5,120.0,theScore Bet,1.5,450.0,BetRivers,,,,,,,0.5,120.0,theScore Bet,The Odds API,"[""Bally Bet"", ""BetRivers"", ""Bovada"", ""Fliff"", ""Hard Rock Bet"", ""theScore Bet""]",ALTLINE_NB_v1_2026-01-18,2.5,-160.0,theScore Bet,exp/fallback,0.5,0.0211669780841146,2.1,0.6153846153846154,-96.56036606133138,-96.6,0.0982404443767041,9.8,-88.2111466747955,-88.2,0.0211669780841146,2.1,-96.56036606133138,-96.6,0.0040395411302058,0.4,-99.01031242309956,-99.0,0.0007092061669458,0.1,-99.70213340988276,-99.7,1.5,105.0,Bovada,exp/fallback,2.233,0.5672141060455904,56.7,0.4878048780487805,16.278891739346037,16.3,0.8079411865901587,80.8,-2.1965932022439514,-2.2,0.5672141060455904,56.7,16.278891739346037,16.3,0.3635476861708666,36.4,56.32550505347265,56.3,0.2188912359848976,21.9,118.89123598489766,118.9,0.5,-177.0,BetRivers,exp/fallback,1.611,0.6932355603485795,69.3,0.6389891696750902,8.489406902009334,8.5,0.6932355603485795,69.3,8.489406902009334,8.5,0.4195177468462596,42.0,55.22156633311608,55.2,0.2363443609896116,23.6,136.34436098961163,136.3,0.1273838423465543,12.7,358.5818324475955,358.6,0.5,105.0,BetMGM,exp/fallback,0.2871,0.2379760109846723,23.8,0.4878048780487805,-51.21491774814216,-51.2,0.2379760109846723,23.8,-51.21491774814216,-51.2,,,,,,,,,,,,,0.5,105.0,BetMGM,exp/fallback,0.3259125,0.2559177957685771,25.6,0.4878048780487805,-47.53685186744169,-47.5,0.2559177957685771,25.6,-47.53685186744169,-47.5,,,,,,,,,,,,,False,True,False,False,False,,,Active roster,2026-10-02T00:14:24+00:00,False,"[{""market"":""Points"",""name"":""DPS Tank stance"",""kind"":""STANCE"",""rule"":""Conf_Points >= 75"",""icon"":""PTS15_TWO_HANDED_HAMMER.svg"",""kit_version"":""2026-09-24-frozen-v2""},{""market"":""Points"",""name"":""Blade Impale"",""kind"":""SPECIAL"",""rule"":""Conf_Points >= 83 + Goal_ProofCount >= 3"",""icon"":""PTS15_BLADE_IMPALE.svg"",""kit_version"":""2026-09-24-frozen-v2""},{""market"":""Assists"",""name"":""Staff (Green Stance)"",""kind"":""STANCE"",""rule"":""Green + Assists 0.5"",""icon"":""staff.svg"",""kit_version"":""2026-09-24-frozen-v2""},{""market"":""Assists"",""name"":""Staff Awakened"",""kind"":""STANCE"",""rule"":""Green + Assists 0.5 + Conf_Assists ≥ 83"",""icon"":""staff.svg"",""kit_version"":""2026-09-24-frozen-v2""},{""market"":""Assists"",""name"":""Arcane Channel I"",""kind"":""VOLUME"",""rule"":""Green + Assists 0.5 + Conf_Assists ≥ 83 + PP_Points60 ≥ 5.3"",""icon"":""arcane_channel_i.svg"",""kit_version"":""2026-09-24-frozen-v2""},{""market"":""Assists"",""name"":""Runic Infusion"",""kind"":""VOLUME"",""rule"":""Green + Assists 0.5 + Conf_Assists ≥ 83 + PP_iXA60 ≥ 4.4"",""icon"":""runic_infusion.svg"",""kit_version"":""2026-09-24-frozen-v2""},{""market"":""Assists"",""name"":""Assist Dagger"",""kind"":""VOLUME"",""rule"":""Green + Assists 0.5 + Conf_Assists ≥ 83 + Assist_Dagger ≥ 86"",""icon"":""magic-dagger.svg"",""kit_version"":""2026-09-24-frozen-v2""},{""market"":""Assists"",""name"":""Rune Orchestration"",""kind"":""HEAVY"",""rule"":""Green + Assists 0.5 + Conf_Assists ≥ 83 + PP_Points60 ≥ 5.3 + Assists_mu ≥ 1.4"",""icon"":""runic_infusion.svg"",""kit_version"":""2026-09-24-frozen-v2""},{""market"":""SOG"",""name"":""Jungle Stance"",""kind"":""STANCE"",""rule"":""Green + SOG 2.5 + Conf_SOG >= 75"",""icon"":""sog_basic_swipe.svg"",""kit_version"":""2026-09-24-frozen-v2""},{""market"":""SOG"",""name"":""Paralysis"",""kind"":""ENV"",""rule"":""Goalie_Weak >= 62.5"",""icon"":""sog_env_paralysis.svg"",""kit_version"":""2026-09-24-frozen-v2""},{""market"":""Goal"",""name"":""Weakened Armor"",""kind"":""WEAK DEFENSE"",""rule"":""Opp_PK_xGA60 >= 7.3"",""icon"":""shattered_armor.svg"",""kit_version"":""2026-09-24-frozen-v2""},{""market"":""Goal"",""name"":""Open Lanes"",""kind"":""WEAK DEFENSE"",""rule"":""Opp_SOG_Against_L50 >= 29.2"",""icon"":""armor_shred.svg"",""kit_version"":""2026-09-24-frozen-v2""},{""market"":""Goal"",""name"":""Fallen Guardian"",""kind"":""WEAK DEFENSE"",""rule"":""Opp_GAA >= 3.01"",""icon"":""fenrir_claw.svg"",""kit_version"":""2026-09-24-frozen-v2""},{""market"":""Goal"",""name"":""Bloodlust"",""kind"":""HEAVY ATTACK"",""rule"":""Opp_SOG_Against_L50 >= 29.2 + Opp_PK_xGA60 >= 7.3"",""icon"":""armor_shred.svg"",""kit_version"":""2026-09-24-frozen-v2""},{""market"":""Goal"",""name"":""Armor Annihilation"",""kind"":""SPECIAL ATTACK"",""rule"":""Opp_SOG_Against_L50 >= 29.2 + Opp_PK_xGA60 >= 7.3 + opp_5v5_HDCA60 >= 2.5"",""icon"":""stack_armor_annihilation.svg"",""kit_version"":""2026-09-24-frozen-v2""}]",2025-2026,,2026-09-24-frozen-v2,2026-10-02T00:14:28.971676+00:00,2026020015,8477934.0,PLAYER_ID,FINAL,3.0,W,OK,1.0,W,OK,5.0,W,OK,2.0,W,OK,2.0,W,OK,1.0,W,OK
2026-10-01,EDM@VAN,2026020015,9:00 PM,2026-10-02T02:00:00Z,Mathieu Joseph,8478472,LAK,True,,2026-27,EDM,R,,Healthy,Unknown,,,7.0,0.0,,33.0,22.0,2026-10-02T00:13:56+00:00,VAN,Kevin Lankinen,0.8754863813229572,3.7032036569136113,97.3,Likely,dailyfaceoff_name_and_stats,29.6,5.0,29.6,5.0,,47.8,46.6,A1+A2,11.99,29.1,43.7,0.98,NONE,False,False,27.51428261280349,2.637521157565061,90.5,90.3,18.0,3.6,True,,,,,50.0,,,,,,,,,,,,,,,,,,,,,,,,,,,,,,,,,,,,,,,,0.953866988547708,0.2119704418994906,,,0.0,2.8103479152760364,2.5495335623463524,50.0,79.4,49.9,86.9,2.68,0.96,,,,,COOL,COOL,COOL,1.72,,COOL,Red,Red,Red,Red,52.0,47.0,50.0,48.0,POINTS,52.0,,,,,,,,Passenger,0.3,,97.2,,,0.0385620915032679,1.9666666666666663,0.0385620915032679,0.0032168365956054,0.3,0.3,0.0,0.0,0.0,9.539183194819762,8.332820945108345,97.2,41.3,False,,,,,,False,False,1.0,,False,0.0,,False,0.0,,,,,,,,,,,,,,,,,,,,,,,,,,,,,,,,,,,,,,,,,,,,,,,0.5,750.0,DraftKings,,,,,,,,,,0.5,750.0,DraftKings,0.5,750.0,DraftKings,,,,,,,,,,0.5,750.0,DraftKings,The Odds API,"[""Bally Bet"", ""BetMGM"", ""BetRivers"", ""Bovada"", ""Caesars"", ""Courtside"", ""DraftKings"", ""FanDuel"", ""Fanatics"", ""Fliff"", ""Hard Rock Bet"", ""theScore Bet""]",The Odds API,"[""Bally Bet"", ""BetMGM"", ""BetRivers"", ""Bovada"", ""Caesars"", ""Courtside"", ""DraftKings"", ""FanDuel"", ""Fanatics"", ""betmgm""]",,,,,,,,,,,,,,,,,,,,,,,,ALTLINE_NB_v1_2026-01-18,,,,league_avg,2.3,,,,,,,,,,,,,,,,,,,,,,,,,exp/fallback,0.268,,,,,,,,,,,,,,,,,,,,,,,,,exp/fallback,0.172,,,,,,,,,,,,,,,,,,,,,,0.5,750.0,DraftKings,exp/fallback,0.2183999999999999,0.1889145366047641,18.9,0.1176470588235294,60.57735611404947,60.6,0.1889145366047641,18.9,60.57735611404947,60.6,,,,,,,,,,,,,0.5,750.0,DraftKings,exp/fallback,0.1674,0.1469214451918492,14.7,0.1176470588235294,24.883228413071844,24.9,0.1469214451918492,14.7,24.883228413071844,24.9,,,,,,,,,,,,,False,False,True,True,False,,,Active roster,2026-10-02T00:14:24+00:00,False,[],2025-2026,,2026-09-24-frozen-v2,2026-10-02T00:14:28.971676+00:00,2026020015,8478472.0,PLAYER_ID,FINAL,1.0,,NO_LINE,1.0,,NO_LINE,2.0,,NO_LINE,0.0,L,OK,0.0,L,OK,0.0,,NO_LINE
2026-10-01,EDM@VAN,2026020015,9:00 PM,2026-10-02T02:00:00Z,Matt Savoie,8483512,EDM,False,"{""season"":""2026-27"",""games"":[]}",2026-27,EDM,C,,Healthy,Unknown,,,7.0,0.0,,33.0,22.0,2026-10-02T00:13:56+00:00,VAN,Kevin Lankinen,0.8754863813229572,3.7032036569136113,97.3,Likely,dailyfaceoff_name_and_stats,29.6,5.0,29.6,5.0,100.0,86.9,69.6,A1+A2,14.78,48.5,73.2,1.09,NONE,False,False,27.51428261280349,2.637521157565061,90.5,90.3,18.0,3.6,True,1.5,1.5,1.6,1.535,41.9,1.0,0.0,10.0,0.0,1.0,1.0,1.0,1.0,1.0,1.0,10.0,10.0,LOW,0.1,,LOW,0.05,,LOW,0.025,,LOW,0.1,,LOW,0.05,,LOW,0.025,,LOW,1.0,,LOW,0.5,,LOW,0.25,,1.502654689952249,0.4808495007847196,,,1.0,2.8103479152760364,2.5495335623463524,50.0,79.4,62.0,86.9,5.19,2.66,15.35,4.19,2.66,5.35,HOT,HOT,HOT,2.53,1.53,WARM,Red,Red,Yellow,Red,77.0,73.0,78.0,70.0,GOAL,78.0,4.0,4.0,6.0,4.0,0.0,6.0,B,Shooter,5.3,,97.2,,1.0,0.78130081300813,64.06666666666666,0.78130081300813,0.0528566517703678,5.3,5.3,3.34105098855359,2.7440166493236213,0.7023933402705516,9.539183194819762,8.332820945108345,97.2,64.3,False,,,,🥅 D:6,,False,False,2.0,,False,0.0,,False,0.0,,,,,,,,,,,,,,,,,,,,,,,,,,,,,,,,,,,,,,,,,,,,,,,,,,,,,,,,,,,,,,,,,,,,,,,,,,,,,,,,,,,,,,,,,,,,,,,,,,,,,,,,ALTLINE_NB_v1_2026-01-18,,,,exp/fallback,1.535,,,,,,,,,,,,,,,,,,,,,,,,,exp/fallback,0.519,,,,,,,,,,,,,,,,,,,,,,,,,exp/fallback,0.253,,,,,,,,,,,,,,,,,,,,,,,,,exp/fallback,0.24344,,,,,,,,,,,,,,,,,,,,,,,,,exp/fallback,0.236215,,,,,,,,,,,,,,,,,,,,,,False,False,False,False,False,100.0,,Active roster,2026-10-02T00:14:24+00:00,False,[],2025-2026,,2026-09-24-frozen-v2,2026-10-02T00:14:28.971676+00:00,2026020015,,,NO_PLAYER,,,NO_PLAYER,,,NO_PLAYER,,,NO_PLAYER,,,NO_PLAYER,,,NO_PLAYER,,,NO_PLAYER
2026-10-01,EDM@VAN,2026020015,9:00 PM,2026-10-02T02:00:00Z,Mattias Ekholm,8475218,EDM,False,"{""season"":""2026-27"",""games"":[{""d"":""2026-09-29"",""g"":0,""a"":0,""s"":2,""pp"":0,""h"":""H"",""toi"":""20:56""}]}",2026-27,EDM,D,,Healthy,Unknown,,,7.0,1.0,🟢 ROLE+,33.0,22.0,2026-10-02T00:13:56+00:00,VAN,Kevin Lankinen,0.8754863813229572,3.7032036569136113,97.3,Likely,dailyfaceoff_name_and_stats,29.6,5.0,29.6,5.0,,57.4,89.9,A1+A2,20.57,90.4,75.4,1.1,NONE,False,False,27.51428261280349,2.637521157565061,90.5,90.3,18.0,3.6,True,,,2.0,,50.0,0.0,0.0,2.0,0.0,0.0,0.0,0.0,0.0,0.0,0.0,2.0,2.0,LOW,0.0,-0.5,LOW,0.0,,LOW,0.0,,LOW,0.0,,LOW,0.0,,LOW,0.0,,LOW,0.2,,LOW,0.1,,LOW,0.05,,1.3780303909059275,0.5011019603294281,,,0.0,2.8103479152760364,2.5495335623463524,50.0,79.4,59.7,86.9,5.69,0.99,,5.69,0.99,,HOT,COOL,COOL,5.17,4.7,HOT,Yellow,Red,Red,Yellow,88.0,59.0,61.0,83.0,POINTS,88.0,1.0,1.0,1.0,0.0,0.0,1.0,C,Passenger,2.2,,97.2,,0.0,0.4536585365853658,37.2,0.4536585365853658,0.0220518495099589,2.2,2.2,1.157258064516129,0.1290322580645161,1.2096774193548387,9.539183194819762,8.332820945108345,97.2,61.6,False,,,,🅿️ D:1,,False,False,1.0,,False,0.0,,False,0.0,,1.5,-140.0,theScore Bet,2.5,200.0,theScore Bet,3.5,500.0,Fanatics,4.5,1200.0,Fanatics,1.5,-140.0,theScore Bet,0.5,200.0,BetRivers,1.5,1100.0,DraftKings,2.5,1550.0,BetOnline.ag,3.5,3100.0,BetOnline.ag,0.5,200.0,BetRivers,0.5,240.0,BetRivers,1.5,1500.0,DraftKings,2.5,3300.0,Bovada,,,,0.5,240.0,BetRivers,0.5,1000.0,Fanatics,,,,,,,,,,0.5,1000.0,Fanatics,0.5,1000.0,Fanatics,,,,,,,,,,0.5,1000.0,Fanatics,The Odds API,"[""Bally Bet"", ""BetMGM"", ""BetRivers"", ""Bovada"", ""Caesars"", ""Courtside"", ""DraftKings"", ""FanDuel"", ""Fanatics"", ""Fliff"", ""Hard Rock Bet"", ""theScore Bet""]",The Odds API,"[""Bally Bet"", ""BetMGM"", ""BetRivers"", ""Bovada"", ""Caesars"", ""Courtside"", ""DraftKings"", ""FanDuel"", ""Fanatics"", ""fanatics""]",The Odds API,"[""Bally Bet"", ""BetOnline.ag"", ""BetRivers"", ""Bovada"", ""Caesars"", ""Courtside"", ""DraftKings"", ""Fanatics"", ""Fliff"", ""Hard Rock Bet"", ""ReBet"", ""draftkings"", ""theScore Bet""]",The Odds API,"[""Bally Bet"", ""BetOnline.ag"", ""BetRivers"", ""Courtside"", ""DraftKings"", ""Fanatics"", ""Fliff"", ""Hard Rock Bet"", ""ReBet"", ""theScore Bet""]",The Odds API,"[""Bally Bet"", ""BetOnline.ag"", ""BetRivers"", ""Bovada"", ""Courtside"", ""DraftKings"", ""Fanatics"", ""Fliff"", ""Hard Rock Bet"", ""ReBet"", ""draftkings"", ""theScore Bet""]",,,,,,,,,,,,,,,,,,ALTLINE_NB_v1_2026-01-18,1.5,-140.0,theScore Bet,exp/fallback,0.2,0.0205922919144261,2.1,0.5833333333333334,-96.4698928146698,-96.5,0.0205922919144261,2.1,-96.4698928146698,-96.5,0.0019369069985104,0.2,-99.41892790044686,-99.4,0.0001602036731851,0.0,-99.90387779608892,-99.9,1.2145062741386605e-05,0.0,-99.9842114184362,-100.0,0.5,200.0,BetRivers,exp/fallback,0.5690000000000001,0.404821671792993,40.5,0.3333333333333333,21.4465015378979,21.4,0.404821671792993,40.5,21.4465015378979,21.4,0.1224079047498483,12.2,46.88948569981797,46.9,0.0319537767616101,3.2,-47.27626834334325,-47.3,0.0076320271881559,0.8,-75.57751299790105,-75.6,0.5,240.0,BetRivers,exp/fallback,0.517,0.3686160173592711,36.9,0.2941176470588235,25.32944590215216,25.3,0.3686160173592711,36.9,25.32944590215216,25.3,0.1092393633860834,10.9,74.78298141773347,74.8,0.0293241487829022,2.9,-0.2978941381323929,-0.3,,,,,0.5,1000.0,Fanatics,exp/fallback,0.1646999999999999,0.1474316291473275,14.7,0.0909090909090909,62.17479206206031,62.2,0.1474316291473275,14.7,62.17479206206031,62.2,,,,,,,,,,,,,0.5,1000.0,Fanatics,exp/fallback,0.1270125,0.1148882276809455,11.5,0.0909090909090909,26.377050449040084,26.4,0.1148882276809455,11.5,26.377050449040084,26.4,,,,,,,,,,,,,False,True,True,True,True,,,Active roster,2026-10-02T00:14:24+00:00,False,[],2025-2026,,2026-09-24-frozen-v2,2026-10-02T00:14:28.971676+00:00,2026020015,8475218.0,PLAYER_ID,FINAL,0.0,L,OK,0.0,L,OK,0.0,L,OK,0.0,L,OK,0.0,L,OK,0.0,,NO_LINE
2026-10-01,EDM@VAN,2026020015,9:00 PM,2026-10-02T02:00:00Z,Max Jones,8479368,EDM,False,,2026-27,EDM,L,,Healthy,Unknown,,,7.0,0.0,,33.0,22.0,2026-10-02T00:13:56+00:00,VAN,Kevin Lankinen,0.8754863813229572,3.7032036569136113,97.3,Likely,dailyfaceoff_name_and_stats,29.6,5.0,29.6,5.0,,30.3,24.0,A1+A2,8.35,4.5,23.0,0.94,NONE,False,False,27.51428261280349,2.637521157565061,90.5,90.3,18.0,3.6,True,,,,,50.0,,,,,,,,,,,,,,,,,,,,,,,,,,,,,,,,,,,,,,,,1.713796058269066,0.6855184233076264,,,0.0,2.8103479152760364,2.5495335623463524,50.0,79.4,66.2,86.9,1.85,0.96,,,,,COOL,COOL,COOL,0.9,,COOL,Red,Red,Red,Red,39.0,35.0,39.0,36.0,POINTS,39.0,,,,,,,C,Passenger,0.1,,97.2,,0.0,0.0055555555555555,0.1166666666666666,0.0055555555555555,0.0006656523392925,0.1,0.1,0.0,0.0,0.0,9.539183194819762,8.332820945108345,97.2,35.7,False,,,,,,False,False,1.0,,False,0.0,,False,0.0,,,,,,,,,,,,,,,,,,,,,,,,,,,,,,,,,,,,,,,,,,,,,,,0.5,750.0,DraftKings,,,,,,,,,,0.5,750.0,DraftKings,0.5,750.0,DraftKings,,,,,,,,,,0.5,750.0,DraftKings,The Odds API,"[""Bally Bet"", ""BetMGM"", ""BetRivers"", ""Bovada"", ""Caesars"", ""Courtside"", ""DraftKings"", ""FanDuel"", ""Fanatics"", ""Fliff"", ""Hard Rock Bet"", ""theScore Bet""]",The Odds API,"[""Bally Bet"", ""BetMGM"", ""BetRivers"", ""Bovada"", ""Caesars"", ""Courtside"", ""DraftKings"", ""FanDuel"", ""Fanatics"", ""betrivers""]",,,,,,,,,,,,,,,,,,,,,,,,ALTLINE_NB_v1_2026-01-18,,,,league_avg,2.3,,,,,,,,,,,,,,,,,,,,,,,,,exp/fallback,0.185,,,,,,,,,,,,,,,,,,,,,,,,,exp/fallback,0.09,,,,,,,,,,,,,,,,,,,,,,0.5,750.0,DraftKings,exp/fallback,0.2183999999999999,0.1889145366047641,18.9,0.1176470588235294,60.57735611404947,60.6,0.1889145366047641,18.9,60.57735611404947,60.6,,,,,,,,,,,,,0.5,750.0,DraftKings,exp/fallback,0.1674,0.1469214451918492,14.7,0.1176470588235294,24.883228413071844,24.9,0.1469214451918492,14.7,24.883228413071844,24.9,,,,,,,,,,,,,False,False,True,True,False,,,Active roster,2026-10-02T00:14:24+00:00,False,[],2025-2026,,2026-09-24-frozen-v2,2026-10-02T00:14:28.971676+00:00,2026020015,8479368.0,PLAYER_ID,FINAL,0.0,,NO_LINE,0.0,,NO_LINE,1.0,,NO_LINE,0.0,L,OK,0.0,L,OK,0.0,,NO_LINE
2026-10-01,EDM@VAN,2026020015,9:00 PM,2026-10-02T02:00:00Z,Owen Michaels,8486161,,,,,EDM,R,,Unknown,,,,,,,,,,,,,,,,,,,,,,,,,,,,,,,,,,,,,,,,,,,,,,,,,,,,,,,,,,,,,,,,,,,,,,,,,,,,,,,,,,,,,,,,,,,,,,,,,,,,,,,,,,,,,,,,,,,,,,,,,,,,,,,,,,,,,,,,,,,,,,,,,,,,,,,,,,,,,,,,,,,,,,,,,,,,,,,,,,,,,,,,,,,,,,,,,,,,,,,,,,,,,,,,,,,,,,,,,,,,,,,,,,,,,,,,,,,,,,,,,,,,,,,,,,,,,,,,,,,,,,,,,,,,,,,,,,,,,,,,,,,,,,,,,,,,,,,,,,,,,,,,,,,,,,,,,,,,,,,,,,,,,,,,,,,,,,,,,,,0.5,575.0,fanduel,,,,,,,,,,,,,,,,,,,,,,,,,,,,,,,,,,,,,,,,,,,,,,,,,,,,,,,,,Active roster,2026-10-02T00:14:24+00:00,True,[],Unavailable,True,2026-09-24-frozen-v2,2026-10-02T00:14:28.971676+00:00,2026020015,8486161.0,PLAYER_ID,FINAL,1.0,,NO_LINE,0.0,,NO_LINE,1.0,,NO_LINE,1.0,W,OK,1.0,,NO_LINE,0.0,,NO_LINE
2026-10-01,EDM@VAN,2026020015,9:00 PM,2026-10-02T02:00:00Z,Ryan Shea,8478854,PIT,True,"{""season"":""2026-27"",""games"":[{""d"":""2026-09-29"",""g"":0,""a"":1,""s"":0,""pp"":0,""h"":""H"",""toi"":""22:41""}]}",2026-27,EDM,D,,Healthy,Unknown,,,7.0,1.0,🟢 ROLE+,33.0,22.0,2026-10-02T00:13:56+00:00,VAN,Kevin Lankinen,0.8754863813229572,3.7032036569136113,97.3,Likely,dailyfaceoff_name_and_stats,29.6,5.0,29.6,5.0,,40.3,84.1,A1+A2,18.89,81.1,63.8,1.06,NONE,False,False,27.51428261280349,2.637521157565061,90.5,90.3,18.0,3.6,True,,,0.0,,50.0,1.0,0.0,0.0,0.0,1.0,1.0,1.0,1.0,1.0,1.0,0.0,0.0,LOW,0.1,-0.4,LOW,0.05,,LOW,0.025,,LOW,0.1,,LOW,0.05,,LOW,0.025,,LOW,0.0,,LOW,0.0,,LOW,0.0,,1.5515214836097688,0.8933002481389578,,,1.0,2.8103479152760364,2.5495335623463524,50.0,79.4,62.8,86.9,4.33,0.51,,3.33,0.51,,HOT,COOL,COOL,3.82,2.82,HOT,Yellow,Red,Red,Yellow,83.0,49.0,50.0,77.0,POINTS,83.0,0.0,0.0,1.0,1.0,0.0,1.0,,Passenger,0.8,,97.2,,,0.1560416666666666,12.483333333333333,0.1560416666666666,0.0082620925486735,0.8,0.8,0.0,0.0,0.0,9.539183194819762,8.332820945108345,97.2,46.2,False,,,,🅿️ D:0,,False,False,1.0,,False,0.0,,False,0.0,,,,,,,,,,,,,,,,,0.5,210.0,BetRivers,,,,,,,,,,0.5,210.0,BetRivers,,,,,,,,,,,,,,,,0.5,800.0,FanDuel,,,,,,,,,,0.5,800.0,FanDuel,0.5,800.0,FanDuel,,,,,,,,,,0.5,800.0,FanDuel,The Odds API,"[""Bally Bet"", ""BetMGM"", ""BetRivers"", ""Bovada"", ""Caesars"", ""Courtside"", ""DraftKings"", ""FanDuel"", ""Fanatics"", ""Fliff"", ""Hard Rock Bet"", ""theScore Bet""]",The Odds API,"[""Bally Bet"", ""BetMGM"", ""BetRivers"", ""Bovada"", ""Caesars"", ""Courtside"", ""DraftKings"", ""FanDuel"", ""Fanatics"", ""fanduel""]",The Odds API,"[""Bally Bet"", ""BetRivers""]",,,,,,,,,,,,,,,,,,,,,,ALTLINE_NB_v1_2026-01-18,,,,league_avg,2.3,,,,,,,,,,,,,,,,,,,,,,0.5,210.0,BetRivers,exp/fallback,0.433,0.3318002840595141,33.2,0.3225806451612903,2.8580880584493817,2.9,0.3318002840595141,33.2,2.8580880584493817,2.9,,,,,,,,,,,,,,,,exp/fallback,0.382,,,,,,,,,,,,,,,,,,,,,,0.5,800.0,FanDuel,exp/fallback,0.2004,0.1753308024940375,17.5,0.1111111111111111,57.79772224463379,57.8,0.1753308024940375,17.5,57.79772224463379,57.8,,,,,,,,,,,,,0.5,800.0,FanDuel,exp/fallback,0.13815,0.123917688434018,12.4,0.1111111111111111,11.525919590616262,11.5,0.123917688434018,12.4,11.525919590616262,11.5,,,,,,,,,,,,,False,False,True,True,False,,,Active roster,2026-10-02T00:14:24+00:00,False,[],2025-2026,,2026-09-24-frozen-v2,2026-10-02T00:14:28.971676+00:00,2026020015,8478854.0,PLAYER_ID,FINAL,1.0,W,OK,0.0,,NO_LINE,1.0,,NO_LINE,1.0,W,OK,1.0,W,OK,0.0,,NO_LINE
2026-10-01,EDM@VAN,2026020015,9:00 PM,2026-10-02T02:00:00Z,Shakir Mukhamadullin,8482166,SJS,True,,2026-27,EDM,D,,Healthy,Unknown,,,7.0,0.0,,33.0,22.0,2026-10-02T00:13:56+00:00,VAN,Kevin Lankinen,0.8754863813229572,3.7032036569136113,97.3,Likely,dailyfaceoff_name_and_stats,29.6,5.0,29.6,5.0,,28.0,40.6,A1+A2,17.14,67.8,40.4,0.96,NONE,False,False,27.51428261280349,2.637521157565061,90.5,90.3,18.0,3.6,True,,,,,50.0,,,,,,,,,,,,,,,,,,,,,,,,,,,,,,,,,,,,,,,,0.9319383022327687,0.2329845755581922,,,0.0,2.8103479152760364,2.5495335623463524,50.0,79.4,49.3,86.9,1.68,0.34,,,,,COOL,COOL,COOL,1.35,,COOL,Red,Red,Red,Red,53.0,39.0,40.0,47.0,POINTS,53.0,,,,,,,,Passenger,0.4,,97.2,,,0.06,3.0,0.06,0.0035001069477122,0.4,0.4,0.0,0.0,0.0,9.539183194819762,8.332820945108345,97.2,43.3,False,,,,,,False,False,1.0,,False,0.0,,False,0.0,,,,,,,,,,,,,,,,,,,,,,,,,,,,,,,,,,,,,,,,,,,,,,,0.5,1600.0,Fanatics,,,,,,,,,,0.5,1600.0,Fanatics,0.5,1600.0,Fanatics,,,,,,,,,,0.5,1600.0,Fanatics,The Odds API,"[""Bally Bet"", ""BetMGM"", ""BetRivers"", ""Bovada"", ""Caesars"", ""Courtside"", ""DraftKings"", ""Fanatics"", ""Fliff"", ""Hard Rock Bet"", ""theScore Bet""]",The Odds API,"[""Bally Bet"", ""BetMGM"", ""BetRivers"", ""Bovada"", ""Caesars"", ""Courtside"", ""DraftKings"", ""Fanatics"", ""fanatics""]",,,,,,,,,,,,,,,,,,,,,,,,ALTLINE_NB_v1_2026-01-18,,,,league_avg,2.3,,,,,,,,,,,,,,,,,,,,,,,,,exp/fallback,0.1679999999999999,,,,,,,,,,,,,,,,,,,,,,,,,exp/fallback,0.135,,,,,,,,,,,,,,,,,,,,,,0.5,1600.0,Fanatics,exp/fallback,0.1936,0.1701162452154071,17.0,0.0588235294117647,189.1976168661921,189.2,0.1701162452154071,17.0,189.1976168661921,189.2,,,,,,,,,,,,,0.5,1600.0,Fanatics,exp/fallback,0.1271,0.1149597639007977,11.5,0.0588235294117647,95.4315986313562,95.4,0.1149597639007977,11.5,95.4315986313562,95.4,,,,,,,,,,,,,False,False,True,True,False,,,Active roster,2026-10-02T00:14:24+00:00,False,[],2025-2026,,2026-09-24-frozen-v2,2026-10-02T00:14:28.971676+00:00,2026020015,8482166.0,PLAYER_ID,FINAL,0.0,,NO_LINE,0.0,,NO_LINE,0.0,,NO_LINE,0.0,L,OK,0.0,L,OK,0.0,,NO_LINE
2026-10-01,EDM@VAN,2026020015,9:00 PM,2026-10-02T02:00:00Z,Spencer Stastney,8481056,EDM,False,,2026-27,EDM,D,,Healthy,Unknown,,,7.0,0.0,,33.0,22.0,2026-10-02T00:13:56+00:00,VAN,Kevin Lankinen,0.8754863813229572,3.7032036569136113,97.3,Likely,dailyfaceoff_name_and_stats,29.6,5.0,29.6,5.0,,30.0,43.8,A1+A2,15.5,54.2,39.7,0.96,NONE,False,False,27.51428261280349,2.637521157565061,90.5,90.3,18.0,3.6,True,,,,,50.0,,,,,,,,,,,,,,,,,,,,,,,,,,,,,,,,,,,,,,,,0.5957305973854046,0.3309614429918914,,,0.0,2.8103479152760364,2.5495335623463524,50.0,79.4,39.7,86.9,1.47,0.3,,,,,COOL,COOL,COOL,1.16,,COOL,Red,Red,Red,Red,52.0,39.0,41.0,45.0,POINTS,52.0,,,,,,,C,Passenger,0.3,,97.2,,0.0,0.0502525252525252,3.316666666666667,0.0502525252525252,0.0032414118873487,0.3,0.3,0.0,0.0,0.0,9.539183194819762,8.332820945108345,97.2,41.3,False,,,,,,False,False,1.0,,False,0.0,,False,0.0,,,,,,,,,,,,,,,,,,,,,,,,,,,,,,,,,,,,,,,,,,,,,,,,,,,,,,,,,,,,,,,,,,,,,,,,,,,,,,,,,,,,,,,,,,,,,,,,,,,,,,,,ALTLINE_NB_v1_2026-01-18,,,,league_avg,2.3,,,,,,,,,,,,,,,,,,,,,,,,,exp/fallback,0.147,,,,,,,,,,,,,,,,,,,,,,,,,exp/fallback,0.1159999999999999,,,,,,,,,,,,,,,,,,,,,,,,,exp/fallback,0.192,,,,,,,,,,,,,,,,,,,,,,,,,exp/fallback,0.1245,,,,,,,,,,,,,,,,,,,,,,False,False,False,False,False,,,Active roster,2026-10-02T00:14:24+00:00,False,[],2025-2026,,2026-09-24-frozen-v2,2026-10-02T00:14:28.971676+00:00,2026020015,,,NO_PLAYER,,,NO_PLAYER,,,NO_PLAYER,,,NO_PLAYER,,,NO_PLAYER,,,NO_PLAYER,,,NO_PLAYER
2026-10-01,EDM@VAN,2026020015,9:00 PM,2026-10-02T02:00:00Z,Trent Frederic,8479365,EDM,False,,2026-27,EDM,C,,Healthy,Unknown,,,7.0,0.0,,33.0,22.0,2026-10-02T00:13:56+00:00,VAN,Kevin Lankinen,0.8754863813229572,3.7032036569136113,97.3,Likely,dailyfaceoff_name_and_stats,29.6,5.0,29.6,5.0,,66.9,28.5,A1+A2,11.04,21.8,44.4,0.98,NONE,False,False,27.51428261280349,2.637521157565061,90.5,90.3,18.0,3.6,True,,,,,50.0,,,,,,,,,,,,,,,,,,,,,,,,,,,,,,,,,,,,,,,,0.5221066589317532,0.149173331123358,,,0.0,2.8103479152760364,2.5495335623463524,50.0,79.4,38.7,86.9,1.76,1.36,,,,,COOL,COOL,COOL,0.4,,COOL,Red,Red,Red,Red,41.0,57.0,64.0,39.0,GOAL,64.0,,,,,,,C,Passenger,1.1,,97.2,,0.0,0.125,9.25,0.125,0.011323295384992,1.1,1.1,2.724324324324324,2.724324324324324,0.0,9.539183194819762,8.332820945108345,97.2,47.3,False,,,,,,False,False,1.0,,False,0.0,,False,0.0,,,,,,,,,,,,,,,,,,,,,,,,,,,,,,,,,,,,,,,,,,,,,,,0.5,750.0,BetMGM,,,,,,,,,,0.5,750.0,BetMGM,0.5,750.0,BetMGM,,,,,,,,,,0.5,750.0,BetMGM,The Odds API,"[""Bally Bet"", ""BetMGM"", ""BetRivers"", ""Bovada"", ""Caesars"", ""Courtside"", ""DraftKings"", ""FanDuel"", ""Fanatics"", ""Fliff"", ""Hard Rock Bet"", ""theScore Bet""]",The Odds API,"[""Bally Bet"", ""BetMGM"", ""BetRivers"", ""Bovada"", ""Caesars"", ""Courtside"", ""DraftKings"", ""FanDuel"", ""Fanatics"", ""betmgm""]",,,,,,,,,,,,,,,,,,,,,,,,ALTLINE_NB_v1_2026-01-18,,,,league_avg,2.3,,,,,,,,,,,,,,,,,,,,,,,,,exp/fallback,0.176,,,,,,,,,,,,,,,,,,,,,,,,,exp/fallback,0.04,,,,,,,,,,,,,,,,,,,,,,0.5,750.0,BetMGM,exp/fallback,0.2344,0.2007274310356378,20.1,0.1176470588235294,70.61831638029216,70.6,0.2007274310356378,20.1,70.61831638029216,70.6,,,,,,,,,,,,,0.5,750.0,BetMGM,exp/fallback,0.1934,0.1665447805545165,16.7,0.1176470588235294,41.56306347133901,41.6,0.1665447805545165,16.7,41.56306347133901,41.6,,,,,,,,,,,,,False,False,True,True,False,,,Active roster,2026-10-02T00:14:24+00:00,False,[],2025-2026,,2026-09-24-frozen-v2,2026-10-02T00:14:28.971676+00:00,2026020015,8479365.0,PLAYER_ID,FINAL,1.0,,NO_LINE,0.0,,NO_LINE,2.0,,NO_LINE,1.0,W,OK,1.0,W,OK,0.0,,NO_LINE
2026-10-01,EDM@VAN,2026020015,9:00 PM,2026-10-02T02:00:00Z,Ty Emberson,8480834,EDM,False,,2026-27,EDM,D,,Healthy,Unknown,,,7.0,0.0,,33.0,22.0,2026-10-02T00:13:56+00:00,VAN,Kevin Lankinen,0.8754863813229572,3.7032036569136113,97.3,Likely,dailyfaceoff_name_and_stats,29.6,5.0,29.6,5.0,,24.8,49.3,A1+A2,15.52,54.4,39.3,0.96,NONE,False,False,27.51428261280349,2.637521157565061,90.5,90.3,18.0,3.6,True,,,,,50.0,,,,,,,,,,,,,,,,,,,,,,,,,,,,,,,,,,,,,,,,0.7074081351935547,0.1768520337983886,,,0.0,2.8103479152760364,2.5495335623463524,50.0,79.4,42.6,86.9,1.5,0.17,,,,,COOL,COOL,COOL,1.33,,COOL,Red,Red,Red,Red,55.0,36.0,38.0,48.0,POINTS,55.0,,,,,,,C,Passenger,0.1,,97.2,,0.0,0.0125,0.9,0.0125,0.0008053931511752,0.1,0.1,0.0,0.0,0.0,9.539183194819762,8.332820945108345,97.2,35.7,False,,,,,,False,False,1.0,,False,0.0,,False,0.0,,,,,,,,,,,,,,,,,,,,,,,,,,,,,,,,,,,,,,,,,,,,,,,,,,,,,,,,,,,,,,,,,,,,,,,,,,,,,,,,,,,,,,,,,,,,,,,,,,,,,,,,ALTLINE_NB_v1_2026-01-18,,,,league_avg,2.3,,,,,,,,,,,,,,,,,,,,,,,,,exp/fallback,0.15,,,,,,,,,,,,,,,,,,,,,,,,,exp/fallback,0.133,,,,,,,,,,,,,,,,,,,,,,,,,exp/fallback,0.1868,,,,,,,,,,,,,,,,,,,,,,,,,exp/fallback,0.11605,,,,,,,,,,,,,,,,,,,,,,False,False,False,False,False,,,Active roster,2026-10-02T00:14:24+00:00,False,[],2025-2026,,2026-09-24-frozen-v2,2026-10-02T00:14:28.971676+00:00,2026020015,,,NO_PLAYER,,,NO_PLAYER,,,NO_PLAYER,,,NO_PLAYER,,,NO_PLAYER,,,NO_PLAYER,,,NO_PLAYER
2026-10-01,EDM@VAN,2026020015,9:00 PM,2026-10-02T02:00:00Z,Vasily Podkolzin,8481617,EDM,False,"{""season"":""2026-27"",""games"":[{""d"":""2026-09-29"",""g"":2,""a"":0,""s"":7,""pp"":1,""h"":""H"",""toi"":""18:20""}]}",2026-27,EDM,R,,Healthy,Unknown,,,7.0,0.0,,33.0,22.0,2026-10-02T00:13:56+00:00,VAN,Kevin Lankinen,0.8754863813229572,3.7032036569136113,97.3,Likely,dailyfaceoff_name_and_stats,29.6,5.0,29.6,5.0,,80.2,68.0,A1+A2,15.38,53.0,70.5,1.08,NONE,False,False,27.51428261280349,2.637521157565061,90.5,90.3,18.0,3.6,True,,,7.0,,50.0,2.0,2.0,7.0,2.0,0.0,0.0,2.0,2.0,0.0,0.0,7.0,7.0,LOW,0.2,-0.3,LOW,0.1,,LOW,0.05,,LOW,0.0,,LOW,0.0,,LOW,0.0,,LOW,0.7,,LOW,0.35,,LOW,0.175,,1.724162953717545,0.4702262601047849,,,0.0,2.8103479152760364,2.5495335623463524,50.0,79.4,66.4,86.9,4.56,2.19,,2.56,0.19,,HOT,COOL,COOL,2.38,2.38,WARM,Red,Yellow,Yellow,Red,67.0,66.0,74.0,69.0,GOAL,74.0,0.0,1.0,0.0,0.0,1.0,0.0,C,Passenger,2.9,,97.2,,0.0,0.4390243902439024,36.0,0.4390243902439024,0.0285502802157132,2.9,2.9,4.729166666666668,2.2500000000000004,2.916666666666667,9.539183194819762,8.332820945108345,97.2,72.5,False,,,,🥅 D:0,,False,False,1.0,,False,0.0,,False,0.0,,1.5,-290.0,FanDuel,2.5,106.0,FanDuel,3.5,265.0,FanDuel,4.5,630.0,FanDuel,2.5,106.0,FanDuel,0.5,-155.0,theScore Bet,1.5,310.0,Bovada,2.5,1200.0,Bovada,3.5,4000.0,Fanatics,0.5,-155.0,theScore Bet,0.5,180.0,Bovada,1.5,900.0,Bovada,2.5,4000.0,Fanatics,,,,0.5,180.0,Bovada,0.5,200.0,BetMGM,,,,,,,,,,0.5,200.0,BetMGM,0.5,200.0,BetMGM,,,,,,,,,,0.5,200.0,BetMGM,The Odds API,"[""Bally Bet"", ""BetMGM"", ""BetRivers"", ""Bovada"", ""Caesars"", ""Courtside"", ""DraftKings"", ""FanDuel"", ""Fanatics"", ""Fliff"", ""Hard Rock Bet"", ""fanduel"", ""theScore Bet""]",The Odds API,"[""Bally Bet"", ""BetMGM"", ""BetRivers"", ""Bovada"", ""Caesars"", ""Courtside"", ""DraftKings"", ""FanDuel"", ""Fanatics"", ""betmgm""]",The Odds API,"[""Bally Bet"", ""BetOnline.ag"", ""BetRivers"", ""Bovada"", ""Caesars"", ""Courtside"", ""DraftKings"", ""FanDuel"", ""Fanatics"", ""Fliff"", ""Hard Rock Bet"", ""ReBet"", ""draftkings"", ""theScore Bet""]",The Odds API,"[""Bally Bet"", ""BetOnline.ag"", ""BetRivers"", ""Courtside"", ""DraftKings"", ""FanDuel"", ""Fanatics"", ""Fliff"", ""Hard Rock Bet"", ""ReBet"", ""fanduel"", ""theScore Bet""]",The Odds API,"[""Bally Bet"", ""BetOnline.ag"", ""BetRivers"", ""Bovada"", ""Courtside"", ""DraftKings"", ""FanDuel"", ""Fanatics"", ""Fliff"", ""Hard Rock Bet"", ""ReBet"", ""draftkings"", ""theScore Bet""]",0.5,325.0,Hard Rock Bet,1.5,600.0,Bovada,,,,,,,0.5,325.0,Hard Rock Bet,The Odds API,"[""Bally Bet"", ""BetRivers"", ""Bovada"", ""Fliff"", ""Hard Rock Bet"", ""theScore Bet""]",ALTLINE_NB_v1_2026-01-18,2.5,106.0,FanDuel,exp/fallback,0.7000000000000001,0.0464612046159451,4.6,0.4854368932038835,-90.42899184911528,-90.4,0.1628333116491176,16.3,-78.10172705408418,-78.1,0.0464612046159451,4.6,-90.42899184911528,-90.4,0.0117971727337236,1.2,-95.69403195219088,-95.7,0.0027623984665487,0.3,-97.98344911941938,-98.0,0.5,-155.0,theScore Bet,exp/fallback,0.4559999999999999,0.3449683775096499,34.5,0.6078431372549019,-43.24713789357372,-43.2,0.3449683775096499,34.5,-43.24713789357372,-43.2,0.0873843659059937,8.7,-64.17240997854256,-64.2,0.0190122041505561,1.9,-75.284134604277,-75.3,0.0037764620001551,0.4,-84.51650579936396,-84.5,0.5,180.0,Bovada,exp/fallback,0.238,0.2013806531268742,20.1,0.3571428571428571,-43.613417124475205,-43.6,0.2013806531268742,20.1,-43.613417124475205,-43.6,0.0315223827463524,3.2,-68.47761725364757,-68.5,0.0044270286239903,0.4,-81.84918264163953,-81.8,,,,,0.5,200.0,BetMGM,exp/fallback,0.2007,0.1755597988174414,17.6,0.3333333333333333,-47.33206035476757,-47.3,0.1755597988174414,17.6,-47.33206035476757,-47.3,,,,,,,,,,,,,0.5,200.0,BetMGM,exp/fallback,0.1855125,0.1606710798164929,16.1,0.3333333333333333,-51.798676055052105,-51.8,0.1606710798164929,16.1,-51.798676055052105,-51.8,,,,,,,,,,,,,False,False,False,False,False,,,Active roster,2026-10-02T00:14:24+00:00,False,[],2025-2026,,2026-09-24-frozen-v2,2026-10-02T00:14:28.971676+00:00,2026020015,8481617.0,PLAYER_ID,FINAL,2.0,W,OK,1.0,W,OK,4.0,W,OK,1.0,W,OK,1.0,W,OK,2.0,W,OK
2026-10-01,EDM@VAN,2026020015,9:00 PM,2026-10-02T02:00:00Z,Zach Hyman,8475786,EDM,False,"{""season"":""2026-27"",""games"":[{""d"":""2026-09-29"",""g"":0,""a"":0,""s"":3,""pp"":0,""h"":""H"",""toi"":""20:33""}]}",2026-27,EDM,L,,Healthy,Unknown,,,6.0,1.0,🟢 ROLE+,33.0,21.0,2026-10-01T17:24:18+00:00,VAN,Kevin Lankinen,0.8754863813229572,3.7032036569136113,97.3,Unconfirmed,dailyfaceoff_name_and_stats,29.6,5.0,29.6,5.0,,99.0,72.9,A1+A2,19.98,87.0,87.5,1.15,NONE,False,False,27.51428261280349,2.637521157565061,90.5,90.3,18.0,3.6,True,,,3.0,,50.0,0.0,0.0,3.0,0.0,0.0,0.0,0.0,0.0,0.0,0.0,3.0,3.0,LOW,0.0,-0.5,LOW,0.0,,LOW,0.0,,LOW,0.0,,LOW,0.0,,LOW,0.0,,LOW,0.3,,LOW,0.15,,LOW,0.075,,1.8129254872703533,0.537163107339364,,,0.0,2.8103479152760364,2.5495335623463524,50.0,79.4,68.0,86.9,12.26,7.69,,11.15,6.99,,HOT,HOT,COOL,4.58,4.16,HOT,Yellow,Yellow,Green,Yellow,80.0,81.0,88.0,80.0,GOAL,88.0,1.0,1.0,1.0,0.0,0.0,1.0,A,Shooter,17.3,,97.2,,2.0,3.4560344827586205,200.45,3.4560344827586205,0.1729408719659496,17.3,17.3,3.904714392616613,2.759790471439262,1.3469693190321776,9.539183194819762,8.332820945108345,97.2,84.1,False,,,,🥅 D:1,🥅 GOAL EARNED,False,True,3.0,"iXG,REG,G",False,0.0,,False,0.0,,1.5,-300.0,DraftKings,2.5,-105.0,DraftKings,3.5,230.0,Fanatics,4.5,525.0,Fanatics,2.5,-105.0,DraftKings,0.5,-130.0,Fanatics,1.5,375.0,Fanatics,2.5,1500.0,Fanatics,3.5,3000.0,BetOnline.ag,0.5,-130.0,Fanatics,0.5,225.0,Hard Rock Bet,1.5,1300.0,DraftKings,2.5,3300.0,Bovada,,,,0.5,225.0,Hard Rock Bet,0.5,170.0,Fanatics,,,,,,,,,,0.5,170.0,Fanatics,0.5,170.0,Fanatics,,,,,,,,,,0.5,170.0,Fanatics,The Odds API,"[""Bally Bet"", ""BetMGM"", ""BetRivers"", ""Bovada"", ""Caesars"", ""Courtside"", ""DraftKings"", ""FanDuel"", ""Fanatics"", ""Fliff"", ""Hard Rock Bet"", ""fanduel"", ""theScore Bet""]",The Odds API,"[""Bally Bet"", ""BetMGM"", ""BetRivers"", ""Bovada"", ""Caesars"", ""Courtside"", ""DraftKings"", ""FanDuel"", ""Fanatics"", ""fanatics""]",The Odds API,"[""Bally Bet"", ""BetOnline.ag"", ""BetRivers"", ""Bovada"", ""Caesars"", ""Courtside"", ""DraftKings"", ""Fanatics"", ""Fliff"", ""Hard Rock Bet"", ""draftkings"", ""theScore Bet""]",The Odds API,"[""Bally Bet"", ""BetOnline.ag"", ""BetRivers"", ""Bovada"", ""Caesars"", ""Courtside"", ""DraftKings"", ""FanDuel"", ""Fanatics"", ""Fliff"", ""Hard Rock Bet"", ""draftkings"", ""theScore Bet""]",The Odds API,"[""Bally Bet"", ""BetOnline.ag"", ""BetRivers"", ""Bovada"", ""Courtside"", ""DraftKings"", ""FanDuel"", ""Fanatics"", ""Fliff"", ""Hard Rock Bet"", ""draftkings"", ""theScore Bet""]",0.5,290.0,FanDuel,,,,,,,,,,0.5,290.0,FanDuel,The Odds API,"[""Bally Bet"", ""BetRivers"", ""Bovada"", ""FanDuel"", ""Fliff"", ""Hard Rock Bet"", ""theScore Bet""]",ALTLINE_NB_v1_2026-01-18,2.5,-105.0,DraftKings,exp/fallback,0.3,0.0057840451049215,0.6,0.5121951219512195,-98.87073405094388,-98.9,0.0422318805185903,4.2,-94.36908259752128,-94.4,0.0057840451049215,0.6,-98.87073405094388,-98.9,0.0006983006285956,0.1,-99.76956079256342,-99.8,7.736670997449124e-05,0.0,-99.95164580626594,-100.0,0.5,-130.0,Fanatics,exp/fallback,1.226,0.6394512908066929,63.9,0.5652173913043478,13.133689911953368,13.1,0.6394512908066929,63.9,13.133689911953368,13.1,0.3301428327064939,33.0,56.8178455355846,56.8,0.1510313538031142,15.1,141.65016608498283,141.7,0.0639592701303076,6.4,98.27373740395376,98.3,0.5,225.0,Hard Rock Bet,exp/fallback,0.458,0.3379417004702602,33.8,0.3076923076923077,9.83105265283456,9.8,0.3379417004702602,33.8,9.83105265283456,9.8,0.0912185912883065,9.1,27.706027803629183,27.7,0.022260586403033,2.2,-24.314006229687536,-24.3,,,,,0.5,170.0,Fanatics,exp/fallback,0.3657,0.2891577833861084,28.9,0.3703703703703703,-21.927398485750725,-21.9,0.2891577833861084,28.9,-21.927398485750725,-21.9,,,,,,,,,,,,,0.5,170.0,Fanatics,exp/fallback,0.4536375,0.3280340643041843,32.8,0.3703703703703703,-11.43080263787023,-11.4,0.3280340643041843,32.8,-11.43080263787023,-11.4,,,,,,,,,,,,,False,True,False,False,False,,,Active roster,2026-10-01T17:24:42+00:00,False,[],2025-2026,,2026-09-24-frozen-v2,2026-10-01T17:24:46.238031+00:00,2026020015,,,NO_PLAYER,,,NO_PLAYER,,,NO_PLAYER,,,NO_PLAYER,,,NO_PLAYER,,,NO_PLAYER,,,NO_PLAYER
2026-10-01,EDM@VAN,2026020015,9:00 PM,2026-10-02T02:00:00Z,Aatu Rty,8482691,VAN,False,,2026-27,VAN,C,,Healthy,Unknown,,,2.0,0.0,,33.0,22.0,2026-10-02T00:13:56+00:00,EDM,Devon Levi,,,50.0,Confirmed,dailyfaceoff_name_only,22.4,5.0,22.4,5.0,,61.7,49.3,A1+A2,12.02,29.7,51.0,1.0,NONE,False,False,23.458639271933965,2.22263647167999,9.6,13.2,14.0,2.8,True,,,,,50.0,,,,,,,,,,,,,,,,,,,,,,,,,,,,,,,,,,,,,,,,1.1716025849644336,0.5021153935561857,,,0.0,2.466443398236635,2.4605092289198285,50.0,42.4,54.2,49.5,2.79,1.27,,,,,COOL,COOL,COOL,1.52,,COOL,Red,Red,Red,Red,46.0,48.0,51.0,44.0,GOAL,51.0,,,,,,,C,Passenger,0.8,,88.0,,0.0,0.0962121212121212,6.35,0.0962121212121212,0.0080035291152004,0.8,0.8,2.7401574803149606,2.7401574803149606,0.0,7.968727923515283,8.893028671226896,88.0,44.9,False,,,,,,False,False,0.0,,False,0.0,,False,0.0,,,,,,,,,,,,,,,,,,,,,,,,,,,,,,,,,,,,,,,,,,,,,,,,,,,,,,,,,,,,,,,,,,,,,,,,,,,,,,,,,,,,,,,,,,,,,,,,,,,,,,,,ALTLINE_NB_v1_2026-01-18,,,,league_avg,2.3,,,,,,,,,,,,,,,,,,,,,,,,,exp/fallback,0.279,,,,,,,,,,,,,,,,,,,,,,,,,exp/fallback,0.152,,,,,,,,,,,,,,,,,,,,,,,,,exp/fallback,0.2308,,,,,,,,,,,,,,,,,,,,,,,,,exp/fallback,0.18755,,,,,,,,,,,,,,,,,,,,,,False,False,False,False,False,,,Active roster,2026-10-02T00:14:24+00:00,False,[],2025-2026,,2026-09-24-frozen-v2,2026-10-02T00:14:28.971676+00:00,2026020015,,,NO_PLAYER,,,NO_PLAYER,,,NO_PLAYER,,,NO_PLAYER,,,NO_PLAYER,,,NO_PLAYER,,,NO_PLAYER
2026-10-01,EDM@VAN,2026020015,9:00 PM,2026-10-02T02:00:00Z,Arshdeep Bains,8483395,VAN,False,,2026-27,VAN,L,,Healthy,Unknown,,,2.0,0.0,,33.0,22.0,2026-10-02T00:13:56+00:00,EDM,Devon Levi,,,50.0,Confirmed,dailyfaceoff_name_only,22.4,5.0,22.4,5.0,,32.5,31.9,A1+A2,9.21,9.8,27.8,0.94,NONE,False,False,23.458639271933965,2.22263647167999,9.6,13.2,14.0,2.8,True,,,,,50.0,,,,,,,,,,,,,,,,,,,,,,,,,,,,,,,,,,,,,,,,0.989146860832532,0.4945734304162659,,,0.0,2.466443398236635,2.4605092289198285,50.0,42.4,50.6,49.5,2.2,0.86,,,,,COOL,COOL,COOL,1.34,,COOL,Red,Red,Red,Red,35.0,31.0,33.0,30.0,POINTS,35.0,,,,,,,C,Passenger,2.7,,88.0,,0.0,0.2470238095238095,6.916666666666667,0.2470238095238095,0.0268330531488426,2.7,2.7,5.53012048192771,0.0,6.506024096385541,7.968727923515283,8.893028671226896,88.0,75.6,False,,,,,,False,False,0.0,,False,0.0,,False,0.0,,,,,,,,,,,,,,,,,,,,,,,,,,,,,,,,,,,,,,,,,,,,,,,0.5,1000.0,FanDuel,,,,,,,,,,0.5,1000.0,FanDuel,0.5,1000.0,FanDuel,,,,,,,,,,0.5,1000.0,FanDuel,The Odds API,"[""BetMGM"", ""Bovada"", ""Caesars"", ""Courtside"", ""DraftKings"", ""FanDuel"", ""Fanatics"", ""Fliff"", ""Hard Rock Bet"", ""theScore Bet""]",The Odds API,"[""BetMGM"", ""Bovada"", ""Caesars"", ""Courtside"", ""DraftKings"", ""FanDuel"", ""Fanatics"", ""fanduel""]",,,,,,,,,,,,,,,,,,,,,,,,ALTLINE_NB_v1_2026-01-18,,,,league_avg,2.3,,,,,,,,,,,,,,,,,,,,,,,,,exp/fallback,0.22,,,,,,,,,,,,,,,,,,,,,,,,,exp/fallback,0.134,,,,,,,,,,,,,,,,,,,,,,0.5,1000.0,FanDuel,exp/fallback,0.2143999999999999,0.1859231495260123,18.6,0.0909090909090909,104.51546447861352,104.5,0.1859231495260123,18.6,104.51546447861352,104.5,,,,,,,,,,,,,0.5,1000.0,FanDuel,exp/fallback,0.1609,0.141896284163557,14.2,0.0909090909090909,56.08591257991274,56.1,0.141896284163557,14.2,56.08591257991274,56.1,,,,,,,,,,,,,False,False,True,True,False,,,Active roster,2026-10-02T00:14:24+00:00,False,[],2025-2026,,2026-09-24-frozen-v2,2026-10-02T00:14:28.971676+00:00,2026020015,8483395.0,PLAYER_ID,FINAL,2.0,,NO_LINE,1.0,,NO_LINE,1.0,,NO_LINE,1.0,W,OK,1.0,W,OK,0.0,,NO_LINE
2026-10-01,EDM@VAN,2026020015,9:00 PM,2026-10-02T02:00:00Z,Brendan Gallagher,8475848,MTL,True,"{""season"":""2026-27"",""games"":[{""d"":""2026-09-29"",""g"":0,""a"":0,""s"":1,""pp"":0,""h"":""R"",""toi"":""10:54""}]}",2026-27,VAN,R,,Healthy,Unknown,,,2.0,0.0,,33.0,22.0,2026-10-02T00:13:56+00:00,EDM,Devon Levi,,,50.0,Confirmed,dailyfaceoff_name_only,22.4,5.0,22.4,5.0,,78.4,63.9,A1+A2,12.35,31.8,64.0,1.06,NONE,False,False,23.458639271933965,2.22263647167999,9.6,13.2,14.0,2.8,True,,,1.0,,50.0,0.0,0.0,1.0,0.0,0.0,0.0,0.0,0.0,0.0,0.0,1.0,1.0,LOW,0.0,,LOW,0.0,,LOW,0.0,,LOW,0.0,,LOW,0.0,,LOW,0.0,,LOW,0.1,,LOW,0.05,,LOW,0.025,,1.3053199846906915,0.2900711077090425,,,0.0,2.466443398236635,2.4605092289198285,50.0,42.4,57.9,49.5,4.34,2.15,,4.34,2.15,,HOT,WARM,COOL,2.19,2.19,WARM,Red,Yellow,Red,Red,59.0,58.0,60.0,55.0,GOAL,60.0,1.0,1.0,1.0,1.0,0.0,1.0,,Passenger,10.8,,88.0,,,1.338095238095238,103.03333333333332,1.338095238095238,0.1083420960392569,10.8,10.8,2.833063733419605,1.5956001294079587,1.455839534131349,7.968727923515283,8.893028671226896,88.0,74.3,False,,,,🥅 D:1,,False,False,1.0,,False,0.0,,False,0.0,,,,,,,,,,,,,,,,,,,,,,,,,,,,,,,,,,,,,,,,,,,,,,,0.5,1000.0,Hard Rock Bet,,,,,,,,,,0.5,1000.0,Hard Rock Bet,0.5,800.0,FanDuel,,,,,,,,,,0.5,800.0,FanDuel,The Odds API,"[""Bally Bet"", ""BetMGM"", ""BetRivers"", ""Bovada"", ""Caesars"", ""Courtside"", ""DraftKings"", ""FanDuel"", ""Fanatics"", ""Fliff"", ""Hard Rock Bet"", ""theScore Bet""]",The Odds API,"[""Bally Bet"", ""BetMGM"", ""BetRivers"", ""Bovada"", ""Caesars"", ""Courtside"", ""DraftKings"", ""FanDuel"", ""Fanatics"", ""fanduel""]",,,,,,,,,,,,,,,,,,,,,,,,ALTLINE_NB_v1_2026-01-18,,,,exp/fallback,0.1,,,,,,,,,,,,,,,,,,,,,,,,,exp/fallback,0.434,,,,,,,,,,,,,,,,,,,,,,,,,exp/fallback,0.219,,,,,,,,,,,,,,,,,,,,,,0.5,1000.0,Hard Rock Bet,exp/fallback,0.1995,0.1746432789961635,17.5,0.0909090909090909,92.10760689577984,92.1,0.1746432789961635,17.5,92.10760689577984,92.1,,,,,,,,,,,,,0.5,800.0,FanDuel,exp/fallback,0.1835625,0.159208409006571,15.9,0.1111111111111111,43.28756810591396,43.3,0.159208409006571,15.9,43.28756810591396,43.3,,,,,,,,,,,,,False,False,True,True,False,,,Active roster,2026-10-02T00:14:24+00:00,False,[],2025-2026,,2026-09-24-frozen-v2,2026-10-02T00:14:28.971676+00:00,2026020015,8475848.0,PLAYER_ID,FINAL,0.0,,NO_LINE,0.0,,NO_LINE,0.0,,NO_LINE,0.0,L,OK,0.0,L,OK,0.0,,NO_LINE
2026-10-01,EDM@VAN,2026020015,9:00 PM,2026-10-02T02:00:00Z,Brock Boeser,8478444,VAN,False,"{""season"":""2026-27"",""games"":[{""d"":""2026-09-29"",""g"":0,""a"":1,""s"":1,""pp"":1,""h"":""R"",""toi"":""14:51""}]}",2026-27,VAN,R,,Healthy,Unknown,,,2.0,1.0,🟢 ROLE+,33.0,22.0,2026-10-02T00:13:56+00:00,EDM,Devon Levi,,,50.0,Confirmed,dailyfaceoff_name_only,22.4,5.0,22.4,5.0,,90.4,80.9,A1+A2,19.05,82.3,85.5,1.14,NONE,False,False,23.458639271933965,2.22263647167999,9.6,13.2,14.0,2.8,True,,,1.0,,50.0,1.0,0.0,1.0,0.0,1.0,1.0,1.0,1.0,1.0,1.0,1.0,1.0,LOW,0.1,-0.4,LOW,0.05,,LOW,0.025,,LOW,0.1,,LOW,0.05,,LOW,0.025,,LOW,0.1,,LOW,0.05,,LOW,0.025,,1.2120629118368524,0.577172815160406,,,1.0,2.466443398236635,2.4605092289198285,50.0,42.4,54.8,49.5,7.41,3.45,,6.41,3.45,,HOT,HOT,COOL,4.36,2.96,HOT,Yellow,Yellow,Yellow,Yellow,75.0,70.0,72.0,72.0,POINTS,75.0,0.0,0.0,1.0,1.0,1.0,0.0,A,Distributor,16.0,,88.0,,2.0,3.043333333333333,228.25,3.043333333333333,0.1597270818754373,16.0,16.0,4.169112814895947,1.7112814895947426,2.891566265060241,7.968727923515283,8.893028671226896,88.0,89.4,False,,,,🅿️ D:0,,False,False,1.0,,False,0.0,,False,0.0,,1.5,-250.0,DraftKings,2.5,118.0,BetOnline.ag,3.5,275.0,FanDuel,4.5,670.0,FanDuel,2.5,118.0,BetOnline.ag,0.5,-120.0,Fanatics,1.5,425.0,Bovada,2.5,1600.0,DraftKings,3.5,4300.0,BetOnline.ag,0.5,-120.0,Fanatics,0.5,200.0,Hard Rock Bet,1.5,1100.0,Bovada,2.5,3300.0,Bovada,,,,0.5,200.0,Hard Rock Bet,0.5,220.0,FanDuel,,,,,,,,,,0.5,220.0,FanDuel,0.5,220.0,FanDuel,,,,,,,,,,0.5,220.0,FanDuel,The Odds API,"[""Bally Bet"", ""BetMGM"", ""BetRivers"", ""Bovada"", ""Caesars"", ""Courtside"", ""DraftKings"", ""FanDuel"", ""Fanatics"", ""Fliff"", ""Hard Rock Bet"", ""fanduel"", ""theScore Bet""]",The Odds API,"[""Bally Bet"", ""BetMGM"", ""BetRivers"", ""Bovada"", ""Caesars"", ""Courtside"", ""DraftKings"", ""FanDuel"", ""Fanatics"", ""betmgm""]",The Odds API,"[""Bally Bet"", ""BetOnline.ag"", ""BetRivers"", ""Bovada"", ""Caesars"", ""Courtside"", ""DraftKings"", ""FanDuel"", ""Fanatics"", ""Fliff"", ""Hard Rock Bet"", ""ReBet"", ""draftkings"", ""theScore Bet""]",The Odds API,"[""Bally Bet"", ""BetOnline.ag"", ""BetRivers"", ""Courtside"", ""DraftKings"", ""FanDuel"", ""Fanatics"", ""Fliff"", ""Hard Rock Bet"", ""ReBet"", ""fanduel"", ""theScore Bet""]",The Odds API,"[""Bally Bet"", ""BetOnline.ag"", ""BetRivers"", ""Bovada"", ""Courtside"", ""DraftKings"", ""FanDuel"", ""Fanatics"", ""Fliff"", ""Hard Rock Bet"", ""ReBet"", ""draftkings"", ""theScore Bet""]",0.5,350.0,Hard Rock Bet,1.5,1000.0,Bovada,,,,,,,0.5,350.0,Hard Rock Bet,The Odds API,"[""Bally Bet"", ""BetRivers"", ""Bovada"", ""Fliff"", ""Hard Rock Bet"", ""theScore Bet""]",ALTLINE_NB_v1_2026-01-18,2.5,118.0,BetOnline.ag,exp/fallback,0.1,0.0002745710270403,0.0,0.4587155963302752,-99.9401435161052,-99.9,0.0056639264392934,0.6,-99.20705029849891,-99.2,0.0002745710270403,0.0,-99.9401435161052,-99.9,1.167564107673602e-05,0.0,-99.99562163459622,-100.0,1.0000000000287557e-06,0.0,-99.99922999999995,-100.0,0.5,-120.0,Fanatics,exp/fallback,0.741,0.482551305355372,48.3,0.5454545454545454,-11.532260684848456,-11.5,0.482551305355372,48.3,-11.532260684848456,-11.5,0.178085126190192,17.8,-6.505308750149197,-6.5,0.0571605451254014,5.7,-2.827073286817494,-2.8,0.0168411489376018,1.7,-25.89894467455207,-25.9,0.5,200.0,Hard Rock Bet,exp/fallback,0.436,0.3259293412172638,32.6,0.3333333333333333,-2.2211976348208595,-2.2,0.3259293412172638,32.6,-2.2211976348208595,-2.2,0.0846363960372367,8.5,1.5636752446840596,1.6,0.019855777749988,2.0,-32.490355650040684,-32.5,,,,,0.5,220.0,FanDuel,exp/fallback,0.2385,0.2037156899017125,20.4,0.3125,-34.810979231451995,-34.8,0.2037156899017125,20.4,-34.810979231451995,-34.8,,,,,,,,,,,,,0.5,220.0,FanDuel,exp/fallback,0.2469375,0.2046825093887682,20.5,0.3125,-34.50159699559418,-34.5,0.2046825093887682,20.5,-34.50159699559418,-34.5,,,,,,,,,,,,,False,False,False,False,False,,,Active roster,2026-10-02T00:14:24+00:00,False,[],2025-2026,,2026-09-24-frozen-v2,2026-10-02T00:14:28.971676+00:00,2026020015,8478444.0,PLAYER_ID,FINAL,2.0,W,OK,1.0,W,OK,2.0,L,OK,1.0,W,OK,1.0,W,OK,1.0,W,OK
2026-10-01,EDM@VAN,2026020015,9:00 PM,2026-10-02T02:00:00Z,Drew O'Connor,8482055,VAN,False,"{""season"":""2026-27"",""games"":[{""d"":""2026-09-29"",""g"":0,""a"":1,""s"":3,""pp"":0,""h"":""R"",""toi"":""17:40""}]}",2026-27,VAN,L,,Healthy,Unknown,,,2.0,0.0,,33.0,22.0,2026-10-02T00:13:56+00:00,EDM,Devon Levi,,,50.0,Confirmed,dailyfaceoff_name_only,22.4,5.0,22.4,5.0,,85.0,54.3,A1+A2,14.59,46.8,66.6,1.07,NONE,False,False,23.458639271933965,2.22263647167999,9.6,13.2,14.0,2.8,True,,,3.0,,50.0,1.0,0.0,3.0,0.0,1.0,1.0,1.0,1.0,1.0,1.0,3.0,3.0,LOW,0.1,-0.4,LOW,0.05,,LOW,0.025,,LOW,0.1,,LOW,0.05,,LOW,0.025,,LOW,0.3,,LOW,0.15,,LOW,0.075,,1.3728231854582431,0.5148086945468412,,,1.0,2.466443398236635,2.4605092289198285,50.0,42.4,59.6,49.5,4.03,2.47,,3.03,2.47,,HOT,WARM,COOL,1.56,0.56,COOL,Red,Yellow,Yellow,Red,53.0,62.0,68.0,52.0,GOAL,68.0,0.0,0.0,1.0,0.0,0.0,1.0,B,Shooter,2.5,,88.0,,1.0,0.3601626016260162,29.53333333333333,0.3601626016260162,0.0246872300704951,2.5,2.5,1.1986455981941309,1.1986455981941309,0.0,7.968727923515283,8.893028671226896,88.0,49.4,False,,,,🥅 D:1,,False,False,1.0,,False,0.0,,False,0.0,,1.5,102.0,BetRivers,2.5,280.0,theScore Bet,3.5,750.0,Fanatics,4.5,1900.0,Fanatics,1.5,102.0,BetRivers,0.5,245.0,BetRivers,,,,,,,,,,0.5,245.0,BetRivers,,,,,,,,,,,,,,,,0.5,500.0,FanDuel,,,,,,,,,,0.5,500.0,FanDuel,0.5,500.0,FanDuel,,,,,,,,,,0.5,500.0,FanDuel,The Odds API,"[""Bally Bet"", ""BetMGM"", ""BetRivers"", ""Bovada"", ""Caesars"", ""Courtside"", ""DraftKings"", ""FanDuel"", ""Fanatics"", ""Fliff"", ""Hard Rock Bet"", ""theScore Bet""]",The Odds API,"[""Bally Bet"", ""BetMGM"", ""BetRivers"", ""Bovada"", ""Caesars"", ""Courtside"", ""DraftKings"", ""FanDuel"", ""Fanatics"", ""fanduel""]",The Odds API,"[""Bally Bet"", ""BetRivers""]",The Odds API,"[""Bally Bet"", ""BetOnline.ag"", ""BetRivers"", ""Courtside"", ""DraftKings"", ""Fanatics"", ""Fliff"", ""Hard Rock Bet"", ""ReBet"", ""theScore Bet""]",,,,,,,,,,,,,,,,,,,,ALTLINE_NB_v1_2026-01-18,1.5,102.0,BetRivers,exp/fallback,0.3,0.0422318805185903,4.2,0.495049504950495,-91.46916013524476,-91.5,0.0422318805185903,4.2,-91.46916013524476,-91.5,0.0057840451049215,0.6,-97.8020628601298,-97.8,0.0006983006285956,0.1,-99.40644446569368,-99.4,7.736670997449124e-05,0.0,-99.84526658005102,-99.8,0.5,245.0,BetRivers,exp/fallback,0.403,0.3140817529798265,31.4,0.2898550724637681,8.358204778040168,8.4,0.3140817529798265,31.4,8.358204778040168,8.4,,,,,,,,,,,,,,,,exp/fallback,0.156,,,,,,,,,,,,,,,,,,,,,,0.5,500.0,FanDuel,exp/fallback,0.2091,0.1819357181880333,18.2,0.1666666666666666,9.161430912820002,9.2,0.1819357181880333,18.2,9.161430912820002,9.2,,,,,,,,,,,,,0.5,500.0,FanDuel,exp/fallback,0.1991625,0.1707932833068045,17.1,0.1666666666666666,2.4759699840827265,2.5,0.1707932833068045,17.1,2.4759699840827265,2.5,,,,,,,,,,,,,False,False,False,False,False,,,Active roster,2026-10-02T00:14:24+00:00,False,[],2025-2026,,2026-09-24-frozen-v2,2026-10-02T00:14:28.971676+00:00,2026020015,8482055.0,PLAYER_ID,FINAL,0.0,L,OK,0.0,,NO_LINE,0.0,L,OK,0.0,L,OK,0.0,L,OK,0.0,,NO_LINE
2026-10-01,EDM@VAN,2026020015,9:00 PM,2026-10-02T02:00:00Z,Elias Pettersson,8480012,VAN,False,"{""season"":""2026-27"",""games"":[{""d"":""2026-09-29"",""g"":1,""a"":0,""s"":1,""pp"":1,""h"":""R"",""toi"":""19:23""}]}",2026-27,VAN,C,,Healthy,Unknown,,,2.0,1.0,🟢 ROLE+,33.0,22.0,2026-10-02T00:13:56+00:00,EDM,Devon Levi,,,50.0,Confirmed,dailyfaceoff_name_only,22.4,5.0,22.4,5.0,,81.4,90.6,A1+A2,18.96,81.9,84.7,1.14,NONE,False,False,23.458639271933965,2.22263647167999,9.6,13.2,14.0,2.8,True,,,1.0,,50.0,1.0,1.0,1.0,1.0,0.0,0.0,1.0,1.0,0.0,0.0,1.0,1.0,LOW,0.1,-0.4,LOW,0.05,,LOW,0.025,,LOW,0.0,,LOW,0.0,,LOW,0.0,,LOW,0.1,,LOW,0.05,,LOW,0.025,,1.239344262295082,0.3540983606557377,,,0.0,2.466443398236635,2.4605092289198285,50.0,42.4,56.1,49.5,8.99,2.89,,7.17,1.63,,HOT,WARM,COOL,6.09,5.54,HOT,Yellow,Yellow,Yellow,Yellow,80.0,65.0,69.0,77.0,POINTS,80.0,0.0,1.0,0.0,1.0,1.0,0.0,A,Distributor,15.5,,88.0,,2.0,2.9412162162162163,217.65,2.9412162162162163,0.155115276342515,15.5,15.5,4.502412129565816,0.9290144727773948,4.203997243280496,7.968727923515283,8.893028671226896,88.0,92.3,False,,,,🅿️ D:0,,False,False,1.0,,False,0.0,,False,0.0,,1.5,-167.0,BetRivers,2.5,175.0,FanDuel,3.5,450.0,FanDuel,4.5,900.0,Fanatics,1.5,-167.0,BetRivers,0.5,-115.0,FanDuel,1.5,460.0,FanDuel,,,,,,,0.5,-115.0,FanDuel,0.5,158.0,FanDuel,1.5,850.0,DraftKings,2.5,2500.0,Bovada,,,,0.5,158.0,FanDuel,0.5,1900.0,FanDuel,,,,,,,,,,0.5,1900.0,FanDuel,0.5,1900.0,FanDuel,,,,,,,,,,0.5,1900.0,FanDuel,The Odds API,"[""Bally Bet"", ""BetRivers"", ""Bovada"", ""DraftKings"", ""FanDuel"", ""Fanatics"", ""Hard Rock Bet"", ""theScore Bet""]",The Odds API,"[""Bally Bet"", ""BetRivers"", ""Bovada"", ""DraftKings"", ""FanDuel"", ""Fanatics"", ""fanduel""]",The Odds API,"[""Bally Bet"", ""BetRivers"", ""FanDuel"", ""Hard Rock Bet"", ""theScore Bet""]",The Odds API,"[""Bally Bet"", ""BetOnline.ag"", ""BetRivers"", ""DraftKings"", ""FanDuel"", ""Fanatics"", ""Hard Rock Bet"", ""ReBet"", ""theScore Bet""]",The Odds API,"[""Bally Bet"", ""BetOnline.ag"", ""BetRivers"", ""Bovada"", ""DraftKings"", ""FanDuel"", ""Hard Rock Bet"", ""ReBet"", ""theScore Bet""]",0.5,300.0,Hard Rock Bet,1.5,1000.0,Bovada,,,,,,,0.5,300.0,Hard Rock Bet,The Odds API,"[""Bally Bet"", ""BetRivers"", ""Bovada"", ""Hard Rock Bet"", ""theScore Bet""]",ALTLINE_NB_v1_2026-01-18,1.5,-167.0,BetRivers,exp/fallback,0.1,0.0056639264392934,0.6,0.6254681647940075,-99.09445008425666,-99.1,0.0056639264392934,0.6,-99.09445008425666,-99.1,0.0002745710270403,0.0,-99.92449296756392,-99.9,1.167564107673602e-05,0.0,-99.9935783974078,-100.0,1.0000000000287557e-06,0.0,-99.99899999999997,-100.0,0.5,-115.0,FanDuel,exp/fallback,0.899,0.5423405432896504,54.2,0.5348837209302325,1.394101571543338,1.4,0.5423405432896504,54.2,1.394101571543338,1.4,0.2293782707588595,22.9,28.451831624961333,28.5,,,,,,,,,0.5,158.0,FanDuel,exp/fallback,0.609,0.4123593463731774,41.2,0.3875968992248062,6.388711364279775,6.4,0.4123593463731774,41.2,6.388711364279775,6.4,0.138021931226581,13.8,31.12083466525196,31.1,0.0419670332823817,4.2,9.114286534192471,9.1,,,,,0.5,1900.0,FanDuel,exp/fallback,0.2217,0.191370858526291,19.1,0.05,282.741717052582,282.7,0.191370858526291,19.1,282.741717052582,282.7,,,,,,,,,,,,,0.5,1900.0,FanDuel,exp/fallback,0.2196374999999999,0.1856035781952163,18.6,0.05,271.20715639043266,271.2,0.1856035781952163,18.6,271.20715639043266,271.2,,,,,,,,,,,,,False,False,True,True,False,,,Active roster,2026-10-02T00:14:24+00:00,False,[],2025-2026,,2026-09-24-frozen-v2,2026-10-02T00:14:28.971676+00:00,2026020015,8480012.0,PLAYER_ID,FINAL,3.0,W,OK,2.0,W,OK,2.0,W,OK,1.0,W,OK,1.0,W,OK,1.0,W,OK
2026-10-01,EDM@VAN,2026020015,9:00 PM,2026-10-02T02:00:00Z,Elias Pettersson,8483678,VAN,False,,2026-27,VAN,D,,Healthy,Unknown,,,2.0,0.0,,33.0,22.0,2026-10-02T00:13:56+00:00,EDM,Devon Levi,,,50.0,Confirmed,dailyfaceoff_name_only,22.4,5.0,22.4,5.0,,29.4,40.6,A1+A2,14.98,49.7,37.4,0.95,NONE,False,False,23.458639271933965,2.22263647167999,9.6,13.2,14.0,2.8,True,,,,,50.0,,,,,,,,,,,,,,,,,,,,,,,,,,,,,,,,,,,,,,,,0.6272979142344351,0.0627297914234435,,,0.0,2.466443398236635,2.4605092289198285,50.0,42.4,40.4,49.5,1.22,0.27,,,,,COOL,COOL,COOL,0.95,,COOL,Red,Red,Red,Red,42.0,33.0,33.0,36.0,POINTS,42.0,,,,,,,C,Passenger,0.3,,88.0,,0.0,0.0376190476190476,2.6333333333333333,0.0376190476190476,0.0025114844780721,0.3,0.3,0.9113924050632912,0.9113924050632912,0.0,7.968727923515283,8.893028671226896,88.0,40.0,False,,,,,,False,False,0.0,,False,0.0,,False,0.0,,1.5,-167.0,BetRivers,2.5,175.0,FanDuel,3.5,450.0,FanDuel,4.5,900.0,Fanatics,1.5,-167.0,BetRivers,0.5,-115.0,FanDuel,1.5,460.0,FanDuel,,,,,,,0.5,-115.0,FanDuel,0.5,158.0,FanDuel,1.5,850.0,DraftKings,2.5,2500.0,Bovada,,,,0.5,158.0,FanDuel,0.5,1900.0,FanDuel,,,,,,,,,,0.5,1900.0,FanDuel,0.5,1900.0,FanDuel,,,,,,,,,,0.5,1900.0,FanDuel,The Odds API,"[""Bally Bet"", ""BetRivers"", ""Bovada"", ""DraftKings"", ""FanDuel"", ""Fanatics"", ""Hard Rock Bet"", ""theScore Bet""]",The Odds API,"[""Bally Bet"", ""BetRivers"", ""Bovada"", ""DraftKings"", ""FanDuel"", ""Fanatics"", ""fanduel""]",The Odds API,"[""Bally Bet"", ""BetRivers"", ""FanDuel"", ""Hard Rock Bet"", ""theScore Bet""]",The Odds API,"[""Bally Bet"", ""BetOnline.ag"", ""BetRivers"", ""DraftKings"", ""FanDuel"", ""Fanatics"", ""Hard Rock Bet"", ""ReBet"", ""theScore Bet""]",The Odds API,"[""Bally Bet"", ""BetOnline.ag"", ""BetRivers"", ""Bovada"", ""DraftKings"", ""FanDuel"", ""Hard Rock Bet"", ""ReBet"", ""theScore Bet""]",0.5,300.0,Hard Rock Bet,1.5,1000.0,Bovada,,,,,,,0.5,300.0,Hard Rock Bet,The Odds API,"[""Bally Bet"", ""BetRivers"", ""Bovada"", ""Hard Rock Bet"", ""theScore Bet""]",ALTLINE_NB_v1_2026-01-18,1.5,-167.0,BetRivers,league_avg,2.3,0.6001759479749428,60.0,0.6254681647940075,-4.043725683048072,-4.0,0.6001759479749428,60.0,-4.043725683048072,-4.0,0.3835789960842564,38.4,5.484223923170505,5.5,0.2254288407355011,22.5,23.985862404525648,24.0,0.1243884637071297,12.4,24.38846370712975,24.4,0.5,-115.0,FanDuel,exp/fallback,0.122,0.1126068425891235,11.3,0.5348837209302325,-78.94741638551169,-78.9,0.1126068425891235,11.3,-78.94741638551169,-78.9,0.0087783538539871,0.9,-95.08412184176716,-95.1,,,,,,,,,0.5,158.0,FanDuel,exp/fallback,0.095,0.0886358587613422,8.9,0.3875968992248062,-77.13194843957369,-77.1,0.0886358587613422,8.9,-77.13194843957369,-77.1,0.0059823089592683,0.6,-94.3168064886951,-94.3,0.0003602894619911,0.0,-99.06324739882292,-99.1,,,,,0.5,1900.0,FanDuel,exp/fallback,0.1908,0.1679556532822095,16.8,0.05,235.91130656441905,235.9,0.1679556532822095,16.8,235.91130656441905,235.9,,,,,,,,,,,,,0.5,1900.0,FanDuel,exp/fallback,0.1225499999999999,0.1112271897310025,11.1,0.05,122.45437946200508,122.5,0.1112271897310025,11.1,122.45437946200508,122.5,,,,,,,,,,,,,False,False,True,True,False,,,Active roster,2026-10-02T00:14:24+00:00,False,[],2025-2026,,2026-09-24-frozen-v2,2026-10-02T00:14:28.971676+00:00,2026020015,8483678.0,PLAYER_ID,FINAL,0.0,L,OK,0.0,L,OK,0.0,L,OK,0.0,L,OK,0.0,L,OK,0.0,L,OK
2026-10-01,EDM@VAN,2026020015,9:00 PM,2026-10-02T02:00:00Z,Filip Hronek,8479425,VAN,False,"{""season"":""2026-27"",""games"":[{""d"":""2026-09-29"",""g"":0,""a"":2,""s"":2,""pp"":1,""h"":""R"",""toi"":""25:08""}]}",2026-27,VAN,D,,Healthy,Unknown,,,2.0,1.0,🟢 ROLE+,33.0,22.0,2026-10-02T00:13:56+00:00,EDM,Devon Levi,,,50.0,Confirmed,dailyfaceoff_name_only,22.4,5.0,22.4,5.0,,58.8,93.9,A1+A2,25.01,99.6,79.2,1.12,NONE,False,False,23.458639271933965,2.22263647167999,9.6,13.2,14.0,2.8,True,,,2.0,,50.0,2.0,0.0,2.0,0.0,2.0,2.0,2.0,2.0,2.0,2.0,2.0,2.0,LOW,0.2,-0.3,LOW,0.1,,LOW,0.05,,LOW,0.2,,LOW,0.1,,LOW,0.05,,LOW,0.2,,LOW,0.1,,LOW,0.05,,0.780878798520875,0.3346623422232321,,,2.0,2.466443398236635,2.4605092289198285,50.0,42.4,44.7,49.5,6.63,1.04,,4.63,1.04,,HOT,COOL,COOL,6.14,3.58,HOT,Yellow,Red,Red,Yellow,82.0,54.0,54.0,75.0,POINTS,82.0,0.0,0.0,1.0,0.0,1.0,0.0,A,Distributor,7.2,,88.0,,2.0,1.7959349593495937,147.26666666666668,1.7959349593495937,0.0718210488669246,7.2,7.2,5.611249434133091,0.6763241285649614,5.805794477138976,7.968727923515283,8.893028671226896,88.0,81.7,False,,,,🅿️ D:0,,False,False,0.0,,False,0.0,,False,0.0,,1.5,-148.0,BetRivers,2.5,190.0,Fanatics,3.5,500.0,Fanatics,4.5,1300.0,Fanatics,1.5,-148.0,BetRivers,0.5,105.0,Bovada,1.5,550.0,Bovada,2.5,2200.0,Fanatics,3.5,4400.0,BetOnline.ag,0.5,105.0,Bovada,0.5,138.0,BetRivers,1.5,700.0,Fanatics,2.5,3000.0,Fanatics,,,,0.5,138.0,BetRivers,0.5,650.0,Fanatics,,,,,,,,,,0.5,650.0,Fanatics,0.5,650.0,Fanatics,,,,,,,,,,0.5,650.0,Fanatics,The Odds API,"[""Bally Bet"", ""BetMGM"", ""BetRivers"", ""Bovada"", ""Caesars"", ""Courtside"", ""DraftKings"", ""FanDuel"", ""Fanatics"", ""Fliff"", ""Hard Rock Bet"", ""theScore Bet""]",The Odds API,"[""Bally Bet"", ""BetMGM"", ""BetRivers"", ""Bovada"", ""Caesars"", ""Courtside"", ""DraftKings"", ""FanDuel"", ""Fanatics"", ""fanatics""]",The Odds API,"[""Bally Bet"", ""BetOnline.ag"", ""BetRivers"", ""Bovada"", ""Caesars"", ""Courtside"", ""DraftKings"", ""FanDuel"", ""Fanatics"", ""Fliff"", ""Hard Rock Bet"", ""ReBet"", ""draftkings"", ""theScore Bet""]",The Odds API,"[""Bally Bet"", ""BetOnline.ag"", ""BetRivers"", ""Courtside"", ""DraftKings"", ""FanDuel"", ""Fanatics"", ""Fliff"", ""Hard Rock Bet"", ""ReBet"", ""theScore Bet""]",The Odds API,"[""Bally Bet"", ""BetOnline.ag"", ""BetRivers"", ""Bovada"", ""Courtside"", ""DraftKings"", ""FanDuel"", ""Fanatics"", ""Fliff"", ""Hard Rock Bet"", ""ReBet"", ""draftkings"", ""theScore Bet""]",0.5,270.0,BetRivers,1.5,850.0,Bovada,,,,,,,0.5,270.0,BetRivers,The Odds API,"[""Bally Bet"", ""BetRivers"", ""Bovada"", ""Fliff"", ""Hard Rock Bet"", ""theScore Bet""]",ALTLINE_NB_v1_2026-01-18,1.5,-148.0,BetRivers,exp/fallback,0.2,0.0205922919144261,2.1,0.5967741935483871,-96.54939973325833,-96.5,0.0205922919144261,2.1,-96.54939973325833,-96.5,0.0019369069985104,0.2,-99.43829697043198,-99.4,0.0001602036731851,0.0,-99.90387779608892,-99.9,1.2145062741386605e-05,0.0,-99.98299691216206,-100.0,0.5,105.0,Bovada,exp/fallback,0.663,0.4491137843327172,44.9,0.4878048780487805,-7.931674211792972,-7.9,0.4491137843327172,44.9,-7.931674211792972,-7.9,0.1526667562190784,15.3,-0.7666084575990162,-0.8,0.0449865027743674,4.5,3.4689563810451185,3.5,0.0121506022677501,1.2,-45.322289795124505,-45.3,0.5,138.0,BetRivers,exp/fallback,0.614,0.4146052478297952,41.5,0.4201680672268907,-1.3239510165087398,-1.3,0.4146052478297952,41.5,-1.3239510165087398,-1.3,0.1395996029694236,14.0,11.679682375538912,11.7,0.0427058772936768,4.3,32.3882196103981,32.4,,,,,0.5,650.0,Fanatics,exp/fallback,0.1662,0.1486302573415048,14.9,0.1333333333333333,11.472693006128608,11.5,0.1486302573415048,14.9,11.472693006128608,11.5,,,,,,,,,,,,,0.5,650.0,Fanatics,exp/fallback,0.12945,0.1168774596207115,11.7,0.1333333333333333,-12.341905284466382,-12.3,0.1168774596207115,11.7,-12.341905284466382,-12.3,,,,,,,,,,,,,False,False,True,False,False,,,Active roster,2026-10-02T00:14:24+00:00,False,[],2025-2026,,2026-09-24-frozen-v2,2026-10-02T00:14:28.971676+00:00,2026020015,8479425.0,PLAYER_ID,FINAL,2.0,W,OK,2.0,W,OK,1.0,L,OK,0.0,L,OK,0.0,L,OK,0.0,L,OK
2026-10-01,EDM@VAN,2026020015,9:00 PM,2026-10-02T02:00:00Z,Jake DeBrusk,8478498,VAN,False,"{""season"":""2026-27"",""games"":[{""d"":""2026-09-29"",""g"":0,""a"":1,""s"":0,""pp"":0,""h"":""R"",""toi"":""15:35""}]}",2026-27,VAN,L,,Healthy,Unknown,,,2.0,0.0,,33.0,22.0,2026-10-02T00:13:56+00:00,EDM,Devon Levi,,,50.0,Confirmed,dailyfaceoff_name_only,22.4,5.0,22.4,5.0,,98.7,69.6,A1+A2,16.86,65.2,81.8,1.13,NONE,False,False,23.458639271933965,2.22263647167999,9.6,13.2,14.0,2.8,True,,,0.0,,50.0,1.0,0.0,0.0,0.0,1.0,1.0,1.0,1.0,1.0,1.0,0.0,0.0,LOW,0.1,-0.4,LOW,0.05,,LOW,0.025,,LOW,0.1,,LOW,0.05,,LOW,0.025,,LOW,0.0,,LOW,0.0,,LOW,0.0,,0.904810576230291,0.4222449355741358,,,1.0,2.466443398236635,2.4605092289198285,50.0,42.4,48.4,49.5,7.49,4.85,,6.49,4.85,,HOT,HOT,COOL,2.64,1.64,WARM,Red,Yellow,Green,Red,65.0,71.0,77.0,61.0,GOAL,77.0,0.0,0.0,1.0,1.0,0.0,1.0,A,Shooter,16.9,,88.0,,2.0,2.851851851851852,231.0,2.851851851851852,0.1691048181452153,16.9,16.9,5.333116883116883,4.394805194805195,1.103896103896104,7.968727923515283,8.893028671226896,88.0,80.8,False,,,,🥅 D:1,,False,False,2.0,,False,0.0,,False,0.0,,1.5,-312.0,BetOnline.ag,2.5,-123.0,BetOnline.ag,3.5,190.0,Fanatics,4.5,460.0,Fanatics,2.5,-123.0,BetOnline.ag,0.5,-103.0,BetRivers,1.5,500.0,theScore Bet,2.5,1900.0,Fanatics,3.5,4400.0,BetOnline.ag,0.5,-103.0,BetRivers,0.5,300.0,Hard Rock Bet,1.5,1600.0,Bovada,2.5,3300.0,Bovada,,,,0.5,300.0,Hard Rock Bet,0.5,255.0,BetRivers,,,,,,,,,,0.5,255.0,BetRivers,0.5,255.0,BetRivers,,,,,,,,,,0.5,255.0,BetRivers,The Odds API,"[""Bally Bet"", ""BetMGM"", ""BetRivers"", ""Bovada"", ""Caesars"", ""Courtside"", ""DraftKings"", ""FanDuel"", ""Fanatics"", ""Fliff"", ""Hard Rock Bet"", ""fanduel"", ""theScore Bet""]",The Odds API,"[""Bally Bet"", ""BetMGM"", ""BetRivers"", ""Bovada"", ""Caesars"", ""Courtside"", ""DraftKings"", ""FanDuel"", ""Fanatics"", ""betrivers""]",The Odds API,"[""Bally Bet"", ""BetOnline.ag"", ""BetRivers"", ""Bovada"", ""Caesars"", ""Courtside"", ""DraftKings"", ""FanDuel"", ""Fanatics"", ""Fliff"", ""Hard Rock Bet"", ""ReBet"", ""draftkings"", ""theScore Bet""]",The Odds API,"[""Bally Bet"", ""BetOnline.ag"", ""BetRivers"", ""Courtside"", ""DraftKings"", ""FanDuel"", ""Fanatics"", ""Fliff"", ""Hard Rock Bet"", ""ReBet"", ""draftkings"", ""theScore Bet""]",The Odds API,"[""Bally Bet"", ""BetOnline.ag"", ""BetRivers"", ""Bovada"", ""Courtside"", ""DraftKings"", ""FanDuel"", ""Fanatics"", ""Fliff"", ""Hard Rock Bet"", ""ReBet"", ""draftkings"", ""theScore Bet""]",0.5,350.0,Hard Rock Bet,,,,,,,,,,0.5,350.0,Hard Rock Bet,The Odds API,"[""Bally Bet"", ""BetRivers"", ""Bovada"", ""Fliff"", ""Hard Rock Bet"", ""theScore Bet""]",ALTLINE_NB_v1_2026-01-18,2.5,-123.0,BetOnline.ag,league_avg,2.3,0.3835789960842564,38.4,0.5515695067264574,-30.45681615708197,-30.5,0.6001759479749428,60.0,-20.745996613565246,-20.7,0.3835789960842564,38.4,-30.45681615708197,-30.5,0.2254288407355011,22.5,-34.62563618670466,-34.6,0.1243884637071297,12.4,-30.342460324007348,-30.3,0.5,-103.0,BetRivers,exp/fallback,0.749,0.4858243454086529,48.6,0.5073891625615764,-4.250153283537333,-4.3,0.4858243454086529,48.6,-4.250153283537333,-4.3,0.1806961393405002,18.1,8.41768360430013,8.4,0.0584720037124795,5.8,16.94400742495903,16.9,0.0173707104443369,1.7,-21.83180300048389,-21.8,0.5,300.0,Hard Rock Bet,exp/fallback,0.264,0.2196181747805567,22.0,0.25,-12.152730087777286,-12.2,0.2196181747805567,22.0,-12.152730087777286,-12.2,0.0376209999943967,3.8,-36.04430000952558,-36.0,0.0057875718957574,0.6,-80.32225555442483,-80.3,,,,,0.5,255.0,BetRivers,exp/fallback,0.374,0.2942788840683749,29.4,0.2816901408450704,4.469003844273079,4.5,0.2942788840683749,29.4,4.469003844273079,4.5,,,,,,,,,,,,,0.5,255.0,BetRivers,exp/fallback,0.4202499999999999,0.3103317250373697,31.0,0.2816901408450704,10.167762388266244,10.2,0.3103317250373697,31.0,10.167762388266244,10.2,,,,,,,,,,,,,False,False,False,True,False,,,Active roster,2026-10-02T00:14:24+00:00,False,[],2025-2026,,2026-09-24-frozen-v2,2026-10-02T00:14:28.971676+00:00,2026020015,8478498.0,PLAYER_ID,FINAL,0.0,L,OK,0.0,L,OK,4.0,W,OK,0.0,L,OK,0.0,L,OK,0.0,L,OK
2026-10-01,EDM@VAN,2026020015,9:00 PM,2026-10-02T02:00:00Z,Jamie Oleksiak,8476467,SEA,True,,2026-27,VAN,D,,Healthy,Unknown,,,2.0,0.0,,33.0,22.0,2026-10-02T00:13:56+00:00,EDM,Devon Levi,,,50.0,Confirmed,dailyfaceoff_name_only,22.4,5.0,22.4,5.0,,37.3,49.3,A1+A2,16.93,65.8,47.2,0.99,NONE,False,False,23.458639271933965,2.22263647167999,9.6,13.2,14.0,2.8,True,,,,,50.0,,,,,,,,,,,,,,,,,,,,,,,,,,,,,,,,,,,,,,,,0.6625798139679753,0.1019353559950731,,,0.0,2.466443398236635,2.4605092289198285,50.0,42.4,41.4,49.5,1.7,0.43,,,,,COOL,COOL,COOL,1.27,,COOL,Red,Red,Red,Red,49.0,38.0,38.0,43.0,POINTS,49.0,,,,,,,,Passenger,0.1,,88.0,,,0.0149572649572649,1.1666666666666667,0.0149572649572649,0.0008836375571208,0.1,0.1,0.0,0.0,0.0,7.968727923515283,8.893028671226896,88.0,34.5,False,,,,,,False,False,0.0,,False,0.0,,False,0.0,,,,,,,,,,,,,,,,,,,,,,,,,,,,,,,,,,,,,,,,,,,,,,,0.5,2500.0,Hard Rock Bet,,,,,,,,,,0.5,2500.0,Hard Rock Bet,0.5,2500.0,Fanatics,,,,,,,,,,0.5,2500.0,Fanatics,The Odds API,"[""Bally Bet"", ""BetMGM"", ""BetRivers"", ""Bovada"", ""Caesars"", ""Courtside"", ""DraftKings"", ""FanDuel"", ""Fanatics"", ""Fliff"", ""Hard Rock Bet""]",The Odds API,"[""Bally Bet"", ""BetMGM"", ""BetRivers"", ""Bovada"", ""Caesars"", ""Courtside"", ""DraftKings"", ""FanDuel"", ""Fanatics"", ""fanatics""]",,,,,,,,,,,,,,,,,,,,,,,,ALTLINE_NB_v1_2026-01-18,,,,league_avg,2.3,,,,,,,,,,,,,,,,,,,,,,,,,exp/fallback,0.1699999999999999,,,,,,,,,,,,,,,,,,,,,,,,,exp/fallback,0.127,,,,,,,,,,,,,,,,,,,,,,0.5,2500.0,Hard Rock Bet,exp/fallback,0.1972,0.1728826247012215,17.3,0.0384615384615384,349.49482422317595,349.5,0.1728826247012215,17.3,349.49482422317595,349.5,,,,,,,,,,,,,0.5,2500.0,Fanatics,exp/fallback,0.1329499999999999,0.1197209205617531,12.0,0.0384615384615384,211.2743934605581,211.3,0.1197209205617531,12.0,211.2743934605581,211.3,,,,,,,,,,,,,False,False,True,True,False,,,Active roster,2026-10-02T00:14:24+00:00,False,[],2025-2026,,2026-09-24-frozen-v2,2026-10-02T00:14:28.971676+00:00,2026020015,8476467.0,PLAYER_ID,FINAL,2.0,,NO_LINE,1.0,,NO_LINE,1.0,,NO_LINE,1.0,W,OK,1.0,W,OK,0.0,,NO_LINE
2026-10-01,EDM@VAN,2026020015,9:00 PM,2026-10-02T02:00:00Z,Jonathan Lekkerimäki,8483476,,,,,VAN,R,,Unknown,,,,,,,,,,,,,,,,,,,,,,,,,,,,,,,,,,,,,,,,,,,,,,,,,,,,,,,,,,,,,,,,,,,,,,,,,,,,,,,,,,,,,,,,,,,,,,,,,,,,,,,,,,,,,,,,,,,,,,,,,,,,,,,,,,,,,,,,,,,,,,,,,,,,,,,,,,,,,,,,,,,,,,,,,,,,,,,,,,,,,,,,,,,,,,,,,,,,,,,,,,,,,,,,,,,,,,,,,,,,,,,,,,,,,,,,,,,,,,,,,,,,,,,,,,,,,,,,,,,,,2.5,360.0,draftkings,,,,,,,,,,,,,,,,,,,,,,,,,,,,,,,,,,,,,,,,,,,,,,,,,,,,,,,,,,,,,,,,,,,,,,,,,,,,0.5,400.0,fanduel,,,,,,,,,,,,,,,,,,,,,,,,,,,,,,,,,,,,,,,,,,,,,,,,,,,,,,,,,Active roster,2026-10-02T00:14:24+00:00,True,[],Unavailable,True,2026-09-24-frozen-v2,2026-10-02T00:14:28.971676+00:00,2026020015,8483476.0,PLAYER_ID,FINAL,1.0,,NO_LINE,1.0,,NO_LINE,1.0,L,OK,0.0,L,OK,0.0,,NO_LINE,0.0,,NO_LINE
2026-10-01,EDM@VAN,2026020015,9:00 PM,2026-10-02T02:00:00Z,Liam Ohgren,8483499,VAN,False,,2026-27,VAN,L,,Healthy,Unknown,,,2.0,0.0,,33.0,22.0,2026-10-02T00:13:56+00:00,EDM,Devon Levi,,,50.0,Confirmed,dailyfaceoff_name_only,22.4,5.0,22.4,5.0,,56.4,49.3,A1+A2,13.17,36.3,49.9,1.0,NONE,False,False,23.458639271933965,2.22263647167999,9.6,13.2,14.0,2.8,True,,,,,50.0,,,,,,,,,,,,,,,,,,,,,,,,,,,,,,,,,,,,,,,,1.2185894627852336,0.4300903986300824,,,0.0,2.466443398236635,2.4605092289198285,50.0,42.4,55.2,49.5,2.5,1.05,,,,,COOL,COOL,COOL,1.45,,COOL,Red,Red,Red,Red,47.0,46.0,48.0,44.0,GOAL,48.0,,,,,,,C,Passenger,2.5,,88.0,,0.0,0.3268115942028985,22.55,0.3268115942028985,0.0248138502732641,2.5,2.5,0.5853658536585366,0.5853658536585366,0.0,7.968727923515283,8.893028671226896,88.0,49.4,False,,,,,,False,False,0.0,,False,0.0,,False,0.0,,1.5,148.0,BetRivers,,,,,,,,,,1.5,148.0,BetRivers,0.5,165.0,theScore Bet,1.5,1000.0,theScore Bet,2.5,4000.0,Fanatics,3.5,3500.0,BetOnline.ag,0.5,165.0,theScore Bet,0.5,280.0,Bovada,1.5,1700.0,Fanatics,2.5,3300.0,Bovada,,,,0.5,280.0,Bovada,0.5,450.0,theScore Bet,,,,,,,,,,0.5,450.0,theScore Bet,0.5,430.0,FanDuel,,,,,,,,,,0.5,430.0,FanDuel,The Odds API,"[""Bally Bet"", ""BetMGM"", ""BetRivers"", ""Bovada"", ""Caesars"", ""Courtside"", ""DraftKings"", ""FanDuel"", ""Fanatics"", ""Fliff"", ""Hard Rock Bet"", ""theScore Bet""]",The Odds API,"[""Bally Bet"", ""BetMGM"", ""BetRivers"", ""Bovada"", ""Caesars"", ""Courtside"", ""DraftKings"", ""FanDuel"", ""Fanatics"", ""fanduel""]",The Odds API,"[""Bally Bet"", ""BetOnline.ag"", ""BetRivers"", ""Bovada"", ""Caesars"", ""Courtside"", ""DraftKings"", ""Fanatics"", ""Fliff"", ""Hard Rock Bet"", ""ReBet"", ""draftkings"", ""theScore Bet""]",The Odds API,"[""Bally Bet"", ""BetRivers""]",The Odds API,"[""Bally Bet"", ""BetOnline.ag"", ""BetRivers"", ""Bovada"", ""Courtside"", ""DraftKings"", ""Fanatics"", ""Fliff"", ""Hard Rock Bet"", ""ReBet"", ""draftkings"", ""theScore Bet""]",0.5,750.0,Hard Rock Bet,,,,,,,,,,0.5,750.0,Hard Rock Bet,The Odds API,"[""Bovada"", ""Hard Rock Bet"", ""theScore Bet""]",ALTLINE_NB_v1_2026-01-18,1.5,148.0,BetRivers,league_avg,2.3,0.6001759479749428,60.0,0.4032258064516129,48.84363509778581,48.8,0.6001759479749428,60.0,48.84363509778581,48.8,,,,,,,,,,,,,0.5,165.0,theScore Bet,exp/fallback,0.25,0.2131057281081702,21.3,0.3773584905660377,-43.5269820513349,-43.5,0.2131057281081702,21.3,-43.5269820513349,-43.5,0.0322104931905081,3.2,-64.568457490441,-64.6,0.004140542944664,0.4,-83.02377392687744,-83.0,0.0004839210735578,0.0,-98.25788413519165,-98.3,0.5,280.0,Bovada,exp/fallback,0.145,0.1306285012578716,13.1,0.2631578947368421,-50.36116952200879,-50.4,0.1306285012578716,13.1,-50.36116952200879,-50.4,0.0130910958335281,1.3,-76.43602749964926,-76.4,0.0011729673114794,0.1,-96.01191114096996,-96.0,,,,,0.5,450.0,theScore Bet,exp/fallback,0.222,0.1915936438775691,19.2,0.1818181818181818,5.37650413266304,5.4,0.1915936438775691,19.2,5.37650413266304,5.4,,,,,,,,,,,,,0.5,430.0,FanDuel,exp/fallback,0.17325,0.1514027135600621,15.1,0.1886792452830188,-19.75656181316704,-19.8,0.1514027135600621,15.1,-19.75656181316704,-19.8,,,,,,,,,,,,,True,False,False,False,False,,,Active roster,2026-10-02T00:14:24+00:00,False,[],2025-2026,,2026-09-24-frozen-v2,2026-10-02T00:14:28.971676+00:00,2026020015,8483499.0,PLAYER_ID,FINAL,1.0,W,OK,1.0,W,OK,1.0,L,OK,0.0,L,OK,0.0,L,OK,0.0,L,OK
2026-10-01,EDM@VAN,2026020015,9:00 PM,2026-10-02T02:00:00Z,Linus Karlsson,8481024,VAN,False,"{""season"":""2026-27"",""games"":[{""d"":""2026-09-29"",""g"":0,""a"":1,""s"":2,""pp"":0,""h"":""R"",""toi"":""13:37""}]}",2026-27,VAN,C,,Healthy,Unknown,,,2.0,0.0,,33.0,22.0,2026-10-02T00:13:56+00:00,EDM,Devon Levi,,,50.0,Confirmed,dailyfaceoff_name_only,22.4,5.0,22.4,5.0,,82.6,71.0,A1+A2,12.51,33.4,68.7,1.08,NONE,False,False,23.458639271933965,2.22263647167999,9.6,13.2,14.0,2.8,True,,,2.0,,50.0,1.0,0.0,2.0,0.0,1.0,1.0,1.0,1.0,1.0,1.0,2.0,2.0,LOW,0.1,-0.4,LOW,0.05,,LOW,0.025,,LOW,0.1,,LOW,0.05,,LOW,0.025,,LOW,0.2,,LOW,0.1,,LOW,0.05,,2.039899177396979,0.5627308075577874,,,1.0,2.466443398236635,2.4605092289198285,50.0,42.4,70.9,49.5,5.15,2.43,,4.15,2.43,,HOT,WARM,COOL,2.72,1.72,WARM,Yellow,Yellow,Yellow,Yellow,65.0,60.0,63.0,61.0,POINTS,65.0,0.0,0.0,1.0,1.0,0.0,1.0,B,Shooter,10.2,,88.0,,1.0,1.2744725738396625,100.68333333333334,1.2744725738396625,0.1018426420756275,10.2,10.2,3.247806654527396,2.234729349445456,1.1918556530375766,7.968727923515283,8.893028671226896,88.0,71.6,False,,,,🅿️ D:0,,False,False,1.0,,False,0.0,,False,0.0,,1.5,115.0,theScore Bet,2.5,320.0,theScore Bet,3.5,900.0,Fanatics,4.5,1700.0,BetOnline.ag,1.5,115.0,theScore Bet,0.5,175.0,BetRivers,1.5,900.0,BetRivers,,,,,,,0.5,175.0,BetRivers,,,,,,,,,,,,,,,,0.5,475.0,Hard Rock Bet,,,,,,,,,,0.5,475.0,Hard Rock Bet,0.5,450.0,BetRivers,,,,,,,,,,0.5,450.0,BetRivers,The Odds API,"[""Bally Bet"", ""BetMGM"", ""BetRivers"", ""Bovada"", ""Caesars"", ""Courtside"", ""DraftKings"", ""FanDuel"", ""Fanatics"", ""Fliff"", ""Hard Rock Bet"", ""theScore Bet""]",The Odds API,"[""Bally Bet"", ""BetMGM"", ""BetRivers"", ""Bovada"", ""Caesars"", ""Courtside"", ""DraftKings"", ""FanDuel"", ""Fanatics"", ""betrivers""]",The Odds API,"[""Bally Bet"", ""BetRivers""]",The Odds API,"[""Bally Bet"", ""BetOnline.ag"", ""BetRivers"", ""Courtside"", ""DraftKings"", ""Fanatics"", ""Fliff"", ""Hard Rock Bet"", ""ReBet"", ""theScore Bet""]",,,0.5,650.0,Hard Rock Bet,,,,,,,,,,0.5,650.0,Hard Rock Bet,The Odds API,"[""Bovada"", ""Hard Rock Bet"", ""theScore Bet""]",ALTLINE_NB_v1_2026-01-18,1.5,115.0,theScore Bet,exp/fallback,0.2,0.0205922919144261,2.1,0.4651162790697674,-95.57265723839838,-95.6,0.0205922919144261,2.1,-95.57265723839838,-95.6,0.0019369069985104,0.2,-99.1864990606256,-99.2,0.0001602036731851,0.0,-99.83979632681483,-99.8,1.2145062741386605e-05,0.0,-99.9781388870655,-100.0,0.5,175.0,BetRivers,exp/fallback,0.515,0.3771836945025713,37.7,0.3636363636363636,3.725515988207096,3.7,0.3771836945025713,37.7,3.725515988207096,3.7,0.1054189011696538,10.5,5.4189011696538,5.4,,,,,,,,,,,,exp/fallback,0.272,,,,,,,,,,,,,,,,,,,,,,0.5,475.0,Hard Rock Bet,exp/fallback,0.2079,0.1810291084227739,18.1,0.1739130434782608,4.091737343095037,4.1,0.1810291084227739,18.1,4.091737343095037,4.1,,,,,,,,,,,,,0.5,450.0,BetRivers,exp/fallback,0.1972125,0.1693596198361867,16.9,0.1818181818181818,-6.852209090097283,-6.9,0.1693596198361867,16.9,-6.852209090097283,-6.9,,,,,,,,,,,,,False,False,False,False,False,,,Active roster,2026-10-02T00:14:24+00:00,False,[],2025-2026,,2026-09-24-frozen-v2,2026-10-02T00:14:28.971676+00:00,2026020015,8481024.0,PLAYER_ID,FINAL,0.0,L,OK,0.0,,NO_LINE,1.0,L,OK,0.0,L,OK,0.0,L,OK,0.0,L,OK
2026-10-01,EDM@VAN,2026020015,9:00 PM,2026-10-02T02:00:00Z,Luke Schenn,8474568,BUF,True,,2026-27,VAN,D,,Healthy,Unknown,,,2.0,0.0,,33.0,22.0,2026-10-02T00:13:56+00:00,EDM,Devon Levi,,,50.0,Confirmed,dailyfaceoff_name_only,22.4,5.0,22.4,5.0,,23.9,37.3,A1+A2,13.66,39.9,31.8,0.94,NONE,False,False,23.458639271933965,2.22263647167999,9.6,13.2,14.0,2.8,True,,,,,50.0,,,,,,,,,,,,,,,,,,,,,,,,,,,,,,,,,,,,,,,,0.7201028718388341,0.3086155165023574,,,0.0,2.466443398236635,2.4605092289198285,50.0,42.4,43.2,49.5,1.36,0.23,,,,,COOL,COOL,COOL,1.13,,COOL,Red,Red,Red,Red,40.0,29.0,29.0,34.0,POINTS,40.0,,,,,,,,Passenger,0.0,,88.0,,,0.0016666666666666,0.0833333333333333,0.0016666666666666,0.0001219690686441,0.0,0.0,0.0,0.0,0.0,7.968727923515283,8.893028671226896,88.0,29.9,False,,,,,,False,False,0.0,,False,0.0,,False,0.0,,,,,,,,,,,,,,,,,,,,,,,,,,,,,,,,,,,,,,,,,,,,,,,0.5,2500.0,DraftKings,,,,,,,,,,0.5,2500.0,DraftKings,0.5,2500.0,DraftKings,,,,,,,,,,0.5,2500.0,DraftKings,The Odds API,"[""Bally Bet"", ""BetMGM"", ""BetRivers"", ""Bovada"", ""Caesars"", ""Courtside"", ""DraftKings"", ""FanDuel"", ""Fanatics"", ""Fliff"", ""Hard Rock Bet"", ""theScore Bet""]",The Odds API,"[""Bally Bet"", ""BetMGM"", ""BetRivers"", ""Bovada"", ""Caesars"", ""Courtside"", ""DraftKings"", ""FanDuel"", ""Fanatics"", ""fanatics""]",,,,,,,,,,,,,,,,,,,,,,,,ALTLINE_NB_v1_2026-01-18,,,,league_avg,2.3,,,,,,,,,,,,,,,,,,,,,,,,,exp/fallback,0.136,,,,,,,,,,,,,,,,,,,,,,,,,exp/fallback,0.1129999999999999,,,,,,,,,,,,,,,,,,,,,,0.5,2500.0,DraftKings,exp/fallback,0.1891999999999999,0.1667174922437593,16.7,0.0384615384615384,333.46547983377417,333.5,0.1667174922437593,16.7,333.46547983377417,333.5,,,,,,,,,,,,,0.5,2500.0,DraftKings,exp/fallback,0.11995,0.1090826126054619,10.9,0.0384615384615384,183.614792774201,183.6,0.1090826126054619,10.9,183.614792774201,183.6,,,,,,,,,,,,,False,False,True,True,False,,,Active roster,2026-10-02T00:14:24+00:00,False,[],2025-2026,,2026-09-24-frozen-v2,2026-10-02T00:14:28.971676+00:00,2026020015,8474568.0,PLAYER_ID,FINAL,1.0,,NO_LINE,1.0,,NO_LINE,0.0,,NO_LINE,0.0,L,OK,0.0,L,OK,0.0,,NO_LINE
2026-10-01,EDM@VAN,2026020015,9:00 PM,2026-10-02T02:00:00Z,Marco Rossi,8482079,VAN,False,"{""season"":""2026-27"",""games"":[{""d"":""2026-09-29"",""g"":1,""a"":0,""s"":1,""pp"":0,""h"":""R"",""toi"":""15:01""}]}",2026-27,VAN,C,,Healthy,Unknown,,,2.0,1.0,🟢 ROLE+,33.0,22.0,2026-10-02T00:13:56+00:00,EDM,Devon Levi,,,50.0,Confirmed,dailyfaceoff_name_only,22.4,5.0,22.4,5.0,,62.9,76.4,A1+A2,17.48,70.9,69.3,1.08,NONE,False,False,23.458639271933965,2.22263647167999,9.6,13.2,14.0,2.8,True,,,1.0,,50.0,1.0,1.0,1.0,1.0,0.0,0.0,1.0,1.0,0.0,0.0,1.0,1.0,LOW,0.1,-0.4,LOW,0.05,,LOW,0.025,,LOW,0.0,,LOW,0.0,,LOW,0.0,,LOW,0.1,,LOW,0.05,,LOW,0.025,,1.6553326395779386,0.4356138525205101,,,0.0,2.466443398236635,2.4605092289198285,50.0,42.4,65.2,49.5,6.86,1.91,,5.86,0.91,,HOT,COOL,COOL,5.44,4.95,HOT,Yellow,Red,Red,Yellow,73.0,54.0,57.0,69.0,POINTS,73.0,0.0,1.0,0.0,1.0,0.0,1.0,B,Distributor,13.1,,88.0,,1.0,2.29,114.5,2.29,0.1310443490701001,13.1,13.1,4.110917030567686,0.3248908296943231,4.454148471615721,7.968727923515283,8.893028671226896,88.0,88.9,False,,,,🅿️ D:0,,False,False,0.0,,False,0.0,,False,0.0,,1.5,-110.0,BetRivers,2.5,260.0,DraftKings,3.5,650.0,Fanatics,4.5,1800.0,DraftKings,1.5,-110.0,BetRivers,0.5,120.0,Hard Rock Bet,1.5,550.0,Bovada,2.5,2200.0,Fanatics,3.5,4200.0,BetOnline.ag,0.5,120.0,Hard Rock Bet,0.5,230.0,Hard Rock Bet,1.5,1100.0,DraftKings,2.5,3300.0,Bovada,,,,0.5,230.0,Hard Rock Bet,0.5,350.0,FanDuel,,,,,,,,,,0.5,350.0,FanDuel,0.5,350.0,FanDuel,,,,,,,,,,0.5,350.0,FanDuel,The Odds API,"[""Bally Bet"", ""BetMGM"", ""BetRivers"", ""Bovada"", ""Caesars"", ""Courtside"", ""DraftKings"", ""FanDuel"", ""Fanatics"", ""Fliff"", ""Hard Rock Bet"", ""theScore Bet""]",The Odds API,"[""Bally Bet"", ""BetMGM"", ""BetRivers"", ""Bovada"", ""Caesars"", ""Courtside"", ""DraftKings"", ""FanDuel"", ""Fanatics"", ""betrivers""]",The Odds API,"[""Bally Bet"", ""BetOnline.ag"", ""BetRivers"", ""Bovada"", ""Caesars"", ""Courtside"", ""DraftKings"", ""FanDuel"", ""Fanatics"", ""Fliff"", ""Hard Rock Bet"", ""ReBet"", ""draftkings"", ""theScore Bet""]",The Odds API,"[""Bally Bet"", ""BetOnline.ag"", ""BetRivers"", ""Courtside"", ""DraftKings"", ""FanDuel"", ""Fanatics"", ""Fliff"", ""ReBet""]",The Odds API,"[""Bally Bet"", ""BetOnline.ag"", ""BetRivers"", ""Bovada"", ""Courtside"", ""DraftKings"", ""FanDuel"", ""Fanatics"", ""Fliff"", ""Hard Rock Bet"", ""ReBet"", ""draftkings"", ""theScore Bet""]",0.5,500.0,Hard Rock Bet,,,,,,,,,,0.5,500.0,Hard Rock Bet,The Odds API,"[""Bovada"", ""Hard Rock Bet"", ""theScore Bet""]",ALTLINE_NB_v1_2026-01-18,1.5,-110.0,BetRivers,exp/fallback,0.1,0.0056639264392934,0.6,0.5238095238095238,-98.91870495249852,-98.9,0.0056639264392934,0.6,-98.91870495249852,-98.9,0.0002745710270403,0.0,-99.90115443026548,-99.9,1.167564107673602e-05,0.0,-99.99124326919244,-100.0,1.0000000000287557e-06,0.0,-99.99809999999997,-100.0,0.5,120.0,Hard Rock Bet,exp/fallback,0.686,0.459269538604529,45.9,0.4545454545454545,1.0392984929963769,1.0,0.459269538604529,45.9,1.0392984929963769,1.0,0.1601476157617799,16.0,4.0959502451569545,4.1,0.0484562954066997,4.8,11.449479435409335,11.4,0.0134444904990055,1.3,-42.1886908542762,-42.2,0.5,230.0,Hard Rock Bet,exp/fallback,0.544,0.3819469166567778,38.2,0.303030303030303,26.042482496736675,26.0,0.3819469166567778,38.2,26.042482496736675,26.0,0.1176223275540161,11.8,41.14679306481936,41.1,0.0328389687852057,3.3,11.652493869699576,11.7,,,,,0.5,350.0,FanDuel,exp/fallback,0.1923,0.1691140912845741,16.9,0.2222222222222222,-23.898658921941653,-23.9,0.1691140912845741,16.9,-23.898658921941653,-23.9,,,,,,,,,,,,,0.5,350.0,FanDuel,exp/fallback,0.1718625,0.1503433678611176,15.0,0.2222222222222222,-32.34548446249704,-32.3,0.1503433678611176,15.0,-32.34548446249704,-32.3,,,,,,,,,,,,,False,False,False,False,True,,,Active roster,2026-10-02T00:14:24+00:00,False,[],2025-2026,,2026-09-24-frozen-v2,2026-10-02T00:14:28.971676+00:00,2026020015,8482079.0,PLAYER_ID,FINAL,3.0,W,OK,1.0,W,OK,4.0,W,OK,2.0,W,OK,2.0,W,OK,1.0,W,OK
2026-10-01,EDM@VAN,2026020015,9:00 PM,2026-10-02T02:00:00Z,Max Sasson,8484136,VAN,False,,2026-27,VAN,C,,Healthy,Unknown,,,2.0,0.0,,33.0,22.0,2026-10-02T00:13:56+00:00,EDM,Devon Levi,,,50.0,Confirmed,dailyfaceoff_name_only,22.4,5.0,22.4,5.0,,56.2,37.3,A1+A2,11.72,25.9,43.5,0.97,NONE,False,False,23.458639271933965,2.22263647167999,9.6,13.2,14.0,2.8,True,,,,,50.0,,,,,,,,,,,,,,,,,,,,,,,,,,,,,,,,,,,,,,,,1.3280151246166971,0.2490028358656306,,,0.0,2.466443398236635,2.4605092289198285,50.0,42.4,58.6,49.5,1.94,1.05,,,,,COOL,COOL,COOL,0.89,,COOL,Red,Red,Red,Red,40.0,45.0,47.0,38.0,GOAL,47.0,,,,,,,C,Passenger,3.4,,88.0,,0.0,0.4027777777777777,26.58333333333333,0.4027777777777777,0.0343698148986144,3.4,3.4,2.031347962382445,0.1128526645768025,2.2570532915360504,7.968727923515283,8.893028671226896,88.0,68.5,False,,,,,,False,False,0.0,,False,0.0,,False,0.0,,,,,,,,,,,,,,,,,,,,,,,,,,,,,,,,,,,,,,,,,,,,,,,0.5,700.0,theScore Bet,,,,,,,,,,0.5,700.0,theScore Bet,0.5,600.0,FanDuel,,,,,,,,,,0.5,600.0,FanDuel,The Odds API,"[""Bally Bet"", ""BetMGM"", ""BetRivers"", ""Bovada"", ""Caesars"", ""Courtside"", ""DraftKings"", ""FanDuel"", ""Fanatics"", ""Fliff"", ""Hard Rock Bet"", ""theScore Bet""]",The Odds API,"[""Bally Bet"", ""BetMGM"", ""BetRivers"", ""Bovada"", ""Caesars"", ""Courtside"", ""DraftKings"", ""FanDuel"", ""Fanatics"", ""fanduel""]",,,,,,,,,,,,,,,,,,,,,,,,ALTLINE_NB_v1_2026-01-18,,,,league_avg,2.3,,,,,,,,,,,,,,,,,,,,,,,,,exp/fallback,0.194,,,,,,,,,,,,,,,,,,,,,,,,,exp/fallback,0.089,,,,,,,,,,,,,,,,,,,,,,0.5,700.0,theScore Bet,exp/fallback,0.222,0.1915936438775691,19.2,0.125,53.27491510205533,53.3,0.1915936438775691,19.2,53.27491510205533,53.3,,,,,,,,,,,,,0.5,600.0,FanDuel,exp/fallback,0.17325,0.1514027135600621,15.1,0.1428571428571428,5.98189949204353,6.0,0.1514027135600621,15.1,5.98189949204353,6.0,,,,,,,,,,,,,False,False,True,False,False,,,Active roster,2026-10-02T00:14:24+00:00,False,[],2025-2026,,2026-09-24-frozen-v2,2026-10-02T00:14:28.971676+00:00,2026020015,8484136.0,PLAYER_ID,FINAL,0.0,,NO_LINE,0.0,,NO_LINE,0.0,,NO_LINE,0.0,L,OK,0.0,L,OK,0.0,,NO_LINE
2026-10-01,EDM@VAN,2026020015,9:00 PM,2026-10-02T02:00:00Z,Paul Cotter,8481032,NJD,True,,2026-27,VAN,L,,Healthy,Unknown,,,2.0,0.0,,33.0,22.0,2026-10-02T00:13:56+00:00,EDM,Devon Levi,,,50.0,Confirmed,dailyfaceoff_name_only,22.4,5.0,22.4,5.0,,63.5,37.3,A1+A2,10.68,19.3,45.5,0.98,NONE,False,False,23.458639271933965,2.22263647167999,9.6,13.2,14.0,2.8,True,,,,,50.0,,,,,,,,,,,,,,,,,,,,,,,,,,,,,,,,,,,,,,,,0.6583091208322328,0.1462909157404961,,,0.0,2.466443398236635,2.4605092289198285,50.0,42.4,41.1,49.5,1.87,1.13,,,,,COOL,COOL,COOL,0.75,,COOL,Red,Red,Red,Red,38.0,49.0,54.0,35.0,GOAL,54.0,,,,,,,,Passenger,1.4,,88.0,,,0.150632911392405,11.9,0.150632911392405,0.0141070475964673,1.4,1.4,4.626050420168067,1.411764705882353,3.7815126050420167,7.968727923515283,8.893028671226896,88.0,70.6,False,,,,,,False,False,0.0,,False,0.0,,False,0.0,,,,,,,,,,,,,,,,,,,,,,,,,,,,,,,,,,,,,,,,,,,,,,,0.5,800.0,Fanatics,,,,,,,,,,0.5,800.0,Fanatics,0.5,800.0,Fanatics,,,,,,,,,,0.5,800.0,Fanatics,The Odds API,"[""Bally Bet"", ""BetMGM"", ""BetRivers"", ""Bovada"", ""Caesars"", ""Courtside"", ""DraftKings"", ""FanDuel"", ""Fanatics"", ""Fliff"", ""Hard Rock Bet"", ""theScore Bet""]",The Odds API,"[""Bally Bet"", ""BetMGM"", ""BetRivers"", ""Bovada"", ""Caesars"", ""Courtside"", ""DraftKings"", ""FanDuel"", ""Fanatics"", ""fanatics""]",,,,,,,,,,,,,,,,,,,,,,,,ALTLINE_NB_v1_2026-01-18,,,,league_avg,2.3,,,,,,,,,,,,,,,,,,,,,,,,,exp/fallback,0.187,,,,,,,,,,,,,,,,,,,,,,,,,exp/fallback,0.075,,,,,,,,,,,,,,,,,,,,,,0.5,800.0,Fanatics,exp/fallback,0.2251999999999999,0.1939646832341097,19.4,0.1111111111111111,74.56821491069879,74.6,0.1939646832341097,19.4,74.56821491069879,74.6,,,,,,,,,,,,,0.5,800.0,Fanatics,exp/fallback,0.17845,0.155353551950732,15.5,0.1111111111111111,39.81819675565888,39.8,0.155353551950732,15.5,39.81819675565888,39.8,,,,,,,,,,,,,False,False,True,True,False,,,Active roster,2026-10-02T00:14:24+00:00,False,[],2025-2026,,2026-09-24-frozen-v2,2026-10-02T00:14:28.971676+00:00,2026020015,8481032.0,PLAYER_ID,FINAL,2.0,,NO_LINE,1.0,,NO_LINE,1.0,,NO_LINE,1.0,W,OK,1.0,W,OK,0.0,,NO_LINE
2026-10-01,EDM@VAN,2026020015,9:00 PM,2026-10-02T02:00:00Z,Tom Willander,8484240,VAN,False,,2026-27,VAN,D,,Healthy,Unknown,,,2.0,0.0,,33.0,22.0,2026-10-02T00:13:56+00:00,EDM,Devon Levi,,,50.0,Confirmed,dailyfaceoff_name_only,22.4,5.0,22.4,5.0,,37.3,63.9,A1+A2,16.99,66.6,52.5,1.01,NONE,False,False,23.458639271933965,2.22263647167999,9.6,13.2,14.0,2.8,True,,,,,50.0,,,,,,,,,,,,,,,,,,,,,,,,,,,,,,,,,,,,,,,,0.6915762174622995,0.2305254058207665,,,0.0,2.466443398236635,2.4605092289198285,50.0,42.4,42.0,49.5,2.8,0.49,,,,,COOL,COOL,COOL,2.31,,COOL,Red,Red,Red,Red,56.0,38.0,38.0,49.0,POINTS,56.0,,,,,,,B,Distributor,6.6,,88.0,,1.0,1.1285714285714286,79.0,1.1285714285714286,0.0664274903301754,6.6,6.6,2.0620253164556965,0.4481012658227848,1.89873417721519,7.968727923515283,8.893028671226896,88.0,70.2,False,,,,,,False,False,0.0,,False,0.0,,False,0.0,,,,,,,,,,,,,,,,,0.5,185.0,BetRivers,,,,,,,,,,0.5,185.0,BetRivers,0.5,230.0,BetRivers,,,,,,,,,,0.5,230.0,BetRivers,0.5,1200.0,DraftKings,,,,,,,,,,0.5,1200.0,DraftKings,0.5,1200.0,DraftKings,,,,,,,,,,0.5,1200.0,DraftKings,The Odds API,"[""Bally Bet"", ""BetMGM"", ""BetRivers"", ""Bovada"", ""Caesars"", ""Courtside"", ""DraftKings"", ""FanDuel"", ""Fanatics"", ""Fliff"", ""Hard Rock Bet"", ""theScore Bet""]",The Odds API,"[""Bally Bet"", ""BetMGM"", ""BetRivers"", ""Bovada"", ""Caesars"", ""Courtside"", ""DraftKings"", ""FanDuel"", ""Fanatics"", ""betmgm""]",The Odds API,"[""Bally Bet"", ""BetRivers""]",,,The Odds API,"[""Bally Bet"", ""BetRivers""]",,,,,,,,,,,,,,,,,,ALTLINE_NB_v1_2026-01-18,,,,league_avg,2.3,,,,,,,,,,,,,,,,,,,,,,0.5,185.0,BetRivers,exp/fallback,0.2799999999999999,0.2344151794929198,23.4,0.3508771929824561,-33.19167384451786,-33.2,0.2344151794929198,23.4,-33.19167384451786,-33.2,,,,,,,,,,,,,0.5,230.0,BetRivers,exp/fallback,0.231,0.1963612846245228,19.6,0.303030303030303,-35.20077607390746,-35.2,0.1963612846245228,19.6,-35.20077607390746,-35.2,,,,,,,,,,,,,0.5,1200.0,DraftKings,exp/fallback,0.1996,0.1747197101147712,17.5,0.0769230769230769,127.13562314920266,127.1,0.1747197101147712,17.5,127.13562314920266,127.1,,,,,,,,,,,,,0.5,1200.0,DraftKings,exp/fallback,0.13685,0.1228715960535401,12.3,0.0769230769230769,59.73307486960218,59.7,0.1228715960535401,12.3,59.73307486960218,59.7,,,,,,,,,,,,,False,False,True,True,False,,,Active roster,2026-10-02T00:14:24+00:00,False,[],2025-2026,,2026-09-24-frozen-v2,2026-10-02T00:14:28.971676+00:00,2026020015,8484240.0,PLAYER_ID,FINAL,1.0,W,OK,1.0,W,OK,0.0,,NO_LINE,0.0,L,OK,0.0,L,OK,0.0,,NO_LINE
2026-10-01,EDM@VAN,2026020015,9:00 PM,2026-10-02T02:00:00Z,Victor Mancini,8483768,VAN,False,,2026-27,VAN,D,,Healthy,Unknown,,,2.0,0.0,,33.0,22.0,2026-10-02T00:13:56+00:00,EDM,Devon Levi,,,50.0,Confirmed,dailyfaceoff_name_only,22.4,5.0,22.4,5.0,,15.5,28.5,A1+A2,13.73,41.1,25.1,0.94,NONE,False,False,23.458639271933965,2.22263647167999,9.6,13.2,14.0,2.8,True,,,,,50.0,,,,,,,,,,,,,,,,,,,,,,,,,,,,,,,,,,,,,,,,0.5694400506168934,0.5694400506168934,,,0.0,2.466443398236635,2.4605092289198285,50.0,42.4,39.3,49.5,1.36,0.18,,,,,COOL,COOL,COOL,1.17,,COOL,Red,Red,Red,Red,35.0,24.0,24.0,28.0,POINTS,35.0,,,,,,,C,Passenger,0.7,,88.0,,0.0,0.0979166666666666,2.35,0.0979166666666666,0.0071291333805238,0.7,0.7,1.0212765957446808,1.0212765957446808,0.0,7.968727923515283,8.893028671226896,88.0,44.5,False,,,,,,False,False,0.0,,False,0.0,,False,0.0,,,,,,,,,,,,,,,,,,,,,,,,,,,,,,,,,,,,,,,,,,,,,,,,,,,,,,,,,,,,,,,,,,,,,,,,,,,,,,,,,,,,,,,,,,,,,,,,,,,,,,,,ALTLINE_NB_v1_2026-01-18,,,,league_avg,2.3,,,,,,,,,,,,,,,,,,,,,,,,,exp/fallback,0.136,,,,,,,,,,,,,,,,,,,,,,,,,exp/fallback,0.1169999999999999,,,,,,,,,,,,,,,,,,,,,,,,,exp/fallback,0.1872,,,,,,,,,,,,,,,,,,,,,,,,,exp/fallback,0.1167,,,,,,,,,,,,,,,,,,,,,,False,False,False,False,False,,,Active roster,2026-10-02T00:14:24+00:00,False,[],2025-2026,,2026-09-24-frozen-v2,2026-10-02T00:14:28.971676+00:00,2026020015,,,NO_PLAYER,,,NO_PLAYER,,,NO_PLAYER,,,NO_PLAYER,,,NO_PLAYER,,,NO_PLAYER,,,NO_PLAYER
2026-10-01,EDM@VAN,2026020015,9:00 PM,2026-10-02T02:00:00Z,Zeev Buium,8484798,VAN,False,"{""season"":""2026-27"",""games"":[{""d"":""2026-09-29"",""g"":0,""a"":0,""s"":1,""pp"":0,""h"":""R"",""toi"":""22:46""}]}",2026-27,VAN,D,,Healthy,Unknown,,,2.0,1.0,🟢 ROLE+,33.0,22.0,2026-10-02T00:13:56+00:00,EDM,Devon Levi,,,50.0,Confirmed,dailyfaceoff_name_only,22.4,5.0,22.4,5.0,,45.5,71.0,A1+A2,19.58,85.3,62.4,1.05,NONE,False,False,23.458639271933965,2.22263647167999,9.6,13.2,14.0,2.8,True,,,1.0,,50.0,0.0,0.0,1.0,0.0,0.0,0.0,0.0,0.0,0.0,0.0,1.0,1.0,LOW,0.0,-0.5,LOW,0.0,,LOW,0.0,,LOW,0.0,,LOW,0.0,,LOW,0.0,,LOW,0.1,,LOW,0.05,,LOW,0.025,,0.6217120994739359,0.2391200382592061,,,0.0,2.466443398236635,2.4605092289198285,50.0,42.4,40.3,49.5,3.39,0.63,,3.39,0.63,,HOT,COOL,COOL,2.76,2.76,HOT,Yellow,Red,Red,Yellow,67.0,46.0,46.0,60.0,POINTS,67.0,1.0,1.0,1.0,1.0,0.0,1.0,A,Distributor,11.4,,88.0,,2.0,2.2353070175438594,169.88333333333333,2.2353070175438594,0.1141829750529299,11.4,11.4,2.451093887962327,0.349651721769842,2.472284901402924,7.968727923515283,8.893028671226896,88.0,81.1,False,,,,🅿️ D:1,,False,False,0.0,,False,0.0,,False,0.0,,1.5,135.0,theScore Bet,2.5,390.0,Fanatics,3.5,1200.0,DraftKings,4.5,1350.0,BetOnline.ag,1.5,135.0,theScore Bet,0.5,160.0,Fanatics,1.5,900.0,Fanatics,2.5,4000.0,Fanatics,3.5,3400.0,BetOnline.ag,0.5,160.0,Fanatics,0.5,225.0,BetOnline.ag,1.5,1400.0,BetOnline.ag,2.5,2000.0,Bovada,,,,0.5,225.0,BetOnline.ag,0.5,900.0,DraftKings,,,,,,,,,,0.5,900.0,DraftKings,0.5,900.0,DraftKings,,,,,,,,,,0.5,900.0,DraftKings,The Odds API,"[""Bally Bet"", ""BetMGM"", ""BetRivers"", ""Bovada"", ""Caesars"", ""Courtside"", ""DraftKings"", ""FanDuel"", ""Fanatics"", ""Fliff"", ""Hard Rock Bet"", ""theScore Bet""]",The Odds API,"[""Bally Bet"", ""BetMGM"", ""BetRivers"", ""Bovada"", ""Caesars"", ""Courtside"", ""DraftKings"", ""FanDuel"", ""Fanatics"", ""fanatics""]",The Odds API,"[""Bally Bet"", ""BetOnline.ag"", ""BetRivers"", ""Bovada"", ""Caesars"", ""Courtside"", ""DraftKings"", ""FanDuel"", ""Fanatics"", ""Fliff"", ""Hard Rock Bet"", ""ReBet"", ""draftkings"", ""theScore Bet""]",The Odds API,"[""Bally Bet"", ""BetOnline.ag"", ""BetRivers"", ""Courtside"", ""DraftKings"", ""FanDuel"", ""Fanatics"", ""Fliff"", ""Hard Rock Bet"", ""ReBet"", ""theScore Bet""]",The Odds API,"[""Bally Bet"", ""BetOnline.ag"", ""BetRivers"", ""Bovada"", ""Courtside"", ""DraftKings"", ""FanDuel"", ""Fanatics"", ""Fliff"", ""ReBet"", ""draftkings"", ""theScore Bet""]",0.5,285.0,BetRivers,,,,,,,,,,0.5,285.0,BetRivers,The Odds API,"[""Bally Bet"", ""BetRivers"", ""Bovada"", ""Fliff"", ""Hard Rock Bet"", ""theScore Bet""]",ALTLINE_NB_v1_2026-01-18,1.5,135.0,theScore Bet,exp/fallback,0.1,0.0056639264392934,0.6,0.425531914893617,-98.66897728676604,-98.7,0.0056639264392934,0.6,-98.66897728676604,-98.7,0.0002745710270403,0.0,-99.86546019675023,-99.9,1.167564107673602e-05,0.0,-99.98482166660024,-100.0,1.0000000000287557e-06,0.0,-99.99854999999997,-100.0,0.5,160.0,Fanatics,exp/fallback,0.339,0.2741052803743797,27.4,0.3846153846153846,-28.73262710266126,-28.7,0.2741052803743797,27.4,-28.73262710266126,-28.7,0.0541273516629102,5.4,-45.87264833708973,-45.9,0.009129855093472,0.9,-62.56759411676446,-62.6,0.001402666883586,0.1,-95.09066590744888,-95.1,0.5,225.0,BetOnline.ag,exp/fallback,0.2759999999999999,0.2278254638452437,22.8,0.3076923076923077,-25.956724250295792,-26.0,0.2278254638452437,22.8,-25.956724250295792,-26.0,0.0405493900502413,4.1,-39.17591492463792,-39.2,0.0064842342720643,0.6,-86.38310802866486,-86.4,,,,,0.5,900.0,DraftKings,exp/fallback,0.1538999999999999,0.1387313573726867,13.9,0.1,38.73135737268672,38.7,0.1387313573726867,13.9,38.73135737268672,38.7,,,,,,,,,,,,,0.5,900.0,DraftKings,exp/fallback,0.1094624999999999,0.1003448222178493,10.0,0.1,0.3448222178493498,0.3,0.1003448222178493,10.0,0.3448222178493498,0.3,,,,,,,,,,,,,False,False,True,False,False,,,Active roster,2026-10-02T00:14:24+00:00,False,[],2025-2026,,2026-09-24-frozen-v2,2026-10-02T00:14:28.971676+00:00,2026020015,8484798.0,PLAYER_ID,FINAL,0.0,L,OK,0.0,L,OK,3.0,W,OK,0.0,L,OK,0.0,L,OK,0.0,L,OK
2026-10-01,FLA@SJS,2026020016,9:00 PM,2026-10-02T02:00:00Z,Aaron Ekblad,8477932,FLA,False,"{""season"":""2026-27"",""games"":[{""d"":""2026-09-29"",""g"":0,""a"":0,""s"":0,""pp"":0,""h"":""R"",""toi"":""20:17""}]}",2026-27,FLA,D,,Healthy,Unknown,,,2.0,1.0,🟢 ROLE+,33.0,22.0,2026-10-02T00:13:56+00:00,SJS,Yaroslav Askarov,0.88301043219076,3.6279840040054174,91.0,Confirmed,dailyfaceoff_name_and_stats,26.0,4.0,26.0,4.0,,51.8,74.9,A1+A2,22.48,95.5,68.6,1.07,NONE,False,False,25.61660448155363,2.480733882928602,39.3,53.0,16.0,3.2,True,,,0.0,,50.0,0.0,0.0,0.0,0.0,0.0,0.0,0.0,0.0,0.0,0.0,0.0,0.0,LOW,0.0,-0.5,LOW,0.0,,LOW,0.0,,LOW,0.0,,LOW,0.0,,LOW,0.0,,LOW,0.0,,LOW,0.0,,LOW,0.0,,0.7981487383430099,0.3491900730250669,,,0.0,2.5630753784688656,2.50915834498438,50.0,73.8,45.1,73.8,4.16,0.88,,4.16,0.88,,HOT,COOL,COOL,3.28,3.28,HOT,Yellow,Red,Red,Yellow,79.0,55.0,56.0,72.0,POINTS,79.0,1.0,1.0,1.0,1.0,0.0,1.0,B,Distributor,9.0,,87.8,,1.0,2.0127314814814814,144.91666666666666,2.0127314814814814,0.0895431702092601,9.0,9.0,1.7968947671075333,0.7411155836687753,1.242093156986774,8.328119961302805,7.946608826228414,87.8,69.3,False,,,,🅿️ D:1,,False,False,1.0,,False,0.0,,False,0.0,,1.5,128.0,BetRivers,2.5,340.0,theScore Bet,3.5,950.0,Fanatics,4.5,2100.0,BetOnline.ag,1.5,128.0,BetRivers,0.5,170.0,Bovada,1.5,1100.0,Bovada,2.5,4000.0,Fanatics,3.5,3400.0,BetOnline.ag,0.5,170.0,Bovada,0.5,210.0,Hard Rock Bet,1.5,1300.0,Fanatics,2.5,3300.0,Bovada,,,,0.5,210.0,Hard Rock Bet,0.5,800.0,FanDuel,,,,,,,,,,0.5,800.0,FanDuel,0.5,800.0,FanDuel,,,,,,,,,,0.5,800.0,FanDuel,The Odds API,"[""Bally Bet"", ""BetMGM"", ""BetRivers"", ""Bovada"", ""Caesars"", ""Courtside"", ""DraftKings"", ""FanDuel"", ""Fanatics"", ""Fliff"", ""Hard Rock Bet"", ""theScore Bet""]",The Odds API,"[""Bally Bet"", ""BetMGM"", ""BetRivers"", ""Bovada"", ""Caesars"", ""Courtside"", ""DraftKings"", ""FanDuel"", ""Fanatics"", ""fanduel""]",The Odds API,"[""Bally Bet"", ""BetOnline.ag"", ""BetRivers"", ""Bovada"", ""Caesars"", ""Courtside"", ""DraftKings"", ""Fanatics"", ""Fliff"", ""Hard Rock Bet"", ""ReBet"", ""draftkings"", ""theScore Bet""]",The Odds API,"[""Bally Bet"", ""BetOnline.ag"", ""BetRivers"", ""Courtside"", ""DraftKings"", ""Fanatics"", ""Fliff"", ""Hard Rock Bet"", ""ReBet"", ""theScore Bet""]",The Odds API,"[""Bally Bet"", ""BetOnline.ag"", ""BetRivers"", ""Bovada"", ""Courtside"", ""DraftKings"", ""Fanatics"", ""Fliff"", ""Hard Rock Bet"", ""ReBet"", ""draftkings"", ""theScore Bet""]",0.5,575.0,Hard Rock Bet,,,,,,,,,,0.5,575.0,Hard Rock Bet,The Odds API,"[""Bovada"", ""Hard Rock Bet"", ""theScore Bet""]",ALTLINE_NB_v1_2026-01-18,1.5,128.0,BetRivers,league_avg,2.3,0.6001759479749428,60.0,0.4385964912280701,36.84011613828696,36.8,0.6001759479749428,60.0,36.84011613828696,36.8,0.3835789960842564,38.4,68.7747582770728,68.8,0.2254288407355011,22.5,136.7002827722762,136.7,0.1243884637071297,12.4,173.65462015568545,173.7,0.5,170.0,Bovada,exp/fallback,0.416,0.3218367186384604,32.2,0.3703703703703703,-13.104085967615688,-13.1,0.3218367186384604,32.2,-13.104085967615688,-13.1,0.0755763092054992,7.6,-9.308428953400847,-9.3,0.0152149937648782,1.5,-37.61852556399927,-37.6,0.0027942761555884,0.3,-90.22003345544036,-90.2,0.5,210.0,Hard Rock Bet,exp/fallback,0.3279999999999999,0.2619359714693969,26.2,0.3225806451612903,-18.799848844486945,-18.8,0.2619359714693969,26.2,-18.799848844486945,-18.8,0.0539591661789864,5.4,-24.457167349418985,-24.5,0.0100053052670955,1.0,-65.98196209187519,-66.0,,,,,0.5,800.0,FanDuel,exp/fallback,0.2152,0.1865226611392072,18.7,0.1111111111111111,67.87039502528651,67.9,0.1865226611392072,18.7,67.87039502528651,67.9,,,,,,,,,,,,,0.5,800.0,FanDuel,exp/fallback,0.1622,0.1429052175415038,14.3,0.1111111111111111,28.614695787353483,28.6,0.1429052175415038,14.3,28.614695787353483,28.6,,,,,,,,,,,,,True,False,True,True,False,,,Active roster,2026-10-02T00:14:24+00:00,False,[],2025-2026,,2026-09-24-frozen-v2,2026-10-02T00:14:28.971676+00:00,2026020016,8477932.0,PLAYER_ID,FINAL,1.0,W,OK,1.0,W,OK,0.0,L,OK,0.0,L,OK,0.0,L,OK,1.0,W,OK
2026-10-01,FLA@SJS,2026020016,9:00 PM,2026-10-02T02:00:00Z,Aleksander Barkov,8477493,,,,,FLA,C,,Unknown,,,,,,,,,,,,,,,,,,,,,,,,,,,,,,,,,,,,,,,,,,,,,,,,,,,,,,,,,,,,,,,,,,,,,,,,,,,,,,,,,,,,,,,,,,,,,,,,,,,,,,,,,,,,,,,,,,,,,,,,,,,,,,,,,,,,,,,,,,,,,,,,,,,,,,,,,,,,,,,,,,,,,,,,,,,,,,,,,,,,,,,,,,,,,,,,,,,,,,,,,,,,,,,,,,,,,,,,,,,,,,,,,,,,,,,,,,,,,,,,,,,,,,,,,,,,,,,0.5,175.0,fanduel,,,,2.5,140.0,draftkings,,,,,,,,,,,,,,,,,,,,,,,,0.5,-205.0,draftkings,,,,,,,,,,,,,,,,,,,,,,,,0.5,-115.0,draftkings,,,,,,,,,,,,,,,,,,,,,,,,0.5,230.0,fanduel,,,,,,,,,,,,,,,,,,,,,,,,,,,,,,,,,,,,,,,,,,,,,,,,,,,,,,,,,Active roster,2026-10-02T00:14:24+00:00,True,[],Unavailable,True,2026-09-24-frozen-v2,2026-10-02T00:14:28.971676+00:00,2026020016,8477493.0,PLAYER_ID,FINAL,0.0,L,OK,0.0,L,OK,1.0,L,OK,0.0,L,OK,0.0,,NO_LINE,0.0,L,OK
2026-10-01,FLA@SJS,2026020016,9:00 PM,2026-10-02T02:00:00Z,Anton Lundell,8482113,FLA,False,"{""season"":""2026-27"",""games"":[{""d"":""2026-09-29"",""g"":0,""a"":0,""s"":3,""pp"":0,""h"":""R"",""toi"":""19:02""}]}",2026-27,FLA,C,,Healthy,Unknown,,,2.0,1.0,🟢 ROLE+,33.0,22.0,2026-10-02T00:13:56+00:00,SJS,Yaroslav Askarov,0.88301043219076,3.6279840040054174,91.0,Confirmed,dailyfaceoff_name_and_stats,26.0,4.0,26.0,4.0,,83.5,80.9,A1+A2,19.15,83.5,82.6,1.13,NONE,False,False,25.61660448155363,2.480733882928602,39.3,53.0,16.0,3.2,True,,,3.0,,50.0,0.0,0.0,3.0,0.0,0.0,0.0,0.0,0.0,0.0,0.0,3.0,3.0,LOW,0.0,-0.5,LOW,0.0,,LOW,0.0,,LOW,0.0,,LOW,0.0,,LOW,0.0,,LOW,0.3,,LOW,0.15,,LOW,0.075,,1.467904159061784,0.2796007922022446,,,0.0,2.5630753784688656,2.50915834498438,50.0,73.8,61.3,73.8,7.8,3.53,,7.8,3.21,,HOT,HOT,COOL,5.05,4.59,HOT,Yellow,Yellow,Yellow,Yellow,82.0,72.0,74.0,80.0,POINTS,82.0,1.0,1.0,1.0,0.0,0.0,1.0,B,Distributor,13.1,,87.8,,1.0,2.508072916666667,160.51666666666668,2.508072916666667,0.1309556184053084,13.1,13.1,4.2883397362683,1.349392586439622,3.457584882151386,8.328119961302805,7.946608826228414,87.8,86.0,False,,,,🅿️ D:1,,False,False,2.0,,False,0.0,,False,0.0,,1.5,-135.0,DraftKings,2.5,225.0,Fanatics,3.5,575.0,Fanatics,4.5,1500.0,Fanatics,1.5,-135.0,DraftKings,0.5,134.0,BetOnline.ag,1.5,700.0,theScore Bet,2.5,3000.0,Fanatics,3.5,3600.0,BetOnline.ag,0.5,134.0,BetOnline.ag,0.5,250.0,BetOnline.ag,1.5,1700.0,BetOnline.ag,2.5,3300.0,Bovada,,,,0.5,250.0,BetOnline.ag,0.5,390.0,BetRivers,,,,,,,,,,0.5,390.0,BetRivers,0.5,390.0,BetRivers,,,,,,,,,,0.5,390.0,BetRivers,The Odds API,"[""Bally Bet"", ""BetMGM"", ""BetRivers"", ""Bovada"", ""Caesars"", ""Courtside"", ""DraftKings"", ""FanDuel"", ""Fanatics"", ""Fliff"", ""Hard Rock Bet"", ""theScore Bet""]",The Odds API,"[""Bally Bet"", ""BetMGM"", ""BetRivers"", ""Bovada"", ""Caesars"", ""Courtside"", ""DraftKings"", ""FanDuel"", ""Fanatics"", ""betrivers""]",The Odds API,"[""Bally Bet"", ""BetOnline.ag"", ""BetRivers"", ""Bovada"", ""Caesars"", ""Courtside"", ""DraftKings"", ""Fanatics"", ""Fliff"", ""Hard Rock Bet"", ""ReBet"", ""draftkings"", ""theScore Bet""]",The Odds API,"[""Bally Bet"", ""BetOnline.ag"", ""BetRivers"", ""Courtside"", ""DraftKings"", ""FanDuel"", ""Fanatics"", ""Fliff"", ""ReBet""]",The Odds API,"[""Bally Bet"", ""BetOnline.ag"", ""BetRivers"", ""Bovada"", ""Courtside"", ""DraftKings"", ""Fanatics"", ""Fliff"", ""Hard Rock Bet"", ""ReBet"", ""draftkings"", ""theScore Bet""]",0.5,500.0,Hard Rock Bet,,,,,,,,,,0.5,500.0,Hard Rock Bet,The Odds API,"[""Bovada"", ""Hard Rock Bet"", ""theScore Bet""]",ALTLINE_NB_v1_2026-01-18,1.5,-135.0,DraftKings,exp/fallback,0.3,0.0422318805185903,4.2,0.574468085106383,-92.64852450231945,-92.6,0.0422318805185903,4.2,-92.64852450231945,-92.6,0.0057840451049215,0.6,-98.12018534090048,-98.1,0.0006983006285956,0.1,-99.52864707569792,-99.5,7.736670997449124e-05,0.0,-99.8762132640408,-99.9,0.5,134.0,BetOnline.ag,exp/fallback,0.78,0.4982466563530621,49.8,0.4273504273504273,16.589717586616537,16.6,0.4982466563530621,49.8,16.589717586616537,16.6,0.1908094151554096,19.1,52.64753212432769,52.6,0.0636564634738982,6.4,97.3350367690844,97.3,0.0195075203134676,2.0,-27.822174840169524,-27.8,0.5,250.0,BetOnline.ag,exp/fallback,0.505,0.3625523404289225,36.3,0.2857142857142857,26.893319150122863,26.9,0.3625523404289225,36.3,26.893319150122863,26.9,0.1055375156118414,10.6,89.96752810131458,90.0,0.0278174637958977,2.8,-5.420623093947552,-5.4,,,,,0.5,390.0,BetRivers,exp/fallback,0.2409,0.205457661046318,20.5,0.2040816326530612,0.6742539126958325,0.7,0.205457661046318,20.5,0.6742539126958325,0.7,,,,,,,,,,,,,0.5,390.0,BetRivers,exp/fallback,0.2508375,0.2073478569034699,20.7,0.2040816326530612,1.60044988270025,1.6,0.2073478569034699,20.7,1.60044988270025,1.6,,,,,,,,,,,,,False,True,False,False,True,,,Active roster,2026-10-02T00:14:24+00:00,False,[],2025-2026,,2026-09-24-frozen-v2,2026-10-02T00:14:28.971676+00:00,2026020016,8482113.0,PLAYER_ID,FINAL,1.0,W,OK,1.0,W,OK,3.0,W,OK,0.0,L,OK,0.0,L,OK,0.0,L,OK
2026-10-01,FLA@SJS,2026020016,9:00 PM,2026-10-02T02:00:00Z,Bokondji Imama,8478147,PIT,True,,2026-27,FLA,L,,Healthy,Unknown,,,2.0,0.0,,33.0,22.0,2026-10-02T00:13:56+00:00,SJS,Yaroslav Askarov,0.88301043219076,3.6279840040054174,91.0,Confirmed,dailyfaceoff_name_and_stats,26.0,4.0,26.0,4.0,,11.2,6.9,A1+A2,7.64,2.6,8.0,0.94,NONE,False,False,25.61660448155363,2.480733882928602,39.3,53.0,16.0,3.2,True,,,,,50.0,,,,,,,,,,,,,,,,,,,,,,,,,,,,,,,,,,,,,,,,0.0,0.0,,,0.0,2.5630753784688656,2.50915834498438,50.0,73.8,27.8,73.8,1.22,1.22,,,,,COOL,COOL,COOL,0.0,,COOL,Red,Red,Red,Red,25.0,24.0,26.0,19.0,GOAL,26.0,,,,,,,,Passenger,0.0,,87.8,,,0.0,0.0,0.0,0.0,0.0,0.0,0.0,,,8.328119961302805,7.946608826228414,87.8,20.0,False,,,,,,False,False,1.0,,False,0.0,,False,0.0,,,,,,,,,,,,,,,,,,,,,,,,,,,,,,,,,,,,,,,,,,,,,,,0.5,1400.0,Fanatics,,,,,,,,,,0.5,1400.0,Fanatics,0.5,1400.0,Fanatics,,,,,,,,,,0.5,1400.0,Fanatics,The Odds API,"[""Bally Bet"", ""BetMGM"", ""BetRivers"", ""Bovada"", ""Caesars"", ""Courtside"", ""DraftKings"", ""FanDuel"", ""Fanatics"", ""Hard Rock Bet"", ""theScore Bet""]",The Odds API,"[""Bally Bet"", ""BetMGM"", ""BetRivers"", ""Bovada"", ""Caesars"", ""Courtside"", ""DraftKings"", ""FanDuel"", ""Fanatics"", ""fanatics""]",,,,,,,,,,,,,,,,,,,,,,,,ALTLINE_NB_v1_2026-01-18,,,,league_avg,2.3,,,,,,,,,,,,,,,,,,,,,,,,,exp/fallback,0.122,,,,,,,,,,,,,,,,,,,,,,,,,league_avg,0.35,,,,,,,,,,,,,,,,,,,,,,0.5,1400.0,Fanatics,exp/fallback,0.2288,0.1966204812677677,19.7,0.0666666666666666,194.93072190165165,194.9,0.1966204812677677,19.7,194.93072190165165,194.9,,,,,,,,,,,,,0.5,1400.0,Fanatics,exp/fallback,0.1843,0.1597620927840479,16.0,0.0666666666666666,139.64313917607194,139.6,0.1597620927840479,16.0,139.64313917607194,139.6,,,,,,,,,,,,,False,False,True,True,False,,,Active roster,2026-10-02T00:14:24+00:00,False,[],2025-2026,,2026-09-24-frozen-v2,2026-10-02T00:14:28.971676+00:00,2026020016,8478147.0,PLAYER_ID,FINAL,0.0,,NO_LINE,0.0,,NO_LINE,0.0,,NO_LINE,0.0,L,OK,0.0,L,OK,0.0,,NO_LINE
2026-10-01,FLA@SJS,2026020016,9:00 PM,2026-10-02T02:00:00Z,Brady Tkachuk,8480801,OTT,True,"{""season"":""2026-27"",""games"":[{""d"":""2026-09-29"",""g"":0,""a"":0,""s"":1,""pp"":0,""h"":""R"",""toi"":""16:33""}]}",2026-27,FLA,L,,Healthy,Unknown,,,2.0,0.0,,33.0,22.0,2026-10-02T00:13:56+00:00,SJS,Yaroslav Askarov,0.88301043219076,3.6279840040054174,91.0,Confirmed,dailyfaceoff_name_and_stats,26.0,4.0,26.0,4.0,,96.8,91.3,A1+A2,16.96,66.0,88.7,1.16,NONE,False,False,25.61660448155363,2.480733882928602,39.3,53.0,16.0,3.2,True,,,1.0,,50.0,0.0,0.0,1.0,0.0,0.0,0.0,0.0,0.0,0.0,0.0,1.0,1.0,LOW,0.0,-0.5,LOW,0.0,,LOW,0.0,,LOW,0.0,,LOW,0.0,,LOW,0.0,,LOW,0.1,,LOW,0.05,,LOW,0.025,,2.4500548847420416,0.8693743139407245,,,0.0,2.5630753784688656,2.50915834498438,50.0,73.8,73.9,73.8,14.15,6.31,,12.86,5.74,,HOT,HOT,COOL,7.83,7.12,HOT,Green,Yellow,Green,Green,85.0,75.0,79.0,84.0,POINTS,85.0,1.0,1.0,1.0,1.0,0.0,1.0,,Passenger,18.7,,87.8,,,3.1666666666666665,190.0,3.1666666666666665,0.186710778452921,18.7,18.7,6.307894736842106,2.4157894736842107,4.578947368421053,8.328119961302805,7.946608826228414,87.8,94.5,True,,,,🅿️ D:1,🥅 GOAL EARNED,False,True,3.0,"iXG,REG,G",False,0.0,,False,0.0,,1.5,-575.0,DraftKings,2.5,-175.0,Hard Rock Bet,3.5,122.0,FanDuel,4.5,280.0,Fanatics,3.5,122.0,FanDuel,0.5,-175.0,BetRivers,1.5,275.0,theScore Bet,2.5,950.0,DraftKings,3.5,2800.0,Fanatics,0.5,-175.0,BetRivers,0.5,140.0,Hard Rock Bet,1.5,800.0,DraftKings,2.5,3000.0,Fanatics,,,,0.5,140.0,Hard Rock Bet,0.5,155.0,Fliff,,,,,,,,,,0.5,155.0,Fliff,0.5,155.0,BetRivers,,,,,,,,,,0.5,155.0,BetRivers,The Odds API,"[""Bally Bet"", ""BetMGM"", ""BetRivers"", ""Bovada"", ""Caesars"", ""Courtside"", ""DraftKings"", ""FanDuel"", ""Fanatics"", ""Fliff"", ""Hard Rock Bet"", ""fanduel"", ""theScore Bet""]",The Odds API,"[""Bally Bet"", ""BetMGM"", ""BetRivers"", ""Bovada"", ""Caesars"", ""Courtside"", ""DraftKings"", ""FanDuel"", ""Fanatics"", ""betrivers""]",The Odds API,"[""Bally Bet"", ""BetOnline.ag"", ""BetRivers"", ""Bovada"", ""Caesars"", ""Courtside"", ""DraftKings"", ""FanDuel"", ""Fanatics"", ""Fliff"", ""Hard Rock Bet"", ""ReBet"", ""draftkings"", ""theScore Bet""]",The Odds API,"[""Bally Bet"", ""BetOnline.ag"", ""BetRivers"", ""Courtside"", ""DraftKings"", ""FanDuel"", ""Fanatics"", ""Fliff"", ""Hard Rock Bet"", ""ReBet"", ""fanduel"", ""theScore Bet""]",The Odds API,"[""Bally Bet"", ""BetOnline.ag"", ""BetRivers"", ""Bovada"", ""Courtside"", ""DraftKings"", ""FanDuel"", ""Fanatics"", ""Fliff"", ""Hard Rock Bet"", ""ReBet"", ""draftkings"", ""theScore Bet""]",0.5,275.0,BetRivers,,,,,,,,,,0.5,275.0,BetRivers,The Odds API,"[""Bally Bet"", ""BetRivers"", ""Bovada"", ""FanDuel"", ""Fliff"", ""Hard Rock Bet"", ""theScore Bet""]",ALTLINE_NB_v1_2026-01-18,3.5,122.0,FanDuel,exp/fallback,0.1,1.167564107673602e-05,0.0,0.4504504504504504,-99.99740800768096,-100.0,0.0056639264392934,0.6,-99.3351042875612,-99.3,0.0002745710270403,0.0,-99.95685312432224,-100.0,1.167564107673602e-05,0.0,-99.99740800768096,-100.0,1.0000000000287557e-06,0.0,-99.99962,-100.0,0.5,-175.0,BetRivers,exp/fallback,1.415,0.6831762846210482,68.3,0.6363636363636364,7.356273297593285,7.4,0.6831762846210482,68.3,7.356273297593285,7.4,0.3833564837441268,38.3,43.75868140404755,43.8,0.1918397558975663,19.2,101.4317436924446,101.4,0.0891382034626554,8.9,158.50079004170078,158.5,0.5,140.0,Hard Rock Bet,exp/fallback,0.783,0.4835437010472055,48.4,0.4166666666666667,16.05048825132933,16.1,0.4835437010472055,48.4,16.05048825132933,16.1,0.1929326467316914,19.3,73.63938205852227,73.6,0.0702870544594774,7.0,117.88986882438016,117.9,,,,,0.5,155.0,Fliff,exp/fallback,0.3243,0.2628209972480727,26.3,0.392156862745098,-32.98064570174145,-33.0,0.2628209972480727,26.3,-32.98064570174145,-33.0,,,,,,,,,,,,,0.5,155.0,BetRivers,exp/fallback,0.3863625,0.29156348526768,29.2,0.392156862745098,-25.651311256741582,-25.7,0.29156348526768,29.2,-25.651311256741582,-25.7,,,,,,,,,,,,,False,False,False,False,True,,,Active roster,2026-10-02T00:14:24+00:00,False,"[{""market"":""Points"",""name"":""Hammer Fists"",""kind"":""FLOOR"",""rule"":""Conf_Points >= 80"",""icon"":""PTS05_HAMMER_FISTS.svg"",""kit_version"":""2026-09-24-frozen-v2""},{""market"":""Points"",""name"":""Gaia’s Blessing"",""kind"":""TIER"",""rule"":""Conf_Points >= 80 + Assists_mu >= 0.746"",""icon"":""PTS05_GAIAS_BLESSING.svg"",""kit_version"":""2026-09-24-frozen-v2""},{""market"":""Points"",""name"":""Gaia’s Blessing+ (Press)"",""kind"":""HEAVY"",""rule"":""Conf_Points >= 81 + Assists_mu >= 0.746"",""icon"":""PTS05_GAIAS_BLESSING.svg"",""kit_version"":""2026-09-24-frozen-v2""},{""market"":""Points"",""name"":""Gaia’s Blessing++ (Smash)"",""kind"":""HEAVY"",""rule"":""Conf_Points >= 83 + Assists_mu >= 0.746"",""icon"":""PTS05_GAIAS_BLESSING.svg"",""kit_version"":""2026-09-24-frozen-v2""},{""market"":""Assists"",""name"":""Staff (Green Stance)"",""kind"":""STANCE"",""rule"":""Green + Assists 0.5"",""icon"":""staff.svg"",""kit_version"":""2026-09-24-frozen-v2""},{""market"":""Assists"",""name"":""Staff Awakened"",""kind"":""STANCE"",""rule"":""Green + Assists 0.5 + Conf_Assists ≥ 83"",""icon"":""staff.svg"",""kit_version"":""2026-09-24-frozen-v2""},{""market"":""Assists"",""name"":""Arcane Channel I"",""kind"":""VOLUME"",""rule"":""Green + Assists 0.5 + Conf_Assists ≥ 83 + PP_Points60 ≥ 5.3"",""icon"":""arcane_channel_i.svg"",""kit_version"":""2026-09-24-frozen-v2""},{""market"":""Assists"",""name"":""Runic Infusion"",""kind"":""VOLUME"",""rule"":""Green + Assists 0.5 + Conf_Assists ≥ 83 + PP_iXA60 ≥ 4.4"",""icon"":""runic_infusion.svg"",""kit_version"":""2026-09-24-frozen-v2""},{""market"":""Assists"",""name"":""Assist Dagger"",""kind"":""VOLUME"",""rule"":""Green + Assists 0.5 + Conf_Assists ≥ 83 + Assist_Dagger ≥ 86"",""icon"":""magic-dagger.svg"",""kit_version"":""2026-09-24-frozen-v2""},{""market"":""Goal"",""name"":""Weakened Armor"",""kind"":""WEAK DEFENSE"",""rule"":""Opp_PK_xGA60 >= 7.3"",""icon"":""shattered_armor.svg"",""kit_version"":""2026-09-24-frozen-v2""},{""market"":""Goal"",""name"":""Fallen Guardian"",""kind"":""WEAK DEFENSE"",""rule"":""Opp_GAA >= 3.01"",""icon"":""fenrir_claw.svg"",""kit_version"":""2026-09-24-frozen-v2""}]",2025-2026,,2026-09-24-frozen-v2,2026-10-02T00:14:28.971676+00:00,2026020016,8480801.0,PLAYER_ID,FINAL,0.0,L,OK,0.0,L,OK,4.0,W,OK,0.0,L,OK,0.0,L,OK,0.0,L,OK
2026-10-01,FLA@SJS,2026020016,9:00 PM,2026-10-02T02:00:00Z,Carter Verhaeghe,8477409,FLA,False,"{""season"":""2026-27"",""games"":[{""d"":""2026-09-29"",""g"":0,""a"":1,""s"":1,""pp"":0,""h"":""R"",""toi"":""18:58""}]}",2026-27,FLA,C,,Healthy,Unknown,,,2.0,1.0,🟢 ROLE+,33.0,22.0,2026-10-02T00:13:56+00:00,SJS,Yaroslav Askarov,0.88301043219076,3.6279840040054174,91.0,Confirmed,dailyfaceoff_name_and_stats,26.0,4.0,26.0,4.0,,88.8,85.3,A1+A2,17.61,72.3,84.3,1.14,NONE,False,False,25.61660448155363,2.480733882928602,39.3,53.0,16.0,3.2,True,,,1.0,,50.0,1.0,0.0,1.0,0.0,1.0,1.0,1.0,1.0,1.0,1.0,1.0,1.0,LOW,0.1,-0.4,LOW,0.05,,LOW,0.025,,LOW,0.1,,LOW,0.05,,LOW,0.025,,LOW,0.1,,LOW,0.05,,LOW,0.025,,2.0895066442645485,0.714831220406293,,,1.0,2.5630753784688656,2.50915834498438,50.0,73.8,71.4,73.8,8.36,3.49,,6.6,3.17,,HOT,HOT,COOL,4.87,3.43,HOT,Yellow,Yellow,Yellow,Yellow,84.0,74.0,77.0,82.0,POINTS,84.0,0.0,0.0,1.0,1.0,0.0,1.0,A,Hybrid,14.3,,87.8,,2.0,2.51948051948052,194.0,2.51948051948052,0.1430485062245763,14.3,14.3,2.758762886597938,1.7072164948453608,1.2371134020618555,8.328119961302805,7.946608826228414,87.8,77.1,False,,,,🅿️ D:0,,False,False,2.0,,False,0.0,,False,0.0,,1.5,-177.0,BetRivers,2.5,136.0,BetOnline.ag,3.5,350.0,Fanatics,4.5,800.0,Fanatics,2.5,136.0,BetOnline.ag,0.5,100.0,Fanatics,1.5,550.0,theScore Bet,2.5,2200.0,Fanatics,3.5,4200.0,BetOnline.ag,0.5,100.0,Fanatics,0.5,225.0,BetOnline.ag,1.5,1500.0,DraftKings,2.5,3300.0,Bovada,,,,0.5,225.0,BetOnline.ag,0.5,260.0,DraftKings,,,,,,,,,,0.5,260.0,DraftKings,0.5,260.0,DraftKings,,,,,,,,,,0.5,260.0,DraftKings,The Odds API,"[""Bally Bet"", ""BetMGM"", ""BetRivers"", ""Bovada"", ""Caesars"", ""Courtside"", ""DraftKings"", ""FanDuel"", ""Fanatics"", ""Fliff"", ""Hard Rock Bet"", ""fanduel"", ""theScore Bet""]",The Odds API,"[""Bally Bet"", ""BetMGM"", ""BetRivers"", ""Bovada"", ""Caesars"", ""Courtside"", ""DraftKings"", ""FanDuel"", ""Fanatics"", ""betmgm""]",The Odds API,"[""Bally Bet"", ""BetOnline.ag"", ""BetRivers"", ""Bovada"", ""Caesars"", ""Courtside"", ""DraftKings"", ""FanDuel"", ""Fanatics"", ""Fliff"", ""Hard Rock Bet"", ""ReBet"", ""draftkings"", ""theScore Bet""]",The Odds API,"[""Bally Bet"", ""BetOnline.ag"", ""BetRivers"", ""Courtside"", ""DraftKings"", ""FanDuel"", ""Fanatics"", ""Fliff"", ""Hard Rock Bet"", ""ReBet"", ""draftkings"", ""theScore Bet""]",The Odds API,"[""Bally Bet"", ""BetOnline.ag"", ""BetRivers"", ""Bovada"", ""Courtside"", ""DraftKings"", ""FanDuel"", ""Fanatics"", ""Fliff"", ""Hard Rock Bet"", ""ReBet"", ""draftkings"", ""theScore Bet""]",0.5,400.0,Hard Rock Bet,,,,,,,,,,0.5,400.0,Hard Rock Bet,The Odds API,"[""Bovada"", ""Hard Rock Bet"", ""theScore Bet""]",ALTLINE_NB_v1_2026-01-18,2.5,136.0,BetOnline.ag,exp/fallback,0.1,0.0002745710270403,0.0,0.423728813559322,-99.93520123761849,-99.9,0.0056639264392934,0.6,-99.11361151204278,-99.1,0.0002745710270403,0.0,-99.93520123761849,-99.9,1.167564107673602e-05,0.0,-99.99474596151548,-100.0,1.0000000000287557e-06,0.0,-99.99909999999996,-100.0,0.5,100.0,Fanatics,exp/fallback,0.836,0.5196796406638196,52.0,0.5,3.935928132763911,3.9,0.5196796406638196,52.0,3.935928132763911,3.9,0.2090283793261692,20.9,35.868446562010014,35.9,0.0734098532757003,7.3,68.84266253411087,68.8,0.0237061426091043,2.4,1.936413219148525,1.9,0.5,225.0,BetOnline.ag,exp/fallback,0.487,0.3532917208891141,35.3,0.3076923076923077,14.819809288962082,14.8,0.3532917208891141,35.3,14.819809288962082,14.8,0.1000171475662339,10.0,60.027436105974274,60.0,0.0256234701185603,2.6,-12.880201596894755,-12.9,,,,,0.5,260.0,DraftKings,exp/fallback,0.2397,0.2045873430907268,20.5,0.2777777777777778,-26.34855648733835,-26.3,0.2045873430907268,20.5,-26.34855648733835,-26.3,,,,,,,,,,,,,0.5,260.0,DraftKings,exp/fallback,0.2488875,0.2060170285422086,20.6,0.2777777777777778,-25.833869724804902,-25.8,0.2060170285422086,20.6,-25.833869724804902,-25.8,,,,,,,,,,,,,False,False,False,False,True,,,Active roster,2026-10-02T00:14:24+00:00,False,[],2025-2026,,2026-09-24-frozen-v2,2026-10-02T00:14:28.971676+00:00,2026020016,8477409.0,PLAYER_ID,FINAL,0.0,L,OK,0.0,L,OK,0.0,L,OK,0.0,L,OK,0.0,L,OK,0.0,L,OK
2026-10-01,FLA@SJS,2026020016,9:00 PM,2026-10-02T02:00:00Z,Dmitry Kulikov,8475179,FLA,False,,2026-27,FLA,D,,Healthy,Unknown,,,2.0,1.0,🟢 ROLE+,33.0,22.0,2026-10-02T00:13:56+00:00,SJS,Yaroslav Askarov,0.88301043219076,3.6279840040054174,91.0,Confirmed,dailyfaceoff_name_and_stats,26.0,4.0,26.0,4.0,,17.2,6.9,A1+A2,18.03,75.6,25.3,0.94,NONE,False,False,25.61660448155363,2.480733882928602,39.3,53.0,16.0,3.2,True,,,,,50.0,,,,,,,,,,,,,,,,,,,,,,,,,,,,,,,,,,,,,,,,0.0,0.0,,,0.0,2.5630753784688656,2.50915834498438,50.0,73.8,27.8,73.8,0.27,0.27,,,,,COOL,COOL,COOL,0.0,,COOL,Red,Red,Red,Red,35.0,35.0,35.0,28.0,POINTS,35.0,,,,,,,C,Passenger,0.2,,87.8,,0.0,0.0359649122807017,0.6833333333333333,0.0359649122807017,0.0019944544437417,0.2,0.2,0.0,0.0,0.0,8.328119961302805,7.946608826228414,87.8,36.0,False,,,,,,False,False,1.0,,False,0.0,,False,0.0,,,,,,,,,,,,,,,,,,,,,,,,,,,,,,,,,,,,,,,,,,,,,,,0.5,1800.0,FanDuel,,,,,,,,,,0.5,1800.0,FanDuel,0.5,1800.0,FanDuel,,,,,,,,,,0.5,1800.0,FanDuel,The Odds API,"[""Bally Bet"", ""BetMGM"", ""BetRivers"", ""Bovada"", ""Caesars"", ""Courtside"", ""DraftKings"", ""FanDuel"", ""Fanatics"", ""Fliff"", ""Hard Rock Bet"", ""theScore Bet""]",The Odds API,"[""Bally Bet"", ""BetMGM"", ""BetRivers"", ""Bovada"", ""Caesars"", ""Courtside"", ""DraftKings"", ""FanDuel"", ""Fanatics"", ""fanduel""]",,,,,,,,,,,,,,,,,,,,,,,,ALTLINE_NB_v1_2026-01-18,,,,league_avg,2.3,,,,,,,,,,,,,,,,,,,,,,,,,exp/fallback,0.027,,,,,,,,,,,,,,,,,,,,,,,,,league_avg,0.35,,,,,,,,,,,,,,,,,,,,,,0.5,1800.0,FanDuel,exp/fallback,0.1908,0.1679556532822095,16.8,0.0526315789473684,219.1157412361981,219.1,0.1679556532822095,16.8,219.1157412361981,219.1,,,,,,,,,,,,,0.5,1800.0,FanDuel,exp/fallback,0.1225499999999999,0.1112271897310025,11.1,0.0526315789473684,111.3316604889048,111.3,0.1112271897310025,11.1,111.3316604889048,111.3,,,,,,,,,,,,,False,False,True,True,False,,,Active roster,2026-10-02T00:14:24+00:00,False,[],2025-2026,,2026-09-24-frozen-v2,2026-10-02T00:14:28.971676+00:00,2026020016,8475179.0,PLAYER_ID,FINAL,1.0,,NO_LINE,1.0,,NO_LINE,0.0,,NO_LINE,0.0,L,OK,0.0,L,OK,0.0,,NO_LINE
2026-10-01,FLA@SJS,2026020016,9:00 PM,2026-10-02T02:00:00Z,Eetu Luostarinen,8480185,FLA,False,"{""season"":""2026-27"",""games"":[{""d"":""2026-09-29"",""g"":0,""a"":0,""s"":1,""pp"":0,""h"":""R"",""toi"":""13:58""}]}",2026-27,FLA,C,,Healthy,Unknown,,,2.0,0.0,,33.0,22.0,2026-10-02T00:13:56+00:00,SJS,Yaroslav Askarov,0.88301043219076,3.6279840040054174,91.0,Confirmed,dailyfaceoff_name_and_stats,26.0,4.0,26.0,4.0,,73.6,74.9,A1+A2,16.57,62.3,71.8,1.09,NONE,False,False,25.61660448155363,2.480733882928602,39.3,53.0,16.0,3.2,True,,,1.0,,50.0,0.0,0.0,1.0,0.0,0.0,0.0,0.0,0.0,0.0,0.0,1.0,1.0,LOW,0.0,-0.5,LOW,0.0,,LOW,0.0,,LOW,0.0,,LOW,0.0,,LOW,0.0,,LOW,0.1,,LOW,0.05,,LOW,0.025,,1.688438021122846,0.6253474152306837,,,0.0,2.5630753784688656,2.50915834498438,50.0,73.8,65.8,73.8,5.3,2.02,,5.3,2.02,,HOT,WARM,COOL,3.61,3.28,HOT,Yellow,Yellow,Red,Yellow,75.0,63.0,65.0,72.0,POINTS,75.0,1.0,1.0,1.0,1.0,0.0,1.0,C,Passenger,6.2,,87.8,,0.0,1.0337899543378997,75.46666666666667,1.0337899543378997,0.0623734416970865,6.2,6.2,1.9796819787985869,1.9796819787985869,0.0,8.328119961302805,7.946608826228414,87.8,53.3,False,,,,🅿️ D:1,,False,False,2.0,,False,0.0,,False,0.0,,1.5,120.0,BetRivers,,,,,,,,,,1.5,120.0,BetRivers,0.5,155.0,BetRivers,1.5,800.0,BetRivers,,,,,,,0.5,155.0,BetRivers,0.5,240.0,BetRivers,,,,,,,,,,0.5,240.0,BetRivers,0.5,460.0,BetRivers,,,,,,,,,,0.5,460.0,BetRivers,0.5,460.0,BetRivers,,,,,,,,,,0.5,460.0,BetRivers,The Odds API,"[""Bally Bet"", ""BetMGM"", ""BetRivers"", ""Bovada"", ""Caesars"", ""Courtside"", ""DraftKings"", ""FanDuel"", ""Fanatics"", ""Fliff"", ""Hard Rock Bet"", ""theScore Bet""]",The Odds API,"[""Bally Bet"", ""BetMGM"", ""BetRivers"", ""Bovada"", ""Caesars"", ""Courtside"", ""DraftKings"", ""FanDuel"", ""Fanatics"", ""betrivers""]",The Odds API,"[""Bally Bet"", ""BetRivers""]",The Odds API,"[""Bally Bet"", ""BetRivers""]",The Odds API,"[""Bally Bet"", ""BetRivers""]",,,,,,,,,,,,,,,,,,ALTLINE_NB_v1_2026-01-18,1.5,120.0,BetRivers,exp/fallback,0.1,0.0056639264392934,0.6,0.4545454545454545,-98.75393618335544,-98.8,0.0056639264392934,0.6,-98.75393618335544,-98.8,,,,,,,,,,,,,0.5,155.0,BetRivers,exp/fallback,0.53,0.3850317553409663,38.5,0.392156862745098,-1.816902388053576,-1.8,0.3850317553409663,38.5,-1.816902388053576,-1.8,0.1100986725326257,11.0,-0.9111947206368431,-0.9,,,,,,,,,0.5,240.0,BetRivers,exp/fallback,0.361,0.2824238144878992,28.2,0.2941176470588235,-3.975903074114273,-4.0,0.2824238144878992,28.2,-3.975903074114273,-4.0,,,,,,,,,,,,,0.5,460.0,BetRivers,exp/fallback,0.1956,0.1716547190483262,17.2,0.1785714285714285,-3.873357332937344,-3.9,0.1716547190483262,17.2,-3.873357332937344,-3.9,,,,,,,,,,,,,0.5,460.0,BetRivers,exp/fallback,0.177225,0.1544255621223886,15.4,0.1785714285714285,-13.521685211462351,-13.5,0.1544255621223886,15.4,-13.521685211462351,-13.5,,,,,,,,,,,,,False,False,False,False,False,,,Active roster,2026-10-02T00:14:24+00:00,False,[],2025-2026,,2026-09-24-frozen-v2,2026-10-02T00:14:28.971676+00:00,2026020016,8480185.0,PLAYER_ID,FINAL,2.0,W,OK,0.0,L,OK,3.0,W,OK,2.0,W,OK,2.0,W,OK,1.0,,NO_LINE
2026-10-01,FLA@SJS,2026020016,9:00 PM,2026-10-02T02:00:00Z,Garnet Hathaway,8477903,PHI,True,,2026-27,FLA,R,,Healthy,Unknown,,,2.0,0.0,,33.0,22.0,2026-10-02T00:13:56+00:00,SJS,Yaroslav Askarov,0.88301043219076,3.6279840040054174,91.0,Confirmed,dailyfaceoff_name_and_stats,26.0,4.0,26.0,4.0,,38.9,24.0,A1+A2,10.4,16.5,29.2,0.94,NONE,False,False,25.61660448155363,2.480733882928602,39.3,53.0,16.0,3.2,True,,,,,50.0,,,,,,,,,,,,,,,,,,,,,,,,,,,,,,,,,,,,,,,,0.2984579671696236,0.0,,,0.0,2.5630753784688656,2.50915834498438,50.0,73.8,36.2,73.8,0.8,0.51,,,,,COOL,COOL,COOL,0.28,,COOL,Red,Red,Red,Red,37.0,40.0,43.0,32.0,GOAL,43.0,,,,,,,,Passenger,0.3,,87.8,,,0.0325757575757575,2.15,0.0325757575757575,0.0031315240083507,0.3,0.3,0.0,0.0,0.0,8.328119961302805,7.946608826228414,87.8,38.7,False,,,,,,False,False,1.0,,False,0.0,,False,0.0,,,,,,,,,,,,,,,,,,,,,,,,,,,,,,,,,,,,,,,,,,,,,,,0.5,1100.0,Fanatics,,,,,,,,,,0.5,1100.0,Fanatics,0.5,1100.0,Fanatics,,,,,,,,,,0.5,1100.0,Fanatics,The Odds API,"[""Bally Bet"", ""BetMGM"", ""BetRivers"", ""Bovada"", ""Caesars"", ""Courtside"", ""DraftKings"", ""FanDuel"", ""Fanatics"", ""Fliff"", ""Hard Rock Bet"", ""theScore Bet""]",The Odds API,"[""Bally Bet"", ""BetMGM"", ""BetRivers"", ""Bovada"", ""Caesars"", ""Courtside"", ""DraftKings"", ""FanDuel"", ""Fanatics"", ""fanatics""]",,,,,,,,,,,,,,,,,,,,,,,,ALTLINE_NB_v1_2026-01-18,,,,league_avg,2.3,,,,,,,,,,,,,,,,,,,,,,,,,exp/fallback,0.08,,,,,,,,,,,,,,,,,,,,,,,,,exp/fallback,0.028,,,,,,,,,,,,,,,,,,,,,,0.5,1100.0,Fanatics,exp/fallback,0.2004,0.1753308024940375,17.5,0.0833333333333333,110.39696299284503,110.4,0.1753308024940375,17.5,110.39696299284503,110.4,,,,,,,,,,,,,0.5,1100.0,Fanatics,exp/fallback,0.13815,0.123917688434018,12.4,0.0833333333333333,48.70122612082169,48.7,0.123917688434018,12.4,48.70122612082169,48.7,,,,,,,,,,,,,False,False,True,True,False,,,Active roster,2026-10-02T00:14:24+00:00,False,[],2025-2026,,2026-09-24-frozen-v2,2026-10-02T00:14:28.971676+00:00,2026020016,8477903.0,PLAYER_ID,FINAL,0.0,,NO_LINE,0.0,,NO_LINE,0.0,,NO_LINE,0.0,L,OK,0.0,L,OK,0.0,,NO_LINE
2026-10-01,FLA@SJS,2026020016,9:00 PM,2026-10-02T02:00:00Z,Gustav Forsling,8478055,FLA,False,"{""season"":""2026-27"",""games"":[{""d"":""2026-09-29"",""g"":1,""a"":0,""s"":2,""pp"":0,""h"":""R"",""toi"":""22:40""}]}",2026-27,FLA,D,,Healthy,Unknown,,,2.0,1.0,🟢 ROLE+,33.0,22.0,2026-10-02T00:13:56+00:00,SJS,Yaroslav Askarov,0.88301043219076,3.6279840040054174,91.0,Confirmed,dailyfaceoff_name_and_stats,26.0,4.0,26.0,4.0,,46.6,80.9,A1+A2,22.63,96.3,68.5,1.07,NONE,False,False,25.61660448155363,2.480733882928602,39.3,53.0,16.0,3.2,True,,,2.0,,50.0,1.0,1.0,2.0,1.0,0.0,0.0,1.0,1.0,0.0,0.0,2.0,2.0,LOW,0.1,-0.4,LOW,0.05,,LOW,0.025,,LOW,0.0,,LOW,0.0,,LOW,0.0,,LOW,0.2,,LOW,0.1,,LOW,0.05,,0.9870901405232492,0.4112875585513538,,,0.0,2.5630753784688656,2.50915834498438,50.0,73.8,50.5,73.8,4.13,0.64,,3.13,-0.36,,HOT,COOL,COOL,3.49,3.49,HOT,Yellow,Red,Red,Yellow,79.0,53.0,56.0,75.0,POINTS,79.0,0.0,1.0,0.0,0.0,0.0,1.0,C,Passenger,2.5,,87.8,,0.0,0.5552083333333333,44.41666666666666,0.5552083333333333,0.0245355281813327,2.5,2.5,2.401125703564728,0.3917448405253283,2.363977485928705,8.328119961302805,7.946608826228414,87.8,66.4,False,,,,🅿️ D:0,,False,False,1.0,,False,0.0,,False,0.0,,1.5,120.0,BetRivers,2.5,360.0,Fanatics,3.5,1000.0,Fanatics,4.5,2200.0,BetOnline.ag,1.5,120.0,BetRivers,0.5,180.0,Fanatics,1.5,1100.0,Fanatics,2.5,1550.0,BetOnline.ag,3.5,3200.0,BetOnline.ag,0.5,180.0,Fanatics,0.5,230.0,Hard Rock Bet,1.5,1500.0,Fanatics,2.5,3300.0,Bovada,,,,0.5,230.0,Hard Rock Bet,0.5,1000.0,FanDuel,,,,,,,,,,0.5,1000.0,FanDuel,0.5,1000.0,FanDuel,,,,,,,,,,0.5,1000.0,FanDuel,The Odds API,"[""Bally Bet"", ""BetMGM"", ""BetRivers"", ""Bovada"", ""Caesars"", ""Courtside"", ""DraftKings"", ""FanDuel"", ""Fanatics"", ""Fliff"", ""Hard Rock Bet"", ""theScore Bet""]",The Odds API,"[""Bally Bet"", ""BetMGM"", ""BetRivers"", ""Bovada"", ""Caesars"", ""Courtside"", ""DraftKings"", ""FanDuel"", ""Fanatics"", ""fanduel""]",The Odds API,"[""Bally Bet"", ""BetOnline.ag"", ""BetRivers"", ""Bovada"", ""Caesars"", ""Courtside"", ""DraftKings"", ""Fanatics"", ""Fliff"", ""Hard Rock Bet"", ""ReBet"", ""draftkings"", ""theScore Bet""]",The Odds API,"[""Bally Bet"", ""BetOnline.ag"", ""BetRivers"", ""Courtside"", ""DraftKings"", ""Fanatics"", ""Fliff"", ""Hard Rock Bet"", ""ReBet"", ""theScore Bet""]",The Odds API,"[""Bally Bet"", ""BetOnline.ag"", ""BetRivers"", ""Bovada"", ""Courtside"", ""DraftKings"", ""Fanatics"", ""Fliff"", ""Hard Rock Bet"", ""ReBet"", ""draftkings"", ""theScore Bet""]",0.5,850.0,Hard Rock Bet,,,,,,,,,,0.5,850.0,Hard Rock Bet,The Odds API,"[""Hard Rock Bet"", ""theScore Bet""]",ALTLINE_NB_v1_2026-01-18,1.5,120.0,BetRivers,exp/fallback,0.2,0.0205922919144261,2.1,0.4545454545454545,-95.46969577882624,-95.5,0.0205922919144261,2.1,-95.46969577882624,-95.5,0.0019369069985104,0.2,-99.10902278068518,-99.1,0.0001602036731851,0.0,-99.82377595949634,-99.8,1.2145062741386605e-05,0.0,-99.9720663556948,-100.0,0.5,180.0,Fanatics,exp/fallback,0.413,0.320057658391795,32.0,0.3571428571428571,-10.383855650297392,-10.4,0.320057658391795,32.0,-10.383855650297392,-10.4,0.0747069204736712,7.5,-10.351695431594532,-10.4,0.0149474936569091,1.5,-75.33663546609986,-75.3,0.0027281079979023,0.3,-90.99724360692224,-91.0,0.5,230.0,Hard Rock Bet,exp/fallback,0.349,0.2750735301979902,27.5,0.303030303030303,-9.22573503466324,-9.2,0.2750735301979902,27.5,-9.22573503466324,-9.2,0.0596632807634209,6.0,-4.538750778526435,-4.5,0.0116567820069301,1.2,-60.36694117643766,-60.4,,,,,0.5,1000.0,FanDuel,exp/fallback,0.1542,0.1389747063007445,13.9,0.0909090909090909,52.87217693081894,52.9,0.1389747063007445,13.9,52.87217693081894,52.9,,,,,,,,,,,,,0.5,1000.0,FanDuel,exp/fallback,0.10995,0.1007541178584217,10.1,0.0909090909090909,10.829529644263868,10.8,0.1007541178584217,10.1,10.829529644263868,10.8,,,,,,,,,,,,,False,False,True,True,False,,,Active roster,2026-10-02T00:14:24+00:00,False,[],2025-2026,,2026-09-24-frozen-v2,2026-10-02T00:14:28.971676+00:00,2026020016,,,NO_PLAYER,,,NO_PLAYER,,,NO_PLAYER,,,NO_PLAYER,,,NO_PLAYER,,,NO_PLAYER,,,NO_PLAYER
2026-10-01,FLA@SJS,2026020016,9:00 PM,2026-10-02T02:00:00Z,Lars Eller,8474189,OTT,True,,2026-27,FLA,C,,Healthy,Unknown,,,2.0,0.0,,33.0,22.0,2026-10-02T00:13:56+00:00,SJS,Yaroslav Askarov,0.88301043219076,3.6279840040054174,91.0,Confirmed,dailyfaceoff_name_and_stats,26.0,4.0,26.0,4.0,,56.7,49.3,A1+A2,11.45,24.0,47.6,0.99,NONE,False,False,25.61660448155363,2.480733882928602,39.3,53.0,16.0,3.2,True,,,,,50.0,,,,,,,,,,,,,,,,,,,,,,,,,,,,,,,,,,,,,,,,1.2344771842163274,0.6172385921081637,,,0.0,2.5630753784688656,2.50915834498438,50.0,73.8,55.9,73.8,2.51,1.06,,,,,COOL,COOL,COOL,1.46,,COOL,Red,Red,Red,Red,52.0,50.0,54.0,49.0,GOAL,54.0,,,,,,,,Passenger,4.0,,87.8,,,0.4522058823529412,30.75,0.4522058823529412,0.0395032651750347,4.0,4.0,1.0146341463414634,1.0146341463414634,0.0,8.328119961302805,7.946608826228414,87.8,50.4,False,,,,,,False,False,1.0,,False,0.0,,False,0.0,,,,,,,,,,,,,,,,,,,,,,,,,,,,,,,,,,,,,,,,,,,,,,,0.5,900.0,FanDuel,,,,,,,,,,0.5,900.0,FanDuel,0.5,900.0,FanDuel,,,,,,,,,,0.5,900.0,FanDuel,The Odds API,"[""Bally Bet"", ""BetMGM"", ""BetRivers"", ""Bovada"", ""Caesars"", ""Courtside"", ""DraftKings"", ""FanDuel"", ""Fanatics"", ""Fliff"", ""Hard Rock Bet"", ""theScore Bet""]",The Odds API,"[""Bally Bet"", ""BetMGM"", ""BetRivers"", ""Bovada"", ""Caesars"", ""Courtside"", ""DraftKings"", ""FanDuel"", ""Fanatics"", ""fanduel""]",,,,,,,,,,,,,,,,,,,,,,,,ALTLINE_NB_v1_2026-01-18,,,,league_avg,2.3,,,,,,,,,,,,,,,,,,,,,,,,,exp/fallback,0.251,,,,,,,,,,,,,,,,,,,,,,,,,exp/fallback,0.146,,,,,,,,,,,,,,,,,,,,,,0.5,900.0,FanDuel,exp/fallback,0.2224,0.1918905573636259,19.2,0.1,91.89055736362592,91.9,0.1918905573636259,19.2,91.89055736362592,91.9,,,,,,,,,,,,,0.5,900.0,FanDuel,exp/fallback,0.1739,0.1518982342414914,15.2,0.1,51.8982342414914,51.9,0.1518982342414914,15.2,51.8982342414914,51.9,,,,,,,,,,,,,False,False,True,True,False,,,Active roster,2026-10-02T00:14:24+00:00,False,[],2025-2026,,2026-09-24-frozen-v2,2026-10-02T00:14:28.971676+00:00,2026020016,8474189.0,PLAYER_ID,FINAL,1.0,,NO_LINE,1.0,,NO_LINE,2.0,,NO_LINE,0.0,L,OK,0.0,L,OK,1.0,,NO_LINE
2026-10-01,FLA@SJS,2026020016,9:00 PM,2026-10-02T02:00:00Z,Matthew Tkachuk,8479314,FLA,False,"{""season"":""2026-27"",""games"":[{""d"":""2026-09-29"",""g"":0,""a"":0,""s"":2,""pp"":0,""h"":""R"",""toi"":""19:01""}]}",2026-27,FLA,L,,Healthy,Unknown,,,2.0,1.0,🟢 ROLE+,33.0,22.0,2026-10-02T00:13:56+00:00,SJS,Yaroslav Askarov,0.88301043219076,3.6279840040054174,91.0,Confirmed,dailyfaceoff_name_and_stats,26.0,4.0,26.0,4.0,,76.2,72.9,A1+A2,18.3,77.8,75.4,1.1,NONE,False,False,25.61660448155363,2.480733882928602,39.3,53.0,16.0,3.2,True,,,2.0,,50.0,0.0,0.0,2.0,0.0,0.0,0.0,0.0,0.0,0.0,0.0,2.0,2.0,LOW,0.0,-0.5,LOW,0.0,,LOW,0.0,,LOW,0.0,,LOW,0.0,,LOW,0.0,,LOW,0.2,,LOW,0.1,,LOW,0.05,,2.2792022792022792,0.8547008547008547,,,0.0,2.5630753784688656,2.50915834498438,50.0,73.8,73.3,73.8,13.98,5.78,,12.71,5.25,,HOT,HOT,COOL,8.21,7.46,HOT,Yellow,Yellow,Red,Yellow,79.0,67.0,70.0,77.0,POINTS,79.0,1.0,1.0,1.0,1.0,0.0,1.0,B,Hybrid,17.9,,87.8,ON,1.0,3.281182795698925,101.71666666666668,3.281182795698925,0.1792732720383045,17.9,17.9,6.3131246927740445,3.1794199573980007,3.6867114533835816,8.328119961302805,7.946608826228414,87.8,92.8,True,,,,🅿️ D:1,,False,False,2.0,,False,0.0,,False,0.0,,1.5,-330.0,DraftKings,2.5,-109.0,BetRivers,3.5,215.0,Fanatics,4.5,500.0,Fanatics,2.5,-109.0,BetRivers,0.5,-180.0,theScore Bet,1.5,250.0,DraftKings,2.5,900.0,Fanatics,3.5,3000.0,Fanatics,0.5,-180.0,theScore Bet,0.5,120.0,Hard Rock Bet,1.5,625.0,Bovada,2.5,2500.0,Fanatics,,,,0.5,120.0,Hard Rock Bet,0.5,190.0,DraftKings,,,,,,,,,,0.5,190.0,DraftKings,0.5,190.0,DraftKings,,,,,,,,,,0.5,190.0,DraftKings,The Odds API,"[""Bally Bet"", ""BetMGM"", ""BetRivers"", ""Bovada"", ""Caesars"", ""Courtside"", ""DraftKings"", ""FanDuel"", ""Fanatics"", ""Fliff"", ""Hard Rock Bet"", ""fanduel"", ""theScore Bet""]",The Odds API,"[""Bally Bet"", ""BetMGM"", ""BetRivers"", ""Bovada"", ""Caesars"", ""Courtside"", ""DraftKings"", ""FanDuel"", ""Fanatics"", ""betmgm""]",The Odds API,"[""Bally Bet"", ""BetOnline.ag"", ""BetRivers"", ""Bovada"", ""Caesars"", ""Courtside"", ""DraftKings"", ""FanDuel"", ""Fanatics"", ""Fliff"", ""Hard Rock Bet"", ""ReBet"", ""draftkings"", ""theScore Bet""]",The Odds API,"[""Bally Bet"", ""BetOnline.ag"", ""BetRivers"", ""Courtside"", ""DraftKings"", ""FanDuel"", ""Fanatics"", ""Fliff"", ""Hard Rock Bet"", ""ReBet"", ""fanduel"", ""theScore Bet""]",The Odds API,"[""Bally Bet"", ""BetOnline.ag"", ""BetRivers"", ""Bovada"", ""Courtside"", ""DraftKings"", ""FanDuel"", ""Fanatics"", ""Fliff"", ""Hard Rock Bet"", ""ReBet"", ""draftkings"", ""theScore Bet""]",0.5,190.0,BetRivers,,,,,,,,,,0.5,190.0,BetRivers,The Odds API,"[""Bally Bet"", ""BetRivers"", ""Bovada"", ""FanDuel"", ""Fliff"", ""Hard Rock Bet"", ""theScore Bet""]",ALTLINE_NB_v1_2026-01-18,2.5,-109.0,BetRivers,exp/fallback,0.2,0.0019369069985104,0.2,0.5215311004784688,-99.62861141037736,-99.6,0.0205922919144261,2.1,-97.3167619626657,-97.3,0.0019369069985104,0.2,-99.62861141037736,-99.6,0.0001602036731851,0.0,-99.94953584294667,-99.9,1.2145062741386605e-05,0.0,-99.99271296235516,-100.0,0.5,-180.0,theScore Bet,exp/fallback,1.398,0.6795463867214093,68.0,0.6428571428571429,5.707215712219233,5.7,0.6795463867214093,68.0,5.707215712219233,5.7,0.3787378515951958,37.9,32.558248058318526,32.6,0.1881396012951545,18.8,88.1396012951545,88.1,0.0867551026127583,8.7,168.94081809955077,168.9,0.5,120.0,Hard Rock Bet,exp/fallback,0.8210000000000001,0.4973637356228751,49.7,0.4545454545454545,9.420021837032532,9.4,0.4973637356228751,49.7,9.420021837032532,9.4,0.204797714315807,20.5,48.47834287896013,48.5,0.0770788007250042,7.7,100.40488188501114,100.4,,,,,0.5,190.0,DraftKings,exp/fallback,0.3084,0.2523426436595523,25.2,0.3448275862068966,-26.820633338729845,-26.8,0.2523426436595523,25.2,-26.820633338729845,-26.8,,,,,,,,,,,,,0.5,190.0,DraftKings,exp/fallback,0.360525,0.2766801297067566,27.7,0.3448275862068966,-19.76276238504059,-19.8,0.2766801297067566,27.7,-19.76276238504059,-19.8,,,,,,,,,,,,,False,False,False,False,False,,,Active roster,2026-10-02T00:14:24+00:00,False,[],2025-2026,,2026-09-24-frozen-v2,2026-10-02T00:14:28.971676+00:00,2026020016,8479314.0,PLAYER_ID,FINAL,1.0,W,OK,0.0,L,OK,2.0,L,OK,1.0,W,OK,1.0,W,OK,0.0,L,OK
2026-10-01,FLA@SJS,2026020016,9:00 PM,2026-10-02T02:00:00Z,Niko Mikkola,8478859,FLA,False,,2026-27,FLA,D,,Healthy,Unknown,,,2.0,1.0,🟢 ROLE+,33.0,22.0,2026-10-02T00:13:56+00:00,SJS,Yaroslav Askarov,0.88301043219076,3.6279840040054174,91.0,Confirmed,dailyfaceoff_name_and_stats,26.0,4.0,26.0,4.0,,40.1,43.8,A1+A2,20.36,88.8,51.1,1.0,NONE,False,False,25.61660448155363,2.480733882928602,39.3,53.0,16.0,3.2,True,,,,,50.0,,,,,,,,,,,,,,,,,,,,,,,,,,,,,,,,,,,,,,,,0.5620050523686526,0.1532741051914507,,,0.0,2.5630753784688656,2.50915834498438,50.0,73.8,39.2,73.8,1.75,0.56,,,,,COOL,COOL,COOL,1.18,,COOL,Red,Red,Red,Red,56.0,49.0,49.0,51.0,POINTS,56.0,,,,,,,C,Passenger,0.6,,87.8,,0.0,0.1154411764705882,7.85,0.1154411764705882,0.0056712140732802,0.6,0.6,0.4585987261146497,0.4585987261146497,0.0,8.328119961302805,7.946608826228414,87.8,42.7,False,,,,,,False,False,1.0,,False,0.0,,False,0.0,,,,,,,,,,,,,,,,,,,,,,,,,,,,,,,,0.5,400.0,BetOnline.ag,1.5,2650.0,BetOnline.ag,,,,,,,0.5,400.0,BetOnline.ag,0.5,1400.0,FanDuel,,,,,,,,,,0.5,1400.0,FanDuel,0.5,1400.0,FanDuel,,,,,,,,,,0.5,1400.0,FanDuel,The Odds API,"[""Bally Bet"", ""BetMGM"", ""BetRivers"", ""Bovada"", ""Caesars"", ""Courtside"", ""DraftKings"", ""FanDuel"", ""Fanatics"", ""Fliff"", ""Hard Rock Bet"", ""theScore Bet""]",The Odds API,"[""Bally Bet"", ""BetMGM"", ""BetRivers"", ""Bovada"", ""Caesars"", ""Courtside"", ""DraftKings"", ""FanDuel"", ""Fanatics"", ""fanduel""]",,,,,The Odds API,"[""BetOnline.ag"", ""ReBet""]",,,,,,,,,,,,,,,,,,ALTLINE_NB_v1_2026-01-18,,,,league_avg,2.3,,,,,,,,,,,,,,,,,,,,,,,,,exp/fallback,0.175,,,,,,,,,,,,,,,,,,,,,,0.5,400.0,BetOnline.ag,exp/fallback,0.118,0.1083219421461441,10.8,0.2,-45.83902892692795,-45.8,0.1083219421461441,10.8,-45.83902892692795,-45.8,0.0089659356997278,0.9,-75.34367682574852,-75.3,,,,,,,,,0.5,1400.0,FanDuel,exp/fallback,0.2024,0.1768557645856978,17.7,0.0666666666666666,165.28364687854676,165.3,0.1768557645856978,17.7,165.28364687854676,165.3,,,,,,,,,,,,,0.5,1400.0,FanDuel,exp/fallback,0.1414,0.1265239325354448,12.7,0.0666666666666666,89.78589880316721,89.8,0.1265239325354448,12.7,89.78589880316721,89.8,,,,,,,,,,,,,False,False,True,True,False,,,Active roster,2026-10-02T00:14:24+00:00,False,[],2025-2026,,2026-09-24-frozen-v2,2026-10-02T00:14:28.971676+00:00,2026020016,8478859.0,PLAYER_ID,FINAL,0.0,,NO_LINE,0.0,L,OK,2.0,,NO_LINE,0.0,L,OK,0.0,L,OK,0.0,,NO_LINE
2026-10-01,FLA@SJS,2026020016,9:00 PM,2026-10-02T02:00:00Z,Radko Gudas,8475462,ANA,True,,2026-27,FLA,D,,Healthy,Unknown,,,2.0,0.0,,33.0,22.0,2026-10-02T00:13:56+00:00,SJS,Yaroslav Askarov,0.88301043219076,3.6279840040054174,91.0,Confirmed,dailyfaceoff_name_and_stats,26.0,4.0,26.0,4.0,,29.4,51.9,A1+A2,16.18,59.5,43.3,0.97,NONE,False,False,25.61660448155363,2.480733882928602,39.3,53.0,16.0,3.2,True,,,,,50.0,,,,,,,,,,,,,,,,,,,,,,,,,,,,,,,,,,,,,,,,0.8946136801341921,0.3727557000559133,,,0.0,2.5630753784688656,2.50915834498438,50.0,73.8,48.2,73.8,2.26,0.34,,,,,COOL,COOL,COOL,1.91,,COOL,Red,Red,Red,Red,56.0,38.0,40.0,50.0,POINTS,56.0,,,,,,,,Passenger,0.2,,87.8,,,0.0366071428571428,2.05,0.0366071428571428,0.0022620689655172,0.2,0.2,0.8780487804878049,0.8780487804878049,0.0,8.328119961302805,7.946608826228414,87.8,36.0,False,,,,,,False,False,1.0,,False,0.0,,False,0.0,,,,,,,,,,,,,,,,,,,,,,,,,,,,,,,,,,,,,,,,,,,,,,,0.5,1800.0,Fanatics,,,,,,,,,,0.5,1800.0,Fanatics,0.5,1800.0,Fanatics,,,,,,,,,,0.5,1800.0,Fanatics,The Odds API,"[""Bally Bet"", ""BetMGM"", ""BetRivers"", ""Bovada"", ""Caesars"", ""Courtside"", ""DraftKings"", ""FanDuel"", ""Fanatics"", ""Fliff"", ""Hard Rock Bet"", ""theScore Bet""]",The Odds API,"[""Bally Bet"", ""BetMGM"", ""BetRivers"", ""Bovada"", ""Caesars"", ""Courtside"", ""DraftKings"", ""FanDuel"", ""Fanatics"", ""fanatics""]",,,,,,,,,,,,,,,,,,,,,,,,ALTLINE_NB_v1_2026-01-18,,,,league_avg,2.3,,,,,,,,,,,,,,,,,,,,,,,,,exp/fallback,0.2259999999999999,,,,,,,,,,,,,,,,,,,,,,,,,exp/fallback,0.191,,,,,,,,,,,,,,,,,,,,,,0.5,1800.0,Fanatics,exp/fallback,0.1936,0.1701162452154071,17.0,0.0526315789473684,223.2208659092736,223.2,0.1701162452154071,17.0,223.2208659092736,223.2,,,,,,,,,,,,,0.5,1800.0,Fanatics,exp/fallback,0.1271,0.1149597639007977,11.5,0.0526315789473684,118.42355141151576,118.4,0.1149597639007977,11.5,118.42355141151576,118.4,,,,,,,,,,,,,False,False,True,True,False,,,Active roster,2026-10-02T00:14:24+00:00,False,[],2025-2026,,2026-09-24-frozen-v2,2026-10-02T00:14:28.971676+00:00,2026020016,8475462.0,PLAYER_ID,FINAL,0.0,,NO_LINE,0.0,,NO_LINE,1.0,,NO_LINE,0.0,L,OK,0.0,L,OK,0.0,,NO_LINE
2026-10-01,FLA@SJS,2026020016,9:00 PM,2026-10-02T02:00:00Z,Sam Bennett,8477935,FLA,False,"{""season"":""2026-27"",""games"":[{""d"":""2026-09-29"",""g"":0,""a"":0,""s"":1,""pp"":0,""h"":""R"",""toi"":""19:08""}]}",2026-27,FLA,C,⭐ STAR,Healthy,Unknown,,,2.0,1.0,🟢 ROLE+,33.0,22.0,2026-10-02T00:13:56+00:00,SJS,Yaroslav Askarov,0.88301043219076,3.6279840040054174,91.0,Confirmed,dailyfaceoff_name_and_stats,26.0,4.0,26.0,4.0,,97.0,87.4,A1+A2,18.49,79.0,90.0,1.2,STAR,False,True,25.61660448155363,2.480733882928602,39.3,53.0,16.0,3.2,True,,,1.0,,50.0,0.0,0.0,1.0,0.0,0.0,0.0,0.0,0.0,0.0,0.0,1.0,1.0,LOW,0.0,-0.5,LOW,0.0,,LOW,0.0,,LOW,0.0,,LOW,0.0,,LOW,0.0,,LOW,0.1,,LOW,0.05,,LOW,0.025,,2.155549082435188,0.6990969997087095,,,0.0,2.5630753784688656,2.50915834498438,50.0,73.8,71.9,73.8,10.74,5.2,,9.76,4.73,,HOT,HOT,COOL,5.53,5.03,HOT,Yellow,Yellow,Green,Yellow,86.0,79.0,82.0,85.0,POINTS,86.0,1.0,1.0,1.0,1.0,0.0,1.0,A,Hybrid,16.8,,87.8,,2.0,3.11469298245614,236.71666666666667,3.11469298245614,0.1684296658207432,16.8,16.8,3.963599239597269,2.293881574315286,1.964373723861156,8.328119961302805,7.946608826228414,87.8,83.7,False,,,,🅿️ D:1,🥅 GOAL EARNED,False,True,3.0,"iXG,REG,G",False,0.0,,False,0.0,,1.5,-200.0,BetOnline.ag,2.5,125.0,BetRivers,3.5,290.0,theScore Bet,4.5,650.0,Fanatics,2.5,125.0,BetRivers,0.5,-109.0,BetRivers,1.5,460.0,Fanatics,2.5,1900.0,Fanatics,3.5,4400.0,BetOnline.ag,0.5,-109.0,BetRivers,0.5,210.0,DraftKings,1.5,1400.0,DraftKings,2.5,2500.0,Bovada,,,,0.5,210.0,DraftKings,0.5,230.0,FanDuel,,,,,,,,,,0.5,230.0,FanDuel,0.5,230.0,FanDuel,,,,,,,,,,0.5,230.0,FanDuel,The Odds API,"[""Bally Bet"", ""BetMGM"", ""BetRivers"", ""Bovada"", ""Caesars"", ""Courtside"", ""DraftKings"", ""FanDuel"", ""Fanatics"", ""Fliff"", ""Hard Rock Bet"", ""fanduel"", ""theScore Bet""]",The Odds API,"[""Bally Bet"", ""BetMGM"", ""BetRivers"", ""Bovada"", ""Caesars"", ""Courtside"", ""DraftKings"", ""FanDuel"", ""Fanatics"", ""fanduel""]",The Odds API,"[""Bally Bet"", ""BetOnline.ag"", ""BetRivers"", ""Bovada"", ""Caesars"", ""Courtside"", ""DraftKings"", ""FanDuel"", ""Fanatics"", ""Fliff"", ""Hard Rock Bet"", ""ReBet"", ""draftkings"", ""theScore Bet""]",The Odds API,"[""Bally Bet"", ""BetOnline.ag"", ""BetRivers"", ""Courtside"", ""DraftKings"", ""FanDuel"", ""Fanatics"", ""Fliff"", ""Hard Rock Bet"", ""ReBet"", ""fanduel"", ""theScore Bet""]",The Odds API,"[""Bally Bet"", ""BetOnline.ag"", ""BetRivers"", ""Bovada"", ""Courtside"", ""DraftKings"", ""FanDuel"", ""Fanatics"", ""Fliff"", ""Hard Rock Bet"", ""ReBet"", ""draftkings"", ""theScore Bet""]",0.5,350.0,Hard Rock Bet,,,,,,,,,,0.5,350.0,Hard Rock Bet,The Odds API,"[""Bovada"", ""Fliff"", ""Hard Rock Bet"", ""theScore Bet""]",ALTLINE_NB_v1_2026-01-18,2.5,125.0,BetRivers,exp/fallback,0.1,0.0002745710270403,0.0,0.4444444444444444,-99.93822151891592,-99.9,0.0056639264392934,0.6,-99.150411034106,-99.2,0.0002745710270403,0.0,-99.93822151891592,-99.9,1.167564107673602e-05,0.0,-99.99544649998006,-100.0,1.0000000000287557e-06,0.0,-99.99925,-100.0,0.5,-109.0,BetRivers,exp/fallback,1.074,0.5981744827558402,59.8,0.5215311004784688,14.695841188963854,14.7,0.5981744827558402,59.8,14.695841188963854,14.7,0.2845175269303968,28.5,59.3298150810222,59.3,0.1192543463753745,11.9,138.50869275074916,138.5,0.046153705568785,4.6,107.69167505953278,107.7,0.5,210.0,DraftKings,exp/fallback,0.553,0.3862968368664992,38.6,0.3225806451612903,19.75201942861475,19.8,0.3862968368664992,38.6,19.75201942861475,19.8,0.1204309150389817,12.0,80.6463725584726,80.6,0.0340479216367389,3.4,-11.475403744478662,-11.5,,,,,0.5,230.0,FanDuel,exp/fallback,0.291,0.2406352547182113,24.1,0.303030303030303,-20.590365942990264,-20.6,0.2406352547182113,24.1,-20.590365942990264,-20.6,,,,,,,,,,,,,0.5,230.0,FanDuel,exp/fallback,0.33225,0.2597923541307816,26.0,0.303030303030303,-14.26852313684207,-14.3,0.2597923541307816,26.0,-14.26852313684207,-14.3,,,,,,,,,,,,,False,True,False,False,True,,,Active roster,2026-10-02T00:14:24+00:00,False,"[{""market"":""Goal"",""name"":""Weakened Armor"",""kind"":""WEAK DEFENSE"",""rule"":""Opp_PK_xGA60 >= 7.3"",""icon"":""shattered_armor.svg"",""kit_version"":""2026-09-24-frozen-v2""},{""market"":""Goal"",""name"":""Fallen Guardian"",""kind"":""WEAK DEFENSE"",""rule"":""Opp_GAA >= 3.01"",""icon"":""fenrir_claw.svg"",""kit_version"":""2026-09-24-frozen-v2""}]",2025-2026,,2026-09-24-frozen-v2,2026-10-02T00:14:28.971676+00:00,2026020016,8477935.0,PLAYER_ID,FINAL,1.0,W,OK,1.0,W,OK,1.0,L,OK,0.0,L,OK,0.0,L,OK,0.0,L,OK
2026-10-01,FLA@SJS,2026020016,9:00 PM,2026-10-02T02:00:00Z,Sam Reinhart,8477933,FLA,False,"{""season"":""2026-27"",""games"":[{""d"":""2026-09-29"",""g"":0,""a"":0,""s"":2,""pp"":0,""h"":""R"",""toi"":""20:57""}]}",2026-27,FLA,C,⭐ STAR,Healthy,Unknown,,,2.0,1.0,🟢 ROLE+,33.0,22.0,2026-10-02T00:13:56+00:00,SJS,Yaroslav Askarov,0.88301043219076,3.6279840040054174,91.0,Confirmed,dailyfaceoff_name_and_stats,26.0,4.0,26.0,4.0,,95.5,87.4,A1+A2,21.29,92.1,92.0,1.2,STAR,False,True,25.61660448155363,2.480733882928602,39.3,53.0,16.0,3.2,True,,,2.0,,50.0,0.0,0.0,2.0,0.0,0.0,0.0,0.0,0.0,0.0,0.0,2.0,2.0,LOW,0.0,-0.5,LOW,0.0,,LOW,0.0,,LOW,0.0,,LOW,0.0,,LOW,0.0,,LOW,0.2,,LOW,0.1,,LOW,0.05,,1.403795446949159,0.4010844134140454,,,0.0,2.5630753784688656,2.50915834498438,50.0,73.8,60.2,73.8,15.39,5.93,,11.4,5.39,,HOT,HOT,COOL,6.62,6.02,HOT,Yellow,Yellow,Green,Yellow,86.0,79.0,82.0,85.0,POINTS,86.0,1.0,1.0,1.0,1.0,0.0,1.0,A,Hybrid,18.7,,87.8,,2.0,3.97578125,254.45,3.97578125,0.186772855727236,18.7,18.7,5.554332874828061,2.8484967577127143,3.183336608370997,8.328119961302805,7.946608826228414,87.8,91.6,True,,,,🅿️ D:1,🥅 GOAL EARNED,False,True,3.0,"iXG,REG,G",False,0.0,,False,0.0,,1.5,-310.0,DraftKings,2.5,-106.0,BetOnline.ag,3.5,225.0,theScore Bet,4.5,550.0,Fanatics,2.5,-106.0,BetOnline.ag,0.5,-170.0,theScore Bet,1.5,275.0,BetRivers,2.5,900.0,Fanatics,3.5,2800.0,Fanatics,0.5,-170.0,theScore Bet,0.5,135.0,Hard Rock Bet,1.5,600.0,DraftKings,2.5,2500.0,Fanatics,,,,0.5,135.0,Hard Rock Bet,0.5,188.0,BetRivers,,,,,,,,,,0.5,188.0,BetRivers,0.5,188.0,BetRivers,,,,,,,,,,0.5,188.0,BetRivers,The Odds API,"[""Bally Bet"", ""BetMGM"", ""BetRivers"", ""Bovada"", ""Caesars"", ""Courtside"", ""DraftKings"", ""FanDuel"", ""Fanatics"", ""Fliff"", ""Hard Rock Bet"", ""fanduel"", ""theScore Bet""]",The Odds API,"[""Bally Bet"", ""BetMGM"", ""BetRivers"", ""Bovada"", ""Caesars"", ""Courtside"", ""DraftKings"", ""FanDuel"", ""Fanatics"", ""betrivers""]",The Odds API,"[""Bally Bet"", ""BetOnline.ag"", ""BetRivers"", ""Bovada"", ""Caesars"", ""Courtside"", ""DraftKings"", ""FanDuel"", ""Fanatics"", ""Fliff"", ""Hard Rock Bet"", ""ReBet"", ""draftkings"", ""theScore Bet""]",The Odds API,"[""Bally Bet"", ""BetOnline.ag"", ""BetRivers"", ""Courtside"", ""DraftKings"", ""FanDuel"", ""Fanatics"", ""Fliff"", ""Hard Rock Bet"", ""ReBet"", ""draftkings"", ""theScore Bet""]",The Odds API,"[""Bally Bet"", ""BetOnline.ag"", ""BetRivers"", ""Bovada"", ""Courtside"", ""DraftKings"", ""FanDuel"", ""Fanatics"", ""Fliff"", ""Hard Rock Bet"", ""ReBet"", ""draftkings"", ""theScore Bet""]",0.5,235.0,BetRivers,1.5,800.0,Bovada,,,,,,,0.5,235.0,BetRivers,The Odds API,"[""Bally Bet"", ""BetRivers"", ""Bovada"", ""FanDuel"", ""Fliff"", ""Hard Rock Bet"", ""theScore Bet""]",ALTLINE_NB_v1_2026-01-18,2.5,-106.0,BetOnline.ag,exp/fallback,0.2,0.0019369069985104,0.2,0.5145631067961165,-99.62358222481778,-99.6,0.0205922919144261,2.1,-97.27650332744686,-97.3,0.0019369069985104,0.2,-99.62358222481778,-99.6,0.0001602036731851,0.0,-99.94793380621483,-99.9,1.2145062741386605e-05,0.0,-99.99210570921812,-100.0,0.5,-170.0,theScore Bet,exp/fallback,1.539,0.7080457918036522,70.8,0.6296296296296297,12.454331639403591,12.5,0.7080457918036522,70.8,12.454331639403591,12.5,0.416025172160342,41.6,56.00943956012827,56.0,0.2188664159773494,21.9,118.86641597734946,118.9,0.1071177068705429,10.7,210.64134992457443,210.6,0.5,135.0,Hard Rock Bet,exp/fallback,0.662,0.4355260699462226,43.6,0.425531914893617,2.3486264373623333,2.3,0.4355260699462226,43.6,2.3486264373623333,2.3,0.1547734465836376,15.5,8.341412608546372,8.3,0.0500449135261443,5.0,30.11677516797536,30.1,,,,,0.5,188.0,BetRivers,exp/fallback,0.3129,0.2553292610334927,25.5,0.3472222222222222,-26.46517282235409,-26.5,0.2553292610334927,25.5,-26.46517282235409,-26.5,,,,,,,,,,,,,0.5,188.0,BetRivers,exp/fallback,0.3678375,0.2809443817887196,28.1,0.3472222222222222,-19.088018044848752,-19.1,0.2809443817887196,28.1,-19.088018044848752,-19.1,,,,,,,,,,,,,False,True,False,False,False,,,Active roster,2026-10-02T00:14:24+00:00,False,"[{""market"":""Goal"",""name"":""Weakened Armor"",""kind"":""WEAK DEFENSE"",""rule"":""Opp_PK_xGA60 >= 7.3"",""icon"":""shattered_armor.svg"",""kit_version"":""2026-09-24-frozen-v2""},{""market"":""Goal"",""name"":""Fallen Guardian"",""kind"":""WEAK DEFENSE"",""rule"":""Opp_GAA >= 3.01"",""icon"":""fenrir_claw.svg"",""kit_version"":""2026-09-24-frozen-v2""}]",2025-2026,,2026-09-24-frozen-v2,2026-10-02T00:14:28.971676+00:00,2026020016,8477933.0,PLAYER_ID,FINAL,0.0,L,OK,0.0,L,OK,2.0,L,OK,0.0,L,OK,0.0,L,OK,0.0,L,OK
2026-10-01,FLA@SJS,2026020016,9:00 PM,2026-10-02T02:00:00Z,Sandis Vilmanis,8483771,FLA,False,,2026-27,FLA,L,,Healthy,Unknown,,,2.0,0.0,,33.0,22.0,2026-10-02T00:13:56+00:00,SJS,Yaroslav Askarov,0.88301043219076,3.6279840040054174,91.0,Confirmed,dailyfaceoff_name_and_stats,26.0,4.0,26.0,4.0,,28.5,24.0,A1+A2,10.4,16.3,24.5,0.94,NONE,False,False,25.61660448155363,2.480733882928602,39.3,53.0,16.0,3.2,True,,,,,50.0,,,,,,,,,,,,,,,,,,,,,,,,,,,,,,,,,,,,,,,,1.6021361815754338,0.0,,,0.0,2.5630753784688656,2.50915834498438,50.0,73.8,63.7,73.8,1.91,0.93,,,,,COOL,COOL,COOL,0.99,,COOL,Red,Red,Red,Red,39.0,35.0,37.0,35.0,POINTS,39.0,,,,,,,C,Passenger,2.5,,87.8,,0.0,0.2578947368421053,4.9,0.2578947368421053,0.0248038471273095,2.5,2.5,0.0,0.0,0.0,8.328119961302805,7.946608826228414,87.8,48.1,False,,,,,,False,False,1.0,,False,0.0,,False,0.0,,,,,,,,,,,,,,,,,,,,,,,,,,,,,,,,,,,,,,,,,,,,,,,0.5,700.0,FanDuel,,,,,,,,,,0.5,700.0,FanDuel,0.5,700.0,FanDuel,,,,,,,,,,0.5,700.0,FanDuel,The Odds API,"[""Bally Bet"", ""BetMGM"", ""BetRivers"", ""Bovada"", ""Caesars"", ""Courtside"", ""DraftKings"", ""FanDuel"", ""Fanatics"", ""Fliff"", ""Hard Rock Bet"", ""theScore Bet""]",The Odds API,"[""Bally Bet"", ""BetMGM"", ""BetRivers"", ""Bovada"", ""Caesars"", ""Courtside"", ""DraftKings"", ""FanDuel"", ""Fanatics"", ""fanduel""]",,,,,,,,,,,,,,,,,,,,,,,,ALTLINE_NB_v1_2026-01-18,,,,league_avg,2.3,,,,,,,,,,,,,,,,,,,,,,,,,exp/fallback,0.191,,,,,,,,,,,,,,,,,,,,,,,,,exp/fallback,0.099,,,,,,,,,,,,,,,,,,,,,,0.5,700.0,FanDuel,exp/fallback,0.2172,0.1880187385771032,18.8,0.125,50.41499086168262,50.4,0.1880187385771032,18.8,50.41499086168262,50.4,,,,,,,,,,,,,0.5,700.0,FanDuel,exp/fallback,0.1654499999999999,0.1454190056545247,14.5,0.125,16.33520452361975,16.3,0.1454190056545247,14.5,16.33520452361975,16.3,,,,,,,,,,,,,False,False,True,True,False,,,Active roster,2026-10-02T00:14:24+00:00,False,[],2025-2026,,2026-09-24-frozen-v2,2026-10-02T00:14:28.971676+00:00,2026020016,8483771.0,PLAYER_ID,FINAL,0.0,,NO_LINE,0.0,,NO_LINE,2.0,,NO_LINE,0.0,L,OK,0.0,L,OK,0.0,,NO_LINE
2026-10-01,FLA@SJS,2026020016,9:00 PM,2026-10-02T02:00:00Z,Seth Jones,8477495,FLA,False,"{""season"":""2026-27"",""games"":[{""d"":""2026-09-29"",""g"":0,""a"":0,""s"":1,""pp"":0,""h"":""R"",""toi"":""28:59""}]}",2026-27,FLA,D,,Healthy,Unknown,,,2.0,1.0,🟢 ROLE+,33.0,22.0,2026-10-02T00:13:56+00:00,SJS,Yaroslav Askarov,0.88301043219076,3.6279840040054174,91.0,Confirmed,dailyfaceoff_name_and_stats,26.0,4.0,26.0,4.0,,52.9,79.4,A1+A2,23.7,97.8,71.2,1.08,NONE,False,False,25.61660448155363,2.480733882928602,39.3,53.0,16.0,3.2,True,,,1.0,,50.0,0.0,0.0,1.0,0.0,0.0,0.0,0.0,0.0,0.0,0.0,1.0,1.0,LOW,0.0,-0.5,LOW,0.0,,LOW,0.0,,LOW,0.0,,LOW,0.0,,LOW,0.0,,LOW,0.1,,LOW,0.05,,LOW,0.025,,0.8887707237404334,0.3418348937463205,,,0.0,2.5630753784688656,2.50915834498438,50.0,73.8,47.9,73.8,6.51,1.3,,6.51,1.3,,HOT,COOL,COOL,5.22,5.22,HOT,Yellow,Red,Red,Yellow,82.0,56.0,57.0,75.0,POINTS,82.0,1.0,1.0,1.0,1.0,0.0,1.0,A,Distributor,14.4,,87.8,,2.0,3.4237179487179485,178.03333333333333,3.4237179487179485,0.1444723957910682,14.4,14.4,3.7484553454409286,1.0986706609249204,3.1173937464894217,8.328119961302805,7.946608826228414,87.8,87.2,False,,,,🅿️ D:1,,False,False,1.0,,False,0.0,,False,0.0,,1.5,-115.0,BetOnline.ag,2.5,250.0,Fanatics,3.5,700.0,Fanatics,4.5,1900.0,Fanatics,1.5,-115.0,BetOnline.ag,0.5,-105.0,Fanatics,1.5,550.0,theScore Bet,2.5,2200.0,Fanatics,3.5,4400.0,BetOnline.ag,0.5,-105.0,Fanatics,0.5,125.0,Fliff,1.5,700.0,Fanatics,2.5,3000.0,Fanatics,,,,0.5,125.0,Fliff,0.5,575.0,Fanatics,,,,,,,,,,0.5,575.0,Fanatics,0.5,575.0,Fanatics,,,,,,,,,,0.5,575.0,Fanatics,The Odds API,"[""Bally Bet"", ""BetMGM"", ""BetRivers"", ""Bovada"", ""Caesars"", ""Courtside"", ""DraftKings"", ""FanDuel"", ""Fanatics"", ""Fliff"", ""Hard Rock Bet"", ""theScore Bet""]",The Odds API,"[""Bally Bet"", ""BetMGM"", ""BetRivers"", ""Bovada"", ""Caesars"", ""Courtside"", ""DraftKings"", ""FanDuel"", ""Fanatics"", ""fanatics""]",The Odds API,"[""Bally Bet"", ""BetOnline.ag"", ""BetRivers"", ""Bovada"", ""Caesars"", ""Courtside"", ""DraftKings"", ""FanDuel"", ""Fanatics"", ""Fliff"", ""Hard Rock Bet"", ""ReBet"", ""draftkings"", ""theScore Bet""]",The Odds API,"[""Bally Bet"", ""BetOnline.ag"", ""BetRivers"", ""Courtside"", ""DraftKings"", ""FanDuel"", ""Fanatics"", ""Fliff"", ""Hard Rock Bet"", ""ReBet"", ""theScore Bet""]",The Odds API,"[""Bally Bet"", ""BetOnline.ag"", ""BetRivers"", ""Bovada"", ""Courtside"", ""DraftKings"", ""FanDuel"", ""Fanatics"", ""Fliff"", ""Hard Rock Bet"", ""ReBet"", ""draftkings"", ""theScore Bet""]",0.5,245.0,BetRivers,1.5,750.0,Bovada,,,,,,,0.5,245.0,BetRivers,The Odds API,"[""Bally Bet"", ""BetRivers"", ""Bovada"", ""FanDuel"", ""Fliff"", ""Hard Rock Bet"", ""theScore Bet""]",ALTLINE_NB_v1_2026-01-18,1.5,-115.0,BetOnline.ag,exp/fallback,0.1,0.0056639264392934,0.6,0.5348837209302325,-98.9410920135234,-98.9,0.0056639264392934,0.6,-98.9410920135234,-98.9,0.0002745710270403,0.0,-99.9039001405359,-99.9,1.167564107673602e-05,0.0,-99.9906594871386,-100.0,1.0000000000287557e-06,0.0,-99.99799999999996,-100.0,0.5,-105.0,Fanatics,exp/fallback,0.651,0.4437127562285498,44.4,0.5121951219512195,-13.370366641092662,-13.4,0.4437127562285498,44.4,-13.370366641092662,-13.4,0.1487720096428806,14.9,-3.2981937321275967,-3.3,0.0432181247478139,4.3,-0.5983130800279235,-0.6,0.0115051075732486,1.2,-48.22701592038116,-48.2,0.5,125.0,Fliff,exp/fallback,0.522,0.3711170407786577,37.1,0.4444444444444444,-16.498665824802018,-16.5,0.3711170407786577,37.1,-16.498665824802018,-16.5,0.1107864264142322,11.1,-11.370858868614242,-11.4,0.0299621317880048,3.0,-7.117391457184851,-7.1,,,,,0.5,575.0,Fanatics,exp/fallback,0.174,0.1548252489364359,15.5,0.1481481481481481,4.507043032094238,4.5,0.1548252489364359,15.5,4.507043032094238,4.5,,,,,,,,,,,,,0.5,575.0,Fanatics,exp/fallback,0.142125,0.1271035805224896,12.7,0.1481481481481481,-14.20508314731952,-14.2,0.1271035805224896,12.7,-14.20508314731952,-14.2,,,,,,,,,,,,,False,False,False,False,False,,,Active roster,2026-10-02T00:14:24+00:00,False,[],2025-2026,,2026-09-24-frozen-v2,2026-10-02T00:14:28.971676+00:00,2026020016,8477495.0,PLAYER_ID,FINAL,0.0,L,OK,0.0,L,OK,2.0,W,OK,0.0,L,OK,0.0,L,OK,0.0,L,OK
2026-10-01,FLA@SJS,2026020016,9:00 PM,2026-10-02T02:00:00Z,Uvis Balinskis,8484304,FLA,False,,2026-27,FLA,D,,Healthy,Unknown,,,2.0,0.0,,33.0,22.0,2026-10-02T00:13:56+00:00,SJS,Yaroslav Askarov,0.88301043219076,3.6279840040054174,91.0,Confirmed,dailyfaceoff_name_and_stats,26.0,4.0,26.0,4.0,,43.0,49.3,A1+A2,16.37,60.5,48.7,1.0,NONE,False,False,25.61660448155363,2.480733882928602,39.3,53.0,16.0,3.2,True,,,,,50.0,,,,,,,,,,,,,,,,,,,,,,,,,,,,,,,,,,,,,,,,0.7020128702359544,0.3120057201048686,,,0.0,2.5630753784688656,2.50915834498438,50.0,73.8,42.5,73.8,2.62,0.78,,,,,COOL,COOL,COOL,1.84,,COOL,Red,Red,Red,Red,55.0,46.0,48.0,49.0,POINTS,55.0,,,,,,,C,Passenger,7.2,,87.8,,0.0,1.1734567901234567,63.36666666666667,1.1734567901234567,0.0716776954546311,7.2,7.2,3.37559179379274,1.363492898474487,2.367175170962651,8.328119961302805,7.946608826228414,87.8,73.3,False,,,,,,False,False,1.0,,False,0.0,,False,0.0,,,,,,,,,,,,,,,,,,,,,,,,,,,,,,,,,,,,,,,,,,,,,,,,,,,,,,,,,,,,,,,,,,,,,,,,,,,,,,,,,,,,,,,,,,,,,,,,,,,,,,,,ALTLINE_NB_v1_2026-01-18,,,,league_avg,2.3,,,,,,,,,,,,,,,,,,,,,,,,,exp/fallback,0.262,,,,,,,,,,,,,,,,,,,,,,,,,exp/fallback,0.184,,,,,,,,,,,,,,,,,,,,,,,,,exp/fallback,0.2112,,,,,,,,,,,,,,,,,,,,,,,,,exp/fallback,0.1557,,,,,,,,,,,,,,,,,,,,,,False,False,False,False,False,,,Active roster,2026-10-02T00:14:24+00:00,False,[],2025-2026,,2026-09-24-frozen-v2,2026-10-02T00:14:28.971676+00:00,2026020016,8484304.0,PLAYER_ID,FINAL,0.0,,NO_LINE,0.0,,NO_LINE,1.0,,NO_LINE,0.0,,NO_LINE,0.0,,NO_LINE,0.0,,NO_LINE
2026-10-01,FLA@SJS,2026020016,9:00 PM,2026-10-02T02:00:00Z,Adam Gaudette,8478874,SJS,False,"{""season"":""2026-27"",""games"":[]}",2026-27,SJS,R,,Healthy,Unknown,,,0.0,0.0,,33.0,22.0,2026-10-02T00:13:56+00:00,FLA,Akira Schmid,,,50.0,Confirmed,dailyfaceoff_name_only,23.0,5.0,23.0,5.0,2.8,71.1,43.8,A1+A2,11.47,24.2,52.2,1.01,NONE,False,False,24.120778137796272,2.325004045022133,32.5,32.5,17.0,4.25,True,0.5,1.125,1.0,0.675,10.6,2.0,2.0,12.0,0.0,0.0,0.0,4.0,15.0,1.0,5.0,27.0,57.0,LOW,0.2,,LOW,0.2,,LOW,0.375,,LOW,0.0,,LOW,0.05,,LOW,0.125,,LOW,1.2,,LOW,1.35,,LOW,1.425,,1.4925009145226191,0.175588342885014,,,0.0,2.5561842144182134,2.6924815874317054,50.0,62.6,61.8,75.7,3.08,1.86,6.75,1.08,-0.14,-5.25,COOL,COOL,COOL,1.22,1.22,COOL,Red,Red,Red,Red,48.0,48.0,61.0,52.0,GOAL,61.0,5.0,10.0,5.0,0.0,0.0,10.0,B,Distributor,8.2,,35.2,,1.0,0.9376262626262626,61.88333333333333,0.9376262626262626,0.081717542971587,8.2,8.2,3.378938863452734,1.3186102881766766,2.4239159709130083,7.404435233160622,6.195408690126301,35.2,61.4,False,,,,🥅 D:5,,False,False,1.0,,False,0.0,,False,0.0,,,,,,,,,,,,,,,,,,,,,,,,,,,,,,,,,,,,,,,,,,,,,,,,,,,,,,,,,,,,,,,,,,,,,,,,,,,,,,,,,,,,,,,,,,,,,,,,,,,,,,,,ALTLINE_NB_v1_2026-01-18,,,,exp/fallback,0.675,,,,,,,,,,,,,,,,,,,,,,,,,exp/fallback,0.308,,,,,,,,,,,,,,,,,,,,,,,,,exp/fallback,0.122,,,,,,,,,,,,,,,,,,,,,,,,,exp/fallback,0.1908,,,,,,,,,,,,,,,,,,,,,,,,,exp/fallback,0.169425,,,,,,,,,,,,,,,,,,,,,,False,False,False,False,False,2.8,,Active roster,2026-10-02T00:14:24+00:00,False,[],2025-2026,,2026-09-24-frozen-v2,2026-10-02T00:14:28.971676+00:00,2026020016,,,NO_PLAYER,,,NO_PLAYER,,,NO_PLAYER,,,NO_PLAYER,,,NO_PLAYER,,,NO_PLAYER,,,NO_PLAYER
2026-10-01,FLA@SJS,2026020016,9:00 PM,2026-10-02T02:00:00Z,Alex Barr-Boulet,8479718,COL,True,,2026-27,SJS,C,,Healthy,Unknown,,,0.0,0.0,,33.0,22.0,2026-10-02T00:13:56+00:00,FLA,Akira Schmid,,,50.0,Confirmed,dailyfaceoff_name_only,23.0,5.0,23.0,5.0,,5.5,17.6,A1+A2,8.4,4.8,9.6,0.94,NONE,False,False,24.120778137796272,2.325004045022133,32.5,32.5,17.0,4.25,True,,,,,50.0,,,,,,,,,,,,,,,,,,,,,,,,,,,,,,,,,,,,,,,,0.0719424460431654,0.0,,,0.0,2.5561842144182134,2.6924815874317054,50.0,62.6,34.9,75.7,5.08,0.38,,,,,COOL,COOL,COOL,4.7,,COOL,Red,Red,Red,Red,27.0,19.0,19.0,20.0,POINTS,27.0,,,,,,,,Passenger,17.3,,35.2,,,1.45,2.9,1.45,0.1726190476190476,17.3,17.3,0.0,0.0,0.0,7.404435233160622,6.195408690126301,35.2,55.3,False,,,,,,False,False,0.0,,False,0.0,,False,0.0,,,,,,,,,,,,,,,,,,,,,,,,,,,,,,,,,,,,,,,,,,,,,,,,,,,,,,,,,,,,,,,,,,,,,,,,,,,,,,,,,,,,,,,,,,,,,,,,,,,,,,,,ALTLINE_NB_v1_2026-01-18,,,,league_avg,2.3,,,,,,,,,,,,,,,,,,,,,,,,,exp/fallback,0.508,,,,,,,,,,,,,,,,,,,,,,,,,exp/fallback,0.47,,,,,,,,,,,,,,,,,,,,,,,,,exp/fallback,0.1951999999999999,,,,,,,,,,,,,,,,,,,,,,,,,exp/fallback,0.1296999999999999,,,,,,,,,,,,,,,,,,,,,,False,False,False,False,False,,,Active roster,2026-10-02T00:14:24+00:00,False,[],2025-2026,,2026-09-24-frozen-v2,2026-10-02T00:14:28.971676+00:00,2026020016,,,NO_PLAYER,,,NO_PLAYER,,,NO_PLAYER,,,NO_PLAYER,,,NO_PLAYER,,,NO_PLAYER,,,NO_PLAYER
2026-10-01,FLA@SJS,2026020016,9:00 PM,2026-10-02T02:00:00Z,Alexander Wennberg,8477505,SJS,False,"{""season"":""2026-27"",""games"":[]}",2026-27,SJS,C,,Healthy,Unknown,,,0.0,0.0,,33.0,22.0,2026-10-02T00:13:56+00:00,FLA,Akira Schmid,,,50.0,Confirmed,dailyfaceoff_name_only,23.0,5.0,23.0,5.0,5.6,82.4,91.3,A1+A2,20.46,89.6,87.0,1.15,NONE,False,False,24.120778137796272,2.325004045022133,32.5,32.5,17.0,4.25,True,1.0,1.125,0.6,0.86,13.0,9.0,4.0,11.0,0.0,2.0,5.0,16.0,29.0,10.0,18.0,22.0,46.0,GOOD,0.9,0.4,GOOD,0.8,,OK,0.725,,OK,0.5,,OK,0.5,,OK,0.45,,LOW,1.1,,LOW,1.1,,LOW,1.15,,1.597136984072995,0.7453305925673978,,,5.0,2.5561842144182134,2.6924815874317054,50.0,62.6,63.6,75.7,8.66,2.82,9.46,-1.13,-1.44,-2.4,COOL,COOL,COOL,5.84,0.31,COOL,Green,Red,Yellow,Yellow,68.0,68.0,68.0,75.0,ASSISTS,75.0,1.0,1.0,6.0,10.0,3.0,9.0,A,Hybrid,15.4,,35.2,,2.0,3.152708333333333,252.21666666666667,3.152708333333333,0.1541211337318844,15.4,15.4,3.328685653869028,2.064891297165136,1.486816890239873,7.404435233160622,6.195408690126301,35.2,66.3,False,,,,🅰️ D:1,,False,False,1.0,,False,0.0,,False,0.0,,1.5,145.0,BetRivers,,,,,,,,,,1.5,145.0,BetRivers,0.5,115.0,theScore Bet,1.5,600.0,theScore Bet,2.5,2800.0,Fanatics,,,,0.5,115.0,theScore Bet,0.5,190.0,Hard Rock Bet,1.5,1100.0,Fanatics,2.5,2500.0,Bovada,,,,0.5,190.0,Hard Rock Bet,0.5,410.0,BetRivers,,,,,,,,,,0.5,410.0,BetRivers,0.5,410.0,BetRivers,,,,,,,,,,0.5,410.0,BetRivers,The Odds API,"[""Bally Bet"", ""BetRivers"", ""Bovada"", ""Fanatics"", ""Fliff"", ""Hard Rock Bet"", ""theScore Bet""]",The Odds API,"[""Bally Bet"", ""BetRivers"", ""Bovada"", ""Fanatics"", ""betrivers""]",The Odds API,"[""Bally Bet"", ""BetRivers"", ""Fanatics"", ""Fliff"", ""Hard Rock Bet"", ""draftkings"", ""theScore Bet""]",The Odds API,"[""Bally Bet"", ""BetRivers""]",The Odds API,"[""Bally Bet"", ""BetRivers"", ""Bovada"", ""Fanatics"", ""Fliff"", ""Hard Rock Bet"", ""draftkings"", ""theScore Bet""]",0.5,330.0,BetRivers,,,,,,,,,,0.5,330.0,BetRivers,The Odds API,"[""Bally Bet"", ""BetRivers"", ""Fliff"", ""Hard Rock Bet"", ""theScore Bet""]",ALTLINE_NB_v1_2026-01-18,1.5,145.0,BetRivers,exp/fallback,0.946,0.2449362008856832,24.5,0.4081632653061224,-39.99063078300761,-40.0,0.2449362008856832,24.5,-39.99063078300761,-40.0,,,,,,,,,,,,,0.5,115.0,theScore Bet,exp/fallback,0.866,0.5306550409247228,53.1,0.4651162790697674,14.090833798815405,14.1,0.5306550409247228,53.1,14.090833798815405,14.1,0.2187428817971116,21.9,53.12001725797816,53.1,0.0788240324240434,7.9,128.58969402972602,128.6,,,,,0.5,190.0,Hard Rock Bet,exp/fallback,0.584,0.4009335851009784,40.1,0.3448275862068966,16.270739679283743,16.3,0.4009335851009784,40.1,16.270739679283743,16.3,0.1301481467874889,13.0,56.17777614498678,56.2,0.0383493681641853,3.8,-0.2916427731181503,-0.3,,,,,0.5,410.0,BetRivers,exp/fallback,0.2196,0.1898089516692547,19.0,0.196078431372549,-3.1974346486801086,-3.2,0.1898089516692547,19.0,-3.1974346486801086,-3.2,,,,,,,,,,,,,0.5,410.0,BetRivers,exp/fallback,0.216225,0.1831656389187346,18.3,0.196078431372549,-6.585524151445354,-6.6,0.1831656389187346,18.3,-6.585524151445354,-6.6,,,,,,,,,,,,,False,True,False,False,True,5.6,,Active roster,2026-10-02T00:14:24+00:00,False,[],2025-2026,,2026-09-24-frozen-v2,2026-10-02T00:14:28.971676+00:00,2026020016,8477505.0,PLAYER_ID,FINAL,0.0,L,OK,0.0,L,OK,3.0,W,OK,0.0,L,OK,0.0,L,OK,0.0,L,OK
2026-10-01,FLA@SJS,2026020016,9:00 PM,2026-10-02T02:00:00Z,Barclay Goodrow,8476624,SJS,False,,2026-27,SJS,C,,Healthy,Unknown,,,0.0,0.0,,33.0,22.0,2026-10-02T00:13:56+00:00,FLA,Akira Schmid,,,50.0,Confirmed,dailyfaceoff_name_only,23.0,5.0,23.0,5.0,,66.4,40.6,A1+A2,11.35,23.4,48.8,1.0,NONE,False,False,24.120778137796272,2.325004045022133,32.5,32.5,17.0,4.25,True,,,,,50.0,,,,,,,,,,,,,,,,,,,,,,,,,,,,,,,,,,,,,,,,0.7136563876651982,0.237885462555066,,,0.0,2.5561842144182134,2.6924815874317054,50.0,62.6,42.8,75.7,2.05,1.2,,,,,COOL,COOL,COOL,0.85,,COOL,Red,Red,Red,Red,42.0,54.0,58.0,40.0,GOAL,58.0,,,,,,,C,Passenger,0.4,,35.2,,0.0,0.0471544715447154,3.866666666666666,0.0471544715447154,0.0041554719684757,0.4,0.4,0.0,0.0,0.0,7.404435233160622,6.195408690126301,35.2,27.1,False,,,,,,False,False,0.0,,False,0.0,,False,0.0,,,,,,,,,,,,,,,,,,,,,,,,,,,,,,,,,,,,,,,,,,,,,,,0.5,1100.0,Fanatics,,,,,,,,,,0.5,1100.0,Fanatics,0.5,1100.0,Fanatics,,,,,,,,,,0.5,1100.0,Fanatics,The Odds API,"[""Bally Bet"", ""BetMGM"", ""BetRivers"", ""Bovada"", ""Caesars"", ""Courtside"", ""DraftKings"", ""FanDuel"", ""Fanatics"", ""Fliff"", ""Hard Rock Bet"", ""theScore Bet""]",The Odds API,"[""Bally Bet"", ""BetMGM"", ""BetRivers"", ""Bovada"", ""Caesars"", ""Courtside"", ""DraftKings"", ""FanDuel"", ""Fanatics"", ""fanatics""]",,,,,,,,,,,,,,,,,,,,,,,,ALTLINE_NB_v1_2026-01-18,,,,league_avg,2.3,,,,,,,,,,,,,,,,,,,,,,,,,exp/fallback,0.205,,,,,,,,,,,,,,,,,,,,,,,,,exp/fallback,0.0849999999999999,,,,,,,,,,,,,,,,,,,,,,0.5,1100.0,Fanatics,exp/fallback,0.2279999999999999,0.1960313638016801,19.6,0.0833333333333333,135.23763656201623,135.2,0.1960313638016801,19.6,135.23763656201623,135.2,,,,,,,,,,,,,0.5,1100.0,Fanatics,exp/fallback,0.183,0.1587857030104998,15.9,0.0833333333333333,90.54284361259984,90.5,0.1587857030104998,15.9,90.54284361259984,90.5,,,,,,,,,,,,,False,False,True,True,False,,,Active roster,2026-10-02T00:14:24+00:00,False,[],2025-2026,,2026-09-24-frozen-v2,2026-10-02T00:14:28.971676+00:00,2026020016,8476624.0,PLAYER_ID,FINAL,0.0,,NO_LINE,0.0,,NO_LINE,0.0,,NO_LINE,0.0,L,OK,0.0,L,OK,0.0,,NO_LINE
2026-10-01,FLA@SJS,2026020016,9:00 PM,2026-10-02T02:00:00Z,Brett Leason,8481517,WSH,True,,2026-27,SJS,R,,Healthy,Unknown,,,0.0,0.0,,33.0,22.0,2026-10-02T00:13:56+00:00,FLA,Akira Schmid,,,50.0,Confirmed,dailyfaceoff_name_only,23.0,5.0,23.0,5.0,,11.3,6.9,A1+A2,8.58,5.5,8.6,0.94,NONE,False,False,24.120778137796272,2.325004045022133,32.5,32.5,17.0,4.25,True,,,,,50.0,,,,,,,,,,,,,,,,,,,,,,,,,,,,,,,,,,,,,,,,0.0,0.0,,,0.0,2.5561842144182134,2.6924815874317054,50.0,62.6,27.8,75.7,0.42,0.42,,,,,COOL,COOL,COOL,0.0,,COOL,Red,Red,Red,Red,21.0,23.0,22.0,15.0,SOG,23.0,,,,,,,,Passenger,3.9,,35.2,,,0.3305555555555555,1.9833333333333327,0.3305555555555555,0.0385237941081256,3.9,3.9,6.352941176470589,6.352941176470589,0.0,7.404435233160622,6.195408690126301,35.2,36.7,False,,,,,,False,False,0.0,,False,0.0,,False,0.0,,,,,,,,,,,,,,,,,,,,,,,,,,,,,,,,,,,,,,,,,,,,,,,,,,,,,,,,,,,,,,,,,,,,,,,,,,,,,,,,,,,,,,,,,,,,,,,,,,,,,,,,ALTLINE_NB_v1_2026-01-18,,,,league_avg,2.3,,,,,,,,,,,,,,,,,,,,,,,,,exp/fallback,0.0419999999999999,,,,,,,,,,,,,,,,,,,,,,,,,league_avg,0.35,,,,,,,,,,,,,,,,,,,,,,,,,exp/fallback,0.1968,,,,,,,,,,,,,,,,,,,,,,,,,exp/fallback,0.1323,,,,,,,,,,,,,,,,,,,,,,False,False,False,False,False,,,Active roster,2026-10-02T00:14:24+00:00,False,[],2025-2026,,2026-09-24-frozen-v2,2026-10-02T00:14:28.971676+00:00,2026020016,,,NO_PLAYER,,,NO_PLAYER,,,NO_PLAYER,,,NO_PLAYER,,,NO_PLAYER,,,NO_PLAYER,,,NO_PLAYER
2026-10-01,FLA@SJS,2026020016,9:00 PM,2026-10-02T02:00:00Z,Collin Graf,8484911,SJS,False,"{""season"":""2026-27"",""games"":[]}",2026-27,SJS,R,,Healthy,Unknown,,,0.0,0.0,,33.0,22.0,2026-10-02T00:13:56+00:00,FLA,Akira Schmid,,,50.0,Confirmed,dailyfaceoff_name_only,23.0,5.0,23.0,5.0,5.6,86.4,79.4,A1+A2,16.44,61.3,78.9,1.12,NONE,False,False,24.120778137796272,2.325004045022133,32.5,32.5,17.0,4.25,True,1.0,1.25,1.2,1.07,22.0,6.0,2.0,13.0,1.0,1.0,4.0,11.0,24.0,6.0,14.0,34.0,72.0,OK,0.6,0.1,LOW,0.55,,OK,0.6,,LOW,0.4,,LOW,0.3,,LOW,0.35,,LOW,1.3,,LOW,1.7,,LOW,1.8,,1.8213438735177865,0.4553359683794466,,,4.0,2.5561842144182134,2.6924815874317054,50.0,62.6,68.1,75.7,6.15,2.7,11.77,0.15,0.7,-2.3,COOL,COOL,COOL,3.78,-0.56,COOL,Yellow,Red,Yellow,Yellow,60.0,70.0,66.0,68.0,SOG,70.0,0.0,2.0,0.0,7.0,0.0,10.0,C,Passenger,2.9,,35.2,,0.0,0.4738683127572016,38.38333333333333,0.4738683127572016,0.0288192011212333,2.9,2.9,1.559270516717325,0.5627442466348241,1.1723838471558836,7.404435233160622,6.195408690126301,35.2,46.6,False,,,,🎯 D:7,,False,False,0.0,,False,0.0,,False,0.0,,1.5,125.0,BetRivers,,,,,,,,,,1.5,125.0,BetRivers,0.5,175.0,BetRivers,,,,,,,,,,0.5,175.0,BetRivers,,,,,,,,,,,,,,,,0.5,500.0,theScore Bet,,,,,,,,,,0.5,500.0,theScore Bet,0.5,500.0,FanDuel,,,,,,,,,,0.5,500.0,FanDuel,The Odds API,"[""Bally Bet"", ""BetMGM"", ""BetRivers"", ""Bovada"", ""Caesars"", ""Courtside"", ""DraftKings"", ""FanDuel"", ""Fanatics"", ""Fliff"", ""Hard Rock Bet"", ""theScore Bet""]",The Odds API,"[""Bally Bet"", ""BetMGM"", ""BetRivers"", ""Bovada"", ""Caesars"", ""Courtside"", ""DraftKings"", ""FanDuel"", ""Fanatics"", ""fanduel""]",The Odds API,"[""Bally Bet"", ""BetRivers""]",The Odds API,"[""Bally Bet"", ""BetRivers""]",,,,,,,,,,,,,,,,,,,,ALTLINE_NB_v1_2026-01-18,1.5,125.0,BetRivers,exp/fallback,1.177,0.3195036281482534,32.0,0.4444444444444444,-28.111683666642985,-28.1,0.3195036281482534,32.0,-28.111683666642985,-28.1,,,,,,,,,,,,,0.5,175.0,BetRivers,exp/fallback,0.615,0.4270744362957319,42.7,0.3636363636363636,17.445469981326276,17.4,0.4270744362957319,42.7,17.445469981326276,17.4,,,,,,,,,,,,,,,,exp/fallback,0.378,,,,,,,,,,,,,,,,,,,,,,0.5,500.0,theScore Bet,exp/fallback,0.216,0.1871215548357293,18.7,0.1666666666666666,12.272932901437606,12.3,0.1871215548357293,18.7,12.272932901437606,12.3,,,,,,,,,,,,,0.5,500.0,FanDuel,exp/fallback,0.210375,0.1789581978887264,17.9,0.1666666666666666,7.37491873323588,7.4,0.1789581978887264,17.9,7.37491873323588,7.4,,,,,,,,,,,,,False,True,True,False,False,5.6,,Active roster,2026-10-02T00:14:24+00:00,False,[],2025-2026,,2026-09-24-frozen-v2,2026-10-02T00:14:28.971676+00:00,2026020016,8484911.0,PLAYER_ID,FINAL,0.0,L,OK,0.0,,NO_LINE,0.0,L,OK,0.0,L,OK,0.0,L,OK,0.0,,NO_LINE
2026-10-01,FLA@SJS,2026020016,9:00 PM,2026-10-02T02:00:00Z,Darnell Nurse,8477498,EDM,True,,2026-27,SJS,D,,Healthy,Unknown,,,0.0,0.0,,33.0,22.0,2026-10-02T00:13:56+00:00,FLA,Akira Schmid,,,50.0,Confirmed,dailyfaceoff_name_only,23.0,5.0,23.0,5.0,,55.4,66.1,A1+A2,20.98,91.2,66.3,1.06,NONE,False,False,24.120778137796272,2.325004045022133,32.5,32.5,17.0,4.25,True,,,,,50.0,,,,,,,,,,,,,,,,,,,,,,,,,,,,,,,,,,,,,,,,0.8155603741221399,0.3106896663322437,,,0.0,2.5561842144182134,2.6924815874317054,50.0,62.6,46.1,75.7,3.07,0.86,,,,,COOL,COOL,COOL,2.21,,COOL,Red,Red,Red,Red,62.0,53.0,52.0,58.0,POINTS,62.0,,,,,,,,Passenger,1.0,,35.2,,,0.1995934959349593,16.366666666666667,0.1995934959349593,0.0095142131881333,1.0,1.0,0.1832993890020366,0.1832993890020366,0.0,7.404435233160622,6.195408690126301,35.2,30.6,False,,,,,,False,False,0.0,,False,0.0,,False,0.0,,1.5,-118.0,BetRivers,2.5,225.0,Fanatics,3.5,575.0,Fanatics,4.5,1500.0,Fanatics,1.5,-118.0,BetRivers,0.5,235.0,BetRivers,,,,,,,,,,0.5,235.0,BetRivers,,,,,,,,,,,,,,,,0.5,1300.0,FanDuel,,,,,,,,,,0.5,1300.0,FanDuel,0.5,1300.0,FanDuel,,,,,,,,,,0.5,1300.0,FanDuel,The Odds API,"[""Bally Bet"", ""BetMGM"", ""BetRivers"", ""Bovada"", ""Caesars"", ""Courtside"", ""DraftKings"", ""FanDuel"", ""Fanatics"", ""Fliff"", ""Hard Rock Bet"", ""theScore Bet""]",The Odds API,"[""Bally Bet"", ""BetMGM"", ""BetRivers"", ""Bovada"", ""Caesars"", ""Courtside"", ""DraftKings"", ""FanDuel"", ""Fanatics"", ""fanduel""]",The Odds API,"[""Bally Bet"", ""BetRivers""]",The Odds API,"[""Bally Bet"", ""BetOnline.ag"", ""BetRivers"", ""Courtside"", ""DraftKings"", ""Fanatics"", ""Fliff"", ""Hard Rock Bet"", ""ReBet"", ""theScore Bet""]",,,,,,,,,,,,,,,,,,,,ALTLINE_NB_v1_2026-01-18,1.5,-118.0,BetRivers,league_avg,2.3,0.6001759479749428,60.0,0.5412844036697247,10.879963269947057,10.9,0.6001759479749428,60.0,10.879963269947057,10.9,0.3835789960842564,38.4,24.663173727383324,24.7,0.2254288407355011,22.5,52.16446749646329,52.2,0.1243884637071297,12.4,99.0215419314076,99.0,0.5,235.0,BetRivers,exp/fallback,0.307,0.2529328573566373,25.3,0.2985074626865671,-15.267492785526503,-15.3,0.2529328573566373,25.3,-15.267492785526503,-15.3,,,,,,,,,,,,,,,,exp/fallback,0.221,,,,,,,,,,,,,,,,,,,,,,0.5,1300.0,FanDuel,exp/fallback,0.2143999999999999,0.1859231495260123,18.6,0.0714285714285714,160.29240933641722,160.3,0.1859231495260123,18.6,160.29240933641722,160.3,,,,,,,,,,,,,0.5,1300.0,FanDuel,exp/fallback,0.1609,0.141896284163557,14.2,0.0714285714285714,98.65479782897988,98.7,0.141896284163557,14.2,98.65479782897988,98.7,,,,,,,,,,,,,True,False,True,True,False,,,Active roster,2026-10-02T00:14:24+00:00,False,[],2025-2026,,2026-09-24-frozen-v2,2026-10-02T00:14:28.971676+00:00,2026020016,8477498.0,PLAYER_ID,FINAL,0.0,L,OK,0.0,,NO_LINE,0.0,L,OK,0.0,L,OK,0.0,L,OK,0.0,,NO_LINE
2026-10-01,FLA@SJS,2026020016,9:00 PM,2026-10-02T02:00:00Z,Dmitry Orlov,8475200,SJS,False,"{""season"":""2026-27"",""games"":[]}",2026-27,SJS,D,,Healthy,Unknown,,,0.0,0.0,,33.0,22.0,2026-10-02T00:13:56+00:00,FLA,Akira Schmid,,,50.0,Confirmed,dailyfaceoff_name_only,23.0,5.0,23.0,5.0,8.3,45.6,89.1,A1+A2,21.2,91.9,70.1,1.08,NONE,False,False,24.120778137796272,2.325004045022133,32.5,32.5,17.0,4.25,True,1.5,1.75,1.4,1.465,38.2,6.0,0.0,18.0,0.0,2.0,6.0,12.0,16.0,10.0,14.0,29.0,45.0,OK,0.6,0.1,OK,0.6,,LOW,0.4,,GOOD,0.6,,OK,0.5,,LOW,0.35,,LOW,1.8,,LOW,1.45,,LOW,1.125,,0.7151454245883824,0.3365390233357093,,,6.0,2.5561842144182134,2.6924815874317054,50.0,62.6,42.9,75.7,5.09,0.61,14.65,-0.91,0.61,-3.35,COOL,COOL,COOL,4.48,-1.52,COOL,Yellow,Red,Red,Yellow,65.0,46.0,50.0,68.0,ASSISTS,68.0,1.0,1.0,10.0,2.0,2.0,1.0,B,Distributor,11.3,,35.2,,1.0,2.398373983739837,196.66666666666663,2.398373983739837,0.1131536300259869,11.3,11.3,4.093474576271186,0.2684745762711864,4.5,7.404435233160622,6.195408690126301,35.2,71.6,False,,,,🅰️ D:1,,False,False,1.0,,False,0.0,,False,0.0,,1.5,128.0,BetOnline.ag,2.5,425.0,theScore Bet,3.5,1200.0,Fanatics,4.5,2200.0,BetOnline.ag,1.5,128.0,BetOnline.ag,0.5,165.0,BetRivers,1.5,900.0,theScore Bet,2.5,4000.0,Fanatics,3.5,3500.0,BetOnline.ag,0.5,165.0,BetRivers,0.5,195.0,BetRivers,1.5,1200.0,DraftKings,2.5,2500.0,Bovada,,,,0.5,195.0,BetRivers,0.5,950.0,FanDuel,,,,,,,,,,0.5,950.0,FanDuel,0.5,950.0,FanDuel,,,,,,,,,,0.5,950.0,FanDuel,The Odds API,"[""Bally Bet"", ""BetMGM"", ""BetRivers"", ""Bovada"", ""Caesars"", ""Courtside"", ""DraftKings"", ""FanDuel"", ""Fanatics"", ""Fliff"", ""Hard Rock Bet"", ""theScore Bet""]",The Odds API,"[""Bally Bet"", ""BetMGM"", ""BetRivers"", ""Bovada"", ""Caesars"", ""Courtside"", ""DraftKings"", ""FanDuel"", ""Fanatics"", ""betrivers""]",The Odds API,"[""Bally Bet"", ""BetOnline.ag"", ""BetRivers"", ""Bovada"", ""Caesars"", ""Courtside"", ""DraftKings"", ""FanDuel"", ""Fanatics"", ""Fliff"", ""Hard Rock Bet"", ""ReBet"", ""draftkings"", ""theScore Bet""]",The Odds API,"[""BetOnline.ag"", ""Courtside"", ""DraftKings"", ""Fanatics"", ""Fliff"", ""Hard Rock Bet"", ""ReBet"", ""theScore Bet""]",The Odds API,"[""Bally Bet"", ""BetOnline.ag"", ""BetRivers"", ""Bovada"", ""Courtside"", ""DraftKings"", ""FanDuel"", ""Fanatics"", ""Fliff"", ""Hard Rock Bet"", ""ReBet"", ""draftkings"", ""theScore Bet""]",0.5,350.0,Hard Rock Bet,1.5,1000.0,Bovada,,,,,,,0.5,350.0,Hard Rock Bet,The Odds API,"[""Bovada"", ""FanDuel"", ""Fliff"", ""Hard Rock Bet"", ""theScore Bet""]",ALTLINE_NB_v1_2026-01-18,1.5,128.0,BetOnline.ag,exp/fallback,1.465,0.4052597315141537,40.5,0.4385964912280701,-7.600781214772945,-7.6,0.4052597315141537,40.5,-7.600781214772945,-7.6,0.1990191061044467,19.9,4.485030704834536,4.5,0.0884454496633778,8.8,14.97908456239122,15.0,0.0365729498096193,3.7,-15.882215437875525,-15.9,0.5,165.0,BetRivers,exp/fallback,0.509,0.3740066066431,37.4,0.3773584905660377,-0.888249239578498,-0.9,0.3740066066431,37.4,-0.888249239578498,-0.9,0.103556632345547,10.4,3.556632345547017,3.6,0.0246873458206717,2.5,1.2181178647542978,1.2,0.0053786574448354,0.5,-80.63683319859236,-80.6,0.5,195.0,BetRivers,exp/fallback,0.448,0.3325216796958433,33.3,0.3389830508474576,-1.9061044897262125,-1.9,0.3325216796958433,33.3,-1.9061044897262125,-1.9,0.0882158892577207,8.8,14.680656035036945,14.7,0.0211515546276478,2.1,-45.00595796811562,-45.0,,,,,0.5,950.0,FanDuel,exp/fallback,0.1533,0.1382443705716851,13.8,0.0952380952380952,45.15658910026941,45.2,0.1382443705716851,13.8,45.15658910026941,45.2,,,,,,,,,,,,,0.5,950.0,FanDuel,exp/fallback,0.1084875,0.0995253081929944,10.0,0.0952380952380952,4.501573602644148,4.5,0.0995253081929944,10.0,4.501573602644148,4.5,,,,,,,,,,,,,False,False,True,False,False,8.3,,Active roster,2026-10-02T00:14:24+00:00,False,[],2025-2026,,2026-09-24-frozen-v2,2026-10-02T00:14:28.971676+00:00,2026020016,8475200.0,PLAYER_ID,FINAL,0.0,L,OK,0.0,L,OK,1.0,L,OK,0.0,L,OK,0.0,L,OK,0.0,L,OK
2026-10-01,FLA@SJS,2026020016,9:00 PM,2026-10-02T02:00:00Z,Igor Chernyshov,8484994,SJS,False,,2026-27,SJS,L,,Healthy,Unknown,,,0.0,0.0,,33.0,22.0,2026-10-02T00:13:56+00:00,FLA,Akira Schmid,,,50.0,Confirmed,dailyfaceoff_name_only,23.0,5.0,23.0,5.0,,60.9,49.3,A1+A2,15.06,50.7,54.8,1.02,NONE,False,False,24.120778137796272,2.325004045022133,32.5,32.5,17.0,4.25,True,,,,,50.0,,,,,,,,,,,,,,,,,,,,,,,,,,,,,,,,,,,,,,,,2.181157225083308,1.090578612541654,,,0.0,2.5561842144182134,2.6924815874317054,50.0,62.6,72.1,75.7,6.59,2.96,,,,,COOL,COOL,COOL,3.64,,COOL,Red,Red,Red,Red,52.0,53.0,53.0,51.0,SOG,53.0,,,,,,,C,Passenger,7.3,,35.2,,0.0,1.101190476190476,30.83333333333333,1.101190476190476,0.0731312013282207,7.3,7.3,7.686486486486487,4.378378378378379,3.891891891891892,7.404435233160622,6.195408690126301,35.2,65.5,False,,,,,,False,False,0.0,,False,0.0,,False,0.0,,1.5,118.0,BetRivers,,,,,,,,,,1.5,118.0,BetRivers,0.5,140.0,Fanatics,1.5,750.0,Fanatics,2.5,3500.0,Fanatics,3.5,3900.0,BetOnline.ag,0.5,140.0,Fanatics,0.5,275.0,Bovada,1.5,1700.0,BetOnline.ag,2.5,3300.0,Bovada,,,,0.5,275.0,Bovada,0.5,380.0,FanDuel,,,,,,,,,,0.5,380.0,FanDuel,0.5,380.0,FanDuel,,,,,,,,,,0.5,380.0,FanDuel,The Odds API,"[""Bally Bet"", ""BetMGM"", ""BetRivers"", ""Bovada"", ""Caesars"", ""Courtside"", ""DraftKings"", ""FanDuel"", ""Fanatics"", ""Fliff"", ""Hard Rock Bet"", ""theScore Bet""]",The Odds API,"[""Bally Bet"", ""BetMGM"", ""BetRivers"", ""Bovada"", ""Caesars"", ""Courtside"", ""DraftKings"", ""FanDuel"", ""Fanatics"", ""fanduel""]",The Odds API,"[""Bally Bet"", ""BetOnline.ag"", ""BetRivers"", ""Bovada"", ""Caesars"", ""Courtside"", ""DraftKings"", ""Fanatics"", ""Fliff"", ""Hard Rock Bet"", ""ReBet"", ""draftkings"", ""theScore Bet""]",The Odds API,"[""Bally Bet"", ""BetRivers""]",The Odds API,"[""Bally Bet"", ""BetOnline.ag"", ""BetRivers"", ""Bovada"", ""Courtside"", ""DraftKings"", ""Fanatics"", ""Fliff"", ""Hard Rock Bet"", ""ReBet"", ""draftkings"", ""theScore Bet""]",0.5,400.0,Bovada,,,,,,,,,,0.5,400.0,Bovada,The Odds API,"[""Bally Bet"", ""BetRivers"", ""Bovada"", ""Fliff"", ""Hard Rock Bet"", ""theScore Bet""]",ALTLINE_NB_v1_2026-01-18,1.5,118.0,BetRivers,league_avg,2.3,0.6001759479749428,60.0,0.4587155963302752,30.838356658537524,30.8,0.6001759479749428,60.0,30.838356658537524,30.8,,,,,,,,,,,,,0.5,140.0,Fanatics,exp/fallback,0.659,0.447321338601616,44.7,0.4166666666666667,7.357121264387844,7.4,0.447321338601616,44.7,7.357121264387844,7.4,0.1513677873388401,15.1,28.66261923801414,28.7,0.0443937992508668,4.4,59.81767730312063,59.8,0.0119331866057994,1.2,-52.2672535768022,-52.3,0.5,275.0,Bovada,exp/fallback,0.364,0.284243918220573,28.4,0.2666666666666666,6.591469332714894,6.6,0.284243918220573,28.4,6.591469332714894,6.6,0.063824955642137,6.4,14.884920155846748,14.9,0.0129160074323968,1.3,-56.08557472985072,-56.1,,,,,0.5,380.0,FanDuel,exp/fallback,0.2984,0.2456454028443719,24.6,0.2083333333333333,17.909793365298544,17.9,0.2456454028443719,24.6,17.909793365298544,17.9,,,,,,,,,,,,,0.5,380.0,FanDuel,exp/fallback,0.2974,0.2380648121882149,23.8,0.2083333333333333,14.271109850343178,14.3,0.2380648121882149,23.8,14.271109850343178,14.3,,,,,,,,,,,,,True,False,True,True,False,,,Active roster,2026-10-02T00:14:24+00:00,False,[],2025-2026,,2026-09-24-frozen-v2,2026-10-02T00:14:28.971676+00:00,2026020016,8484994.0,PLAYER_ID,FINAL,0.0,L,OK,0.0,L,OK,1.0,L,OK,0.0,L,OK,0.0,L,OK,0.0,L,OK
2026-10-01,FLA@SJS,2026020016,9:00 PM,2026-10-02T02:00:00Z,Ivar Stenberg,8486103,,,,,SJS,L,,Unknown,,,,,,,,,,,,,,,,,,,,,,,,,,,,,,,,,,,,,,,,,,,,,,,,,,,,,,,,,,,,,,,,,,,,,,,,,,,,,,,,,,,,,,,,,,,,,,,,,,,,,,,,,,,,,,,,,,,,,,,,,,,,,,,,,,,,,,,,,,,,,,,,,,,,,,,,,,,,,,,,,,,,,,,,,,,,,,,,,,,,,,,,,,,,,,,,,,,,,,,,,,,,,,,,,,,,,,,,,,,,,,,,,,,,,,,,,,,,,,,,,,,,,,,,,,,,,,,,,,,,,2.5,300.0,fanduel,,,,,,,,,,,,,,,,,,,,,,,,0.5,130.0,draftkings,,,,,,,,,,,,,,,,,,,,,,,,0.5,255.0,draftkings,,,,,,,,,,,,,,,,,,,,,,,,0.5,350.0,fanduel,,,,,,,,,,,,,,,,,,,,,,,,,,,,,,,,,,,,,,,,,,,,,,,,,,,,,,,,,Active roster,2026-10-02T00:14:24+00:00,True,[],Unavailable,True,2026-09-24-frozen-v2,2026-10-02T00:14:28.971676+00:00,2026020016,8486103.0,PLAYER_ID,FINAL,0.0,L,OK,0.0,L,OK,0.0,L,OK,0.0,L,OK,0.0,,NO_LINE,0.0,,NO_LINE
2026-10-01,FLA@SJS,2026020016,9:00 PM,2026-10-02T02:00:00Z,Jacob Trouba,8476885,ANA,True,"{""season"":""2026-27"",""games"":[]}",2026-27,SJS,D,,Healthy,Unknown,,,0.0,0.0,,33.0,22.0,2026-10-02T00:13:56+00:00,FLA,Akira Schmid,,,50.0,Confirmed,dailyfaceoff_name_only,23.0,5.0,23.0,5.0,13.9,58.8,79.4,A1+A2,22.83,96.7,73.6,1.09,NONE,False,False,24.120778137796272,2.325004045022133,32.5,32.5,17.0,4.25,True,2.5,2.125,2.4,2.465,78.5,0.0,0.0,22.0,0.0,0.0,0.0,1.0,1.0,0.0,0.0,24.0,24.0,LOW,0.0,-0.5,LOW,0.05,,LOW,0.025,,LOW,0.0,,LOW,0.0,,LOW,0.0,,LOW,2.2,,LOW,1.2,,LOW,0.6,,1.047436801289153,0.3625742773693222,,,0.0,2.5561842144182134,2.6924815874317054,50.0,62.6,52.1,75.7,4.41,1.03,27.12,4.41,1.03,2.65,HOT,COOL,HOT,3.72,3.38,HOT,Yellow,Red,Red,Yellow,83.0,61.0,64.0,75.0,POINTS,83.0,10.0,10.0,10.0,0.0,0.0,10.0,,Passenger,2.9,,35.2,,,0.657201646090535,53.23333333333333,0.657201646090535,0.0287903371191635,2.9,2.9,1.577958672510958,0.619912335629305,1.127113337507827,7.404435233160622,6.195408690126301,35.2,46.5,False,,,,🅿️ D:10,,False,False,1.0,,False,0.0,,False,0.0,,1.5,102.0,BetRivers,2.5,320.0,Fanatics,3.5,900.0,Fanatics,4.5,2000.0,DraftKings,1.5,102.0,BetRivers,0.5,260.0,BetRivers,,,,,,,,,,0.5,260.0,BetRivers,,,,,,,,,,,,,,,,0.5,1400.0,Fanatics,,,,,,,,,,0.5,1400.0,Fanatics,0.5,1400.0,Fanatics,,,,,,,,,,0.5,1400.0,Fanatics,The Odds API,"[""Bally Bet"", ""BetMGM"", ""BetRivers"", ""Bovada"", ""Caesars"", ""Courtside"", ""DraftKings"", ""FanDuel"", ""Fanatics"", ""Fliff"", ""Hard Rock Bet"", ""theScore Bet""]",The Odds API,"[""Bally Bet"", ""BetMGM"", ""BetRivers"", ""Bovada"", ""Caesars"", ""Courtside"", ""DraftKings"", ""FanDuel"", ""Fanatics"", ""fanatics""]",The Odds API,"[""Bally Bet"", ""BetRivers""]",The Odds API,"[""Bally Bet"", ""BetOnline.ag"", ""BetRivers"", ""Courtside"", ""DraftKings"", ""Fanatics"", ""Fliff"", ""Hard Rock Bet"", ""theScore Bet""]",,,,,,,,,,,,,,,,,,,,ALTLINE_NB_v1_2026-01-18,1.5,102.0,BetRivers,exp/fallback,2.712,0.6700069921693282,67.0,0.495049504950495,35.34141241820431,35.3,0.6700069921693282,67.0,35.34141241820431,35.3,0.464082668262146,46.4,94.91472067010136,94.9,0.2976742158079511,29.8,197.6742158079512,197.7,0.1800081676333967,18.0,278.0171520301332,278.0,0.5,260.0,BetRivers,exp/fallback,0.441,0.3364206902763753,33.6,0.2777777777777778,21.11144849949512,21.1,0.3364206902763753,33.6,21.11144849949512,21.1,,,,,,,,,,,,,,,,exp/fallback,0.372,,,,,,,,,,,,,,,,,,,,,,0.5,1400.0,Fanatics,exp/fallback,0.2212,0.1909993585540725,19.1,0.0666666666666666,186.4990378311089,186.5,0.1909993585540725,19.1,186.4990378311089,186.5,,,,,,,,,,,,,0.5,1400.0,Fanatics,exp/fallback,0.17195,0.150410237895853,15.0,0.0666666666666666,125.61535684377958,125.6,0.150410237895853,15.0,125.61535684377958,125.6,,,,,,,,,,,,,True,True,True,True,False,13.9,,Active roster,2026-10-02T00:14:24+00:00,False,[],2025-2026,,2026-09-24-frozen-v2,2026-10-02T00:14:28.971676+00:00,2026020016,8476885.0,PLAYER_ID,FINAL,0.0,L,OK,0.0,,NO_LINE,2.0,W,OK,0.0,L,OK,0.0,L,OK,0.0,,NO_LINE
2026-10-01,FLA@SJS,2026020016,9:00 PM,2026-10-02T02:00:00Z,Kiefer Sherwood,8480748,SJS,False,"{""season"":""2026-27"",""games"":[]}",2026-27,SJS,L,,Healthy,Unknown,,,0.0,0.0,,33.0,22.0,2026-10-02T00:13:56+00:00,FLA,Akira Schmid,,,50.0,Confirmed,dailyfaceoff_name_only,23.0,5.0,23.0,5.0,8.3,88.4,56.5,A1+A2,17.27,68.6,73.3,1.09,NONE,False,False,24.120778137796272,2.325004045022133,32.5,32.5,17.0,4.25,True,1.5,1.75,1.8,1.605,46.3,6.0,2.0,18.0,0.0,3.0,4.0,9.0,19.0,6.0,9.0,43.0,102.0,OK,0.6,,LOW,0.45,,LOW,0.475,,LOW,0.4,,LOW,0.3,,LOW,0.225,,LOW,1.8,,LOW,2.15,,OK,2.55,,1.2997060188766827,0.2475630512146062,,,4.0,2.5561842144182134,2.6924815874317054,50.0,62.6,57.7,75.7,5.13,3.16,17.66,-0.87,1.16,-1.95,COOL,COOL,COOL,1.97,-2.03,COOL,Red,Red,Red,Red,47.0,69.0,78.0,56.0,GOAL,78.0,0.0,0.0,5.0,0.0,1.0,1.0,B,Hybrid,9.9,,35.2,,1.0,1.712037037037037,123.26666666666668,1.712037037037037,0.0991580415080173,9.9,9.9,4.115467820443483,2.253650621957815,2.190373174689021,7.404435233160622,6.195408690126301,35.2,62.1,False,,,,🥅 D:5,,False,False,1.0,,False,0.0,,False,0.0,,,,,,,,,,,,,,,,,,,,,,,,,,,,,,,,,,,,,,,,,,,,,,,0.5,600.0,DraftKings,,,,,,,,,,0.5,600.0,DraftKings,0.5,600.0,DraftKings,,,,,,,,,,0.5,600.0,DraftKings,The Odds API,"[""Bally Bet"", ""BetMGM"", ""BetRivers"", ""Bovada"", ""Caesars"", ""Courtside"", ""DraftKings"", ""FanDuel"", ""Fanatics"", ""Fliff"", ""Hard Rock Bet"", ""theScore Bet""]",The Odds API,"[""Bally Bet"", ""BetMGM"", ""BetRivers"", ""Bovada"", ""Caesars"", ""Courtside"", ""DraftKings"", ""FanDuel"", ""Fanatics"", ""betmgm""]",,,,,,,,,,,,,,,,,,,,,,,,ALTLINE_NB_v1_2026-01-18,,,,exp/fallback,1.766,,,,,,,,,,,,,,,,,,,,,,,,,exp/fallback,0.513,,,,,,,,,,,,,,,,,,,,,,,,,exp/fallback,0.197,,,,,,,,,,,,,,,,,,,,,,0.5,600.0,DraftKings,exp/fallback,0.26044,0.219443684557885,21.9,0.1428571428571428,53.610579190519495,53.6,0.219443684557885,21.9,53.610579190519495,53.6,,,,,,,,,,,,,0.5,600.0,DraftKings,exp/fallback,0.26384,0.2161284405483987,21.6,0.1428571428571428,51.28990838387912,51.3,0.2161284405483987,21.6,51.28990838387912,51.3,,,,,,,,,,,,,False,False,True,True,False,8.3,,Active roster,2026-10-02T00:14:24+00:00,False,[],2025-2026,,2026-09-24-frozen-v2,2026-10-02T00:14:28.971676+00:00,2026020016,8480748.0,PLAYER_ID,FINAL,0.0,,NO_LINE,0.0,,NO_LINE,1.0,,NO_LINE,0.0,L,OK,0.0,L,OK,0.0,,NO_LINE
2026-10-01,FLA@SJS,2026020016,9:00 PM,2026-10-02T02:00:00Z,Luca Cagnoni,8484152,SJS,False,,2026-27,SJS,D,,Healthy,Unknown,,,0.0,0.0,,33.0,22.0,2026-10-02T00:13:56+00:00,FLA,Akira Schmid,,,50.0,Confirmed,dailyfaceoff_name_only,23.0,5.0,23.0,5.0,,13.0,6.9,A1+A2,18.03,75.8,23.5,0.94,NONE,False,False,24.120778137796272,2.325004045022133,32.5,32.5,17.0,4.25,True,,,,,50.0,,,,,,,,,,,,,,,,,,,,,,,,,,,,,,,,,,,,,,,,0.0,0.0,,,0.0,2.5561842144182134,2.6924815874317054,50.0,62.6,27.8,75.7,1.0,1.0,,,,,COOL,COOL,COOL,0.0,,COOL,Red,Red,Red,Red,28.0,29.0,27.0,22.0,SOG,29.0,,,,,,,C,Passenger,15.4,,35.2,,0.0,2.783333333333333,8.35,2.783333333333333,0.1543438077634011,15.4,15.4,0.0,0.0,0.0,7.404435233160622,6.195408690126301,35.2,53.0,False,,,,,,False,False,0.0,,False,0.0,,False,0.0,,1.5,123.0,BetRivers,2.5,350.0,Fanatics,3.5,1000.0,Fanatics,4.5,2200.0,BetOnline.ag,1.5,123.0,BetRivers,0.5,150.0,theScore Bet,1.5,1100.0,theScore Bet,2.5,3000.0,Fanatics,3.5,3600.0,BetOnline.ag,0.5,150.0,theScore Bet,0.5,180.0,Fanatics,1.5,1200.0,DraftKings,2.5,1700.0,Bovada,,,,0.5,180.0,Fanatics,0.5,750.0,DraftKings,,,,,,,,,,0.5,750.0,DraftKings,0.5,750.0,DraftKings,,,,,,,,,,0.5,750.0,DraftKings,The Odds API,"[""Bally Bet"", ""BetMGM"", ""BetRivers"", ""Bovada"", ""Caesars"", ""Courtside"", ""DraftKings"", ""FanDuel"", ""Fanatics"", ""Fliff"", ""Hard Rock Bet"", ""theScore Bet""]",The Odds API,"[""Bally Bet"", ""BetMGM"", ""BetRivers"", ""Bovada"", ""Caesars"", ""Courtside"", ""DraftKings"", ""FanDuel"", ""Fanatics"", ""fanatics""]",The Odds API,"[""Bally Bet"", ""BetOnline.ag"", ""BetRivers"", ""Bovada"", ""Caesars"", ""Courtside"", ""DraftKings"", ""FanDuel"", ""Fanatics"", ""Fliff"", ""Hard Rock Bet"", ""ReBet"", ""draftkings"", ""theScore Bet""]",The Odds API,"[""Bally Bet"", ""BetOnline.ag"", ""BetRivers"", ""Courtside"", ""DraftKings"", ""Fanatics"", ""Fliff"", ""Hard Rock Bet"", ""ReBet"", ""theScore Bet""]",The Odds API,"[""Bally Bet"", ""BetOnline.ag"", ""BetRivers"", ""Bovada"", ""Courtside"", ""DraftKings"", ""FanDuel"", ""Fanatics"", ""Fliff"", ""Hard Rock Bet"", ""ReBet"", ""draftkings"", ""theScore Bet""]",0.5,290.0,BetRivers,,,,,,,,,,0.5,290.0,BetRivers,The Odds API,"[""Bally Bet"", ""BetRivers"", ""Bovada"", ""FanDuel"", ""Fliff"", ""Hard Rock Bet"", ""theScore Bet""]",ALTLINE_NB_v1_2026-01-18,1.5,123.0,BetRivers,league_avg,2.3,0.6001759479749428,60.0,0.4484304932735426,33.83923639841224,33.8,0.6001759479749428,60.0,33.83923639841224,33.8,0.3835789960842564,38.4,72.61054823791537,72.6,0.2254288407355011,22.5,147.9717248090513,148.0,0.1243884637071297,12.4,186.09346652639843,186.1,0.5,150.0,theScore Bet,exp/fallback,0.1,0.0936137965290038,9.4,0.4,-76.59655086774904,-76.6,0.0936137965290038,9.4,-76.59655086774904,-76.6,0.006040250299922,0.6,-92.75169964009352,-92.8,0.0003289320675906,0.0,-98.98031059046896,-99.0,1.623509512804766e-05,0.0,-99.93993014802622,-99.9,0.5,180.0,Fanatics,league_avg,0.35,0.2756903576278859,27.6,0.3571428571428571,-22.80669986419193,-22.8,0.2756903576278859,27.6,-22.80669986419193,-22.8,0.0599385492617242,6.0,-22.07988595975846,-22.1,0.0117386771799221,1.2,-78.8703810761401,-78.9,,,,,0.5,750.0,DraftKings,exp/fallback,0.22,0.190106783173378,19.0,0.1176470588235294,61.59076569737134,61.6,0.190106783173378,19.0,61.59076569737134,61.6,,,,,,,,,,,,,0.5,750.0,DraftKings,exp/fallback,0.1699999999999999,0.1489179289892833,14.9,0.1176470588235294,26.580239640890856,26.6,0.1489179289892833,14.9,26.580239640890856,26.6,,,,,,,,,,,,,True,False,True,True,False,,,Active roster,2026-10-02T00:14:24+00:00,False,[],2025-2026,,2026-09-24-frozen-v2,2026-10-02T00:14:28.971676+00:00,2026020016,8484152.0,PLAYER_ID,FINAL,2.0,W,OK,1.0,W,OK,3.0,W,OK,1.0,W,OK,1.0,W,OK,1.0,W,OK
2026-10-01,FLA@SJS,2026020016,9:00 PM,2026-10-02T02:00:00Z,Macklin Celebrini,8484801,SJS,False,"{""season"":""2026-27"",""games"":[]}",2026-27,SJS,C,👑 ELITE,Healthy,Unknown,,,0.0,0.0,,33.0,22.0,2026-10-02T00:13:56+00:00,FLA,Akira Schmid,,,50.0,Confirmed,dailyfaceoff_name_only,23.0,5.0,23.0,5.0,16.7,97.8,99.4,A1+A2,21.32,92.7,97.3,1.26,ELITE,True,False,24.120778137796272,2.325004045022133,32.5,32.5,17.0,4.25,True,3.0,3.375,3.0,3.0,86.6,14.0,7.0,34.0,3.0,4.0,7.0,25.0,51.0,13.0,29.0,70.0,151.0,ELITE,1.4,-0.1,ELITE,1.25,,ELITE,1.275,,GOOD,0.7,,GOOD,0.65,,GOOD,0.725,,GOOD,3.4,,STRONG,3.5,,STRONG,3.775,,2.762547187325948,1.1139303174701405,,,7.0,2.5561842144182134,2.6924815874317054,50.0,62.6,74.7,75.7,17.2,6.59,40.5,1.64,-2.12,-4.0,WARM,COOL,COOL,14.53,3.76,HOT,Green,Green,Green,Green,79.0,84.0,88.0,90.0,ASSISTS,90.0,0.0,0.0,0.0,0.0,3.0,0.0,A,Distributor,16.3,,35.2,,2.0,3.4813008130081298,285.46666666666664,3.4813008130081298,0.1633197932757404,16.3,16.3,4.67655301261093,1.2821111630079405,3.993460999532929,7.404435233160622,6.195408690126301,35.2,78.1,False,,,,🅰️ D:0,,False,False,1.0,,False,0.0,,False,0.0,,1.5,-700.0,DraftKings,2.5,-217.0,BetOnline.ag,3.5,123.0,BetRivers,4.5,240.0,theScore Bet,3.5,123.0,BetRivers,0.5,-260.0,theScore Bet,1.5,180.0,theScore Bet,2.5,575.0,Fanatics,3.5,1700.0,Fanatics,1.5,180.0,theScore Bet,0.5,-105.0,theScore Bet,1.5,460.0,Fanatics,2.5,1700.0,Fanatics,,,,0.5,-105.0,theScore Bet,0.5,138.0,BetRivers,,,,,,,,,,0.5,138.0,BetRivers,0.5,138.0,BetRivers,,,,,,,,,,0.5,138.0,BetRivers,The Odds API,"[""Bally Bet"", ""BetMGM"", ""BetRivers"", ""Bovada"", ""Caesars"", ""Courtside"", ""DraftKings"", ""FanDuel"", ""Fanatics"", ""Fliff"", ""Hard Rock Bet"", ""fanduel"", ""theScore Bet""]",The Odds API,"[""Bally Bet"", ""BetMGM"", ""BetRivers"", ""Bovada"", ""Caesars"", ""Courtside"", ""DraftKings"", ""FanDuel"", ""Fanatics"", ""betrivers""]",The Odds API,"[""Bally Bet"", ""BetOnline.ag"", ""BetRivers"", ""Bovada"", ""Caesars"", ""Courtside"", ""DraftKings"", ""FanDuel"", ""Fanatics"", ""Fliff"", ""Hard Rock Bet"", ""ReBet"", ""draftkings"", ""theScore Bet""]",The Odds API,"[""Bally Bet"", ""BetOnline.ag"", ""BetRivers"", ""Courtside"", ""DraftKings"", ""FanDuel"", ""Fanatics"", ""Fliff"", ""Hard Rock Bet"", ""ReBet"", ""fanduel"", ""theScore Bet""]",The Odds API,"[""Bally Bet"", ""BetOnline.ag"", ""BetRivers"", ""Bovada"", ""Courtside"", ""DraftKings"", ""FanDuel"", ""Fanatics"", ""Fliff"", ""Hard Rock Bet"", ""ReBet"", ""draftkings"", ""theScore Bet""]",0.5,155.0,BetRivers,1.5,550.0,Bovada,,,,,,,0.5,155.0,BetRivers,The Odds API,"[""Bally Bet"", ""BetRivers"", ""Bovada"", ""FanDuel"", ""Fliff"", ""Hard Rock Bet"", ""theScore Bet""]",ALTLINE_NB_v1_2026-01-18,3.5,123.0,BetRivers,exp/fallback,4.05,0.5067932161829787,50.7,0.4484304932735426,13.014887208804248,13.0,0.8163578763174997,81.6,-6.701956992285751,-6.7,0.6620547485105094,66.2,-3.285089733718216,-3.3,0.5067932161829787,50.7,13.014887208804248,13.0,0.3700955627206962,37.0,25.83249132503671,25.8,1.5,180.0,theScore Bet,exp/fallback,1.72,0.4605054238838594,46.1,0.3571428571428571,28.94151868748064,28.9,0.7398343434864367,74.0,2.4386014058143166,2.4,0.4605054238838594,46.1,28.94151868748064,28.9,0.2580704203516544,25.8,74.19753373736673,74.2,0.1349077174119608,13.5,142.83389134152952,142.8,0.5,-105.0,theScore Bet,exp/fallback,1.4529999999999998,0.664519845286617,66.5,0.5121951219512195,29.73958884167284,29.7,0.664519845286617,66.5,29.73958884167284,29.7,0.3821840996749487,38.2,114.02309581797128,114.0,0.2039765243605464,20.4,267.15774384898367,267.2,,,,,0.5,138.0,BetRivers,exp/fallback,0.4436,0.3352581276035176,33.5,0.4201680672268907,-20.20856563036282,-20.2,0.3352581276035176,33.5,-20.20856563036282,-20.2,,,,,,,,,,,,,0.5,138.0,BetRivers,exp/fallback,0.53335,0.3673945679428273,36.7,0.4201680672268907,-12.560092829607106,-12.6,0.3673945679428273,36.7,-12.560092829607106,-12.6,,,,,,,,,,,,,True,True,False,False,True,16.7,,Active roster,2026-10-02T00:14:24+00:00,False,"[{""market"":""Points"",""name"":""DPS Tank stance"",""kind"":""STANCE"",""rule"":""Conf_Points >= 75"",""icon"":""PTS15_TWO_HANDED_HAMMER.svg"",""kit_version"":""2026-09-24-frozen-v2""},{""market"":""Points"",""name"":""Backbone"",""kind"":""FLOOR"",""rule"":""Conf_Points >= 75 + Conf_Goal <= 88 + Conf_SOG >= 80"",""icon"":""PTS15_TWO_HANDED_HAMMER.svg"",""kit_version"":""2026-09-24-frozen-v2""},{""market"":""Points"",""name"":""Blade Impale (Power Tier)"",""kind"":""HEAVY"",""rule"":""Backbone + Assists_mu <= 1.55"",""icon"":""PTS15_BLADE_IMPALE.svg"",""kit_version"":""2026-09-24-frozen-v2""},{""market"":""Assists"",""name"":""Staff (Green Stance)"",""kind"":""STANCE"",""rule"":""Green + Assists 0.5"",""icon"":""staff.svg"",""kit_version"":""2026-09-24-frozen-v2""},{""market"":""Assists"",""name"":""Staff Awakened"",""kind"":""STANCE"",""rule"":""Green + Assists 0.5 + Conf_Assists ≥ 83"",""icon"":""staff.svg"",""kit_version"":""2026-09-24-frozen-v2""},{""market"":""SOG"",""name"":""Sniper Stance"",""kind"":""STANCE"",""rule"":""Green + SOG 3.5 + Conf_SOG >= 75"",""icon"":""sog_class_shooter.svg"",""kit_version"":""2026-09-24-frozen-v2""},{""market"":""SOG"",""name"":""Strong"",""kind"":""FLOOR"",""rule"":""PPP10_total >= 3 + opp_5v5_HDCA60 >= 2.36"",""icon"":""sog_berserkers_rage.svg"",""kit_version"":""2026-09-24-frozen-v2""},{""market"":""SOG"",""name"":""Permission Special"",""kind"":""SUPPORT"",""rule"":""Best_Conf >= 89 + opp_5v5_HDCA60 >= 2.36"",""icon"":""sog_env_paralysis.svg"",""kit_version"":""2026-09-24-frozen-v2""},{""market"":""SOG"",""name"":""Enhanced Enraged"",""kind"":""SPECIAL"",""rule"":""Strong + Assists_Model% >= 56.3"",""icon"":""sog_enhanced_enraged_1.svg"",""kit_version"":""2026-09-24-frozen-v2""}]",2025-2026,,2026-09-24-frozen-v2,2026-10-02T00:14:28.971676+00:00,2026020016,8484801.0,PLAYER_ID,FINAL,3.0,W,OK,3.0,W,OK,7.0,W,OK,0.0,L,OK,0.0,L,OK,1.0,W,OK
2026-10-01,FLA@SJS,2026020016,9:00 PM,2026-10-02T02:00:00Z,Mason Marchment,8478975,CBJ,True,"{""season"":""2026-27"",""games"":[]}",2026-27,SJS,L,,Healthy,Unknown,,,0.0,0.0,,33.0,22.0,2026-10-02T00:13:56+00:00,FLA,Akira Schmid,,,50.0,Confirmed,dailyfaceoff_name_only,23.0,5.0,23.0,5.0,11.1,81.9,80.9,A1+A2,17.37,70.1,79.2,1.12,NONE,False,False,24.120778137796272,2.325004045022133,32.5,32.5,17.0,4.25,True,2.0,1.875,2.0,2.0,61.0,9.0,2.0,18.0,1.0,3.0,7.0,15.0,32.0,10.0,17.0,40.0,73.0,GOOD,0.9,0.4,OK,0.75,,GOOD,0.8,,GOOD,0.7,,OK,0.5,,LOW,0.425,,LOW,1.8,,LOW,2.0,,LOW,1.825,,2.1163665681268475,0.7860790110185434,,,7.0,2.5561842144182134,2.6924815874317054,50.0,62.6,71.5,75.7,7.12,3.14,22.0,-1.88,0.85,2.0,COOL,COOL,WARM,4.7,-2.73,COOL,Yellow,Red,Yellow,Yellow,61.0,68.0,69.0,72.0,ASSISTS,72.0,0.0,0.0,1.0,0.0,1.0,7.0,,Passenger,12.9,,35.2,,,2.2455882352941177,152.7,2.2455882352941177,0.1292661935465666,12.9,12.9,1.7170923379174852,0.7151277013752456,1.1787819253438114,7.404435233160622,6.195408690126301,35.2,60.1,False,,,,🅰️ D:0,,False,False,0.0,,False,0.0,,False,0.0,,1.5,-120.0,BetRivers,2.5,250.0,FanDuel,3.5,575.0,Fanatics,4.5,1500.0,Fanatics,1.5,-120.0,BetRivers,0.5,105.0,theScore Bet,1.5,550.0,theScore Bet,2.5,1900.0,Fanatics,3.5,4400.0,BetOnline.ag,0.5,105.0,theScore Bet,0.5,210.0,Hard Rock Bet,1.5,1200.0,DraftKings,2.5,3300.0,Bovada,,,,0.5,210.0,Hard Rock Bet,0.5,290.0,DraftKings,,,,,,,,,,0.5,290.0,DraftKings,0.5,290.0,DraftKings,,,,,,,,,,0.5,290.0,DraftKings,The Odds API,"[""Bally Bet"", ""BetMGM"", ""BetRivers"", ""Bovada"", ""Caesars"", ""Courtside"", ""DraftKings"", ""FanDuel"", ""Fanatics"", ""Fliff"", ""Hard Rock Bet"", ""fanduel"", ""theScore Bet""]",The Odds API,"[""Bally Bet"", ""BetMGM"", ""BetRivers"", ""Bovada"", ""Caesars"", ""Courtside"", ""DraftKings"", ""FanDuel"", ""Fanatics"", ""betmgm""]",The Odds API,"[""Bally Bet"", ""BetOnline.ag"", ""BetRivers"", ""Bovada"", ""Caesars"", ""Courtside"", ""DraftKings"", ""FanDuel"", ""Fanatics"", ""Fliff"", ""Hard Rock Bet"", ""ReBet"", ""draftkings"", ""theScore Bet""]",The Odds API,"[""Bally Bet"", ""BetOnline.ag"", ""BetRivers"", ""Courtside"", ""DraftKings"", ""FanDuel"", ""Fanatics"", ""Fliff"", ""Hard Rock Bet"", ""ReBet"", ""theScore Bet""]",The Odds API,"[""Bally Bet"", ""BetOnline.ag"", ""BetRivers"", ""Bovada"", ""Courtside"", ""DraftKings"", ""FanDuel"", ""Fanatics"", ""Fliff"", ""Hard Rock Bet"", ""ReBet"", ""draftkings"", ""theScore Bet""]",0.5,450.0,Hard Rock Bet,,,,,,,,,,0.5,450.0,Hard Rock Bet,The Odds API,"[""Hard Rock Bet"", ""theScore Bet""]",ALTLINE_NB_v1_2026-01-18,1.5,-120.0,BetRivers,exp/fallback,2.2,0.5808468089046723,58.1,0.5454545454545454,6.48858163252326,6.5,0.5808468089046723,58.1,6.48858163252326,6.5,0.3627068685926952,36.3,26.94740400744332,26.9,0.2078978786938726,20.8,40.33106811836406,40.3,0.1117664898050877,11.2,78.82638368814038,78.8,0.5,105.0,theScore Bet,exp/fallback,0.712,0.4704479650631764,47.0,0.4878048780487805,-3.558167162048831,-3.6,0.4704479650631764,47.0,-3.558167162048831,-3.6,0.1686219573182048,16.9,9.604272256833148,9.6,0.0525015768168973,5.3,5.003153633794755,5.0,0.0149970116128247,1.5,-32.51344774228867,-32.5,0.5,210.0,Hard Rock Bet,exp/fallback,0.47,0.344359028995722,34.4,0.3225806451612903,6.751298988673826,6.8,0.344359028995722,34.4,6.751298988673826,6.8,0.0948438416499644,9.5,23.29699414495372,23.3,0.0236259440472278,2.4,-19.67179023942533,-19.7,,,,,0.5,290.0,DraftKings,exp/fallback,0.3056,0.2504758345947246,25.0,0.2564102564102564,-2.3144245080573778,-2.3,0.2504758345947246,25.0,-2.3144245080573778,-2.3,,,,,,,,,,,,,0.5,290.0,DraftKings,exp/fallback,0.3091,0.2454753515162532,24.5,0.2564102564102564,-4.264612908661247,-4.3,0.2454753515162532,24.5,-4.264612908661247,-4.3,,,,,,,,,,,,,False,False,False,False,False,11.1,,Active roster,2026-10-02T00:14:24+00:00,False,[],2025-2026,,2026-09-24-frozen-v2,2026-10-02T00:14:28.971676+00:00,2026020016,8478975.0,PLAYER_ID,FINAL,1.0,W,OK,0.0,L,OK,4.0,W,OK,1.0,W,OK,1.0,W,OK,0.0,L,OK
2026-10-01,FLA@SJS,2026020016,9:00 PM,2026-10-02T02:00:00Z,Michael Kesselring,8480891,BUF,True,,2026-27,SJS,D,,Healthy,Unknown,,,0.0,0.0,,33.0,22.0,2026-10-02T00:13:56+00:00,FLA,Akira Schmid,,,50.0,Confirmed,dailyfaceoff_name_only,23.0,5.0,23.0,5.0,,27.8,24.0,A1+A2,13.39,38.5,28.6,0.94,NONE,False,False,24.120778137796272,2.325004045022133,32.5,32.5,17.0,4.25,True,,,,,50.0,,,,,,,,,,,,,,,,,,,,,,,,,,,,,,,,,,,,,,,,0.2848213932513153,0.0,,,0.0,2.5561842144182134,2.6924815874317054,50.0,62.6,36.0,75.7,1.03,0.47,,,,,COOL,COOL,COOL,0.55,,COOL,Red,Red,Red,Red,34.0,34.0,33.0,29.0,POINTS,34.0,,,,,,,,Passenger,0.0,,35.2,,,0.0009803921568627,0.0333333333333333,0.0009803921568627,7.319304666056724e-05,0.0,0.0,0.0,0.0,0.0,7.404435233160622,6.195408690126301,35.2,15.0,False,,,,,,False,False,0.0,,False,0.0,,False,0.0,,1.5,148.0,BetRivers,,,,,,,,,,1.5,148.0,BetRivers,,,,,,,,,,,,,,,,,,,,,,,,,,,,,,,0.5,1800.0,Fanatics,,,,,,,,,,0.5,1800.0,Fanatics,0.5,1800.0,Fanatics,,,,,,,,,,0.5,1800.0,Fanatics,The Odds API,"[""Bally Bet"", ""BetMGM"", ""BetRivers"", ""Bovada"", ""Caesars"", ""Courtside"", ""DraftKings"", ""FanDuel"", ""Fanatics"", ""Fliff"", ""Hard Rock Bet"", ""theScore Bet""]",The Odds API,"[""Bally Bet"", ""BetMGM"", ""BetRivers"", ""Bovada"", ""Caesars"", ""Courtside"", ""DraftKings"", ""FanDuel"", ""Fanatics"", ""fanatics""]",,,The Odds API,"[""Bally Bet"", ""BetRivers""]",,,,,,,,,,,,,,,,,,,,ALTLINE_NB_v1_2026-01-18,1.5,148.0,BetRivers,league_avg,2.3,0.6001759479749428,60.0,0.4032258064516129,48.84363509778581,48.8,0.6001759479749428,60.0,48.84363509778581,48.8,,,,,,,,,,,,,,,,exp/fallback,0.103,,,,,,,,,,,,,,,,,,,,,,,,,exp/fallback,0.055,,,,,,,,,,,,,,,,,,,,,,0.5,1800.0,Fanatics,exp/fallback,0.1988,0.1741079835873404,17.4,0.0526315789473684,230.80516881594687,230.8,0.1741079835873404,17.4,230.80516881594687,230.8,,,,,,,,,,,,,0.5,1800.0,Fanatics,exp/fallback,0.13555,0.1218234410669462,12.2,0.0526315789473684,131.46453802719776,131.5,0.1218234410669462,12.2,131.46453802719776,131.5,,,,,,,,,,,,,True,False,True,True,False,,,Active roster,2026-10-02T00:14:24+00:00,False,[],2025-2026,,2026-09-24-frozen-v2,2026-10-02T00:14:28.971676+00:00,2026020016,8480891.0,PLAYER_ID,FINAL,0.0,,NO_LINE,0.0,,NO_LINE,1.0,L,OK,0.0,L,OK,0.0,L,OK,0.0,,NO_LINE
2026-10-01,FLA@SJS,2026020016,9:00 PM,2026-10-02T02:00:00Z,Michael Misa,8485402,SJS,False,,2026-27,SJS,C,,Healthy,Unknown,,,0.0,0.0,,33.0,22.0,2026-10-02T00:13:56+00:00,FLA,Akira Schmid,,,50.0,Confirmed,dailyfaceoff_name_only,23.0,5.0,23.0,5.0,,65.2,54.3,A1+A2,12.81,35.2,55.4,1.02,NONE,False,False,24.120778137796272,2.325004045022133,32.5,32.5,17.0,4.25,True,,,,,50.0,,,,,,,,,,,,,,,,,,,,,,,,,,,,,,,,,,,,,,,,1.8651037787779683,0.233137972347246,,,0.0,2.5561842144182134,2.6924815874317054,50.0,62.6,69.2,75.7,4.91,2.19,,,,,COOL,COOL,COOL,2.72,,COOL,Red,Red,Red,Red,53.0,54.0,55.0,52.0,GOAL,55.0,,,,,,,C,Passenger,9.1,,35.2,,0.0,1.1596296296296296,52.18333333333333,1.1596296296296296,0.0905201075486426,9.1,9.1,5.493133184286171,3.782816991376557,2.012136697540722,7.404435233160622,6.195408690126301,35.2,60.0,False,,,,,,False,False,0.0,,False,0.0,,False,0.0,,1.5,165.0,BetRivers,,,,,,,,,,1.5,165.0,BetRivers,0.5,160.0,theScore Bet,1.5,900.0,theScore Bet,2.5,4000.0,Fanatics,3.5,3500.0,BetOnline.ag,0.5,160.0,theScore Bet,0.5,290.0,Bovada,1.5,1700.0,Fanatics,2.5,3300.0,Bovada,,,,0.5,290.0,Bovada,0.5,400.0,DraftKings,,,,,,,,,,0.5,400.0,DraftKings,0.5,400.0,DraftKings,,,,,,,,,,0.5,400.0,DraftKings,The Odds API,"[""Bally Bet"", ""BetMGM"", ""BetRivers"", ""Bovada"", ""Caesars"", ""Courtside"", ""DraftKings"", ""FanDuel"", ""Fanatics"", ""Fliff"", ""Hard Rock Bet"", ""fanduel"", ""theScore Bet""]",The Odds API,"[""Bally Bet"", ""BetMGM"", ""BetRivers"", ""Bovada"", ""Caesars"", ""Courtside"", ""DraftKings"", ""FanDuel"", ""Fanatics"", ""fanatics""]",The Odds API,"[""Bally Bet"", ""BetOnline.ag"", ""BetRivers"", ""Bovada"", ""Caesars"", ""Courtside"", ""DraftKings"", ""Fanatics"", ""Fliff"", ""Hard Rock Bet"", ""ReBet"", ""draftkings"", ""theScore Bet""]",The Odds API,"[""Bally Bet"", ""BetRivers""]",The Odds API,"[""BetOnline.ag"", ""Bovada"", ""Courtside"", ""DraftKings"", ""Fanatics"", ""Fliff"", ""Hard Rock Bet"", ""ReBet"", ""draftkings"", ""theScore Bet""]",0.5,500.0,Hard Rock Bet,,,,,,,,,,0.5,500.0,Hard Rock Bet,The Odds API,"[""Bovada"", ""Hard Rock Bet"", ""theScore Bet""]",ALTLINE_NB_v1_2026-01-18,1.5,165.0,BetRivers,league_avg,2.3,0.6001759479749428,60.0,0.3773584905660377,59.04662621335983,59.0,0.6001759479749428,60.0,59.04662621335983,59.0,,,,,,,,,,,,,0.5,160.0,theScore Bet,exp/fallback,0.491,0.3643430678550542,36.4,0.3846153846153846,-5.2708023576859,-5.3,0.3643430678550542,36.4,-5.2708023576859,-5.3,0.0980056068462489,9.8,-1.9943931537510728,-2.0,0.0226795045167329,2.3,-7.0140314813949,-7.0,0.0047947645430597,0.5,-82.73884764498503,-82.7,0.5,290.0,Bovada,exp/fallback,0.272,0.2251041460027771,22.5,0.2564102564102564,-12.2093830589169,-12.2,0.2251041460027771,22.5,-12.2093830589169,-12.2,0.0395657020879491,4.0,-28.78173624169147,-28.8,0.0062471787088779,0.6,-78.75959238981507,-78.8,,,,,0.5,400.0,DraftKings,exp/fallback,0.2676,0.2244822955635959,22.4,0.2,12.241147781797943,12.2,0.2244822955635959,22.4,12.241147781797943,12.2,,,,,,,,,,,,,0.5,400.0,DraftKings,exp/fallback,0.24735,0.2049651200199427,20.5,0.2,2.4825600099713574,2.5,0.2049651200199427,20.5,2.4825600099713574,2.5,,,,,,,,,,,,,True,False,True,False,False,,,Active roster,2026-10-02T00:14:24+00:00,False,[],2025-2026,,2026-09-24-frozen-v2,2026-10-02T00:14:28.971676+00:00,2026020016,8485402.0,PLAYER_ID,FINAL,0.0,L,OK,0.0,L,OK,4.0,W,OK,0.0,L,OK,0.0,L,OK,0.0,L,OK
2026-10-01,FLA@SJS,2026020016,9:00 PM,2026-10-02T02:00:00Z,Sam Dickinson,8484806,SJS,False,,2026-27,SJS,D,,Healthy,Unknown,,,0.0,0.0,,33.0,22.0,2026-10-02T00:13:56+00:00,FLA,Akira Schmid,,,50.0,Confirmed,dailyfaceoff_name_only,23.0,5.0,23.0,5.0,,45.3,56.5,A1+A2,16.76,64.4,53.1,1.01,NONE,False,False,24.120778137796272,2.325004045022133,32.5,32.5,17.0,4.25,True,,,,,50.0,,,,,,,,,,,,,,,,,,,,,,,,,,,,,,,,,,,,,,,,0.6037597767918401,0.2195490097424873,,,0.0,2.5561842144182134,2.6924815874317054,50.0,62.6,39.8,75.7,2.46,0.63,,,,,COOL,COOL,COOL,1.83,,COOL,Red,Red,Red,Red,54.0,46.0,45.0,49.0,POINTS,54.0,,,,,,,C,Passenger,1.8,,35.2,,0.0,0.299537037037037,21.566666666666663,0.299537037037037,0.0178763849363136,1.8,1.8,0.1391035548686244,0.1391035548686244,0.0,7.404435233160622,6.195408690126301,35.2,33.1,False,,,,,,False,False,0.0,,False,0.0,,False,0.0,,,,,,,,,,,,,,,,,,,,,,,,,,,,,,,,,,,,,,,,,,,,,,,,,,,,,,,,,,,,,,,,,,,,,,,,,,,,,,,,,,,,,,,,,,,,,,,,,,,,,,,,ALTLINE_NB_v1_2026-01-18,,,,league_avg,2.3,,,,,,,,,,,,,,,,,,,,,,,,,exp/fallback,0.246,,,,,,,,,,,,,,,,,,,,,,,,,exp/fallback,0.183,,,,,,,,,,,,,,,,,,,,,,,,,exp/fallback,0.2052,,,,,,,,,,,,,,,,,,,,,,,,,exp/fallback,0.14595,,,,,,,,,,,,,,,,,,,,,,False,False,False,False,False,,,Active roster,2026-10-02T00:14:24+00:00,False,[],2025-2026,,2026-09-24-frozen-v2,2026-10-02T00:14:28.971676+00:00,2026020016,,,NO_PLAYER,,,NO_PLAYER,,,NO_PLAYER,,,NO_PLAYER,,,NO_PLAYER,,,NO_PLAYER,,,NO_PLAYER
2026-10-01,FLA@SJS,2026020016,9:00 PM,2026-10-02T02:00:00Z,Ty Dellandrea,8480848,SJS,False,,2026-27,SJS,C,,Healthy,Unknown,,,0.0,0.0,,33.0,22.0,2026-10-02T00:13:56+00:00,FLA,Akira Schmid,,,50.0,Confirmed,dailyfaceoff_name_only,23.0,5.0,23.0,5.0,,55.6,46.6,A1+A2,14.19,44.6,50.3,1.0,NONE,False,False,24.120778137796272,2.325004045022133,32.5,32.5,17.0,4.25,True,,,,,50.0,,,,,,,,,,,,,,,,,,,,,,,,,,,,,,,,,,,,,,,,1.0438816934080803,0.6959211289387203,,,0.0,2.5561842144182134,2.6924815874317054,50.0,62.6,52.0,75.7,3.4,1.44,,,,,COOL,COOL,COOL,1.96,,COOL,Red,Red,Red,Red,48.0,50.0,50.0,45.0,SOG,50.0,,,,,,,C,Passenger,0.9,,35.2,,0.0,0.1206521739130434,5.55,0.1206521739130434,0.0085027065672556,0.9,0.9,0.2162162162162162,0.2162162162162162,0.0,7.404435233160622,6.195408690126301,35.2,30.3,False,,,,,,False,False,0.0,,False,0.0,,False,0.0,,,,,,,,,,,,,,,,,,,,,,,,,,,,,,,,,,,,,,,,,,,,,,,0.5,650.0,BetRivers,,,,,,,,,,0.5,650.0,BetRivers,0.5,650.0,BetRivers,,,,,,,,,,0.5,650.0,BetRivers,The Odds API,"[""Bally Bet"", ""BetRivers""]",The Odds API,"[""Bally Bet"", ""BetRivers"", ""betrivers""]",,,,,,,,,,,,,,,,,,,,,,,,ALTLINE_NB_v1_2026-01-18,,,,league_avg,2.3,,,,,,,,,,,,,,,,,,,,,,,,,exp/fallback,0.3399999999999999,,,,,,,,,,,,,,,,,,,,,,,,,exp/fallback,0.196,,,,,,,,,,,,,,,,,,,,,,0.5,650.0,BetRivers,exp/fallback,0.2375999999999999,0.2030610721781736,20.3,0.1333333333333333,52.2958041336302,52.3,0.2030610721781736,20.3,52.2958041336302,52.3,,,,,,,,,,,,,0.5,650.0,BetRivers,exp/fallback,0.1986,0.1703801457882775,17.0,0.1333333333333333,27.78510934120816,27.8,0.1703801457882775,17.0,27.78510934120816,27.8,,,,,,,,,,,,,False,False,True,True,False,,,Active roster,2026-10-02T00:14:24+00:00,False,[],2025-2026,,2026-09-24-frozen-v2,2026-10-02T00:14:28.971676+00:00,2026020016,,,NO_PLAYER,,,NO_PLAYER,,,NO_PLAYER,,,NO_PLAYER,,,NO_PLAYER,,,NO_PLAYER,,,NO_PLAYER
2026-10-01,FLA@SJS,2026020016,9:00 PM,2026-10-02T02:00:00Z,Tyler Toffoli,8475726,SJS,False,"{""season"":""2026-27"",""games"":[]}",2026-27,SJS,C,,Healthy,Unknown,,,0.0,0.0,,33.0,22.0,2026-10-02T00:13:56+00:00,FLA,Akira Schmid,,,50.0,Confirmed,dailyfaceoff_name_only,23.0,5.0,23.0,5.0,8.3,91.1,85.3,A1+A2,14.97,49.5,80.7,1.12,NONE,False,False,24.120778137796272,2.325004045022133,32.5,32.5,17.0,4.25,True,1.5,1.625,1.6,1.535,41.9,5.0,1.0,17.0,1.0,1.0,4.0,11.0,23.0,8.0,14.0,34.0,87.0,LOW,0.5,0.0,LOW,0.55,,LOW,0.575,,LOW,0.4,,LOW,0.4,,LOW,0.35,,LOW,1.7,,LOW,1.7,,LOW,2.175,,2.0258863252673045,0.718862889610979,,,4.0,2.5561842144182134,2.6924815874317054,50.0,62.6,70.7,75.7,7.53,3.27,15.35,2.53,2.27,-1.65,HOT,WARM,COOL,4.26,0.26,COOL,Yellow,Red,Red,Yellow,70.0,68.0,72.0,70.0,GOAL,72.0,2.0,3.0,2.0,2.0,2.0,9.0,A,Hybrid,18.5,,35.2,,2.0,2.771729957805907,218.96666666666667,2.771729957805907,0.1851204734394815,18.5,18.5,4.43629167300959,2.80590653067438,1.9181001674531888,7.404435233160622,6.195408690126301,35.2,71.0,False,,,,🥅 D:2,,False,False,1.0,,False,0.0,,False,0.0,,1.5,-135.0,DraftKings,2.5,220.0,theScore Bet,3.5,575.0,Fanatics,4.5,1300.0,Fanatics,1.5,-135.0,DraftKings,0.5,163.0,BetRivers,1.5,900.0,theScore Bet,2.5,4000.0,Fanatics,3.5,3300.0,BetOnline.ag,0.5,163.0,BetRivers,0.5,330.0,Bovada,1.5,1900.0,Fanatics,2.5,3300.0,Bovada,,,,0.5,330.0,Bovada,0.5,410.0,BetRivers,,,,,,,,,,0.5,410.0,BetRivers,0.5,410.0,BetRivers,,,,,,,,,,0.5,410.0,BetRivers,The Odds API,"[""Bally Bet"", ""BetMGM"", ""BetRivers"", ""Bovada"", ""Caesars"", ""Courtside"", ""DraftKings"", ""FanDuel"", ""Fanatics"", ""Fliff"", ""Hard Rock Bet"", ""theScore Bet""]",The Odds API,"[""Bally Bet"", ""BetMGM"", ""BetRivers"", ""Bovada"", ""Caesars"", ""Courtside"", ""DraftKings"", ""FanDuel"", ""Fanatics"", ""betrivers""]",The Odds API,"[""Bally Bet"", ""BetOnline.ag"", ""BetRivers"", ""Bovada"", ""Caesars"", ""Courtside"", ""DraftKings"", ""Fanatics"", ""Fliff"", ""Hard Rock Bet"", ""ReBet"", ""draftkings"", ""theScore Bet""]",The Odds API,"[""Bally Bet"", ""BetOnline.ag"", ""BetRivers"", ""Courtside"", ""DraftKings"", ""FanDuel"", ""Fanatics"", ""Fliff"", ""Hard Rock Bet"", ""ReBet"", ""theScore Bet""]",The Odds API,"[""BetOnline.ag"", ""Bovada"", ""Courtside"", ""DraftKings"", ""Fanatics"", ""Fliff"", ""Hard Rock Bet"", ""ReBet"", ""draftkings"", ""theScore Bet""]",0.5,450.0,Bovada,,,,,,,,,,0.5,450.0,Bovada,The Odds API,"[""Bovada"", ""Hard Rock Bet"", ""theScore Bet""]",ALTLINE_NB_v1_2026-01-18,1.5,-135.0,DraftKings,exp/fallback,1.535,0.4246809846720112,42.5,0.574468085106383,-26.074050816353605,-26.1,0.4246809846720112,42.5,-26.074050816353605,-26.1,0.2149073159388854,21.5,-31.22965889955665,-31.2,0.0985558863073233,9.9,-33.47477674255672,-33.5,0.0420881305986,4.2,-41.07661716195992,-41.1,0.5,163.0,BetRivers,exp/fallback,0.753,0.4874503889014588,48.7,0.3802281368821292,28.19945228108368,28.2,0.4874503889014588,48.7,28.19945228108368,28.2,0.1820015683900414,18.2,82.00156839004144,82.0,0.0591318764542726,5.9,142.44069346251786,142.4,0.0176388626843446,1.8,-40.02786687322812,-40.0,0.5,330.0,Bovada,exp/fallback,0.426,0.320360834025999,32.0,0.2325581395348837,37.75515863117956,37.8,0.320360834025999,32.0,37.75515863117956,37.8,0.0816746965940744,8.2,63.349393188148895,63.3,0.0188055944427967,1.9,-36.060978894491136,-36.1,,,,,0.5,410.0,BetRivers,exp/fallback,0.2641799999999999,0.2220812831376001,22.2,0.196078431372549,13.261454400176053,13.3,0.2220812831376001,22.2,13.261454400176053,13.3,,,,,,,,,,,,,0.5,410.0,BetRivers,exp/fallback,0.2699175,0.2201776823924551,22.0,0.196078431372549,12.290618020152122,12.3,0.2201776823924551,22.0,12.290618020152122,12.3,,,,,,,,,,,,,False,True,True,True,True,8.3,,Active roster,2026-10-02T00:14:24+00:00,False,[],2025-2026,,2026-09-24-frozen-v2,2026-10-02T00:14:28.971676+00:00,2026020016,8475726.0,PLAYER_ID,FINAL,0.0,L,OK,0.0,L,OK,1.0,L,OK,0.0,L,OK,0.0,L,OK,0.0,L,OK
2026-10-01,FLA@SJS,2026020016,9:00 PM,2026-10-02T02:00:00Z,Will Smith,8484227,SJS,False,"{""season"":""2026-27"",""games"":[]}",2026-27,SJS,C,,Healthy,Unknown,,,0.0,0.0,,33.0,22.0,2026-10-02T00:13:56+00:00,FLA,Akira Schmid,,,50.0,Confirmed,dailyfaceoff_name_only,23.0,5.0,23.0,5.0,11.1,87.2,89.9,A1+A2,18.18,76.8,86.1,1.14,NONE,False,False,24.120778137796272,2.325004045022133,32.5,32.5,17.0,4.25,True,2.0,1.875,2.2,2.0700000000000003,65.0,8.0,3.0,20.0,1.0,2.0,5.0,14.0,32.0,9.0,20.0,45.0,95.0,GOOD,0.8,0.3,OK,0.7,,GOOD,0.8,,OK,0.5,,OK,0.45,,OK,0.5,,LOW,2.0,,LOW,2.25,,LOW,2.375,,2.260308840997794,0.9774308501612082,,,5.0,2.5561842144182134,2.6924815874317054,50.0,62.6,73.0,75.7,10.05,3.66,22.77,1.14,0.33,0.7,COOL,COOL,COOL,6.38,0.8,COOL,Yellow,Red,Yellow,Yellow,71.0,72.0,73.0,76.0,ASSISTS,76.0,0.0,0.0,0.0,0.0,2.0,5.0,A,Hybrid,17.1,,35.2,,2.0,3.110628019323672,214.63333333333333,3.110628019323672,0.1710725577193868,17.1,17.1,2.6857431278148782,1.55707407982606,1.3278459388103745,7.404435233160622,6.195408690126301,35.2,67.4,False,,,,🅰️ D:0,,False,False,0.0,,False,0.0,,False,0.0,,1.5,-217.0,BetOnline.ag,2.5,128.0,BetRivers,3.5,320.0,Fanatics,4.5,750.0,Fanatics,2.5,128.0,BetRivers,0.5,-125.0,theScore Bet,1.5,390.0,Fanatics,2.5,1500.0,Fanatics,3.5,3200.0,BetOnline.ag,0.5,-125.0,theScore Bet,0.5,155.0,Hard Rock Bet,1.5,950.0,DraftKings,2.5,4000.0,Fanatics,,,,0.5,155.0,Hard Rock Bet,0.5,250.0,FanDuel,,,,,,,,,,0.5,250.0,FanDuel,0.5,250.0,FanDuel,,,,,,,,,,0.5,250.0,FanDuel,The Odds API,"[""Bally Bet"", ""BetMGM"", ""BetRivers"", ""Bovada"", ""Caesars"", ""Courtside"", ""DraftKings"", ""FanDuel"", ""Fanatics"", ""Fliff"", ""Hard Rock Bet"", ""fanduel"", ""theScore Bet""]",The Odds API,"[""Bally Bet"", ""BetMGM"", ""BetRivers"", ""Bovada"", ""Caesars"", ""Courtside"", ""DraftKings"", ""FanDuel"", ""Fanatics"", ""fanduel""]",The Odds API,"[""Bally Bet"", ""BetOnline.ag"", ""BetRivers"", ""Bovada"", ""Caesars"", ""Courtside"", ""DraftKings"", ""FanDuel"", ""Fanatics"", ""Fliff"", ""Hard Rock Bet"", ""ReBet"", ""draftkings"", ""theScore Bet""]",The Odds API,"[""Bally Bet"", ""BetOnline.ag"", ""BetRivers"", ""Courtside"", ""DraftKings"", ""FanDuel"", ""Fanatics"", ""Fliff"", ""Hard Rock Bet"", ""ReBet"", ""fanduel"", ""theScore Bet""]",The Odds API,"[""Bally Bet"", ""BetOnline.ag"", ""BetRivers"", ""Bovada"", ""Courtside"", ""DraftKings"", ""FanDuel"", ""Fanatics"", ""Fliff"", ""Hard Rock Bet"", ""ReBet"", ""draftkings"", ""theScore Bet""]",0.5,200.0,theScore Bet,1.5,800.0,Bovada,,,,,,,0.5,200.0,theScore Bet,The Odds API,"[""Bally Bet"", ""BetRivers"", ""Bovada"", ""FanDuel"", ""Fliff"", ""Hard Rock Bet"", ""theScore Bet""]",ALTLINE_NB_v1_2026-01-18,2.5,128.0,BetRivers,exp/fallback,2.277,0.3788213731934684,37.9,0.4385964912280701,-13.6287269118892,-13.6,0.5958181358089664,59.6,-12.96112946938141,-13.0,0.3788213731934684,37.9,-13.6287269118892,-13.6,0.2213889601058505,22.1,-7.016636755542782,-7.0,0.1214480953534393,12.1,3.230881050423462,3.2,0.5,-125.0,theScore Bet,exp/fallback,1.005,0.5773213147582488,57.7,0.5555555555555556,3.91783665648478,3.9,0.5773213147582488,57.7,3.91783665648478,3.9,0.2630678813068263,26.3,28.903261840344907,28.9,0.1053599671824625,10.5,68.57594749194007,68.6,0.038916721690452,3.9,28.425181578491653,28.4,0.5,155.0,Hard Rock Bet,exp/fallback,0.638,0.4252084050625343,42.5,0.392156862745098,8.428143290946256,8.4,0.4252084050625343,42.5,8.428143290946256,8.4,0.1471818413247761,14.7,54.54093339101499,54.5,0.0463208020916319,4.6,89.91528857569087,89.9,,,,,0.5,250.0,FanDuel,exp/fallback,0.3264,0.2641895343921072,26.4,0.2857142857142857,-7.533662962762467,-7.5,0.2641895343921072,26.4,-7.533662962762467,-7.5,,,,,,,,,,,,,0.5,250.0,FanDuel,exp/fallback,0.3429,0.2662289254003706,26.6,0.2857142857142857,-6.819876109870304,-6.8,0.2662289254003706,26.6,-6.819876109870304,-6.8,,,,,,,,,,,,,False,False,False,False,False,11.1,,Active roster,2026-10-02T00:14:24+00:00,False,[],2025-2026,,2026-09-24-frozen-v2,2026-10-02T00:14:28.971676+00:00,2026020016,8484227.0,PLAYER_ID,FINAL,3.0,W,OK,1.0,W,OK,3.0,W,OK,2.0,W,OK,2.0,W,OK,1.0,W,OK
2026-10-01,FLA@SJS,2026020016,9:00 PM,2026-10-02T02:00:00Z,Zack Ostapchuk,8482859,SJS,False,,2026-27,SJS,C,,Healthy,Unknown,,,0.0,0.0,,33.0,22.0,2026-10-02T00:13:56+00:00,FLA,Akira Schmid,,,50.0,Confirmed,dailyfaceoff_name_only,23.0,5.0,23.0,5.0,,49.4,28.5,A1+A2,10.09,14.7,35.1,0.94,NONE,False,False,24.120778137796272,2.325004045022133,32.5,32.5,17.0,4.25,True,,,,,50.0,,,,,,,,,,,,,,,,,,,,,,,,,,,,,,,,,,,,,,,,0.6934857289626609,0.2311619096542203,,,0.0,2.5561842144182134,2.6924815874317054,50.0,62.6,42.1,75.7,1.32,0.84,,,,,COOL,COOL,COOL,0.48,,COOL,Red,Red,Red,Red,35.0,44.0,48.0,32.0,GOAL,48.0,,,,,,,C,Passenger,0.3,,35.2,,0.0,0.0347457627118644,2.05,0.0347457627118644,0.0034420999608216,0.3,0.3,0.2926829268292683,0.2926829268292683,0.0,7.404435233160622,6.195408690126301,35.2,25.1,False,,,,,,False,False,0.0,,False,0.0,,False,0.0,,,,,,,,,,,,,,,,,,,,,,,,,,,,,,,,,,,,,,,,,,,,,,,0.5,950.0,DraftKings,,,,,,,,,,0.5,950.0,DraftKings,0.5,950.0,DraftKings,,,,,,,,,,0.5,950.0,DraftKings,The Odds API,"[""BetMGM"", ""Bovada"", ""Caesars"", ""Courtside"", ""DraftKings"", ""Fanatics"", ""Fliff"", ""Hard Rock Bet"", ""theScore Bet""]",The Odds API,"[""BetMGM"", ""Bovada"", ""Caesars"", ""Courtside"", ""DraftKings"", ""Fanatics"", ""fanatics""]",,,,,,,,,,,,,,,,,,,,,,,,ALTLINE_NB_v1_2026-01-18,,,,league_avg,2.3,,,,,,,,,,,,,,,,,,,,,,,,,exp/fallback,0.132,,,,,,,,,,,,,,,,,,,,,,,,,exp/fallback,0.048,,,,,,,,,,,,,,,,,,,,,,0.5,950.0,DraftKings,exp/fallback,0.2135999999999999,0.1853230191762027,18.5,0.0952380952380952,94.58917013501288,94.6,0.1853230191762027,18.5,94.58917013501288,94.6,,,,,,,,,,,,,0.5,950.0,DraftKings,exp/fallback,0.1596,0.1408853896280385,14.1,0.0952380952380952,47.92965910944046,47.9,0.1408853896280385,14.1,47.92965910944046,47.9,,,,,,,,,,,,,False,False,True,True,False,,,Active roster,2026-10-02T00:14:24+00:00,False,[],2025-2026,,2026-09-24-frozen-v2,2026-10-02T00:14:28.971676+00:00,2026020016,8482859.0,PLAYER_ID,FINAL,0.0,,NO_LINE,0.0,,NO_LINE,0.0,,NO_LINE,0.0,L,OK,0.0,L,OK,0.0,,NO_LINE
2026-10-01,MIN@NSH,2026020012,7:00 PM,2026-10-02T00:00:00Z,Blake Coleman,8476399,CGY,True,"{""season"":""2026-27"",""games"":[]}",2026-27,MIN,L,,Healthy,Unknown,,,2.0,0.0,,33.0,21.0,2026-10-01T17:24:18+00:00,NSH,Juuse Saros,0.8935294117647059,3.163828640515069,63.5,Confirmed,dailyfaceoff_name_and_stats,26.5,4.0,26.5,4.0,12.5,87.0,60.9,A1+A2,17.33,69.9,74.5,1.1,NONE,False,False,26.95519628987012,2.550162966806661,64.2,72.3,7.0,1.75,True,3.0,2.75,2.6,2.8600000000000003,84.1,6.0,4.0,28.0,1.0,1.0,2.0,13.0,23.0,6.0,11.0,60.0,110.0,OK,0.6,0.1,OK,0.65,,LOW,0.575,,LOW,0.2,,LOW,0.3,,LOW,0.275,,OK,2.8,,GOOD,3.0,,OK,2.75,,1.8368016327125625,0.5248004664893036,,,2.0,2.580998232374455,2.3695289505603,50.0,66.1,68.2,66.1,5.56,3.49,31.46,-0.44,-0.83,0.6,COOL,COOL,COOL,2.39,0.39,COOL,Red,Yellow,Yellow,Red,52.0,76.0,80.0,62.0,GOAL,80.0,1.0,2.0,1.0,1.0,0.0,10.0,,Passenger,7.2,,41.6,,,1.2492753623188406,86.2,1.2492753623188406,0.0720926666759593,7.2,7.2,1.6200696055684454,1.1763341067285382,0.5220417633410672,7.253821602553335,7.107302724133521,41.6,52.9,False,,,,🥅 D:1,,False,False,0.0,,False,0.0,,False,0.0,,1.5,-220.0,theScore Bet,2.5,140.0,theScore Bet,3.5,360.0,theScore Bet,4.5,750.0,Fanatics,2.5,140.0,theScore Bet,0.5,135.0,theScore Bet,1.5,800.0,theScore Bet,2.5,3000.0,Fanatics,3.5,3700.0,BetOnline.ag,0.5,135.0,theScore Bet,0.5,350.0,Hard Rock Bet,1.5,2200.0,Fanatics,2.5,3300.0,Bovada,,,,0.5,350.0,Hard Rock Bet,0.5,295.0,BetRivers,,,,,,,,,,0.5,295.0,BetRivers,0.5,295.0,BetRivers,,,,,,,,,,0.5,295.0,BetRivers,The Odds API,"[""Bally Bet"", ""BetMGM"", ""BetRivers"", ""Bovada"", ""Caesars"", ""Courtside"", ""DraftKings"", ""FanDuel"", ""Fanatics"", ""Hard Rock Bet"", ""fanduel"", ""theScore Bet""]",The Odds API,"[""Bally Bet"", ""BetMGM"", ""BetRivers"", ""Bovada"", ""Caesars"", ""Courtside"", ""DraftKings"", ""FanDuel"", ""Fanatics"", ""betrivers""]",The Odds API,"[""Bally Bet"", ""BetOnline.ag"", ""BetRivers"", ""Bovada"", ""Caesars"", ""Courtside"", ""DraftKings"", ""Fanatics"", ""Hard Rock Bet"", ""draftkings"", ""theScore Bet""]",The Odds API,"[""Bally Bet"", ""BetOnline.ag"", ""BetRivers"", ""Bovada"", ""Caesars"", ""Courtside"", ""DraftKings"", ""FanDuel"", ""Fanatics"", ""Hard Rock Bet"", ""caesars"", ""theScore Bet""]",The Odds API,"[""Bally Bet"", ""BetOnline.ag"", ""BetRivers"", ""Bovada"", ""Courtside"", ""DraftKings"", ""Fanatics"", ""Hard Rock Bet"", ""draftkings"", ""theScore Bet""]",,,,,,,,,,,,,,,,,,ALTLINE_NB_v1_2026-01-18,2.5,140.0,theScore Bet,exp/fallback,3.146,0.5386744414798179,53.9,0.4166666666666667,29.28186595515629,29.3,0.7289483900168233,72.9,6.028856729719756,6.0,0.5386744414798179,53.9,29.28186595515629,29.3,0.3711396410047496,37.1,70.72423486218482,70.7,0.2420656354050451,24.2,105.75579009428834,105.8,0.5,135.0,theScore Bet,exp/fallback,0.5559999999999999,0.3983218283371466,39.8,0.425531914893617,-6.39437034077055,-6.4,0.3983218283371466,39.8,-6.39437034077055,-6.4,0.1182841057148909,11.8,6.455695143401807,6.5,0.0303064083265328,3.0,-6.0501341877481245,-6.1,0.0071029595929327,0.7,-73.00875354685566,-73.0,0.5,350.0,Hard Rock Bet,exp/fallback,0.239,0.2020938652787357,20.2,0.2222222222222222,-9.057760624568925,-9.1,0.2020938652787357,20.2,-9.057760624568925,-9.1,0.0317503492462369,3.2,-26.97419673365493,-27.0,0.0044756058350485,0.4,-84.78294016083483,-84.8,,,,,0.5,295.0,BetRivers,exp/fallback,0.3196,0.2597451406929725,26.0,0.2531645569620253,2.5993305737241457,2.6,0.2597451406929725,26.0,2.5993305737241457,2.6,,,,,,,,,,,,,0.5,295.0,BetRivers,exp/fallback,0.33185,0.2595487911651606,26.0,0.2531645569620253,2.5217725102384403,2.5,0.2595487911651606,26.0,2.5217725102384403,2.5,,,,,,,,,,,,,True,False,False,False,False,12.5,,Active roster,2026-10-01T17:24:42+00:00,False,[],2025-2026,,2026-09-24-frozen-v2,2026-10-01T17:24:46.238031+00:00,2026020012,8476399.0,PLAYER_ID,FINAL,1.0,W,OK,0.0,L,OK,2.0,L,OK,1.0,W,OK,1.0,W,OK,1.0,,NO_LINE
2026-10-01,MIN@NSH,2026020012,7:00 PM,2026-10-02T00:00:00Z,Bobby Brink,8481553,MIN,False,"{""season"":""2026-27"",""games"":[]}",2026-27,MIN,R,,Healthy,Unknown,,,2.0,0.0,,33.0,21.0,2026-10-01T17:24:18+00:00,NSH,Juuse Saros,0.8935294117647059,3.163828640515069,63.5,Confirmed,dailyfaceoff_name_and_stats,26.5,4.0,26.5,4.0,2.1,76.9,60.9,A1+A2,15.16,51.5,66.2,1.06,NONE,False,False,26.95519628987012,2.550162966806661,64.2,72.3,7.0,1.75,True,0.5,,0.5,0.5,8.1,1.0,0.0,2.0,0.0,1.0,1.0,1.0,1.0,1.0,1.0,2.0,2.0,LOW,0.1,-0.4,LOW,0.05,,LOW,0.025,,LOW,0.1,,LOW,0.05,,LOW,0.025,,LOW,0.2,,LOW,0.1,,LOW,0.05,,1.36986301369863,0.3424657534246575,,,1.0,2.580998232374455,2.3695289505603,50.0,66.1,59.4,66.1,4.71,2.36,5.0,3.71,2.36,3.0,HOT,WARM,HOT,2.35,1.35,COOL,Red,Red,Red,Red,62.0,59.0,61.0,59.0,POINTS,62.0,2.0,2.0,4.0,4.0,1.0,2.0,B,Hybrid,12.7,,41.6,,1.0,1.924509803921569,130.86666666666667,1.924509803921569,0.1269523039611964,12.7,12.7,3.478731533367294,2.017320427916454,1.7193071828833415,7.253821602553335,7.107302724133521,41.6,65.2,False,,,,🅿️ D:2,,False,False,1.0,,False,0.0,,False,0.0,,1.5,-104.0,BetRivers,,,,,,,,,,1.5,-104.0,BetRivers,0.5,143.0,BetRivers,1.5,700.0,BetRivers,,,,,,,0.5,143.0,BetRivers,0.5,245.0,BetRivers,,,,,,,,,,0.5,245.0,BetRivers,0.5,500.0,theScore Bet,,,,,,,,,,0.5,500.0,theScore Bet,0.5,475.0,Fanatics,,,,,,,,,,0.5,475.0,Fanatics,The Odds API,"[""Bally Bet"", ""BetMGM"", ""BetRivers"", ""Bovada"", ""Caesars"", ""Courtside"", ""DraftKings"", ""FanDuel"", ""Fanatics"", ""Hard Rock Bet"", ""theScore Bet""]",The Odds API,"[""Bally Bet"", ""BetMGM"", ""BetRivers"", ""Bovada"", ""Caesars"", ""Courtside"", ""DraftKings"", ""FanDuel"", ""Fanatics"", ""fanatics""]",The Odds API,"[""Bally Bet"", ""BetRivers""]",The Odds API,"[""Bally Bet"", ""BetRivers""]",The Odds API,"[""Bally Bet"", ""BetRivers""]",,,,,,,,,,,,,,,,,,ALTLINE_NB_v1_2026-01-18,1.5,-104.0,BetRivers,exp/fallback,0.5,0.0982404443767041,9.8,0.5098039215686274,-80.7297589876465,-80.7,0.0982404443767041,9.8,-80.7297589876465,-80.7,,,,,,,,,,,,,0.5,143.0,BetRivers,exp/fallback,0.471,0.3533680914820328,35.3,0.411522633744856,-14.131553769866024,-14.1,0.3533680914820328,35.3,-14.131553769866024,-14.1,0.0919064192392868,9.2,-26.47486460857049,-26.5,,,,,,,,,0.5,245.0,BetRivers,exp/fallback,0.235,0.1992352696825466,19.9,0.2898550724637681,-31.2638319595214,-31.3,0.1992352696825466,19.9,-31.2638319595214,-31.3,,,,,,,,,,,,,0.5,500.0,theScore Bet,exp/fallback,0.2057999999999999,0.1794391534273501,17.9,0.1666666666666666,7.663492056410104,7.7,0.1794391534273501,17.9,7.663492056410104,7.7,,,,,,,,,,,,,0.5,475.0,Fanatics,exp/fallback,0.1938,0.1668408464897881,16.7,0.1739130434782608,-4.066513268371819,-4.1,0.1668408464897881,16.7,-4.066513268371819,-4.1,,,,,,,,,,,,,False,False,False,False,False,2.1,,Active roster,2026-10-01T17:24:42+00:00,False,[],2025-2026,,2026-09-24-frozen-v2,2026-10-01T17:24:46.238031+00:00,2026020012,8481553.0,PLAYER_ID,FINAL,1.0,W,OK,1.0,W,OK,2.0,W,OK,0.0,L,OK,0.0,L,OK,1.0,,NO_LINE
2026-10-01,MIN@NSH,2026020012,7:00 PM,2026-10-02T00:00:00Z,Daemon Hunt,8482094,MIN,False,,2026-27,MIN,D,,Healthy,Unknown,,,2.0,0.0,,33.0,21.0,2026-10-01T17:24:18+00:00,NSH,Juuse Saros,0.8935294117647059,3.163828640515069,63.5,Confirmed,dailyfaceoff_name_and_stats,26.5,4.0,26.5,4.0,,19.8,37.3,A1+A2,12.43,32.4,28.5,0.94,NONE,False,False,26.95519628987012,2.550162966806661,64.2,72.3,7.0,1.75,True,,,,,50.0,,,,,,,,,,,,,,,,,,,,,,,,,,,,,,,,,,,,,,,,0.8449514152936206,0.3379805661174482,,,0.0,2.580998232374455,2.3695289505603,50.0,66.1,46.7,66.1,1.99,0.23,,,,,COOL,COOL,COOL,1.76,,COOL,Red,Red,Red,Red,43.0,30.0,30.0,37.0,POINTS,43.0,,,,,,,C,Passenger,1.3,,41.6,,0.0,0.1609375,5.15,0.1609375,0.0129489167330176,1.3,1.3,0.0,0.0,0.0,7.253821602553335,7.107302724133521,41.6,34.6,False,,,,,,False,False,0.0,,False,0.0,,False,0.0,,,,,,,,,,,,,,,,,,,,,,,,,,,,,,,,,,,,,,,,,,,,,,,0.5,2200.0,FanDuel,,,,,,,,,,0.5,2200.0,FanDuel,0.5,2200.0,FanDuel,,,,,,,,,,0.5,2200.0,FanDuel,The Odds API,"[""Bally Bet"", ""BetMGM"", ""BetRivers"", ""Bovada"", ""Caesars"", ""Courtside"", ""DraftKings"", ""FanDuel"", ""Fanatics"", ""Hard Rock Bet"", ""theScore Bet""]",The Odds API,"[""Bally Bet"", ""BetMGM"", ""BetRivers"", ""Bovada"", ""Caesars"", ""Courtside"", ""DraftKings"", ""FanDuel"", ""Fanatics"", ""fanduel""]",,,,,,,,,,,,,,,,,,,,,,,,ALTLINE_NB_v1_2026-01-18,,,,league_avg,2.3,,,,,,,,,,,,,,,,,,,,,,,,,exp/fallback,0.199,,,,,,,,,,,,,,,,,,,,,,,,,exp/fallback,0.176,,,,,,,,,,,,,,,,,,,,,,0.5,2200.0,FanDuel,exp/fallback,0.1891999999999999,0.1667174922437593,16.7,0.0434782608695652,283.4502321606464,283.5,0.1667174922437593,16.7,283.4502321606464,283.5,,,,,,,,,,,,,0.5,2200.0,FanDuel,exp/fallback,0.11995,0.1090826126054619,10.9,0.0434782608695652,150.89000899256243,150.9,0.1090826126054619,10.9,150.89000899256243,150.9,,,,,,,,,,,,,False,False,True,True,False,,,Active roster,2026-10-01T17:24:42+00:00,False,[],2025-2026,,2026-09-24-frozen-v2,2026-10-01T17:24:46.238031+00:00,2026020012,8482094.0,PLAYER_ID,FINAL,0.0,,NO_LINE,0.0,,NO_LINE,0.0,,NO_LINE,0.0,L,OK,0.0,L,OK,0.0,,NO_LINE
2026-10-01,MIN@NSH,2026020012,7:00 PM,2026-10-02T00:00:00Z,Danila Yurov,8483525,MIN,False,"{""season"":""2026-27"",""games"":[]}",2026-27,MIN,R,,Healthy,Unknown,,,2.0,0.0,,33.0,21.0,2026-10-01T17:24:18+00:00,NSH,Juuse Saros,0.8935294117647059,3.163828640515069,63.5,Confirmed,dailyfaceoff_name_and_stats,26.5,4.0,26.5,4.0,4.2,71.6,60.9,A1+A2,13.3,37.5,61.0,1.04,NONE,False,False,26.95519628987012,2.550162966806661,64.2,72.3,7.0,1.75,True,1.0,1.0,1.2,1.07,22.0,3.0,1.0,9.0,1.0,2.0,2.0,3.0,3.0,2.0,2.0,9.0,9.0,LOW,0.3,-0.2,LOW,0.15,,LOW,0.075,,LOW,0.2,,LOW,0.1,,LOW,0.05,,LOW,0.9,,LOW,0.45,,LOW,0.225,,1.6049933125278644,0.3343736067766384,,,2.0,2.580998232374455,2.3695289505603,50.0,66.1,63.8,66.1,3.93,1.79,10.7,0.93,0.79,1.7,COOL,COOL,WARM,2.15,0.15,COOL,Red,Red,Red,Red,52.0,61.0,58.0,56.0,SOG,61.0,1.0,3.0,1.0,9.0,1.0,1.0,C,Passenger,4.4,,41.6,,0.0,0.5883561643835616,42.95,0.5883561643835616,0.0442456604227117,4.4,4.4,2.7450523864959253,0.9639115250291034,2.0954598370197903,7.253821602553335,7.107302724133521,41.6,57.4,False,,,,🎯 D:9,,False,False,0.0,,False,0.0,,False,0.0,,1.5,-120.0,BetRivers,,,,,,,,,,1.5,-120.0,BetRivers,0.5,108.0,BetRivers,1.5,525.0,BetRivers,,,,,,,0.5,108.0,BetRivers,0.5,180.0,BetRivers,,,,,,,,,,0.5,180.0,BetRivers,0.5,450.0,DraftKings,,,,,,,,,,0.5,450.0,DraftKings,0.5,450.0,DraftKings,,,,,,,,,,0.5,450.0,DraftKings,The Odds API,"[""Bally Bet"", ""BetMGM"", ""BetRivers"", ""Bovada"", ""Caesars"", ""Courtside"", ""DraftKings"", ""FanDuel"", ""Fanatics"", ""Hard Rock Bet"", ""theScore Bet""]",The Odds API,"[""Bally Bet"", ""BetMGM"", ""BetRivers"", ""Bovada"", ""Caesars"", ""Courtside"", ""DraftKings"", ""FanDuel"", ""Fanatics"", ""betmgm""]",The Odds API,"[""Bally Bet"", ""BetRivers""]",The Odds API,"[""Bally Bet"", ""BetRivers""]",The Odds API,"[""Bally Bet"", ""BetRivers""]",,,,,,,,,,,,,,,,,,ALTLINE_NB_v1_2026-01-18,1.5,-120.0,BetRivers,exp/fallback,1.0699999999999998,0.2854842941335771,28.5,0.5454545454545454,-47.661212742177526,-47.7,0.2854842941335771,28.5,-47.661212742177526,-47.7,,,,,,,,,,,,,0.5,108.0,BetRivers,exp/fallback,0.393,0.3080347251583559,30.8,0.4807692307692308,-35.92877716706196,-35.9,0.3080347251583559,30.8,-35.92877716706196,-35.9,0.0689750328259167,6.9,-56.89060448380202,-56.9,,,,,,,,,0.5,180.0,BetRivers,exp/fallback,0.215,0.184709221448262,18.5,0.3571428571428571,-48.28141799448662,-48.3,0.184709221448262,18.5,-48.28141799448662,-48.3,,,,,,,,,,,,,0.5,450.0,DraftKings,exp/fallback,0.1886999999999999,0.1663300379296658,16.6,0.1818181818181818,-8.518479138683787,-8.5,0.1663300379296658,16.6,-8.518479138683787,-8.5,,,,,,,,,,,,,0.5,450.0,DraftKings,exp/fallback,0.1660125,0.1458528494778599,14.6,0.1818181818181818,-19.78093278717704,-19.8,0.1458528494778599,14.6,-19.78093278717704,-19.8,,,,,,,,,,,,,False,False,False,False,False,4.2,,Active roster,2026-10-01T17:24:42+00:00,False,[],2025-2026,,2026-09-24-frozen-v2,2026-10-01T17:24:46.238031+00:00,2026020012,8483525.0,PLAYER_ID,FINAL,1.0,W,OK,1.0,W,OK,1.0,L,OK,0.0,L,OK,0.0,L,OK,1.0,,NO_LINE
2026-10-01,MIN@NSH,2026020012,7:00 PM,2026-10-02T00:00:00Z,David Spacek,8483766,MIN,False,,2026-27,MIN,D,,Healthy,Unknown,,,2.0,0.0,,33.0,21.0,2026-10-01T17:24:18+00:00,NSH,Juuse Saros,0.8935294117647059,3.163828640515069,63.5,Confirmed,dailyfaceoff_name_and_stats,26.5,4.0,26.5,4.0,,0.8,6.9,A1+A2,10.75,19.4,6.7,0.94,NONE,False,False,26.95519628987012,2.550162966806661,64.2,72.3,7.0,1.75,True,,,,,50.0,,,,,,,,,,,,,,,,,,,,,,,,,,,,,,,,,,,,,,,,0.0,0.0,,,0.0,2.580998232374455,2.3695289505603,50.0,66.1,27.8,66.1,0.0,0.0,,,,,COOL,COOL,COOL,0.0,,COOL,Red,Red,Red,Red,24.0,19.0,18.0,17.0,POINTS,24.0,,,,,,,C,Passenger,0.0,,41.6,,0.0,0.0,0.0,0.0,0.0,0.0,0.0,0.0,,,7.253821602553335,7.107302724133521,41.6,8.9,False,,,,,,False,False,0.0,,False,0.0,,False,0.0,,,,,,,,,,,,,,,,,,,,,,,,,,,,,,,,,,,,,,,,,,,,,,,,,,,,,,,,,,,,,,,,,,,,,,,,,,,,,,,,,,,,,,,,,,,,,,,,,,,,,,,,ALTLINE_NB_v1_2026-01-18,,,,league_avg,2.3,,,,,,,,,,,,,,,,,,,,,,,,,league_avg,0.6,,,,,,,,,,,,,,,,,,,,,,,,,league_avg,0.35,,,,,,,,,,,,,,,,,,,,,,,,,league_avg,0.3,,,,,,,,,,,,,,,,,,,,,,,,,league_avg,0.3,,,,,,,,,,,,,,,,,,,,,,False,False,False,False,False,,,Active roster,2026-10-01T17:24:42+00:00,False,[],2025-2026,,2026-09-24-frozen-v2,2026-10-01T17:24:46.238031+00:00,2026020012,,,NO_PLAYER,,,NO_PLAYER,,,NO_PLAYER,,,NO_PLAYER,,,NO_PLAYER,,,NO_PLAYER,,,NO_PLAYER
2026-10-01,MIN@NSH,2026020012,7:00 PM,2026-10-02T00:00:00Z,Jared Spurgeon,8474716,MIN,False,,2026-27,MIN,D,,Healthy,Unknown,,,2.0,1.0,🟢 ROLE+,33.0,21.0,2026-10-01T17:24:18+00:00,NSH,Juuse Saros,0.8935294117647059,3.163828640515069,63.5,Confirmed,dailyfaceoff_name_and_stats,26.5,4.0,26.5,4.0,,48.1,63.9,A1+A2,19.59,85.7,61.2,1.04,NONE,False,False,26.95519628987012,2.550162966806661,64.2,72.3,7.0,1.75,True,,,,,50.0,,,,,,,,,,,,,,,,,,,,,,,,,,,,,,,,,,,,,,,,0.5708546963370157,0.2378561234737565,,,0.0,2.580998232374455,2.3695289505603,50.0,66.1,39.4,66.1,2.78,0.67,,,,,COOL,COOL,COOL,2.12,,COOL,Red,Red,Red,Red,64.0,51.0,51.0,58.0,POINTS,64.0,,,,,,,B,Distributor,7.4,,41.6,,1.0,1.440506329113924,113.8,1.440506329113924,0.07352608625424,7.4,7.4,1.9020210896309315,0.2214411247803163,1.977152899824253,7.253821602553335,7.107302724133521,41.6,60.2,False,,,,,,False,False,0.0,,False,0.0,,False,0.0,,1.5,145.0,BetRivers,,,,,,,,,,1.5,145.0,BetRivers,0.5,200.0,Bovada,1.5,1200.0,theScore Bet,2.5,2000.0,Bovada,3.5,3100.0,BetOnline.ag,0.5,200.0,Bovada,0.5,240.0,Hard Rock Bet,1.5,1500.0,Fanatics,2.5,3300.0,Bovada,,,,0.5,240.0,Hard Rock Bet,0.5,1000.0,Hard Rock Bet,,,,,,,,,,0.5,1000.0,Hard Rock Bet,0.5,950.0,DraftKings,,,,,,,,,,0.5,950.0,DraftKings,The Odds API,"[""Bally Bet"", ""BetMGM"", ""BetRivers"", ""Bovada"", ""Caesars"", ""Courtside"", ""DraftKings"", ""FanDuel"", ""Fanatics"", ""Hard Rock Bet"", ""theScore Bet""]",The Odds API,"[""Bally Bet"", ""BetMGM"", ""BetRivers"", ""Bovada"", ""Caesars"", ""Courtside"", ""DraftKings"", ""FanDuel"", ""Fanatics"", ""fanatics""]",The Odds API,"[""Bally Bet"", ""BetOnline.ag"", ""BetRivers"", ""Bovada"", ""Caesars"", ""Courtside"", ""DraftKings"", ""Fanatics"", ""Hard Rock Bet"", ""draftkings"", ""theScore Bet""]",The Odds API,"[""Bally Bet"", ""BetRivers""]",The Odds API,"[""Bally Bet"", ""BetOnline.ag"", ""BetRivers"", ""Bovada"", ""Courtside"", ""DraftKings"", ""Fanatics"", ""Hard Rock Bet"", ""draftkings"", ""theScore Bet""]",,,,,,,,,,,,,,,,,,ALTLINE_NB_v1_2026-01-18,1.5,145.0,BetRivers,league_avg,2.3,0.6001759479749428,60.0,0.4081632653061224,47.04310725386098,47.0,0.6001759479749428,60.0,47.04310725386098,47.0,,,,,,,,,,,,,0.5,200.0,Bovada,exp/fallback,0.2779999999999999,0.2330189552929013,23.3,0.3333333333333333,-30.09431341212961,-30.1,0.2330189552929013,23.3,-30.09431341212961,-30.1,0.0387049751338077,3.9,-49.68353232604989,-49.7,0.0054752126469272,0.5,-88.50205344145267,-88.5,0.0007045981837602,0.1,-97.74528581196726,-97.7,0.5,240.0,Hard Rock Bet,exp/fallback,0.212,0.1824962640079266,18.2,0.2941176470588235,-37.95127023730495,-38.0,0.1824962640079266,18.2,-37.95127023730495,-38.0,0.0257957287183067,2.6,-58.72683405070927,-58.7,0.0032682557426741,0.3,-88.88793047490773,-88.9,,,,,0.5,1000.0,Hard Rock Bet,exp/fallback,0.2067999999999999,0.1801968133021253,18.0,0.0909090909090909,98.21649463233788,98.2,0.1801968133021253,18.0,98.21649463233788,98.2,,,,,,,,,,,,,0.5,950.0,DraftKings,exp/fallback,0.14855,0.1322128479238794,13.2,0.0952380952380952,38.82349032007341,38.8,0.1322128479238794,13.2,38.82349032007341,38.8,,,,,,,,,,,,,True,False,True,True,False,,,Active roster,2026-10-01T17:24:42+00:00,False,[],2025-2026,,2026-09-24-frozen-v2,2026-10-01T17:24:46.238031+00:00,2026020012,8474716.0,PLAYER_ID,FINAL,1.0,W,OK,1.0,W,OK,1.0,L,OK,0.0,L,OK,0.0,L,OK,0.0,,NO_LINE
2026-10-01,MIN@NSH,2026020012,7:00 PM,2026-10-02T00:00:00Z,Joel Eriksson Ek,8478493,MIN,False,"{""season"":""2026-27"",""games"":[]}",2026-27,MIN,C,⭐ STAR,Healthy,Unknown,,,2.0,1.0,🟢 ROLE+,33.0,21.0,2026-10-01T17:24:18+00:00,NSH,Juuse Saros,0.8935294117647059,3.163828640515069,63.5,Confirmed,dailyfaceoff_name_and_stats,26.5,4.0,26.5,4.0,16.7,94.0,87.4,A1+A2,19.08,82.7,89.4,1.19,STAR,False,True,26.95519628987012,2.550162966806661,64.2,72.3,7.0,1.75,True,4.0,4.0,3.8,3.93,96.3,5.0,3.0,24.0,1.0,1.0,2.0,5.0,5.0,2.0,2.0,24.0,24.0,LOW,0.5,0.0,LOW,0.25,,LOW,0.125,,LOW,0.2,,LOW,0.1,,LOW,0.05,,LOW,2.4,,LOW,1.2,,LOW,0.6,,1.7528673447305778,0.389526076606795,,,2.0,2.580998232374455,2.3695289505603,50.0,66.1,66.8,66.1,10.89,4.88,53.06,4.9,1.44,15.3,HOT,COOL,HOT,6.0,3.45,HOT,Yellow,Green,Green,Yellow,89.0,86.0,87.0,81.0,POINTS,89.0,3.0,4.0,3.0,0.0,2.0,5.0,A,Hybrid,17.2,,41.6,,2.0,3.2883333333333336,230.1833333333333,3.2883333333333336,0.172353117356362,17.2,17.2,4.304829483744841,2.643110564043154,1.954963434943161,7.253821602553335,7.107302724133521,41.6,73.1,False,,,,🅿️ PTS D:3 | 🅿️ D:3,🥅 GOAL EARNED,False,True,3.0,"iXG,SOG,REG",False,0.0,,False,0.0,,1.5,-312.0,BetOnline.ag,2.5,105.0,Hard Rock Bet,3.5,235.0,FanDuel,4.5,500.0,Fanatics,2.5,105.0,Hard Rock Bet,0.5,-114.0,BetOnline.ag,1.5,450.0,theScore Bet,2.5,1700.0,Fanatics,3.5,4400.0,BetOnline.ag,0.5,-114.0,BetOnline.ag,0.5,210.0,Bovada,1.5,1300.0,DraftKings,2.5,3300.0,Bovada,,,,0.5,210.0,Bovada,0.5,230.0,BetMGM,,,,,,,,,,0.5,230.0,BetMGM,0.5,230.0,BetMGM,,,,,,,,,,0.5,230.0,BetMGM,The Odds API,"[""Bally Bet"", ""BetMGM"", ""BetRivers"", ""Bovada"", ""Caesars"", ""Courtside"", ""DraftKings"", ""FanDuel"", ""Fanatics"", ""Hard Rock Bet"", ""fanduel"", ""theScore Bet""]",The Odds API,"[""Bally Bet"", ""BetMGM"", ""BetRivers"", ""Bovada"", ""Caesars"", ""Courtside"", ""DraftKings"", ""FanDuel"", ""Fanatics"", ""betmgm""]",The Odds API,"[""Bally Bet"", ""BetOnline.ag"", ""BetRivers"", ""Bovada"", ""Caesars"", ""Courtside"", ""DraftKings"", ""FanDuel"", ""Fanatics"", ""Hard Rock Bet"", ""draftkings"", ""theScore Bet""]",The Odds API,"[""Bally Bet"", ""BetOnline.ag"", ""BetRivers"", ""Bovada"", ""Caesars"", ""Courtside"", ""DraftKings"", ""FanDuel"", ""Fanatics"", ""Hard Rock Bet"", ""caesars"", ""theScore Bet""]",The Odds API,"[""Bally Bet"", ""BetOnline.ag"", ""BetRivers"", ""Bovada"", ""Courtside"", ""DraftKings"", ""FanDuel"", ""Fanatics"", ""Hard Rock Bet"", ""draftkings"", ""theScore Bet""]",0.5,330.0,FanDuel,1.5,1000.0,Bovada,,,,,,,0.5,330.0,FanDuel,The Odds API,"[""Bally Bet"", ""BetRivers"", ""Bovada"", ""FanDuel"", ""Hard Rock Bet"", ""theScore Bet""]",ALTLINE_NB_v1_2026-01-18,2.5,105.0,Hard Rock Bet,exp/fallback,5.306,0.7770495534036744,77.7,0.4878048780487805,59.29515844775326,59.3,0.8880171468055842,88.8,17.26380271919894,17.3,0.7770495534036744,77.7,59.29515844775326,59.3,0.6505088161179376,65.1,117.92045339950911,117.9,0.5242468328741476,52.4,214.5480997244886,214.5,0.5,-114.0,BetOnline.ag,exp/fallback,1.089,0.6025231278786061,60.3,0.5327102803738317,13.105218742124292,13.1,0.6025231278786061,60.3,13.105218742124292,13.1,0.2891231975740063,28.9,59.01775866570345,59.0,0.1223256348410274,12.2,120.18614271384936,120.2,0.0478002205395241,4.8,115.10099242785869,115.1,0.5,210.0,Bovada,exp/fallback,0.6,0.408284023668639,40.8,0.3225806451612903,26.5680473372781,26.6,0.408284023668639,40.8,26.5680473372781,26.6,0.1351843422849339,13.5,89.2580791989075,89.3,0.0406498371905744,4.1,38.20944644795318,38.2,,,,,0.5,230.0,BetMGM,exp/fallback,0.3752,0.2950150070079338,29.5,0.303030303030303,-2.6450476873818407,-2.6,0.2950150070079338,29.5,-2.6450476873818407,-2.6,,,,,,,,,,,,,0.5,230.0,BetMGM,exp/fallback,0.4221999999999999,0.3113867009670651,31.1,0.303030303030303,2.757611319131481,2.8,0.3113867009670651,31.1,2.757611319131481,2.8,,,,,,,,,,,,,True,True,False,False,True,16.7,,Active roster,2026-10-01T17:24:42+00:00,False,"[{""market"":""SOG"",""name"":""Jungle Stance"",""kind"":""STANCE"",""rule"":""Green + SOG 2.5 + Conf_SOG >= 75"",""icon"":""sog_basic_swipe.svg"",""kit_version"":""2026-09-24-frozen-v2""},{""market"":""SOG"",""name"":""Berserker Swipe"",""kind"":""FLOOR"",""rule"":""iXG% >= 93.2"",""icon"":""sog_basic_swipe.svg"",""kit_version"":""2026-09-24-frozen-v2""},{""market"":""SOG"",""name"":""Paralysis"",""kind"":""ENV"",""rule"":""Goalie_Weak >= 62.5"",""icon"":""sog_env_paralysis.svg"",""kit_version"":""2026-09-24-frozen-v2""},{""market"":""SOG"",""name"":""Bloodthirst"",""kind"":""HEAVY"",""rule"":""PP_TOI_Pct >= 15.9 + iXG% >= 93.2"",""icon"":""sog_bloodthirst.svg"",""kit_version"":""2026-09-24-frozen-v2""},{""market"":""Goal"",""name"":""Fallen Guardian"",""kind"":""WEAK DEFENSE"",""rule"":""Opp_GAA >= 3.01"",""icon"":""fenrir_claw.svg"",""kit_version"":""2026-09-24-frozen-v2""}]",2025-2026,,2026-09-24-frozen-v2,2026-10-01T17:24:46.238031+00:00,2026020012,8478493.0,PLAYER_ID,FINAL,0.0,L,OK,0.0,L,OK,3.0,W,OK,0.0,L,OK,0.0,L,OK,0.0,L,OK
2026-10-01,MIN@NSH,2026020012,7:00 PM,2026-10-02T00:00:00Z,Jonas Brodin,8476463,MIN,False,,2026-27,MIN,D,,Healthy,Unknown,,,2.0,1.0,🟢 ROLE+,33.0,21.0,2026-10-01T17:24:18+00:00,NSH,Juuse Saros,0.8935294117647059,3.163828640515069,63.5,Confirmed,dailyfaceoff_name_and_stats,26.5,4.0,26.5,4.0,,34.4,58.4,A1+A2,20.29,88.0,53.5,1.01,NONE,False,False,26.95519628987012,2.550162966806661,64.2,72.3,7.0,1.75,True,,,,,50.0,,,,,,,,,,,,,,,,,,,,,,,,,,,,,,,,,,,,,,,,0.928017953811394,0.4913036226060321,,,0.0,2.580998232374455,2.3695289505603,50.0,66.1,49.1,66.1,2.75,0.46,,,,,COOL,COOL,COOL,2.29,,COOL,Red,Red,Red,Red,62.0,44.0,43.0,56.0,POINTS,62.0,,,,,,,C,Passenger,0.4,,41.6,,0.0,0.0763440860215053,4.733333333333333,0.0763440860215053,0.0037626359649703,0.4,0.4,10.774647887323944,0.0,12.67605633802817,7.253821602553335,7.107302724133521,41.6,55.9,False,,,,,,False,False,0.0,,False,0.0,,False,0.0,,1.5,138.0,BetRivers,,,,,,,,,,1.5,138.0,BetRivers,0.5,275.0,BetRivers,,,,,,,,,,0.5,275.0,BetRivers,,,,,,,,,,,,,,,,0.5,1300.0,FanDuel,,,,,,,,,,0.5,1300.0,FanDuel,0.5,1300.0,FanDuel,,,,,,,,,,0.5,1300.0,FanDuel,The Odds API,"[""Bally Bet"", ""BetMGM"", ""BetRivers"", ""Bovada"", ""Caesars"", ""Courtside"", ""DraftKings"", ""FanDuel"", ""Fanatics"", ""Hard Rock Bet"", ""theScore Bet""]",The Odds API,"[""Bally Bet"", ""BetMGM"", ""BetRivers"", ""Bovada"", ""Caesars"", ""Courtside"", ""DraftKings"", ""FanDuel"", ""Fanatics"", ""fanduel""]",The Odds API,"[""Bally Bet"", ""BetRivers""]",The Odds API,"[""Bally Bet"", ""BetRivers""]",,,,,,,,,,,,,,,,,,,,ALTLINE_NB_v1_2026-01-18,1.5,138.0,BetRivers,league_avg,2.3,0.6001759479749428,60.0,0.4201680672268907,42.841875618036376,42.8,0.6001759479749428,60.0,42.841875618036376,42.8,,,,,,,,,,,,,0.5,275.0,BetRivers,exp/fallback,0.275,0.2309181661088764,23.1,0.2666666666666666,-13.405687709171357,-13.4,0.2309181661088764,23.1,-13.405687709171357,-13.4,,,,,,,,,,,,,,,,exp/fallback,0.229,,,,,,,,,,,,,,,,,,,,,,0.5,1300.0,FanDuel,exp/fallback,0.1984,0.1738018822536343,17.4,0.0714285714285714,143.32263515508808,143.3,0.1738018822536343,17.4,143.32263515508808,143.3,,,,,,,,,,,,,0.5,1300.0,FanDuel,exp/fallback,0.1349,0.1212985883241976,12.1,0.0714285714285714,69.81802365387665,69.8,0.1212985883241976,12.1,69.81802365387665,69.8,,,,,,,,,,,,,True,False,True,True,False,,,Active roster,2026-10-01T17:24:42+00:00,False,[],2025-2026,,2026-09-24-frozen-v2,2026-10-01T17:24:46.238031+00:00,2026020012,8476463.0,PLAYER_ID,FINAL,0.0,L,OK,0.0,,NO_LINE,0.0,L,OK,0.0,L,OK,0.0,L,OK,0.0,,NO_LINE
2026-10-01,MIN@NSH,2026020012,7:00 PM,2026-10-02T00:00:00Z,Kirill Kaprizov,8478864,MIN,False,"{""season"":""2026-27"",""games"":[]}",2026-27,MIN,L,👑 ELITE,Healthy,Unknown,,,2.0,1.0,🟢 ROLE+,33.0,21.0,2026-10-01T17:24:18+00:00,NSH,Juuse Saros,0.8935294117647059,3.163828640515069,63.5,Confirmed,dailyfaceoff_name_and_stats,26.5,4.0,26.5,4.0,8.3,99.8,95.3,A1+A2,22.15,94.9,97.2,1.26,ELITE,True,False,26.95519628987012,2.550162966806661,64.2,72.3,7.0,1.75,True,2.0,2.375,2.0,2.0,61.0,12.0,3.0,23.0,2.0,4.0,9.0,15.0,15.0,11.0,11.0,25.0,25.0,STRONG,1.2,0.7,OK,0.75,,LOW,0.375,,STRONG,0.9,,OK,0.55,,LOW,0.275,,LOW,2.3,,LOW,1.25,,LOW,0.625,,1.784408728732698,0.5353226186198095,,,9.0,2.580998232374455,2.3695289505603,50.0,66.1,67.6,66.1,14.64,6.82,22.0,1.31,3.2,-3.0,COOL,HOT,COOL,9.6,-1.89,COOL,Green,Green,Green,Green,79.0,88.0,92.0,88.0,GOAL,92.0,0.0,0.0,2.0,2.0,3.0,2.0,A,Hybrid,16.9,,41.6,,2.0,3.732478632478633,291.1333333333333,3.732478632478633,0.168533580325528,16.9,16.9,4.158919166475841,2.582321960155713,1.8548202427295624,7.253821602553335,7.107302724133521,41.6,71.9,False,,,,🥅 D:2,,False,False,2.0,,False,0.0,,False,0.0,,1.5,-650.0,DraftKings,2.5,-200.0,theScore Bet,3.5,133.0,BetRivers,4.5,260.0,FanDuel,3.5,133.0,BetRivers,0.5,-233.0,BetOnline.ag,1.5,200.0,theScore Bet,2.5,750.0,Bovada,3.5,1900.0,Fanatics,0.5,-233.0,BetOnline.ag,0.5,100.0,DraftKings,1.5,575.0,Bovada,2.5,2200.0,Fanatics,,,,0.5,100.0,DraftKings,0.5,150.0,theScore Bet,,,,,,,,,,0.5,150.0,theScore Bet,0.5,150.0,FanDuel,,,,,,,,,,0.5,150.0,FanDuel,The Odds API,"[""Bally Bet"", ""BetMGM"", ""BetRivers"", ""Bovada"", ""Caesars"", ""Courtside"", ""DraftKings"", ""FanDuel"", ""Fanatics"", ""Hard Rock Bet"", ""fanduel"", ""theScore Bet""]",The Odds API,"[""Bally Bet"", ""BetMGM"", ""BetRivers"", ""Bovada"", ""Caesars"", ""Courtside"", ""DraftKings"", ""FanDuel"", ""Fanatics"", ""fanduel""]",The Odds API,"[""Bally Bet"", ""BetOnline.ag"", ""BetRivers"", ""Bovada"", ""Caesars"", ""Courtside"", ""DraftKings"", ""FanDuel"", ""Fanatics"", ""Hard Rock Bet"", ""draftkings"", ""theScore Bet""]",The Odds API,"[""Bally Bet"", ""BetOnline.ag"", ""BetRivers"", ""Bovada"", ""Caesars"", ""Courtside"", ""DraftKings"", ""FanDuel"", ""Fanatics"", ""Hard Rock Bet"", ""fanduel"", ""theScore Bet""]",The Odds API,"[""Bally Bet"", ""BetOnline.ag"", ""BetRivers"", ""Bovada"", ""Courtside"", ""DraftKings"", ""FanDuel"", ""Fanatics"", ""Hard Rock Bet"", ""draftkings"", ""theScore Bet""]",0.5,180.0,BetRivers,1.5,650.0,Bovada,,,,,,,0.5,180.0,BetRivers,The Odds API,"[""Bally Bet"", ""BetRivers"", ""Bovada"", ""FanDuel"", ""Hard Rock Bet"", ""theScore Bet""]",ALTLINE_NB_v1_2026-01-18,3.5,133.0,BetRivers,exp/fallback,2.2,0.2078978786938726,20.8,0.4291845493562232,-51.559794264327664,-51.6,0.5808468089046723,58.1,-32.97921435715319,-33.0,0.3627068685926952,36.3,-45.59396971109573,-45.6,0.2078978786938726,20.8,-51.559794264327664,-51.6,0.1117664898050877,11.2,-59.76406367016841,-59.8,0.5,-233.0,BetOnline.ag,exp/fallback,1.464,0.6933332710117686,69.3,0.6996996996996997,-0.9098801515369404,-0.9,0.6933332710117686,69.3,-0.9098801515369404,-0.9,0.3964805262096191,39.6,18.944157862885746,18.9,0.2025173667190849,20.3,72.1397617112222,72.1,0.0961223408573107,9.6,92.2446817146215,92.2,0.5,100.0,DraftKings,exp/fallback,0.96,0.5434623813002191,54.3,0.5,8.692476260043813,8.7,0.5434623813002191,54.3,8.692476260043813,8.7,0.2473298718733342,24.7,66.9476635145006,66.9,0.1032654078278226,10.3,137.51043800399216,137.5,,,,,0.5,150.0,theScore Bet,exp/fallback,0.4528,0.3404238532454959,34.0,0.4,-14.894036688626011,-14.9,0.3404238532454959,34.0,-14.894036688626011,-14.9,,,,,,,,,,,,,0.5,150.0,FanDuel,exp/fallback,0.5483,0.3743535948283664,37.4,0.4,-6.411601292908397,-6.4,0.3743535948283664,37.4,-6.411601292908397,-6.4,,,,,,,,,,,,,False,False,False,False,False,8.3,,Active roster,2026-10-01T17:24:42+00:00,False,"[{""market"":""Assists"",""name"":""Staff (Green Stance)"",""kind"":""STANCE"",""rule"":""Green + Assists 0.5"",""icon"":""staff.svg"",""kit_version"":""2026-09-24-frozen-v2""},{""market"":""Assists"",""name"":""Staff Awakened"",""kind"":""STANCE"",""rule"":""Green + Assists 0.5 + Conf_Assists ≥ 83"",""icon"":""staff.svg"",""kit_version"":""2026-09-24-frozen-v2""},{""market"":""SOG"",""name"":""Sniper Stance"",""kind"":""STANCE"",""rule"":""Green + SOG 3.5 + Conf_SOG >= 75"",""icon"":""sog_class_shooter.svg"",""kit_version"":""2026-09-24-frozen-v2""},{""market"":""SOG"",""name"":""Strong"",""kind"":""FLOOR"",""rule"":""PPP10_total >= 3 + opp_5v5_HDCA60 >= 2.36"",""icon"":""sog_berserkers_rage.svg"",""kit_version"":""2026-09-24-frozen-v2""},{""market"":""SOG"",""name"":""Permission Special"",""kind"":""SUPPORT"",""rule"":""Best_Conf >= 89 + opp_5v5_HDCA60 >= 2.36"",""icon"":""sog_env_paralysis.svg"",""kit_version"":""2026-09-24-frozen-v2""}]",2025-2026,,2026-09-24-frozen-v2,2026-10-01T17:24:46.238031+00:00,2026020012,8478864.0,PLAYER_ID,FINAL,1.0,W,OK,0.0,L,OK,3.0,L,OK,1.0,W,OK,1.0,W,OK,0.0,L,OK
2026-10-01,MIN@NSH,2026020012,7:00 PM,2026-10-02T00:00:00Z,Marcus Foligno,8475220,MIN,False,,2026-27,MIN,L,,Healthy,Unknown,,,2.0,0.0,,33.0,21.0,2026-10-01T17:24:18+00:00,NSH,Juuse Saros,0.8935294117647059,3.163828640515069,63.5,Confirmed,dailyfaceoff_name_and_stats,26.5,4.0,26.5,4.0,,62.2,34.6,A1+A2,12.85,35.4,47.2,0.99,NONE,False,False,26.95519628987012,2.550162966806661,64.2,72.3,7.0,1.75,True,,,,,50.0,,,,,,,,,,,,,,,,,,,,,,,,,,,,,,,,,,,,,,,,0.9630560980177096,0.1926112196035419,,,0.0,2.580998232374455,2.3695289505603,50.0,66.1,50.1,66.1,2.39,1.51,,,,,COOL,COOL,COOL,0.88,,COOL,Red,Red,Red,Red,42.0,53.0,58.0,41.0,GOAL,58.0,,,,,,,C,Passenger,1.1,,41.6,,0.0,0.1401785714285714,7.85,0.1401785714285714,0.0109128822984244,1.1,1.1,6.267515923566879,6.267515923566879,0.0,7.253821602553335,7.107302724133521,41.6,33.7,False,,,,,,False,False,0.0,,False,0.0,,False,0.0,,,,,,,,,,,,,,,,,,,,,,,,,,,,,,,,,,,,,,,,,,,,,,,0.5,650.0,BetRivers,,,,,,,,,,0.5,650.0,BetRivers,0.5,650.0,BetRivers,,,,,,,,,,0.5,650.0,BetRivers,The Odds API,"[""Bally Bet"", ""BetMGM"", ""BetRivers"", ""Bovada"", ""Caesars"", ""Courtside"", ""DraftKings"", ""FanDuel"", ""Fanatics"", ""Hard Rock Bet"", ""theScore Bet""]",The Odds API,"[""Bally Bet"", ""BetMGM"", ""BetRivers"", ""Bovada"", ""Caesars"", ""Courtside"", ""DraftKings"", ""FanDuel"", ""Fanatics"", ""betrivers""]",,,,,,,,,,,,,,,,,,,,,,,,ALTLINE_NB_v1_2026-01-18,,,,league_avg,2.3,,,,,,,,,,,,,,,,,,,,,,,,,exp/fallback,0.239,,,,,,,,,,,,,,,,,,,,,,,,,exp/fallback,0.088,,,,,,,,,,,,,,,,,,,,,,0.5,650.0,BetRivers,exp/fallback,0.2404,0.2050951906640308,20.5,0.1333333333333333,53.82139299802311,53.8,0.2050951906640308,20.5,53.82139299802311,53.8,,,,,,,,,,,,,0.5,650.0,BetRivers,exp/fallback,0.20315,0.1737122623314922,17.4,0.1333333333333333,30.28419674861921,30.3,0.1737122623314922,17.4,30.28419674861921,30.3,,,,,,,,,,,,,False,False,True,True,False,,,Active roster,2026-10-01T17:24:42+00:00,False,[],2025-2026,,2026-09-24-frozen-v2,2026-10-01T17:24:46.238031+00:00,2026020012,8475220.0,PLAYER_ID,FINAL,0.0,,NO_LINE,0.0,,NO_LINE,1.0,,NO_LINE,0.0,L,OK,0.0,L,OK,0.0,,NO_LINE
2026-10-01,MIN@NSH,2026020012,7:00 PM,2026-10-02T00:00:00Z,Matt Boldy,8481557,MIN,False,"{""season"":""2026-27"",""games"":[]}",2026-27,MIN,L,👑 ELITE,Healthy,Unknown,,,2.0,1.0,🟢 ROLE+,33.0,21.0,2026-10-01T17:24:18+00:00,NSH,Juuse Saros,0.8935294117647059,3.163828640515069,63.5,Confirmed,dailyfaceoff_name_and_stats,26.5,4.0,26.5,4.0,18.8,97.2,94.8,A1+A2,20.57,90.2,95.0,1.25,ELITE,True,False,26.95519628987012,2.550162966806661,64.2,72.3,7.0,1.75,True,4.5,4.0,3.0,3.975,97.6,10.0,5.0,40.0,1.0,3.0,5.0,13.0,13.0,6.0,6.0,48.0,48.0,STRONG,1.0,0.5,OK,0.65,,LOW,0.325,,OK,0.5,,LOW,0.3,,LOW,0.15,,ELITE,4.0,,LOW,2.4,,LOW,1.2,,2.226104163123966,0.6121786448590907,,,5.0,2.580998232374455,2.3695289505603,50.0,66.1,72.6,66.1,16.32,6.76,53.66,2.09,0.01,-0.25,WARM,COOL,COOL,9.56,2.08,WARM,Green,Green,Green,Green,82.0,88.0,95.0,85.0,GOAL,95.0,0.0,0.0,2.0,0.0,1.0,6.0,A,Distributor,17.4,,41.6,,2.0,3.5723684210526314,271.5,3.5723684210526314,0.1736766352150967,17.4,17.4,3.871270718232044,1.476243093922652,2.8176795580110494,7.253821602553335,7.107302724133521,41.6,78.5,False,,,,🥅 D:2,🥅 GOAL EARNED,False,True,3.0,"iXG,SOG,REG",False,0.0,,False,0.0,,1.5,-500.0,Bovada,2.5,-176.0,Bovada,3.5,130.0,Bovada,4.5,300.0,Bovada,3.5,130.0,Bovada,0.5,-196.0,BetOnline.ag,1.5,230.0,Bovada,2.5,800.0,DraftKings,3.5,2500.0,Fanatics,0.5,-196.0,BetOnline.ag,0.5,110.0,Hard Rock Bet,1.5,600.0,Bovada,2.5,1900.0,Fanatics,,,,0.5,110.0,Hard Rock Bet,0.5,180.0,DraftKings,,,,,,,,,,0.5,180.0,DraftKings,0.5,180.0,DraftKings,,,,,,,,,,0.5,180.0,DraftKings,The Odds API,"[""Bally Bet"", ""BetMGM"", ""BetRivers"", ""Bovada"", ""Caesars"", ""Courtside"", ""DraftKings"", ""FanDuel"", ""Fanatics"", ""Hard Rock Bet"", ""fanduel"", ""theScore Bet""]",The Odds API,"[""Bally Bet"", ""BetMGM"", ""BetRivers"", ""Bovada"", ""Caesars"", ""Courtside"", ""DraftKings"", ""FanDuel"", ""Fanatics"", ""betrivers""]",The Odds API,"[""Bally Bet"", ""BetOnline.ag"", ""BetRivers"", ""Bovada"", ""Caesars"", ""Courtside"", ""DraftKings"", ""FanDuel"", ""Fanatics"", ""Hard Rock Bet"", ""draftkings"", ""theScore Bet""]",The Odds API,"[""Bally Bet"", ""BetOnline.ag"", ""BetRivers"", ""Bovada"", ""Caesars"", ""Courtside"", ""DraftKings"", ""FanDuel"", ""Fanatics"", ""Hard Rock Bet"", ""caesars"", ""theScore Bet""]",The Odds API,"[""Bally Bet"", ""BetOnline.ag"", ""BetRivers"", ""Bovada"", ""Courtside"", ""DraftKings"", ""FanDuel"", ""Fanatics"", ""Hard Rock Bet"", ""draftkings"", ""theScore Bet""]",0.5,180.0,BetRivers,1.5,650.0,Bovada,,,,,,,0.5,180.0,BetRivers,The Odds API,"[""Bally Bet"", ""BetRivers"", ""Bovada"", ""FanDuel"", ""Hard Rock Bet"", ""theScore Bet""]",ALTLINE_NB_v1_2026-01-18,3.5,130.0,Bovada,exp/fallback,5.366,0.6561697064564339,65.6,0.4347826086956521,50.9190324849798,50.9,0.8904927878410362,89.0,6.85913454092435,6.9,0.7812943611195622,78.1,22.52116117556772,22.5,0.6561697064564339,65.6,50.9190324849798,50.9,0.5307177451480731,53.1,112.28709805922924,112.3,0.5,-196.0,BetOnline.ag,exp/fallback,1.632,0.7249962247407852,72.5,0.6621621621621622,9.489225777179804,9.5,0.7249962247407852,72.5,9.489225777179804,9.5,0.4393507555306026,43.9,44.98574932509887,45.0,0.2390789576169461,23.9,115.17106185525148,115.2,0.12120003786736,12.1,215.120098455136,215.1,0.5,110.0,Hard Rock Bet,exp/fallback,0.956,0.5422259902109605,54.2,0.4761904761904761,13.867457944301709,13.9,0.5422259902109605,54.2,13.867457944301709,13.9,0.2461285928102017,24.6,72.2900149671412,72.3,0.1024872978600365,10.2,104.97459572007304,105.0,,,,,0.5,180.0,DraftKings,exp/fallback,0.4503999999999999,0.3390817058756811,33.9,0.3571428571428571,-5.057122354809296,-5.1,0.3390817058756811,33.9,-5.057122354809296,-5.1,,,,,,,,,,,,,0.5,180.0,DraftKings,exp/fallback,0.5444,0.3725504167484984,37.3,0.3571428571428571,4.314116689579562,4.3,0.3725504167484984,37.3,4.314116689579562,4.3,,,,,,,,,,,,,True,False,False,False,True,18.8,,Active roster,2026-10-01T17:24:42+00:00,False,"[{""market"":""Points"",""name"":""Hammer Fists"",""kind"":""FLOOR"",""rule"":""Conf_Points >= 80"",""icon"":""PTS05_HAMMER_FISTS.svg"",""kit_version"":""2026-09-24-frozen-v2""},{""market"":""Points"",""name"":""Echo Stomp I"",""kind"":""TIER"",""rule"":""Conf_Points >= 80 + L10_S >= 17"",""icon"":""PTS05_HAMMER_STOMP.svg"",""kit_version"":""2026-09-24-frozen-v2""},{""market"":""Points"",""name"":""Echo Stomp II"",""kind"":""TIER"",""rule"":""Conf_Points >= 80 + TOI_per_game >= 19.18"",""icon"":""PTS05_HAMMER_STOMP.svg"",""kit_version"":""2026-09-24-frozen-v2""},{""market"":""Points"",""name"":""Gaia’s Blessing"",""kind"":""TIER"",""rule"":""Conf_Points >= 80 + Assists_mu >= 0.746"",""icon"":""PTS05_GAIAS_BLESSING.svg"",""kit_version"":""2026-09-24-frozen-v2""},{""market"":""Points"",""name"":""Gaia’s Blessing+ (Press)"",""kind"":""HEAVY"",""rule"":""Conf_Points >= 81 + Assists_mu >= 0.746"",""icon"":""PTS05_GAIAS_BLESSING.svg"",""kit_version"":""2026-09-24-frozen-v2""},{""market"":""Points"",""name"":""Hammer Fists II"",""kind"":""HEAVY"",""rule"":""Conf_Points >= 80 + TOI_per_game >= 19.18 + L10_S >= 17"",""icon"":""PTS05_HAMMER_FISTS.svg"",""kit_version"":""2026-09-24-frozen-v2""},{""market"":""Assists"",""name"":""Staff (Green Stance)"",""kind"":""STANCE"",""rule"":""Green + Assists 0.5"",""icon"":""staff.svg"",""kit_version"":""2026-09-24-frozen-v2""},{""market"":""Assists"",""name"":""Staff Awakened"",""kind"":""STANCE"",""rule"":""Green + Assists 0.5 + Conf_Assists ≥ 83"",""icon"":""staff.svg"",""kit_version"":""2026-09-24-frozen-v2""},{""market"":""SOG"",""name"":""Sniper Stance"",""kind"":""STANCE"",""rule"":""Green + SOG 3.5 + Conf_SOG >= 75"",""icon"":""sog_class_shooter.svg"",""kit_version"":""2026-09-24-frozen-v2""},{""market"":""SOG"",""name"":""Permission Special"",""kind"":""SUPPORT"",""rule"":""Best_Conf >= 89 + opp_5v5_HDCA60 >= 2.36"",""icon"":""sog_env_paralysis.svg"",""kit_version"":""2026-09-24-frozen-v2""}]",2025-2026,,2026-09-24-frozen-v2,2026-10-01T17:24:46.238031+00:00,2026020012,8481557.0,PLAYER_ID,FINAL,0.0,L,OK,0.0,L,OK,5.0,W,OK,0.0,L,OK,0.0,L,OK,0.0,L,OK
2026-10-01,MIN@NSH,2026020012,7:00 PM,2026-10-02T00:00:00Z,Maxim Shabanov,8485702,,,,,MIN,R,,Unknown,,,,,,,,,,,,,,,,,,,,,,,,,,,,,,,,,,,,,,,,,,,,,,,,,,,,,,,,,,,,,,,,,,,,,,,,,,,,,,,,,,,,,,,,,,,,,,,,,,,,,,,,,,,,,,,,,,,,,,,,,,,,,,,,,,,,,,,,,,,,,,,,,,,,,,,,,,,,,,,,,,,,,,,,,,,,,,,,,,,,,,,,,,,,,,,,,,,,,,,,,,,,,,,,,,,,,,,,,,,,,,,,,,,,,,,,,,,,,,,,,,,,,,,,,,,,,,,0.5,270.0,fanduel,,,,2.5,205.0,draftkings,,,,,,,,,,,,,,,,,,,,,,,,0.5,100.0,draftkings,,,,,,,,,,,,,,,,,,,,,,,,0.5,175.0,draftkings,,,,,,,,,,,,,,,,,,,,,,,,0.5,310.0,fanduel,,,,,,,,,,,,,,,,,,,,,,,,,,,,,,,,,,,,,,,,,,,,,,,,,,,,,,,,,Active roster,2026-10-01T17:24:42+00:00,True,[],Unavailable,True,2026-09-24-frozen-v2,2026-10-01T17:24:46.238031+00:00,2026020012,8485702.0,PLAYER_ID,FINAL,0.0,L,OK,0.0,L,OK,0.0,L,OK,0.0,L,OK,0.0,,NO_LINE,0.0,L,OK
2026-10-01,MIN@NSH,2026020012,7:00 PM,2026-10-02T00:00:00Z,Michael McCarron,8477446,MIN,False,"{""season"":""2026-27"",""games"":[]}",2026-27,MIN,C,,Healthy,Unknown,,,2.0,0.0,,33.0,21.0,2026-10-01T17:24:18+00:00,NSH,Juuse Saros,0.8935294117647059,3.163828640515069,63.5,Confirmed,dailyfaceoff_name_and_stats,26.5,4.0,26.5,4.0,4.2,73.7,46.6,A1+A2,14.03,43.4,58.2,1.03,NONE,False,False,26.95519628987012,2.550162966806661,64.2,72.3,7.0,1.75,True,1.0,1.25,1.2,1.07,22.0,4.0,2.0,13.0,0.0,2.0,2.0,4.0,4.0,2.0,2.0,14.0,14.0,LOW,0.4,,LOW,0.2,,LOW,0.1,,LOW,0.2,,LOW,0.1,,LOW,0.05,,LOW,1.3,,LOW,0.7,,LOW,0.35,,0.9359157675809178,0.2674045050231193,,,2.0,2.580998232374455,2.3695289505603,50.0,66.1,49.6,66.1,2.96,1.78,10.7,-1.04,-0.22,-2.3,COOL,COOL,COOL,1.18,-0.82,COOL,Red,Red,Red,Red,40.0,62.0,67.0,48.0,GOAL,67.0,2.0,2.0,6.0,5.0,0.0,10.0,C,Passenger,0.6,,41.6,,0.0,0.0833333333333333,6.583333333333333,0.0833333333333333,0.0059390458434196,0.6,0.6,0.0,0.0,0.0,7.253821602553335,7.107302724133521,41.6,31.6,False,,,,🥅 D:6,,False,False,1.0,,False,0.0,,False,0.0,,,,,,,,,,,,,,,,,,,,,,,,,,,,,,,,,,,,,,,,,,,,,,,0.5,700.0,FanDuel,,,,,,,,,,0.5,700.0,FanDuel,0.5,700.0,FanDuel,,,,,,,,,,0.5,700.0,FanDuel,The Odds API,"[""Bally Bet"", ""BetMGM"", ""BetRivers"", ""Bovada"", ""Caesars"", ""Courtside"", ""DraftKings"", ""FanDuel"", ""Fanatics"", ""Hard Rock Bet"", ""theScore Bet""]",The Odds API,"[""Bally Bet"", ""BetMGM"", ""BetRivers"", ""Bovada"", ""Caesars"", ""Courtside"", ""DraftKings"", ""FanDuel"", ""Fanatics"", ""fanduel""]",,,,,,,,,,,,,,,,,,,,,,,,ALTLINE_NB_v1_2026-01-18,,,,exp/fallback,1.0699999999999998,,,,,,,,,,,,,,,,,,,,,,,,,exp/fallback,0.296,,,,,,,,,,,,,,,,,,,,,,,,,exp/fallback,0.118,,,,,,,,,,,,,,,,,,,,,,0.5,700.0,FanDuel,exp/fallback,0.1883999999999999,0.1660974442673685,16.6,0.125,32.87795541389481,32.9,0.1660974442673685,16.6,32.87795541389481,32.9,,,,,,,,,,,,,0.5,700.0,FanDuel,exp/fallback,0.165525,0.1454768725030207,14.5,0.125,16.381498002416606,16.4,0.1454768725030207,14.5,16.381498002416606,16.4,,,,,,,,,,,,,False,False,True,True,False,4.2,,Active roster,2026-10-01T17:24:42+00:00,False,[],2025-2026,,2026-09-24-frozen-v2,2026-10-01T17:24:46.238031+00:00,2026020012,8477446.0,PLAYER_ID,FINAL,1.0,,NO_LINE,1.0,,NO_LINE,4.0,,NO_LINE,0.0,L,OK,0.0,L,OK,0.0,,NO_LINE
2026-10-01,MIN@NSH,2026020012,7:00 PM,2026-10-02T00:00:00Z,Nick Foligno,8473422,MIN,False,,2026-27,MIN,L,,Healthy,Unknown,,,2.0,0.0,,33.0,21.0,2026-10-01T17:24:18+00:00,NSH,Juuse Saros,0.8935294117647059,3.163828640515069,63.5,Confirmed,dailyfaceoff_name_and_stats,26.5,4.0,26.5,4.0,,47.7,51.9,A1+A2,12.66,34.0,46.4,0.99,NONE,False,False,26.95519628987012,2.550162966806661,64.2,72.3,7.0,1.75,True,,,,,50.0,,,,,,,,,,,,,,,,,,,,,,,,,,,,,,,,,,,,,,,,1.217300421136762,0.4426546985951861,,,0.0,2.580998232374455,2.3695289505603,50.0,66.1,55.1,66.1,2.97,0.93,,,,,COOL,COOL,COOL,2.05,,COOL,Red,Red,Red,Red,52.0,45.0,46.0,48.0,POINTS,52.0,,,,,,,C,Passenger,7.8,,41.6,,0.0,0.9924528301886792,52.6,0.9924528301886792,0.0783807276791257,7.8,7.8,2.118821292775665,0.4220532319391635,1.9961977186311783,7.253821602553335,7.107302724133521,41.6,60.7,False,,,,,,False,False,0.0,,False,0.0,,False,0.0,,,,,,,,,,,,,,,,,,,,,,,,,,,,,,,,,,,,,,,,,,,,,,,0.5,900.0,FanDuel,,,,,,,,,,0.5,900.0,FanDuel,0.5,900.0,FanDuel,,,,,,,,,,0.5,900.0,FanDuel,The Odds API,"[""Bally Bet"", ""BetMGM"", ""BetRivers"", ""Bovada"", ""Caesars"", ""Courtside"", ""DraftKings"", ""FanDuel"", ""Fanatics"", ""Hard Rock Bet"", ""theScore Bet""]",The Odds API,"[""Bally Bet"", ""BetMGM"", ""BetRivers"", ""Bovada"", ""Caesars"", ""Courtside"", ""DraftKings"", ""FanDuel"", ""Fanatics"", ""fanduel""]",,,,,,,,,,,,,,,,,,,,,,,,ALTLINE_NB_v1_2026-01-18,,,,league_avg,2.3,,,,,,,,,,,,,,,,,,,,,,,,,exp/fallback,0.297,,,,,,,,,,,,,,,,,,,,,,,,,exp/fallback,0.205,,,,,,,,,,,,,,,,,,,,,,0.5,900.0,FanDuel,exp/fallback,0.2172,0.1880187385771032,18.8,0.1,88.01873857710328,88.0,0.1880187385771032,18.8,88.01873857710328,88.0,,,,,,,,,,,,,0.5,900.0,FanDuel,exp/fallback,0.1654499999999999,0.1454190056545247,14.5,0.1,45.41900565452471,45.4,0.1454190056545247,14.5,45.41900565452471,45.4,,,,,,,,,,,,,False,False,True,True,False,,,Active roster,2026-10-01T17:24:42+00:00,False,[],2025-2026,,2026-09-24-frozen-v2,2026-10-01T17:24:46.238031+00:00,2026020012,8473422.0,PLAYER_ID,FINAL,1.0,,NO_LINE,0.0,,NO_LINE,2.0,,NO_LINE,1.0,W,OK,1.0,W,OK,0.0,,NO_LINE
2026-10-01,MIN@NSH,2026020012,7:00 PM,2026-10-02T00:00:00Z,Nico Sturm,8481477,MIN,False,,2026-27,MIN,C,,Healthy,Unknown,,,2.0,0.0,,33.0,21.0,2026-10-01T17:24:18+00:00,NSH,Juuse Saros,0.8935294117647059,3.163828640515069,63.5,Confirmed,dailyfaceoff_name_and_stats,26.5,4.0,26.5,4.0,,57.8,37.3,A1+A2,10.94,21.2,43.3,0.97,NONE,False,False,26.95519628987012,2.550162966806661,64.2,72.3,7.0,1.75,True,,,,,50.0,,,,,,,,,,,,,,,,,,,,,,,,,,,,,,,,,,,,,,,,0.948081264108352,0.1354401805869074,,,0.0,2.580998232374455,2.3695289505603,50.0,66.1,49.8,66.1,2.67,1.48,,,,,COOL,COOL,COOL,1.19,,COOL,Red,Red,Red,Red,42.0,49.0,54.0,40.0,GOAL,54.0,,,,,,,C,Passenger,0.1,,41.6,,0.0,0.0153061224489795,0.75,0.0153061224489795,0.0013988187752564,0.1,0.1,0.0,0.0,0.0,7.253821602553335,7.107302724133521,41.6,22.1,False,,,,,,False,False,0.0,,False,0.0,,False,0.0,,,,,,,,,,,,,,,,,,,,,,,,,,,,,,,,,,,,,,,,,,,,,,,,,,,,,,,,,,,,,,,,,,,,,,,,,,,,,,,,,,,,,,,,,,,,,,,,,,,,,,,,ALTLINE_NB_v1_2026-01-18,,,,league_avg,2.3,,,,,,,,,,,,,,,,,,,,,,,,,exp/fallback,0.267,,,,,,,,,,,,,,,,,,,,,,,,,exp/fallback,0.119,,,,,,,,,,,,,,,,,,,,,,,,,exp/fallback,0.2392,,,,,,,,,,,,,,,,,,,,,,,,,exp/fallback,0.2012,,,,,,,,,,,,,,,,,,,,,,False,False,False,False,False,,,Active roster,2026-10-01T17:24:42+00:00,False,[],2025-2026,,2026-09-24-frozen-v2,2026-10-01T17:24:46.238031+00:00,2026020012,,,NO_PLAYER,,,NO_PLAYER,,,NO_PLAYER,,,NO_PLAYER,,,NO_PLAYER,,,NO_PLAYER,,,NO_PLAYER
2026-10-01,MIN@NSH,2026020012,7:00 PM,2026-10-02T00:00:00Z,Olli Mtt,8476874,CGY,True,,2026-27,MIN,D,,Healthy,Unknown,,,2.0,0.0,,33.0,21.0,2026-10-01T17:24:18+00:00,NSH,Juuse Saros,0.8935294117647059,3.163828640515069,63.5,Confirmed,dailyfaceoff_name_and_stats,26.5,4.0,26.5,4.0,,28.9,56.5,A1+A2,17.21,68.4,46.5,0.99,NONE,False,False,26.95519628987012,2.550162966806661,64.2,72.3,7.0,1.75,True,,,,,50.0,,,,,,,,,,,,,,,,,,,,,,,,,,,,,,,,,,,,,,,,1.34743986425791,0.6288052699870247,,,0.0,2.580998232374455,2.3695289505603,50.0,66.1,59.0,66.1,3.42,0.44,,,,,COOL,COOL,COOL,2.98,,COOL,Red,Red,Red,Red,58.0,38.0,37.0,52.0,POINTS,58.0,,,,,,,,Passenger,0.2,,41.6,,,0.0395348837209302,1.7,0.0395348837209302,0.0022967282880367,0.2,0.2,0.0,0.0,0.0,7.253821602553335,7.107302724133521,41.6,25.0,False,,,,,,False,False,0.0,,False,0.0,,False,0.0,,,,,,,,,,,,,,,,,,,,,,,,,,,,,,,,,,,,,,,,,,,,,,,,,,,,,,,,,,,,,,,,,,,,,,,,,,,,,,,,,,,,,,,,,,,,,,,,,,,,,,,,ALTLINE_NB_v1_2026-01-18,,,,league_avg,2.3,,,,,,,,,,,,,,,,,,,,,,,,,exp/fallback,0.3419999999999999,,,,,,,,,,,,,,,,,,,,,,,,,exp/fallback,0.298,,,,,,,,,,,,,,,,,,,,,,,,,exp/fallback,0.1976,,,,,,,,,,,,,,,,,,,,,,,,,exp/fallback,0.1336,,,,,,,,,,,,,,,,,,,,,,False,False,False,False,False,,,Active roster,2026-10-01T17:24:42+00:00,False,[],2025-2026,,2026-09-24-frozen-v2,2026-10-01T17:24:46.238031+00:00,2026020012,8476874.0,PLAYER_ID,FINAL,1.0,,NO_LINE,1.0,,NO_LINE,0.0,,NO_LINE,0.0,,NO_LINE,0.0,,NO_LINE,0.0,,NO_LINE
2026-10-01,MIN@NSH,2026020012,7:00 PM,2026-10-02T00:00:00Z,Quinn Hughes,8480800,MIN,False,"{""season"":""2026-27"",""games"":[]}",2026-27,MIN,D,,Healthy,Unknown,,,2.0,1.0,🟢 ROLE+,33.0,21.0,2026-10-01T17:24:18+00:00,NSH,Juuse Saros,0.8935294117647059,3.163828640515069,63.5,Confirmed,dailyfaceoff_name_and_stats,26.5,4.0,26.5,4.0,8.3,69.1,99.3,A1+A2,27.74,100.0,85.9,1.14,NONE,False,False,26.95519628987012,2.550162966806661,64.2,72.3,7.0,1.75,True,2.0,1.875,1.4,1.79,54.1,14.0,4.0,19.0,2.0,5.0,10.0,15.0,15.0,11.0,11.0,20.0,20.0,ELITE,1.4,0.9,OK,0.75,,LOW,0.375,,ELITE,1.0,,OK,0.55,,LOW,0.275,,LOW,1.9,,LOW,1.0,,LOW,0.5,,1.2757943338531017,0.583220266904275,,,10.0,2.580998232374455,2.3695289505603,50.0,66.1,56.9,66.1,13.63,1.73,19.69,-1.61,-2.27,-1.1,COOL,COOL,COOL,14.39,0.66,COOL,Green,Red,Red,Green,76.0,65.0,69.0,86.0,ASSISTS,86.0,0.0,0.0,2.0,0.0,2.0,2.0,A,Distributor,13.7,,41.6,,2.0,3.7898648648648647,280.45,3.7898648648648647,0.1366326986318054,13.7,13.7,4.723301836334462,0.586200748796577,4.867177750044571,7.253821602553335,7.107302724133521,41.6,78.1,False,,,,🅰️ D:0,,False,False,1.0,,False,0.0,,False,0.0,,1.5,-278.0,BetOnline.ag,2.5,-103.0,BetOnline.ag,3.5,240.0,theScore Bet,4.5,550.0,Bovada,2.5,-103.0,BetOnline.ag,0.5,-185.0,Hard Rock Bet,1.5,280.0,Bovada,2.5,950.0,DraftKings,3.5,2800.0,Fanatics,0.5,-185.0,Hard Rock Bet,0.5,-132.0,Bovada,1.5,375.0,Bovada,2.5,1300.0,DraftKings,,,,0.5,-132.0,Bovada,0.5,500.0,DraftKings,,,,,,,,,,0.5,500.0,DraftKings,0.5,500.0,DraftKings,,,,,,,,,,0.5,500.0,DraftKings,The Odds API,"[""Bally Bet"", ""BetMGM"", ""BetRivers"", ""Bovada"", ""Caesars"", ""Courtside"", ""DraftKings"", ""FanDuel"", ""Fanatics"", ""Hard Rock Bet"", ""fanduel"", ""theScore Bet""]",The Odds API,"[""Bally Bet"", ""BetMGM"", ""BetRivers"", ""Bovada"", ""Caesars"", ""Courtside"", ""DraftKings"", ""FanDuel"", ""Fanatics"", ""fanatics""]",The Odds API,"[""Bally Bet"", ""BetOnline.ag"", ""BetRivers"", ""Bovada"", ""Caesars"", ""Courtside"", ""DraftKings"", ""FanDuel"", ""Fanatics"", ""Hard Rock Bet"", ""draftkings"", ""theScore Bet""]",The Odds API,"[""Bally Bet"", ""BetOnline.ag"", ""BetRivers"", ""Bovada"", ""Caesars"", ""Courtside"", ""DraftKings"", ""FanDuel"", ""Fanatics"", ""Hard Rock Bet"", ""caesars"", ""theScore Bet""]",The Odds API,"[""Bally Bet"", ""BetOnline.ag"", ""BetRivers"", ""Bovada"", ""Courtside"", ""DraftKings"", ""FanDuel"", ""Fanatics"", ""Hard Rock Bet"", ""draftkings"", ""theScore Bet""]",0.5,185.0,BetRivers,,,,,,,,,,0.5,185.0,BetRivers,The Odds API,"[""Bally Bet"", ""BetRivers"", ""Bovada"", ""FanDuel"", ""Hard Rock Bet"", ""theScore Bet""]",ALTLINE_NB_v1_2026-01-18,2.5,-103.0,BetOnline.ag,exp/fallback,1.969,0.3127948024170481,31.3,0.5073891625615764,-38.35209233916429,-38.4,0.5322378996197386,53.2,-27.630961850265766,-27.6,0.3127948024170481,31.3,-38.35209233916429,-38.4,0.1680189745088232,16.8,-42.87354866700012,-42.9,0.084443616992528,8.4,-45.1116489548568,-45.1,0.5,-185.0,Hard Rock Bet,exp/fallback,1.363,0.671894339499201,67.2,0.6491228070175439,3.508046895822853,3.5,0.671894339499201,67.2,3.508046895822853,3.5,0.3691232652210189,36.9,40.26684078398718,40.3,0.1805331987961962,18.1,89.55985873600605,89.6,0.0819172541964972,8.2,137.56003716984188,137.6,0.5,-132.0,Bovada,exp/fallback,1.439,0.6617828390472726,66.2,0.5689655172413793,16.313347468914586,16.3,0.6617828390472726,66.2,16.313347468914586,16.3,0.3787386432863103,37.9,79.90085556099741,79.9,0.2010849949728363,20.1,181.51899296197087,181.5,,,,,0.5,500.0,DraftKings,exp/fallback,0.2118199999999999,0.183985505085106,18.4,0.1666666666666666,10.391303051063616,10.4,0.183985505085106,18.4,10.391303051063616,10.4,,,,,,,,,,,,,0.5,500.0,DraftKings,exp/fallback,0.1848324999999999,0.1601614973333762,16.0,0.1666666666666666,-3.9031015999742458,-3.9,0.1601614973333762,16.0,-3.9031015999742458,-3.9,,,,,,,,,,,,,False,False,True,False,True,8.3,,Active roster,2026-10-01T17:24:42+00:00,False,"[{""market"":""Assists"",""name"":""Staff (Green Stance)"",""kind"":""STANCE"",""rule"":""Green + Assists 0.5"",""icon"":""staff.svg"",""kit_version"":""2026-09-24-frozen-v2""},{""market"":""Assists"",""name"":""Staff Awakened"",""kind"":""STANCE"",""rule"":""Green + Assists 0.5 + Conf_Assists ≥ 83"",""icon"":""staff.svg"",""kit_version"":""2026-09-24-frozen-v2""},{""market"":""Assists"",""name"":""Runic Infusion"",""kind"":""VOLUME"",""rule"":""Green + Assists 0.5 + Conf_Assists ≥ 83 + PP_iXA60 ≥ 4.4"",""icon"":""runic_infusion.svg"",""kit_version"":""2026-09-24-frozen-v2""}]",2025-2026,,2026-09-24-frozen-v2,2026-10-01T17:24:46.238031+00:00,2026020012,8480800.0,PLAYER_ID,FINAL,1.0,W,OK,1.0,W,OK,5.0,W,OK,0.0,L,OK,0.0,L,OK,0.0,L,OK
2026-10-01,MIN@NSH,2026020012,7:00 PM,2026-10-02T00:00:00Z,Ryan Hartman,8477451,MIN,False,"{""season"":""2026-27"",""games"":[]}",2026-27,MIN,R,,Healthy,Unknown,,,2.0,0.0,,33.0,21.0,2026-10-01T17:24:18+00:00,NSH,Juuse Saros,0.8935294117647059,3.163828640515069,63.5,Confirmed,dailyfaceoff_name_and_stats,26.5,4.0,26.5,4.0,12.5,90.6,71.0,A1+A2,16.74,64.0,78.4,1.11,NONE,False,False,26.95519628987012,2.550162966806661,64.2,72.3,7.0,1.75,True,3.0,3.375,4.2,3.42,93.1,5.0,2.0,34.0,2.0,1.0,3.0,7.0,7.0,4.0,4.0,35.0,35.0,LOW,0.5,0.0,LOW,0.35,,LOW,0.175,,LOW,0.3,,LOW,0.2,,LOW,0.1,,GOOD,3.4,,LOW,1.75,,LOW,0.875,,1.6832071430726072,0.5429700461524539,,,3.0,2.580998232374455,2.3695289505603,50.0,66.1,65.6,66.1,6.26,3.66,37.62,1.26,1.33,0.2,COOL,COOL,COOL,2.93,-0.07,COOL,Yellow,Yellow,Green,Yellow,61.0,80.0,84.0,65.0,GOAL,84.0,2.0,3.0,2.0,0.0,1.0,2.0,B,Shooter,10.0,,41.6,,1.0,1.6789473684210523,127.6,1.6789473684210523,0.1002671695741002,10.0,10.0,2.590909090909091,1.79153605015674,0.9404388714733544,7.253821602553335,7.107302724133521,41.6,57.8,False,,,,🥅 D:2,,False,False,1.0,,False,0.0,,False,0.0,,1.5,-165.0,BetRivers,2.5,140.0,DraftKings,3.5,340.0,Fanatics,4.5,800.0,Fanatics,2.5,140.0,DraftKings,0.5,120.0,BetRivers,1.5,575.0,BetRivers,,,,,,,0.5,120.0,BetRivers,0.5,230.0,BetRivers,,,,,,,,,,0.5,230.0,BetRivers,0.5,375.0,Hard Rock Bet,,,,,,,,,,0.5,375.0,Hard Rock Bet,0.5,340.0,FanDuel,,,,,,,,,,0.5,340.0,FanDuel,The Odds API,"[""Bally Bet"", ""BetMGM"", ""BetRivers"", ""Bovada"", ""Caesars"", ""Courtside"", ""DraftKings"", ""FanDuel"", ""Fanatics"", ""Hard Rock Bet"", ""theScore Bet""]",The Odds API,"[""Bally Bet"", ""BetMGM"", ""BetRivers"", ""Bovada"", ""Caesars"", ""Courtside"", ""DraftKings"", ""FanDuel"", ""Fanatics"", ""fanduel""]",The Odds API,"[""Bally Bet"", ""BetRivers""]",The Odds API,"[""Bally Bet"", ""BetOnline.ag"", ""BetRivers"", ""Bovada"", ""Caesars"", ""Courtside"", ""DraftKings"", ""FanDuel"", ""Fanatics"", ""draftkings""]",The Odds API,"[""Bally Bet"", ""BetRivers""]",,,,,,,,,,,,,,,,,,ALTLINE_NB_v1_2026-01-18,2.5,140.0,DraftKings,exp/fallback,3.762,0.6270819085629127,62.7,0.4166666666666667,50.49965805509904,50.5,0.7927487977373936,79.3,27.32026145479352,27.3,0.6270819085629127,62.7,50.49965805509904,50.5,0.4664947307545135,46.6,105.25768153198597,105.3,0.3302894118803063,33.0,197.26047069227573,197.3,0.5,120.0,BetRivers,exp/fallback,0.626,0.4322288262452116,43.2,0.4545454545454545,-4.909658226053438,-4.9,0.4322288262452116,43.2,-4.909658226053438,-4.9,0.1406819845008941,14.1,-5.039660461896489,-5.0,,,,,,,,,0.5,230.0,BetRivers,exp/fallback,0.293,0.2392326215530343,23.9,0.303030303030303,-21.05323488749866,-21.1,0.2392326215530343,23.9,-21.05323488749866,-21.1,,,,,,,,,,,,,0.5,375.0,Hard Rock Bet,exp/fallback,0.3264,0.2641895343921072,26.4,0.2105263157894736,25.49002883625093,25.5,0.2641895343921072,26.4,25.49002883625093,25.5,,,,,,,,,,,,,0.5,340.0,FanDuel,exp/fallback,0.3429,0.2662289254003706,26.6,0.2272727272727272,17.14072717616305,17.1,0.2662289254003706,26.6,17.14072717616305,17.1,,,,,,,,,,,,,True,False,True,True,False,12.5,,Active roster,2026-10-01T17:24:42+00:00,False,[],2025-2026,,2026-09-24-frozen-v2,2026-10-01T17:24:46.238031+00:00,2026020012,8477451.0,PLAYER_ID,FINAL,0.0,L,OK,0.0,L,OK,0.0,L,OK,0.0,L,OK,0.0,L,OK,0.0,,NO_LINE
2026-10-01,MIN@NSH,2026020012,7:00 PM,2026-10-02T00:00:00Z,Viking Gustafsson-Nyberg,8486166,MIN,False,,2026-27,MIN,D,,Healthy,Unknown,,,2.0,1.0,🟢 ROLE+,33.0,21.0,2026-10-01T17:24:18+00:00,NSH,Juuse Saros,0.8935294117647059,3.163828640515069,63.5,Confirmed,dailyfaceoff_name_and_stats,26.5,4.0,26.5,4.0,,0.8,6.9,A1+A2,21.29,92.3,21.2,0.94,NONE,False,False,26.95519628987012,2.550162966806661,64.2,72.3,7.0,1.75,True,,,,,50.0,,,,,,,,,,,,,,,,,,,,,,,,,,,,,,,,,,,,,,,,0.0,0.0,,,0.0,2.580998232374455,2.3695289505603,50.0,66.1,27.8,66.1,0.0,0.0,,,,,COOL,COOL,COOL,0.0,,COOL,Red,Red,Red,Red,33.0,26.0,24.0,26.0,POINTS,33.0,,,,,,,C,Passenger,0.0,,41.6,,0.0,0.0,0.0,0.0,0.0,0.0,0.0,0.0,,,7.253821602553335,7.107302724133521,41.6,8.9,False,,,,,,False,False,0.0,,False,0.0,,False,0.0,,,,,,,,,,,,,,,,,,,,,,,,,,,,,,,,,,,,,,,,,,,,,,,,,,,,,,,,,,,,,,,,,,,,,,,,,,,,,,,,,,,,,,,,,,,,,,,,,,,,,,,,ALTLINE_NB_v1_2026-01-18,,,,league_avg,2.3,,,,,,,,,,,,,,,,,,,,,,,,,league_avg,0.6,,,,,,,,,,,,,,,,,,,,,,,,,league_avg,0.35,,,,,,,,,,,,,,,,,,,,,,,,,league_avg,0.3,,,,,,,,,,,,,,,,,,,,,,,,,league_avg,0.3,,,,,,,,,,,,,,,,,,,,,,False,False,False,False,False,,,Active roster,2026-10-01T17:24:42+00:00,False,[],2025-2026,,2026-09-24-frozen-v2,2026-10-01T17:24:46.238031+00:00,2026020012,,,NO_PLAYER,,,NO_PLAYER,,,NO_PLAYER,,,NO_PLAYER,,,NO_PLAYER,,,NO_PLAYER,,,NO_PLAYER
2026-10-01,MIN@NSH,2026020012,7:00 PM,2026-10-02T00:00:00Z,Yakov Trenin,8478508,MIN,False,"{""season"":""2026-27"",""games"":[]}",2026-27,MIN,C,,Healthy,Unknown,,,2.0,0.0,,33.0,21.0,2026-10-01T17:24:18+00:00,NSH,Juuse Saros,0.8935294117647059,3.163828640515069,63.5,Confirmed,dailyfaceoff_name_and_stats,26.5,4.0,26.5,4.0,0.0,74.1,66.1,A1+A2,13.28,36.9,63.9,1.06,NONE,False,False,26.95519628987012,2.550162966806661,64.2,72.3,7.0,1.75,True,0.0,0.4285714285714285,0.4,0.1399999999999999,2.8,2.0,0.0,4.0,0.0,1.0,2.0,2.0,2.0,2.0,2.0,4.0,4.0,LOW,0.2,,LOW,0.1,,LOW,0.05,,LOW,0.2,,LOW,0.1,,LOW,0.05,,LOW,0.4,,LOW,0.2,,LOW,0.1,,1.4394492541983936,0.7510170021904663,,,2.0,2.580998232374455,2.3695289505603,50.0,66.1,60.7,66.1,3.96,1.77,1.4,1.96,1.77,-2.6,WARM,WARM,COOL,2.19,0.19,COOL,Red,Red,Red,Red,63.0,58.0,60.0,60.0,POINTS,63.0,4.0,4.0,9.0,9.0,0.0,9.0,C,Passenger,0.7,,41.6,,0.0,0.0880081300813008,7.216666666666667,0.0880081300813008,0.0066262663361185,0.7,0.7,1.9953810623556585,1.9953810623556585,0.0,7.253821602553335,7.107302724133521,41.6,32.2,False,,,,🅿️ D:4,,False,False,1.0,,False,0.0,,False,0.0,,,,,,,,,,,,,,,,,,,,,,,,,,,,,,,,,,,,,,,,,,,,,,,0.5,800.0,FanDuel,,,,,,,,,,0.5,800.0,FanDuel,0.5,800.0,FanDuel,,,,,,,,,,0.5,800.0,FanDuel,The Odds API,"[""Bally Bet"", ""BetMGM"", ""BetRivers"", ""Bovada"", ""Caesars"", ""Courtside"", ""DraftKings"", ""FanDuel"", ""Fanatics"", ""Hard Rock Bet"", ""theScore Bet""]",The Odds API,"[""Bally Bet"", ""BetMGM"", ""BetRivers"", ""Bovada"", ""Caesars"", ""Courtside"", ""DraftKings"", ""FanDuel"", ""Fanatics"", ""fanduel""]",,,,,,,,,,,,,,,,,,,,,,,,ALTLINE_NB_v1_2026-01-18,,,,exp/fallback,0.1399999999999999,,,,,,,,,,,,,,,,,,,,,,,,,exp/fallback,0.396,,,,,,,,,,,,,,,,,,,,,,,,,exp/fallback,0.219,,,,,,,,,,,,,,,,,,,,,,0.5,800.0,FanDuel,exp/fallback,0.1881,0.1658647597439471,16.6,0.1111111111111111,49.27828376955239,49.3,0.1658647597439471,16.6,49.27828376955239,49.3,,,,,,,,,,,,,0.5,800.0,FanDuel,exp/fallback,0.1650375,0.1451006223801841,14.5,0.1111111111111111,30.59056014216576,30.6,0.1451006223801841,14.5,30.59056014216576,30.6,,,,,,,,,,,,,False,False,True,True,False,0.0,,Active roster,2026-10-01T17:24:42+00:00,False,[],2025-2026,,2026-09-24-frozen-v2,2026-10-01T17:24:46.238031+00:00,2026020012,8478508.0,PLAYER_ID,FINAL,0.0,,NO_LINE,0.0,,NO_LINE,0.0,,NO_LINE,0.0,L,OK,0.0,L,OK,0.0,,NO_LINE
2026-10-01,MIN@NSH,2026020012,7:00 PM,2026-10-02T00:00:00Z,Zach Bogosian,8474567,MIN,False,,2026-27,MIN,D,,Healthy,Unknown,,,2.0,0.0,,33.0,21.0,2026-10-01T17:24:18+00:00,NSH,Juuse Saros,0.8935294117647059,3.163828640515069,63.5,Confirmed,dailyfaceoff_name_and_stats,26.5,4.0,26.5,4.0,,23.0,31.9,A1+A2,14.54,46.6,30.8,0.94,NONE,False,False,26.95519628987012,2.550162966806661,64.2,72.3,7.0,1.75,True,,,,,50.0,,,,,,,,,,,,,,,,,,,,,,,,,,,,,,,,,,,,,,,,0.647520834582409,0.3237604172912045,,,0.0,2.580998232374455,2.3695289505603,50.0,66.1,40.8,66.1,1.17,0.25,,,,,COOL,COOL,COOL,0.92,,COOL,Red,Red,Red,Red,41.0,33.0,32.0,35.0,POINTS,41.0,,,,,,,C,Passenger,0.3,,41.6,,0.0,0.0365853658536585,1.5,0.0365853658536585,0.0025154420190614,0.3,0.3,0.0,0.0,0.0,7.253821602553335,7.107302724133521,41.6,27.6,False,,,,,,False,False,0.0,,False,0.0,,False,0.0,,,,,,,,,,,,,,,,,,,,,,,,,,,,,,,,,,,,,,,,,,,,,,,0.5,2500.0,Fanatics,,,,,,,,,,0.5,2500.0,Fanatics,0.5,2500.0,Fanatics,,,,,,,,,,0.5,2500.0,Fanatics,The Odds API,"[""Bally Bet"", ""BetMGM"", ""BetRivers"", ""Bovada"", ""Caesars"", ""Courtside"", ""DraftKings"", ""FanDuel"", ""Fanatics"", ""Hard Rock Bet"", ""theScore Bet""]",The Odds API,"[""Bally Bet"", ""BetMGM"", ""BetRivers"", ""Bovada"", ""Caesars"", ""Courtside"", ""DraftKings"", ""FanDuel"", ""Fanatics"", ""fanatics""]",,,,,,,,,,,,,,,,,,,,,,,,ALTLINE_NB_v1_2026-01-18,,,,league_avg,2.3,,,,,,,,,,,,,,,,,,,,,,,,,exp/fallback,0.1169999999999999,,,,,,,,,,,,,,,,,,,,,,,,,exp/fallback,0.092,,,,,,,,,,,,,,,,,,,,,,0.5,2500.0,Fanatics,exp/fallback,0.19,0.1673368949610081,16.7,0.0384615384615384,335.0759268986211,335.1,0.1673368949610081,16.7,335.0759268986211,335.1,,,,,,,,,,,,,0.5,2500.0,Fanatics,exp/fallback,0.12125,0.1101559671823652,11.0,0.0384615384615384,186.4055146741495,186.4,0.1101559671823652,11.0,186.4055146741495,186.4,,,,,,,,,,,,,False,False,True,True,False,,,Active roster,2026-10-01T17:24:42+00:00,False,[],2025-2026,,2026-09-24-frozen-v2,2026-10-01T17:24:46.238031+00:00,2026020012,8474567.0,PLAYER_ID,FINAL,0.0,,NO_LINE,0.0,,NO_LINE,1.0,,NO_LINE,0.0,L,OK,0.0,L,OK,0.0,,NO_LINE
2026-10-01,MIN@NSH,2026020012,7:00 PM,2026-10-02T00:00:00Z,Adam Edstrom,8481726,NYR,True,,2026-27,NSH,C,,Healthy,Unknown,,,0.0,0.0,,33.0,21.0,2026-10-01T17:24:18+00:00,MIN,Jesper Wallstedt,0.9147894221351616,2.6143790849673203,18.8,Unconfirmed,dailyfaceoff_name_and_stats,19.5,4.0,19.5,4.0,,43.4,24.0,A1+A2,9.46,11.4,30.2,0.94,NONE,False,False,25.76676450011798,2.483385561769613,46.1,59.8,9.0,2.25,True,,,,,50.0,,,,,,,,,,,,,,,,,,,,,,,,,,,,,,,,,,,,,,,,0.9174779550435802,0.3669911820174321,,,0.0,2.4018874961487944,1.926413595161264,50.0,17.5,48.7,17.5,1.68,1.14,,,,,COOL,COOL,COOL,0.54,,COOL,Red,Red,Red,Red,26.0,33.0,34.0,23.0,GOAL,34.0,,,,,,,,Passenger,0.1,,28.3,,,0.0119047619047619,0.4166666666666667,0.0119047619047619,0.0012583048117576,0.1,0.1,0.0,0.0,0.0,6.389309896417201,7.265777777777778,28.3,17.0,False,,,,,,False,False,0.0,,False,0.0,,False,0.0,,,,,,,,,,,,,,,,,,,,,,,,,,,,,,,,,,,,,,,,,,,,,,,0.5,1000.0,DraftKings,,,,,,,,,,0.5,1000.0,DraftKings,0.5,1000.0,DraftKings,,,,,,,,,,0.5,1000.0,DraftKings,The Odds API,"[""Bally Bet"", ""BetMGM"", ""BetRivers"", ""Bovada"", ""Caesars"", ""Courtside"", ""DraftKings"", ""FanDuel"", ""Fanatics"", ""Hard Rock Bet"", ""theScore Bet""]",The Odds API,"[""Bally Bet"", ""BetMGM"", ""BetRivers"", ""Bovada"", ""Caesars"", ""Courtside"", ""DraftKings"", ""FanDuel"", ""Fanatics"", ""fanduel""]",,,,,,,,,,,,,,,,,,,,,,,,ALTLINE_NB_v1_2026-01-18,,,,league_avg,2.3,,,,,,,,,,,,,,,,,,,,,,,,,exp/fallback,0.1679999999999999,,,,,,,,,,,,,,,,,,,,,,,,,exp/fallback,0.054,,,,,,,,,,,,,,,,,,,,,,0.5,1000.0,DraftKings,exp/fallback,0.2256,0.194260378347346,19.4,0.0909090909090909,113.6864161820806,113.7,0.194260378347346,19.4,113.6864161820806,113.7,,,,,,,,,,,,,0.5,1000.0,DraftKings,exp/fallback,0.1790999999999999,0.1558452725466189,15.6,0.0909090909090909,71.42979980128085,71.4,0.1558452725466189,15.6,71.42979980128085,71.4,,,,,,,,,,,,,False,False,True,True,False,,,Active roster,2026-10-01T17:24:42+00:00,False,[],2025-2026,,2026-09-24-frozen-v2,2026-10-01T17:24:46.238031+00:00,2026020012,8481726.0,PLAYER_ID,FINAL,0.0,,NO_LINE,0.0,,NO_LINE,1.0,,NO_LINE,0.0,L,OK,0.0,L,OK,0.0,,NO_LINE
2026-10-01,MIN@NSH,2026020012,7:00 PM,2026-10-02T00:00:00Z,Adam Wilsby,8482482,NSH,False,,2026-27,NSH,D,,Healthy,Unknown,,,0.0,0.0,,33.0,21.0,2026-10-01T17:24:18+00:00,MIN,Jesper Wallstedt,0.9147894221351616,2.6143790849673203,18.8,Unconfirmed,dailyfaceoff_name_and_stats,19.5,4.0,19.5,4.0,,40.8,60.9,A1+A2,17.01,67.0,53.1,1.01,NONE,False,False,25.76676450011798,2.483385561769613,46.1,59.8,9.0,2.25,True,,,,,50.0,,,,,,,,,,,,,,,,,,,,,,,,,,,,,,,,,,,,,,,,0.8016032064128257,0.334001336005344,,,0.0,2.4018874961487944,1.926413595161264,50.0,17.5,45.5,17.5,3.29,0.68,,,,,COOL,COOL,COOL,2.62,,COOL,Red,Red,Red,Red,50.0,36.0,35.0,44.0,POINTS,50.0,,,,,,,C,Passenger,0.2,,28.3,,0.0,0.0327586206896551,1.9,0.0327586206896551,0.0019260335535319,0.2,0.2,0.0,0.0,0.0,6.389309896417201,7.265777777777778,28.3,19.9,False,,,,,,False,False,0.0,,False,0.0,,False,0.0,,,,,,,,,,,,,,,,,0.5,270.0,BetRivers,,,,,,,,,,0.5,270.0,BetRivers,,,,,,,,,,,,,,,,0.5,2100.0,FanDuel,,,,,,,,,,0.5,2100.0,FanDuel,0.5,2100.0,FanDuel,,,,,,,,,,0.5,2100.0,FanDuel,The Odds API,"[""Bally Bet"", ""BetMGM"", ""BetRivers"", ""Bovada"", ""Caesars"", ""Courtside"", ""DraftKings"", ""FanDuel"", ""Fanatics"", ""Hard Rock Bet"", ""theScore Bet""]",The Odds API,"[""Bally Bet"", ""BetMGM"", ""BetRivers"", ""Bovada"", ""Caesars"", ""Courtside"", ""DraftKings"", ""FanDuel"", ""Fanatics"", ""fanduel""]",The Odds API,"[""Bally Bet"", ""BetRivers""]",,,,,,,,,,,,,,,,,,,,,,ALTLINE_NB_v1_2026-01-18,,,,league_avg,2.3,,,,,,,,,,,,,,,,,,,,,,0.5,270.0,BetRivers,exp/fallback,0.329,0.2675769015146992,26.8,0.2702702702702703,-0.9965464395612632,-1.0,0.2675769015146992,26.8,-0.9965464395612632,-1.0,,,,,,,,,,,,,,,,exp/fallback,0.262,,,,,,,,,,,,,,,,,,,,,,0.5,2100.0,FanDuel,exp/fallback,0.2072,0.1804996030265456,18.0,0.0454545454545454,297.0991266584005,297.1,0.1804996030265456,18.0,297.0991266584005,297.1,,,,,,,,,,,,,0.5,2100.0,FanDuel,exp/fallback,0.1492,0.1327269896180765,13.3,0.0454545454545454,191.99937715976827,192.0,0.1327269896180765,13.3,191.99937715976827,192.0,,,,,,,,,,,,,False,False,True,True,False,,,Active roster,2026-10-01T17:24:42+00:00,False,[],2025-2026,,2026-09-24-frozen-v2,2026-10-01T17:24:46.238031+00:00,2026020012,8482482.0,PLAYER_ID,FINAL,0.0,L,OK,0.0,,NO_LINE,0.0,,NO_LINE,0.0,L,OK,0.0,L,OK,0.0,,NO_LINE
2026-10-01,MIN@NSH,2026020012,7:00 PM,2026-10-02T00:00:00Z,Alexander Kerfoot,8477021,UTA,True,,2026-27,NSH,C,,Healthy,Unknown,,,0.0,0.0,,33.0,21.0,2026-10-01T17:24:18+00:00,MIN,Jesper Wallstedt,0.9147894221351616,2.6143790849673203,18.8,Unconfirmed,dailyfaceoff_name_and_stats,19.5,4.0,19.5,4.0,,37.6,37.3,A1+A2,12.79,35.0,37.0,0.95,NONE,False,False,25.76676450011798,2.483385561769613,46.1,59.8,9.0,2.25,True,,,,,50.0,,,,,,,,,,,,,,,,,,,,,,,,,,,,,,,,,,,,,,,,1.8378428551538497,0.5012298695874136,,,0.0,2.4018874961487944,1.926413595161264,50.0,17.5,68.3,17.5,2.63,0.96,,,,,COOL,COOL,COOL,1.67,,COOL,Red,Red,Red,Red,37.0,32.0,32.0,34.0,POINTS,37.0,,,,,,,,Passenger,2.7,,28.3,,,0.346078431372549,11.766666666666667,0.346078431372549,0.0270664008587639,2.7,2.7,0.0509915014164305,0.0509915014164305,0.0,6.389309896417201,7.265777777777778,28.3,32.4,False,,,,,,False,False,0.0,,False,0.0,,False,0.0,,1.5,117.0,BetRivers,,,,,,,,,,1.5,117.0,BetRivers,0.5,175.0,Hard Rock Bet,1.5,1000.0,theScore Bet,,,,,,,0.5,175.0,Hard Rock Bet,0.5,330.0,Bovada,1.5,1600.0,Bovada,2.5,3300.0,Bovada,,,,0.5,330.0,Bovada,0.5,475.0,DraftKings,,,,,,,,,,0.5,475.0,DraftKings,0.5,475.0,DraftKings,,,,,,,,,,0.5,475.0,DraftKings,The Odds API,"[""Bally Bet"", ""BetRivers"", ""Bovada"", ""Caesars"", ""Courtside"", ""DraftKings"", ""FanDuel"", ""Fanatics"", ""Hard Rock Bet"", ""theScore Bet""]",The Odds API,"[""Bally Bet"", ""BetRivers"", ""Bovada"", ""Caesars"", ""Courtside"", ""DraftKings"", ""FanDuel"", ""Fanatics"", ""fanduel""]",The Odds API,"[""Bally Bet"", ""BetRivers"", ""Hard Rock Bet"", ""theScore Bet""]",The Odds API,"[""Bally Bet"", ""BetRivers""]",The Odds API,"[""Bally Bet"", ""BetRivers"", ""Bovada"", ""Hard Rock Bet"", ""theScore Bet""]",,,,,,,,,,,,,,,,,,ALTLINE_NB_v1_2026-01-18,1.5,117.0,BetRivers,league_avg,2.3,0.6001759479749428,60.0,0.4608294930875576,30.238180710562578,30.2,0.6001759479749428,60.0,30.238180710562578,30.2,,,,,,,,,,,,,0.5,175.0,Hard Rock Bet,exp/fallback,0.263,0.2224368901967781,22.2,0.3636363636363636,-38.82985519588601,-38.8,0.2224368901967781,22.2,-38.82985519588601,-38.8,0.0351752282964555,3.5,-61.30724887389886,-61.3,,,,,,,,,0.5,330.0,Bovada,exp/fallback,0.1669999999999999,0.1481911092872937,14.8,0.2325581395348837,-36.2778230064637,-36.3,0.1481911092872937,14.8,-36.2778230064637,-36.3,0.0169016909679379,1.7,-71.26712535450554,-71.3,0.0017249492563556,0.2,-94.13517252839064,-94.1,,,,,0.5,475.0,DraftKings,exp/fallback,0.2183999999999999,0.1889145366047641,18.9,0.1739130434782608,8.625858547739352,8.6,0.1889145366047641,18.9,8.625858547739352,8.6,,,,,,,,,,,,,0.5,475.0,DraftKings,exp/fallback,0.1674,0.1469214451918492,14.7,0.1739130434782608,-15.52016901468669,-15.5,0.1469214451918492,14.7,-15.52016901468669,-15.5,,,,,,,,,,,,,True,False,False,False,False,,,Active roster,2026-10-01T17:24:42+00:00,False,[],2025-2026,,2026-09-24-frozen-v2,2026-10-01T17:24:46.238031+00:00,2026020012,8477021.0,PLAYER_ID,FINAL,0.0,L,OK,0.0,L,OK,1.0,L,OK,0.0,L,OK,0.0,L,OK,0.0,,NO_LINE
2026-10-01,MIN@NSH,2026020012,7:00 PM,2026-10-02T00:00:00Z,Brady Skjei,8476869,NSH,False,"{""season"":""2026-27"",""games"":[]}",2026-27,NSH,D,,Healthy,Unknown,,,0.0,0.0,,33.0,21.0,2026-10-01T17:24:18+00:00,MIN,Jesper Wallstedt,0.9147894221351616,2.6143790849673203,18.8,Unconfirmed,dailyfaceoff_name_and_stats,19.5,4.0,19.5,4.0,6.2,55.6,76.4,A1+A2,22.61,96.1,71.0,1.08,NONE,False,False,25.76676450011798,2.483385561769613,46.1,59.8,9.0,2.25,True,1.0,1.0,0.6,0.86,13.0,3.0,1.0,11.0,1.0,1.0,2.0,8.0,13.0,6.0,11.0,21.0,46.0,LOW,0.3,-0.2,LOW,0.4,,LOW,0.325,,LOW,0.2,,LOW,0.3,,LOW,0.275,,LOW,1.1,,LOW,1.05,,LOW,1.15,,0.6997804610318331,0.3704720087815587,,,2.0,2.4018874961487944,1.926413595161264,50.0,17.5,42.4,17.5,3.92,0.88,8.6,0.92,-0.12,-2.4,COOL,COOL,COOL,3.34,1.04,COOL,Yellow,Red,Red,Yellow,57.0,47.0,45.0,56.0,POINTS,57.0,3.0,3.0,4.0,5.0,1.0,3.0,B,Distributor,4.7,,28.3,,1.0,1.071341463414634,87.85,1.071341463414634,0.0473844604859806,4.7,4.7,1.99601593625498,0.6898121798520205,1.5367103016505408,6.389309896417201,7.265777777777778,28.3,48.9,False,,,,🅿️ D:3,,False,False,1.0,,False,0.0,,False,0.0,,1.5,108.0,BetRivers,,,,,,,,,,1.5,108.0,BetRivers,0.5,255.0,BetRivers,,,,,,,,,,0.5,255.0,BetRivers,,,,,,,,,,,,,,,,0.5,1200.0,Fanatics,,,,,,,,,,0.5,1200.0,Fanatics,0.5,1200.0,Fanatics,,,,,,,,,,0.5,1200.0,Fanatics,The Odds API,"[""Bally Bet"", ""BetMGM"", ""BetRivers"", ""Bovada"", ""Caesars"", ""Courtside"", ""DraftKings"", ""FanDuel"", ""Fanatics"", ""Hard Rock Bet"", ""theScore Bet""]",The Odds API,"[""Bally Bet"", ""BetMGM"", ""BetRivers"", ""Bovada"", ""Caesars"", ""Courtside"", ""DraftKings"", ""FanDuel"", ""Fanatics"", ""fanatics""]",The Odds API,"[""Bally Bet"", ""BetRivers""]",The Odds API,"[""Bally Bet"", ""BetRivers""]",,,,,,,,,,,,,,,,,,,,ALTLINE_NB_v1_2026-01-18,1.5,108.0,BetRivers,exp/fallback,0.86,0.2163237029274975,21.6,0.4807692307692308,-55.004669791080495,-55.0,0.2163237029274975,21.6,-55.004669791080495,-55.0,,,,,,,,,,,,,0.5,255.0,BetRivers,exp/fallback,0.392,0.307426069645912,30.7,0.2816901408450704,9.136254724298764,9.1,0.307426069645912,30.7,9.136254724298764,9.1,,,,,,,,,,,,,,,,exp/fallback,0.3339999999999999,,,,,,,,,,,,,,,,,,,,,,0.5,1200.0,Fanatics,exp/fallback,0.1614,0.1447863178553975,14.5,0.0769230769230769,88.22221321201678,88.2,0.1447863178553975,14.5,88.22221321201678,88.2,,,,,,,,,,,,,0.5,1200.0,Fanatics,exp/fallback,0.12165,0.1104858009260765,11.0,0.0769230769230769,43.631541203899474,43.6,0.1104858009260765,11.0,43.631541203899474,43.6,,,,,,,,,,,,,False,False,True,True,False,6.2,,Active roster,2026-10-01T17:24:42+00:00,False,[],2025-2026,,2026-09-24-frozen-v2,2026-10-01T17:24:46.238031+00:00,2026020012,8476869.0,PLAYER_ID,FINAL,0.0,L,OK,0.0,,NO_LINE,0.0,L,OK,0.0,L,OK,0.0,L,OK,0.0,,NO_LINE
2026-10-01,MIN@NSH,2026020012,7:00 PM,2026-10-02T00:00:00Z,Filip Forsberg,8476887,NSH,False,"{""season"":""2026-27"",""games"":[]}",2026-27,NSH,L,⭐ STAR,Healthy,Unknown,,,0.0,0.0,,33.0,21.0,2026-10-01T17:24:18+00:00,MIN,Jesper Wallstedt,0.9147894221351616,2.6143790849673203,18.8,Unconfirmed,dailyfaceoff_name_and_stats,19.5,4.0,19.5,4.0,12.5,95.4,89.9,A1+A2,18.89,81.3,90.7,1.2,STAR,False,True,25.76676450011798,2.483385561769613,46.1,59.8,9.0,2.25,True,2.0,2.375,2.2,2.0700000000000003,65.0,10.0,7.0,25.0,3.0,0.0,3.0,22.0,44.0,10.0,20.0,50.0,121.0,STRONG,1.0,0.5,STRONG,1.1,,STRONG,1.1,,LOW,0.3,,OK,0.5,,OK,0.5,,OK,2.5,,OK,2.5,,GOOD,3.025,,1.982269698805132,0.5451241671714112,,,3.0,2.4018874961487944,1.926413595161264,50.0,17.5,70.2,17.5,10.22,4.6,22.77,-0.71,-2.82,-4.3,COOL,COOL,COOL,5.62,2.11,WARM,Yellow,Red,Green,Yellow,60.0,70.0,75.0,71.0,GOAL,75.0,0.0,5.0,0.0,0.0,4.0,0.0,A,Distributor,15.1,,28.3,,2.0,2.8510162601626017,233.78333333333333,2.8510162601626017,0.1509529395305791,15.1,15.1,4.855136522421046,1.85556426890996,3.528908533542454,6.389309896417201,7.265777777777778,28.3,73.1,False,,,,🥅 D:0,,False,False,1.0,,False,0.0,,False,0.0,,1.5,-550.0,DraftKings,2.5,-162.0,BetRivers,3.5,148.0,FanDuel,4.5,320.0,FanDuel,3.5,148.0,FanDuel,0.5,-160.0,theScore Bet,1.5,320.0,FanDuel,2.5,1000.0,Fanatics,3.5,3500.0,Fanatics,0.5,-160.0,theScore Bet,0.5,140.0,Bovada,1.5,800.0,Bovada,2.5,3000.0,Fanatics,,,,0.5,140.0,Bovada,0.5,200.0,FanDuel,,,,,,,,,,0.5,200.0,FanDuel,0.5,200.0,FanDuel,,,,,,,,,,0.5,200.0,FanDuel,The Odds API,"[""Bally Bet"", ""BetMGM"", ""BetRivers"", ""Bovada"", ""Caesars"", ""Courtside"", ""DraftKings"", ""FanDuel"", ""Fanatics"", ""Hard Rock Bet"", ""fanduel"", ""theScore Bet""]",The Odds API,"[""Bally Bet"", ""BetMGM"", ""BetRivers"", ""Bovada"", ""Caesars"", ""Courtside"", ""DraftKings"", ""FanDuel"", ""Fanatics"", ""fanduel""]",The Odds API,"[""Bally Bet"", ""BetOnline.ag"", ""BetRivers"", ""Bovada"", ""Caesars"", ""Courtside"", ""DraftKings"", ""FanDuel"", ""Fanatics"", ""Hard Rock Bet"", ""draftkings"", ""theScore Bet""]",The Odds API,"[""Bally Bet"", ""BetOnline.ag"", ""BetRivers"", ""Bovada"", ""Caesars"", ""Courtside"", ""DraftKings"", ""FanDuel"", ""Fanatics"", ""Hard Rock Bet"", ""caesars"", ""fanduel"", ""theScore Bet""]",The Odds API,"[""Bally Bet"", ""BetOnline.ag"", ""BetRivers"", ""Bovada"", ""Courtside"", ""DraftKings"", ""FanDuel"", ""Fanatics"", ""Hard Rock Bet"", ""draftkings"", ""theScore Bet""]",0.5,195.0,BetRivers,1.5,750.0,Bovada,,,,,,,0.5,195.0,BetRivers,The Odds API,"[""Bally Bet"", ""BetRivers"", ""Bovada"", ""FanDuel"", ""Hard Rock Bet"", ""theScore Bet""]",ALTLINE_NB_v1_2026-01-18,3.5,148.0,FanDuel,exp/fallback,2.277,0.2213889601058505,22.1,0.4032258064516129,-45.09553789374907,-45.1,0.5958181358089664,59.6,-29.585129404394884,-29.6,0.3788213731934684,37.9,-38.73382729834029,-38.7,0.2213889601058505,22.1,-45.09553789374907,-45.1,0.1214480953534393,12.1,-48.99179995155546,-49.0,0.5,-160.0,theScore Bet,exp/fallback,1.022,0.5825922387987268,58.3,0.6153846153846154,-5.3287611952069,-5.3,0.5825922387987268,58.3,-5.3287611952069,-5.3,0.268391213573934,26.8,12.724309701052295,12.7,0.1087450640185658,10.9,19.619570420422463,19.6,0.0406472465730092,4.1,46.33008766283319,46.3,0.5,140.0,Bovada,exp/fallback,0.562,0.390600995392334,39.1,0.4166666666666667,-6.25576110583983,-6.3,0.390600995392334,39.1,-6.25576110583983,-6.3,0.1232456163216797,12.3,10.921054689511768,10.9,0.0352750524822724,3.5,9.352662695044668,9.4,,,,,0.5,200.0,FanDuel,exp/fallback,0.364,0.2881024675751749,28.8,0.3333333333333333,-13.569259727447536,-13.6,0.2881024675751749,28.8,-13.569259727447536,-13.6,,,,,,,,,,,,,0.5,200.0,FanDuel,exp/fallback,0.4039999999999999,0.301435543493275,30.1,0.3333333333333333,-9.569336952017482,-9.6,0.301435543493275,30.1,-9.569336952017482,-9.6,,,,,,,,,,,,,False,False,False,False,False,12.5,,Active roster,2026-10-01T17:24:42+00:00,False,[],2025-2026,,2026-09-24-frozen-v2,2026-10-01T17:24:46.238031+00:00,2026020012,8476887.0,PLAYER_ID,FINAL,1.0,W,OK,1.0,W,OK,2.0,L,OK,0.0,L,OK,0.0,L,OK,0.0,L,OK
2026-10-01,MIN@NSH,2026020012,7:00 PM,2026-10-02T00:00:00Z,Ilya Lyubushkin,8480950,DAL,True,,2026-27,NSH,D,,Healthy,Unknown,,,0.0,0.0,,33.0,21.0,2026-10-01T17:24:18+00:00,MIN,Jesper Wallstedt,0.9147894221351616,2.6143790849673203,18.8,Unconfirmed,dailyfaceoff_name_and_stats,19.5,4.0,19.5,4.0,,26.1,43.8,A1+A2,15.74,56.4,38.3,0.95,NONE,False,False,25.76676450011798,2.483385561769613,46.1,59.8,9.0,2.25,True,,,,,50.0,,,,,,,,,,,,,,,,,,,,,,,,,,,,,,,,,,,,,,,,0.7234888238840631,0.3215505883929169,,,0.0,2.4018874961487944,1.926413595161264,50.0,17.5,43.4,17.5,1.71,0.27,,,,,COOL,COOL,COOL,1.44,,COOL,Red,Red,Red,Red,40.0,27.0,26.0,34.0,POINTS,40.0,,,,,,,,Passenger,0.1,,28.3,,,0.0122641509433962,0.65,0.0122641509433962,0.0007791429427629,0.1,0.1,0.0,0.0,0.0,6.389309896417201,7.265777777777778,28.3,17.0,False,,,,,,False,False,0.0,,False,0.0,,False,0.0,,,,,,,,,,,,,,,,,,,,,,,,,,,,,,,,,,,,,,,,,,,,,,,,,,,,,,,,,,,,,,,,,,,,,,,,,,,,,,,,,,,,,,,,,,,,,,,,,,,,,,,,ALTLINE_NB_v1_2026-01-18,,,,league_avg,2.3,,,,,,,,,,,,,,,,,,,,,,,,,exp/fallback,0.1709999999999999,,,,,,,,,,,,,,,,,,,,,,,,,exp/fallback,0.144,,,,,,,,,,,,,,,,,,,,,,,,,exp/fallback,0.1908,,,,,,,,,,,,,,,,,,,,,,,,,exp/fallback,0.1225499999999999,,,,,,,,,,,,,,,,,,,,,,False,False,False,False,False,,,Active roster,2026-10-01T17:24:42+00:00,False,[],2025-2026,,2026-09-24-frozen-v2,2026-10-01T17:24:46.238031+00:00,2026020012,,,NO_PLAYER,,,NO_PLAYER,,,NO_PLAYER,,,NO_PLAYER,,,NO_PLAYER,,,NO_PLAYER,,,NO_PLAYER
2026-10-01,MIN@NSH,2026020012,7:00 PM,2026-10-02T00:00:00Z,Jack Ahcan,8482072,COL,True,,2026-27,NSH,D,,Healthy,Unknown,,,0.0,0.0,,33.0,21.0,2026-10-01T17:24:18+00:00,MIN,Jesper Wallstedt,0.9147894221351616,2.6143790849673203,18.8,Unconfirmed,dailyfaceoff_name_and_stats,19.5,4.0,19.5,4.0,,14.7,24.0,A1+A2,11.53,25.0,20.0,0.94,NONE,False,False,25.76676450011798,2.483385561769613,46.1,59.8,9.0,2.25,True,,,,,50.0,,,,,,,,,,,,,,,,,,,,,,,,,,,,,,,,,,,,,,,,0.0158478605388272,0.0079239302694136,,,0.0,2.4018874961487944,1.926413595161264,50.0,17.5,32.0,17.5,2.07,0.36,,,,,COOL,COOL,COOL,1.71,,COOL,Red,Red,Red,Red,26.0,19.0,18.0,18.0,POINTS,26.0,,,,,,,,Passenger,0.1,,28.3,,,0.0121212121212121,0.1333333333333333,0.0121212121212121,0.0010511102351859,0.1,0.1,0.0,0.0,0.0,6.389309896417201,7.265777777777778,28.3,17.0,False,,,,,,False,False,0.0,,False,0.0,,False,0.0,,,,,,,,,,,,,,,,,,,,,,,,,,,,,,,,,,,,,,,,,,,,,,,,,,,,,,,,,,,,,,,,,,,,,,,,,,,,,,,,,,,,,,,,,,,,,,,,,,,,,,,,ALTLINE_NB_v1_2026-01-18,,,,league_avg,2.3,,,,,,,,,,,,,,,,,,,,,,,,,exp/fallback,0.207,,,,,,,,,,,,,,,,,,,,,,,,,exp/fallback,0.1709999999999999,,,,,,,,,,,,,,,,,,,,,,,,,exp/fallback,0.1944,,,,,,,,,,,,,,,,,,,,,,,,,exp/fallback,0.1284,,,,,,,,,,,,,,,,,,,,,,False,False,False,False,False,,,Active roster,2026-10-01T17:24:42+00:00,False,[],2025-2026,,2026-09-24-frozen-v2,2026-10-01T17:24:46.238031+00:00,2026020012,,,NO_PLAYER,,,NO_PLAYER,,,NO_PLAYER,,,NO_PLAYER,,,NO_PLAYER,,,NO_PLAYER,,,NO_PLAYER
2026-10-01,MIN@NSH,2026020012,7:00 PM,2026-10-02T00:00:00Z,Jack Drury,8480835,COL,True,"{""season"":""2026-27"",""games"":[]}",2026-27,NSH,C,,Healthy,Unknown,,,0.0,0.0,,33.0,21.0,2026-10-01T17:24:18+00:00,MIN,Jesper Wallstedt,0.9147894221351616,2.6143790849673203,18.8,Unconfirmed,dailyfaceoff_name_and_stats,19.5,4.0,19.5,4.0,6.2,73.0,66.1,A1+A2,14.48,46.4,65.3,1.06,NONE,False,False,25.76676450011798,2.483385561769613,46.1,59.8,9.0,2.25,True,1.0,1.0,1.2,1.07,22.0,4.0,3.0,12.0,2.0,0.0,1.0,5.0,5.0,2.0,2.0,14.0,14.0,LOW,0.4,,LOW,0.25,,LOW,0.125,,LOW,0.1,,LOW,0.1,,LOW,0.05,,LOW,1.2,,LOW,0.7,,LOW,0.35,,1.4024865340966834,0.5487990785595718,,,1.0,2.4018874961487944,1.926413595161264,50.0,17.5,60.1,17.5,3.9,1.7,10.7,-0.1,-1.3,-1.3,COOL,COOL,COOL,2.2,1.2,COOL,Red,Red,Red,Red,43.0,51.0,53.0,57.0,ASSISTS,57.0,1.0,5.0,1.0,4.0,0.0,10.0,,Passenger,1.3,,28.3,,,0.1953252032520325,16.016666666666666,0.1953252032520325,0.0134905594160174,1.3,1.3,1.573361082206035,1.573361082206035,0.0,6.389309896417201,7.265777777777778,28.3,29.5,False,,,,🅰️ D:5,,False,False,0.0,,False,0.0,,False,0.0,,,,,,,,,,,,,,,,,,,,,,,,,,,,,,,,,,,,,,,,,,,,,,,0.5,900.0,Fanatics,,,,,,,,,,0.5,900.0,Fanatics,0.5,900.0,Fanatics,,,,,,,,,,0.5,900.0,Fanatics,The Odds API,"[""Bally Bet"", ""BetMGM"", ""BetRivers"", ""Bovada"", ""Caesars"", ""Courtside"", ""DraftKings"", ""FanDuel"", ""Fanatics"", ""Hard Rock Bet"", ""theScore Bet""]",The Odds API,"[""Bally Bet"", ""BetMGM"", ""BetRivers"", ""Bovada"", ""Caesars"", ""Courtside"", ""DraftKings"", ""FanDuel"", ""Fanatics"", ""fanatics""]",,,,,,,,,,,,,,,,,,,,,,,,ALTLINE_NB_v1_2026-01-18,,,,exp/fallback,1.0699999999999998,,,,,,,,,,,,,,,,,,,,,,,,,exp/fallback,0.39,,,,,,,,,,,,,,,,,,,,,,,,,exp/fallback,0.22,,,,,,,,,,,,,,,,,,,,,,0.5,900.0,Fanatics,exp/fallback,0.186,0.1642334201311815,16.4,0.1,64.23342013118159,64.2,0.1642334201311815,16.4,64.23342013118159,64.2,,,,,,,,,,,,,0.5,900.0,Fanatics,exp/fallback,0.1616249999999999,0.1424592000885471,14.2,0.1,42.45920008854718,42.5,0.1424592000885471,14.2,42.45920008854718,42.5,,,,,,,,,,,,,False,False,True,True,False,6.2,,Active roster,2026-10-01T17:24:42+00:00,False,[],2025-2026,,2026-09-24-frozen-v2,2026-10-01T17:24:46.238031+00:00,2026020012,8480835.0,PLAYER_ID,FINAL,0.0,,NO_LINE,0.0,,NO_LINE,0.0,,NO_LINE,0.0,L,OK,0.0,L,OK,0.0,,NO_LINE
2026-10-01,MIN@NSH,2026020012,7:00 PM,2026-10-02T00:00:00Z,Jonathan Marchessault,8476539,NSH,False,"{""season"":""2026-27"",""games"":[]}",2026-27,NSH,R,,Healthy,Unknown,,,0.0,0.0,,33.0,21.0,2026-10-01T17:24:18+00:00,MIN,Jesper Wallstedt,0.9147894221351616,2.6143790849673203,18.8,Unconfirmed,dailyfaceoff_name_and_stats,19.5,4.0,19.5,4.0,9.4,78.5,69.6,A1+A2,16.71,63.9,72.5,1.09,NONE,False,False,25.76676450011798,2.483385561769613,46.1,59.8,9.0,2.25,True,1.5,1.5,1.2,1.395,35.8,3.0,1.0,16.0,0.0,0.0,2.0,13.0,23.0,12.0,16.0,37.0,82.0,LOW,0.3,-0.2,OK,0.65,,LOW,0.575,,LOW,0.2,,GOOD,0.6,,LOW,0.4,,LOW,1.6,,LOW,1.85,,LOW,2.05,,1.6060999351070733,0.7300454250486696,,,2.0,2.4018874961487944,1.926413595161264,50.0,17.5,63.9,17.5,6.12,2.78,15.34,3.12,1.78,-2.05,HOT,WARM,COOL,3.34,1.34,COOL,Red,Red,Red,Red,66.0,62.0,61.0,61.0,POINTS,66.0,5.0,5.0,6.0,5.0,1.0,5.0,B,Hybrid,15.9,,28.3,,1.0,2.6620967741935484,165.05,2.6620967741935484,0.1593377419510546,15.9,15.9,2.749166919115419,1.7449257800666462,1.1814601635867918,6.389309896417201,7.265777777777778,28.3,62.5,False,,,,🅿️ D:5,,False,False,1.0,,False,0.0,,False,0.0,,1.5,-135.0,Hard Rock Bet,2.5,220.0,Bovada,3.5,575.0,Bovada,4.5,1200.0,Fanatics,1.5,-135.0,Hard Rock Bet,0.5,152.0,BetOnline.ag,1.5,800.0,Caesars,2.5,3500.0,Fanatics,3.5,3400.0,BetOnline.ag,0.5,152.0,BetOnline.ag,0.5,280.0,Bovada,1.5,1700.0,Fanatics,2.5,3300.0,Bovada,,,,0.5,280.0,Bovada,0.5,400.0,BetMGM,,,,,,,,,,0.5,400.0,BetMGM,0.5,400.0,BetMGM,,,,,,,,,,0.5,400.0,BetMGM,The Odds API,"[""Bally Bet"", ""BetMGM"", ""BetRivers"", ""Bovada"", ""Caesars"", ""Courtside"", ""DraftKings"", ""FanDuel"", ""Fanatics"", ""Hard Rock Bet"", ""fanduel"", ""theScore Bet""]",The Odds API,"[""Bally Bet"", ""BetMGM"", ""BetRivers"", ""Bovada"", ""Caesars"", ""Courtside"", ""DraftKings"", ""FanDuel"", ""Fanatics"", ""betmgm""]",The Odds API,"[""Bally Bet"", ""BetOnline.ag"", ""BetRivers"", ""Bovada"", ""Caesars"", ""Courtside"", ""DraftKings"", ""Fanatics"", ""Hard Rock Bet"", ""draftkings"", ""theScore Bet""]",The Odds API,"[""Bally Bet"", ""BetOnline.ag"", ""BetRivers"", ""Bovada"", ""Caesars"", ""Courtside"", ""DraftKings"", ""FanDuel"", ""Fanatics"", ""Hard Rock Bet"", ""theScore Bet""]",The Odds API,"[""BetOnline.ag"", ""Bovada"", ""Courtside"", ""DraftKings"", ""Fanatics"", ""Hard Rock Bet"", ""draftkings"", ""theScore Bet""]",,,,,,,,,,,,,,,,,,ALTLINE_NB_v1_2026-01-18,1.5,-135.0,Hard Rock Bet,exp/fallback,1.534,0.4244076048211219,42.4,0.574468085106383,-26.121639160767664,-26.1,0.4244076048211219,42.4,-26.121639160767664,-26.1,0.2146799233806989,21.5,-31.302424518176323,-31.3,0.0984087765322678,9.8,-33.57407584071919,-33.6,0.042006555044264,4.2,-45.39147844245668,-45.4,0.5,152.0,BetOnline.ag,exp/fallback,0.612,0.425657736241282,42.6,0.3968253968253968,7.265749532803067,7.3,0.425657736241282,42.6,7.265749532803067,7.3,0.1361688007937977,13.6,22.551920714418006,22.6,0.0376777126424587,3.8,35.63976551285162,35.6,0.0095466721459307,1.0,-66.5866474892424,-66.6,0.5,280.0,Bovada,exp/fallback,0.3339999999999999,0.2657257676653529,26.6,0.2631578947368421,0.9757917128341176,1.0,0.2657257676653529,26.6,0.9757917128341176,1.0,0.0555735880597214,5.6,0.0324585074986227,0.0,0.0104638014348622,1.0,-64.42307512146834,-64.4,,,,,0.5,400.0,BetMGM,exp/fallback,0.24752,0.2102350321605217,21.0,0.2,5.117516080260876,5.1,0.2102350321605217,21.0,5.117516080260876,5.1,,,,,,,,,,,,,0.5,400.0,BetMGM,exp/fallback,0.242845,0.2018696653175687,20.2,0.2,0.9348326587843904,0.9,0.2018696653175687,20.2,0.9348326587843904,0.9,,,,,,,,,,,,,False,False,False,False,False,9.4,,Active roster,2026-10-01T17:24:42+00:00,False,[],2025-2026,,2026-09-24-frozen-v2,2026-10-01T17:24:46.238031+00:00,2026020012,8476539.0,PLAYER_ID,FINAL,0.0,L,OK,0.0,L,OK,0.0,L,OK,0.0,L,OK,0.0,L,OK,0.0,,NO_LINE
2026-10-01,MIN@NSH,2026020012,7:00 PM,2026-10-02T00:00:00Z,Matthew Wood,8484241,NSH,False,"{""season"":""2026-27"",""games"":[]}",2026-27,NSH,R,,Healthy,Unknown,,,0.0,0.0,,33.0,21.0,2026-10-01T17:24:18+00:00,MIN,Jesper Wallstedt,0.9147894221351616,2.6143790849673203,18.8,Unconfirmed,dailyfaceoff_name_and_stats,19.5,4.0,19.5,4.0,6.2,73.4,56.5,A1+A2,12.32,31.2,59.1,1.04,NONE,False,False,25.76676450011798,2.483385561769613,46.1,59.8,9.0,2.25,True,1.0,1.125,1.2,1.07,22.0,4.0,1.0,12.0,1.0,0.0,3.0,9.0,16.0,4.0,7.0,27.0,49.0,LOW,0.4,-0.1,LOW,0.45,,LOW,0.4,,LOW,0.3,,LOW,0.2,,LOW,0.175,,LOW,1.2,,LOW,1.35,,LOW,1.225,,1.6825799559324297,0.6409828403552114,,,3.0,2.4018874961487944,1.926413595161264,50.0,17.5,65.5,17.5,3.85,1.95,10.7,-0.15,0.95,-1.3,COOL,COOL,COOL,1.9,-1.1,COOL,Red,Red,Red,Red,37.0,53.0,51.0,50.0,SOG,53.0,2.0,6.0,2.0,6.0,0.0,10.0,B,Hybrid,12.4,,28.3,,1.0,1.5262910798122065,108.36666666666666,1.5262910798122065,0.1238759335467154,12.4,12.4,3.4189480159950785,1.7717625346047372,1.9378652722239311,6.389309896417201,7.265777777777778,28.3,61.0,False,,,,🎯 D:6,,False,False,1.0,,False,0.0,,False,0.0,,1.5,-120.0,BetRivers,2.5,230.0,Fanatics,3.5,575.0,Fanatics,4.5,1500.0,Fanatics,1.5,-120.0,BetRivers,0.5,130.0,Fanatics,1.5,700.0,theScore Bet,2.5,3000.0,Fanatics,3.5,3800.0,BetOnline.ag,0.5,130.0,Fanatics,0.5,275.0,Bovada,1.5,1500.0,Fanatics,2.5,3300.0,Bovada,,,,0.5,275.0,Bovada,0.5,380.0,FanDuel,,,,,,,,,,0.5,380.0,FanDuel,0.5,380.0,FanDuel,,,,,,,,,,0.5,380.0,FanDuel,The Odds API,"[""Bally Bet"", ""BetMGM"", ""BetRivers"", ""Bovada"", ""Caesars"", ""Courtside"", ""DraftKings"", ""FanDuel"", ""Fanatics"", ""Hard Rock Bet"", ""theScore Bet""]",The Odds API,"[""Bally Bet"", ""BetMGM"", ""BetRivers"", ""Bovada"", ""Caesars"", ""Courtside"", ""DraftKings"", ""FanDuel"", ""Fanatics"", ""fanduel""]",The Odds API,"[""Bally Bet"", ""BetOnline.ag"", ""BetRivers"", ""Bovada"", ""Caesars"", ""Courtside"", ""DraftKings"", ""FanDuel"", ""Fanatics"", ""Hard Rock Bet"", ""draftkings"", ""theScore Bet""]",The Odds API,"[""Bally Bet"", ""BetOnline.ag"", ""BetRivers"", ""Bovada"", ""Caesars"", ""Courtside"", ""DraftKings"", ""Fanatics"", ""Hard Rock Bet"", ""theScore Bet""]",The Odds API,"[""Bally Bet"", ""BetOnline.ag"", ""BetRivers"", ""Bovada"", ""Courtside"", ""DraftKings"", ""FanDuel"", ""Fanatics"", ""Hard Rock Bet"", ""draftkings"", ""theScore Bet""]",0.5,350.0,BetRivers,,,,,,,,,,0.5,350.0,BetRivers,The Odds API,"[""Bally Bet"", ""BetRivers"", ""Bovada"", ""FanDuel"", ""Hard Rock Bet"", ""theScore Bet""]",ALTLINE_NB_v1_2026-01-18,1.5,-120.0,BetRivers,exp/fallback,1.0699999999999998,0.2854842941335771,28.5,0.5454545454545454,-47.661212742177526,-47.7,0.2854842941335771,28.5,-47.661212742177526,-47.7,0.1129164932609876,11.3,-62.73755722387408,-62.7,0.0400772242536224,4.0,-72.94787362880483,-72.9,0.0131755415679634,1.3,-78.91913349125855,-78.9,0.5,130.0,Fanatics,exp/fallback,0.385,0.3031451769025244,30.3,0.4347826086956521,-30.276609312419385,-30.3,0.3031451769025244,30.3,-30.276609312419385,-30.3,0.0667150320313826,6.7,-46.627974374893896,-46.6,0.0125689347426511,1.3,-61.0363022977813,-61.0,0.0021588236534318,0.2,-91.5805877516156,-91.6,0.5,275.0,Bovada,exp/fallback,0.19,0.1659890327557809,16.6,0.2666666666666666,-37.75411271658216,-37.8,0.1659890327557809,16.6,-37.75411271658216,-37.8,0.0212748009965098,2.1,-65.96031840558432,-66.0,0.0024421270004402,0.2,-91.69676819850324,-91.7,,,,,0.5,380.0,FanDuel,exp/fallback,0.1935,0.1700392165479776,17.0,0.2083333333333333,-18.381176056970748,-18.4,0.1700392165479776,17.0,-18.381176056970748,-18.4,,,,,,,,,,,,,0.5,380.0,FanDuel,exp/fallback,0.1738125,0.1518315573465867,15.2,0.2083333333333333,-27.12085247363838,-27.1,0.1518315573465867,15.2,-27.12085247363838,-27.1,,,,,,,,,,,,,False,False,False,False,False,6.2,,Active roster,2026-10-01T17:24:42+00:00,False,[],2025-2026,,2026-09-24-frozen-v2,2026-10-01T17:24:46.238031+00:00,2026020012,8484241.0,PLAYER_ID,FINAL,0.0,L,OK,0.0,L,OK,0.0,L,OK,0.0,L,OK,0.0,L,OK,0.0,L,OK
2026-10-01,MIN@NSH,2026020012,7:00 PM,2026-10-02T00:00:00Z,Mavrik Bourque,8482145,DAL,True,"{""season"":""2026-27"",""games"":[]}",2026-27,NSH,C,,Healthy,Unknown,,,0.0,0.0,,33.0,21.0,2026-10-01T17:24:18+00:00,MIN,Jesper Wallstedt,0.9147894221351616,2.6143790849673203,18.8,Unconfirmed,dailyfaceoff_name_and_stats,19.5,4.0,19.5,4.0,9.4,83.5,72.9,A1+A2,15.49,53.6,73.8,1.1,NONE,False,False,25.76676450011798,2.483385561769613,46.1,59.8,9.0,2.25,True,1.5,2.0,2.6,1.885,58.9,1.0,1.0,14.0,1.0,0.0,0.0,1.0,1.0,0.0,0.0,14.0,14.0,LOW,0.1,-0.4,LOW,0.05,,LOW,0.025,,LOW,0.0,,LOW,0.0,,LOW,0.0,,LOW,1.4,,LOW,0.7,,LOW,0.35,,1.6811137378513266,0.4728132387706856,,,0.0,2.4018874961487944,1.926413595161264,50.0,17.5,65.4,17.5,5.23,2.43,18.85,4.23,1.43,4.85,HOT,COOL,HOT,2.8,2.8,HOT,Yellow,Red,Yellow,Yellow,62.0,60.0,62.0,64.0,ASSISTS,64.0,0.0,6.0,0.0,0.0,0.0,6.0,,Passenger,6.9,,28.3,,,1.075609756097561,88.2,1.075609756097561,0.069454287739192,6.9,6.9,2.925170068027211,0.6122448979591837,2.7210884353741496,6.389309896417201,7.265777777777778,28.3,58.3,False,,,,🅰️ D:6,,False,False,0.0,,False,0.0,,False,0.0,,1.5,-118.0,BetRivers,,,,,,,,,,1.5,-118.0,BetRivers,0.5,155.0,BetRivers,1.5,750.0,BetRivers,,,,,,,0.5,155.0,BetRivers,0.5,275.0,BetRivers,,,,,,,,,,0.5,275.0,BetRivers,0.5,450.0,DraftKings,,,,,,,,,,0.5,450.0,DraftKings,0.5,450.0,DraftKings,,,,,,,,,,0.5,450.0,DraftKings,The Odds API,"[""Bally Bet"", ""BetMGM"", ""BetRivers"", ""Bovada"", ""Caesars"", ""Courtside"", ""DraftKings"", ""FanDuel"", ""Fanatics"", ""Hard Rock Bet"", ""theScore Bet""]",The Odds API,"[""Bally Bet"", ""BetMGM"", ""BetRivers"", ""Bovada"", ""Caesars"", ""Courtside"", ""DraftKings"", ""FanDuel"", ""Fanatics"", ""fanduel""]",The Odds API,"[""Bally Bet"", ""BetRivers""]",The Odds API,"[""Bally Bet"", ""BetRivers""]",The Odds API,"[""Bally Bet"", ""BetRivers""]",,,,,,,,,,,,,,,,,,ALTLINE_NB_v1_2026-01-18,1.5,-118.0,BetRivers,exp/fallback,1.885,0.513120012587422,51.3,0.5412844036697247,-5.203251911815254,-5.2,0.513120012587422,51.3,-5.203251911815254,-5.2,,,,,,,,,,,,,0.5,155.0,BetRivers,exp/fallback,0.523,0.3813860424132697,38.1,0.392156862745098,-2.7465591846162263,-2.7,0.3813860424132697,38.1,-2.7465591846162263,-2.7,0.1079106188742307,10.8,-8.275973956903904,-8.3,,,,,,,,,0.5,275.0,BetRivers,exp/fallback,0.2799999999999999,0.2305324715297013,23.1,0.2666666666666666,-13.550323176361989,-13.6,0.2305324715297013,23.1,-13.550323176361989,-13.6,,,,,,,,,,,,,0.5,450.0,DraftKings,exp/fallback,0.23562,0.2016182587148911,20.2,0.1818181818181818,10.890042293190128,10.9,0.2016182587148911,20.2,10.890042293190128,10.9,,,,,,,,,,,,,0.5,450.0,DraftKings,exp/fallback,0.2235075,0.1883538664484806,18.8,0.1818181818181818,3.594626546664348,3.6,0.1883538664484806,18.8,3.594626546664348,3.6,,,,,,,,,,,,,False,False,True,False,False,9.4,,Active roster,2026-10-01T17:24:42+00:00,False,[],2025-2026,,2026-09-24-frozen-v2,2026-10-01T17:24:46.238031+00:00,2026020012,8482145.0,PLAYER_ID,FINAL,0.0,L,OK,0.0,L,OK,4.0,W,OK,0.0,L,OK,0.0,L,OK,0.0,,NO_LINE
2026-10-01,MIN@NSH,2026020012,7:00 PM,2026-10-02T00:00:00Z,Nick Perbix,8480246,NSH,False,,2026-27,NSH,D,,Healthy,Unknown,,,0.0,0.0,,33.0,21.0,2026-10-01T17:24:18+00:00,MIN,Jesper Wallstedt,0.9147894221351616,2.6143790849673203,18.8,Unconfirmed,dailyfaceoff_name_and_stats,19.5,4.0,19.5,4.0,,43.2,49.3,A1+A2,19.11,83.3,53.4,1.01,NONE,False,False,25.76676450011798,2.483385561769613,46.1,59.8,9.0,2.25,True,,,,,50.0,,,,,,,,,,,,,,,,,,,,,,,,,,,,,,,,,,,,,,,,0.533462657613967,0.0969932104752667,,,0.0,2.4018874961487944,1.926413595161264,50.0,17.5,38.9,17.5,1.82,0.54,,,,,COOL,COOL,COOL,1.28,,COOL,Red,Red,Red,Red,45.0,39.0,37.0,40.0,POINTS,45.0,,,,,,,C,Passenger,0.4,,28.3,,0.0,0.0820675105485232,6.483333333333333,0.0820675105485232,0.0042940247927498,0.4,0.4,0.0,0.0,0.0,6.389309896417201,7.265777777777778,28.3,24.6,False,,,,,,False,False,0.0,,False,0.0,,False,0.0,,,,,,,,,,,,,,,,,0.5,270.0,BetRivers,,,,,,,,,,0.5,270.0,BetRivers,,,,,,,,,,,,,,,,0.5,2200.0,Fanatics,,,,,,,,,,0.5,2200.0,Fanatics,0.5,2200.0,Fanatics,,,,,,,,,,0.5,2200.0,Fanatics,The Odds API,"[""Bally Bet"", ""BetMGM"", ""BetRivers"", ""Bovada"", ""Caesars"", ""Courtside"", ""DraftKings"", ""FanDuel"", ""Fanatics"", ""Hard Rock Bet"", ""theScore Bet""]",The Odds API,"[""Bally Bet"", ""BetMGM"", ""BetRivers"", ""Bovada"", ""Caesars"", ""Courtside"", ""DraftKings"", ""FanDuel"", ""Fanatics"", ""fanatics""]",The Odds API,"[""Bally Bet"", ""BetRivers""]",,,,,,,,,,,,,,,,,,,,,,ALTLINE_NB_v1_2026-01-18,,,,league_avg,2.3,,,,,,,,,,,,,,,,,,,,,,0.5,270.0,BetRivers,exp/fallback,0.182,0.1617494814894107,16.2,0.2702702702702703,-40.15269184891804,-40.2,0.1617494814894107,16.2,-40.15269184891804,-40.2,,,,,,,,,,,,,,,,exp/fallback,0.128,,,,,,,,,,,,,,,,,,,,,,0.5,2200.0,Fanatics,exp/fallback,0.2016,0.1762462538831184,17.6,0.0434782608695652,305.3663839311724,305.4,0.1762462538831184,17.6,305.3663839311724,305.4,,,,,,,,,,,,,0.5,2200.0,Fanatics,exp/fallback,0.1401,0.1254829719797822,12.5,0.0434782608695652,188.61083555349904,188.6,0.1254829719797822,12.5,188.61083555349904,188.6,,,,,,,,,,,,,False,False,True,True,False,,,Active roster,2026-10-01T17:24:42+00:00,False,[],2025-2026,,2026-09-24-frozen-v2,2026-10-01T17:24:46.238031+00:00,2026020012,8480246.0,PLAYER_ID,FINAL,0.0,L,OK,0.0,,NO_LINE,0.0,,NO_LINE,0.0,L,OK,0.0,L,OK,0.0,,NO_LINE
2026-10-01,MIN@NSH,2026020012,7:00 PM,2026-10-02T00:00:00Z,Nicolas Hague,8479980,NSH,False,,2026-27,NSH,D,,Healthy,Unknown,,,0.0,0.0,,33.0,21.0,2026-10-01T17:24:18+00:00,MIN,Jesper Wallstedt,0.9147894221351616,2.6143790849673203,18.8,Unconfirmed,dailyfaceoff_name_and_stats,19.5,4.0,19.5,4.0,,33.6,54.3,A1+A2,19.63,86.1,51.3,1.0,NONE,False,False,25.76676450011798,2.483385561769613,46.1,59.8,9.0,2.25,True,,,,,50.0,,,,,,,,,,,,,,,,,,,,,,,,,,,,,,,,,,,,,,,,0.7406235163791739,0.2278841588858996,,,0.0,2.4018874961487944,1.926413595161264,50.0,17.5,43.8,17.5,2.38,0.44,,,,,COOL,COOL,COOL,1.95,,COOL,Red,Red,Red,Red,49.0,34.0,32.0,42.0,POINTS,49.0,,,,,,,C,Passenger,0.3,,28.3,,0.0,0.068010752688172,4.216666666666667,0.068010752688172,0.0034646143733567,0.3,0.3,0.0,0.0,0.0,6.389309896417201,7.265777777777778,28.3,22.5,False,,,,,,False,False,0.0,,False,0.0,,False,0.0,,,,,,,,,,,,,,,,,,,,,,,,,,,,,,,,,,,,,,,,,,,,,,,0.5,2000.0,FanDuel,,,,,,,,,,0.5,2000.0,FanDuel,0.5,2000.0,FanDuel,,,,,,,,,,0.5,2000.0,FanDuel,The Odds API,"[""Bally Bet"", ""BetMGM"", ""BetRivers"", ""Bovada"", ""Caesars"", ""Courtside"", ""DraftKings"", ""FanDuel"", ""Fanatics"", ""Hard Rock Bet"", ""theScore Bet""]",The Odds API,"[""Bally Bet"", ""BetMGM"", ""BetRivers"", ""Bovada"", ""Caesars"", ""Courtside"", ""DraftKings"", ""FanDuel"", ""Fanatics"", ""fanduel""]",,,,,,,,,,,,,,,,,,,,,,,,ALTLINE_NB_v1_2026-01-18,,,,league_avg,2.3,,,,,,,,,,,,,,,,,,,,,,,,,exp/fallback,0.238,,,,,,,,,,,,,,,,,,,,,,,,,exp/fallback,0.195,,,,,,,,,,,,,,,,,,,,,,0.5,2000.0,FanDuel,exp/fallback,0.1976,0.1731892029166272,17.3,0.0476190476190476,263.69732612491714,263.7,0.1731892029166272,17.3,263.69732612491714,263.7,,,,,,,,,,,,,0.5,2000.0,FanDuel,exp/fallback,0.1336,0.120247328784536,12.0,0.0476190476190476,152.51939044752567,152.5,0.120247328784536,12.0,152.51939044752567,152.5,,,,,,,,,,,,,False,False,True,True,False,,,Active roster,2026-10-01T17:24:42+00:00,False,[],2025-2026,,2026-09-24-frozen-v2,2026-10-01T17:24:46.238031+00:00,2026020012,8479980.0,PLAYER_ID,FINAL,0.0,,NO_LINE,0.0,,NO_LINE,0.0,,NO_LINE,0.0,L,OK,0.0,L,OK,0.0,,NO_LINE
2026-10-01,MIN@NSH,2026020012,7:00 PM,2026-10-02T00:00:00Z,Nils Hoglander,8481535,VAN,True,,2026-27,NSH,L,,Healthy,Unknown,,,0.0,0.0,,33.0,21.0,2026-10-01T17:24:18+00:00,MIN,Jesper Wallstedt,0.9147894221351616,2.6143790849673203,18.8,Unconfirmed,dailyfaceoff_name_and_stats,19.5,4.0,19.5,4.0,,36.7,28.5,A1+A2,11.52,24.8,31.4,0.94,NONE,False,False,25.76676450011798,2.483385561769613,46.1,59.8,9.0,2.25,True,,,,,50.0,,,,,,,,,,,,,,,,,,,,,,,,,,,,,,,,,,,,,,,,0.7113218731475993,0.2845287492590397,,,0.0,2.4018874961487944,1.926413595161264,50.0,17.5,42.7,17.5,1.57,0.83,,,,,COOL,COOL,COOL,0.74,,COOL,Red,Red,Red,Red,29.0,31.0,31.0,24.0,SOG,31.0,,,,,,,,Passenger,1.7,,28.3,,,0.200438596491228,7.616666666666666,0.200438596491228,0.0173962695089455,1.7,1.7,0.4726477024070021,0.4726477024070021,0.0,6.389309896417201,7.265777777777778,28.3,30.1,False,,,,,,False,False,0.0,,False,0.0,,False,0.0,,,,,,,,,,,,,,,,,0.5,280.0,BetRivers,,,,,,,,,,0.5,280.0,BetRivers,,,,,,,,,,,,,,,,0.5,650.0,Fanatics,,,,,,,,,,0.5,650.0,Fanatics,0.5,650.0,Fanatics,,,,,,,,,,0.5,650.0,Fanatics,The Odds API,"[""Bally Bet"", ""BetMGM"", ""BetRivers"", ""Bovada"", ""Caesars"", ""Courtside"", ""DraftKings"", ""FanDuel"", ""Fanatics"", ""Hard Rock Bet"", ""theScore Bet""]",The Odds API,"[""Bally Bet"", ""BetMGM"", ""BetRivers"", ""Bovada"", ""Caesars"", ""Courtside"", ""DraftKings"", ""FanDuel"", ""Fanatics"", ""fanatics""]",The Odds API,"[""Bally Bet"", ""BetRivers""]",,,,,,,,,,,,,,,,,,,,,,ALTLINE_NB_v1_2026-01-18,,,,league_avg,2.3,,,,,,,,,,,,,,,,,,,,,,0.5,280.0,BetRivers,exp/fallback,0.157,0.141731427549777,14.2,0.2631578947368421,-46.14205753108471,-46.1,0.141731427549777,14.2,-46.14205753108471,-46.1,,,,,,,,,,,,,,,,exp/fallback,0.074,,,,,,,,,,,,,,,,,,,,,,0.5,650.0,Fanatics,exp/fallback,0.2132,0.1850227217184723,18.5,0.1333333333333333,38.767041288854266,38.8,0.1850227217184723,18.5,38.767041288854266,38.8,,,,,,,,,,,,,0.5,650.0,Fanatics,exp/fallback,0.1589499999999999,0.1403792052650728,14.0,0.1333333333333333,5.28440394880464,5.3,0.1403792052650728,14.0,5.28440394880464,5.3,,,,,,,,,,,,,False,False,True,False,False,,,Active roster,2026-10-01T17:24:42+00:00,False,[],2025-2026,,2026-09-24-frozen-v2,2026-10-01T17:24:46.238031+00:00,2026020012,8481535.0,PLAYER_ID,FINAL,0.0,L,OK,0.0,,NO_LINE,0.0,,NO_LINE,0.0,L,OK,0.0,L,OK,0.0,,NO_LINE
2026-10-01,MIN@NSH,2026020012,7:00 PM,2026-10-02T00:00:00Z,Reid Schaefer,8483513,NSH,False,,2026-27,NSH,L,,Healthy,Unknown,,,0.0,0.0,,33.0,21.0,2026-10-01T17:24:18+00:00,MIN,Jesper Wallstedt,0.9147894221351616,2.6143790849673203,18.8,Unconfirmed,dailyfaceoff_name_and_stats,19.5,4.0,19.5,4.0,,42.2,24.0,A1+A2,9.64,12.6,29.9,0.94,NONE,False,False,25.76676450011798,2.483385561769613,46.1,59.8,9.0,2.25,True,,,,,50.0,,,,,,,,,,,,,,,,,,,,,,,,,,,,,,,,,,,,,,,,1.0761527539047904,0.1345190942380988,,,0.0,2.4018874961487944,1.926413595161264,50.0,17.5,52.7,17.5,1.22,0.82,,,,,COOL,COOL,COOL,0.4,,COOL,Red,Red,Red,Red,26.0,33.0,33.0,23.0,SOG,33.0,,,,,,,C,Passenger,0.1,,28.3,,0.0,0.0092198581560283,0.4333333333333333,0.0092198581560283,0.0009562690794071,0.1,0.1,0.0,0.0,0.0,6.389309896417201,7.265777777777778,28.3,17.0,False,,,,,,False,False,0.0,,False,0.0,,False,0.0,,,,,,,,,,,,,,,,,,,,,,,,,,,,,,,,,,,,,,,,,,,,,,,0.5,1100.0,DraftKings,,,,,,,,,,0.5,1100.0,DraftKings,0.5,1100.0,DraftKings,,,,,,,,,,0.5,1100.0,DraftKings,The Odds API,"[""Bally Bet"", ""BetMGM"", ""BetRivers"", ""Bovada"", ""Caesars"", ""Courtside"", ""DraftKings"", ""FanDuel"", ""Fanatics"", ""Hard Rock Bet"", ""theScore Bet""]",The Odds API,"[""Bally Bet"", ""BetMGM"", ""BetRivers"", ""Bovada"", ""Caesars"", ""Courtside"", ""DraftKings"", ""FanDuel"", ""Fanatics"", ""betmgm""]",,,,,,,,,,,,,,,,,,,,,,,,ALTLINE_NB_v1_2026-01-18,,,,league_avg,2.3,,,,,,,,,,,,,,,,,,,,,,,,,exp/fallback,0.122,,,,,,,,,,,,,,,,,,,,,,,,,exp/fallback,0.04,,,,,,,,,,,,,,,,,,,,,,0.5,1100.0,DraftKings,exp/fallback,0.2128,0.1847222692685078,18.5,0.0833333333333333,121.66672312220943,121.7,0.1847222692685078,18.5,121.66672312220943,121.7,,,,,,,,,,,,,0.5,1100.0,DraftKings,exp/fallback,0.1583,0.1398725286170626,14.0,0.0833333333333333,67.84703434047522,67.8,0.1398725286170626,14.0,67.84703434047522,67.8,,,,,,,,,,,,,False,False,True,True,False,,,Active roster,2026-10-01T17:24:42+00:00,False,[],2025-2026,,2026-09-24-frozen-v2,2026-10-01T17:24:46.238031+00:00,2026020012,8483513.0,PLAYER_ID,FINAL,0.0,,NO_LINE,0.0,,NO_LINE,1.0,,NO_LINE,0.0,L,OK,0.0,L,OK,0.0,,NO_LINE
2026-10-01,MIN@NSH,2026020012,7:00 PM,2026-10-02T00:00:00Z,Roman Josi,8474600,NSH,False,"{""season"":""2026-27"",""games"":[]}",2026-27,NSH,D,,Healthy,Unknown,,,0.0,0.0,,33.0,21.0,2026-10-01T17:24:18+00:00,MIN,Jesper Wallstedt,0.9147894221351616,2.6143790849673203,18.8,Unconfirmed,dailyfaceoff_name_and_stats,19.5,4.0,19.5,4.0,15.6,71.7,94.4,A1+A2,24.88,99.4,85.2,1.14,NONE,False,False,25.76676450011798,2.483385561769613,46.1,59.8,9.0,2.25,True,2.5,2.75,2.6,2.535,80.5,8.0,2.0,27.0,1.0,5.0,6.0,14.0,37.0,12.0,29.0,48.0,108.0,GOOD,0.8,0.3,OK,0.7,,GOOD,0.925,,GOOD,0.6,,GOOD,0.6,,GOOD,0.725,,OK,2.7,,LOW,2.4,,OK,2.7,,1.1501597444089458,0.4600638977635782,,,6.0,2.4018874961487944,1.926413595161264,50.0,17.5,53.7,17.5,10.08,2.32,27.89,1.16,0.11,-1.65,COOL,COOL,COOL,7.76,1.05,COOL,Green,Red,Red,Yellow,67.0,62.0,62.0,70.0,ASSISTS,70.0,0.0,0.0,3.0,0.0,4.0,2.0,A,Distributor,12.4,,28.3,,2.0,3.0936274509803923,210.36666666666667,3.0936274509803923,0.1243546798029556,12.4,12.4,4.666851529076216,0.9697353826651878,4.349548407542386,6.389309896417201,7.265777777777778,28.3,69.9,False,,,,🅰️ D:0,,False,False,1.0,,False,0.0,,False,0.0,,1.5,-380.0,DraftKings,2.5,-125.0,theScore Bet,3.5,190.0,theScore Bet,4.5,425.0,BetOnline.ag,2.5,-125.0,theScore Bet,0.5,-132.0,theScore Bet,1.5,375.0,theScore Bet,2.5,1400.0,DraftKings,3.5,3000.0,BetOnline.ag,0.5,-132.0,theScore Bet,0.5,105.0,theScore Bet,1.5,575.0,Bovada,2.5,1900.0,Fanatics,,,,0.5,105.0,theScore Bet,0.5,500.0,DraftKings,,,,,,,,,,0.5,500.0,DraftKings,0.5,500.0,DraftKings,,,,,,,,,,0.5,500.0,DraftKings,The Odds API,"[""Bally Bet"", ""BetMGM"", ""BetRivers"", ""Bovada"", ""Caesars"", ""Courtside"", ""DraftKings"", ""FanDuel"", ""Fanatics"", ""Hard Rock Bet"", ""theScore Bet""]",The Odds API,"[""Bally Bet"", ""BetMGM"", ""BetRivers"", ""Bovada"", ""Caesars"", ""Courtside"", ""DraftKings"", ""FanDuel"", ""Fanatics"", ""fanduel""]",The Odds API,"[""Bally Bet"", ""BetOnline.ag"", ""BetRivers"", ""Bovada"", ""Caesars"", ""Courtside"", ""DraftKings"", ""FanDuel"", ""Fanatics"", ""Hard Rock Bet"", ""draftkings"", ""theScore Bet""]",The Odds API,"[""Bally Bet"", ""BetOnline.ag"", ""BetRivers"", ""Bovada"", ""Caesars"", ""Courtside"", ""DraftKings"", ""FanDuel"", ""Fanatics"", ""Hard Rock Bet"", ""draftkings"", ""theScore Bet""]",The Odds API,"[""Bally Bet"", ""BetOnline.ag"", ""BetRivers"", ""Bovada"", ""Courtside"", ""DraftKings"", ""FanDuel"", ""Fanatics"", ""Hard Rock Bet"", ""draftkings"", ""theScore Bet""]",0.5,185.0,Hard Rock Bet,1.5,700.0,Bovada,,,,,,,0.5,185.0,Hard Rock Bet,The Odds API,"[""Bally Bet"", ""BetRivers"", ""Bovada"", ""FanDuel"", ""Hard Rock Bet"", ""theScore Bet""]",ALTLINE_NB_v1_2026-01-18,2.5,-125.0,theScore Bet,exp/fallback,2.789,0.4780898918450235,47.8,0.5555555555555556,-13.943819467895768,-13.9,0.681467034674329,68.1,-13.9199535148216,-13.9,0.4780898918450235,47.8,-13.943819467895768,-13.9,0.310990510094859,31.1,-9.812752072490891,-9.8,0.1908593703869321,19.1,0.2011694531393715,0.2,0.5,-132.0,theScore Bet,exp/fallback,1.008,0.5782579811909043,57.8,0.5689655172413793,1.6332209365831851,1.6,0.5782579811909043,57.8,1.6332209365831851,1.6,0.2640090493757296,26.4,25.404298453471583,25.4,0.1059554027117402,10.6,58.9331040676103,58.9,0.0392195637300202,3.9,21.58064756306269,21.6,0.5,105.0,theScore Bet,exp/fallback,0.776,0.4809358104460629,48.1,0.4878048780487805,-1.408158858557096,-1.4,0.4809358104460629,48.1,-1.408158858557096,-1.4,0.1907385402055333,19.1,28.748514638735035,28.7,0.0690563995138993,6.9,38.1127990277986,38.1,,,,,0.5,500.0,DraftKings,exp/fallback,0.2728,0.2281131215989673,22.8,0.1666666666666666,36.867872959380406,36.9,0.2281131215989673,22.8,36.867872959380406,36.9,,,,,,,,,,,,,0.5,500.0,DraftKings,exp/fallback,0.2557999999999999,0.2107180936330696,21.1,0.1666666666666666,26.430856179841765,26.4,0.2107180936330696,21.1,26.430856179841765,26.4,,,,,,,,,,,,,False,False,True,True,False,15.6,,Active roster,2026-10-01T17:24:42+00:00,False,[],2025-2026,,2026-09-24-frozen-v2,2026-10-01T17:24:46.238031+00:00,2026020012,8474600.0,PLAYER_ID,FINAL,1.0,W,OK,0.0,L,OK,3.0,W,OK,1.0,W,OK,1.0,W,OK,0.0,L,OK
2026-10-01,MIN@NSH,2026020012,7:00 PM,2026-10-02T00:00:00Z,Ross Colton,8479525,COL,True,"{""season"":""2026-27"",""games"":[]}",2026-27,NSH,C,,Healthy,Unknown,,,0.0,0.0,,33.0,21.0,2026-10-01T17:24:18+00:00,MIN,Jesper Wallstedt,0.9147894221351616,2.6143790849673203,18.8,Unconfirmed,dailyfaceoff_name_and_stats,19.5,4.0,19.5,4.0,6.2,85.1,60.9,A1+A2,12.52,33.6,66.3,1.06,NONE,False,False,25.76676450011798,2.483385561769613,46.1,59.8,9.0,2.25,True,1.0,1.625,1.8,1.28,33.3,5.0,2.0,17.0,1.0,1.0,3.0,5.0,5.0,3.0,3.0,20.0,20.0,LOW,0.5,0.0,LOW,0.25,,LOW,0.125,,LOW,0.3,,LOW,0.15,,LOW,0.075,,LOW,1.7,,LOW,1.0,,LOW,0.5,,1.5654030122148872,0.7115468237340397,,,3.0,2.4018874961487944,1.926413595161264,50.0,17.5,63.2,17.5,4.97,2.78,12.8,-0.03,0.78,-4.2,COOL,COOL,COOL,2.19,-0.81,COOL,Red,Red,Yellow,Red,40.0,56.0,63.0,48.0,GOAL,63.0,2.0,3.0,2.0,3.0,0.0,10.0,,Passenger,6.1,,28.3,,,0.7682648401826484,56.083333333333336,0.7682648401826484,0.0613737506383599,6.1,6.1,1.77592867756315,1.77592867756315,0.0,6.389309896417201,7.265777777777778,28.3,36.9,False,,,,🥅 D:2,,False,False,1.0,,False,0.0,,False,0.0,,1.5,-118.0,BetOnline.ag,2.5,250.0,theScore Bet,3.5,650.0,Fanatics,4.5,1900.0,Fanatics,1.5,-118.0,BetOnline.ag,0.5,165.0,BetRivers,1.5,850.0,BetRivers,,,,,,,0.5,165.0,BetRivers,,,,,,,,,,,,,,,,0.5,550.0,DraftKings,,,,,,,,,,0.5,550.0,DraftKings,0.5,550.0,DraftKings,,,,,,,,,,0.5,550.0,DraftKings,The Odds API,"[""Bally Bet"", ""BetMGM"", ""BetRivers"", ""Bovada"", ""Caesars"", ""Courtside"", ""DraftKings"", ""FanDuel"", ""Fanatics"", ""Hard Rock Bet"", ""theScore Bet""]",The Odds API,"[""Bally Bet"", ""BetMGM"", ""BetRivers"", ""Bovada"", ""Caesars"", ""Courtside"", ""DraftKings"", ""FanDuel"", ""Fanatics"", ""fanatics""]",The Odds API,"[""Bally Bet"", ""BetRivers""]",The Odds API,"[""Bally Bet"", ""BetOnline.ag"", ""BetRivers"", ""Bovada"", ""Caesars"", ""Courtside"", ""DraftKings"", ""Fanatics"", ""Hard Rock Bet"", ""theScore Bet""]",,,,,,,,,,,,,,,,,,,,ALTLINE_NB_v1_2026-01-18,1.5,-118.0,BetOnline.ag,exp/fallback,1.28,0.3512106803169195,35.1,0.5412844036697247,-35.115314992297925,-35.1,0.3512106803169195,35.1,-35.115314992297925,-35.1,0.1576325150035527,15.8,-44.82861974875656,-44.8,0.0637764348516172,6.4,-52.16767386128709,-52.2,0.0239587038780688,2.4,-52.082592243862265,-52.1,0.5,165.0,BetRivers,exp/fallback,0.497,0.3675864850786496,36.8,0.3773584905660377,-2.589581454157841,-2.6,0.3675864850786496,36.8,-2.589581454157841,-2.6,0.0998497697876141,10.0,-5.142718701766535,-5.1,,,,,,,,,,,,exp/fallback,0.219,,,,,,,,,,,,,,,,,,,,,,0.5,550.0,DraftKings,exp/fallback,0.2184,0.1889145366047642,18.9,0.1538461538461538,22.79444879309673,22.8,0.1889145366047642,18.9,22.79444879309673,22.8,,,,,,,,,,,,,0.5,550.0,DraftKings,exp/fallback,0.214275,0.1817671190003037,18.2,0.1538461538461538,18.14862735019744,18.1,0.1817671190003037,18.2,18.14862735019744,18.1,,,,,,,,,,,,,False,False,True,True,False,6.2,,Active roster,2026-10-01T17:24:42+00:00,False,[],2025-2026,,2026-09-24-frozen-v2,2026-10-01T17:24:46.238031+00:00,2026020012,8479525.0,PLAYER_ID,FINAL,0.0,L,OK,0.0,,NO_LINE,2.0,W,OK,0.0,L,OK,0.0,L,OK,0.0,,NO_LINE
2026-10-01,MIN@NSH,2026020012,7:00 PM,2026-10-02T00:00:00Z,Ryan O'Reilly,8475158,NSH,False,"{""season"":""2026-27"",""games"":[]}",2026-27,NSH,C,⭐ STAR,Healthy,Unknown,,,0.0,0.0,,33.0,21.0,2026-10-01T17:24:18+00:00,MIN,Jesper Wallstedt,0.9147894221351616,2.6143790849673203,18.8,Unconfirmed,dailyfaceoff_name_and_stats,19.5,4.0,19.5,4.0,9.4,92.2,96.5,A1+A2,20.39,89.2,93.1,1.21,STAR,False,True,25.76676450011798,2.483385561769613,46.1,59.8,9.0,2.25,True,1.5,1.75,1.8,1.605,46.3,8.0,1.0,18.0,0.0,4.0,7.0,15.0,39.0,12.0,25.0,34.0,83.0,GOOD,0.8,0.3,OK,0.75,,GOOD,0.975,,GOOD,0.7,,GOOD,0.6,,GOOD,0.625,,LOW,1.8,,LOW,1.7,,LOW,2.075,,2.128977752745705,0.7603491974091805,,,7.0,2.4018874961487944,1.926413595161264,50.0,17.5,71.6,17.5,11.96,3.92,17.66,2.87,2.56,-1.95,HOT,HOT,COOL,8.03,0.3,COOL,Green,Red,Red,Green,75.0,65.0,66.0,75.0,ASSISTS,75.0,0.0,0.0,6.0,1.0,3.0,0.0,A,Distributor,13.2,,28.3,,2.0,2.686008230452675,217.56666666666663,2.686008230452675,0.1317002794620607,13.2,13.2,4.088402022368623,1.1582656656963384,3.447219243143864,6.389309896417201,7.265777777777778,28.3,70.1,False,,,,🅰️ D:0,,False,False,2.0,,False,0.0,,False,0.0,,1.5,-132.0,BetRivers,2.5,220.0,FanDuel,3.5,550.0,Fanatics,4.5,1500.0,Fanatics,1.5,-132.0,BetRivers,0.5,-130.0,theScore Bet,1.5,400.0,Bovada,2.5,1400.0,DraftKings,3.5,3100.0,BetOnline.ag,0.5,-130.0,theScore Bet,0.5,155.0,Hard Rock Bet,1.5,750.0,Fanatics,2.5,3500.0,Fanatics,,,,0.5,155.0,Hard Rock Bet,0.5,250.0,FanDuel,,,,,,,,,,0.5,250.0,FanDuel,0.5,250.0,FanDuel,,,,,,,,,,0.5,250.0,FanDuel,The Odds API,"[""Bally Bet"", ""BetMGM"", ""BetRivers"", ""Bovada"", ""Caesars"", ""Courtside"", ""DraftKings"", ""FanDuel"", ""Fanatics"", ""Hard Rock Bet"", ""fanduel"", ""theScore Bet""]",The Odds API,"[""Bally Bet"", ""BetMGM"", ""BetRivers"", ""Bovada"", ""Caesars"", ""Courtside"", ""DraftKings"", ""FanDuel"", ""Fanatics"", ""fanduel""]",The Odds API,"[""Bally Bet"", ""BetOnline.ag"", ""BetRivers"", ""Bovada"", ""Caesars"", ""Courtside"", ""DraftKings"", ""FanDuel"", ""Fanatics"", ""Hard Rock Bet"", ""draftkings"", ""theScore Bet""]",The Odds API,"[""Bally Bet"", ""BetOnline.ag"", ""BetRivers"", ""Bovada"", ""Caesars"", ""Courtside"", ""DraftKings"", ""FanDuel"", ""Fanatics"", ""Hard Rock Bet"", ""theScore Bet""]",The Odds API,"[""Bally Bet"", ""BetOnline.ag"", ""BetRivers"", ""Bovada"", ""Courtside"", ""DraftKings"", ""FanDuel"", ""Fanatics"", ""Hard Rock Bet"", ""draftkings"", ""theScore Bet""]",0.5,280.0,FanDuel,,,,,,,,,,0.5,280.0,FanDuel,The Odds API,"[""Bally Bet"", ""BetRivers"", ""Bovada"", ""FanDuel"", ""Hard Rock Bet"", ""theScore Bet""]",ALTLINE_NB_v1_2026-01-18,1.5,-132.0,BetRivers,exp/fallback,1.766,0.4846605003938643,48.5,0.5689655172413793,-14.817245385320817,-14.8,0.4846605003938643,48.5,-14.817245385320817,-14.8,0.2674036218509243,26.7,-14.4308410077042,-14.4,0.1343215380816451,13.4,-12.69100024693065,-12.7,0.0629912952982671,6.3,0.7860724772275063,0.8,0.5,-130.0,theScore Bet,exp/fallback,1.1960000000000002,0.6317740317495786,63.2,0.5652173913043478,11.775405617233137,11.8,0.6317740317495786,63.2,11.775405617233137,11.8,0.3213283402033328,32.1,60.66417010166639,60.7,0.144659225029722,14.5,116.98883754458308,117.0,0.0602559060365867,6.0,92.81889931707744,92.8,0.5,155.0,Hard Rock Bet,exp/fallback,0.8029999999999999,0.4908874582543625,49.1,0.392156862745098,25.176301854862448,25.2,0.4908874582543625,49.1,25.176301854862448,25.2,0.1991875859591454,19.9,69.30944806527361,69.3,0.073838853822296,7.4,165.81987376026578,165.8,,,,,0.5,250.0,FanDuel,exp/fallback,0.28628,0.2374152295847972,23.7,0.2857142857142857,-16.90466964532097,-16.9,0.2374152295847972,23.7,-16.90466964532097,-16.9,,,,,,,,,,,,,0.5,250.0,FanDuel,exp/fallback,0.30583,0.2434162134781275,24.3,0.2857142857142857,-14.80432528265535,-14.8,0.2434162134781275,24.3,-14.80432528265535,-14.8,,,,,,,,,,,,,False,True,False,False,True,9.4,,Active roster,2026-10-01T17:24:42+00:00,False,"[{""market"":""Assists"",""name"":""Staff (Green Stance)"",""kind"":""STANCE"",""rule"":""Green + Assists 0.5"",""icon"":""staff.svg"",""kit_version"":""2026-09-24-frozen-v2""}]",2025-2026,,2026-09-24-frozen-v2,2026-10-01T17:24:46.238031+00:00,2026020012,8475158.0,PLAYER_ID,FINAL,0.0,L,OK,0.0,L,OK,4.0,W,OK,0.0,L,OK,0.0,L,OK,0.0,L,OK
2026-10-01,MIN@NSH,2026020012,7:00 PM,2026-10-02T00:00:00Z,Ryan Ufko,8482715,NSH,False,,2026-27,NSH,D,,Healthy,Unknown,,,0.0,0.0,,33.0,21.0,2026-10-01T17:24:18+00:00,MIN,Jesper Wallstedt,0.9147894221351616,2.6143790849673203,18.8,Unconfirmed,dailyfaceoff_name_and_stats,19.5,4.0,19.5,4.0,,17.4,46.6,A1+A2,13.88,42.6,32.7,0.94,NONE,False,False,25.76676450011798,2.483385561769613,46.1,59.8,9.0,2.25,True,,,,,50.0,,,,,,,,,,,,,,,,,,,,,,,,,,,,,,,,,,,,,,,,2.196963917918987,0.2746204897398733,,,0.0,2.4018874961487944,1.926413595161264,50.0,17.5,72.2,17.5,4.99,0.29,,,,,COOL,COOL,COOL,4.7,,COOL,Red,Red,Red,Red,43.0,22.0,20.0,37.0,POINTS,43.0,,,,,,,B,Distributor,10.9,,28.3,,1.0,1.512962962962963,27.23333333333333,1.512962962962963,0.1089769241029745,10.9,10.9,3.519583843329253,0.2423500611995104,3.855569155446757,6.389309896417201,7.265777777777778,28.3,67.5,False,,,,,,False,False,0.0,,False,0.0,,False,0.0,,1.5,140.0,BetRivers,,,,,,,,,,1.5,140.0,BetRivers,0.5,225.0,theScore Bet,1.5,1200.0,theScore Bet,,,,,,,0.5,225.0,theScore Bet,0.5,280.0,Bovada,1.5,1500.0,Bovada,2.5,3300.0,Bovada,,,,0.5,280.0,Bovada,0.5,1000.0,Hard Rock Bet,,,,,,,,,,0.5,1000.0,Hard Rock Bet,0.5,900.0,DraftKings,,,,,,,,,,0.5,900.0,DraftKings,The Odds API,"[""Bally Bet"", ""BetMGM"", ""BetRivers"", ""Bovada"", ""Caesars"", ""Courtside"", ""DraftKings"", ""FanDuel"", ""Fanatics"", ""Hard Rock Bet"", ""theScore Bet""]",The Odds API,"[""Bally Bet"", ""BetMGM"", ""BetRivers"", ""Bovada"", ""Caesars"", ""Courtside"", ""DraftKings"", ""FanDuel"", ""Fanatics"", ""betrivers""]",The Odds API,"[""Bally Bet"", ""BetRivers"", ""Hard Rock Bet"", ""theScore Bet""]",The Odds API,"[""Bally Bet"", ""BetRivers""]",The Odds API,"[""Bally Bet"", ""BetRivers"", ""Bovada"", ""Hard Rock Bet"", ""theScore Bet""]",,,,,,,,,,,,,,,,,,ALTLINE_NB_v1_2026-01-18,1.5,140.0,BetRivers,league_avg,2.3,0.6001759479749428,60.0,0.4166666666666667,44.04222751398626,44.0,0.6001759479749428,60.0,44.04222751398626,44.0,,,,,,,,,,,,,0.5,225.0,theScore Bet,exp/fallback,0.499,0.368662658618839,36.9,0.3076923076923077,19.815364051122696,19.8,0.368662658618839,36.9,19.815364051122696,19.8,0.1004658907737794,10.0,30.605658005913263,30.6,,,,,,,,,0.5,280.0,Bovada,exp/fallback,0.47,0.344359028995722,34.4,0.2631578947368421,30.85643101837437,30.9,0.344359028995722,34.4,30.85643101837437,30.9,0.0948438416499644,9.5,51.75014663994304,51.8,0.0236259440472278,2.4,-19.67179023942533,-19.7,,,,,0.5,1000.0,Hard Rock Bet,exp/fallback,0.1916,0.1685737680690473,16.9,0.0909090909090909,85.43114487595207,85.4,0.1685737680690473,16.9,85.43114487595207,85.4,,,,,,,,,,,,,0.5,900.0,DraftKings,exp/fallback,0.1238499999999999,0.1122962861499468,11.2,0.1,12.2962861499468,12.3,0.1122962861499468,11.2,12.2962861499468,12.3,,,,,,,,,,,,,True,True,True,True,True,,,Active roster,2026-10-01T17:24:42+00:00,False,[],2025-2026,,2026-09-24-frozen-v2,2026-10-01T17:24:46.238031+00:00,2026020012,8482715.0,PLAYER_ID,FINAL,0.0,L,OK,0.0,L,OK,1.0,L,OK,0.0,L,OK,0.0,L,OK,0.0,,NO_LINE
2026-10-01,MIN@NSH,2026020012,7:00 PM,2026-10-02T00:00:00Z,Steven Stamkos,8474564,NSH,False,"{""season"":""2026-27"",""games"":[]}",2026-27,NSH,C,⭐ STAR,Healthy,Unknown,,,0.0,0.0,,33.0,21.0,2026-10-01T17:24:18+00:00,MIN,Jesper Wallstedt,0.9147894221351616,2.6143790849673203,18.8,Unconfirmed,dailyfaceoff_name_and_stats,19.5,4.0,19.5,4.0,18.8,96.0,77.8,A1+A2,17.83,74.5,85.3,1.18,STAR,False,True,25.76676450011798,2.483385561769613,46.1,59.8,9.0,2.25,True,3.0,2.5,4.2,3.42,93.1,8.0,6.0,30.0,3.0,2.0,2.0,17.0,38.0,5.0,14.0,55.0,108.0,GOOD,0.8,0.3,GOOD,0.85,,GOOD,0.95,,LOW,0.2,,LOW,0.25,,LOW,0.35,,GOOD,3.0,,OK,2.75,,OK,2.7,,1.6102819484411577,0.3220563896882315,,,2.0,2.4018874961487944,1.926413595161264,50.0,17.5,64.1,17.5,8.34,4.55,37.62,-0.42,-1.86,4.2,COOL,COOL,HOT,3.78,1.44,COOL,Yellow,Yellow,Green,Yellow,53.0,75.0,80.0,63.0,GOAL,80.0,0.0,0.0,0.0,0.0,4.0,0.0,A,Distributor,16.9,,28.3,,2.0,3.008943089430894,246.7333333333333,3.008943089430894,0.1687815667362132,16.9,16.9,3.084706835990273,1.327749256957579,2.067008916509052,6.389309896417201,7.265777777777778,28.3,69.0,False,,,,🥅 D:0,,False,False,1.0,,False,0.0,,False,0.0,,1.5,-333.0,BetOnline.ag,2.5,-106.0,BetRivers,3.5,220.0,theScore Bet,4.5,460.0,Fanatics,2.5,-106.0,BetRivers,0.5,-130.0,theScore Bet,1.5,400.0,theScore Bet,2.5,1500.0,Fanatics,3.5,3200.0,BetOnline.ag,0.5,-130.0,theScore Bet,0.5,190.0,Bovada,1.5,1100.0,DraftKings,2.5,2500.0,Bovada,,,,0.5,190.0,Bovada,0.5,215.0,BetRivers,,,,,,,,,,0.5,215.0,BetRivers,0.5,215.0,BetRivers,,,,,,,,,,0.5,215.0,BetRivers,The Odds API,"[""Bally Bet"", ""BetMGM"", ""BetRivers"", ""Bovada"", ""Caesars"", ""Courtside"", ""DraftKings"", ""FanDuel"", ""Fanatics"", ""Hard Rock Bet"", ""fanduel"", ""theScore Bet""]",The Odds API,"[""Bally Bet"", ""BetMGM"", ""BetRivers"", ""Bovada"", ""Caesars"", ""Courtside"", ""DraftKings"", ""FanDuel"", ""Fanatics"", ""betrivers""]",The Odds API,"[""Bally Bet"", ""BetOnline.ag"", ""BetRivers"", ""Bovada"", ""Caesars"", ""Courtside"", ""DraftKings"", ""FanDuel"", ""Fanatics"", ""Hard Rock Bet"", ""draftkings"", ""theScore Bet""]",The Odds API,"[""Bally Bet"", ""BetOnline.ag"", ""BetRivers"", ""Bovada"", ""Caesars"", ""Courtside"", ""DraftKings"", ""FanDuel"", ""Fanatics"", ""Hard Rock Bet"", ""draftkings"", ""theScore Bet""]",The Odds API,"[""Bally Bet"", ""BetOnline.ag"", ""BetRivers"", ""Bovada"", ""Courtside"", ""DraftKings"", ""FanDuel"", ""Fanatics"", ""Hard Rock Bet"", ""draftkings"", ""theScore Bet""]",0.5,240.0,Hard Rock Bet,1.5,900.0,Bovada,,,,,,,0.5,240.0,Hard Rock Bet,The Odds API,"[""Bally Bet"", ""BetRivers"", ""Bovada"", ""FanDuel"", ""Hard Rock Bet"", ""theScore Bet""]",ALTLINE_NB_v1_2026-01-18,2.5,-106.0,BetRivers,exp/fallback,3.762,0.6270819085629127,62.7,0.5145631067961165,21.86686147543397,21.9,0.7927487977373936,79.3,3.081149976063491,3.1,0.6270819085629127,62.7,21.86686147543397,21.9,0.4664947307545135,46.6,49.27831384144434,49.3,0.3302894118803063,33.0,84.96207065297155,85.0,0.5,-130.0,theScore Bet,exp/fallback,0.834,0.5189356789598298,51.9,0.5652173913043478,-8.188302953260873,-8.2,0.5189356789598298,51.9,-8.188302953260873,-8.2,0.2083794100942039,20.8,4.189705047101954,4.2,0.0730534161644074,7.3,16.885465863051863,16.9,0.0235487604393344,2.4,-22.289090550196462,-22.3,0.5,190.0,Bovada,exp/fallback,0.378,0.2926468518187111,29.3,0.3448275862068966,-15.132412972573784,-15.1,0.2926468518187111,29.3,-15.132412972573784,-15.1,0.0677692319595628,6.8,-18.67692164852457,-18.7,0.0141503882000434,1.4,-63.20899067988706,-63.2,,,,,0.5,215.0,BetRivers,exp/fallback,0.362,0.286858109280641,28.7,0.3174603174603174,-9.639695576598072,-9.6,0.286858109280641,28.7,-9.639695576598072,-9.6,,,,,,,,,,,,,0.5,215.0,BetRivers,exp/fallback,0.4007499999999999,0.2996335751063688,30.0,0.3174603174603174,-5.615423841493838,-5.6,0.2996335751063688,30.0,-5.615423841493838,-5.6,,,,,,,,,,,,,True,False,False,False,False,18.8,,Active roster,2026-10-01T17:24:42+00:00,False,[],2025-2026,,2026-09-24-frozen-v2,2026-10-01T17:24:46.238031+00:00,2026020012,8474564.0,PLAYER_ID,FINAL,1.0,W,OK,1.0,W,OK,1.0,L,OK,0.0,L,OK,0.0,L,OK,0.0,L,OK
2026-10-01,PHI@NJD,2026020009,6:00 PM,2026-10-01T23:00:00Z,Amadeus Lombardi,8483695,,,,,NJD,C,,Unknown,,,,,,,,,,,,,,,,,,,,,,,,,,,,,,,,,,,,,,,,,,,,,,,,,,,,,,,,,,,,,,,,,,,,,,,,,,,,,,,,,,,,,,,,,,,,,,,,,,,,,,,,,,,,,,,,,,,,,,,,,,,,,,,,,,,,,,,,,,,,,,,,,,,,,,,,,,,,,,,,,,,,,,,,,,,,,,,,,,,,,,,,,,,,,,,,,,,,,,,,,,,,,,,,,,,,,,,,,,,,,,,,,,,,,,,,,,,,,,,,,,,,,,,,,,,,,,,,,,,,,,,,,,,,,,,,,,,,,,,,,,,,,,,,,,,,,,,,,,,,,,,,,,,,,,,,,,,,,,,,,,,,,,,,,,,,,,,,,,,0.5,700.0,fanduel,,,,,,,,,,,,,,,,,,,,,,,,,,,,,,,,,,,,,,,,,,,,,,,,,,,,,,,,,Active roster,2026-10-01T17:24:42+00:00,True,[],Unavailable,True,2026-09-24-frozen-v2,2026-10-01T17:24:46.238031+00:00,2026020009,8483695.0,PLAYER_ID,FINAL,0.0,,NO_LINE,0.0,,NO_LINE,0.0,,NO_LINE,0.0,L,OK,0.0,,NO_LINE,0.0,,NO_LINE
2026-10-01,PHI@NJD,2026020009,6:00 PM,2026-10-01T23:00:00Z,Anthony Mantha,8477511,PIT,True,"{""season"":""2026-27"",""games"":[]}",2026-27,NJD,R,,Healthy,Unknown,,,2.0,0.0,,33.0,21.0,2026-10-01T17:24:18+00:00,PHI,Joseph Woll,,,50.0,Unconfirmed,dailyfaceoff_name_only,28.4,5.0,28.4,5.0,5.3,83.7,86.3,A1+A2,15.19,52.3,78.3,1.11,NONE,False,False,27.24619972829364,2.453460236818624,77.0,46.0,12.0,3.0,True,1.5,1.5,1.4,1.465,38.2,1.0,0.0,8.0,0.0,1.0,1.0,1.0,1.0,1.0,1.0,8.0,8.0,LOW,0.1,-0.4,LOW,0.05,,LOW,0.025,,LOW,0.1,,LOW,0.05,,LOW,0.025,,LOW,0.8,,LOW,0.4,,LOW,0.2,,2.798081693401687,0.6548701835620969,,,1.0,2.204333606888696,2.1753775676437086,50.0,34.0,74.8,9.2,7.46,2.52,14.65,5.78,2.52,6.65,HOT,HOT,HOT,4.69,3.26,HOT,Yellow,Red,Yellow,Yellow,74.0,67.0,68.0,71.0,POINTS,74.0,1.0,1.0,6.0,6.0,0.0,6.0,,Passenger,14.2,,61.9,,,2.1627572016460905,175.18333333333334,2.1627572016460905,0.1424061780246579,14.2,14.2,2.5661687755684524,1.0377699552849395,1.7981162591570736,8.246078129806213,7.146846656823455,61.9,75.5,False,,,,🅿️ D:1,,False,False,1.0,,False,0.0,,False,0.0,,1.5,106.0,BetRivers,2.5,320.0,theScore Bet,3.5,750.0,Fanatics,4.5,1900.0,DraftKings,1.5,106.0,BetRivers,0.5,130.0,Hard Rock Bet,1.5,575.0,Fanatics,2.5,2500.0,Fanatics,3.5,3900.0,BetOnline.ag,0.5,130.0,Hard Rock Bet,0.5,270.0,Bovada,1.5,1500.0,Fanatics,2.5,3300.0,Bovada,,,,0.5,270.0,Bovada,0.5,300.0,theScore Bet,,,,,,,,,,0.5,300.0,theScore Bet,0.5,280.0,FanDuel,,,,,,,,,,0.5,280.0,FanDuel,The Odds API,"[""Bally Bet"", ""BetMGM"", ""BetRivers"", ""Bovada"", ""Caesars"", ""Courtside"", ""DraftKings"", ""FanDuel"", ""Fanatics"", ""Hard Rock Bet"", ""fanduel"", ""theScore Bet""]",The Odds API,"[""Bally Bet"", ""BetMGM"", ""BetRivers"", ""Bovada"", ""Caesars"", ""Courtside"", ""DraftKings"", ""FanDuel"", ""Fanatics"", ""betrivers""]",The Odds API,"[""Bally Bet"", ""BetOnline.ag"", ""BetRivers"", ""Bovada"", ""Caesars"", ""Courtside"", ""DraftKings"", ""Fanatics"", ""Hard Rock Bet"", ""draftkings"", ""theScore Bet""]",The Odds API,"[""Bally Bet"", ""BetOnline.ag"", ""BetRivers"", ""Bovada"", ""Caesars"", ""Courtside"", ""DraftKings"", ""Fanatics"", ""Hard Rock Bet"", ""theScore Bet""]",The Odds API,"[""Bally Bet"", ""BetOnline.ag"", ""BetRivers"", ""Bovada"", ""Courtside"", ""DraftKings"", ""Fanatics"", ""Hard Rock Bet"", ""draftkings"", ""theScore Bet""]",0.5,750.0,Hard Rock Bet,,,,,,,,,,0.5,750.0,Hard Rock Bet,The Odds API,"[""Hard Rock Bet"", ""theScore Bet""]",ALTLINE_NB_v1_2026-01-18,1.5,106.0,BetRivers,exp/fallback,1.465,0.4052597315141537,40.5,0.4854368932038835,-16.516495308084327,-16.5,0.4052597315141537,40.5,-16.516495308084327,-16.5,0.1990191061044467,19.9,-16.411975436132366,-16.4,0.0884454496633778,8.8,-24.82136778612881,-24.8,0.0365729498096193,3.7,-26.854100380761324,-26.9,0.5,130.0,Hard Rock Bet,exp/fallback,0.746,0.484600239605482,48.5,0.4347826086956521,11.458055109260869,11.5,0.484600239605482,48.5,11.458055109260869,11.5,0.1797170255429092,18.0,21.30899224146374,21.3,0.0579789060906782,5.8,50.74515583576344,50.7,0.0171710708438515,1.7,-31.315716624594003,-31.3,0.5,270.0,Bovada,exp/fallback,0.469,0.3438278230454558,34.4,0.2702702702702703,27.21629452681864,27.2,0.3438278230454558,34.4,27.21629452681864,27.2,0.0945408639594442,9.5,51.26538233511084,51.3,0.0235107401372454,2.4,-20.0634835333656,-20.1,,,,,0.5,300.0,theScore Bet,exp/fallback,0.2106,0.1830670057064379,18.3,0.25,-26.77319771742481,-26.8,0.1830670057064379,18.3,-26.77319771742481,-26.8,,,,,,,,,,,,,0.5,280.0,FanDuel,exp/fallback,0.2016,0.1725796294411206,17.3,0.2631578947368421,-34.41974081237418,-34.4,0.1725796294411206,17.3,-34.41974081237418,-34.4,,,,,,,,,,,,,False,True,False,False,True,5.3,,Active roster,2026-10-01T17:24:42+00:00,False,[],2025-2026,,2026-09-24-frozen-v2,2026-10-01T17:24:46.238031+00:00,2026020009,8477511.0,PLAYER_ID,FINAL,0.0,L,OK,0.0,L,OK,1.0,L,OK,0.0,L,OK,0.0,L,OK,0.0,L,OK
2026-10-01,PHI@NJD,2026020009,6:00 PM,2026-10-01T23:00:00Z,Arseny Gritsyuk,8481721,NJD,False,"{""season"":""2026-27"",""games"":[]}",2026-27,NJD,R,,Healthy,Unknown,,,2.0,0.0,,33.0,21.0,2026-10-01T17:24:18+00:00,PHI,Joseph Woll,,,50.0,Unconfirmed,dailyfaceoff_name_only,28.4,5.0,28.4,5.0,8.8,71.3,68.0,A1+A2,15.17,51.9,66.3,1.06,NONE,False,False,27.24619972829364,2.453460236818624,77.0,46.0,12.0,3.0,True,2.5,2.5,3.0,2.675,81.3,8.0,4.0,26.0,2.0,2.0,4.0,11.0,18.0,7.0,11.0,45.0,86.0,GOOD,0.8,0.3,LOW,0.55,,LOW,0.45,,LOW,0.4,,LOW,0.35,,LOW,0.275,,OK,2.6,,LOW,2.25,,LOW,2.15,,1.7371615226146508,0.7349529518754292,,,4.0,2.204333606888696,2.1753775676437086,50.0,34.0,66.7,9.2,4.9,2.0,29.42,-3.1,-2.0,0.75,COOL,COOL,COOL,2.9,-1.1,COOL,Red,Red,Red,Red,50.0,61.0,65.0,56.0,GOAL,65.0,0.0,0.0,2.0,1.0,1.0,7.0,B,Distributor,6.7,,61.9,,1.0,1.0214646464646466,67.41666666666667,1.0214646464646466,0.0673156931269762,6.7,6.7,3.1928306551297894,1.112484548825711,2.447466007416564,8.246078129806213,7.146846656823455,61.9,69.1,False,,,,🥅 D:2,,False,False,1.0,,False,0.0,,False,0.0,,1.5,100.0,theScore Bet,2.5,300.0,theScore Bet,3.5,700.0,Fanatics,4.5,1900.0,Fanatics,1.5,100.0,theScore Bet,0.5,175.0,BetRivers,1.5,900.0,BetRivers,,,,,,,0.5,175.0,BetRivers,,,,,,,,,,,,,,,,0.5,400.0,BetMGM,,,,,,,,,,0.5,400.0,BetMGM,0.5,400.0,BetMGM,,,,,,,,,,0.5,400.0,BetMGM,The Odds API,"[""Bally Bet"", ""BetMGM"", ""BetRivers"", ""Bovada"", ""Caesars"", ""Courtside"", ""DraftKings"", ""FanDuel"", ""Fanatics"", ""Hard Rock Bet"", ""theScore Bet""]",The Odds API,"[""Bally Bet"", ""BetMGM"", ""BetRivers"", ""Bovada"", ""Caesars"", ""Courtside"", ""DraftKings"", ""FanDuel"", ""Fanatics"", ""betmgm""]",The Odds API,"[""Bally Bet"", ""BetRivers""]",The Odds API,"[""Bally Bet"", ""BetOnline.ag"", ""BetRivers"", ""Bovada"", ""Caesars"", ""Courtside"", ""DraftKings"", ""Fanatics"", ""Hard Rock Bet"", ""theScore Bet""]",,,0.5,650.0,Hard Rock Bet,,,,,,,,,,0.5,650.0,Hard Rock Bet,The Odds API,"[""Bovada"", ""Hard Rock Bet"", ""theScore Bet""]",ALTLINE_NB_v1_2026-01-18,1.5,100.0,theScore Bet,exp/fallback,2.942,0.7029081718960981,70.3,0.5,40.58163437921962,40.6,0.7029081718960981,70.3,40.58163437921962,40.6,0.5049298466641965,50.5,101.9719386656786,102.0,0.3371245361392023,33.7,169.69962891136186,169.7,0.2126725567041789,21.3,325.3451134083579,325.3,0.5,175.0,BetRivers,exp/fallback,0.49,0.363800316431679,36.4,0.3636363636363636,0.0450870187117202,0.0,0.363800316431679,36.4,0.0450870187117202,0.0,0.0976988696126628,9.8,-2.301130387337169,-2.3,,,,,,,,,,,,exp/fallback,0.29,,,,,,,,,,,,,,,,,,,,,,0.5,400.0,BetMGM,exp/fallback,0.26,0.2191325560760598,21.9,0.2,9.56627803802993,9.6,0.2191325560760598,21.9,9.56627803802993,9.6,,,,,,,,,,,,,0.5,400.0,BetMGM,exp/fallback,0.235,0.1964315526452733,19.6,0.2,-1.784223677363328,-1.8,0.1964315526452733,19.6,-1.784223677363328,-1.8,,,,,,,,,,,,,True,False,False,False,False,8.8,,Active roster,2026-10-01T17:24:42+00:00,False,[],2025-2026,,2026-09-24-frozen-v2,2026-10-01T17:24:46.238031+00:00,2026020009,8481721.0,PLAYER_ID,FINAL,0.0,L,OK,0.0,,NO_LINE,2.0,W,OK,0.0,L,OK,0.0,L,OK,0.0,L,OK
2026-10-01,PHI@NJD,2026020009,6:00 PM,2026-10-01T23:00:00Z,Brenden Dillon,8475455,NJD,False,,2026-27,NJD,D,,Healthy,Unknown,,,2.0,1.0,🟢 ROLE+,33.0,21.0,2026-10-01T17:24:18+00:00,PHI,Joseph Woll,,,50.0,Unconfirmed,dailyfaceoff_name_only,28.4,5.0,28.4,5.0,,28.1,54.3,A1+A2,18.0,75.2,46.7,0.99,NONE,False,False,27.24619972829364,2.453460236818624,77.0,46.0,12.0,3.0,True,,,,,50.0,,,,,,,,,,,,,,,,,,,,,,,,,,,,,,,,,,,,,,,,0.6181808575278049,0.19020949462394,,,0.0,2.204333606888696,2.1753775676437086,50.0,34.0,40.2,9.2,1.66,0.22,,,,,COOL,COOL,COOL,1.44,,COOL,Red,Red,Red,Red,53.0,35.0,34.0,46.0,POINTS,53.0,,,,,,,C,Passenger,0.1,,61.9,,0.0,0.0184959349593495,1.5166666666666666,0.0184959349593495,0.0010276911957356,0.1,0.1,0.0,0.0,0.0,8.246078129806213,7.146846656823455,61.9,29.4,False,,,,,,False,False,0.0,,False,0.0,,False,0.0,,,,,,,,,,,,,,,,,,,,,,,,,,,,,,,,,,,,,,,,,,,,,,,0.5,2000.0,Fanatics,,,,,,,,,,0.5,2000.0,Fanatics,0.5,2000.0,Fanatics,,,,,,,,,,0.5,2000.0,Fanatics,The Odds API,"[""Bally Bet"", ""BetMGM"", ""BetRivers"", ""Bovada"", ""Caesars"", ""Courtside"", ""DraftKings"", ""Fanatics"", ""Hard Rock Bet"", ""theScore Bet""]",The Odds API,"[""Bally Bet"", ""BetMGM"", ""BetRivers"", ""Bovada"", ""Caesars"", ""Courtside"", ""DraftKings"", ""Fanatics"", ""fanatics""]",,,,,,,,,,,,,,,,,,,,,,,,ALTLINE_NB_v1_2026-01-18,,,,league_avg,2.3,,,,,,,,,,,,,,,,,,,,,,,,,exp/fallback,0.1659999999999999,,,,,,,,,,,,,,,,,,,,,,,,,exp/fallback,0.144,,,,,,,,,,,,,,,,,,,,,,0.5,2000.0,Fanatics,exp/fallback,0.1888,0.1664075489669552,16.6,0.0476190476190476,249.4558528306059,249.5,0.1664075489669552,16.6,249.4558528306059,249.5,,,,,,,,,,,,,0.5,2000.0,Fanatics,exp/fallback,0.1192999999999999,0.1085451339573659,10.9,0.0476190476190476,127.94478131046856,127.9,0.1085451339573659,10.9,127.94478131046856,127.9,,,,,,,,,,,,,False,False,True,True,False,,,Active roster,2026-10-01T17:24:42+00:00,False,[],2025-2026,,2026-09-24-frozen-v2,2026-10-01T17:24:46.238031+00:00,2026020009,8475455.0,PLAYER_ID,FINAL,0.0,,NO_LINE,0.0,,NO_LINE,0.0,,NO_LINE,0.0,L,OK,0.0,L,OK,0.0,,NO_LINE
2026-10-01,PHI@NJD,2026020009,6:00 PM,2026-10-01T23:00:00Z,Brett Pesce,8477488,NJD,False,,2026-27,NJD,D,,Healthy,Unknown,,,2.0,1.0,🟢 ROLE+,33.0,21.0,2026-10-01T17:24:18+00:00,PHI,Joseph Woll,,,50.0,Unconfirmed,dailyfaceoff_name_only,28.4,5.0,28.4,5.0,,31.0,37.3,A1+A2,20.3,88.2,44.6,0.98,NONE,False,False,27.24619972829364,2.453460236818624,77.0,46.0,12.0,3.0,True,,,,,50.0,,,,,,,,,,,,,,,,,,,,,,,,,,,,,,,,,,,,,,,,0.6640316205533597,0.3794466403162055,,,0.0,2.204333606888696,2.1753775676437086,50.0,34.0,41.5,9.2,2.19,0.6,,,,,COOL,COOL,COOL,1.59,,COOL,Red,Red,Red,Red,46.0,37.0,37.0,40.0,POINTS,46.0,,,,,,,C,Passenger,0.5,,61.9,,0.0,0.095045045045045,3.5166666666666666,0.095045045045045,0.0046808793841648,0.5,0.5,0.0,0.0,0.0,8.246078129806213,7.146846656823455,61.9,38.1,False,,,,,,False,False,0.0,,False,0.0,,False,0.0,,1.5,120.0,theScore Bet,2.5,380.0,theScore Bet,3.5,900.0,Fanatics,4.5,1700.0,BetOnline.ag,1.5,120.0,theScore Bet,0.5,265.0,BetRivers,,,,,,,,,,0.5,265.0,BetRivers,,,,,,,,,,,,,,,,0.5,1400.0,Fanatics,,,,,,,,,,0.5,1400.0,Fanatics,0.5,1400.0,Fanatics,,,,,,,,,,0.5,1400.0,Fanatics,The Odds API,"[""Bally Bet"", ""BetMGM"", ""BetRivers"", ""Bovada"", ""Caesars"", ""Courtside"", ""DraftKings"", ""FanDuel"", ""Fanatics"", ""Hard Rock Bet"", ""theScore Bet""]",The Odds API,"[""Bally Bet"", ""BetMGM"", ""BetRivers"", ""Bovada"", ""Caesars"", ""Courtside"", ""DraftKings"", ""FanDuel"", ""Fanatics"", ""fanatics""]",The Odds API,"[""Bally Bet"", ""BetRivers""]",The Odds API,"[""BetOnline.ag"", ""Bovada"", ""Caesars"", ""Courtside"", ""DraftKings"", ""Fanatics"", ""Hard Rock Bet"", ""theScore Bet""]",,,,,,,,,,,,,,,,,,,,ALTLINE_NB_v1_2026-01-18,1.5,120.0,theScore Bet,league_avg,2.3,0.6001759479749428,60.0,0.4545454545454545,32.03870855448741,32.0,0.6001759479749428,60.0,32.03870855448741,32.0,0.3835789960842564,38.4,84.11791812044305,84.1,0.2254288407355011,22.5,125.42884073550118,125.4,0.1243884637071297,12.4,123.89923467283354,123.9,0.5,265.0,BetRivers,exp/fallback,0.219,0.1902360403558861,19.0,0.273972602739726,-30.563845270101552,-30.6,0.1902360403558861,19.0,-30.563845270101552,-30.6,,,,,,,,,,,,,,,,exp/fallback,0.159,,,,,,,,,,,,,,,,,,,,,,0.5,1400.0,Fanatics,exp/fallback,0.204,0.1780728932406483,17.8,0.0666666666666666,167.1093398609725,167.1,0.1780728932406483,17.8,167.1093398609725,167.1,,,,,,,,,,,,,0.5,1400.0,Fanatics,exp/fallback,0.144,0.1285997305139926,12.9,0.0666666666666666,92.89959577098898,92.9,0.1285997305139926,12.9,92.89959577098898,92.9,,,,,,,,,,,,,True,False,True,True,False,,,Active roster,2026-10-01T17:24:42+00:00,False,[],2025-2026,,2026-09-24-frozen-v2,2026-10-01T17:24:46.238031+00:00,2026020009,8477488.0,PLAYER_ID,FINAL,0.0,L,OK,0.0,,NO_LINE,0.0,L,OK,0.0,L,OK,0.0,L,OK,0.0,,NO_LINE
2026-10-01,PHI@NJD,2026020009,6:00 PM,2026-10-01T23:00:00Z,Cody Glass,8479996,NJD,False,"{""season"":""2026-27"",""games"":[]}",2026-27,NJD,C,,Healthy,Unknown,,,2.0,0.0,,33.0,21.0,2026-10-01T17:24:18+00:00,PHI,Joseph Woll,,,50.0,Unconfirmed,dailyfaceoff_name_only,28.4,5.0,28.4,5.0,3.5,73.1,40.6,A1+A2,13.61,39.3,55.0,1.02,NONE,False,False,27.24619972829364,2.453460236818624,77.0,46.0,12.0,3.0,True,1.0,1.25,1.2,1.07,22.0,4.0,4.0,13.0,2.0,0.0,0.0,6.0,17.0,1.0,5.0,20.0,55.0,LOW,0.4,,LOW,0.3,,LOW,0.425,,LOW,0.0,,LOW,0.05,,LOW,0.125,,LOW,1.3,,LOW,1.0,,LOW,1.375,,1.6230520435166127,0.2117024404586886,,,0.0,2.204333606888696,2.1753775676437086,50.0,34.0,64.7,9.2,2.94,1.92,10.7,-1.06,-2.08,-2.3,COOL,COOL,COOL,1.02,1.02,COOL,Red,Red,Red,Red,34.0,49.0,61.0,49.0,GOAL,61.0,2.0,10.0,2.0,2.0,0.0,10.0,C,Passenger,2.7,,61.9,,0.0,0.3671428571428571,25.7,0.3671428571428571,0.0269684144251285,2.7,2.7,4.01556420233463,2.0311284046692606,2.3346303501945527,8.246078129806213,7.146846656823455,61.9,62.9,False,,,,🥅 D:2,,False,False,1.0,,False,0.0,,False,0.0,,,,,,,,,,,,,,,,,,,,,,,,,,,,,,,,,,,,,,,,,,,,,,,0.5,750.0,FanDuel,,,,,,,,,,0.5,750.0,FanDuel,0.5,750.0,FanDuel,,,,,,,,,,0.5,750.0,FanDuel,The Odds API,"[""Bally Bet"", ""BetMGM"", ""BetRivers"", ""Bovada"", ""Caesars"", ""Courtside"", ""DraftKings"", ""FanDuel"", ""Fanatics"", ""Hard Rock Bet"", ""theScore Bet""]",The Odds API,"[""Bally Bet"", ""BetMGM"", ""BetRivers"", ""Bovada"", ""Caesars"", ""Courtside"", ""DraftKings"", ""FanDuel"", ""Fanatics"", ""fanduel""]",,,,,,,,,,,,,,,,,,,,,,,,ALTLINE_NB_v1_2026-01-18,,,,exp/fallback,1.0699999999999998,,,,,,,,,,,,,,,,,,,,,,,,,exp/fallback,0.294,,,,,,,,,,,,,,,,,,,,,,,,,exp/fallback,0.102,,,,,,,,,,,,,,,,,,,,,,0.5,750.0,FanDuel,exp/fallback,0.1926,0.1693455078928395,16.9,0.1176470588235294,43.9436817089136,43.9,0.1693455078928395,16.9,43.9436817089136,43.9,,,,,,,,,,,,,0.5,750.0,FanDuel,exp/fallback,0.17235,0.150715818928744,15.1,0.1176470588235294,28.10844608943246,28.1,0.150715818928744,15.1,28.10844608943246,28.1,,,,,,,,,,,,,False,False,True,True,False,3.5,,Active roster,2026-10-01T17:24:42+00:00,False,[],2025-2026,,2026-09-24-frozen-v2,2026-10-01T17:24:46.238031+00:00,2026020009,8479996.0,PLAYER_ID,FINAL,0.0,,NO_LINE,0.0,,NO_LINE,3.0,,NO_LINE,0.0,L,OK,0.0,L,OK,0.0,,NO_LINE
2026-10-01,PHI@NJD,2026020009,6:00 PM,2026-10-01T23:00:00Z,Dawson Mercer,8482110,NJD,False,"{""season"":""2026-27"",""games"":[]}",2026-27,NJD,C,,Healthy,Unknown,,,2.0,1.0,🟢 ROLE+,33.0,21.0,2026-10-01T17:24:18+00:00,PHI,Joseph Woll,,,50.0,Unconfirmed,dailyfaceoff_name_only,28.4,5.0,28.4,5.0,7.0,93.2,74.9,A1+A2,18.23,77.2,83.6,1.13,NONE,False,False,27.24619972829364,2.453460236818624,77.0,46.0,12.0,3.0,True,2.0,2.25,2.2,2.0700000000000003,65.0,7.0,5.0,24.0,2.0,1.0,2.0,10.0,16.0,4.0,7.0,41.0,71.0,OK,0.7,0.2,LOW,0.5,,LOW,0.4,,LOW,0.2,,LOW,0.2,,LOW,0.175,,LOW,2.4,,LOW,2.05,,LOW,1.775,,1.2800637187273325,0.5120254874909329,,,2.0,2.204333606888696,2.1753775676437086,50.0,34.0,57.0,9.2,6.49,3.44,22.77,-0.51,-1.56,-3.3,COOL,COOL,COOL,3.34,1.04,COOL,Yellow,Red,Red,Yellow,57.0,73.0,78.0,66.0,GOAL,78.0,1.0,1.0,1.0,1.0,0.0,10.0,B,Shooter,8.4,,61.9,,1.0,1.5235772357723578,124.93333333333334,1.5235772357723578,0.0835888800918853,8.4,8.4,3.3173692636072576,2.1947705442902885,1.3207043756670225,8.246078129806213,7.146846656823455,61.9,65.5,False,,,,🥅 D:1,,False,False,1.0,,False,0.0,,False,0.0,,1.5,107.0,BetRivers,2.5,320.0,Fanatics,3.5,900.0,Fanatics,4.5,2800.0,BetOnline.ag,1.5,107.0,BetRivers,0.5,195.0,BetRivers,,,,,,,,,,0.5,195.0,BetRivers,,,,,,,,,,,,,,,,0.5,500.0,FanDuel,,,,,,,,,,0.5,500.0,FanDuel,0.5,500.0,FanDuel,,,,,,,,,,0.5,500.0,FanDuel,The Odds API,"[""Bally Bet"", ""BetMGM"", ""BetRivers"", ""Bovada"", ""Caesars"", ""Courtside"", ""DraftKings"", ""FanDuel"", ""Fanatics"", ""Hard Rock Bet"", ""theScore Bet""]",The Odds API,"[""Bally Bet"", ""BetMGM"", ""BetRivers"", ""Bovada"", ""Caesars"", ""Courtside"", ""DraftKings"", ""FanDuel"", ""Fanatics"", ""fanduel""]",The Odds API,"[""Bally Bet"", ""BetRivers""]",The Odds API,"[""Bally Bet"", ""BetOnline.ag"", ""BetRivers"", ""Courtside"", ""DraftKings"", ""Fanatics""]",,,,,,,,,,,,,,,,,,,,ALTLINE_NB_v1_2026-01-18,1.5,107.0,BetRivers,exp/fallback,2.277,0.5958181358089664,59.6,0.4830917874396135,23.334354112456047,23.3,0.5958181358089664,59.6,23.334354112456047,23.3,0.3788213731934684,37.9,59.10497674125674,59.1,0.2213889601058505,22.1,121.38896010585051,121.4,0.1214480953534393,12.1,252.19947652497416,252.2,0.5,195.0,BetRivers,exp/fallback,0.649,0.4428056430843285,44.3,0.3389830508474576,30.627664709876925,30.6,0.4428056430843285,44.3,30.627664709876925,30.6,,,,,,,,,,,,,,,,exp/fallback,0.3339999999999999,,,,,,,,,,,,,,,,,,,,,,0.5,500.0,FanDuel,exp/fallback,0.3176,0.2584308146816441,25.8,0.1666666666666666,55.05848880898645,55.1,0.2584308146816441,25.8,55.05848880898645,55.1,,,,,,,,,,,,,0.5,500.0,FanDuel,exp/fallback,0.3286,0.2575649301252306,25.8,0.1666666666666666,54.53895807513837,54.5,0.2575649301252306,25.8,54.53895807513837,54.5,,,,,,,,,,,,,True,True,True,True,False,7.0,,Active roster,2026-10-01T17:24:42+00:00,False,[],2025-2026,,2026-09-24-frozen-v2,2026-10-01T17:24:46.238031+00:00,2026020009,8482110.0,PLAYER_ID,FINAL,0.0,L,OK,0.0,,NO_LINE,3.0,W,OK,0.0,L,OK,0.0,L,OK,0.0,,NO_LINE
2026-10-01,PHI@NJD,2026020009,6:00 PM,2026-10-01T23:00:00Z,Declan Chisholm,8480990,WSH,True,,2026-27,NJD,D,,Healthy,Unknown,,,2.0,0.0,,33.0,21.0,2026-10-01T17:24:18+00:00,PHI,Joseph Woll,,,50.0,Unconfirmed,dailyfaceoff_name_only,28.4,5.0,28.4,5.0,,18.0,37.3,A1+A2,13.73,40.9,29.3,0.94,NONE,False,False,27.24619972829364,2.453460236818624,77.0,46.0,12.0,3.0,True,,,,,50.0,,,,,,,,,,,,,,,,,,,,,,,,,,,,,,,,,,,,,,,,1.2290284822473665,0.5267264923917284,,,0.0,2.204333606888696,2.1753775676437086,50.0,34.0,55.7,9.2,2.39,0.22,,,,,COOL,COOL,COOL,2.17,,COOL,Red,Red,Red,Red,41.0,24.0,25.0,34.0,POINTS,41.0,,,,,,,,Passenger,2.3,,61.9,,,0.3134615384615384,8.15,0.3134615384615384,0.022837661124603,2.3,2.3,0.0,0.0,0.0,8.246078129806213,7.146846656823455,61.9,43.6,False,,,,,,False,False,0.0,,False,0.0,,False,0.0,,,,,,,,,,,,,,,,,,,,,,,,,,,,,,,,,,,,,,,,,,,,,,,0.5,1900.0,DraftKings,,,,,,,,,,0.5,1900.0,DraftKings,0.5,1900.0,DraftKings,,,,,,,,,,0.5,1900.0,DraftKings,The Odds API,"[""Bally Bet"", ""BetMGM"", ""BetRivers"", ""Bovada"", ""Caesars"", ""Courtside"", ""DraftKings"", ""Fanatics"", ""Hard Rock Bet"", ""theScore Bet""]",The Odds API,"[""Bally Bet"", ""BetMGM"", ""BetRivers"", ""Bovada"", ""Caesars"", ""Courtside"", ""DraftKings"", ""Fanatics"", ""fanatics""]",,,,,,,,,,,,,,,,,,,,,,,,ALTLINE_NB_v1_2026-01-18,,,,league_avg,2.3,,,,,,,,,,,,,,,,,,,,,,,,,exp/fallback,0.239,,,,,,,,,,,,,,,,,,,,,,,,,exp/fallback,0.217,,,,,,,,,,,,,,,,,,,,,,0.5,1900.0,DraftKings,exp/fallback,0.1888,0.1664075489669552,16.6,0.05,232.8150979339104,232.8,0.1664075489669552,16.6,232.8150979339104,232.8,,,,,,,,,,,,,0.5,1900.0,DraftKings,exp/fallback,0.1192999999999999,0.1085451339573659,10.9,0.05,117.09026791473195,117.1,0.1085451339573659,10.9,117.09026791473195,117.1,,,,,,,,,,,,,False,False,True,True,False,,,Active roster,2026-10-01T17:24:42+00:00,False,[],2025-2026,,2026-09-24-frozen-v2,2026-10-01T17:24:46.238031+00:00,2026020009,8480990.0,PLAYER_ID,FINAL,0.0,,NO_LINE,0.0,,NO_LINE,2.0,,NO_LINE,0.0,L,OK,0.0,L,OK,0.0,,NO_LINE
2026-10-01,PHI@NJD,2026020009,6:00 PM,2026-10-01T23:00:00Z,Dougie Hamilton,8476462,NJD,False,"{""season"":""2026-27"",""games"":[]}",2026-27,NJD,D,,Healthy,Unknown,,,2.0,1.0,🟢 ROLE+,33.0,21.0,2026-10-01T17:24:18+00:00,PHI,Joseph Woll,,,50.0,Unconfirmed,dailyfaceoff_name_only,28.4,5.0,28.4,5.0,10.5,69.7,82.2,A1+A2,21.54,93.5,78.8,1.12,NONE,False,False,27.24619972829364,2.453460236818624,77.0,46.0,12.0,3.0,True,3.0,2.375,2.4,2.79,82.5,7.0,2.0,23.0,0.0,4.0,5.0,14.0,30.0,11.0,23.0,41.0,108.0,OK,0.7,0.2,OK,0.7,,OK,0.75,,OK,0.5,,OK,0.55,,OK,0.575,,LOW,2.3,,LOW,2.05,,OK,2.7,,0.7717236422329546,0.2269775418332219,,,5.0,2.204333606888696,2.1753775676437086,50.0,34.0,44.5,9.2,5.56,1.65,30.69,-1.44,-0.35,4.9,COOL,COOL,HOT,4.3,-1.09,COOL,Yellow,Red,Red,Yellow,61.0,65.0,70.0,65.0,GOAL,70.0,1.0,1.0,7.0,0.0,1.0,1.0,A,Distributor,9.2,,61.9,,2.0,1.9870129870129871,153.0,1.9870129870129871,0.0922473998894639,9.2,9.2,3.3901960784313725,0.8901960784313726,2.9411764705882355,8.246078129806213,7.146846656823455,61.9,75.0,False,,,,🥅 D:7,,False,False,1.0,,False,0.0,,False,0.0,,1.5,-240.0,theScore Bet,2.5,130.0,theScore Bet,3.5,320.0,theScore Bet,4.5,750.0,Fanatics,2.5,130.0,theScore Bet,0.5,140.0,theScore Bet,1.5,800.0,theScore Bet,2.5,3000.0,Fanatics,3.5,3600.0,BetOnline.ag,0.5,140.0,theScore Bet,0.5,205.0,Bovada,1.5,1200.0,DraftKings,2.5,3300.0,Bovada,,,,0.5,205.0,Bovada,0.5,575.0,Fanatics,,,,,,,,,,0.5,575.0,Fanatics,0.5,575.0,Fanatics,,,,,,,,,,0.5,575.0,Fanatics,The Odds API,"[""Bally Bet"", ""BetMGM"", ""BetRivers"", ""Bovada"", ""Caesars"", ""Courtside"", ""DraftKings"", ""FanDuel"", ""Fanatics"", ""Hard Rock Bet"", ""theScore Bet""]",The Odds API,"[""Bally Bet"", ""BetMGM"", ""BetRivers"", ""Bovada"", ""Caesars"", ""Courtside"", ""DraftKings"", ""FanDuel"", ""Fanatics"", ""fanatics""]",The Odds API,"[""Bally Bet"", ""BetOnline.ag"", ""BetRivers"", ""Bovada"", ""Caesars"", ""Courtside"", ""DraftKings"", ""Fanatics"", ""Hard Rock Bet"", ""draftkings"", ""theScore Bet""]",The Odds API,"[""Bally Bet"", ""BetOnline.ag"", ""BetRivers"", ""Bovada"", ""Caesars"", ""Courtside"", ""DraftKings"", ""FanDuel"", ""Fanatics"", ""Hard Rock Bet"", ""draftkings"", ""theScore Bet""]",The Odds API,"[""Bally Bet"", ""BetOnline.ag"", ""BetRivers"", ""Bovada"", ""Courtside"", ""DraftKings"", ""Fanatics"", ""Hard Rock Bet"", ""draftkings"", ""theScore Bet""]",0.5,475.0,Hard Rock Bet,,,,,,,,,,0.5,475.0,Hard Rock Bet,The Odds API,"[""Bovada"", ""Hard Rock Bet"", ""theScore Bet""]",ALTLINE_NB_v1_2026-01-18,2.5,130.0,theScore Bet,exp/fallback,3.069,0.5262094703706031,52.6,0.4347826086956521,21.028178185238712,21.0,0.7194444973861566,71.9,1.9213037963721813,1.9,0.5262094703706031,52.6,21.028178185238712,21.0,0.3584238435745263,35.8,50.53801430130104,50.5,0.2309468800556368,23.1,96.30484804729127,96.3,0.5,140.0,theScore Bet,exp/fallback,0.5559999999999999,0.3983218283371466,39.8,0.4166666666666667,-4.402761199084826,-4.4,0.3983218283371466,39.8,-4.402761199084826,-4.4,0.1182841057148909,11.8,6.455695143401807,6.5,0.0303064083265328,3.0,-6.0501341877481245,-6.1,0.0071029595929327,0.7,-73.71904950614892,-73.7,0.5,205.0,Bovada,exp/fallback,0.43,0.3225964876627886,32.3,0.3278688524590163,-1.6080712628494864,-1.6,0.3225964876627886,32.3,-1.6080712628494864,-1.6,0.0828569730084668,8.3,7.71406491100689,7.7,0.0192224104767642,1.9,-34.64380437900169,-34.6,,,,,0.5,575.0,Fanatics,exp/fallback,0.246,0.2091416771349689,20.9,0.1481481481481481,41.170632066104,41.2,0.2091416771349689,20.9,41.170632066104,41.2,,,,,,,,,,,,,0.5,575.0,Fanatics,exp/fallback,0.21225,0.1803106233097614,18.0,0.1481481481481481,21.70967073408897,21.7,0.1803106233097614,18.0,21.70967073408897,21.7,,,,,,,,,,,,,True,False,True,True,False,10.5,,Active roster,2026-10-01T17:24:42+00:00,False,[],2025-2026,,2026-09-24-frozen-v2,2026-10-01T17:24:46.238031+00:00,2026020009,8476462.0,PLAYER_ID,FINAL,1.0,W,OK,0.0,L,OK,6.0,W,OK,1.0,W,OK,1.0,W,OK,0.0,L,OK
2026-10-01,PHI@NJD,2026020009,6:00 PM,2026-10-01T23:00:00Z,Evan Rodrigues,8478542,FLA,True,"{""season"":""2026-27"",""games"":[]}",2026-27,NJD,C,,Healthy,Unknown,,,2.0,0.0,,33.0,21.0,2026-10-01T17:24:18+00:00,PHI,Joseph Woll,,,50.0,Unconfirmed,dailyfaceoff_name_only,28.4,5.0,28.4,5.0,7.0,77.4,71.0,A1+A2,16.99,66.8,73.0,1.09,NONE,False,False,27.24619972829364,2.453460236818624,77.0,46.0,12.0,3.0,True,2.0,1.625,2.2,2.0700000000000003,65.0,4.0,0.0,16.0,0.0,3.0,4.0,10.0,16.0,8.0,13.0,49.0,100.0,LOW,0.4,-0.1,LOW,0.5,,LOW,0.4,,LOW,0.4,,LOW,0.4,,LOW,0.325,,LOW,1.6,,LOW,2.45,,OK,2.5,,1.3714534504027285,0.3265365358101734,,,4.0,2.204333606888696,2.1753775676437086,50.0,34.0,59.5,9.2,5.58,2.42,22.77,1.58,2.42,4.7,WARM,WARM,HOT,3.17,-0.83,COOL,Yellow,Red,Red,Yellow,57.0,62.0,68.0,59.0,GOAL,68.0,1.0,1.0,10.0,2.0,1.0,3.0,,Passenger,10.4,,61.9,,,1.7734299516908212,122.36666666666666,1.7734299516908212,0.10436092790539,10.4,10.4,2.5288749659493326,0.9659493326069192,1.838736039226369,8.246078129806213,7.146846656823455,61.9,69.6,False,,,,🥅 D:10,,False,False,1.0,,False,0.0,,False,0.0,,1.5,-106.0,Bovada,2.5,290.0,Bovada,3.5,725.0,Bovada,4.5,1700.0,Fanatics,1.5,-106.0,Bovada,0.5,210.0,BetRivers,,,,,,,,,,0.5,210.0,BetRivers,,,,,,,,,,,,,,,,0.5,475.0,DraftKings,,,,,,,,,,0.5,475.0,DraftKings,0.5,475.0,DraftKings,,,,,,,,,,0.5,475.0,DraftKings,The Odds API,"[""Bally Bet"", ""BetMGM"", ""BetRivers"", ""Bovada"", ""Caesars"", ""Courtside"", ""DraftKings"", ""FanDuel"", ""Fanatics"", ""Hard Rock Bet"", ""theScore Bet""]",The Odds API,"[""Bally Bet"", ""BetMGM"", ""BetRivers"", ""Bovada"", ""Caesars"", ""Courtside"", ""DraftKings"", ""FanDuel"", ""Fanatics"", ""betrivers""]",The Odds API,"[""Bally Bet"", ""BetRivers""]",The Odds API,"[""Bally Bet"", ""BetOnline.ag"", ""BetRivers"", ""Bovada"", ""Caesars"", ""Courtside"", ""DraftKings"", ""Fanatics"", ""Hard Rock Bet"", ""theScore Bet""]",,,0.5,750.0,Hard Rock Bet,,,,,,,,,,0.5,750.0,Hard Rock Bet,The Odds API,"[""Bovada"", ""Hard Rock Bet"", ""theScore Bet""]",ALTLINE_NB_v1_2026-01-18,1.5,-106.0,Bovada,exp/fallback,2.277,0.5958181358089664,59.6,0.5145631067961165,15.791071676082147,15.8,0.5958181358089664,59.6,15.791071676082147,15.8,0.3788213731934684,37.9,47.74033554545267,47.7,0.2213889601058505,22.1,82.64589208732667,82.6,0.1214480953534393,12.1,118.60657163619086,118.6,0.5,210.0,BetRivers,exp/fallback,0.558,0.3993280209848571,39.9,0.3225806451612903,23.79168650530569,23.8,0.3993280209848571,39.9,23.79168650530569,23.8,,,,,,,,,,,,,,,,exp/fallback,0.317,,,,,,,,,,,,,,,,,,,,,,0.5,475.0,DraftKings,exp/fallback,0.2768,0.2308898903517713,23.1,0.1739130434782608,32.76168695226851,32.8,0.2308898903517713,23.1,32.76168695226851,32.8,,,,,,,,,,,,,0.5,475.0,DraftKings,exp/fallback,0.2623,0.2150968768873674,21.5,0.1739130434782608,23.68070421023628,23.7,0.2150968768873674,21.5,23.68070421023628,23.7,,,,,,,,,,,,,True,True,True,True,False,7.0,,Active roster,2026-10-01T17:24:42+00:00,False,[],2025-2026,,2026-09-24-frozen-v2,2026-10-01T17:24:46.238031+00:00,2026020009,8478542.0,PLAYER_ID,FINAL,0.0,L,OK,0.0,,NO_LINE,1.0,L,OK,0.0,L,OK,0.0,L,OK,0.0,L,OK
2026-10-01,PHI@NJD,2026020009,6:00 PM,2026-10-01T23:00:00Z,Jack Hughes,8481559,NJD,False,"{""season"":""2026-27"",""games"":[]}",2026-27,NJD,C,👑 ELITE,Healthy,Unknown,,,2.0,1.0,🟢 ROLE+,33.0,21.0,2026-10-01T17:24:18+00:00,PHI,Joseph Woll,,,50.0,Unconfirmed,dailyfaceoff_name_only,28.4,5.0,28.4,5.0,17.5,92.5,97.0,A1+A2,21.32,92.5,94.1,1.25,ELITE,True,False,27.24619972829364,2.453460236818624,77.0,46.0,12.0,3.0,True,5.0,4.5,3.6,4.51,98.4,18.0,7.0,46.0,2.0,3.0,11.0,36.0,56.0,21.0,40.0,87.0,151.0,ELITE,1.8,0.3,ELITE,1.8,,ELITE,1.4,,ELITE,1.1,,ELITE,1.05,,ELITE,1.0,,ELITE,4.6,,ELITE,4.35,,STRONG,3.775,,2.022406985329524,0.5778305672370069,,,11.0,2.204333606888696,2.1753775676437086,50.0,34.0,70.5,9.2,16.64,6.63,49.61,-2.87,-2.09,-0.9,COOL,COOL,COOL,13.8,-0.78,COOL,Green,Green,Green,Green,73.0,83.0,90.0,83.0,GOAL,90.0,1.0,1.0,2.0,1.0,3.0,1.0,A,Distributor,13.1,,61.9,,2.0,2.797267759562841,170.63333333333333,2.797267759562841,0.1312311734922771,13.1,13.1,5.8854268411799175,1.177964446180895,5.538191052940027,8.246078129806213,7.146846656823455,61.9,84.5,False,,,,🥅 D:2,🥅 GOAL EARNED,False,True,3.0,"iXG,SOG,REG",False,0.0,,False,0.0,,1.5,-800.0,DraftKings,2.5,-250.0,theScore Bet,3.5,100.0,Hard Rock Bet,4.5,210.0,theScore Bet,3.5,100.0,Hard Rock Bet,0.5,-260.0,theScore Bet,1.5,182.0,BetOnline.ag,2.5,600.0,DraftKings,3.5,1700.0,Fanatics,1.5,182.0,BetOnline.ag,0.5,-105.0,Hard Rock Bet,1.5,425.0,DraftKings,2.5,1500.0,Fanatics,,,,0.5,-105.0,Hard Rock Bet,0.5,154.0,BetMGM,,,,,,,,,,0.5,154.0,BetMGM,0.5,154.0,BetMGM,,,,,,,,,,0.5,154.0,BetMGM,The Odds API,"[""Bally Bet"", ""BetMGM"", ""BetRivers"", ""Bovada"", ""Caesars"", ""Courtside"", ""DraftKings"", ""FanDuel"", ""Fanatics"", ""Hard Rock Bet"", ""fanduel"", ""theScore Bet""]",The Odds API,"[""Bally Bet"", ""BetMGM"", ""BetRivers"", ""Bovada"", ""Caesars"", ""Courtside"", ""DraftKings"", ""FanDuel"", ""Fanatics"", ""betmgm""]",The Odds API,"[""Bally Bet"", ""BetOnline.ag"", ""BetRivers"", ""Bovada"", ""Caesars"", ""Courtside"", ""DraftKings"", ""FanDuel"", ""Fanatics"", ""Hard Rock Bet"", ""draftkings"", ""theScore Bet""]",The Odds API,"[""Bally Bet"", ""BetOnline.ag"", ""BetRivers"", ""Bovada"", ""Caesars"", ""Courtside"", ""DraftKings"", ""FanDuel"", ""Fanatics"", ""Hard Rock Bet"", ""caesars"", ""theScore Bet""]",The Odds API,"[""Bally Bet"", ""BetOnline.ag"", ""BetRivers"", ""Bovada"", ""Courtside"", ""DraftKings"", ""FanDuel"", ""Fanatics"", ""Hard Rock Bet"", ""draftkings"", ""theScore Bet""]",0.5,163.0,BetRivers,1.5,600.0,Bovada,,,,,,,0.5,163.0,BetRivers,The Odds API,"[""Bally Bet"", ""BetRivers"", ""Bovada"", ""FanDuel"", ""Hard Rock Bet"", ""theScore Bet""]",ALTLINE_NB_v1_2026-01-18,3.5,100.0,Hard Rock Bet,exp/fallback,4.961,0.615956741445008,61.6,0.5,23.191348289001603,23.2,0.8723780258698203,87.2,-1.85747208964522,-1.9,0.7506923228707871,75.1,5.096925201910202,5.1,0.615956741445008,61.6,23.191348289001603,23.2,0.4854199002394218,48.5,50.48016907422078,50.5,1.5,182.0,BetOnline.ag,exp/fallback,1.664,0.447145707209579,44.7,0.3546099290780142,26.095089433101293,26.1,0.7305209977477938,73.1,1.1490612266176037,1.1,0.447145707209579,44.7,26.095089433101293,26.1,0.2460036910742637,24.6,72.20258375198465,72.2,0.1261455567543321,12.6,127.06200215779786,127.1,0.5,-105.0,Hard Rock Bet,exp/fallback,1.38,0.6498722033542242,65.0,0.5121951219512195,26.879811131062823,26.9,0.6498722033542242,65.0,26.879811131062823,26.9,0.3639690321286795,36.4,91.08374186755672,91.1,0.1888744864372955,18.9,202.19917829967287,202.2,,,,,0.5,154.0,BetMGM,exp/fallback,0.4452,0.3361605736890153,33.6,0.3937007874015748,-14.615214282990108,-14.6,0.3361605736890153,33.6,-14.615214282990108,-14.6,,,,,,,,,,,,,0.5,154.0,BetMGM,exp/fallback,0.53595,0.3686139825277353,36.9,0.3937007874015748,-6.372048437955213,-6.4,0.3686139825277353,36.9,-6.372048437955213,-6.4,,,,,,,,,,,,,True,True,False,False,True,17.5,,Active roster,2026-10-01T17:24:42+00:00,False,"[{""market"":""Assists"",""name"":""Staff (Green Stance)"",""kind"":""STANCE"",""rule"":""Green + Assists 0.5"",""icon"":""staff.svg"",""kit_version"":""2026-09-24-frozen-v2""},{""market"":""Assists"",""name"":""Staff Awakened"",""kind"":""STANCE"",""rule"":""Green + Assists 0.5 + Conf_Assists ≥ 83"",""icon"":""staff.svg"",""kit_version"":""2026-09-24-frozen-v2""},{""market"":""Assists"",""name"":""Odin's Arcane Orb"",""kind"":""VOLUME"",""rule"":""Green + Assists 0.5 + Conf_Assists ≥ 83 + L40_A ≥ 32"",""icon"":""odins_arcane_orb.svg"",""kit_version"":""2026-09-24-frozen-v2""},{""market"":""Assists"",""name"":""Arcane Channel I"",""kind"":""VOLUME"",""rule"":""Green + Assists 0.5 + Conf_Assists ≥ 83 + PP_Points60 ≥ 5.3"",""icon"":""arcane_channel_i.svg"",""kit_version"":""2026-09-24-frozen-v2""},{""market"":""Assists"",""name"":""Runic Infusion"",""kind"":""VOLUME"",""rule"":""Green + Assists 0.5 + Conf_Assists ≥ 83 + PP_iXA60 ≥ 4.4"",""icon"":""runic_infusion.svg"",""kit_version"":""2026-09-24-frozen-v2""},{""market"":""Assists"",""name"":""Arcane Channel II"",""kind"":""HEAVY"",""rule"":""Green + Assists 0.5 + Conf_Assists ≥ 83 + PP_Points60 ≥ 5.3 + L40_A ≥ 32"",""icon"":""arcane_channel_ii.svg"",""kit_version"":""2026-09-24-frozen-v2""},{""market"":""Assists"",""name"":""Stars Aligned"",""kind"":""HEAVY"",""rule"":""Green + Assists 0.5 + Conf_Assists ≥ 83 + PP_Points60 ≥ 5.3 + L40_A ≥ 32 + StarScore ≤ 96.2"",""icon"":""stars.svg"",""kit_version"":""2026-09-24-frozen-v2""},{""market"":""Assists"",""name"":""Arcane Alignment"",""kind"":""SPECIAL"",""rule"":""Green + Assists 0.5 + Conf_Assists ≥ 83 + PP_Points60 ≥ 5.3 + L40_A ≥ 32 + Exp_P_10 ≤ 22"",""icon"":""odins_arcane_orb.svg"",""kit_version"":""2026-09-24-frozen-v2""},{""market"":""Assists"",""name"":""Odin's Blessing"",""kind"":""SPECIAL"",""rule"":""Green + Assists 0.5 + Conf_Assists ≥ 83 + PP_Points60 ≥ 5.3 + L40_A ≥ 32 + Team_GF_L5 ≤ 18 + Opp_PK_xGA60 ≥ 6.8"",""icon"":""odins-eye.svg"",""kit_version"":""2026-09-24-frozen-v2""},{""market"":""Assists"",""name"":""Arcane Transcendence"",""kind"":""LAB CRIT"",""rule"":""Green + Assists 0.5 + Conf_Assists ≥ 83 + PP_Points60 ≥ 5.3 + L40_A ≥ 32 + Team_GF_L5 ≤ 18 + Opp_PK_xGA60 ≥ 6.8 + Goal_Model% ≤ 37"",""icon"":""magic_mans_transcendence.svg"",""kit_version"":""2026-09-24-frozen-v2""},{""market"":""SOG"",""name"":""Sniper Stance"",""kind"":""STANCE"",""rule"":""Green + SOG 3.5 + Conf_SOG >= 75"",""icon"":""sog_class_shooter.svg"",""kit_version"":""2026-09-24-frozen-v2""}]",2025-2026,,2026-09-24-frozen-v2,2026-10-01T17:24:46.238031+00:00,2026020009,8481559.0,PLAYER_ID,FINAL,1.0,L,OK,0.0,L,OK,5.0,W,OK,1.0,W,OK,1.0,W,OK,0.0,L,OK
2026-10-01,PHI@NJD,2026020009,6:00 PM,2026-10-01T23:00:00Z,Jesper Boqvist,8480003,FLA,True,,2026-27,NJD,C,,Healthy,Unknown,,,2.0,0.0,,33.0,21.0,2026-10-01T17:24:18+00:00,PHI,Joseph Woll,,,50.0,Unconfirmed,dailyfaceoff_name_only,28.4,5.0,28.4,5.0,,60.6,46.6,A1+A2,11.83,26.7,48.9,1.0,NONE,False,False,27.24619972829364,2.453460236818624,77.0,46.0,12.0,3.0,True,,,,,50.0,,,,,,,,,,,,,,,,,,,,,,,,,,,,,,,,,,,,,,,,0.9343975082733113,0.2335993770683278,,,0.0,2.204333606888696,2.1753775676437086,50.0,34.0,49.5,9.2,2.33,1.1,,,,,COOL,COOL,COOL,1.23,,COOL,Red,Red,Red,Red,43.0,46.0,49.0,40.0,GOAL,49.0,,,,,,,,Passenger,3.8,,61.9,,,0.4488584474885844,32.766666666666666,0.4488584474885844,0.0379456100055972,3.8,3.8,2.069175991861648,0.5127161749745677,1.8311291963377416,8.246078129806213,7.146846656823455,61.9,60.6,False,,,,,,False,False,0.0,,False,0.0,,False,0.0,,,,,,,,,,,,,,,,,,,,,,,,,,,,,,,,,,,,,,,,,,,,,,,,,,,,,,,,,,,,,,,,,,,,,,,,,,,,,,,,,,,,,,,,,,,,,,,,,,,,,,,,ALTLINE_NB_v1_2026-01-18,,,,league_avg,2.3,,,,,,,,,,,,,,,,,,,,,,,,,exp/fallback,0.233,,,,,,,,,,,,,,,,,,,,,,,,,exp/fallback,0.123,,,,,,,,,,,,,,,,,,,,,,,,,exp/fallback,0.224,,,,,,,,,,,,,,,,,,,,,,,,,exp/fallback,0.1765,,,,,,,,,,,,,,,,,,,,,,False,False,False,False,False,,,Active roster,2026-10-01T17:24:42+00:00,False,[],2025-2026,,2026-09-24-frozen-v2,2026-10-01T17:24:46.238031+00:00,2026020009,,,NO_PLAYER,,,NO_PLAYER,,,NO_PLAYER,,,NO_PLAYER,,,NO_PLAYER,,,NO_PLAYER,,,NO_PLAYER
2026-10-01,PHI@NJD,2026020009,6:00 PM,2026-10-01T23:00:00Z,Jesper Bratt,8479407,NJD,False,"{""season"":""2026-27"",""games"":[]}",2026-27,NJD,L,,Healthy,Unknown,,,2.0,1.0,🟢 ROLE+,33.0,21.0,2026-10-01T17:24:18+00:00,PHI,Joseph Woll,,,50.0,Unconfirmed,dailyfaceoff_name_only,28.4,5.0,28.4,5.0,7.0,89.0,96.5,A1+A2,18.76,80.6,89.9,1.16,NONE,False,False,27.24619972829364,2.453460236818624,77.0,46.0,12.0,3.0,True,2.0,1.875,2.2,2.0700000000000003,65.0,11.0,3.0,21.0,2.0,1.0,8.0,26.0,38.0,17.0,25.0,38.0,78.0,STRONG,1.1,0.6,ELITE,1.3,,GOOD,0.95,,STRONG,0.8,,STRONG,0.85,,GOOD,0.625,,LOW,2.1,,LOW,1.9,,LOW,1.95,,1.807436309387193,0.8262565985770025,,,8.0,2.204333606888696,2.1753775676437086,50.0,34.0,67.8,9.2,10.97,3.34,22.77,-1.03,0.04,-0.3,COOL,COOL,COOL,7.62,-1.07,COOL,Green,Red,Red,Yellow,69.0,71.0,77.0,80.0,ASSISTS,80.0,2.0,2.0,2.0,1.0,1.0,7.0,A,Distributor,14.8,,61.9,,2.0,2.77479674796748,227.53333333333333,2.77479674796748,0.1478833571645219,14.8,14.8,3.383899794901846,0.63814825666569,3.230295927336654,8.246078129806213,7.146846656823455,61.9,84.0,False,,,,🅰️ D:2,,False,False,1.0,,False,0.0,,False,0.0,,1.5,-165.0,BetRivers,2.5,140.0,theScore Bet,3.5,360.0,theScore Bet,4.5,900.0,Fanatics,2.5,140.0,theScore Bet,0.5,-165.0,Hard Rock Bet,1.5,300.0,FanDuel,2.5,1000.0,DraftKings,3.5,3000.0,Fanatics,0.5,-165.0,Hard Rock Bet,0.5,115.0,Hard Rock Bet,1.5,650.0,Bovada,2.5,2200.0,Fanatics,,,,0.5,115.0,Hard Rock Bet,0.5,255.0,DraftKings,,,,,,,,,,0.5,255.0,DraftKings,0.5,255.0,DraftKings,,,,,,,,,,0.5,255.0,DraftKings,The Odds API,"[""Bally Bet"", ""BetMGM"", ""BetRivers"", ""Bovada"", ""Caesars"", ""Courtside"", ""DraftKings"", ""FanDuel"", ""Fanatics"", ""Hard Rock Bet"", ""fanduel"", ""theScore Bet""]",The Odds API,"[""Bally Bet"", ""BetMGM"", ""BetRivers"", ""Bovada"", ""Caesars"", ""Courtside"", ""DraftKings"", ""FanDuel"", ""Fanatics"", ""fanatics""]",The Odds API,"[""Bally Bet"", ""BetOnline.ag"", ""BetRivers"", ""Bovada"", ""Caesars"", ""Courtside"", ""DraftKings"", ""FanDuel"", ""Fanatics"", ""Hard Rock Bet"", ""draftkings"", ""theScore Bet""]",The Odds API,"[""Bally Bet"", ""BetOnline.ag"", ""BetRivers"", ""Bovada"", ""Caesars"", ""Courtside"", ""DraftKings"", ""FanDuel"", ""Fanatics"", ""Hard Rock Bet"", ""draftkings"", ""theScore Bet""]",The Odds API,"[""Bally Bet"", ""BetOnline.ag"", ""BetRivers"", ""Bovada"", ""Courtside"", ""DraftKings"", ""FanDuel"", ""Fanatics"", ""Hard Rock Bet"", ""draftkings"", ""theScore Bet""]",0.5,215.0,BetRivers,1.5,800.0,Bovada,,,,,,,0.5,215.0,BetRivers,The Odds API,"[""Bally Bet"", ""BetRivers"", ""Bovada"", ""FanDuel"", ""Hard Rock Bet"", ""theScore Bet""]",ALTLINE_NB_v1_2026-01-18,2.5,140.0,theScore Bet,exp/fallback,2.277,0.3788213731934684,37.9,0.4166666666666667,-9.08287043356758,-9.1,0.5958181358089664,59.6,-4.307996370075095,-4.3,0.3788213731934684,37.9,-9.08287043356758,-9.1,0.2213889601058505,22.1,1.8389216486912383,1.8,0.1214480953534393,12.1,21.448095353439367,21.4,0.5,-165.0,Hard Rock Bet,exp/fallback,1.097,0.6048164510288433,60.5,0.6226415094339622,-2.8628124105191057,-2.9,0.6048164510288433,60.5,-2.8628124105191057,-2.9,0.2915707750858114,29.2,16.628310034324567,16.6,0.1239703618527345,12.4,36.367398038008034,36.4,0.0486887378445538,4.9,50.93508731811694,50.9,0.5,115.0,Hard Rock Bet,exp/fallback,0.762,0.4756604188109971,47.6,0.4651162790697674,2.26699004436437,2.3,0.4756604188109971,47.6,2.26699004436437,2.3,0.1863434304938209,18.6,39.75757287036572,39.8,0.0666152199049243,6.7,53.21500578132603,53.2,,,,,0.5,255.0,DraftKings,exp/fallback,0.3136,0.2557923441438392,25.6,0.2816901408450704,-9.193717828937077,-9.2,0.2557923441438392,25.6,-9.193717828937077,-9.2,,,,,,,,,,,,,0.5,255.0,DraftKings,exp/fallback,0.3221,0.2535707971903013,25.4,0.2816901408450704,-9.982366997443048,-10.0,0.2535707971903013,25.4,-9.982366997443048,-10.0,,,,,,,,,,,,,False,False,False,False,False,7.0,,Active roster,2026-10-01T17:24:42+00:00,False,[],2025-2026,,2026-09-24-frozen-v2,2026-10-01T17:24:46.238031+00:00,2026020009,8479407.0,PLAYER_ID,FINAL,1.0,W,OK,1.0,W,OK,6.0,W,OK,0.0,L,OK,0.0,L,OK,0.0,L,OK
2026-10-01,PHI@NJD,2026020009,6:00 PM,2026-10-01T23:00:00Z,Jonas Siegenthaler,8478399,NJD,False,,2026-27,NJD,D,,Healthy,Unknown,,,2.0,1.0,🟢 ROLE+,33.0,21.0,2026-10-01T17:24:18+00:00,PHI,Joseph Woll,,,50.0,Unconfirmed,dailyfaceoff_name_only,28.4,5.0,28.4,5.0,,39.0,63.9,A1+A2,19.48,85.1,56.9,1.03,NONE,False,False,27.24619972829364,2.453460236818624,77.0,46.0,12.0,3.0,True,,,,,50.0,,,,,,,,,,,,,,,,,,,,,,,,,,,,,,,,,,,,,,,,0.4689942678478374,0.0852716850632431,,,0.0,2.204333606888696,2.1753775676437086,50.0,34.0,37.5,9.2,2.46,0.45,,,,,COOL,COOL,COOL,2.01,,COOL,Red,Red,Red,Red,59.0,41.0,41.0,52.0,POINTS,59.0,,,,,,,C,Passenger,0.2,,61.9,,0.0,0.0388211382113821,3.183333333333333,0.0388211382113821,0.0019930712079472,0.2,0.2,0.0,0.0,0.0,8.246078129806213,7.146846656823455,61.9,32.3,False,,,,,,False,False,0.0,,False,0.0,,False,0.0,,,,,,,,,,,,,,,,,,,,,,,,,,,,,,,,,,,,,,,,,,,,,,,0.5,1900.0,Fanatics,,,,,,,,,,0.5,1900.0,Fanatics,0.5,1900.0,Fanatics,,,,,,,,,,0.5,1900.0,Fanatics,The Odds API,"[""Bally Bet"", ""BetMGM"", ""BetRivers"", ""Bovada"", ""Caesars"", ""Courtside"", ""DraftKings"", ""FanDuel"", ""Fanatics"", ""Hard Rock Bet"", ""theScore Bet""]",The Odds API,"[""Bally Bet"", ""BetMGM"", ""BetRivers"", ""Bovada"", ""Caesars"", ""Courtside"", ""DraftKings"", ""FanDuel"", ""Fanatics"", ""fanatics""]",,,,,,,,,,,,,,,,,,,,,,,,ALTLINE_NB_v1_2026-01-18,,,,league_avg,2.3,,,,,,,,,,,,,,,,,,,,,,,,,exp/fallback,0.246,,,,,,,,,,,,,,,,,,,,,,,,,exp/fallback,0.2009999999999999,,,,,,,,,,,,,,,,,,,,,,0.5,1900.0,Fanatics,exp/fallback,0.1979999999999999,0.1734956220653994,17.3,0.05,246.9912441307989,247.0,0.1734956220653994,17.3,246.9912441307989,247.0,,,,,,,,,,,,,0.5,1900.0,Fanatics,exp/fallback,0.1342499999999999,0.1207732178008296,12.1,0.05,141.54643560165923,141.5,0.1207732178008296,12.1,141.54643560165923,141.5,,,,,,,,,,,,,False,False,True,True,False,,,Active roster,2026-10-01T17:24:42+00:00,False,[],2025-2026,,2026-09-24-frozen-v2,2026-10-01T17:24:46.238031+00:00,2026020009,8478399.0,PLAYER_ID,FINAL,0.0,,NO_LINE,0.0,,NO_LINE,0.0,,NO_LINE,0.0,L,OK,0.0,L,OK,0.0,,NO_LINE
2026-10-01,PHI@NJD,2026020009,6:00 PM,2026-10-01T23:00:00Z,Luke Evangelista,8482146,NSH,True,"{""season"":""2026-27"",""games"":[]}",2026-27,NJD,R,,Healthy,Unknown,,,2.0,0.0,,33.0,21.0,2026-10-01T17:24:18+00:00,PHI,Joseph Woll,,,50.0,Unconfirmed,dailyfaceoff_name_only,28.4,5.0,28.4,5.0,8.8,86.1,95.3,A1+A2,16.62,62.9,84.7,1.14,NONE,False,False,27.24619972829364,2.453460236818624,77.0,46.0,12.0,3.0,True,2.5,2.375,2.0,2.325,74.0,6.0,2.0,25.0,2.0,3.0,4.0,9.0,25.0,6.0,19.0,46.0,83.0,OK,0.6,0.1,LOW,0.45,,OK,0.625,,LOW,0.4,,LOW,0.3,,OK,0.475,,OK,2.5,,LOW,2.3,,LOW,2.075,,1.7556304309274695,0.9576165986877104,,,4.0,2.204333606888696,2.1753775676437086,50.0,34.0,66.9,9.2,9.81,3.0,25.58,2.92,0.73,-1.75,HOT,COOL,COOL,6.81,2.19,WARM,Green,Red,Yellow,Yellow,75.0,68.0,72.0,74.0,POINTS,75.0,0.0,0.0,1.0,0.0,1.0,0.0,,Passenger,12.6,,61.9,,,2.093621399176955,169.58333333333334,2.093621399176955,0.1259515999257287,12.6,12.6,4.955970515970516,0.8208353808353808,4.864864864864865,8.246078129806213,7.146846656823455,61.9,83.2,False,,,,🅿️ D:0,,False,False,0.0,,False,0.0,,False,0.0,,1.5,-180.0,BetRivers,2.5,155.0,Bovada,3.5,375.0,Fanatics,4.5,900.0,Fanatics,2.5,155.0,Bovada,0.5,105.0,Bovada,1.5,550.0,Bovada,2.5,1800.0,BetOnline.ag,3.5,4500.0,BetOnline.ag,0.5,105.0,Bovada,0.5,180.0,Bovada,1.5,1000.0,DraftKings,2.5,4500.0,Fanatics,,,,0.5,180.0,Bovada,0.5,290.0,BetMGM,,,,,,,,,,0.5,290.0,BetMGM,0.5,290.0,BetMGM,,,,,,,,,,0.5,290.0,BetMGM,The Odds API,"[""Bally Bet"", ""BetMGM"", ""BetRivers"", ""Bovada"", ""Caesars"", ""Courtside"", ""DraftKings"", ""FanDuel"", ""Fanatics"", ""Hard Rock Bet"", ""theScore Bet""]",The Odds API,"[""Bally Bet"", ""BetMGM"", ""BetRivers"", ""Bovada"", ""Caesars"", ""Courtside"", ""DraftKings"", ""FanDuel"", ""Fanatics"", ""betmgm""]",The Odds API,"[""Bally Bet"", ""BetOnline.ag"", ""BetRivers"", ""Bovada"", ""Caesars"", ""Courtside"", ""DraftKings"", ""Fanatics"", ""Hard Rock Bet"", ""draftkings"", ""theScore Bet""]",The Odds API,"[""Bally Bet"", ""BetOnline.ag"", ""BetRivers"", ""Bovada"", ""Caesars"", ""Courtside"", ""DraftKings"", ""FanDuel"", ""Fanatics"", ""Hard Rock Bet"", ""fanduel"", ""theScore Bet""]",The Odds API,"[""Bally Bet"", ""BetOnline.ag"", ""BetRivers"", ""Bovada"", ""Courtside"", ""DraftKings"", ""Fanatics"", ""Hard Rock Bet"", ""draftkings"", ""theScore Bet""]",0.5,280.0,FanDuel,,,,,,,,,,0.5,280.0,FanDuel,The Odds API,"[""Bally Bet"", ""BetRivers"", ""FanDuel"", ""Hard Rock Bet"", ""theScore Bet""]",ALTLINE_NB_v1_2026-01-18,2.5,155.0,Bovada,exp/fallback,2.558,0.4350712574045166,43.5,0.392156862745098,10.943170638151734,10.9,0.6456490513390754,64.6,0.4342968749672771,0.4,0.4350712574045166,43.5,10.943170638151734,10.9,0.2707961744875902,27.1,28.628182881605333,28.6,0.1586617724324482,15.9,58.66177243244827,58.7,0.5,105.0,Bovada,exp/fallback,0.981,0.5697259038498059,57.0,0.4878048780487805,16.79381028921022,16.8,0.5697259038498059,57.0,16.79381028921022,16.8,0.2555122675500029,25.6,66.08297390750188,66.1,0.1006275281918146,10.1,91.1923035644478,91.2,0.0365337130213698,3.7,68.05507989830141,68.1,0.5,180.0,Bovada,exp/fallback,0.6809999999999999,0.4434984691338512,44.3,0.3571428571428571,24.17957135747836,24.2,0.4434984691338512,44.3,24.17957135747836,24.2,0.160784897690474,16.1,76.86338745952139,76.9,0.053066914389687,5.3,144.1078061925603,144.1,,,,,0.5,290.0,BetMGM,exp/fallback,0.3,0.2467225904631151,24.7,0.2564102564102564,-3.7781897193850833,-3.8,0.2467225904631151,24.7,-3.7781897193850833,-3.8,,,,,,,,,,,,,0.5,290.0,BetMGM,exp/fallback,0.3,0.2397219477866735,24.0,0.2564102564102564,-6.508440363197321,-6.5,0.2397219477866735,24.0,-6.508440363197321,-6.5,,,,,,,,,,,,,True,True,False,False,True,8.8,,Active roster,2026-10-01T17:24:42+00:00,False,[],2025-2026,,2026-09-24-frozen-v2,2026-10-01T17:24:46.238031+00:00,2026020009,8482146.0,PLAYER_ID,FINAL,1.0,W,OK,1.0,W,OK,4.0,W,OK,0.0,L,OK,0.0,L,OK,0.0,L,OK
2026-10-01,PHI@NJD,2026020009,6:00 PM,2026-10-01T23:00:00Z,Luke Hughes,8482684,NJD,False,"{""season"":""2026-27"",""games"":[]}",2026-27,NJD,D,,Healthy,Unknown,,,2.0,1.0,🟢 ROLE+,33.0,21.0,2026-10-01T17:24:18+00:00,PHI,Joseph Woll,,,50.0,Unconfirmed,dailyfaceoff_name_only,28.4,5.0,28.4,5.0,5.3,63.3,84.1,A1+A2,23.01,97.2,77.4,1.11,NONE,False,False,27.24619972829364,2.453460236818624,77.0,46.0,12.0,3.0,True,1.5,1.875,2.2,1.745,51.2,3.0,0.0,19.0,0.0,1.0,3.0,9.0,21.0,8.0,16.0,46.0,88.0,LOW,0.3,-0.2,LOW,0.45,,LOW,0.525,,LOW,0.3,,LOW,0.4,,LOW,0.4,,LOW,1.9,,LOW,2.3,,LOW,2.2,,0.8746914922185706,0.3222547602910523,,,3.0,2.204333606888696,2.1753775676437086,50.0,34.0,47.8,9.2,6.19,1.46,17.45,3.19,1.46,-1.55,HOT,COOL,COOL,5.2,1.73,WARM,Yellow,Red,Red,Yellow,79.0,56.0,62.0,70.0,POINTS,79.0,4.0,4.0,10.0,0.0,2.0,4.0,B,Distributor,8.3,,61.9,,1.0,1.9120098039215687,130.01666666666668,1.9120098039215687,0.0830901305838996,8.3,8.3,4.40481989488527,0.6783745673631585,4.384053326496602,8.246078129806213,7.146846656823455,61.9,77.2,False,,,,🅿️ D:4,,False,False,1.0,,False,0.0,,False,0.0,,1.5,-148.0,BetRivers,2.5,170.0,theScore Bet,3.5,450.0,theScore Bet,4.5,950.0,Fanatics,2.5,170.0,theScore Bet,0.5,106.0,BetOnline.ag,1.5,550.0,Fanatics,2.5,2200.0,Fanatics,3.5,4100.0,BetOnline.ag,0.5,106.0,BetOnline.ag,0.5,150.0,BetOnline.ag,1.5,850.0,DraftKings,2.5,4000.0,Fanatics,,,,0.5,150.0,BetOnline.ag,0.5,550.0,DraftKings,,,,,,,,,,0.5,550.0,DraftKings,0.5,550.0,DraftKings,,,,,,,,,,0.5,550.0,DraftKings,The Odds API,"[""Bally Bet"", ""BetMGM"", ""BetRivers"", ""Bovada"", ""Caesars"", ""Courtside"", ""DraftKings"", ""FanDuel"", ""Fanatics"", ""Hard Rock Bet"", ""theScore Bet""]",The Odds API,"[""Bally Bet"", ""BetMGM"", ""BetRivers"", ""Bovada"", ""Caesars"", ""Courtside"", ""DraftKings"", ""FanDuel"", ""Fanatics"", ""betrivers""]",The Odds API,"[""Bally Bet"", ""BetOnline.ag"", ""BetRivers"", ""Bovada"", ""Caesars"", ""Courtside"", ""DraftKings"", ""Fanatics"", ""Hard Rock Bet"", ""draftkings"", ""theScore Bet""]",The Odds API,"[""Bally Bet"", ""BetOnline.ag"", ""BetRivers"", ""Bovada"", ""Caesars"", ""Courtside"", ""DraftKings"", ""FanDuel"", ""Fanatics"", ""Hard Rock Bet"", ""fanduel"", ""theScore Bet""]",The Odds API,"[""Bally Bet"", ""BetOnline.ag"", ""BetRivers"", ""Bovada"", ""Courtside"", ""DraftKings"", ""Fanatics"", ""Hard Rock Bet"", ""draftkings"", ""theScore Bet""]",0.5,260.0,BetRivers,1.5,900.0,Bovada,,,,,,,0.5,260.0,BetRivers,The Odds API,"[""Bally Bet"", ""BetRivers"", ""Bovada"", ""FanDuel"", ""Hard Rock Bet"", ""theScore Bet""]",ALTLINE_NB_v1_2026-01-18,2.5,170.0,theScore Bet,exp/fallback,1.745,0.2626521591448845,26.3,0.3703703703703703,-29.08391703088119,-29.1,0.4794678105873952,47.9,-19.65674525292297,-19.7,0.2626521591448845,26.3,-29.08391703088119,-29.1,0.1309399531336813,13.1,-27.98302577647525,-28.0,0.0609284389288576,6.1,-36.02513912469944,-36.0,0.5,106.0,BetOnline.ag,exp/fallback,0.619,0.4289560409956926,42.9,0.4854368932038835,-11.63505555488732,-11.6,0.4289560409956926,42.9,-11.63505555488732,-11.6,0.1384236688067588,13.8,-10.024615275606765,-10.0,0.0386483115472008,3.9,-11.108883441438088,-11.1,0.0098825453191064,1.0,-58.49330965975277,-58.5,0.5,150.0,BetOnline.ag,exp/fallback,0.52,0.3701184177374653,37.0,0.4,-7.470395565633659,-7.5,0.3701184177374653,37.0,-7.470395565633659,-7.5,0.1101672885497526,11.0,4.658924122265029,4.7,0.0297062247535558,3.0,21.79552148957914,21.8,,,,,0.5,550.0,DraftKings,exp/fallback,0.20264,0.1770384946748436,17.7,0.1538461538461538,15.07502153864838,15.1,0.1770384946748436,17.7,15.07502153864838,15.1,,,,,,,,,,,,,0.5,550.0,DraftKings,exp/fallback,0.1699149999999999,0.1488527812679871,14.9,0.1538461538461538,-3.2456921758083346,-3.2,0.1488527812679871,14.9,-3.2456921758083346,-3.2,,,,,,,,,,,,,False,False,True,False,False,5.3,,Active roster,2026-10-01T17:24:42+00:00,False,[],2025-2026,,2026-09-24-frozen-v2,2026-10-01T17:24:46.238031+00:00,2026020009,8482684.0,PLAYER_ID,FINAL,1.0,W,OK,0.0,L,OK,5.0,W,OK,1.0,W,OK,1.0,W,OK,0.0,L,OK
2026-10-01,PHI@NJD,2026020009,6:00 PM,2026-10-01T23:00:00Z,Nico Hischier,8480002,NJD,False,"{""season"":""2026-27"",""games"":[]}",2026-27,NJD,C,⭐ STAR,Healthy,Unknown,,,2.0,1.0,🟢 ROLE+,33.0,21.0,2026-10-01T17:24:18+00:00,PHI,Joseph Woll,,,50.0,Unconfirmed,dailyfaceoff_name_only,28.4,5.0,28.4,5.0,8.8,97.4,92.1,A1+A2,20.72,90.6,94.2,1.21,STAR,False,True,27.24619972829364,2.453460236818624,77.0,46.0,12.0,3.0,True,2.5,1.875,2.2,2.395,74.8,10.0,2.0,20.0,2.0,2.0,8.0,21.0,34.0,13.0,18.0,45.0,102.0,STRONG,1.0,0.5,STRONG,1.05,,GOOD,0.85,,STRONG,0.8,,GOOD,0.65,,OK,0.45,,LOW,2.0,,LOW,2.25,,OK,2.55,,1.4658975229046487,0.5374957583983713,,,8.0,2.204333606888696,2.1753775676437086,50.0,34.0,61.2,9.2,11.19,5.0,26.35,0.17,2.55,3.95,COOL,HOT,HOT,6.18,-2.38,COOL,Green,Red,Green,Yellow,68.0,78.0,82.0,79.0,GOAL,82.0,1.0,1.0,1.0,1.0,3.0,1.0,A,Hybrid,13.8,,61.9,,2.0,2.8646341463414635,234.9,2.8646341463414635,0.1382767890430312,13.8,13.8,4.981481481481481,2.756066411238825,2.6181353767560664,8.246078129806213,7.146846656823455,61.9,80.4,False,,,,🥅 D:1,,False,False,2.0,,False,0.0,,False,0.0,,1.5,-235.0,Bovada,2.5,132.0,Bovada,3.5,330.0,Bovada,4.5,725.0,Bovada,2.5,132.0,Bovada,0.5,-132.0,theScore Bet,1.5,375.0,theScore Bet,2.5,1200.0,Fanatics,3.5,4000.0,Fanatics,0.5,-132.0,theScore Bet,0.5,150.0,Bovada,1.5,800.0,Bovada,2.5,3500.0,Fanatics,,,,0.5,150.0,Bovada,0.5,215.0,DraftKings,,,,,,,,,,0.5,215.0,DraftKings,0.5,215.0,DraftKings,,,,,,,,,,0.5,215.0,DraftKings,The Odds API,"[""Bally Bet"", ""BetMGM"", ""BetRivers"", ""Bovada"", ""Caesars"", ""Courtside"", ""DraftKings"", ""FanDuel"", ""Fanatics"", ""Hard Rock Bet"", ""fanduel"", ""theScore Bet""]",The Odds API,"[""Bally Bet"", ""BetMGM"", ""BetRivers"", ""Bovada"", ""Caesars"", ""Courtside"", ""DraftKings"", ""FanDuel"", ""Fanatics"", ""betmgm""]",The Odds API,"[""Bally Bet"", ""BetOnline.ag"", ""BetRivers"", ""Bovada"", ""Caesars"", ""Courtside"", ""DraftKings"", ""FanDuel"", ""Fanatics"", ""Hard Rock Bet"", ""draftkings"", ""theScore Bet""]",The Odds API,"[""Bally Bet"", ""BetOnline.ag"", ""BetRivers"", ""Bovada"", ""Caesars"", ""Courtside"", ""DraftKings"", ""FanDuel"", ""Fanatics"", ""Hard Rock Bet"", ""caesars"", ""theScore Bet""]",The Odds API,"[""Bally Bet"", ""BetOnline.ag"", ""BetRivers"", ""Bovada"", ""Courtside"", ""DraftKings"", ""FanDuel"", ""Fanatics"", ""Hard Rock Bet"", ""draftkings"", ""theScore Bet""]",0.5,290.0,BetRivers,,,,,,,,,,0.5,290.0,BetRivers,The Odds API,"[""Bally Bet"", ""BetRivers"", ""Bovada"", ""FanDuel"", ""Hard Rock Bet"", ""theScore Bet""]",ALTLINE_NB_v1_2026-01-18,2.5,132.0,Bovada,exp/fallback,2.635,0.4497422039356152,45.0,0.4310344827586206,4.340191313062746,4.3,0.6580740399137213,65.8,-6.189445374001434,-6.2,0.4497422039356152,45.0,4.340191313062746,4.3,0.2842698941233139,28.4,22.236054473025,22.2,0.1692685092518784,16.9,39.6465201327997,39.6,0.5,-132.0,theScore Bet,exp/fallback,1.119,0.6110316923592174,61.1,0.5689655172413793,7.393448960104876,7.4,0.6110316923592174,61.1,7.393448960104876,7.4,0.2982694775422478,29.8,41.67800183256774,41.7,0.12851622068411,12.9,67.07108688934308,67.1,0.0511687984344458,5.1,109.79207358122812,109.8,0.5,150.0,Bovada,exp/fallback,0.618,0.4163927116787405,41.6,0.4,4.09817791968512,4.1,0.4163927116787405,41.6,4.09817791968512,4.1,0.1408623035942955,14.1,26.77607323486597,26.8,0.0433005433596582,4.3,55.88195609476978,55.9,,,,,0.5,215.0,DraftKings,exp/fallback,0.38,0.2979487737020515,29.8,0.3174603174603174,-6.146136283853776,-6.1,0.2979487737020515,29.8,-6.146136283853776,-6.1,,,,,,,,,,,,,0.5,215.0,DraftKings,exp/fallback,0.43,0.3155800969280035,31.6,0.3174603174603174,-0.5922694676789075,-0.6,0.3155800969280035,31.6,-0.5922694676789075,-0.6,,,,,,,,,,,,,False,False,False,False,False,8.8,,Active roster,2026-10-01T17:24:42+00:00,False,[],2025-2026,,2026-09-24-frozen-v2,2026-10-01T17:24:46.238031+00:00,2026020009,8480002.0,PLAYER_ID,FINAL,0.0,L,OK,0.0,L,OK,2.0,L,OK,0.0,L,OK,0.0,L,OK,0.0,L,OK
2026-10-01,PHI@NJD,2026020009,6:00 PM,2026-10-01T23:00:00Z,Stefan Noesen,8476474,NJD,False,,2026-27,NJD,R,,Healthy,Unknown,,,2.0,0.0,,33.0,21.0,2026-10-01T17:24:18+00:00,PHI,Joseph Woll,,,50.0,Unconfirmed,dailyfaceoff_name_only,28.4,5.0,28.4,5.0,,60.2,31.9,A1+A2,11.75,26.1,43.5,0.97,NONE,False,False,27.24619972829364,2.453460236818624,77.0,46.0,12.0,3.0,True,,,,,50.0,,,,,,,,,,,,,,,,,,,,,,,,,,,,,,,,,,,,,,,,0.6389492834006301,0.319474641700315,,,0.0,2.204333606888696,2.1753775676437086,50.0,34.0,40.6,9.2,3.07,2.04,,,,,COOL,COOL,COOL,1.03,,COOL,Red,Red,Red,Red,35.0,46.0,52.0,32.0,GOAL,52.0,,,,,,,C,Passenger,12.9,,61.9,,0.0,1.5157894736842106,57.6,1.5157894736842106,0.128955223880597,12.9,12.9,4.515625,3.1875,1.5624999999999998,8.246078129806213,7.146846656823455,61.9,72.2,False,,,,,,False,False,0.0,,False,0.0,,False,0.0,,,,,,,,,,,,,,,,,,,,,,,,,,,,,,,,,,,,,,,,,,,,,,,0.5,850.0,FanDuel,,,,,,,,,,0.5,850.0,FanDuel,0.5,850.0,FanDuel,,,,,,,,,,0.5,850.0,FanDuel,The Odds API,"[""BetMGM"", ""Bovada"", ""Caesars"", ""Courtside"", ""DraftKings"", ""FanDuel"", ""Fanatics"", ""Hard Rock Bet"", ""theScore Bet""]",The Odds API,"[""BetMGM"", ""Bovada"", ""Caesars"", ""Courtside"", ""DraftKings"", ""FanDuel"", ""Fanatics"", ""fanduel""]",,,,,,,,,,,,,,,,,,,,,,,,ALTLINE_NB_v1_2026-01-18,,,,league_avg,2.3,,,,,,,,,,,,,,,,,,,,,,,,,exp/fallback,0.307,,,,,,,,,,,,,,,,,,,,,,,,,exp/fallback,0.103,,,,,,,,,,,,,,,,,,,,,,0.5,850.0,FanDuel,exp/fallback,0.2616,0.2202631009280421,22.0,0.1052631578947368,109.24994588164,109.2,0.2202631009280421,22.0,109.24994588164,109.2,,,,,,,,,,,,,0.5,850.0,FanDuel,exp/fallback,0.2376,0.198240615333179,19.8,0.1052631578947368,88.3285845665201,88.3,0.198240615333179,19.8,88.3285845665201,88.3,,,,,,,,,,,,,False,False,True,True,False,,,Active roster,2026-10-01T17:24:42+00:00,False,[],2025-2026,,2026-09-24-frozen-v2,2026-10-01T17:24:46.238031+00:00,2026020009,8476474.0,PLAYER_ID,FINAL,0.0,,NO_LINE,0.0,,NO_LINE,0.0,,NO_LINE,0.0,L,OK,0.0,L,OK,0.0,,NO_LINE
2026-10-01,PHI@NJD,2026020009,6:00 PM,2026-10-01T23:00:00Z,Timo Meier,8478414,NJD,False,"{""season"":""2026-27"",""games"":[]}",2026-27,NJD,R,,Healthy,Unknown,,,2.0,1.0,🟢 ROLE+,33.0,21.0,2026-10-01T17:24:18+00:00,PHI,Joseph Woll,,,50.0,Unconfirmed,dailyfaceoff_name_only,28.4,5.0,28.4,5.0,10.5,98.9,71.0,A1+A2,18.52,79.2,85.2,1.14,NONE,False,False,27.24619972829364,2.453460236818624,77.0,46.0,12.0,3.0,True,3.0,2.75,2.6,2.8600000000000003,84.1,7.0,2.0,31.0,0.0,2.0,5.0,13.0,19.0,6.0,7.0,66.0,145.0,OK,0.7,0.2,OK,0.65,,LOW,0.475,,OK,0.5,,LOW,0.3,,LOW,0.175,,GOOD,3.1,,GOOD,3.3,,STRONG,3.625,,1.4087065893368738,0.4527985465725666,,,5.0,2.204333606888696,2.1753775676437086,50.0,34.0,60.3,9.2,8.14,5.69,31.46,1.14,3.17,-2.4,COOL,HOT,COOL,2.96,-2.04,COOL,Yellow,Yellow,Green,Yellow,59.0,80.0,89.0,64.0,GOAL,89.0,1.0,1.0,5.0,1.0,0.0,10.0,A,Shooter,10.1,,61.9,,2.0,1.8686147186147184,143.88333333333333,1.8686147186147184,0.1009176456835583,10.1,10.1,4.3816749681454885,3.0524730684582417,1.5637669408085253,8.246078129806213,7.146846656823455,61.9,68.5,False,,,,🥅 D:5,,False,False,2.0,,False,0.0,,False,0.0,,1.5,-333.0,BetOnline.ag,2.5,-113.0,BetRivers,3.5,185.0,FanDuel,4.5,415.0,FanDuel,2.5,-113.0,BetRivers,0.5,100.0,theScore Bet,1.5,500.0,theScore Bet,2.5,1900.0,Fanatics,3.5,4200.0,BetOnline.ag,0.5,100.0,theScore Bet,0.5,270.0,Bovada,1.5,1700.0,Fanatics,2.5,3300.0,Bovada,,,,0.5,270.0,Bovada,0.5,220.0,BetMGM,,,,,,,,,,0.5,220.0,BetMGM,0.5,220.0,BetMGM,,,,,,,,,,0.5,220.0,BetMGM,The Odds API,"[""Bally Bet"", ""BetMGM"", ""BetRivers"", ""Bovada"", ""Caesars"", ""Courtside"", ""DraftKings"", ""FanDuel"", ""Fanatics"", ""Hard Rock Bet"", ""fanduel"", ""theScore Bet""]",The Odds API,"[""Bally Bet"", ""BetMGM"", ""BetRivers"", ""Bovada"", ""Caesars"", ""Courtside"", ""DraftKings"", ""FanDuel"", ""Fanatics"", ""betmgm""]",The Odds API,"[""Bally Bet"", ""BetOnline.ag"", ""BetRivers"", ""Bovada"", ""Caesars"", ""Courtside"", ""DraftKings"", ""Fanatics"", ""Hard Rock Bet"", ""draftkings"", ""theScore Bet""]",The Odds API,"[""Bally Bet"", ""BetOnline.ag"", ""BetRivers"", ""Bovada"", ""Caesars"", ""Courtside"", ""DraftKings"", ""FanDuel"", ""Fanatics"", ""Hard Rock Bet"", ""fanduel"", ""theScore Bet""]",The Odds API,"[""Bally Bet"", ""BetOnline.ag"", ""BetRivers"", ""Bovada"", ""Courtside"", ""DraftKings"", ""Fanatics"", ""Hard Rock Bet"", ""draftkings"", ""theScore Bet""]",0.5,510.0,BetRivers,,,,,,,,,,0.5,510.0,BetRivers,The Odds API,"[""Bally Bet"", ""BetRivers"", ""Bovada"", ""Hard Rock Bet"", ""theScore Bet""]",ALTLINE_NB_v1_2026-01-18,2.5,-113.0,BetRivers,exp/fallback,3.146,0.5386744414798179,53.9,0.5305164319248826,1.5377487037178894,1.5,0.7289483900168233,72.9,-5.21481895577042,-5.2,0.5386744414798179,53.9,1.5377487037178894,1.5,0.3711396410047496,37.1,5.774797686353638,5.8,0.2420656354050451,24.2,24.663802233598243,24.7,0.5,100.0,theScore Bet,exp/fallback,0.8140000000000001,0.511409775045764,51.1,0.5,2.281955009152803,2.3,0.511409775045764,51.1,2.281955009152803,2.3,0.201881840488407,20.2,21.129104293044243,21.1,0.0695212492808891,7.0,39.04249856177818,39.0,0.0220050778244946,2.2,-5.378165354672881,-5.4,0.5,270.0,Bovada,exp/fallback,0.296,0.2412193907902242,24.1,0.2702702702702703,-10.748825407617025,-10.7,0.2412193907902242,24.1,-10.748825407617025,-10.7,0.0455756100183658,4.6,-17.963901966941464,-18.0,0.0077420565938427,0.8,-73.67700758093466,-73.7,,,,,0.5,220.0,BetMGM,exp/fallback,0.4076,0.3144906681603415,31.4,0.3125,0.637013811309306,0.6,0.3144906681603415,31.4,0.637013811309306,0.6,,,,,,,,,,,,,0.5,220.0,BetMGM,exp/fallback,0.47485,0.3388952958422286,33.9,0.3125,8.446494669513182,8.4,0.3388952958422286,33.9,8.446494669513182,8.4,,,,,,,,,,,,,False,False,False,False,False,10.5,,Active roster,2026-10-01T17:24:42+00:00,False,[],2025-2026,,2026-09-24-frozen-v2,2026-10-01T17:24:46.238031+00:00,2026020009,8478414.0,PLAYER_ID,FINAL,0.0,L,OK,0.0,L,OK,4.0,W,OK,0.0,L,OK,0.0,L,OK,0.0,L,OK
2026-10-01,PHI@NJD,2026020009,6:00 PM,2026-10-01T23:00:00Z,Alex Bump,8483731,PHI,False,,2026-27,PHI,L,,Healthy,Unknown,,,1.0,0.0,,33.0,21.0,2026-10-01T17:24:18+00:00,NJD,Jake Allen,0.9031007751937984,2.744027928106468,38.5,Confirmed,dailyfaceoff_name_and_stats,20.0,4.0,20.0,4.0,,40.5,31.9,A1+A2,12.64,33.8,36.2,0.94,NONE,False,False,23.17952989306844,2.2607758356708025,3.3,26.1,6.0,1.2,True,,,,,50.0,,,,,,,,,,,,,,,,,,,,,,,,,,,,,,,,,,,,,,,,2.451063829787234,0.0,,,0.0,2.498315902860956,2.488765986864846,50.0,55.8,74.0,55.8,4.37,2.15,,,,,COOL,COOL,COOL,2.22,,COOL,Red,Red,Red,Red,40.0,40.0,39.0,38.0,POINTS,40.0,,,,,,,C,Passenger,7.1,,29.1,,0.0,0.8950980392156863,15.216666666666669,0.8950980392156863,0.0708081278113851,7.1,7.1,0.9069003285870756,0.9069003285870756,0.0,7.090348800857488,6.689887195725312,29.1,39.8,False,,,,,,False,False,0.0,,False,0.0,,False,0.0,,1.5,108.0,BetRivers,2.5,310.0,Fanatics,3.5,900.0,Fanatics,4.5,2100.0,BetOnline.ag,1.5,108.0,BetRivers,0.5,155.0,BetRivers,1.5,750.0,BetRivers,,,,,,,0.5,155.0,BetRivers,0.5,235.0,BetRivers,,,,,,,,,,0.5,235.0,BetRivers,0.5,550.0,DraftKings,,,,,,,,,,0.5,550.0,DraftKings,0.5,550.0,DraftKings,,,,,,,,,,0.5,550.0,DraftKings,The Odds API,"[""Bally Bet"", ""BetMGM"", ""BetRivers"", ""Bovada"", ""Caesars"", ""Courtside"", ""DraftKings"", ""FanDuel"", ""Fanatics"", ""Hard Rock Bet"", ""theScore Bet""]",The Odds API,"[""Bally Bet"", ""BetMGM"", ""BetRivers"", ""Bovada"", ""Caesars"", ""Courtside"", ""DraftKings"", ""FanDuel"", ""Fanatics"", ""fanatics""]",The Odds API,"[""Bally Bet"", ""BetRivers""]",The Odds API,"[""Bally Bet"", ""BetOnline.ag"", ""BetRivers"", ""Bovada"", ""Caesars"", ""Courtside"", ""DraftKings"", ""Fanatics"", ""Hard Rock Bet"", ""theScore Bet""]",The Odds API,"[""Bally Bet"", ""BetRivers""]",,,,,,,,,,,,,,,,,,ALTLINE_NB_v1_2026-01-18,1.5,108.0,BetRivers,league_avg,2.3,0.6001759479749428,60.0,0.4807692307692308,24.8365971787881,24.8,0.6001759479749428,60.0,24.8365971787881,24.8,0.3835789960842564,38.4,57.26738839454513,57.3,0.2254288407355011,22.5,125.42884073550118,125.4,0.1243884637071297,12.4,173.65462015568545,173.7,0.5,155.0,BetRivers,exp/fallback,0.437,0.3341158972390488,33.4,0.392156862745098,-14.800446204042562,-14.8,0.3341158972390488,33.4,-14.800446204042562,-14.8,0.0817273696302751,8.2,-30.53173581426612,-30.5,,,,,,,,,0.5,235.0,BetRivers,exp/fallback,0.222,0.1898379756967594,19.0,0.2985074626865671,-36.40427814158559,-36.4,0.1898379756967594,19.0,-36.40427814158559,-36.4,,,,,,,,,,,,,0.5,550.0,DraftKings,exp/fallback,0.266,0.2233603083082554,22.3,0.1538461538461538,45.18420040036607,45.2,0.2233603083082554,22.3,45.18420040036607,45.2,,,,,,,,,,,,,0.5,550.0,DraftKings,exp/fallback,0.24475,0.2031810425082469,20.3,0.1538461538461538,32.067677630360535,32.1,0.2031810425082469,20.3,32.067677630360535,32.1,,,,,,,,,,,,,True,False,True,True,False,,,Active roster,2026-10-01T17:24:42+00:00,False,[],2025-2026,,2026-09-24-frozen-v2,2026-10-01T17:24:46.238031+00:00,2026020009,8483731.0,PLAYER_ID,FINAL,0.0,L,OK,0.0,L,OK,0.0,L,OK,0.0,L,OK,0.0,L,OK,0.0,,NO_LINE
2026-10-01,PHI@NJD,2026020009,6:00 PM,2026-10-01T23:00:00Z,Cam York,8481546,PHI,False,"{""season"":""2026-27"",""games"":[{""d"":""2026-09-30"",""g"":0,""a"":0,""s"":1,""pp"":0,""h"":""H"",""toi"":""21:08""}]}",2026-27,PHI,D,,Healthy,Unknown,,,1.0,0.0,,33.0,21.0,2026-10-01T17:24:18+00:00,NJD,Jake Allen,0.9031007751937984,2.744027928106468,38.5,Confirmed,dailyfaceoff_name_and_stats,20.0,4.0,20.0,4.0,,59.1,74.9,A1+A2,22.54,95.7,72.0,1.09,NONE,False,False,23.17952989306844,2.2607758356708025,3.3,26.1,6.0,1.2,True,,,1.0,,50.0,0.0,0.0,1.0,0.0,0.0,0.0,0.0,0.0,0.0,0.0,1.0,1.0,LOW,0.0,-0.5,LOW,0.0,,LOW,0.0,,LOW,0.0,,LOW,0.0,,LOW,0.0,,LOW,0.1,,LOW,0.05,,LOW,0.025,,0.7466072146106885,0.2799777054790081,,,0.0,2.498315902860956,2.488765986864846,50.0,55.8,43.9,55.8,4.37,1.13,,4.37,1.13,,HOT,COOL,COOL,3.55,3.23,HOT,Yellow,Red,Red,Yellow,71.0,54.0,53.0,65.0,POINTS,71.0,1.0,1.0,1.0,1.0,0.0,1.0,B,Distributor,7.1,,29.1,,1.0,1.6006756756756757,118.45,1.6006756756756757,0.0710280934248793,7.1,7.1,2.9252849303503585,0.5571971295905446,2.7859856479527227,7.090348800857488,6.689887195725312,29.1,60.1,False,,,,🅿️ D:1,,False,False,0.0,,False,0.0,,False,0.0,,1.5,185.0,BetRivers,,,,,,,,,,1.5,185.0,BetRivers,0.5,215.0,Fanatics,1.5,1300.0,Fanatics,2.5,1500.0,BetOnline.ag,3.5,3000.0,BetOnline.ag,0.5,215.0,Fanatics,0.5,300.0,BetOnline.ag,1.5,1900.0,Fanatics,2.5,3300.0,Bovada,,,,0.5,300.0,BetOnline.ag,0.5,950.0,FanDuel,,,,,,,,,,0.5,950.0,FanDuel,0.5,950.0,FanDuel,,,,,,,,,,0.5,950.0,FanDuel,The Odds API,"[""Bally Bet"", ""BetMGM"", ""BetRivers"", ""Bovada"", ""Caesars"", ""Courtside"", ""DraftKings"", ""FanDuel"", ""Fanatics"", ""Hard Rock Bet"", ""theScore Bet""]",The Odds API,"[""Bally Bet"", ""BetMGM"", ""BetRivers"", ""Bovada"", ""Caesars"", ""Courtside"", ""DraftKings"", ""FanDuel"", ""Fanatics"", ""fanduel""]",The Odds API,"[""Bally Bet"", ""BetOnline.ag"", ""BetRivers"", ""Caesars"", ""Courtside"", ""DraftKings"", ""Fanatics"", ""Hard Rock Bet"", ""draftkings"", ""theScore Bet""]",The Odds API,"[""Bally Bet"", ""BetRivers""]",The Odds API,"[""Bally Bet"", ""BetOnline.ag"", ""BetRivers"", ""Bovada"", ""Courtside"", ""DraftKings"", ""Fanatics"", ""Hard Rock Bet"", ""draftkings"", ""theScore Bet""]",0.5,575.0,Hard Rock Bet,,,,,,,,,,0.5,575.0,Hard Rock Bet,The Odds API,"[""Bovada"", ""Hard Rock Bet"", ""theScore Bet""]",ALTLINE_NB_v1_2026-01-18,1.5,185.0,BetRivers,exp/fallback,0.1,0.0056639264392934,0.6,0.3508771929824561,-98.38578096480136,-98.4,0.0056639264392934,0.6,-98.38578096480136,-98.4,,,,,,,,,,,,,0.5,215.0,Fanatics,exp/fallback,0.437,0.3341158972390488,33.4,0.3174603174603174,5.246507630300357,5.2,0.3341158972390488,33.4,5.246507630300357,5.2,0.0817273696302751,8.2,14.418317482385223,14.4,0.0171553535572468,1.7,-72.55143430840505,-72.6,0.0032864229182619,0.3,-89.81208895338787,-89.8,0.5,300.0,BetOnline.ag,exp/fallback,0.355,0.2787627174417714,27.9,0.25,11.505086976708556,11.5,0.2787627174417714,27.9,11.505086976708556,11.5,0.0613196301312226,6.1,22.639260262445315,22.6,0.0121525626183278,1.2,-58.68128709768526,-58.7,,,,,0.5,950.0,FanDuel,exp/fallback,0.1689,0.1507818502130598,15.1,0.0952380952380952,58.320942723712776,58.3,0.1507818502130598,15.1,58.320942723712776,58.3,,,,,,,,,,,,,0.5,950.0,FanDuel,exp/fallback,0.1338375,0.1204395406992721,12.0,0.0952380952380952,26.46151773423569,26.5,0.1204395406992721,12.0,26.46151773423569,26.5,,,,,,,,,,,,,False,False,True,True,True,,,Active roster,2026-10-01T17:24:42+00:00,False,[],2025-2026,,2026-09-24-frozen-v2,2026-10-01T17:24:46.238031+00:00,2026020009,8481546.0,PLAYER_ID,FINAL,0.0,L,OK,0.0,L,OK,1.0,L,OK,0.0,L,OK,0.0,L,OK,0.0,L,OK
2026-10-01,PHI@NJD,2026020009,6:00 PM,2026-10-01T23:00:00Z,Carl Grundstrom,8479336,PHI,False,,2026-27,PHI,R,,Healthy,Unknown,,,1.0,0.0,,33.0,21.0,2026-10-01T17:24:18+00:00,NJD,Jake Allen,0.9031007751937984,2.744027928106468,38.5,Confirmed,dailyfaceoff_name_and_stats,20.0,4.0,20.0,4.0,,59.1,31.9,A1+A2,11.85,27.1,43.2,0.97,NONE,False,False,23.17952989306844,2.2607758356708025,3.3,26.1,6.0,1.2,True,,,,,50.0,,,,,,,,,,,,,,,,,,,,,,,,,,,,,,,,,,,,,,,,1.2827572802954228,0.0,,,0.0,2.498315902860956,2.488765986864846,50.0,55.8,57.1,55.8,2.42,1.6,,,,,COOL,COOL,COOL,0.83,,COOL,Red,Red,Red,Red,38.0,49.0,52.0,37.0,GOAL,52.0,,,,,,,C,Passenger,0.2,,29.1,,0.0,0.025531914893617,1.2,0.025531914893617,0.0021543341013135,0.2,0.2,0.0,0.0,0.0,7.090348800857488,6.689887195725312,29.1,21.1,False,,,,,,False,False,0.0,,False,0.0,,False,0.0,,,,,,,,,,,,,,,,,,,,,,,,,,,,,,,,,,,,,,,,,,,,,,,0.5,800.0,FanDuel,,,,,,,,,,0.5,800.0,FanDuel,0.5,800.0,FanDuel,,,,,,,,,,0.5,800.0,FanDuel,The Odds API,"[""Bally Bet"", ""BetMGM"", ""BetRivers"", ""Bovada"", ""Caesars"", ""Courtside"", ""DraftKings"", ""FanDuel"", ""Fanatics"", ""Hard Rock Bet"", ""theScore Bet""]",The Odds API,"[""Bally Bet"", ""BetMGM"", ""BetRivers"", ""Bovada"", ""Caesars"", ""Courtside"", ""DraftKings"", ""FanDuel"", ""Fanatics"", ""fanduel""]",,,,,,,,,,,,,,,,,,,,,,,,ALTLINE_NB_v1_2026-01-18,,,,league_avg,2.3,,,,,,,,,,,,,,,,,,,,,,,,,exp/fallback,0.242,,,,,,,,,,,,,,,,,,,,,,,,,exp/fallback,0.0829999999999999,,,,,,,,,,,,,,,,,,,,,,0.5,800.0,FanDuel,exp/fallback,0.244,0.2076998209106814,20.8,0.1111111111111111,86.92983881961325,86.9,0.2076998209106814,20.8,86.92983881961325,86.9,,,,,,,,,,,,,0.5,800.0,FanDuel,exp/fallback,0.209,0.177964077530834,17.8,0.1111111111111111,60.16766977775059,60.2,0.177964077530834,17.8,60.16766977775059,60.2,,,,,,,,,,,,,False,False,True,True,False,,,Active roster,2026-10-01T17:24:42+00:00,False,[],2025-2026,,2026-09-24-frozen-v2,2026-10-01T17:24:46.238031+00:00,2026020009,8479336.0,PLAYER_ID,FINAL,0.0,,NO_LINE,0.0,,NO_LINE,1.0,,NO_LINE,0.0,L,OK,0.0,L,OK,0.0,,NO_LINE
2026-10-01,PHI@NJD,2026020009,6:00 PM,2026-10-01T23:00:00Z,Christian Dvorak,8477989,PHI,False,"{""season"":""2026-27"",""games"":[{""d"":""2026-09-30"",""g"":0,""a"":0,""s"":2,""pp"":0,""h"":""H"",""toi"":""14:58""}]}",2026-27,PHI,C,,Healthy,Unknown,,,1.0,0.0,,33.0,21.0,2026-10-01T17:24:18+00:00,NJD,Jake Allen,0.9031007751937984,2.744027928106468,38.5,Confirmed,dailyfaceoff_name_and_stats,20.0,4.0,20.0,4.0,,91.4,88.4,A1+A2,18.46,78.4,87.7,1.15,NONE,False,False,23.17952989306844,2.2607758356708025,3.3,26.1,6.0,1.2,True,,,2.0,,50.0,0.0,0.0,2.0,0.0,0.0,0.0,0.0,0.0,0.0,0.0,2.0,2.0,LOW,0.0,-0.5,LOW,0.0,,LOW,0.0,,LOW,0.0,,LOW,0.0,,LOW,0.0,,LOW,0.2,,LOW,0.1,,LOW,0.05,,1.760573816651353,0.7469101040339073,,,0.0,2.498315902860956,2.488765986864846,50.0,55.8,67.0,55.8,8.89,3.33,,8.08,3.33,,HOT,HOT,COOL,5.22,4.75,HOT,Yellow,Yellow,Yellow,Yellow,78.0,71.0,71.0,77.0,POINTS,78.0,1.0,1.0,1.0,1.0,0.0,1.0,B,Shooter,8.4,,29.1,,1.0,1.5472916666666667,123.78333333333332,1.5472916666666667,0.0838214547711754,8.4,8.4,2.161841928100175,1.7498316951662851,0.4847179210986939,7.090348800857488,6.689887195725312,29.1,50.9,False,,,,🅿️ D:1,,False,False,1.0,,False,0.0,,False,0.0,,1.5,110.0,BetRivers,,,,,,,,,,1.5,110.0,BetRivers,0.5,205.0,BetRivers,,,,,,,,,,0.5,205.0,BetRivers,,,,,,,,,,,,,,,,0.5,600.0,FanDuel,,,,,,,,,,0.5,600.0,FanDuel,0.5,600.0,FanDuel,,,,,,,,,,0.5,600.0,FanDuel,The Odds API,"[""Bally Bet"", ""BetMGM"", ""BetRivers"", ""Bovada"", ""Caesars"", ""Courtside"", ""DraftKings"", ""FanDuel"", ""Fanatics"", ""Hard Rock Bet"", ""theScore Bet""]",The Odds API,"[""Bally Bet"", ""BetMGM"", ""BetRivers"", ""Bovada"", ""Caesars"", ""Courtside"", ""DraftKings"", ""FanDuel"", ""Fanatics"", ""fanduel""]",The Odds API,"[""Bally Bet"", ""BetRivers""]",The Odds API,"[""Bally Bet"", ""BetRivers""]",,,,,,,,,,,,,,,,,,,,ALTLINE_NB_v1_2026-01-18,1.5,110.0,BetRivers,exp/fallback,0.2,0.0205922919144261,2.1,0.4761904761904761,-95.6756186979705,-95.7,0.0205922919144261,2.1,-95.6756186979705,-95.7,,,,,,,,,,,,,0.5,205.0,BetRivers,exp/fallback,0.889,0.5388413651585766,53.9,0.3278688524590163,64.34661637336585,64.3,0.5388413651585766,53.9,64.34661637336585,64.3,,,,,,,,,,,,,,,,exp/fallback,0.522,,,,,,,,,,,,,,,,,,,,,,0.5,600.0,FanDuel,exp/fallback,0.2349,0.2010926925528879,20.1,0.1428571428571428,40.76488478702159,40.8,0.2010926925528879,20.1,40.76488478702159,40.8,,,,,,,,,,,,,0.5,600.0,FanDuel,exp/fallback,0.2410875,0.2006566639846938,20.1,0.1428571428571428,40.45966478928569,40.5,0.2006566639846938,20.1,40.45966478928569,40.5,,,,,,,,,,,,,False,True,True,True,False,,,Active roster,2026-10-01T17:24:42+00:00,False,[],2025-2026,,2026-09-24-frozen-v2,2026-10-01T17:24:46.238031+00:00,2026020009,8477989.0,PLAYER_ID,FINAL,0.0,L,OK,0.0,,NO_LINE,1.0,L,OK,0.0,L,OK,0.0,L,OK,0.0,,NO_LINE
2026-10-01,PHI@NJD,2026020009,6:00 PM,2026-10-01T23:00:00Z,David Jiricek,8483460,PHI,False,,2026-27,PHI,D,,Healthy,Unknown,,,1.0,0.0,,33.0,21.0,2026-10-01T17:24:18+00:00,NJD,Jake Allen,0.9031007751937984,2.744027928106468,38.5,Confirmed,dailyfaceoff_name_and_stats,20.0,4.0,20.0,4.0,,16.5,6.9,A1+A2,12.02,29.3,15.7,0.94,NONE,False,False,23.17952989306844,2.2607758356708025,3.3,26.1,6.0,1.2,True,,,,,50.0,,,,,,,,,,,,,,,,,,,,,,,,,,,,,,,,,,,,,,,,0.0,0.0,,,0.0,2.498315902860956,2.488765986864846,50.0,55.8,27.8,55.8,0.19,0.19,,,,,COOL,COOL,COOL,0.0,,COOL,Red,Red,Red,Red,22.0,26.0,25.0,16.0,SOG,26.0,,,,,,,C,Passenger,0.8,,29.1,,0.0,0.1019230769230769,2.65,0.1019230769230769,0.0084827144686299,0.8,0.8,1.1320754716981132,1.1320754716981132,0.0,7.090348800857488,6.689887195725312,29.1,28.7,False,,,,,,False,False,0.0,,False,0.0,,False,0.0,,,,,,,,,,,,,,,,,,,,,,,,,,,,,,,,,,,,,,,,,,,,,,,,,,,,,,,,,,,,,,,,,,,,,,,,,,,,,,,,,,,,,,,,,,,,,,,,,,,,,,,,ALTLINE_NB_v1_2026-01-18,,,,league_avg,2.3,,,,,,,,,,,,,,,,,,,,,,,,,exp/fallback,0.019,,,,,,,,,,,,,,,,,,,,,,,,,league_avg,0.35,,,,,,,,,,,,,,,,,,,,,,,,,exp/fallback,0.1876,,,,,,,,,,,,,,,,,,,,,,,,,exp/fallback,0.11735,,,,,,,,,,,,,,,,,,,,,,False,False,False,False,False,,,Active roster,2026-10-01T17:24:42+00:00,False,[],2025-2026,,2026-09-24-frozen-v2,2026-10-01T17:24:46.238031+00:00,2026020009,,,NO_PLAYER,,,NO_PLAYER,,,NO_PLAYER,,,NO_PLAYER,,,NO_PLAYER,,,NO_PLAYER,,,NO_PLAYER
2026-10-01,PHI@NJD,2026020009,6:00 PM,2026-10-01T23:00:00Z,Garrett Wilson,8475253,PHI,False,,2026-27,PHI,L,,Healthy,Unknown,,,1.0,0.0,,33.0,21.0,2026-10-01T17:24:18+00:00,NJD,Jake Allen,0.9031007751937984,2.744027928106468,38.5,Confirmed,dailyfaceoff_name_and_stats,20.0,4.0,20.0,4.0,,10.4,6.9,A1+A2,8.68,6.5,8.4,0.94,NONE,False,False,23.17952989306844,2.2607758356708025,3.3,26.1,6.0,1.2,True,,,,,50.0,,,,,,,,,,,,,,,,,,,,,,,,,,,,,,,,,,,,,,,,0.0,0.0,,,0.0,2.498315902860956,2.488765986864846,50.0,55.8,27.8,55.8,0.66,0.66,,,,,COOL,COOL,COOL,0.0,,COOL,Red,Red,Red,Red,20.0,21.0,20.0,14.0,SOG,21.0,,,,,,,C,Passenger,0.0,,29.1,,0.0,0.0,0.0,0.0,0.0,0.0,0.0,0.0,,,7.090348800857488,6.689887195725312,29.1,5.1,False,,,,,,False,False,0.0,,False,0.0,,False,0.0,,,,,,,,,,,,,,,,,,,,,,,,,,,,,,,,,,,,,,,,,,,,,,,,,,,,,,,,,,,,,,,,,,,,,,,,,,,,,,,,,,,,,,,,,,,,,,,,,,,,,,,,ALTLINE_NB_v1_2026-01-18,,,,league_avg,2.3,,,,,,,,,,,,,,,,,,,,,,,,,exp/fallback,0.066,,,,,,,,,,,,,,,,,,,,,,,,,league_avg,0.35,,,,,,,,,,,,,,,,,,,,,,,,,exp/fallback,0.2064,,,,,,,,,,,,,,,,,,,,,,,,,exp/fallback,0.1479,,,,,,,,,,,,,,,,,,,,,,False,False,False,False,False,,,Active roster,2026-10-01T17:24:42+00:00,False,[],2025-2026,,2026-09-24-frozen-v2,2026-10-01T17:24:46.238031+00:00,2026020009,,,NO_PLAYER,,,NO_PLAYER,,,NO_PLAYER,,,NO_PLAYER,,,NO_PLAYER,,,NO_PLAYER,,,NO_PLAYER
2026-10-01,PHI@NJD,2026020009,6:00 PM,2026-10-01T23:00:00Z,Jamie Drysdale,8482142,PHI,False,"{""season"":""2026-27"",""games"":[{""d"":""2026-09-30"",""g"":0,""a"":0,""s"":0,""pp"":0,""h"":""H"",""toi"":""17:21""}]}",2026-27,PHI,D,,Healthy,Unknown,,,1.0,0.0,,33.0,21.0,2026-10-01T17:24:18+00:00,NJD,Jake Allen,0.9031007751937984,2.744027928106468,38.5,Confirmed,dailyfaceoff_name_and_stats,20.0,4.0,20.0,4.0,,54.4,77.8,A1+A2,21.55,93.7,70.5,1.08,NONE,False,False,23.17952989306844,2.2607758356708025,3.3,26.1,6.0,1.2,True,,,0.0,,50.0,0.0,0.0,0.0,0.0,0.0,0.0,0.0,0.0,0.0,0.0,0.0,0.0,LOW,0.0,-0.5,LOW,0.0,,LOW,0.0,,LOW,0.0,,LOW,0.0,,LOW,0.0,,LOW,0.0,,LOW,0.0,,LOW,0.0,,0.7536110529621101,0.1256018421603517,,,0.0,2.498315902860956,2.488765986864846,50.0,55.8,44.1,55.8,4.22,0.89,,4.22,0.89,,HOT,COOL,COOL,3.33,3.33,HOT,Yellow,Red,Red,Yellow,72.0,52.0,50.0,65.0,POINTS,72.0,1.0,1.0,1.0,1.0,0.0,1.0,A,Distributor,10.3,,29.1,,2.0,2.212179487179488,172.55,2.212179487179488,0.1026350226029026,10.3,10.3,2.4749348015068096,0.4798609098811938,2.3471457548536656,7.090348800857488,6.689887195725312,29.1,62.1,False,,,,🅿️ D:1,,False,False,0.0,,False,0.0,,False,0.0,,1.5,110.0,BetOnline.ag,2.5,340.0,Fanatics,3.5,950.0,Fanatics,4.5,1100.0,Bovada,1.5,110.0,BetOnline.ag,0.5,160.0,Fanatics,1.5,950.0,DraftKings,2.5,1900.0,Bovada,3.5,3300.0,BetOnline.ag,0.5,160.0,Fanatics,0.5,225.0,BetOnline.ag,1.5,1400.0,DraftKings,2.5,2200.0,Bovada,,,,0.5,225.0,BetOnline.ag,0.5,725.0,FanDuel,,,,,,,,,,0.5,725.0,FanDuel,0.5,725.0,FanDuel,,,,,,,,,,0.5,725.0,FanDuel,The Odds API,"[""Bally Bet"", ""BetMGM"", ""BetRivers"", ""Bovada"", ""Caesars"", ""Courtside"", ""DraftKings"", ""FanDuel"", ""Fanatics"", ""Hard Rock Bet"", ""theScore Bet""]",The Odds API,"[""Bally Bet"", ""BetMGM"", ""BetRivers"", ""Bovada"", ""Caesars"", ""Courtside"", ""DraftKings"", ""FanDuel"", ""Fanatics"", ""fanduel""]",The Odds API,"[""Bally Bet"", ""BetOnline.ag"", ""BetRivers"", ""Bovada"", ""Caesars"", ""Courtside"", ""DraftKings"", ""Fanatics"", ""Hard Rock Bet"", ""draftkings"", ""theScore Bet""]",The Odds API,"[""Bally Bet"", ""BetOnline.ag"", ""BetRivers"", ""Bovada"", ""Caesars"", ""Courtside"", ""DraftKings"", ""Fanatics"", ""Hard Rock Bet"", ""theScore Bet""]",The Odds API,"[""Bally Bet"", ""BetOnline.ag"", ""BetRivers"", ""Bovada"", ""Courtside"", ""DraftKings"", ""Fanatics"", ""Hard Rock Bet"", ""draftkings"", ""theScore Bet""]",0.5,300.0,Hard Rock Bet,1.5,1000.0,Bovada,,,,,,,0.5,300.0,Hard Rock Bet,The Odds API,"[""Bally Bet"", ""BetRivers"", ""Bovada"", ""FanDuel"", ""Hard Rock Bet"", ""theScore Bet""]",ALTLINE_NB_v1_2026-01-18,1.5,110.0,BetOnline.ag,league_avg,2.3,0.6001759479749428,60.0,0.4761904761904761,26.03694907473799,26.0,0.6001759479749428,60.0,26.03694907473799,26.0,0.3835789960842564,38.4,68.7747582770728,68.8,0.2254288407355011,22.5,136.7002827722762,136.7,0.1243884637071297,12.4,49.2661564485557,49.3,0.5,160.0,Fanatics,exp/fallback,0.422,0.3253760319621251,32.5,0.3846153846153846,-15.402231689847456,-15.4,0.3253760319621251,32.5,-15.402231689847456,-15.4,0.0773222596244208,7.7,-18.81162739435809,-18.8,0.0157572887693235,1.6,-68.48542246135283,-68.5,0.0029296886149723,0.3,-90.03905870909405,-90.0,0.5,225.0,BetOnline.ag,exp/fallback,0.333,0.2650961649227094,26.5,0.3076923076923077,-13.84374640011945,-13.8,0.2650961649227094,26.5,-13.84374640011945,-13.8,0.0553036427789135,5.5,-17.0445358316297,-17.0,0.010386641145469,1.0,-76.11072536542117,-76.1,,,,,0.5,725.0,FanDuel,exp/fallback,0.2155999999999999,0.1868221851758579,18.7,0.1212121212121212,54.12830277008277,54.1,0.1868221851758579,18.7,54.12830277008277,54.1,,,,,,,,,,,,,0.5,725.0,FanDuel,exp/fallback,0.16285,0.1434089504531858,14.3,0.1212121212121212,18.31238412387829,18.3,0.1434089504531858,14.3,18.31238412387829,18.3,,,,,,,,,,,,,True,False,True,True,False,,,Active roster,2026-10-01T17:24:42+00:00,False,[],2025-2026,,2026-09-24-frozen-v2,2026-10-01T17:24:46.238031+00:00,2026020009,8482142.0,PLAYER_ID,FINAL,0.0,L,OK,0.0,L,OK,1.0,L,OK,0.0,L,OK,0.0,L,OK,0.0,L,OK
2026-10-01,PHI@NJD,2026020009,6:00 PM,2026-10-01T23:00:00Z,Matvei Michkov,8484387,PHI,False,"{""season"":""2026-27"",""games"":[{""d"":""2026-09-30"",""g"":0,""a"":0,""s"":1,""pp"":0,""h"":""H"",""toi"":""15:47""}]}",2026-27,PHI,R,,Healthy,Unknown,,,1.0,0.0,,33.0,21.0,2026-10-01T17:24:18+00:00,NJD,Jake Allen,0.9031007751937984,2.744027928106468,38.5,Confirmed,dailyfaceoff_name_and_stats,20.0,4.0,20.0,4.0,,82.3,86.3,A1+A2,14.84,48.7,77.0,1.11,NONE,False,False,23.17952989306844,2.2607758356708025,3.3,26.1,6.0,1.2,True,,,1.0,,50.0,0.0,0.0,1.0,0.0,0.0,0.0,0.0,0.0,0.0,0.0,1.0,1.0,LOW,0.0,-0.5,LOW,0.0,,LOW,0.0,,LOW,0.0,,LOW,0.0,,LOW,0.0,,LOW,0.1,,LOW,0.05,,LOW,0.025,,1.93929599515176,0.7878389980304025,,,0.0,2.498315902860956,2.488765986864846,50.0,55.8,70.0,55.8,6.66,2.42,,6.66,2.42,,HOT,WARM,COOL,4.24,4.24,HOT,Yellow,Yellow,Yellow,Yellow,74.0,63.0,64.0,73.0,POINTS,74.0,1.0,1.0,1.0,1.0,0.0,1.0,B,Distributor,13.5,,29.1,,1.0,2.003086419753086,162.25,2.003086419753086,0.1349758748821474,13.5,13.5,3.2551617873651773,1.2906009244992296,2.3112480739599386,7.090348800857488,6.689887195725312,29.1,66.7,False,,,,🅿️ D:1,,False,False,1.0,,False,0.0,,False,0.0,,1.5,-121.0,BetRivers,2.5,198.0,FanDuel,3.5,500.0,Fanatics,4.5,1200.0,Fanatics,1.5,-121.0,BetRivers,0.5,134.0,BetOnline.ag,1.5,700.0,DraftKings,2.5,3000.0,Fanatics,3.5,3500.0,BetOnline.ag,0.5,134.0,BetOnline.ag,0.5,250.0,BetOnline.ag,1.5,1700.0,BetOnline.ag,2.5,3300.0,Bovada,,,,0.5,250.0,BetOnline.ag,0.5,360.0,DraftKings,,,,,,,,,,0.5,360.0,DraftKings,0.5,360.0,DraftKings,,,,,,,,,,0.5,360.0,DraftKings,The Odds API,"[""Bally Bet"", ""BetMGM"", ""BetRivers"", ""Bovada"", ""Caesars"", ""Courtside"", ""DraftKings"", ""FanDuel"", ""Fanatics"", ""Hard Rock Bet"", ""theScore Bet""]",The Odds API,"[""Bally Bet"", ""BetMGM"", ""BetRivers"", ""Bovada"", ""Caesars"", ""Courtside"", ""DraftKings"", ""FanDuel"", ""Fanatics"", ""betrivers""]",The Odds API,"[""Bally Bet"", ""BetOnline.ag"", ""BetRivers"", ""Bovada"", ""Caesars"", ""Courtside"", ""DraftKings"", ""Fanatics"", ""Hard Rock Bet"", ""draftkings"", ""theScore Bet""]",The Odds API,"[""Bally Bet"", ""BetOnline.ag"", ""BetRivers"", ""Bovada"", ""Caesars"", ""Courtside"", ""DraftKings"", ""FanDuel"", ""Fanatics"", ""Hard Rock Bet"", ""theScore Bet""]",The Odds API,"[""Bally Bet"", ""BetOnline.ag"", ""BetRivers"", ""Bovada"", ""Courtside"", ""DraftKings"", ""Fanatics"", ""Hard Rock Bet"", ""draftkings"", ""theScore Bet""]",0.5,360.0,BetRivers,,,,,,,,,,0.5,360.0,BetRivers,The Odds API,"[""Bally Bet"", ""BetRivers"", ""Bovada"", ""FanDuel"", ""Hard Rock Bet"", ""theScore Bet""]",ALTLINE_NB_v1_2026-01-18,1.5,-121.0,BetRivers,exp/fallback,0.1,0.0056639264392934,0.6,0.5475113122171946,-98.96551426191417,-99.0,0.0056639264392934,0.6,-98.96551426191417,-99.0,0.0002745710270403,0.0,-99.918177833942,-99.9,1.167564107673602e-05,0.0,-99.99299461535396,-100.0,1.0000000000287557e-06,0.0,-99.99869999999996,-100.0,0.5,134.0,BetOnline.ag,exp/fallback,0.666,0.4504529719282456,45.0,0.4273504273504273,5.405995431209476,5.4,0.4504529719282456,45.0,5.405995431209476,5.4,0.1536414232332585,15.4,22.913138586606863,22.9,0.0454331418969262,4.5,40.84273988047143,40.8,0.012315142240506,1.2,-55.66548793417838,-55.7,0.5,250.0,BetOnline.ag,exp/fallback,0.424,0.3192388545785272,31.9,0.2857142857142857,11.733599102484517,11.7,0.3192388545785272,31.9,11.733599102484517,11.7,0.0810847905036884,8.1,45.95262290663919,46.0,0.0185988231969238,1.9,-36.7640011304589,-36.8,,,,,0.5,360.0,DraftKings,exp/fallback,0.2076,0.180802236206925,18.1,0.217391304347826,-16.830971344814483,-16.8,0.180802236206925,18.1,-16.830971344814483,-16.8,,,,,,,,,,,,,0.5,360.0,DraftKings,exp/fallback,0.1967249999999999,0.1690005648345016,16.9,0.217391304347826,-22.25974017612924,-22.3,0.1690005648345016,16.9,-22.25974017612924,-22.3,,,,,,,,,,,,,False,False,False,False,True,,,Active roster,2026-10-01T17:24:42+00:00,False,[],2025-2026,,2026-09-24-frozen-v2,2026-10-01T17:24:46.238031+00:00,2026020009,8484387.0,PLAYER_ID,FINAL,0.0,L,OK,0.0,L,OK,1.0,L,OK,0.0,L,OK,0.0,L,OK,0.0,L,OK
2026-10-01,PHI@NJD,2026020009,6:00 PM,2026-10-01T23:00:00Z,Nick Seeler,8476372,PHI,False,,2026-27,PHI,D,,Healthy,Unknown,,,1.0,0.0,,33.0,21.0,2026-10-01T17:24:18+00:00,NJD,Jake Allen,0.9031007751937984,2.744027928106468,38.5,Confirmed,dailyfaceoff_name_and_stats,20.0,4.0,20.0,4.0,,45.2,37.3,A1+A2,17.69,72.7,47.9,0.99,NONE,False,False,23.17952989306844,2.2607758356708025,3.3,26.1,6.0,1.2,True,,,,,50.0,,,,,,,,,,,,,,,,,,,,,,,,,,,,,,,,,,,,,,,,0.2951343817891155,0.0983781272630385,,,0.0,2.498315902860956,2.488765986864846,50.0,55.8,36.1,55.8,1.3,0.56,,,,,COOL,COOL,COOL,0.74,,COOL,Red,Red,Red,Red,43.0,45.0,44.0,39.0,SOG,45.0,,,,,,,C,Passenger,0.2,,29.1,,0.0,0.0360416666666666,2.8833333333333333,0.0360416666666666,0.0020378594230384,0.2,0.2,0.0,0.0,0.0,7.090348800857488,6.689887195725312,29.1,21.1,False,,,,,,False,False,0.0,,False,0.0,,False,0.0,,,,,,,,,,,,,,,,,,,,,,,,,,,,,,,,,,,,,,,,,,,,,,,0.5,1700.0,BetMGM,,,,,,,,,,0.5,1700.0,BetMGM,0.5,1700.0,BetMGM,,,,,,,,,,0.5,1700.0,BetMGM,The Odds API,"[""Bally Bet"", ""BetMGM"", ""BetRivers"", ""Bovada"", ""Caesars"", ""Courtside"", ""DraftKings"", ""Fanatics""]",The Odds API,"[""Bally Bet"", ""BetMGM"", ""BetRivers"", ""Bovada"", ""Caesars"", ""Courtside"", ""DraftKings"", ""Fanatics"", ""betmgm""]",,,,,,,,,,,,,,,,,,,,,,,,ALTLINE_NB_v1_2026-01-18,,,,league_avg,2.3,,,,,,,,,,,,,,,,,,,,,,,,,exp/fallback,0.13,,,,,,,,,,,,,,,,,,,,,,,,,exp/fallback,0.074,,,,,,,,,,,,,,,,,,,,,,0.5,1700.0,BetMGM,exp/fallback,0.2024,0.1768557645856978,17.7,0.0555555555555555,218.34037625425609,218.3,0.1768557645856978,17.7,218.34037625425609,218.3,,,,,,,,,,,,,0.5,1700.0,BetMGM,exp/fallback,0.1414,0.1265239325354448,12.7,0.0555555555555555,127.74307856380068,127.7,0.1265239325354448,12.7,127.74307856380068,127.7,,,,,,,,,,,,,False,False,True,True,False,,,Active roster,2026-10-01T17:24:42+00:00,False,[],2025-2026,,2026-09-24-frozen-v2,2026-10-01T17:24:46.238031+00:00,2026020009,8476372.0,PLAYER_ID,FINAL,0.0,,NO_LINE,0.0,,NO_LINE,1.0,,NO_LINE,0.0,L,OK,0.0,L,OK,0.0,,NO_LINE
2026-10-01,PHI@NJD,2026020009,6:00 PM,2026-10-01T23:00:00Z,Nikita Grebenkin,8483733,PHI,False,,2026-27,PHI,R,,Healthy,Unknown,,,1.0,0.0,,33.0,21.0,2026-10-01T17:24:18+00:00,NJD,Jake Allen,0.9031007751937984,2.744027928106468,38.5,Confirmed,dailyfaceoff_name_and_stats,20.0,4.0,20.0,4.0,,37.9,49.3,A1+A2,11.29,23.0,38.9,0.96,NONE,False,False,23.17952989306844,2.2607758356708025,3.3,26.1,6.0,1.2,True,,,,,50.0,,,,,,,,,,,,,,,,,,,,,,,,,,,,,,,,,,,,,,,,1.2980529206190714,0.5991013479780329,,,0.0,2.498315902860956,2.488765986864846,50.0,55.8,57.5,55.8,2.34,0.6,,,,,COOL,COOL,COOL,1.74,,COOL,Red,Red,Red,Red,46.0,37.0,37.0,42.0,POINTS,46.0,,,,,,,C,Passenger,1.8,,29.1,,0.0,0.2069696969696969,11.383333333333333,0.2069696969696969,0.0183375396015679,1.8,1.8,0.7906295754026355,0.7906295754026355,0.0,7.090348800857488,6.689887195725312,29.1,31.8,False,,,,,,False,False,0.0,,False,0.0,,False,0.0,,,,,,,,,,,,,,,,,,,,,,,,,,,,,,,,,,,,,,,,,,,,,,,,,,,,,,,,,,,,,,,,,,,,,,,,,,,,,,,,,,,,,,,,,,,,,,,,,,,,,,,,ALTLINE_NB_v1_2026-01-18,,,,league_avg,2.3,,,,,,,,,,,,,,,,,,,,,,,,,exp/fallback,0.2339999999999999,,,,,,,,,,,,,,,,,,,,,,,,,exp/fallback,0.174,,,,,,,,,,,,,,,,,,,,,,,,,exp/fallback,0.204,,,,,,,,,,,,,,,,,,,,,,,,,exp/fallback,0.144,,,,,,,,,,,,,,,,,,,,,,False,False,False,False,False,,,Active roster,2026-10-01T17:24:42+00:00,False,[],2025-2026,,2026-09-24-frozen-v2,2026-10-01T17:24:46.238031+00:00,2026020009,,,NO_PLAYER,,,NO_PLAYER,,,NO_PLAYER,,,NO_PLAYER,,,NO_PLAYER,,,NO_PLAYER,,,NO_PLAYER
2026-10-01,PHI@NJD,2026020009,6:00 PM,2026-10-01T23:00:00Z,Noah Cates,8480220,PHI,False,"{""season"":""2026-27"",""games"":[{""d"":""2026-09-30"",""g"":0,""a"":0,""s"":1,""pp"":0,""h"":""H"",""toi"":""14:17""}]}",2026-27,PHI,L,,Healthy,Unknown,,,1.0,0.0,,33.0,21.0,2026-10-01T17:24:18+00:00,NJD,Jake Allen,0.9031007751937984,2.744027928106468,38.5,Confirmed,dailyfaceoff_name_and_stats,20.0,4.0,20.0,4.0,,88.3,84.1,A1+A2,16.24,59.7,81.1,1.12,NONE,False,False,23.17952989306844,2.2607758356708025,3.3,26.1,6.0,1.2,True,,,1.0,,50.0,0.0,0.0,1.0,0.0,0.0,0.0,0.0,0.0,0.0,0.0,1.0,1.0,LOW,0.0,-0.5,LOW,0.0,,LOW,0.0,,LOW,0.0,,LOW,0.0,,LOW,0.0,,LOW,0.1,,LOW,0.05,,LOW,0.025,,1.7514427593611597,0.6643403569990606,,,0.0,2.498315902860956,2.488765986864846,50.0,55.8,66.7,55.8,6.83,2.85,,6.83,2.85,,HOT,HOT,COOL,3.98,3.98,HOT,Yellow,Yellow,Yellow,Yellow,74.0,67.0,68.0,73.0,POINTS,74.0,1.0,1.0,1.0,1.0,0.0,1.0,A,Hybrid,12.2,,29.1,,2.0,1.986178861788618,162.86666666666667,1.986178861788618,0.1222768622445787,12.2,12.2,4.028448628735162,2.3061809250921,2.026197298403602,7.090348800857488,6.689887195725312,29.1,62.9,False,,,,🅿️ D:1,,False,False,1.0,,False,0.0,,False,0.0,,1.5,130.0,BetRivers,,,,,,,,,,1.5,130.0,BetRivers,0.5,190.0,Fanatics,1.5,1200.0,Fanatics,2.5,1550.0,BetOnline.ag,3.5,3100.0,BetOnline.ag,0.5,190.0,Fanatics,0.5,340.0,Fanatics,1.5,2500.0,Fanatics,2.5,3300.0,Bovada,,,,0.5,340.0,Fanatics,0.5,500.0,FanDuel,,,,,,,,,,0.5,500.0,FanDuel,0.5,500.0,FanDuel,,,,,,,,,,0.5,500.0,FanDuel,The Odds API,"[""Bally Bet"", ""BetMGM"", ""BetRivers"", ""Bovada"", ""Caesars"", ""Courtside"", ""DraftKings"", ""FanDuel"", ""Fanatics"", ""Hard Rock Bet"", ""theScore Bet""]",The Odds API,"[""Bally Bet"", ""BetMGM"", ""BetRivers"", ""Bovada"", ""Caesars"", ""Courtside"", ""DraftKings"", ""FanDuel"", ""Fanatics"", ""fanduel""]",The Odds API,"[""Bally Bet"", ""BetOnline.ag"", ""BetRivers"", ""Caesars"", ""Courtside"", ""DraftKings"", ""Fanatics"", ""Hard Rock Bet"", ""draftkings"", ""theScore Bet""]",The Odds API,"[""Bally Bet"", ""BetRivers""]",The Odds API,"[""Bally Bet"", ""BetOnline.ag"", ""BetRivers"", ""Bovada"", ""Courtside"", ""DraftKings"", ""Fanatics"", ""Hard Rock Bet"", ""draftkings"", ""theScore Bet""]",0.5,650.0,Hard Rock Bet,,,,,,,,,,0.5,650.0,Hard Rock Bet,The Odds API,"[""Bovada"", ""Hard Rock Bet"", ""theScore Bet""]",ALTLINE_NB_v1_2026-01-18,1.5,130.0,BetRivers,exp/fallback,0.1,0.0056639264392934,0.6,0.4347826086956521,-98.6972969189625,-98.7,0.0056639264392934,0.6,-98.6972969189625,-98.7,,,,,,,,,,,,,0.5,190.0,Fanatics,exp/fallback,0.683,0.4579592862462013,45.8,0.3448275862068966,32.80819301139838,32.8,0.4579592862462013,45.8,32.80819301139838,32.8,0.1591708535809781,15.9,106.9221096552716,106.9,0.0479978281425499,4.8,-20.803583564792604,-20.8,0.0132714921495017,1.3,-57.53122512159443,-57.5,0.5,340.0,Fanatics,exp/fallback,0.398,0.3043966997797024,30.4,0.2272727272727272,33.93454790306906,33.9,0.3043966997797024,30.4,33.93454790306906,33.9,0.0734958545022391,7.3,91.08922170582184,91.1,0.0160113654986338,1.6,-45.56135730464508,-45.6,,,,,0.5,500.0,FanDuel,exp/fallback,0.2205,0.1904788570489041,19.0,0.1666666666666666,14.287314229342464,14.3,0.1904788570489041,19.0,14.287314229342464,14.3,,,,,,,,,,,,,0.5,500.0,FanDuel,exp/fallback,0.2176875,0.1842119425893824,18.4,0.1666666666666666,10.52716555362947,10.5,0.1842119425893824,18.4,10.52716555362947,10.5,,,,,,,,,,,,,False,True,True,True,True,,,Active roster,2026-10-01T17:24:42+00:00,False,[],2025-2026,,2026-09-24-frozen-v2,2026-10-01T17:24:46.238031+00:00,2026020009,8480220.0,PLAYER_ID,FINAL,0.0,L,OK,0.0,L,OK,2.0,W,OK,0.0,L,OK,0.0,L,OK,0.0,L,OK
2026-10-01,PHI@NJD,2026020009,6:00 PM,2026-10-01T23:00:00Z,Noel Acciari,8478569,PIT,True,"{""season"":""2026-27"",""games"":[{""d"":""2026-09-30"",""g"":0,""a"":0,""s"":1,""pp"":0,""h"":""H"",""toi"":""15:20""}]}",2026-27,PHI,C,,Healthy,Unknown,,,1.0,0.0,,33.0,21.0,2026-10-01T17:24:18+00:00,NJD,Jake Allen,0.9031007751937984,2.744027928106468,38.5,Confirmed,dailyfaceoff_name_and_stats,20.0,4.0,20.0,4.0,,72.4,54.3,A1+A2,13.71,40.7,59.7,1.04,NONE,False,False,23.17952989306844,2.2607758356708025,3.3,26.1,6.0,1.2,True,,,1.0,,50.0,0.0,0.0,1.0,0.0,0.0,0.0,0.0,0.0,0.0,0.0,1.0,1.0,LOW,0.0,,LOW,0.0,,LOW,0.0,,LOW,0.0,,LOW,0.0,,LOW,0.0,,LOW,0.1,,LOW,0.05,,LOW,0.025,,1.907438549609528,0.5805247759681172,,,0.0,2.498315902860956,2.488765986864846,50.0,55.8,69.8,55.8,3.88,2.01,,3.88,2.01,,HOT,WARM,COOL,1.86,1.86,WARM,Red,Yellow,Red,Red,57.0,57.0,58.0,54.0,GOAL,58.0,1.0,1.0,1.0,1.0,0.0,1.0,,Passenger,0.3,,29.1,,,0.0417910447761194,2.8,0.0417910447761194,0.0030487251610561,0.3,0.3,6.214285714285714,6.214285714285714,0.0,7.090348800857488,6.689887195725312,29.1,23.8,False,,,,🥅 D:1,,False,False,1.0,,False,0.0,,False,0.0,,,,,,,,,,,,,,,,,,,,,,,,,,,,,,,,,,,,,,,,,,,,,,,0.5,1000.0,FanDuel,,,,,,,,,,0.5,1000.0,FanDuel,0.5,1000.0,FanDuel,,,,,,,,,,0.5,1000.0,FanDuel,The Odds API,"[""Bally Bet"", ""BetMGM"", ""BetRivers"", ""Bovada"", ""Caesars"", ""Courtside"", ""DraftKings"", ""FanDuel"", ""Fanatics"", ""Hard Rock Bet"", ""theScore Bet""]",The Odds API,"[""Bally Bet"", ""BetMGM"", ""BetRivers"", ""Bovada"", ""Caesars"", ""Courtside"", ""DraftKings"", ""FanDuel"", ""Fanatics"", ""fanduel""]",,,,,,,,,,,,,,,,,,,,,,,,ALTLINE_NB_v1_2026-01-18,,,,exp/fallback,0.1,,,,,,,,,,,,,,,,,,,,,,,,,exp/fallback,0.388,,,,,,,,,,,,,,,,,,,,,,,,,exp/fallback,0.186,,,,,,,,,,,,,,,,,,,,,,0.5,1000.0,FanDuel,exp/fallback,0.1952999999999999,0.1714242026592288,17.1,0.0909090909090909,88.56662292515175,88.6,0.1714242026592288,17.1,88.56662292515175,88.6,,,,,,,,,,,,,0.5,1000.0,FanDuel,exp/fallback,0.1767375,0.1540557920020239,15.4,0.0909090909090909,69.4613712022263,69.5,0.1540557920020239,15.4,69.4613712022263,69.5,,,,,,,,,,,,,False,False,True,True,False,,,Active roster,2026-10-01T17:24:42+00:00,False,[],2025-2026,,2026-09-24-frozen-v2,2026-10-01T17:24:46.238031+00:00,2026020009,8478569.0,PLAYER_ID,FINAL,0.0,,NO_LINE,0.0,,NO_LINE,0.0,,NO_LINE,0.0,L,OK,0.0,L,OK,0.0,,NO_LINE
2026-10-01,PHI@NJD,2026020009,6:00 PM,2026-10-01T23:00:00Z,Owen Tippett,8480015,PHI,False,"{""season"":""2026-27"",""games"":[{""d"":""2026-09-30"",""g"":0,""a"":0,""s"":4,""pp"":0,""h"":""H"",""toi"":""14:11""}]}",2026-27,PHI,R,,Healthy,Unknown,,,1.0,0.0,,33.0,21.0,2026-10-01T17:24:18+00:00,NJD,Jake Allen,0.9031007751937984,2.744027928106468,38.5,Confirmed,dailyfaceoff_name_and_stats,20.0,4.0,20.0,4.0,,95.1,76.4,A1+A2,16.84,64.8,82.5,1.13,NONE,False,False,23.17952989306844,2.2607758356708025,3.3,26.1,6.0,1.2,True,,,4.0,,50.0,0.0,0.0,4.0,0.0,0.0,0.0,0.0,0.0,0.0,0.0,4.0,4.0,LOW,0.0,-0.5,LOW,0.0,,LOW,0.0,,LOW,0.0,,LOW,0.0,,LOW,0.0,,LOW,0.4,,LOW,0.2,,LOW,0.1,,2.0382867373639995,0.6059771381352431,,,0.0,2.498315902860956,2.488765986864846,50.0,55.8,70.8,55.8,7.1,3.89,,7.1,3.89,,HOT,HOT,COOL,3.53,3.21,HOT,Yellow,Yellow,Green,Yellow,71.0,71.0,72.0,70.0,GOAL,72.0,1.0,1.0,1.0,0.0,0.0,1.0,A,Shooter,12.4,,29.1,,2.0,2.094650205761317,169.66666666666666,2.094650205761317,0.1243632187839769,12.4,12.4,2.825540275049116,1.9237721021611005,1.0609037328094304,7.090348800857488,6.689887195725312,29.1,57.7,False,,,,🥅 D:1,,False,False,2.0,,False,0.0,,False,0.0,,1.5,-275.0,DraftKings,2.5,110.0,BetRivers,3.5,260.0,FanDuel,4.5,600.0,FanDuel,2.5,110.0,BetRivers,0.5,120.0,DraftKings,1.5,650.0,DraftKings,2.5,2800.0,Fanatics,3.5,3700.0,BetOnline.ag,0.5,120.0,DraftKings,0.5,290.0,Bovada,1.5,1600.0,Bovada,2.5,3300.0,Bovada,,,,0.5,290.0,Bovada,0.5,290.0,FanDuel,,,,,,,,,,0.5,290.0,FanDuel,0.5,290.0,FanDuel,,,,,,,,,,0.5,290.0,FanDuel,The Odds API,"[""Bally Bet"", ""BetMGM"", ""BetRivers"", ""Bovada"", ""Caesars"", ""Courtside"", ""DraftKings"", ""FanDuel"", ""Fanatics"", ""Hard Rock Bet"", ""fanduel"", ""theScore Bet""]",The Odds API,"[""Bally Bet"", ""BetMGM"", ""BetRivers"", ""Bovada"", ""Caesars"", ""Courtside"", ""DraftKings"", ""FanDuel"", ""Fanatics"", ""fanduel""]",The Odds API,"[""Bally Bet"", ""BetOnline.ag"", ""BetRivers"", ""Bovada"", ""Caesars"", ""Courtside"", ""DraftKings"", ""FanDuel"", ""Fanatics"", ""Hard Rock Bet"", ""draftkings"", ""theScore Bet""]",The Odds API,"[""Bally Bet"", ""BetOnline.ag"", ""BetRivers"", ""Bovada"", ""Caesars"", ""Courtside"", ""DraftKings"", ""FanDuel"", ""Fanatics"", ""Hard Rock Bet"", ""fanduel"", ""theScore Bet""]",The Odds API,"[""Bally Bet"", ""BetOnline.ag"", ""BetRivers"", ""Bovada"", ""Courtside"", ""DraftKings"", ""FanDuel"", ""Fanatics"", ""Hard Rock Bet"", ""draftkings"", ""theScore Bet""]",0.5,425.0,Hard Rock Bet,,,,,,,,,,0.5,425.0,Hard Rock Bet,The Odds API,"[""Bovada"", ""Hard Rock Bet"", ""theScore Bet""]",ALTLINE_NB_v1_2026-01-18,2.5,110.0,BetRivers,exp/fallback,0.4,0.0121706224058896,1.2,0.4761904761904761,-97.4441692947632,-97.4,0.0686180154112674,6.9,-90.64299789846352,-90.6,0.0121706224058896,1.2,-97.4441692947632,-97.4,0.0019074600412755,0.2,-99.3133143851408,-99.3,0.0002746842105414,0.0,-99.807721052621,-99.8,0.5,120.0,DraftKings,exp/fallback,0.71,0.4695992221284608,47.0,0.4545454545454545,3.3118288682613795,3.3,0.4695992221284608,47.0,3.3118288682613795,3.3,0.167969624780609,16.8,25.977218585456782,26.0,0.0521858966837264,5.2,51.33910038280661,51.3,0.0148742000309598,1.5,-43.47803988235257,-43.5,0.5,290.0,Bovada,exp/fallback,0.353,0.2775361236453576,27.8,0.2564102564102564,8.239088221689473,8.2,0.2775361236453576,27.8,8.239088221689473,8.2,0.0607662567918184,6.1,3.3026365460913865,3.3,0.0119861273830004,1.2,-59.24716689779856,-59.2,,,,,0.5,290.0,FanDuel,exp/fallback,0.2517,0.2132308687842086,21.3,0.2564102564102564,-16.839961174158645,-16.8,0.2132308687842086,21.3,-16.839961174158645,-16.8,,,,,,,,,,,,,0.5,290.0,FanDuel,exp/fallback,0.2683875,0.2191615487017435,21.9,0.2564102564102564,-14.526996006320026,-14.5,0.2191615487017435,21.9,-14.526996006320026,-14.5,,,,,,,,,,,,,False,False,False,False,False,,,Active roster,2026-10-01T17:24:42+00:00,False,[],2025-2026,,2026-09-24-frozen-v2,2026-10-01T17:24:46.238031+00:00,2026020009,8480015.0,PLAYER_ID,FINAL,0.0,L,OK,0.0,L,OK,2.0,L,OK,0.0,L,OK,0.0,L,OK,0.0,L,OK
2026-10-01,PHI@NJD,2026020009,6:00 PM,2026-10-01T23:00:00Z,Porter Martone,8485406,PHI,False,,2026-27,PHI,R,,Healthy,Unknown,,,1.0,0.0,,33.0,21.0,2026-10-01T17:24:18+00:00,NJD,Jake Allen,0.9031007751937984,2.744027928106468,38.5,Confirmed,dailyfaceoff_name_and_stats,20.0,4.0,20.0,4.0,,47.2,37.3,A1+A2,17.04,67.2,47.7,0.99,NONE,False,False,23.17952989306844,2.2607758356708025,3.3,26.1,6.0,1.2,True,,,,,50.0,,,,,,,,,,,,,,,,,,,,,,,,,,,,,,,,,,,,,,,,0.0311647837943124,0.0233735878457343,,,0.0,2.498315902860956,2.488765986864846,50.0,55.8,33.3,55.8,11.99,5.38,,,,,COOL,COOL,COOL,6.61,,COOL,Red,Red,Red,Red,42.0,46.0,44.0,38.0,SOG,46.0,,,,,,,C,Passenger,12.3,,29.1,,0.0,2.103703703703704,18.933333333333334,2.103703703703704,0.1234514236035644,12.3,12.3,12.454225352112676,7.066901408450705,6.338028169014085,7.090348800857488,6.689887195725312,29.1,72.3,False,,,,,,False,False,0.0,,False,0.0,,False,0.0,,1.5,-154.0,BetOnline.ag,2.5,150.0,Bovada,3.5,360.0,theScore Bet,4.5,750.0,Fanatics,2.5,150.0,Bovada,0.5,115.0,Fanatics,1.5,650.0,Fanatics,2.5,2800.0,Fanatics,3.5,4100.0,BetOnline.ag,0.5,115.0,Fanatics,0.5,250.0,Bovada,1.5,1500.0,Fanatics,2.5,3300.0,Bovada,,,,0.5,250.0,Bovada,0.5,300.0,Fanatics,,,,,,,,,,0.5,300.0,Fanatics,0.5,300.0,Fanatics,,,,,,,,,,0.5,300.0,Fanatics,The Odds API,"[""Bally Bet"", ""BetMGM"", ""BetRivers"", ""Bovada"", ""Caesars"", ""Courtside"", ""DraftKings"", ""FanDuel"", ""Fanatics"", ""Hard Rock Bet"", ""theScore Bet""]",The Odds API,"[""Bally Bet"", ""BetMGM"", ""BetRivers"", ""Bovada"", ""Caesars"", ""Courtside"", ""DraftKings"", ""FanDuel"", ""Fanatics"", ""fanatics""]",The Odds API,"[""Bally Bet"", ""BetOnline.ag"", ""BetRivers"", ""Bovada"", ""Caesars"", ""Courtside"", ""DraftKings"", ""FanDuel"", ""Fanatics"", ""Hard Rock Bet"", ""draftkings"", ""theScore Bet""]",The Odds API,"[""Bally Bet"", ""BetOnline.ag"", ""BetRivers"", ""Bovada"", ""Caesars"", ""Courtside"", ""DraftKings"", ""FanDuel"", ""Fanatics"", ""Hard Rock Bet"", ""caesars"", ""theScore Bet""]",The Odds API,"[""Bally Bet"", ""BetOnline.ag"", ""BetRivers"", ""Bovada"", ""Courtside"", ""DraftKings"", ""FanDuel"", ""Fanatics"", ""Hard Rock Bet"", ""draftkings"", ""theScore Bet""]",0.5,330.0,FanDuel,,,,,,,,,,0.5,330.0,FanDuel,The Odds API,"[""Bally Bet"", ""BetRivers"", ""Bovada"", ""FanDuel"", ""Hard Rock Bet"", ""theScore Bet""]",ALTLINE_NB_v1_2026-01-18,2.5,150.0,Bovada,league_avg,2.3,0.3835789960842564,38.4,0.4,-4.105250978935904,-4.1,0.6001759479749428,60.0,-1.0099410482886595,-1.0,0.3835789960842564,38.4,-4.105250978935904,-4.1,0.2254288407355011,22.5,3.69726673833054,3.7,0.1243884637071297,12.4,5.730194151060286,5.7,0.5,115.0,Fanatics,exp/fallback,1.199,0.6325516314286888,63.3,0.4651162790697674,35.99860075716808,36.0,0.6325516314286888,63.3,35.99860075716808,36.0,0.3222141581662634,32.2,141.66061862469755,141.7,0.1452945825327535,14.5,321.3542893449852,321.4,0.0606222640003022,6.1,154.61350880126938,154.6,0.5,250.0,Bovada,exp/fallback,0.661,0.4351017332349844,43.5,0.2857142857142857,52.28560663224455,52.3,0.4351017332349844,43.5,52.28560663224455,52.3,0.1544570475291031,15.4,147.13127604656506,147.1,0.0498876353241496,5.0,69.61796010210878,69.6,,,,,0.5,300.0,Fanatics,exp/fallback,0.3952,0.3071270663171053,30.7,0.25,22.85082652684212,22.9,0.3071270663171053,30.7,22.85082652684212,22.9,,,,,,,,,,,,,0.5,300.0,Fanatics,exp/fallback,0.4547,0.3285850724284949,32.9,0.25,31.43402897139796,31.4,0.3285850724284949,32.9,31.43402897139796,31.4,,,,,,,,,,,,,False,True,True,True,True,,,Active roster,2026-10-01T17:24:42+00:00,False,[],2025-2026,,2026-09-24-frozen-v2,2026-10-01T17:24:46.238031+00:00,2026020009,8485406.0,PLAYER_ID,FINAL,0.0,L,OK,0.0,L,OK,1.0,L,OK,0.0,L,OK,0.0,L,OK,0.0,L,OK
2026-10-01,PHI@NJD,2026020009,6:00 PM,2026-10-01T23:00:00Z,Rasmus Ristolainen,8477499,PHI,False,,2026-27,PHI,D,,Healthy,Unknown,,,1.0,0.0,,33.0,21.0,2026-10-01T17:24:18+00:00,NJD,Jake Allen,0.9031007751937984,2.744027928106468,38.5,Confirmed,dailyfaceoff_name_and_stats,20.0,4.0,20.0,4.0,,48.0,56.5,A1+A2,21.39,93.1,60.0,1.04,NONE,False,False,23.17952989306844,2.2607758356708025,3.3,26.1,6.0,1.2,True,,,,,50.0,,,,,,,,,,,,,,,,,,,,,,,,,,,,,,,,,,,,,,,,0.6985769728331177,0.3104786545924967,,,0.0,2.498315902860956,2.488765986864846,50.0,55.8,42.3,55.8,4.26,1.18,,,,,COOL,COOL,COOL,3.07,,COOL,Red,Red,Red,Red,56.0,48.0,46.0,51.0,POINTS,56.0,,,,,,,C,Passenger,5.8,,29.1,,0.0,1.2507575757575755,55.03333333333333,1.2507575757575755,0.0584849182592677,5.8,5.8,1.1747425802543914,0.4797092671108419,0.817686250757117,7.090348800857488,6.689887195725312,29.1,48.0,False,,,,,,False,False,0.0,,False,0.0,,False,0.0,,,,,,,,,,,,,,,,,0.5,255.0,BetRivers,,,,,,,,,,0.5,255.0,BetRivers,,,,,,,,,,,,,,,,0.5,1200.0,Hard Rock Bet,,,,,,,,,,0.5,1200.0,Hard Rock Bet,0.5,1100.0,DraftKings,,,,,,,,,,0.5,1100.0,DraftKings,The Odds API,"[""Bally Bet"", ""BetMGM"", ""BetRivers"", ""Bovada"", ""Caesars"", ""Courtside"", ""DraftKings"", ""FanDuel"", ""Fanatics"", ""Hard Rock Bet"", ""theScore Bet""]",The Odds API,"[""Bally Bet"", ""BetMGM"", ""BetRivers"", ""Bovada"", ""Caesars"", ""Courtside"", ""DraftKings"", ""FanDuel"", ""Fanatics"", ""fanatics""]",The Odds API,"[""Bally Bet"", ""BetRivers""]",,,,,,,,,,,,,,,,,,,,,,ALTLINE_NB_v1_2026-01-18,,,,league_avg,2.3,,,,,,,,,,,,,,,,,,,,,,0.5,255.0,BetRivers,exp/fallback,0.426,0.3277217321380047,32.8,0.2816901408450704,16.341214908991663,16.3,0.3277217321380047,32.8,16.341214908991663,16.3,,,,,,,,,,,,,,,,exp/fallback,0.307,,,,,,,,,,,,,,,,,,,,,,0.5,1200.0,Hard Rock Bet,exp/fallback,0.2271999999999999,0.1954416413591294,19.5,0.0769230769230769,154.0741337668683,154.1,0.1954416413591294,19.5,154.0741337668683,154.1,,,,,,,,,,,,,0.5,1100.0,DraftKings,exp/fallback,0.1817,0.1578074397258786,15.8,0.0833333333333333,89.36892767105435,89.4,0.1578074397258786,15.8,89.36892767105435,89.4,,,,,,,,,,,,,False,True,True,True,False,,,Active roster,2026-10-01T17:24:42+00:00,False,[],2025-2026,,2026-09-24-frozen-v2,2026-10-01T17:24:46.238031+00:00,2026020009,8477499.0,PLAYER_ID,FINAL,1.0,W,OK,0.0,,NO_LINE,4.0,,NO_LINE,1.0,W,OK,1.0,W,OK,0.0,,NO_LINE
2026-10-01,PHI@NJD,2026020009,6:00 PM,2026-10-01T23:00:00Z,Sean Couturier,8476461,PHI,False,"{""season"":""2026-27"",""games"":[{""d"":""2026-09-30"",""g"":0,""a"":0,""s"":0,""pp"":0,""h"":""H"",""toi"":""15:04""}]}",2026-27,PHI,C,,Healthy,Unknown,,,1.0,0.0,,33.0,21.0,2026-10-01T17:24:18+00:00,NJD,Jake Allen,0.9031007751937984,2.744027928106468,38.5,Confirmed,dailyfaceoff_name_and_stats,20.0,4.0,20.0,4.0,,76.3,77.8,A1+A2,16.65,63.1,74.2,1.1,NONE,False,False,23.17952989306844,2.2607758356708025,3.3,26.1,6.0,1.2,True,,,0.0,,50.0,0.0,0.0,0.0,0.0,0.0,0.0,0.0,0.0,0.0,0.0,0.0,0.0,LOW,0.0,,LOW,0.0,,LOW,0.0,,LOW,0.0,,LOW,0.0,,LOW,0.0,,LOW,0.0,,LOW,0.0,,LOW,0.0,,1.541298906599921,0.3556843630615202,,,0.0,2.498315902860956,2.488765986864846,50.0,55.8,62.6,55.8,5.46,2.08,,5.46,2.08,,HOT,WARM,COOL,3.72,3.38,HOT,Yellow,Yellow,Red,Yellow,71.0,61.0,61.0,68.0,POINTS,71.0,1.0,1.0,1.0,1.0,0.0,1.0,C,Passenger,4.9,,29.1,,0.0,0.8188034188034188,63.86666666666667,0.8188034188034188,0.0491729651349305,4.9,4.9,1.435020876826722,0.8361169102296451,0.7045929018789143,7.090348800857488,6.689887195725312,29.1,46.3,False,,,,🅿️ D:1,,False,False,1.0,,False,0.0,,False,0.0,,,,,,,,,,,,,,,,,,,,,,,,,,,,,,,,,,,,,,,,,,,,,,,0.5,800.0,Fanatics,,,,,,,,,,0.5,800.0,Fanatics,0.5,800.0,Fanatics,,,,,,,,,,0.5,800.0,Fanatics,The Odds API,"[""Bally Bet"", ""BetMGM"", ""BetRivers"", ""Bovada"", ""Caesars"", ""Courtside"", ""DraftKings"", ""FanDuel"", ""Fanatics"", ""Hard Rock Bet"", ""theScore Bet""]",The Odds API,"[""Bally Bet"", ""BetMGM"", ""BetRivers"", ""Bovada"", ""Caesars"", ""Courtside"", ""DraftKings"", ""FanDuel"", ""Fanatics"", ""fanatics""]",,,,,,,,,,,,,,,,,,,,,,,,ALTLINE_NB_v1_2026-01-18,,,,league_avg,2.3,,,,,,,,,,,,,,,,,,,,,,,,,exp/fallback,0.546,,,,,,,,,,,,,,,,,,,,,,,,,exp/fallback,0.372,,,,,,,,,,,,,,,,,,,,,,0.5,800.0,Fanatics,exp/fallback,0.2632,0.2213913555723927,22.1,0.1111111111111111,99.25222001515348,99.3,0.2213913555723927,22.1,99.25222001515348,99.3,,,,,,,,,,,,,0.5,800.0,Fanatics,exp/fallback,0.2402,0.2000429678559909,20.0,0.1111111111111111,80.03867107039187,80.0,0.2000429678559909,20.0,80.03867107039187,80.0,,,,,,,,,,,,,False,False,True,True,False,,,Active roster,2026-10-01T17:24:42+00:00,False,[],2025-2026,,2026-09-24-frozen-v2,2026-10-01T17:24:46.238031+00:00,2026020009,8476461.0,PLAYER_ID,FINAL,1.0,,NO_LINE,1.0,,NO_LINE,2.0,,NO_LINE,0.0,L,OK,0.0,L,OK,0.0,,NO_LINE
2026-10-01,PHI@NJD,2026020009,6:00 PM,2026-10-01T23:00:00Z,Simon Benoit,8481122,TOR,True,,2026-27,PHI,D,,Healthy,Unknown,,,1.0,0.0,,33.0,21.0,2026-10-01T17:24:18+00:00,NJD,Jake Allen,0.9031007751937984,2.744027928106468,38.5,Confirmed,dailyfaceoff_name_and_stats,20.0,4.0,20.0,4.0,,36.4,37.3,A1+A2,17.3,69.0,43.2,0.97,NONE,False,False,23.17952989306844,2.2607758356708025,3.3,26.1,6.0,1.2,True,,,,,50.0,,,,,,,,,,,,,,,,,,,,,,,,,,,,,,,,,,,,,,,,0.27037988373665,0.05407597674733,,,0.0,2.498315902860956,2.488765986864846,50.0,55.8,35.8,55.8,1.23,0.43,,,,,COOL,COOL,COOL,0.8,,COOL,Red,Red,Red,Red,43.0,40.0,38.0,37.0,POINTS,43.0,,,,,,,,Passenger,0.0,,29.1,,,0.0054794520547945,0.4,0.0054794520547945,0.0003168024076982,0.0,0.0,0.0,0.0,0.0,7.090348800857488,6.689887195725312,29.1,13.7,False,,,,,,False,False,0.0,,False,0.0,,False,0.0,,,,,,,,,,,,,,,,,,,,,,,,,,,,,,,,,,,,,,,,,,,,,,,0.5,2800.0,Fanatics,,,,,,,,,,0.5,2800.0,Fanatics,0.5,2800.0,Fanatics,,,,,,,,,,0.5,2800.0,Fanatics,The Odds API,"[""Bally Bet"", ""BetMGM"", ""BetRivers"", ""Bovada"", ""Caesars"", ""Courtside"", ""DraftKings"", ""FanDuel"", ""Fanatics""]",The Odds API,"[""Bally Bet"", ""BetMGM"", ""BetRivers"", ""Bovada"", ""Caesars"", ""Courtside"", ""DraftKings"", ""FanDuel"", ""Fanatics"", ""fanatics""]",,,,,,,,,,,,,,,,,,,,,,,,ALTLINE_NB_v1_2026-01-18,,,,league_avg,2.3,,,,,,,,,,,,,,,,,,,,,,,,,exp/fallback,0.123,,,,,,,,,,,,,,,,,,,,,,,,,exp/fallback,0.08,,,,,,,,,,,,,,,,,,,,,,0.5,2800.0,Fanatics,exp/fallback,0.1972,0.1728826247012215,17.3,0.0344827586206896,401.3596116335424,401.4,0.1728826247012215,17.3,401.3596116335424,401.4,,,,,,,,,,,,,0.5,2800.0,Fanatics,exp/fallback,0.1329499999999999,0.1197209205617531,12.0,0.0344827586206896,247.190669629084,247.2,0.1197209205617531,12.0,247.190669629084,247.2,,,,,,,,,,,,,False,False,True,True,False,,,Active roster,2026-10-01T17:24:42+00:00,False,[],2025-2026,,2026-09-24-frozen-v2,2026-10-01T17:24:46.238031+00:00,2026020009,8481122.0,PLAYER_ID,FINAL,0.0,,NO_LINE,0.0,,NO_LINE,1.0,,NO_LINE,0.0,L,OK,0.0,L,OK,0.0,,NO_LINE
2026-10-01,PHI@NJD,2026020009,6:00 PM,2026-10-01T23:00:00Z,Travis Konecny,8478439,PHI,False,"{""season"":""2026-27"",""games"":[{""d"":""2026-09-30"",""g"":0,""a"":0,""s"":2,""pp"":0,""h"":""H"",""toi"":""14:47""}]}",2026-27,PHI,R,,Healthy,Unknown,,,1.0,0.0,,33.0,21.0,2026-10-01T17:24:18+00:00,NJD,Jake Allen,0.9031007751937984,2.744027928106468,38.5,Confirmed,dailyfaceoff_name_and_stats,20.0,4.0,20.0,4.0,,89.5,93.9,A1+A2,19.09,83.1,89.8,1.16,NONE,False,False,23.17952989306844,2.2607758356708025,3.3,26.1,6.0,1.2,True,,,2.0,,50.0,0.0,0.0,2.0,0.0,0.0,0.0,0.0,0.0,0.0,0.0,2.0,2.0,LOW,0.0,-0.5,LOW,0.0,,LOW,0.0,,LOW,0.0,,LOW,0.0,,LOW,0.0,,LOW,0.2,,LOW,0.1,,LOW,0.05,,2.254798156791983,0.6979137151975185,,,0.0,2.498315902860956,2.488765986864846,50.0,55.8,72.8,55.8,10.42,3.63,,9.47,3.3,,HOT,HOT,COOL,6.79,6.17,HOT,Green,Yellow,Yellow,Green,82.0,70.0,70.0,81.0,POINTS,82.0,1.0,1.0,1.0,1.0,0.0,1.0,A,Distributor,13.7,,29.1,,2.0,2.615367965367965,201.38333333333333,2.615367965367965,0.1370016780806385,13.7,13.7,3.642307373996524,1.489696267483241,2.53248365472151,7.090348800857488,6.689887195725312,29.1,68.7,False,,,,🅿️ D:1,,False,False,1.0,,False,0.0,,False,0.0,,1.5,-120.0,Bovada,2.5,240.0,theScore Bet,3.5,650.0,Fanatics,4.5,1700.0,Fanatics,1.5,-120.0,Bovada,0.5,115.0,theScore Bet,1.5,600.0,theScore Bet,2.5,2200.0,Fanatics,,,,0.5,115.0,theScore Bet,0.5,215.0,Bovada,1.5,1400.0,DraftKings,2.5,3300.0,Bovada,,,,0.5,215.0,Bovada,0.5,300.0,theScore Bet,,,,,,,,,,0.5,300.0,theScore Bet,0.5,290.0,FanDuel,,,,,,,,,,0.5,290.0,FanDuel,The Odds API,"[""Bally Bet"", ""BetMGM"", ""BetRivers"", ""Bovada"", ""Caesars"", ""Courtside"", ""DraftKings"", ""FanDuel"", ""Fanatics"", ""Hard Rock Bet"", ""fanduel"", ""theScore Bet""]",The Odds API,"[""Bally Bet"", ""BetMGM"", ""BetRivers"", ""Bovada"", ""Caesars"", ""Courtside"", ""DraftKings"", ""FanDuel"", ""Fanatics"", ""betmgm""]",The Odds API,"[""Bally Bet"", ""BetRivers"", ""Bovada"", ""Caesars"", ""Courtside"", ""DraftKings"", ""FanDuel"", ""Fanatics"", ""Hard Rock Bet"", ""draftkings"", ""theScore Bet""]",The Odds API,"[""Bally Bet"", ""BetRivers"", ""Bovada"", ""Caesars"", ""Courtside"", ""DraftKings"", ""FanDuel"", ""Fanatics"", ""Hard Rock Bet"", ""theScore Bet""]",The Odds API,"[""Bally Bet"", ""BetRivers"", ""Bovada"", ""Courtside"", ""DraftKings"", ""FanDuel"", ""Fanatics"", ""Hard Rock Bet"", ""draftkings"", ""theScore Bet""]",0.5,450.0,Hard Rock Bet,,,,,,,,,,0.5,450.0,Hard Rock Bet,The Odds API,"[""Bally Bet"", ""BetRivers"", ""Bovada"", ""Hard Rock Bet"", ""theScore Bet""]",ALTLINE_NB_v1_2026-01-18,1.5,-120.0,Bovada,exp/fallback,0.2,0.0205922919144261,2.1,0.5454545454545454,-96.2247464823552,-96.2,0.0205922919144261,2.1,-96.2247464823552,-96.2,0.0019369069985104,0.2,-99.34145162050643,-99.3,0.0001602036731851,0.0,-99.87984724511114,-99.9,1.2145062741386605e-05,0.0,-99.9781388870655,-100.0,0.5,115.0,theScore Bet,exp/fallback,1.042,0.5886803546100183,58.9,0.4651162790697674,26.56627624115394,26.6,0.5886803546100183,58.9,26.56627624115394,26.6,0.2746222682200711,27.5,92.23558775404976,92.2,0.112760500020196,11.3,159.34915004645077,159.3,,,,,0.5,215.0,Bovada,exp/fallback,0.679,0.4426672496367234,44.3,0.3174603174603174,39.44018363556789,39.4,0.4426672496367234,44.3,39.44018363556789,39.4,0.1601521787172275,16.0,140.2282680758413,140.2,0.0527458331660866,5.3,79.33583276469447,79.3,,,,,0.5,300.0,theScore Bet,exp/fallback,0.2439,0.2076276315237279,20.8,0.25,-16.948947390508806,-16.9,0.2076276315237279,20.8,-16.948947390508806,-16.9,,,,,,,,,,,,,0.5,290.0,FanDuel,exp/fallback,0.2557125,0.2106588736910937,21.1,0.2564102564102564,-17.84303926047346,-17.8,0.2106588736910937,21.1,-17.84303926047346,-17.8,,,,,,,,,,,,,False,True,False,False,True,,,Active roster,2026-10-01T17:24:42+00:00,False,"[{""market"":""Points"",""name"":""Hammer Fists"",""kind"":""FLOOR"",""rule"":""Conf_Points >= 80"",""icon"":""PTS05_HAMMER_FISTS.svg"",""kit_version"":""2026-09-24-frozen-v2""},{""market"":""Assists"",""name"":""Staff (Green Stance)"",""kind"":""STANCE"",""rule"":""Green + Assists 0.5"",""icon"":""staff.svg"",""kit_version"":""2026-09-24-frozen-v2""}]",2025-2026,,2026-09-24-frozen-v2,2026-10-01T17:24:46.238031+00:00,2026020009,8478439.0,PLAYER_ID,FINAL,1.0,W,OK,1.0,W,OK,1.0,L,OK,0.0,L,OK,0.0,L,OK,0.0,L,OK
2026-10-01,PHI@NJD,2026020009,6:00 PM,2026-10-01T23:00:00Z,Travis Sanheim,8477948,PHI,False,"{""season"":""2026-27"",""games"":[{""d"":""2026-09-30"",""g"":0,""a"":0,""s"":3,""pp"":0,""h"":""H"",""toi"":""20:15""}]}",2026-27,PHI,D,,Healthy,Unknown,,,1.0,0.0,,33.0,21.0,2026-10-01T17:24:18+00:00,NJD,Jake Allen,0.9031007751937984,2.744027928106468,38.5,Confirmed,dailyfaceoff_name_and_stats,20.0,4.0,20.0,4.0,,61.8,80.9,A1+A2,24.22,98.4,75.8,1.1,NONE,False,False,23.17952989306844,2.2607758356708025,3.3,26.1,6.0,1.2,True,,,3.0,,50.0,0.0,0.0,3.0,0.0,0.0,0.0,0.0,0.0,0.0,0.0,3.0,3.0,LOW,0.0,-0.5,LOW,0.0,,LOW,0.0,,LOW,0.0,,LOW,0.0,,LOW,0.0,,LOW,0.3,,LOW,0.15,,LOW,0.075,,1.0495853489979268,0.3887353144436766,,,0.0,2.498315902860956,2.488765986864846,50.0,55.8,52.2,55.8,4.68,1.14,,4.68,1.14,,HOT,COOL,COOL,3.89,3.54,HOT,Yellow,Red,Red,Yellow,75.0,56.0,54.0,70.0,POINTS,75.0,1.0,1.0,1.0,0.0,0.0,1.0,B,Distributor,4.2,,29.1,,1.0,1.02119341563786,82.71666666666667,1.02119341563786,0.0421586449431712,4.2,4.2,1.5359661495063468,0.4569816643159379,1.2693935119887163,7.090348800857488,6.689887195725312,29.1,47.9,False,,,,🅿️ D:1,,False,False,0.0,,False,0.0,,False,0.0,,1.5,150.0,BetRivers,,,,,,,,,,1.5,150.0,BetRivers,0.5,250.0,BetRivers,,,,,,,,,,0.5,250.0,BetRivers,,,,,,,,,,,,,,,,0.5,1400.0,FanDuel,,,,,,,,,,0.5,1400.0,FanDuel,0.5,1400.0,FanDuel,,,,,,,,,,0.5,1400.0,FanDuel,The Odds API,"[""Bally Bet"", ""BetMGM"", ""BetRivers"", ""Bovada"", ""Caesars"", ""Courtside"", ""DraftKings"", ""FanDuel"", ""Fanatics"", ""Hard Rock Bet"", ""theScore Bet""]",The Odds API,"[""Bally Bet"", ""BetMGM"", ""BetRivers"", ""Bovada"", ""Caesars"", ""Courtside"", ""DraftKings"", ""FanDuel"", ""Fanatics"", ""fanduel""]",The Odds API,"[""Bally Bet"", ""BetRivers""]",The Odds API,"[""Bally Bet"", ""BetRivers""]",,,,,,,,,,,,,,,,,,,,ALTLINE_NB_v1_2026-01-18,1.5,150.0,BetRivers,exp/fallback,0.3,0.0422318805185903,4.2,0.4,-89.4420298703524,-89.4,0.0422318805185903,4.2,-89.4420298703524,-89.4,,,,,,,,,,,,,0.5,250.0,BetRivers,exp/fallback,0.4679999999999999,0.3516998311826895,35.2,0.2857142857142857,23.094940913941343,23.1,0.3516998311826895,35.2,23.094940913941343,23.1,,,,,,,,,,,,,,,,exp/fallback,0.389,,,,,,,,,,,,,,,,,,,,,,0.5,1400.0,FanDuel,exp/fallback,0.1692,0.151020446018831,15.1,0.0666666666666666,126.53066902824652,126.5,0.151020446018831,15.1,126.53066902824652,126.5,,,,,,,,,,,,,0.5,1400.0,FanDuel,exp/fallback,0.1343249999999999,0.1208338639246232,12.1,0.0666666666666666,81.25079588693488,81.3,0.1208338639246232,12.1,81.25079588693488,81.3,,,,,,,,,,,,,False,True,True,True,False,,,Active roster,2026-10-01T17:24:42+00:00,False,[],2025-2026,,2026-09-24-frozen-v2,2026-10-01T17:24:46.238031+00:00,2026020009,8477948.0,PLAYER_ID,FINAL,2.0,W,OK,1.0,,NO_LINE,3.0,W,OK,1.0,W,OK,1.0,W,OK,0.0,,NO_LINE
2026-10-01,PHI@NJD,2026020009,6:00 PM,2026-10-01T23:00:00Z,Trevor Zegras,8481533,PHI,False,"{""season"":""2026-27"",""games"":[{""d"":""2026-09-30"",""g"":0,""a"":0,""s"":1,""pp"":0,""h"":""H"",""toi"":""16:25""}]}",2026-27,PHI,C,,Healthy,Unknown,,,1.0,0.0,,33.0,21.0,2026-10-01T17:24:18+00:00,NJD,Jake Allen,0.9031007751937984,2.744027928106468,38.5,Confirmed,dailyfaceoff_name_and_stats,20.0,4.0,20.0,4.0,,88.5,93.9,A1+A2,18.72,79.8,88.6,1.16,NONE,False,False,23.17952989306844,2.2607758356708025,3.3,26.1,6.0,1.2,True,,,1.0,,50.0,0.0,0.0,1.0,0.0,0.0,0.0,0.0,0.0,0.0,0.0,1.0,1.0,LOW,0.0,-0.5,LOW,0.0,,LOW,0.0,,LOW,0.0,,LOW,0.0,,LOW,0.0,,LOW,0.1,,LOW,0.05,,LOW,0.025,,1.8747944304352595,0.8880605196798597,,,0.0,2.498315902860956,2.488765986864846,50.0,55.8,69.3,55.8,9.72,3.29,,8.84,2.99,,HOT,HOT,COOL,6.44,5.85,HOT,Green,Yellow,Yellow,Green,81.0,69.0,69.0,80.0,POINTS,81.0,1.0,1.0,1.0,1.0,0.0,1.0,A,Hybrid,14.9,,29.1,,2.0,2.7808641975308643,225.25,2.7808641975308643,0.1485589289247477,14.9,14.9,3.249056603773585,1.4943396226415095,2.064372918978912,7.090348800857488,6.689887195725312,29.1,67.8,False,,,,🅿️ D:1,,False,False,1.0,,False,0.0,,False,0.0,,1.5,-116.0,BetOnline.ag,2.5,255.0,FanDuel,3.5,700.0,Fanatics,4.5,1700.0,Fanatics,1.5,-116.0,BetOnline.ag,0.5,-105.0,Fanatics,1.5,500.0,Fanatics,2.5,1900.0,Fanatics,3.5,4200.0,BetOnline.ag,0.5,-105.0,Fanatics,0.5,160.0,Hard Rock Bet,1.5,950.0,DraftKings,2.5,4000.0,Fanatics,,,,0.5,160.0,Hard Rock Bet,0.5,360.0,Fanatics,,,,,,,,,,0.5,360.0,Fanatics,0.5,360.0,Fanatics,,,,,,,,,,0.5,360.0,Fanatics,The Odds API,"[""Bally Bet"", ""BetMGM"", ""BetRivers"", ""Bovada"", ""Caesars"", ""Courtside"", ""DraftKings"", ""FanDuel"", ""Fanatics"", ""Hard Rock Bet"", ""fanduel"", ""theScore Bet""]",The Odds API,"[""Bally Bet"", ""BetMGM"", ""BetRivers"", ""Bovada"", ""Caesars"", ""Courtside"", ""DraftKings"", ""FanDuel"", ""Fanatics"", ""fanatics""]",The Odds API,"[""Bally Bet"", ""BetOnline.ag"", ""BetRivers"", ""Bovada"", ""Caesars"", ""Courtside"", ""DraftKings"", ""FanDuel"", ""Fanatics"", ""Hard Rock Bet"", ""draftkings"", ""theScore Bet""]",The Odds API,"[""Bally Bet"", ""BetOnline.ag"", ""BetRivers"", ""Bovada"", ""Caesars"", ""Courtside"", ""DraftKings"", ""FanDuel"", ""Fanatics"", ""Hard Rock Bet"", ""theScore Bet""]",The Odds API,"[""Bally Bet"", ""BetOnline.ag"", ""BetRivers"", ""Bovada"", ""Courtside"", ""DraftKings"", ""FanDuel"", ""Fanatics"", ""Hard Rock Bet"", ""draftkings"", ""theScore Bet""]",0.5,290.0,FanDuel,1.5,1000.0,Bovada,,,,,,,0.5,290.0,FanDuel,The Odds API,"[""Bally Bet"", ""BetRivers"", ""Bovada"", ""FanDuel"", ""Hard Rock Bet"", ""theScore Bet""]",ALTLINE_NB_v1_2026-01-18,1.5,-116.0,BetOnline.ag,exp/fallback,0.1,0.0056639264392934,0.6,0.5370370370370371,-98.9453378354419,-98.9,0.0056639264392934,0.6,-98.9453378354419,-98.9,0.0002745710270403,0.0,-99.9025272854007,-99.9,1.167564107673602e-05,0.0,-99.9906594871386,-100.0,1.0000000000287557e-06,0.0,-99.99819999999995,-100.0,0.5,-105.0,Fanatics,exp/fallback,0.972,0.5668301239374915,56.7,0.5121951219512195,10.6668337211293,10.7,0.5668301239374915,56.7,10.6668337211293,10.7,0.2526672232265839,25.3,51.6003339359504,51.6,0.0988675820115217,9.9,97.73516402304358,97.7,0.0356584771157926,3.6,53.33145159790826,53.3,0.5,160.0,Hard Rock Bet,exp/fallback,0.644,0.4278141815110742,42.8,0.3846153846153846,11.231687192879292,11.2,0.4278141815110742,42.8,11.231687192879292,11.2,0.1490791836995247,14.9,56.53314288450101,56.5,0.047241813092128,4.7,93.691433677725,93.7,,,,,0.5,360.0,Fanatics,exp/fallback,0.2337,0.2002156720170747,20.0,0.217391304347826,-7.900790872145647,-7.9,0.2002156720170747,20.0,-7.900790872145647,-7.9,,,,,,,,,,,,,0.5,360.0,Fanatics,exp/fallback,0.2391375,0.1993072381152435,19.9,0.217391304347826,-8.318670466987976,-8.3,0.1993072381152435,19.9,-8.318670466987976,-8.3,,,,,,,,,,,,,False,True,False,False,True,,,Active roster,2026-10-01T17:24:42+00:00,False,"[{""market"":""Points"",""name"":""Hammer Fists"",""kind"":""FLOOR"",""rule"":""Conf_Points >= 80"",""icon"":""PTS05_HAMMER_FISTS.svg"",""kit_version"":""2026-09-24-frozen-v2""},{""market"":""Assists"",""name"":""Staff (Green Stance)"",""kind"":""STANCE"",""rule"":""Green + Assists 0.5"",""icon"":""staff.svg"",""kit_version"":""2026-09-24-frozen-v2""}]",2025-2026,,2026-09-24-frozen-v2,2026-10-01T17:24:46.238031+00:00,2026020009,8481533.0,PLAYER_ID,FINAL,0.0,L,OK,0.0,L,OK,1.0,L,OK,0.0,L,OK,0.0,L,OK,0.0,L,OK
2026-10-01,PHI@NJD,2026020009,6:00 PM,2026-10-01T23:00:00Z,Tyson Foerster,8482159,PHI,False,,2026-27,PHI,R,,Healthy,Unknown,,,1.0,0.0,,33.0,21.0,2026-10-01T17:24:18+00:00,NJD,Jake Allen,0.9031007751937984,2.744027928106468,38.5,Confirmed,dailyfaceoff_name_and_stats,20.0,4.0,20.0,4.0,,53.2,31.9,A1+A2,17.3,69.2,48.9,1.0,NONE,False,False,23.17952989306844,2.2607758356708025,3.3,26.1,6.0,1.2,True,,,,,50.0,,,,,,,,,,,,,,,,,,,,,,,,,,,,,,,,,,,,,,,,1.839785358374856,0.153315446531238,,,0.0,2.498315902860956,2.488765986864846,50.0,55.8,68.4,55.8,3.52,2.15,,,,,COOL,COOL,COOL,1.37,,COOL,Red,Red,Red,Red,43.0,49.0,51.0,42.0,GOAL,51.0,,,,,,,C,Passenger,11.8,,29.1,,0.0,2.0482758620689654,59.4,2.0482758620689654,0.1184131836002392,11.8,11.8,2.4116161616161618,1.7676767676767675,0.7575757575757576,7.090348800857488,6.689887195725312,29.1,56.1,False,,,,,,False,False,0.0,,False,0.0,,False,0.0,,1.5,-130.0,theScore Bet,2.5,240.0,FanDuel,3.5,650.0,Fanatics,4.5,1500.0,Fanatics,1.5,-130.0,theScore Bet,0.5,140.0,theScore Bet,1.5,750.0,Bovada,2.5,3000.0,Fanatics,3.5,3700.0,BetOnline.ag,0.5,140.0,theScore Bet,0.5,280.0,Bovada,1.5,1900.0,Fanatics,2.5,3300.0,Bovada,,,,0.5,280.0,Bovada,0.5,325.0,Hard Rock Bet,,,,,,,,,,0.5,325.0,Hard Rock Bet,0.5,320.0,FanDuel,,,,,,,,,,0.5,320.0,FanDuel,The Odds API,"[""Bally Bet"", ""BetMGM"", ""BetRivers"", ""Bovada"", ""Caesars"", ""Courtside"", ""DraftKings"", ""FanDuel"", ""Fanatics"", ""Hard Rock Bet"", ""fanduel"", ""theScore Bet""]",The Odds API,"[""Bally Bet"", ""BetMGM"", ""BetRivers"", ""Bovada"", ""Caesars"", ""Courtside"", ""DraftKings"", ""FanDuel"", ""Fanatics"", ""fanduel""]",The Odds API,"[""Bally Bet"", ""BetOnline.ag"", ""BetRivers"", ""Bovada"", ""Caesars"", ""Courtside"", ""DraftKings"", ""Fanatics"", ""Hard Rock Bet"", ""draftkings"", ""theScore Bet""]",The Odds API,"[""Bally Bet"", ""BetOnline.ag"", ""BetRivers"", ""Bovada"", ""Caesars"", ""Courtside"", ""DraftKings"", ""FanDuel"", ""Fanatics"", ""Hard Rock Bet"", ""theScore Bet""]",The Odds API,"[""Bally Bet"", ""BetOnline.ag"", ""BetRivers"", ""Bovada"", ""Courtside"", ""DraftKings"", ""Fanatics"", ""Hard Rock Bet"", ""draftkings"", ""theScore Bet""]",0.5,425.0,Hard Rock Bet,,,,,,,,,,0.5,425.0,Hard Rock Bet,The Odds API,"[""Bally Bet"", ""BetRivers"", ""Bovada"", ""FanDuel"", ""Hard Rock Bet"", ""theScore Bet""]",ALTLINE_NB_v1_2026-01-18,1.5,-130.0,theScore Bet,league_avg,2.3,0.6001759479749428,60.0,0.5652173913043478,6.184975410951416,6.2,0.6001759479749428,60.0,6.184975410951416,6.2,0.3835789960842564,38.4,30.41685866864716,30.4,0.2254288407355011,22.5,69.07163055162589,69.1,0.1243884637071297,12.4,99.0215419314076,99.0,0.5,140.0,theScore Bet,exp/fallback,0.352,0.2824752731247749,28.2,0.4166666666666667,-32.205934450054016,-32.2,0.2824752731247749,28.2,-32.205934450054016,-32.2,0.0576099741040492,5.8,-51.03152201155816,-51.0,0.0100423146958188,1.0,-68.86882444296158,-68.9,0.0015948766052783,0.2,-93.93946889994228,-93.9,0.5,280.0,Bovada,exp/fallback,0.137,0.1241072189112257,12.4,0.2631578947368421,-52.8392568137342,-52.8,0.1241072189112257,12.4,-52.8392568137342,-52.8,0.0118027631235214,1.2,-76.39447375295707,-76.4,0.0010032471364492,0.1,-96.58895973607244,-96.6,,,,,0.5,325.0,Hard Rock Bet,exp/fallback,0.266,0.2233603083082554,22.3,0.2352941176470588,-5.071868968991423,-5.1,0.2233603083082554,22.3,-5.071868968991423,-5.1,,,,,,,,,,,,,0.5,320.0,FanDuel,exp/fallback,0.24475,0.2031810425082469,20.3,0.238095238095238,-14.663962146536267,-14.7,0.2031810425082469,20.3,-14.663962146536267,-14.7,,,,,,,,,,,,,False,False,False,False,False,,,Active roster,2026-10-01T17:24:42+00:00,False,[],2025-2026,,2026-09-24-frozen-v2,2026-10-01T17:24:46.238031+00:00,2026020009,8482159.0,PLAYER_ID,FINAL,0.0,L,OK,0.0,L,OK,2.0,W,OK,0.0,L,OK,0.0,L,OK,0.0,L,OK
2026-10-01,SEA@CGY,2026020014,8:00 PM,2026-10-02T01:00:00Z,Adam Klapka,8483609,CGY,False,,2026-27,CGY,R,,Healthy,Unknown,,,1.0,0.0,,33.0,22.0,2026-10-02T00:13:56+00:00,SEA,Joey Daccord,0.8961038961038961,3.029834213115667,56.2,Unconfirmed,dailyfaceoff_name_and_stats,27.25,4.0,27.25,4.0,,61.2,54.3,A1+A2,10.63,18.7,50.2,1.0,NONE,False,False,27.26968423401644,2.358611968609365,83.9,39.1,9.0,2.25,True,,,,,50.0,,,,,,,,,,,,,,,,,,,,,,,,,,,,,,,,,,,,,,,,1.2124273806516797,0.5304369790351099,,,0.0,2.50617758761598,2.394115667515985,50.0,54.0,54.9,54.0,2.55,1.03,,,,,COOL,COOL,COOL,1.52,,COOL,Red,Red,Red,Red,50.0,49.0,51.0,47.0,GOAL,51.0,,,,,,,C,Passenger,3.8,,44.2,,0.0,0.4080168776371308,32.233333333333334,0.4080168776371308,0.0383676870275953,3.8,3.8,2.2709410548086866,0.6887280248190278,1.861427094105481,5.912499424943645,8.069910250354274,44.2,55.0,False,,,,,,False,False,0.0,,False,0.0,,False,0.0,,,,,,,,,,,,,,,,,0.5,340.0,Fanatics,1.5,2500.0,Fanatics,,,,,,,0.5,340.0,Fanatics,0.5,600.0,BetOnline.ag,1.5,2900.0,BetOnline.ag,,,,,,,0.5,600.0,BetOnline.ag,0.5,900.0,FanDuel,,,,,,,,,,0.5,900.0,FanDuel,0.5,900.0,FanDuel,,,,,,,,,,0.5,900.0,FanDuel,The Odds API,"[""Bally Bet"", ""BetMGM"", ""BetRivers"", ""Bovada"", ""Caesars"", ""Courtside"", ""DraftKings"", ""FanDuel"", ""Fanatics"", ""Hard Rock Bet"", ""theScore Bet""]",The Odds API,"[""Bally Bet"", ""BetMGM"", ""BetRivers"", ""Bovada"", ""Caesars"", ""Courtside"", ""DraftKings"", ""FanDuel"", ""Fanatics"", ""fanduel""]",The Odds API,"[""Bovada"", ""Fanatics""]",,,The Odds API,"[""BetOnline.ag"", ""Fanatics"", ""ReBet""]",,,,,,,,,,,,,,,,,,ALTLINE_NB_v1_2026-01-18,,,,league_avg,2.3,,,,,,,,,,,,,,,,,,,,,,0.5,340.0,Fanatics,exp/fallback,0.255,0.2167124340106224,21.7,0.2272727272727272,-4.646529035326119,-4.6,0.2167124340106224,21.7,-4.646529035326119,-4.6,0.0333400866823772,3.3,-13.315774625819277,-13.3,,,,,,,,,0.5,600.0,BetOnline.ag,exp/fallback,0.152,0.136275065297605,13.6,0.1428571428571428,-4.607454291676483,-4.6,0.136275065297605,13.6,-4.607454291676483,-4.6,0.0142618774957797,1.4,-57.21436751266064,-57.2,,,,,,,,,0.5,900.0,FanDuel,exp/fallback,0.2212,0.1909993585540725,19.1,0.1,90.99935855407256,91.0,0.1909993585540725,19.1,90.99935855407256,91.0,,,,,,,,,,,,,0.5,900.0,FanDuel,exp/fallback,0.17195,0.150410237895853,15.0,0.1,50.41023789585307,50.4,0.150410237895853,15.0,50.41023789585307,50.4,,,,,,,,,,,,,False,False,True,True,False,,,Active roster,2026-10-02T00:14:24+00:00,False,[],2025-2026,,2026-09-24-frozen-v2,2026-10-02T00:14:28.971676+00:00,2026020014,8483609.0,PLAYER_ID,FINAL,0.0,L,OK,0.0,L,OK,0.0,,NO_LINE,0.0,L,OK,0.0,L,OK,0.0,,NO_LINE
2026-10-01,SEA@CGY,2026020014,8:00 PM,2026-10-02T01:00:00Z,Brayden Pachal,8481167,CGY,False,,2026-27,CGY,D,,Healthy,Unknown,,,1.0,0.0,,33.0,22.0,2026-10-02T00:13:56+00:00,SEA,Joey Daccord,0.8961038961038961,3.029834213115667,56.2,Unconfirmed,dailyfaceoff_name_and_stats,27.25,4.0,27.25,4.0,,22.7,37.3,A1+A2,13.88,42.4,31.8,0.94,NONE,False,False,27.26968423401644,2.358611968609365,83.9,39.1,9.0,2.25,True,,,,,50.0,,,,,,,,,,,,,,,,,,,,,,,,,,,,,,,,,,,,,,,,0.8301215535131931,0.2371775867180551,,,0.0,2.50617758761598,2.394115667515985,50.0,54.0,46.3,54.0,1.71,0.27,,,,,COOL,COOL,COOL,1.45,,COOL,Red,Red,Red,Red,42.0,30.0,30.0,36.0,POINTS,42.0,,,,,,,C,Passenger,0.0,,44.2,,0.0,0.0025641025641025,0.1,0.0025641025641025,0.0001847916474175,0.0,0.0,0.0,0.0,0.0,5.912499424943645,8.069910250354274,44.2,18.9,False,,,,,,False,False,0.0,,False,0.0,,False,0.0,,,,,,,,,,,,,,,,,,,,,,,,,,,,,,,,,,,,,,,,,,,,,,,,,,,,,,,,,,,,,,,,,,,,,,,,,,,,,,,,,,,,,,,,,,,,,,,,,,,,,,,,ALTLINE_NB_v1_2026-01-18,,,,league_avg,2.3,,,,,,,,,,,,,,,,,,,,,,,,,exp/fallback,0.1709999999999999,,,,,,,,,,,,,,,,,,,,,,,,,exp/fallback,0.145,,,,,,,,,,,,,,,,,,,,,,,,,exp/fallback,0.1908,,,,,,,,,,,,,,,,,,,,,,,,,exp/fallback,0.1225499999999999,,,,,,,,,,,,,,,,,,,,,,False,False,False,False,False,,,Active roster,2026-10-02T00:14:24+00:00,False,[],2025-2026,,2026-09-24-frozen-v2,2026-10-02T00:14:28.971676+00:00,2026020014,,,NO_PLAYER,,,NO_PLAYER,,,NO_PLAYER,,,NO_PLAYER,,,NO_PLAYER,,,NO_PLAYER,,,NO_PLAYER
2026-10-01,SEA@CGY,2026020014,8:00 PM,2026-10-02T01:00:00Z,Brennan Othmann,8482747,CGY,False,,2026-27,CGY,L,,Healthy,Unknown,,,1.0,0.0,,33.0,22.0,2026-10-02T00:13:56+00:00,SEA,Joey Daccord,0.8961038961038961,3.029834213115667,56.2,Unconfirmed,dailyfaceoff_name_and_stats,27.25,4.0,27.25,4.0,,29.8,17.6,A1+A2,10.0,13.9,22.4,0.94,NONE,False,False,27.26968423401644,2.358611968609365,83.9,39.1,9.0,2.25,True,,,,,50.0,,,,,,,,,,,,,,,,,,,,,,,,,,,,,,,,,,,,,,,,0.6577144423129625,0.0,,,0.0,2.50617758761598,2.394115667515985,50.0,54.0,41.0,54.0,1.51,1.01,,,,,COOL,COOL,COOL,0.49,,COOL,Red,Red,Red,Red,29.0,32.0,33.0,24.0,GOAL,33.0,,,,,,,C,Passenger,2.7,,44.2,,0.0,0.2692982456140351,5.116666666666666,0.2692982456140351,0.0269251008594983,2.7,2.7,9.96742671009772,0.0,11.726384364820849,5.912499424943645,8.069910250354274,44.2,65.0,False,,,,,,False,False,0.0,,False,0.0,,False,0.0,,,,,,,,,,,,,,,,,,,,,,,,,,,,,,,,,,,,,,,,,,,,,,,,,,,,,,,,,,,,,,,,,,,,,,,,,,,,,,,,,,,,,,,,,,,,,,,,,,,,,,,,ALTLINE_NB_v1_2026-01-18,,,,league_avg,2.3,,,,,,,,,,,,,,,,,,,,,,,,,exp/fallback,0.151,,,,,,,,,,,,,,,,,,,,,,,,,exp/fallback,0.049,,,,,,,,,,,,,,,,,,,,,,,,,exp/fallback,0.2203999999999999,,,,,,,,,,,,,,,,,,,,,,,,,exp/fallback,0.17065,,,,,,,,,,,,,,,,,,,,,,False,False,False,False,False,,,Active roster,2026-10-02T00:14:24+00:00,False,[],2025-2026,,2026-09-24-frozen-v2,2026-10-02T00:14:28.971676+00:00,2026020014,,,NO_PLAYER,,,NO_PLAYER,,,NO_PLAYER,,,NO_PLAYER,,,NO_PLAYER,,,NO_PLAYER,,,NO_PLAYER
2026-10-01,SEA@CGY,2026020014,8:00 PM,2026-10-02T01:00:00Z,Connor Zary,8482074,CGY,False,"{""season"":""2026-27"",""games"":[]}",2026-27,CGY,C,,Healthy,Unknown,,,1.0,0.0,,33.0,22.0,2026-10-02T00:13:56+00:00,SEA,Joey Daccord,0.8961038961038961,3.029834213115667,56.2,Unconfirmed,dailyfaceoff_name_and_stats,27.25,4.0,27.25,4.0,11.1,77.3,56.5,A1+A2,14.37,45.6,63.7,1.06,NONE,False,False,27.26968423401644,2.358611968609365,83.9,39.1,9.0,2.25,True,1.0,1.375,2.2,1.42,36.6,2.0,2.0,15.0,1.0,0.0,0.0,4.0,15.0,1.0,7.0,29.0,64.0,LOW,0.2,-0.3,LOW,0.2,,LOW,0.375,,LOW,0.0,,LOW,0.05,,LOW,0.175,,LOW,1.5,,LOW,1.45,,LOW,1.6,,1.1147134894903648,0.1967141452041819,,,0.0,2.50617758761598,2.394115667515985,50.0,54.0,53.1,54.0,4.01,2.16,14.2,2.01,0.16,-0.8,WARM,COOL,COOL,1.85,1.85,WARM,Red,Red,Red,Red,51.0,57.0,65.0,59.0,GOAL,65.0,1.0,10.0,1.0,1.0,0.0,10.0,A,Hybrid,11.2,,44.2,,2.0,1.6051801801801802,118.78333333333332,1.6051801801801802,0.1117119658923477,11.2,11.2,2.6531499929844253,1.2577522099059917,1.6416444506805108,5.912499424943645,8.069910250354274,44.2,64.7,False,,,,🥅 D:1,,False,False,0.0,,False,0.0,,False,0.0,,1.5,-108.0,BetRivers,2.5,240.0,theScore Bet,3.5,650.0,Fanatics,4.5,1700.0,Fanatics,1.5,-108.0,BetRivers,0.5,158.0,BetOnline.ag,1.5,900.0,Fanatics,2.5,4000.0,Fanatics,3.5,3300.0,BetOnline.ag,0.5,158.0,BetOnline.ag,0.5,320.0,Fanatics,1.5,2200.0,Fanatics,,,,,,,0.5,320.0,Fanatics,0.5,360.0,theScore Bet,,,,,,,,,,0.5,360.0,theScore Bet,0.5,350.0,FanDuel,,,,,,,,,,0.5,350.0,FanDuel,The Odds API,"[""Bally Bet"", ""BetMGM"", ""BetRivers"", ""Bovada"", ""Caesars"", ""Courtside"", ""DraftKings"", ""FanDuel"", ""Fanatics"", ""Hard Rock Bet"", ""theScore Bet""]",The Odds API,"[""Bally Bet"", ""BetMGM"", ""BetRivers"", ""Bovada"", ""Caesars"", ""Courtside"", ""DraftKings"", ""FanDuel"", ""Fanatics"", ""fanduel""]",The Odds API,"[""Bally Bet"", ""BetOnline.ag"", ""BetRivers"", ""Bovada"", ""Fanatics"", ""ReBet""]",The Odds API,"[""Bally Bet"", ""BetOnline.ag"", ""BetRivers"", ""Courtside"", ""DraftKings"", ""Fanatics"", ""Hard Rock Bet"", ""ReBet"", ""theScore Bet""]",The Odds API,"[""Bally Bet"", ""BetOnline.ag"", ""BetRivers"", ""Fanatics"", ""ReBet""]",0.5,600.0,Bovada,,,,,,,,,,0.5,600.0,Bovada,The Odds API,"[""Bovada"", ""Hard Rock Bet"", ""theScore Bet""]",ALTLINE_NB_v1_2026-01-18,1.5,-108.0,BetRivers,exp/fallback,1.42,0.3924717024116516,39.2,0.5192307692307693,-24.412857313311537,-24.4,0.3924717024116516,39.2,-24.412857313311537,-24.4,0.1888514671706115,18.9,-35.79050116199208,-35.8,0.0821574693690332,8.2,-38.38189797322508,-38.4,0.0332396493437708,3.3,-40.16863118121241,-40.2,0.5,158.0,BetOnline.ag,exp/fallback,0.4009999999999999,0.3128780711465453,31.3,0.3875968992248062,-19.27745764419131,-19.3,0.3128780711465453,31.3,-19.27745764419131,-19.3,0.0712541017772857,7.1,-28.74589822271425,-28.7,0.0139019134938427,1.4,-43.0021546752448,-43.0,0.0024735547288954,0.2,-91.58991392175552,-91.6,0.5,320.0,Fanatics,exp/fallback,0.185,0.1621676816656106,16.2,0.238095238095238,-31.889573700443503,-31.9,0.1621676816656106,16.2,-31.889573700443503,-31.9,0.0202921861124187,2.0,-53.32797194143679,-53.3,,,,,,,,,0.5,360.0,theScore Bet,exp/fallback,0.1998,0.1748725426279482,17.5,0.217391304347826,-19.5586303911438,-19.6,0.1748725426279482,17.5,-19.5586303911438,-19.6,,,,,,,,,,,,,0.5,350.0,FanDuel,exp/fallback,0.18405,0.159574470787757,16.0,0.2222222222222222,-28.191488145509343,-28.2,0.159574470787757,16.0,-28.191488145509343,-28.2,,,,,,,,,,,,,False,False,False,False,False,11.1,,Active roster,2026-10-02T00:14:24+00:00,False,[],2025-2026,,2026-09-24-frozen-v2,2026-10-02T00:14:28.971676+00:00,2026020014,8482074.0,PLAYER_ID,FINAL,1.0,W,OK,1.0,W,OK,1.0,L,OK,0.0,L,OK,0.0,L,OK,0.0,L,OK
2026-10-01,SEA@CGY,2026020014,8:00 PM,2026-10-02T01:00:00Z,Jake Middleton,8478136,MIN,True,,2026-27,CGY,D,,Healthy,Unknown,,,1.0,0.0,,33.0,22.0,2026-10-02T00:13:56+00:00,SEA,Joey Daccord,0.8961038961038961,3.029834213115667,56.2,Unconfirmed,dailyfaceoff_name_and_stats,27.25,4.0,27.25,4.0,,40.0,58.4,A1+A2,17.51,71.1,52.7,1.01,NONE,False,False,27.26968423401644,2.358611968609365,83.9,39.1,9.0,2.25,True,,,,,50.0,,,,,,,,,,,,,,,,,,,,,,,,,,,,,,,,,,,,,,,,0.7387429643527205,0.3693714821763602,,,0.0,2.50617758761598,2.394115667515985,50.0,54.0,43.7,54.0,2.4,0.51,,,,,COOL,COOL,COOL,1.89,,COOL,Red,Red,Red,Red,56.0,42.0,42.0,50.0,POINTS,56.0,,,,,,,,Passenger,0.1,,44.2,,,0.0197777777777777,1.4833333333333334,0.0197777777777777,0.0011297857215395,0.1,0.1,0.0,0.0,0.0,5.912499424943645,8.069910250354274,44.2,23.5,False,,,,,,False,False,0.0,,False,0.0,,False,0.0,,,,,,,,,,,,,,,,,0.5,260.0,BetRivers,,,,,,,,,,0.5,260.0,BetRivers,,,,,,,,,,,,,,,,0.5,2000.0,Fanatics,,,,,,,,,,0.5,2000.0,Fanatics,0.5,2000.0,Fanatics,,,,,,,,,,0.5,2000.0,Fanatics,The Odds API,"[""Bally Bet"", ""BetMGM"", ""BetRivers"", ""Bovada"", ""Caesars"", ""Courtside"", ""DraftKings"", ""FanDuel"", ""Fanatics""]",The Odds API,"[""Bally Bet"", ""BetMGM"", ""BetRivers"", ""Bovada"", ""Caesars"", ""Courtside"", ""DraftKings"", ""FanDuel"", ""Fanatics"", ""fanatics""]",The Odds API,"[""Bally Bet"", ""BetRivers""]",,,,,,,,,,,,,,,,,,,,,,ALTLINE_NB_v1_2026-01-18,,,,league_avg,2.3,,,,,,,,,,,,,,,,,,,,,,0.5,260.0,BetRivers,exp/fallback,0.24,0.2058247716595111,20.6,0.2777777777777778,-25.90308220257597,-25.9,0.2058247716595111,20.6,-25.90308220257597,-25.9,,,,,,,,,,,,,,,,exp/fallback,0.189,,,,,,,,,,,,,,,,,,,,,,0.5,2000.0,Fanatics,exp/fallback,0.2004,0.1753308024940375,17.5,0.0476190476190476,268.19468523747884,268.2,0.1753308024940375,17.5,268.19468523747884,268.2,,,,,,,,,,,,,0.5,2000.0,Fanatics,exp/fallback,0.13815,0.123917688434018,12.4,0.0476190476190476,160.22714571143794,160.2,0.123917688434018,12.4,160.22714571143794,160.2,,,,,,,,,,,,,False,False,True,True,False,,,Active roster,2026-10-02T00:14:24+00:00,False,[],2025-2026,,2026-09-24-frozen-v2,2026-10-02T00:14:28.971676+00:00,2026020014,8478136.0,PLAYER_ID,FINAL,0.0,L,OK,0.0,,NO_LINE,2.0,,NO_LINE,0.0,L,OK,0.0,L,OK,0.0,,NO_LINE
2026-10-01,SEA@CGY,2026020014,8:00 PM,2026-10-02T01:00:00Z,Joel Farabee,8480797,CGY,False,"{""season"":""2026-27"",""games"":[]}",2026-27,CGY,L,,Healthy,Unknown,,,1.0,0.0,,33.0,22.0,2026-10-02T00:13:56+00:00,SEA,Joey Daccord,0.8961038961038961,3.029834213115667,56.2,Unconfirmed,dailyfaceoff_name_and_stats,27.25,4.0,27.25,4.0,22.2,80.5,68.0,A1+A2,16.92,65.6,73.2,1.09,NONE,False,False,27.26968423401644,2.358611968609365,83.9,39.1,9.0,2.25,True,2.0,2.0,2.0,2.0,61.0,6.0,4.0,21.0,1.0,0.0,2.0,10.0,20.0,5.0,9.0,32.0,66.0,OK,0.6,0.1,LOW,0.5,,LOW,0.5,,LOW,0.2,,LOW,0.25,,LOW,0.225,,LOW,2.1,,LOW,1.6,,LOW,1.65,,1.548767746297093,0.442505070370598,,,2.0,2.50617758761598,2.394115667515985,50.0,54.0,62.7,54.0,4.63,2.23,22.0,-1.37,-1.77,-1.0,COOL,COOL,COOL,2.4,0.4,COOL,Red,Red,Yellow,Red,53.0,66.0,68.0,66.0,GOAL,68.0,0.0,6.0,0.0,0.0,0.0,10.0,B,Hybrid,6.3,,44.2,,1.0,1.0733739837398373,88.01666666666667,1.0733739837398373,0.063448391863804,6.3,6.3,2.1132361295209243,0.9543647036546108,1.3633781480780156,5.912499424943645,8.069910250354274,44.2,56.6,False,,,,🥅 D:0,,False,False,0.0,,False,0.0,,False,0.0,,1.5,-140.0,theScore Bet,2.5,200.0,theScore Bet,3.5,500.0,Fanatics,4.5,1300.0,Fanatics,1.5,-140.0,theScore Bet,0.5,115.0,theScore Bet,1.5,600.0,theScore Bet,2.5,2200.0,Fanatics,3.5,4200.0,BetOnline.ag,0.5,115.0,theScore Bet,0.5,255.0,Bovada,1.5,1400.0,DraftKings,2.5,3300.0,Bovada,,,,0.5,255.0,Bovada,0.5,260.0,theScore Bet,,,,,,,,,,0.5,260.0,theScore Bet,0.5,260.0,FanDuel,,,,,,,,,,0.5,260.0,FanDuel,The Odds API,"[""Bally Bet"", ""BetMGM"", ""BetRivers"", ""Bovada"", ""Caesars"", ""Courtside"", ""DraftKings"", ""FanDuel"", ""Fanatics"", ""Hard Rock Bet"", ""fanduel"", ""theScore Bet""]",The Odds API,"[""Bally Bet"", ""BetMGM"", ""BetRivers"", ""Bovada"", ""Caesars"", ""Courtside"", ""DraftKings"", ""FanDuel"", ""Fanatics"", ""fanduel""]",The Odds API,"[""Bally Bet"", ""BetOnline.ag"", ""BetRivers"", ""Bovada"", ""Caesars"", ""Courtside"", ""DraftKings"", ""FanDuel"", ""Fanatics"", ""Hard Rock Bet"", ""ReBet"", ""draftkings"", ""theScore Bet""]",The Odds API,"[""Bally Bet"", ""BetOnline.ag"", ""BetRivers"", ""Courtside"", ""DraftKings"", ""FanDuel"", ""Fanatics"", ""Hard Rock Bet"", ""ReBet"", ""theScore Bet""]",The Odds API,"[""Bally Bet"", ""BetOnline.ag"", ""BetRivers"", ""Bovada"", ""Courtside"", ""DraftKings"", ""FanDuel"", ""Fanatics"", ""Hard Rock Bet"", ""ReBet"", ""draftkings"", ""theScore Bet""]",0.5,325.0,Hard Rock Bet,,,,,,,,,,0.5,325.0,Hard Rock Bet,The Odds API,"[""Bally Bet"", ""BetRivers"", ""Bovada"", ""FanDuel"", ""Hard Rock Bet"", ""theScore Bet""]",ALTLINE_NB_v1_2026-01-18,1.5,-140.0,theScore Bet,exp/fallback,2.2,0.5808468089046723,58.1,0.5833333333333334,-0.4262613306275975,-0.4,0.5808468089046723,58.1,-0.4262613306275975,-0.4,0.3627068685926952,36.3,8.812060577808555,8.8,0.2078978786938726,20.8,24.738727216323607,24.7,0.1117664898050877,11.2,56.47308572712285,56.5,0.5,115.0,theScore Bet,exp/fallback,0.4629999999999999,0.3489064611218126,34.9,0.4651162790697674,-24.98511085881028,-25.0,0.3489064611218126,34.9,-24.98511085881028,-25.0,0.0894887867527229,8.9,-37.35784927309391,-37.4,0.0197202667387823,2.0,-54.64338650080058,-54.6,0.0039679892685149,0.4,-82.93764614538577,-82.9,0.5,255.0,Bovada,exp/fallback,0.24,0.2028061224489793,20.3,0.2816901408450704,-28.00382653061234,-28.0,0.2028061224489793,20.3,-28.00382653061234,-28.0,0.0319788629737608,3.2,-52.03170553935873,-52.0,0.0045244819866722,0.5,-84.61676124531448,-84.6,,,,,0.5,260.0,theScore Bet,exp/fallback,0.2692,0.2256020148693807,22.6,0.2777777777777778,-18.78327464702296,-18.8,0.2256020148693807,22.6,-18.78327464702296,-18.8,,,,,,,,,,,,,0.5,260.0,FanDuel,exp/fallback,0.24995,0.2067426161042829,20.7,0.2777777777777778,-25.57265820245816,-25.6,0.2067426161042829,20.7,-25.57265820245816,-25.6,,,,,,,,,,,,,False,False,False,False,False,22.2,,Active roster,2026-10-02T00:14:24+00:00,False,[],2025-2026,,2026-09-24-frozen-v2,2026-10-02T00:14:28.971676+00:00,2026020014,8480797.0,PLAYER_ID,FINAL,0.0,L,OK,0.0,L,OK,1.0,L,OK,0.0,L,OK,0.0,L,OK,0.0,L,OK
2026-10-01,SEA@CGY,2026020014,8:00 PM,2026-10-02T01:00:00Z,Joel Hanley,8477810,CGY,False,,2026-27,CGY,D,,Healthy,Unknown,,,1.0,0.0,,33.0,22.0,2026-10-02T00:13:56+00:00,SEA,Joey Daccord,0.8961038961038961,3.029834213115667,56.2,Unconfirmed,dailyfaceoff_name_and_stats,27.25,4.0,27.25,4.0,,30.6,40.6,A1+A2,14.67,47.3,37.5,0.95,NONE,False,False,27.26968423401644,2.358611968609365,83.9,39.1,9.0,2.25,True,,,,,50.0,,,,,,,,,,,,,,,,,,,,,,,,,,,,,,,,,,,,,,,,0.4602151323118505,0.0657450189016929,,,0.0,2.50617758761598,2.394115667515985,50.0,54.0,37.3,54.0,1.29,0.31,,,,,COOL,COOL,COOL,0.98,,COOL,Red,Red,Red,Red,44.0,35.0,35.0,37.0,POINTS,44.0,,,,,,,C,Passenger,0.2,,44.2,,0.0,0.0262254901960784,1.7833333333333334,0.0262254901960784,0.0017877132307486,0.2,0.2,0.0,0.0,0.0,5.912499424943645,8.069910250354274,44.2,26.3,False,,,,,,False,False,0.0,,False,0.0,,False,0.0,,,,,,,,,,,,,,,,,,,,,,,,,,,,,,,,,,,,,,,,,,,,,,,,,,,,,,,,,,,,,,,,,,,,,,,,,,,,,,,,,,,,,,,,,,,,,,,,,,,,,,,,ALTLINE_NB_v1_2026-01-18,,,,league_avg,2.3,,,,,,,,,,,,,,,,,,,,,,,,,exp/fallback,0.129,,,,,,,,,,,,,,,,,,,,,,,,,exp/fallback,0.098,,,,,,,,,,,,,,,,,,,,,,,,,exp/fallback,0.1924,,,,,,,,,,,,,,,,,,,,,,,,,exp/fallback,0.1251499999999999,,,,,,,,,,,,,,,,,,,,,,False,False,False,False,False,,,Active roster,2026-10-02T00:14:24+00:00,False,[],2025-2026,,2026-09-24-frozen-v2,2026-10-02T00:14:28.971676+00:00,2026020014,,,NO_PLAYER,,,NO_PLAYER,,,NO_PLAYER,,,NO_PLAYER,,,NO_PLAYER,,,NO_PLAYER,,,NO_PLAYER
2026-10-01,SEA@CGY,2026020014,8:00 PM,2026-10-02T01:00:00Z,Kevin Bahl,8480860,CGY,False,,2026-27,CGY,D,,Healthy,Unknown,,,1.0,0.0,,33.0,22.0,2026-10-02T00:13:56+00:00,SEA,Joey Daccord,0.8961038961038961,3.029834213115667,56.2,Unconfirmed,dailyfaceoff_name_and_stats,27.25,4.0,27.25,4.0,,33.7,58.4,A1+A2,21.95,94.7,54.6,1.02,NONE,False,False,27.26968423401644,2.358611968609365,83.9,39.1,9.0,2.25,True,,,,,50.0,,,,,,,,,,,,,,,,,,,,,,,,,,,,,,,,,,,,,,,,0.6565828510286464,0.1313165702057293,,,0.0,2.50617758761598,2.394115667515985,50.0,54.0,40.9,54.0,2.24,0.36,,,,,COOL,COOL,COOL,1.88,,COOL,Red,Red,Red,Red,58.0,40.0,39.0,51.0,POINTS,58.0,,,,,,,C,Passenger,1.2,,44.2,,0.0,0.2605263157894737,19.8,0.2605263157894737,0.0118697919788981,1.2,1.2,2.606060606060606,0.0303030303030303,3.0303030303030303,5.912499424943645,8.069910250354274,44.2,57.0,False,,,,,,False,False,0.0,,False,0.0,,False,0.0,,,,,,,,,,,,,,,,,0.5,320.0,Fanatics,1.5,2500.0,Fanatics,,,,,,,0.5,320.0,Fanatics,0.5,400.0,BetOnline.ag,1.5,3000.0,Fanatics,,,,,,,0.5,400.0,BetOnline.ag,0.5,1700.0,DraftKings,,,,,,,,,,0.5,1700.0,DraftKings,0.5,1700.0,DraftKings,,,,,,,,,,0.5,1700.0,DraftKings,The Odds API,"[""Bally Bet"", ""BetMGM"", ""BetRivers"", ""Bovada"", ""Caesars"", ""Courtside"", ""DraftKings"", ""FanDuel"", ""Fanatics"", ""Hard Rock Bet"", ""theScore Bet""]",The Odds API,"[""Bally Bet"", ""BetMGM"", ""BetRivers"", ""Bovada"", ""Caesars"", ""Courtside"", ""DraftKings"", ""FanDuel"", ""Fanatics"", ""fanatics""]",The Odds API,"[""Bovada"", ""Fanatics""]",,,The Odds API,"[""BetOnline.ag"", ""Fanatics"", ""ReBet""]",,,,,,,,,,,,,,,,,,ALTLINE_NB_v1_2026-01-18,,,,league_avg,2.3,,,,,,,,,,,,,,,,,,,,,,0.5,320.0,Fanatics,exp/fallback,0.224,0.1939848549092501,19.4,0.238095238095238,-18.526360938114948,-18.5,0.1939848549092501,19.4,-18.526360938114948,-18.5,0.0265633114185896,2.7,-30.935390311666787,-30.9,,,,,,,,,0.5,400.0,BetOnline.ag,exp/fallback,0.188,0.1644636357863567,16.4,0.2,-17.76818210682165,-17.8,0.1644636357863567,16.4,-17.76818210682165,-17.8,0.0208796901993686,2.1,-35.27296038195722,-35.3,,,,,,,,,0.5,1700.0,DraftKings,exp/fallback,0.1944,0.1707321143974325,17.1,0.0555555555555555,207.31780591537853,207.3,0.1707321143974325,17.1,207.31780591537853,207.3,,,,,,,,,,,,,0.5,1700.0,DraftKings,exp/fallback,0.1284,0.1160214650159255,11.6,0.0555555555555555,108.83863702866608,108.8,0.1160214650159255,11.6,108.83863702866608,108.8,,,,,,,,,,,,,False,False,True,True,False,,,Active roster,2026-10-02T00:14:24+00:00,False,[],2025-2026,,2026-09-24-frozen-v2,2026-10-02T00:14:28.971676+00:00,2026020014,8480860.0,PLAYER_ID,FINAL,0.0,L,OK,0.0,L,OK,1.0,,NO_LINE,0.0,L,OK,0.0,L,OK,0.0,,NO_LINE
2026-10-01,SEA@CGY,2026020014,8:00 PM,2026-10-02T01:00:00Z,Martin Pospisil,8481028,CGY,False,,2026-27,CGY,C,,Healthy,Unknown,,,1.0,0.0,,33.0,22.0,2026-10-02T00:13:56+00:00,SEA,Joey Daccord,0.8961038961038961,3.029834213115667,56.2,Unconfirmed,dailyfaceoff_name_and_stats,27.25,4.0,27.25,4.0,,28.2,24.0,A1+A2,10.15,14.9,24.1,0.94,NONE,False,False,27.26968423401644,2.358611968609365,83.9,39.1,9.0,2.25,True,,,,,50.0,,,,,,,,,,,,,,,,,,,,,,,,,,,,,,,,,,,,,,,,0.8366904245429191,0.278896808180973,,,0.0,2.50617758761598,2.394115667515985,50.0,54.0,46.5,54.0,1.64,0.78,,,,,COOL,COOL,COOL,0.85,,COOL,Red,Red,Red,Red,33.0,31.0,32.0,28.0,POINTS,33.0,,,,,,,C,Passenger,0.4,,44.2,,0.0,0.0371212121212121,0.8166666666666667,0.0371212121212121,0.0036567164179104,0.4,0.4,0.0,0.0,0.0,5.912499424943645,8.069910250354274,44.2,31.0,False,,,,,,False,False,0.0,,False,0.0,,False,0.0,,,,,,,,,,,,,,,,,0.5,300.0,Bovada,1.5,2200.0,Fanatics,,,,,,,0.5,300.0,Bovada,0.5,410.0,Fanatics,1.5,3500.0,Fanatics,,,,,,,0.5,410.0,Fanatics,0.5,900.0,Fanatics,,,,,,,,,,0.5,900.0,Fanatics,0.5,900.0,Fanatics,,,,,,,,,,0.5,900.0,Fanatics,The Odds API,"[""Bally Bet"", ""BetMGM"", ""BetRivers"", ""Bovada"", ""Caesars"", ""Courtside"", ""DraftKings"", ""FanDuel"", ""Fanatics"", ""Hard Rock Bet"", ""theScore Bet""]",The Odds API,"[""Bally Bet"", ""BetMGM"", ""BetRivers"", ""Bovada"", ""Caesars"", ""Courtside"", ""DraftKings"", ""FanDuel"", ""Fanatics"", ""fanatics""]",The Odds API,"[""Bovada"", ""Fanatics""]",,,The Odds API,"[""BetOnline.ag"", ""Fanatics"", ""ReBet""]",,,,,,,,,,,,,,,,,,ALTLINE_NB_v1_2026-01-18,,,,league_avg,2.3,,,,,,,,,,,,,,,,,,,,,,0.5,300.0,Bovada,exp/fallback,0.1639999999999999,0.1474009590315974,14.7,0.25,-41.03961638736102,-41.0,0.1474009590315974,14.7,-41.03961638736102,-41.0,0.0151650570845403,1.5,-65.12036870555731,-65.1,,,,,,,,,0.5,410.0,Fanatics,exp/fallback,0.0849999999999999,0.0798727924135513,8.0,0.196078431372549,-59.2648758690888,-59.3,0.0798727924135513,8.0,-59.2648758690888,-59.3,0.0048504301642963,0.5,-82.53845140853326,-82.5,,,,,,,,,0.5,900.0,Fanatics,exp/fallback,0.2112,0.1835189074877097,18.4,0.1,83.51890748770971,83.5,0.1835189074877097,18.4,83.51890748770971,83.5,,,,,,,,,,,,,0.5,900.0,Fanatics,exp/fallback,0.1557,0.1378408858045667,13.8,0.1,37.84088580456677,37.8,0.1378408858045667,13.8,37.84088580456677,37.8,,,,,,,,,,,,,False,False,True,True,False,,,Active roster,2026-10-02T00:14:24+00:00,False,[],2025-2026,,2026-09-24-frozen-v2,2026-10-02T00:14:28.971676+00:00,2026020014,8481028.0,PLAYER_ID,FINAL,0.0,L,OK,0.0,L,OK,2.0,,NO_LINE,0.0,L,OK,0.0,L,OK,0.0,,NO_LINE
2026-10-01,SEA@CGY,2026020014,8:00 PM,2026-10-02T01:00:00Z,Matt Coronato,8482679,CGY,False,"{""season"":""2026-27"",""games"":[]}",2026-27,CGY,R,,Healthy,Unknown,,,1.0,0.0,,33.0,22.0,2026-10-02T00:13:56+00:00,SEA,Joey Daccord,0.8961038961038961,3.029834213115667,56.2,Unconfirmed,dailyfaceoff_name_and_stats,27.25,4.0,27.25,4.0,22.2,89.7,82.2,A1+A2,16.65,63.3,81.8,1.13,NONE,False,False,27.26968423401644,2.358611968609365,83.9,39.1,9.0,2.25,True,2.0,2.125,2.6,2.21,71.1,10.0,2.0,22.0,1.0,4.0,8.0,15.0,21.0,11.0,14.0,46.0,100.0,STRONG,1.0,0.5,OK,0.75,,LOW,0.525,,STRONG,0.8,,OK,0.55,,LOW,0.35,,LOW,2.2,,LOW,2.3,,OK,2.5,,1.4741550382713329,0.3401896242164614,,,8.0,2.50617758761598,2.394115667515985,50.0,54.0,61.5,54.0,6.89,3.09,24.31,-3.11,1.09,0.1,COOL,COOL,COOL,4.18,-4.2,COOL,Yellow,Red,Red,Yellow,60.0,73.0,74.0,72.0,GOAL,74.0,0.0,0.0,1.0,1.0,3.0,0.0,A,Hybrid,15.7,,44.2,,2.0,2.611666666666667,208.9333333333333,2.611666666666667,0.1568411570413372,15.7,15.7,2.8451659221442247,1.6857051691129548,1.3640714741544353,5.912499424943645,8.069910250354274,44.2,70.1,False,,,,🥅 D:1,,False,False,0.0,,False,0.0,,False,0.0,,1.5,-295.0,DraftKings,2.5,-102.0,FanDuel,3.5,240.0,Fanatics,4.5,575.0,Fanatics,2.5,-102.0,FanDuel,0.5,-120.0,Hard Rock Bet,1.5,400.0,theScore Bet,2.5,1400.0,Bovada,3.5,4000.0,Fanatics,0.5,-120.0,Hard Rock Bet,0.5,170.0,Hard Rock Bet,1.5,900.0,Bovada,2.5,3000.0,Fanatics,,,,0.5,170.0,Hard Rock Bet,0.5,235.0,BetRivers,,,,,,,,,,0.5,235.0,BetRivers,0.5,235.0,BetRivers,,,,,,,,,,0.5,235.0,BetRivers,The Odds API,"[""Bally Bet"", ""BetMGM"", ""BetRivers"", ""Bovada"", ""Caesars"", ""Courtside"", ""DraftKings"", ""FanDuel"", ""Fanatics"", ""Hard Rock Bet"", ""fanduel"", ""theScore Bet""]",The Odds API,"[""Bally Bet"", ""BetMGM"", ""BetRivers"", ""Bovada"", ""Caesars"", ""Courtside"", ""DraftKings"", ""FanDuel"", ""Fanatics"", ""betrivers""]",The Odds API,"[""Bally Bet"", ""BetOnline.ag"", ""BetRivers"", ""Bovada"", ""Caesars"", ""Courtside"", ""DraftKings"", ""FanDuel"", ""Fanatics"", ""Hard Rock Bet"", ""ReBet"", ""draftkings"", ""theScore Bet""]",The Odds API,"[""Bally Bet"", ""BetOnline.ag"", ""BetRivers"", ""Courtside"", ""DraftKings"", ""FanDuel"", ""Fanatics"", ""Hard Rock Bet"", ""ReBet"", ""fanduel"", ""theScore Bet""]",The Odds API,"[""Bally Bet"", ""BetOnline.ag"", ""BetRivers"", ""Bovada"", ""Courtside"", ""DraftKings"", ""FanDuel"", ""Fanatics"", ""Hard Rock Bet"", ""ReBet"", ""draftkings"", ""theScore Bet""]",0.5,250.0,Hard Rock Bet,1.5,800.0,Bovada,,,,,,,0.5,250.0,Hard Rock Bet,The Odds API,"[""Bally Bet"", ""BetRivers"", ""Bovada"", ""FanDuel"", ""Hard Rock Bet"", ""theScore Bet""]",ALTLINE_NB_v1_2026-01-18,2.5,-102.0,FanDuel,exp/fallback,2.431,0.4101644106532437,41.0,0.504950495049505,-18.7713618118086,-18.8,0.6240289720959198,62.4,-16.443578312580232,-16.4,0.4101644106532437,41.0,-18.7713618118086,-18.8,0.2484773483403388,24.8,-15.517701564284792,-15.5,0.1415177487687831,14.2,-4.475519581071419,-4.5,0.5,-120.0,Hard Rock Bet,exp/fallback,0.689,0.4605755188330823,46.1,0.5454545454545454,-15.561154880601569,-15.6,0.4605755188330823,46.1,-15.561154880601569,-15.6,0.1611246325389146,16.1,-19.437683730542687,-19.4,0.0489165022216604,4.9,-26.625246667509337,-26.6,0.0136187587201767,1.4,-44.16308924727551,-44.2,0.5,170.0,Hard Rock Bet,exp/fallback,0.418,0.3158561957089133,31.6,0.3703703703703703,-14.718827158593406,-14.7,0.3158561957089133,31.6,-14.718827158593406,-14.7,0.0793201244155515,7.9,-20.67987558444841,-20.7,0.0179850885590843,1.8,-44.24622546683862,-44.2,,,,,0.5,235.0,BetRivers,exp/fallback,0.3036,0.2491384019575944,24.9,0.2985074626865671,-16.538635344205876,-16.5,0.2491384019575944,24.9,-16.538635344205876,-16.5,,,,,,,,,,,,,0.5,235.0,BetRivers,exp/fallback,0.30585,0.2434288357670803,24.3,0.2985074626865671,-18.45134001802809,-18.5,0.2434288357670803,24.3,-18.45134001802809,-18.5,,,,,,,,,,,,,False,False,False,False,False,22.2,,Active roster,2026-10-02T00:14:24+00:00,False,[],2025-2026,,2026-09-24-frozen-v2,2026-10-02T00:14:28.971676+00:00,2026020014,8482679.0,PLAYER_ID,FINAL,0.0,L,OK,0.0,L,OK,1.0,L,OK,0.0,L,OK,0.0,L,OK,0.0,L,OK
2026-10-01,SEA@CGY,2026020014,8:00 PM,2026-10-02T01:00:00Z,Matvei Gridin,8484860,CGY,False,,2026-27,CGY,R,,Healthy,Unknown,,,1.0,0.0,,33.0,22.0,2026-10-02T00:13:56+00:00,SEA,Joey Daccord,0.8961038961038961,3.029834213115667,56.2,Unconfirmed,dailyfaceoff_name_and_stats,27.25,4.0,27.25,4.0,,54.7,58.4,A1+A2,15.16,51.7,55.4,1.02,NONE,False,False,27.26968423401644,2.358611968609365,83.9,39.1,9.0,2.25,True,,,,,50.0,,,,,,,,,,,,,,,,,,,,,,,,,,,,,,,,,,,,,,,,1.3854388972466152,0.5037959626351328,,,0.0,2.50617758761598,2.394115667515985,50.0,54.0,59.9,54.0,5.64,1.77,,,,,COOL,COOL,COOL,3.87,,COOL,Red,Red,Red,Red,56.0,48.0,49.0,52.0,POINTS,56.0,,,,,,,C,Passenger,12.3,,44.2,,0.0,1.85990990990991,68.81666666666666,1.85990990990991,0.1226496361206,12.3,12.3,3.727294744490192,0.3923468152094939,3.9234681520949386,5.912499424943645,8.069910250354274,44.2,75.9,False,,,,,,False,False,0.0,,False,0.0,,False,0.0,,1.5,-295.0,FanDuel,2.5,102.0,FanDuel,3.5,260.0,FanDuel,4.5,580.0,FanDuel,2.5,102.0,FanDuel,0.5,-105.0,Fanatics,1.5,500.0,Bovada,2.5,1900.0,Fanatics,3.5,4500.0,BetOnline.ag,0.5,-105.0,Fanatics,0.5,200.0,Hard Rock Bet,1.5,1100.0,Fanatics,2.5,3300.0,Bovada,,,,0.5,200.0,Hard Rock Bet,0.5,275.0,BetRivers,,,,,,,,,,0.5,275.0,BetRivers,0.5,275.0,BetRivers,,,,,,,,,,0.5,275.0,BetRivers,The Odds API,"[""Bally Bet"", ""BetMGM"", ""BetRivers"", ""Bovada"", ""Caesars"", ""Courtside"", ""DraftKings"", ""FanDuel"", ""Fanatics"", ""Hard Rock Bet"", ""fanduel"", ""theScore Bet""]",The Odds API,"[""Bally Bet"", ""BetMGM"", ""BetRivers"", ""Bovada"", ""Caesars"", ""Courtside"", ""DraftKings"", ""FanDuel"", ""Fanatics"", ""betrivers""]",The Odds API,"[""Bally Bet"", ""BetOnline.ag"", ""BetRivers"", ""Bovada"", ""Caesars"", ""Courtside"", ""DraftKings"", ""FanDuel"", ""Fanatics"", ""Hard Rock Bet"", ""ReBet"", ""draftkings"", ""theScore Bet""]",The Odds API,"[""Bally Bet"", ""BetOnline.ag"", ""BetRivers"", ""Courtside"", ""DraftKings"", ""FanDuel"", ""Fanatics"", ""Hard Rock Bet"", ""ReBet"", ""fanduel"", ""theScore Bet""]",The Odds API,"[""Bally Bet"", ""BetOnline.ag"", ""BetRivers"", ""Bovada"", ""Courtside"", ""DraftKings"", ""FanDuel"", ""Fanatics"", ""Hard Rock Bet"", ""ReBet"", ""draftkings"", ""theScore Bet""]",0.5,250.0,Hard Rock Bet,,,,,,,,,,0.5,250.0,Hard Rock Bet,The Odds API,"[""Bally Bet"", ""BetRivers"", ""Bovada"", ""FanDuel"", ""Hard Rock Bet"", ""theScore Bet""]",ALTLINE_NB_v1_2026-01-18,2.5,102.0,FanDuel,league_avg,2.3,0.3835789960842564,38.4,0.495049504950495,-22.51704279098021,-22.5,0.6001759479749428,60.0,-19.637457813524613,-19.6,0.3835789960842564,38.4,-22.51704279098021,-22.5,0.2254288407355011,22.5,-18.84561733521958,-18.8,0.1243884637071297,12.4,-15.41584467915177,-15.4,0.5,-105.0,Fanatics,exp/fallback,0.564,0.4023330030683195,40.2,0.5121951219512195,-21.449270829518568,-21.4,0.4023330030683195,40.2,-21.449270829518568,-21.4,0.1208195687360431,12.1,-27.508258758374105,-27.5,0.0313155062253552,3.1,-37.36898754928944,-37.4,0.007425829944734,0.7,-65.84118225422331,-65.8,0.5,200.0,Hard Rock Bet,exp/fallback,0.387,0.2979708373575692,29.8,0.3333333333333333,-10.608748792729228,-10.6,0.2979708373575692,29.8,-10.608748792729228,-10.6,0.0703333962661401,7.0,-15.599924480631875,-15.6,0.0149737253178474,1.5,-49.08933391931862,-49.1,,,,,0.5,275.0,BetRivers,exp/fallback,0.2508,0.2125871778747681,21.3,0.2666666666666666,-20.279808296961967,-20.3,0.2125871778747681,21.3,-20.279808296961967,-20.3,,,,,,,,,,,,,0.5,275.0,BetRivers,exp/fallback,0.22005,0.1858974607464493,18.6,0.2666666666666666,-30.288452220081503,-30.3,0.1858974607464493,18.6,-30.288452220081503,-30.3,,,,,,,,,,,,,False,False,False,False,False,,,Active roster,2026-10-02T00:14:24+00:00,False,[],2025-2026,,2026-09-24-frozen-v2,2026-10-02T00:14:28.971676+00:00,2026020014,8484860.0,PLAYER_ID,FINAL,0.0,L,OK,0.0,L,OK,0.0,L,OK,0.0,L,OK,0.0,L,OK,0.0,L,OK
2026-10-01,SEA@CGY,2026020014,8:00 PM,2026-10-02T01:00:00Z,Maxim Tsyplakov,8484958,NJD,True,,2026-27,CGY,R,,Healthy,Unknown,,,1.0,0.0,,33.0,22.0,2026-10-02T00:13:56+00:00,SEA,Joey Daccord,0.8961038961038961,3.029834213115667,56.2,Unconfirmed,dailyfaceoff_name_and_stats,27.25,4.0,27.25,4.0,,42.0,24.0,A1+A2,9.12,9.0,29.1,0.94,NONE,False,False,27.26968423401644,2.358611968609365,83.9,39.1,9.0,2.25,True,,,,,50.0,,,,,,,,,,,,,,,,,,,,,,,,,,,,,,,,,,,,,,,,0.5501853054674665,0.2750926527337332,,,0.0,2.50617758761598,2.394115667515985,50.0,54.0,39.1,54.0,1.16,0.78,,,,,COOL,COOL,COOL,0.38,,COOL,Red,Red,Red,Red,31.0,38.0,40.0,27.0,GOAL,40.0,,,,,,,,Passenger,1.2,,44.2,,,0.1091836734693877,5.35,0.1091836734693877,0.0119709118030952,1.2,1.2,0.6728971962616823,0.6728971962616823,0.0,5.912499424943645,8.069910250354274,44.2,35.6,False,,,,,,False,False,0.0,,False,0.0,,False,0.0,,,,,,,,,,,,,,,,,0.5,230.0,BetOnline.ag,1.5,1500.0,Bovada,2.5,1450.0,BetOnline.ag,3.5,2800.0,BetOnline.ag,0.5,230.0,BetOnline.ag,,,,,,,,,,,,,,,,0.5,700.0,theScore Bet,,,,,,,,,,0.5,700.0,theScore Bet,0.5,525.0,FanDuel,,,,,,,,,,0.5,525.0,FanDuel,The Odds API,"[""Bally Bet"", ""BetMGM"", ""BetRivers"", ""Bovada"", ""Caesars"", ""Courtside"", ""DraftKings"", ""FanDuel"", ""Fanatics"", ""Hard Rock Bet"", ""theScore Bet""]",The Odds API,"[""Bally Bet"", ""BetMGM"", ""BetRivers"", ""Bovada"", ""Caesars"", ""Courtside"", ""DraftKings"", ""FanDuel"", ""Fanatics"", ""fanduel""]",The Odds API,"[""BetOnline.ag"", ""Bovada"", ""ReBet""]",,,,,,,,,,,,,,,,,,,,,,ALTLINE_NB_v1_2026-01-18,,,,league_avg,2.3,,,,,,,,,,,,,,,,,,,,,,0.5,230.0,BetOnline.ag,exp/fallback,0.1159999999999999,0.107480624913021,10.7,0.303030303030303,-64.53139377870308,-64.5,0.107480624913021,10.7,-64.53139377870308,-64.5,0.0079877866369401,0.8,-87.21954138089583,-87.2,0.0005014429534717,0.1,-99.22276342211876,-99.2,2.8540469526605605e-05,0.0,-99.91723263837284,-99.9,,,,exp/fallback,0.038,,,,,,,,,,,,,,,,,,,,,,0.5,700.0,theScore Bet,exp/fallback,0.2112,0.1835189074877097,18.4,0.125,46.81512599016777,46.8,0.1835189074877097,18.4,46.81512599016777,46.8,,,,,,,,,,,,,0.5,525.0,FanDuel,exp/fallback,0.1557,0.1378408858045667,13.8,0.16,-13.849446372145769,-13.8,0.1378408858045667,13.8,-13.849446372145769,-13.8,,,,,,,,,,,,,False,False,True,False,False,,,Active roster,2026-10-02T00:14:24+00:00,False,[],2025-2026,,2026-09-24-frozen-v2,2026-10-02T00:14:28.971676+00:00,2026020014,8484958.0,PLAYER_ID,FINAL,0.0,L,OK,0.0,,NO_LINE,1.0,,NO_LINE,0.0,L,OK,0.0,L,OK,0.0,,NO_LINE
2026-10-01,SEA@CGY,2026020014,8:00 PM,2026-10-02T01:00:00Z,Mikael Backlund,8474150,CGY,False,"{""season"":""2026-27"",""games"":[]}",2026-27,CGY,C,,Healthy,Unknown,,,1.0,0.0,,33.0,22.0,2026-10-02T00:13:56+00:00,SEA,Joey Daccord,0.8961038961038961,3.029834213115667,56.2,Unconfirmed,dailyfaceoff_name_and_stats,27.25,4.0,27.25,4.0,16.7,86.7,80.9,A1+A2,17.95,75.0,82.3,1.13,NONE,False,False,27.26968423401644,2.358611968609365,83.9,39.1,9.0,2.25,True,1.5,1.125,2.2,1.745,51.2,4.0,1.0,14.0,1.0,1.0,3.0,8.0,17.0,4.0,10.0,35.0,84.0,LOW,0.4,-0.1,LOW,0.4,,LOW,0.425,,LOW,0.3,,LOW,0.2,,LOW,0.25,,LOW,1.4,,LOW,1.75,,LOW,2.1,,1.5524625267665952,0.8029978586723768,,,3.0,2.50617758761598,2.394115667515985,50.0,54.0,62.9,54.0,6.3,2.72,19.2,2.3,1.72,3.45,WARM,WARM,HOT,3.94,0.58,COOL,Yellow,Red,Yellow,Yellow,69.0,70.0,72.0,69.0,GOAL,72.0,1.0,1.0,2.0,3.0,0.0,10.0,B,Hybrid,5.8,,44.2,,1.0,1.0473577235772358,85.88333333333334,1.0473577235772358,0.0583532449296205,5.8,5.8,2.738598874442072,1.5509411993013775,1.3972443236949348,5.912499424943645,8.069910250354274,44.2,56.0,False,,,,🥅 D:2,,False,False,1.0,,False,0.0,,False,0.0,,1.5,-179.0,BetOnline.ag,2.5,175.0,Fanatics,3.5,440.0,Fanatics,4.5,1100.0,Fanatics,1.5,-179.0,BetOnline.ag,0.5,160.0,BetRivers,1.5,850.0,DraftKings,2.5,4000.0,Fanatics,3.5,3400.0,BetOnline.ag,0.5,160.0,BetRivers,0.5,280.0,Bovada,1.5,1900.0,Fanatics,2.5,3300.0,Bovada,,,,0.5,280.0,Bovada,0.5,390.0,DraftKings,,,,,,,,,,0.5,390.0,DraftKings,0.5,390.0,DraftKings,,,,,,,,,,0.5,390.0,DraftKings,The Odds API,"[""Bally Bet"", ""BetMGM"", ""BetRivers"", ""Bovada"", ""Caesars"", ""Courtside"", ""DraftKings"", ""FanDuel"", ""Fanatics"", ""Hard Rock Bet"", ""fanduel"", ""theScore Bet""]",The Odds API,"[""Bally Bet"", ""BetMGM"", ""BetRivers"", ""Bovada"", ""Caesars"", ""Courtside"", ""DraftKings"", ""FanDuel"", ""Fanatics"", ""betrivers""]",The Odds API,"[""Bally Bet"", ""BetOnline.ag"", ""BetRivers"", ""Bovada"", ""Caesars"", ""Courtside"", ""DraftKings"", ""Fanatics"", ""Hard Rock Bet"", ""ReBet"", ""draftkings"", ""theScore Bet""]",The Odds API,"[""Bally Bet"", ""BetOnline.ag"", ""BetRivers"", ""Courtside"", ""DraftKings"", ""FanDuel"", ""Fanatics"", ""Hard Rock Bet"", ""ReBet"", ""theScore Bet""]",The Odds API,"[""Bally Bet"", ""BetOnline.ag"", ""BetRivers"", ""Bovada"", ""Courtside"", ""DraftKings"", ""Fanatics"", ""Hard Rock Bet"", ""ReBet"", ""draftkings"", ""theScore Bet""]",0.5,850.0,Hard Rock Bet,,,,,,,,,,0.5,850.0,Hard Rock Bet,The Odds API,"[""Bovada"", ""Hard Rock Bet"", ""theScore Bet""]",ALTLINE_NB_v1_2026-01-18,1.5,-179.0,BetOnline.ag,exp/fallback,1.92,0.5211821413652526,52.1,0.6415770609318996,-18.76546511681257,-18.8,0.5211821413652526,52.1,-18.76546511681257,-18.8,0.3019459835165925,30.2,-16.964854532937057,-17.0,0.1597387459931373,16.0,-13.74107716370585,-13.7,0.0790265301014465,7.9,-5.168163878264132,-5.2,0.5,160.0,BetRivers,exp/fallback,0.63,0.4340876271226928,43.4,0.3846153846153846,12.862783051900127,12.9,0.4340876271226928,43.4,12.862783051900127,12.9,0.1419739074072454,14.2,34.8752120368832,34.9,0.0401948338234732,4.0,64.7988186762402,64.8,0.0104241420828696,1.0,-63.51550270995612,-63.5,0.5,280.0,Bovada,exp/fallback,0.394,0.3020702689611805,30.2,0.2631578947368421,14.78670220524858,14.8,0.3020702689611805,30.2,14.78670220524858,14.8,0.0723423541497394,7.2,44.684708299478885,44.7,0.015630074428118,1.6,-46.85774694439869,-46.9,,,,,0.5,390.0,DraftKings,exp/fallback,0.24548,0.2087671481382556,20.9,0.2040816326530612,2.2959025877452355,2.3,0.2087671481382556,20.9,2.2959025877452355,2.3,,,,,,,,,,,,,0.5,390.0,DraftKings,exp/fallback,0.23953,0.1995791553303738,20.0,0.2040816326530612,-2.2062138881168147,-2.2,0.1995791553303738,20.0,-2.2062138881168147,-2.2,,,,,,,,,,,,,False,True,False,False,True,16.7,,Active roster,2026-10-02T00:14:24+00:00,False,[],2025-2026,,2026-09-24-frozen-v2,2026-10-02T00:14:28.971676+00:00,2026020014,8474150.0,PLAYER_ID,FINAL,0.0,L,OK,0.0,L,OK,1.0,L,OK,0.0,L,OK,0.0,L,OK,0.0,L,OK
2026-10-01,SEA@CGY,2026020014,8:00 PM,2026-10-02T01:00:00Z,Morgan Frost,8480028,CGY,False,"{""season"":""2026-27"",""games"":[]}",2026-27,CGY,C,,Healthy,Unknown,,,1.0,0.0,,33.0,22.0,2026-10-02T00:13:56+00:00,SEA,Joey Daccord,0.8961038961038961,3.029834213115667,56.2,Unconfirmed,dailyfaceoff_name_and_stats,27.25,4.0,27.25,4.0,16.7,84.0,72.9,A1+A2,15.5,54.0,74.1,1.1,NONE,False,False,27.26968423401644,2.358611968609365,83.9,39.1,9.0,2.25,True,1.5,1.875,2.2,1.745,51.2,8.0,5.0,20.0,1.0,1.0,3.0,11.0,24.0,3.0,10.0,35.0,63.0,GOOD,0.8,0.3,LOW,0.55,,OK,0.6,,LOW,0.3,,LOW,0.15,,LOW,0.25,,LOW,2.0,,LOW,1.75,,LOW,1.575,,1.4893511393536216,0.4765923645931589,,,3.0,2.50617758761598,2.394115667515985,50.0,54.0,61.6,54.0,5.29,2.48,17.45,-2.71,-2.52,-2.55,COOL,COOL,COOL,2.81,-0.19,COOL,Yellow,Red,Yellow,Yellow,54.0,65.0,68.0,62.0,GOAL,68.0,0.0,2.0,0.0,2.0,2.0,0.0,A,Hybrid,16.1,,44.2,,2.0,2.5016260162601625,205.13333333333333,2.5016260162601625,0.1613740658188016,16.1,16.1,3.202794930126747,1.4624634384140398,2.047448813779656,5.912499424943645,8.069910250354274,44.2,74.3,False,,,,🥅 D:0,,False,False,0.0,,False,0.0,,False,0.0,,1.5,-220.0,Fanatics,2.5,132.0,BetOnline.ag,3.5,340.0,Fanatics,4.5,800.0,Fanatics,2.5,132.0,BetOnline.ag,0.5,-105.0,theScore Bet,1.5,500.0,theScore Bet,2.5,1750.0,BetOnline.ag,3.5,4600.0,BetOnline.ag,0.5,-105.0,theScore Bet,0.5,200.0,theScore Bet,1.5,1200.0,DraftKings,2.5,3300.0,Bovada,,,,0.5,200.0,theScore Bet,0.5,260.0,BetRivers,,,,,,,,,,0.5,260.0,BetRivers,0.5,260.0,BetRivers,,,,,,,,,,0.5,260.0,BetRivers,The Odds API,"[""Bally Bet"", ""BetMGM"", ""BetRivers"", ""Bovada"", ""Caesars"", ""Courtside"", ""DraftKings"", ""FanDuel"", ""Fanatics"", ""Hard Rock Bet"", ""fanduel"", ""theScore Bet""]",The Odds API,"[""Bally Bet"", ""BetMGM"", ""BetRivers"", ""Bovada"", ""Caesars"", ""Courtside"", ""DraftKings"", ""FanDuel"", ""Fanatics"", ""betrivers""]",The Odds API,"[""Bally Bet"", ""BetOnline.ag"", ""BetRivers"", ""Bovada"", ""Caesars"", ""Courtside"", ""DraftKings"", ""FanDuel"", ""Fanatics"", ""Hard Rock Bet"", ""ReBet"", ""draftkings"", ""theScore Bet""]",The Odds API,"[""Bally Bet"", ""BetOnline.ag"", ""BetRivers"", ""Courtside"", ""DraftKings"", ""FanDuel"", ""Fanatics"", ""Hard Rock Bet"", ""ReBet"", ""fanduel"", ""theScore Bet""]",The Odds API,"[""Bally Bet"", ""BetOnline.ag"", ""BetRivers"", ""Bovada"", ""Courtside"", ""DraftKings"", ""FanDuel"", ""Fanatics"", ""Hard Rock Bet"", ""ReBet"", ""draftkings"", ""theScore Bet""]",0.5,300.0,Hard Rock Bet,1.5,850.0,Bovada,,,,,,,0.5,300.0,Hard Rock Bet,The Odds API,"[""Bally Bet"", ""BetRivers"", ""Bovada"", ""FanDuel"", ""Hard Rock Bet"", ""theScore Bet""]",ALTLINE_NB_v1_2026-01-18,2.5,132.0,BetOnline.ag,exp/fallback,1.745,0.2626521591448845,26.3,0.4310344827586206,-39.0646990783868,-39.1,0.4794678105873952,47.9,-30.25922755092434,-30.3,0.2626521591448845,26.3,-39.0646990783868,-39.1,0.1309399531336813,13.1,-42.38642062118021,-42.4,0.0609284389288576,6.1,-45.16440496402808,-45.2,0.5,-105.0,theScore Bet,exp/fallback,0.529,0.3845127181729131,38.5,0.5121951219512195,-24.928469309097924,-24.9,0.3845127181729131,38.5,-24.928469309097924,-24.9,0.1097856607653875,11.0,-34.12860354076748,-34.1,0.0270128775533112,2.7,-50.02617652637413,-50.0,0.0060766911514155,0.6,-71.43955158834709,-71.4,0.5,200.0,theScore Bet,exp/fallback,0.281,0.2312069992452374,23.1,0.3333333333333333,-30.63790022642876,-30.6,0.2312069992452374,23.1,-30.63790022642876,-30.6,0.0417893462754099,4.2,-45.67384984196703,-45.7,0.0067873556016782,0.7,-76.92299095429411,-76.9,,,,,0.5,260.0,BetRivers,exp/fallback,0.23732,0.2028572596726764,20.3,0.2777777777777778,-26.97138651783648,-27.0,0.2028572596726764,20.3,-26.97138651783648,-27.0,,,,,,,,,,,,,0.5,260.0,BetRivers,exp/fallback,0.22627,0.1903077284634101,19.0,0.2777777777777778,-31.489217753172344,-31.5,0.1903077284634101,19.0,-31.489217753172344,-31.5,,,,,,,,,,,,,False,False,False,False,False,16.7,,Active roster,2026-10-02T00:14:24+00:00,False,[],2025-2026,,2026-09-24-frozen-v2,2026-10-02T00:14:28.971676+00:00,2026020014,8480028.0,PLAYER_ID,FINAL,0.0,L,OK,0.0,L,OK,2.0,L,OK,0.0,L,OK,0.0,L,OK,0.0,L,OK
2026-10-01,SEA@CGY,2026020014,8:00 PM,2026-10-02T01:00:00Z,Ryan Strome,8476458,CGY,False,,2026-27,CGY,C,,Healthy,Unknown,,,1.0,0.0,,33.0,22.0,2026-10-02T00:13:56+00:00,SEA,Joey Daccord,0.8961038961038961,3.029834213115667,56.2,Unconfirmed,dailyfaceoff_name_and_stats,27.25,4.0,27.25,4.0,,58.4,56.5,A1+A2,13.29,37.3,53.5,1.01,NONE,False,False,27.26968423401644,2.358611968609365,83.9,39.1,9.0,2.25,True,,,,,50.0,,,,,,,,,,,,,,,,,,,,,,,,,,,,,,,,,,,,,,,,1.7820311855457471,0.5940103951819157,,,0.0,2.50617758761598,2.394115667515985,50.0,54.0,67.5,54.0,4.0,1.47,,,,,COOL,COOL,COOL,2.54,,COOL,Red,Red,Red,Red,54.0,49.0,51.0,51.0,POINTS,54.0,,,,,,,C,Passenger,9.4,,44.2,,0.0,1.2458333333333331,64.78333333333333,1.2458333333333331,0.0937191078963231,9.4,9.4,0.747877540519681,0.1574479032673012,0.6946231026498585,5.912499424943645,8.069910250354274,44.2,57.4,False,,,,,,False,False,0.0,,False,0.0,,False,0.0,,1.5,130.0,BetRivers,,,,,,,,,,1.5,130.0,BetRivers,0.5,150.0,theScore Bet,1.5,1100.0,theScore Bet,2.5,3500.0,Fanatics,3.5,3400.0,BetOnline.ag,0.5,150.0,theScore Bet,0.5,250.0,Bovada,1.5,1700.0,BetOnline.ag,2.5,3300.0,Bovada,,,,0.5,250.0,Bovada,0.5,430.0,FanDuel,,,,,,,,,,0.5,430.0,FanDuel,0.5,430.0,FanDuel,,,,,,,,,,0.5,430.0,FanDuel,The Odds API,"[""Bally Bet"", ""BetMGM"", ""BetRivers"", ""Bovada"", ""Caesars"", ""Courtside"", ""DraftKings"", ""FanDuel"", ""Fanatics"", ""Hard Rock Bet"", ""theScore Bet""]",The Odds API,"[""Bally Bet"", ""BetMGM"", ""BetRivers"", ""Bovada"", ""Caesars"", ""Courtside"", ""DraftKings"", ""FanDuel"", ""Fanatics"", ""fanduel""]",The Odds API,"[""Bally Bet"", ""BetOnline.ag"", ""BetRivers"", ""Bovada"", ""Caesars"", ""Courtside"", ""DraftKings"", ""Fanatics"", ""Hard Rock Bet"", ""ReBet"", ""draftkings"", ""theScore Bet""]",The Odds API,"[""Bally Bet"", ""BetRivers""]",The Odds API,"[""Bally Bet"", ""BetOnline.ag"", ""BetRivers"", ""Bovada"", ""Courtside"", ""DraftKings"", ""Fanatics"", ""Hard Rock Bet"", ""ReBet"", ""draftkings"", ""theScore Bet""]",0.5,500.0,Bovada,,,,,,,,,,0.5,500.0,Bovada,The Odds API,"[""Bovada"", ""Hard Rock Bet"", ""theScore Bet""]",ALTLINE_NB_v1_2026-01-18,1.5,130.0,BetRivers,league_avg,2.3,0.6001759479749428,60.0,0.4347826086956521,38.04046803423684,38.0,0.6001759479749428,60.0,38.04046803423684,38.0,,,,,,,,,,,,,0.5,150.0,theScore Bet,exp/fallback,0.4,0.3122751607640365,31.2,0.4,-21.931209808990875,-21.9,0.3122751607640365,31.2,-21.931209808990875,-21.9,0.0709681996286107,7.1,-14.83816044566706,-14.8,0.0138165509386415,1.4,-50.26041662089047,-50.3,0.0024530652342031,0.2,-91.41427168028883,-91.4,0.5,250.0,Bovada,exp/fallback,0.254,0.2126783972336668,21.3,0.2857142857142857,-25.5625609682166,-25.6,0.2126783972336668,21.3,-25.5625609682166,-25.6,0.035234131836463,3.5,-36.57856269436648,-36.6,0.0052402253962081,0.5,-82.18323365289224,-82.2,,,,,0.5,430.0,FanDuel,exp/fallback,0.2387999999999999,0.2039337285210893,20.4,0.1886792452830188,8.084876116177364,8.1,0.2039337285210893,20.4,8.084876116177364,8.1,,,,,,,,,,,,,0.5,430.0,FanDuel,exp/fallback,0.20055,0.1718109057355712,17.2,0.1886792452830188,-8.940219960147255,-8.9,0.1718109057355712,17.2,-8.940219960147255,-8.9,,,,,,,,,,,,,True,False,False,False,False,,,Active roster,2026-10-02T00:14:24+00:00,False,[],2025-2026,,2026-09-24-frozen-v2,2026-10-02T00:14:28.971676+00:00,2026020014,8476458.0,PLAYER_ID,FINAL,1.0,W,OK,0.0,L,OK,4.0,W,OK,1.0,W,OK,1.0,W,OK,0.0,L,OK
2026-10-01,SEA@CGY,2026020014,8:00 PM,2026-10-02T01:00:00Z,Samuel Honzek,8484180,CGY,False,,2026-27,CGY,L,,Healthy,Unknown,,,1.0,0.0,,33.0,22.0,2026-10-02T00:13:56+00:00,SEA,Joey Daccord,0.8961038961038961,3.029834213115667,56.2,Unconfirmed,dailyfaceoff_name_and_stats,27.25,4.0,27.25,4.0,,34.5,24.0,A1+A2,12.34,31.4,30.2,0.94,NONE,False,False,27.26968423401644,2.358611968609365,83.9,39.1,9.0,2.25,True,,,,,50.0,,,,,,,,,,,,,,,,,,,,,,,,,,,,,,,,,,,,,,,,0.9292720702116676,0.0,,,0.0,2.50617758761598,2.394115667515985,50.0,54.0,49.2,54.0,2.52,1.48,,,,,COOL,COOL,COOL,1.04,,COOL,Red,Red,Red,Red,35.0,36.0,36.0,31.0,SOG,36.0,,,,,,,C,Passenger,0.5,,44.2,,0.0,0.0629629629629629,1.1333333333333333,0.0629629629629629,0.0051016580388626,0.5,0.5,0.0,0.0,0.0,5.912499424943645,8.069910250354274,44.2,32.2,False,,,,,,False,False,0.0,,False,0.0,,False,0.0,,1.5,112.0,BetRivers,,,,,,,,,,1.5,112.0,BetRivers,0.5,205.0,BetRivers,1.5,1200.0,Fanatics,2.5,1500.0,BetOnline.ag,3.5,3000.0,BetOnline.ag,0.5,205.0,BetRivers,0.5,350.0,Fanatics,1.5,2500.0,Fanatics,,,,,,,0.5,350.0,Fanatics,0.5,500.0,Fanatics,,,,,,,,,,0.5,500.0,Fanatics,0.5,500.0,Fanatics,,,,,,,,,,0.5,500.0,Fanatics,The Odds API,"[""Bally Bet"", ""BetMGM"", ""BetRivers"", ""Bovada"", ""Caesars"", ""Courtside"", ""DraftKings"", ""FanDuel"", ""Fanatics"", ""Hard Rock Bet"", ""theScore Bet""]",The Odds API,"[""Bally Bet"", ""BetMGM"", ""BetRivers"", ""Bovada"", ""Caesars"", ""Courtside"", ""DraftKings"", ""FanDuel"", ""Fanatics"", ""fanatics""]",The Odds API,"[""Bally Bet"", ""BetOnline.ag"", ""BetRivers"", ""Bovada"", ""Fanatics"", ""ReBet""]",The Odds API,"[""Bally Bet"", ""BetRivers""]",The Odds API,"[""BetOnline.ag"", ""Fanatics"", ""ReBet""]",,,,,,,,,,,,,,,,,,ALTLINE_NB_v1_2026-01-18,1.5,112.0,BetRivers,league_avg,2.3,0.6001759479749428,60.0,0.4716981132075472,27.23730097068788,27.2,0.6001759479749428,60.0,27.23730097068788,27.2,,,,,,,,,,,,,0.5,205.0,BetRivers,exp/fallback,0.252,0.2145510953811233,21.5,0.3278688524590163,-34.56191590875737,-34.6,0.2145510953811233,21.5,-34.56191590875737,-34.6,0.032660703942089,3.3,-57.54108487528418,-57.5,0.004228838858667,0.4,-93.23385782613263,-93.2,0.0004978424114031,0.0,-98.4566885246502,-98.5,0.5,350.0,Fanatics,exp/fallback,0.104,0.0964160245196548,9.6,0.2222222222222222,-56.612788966155335,-56.6,0.0964160245196548,9.6,-56.612788966155335,-56.6,0.0070883311261605,0.7,-81.57033907198247,-81.6,,,,,,,,,0.5,500.0,Fanatics,exp/fallback,0.2392,0.2042243166809917,20.4,0.1666666666666666,22.534590008595025,22.5,0.2042243166809917,20.4,22.534590008595025,22.5,,,,,,,,,,,,,0.5,500.0,Fanatics,exp/fallback,0.2012,0.1722869211903483,17.2,0.1666666666666666,3.372152714209032,3.4,0.1722869211903483,17.2,3.372152714209032,3.4,,,,,,,,,,,,,True,False,True,False,False,,,Active roster,2026-10-02T00:14:24+00:00,False,[],2025-2026,,2026-09-24-frozen-v2,2026-10-02T00:14:28.971676+00:00,2026020014,8484180.0,PLAYER_ID,FINAL,0.0,L,OK,0.0,L,OK,2.0,W,OK,0.0,L,OK,0.0,L,OK,0.0,,NO_LINE
2026-10-01,SEA@CGY,2026020014,8:00 PM,2026-10-02T01:00:00Z,Simon Nemec,8483495,NJD,True,,2026-27,CGY,D,,Healthy,Unknown,,,1.0,0.0,,33.0,22.0,2026-10-02T00:13:56+00:00,SEA,Joey Daccord,0.8961038961038961,3.029834213115667,56.2,Unconfirmed,dailyfaceoff_name_and_stats,27.25,4.0,27.25,4.0,,57.2,60.9,A1+A2,19.67,86.2,64.3,1.06,NONE,False,False,27.26968423401644,2.358611968609365,83.9,39.1,9.0,2.25,True,,,,,50.0,,,,,,,,,,,,,,,,,,,,,,,,,,,,,,,,,,,,,,,,0.8003334722801168,0.3001250521050437,,,0.0,2.50617758761598,2.394115667515985,50.0,54.0,45.3,54.0,3.47,1.14,,,,,COOL,COOL,COOL,2.33,,COOL,Red,Red,Red,Red,59.0,52.0,52.0,54.0,POINTS,59.0,,,,,,,,Passenger,6.1,,44.2,,,1.2083333333333337,82.16666666666667,1.2083333333333337,0.0614345528860532,6.1,6.1,1.7306288032454362,1.1099391480730223,0.7302231237322515,5.912499424943645,8.069910250354274,44.2,53.1,False,,,,,,False,False,0.0,,False,0.0,,False,0.0,,1.5,105.0,Fanatics,2.5,320.0,Fanatics,3.5,900.0,Fanatics,4.5,2100.0,BetOnline.ag,1.5,105.0,Fanatics,0.5,175.0,Hard Rock Bet,1.5,1100.0,theScore Bet,2.5,1600.0,BetOnline.ag,3.5,3400.0,BetOnline.ag,0.5,175.0,Hard Rock Bet,0.5,240.0,Hard Rock Bet,1.5,1400.0,DraftKings,2.5,3300.0,Bovada,,,,0.5,240.0,Hard Rock Bet,0.5,850.0,FanDuel,,,,,,,,,,0.5,850.0,FanDuel,0.5,850.0,FanDuel,,,,,,,,,,0.5,850.0,FanDuel,The Odds API,"[""Bally Bet"", ""BetMGM"", ""BetRivers"", ""Bovada"", ""Caesars"", ""Courtside"", ""DraftKings"", ""FanDuel"", ""Fanatics"", ""Hard Rock Bet"", ""theScore Bet""]",The Odds API,"[""Bally Bet"", ""BetMGM"", ""BetRivers"", ""Bovada"", ""Caesars"", ""Courtside"", ""DraftKings"", ""FanDuel"", ""Fanatics"", ""fanduel""]",The Odds API,"[""Bally Bet"", ""BetOnline.ag"", ""BetRivers"", ""Bovada"", ""Caesars"", ""Courtside"", ""DraftKings"", ""Fanatics"", ""Hard Rock Bet"", ""ReBet"", ""draftkings"", ""theScore Bet""]",The Odds API,"[""Bally Bet"", ""BetOnline.ag"", ""BetRivers"", ""Courtside"", ""DraftKings"", ""Fanatics"", ""Hard Rock Bet"", ""ReBet"", ""theScore Bet""]",The Odds API,"[""Bally Bet"", ""BetOnline.ag"", ""BetRivers"", ""Bovada"", ""Courtside"", ""DraftKings"", ""Fanatics"", ""Hard Rock Bet"", ""ReBet"", ""draftkings"", ""theScore Bet""]",0.5,650.0,Hard Rock Bet,,,,,,,,,,0.5,650.0,Hard Rock Bet,The Odds API,"[""Hard Rock Bet"", ""theScore Bet""]",ALTLINE_NB_v1_2026-01-18,1.5,105.0,Fanatics,league_avg,2.3,0.6001759479749428,60.0,0.4878048780487805,23.036069334863274,23.0,0.6001759479749428,60.0,23.036069334863274,23.0,0.3835789960842564,38.4,61.1031783553877,61.1,0.2254288407355011,22.5,125.42884073550118,125.4,0.1243884637071297,12.4,173.65462015568545,173.7,0.5,175.0,Hard Rock Bet,exp/fallback,0.347,0.2792715418132707,27.9,0.3636363636363636,-23.200326001350547,-23.2,0.2792715418132707,27.9,-23.200326001350547,-23.2,0.0562631375234717,5.6,-32.48423497183386,-32.5,0.0096858104069903,1.0,-83.53412230811641,-83.5,0.0015190128781921,0.2,-94.6834549263276,-94.7,0.5,240.0,Hard Rock Bet,exp/fallback,0.233,0.1978002077296362,19.8,0.2941176470588235,-32.747929371923675,-32.7,0.1978002077296362,19.8,-32.747929371923675,-32.7,0.0303908466915755,3.0,-54.41372996263668,-54.4,0.0041886202326404,0.4,-85.75869120902252,-85.8,,,,,0.5,850.0,FanDuel,exp/fallback,0.2256,0.194260378347346,19.4,0.1052631578947368,84.54735942997871,84.5,0.194260378347346,19.4,84.54735942997871,84.5,,,,,,,,,,,,,0.5,850.0,FanDuel,exp/fallback,0.1790999999999999,0.1558452725466189,15.6,0.1052631578947368,48.053008919288,48.1,0.1558452725466189,15.6,48.053008919288,48.1,,,,,,,,,,,,,True,False,True,True,False,,,Active roster,2026-10-02T00:14:24+00:00,False,[],2025-2026,,2026-09-24-frozen-v2,2026-10-02T00:14:28.971676+00:00,2026020014,8483495.0,PLAYER_ID,FINAL,0.0,L,OK,0.0,L,OK,4.0,W,OK,0.0,L,OK,0.0,L,OK,0.0,L,OK
2026-10-01,SEA@CGY,2026020014,8:00 PM,2026-10-02T01:00:00Z,Yan Kuznetsov,8482165,CGY,False,,2026-27,CGY,D,,Healthy,Unknown,,,1.0,0.0,,33.0,22.0,2026-10-02T00:13:56+00:00,SEA,Joey Daccord,0.8961038961038961,3.029834213115667,56.2,Unconfirmed,dailyfaceoff_name_and_stats,27.25,4.0,27.25,4.0,,37.0,43.8,A1+A2,20.08,87.2,49.4,1.0,NONE,False,False,27.26968423401644,2.358611968609365,83.9,39.1,9.0,2.25,True,,,,,50.0,,,,,,,,,,,,,,,,,,,,,,,,,,,,,,,,,,,,,,,,0.4776198610258876,0.1791074478847078,,,0.0,2.50617758761598,2.394115667515985,50.0,54.0,37.8,54.0,1.99,0.59,,,,,COOL,COOL,COOL,1.4,,COOL,Red,Red,Red,Red,49.0,42.0,41.0,43.0,POINTS,49.0,,,,,,,C,Passenger,0.3,,44.2,,0.0,0.0561403508771929,3.2,0.0561403508771929,0.0027951666909302,0.3,0.3,0.0,0.0,0.0,5.912499424943645,8.069910250354274,44.2,29.0,False,,,,,,False,False,0.0,,False,0.0,,False,0.0,,,,,,,,,,,,,,,,,0.5,340.0,Fanatics,1.5,2200.0,Fanatics,,,,,,,0.5,340.0,Fanatics,0.5,375.0,Fanatics,1.5,2500.0,Fanatics,,,,,,,0.5,375.0,Fanatics,0.5,2200.0,Fanatics,,,,,,,,,,0.5,2200.0,Fanatics,0.5,2200.0,Fanatics,,,,,,,,,,0.5,2200.0,Fanatics,The Odds API,"[""Bally Bet"", ""BetMGM"", ""BetRivers"", ""Bovada"", ""Caesars"", ""Courtside"", ""DraftKings"", ""FanDuel"", ""Fanatics"", ""Hard Rock Bet"", ""theScore Bet""]",The Odds API,"[""Bally Bet"", ""BetMGM"", ""BetRivers"", ""Bovada"", ""Caesars"", ""Courtside"", ""DraftKings"", ""FanDuel"", ""Fanatics"", ""fanatics""]",The Odds API,"[""Bally Bet"", ""BetRivers"", ""Bovada"", ""Fanatics""]",,,The Odds API,"[""BetOnline.ag"", ""Fanatics"", ""ReBet""]",,,,,,,,,,,,,,,,,,ALTLINE_NB_v1_2026-01-18,,,,league_avg,2.3,,,,,,,,,,,,,,,,,,,,,,0.5,340.0,Fanatics,exp/fallback,0.199,0.1750031343662812,17.5,0.2272727272727272,-22.998620878836263,-23.0,0.1750031343662812,17.5,-22.998620878836263,-23.0,0.0215189327478921,2.2,-50.50645467984798,-50.5,,,,,,,,,0.5,375.0,Fanatics,exp/fallback,0.1399999999999999,0.1265612717267883,12.7,0.2105263157894736,-39.883395929775546,-39.9,0.1265612717267883,12.7,-39.883395929775546,-39.9,0.012279568962069,1.2,-68.07312069862046,-68.1,,,,,,,,,0.5,2200.0,Fanatics,exp/fallback,0.2036,0.177768847408189,17.8,0.0434782608695652,308.8683490388347,308.9,0.177768847408189,17.8,308.8683490388347,308.9,,,,,,,,,,,,,0.5,2200.0,Fanatics,exp/fallback,0.14335,0.1280815446666169,12.8,0.0434782608695652,194.5875527332189,194.6,0.1280815446666169,12.8,194.5875527332189,194.6,,,,,,,,,,,,,False,False,True,True,False,,,Active roster,2026-10-02T00:14:24+00:00,False,[],2025-2026,,2026-09-24-frozen-v2,2026-10-02T00:14:28.971676+00:00,2026020014,8482165.0,PLAYER_ID,FINAL,0.0,L,OK,0.0,L,OK,1.0,,NO_LINE,0.0,L,OK,0.0,L,OK,0.0,,NO_LINE
2026-10-01,SEA@CGY,2026020014,8:00 PM,2026-10-02T01:00:00Z,Yegor Sharangovich,8481068,CGY,False,"{""season"":""2026-27"",""games"":[]}",2026-27,CGY,C,,Healthy,Unknown,,,1.0,0.0,,33.0,22.0,2026-10-02T00:13:56+00:00,SEA,Joey Daccord,0.8961038961038961,3.029834213115667,56.2,Unconfirmed,dailyfaceoff_name_and_stats,27.25,4.0,27.25,4.0,11.1,82.7,58.4,A1+A2,16.04,58.5,69.4,1.08,NONE,False,False,27.26968423401644,2.358611968609365,83.9,39.1,9.0,2.25,True,1.0,1.0,1.4,1.14,27.2,3.0,1.0,11.0,0.0,0.0,2.0,7.0,16.0,4.0,9.0,32.0,70.0,LOW,0.3,-0.2,LOW,0.35,,LOW,0.4,,LOW,0.2,,LOW,0.2,,LOW,0.225,,LOW,1.1,,LOW,1.6,,LOW,1.75,,1.1396770914907444,0.359898028891814,,,2.0,2.50617758761598,2.394115667515985,50.0,54.0,53.4,54.0,4.4,2.47,12.54,1.4,1.47,0.4,COOL,COOL,COOL,1.93,-0.07,COOL,Red,Red,Yellow,Red,59.0,60.0,71.0,59.0,GOAL,71.0,5.0,8.0,5.0,1.0,0.0,10.0,B,Shooter,9.3,,44.2,,1.0,1.4985042735042735,116.88333333333334,1.4985042735042735,0.0933995684947926,9.3,9.3,2.919577926707543,2.155996007414801,0.8983316697561671,5.912499424943645,8.069910250354274,44.2,58.4,False,,,,🥅 D:5,,False,False,1.0,,False,0.0,,False,0.0,,1.5,-129.0,BetRivers,2.5,225.0,Fanatics,3.5,650.0,Fanatics,4.5,1500.0,Fanatics,1.5,-129.0,BetRivers,0.5,148.0,BetRivers,1.5,800.0,Fanatics,2.5,3500.0,Fanatics,3.5,3600.0,BetOnline.ag,0.5,148.0,BetRivers,0.5,280.0,Fanatics,1.5,1900.0,Fanatics,,,,,,,0.5,280.0,Fanatics,0.5,360.0,theScore Bet,,,,,,,,,,0.5,360.0,theScore Bet,0.5,340.0,Fanatics,,,,,,,,,,0.5,340.0,Fanatics,The Odds API,"[""Bally Bet"", ""BetMGM"", ""BetRivers"", ""Bovada"", ""Caesars"", ""Courtside"", ""DraftKings"", ""FanDuel"", ""Fanatics"", ""Hard Rock Bet"", ""theScore Bet""]",The Odds API,"[""Bally Bet"", ""BetMGM"", ""BetRivers"", ""Bovada"", ""Caesars"", ""Courtside"", ""DraftKings"", ""FanDuel"", ""Fanatics"", ""fanatics""]",The Odds API,"[""Bally Bet"", ""BetOnline.ag"", ""BetRivers"", ""Bovada"", ""Caesars"", ""Courtside"", ""DraftKings"", ""Fanatics"", ""ReBet"", ""draftkings""]",The Odds API,"[""Bally Bet"", ""BetOnline.ag"", ""BetRivers"", ""Courtside"", ""DraftKings"", ""Fanatics"", ""Hard Rock Bet"", ""ReBet"", ""theScore Bet""]",The Odds API,"[""BetOnline.ag"", ""Fanatics"", ""ReBet""]",0.5,550.0,Hard Rock Bet,,,,,,,,,,0.5,550.0,Hard Rock Bet,The Odds API,"[""Bovada"", ""Hard Rock Bet"", ""theScore Bet""]",ALTLINE_NB_v1_2026-01-18,1.5,-129.0,BetRivers,exp/fallback,1.254,0.3433105085025434,34.3,0.5633187772925764,-39.0557314363702,-39.1,0.3433105085025434,34.3,-39.0557314363702,-39.1,0.1519313557502629,15.2,-50.62230938116454,-50.6,0.0605764042651622,6.1,-54.56769680112835,-54.6,0.0224191067710523,2.2,-64.12942916631633,-64.1,0.5,148.0,BetRivers,exp/fallback,0.44,0.3358455029200735,33.6,0.4032258064516129,-16.710315275821763,-16.7,0.3358455029200735,33.6,-16.710315275821763,-16.7,0.0826150187648158,8.3,-25.646483111665773,-25.6,0.0174421818548404,1.7,-37.20814532257428,-37.2,0.0033609334410156,0.3,-87.5645462682422,-87.6,0.5,280.0,Fanatics,exp/fallback,0.193,0.1682693077443069,16.8,0.2631578947368421,-36.05766305716337,-36.1,0.1682693077443069,16.8,-36.05766305716337,-36.1,0.0218725693901356,2.2,-56.2548612197288,-56.3,,,,,,,,,0.5,360.0,theScore Bet,exp/fallback,0.2091,0.1819357181880333,18.2,0.217391304347826,-16.309569633504662,-16.3,0.1819357181880333,18.2,-16.309569633504662,-16.3,,,,,,,,,,,,,0.5,340.0,Fanatics,exp/fallback,0.1991625,0.1707932833068045,17.1,0.2272727272727272,-24.850955345006,-24.9,0.1707932833068045,17.1,-24.850955345006,-24.9,,,,,,,,,,,,,False,False,False,False,False,11.1,,Active roster,2026-10-02T00:14:24+00:00,False,[],2025-2026,,2026-09-24-frozen-v2,2026-10-02T00:14:28.971676+00:00,2026020014,8481068.0,PLAYER_ID,FINAL,1.0,W,OK,1.0,W,OK,1.0,L,OK,0.0,L,OK,0.0,L,OK,0.0,L,OK
2026-10-01,SEA@CGY,2026020014,8:00 PM,2026-10-02T01:00:00Z,Zach Whitecloud,8480727,CGY,False,,2026-27,CGY,D,,Healthy,Unknown,,,1.0,0.0,,33.0,22.0,2026-10-02T00:13:56+00:00,SEA,Joey Daccord,0.8961038961038961,3.029834213115667,56.2,Unconfirmed,dailyfaceoff_name_and_stats,27.25,4.0,27.25,4.0,,38.5,60.9,A1+A2,20.32,88.4,56.3,1.02,NONE,False,False,27.26968423401644,2.358611968609365,83.9,39.1,9.0,2.25,True,,,,,50.0,,,,,,,,,,,,,,,,,,,,,,,,,,,,,,,,,,,,,,,,0.6590268370373082,0.2196756123457694,,,0.0,2.50617758761598,2.394115667515985,50.0,54.0,41.2,54.0,2.44,0.47,,,,,COOL,COOL,COOL,1.97,,COOL,Red,Red,Red,Red,59.0,42.0,42.0,52.0,POINTS,59.0,,,,,,,C,Passenger,0.3,,44.2,,0.0,0.0619658119658119,4.833333333333333,0.0619658119658119,0.0030499989482762,0.3,0.3,0.1241379310344827,0.1241379310344827,0.0,5.912499424943645,8.069910250354274,44.2,29.0,False,,,,,,False,False,0.0,,False,0.0,,False,0.0,,,,,,,,,,,,,,,,,0.5,340.0,Fanatics,1.5,2500.0,Fanatics,,,,,,,0.5,340.0,Fanatics,0.5,400.0,BetOnline.ag,1.5,3000.0,Fanatics,,,,,,,0.5,400.0,BetOnline.ag,0.5,1700.0,DraftKings,,,,,,,,,,0.5,1700.0,DraftKings,0.5,1700.0,DraftKings,,,,,,,,,,0.5,1700.0,DraftKings,The Odds API,"[""Bally Bet"", ""BetMGM"", ""BetRivers"", ""Bovada"", ""Caesars"", ""Courtside"", ""DraftKings"", ""FanDuel"", ""Fanatics"", ""Hard Rock Bet"", ""theScore Bet""]",The Odds API,"[""Bally Bet"", ""BetMGM"", ""BetRivers"", ""Bovada"", ""Caesars"", ""Courtside"", ""DraftKings"", ""FanDuel"", ""Fanatics"", ""fanatics""]",The Odds API,"[""Bally Bet"", ""BetRivers"", ""Bovada"", ""Fanatics""]",,,The Odds API,"[""BetOnline.ag"", ""Fanatics"", ""ReBet""]",,,,,,,,,,,,,,,,,,ALTLINE_NB_v1_2026-01-18,,,,league_avg,2.3,,,,,,,,,,,,,,,,,,,,,,0.5,340.0,Fanatics,exp/fallback,0.244,0.2087480234863525,20.9,0.2272727272727272,-8.150869666004867,-8.2,0.2087480234863525,20.9,-8.150869666004867,-8.2,0.0308730628549447,3.1,-19.730036577143693,-19.7,,,,,,,,,0.5,400.0,BetOnline.ag,exp/fallback,0.197,0.1712951558679866,17.1,0.2,-14.352422066006698,-14.4,0.1712951558679866,17.1,-14.352422066006698,-14.4,0.0226789935611985,2.3,-29.69511996028461,-29.7,,,,,,,,,0.5,1700.0,DraftKings,exp/fallback,0.1988,0.1741079835873404,17.4,0.0555555555555555,213.3943704572129,213.4,0.1741079835873404,17.4,213.3943704572129,213.4,,,,,,,,,,,,,0.5,1700.0,DraftKings,exp/fallback,0.13555,0.1218234410669462,12.2,0.0555555555555555,119.28219392050316,119.3,0.1218234410669462,12.2,119.28219392050316,119.3,,,,,,,,,,,,,False,False,True,True,False,,,Active roster,2026-10-02T00:14:24+00:00,False,[],2025-2026,,2026-09-24-frozen-v2,2026-10-02T00:14:28.971676+00:00,2026020014,8480727.0,PLAYER_ID,FINAL,0.0,L,OK,0.0,L,OK,0.0,,NO_LINE,0.0,L,OK,0.0,L,OK,0.0,,NO_LINE
2026-10-01,SEA@CGY,2026020014,8:00 PM,2026-10-02T01:00:00Z,Zayne Parekh,8484768,CGY,False,,2026-27,CGY,D,,Healthy,Unknown,,,1.0,0.0,,33.0,22.0,2026-10-02T00:13:56+00:00,SEA,Joey Daccord,0.8961038961038961,3.029834213115667,56.2,Unconfirmed,dailyfaceoff_name_and_stats,27.25,4.0,27.25,4.0,,44.0,34.6,A1+A2,17.14,68.0,45.5,0.98,NONE,False,False,27.26968423401644,2.358611968609365,83.9,39.1,9.0,2.25,True,,,,,50.0,,,,,,,,,,,,,,,,,,,,,,,,,,,,,,,,,,,,,,,,0.3444756315386578,0.2296504210257718,,,0.0,2.50617758761598,2.394115667515985,50.0,54.0,36.4,54.0,2.48,1.16,,,,,COOL,COOL,COOL,1.33,,COOL,Red,Red,Red,Red,42.0,44.0,44.0,38.0,SOG,44.0,,,,,,,B,Hybrid,13.2,,44.2,,1.0,2.269369369369369,83.96666666666667,2.269369369369369,0.1323768984182038,13.2,13.2,2.056173084557364,0.9932512901945216,1.2504962286621677,5.912499424943645,8.069910250354274,44.2,65.7,False,,,,,,False,False,0.0,,False,0.0,,False,0.0,,1.5,-110.0,BetOnline.ag,2.5,280.0,Fanatics,3.5,750.0,Fanatics,4.5,1900.0,Fanatics,1.5,-110.0,BetOnline.ag,0.5,140.0,Fanatics,1.5,800.0,theScore Bet,2.5,3500.0,Fanatics,3.5,3600.0,BetOnline.ag,0.5,140.0,Fanatics,0.5,190.0,Bovada,1.5,1200.0,DraftKings,2.5,3300.0,Bovada,,,,0.5,190.0,Bovada,0.5,750.0,FanDuel,,,,,,,,,,0.5,750.0,FanDuel,0.5,750.0,FanDuel,,,,,,,,,,0.5,750.0,FanDuel,The Odds API,"[""Bally Bet"", ""BetMGM"", ""BetRivers"", ""Bovada"", ""Caesars"", ""Courtside"", ""DraftKings"", ""FanDuel"", ""Fanatics"", ""Hard Rock Bet"", ""theScore Bet""]",The Odds API,"[""Bally Bet"", ""BetMGM"", ""BetRivers"", ""Bovada"", ""Caesars"", ""Courtside"", ""DraftKings"", ""FanDuel"", ""Fanatics"", ""fanduel""]",The Odds API,"[""Bally Bet"", ""BetOnline.ag"", ""BetRivers"", ""Bovada"", ""Caesars"", ""Courtside"", ""DraftKings"", ""FanDuel"", ""Fanatics"", ""Hard Rock Bet"", ""ReBet"", ""draftkings"", ""theScore Bet""]",The Odds API,"[""Bally Bet"", ""BetOnline.ag"", ""BetRivers"", ""Courtside"", ""DraftKings"", ""Fanatics"", ""Hard Rock Bet"", ""ReBet"", ""theScore Bet""]",The Odds API,"[""Bally Bet"", ""BetOnline.ag"", ""BetRivers"", ""Bovada"", ""Courtside"", ""DraftKings"", ""FanDuel"", ""Fanatics"", ""Hard Rock Bet"", ""ReBet"", ""draftkings"", ""theScore Bet""]",0.5,260.0,BetRivers,1.5,850.0,Bovada,,,,,,,0.5,260.0,BetRivers,The Odds API,"[""Bally Bet"", ""BetRivers"", ""Bovada"", ""FanDuel"", ""Hard Rock Bet"", ""theScore Bet""]",ALTLINE_NB_v1_2026-01-18,1.5,-110.0,BetOnline.ag,league_avg,2.3,0.6001759479749428,60.0,0.5238095238095238,14.579044613398162,14.6,0.6001759479749428,60.0,14.579044613398162,14.6,0.3835789960842564,38.4,45.76001851201741,45.8,0.2254288407355011,22.5,91.614514625176,91.6,0.1243884637071297,12.4,148.7769274142595,148.8,0.5,140.0,Fanatics,exp/fallback,0.248,0.2116567678780568,21.2,0.4166666666666667,-49.20237570926636,-49.2,0.2116567678780568,21.2,-49.20237570926636,-49.2,0.0317624712584008,3.2,-71.41377586743927,-71.4,0.0040533203068637,0.4,-85.40804689529038,-85.4,0.0004702697482917,0.0,-98.2600019313204,-98.3,0.5,190.0,Bovada,exp/fallback,0.133,0.120819027410445,12.1,0.3448275862068966,-64.96248205097093,-65.0,0.120819027410445,12.1,-64.96248205097093,-65.0,0.0111790186393143,1.1,-85.46727576889133,-85.5,0.0009243624040398,0.1,-96.85716782626464,-96.9,,,,,0.5,750.0,FanDuel,exp/fallback,0.2264,0.1948513131411149,19.5,0.1176470588235294,65.6236161699477,65.6,0.1948513131411149,19.5,65.6236161699477,65.6,,,,,,,,,,,,,0.5,750.0,FanDuel,exp/fallback,0.1804,0.1568272979152923,15.7,0.1176470588235294,33.30320322799852,33.3,0.1568272979152923,15.7,33.30320322799852,33.3,,,,,,,,,,,,,True,False,True,True,False,,,Active roster,2026-10-02T00:14:24+00:00,False,[],2025-2026,,2026-09-24-frozen-v2,2026-10-02T00:14:28.971676+00:00,2026020014,8484768.0,PLAYER_ID,FINAL,0.0,L,OK,0.0,L,OK,1.0,L,OK,0.0,L,OK,0.0,L,OK,0.0,L,OK
2026-10-01,SEA@CGY,2026020014,8:00 PM,2026-10-02T01:00:00Z,Adam Larsson,8476457,SEA,False,,2026-27,SEA,D,,Healthy,Unknown,,,0.0,0.0,,33.0,22.0,2026-10-02T00:13:56+00:00,CGY,Dustin Wolf,0.8987179487179487,3.0102564645363423,52.1,Confirmed,dailyfaceoff_name_and_stats,21.5,4.0,21.5,4.0,,40.2,68.0,A1+A2,21.37,92.9,60.5,1.04,NONE,False,False,23.623864237296285,2.131916734772367,26.9,2.6,15.0,3.75,True,,,,,50.0,,,,,,,,,,,,,,,,,,,,,,,,,,,,,,,,,,,,,,,,1.0043746094098742,0.4017498437639496,,,0.0,2.661211738014654,2.7820136125265,50.0,89.0,50.9,89.0,2.77,0.49,,,,,COOL,COOL,COOL,2.29,,COOL,Red,Red,Red,Red,67.0,49.0,46.0,61.0,POINTS,67.0,,,,,,,C,Passenger,0.3,,46.1,,0.0,0.0589430894308943,4.833333333333333,0.0589430894308943,0.002757807447982,0.3,0.3,0.4965517241379311,0.4965517241379311,0.0,7.286961583236321,7.207729468599034,46.1,31.2,False,,,,,,False,False,0.0,,False,0.0,,False,0.0,,1.5,100.0,theScore Bet,2.5,280.0,theScore Bet,3.5,700.0,Fanatics,4.5,1800.0,DraftKings,1.5,100.0,theScore Bet,0.5,280.0,BetRivers,,,,,,,,,,0.5,280.0,BetRivers,,,,,,,,,,,,,,,,0.5,1200.0,Fanatics,,,,,,,,,,0.5,1200.0,Fanatics,0.5,1200.0,Fanatics,,,,,,,,,,0.5,1200.0,Fanatics,The Odds API,"[""Bally Bet"", ""BetMGM"", ""BetRivers"", ""Bovada"", ""Caesars"", ""Courtside"", ""DraftKings"", ""FanDuel"", ""Fanatics"", ""Hard Rock Bet"", ""theScore Bet""]",The Odds API,"[""Bally Bet"", ""BetMGM"", ""BetRivers"", ""Bovada"", ""Caesars"", ""Courtside"", ""DraftKings"", ""FanDuel"", ""Fanatics"", ""fanatics""]",The Odds API,"[""Bally Bet"", ""BetRivers""]",The Odds API,"[""BetOnline.ag"", ""Courtside"", ""DraftKings"", ""Fanatics"", ""Hard Rock Bet"", ""ReBet"", ""theScore Bet""]",,,,,,,,,,,,,,,,,,,,ALTLINE_NB_v1_2026-01-18,1.5,100.0,theScore Bet,league_avg,2.3,0.6001759479749428,60.0,0.5,20.035189594988555,20.0,0.6001759479749428,60.0,20.035189594988555,20.0,0.3835789960842564,38.4,45.76001851201741,45.8,0.2254288407355011,22.5,80.34307258840094,80.3,0.1243884637071297,12.4,136.3380810435465,136.3,0.5,280.0,BetRivers,exp/fallback,0.277,0.2323195539496063,23.2,0.2631578947368421,-11.71856949914959,-11.7,0.2323195539496063,23.2,-11.71856949914959,-11.7,,,,,,,,,,,,,,,,exp/fallback,0.229,,,,,,,,,,,,,,,,,,,,,,0.5,1200.0,Fanatics,exp/fallback,0.1996,0.1747197101147712,17.5,0.0769230769230769,127.13562314920266,127.1,0.1747197101147712,17.5,127.13562314920266,127.1,,,,,,,,,,,,,0.5,1200.0,Fanatics,exp/fallback,0.13685,0.1228715960535401,12.3,0.0769230769230769,59.73307486960218,59.7,0.1228715960535401,12.3,59.73307486960218,59.7,,,,,,,,,,,,,True,False,True,True,False,,,Active roster,2026-10-02T00:14:24+00:00,False,[],2025-2026,,2026-09-24-frozen-v2,2026-10-02T00:14:28.971676+00:00,2026020014,8476457.0,PLAYER_ID,FINAL,0.0,L,OK,0.0,,NO_LINE,1.0,L,OK,0.0,L,OK,0.0,L,OK,0.0,,NO_LINE
2026-10-01,SEA@CGY,2026020014,8:00 PM,2026-10-02T01:00:00Z,Ben Meyers,8483570,SEA,False,,2026-27,SEA,C,,Healthy,Unknown,,,0.0,0.0,,33.0,22.0,2026-10-02T00:13:56+00:00,CGY,Dustin Wolf,0.8987179487179487,3.0102564645363423,52.1,Confirmed,dailyfaceoff_name_and_stats,21.5,4.0,21.5,4.0,,58.4,43.8,A1+A2,11.94,28.5,47.3,0.99,NONE,False,False,23.623864237296285,2.131916734772367,26.9,2.6,15.0,3.75,True,,,,,50.0,,,,,,,,,,,,,,,,,,,,,,,,,,,,,,,,,,,,,,,,1.6921003979569451,0.5640334659856485,,,0.0,2.661211738014654,2.7820136125265,50.0,89.0,65.9,89.0,2.95,1.43,,,,,COOL,COOL,COOL,1.52,,COOL,Red,Red,Red,Red,49.0,54.0,53.0,48.0,SOG,54.0,,,,,,,C,Passenger,0.3,,46.1,,0.0,0.0381410256410256,1.9833333333333327,0.0381410256410256,0.0031948881789137,0.3,0.3,0.0,0.0,0.0,7.286961583236321,7.207729468599034,46.1,31.2,False,,,,,,False,False,0.0,,False,0.0,,False,0.0,,,,,,,,,,,,,,,,,,,,,,,,,,,,,,,,,,,,,,,,,,,,,,,,,,,,,,,,,,,,,,,,,,,,,,,,,,,,,,,,,,,,,,,,,,,,,,,,,,,,,,,,ALTLINE_NB_v1_2026-01-18,,,,league_avg,2.3,,,,,,,,,,,,,,,,,,,,,,,,,exp/fallback,0.295,,,,,,,,,,,,,,,,,,,,,,,,,exp/fallback,0.152,,,,,,,,,,,,,,,,,,,,,,,,,exp/fallback,0.2372,,,,,,,,,,,,,,,,,,,,,,,,,exp/fallback,0.19795,,,,,,,,,,,,,,,,,,,,,,False,False,False,False,False,,,Active roster,2026-10-02T00:14:24+00:00,False,[],2025-2026,,2026-09-24-frozen-v2,2026-10-02T00:14:28.971676+00:00,2026020014,,,NO_PLAYER,,,NO_PLAYER,,,NO_PLAYER,,,NO_PLAYER,,,NO_PLAYER,,,NO_PLAYER,,,NO_PLAYER
2026-10-01,SEA@CGY,2026020014,8:00 PM,2026-10-02T01:00:00Z,Berkly Catton,8484800,SEA,False,,2026-27,SEA,C,,Healthy,Unknown,,,0.0,0.0,,33.0,22.0,2026-10-02T00:13:56+00:00,CGY,Dustin Wolf,0.8987179487179487,3.0102564645363423,52.1,Confirmed,dailyfaceoff_name_and_stats,21.5,4.0,21.5,4.0,,67.7,49.3,A1+A2,12.94,35.8,54.9,1.02,NONE,False,False,23.623864237296285,2.131916734772367,26.9,2.6,15.0,3.75,True,,,,,50.0,,,,,,,,,,,,,,,,,,,,,,,,,,,,,,,,,,,,,,,,1.069178387322599,0.076369884808757,,,0.0,2.661211738014654,2.7820136125265,50.0,89.0,52.6,89.0,3.15,1.61,,,,,COOL,COOL,COOL,1.54,,COOL,Red,Red,Red,Red,52.0,60.0,59.0,50.0,SOG,60.0,,,,,,,C,Passenger,6.4,,46.1,,0.0,0.829040404040404,54.71666666666667,0.829040404040404,0.0640897999023914,6.4,6.4,2.204081632653061,1.2720073103868412,1.0965580261955528,7.286961583236321,7.207729468599034,46.1,57.3,False,,,,,,False,False,0.0,,False,0.0,,False,0.0,,1.5,128.0,BetRivers,,,,,,,,,,1.5,128.0,BetRivers,0.5,190.0,BetRivers,,,,,,,,,,0.5,190.0,BetRivers,,,,,,,,,,,,,,,,0.5,450.0,Fanatics,,,,,,,,,,0.5,450.0,Fanatics,0.5,450.0,Fanatics,,,,,,,,,,0.5,450.0,Fanatics,The Odds API,"[""Bally Bet"", ""BetMGM"", ""BetRivers"", ""Bovada"", ""Caesars"", ""Courtside"", ""DraftKings"", ""FanDuel"", ""Fanatics"", ""Hard Rock Bet"", ""theScore Bet""]",The Odds API,"[""Bally Bet"", ""BetMGM"", ""BetRivers"", ""Bovada"", ""Caesars"", ""Courtside"", ""DraftKings"", ""FanDuel"", ""Fanatics"", ""fanatics""]",The Odds API,"[""Bally Bet"", ""BetRivers""]",The Odds API,"[""Bally Bet"", ""BetRivers""]",,,0.5,700.0,Hard Rock Bet,,,,,,,,,,0.5,700.0,Hard Rock Bet,The Odds API,"[""Bovada"", ""Hard Rock Bet"", ""theScore Bet""]",ALTLINE_NB_v1_2026-01-18,1.5,128.0,BetRivers,league_avg,2.3,0.6001759479749428,60.0,0.4385964912280701,36.84011613828696,36.8,0.6001759479749428,60.0,36.84011613828696,36.8,,,,,,,,,,,,,0.5,190.0,BetRivers,exp/fallback,0.315,0.2583033156166547,25.8,0.3448275862068966,-25.09203847117012,-25.1,0.2583033156166547,25.8,-25.09203847117012,-25.1,,,,,,,,,,,,,,,,exp/fallback,0.154,,,,,,,,,,,,,,,,,,,,,,0.5,450.0,Fanatics,exp/fallback,0.2444,0.2079884864011633,20.8,0.1818181818181818,14.393667520639807,14.4,0.2079884864011633,20.8,14.393667520639807,14.4,,,,,,,,,,,,,0.5,450.0,Fanatics,exp/fallback,0.20965,0.1784342727141965,17.8,0.1818181818181818,-1.861150007191903,-1.9,0.1784342727141965,17.8,-1.861150007191903,-1.9,,,,,,,,,,,,,True,False,True,False,False,,,Active roster,2026-10-02T00:14:24+00:00,False,[],2025-2026,,2026-09-24-frozen-v2,2026-10-02T00:14:28.971676+00:00,2026020014,8484800.0,PLAYER_ID,FINAL,0.0,L,OK,0.0,,NO_LINE,1.0,L,OK,0.0,L,OK,0.0,L,OK,0.0,L,OK
2026-10-01,SEA@CGY,2026020014,8:00 PM,2026-10-02T01:00:00Z,Bobby McMann,8482259,SEA,False,"{""season"":""2026-27"",""games"":[]}",2026-27,SEA,C,,Healthy,Unknown,,,0.0,0.0,,33.0,22.0,2026-10-02T00:13:56+00:00,CGY,Dustin Wolf,0.8987179487179487,3.0102564645363423,52.1,Confirmed,dailyfaceoff_name_and_stats,21.5,4.0,21.5,4.0,19.4,84.9,66.1,A1+A2,15.93,57.4,72.8,1.09,NONE,False,False,23.623864237296285,2.131916734772367,26.9,2.6,15.0,3.75,True,3.0,3.125,4.0,3.35,91.9,3.0,3.0,35.0,2.0,0.0,0.0,14.0,26.0,4.0,9.0,62.0,108.0,LOW,0.3,-0.2,OK,0.7,,OK,0.65,,LOW,0.0,,LOW,0.2,,LOW,0.225,,STRONG,3.5,,GOOD,3.1,,OK,2.7,,1.774167052463374,0.5376263795343558,,,0.0,2.661211738014654,2.7820136125265,50.0,89.0,67.3,89.0,5.03,2.65,36.85,2.03,-0.35,-1.5,WARM,COOL,COOL,2.38,2.38,WARM,Red,Yellow,Yellow,Red,62.0,79.0,81.0,72.0,GOAL,81.0,2.0,10.0,2.0,1.0,0.0,10.0,C,Passenger,5.9,,46.1,,0.0,0.9378205128205128,73.15,0.9378205128205128,0.0588661328612239,5.9,5.9,2.696514012303486,1.4764183185235815,1.4354066985645932,7.286961583236321,7.207729468599034,46.1,58.5,False,,,,🥅 D:2,,False,False,1.0,,False,0.0,,False,0.0,,1.5,-340.0,Fanatics,2.5,-110.0,FanDuel,3.5,235.0,FanDuel,4.5,530.0,FanDuel,2.5,-110.0,FanDuel,0.5,120.0,Fanatics,1.5,650.0,Fanatics,2.5,2800.0,Fanatics,3.5,4200.0,BetOnline.ag,0.5,120.0,Fanatics,0.5,300.0,Hard Rock Bet,1.5,2200.0,Fanatics,2.5,3300.0,Bovada,,,,0.5,300.0,Hard Rock Bet,0.5,250.0,FanDuel,,,,,,,,,,0.5,250.0,FanDuel,0.5,250.0,FanDuel,,,,,,,,,,0.5,250.0,FanDuel,The Odds API,"[""Bally Bet"", ""BetMGM"", ""BetRivers"", ""Bovada"", ""Caesars"", ""Courtside"", ""DraftKings"", ""FanDuel"", ""Fanatics"", ""Hard Rock Bet"", ""fanduel"", ""theScore Bet""]",The Odds API,"[""Bally Bet"", ""BetMGM"", ""BetRivers"", ""Bovada"", ""Caesars"", ""Courtside"", ""DraftKings"", ""FanDuel"", ""Fanatics"", ""betrivers""]",The Odds API,"[""Bally Bet"", ""BetOnline.ag"", ""BetRivers"", ""Bovada"", ""Caesars"", ""Courtside"", ""DraftKings"", ""Fanatics"", ""Hard Rock Bet"", ""ReBet"", ""draftkings"", ""theScore Bet""]",The Odds API,"[""Bally Bet"", ""BetOnline.ag"", ""BetRivers"", ""Courtside"", ""DraftKings"", ""FanDuel"", ""Fanatics"", ""Hard Rock Bet"", ""ReBet"", ""fanduel"", ""theScore Bet""]",The Odds API,"[""Bally Bet"", ""BetOnline.ag"", ""BetRivers"", ""Bovada"", ""Courtside"", ""DraftKings"", ""Fanatics"", ""Hard Rock Bet"", ""ReBet"", ""draftkings"", ""theScore Bet""]",0.5,360.0,BetRivers,,,,,,,,,,0.5,360.0,BetRivers,The Odds API,"[""Bally Bet"", ""BetRivers"", ""Bovada"", ""FanDuel"", ""Hard Rock Bet"", ""theScore Bet""]",ALTLINE_NB_v1_2026-01-18,2.5,-110.0,FanDuel,exp/fallback,3.685,0.6170796670417193,61.7,0.5238095238095238,17.806118253419147,17.8,0.7858327511520486,78.6,1.696003090265119,1.7,0.6170796670417193,61.7,17.806118253419147,17.8,0.4552435928851641,45.5,52.50660361652999,52.5,0.3194413309180742,31.9,101.2480384783868,101.2,0.5,120.0,Fanatics,exp/fallback,0.503,0.3708076004206367,37.1,0.4545454545454545,-18.42232790745992,-18.4,0.3708076004206367,37.1,-18.42232790745992,-18.4,0.1017001840791378,10.2,-23.724861940646623,-23.7,0.0240090182840206,2.4,-30.37384697634,-30.4,0.0051794005321097,0.5,-77.7285777119281,-77.7,0.5,300.0,Hard Rock Bet,exp/fallback,0.238,0.2013806531268742,20.1,0.25,-19.4477387492503,-19.4,0.2013806531268742,20.1,-19.4477387492503,-19.4,0.0315223827463524,3.2,-27.49851968338939,-27.5,0.0044270286239903,0.4,-84.94810267843278,-84.9,,,,,0.5,250.0,FanDuel,exp/fallback,0.286,0.2372236109283544,23.7,0.2857142857142857,-16.971736175075957,-17.0,0.2372236109283544,23.7,-16.971736175075957,-17.0,,,,,,,,,,,,,0.5,250.0,FanDuel,exp/fallback,0.27725,0.2250173416248475,22.5,0.2857142857142857,-21.24393043130336,-21.2,0.2250173416248475,22.5,-21.24393043130336,-21.2,,,,,,,,,,,,,True,False,False,False,False,19.4,,Active roster,2026-10-02T00:14:24+00:00,False,[],2025-2026,,2026-09-24-frozen-v2,2026-10-02T00:14:28.971676+00:00,2026020014,8482259.0,PLAYER_ID,FINAL,0.0,L,OK,0.0,L,OK,3.0,W,OK,0.0,L,OK,0.0,L,OK,0.0,L,OK
2026-10-01,SEA@CGY,2026020014,8:00 PM,2026-10-02T01:00:00Z,Brandon Montour,8477986,SEA,False,"{""season"":""2026-27"",""games"":[]}",2026-27,SEA,D,,Healthy,Unknown,,,0.0,0.0,,33.0,22.0,2026-10-02T00:13:56+00:00,CGY,Dustin Wolf,0.8987179487179487,3.0102564645363423,52.1,Confirmed,dailyfaceoff_name_and_stats,21.5,4.0,21.5,4.0,19.4,63.7,72.9,A1+A2,22.56,95.9,73.4,1.09,NONE,False,False,23.623864237296285,2.131916734772367,26.9,2.6,15.0,3.75,True,3.0,3.25,3.0,3.0,86.6,1.0,1.0,32.0,0.0,0.0,0.0,8.0,17.0,5.0,12.0,63.0,109.0,LOW,0.1,-0.4,LOW,0.4,,LOW,0.425,,LOW,0.0,,LOW,0.25,,LOW,0.3,,GOOD,3.2,,GOOD,3.15,,OK,2.725,,0.8744467235236965,0.2914822411745654,,,0.0,2.661211738014654,2.7820136125265,50.0,89.0,47.7,89.0,5.14,1.55,33.0,4.14,0.55,-2.0,HOT,COOL,COOL,3.95,3.59,HOT,Yellow,Red,Red,Yellow,82.0,70.0,71.0,75.0,POINTS,82.0,5.0,10.0,5.0,0.0,0.0,10.0,B,Distributor,7.9,,46.1,,1.0,1.7796875,113.9,1.7796875,0.078888132149742,7.9,7.9,3.3476733977172954,0.8849868305531167,2.8972783143107987,7.286961583236321,7.207729468599034,46.1,69.3,False,,,,🅿️ D:5,,False,False,1.0,,False,0.0,,False,0.0,,1.5,-395.0,FanDuel,2.5,-130.0,theScore Bet,3.5,200.0,theScore Bet,4.5,415.0,FanDuel,2.5,-130.0,theScore Bet,0.5,125.0,theScore Bet,1.5,600.0,theScore Bet,2.5,2800.0,Fanatics,3.5,4000.0,BetOnline.ag,0.5,125.0,theScore Bet,0.5,205.0,Bovada,1.5,1100.0,Fanatics,2.5,3300.0,Bovada,,,,0.5,205.0,Bovada,0.5,425.0,theScore Bet,,,,,,,,,,0.5,425.0,theScore Bet,0.5,410.0,FanDuel,,,,,,,,,,0.5,410.0,FanDuel,The Odds API,"[""Bally Bet"", ""BetMGM"", ""BetRivers"", ""Bovada"", ""Caesars"", ""Courtside"", ""DraftKings"", ""FanDuel"", ""Fanatics"", ""Hard Rock Bet"", ""theScore Bet""]",The Odds API,"[""Bally Bet"", ""BetMGM"", ""BetRivers"", ""Bovada"", ""Caesars"", ""Courtside"", ""DraftKings"", ""FanDuel"", ""Fanatics"", ""fanduel""]",The Odds API,"[""Bally Bet"", ""BetOnline.ag"", ""BetRivers"", ""Bovada"", ""Caesars"", ""Courtside"", ""DraftKings"", ""FanDuel"", ""Fanatics"", ""Hard Rock Bet"", ""ReBet"", ""draftkings"", ""theScore Bet""]",The Odds API,"[""Bally Bet"", ""BetOnline.ag"", ""BetRivers"", ""Courtside"", ""DraftKings"", ""FanDuel"", ""Fanatics"", ""Hard Rock Bet"", ""ReBet"", ""fanduel"", ""theScore Bet""]",The Odds API,"[""Bally Bet"", ""BetOnline.ag"", ""BetRivers"", ""Bovada"", ""Courtside"", ""DraftKings"", ""FanDuel"", ""Fanatics"", ""Hard Rock Bet"", ""ReBet"", ""draftkings"", ""theScore Bet""]",0.5,400.0,Hard Rock Bet,,,,,,,,,,0.5,400.0,Hard Rock Bet,The Odds API,"[""Bovada"", ""Hard Rock Bet"", ""theScore Bet""]",ALTLINE_NB_v1_2026-01-18,2.5,-130.0,theScore Bet,exp/fallback,3.3,0.5626316556203185,56.3,0.5652173913043478,-0.45747631332827,-0.5,0.7468490708318726,74.7,-6.407521503347613,-6.4,0.5626316556203185,56.3,-0.45747631332827,-0.5,0.3960789240591873,39.6,18.823677217756195,18.8,0.2643197425844569,26.4,36.1246674309953,36.1,0.5,125.0,theScore Bet,exp/fallback,0.514,0.376655693932214,37.7,0.4444444444444444,-15.252468865251856,-15.3,0.376655693932214,37.7,-15.252468865251856,-15.3,0.105108127766571,10.5,-26.424310563400244,-26.4,0.025259472727017,2.5,-26.74752909165068,-26.7,0.0055482670390879,0.6,-77.2521051397394,-77.3,0.5,205.0,Bovada,exp/fallback,0.395,0.3026529696087449,30.3,0.3278688524590163,-7.690844269332819,-7.7,0.3026529696087449,30.3,-7.690844269332819,-7.7,0.0726303583314622,7.3,-12.843570002245295,-12.8,0.0157249732868735,1.6,-46.535090824630096,-46.5,,,,,0.5,425.0,theScore Bet,exp/fallback,0.242,0.2062542817852622,20.6,0.1904761904761904,8.283497937262696,8.3,0.2062542817852622,20.6,8.283497937262696,8.3,,,,,,,,,,,,,0.5,410.0,FanDuel,exp/fallback,0.20575,0.1756064271879904,17.6,0.196078431372549,-10.440722134124869,-10.4,0.1756064271879904,17.6,-10.440722134124869,-10.4,,,,,,,,,,,,,False,False,False,False,False,19.4,,Active roster,2026-10-02T00:14:24+00:00,False,[],2025-2026,,2026-09-24-frozen-v2,2026-10-02T00:14:28.971676+00:00,2026020014,8477986.0,PLAYER_ID,FINAL,0.0,L,OK,0.0,L,OK,4.0,W,OK,0.0,L,OK,0.0,L,OK,0.0,L,OK
2026-10-01,SEA@CGY,2026020014,8:00 PM,2026-10-02T01:00:00Z,Cale Fleury,8479985,SEA,False,,2026-27,SEA,D,,Healthy,Unknown,,,0.0,0.0,,33.0,22.0,2026-10-02T00:13:56+00:00,CGY,Dustin Wolf,0.8987179487179487,3.0102564645363423,52.1,Confirmed,dailyfaceoff_name_and_stats,21.5,4.0,21.5,4.0,,20.6,24.0,A1+A2,16.3,59.9,29.7,0.94,NONE,False,False,23.623864237296285,2.131916734772367,26.9,2.6,15.0,3.75,True,,,,,50.0,,,,,,,,,,,,,,,,,,,,,,,,,,,,,,,,,,,,,,,,0.5187569047504683,0.3458379365003122,,,0.0,2.661211738014654,2.7820136125265,50.0,89.0,38.6,89.0,1.17,0.36,,,,,COOL,COOL,COOL,0.82,,COOL,Red,Red,Red,Red,40.0,36.0,33.0,34.0,POINTS,40.0,,,,,,,C,Passenger,1.5,,46.1,,0.0,0.2384057971014492,5.483333333333333,0.2384057971014492,0.01463002490217,1.5,1.5,0.0,0.0,0.0,7.286961583236321,7.207729468599034,46.1,38.4,False,,,,,,False,False,0.0,,False,0.0,,False,0.0,,,,,,,,,,,,,,,,,,,,,,,,,,,,,,,,,,,,,,,,,,,,,,,0.5,2200.0,Fanatics,,,,,,,,,,0.5,2200.0,Fanatics,0.5,2200.0,Fanatics,,,,,,,,,,0.5,2200.0,Fanatics,The Odds API,"[""BetMGM"", ""Fanatics""]",The Odds API,"[""BetMGM"", ""Fanatics"", ""fanatics""]",,,,,,,,,,,,,,,,,,,,,,,,ALTLINE_NB_v1_2026-01-18,,,,league_avg,2.3,,,,,,,,,,,,,,,,,,,,,,,,,exp/fallback,0.1169999999999999,,,,,,,,,,,,,,,,,,,,,,,,,exp/fallback,0.0819999999999999,,,,,,,,,,,,,,,,,,,,,,0.5,2200.0,Fanatics,exp/fallback,0.1944,0.1707321143974325,17.1,0.0434782608695652,292.6838631140948,292.7,0.1707321143974325,17.1,292.6838631140948,292.7,,,,,,,,,,,,,0.5,2200.0,Fanatics,exp/fallback,0.1284,0.1160214650159255,11.6,0.0434782608695652,166.84936953662884,166.8,0.1160214650159255,11.6,166.84936953662884,166.8,,,,,,,,,,,,,False,False,True,True,False,,,Active roster,2026-10-02T00:14:24+00:00,False,[],2025-2026,,2026-09-24-frozen-v2,2026-10-02T00:14:28.971676+00:00,2026020014,,,NO_PLAYER,,,NO_PLAYER,,,NO_PLAYER,,,NO_PLAYER,,,NO_PLAYER,,,NO_PLAYER,,,NO_PLAYER
2026-10-01,SEA@CGY,2026020014,8:00 PM,2026-10-02T01:00:00Z,Chandler Stephenson,8476905,SEA,False,"{""season"":""2026-27"",""games"":[]}",2026-27,SEA,C,,Healthy,Unknown,,,0.0,0.0,,33.0,22.0,2026-10-02T00:13:56+00:00,CGY,Dustin Wolf,0.8987179487179487,3.0102564645363423,52.1,Confirmed,dailyfaceoff_name_and_stats,21.5,4.0,21.5,4.0,0.0,67.6,88.4,A1+A2,19.38,84.7,78.3,1.11,NONE,False,False,23.623864237296285,2.131916734772367,26.9,2.6,15.0,3.75,True,0.0,0.375,0.8,0.2799999999999999,5.7,5.0,1.0,4.0,1.0,2.0,4.0,10.0,23.0,8.0,18.0,17.0,32.0,LOW,0.5,0.0,LOW,0.5,,LOW,0.575,,LOW,0.4,,LOW,0.4,,OK,0.45,,LOW,0.4,,LOW,0.85,,LOW,0.8,,1.3349352556401015,0.5339741022560406,,,4.0,2.661211738014654,2.7820136125265,50.0,89.0,58.7,89.0,6.64,1.45,3.08,1.04,0.45,-1.2,COOL,COOL,COOL,5.05,0.59,COOL,Yellow,Red,Red,Yellow,72.0,63.0,58.0,75.0,ASSISTS,75.0,2.0,2.0,3.0,10.0,1.0,4.0,A,Distributor,13.0,,46.1,,2.0,2.5172916666666665,201.38333333333333,2.5172916666666665,0.12988004127612,13.0,13.0,2.87734834064388,0.91467350823471,2.309029214599024,7.286961583236321,7.207729468599034,46.1,72.9,False,,,,🅰️ D:2,,False,False,1.0,,False,0.0,,False,0.0,,1.5,143.0,BetRivers,,,,,,,,,,1.5,143.0,BetRivers,0.5,105.0,theScore Bet,1.5,500.0,theScore Bet,2.5,2200.0,Fanatics,3.5,4300.0,BetOnline.ag,0.5,105.0,theScore Bet,0.5,175.0,Fanatics,1.5,1000.0,Fanatics,2.5,2500.0,Bovada,,,,0.5,175.0,Fanatics,0.5,360.0,theScore Bet,,,,,,,,,,0.5,360.0,theScore Bet,0.5,350.0,FanDuel,,,,,,,,,,0.5,350.0,FanDuel,The Odds API,"[""Bally Bet"", ""BetMGM"", ""BetRivers"", ""Bovada"", ""Caesars"", ""Courtside"", ""DraftKings"", ""FanDuel"", ""Fanatics"", ""Hard Rock Bet"", ""theScore Bet""]",The Odds API,"[""Bally Bet"", ""BetMGM"", ""BetRivers"", ""Bovada"", ""Caesars"", ""Courtside"", ""DraftKings"", ""FanDuel"", ""Fanatics"", ""betrivers""]",The Odds API,"[""Bally Bet"", ""BetOnline.ag"", ""BetRivers"", ""Bovada"", ""Caesars"", ""Courtside"", ""DraftKings"", ""Fanatics"", ""Hard Rock Bet"", ""ReBet"", ""draftkings"", ""theScore Bet""]",The Odds API,"[""Bally Bet"", ""BetRivers""]",The Odds API,"[""Bally Bet"", ""BetOnline.ag"", ""BetRivers"", ""Bovada"", ""Courtside"", ""DraftKings"", ""FanDuel"", ""Fanatics"", ""Hard Rock Bet"", ""ReBet"", ""draftkings"", ""theScore Bet""]",0.5,290.0,BetRivers,,,,,,,,,,0.5,290.0,BetRivers,The Odds API,"[""Bally Bet"", ""BetRivers"", ""Bovada"", ""FanDuel"", ""Hard Rock Bet"", ""theScore Bet""]",ALTLINE_NB_v1_2026-01-18,1.5,143.0,BetRivers,exp/fallback,0.308,0.0441906889275148,4.4,0.411522633744856,-89.2616625906139,-89.3,0.0441906889275148,4.4,-89.2616625906139,-89.3,,,,,,,,,,,,,0.5,105.0,theScore Bet,exp/fallback,0.6639999999999999,0.4495606692333618,45.0,0.4878048780487805,-7.84006280716083,-7.8,0.4495606692333618,45.0,-7.84006280716083,-7.8,0.1529916042958028,15.3,-8.205037422518302,-8.2,0.0451351819450936,4.5,3.8109184737154966,3.8,0.0122053081082765,1.2,-46.296644323583045,-46.3,0.5,175.0,Fanatics,exp/fallback,0.505,0.3625523404289225,36.3,0.3636363636363636,-0.2981063820463148,-0.3,0.3625523404289225,36.3,-0.2981063820463148,-0.3,0.1055375156118414,10.6,16.09126717302558,16.1,0.0278174637958977,2.8,-27.67459413066577,-27.7,,,,,0.5,360.0,theScore Bet,exp/fallback,0.1785,0.1583706059023742,15.8,0.217391304347826,-27.14952128490783,-27.1,0.1583706059023742,15.8,-27.14952128490783,-27.1,,,,,,,,,,,,,0.5,350.0,FanDuel,exp/fallback,0.1494375,0.1329147237202028,13.3,0.2222222222222222,-40.18837432590872,-40.2,0.1329147237202028,13.3,-40.18837432590872,-40.2,,,,,,,,,,,,,False,False,False,False,False,0.0,,Active roster,2026-10-02T00:14:24+00:00,False,[],2025-2026,,2026-09-24-frozen-v2,2026-10-02T00:14:28.971676+00:00,2026020014,8476905.0,PLAYER_ID,FINAL,1.0,W,OK,0.0,L,OK,2.0,W,OK,1.0,W,OK,1.0,W,OK,0.0,L,OK
2026-10-01,SEA@CGY,2026020014,8:00 PM,2026-10-02T01:00:00Z,Curtis Douglas,8480876,VAN,True,,2026-27,SEA,C,,Healthy,Unknown,,,0.0,0.0,,33.0,22.0,2026-10-02T00:13:56+00:00,CGY,Dustin Wolf,0.8987179487179487,3.0102564645363423,52.1,Confirmed,dailyfaceoff_name_and_stats,21.5,4.0,21.5,4.0,,43.2,28.5,A1+A2,6.75,1.0,29.6,0.94,NONE,False,False,23.623864237296285,2.131916734772367,26.9,2.6,15.0,3.75,True,,,,,50.0,,,,,,,,,,,,,,,,,,,,,,,,,,,,,,,,,,,,,,,,0.8323699421965318,0.6242774566473989,,,0.0,2.661211738014654,2.7820136125265,50.0,89.0,46.4,89.0,1.58,0.92,,,,,COOL,COOL,COOL,0.66,,COOL,Red,Red,Red,Red,37.0,44.0,43.0,34.0,SOG,44.0,,,,,,,,Passenger,0.1,,46.1,,,0.003875968992248,0.1666666666666666,0.003875968992248,0.0005742176284811,0.1,0.1,0.0,0.0,0.0,7.286961583236321,7.207729468599034,46.1,25.7,False,,,,,,False,False,0.0,,False,0.0,,False,0.0,,,,,,,,,,,,,,,,,,,,,,,,,,,,,,,,,,,,,,,,,,,,,,,0.5,1100.0,FanDuel,,,,,,,,,,0.5,1100.0,FanDuel,0.5,1100.0,FanDuel,,,,,,,,,,0.5,1100.0,FanDuel,The Odds API,"[""Bally Bet"", ""BetMGM"", ""BetRivers"", ""Bovada"", ""Caesars"", ""Courtside"", ""DraftKings"", ""FanDuel"", ""Fanatics"", ""Hard Rock Bet"", ""theScore Bet""]",The Odds API,"[""Bally Bet"", ""BetMGM"", ""BetRivers"", ""Bovada"", ""Caesars"", ""Courtside"", ""DraftKings"", ""FanDuel"", ""Fanatics"", ""fanduel""]",,,,,,,,,,,,,,,,,,,,,,,,ALTLINE_NB_v1_2026-01-18,,,,league_avg,2.3,,,,,,,,,,,,,,,,,,,,,,,,,exp/fallback,0.158,,,,,,,,,,,,,,,,,,,,,,,,,exp/fallback,0.066,,,,,,,,,,,,,,,,,,,,,,0.5,1100.0,FanDuel,exp/fallback,0.2168,0.1877198314341909,18.8,0.0833333333333333,125.26379772102908,125.3,0.1877198314341909,18.8,125.26379772102908,125.3,,,,,,,,,,,,,0.5,1100.0,FanDuel,exp/fallback,0.1648,0.1449172220041515,14.5,0.0833333333333333,73.9006664049819,73.9,0.1449172220041515,14.5,73.9006664049819,73.9,,,,,,,,,,,,,False,False,True,True,False,,,Active roster,2026-10-02T00:14:24+00:00,False,[],2025-2026,,2026-09-24-frozen-v2,2026-10-02T00:14:28.971676+00:00,2026020014,8480876.0,PLAYER_ID,FINAL,0.0,,NO_LINE,0.0,,NO_LINE,0.0,,NO_LINE,0.0,L,OK,0.0,L,OK,0.0,,NO_LINE
2026-10-01,SEA@CGY,2026020014,8:00 PM,2026-10-02T01:00:00Z,Frederick Gaudreau,8477919,SEA,False,,2026-27,SEA,C,,Healthy,Unknown,,,0.0,0.0,,33.0,22.0,2026-10-02T00:13:56+00:00,CGY,Dustin Wolf,0.8987179487179487,3.0102564645363423,52.1,Confirmed,dailyfaceoff_name_and_stats,21.5,4.0,21.5,4.0,,64.2,66.1,A1+A2,16.14,59.3,63.9,1.06,NONE,False,False,23.623864237296285,2.131916734772367,26.9,2.6,15.0,3.75,True,,,,,50.0,,,,,,,,,,,,,,,,,,,,,,,,,,,,,,,,,,,,,,,,1.2435459239328048,0.523598283761181,,,0.0,2.661211738014654,2.7820136125265,50.0,89.0,56.2,89.0,4.08,1.44,,,,,COOL,COOL,COOL,2.64,,COOL,Red,Red,Red,Red,63.0,60.0,58.0,60.0,POINTS,63.0,,,,,,,C,Passenger,1.8,,46.1,,0.0,0.2862745098039215,19.466666666666665,0.2862745098039215,0.0177329730057996,1.8,1.8,12.0513698630137,6.811643835616438,6.164383561643836,7.286961583236321,7.207729468599034,46.1,64.7,False,,,,,,False,False,0.0,,False,0.0,,False,0.0,,,,,,,,,,,,,,,,,,,,,,,,,,,,,,,,,,,,,,,,,,,,,,,0.5,950.0,DraftKings,,,,,,,,,,0.5,950.0,DraftKings,0.5,950.0,DraftKings,,,,,,,,,,0.5,950.0,DraftKings,The Odds API,"[""Bally Bet"", ""BetMGM"", ""BetRivers"", ""Bovada"", ""Caesars"", ""Courtside"", ""DraftKings"", ""FanDuel"", ""Hard Rock Bet"", ""theScore Bet""]",The Odds API,"[""Bally Bet"", ""BetMGM"", ""BetRivers"", ""Bovada"", ""Caesars"", ""Courtside"", ""DraftKings"", ""FanDuel"", ""fanduel""]",,,,,,,,,,,,,,,,,,,,,,,,ALTLINE_NB_v1_2026-01-18,,,,league_avg,2.3,,,,,,,,,,,,,,,,,,,,,,,,,exp/fallback,0.408,,,,,,,,,,,,,,,,,,,,,,,,,exp/fallback,0.264,,,,,,,,,,,,,,,,,,,,,,0.5,950.0,DraftKings,exp/fallback,0.2375999999999999,0.2030610721781736,20.3,0.0952380952380952,113.21412578708228,113.2,0.2030610721781736,20.3,113.21412578708228,113.2,,,,,,,,,,,,,0.5,950.0,DraftKings,exp/fallback,0.1986,0.1703801457882775,17.0,0.0952380952380952,78.89915307769141,78.9,0.1703801457882775,17.0,78.89915307769141,78.9,,,,,,,,,,,,,False,False,True,True,False,,,Active roster,2026-10-02T00:14:24+00:00,False,[],2025-2026,,2026-09-24-frozen-v2,2026-10-02T00:14:28.971676+00:00,2026020014,8477919.0,PLAYER_ID,FINAL,1.0,,NO_LINE,0.0,,NO_LINE,2.0,,NO_LINE,1.0,W,OK,1.0,W,OK,0.0,,NO_LINE
2026-10-01,SEA@CGY,2026020014,8:00 PM,2026-10-02T01:00:00Z,Jacob Melanson,8482874,SEA,False,,2026-27,SEA,R,,Healthy,Unknown,,,0.0,0.0,,33.0,22.0,2026-10-02T00:13:56+00:00,CGY,Dustin Wolf,0.8987179487179487,3.0102564645363423,52.1,Confirmed,dailyfaceoff_name_and_stats,21.5,4.0,21.5,4.0,,47.3,28.5,A1+A2,9.37,11.1,33.5,0.94,NONE,False,False,23.623864237296285,2.131916734772367,26.9,2.6,15.0,3.75,True,,,,,50.0,,,,,,,,,,,,,,,,,,,,,,,,,,,,,,,,,,,,,,,,0.8910891089108911,0.1782178217821782,,,0.0,2.661211738014654,2.7820136125265,50.0,89.0,48.0,89.0,2.07,1.28,,,,,COOL,COOL,COOL,0.78,,COOL,Red,Red,Red,Red,38.0,47.0,46.0,36.0,SOG,47.0,,,,,,,C,Passenger,0.1,,46.1,,0.0,0.0106481481481481,0.3833333333333333,0.0106481481481481,0.0011368129695531,0.1,0.1,0.0,0.0,0.0,7.286961583236321,7.207729468599034,46.1,25.7,False,,,,,,False,False,0.0,,False,0.0,,False,0.0,,,,,,,,,,,,,,,,,,,,,,,,,,,,,,,,,,,,,,,,,,,,,,,0.5,1100.0,FanDuel,,,,,,,,,,0.5,1100.0,FanDuel,0.5,1100.0,FanDuel,,,,,,,,,,0.5,1100.0,FanDuel,The Odds API,"[""Bally Bet"", ""BetMGM"", ""BetRivers"", ""Bovada"", ""Caesars"", ""Courtside"", ""DraftKings"", ""FanDuel"", ""Fanatics"", ""Hard Rock Bet"", ""theScore Bet""]",The Odds API,"[""Bally Bet"", ""BetMGM"", ""BetRivers"", ""Bovada"", ""Caesars"", ""Courtside"", ""DraftKings"", ""FanDuel"", ""Fanatics"", ""fanduel""]",,,,,,,,,,,,,,,,,,,,,,,,ALTLINE_NB_v1_2026-01-18,,,,league_avg,2.3,,,,,,,,,,,,,,,,,,,,,,,,,exp/fallback,0.207,,,,,,,,,,,,,,,,,,,,,,,,,exp/fallback,0.078,,,,,,,,,,,,,,,,,,,,,,0.5,1100.0,FanDuel,exp/fallback,0.2312,0.1983842117779523,19.8,0.0833333333333333,138.06105413354274,138.1,0.1983842117779523,19.8,138.06105413354274,138.1,,,,,,,,,,,,,0.5,1100.0,FanDuel,exp/fallback,0.1882,0.1626800709302317,16.3,0.0833333333333333,95.21608511627808,95.2,0.1626800709302317,16.3,95.21608511627808,95.2,,,,,,,,,,,,,False,False,True,True,False,,,Active roster,2026-10-02T00:14:24+00:00,False,[],2025-2026,,2026-09-24-frozen-v2,2026-10-02T00:14:28.971676+00:00,2026020014,8482874.0,PLAYER_ID,FINAL,0.0,,NO_LINE,0.0,,NO_LINE,1.0,,NO_LINE,0.0,L,OK,0.0,L,OK,0.0,,NO_LINE
2026-10-01,SEA@CGY,2026020014,8:00 PM,2026-10-02T01:00:00Z,Jared McCann,8477955,SEA,False,"{""season"":""2026-27"",""games"":[]}",2026-27,SEA,L,,Healthy,Unknown,,,0.0,0.0,,33.0,22.0,2026-10-02T00:13:56+00:00,CGY,Dustin Wolf,0.8987179487179487,3.0102564645363423,52.1,Confirmed,dailyfaceoff_name_and_stats,21.5,4.0,21.5,4.0,12.9,80.9,71.0,A1+A2,16.43,60.9,73.4,1.09,NONE,False,False,23.623864237296285,2.131916734772367,26.9,2.6,15.0,3.75,True,2.0,1.75,2.2,2.0700000000000003,65.0,5.0,3.0,18.0,2.0,1.0,2.0,9.0,32.0,5.0,17.0,38.0,88.0,LOW,0.5,0.0,LOW,0.45,,GOOD,0.8,,LOW,0.2,,LOW,0.25,,LOW,0.425,,LOW,1.8,,LOW,1.9,,LOW,2.2,,1.904905888578124,0.907098042180059,,,2.0,2.661211738014654,2.7820136125265,50.0,89.0,69.6,89.0,8.51,3.88,22.77,2.74,0.53,2.7,HOT,COOL,HOT,4.63,2.21,WARM,Yellow,Red,Yellow,Yellow,68.0,72.0,74.0,70.0,GOAL,74.0,0.0,0.0,1.0,2.0,1.0,1.0,A,Hybrid,16.3,,46.1,,2.0,2.676602564102564,139.18333333333334,2.676602564102564,0.1628700706010843,16.3,16.3,3.304274937133277,1.6553706142976887,1.939887438630104,7.286961583236321,7.207729468599034,46.1,75.5,False,,,,🥅 D:1,,False,False,0.0,,False,0.0,,False,0.0,,1.5,-167.0,BetRivers,2.5,160.0,theScore Bet,3.5,400.0,theScore Bet,4.5,900.0,Fanatics,2.5,160.0,theScore Bet,0.5,-132.0,theScore Bet,1.5,375.0,theScore Bet,2.5,1400.0,DraftKings,3.5,3000.0,BetOnline.ag,0.5,-132.0,theScore Bet,0.5,150.0,DraftKings,1.5,900.0,Fanatics,2.5,4000.0,Fanatics,,,,0.5,150.0,DraftKings,0.5,220.0,Hard Rock Bet,,,,,,,,,,0.5,220.0,Hard Rock Bet,0.5,210.0,DraftKings,,,,,,,,,,0.5,210.0,DraftKings,The Odds API,"[""Bally Bet"", ""BetMGM"", ""BetRivers"", ""Bovada"", ""Caesars"", ""Courtside"", ""DraftKings"", ""FanDuel"", ""Fanatics"", ""Hard Rock Bet"", ""fanduel"", ""theScore Bet""]",The Odds API,"[""Bally Bet"", ""BetMGM"", ""BetRivers"", ""Bovada"", ""Caesars"", ""Courtside"", ""DraftKings"", ""FanDuel"", ""Fanatics"", ""betmgm""]",The Odds API,"[""Bally Bet"", ""BetOnline.ag"", ""BetRivers"", ""Bovada"", ""Caesars"", ""Courtside"", ""DraftKings"", ""FanDuel"", ""Fanatics"", ""Hard Rock Bet"", ""ReBet"", ""draftkings"", ""theScore Bet""]",The Odds API,"[""Bally Bet"", ""BetOnline.ag"", ""BetRivers"", ""Courtside"", ""DraftKings"", ""FanDuel"", ""Fanatics"", ""Hard Rock Bet"", ""ReBet"", ""fanduel"", ""theScore Bet""]",The Odds API,"[""Bally Bet"", ""BetOnline.ag"", ""BetRivers"", ""Bovada"", ""Courtside"", ""DraftKings"", ""FanDuel"", ""Fanatics"", ""Hard Rock Bet"", ""ReBet"", ""draftkings"", ""theScore Bet""]",0.5,205.0,BetRivers,1.5,700.0,Bovada,,,,,,,0.5,205.0,BetRivers,The Odds API,"[""Bally Bet"", ""BetRivers"", ""Bovada"", ""FanDuel"", ""Hard Rock Bet"", ""theScore Bet""]",ALTLINE_NB_v1_2026-01-18,2.5,160.0,theScore Bet,exp/fallback,2.277,0.3788213731934684,37.9,0.3846153846153846,-1.5064429696982071,-1.5,0.5958181358089664,59.6,-4.740453735931727,-4.7,0.3788213731934684,37.9,-1.5064429696982071,-1.5,0.2213889601058505,22.1,10.69448005292526,10.7,0.1214480953534393,12.1,21.448095353439367,21.4,0.5,-132.0,theScore Bet,exp/fallback,0.851,0.5252101518127914,52.5,0.5689655172413793,-7.690336954115451,-7.7,0.5252101518127914,52.5,-7.690336954115451,-7.7,0.2138905379842945,21.4,1.5980055425399264,1.6,0.0761012948718899,7.6,14.151942307834986,14.2,0.0249038791431294,2.5,-22.797974656298813,-22.8,0.5,150.0,DraftKings,exp/fallback,0.4629999999999999,0.3406269879066044,34.1,0.4,-14.8432530233489,-14.8,0.3406269879066044,34.1,-14.8432530233489,-14.8,0.0927262939567528,9.3,-7.273706043247197,-7.3,0.0228249411560333,2.3,-6.417741260263076,-6.4,,,,,0.5,220.0,Hard Rock Bet,exp/fallback,0.3352,0.2698858402785262,27.0,0.3125,-13.636531110871598,-13.6,0.2698858402785262,27.0,-13.636531110871598,-13.6,,,,,,,,,,,,,0.5,210.0,DraftKings,exp/fallback,0.3572,0.274727351704387,27.5,0.3225806451612903,-14.83452097164003,-14.8,0.274727351704387,27.5,-14.83452097164003,-14.8,,,,,,,,,,,,,False,False,False,False,False,12.9,,Active roster,2026-10-02T00:14:24+00:00,False,[],2025-2026,,2026-09-24-frozen-v2,2026-10-02T00:14:28.971676+00:00,2026020014,8477955.0,PLAYER_ID,FINAL,3.0,W,OK,3.0,W,OK,4.0,W,OK,0.0,L,OK,0.0,L,OK,1.0,W,OK
2026-10-01,SEA@CGY,2026020014,8:00 PM,2026-10-02T01:00:00Z,Jordan Eberle,8474586,SEA,False,"{""season"":""2026-27"",""games"":[]}",2026-27,SEA,R,,Healthy,Unknown,,,0.0,0.0,,33.0,22.0,2026-10-02T00:13:56+00:00,CGY,Dustin Wolf,0.8987179487179487,3.0102564645363423,52.1,Confirmed,dailyfaceoff_name_and_stats,21.5,4.0,21.5,4.0,12.9,95.9,84.1,A1+A2,18.48,78.6,88.3,1.15,NONE,False,False,23.623864237296285,2.131916734772367,26.9,2.6,15.0,3.75,True,2.0,1.5,1.2,1.72,48.8,4.0,3.0,16.0,1.0,1.0,1.0,11.0,28.0,7.0,16.0,34.0,72.0,LOW,0.4,-0.1,LOW,0.55,,OK,0.7,,LOW,0.1,,LOW,0.35,,LOW,0.4,,LOW,1.6,,LOW,1.7,,LOW,1.8,,1.6195470329392248,0.5567192925728586,,,1.0,2.661211738014654,2.7820136125265,50.0,89.0,64.5,89.0,8.32,4.57,18.92,4.32,1.15,1.2,HOT,COOL,COOL,4.6,3.18,HOT,Yellow,Red,Green,Yellow,82.0,86.0,80.0,81.0,SOG,86.0,3.0,4.0,3.0,6.0,0.0,10.0,A,Hybrid,13.6,,46.1,,2.0,2.5166666666666666,201.3333333333333,2.5166666666666666,0.1362093655214405,13.6,13.6,4.193791390728476,2.103973509933774,2.4586092715231787,7.286961583236321,7.207729468599034,46.1,75.1,False,,,,🎯 D:6,,False,False,2.0,,False,0.0,,False,0.0,,1.5,-165.0,Hard Rock Bet,2.5,180.0,theScore Bet,3.5,475.0,theScore Bet,4.5,1000.0,Fanatics,1.5,-165.0,Hard Rock Bet,0.5,-110.0,theScore Bet,1.5,500.0,theScore Bet,2.5,1500.0,Fanatics,3.5,3400.0,BetOnline.ag,0.5,-110.0,theScore Bet,0.5,175.0,Bovada,1.5,950.0,Fanatics,2.5,2500.0,Bovada,,,,0.5,175.0,Bovada,0.5,260.0,Hard Rock Bet,,,,,,,,,,0.5,260.0,Hard Rock Bet,0.5,240.0,DraftKings,,,,,,,,,,0.5,240.0,DraftKings,The Odds API,"[""Bally Bet"", ""BetMGM"", ""BetRivers"", ""Bovada"", ""Caesars"", ""Courtside"", ""DraftKings"", ""FanDuel"", ""Fanatics"", ""Hard Rock Bet"", ""fanduel"", ""theScore Bet""]",The Odds API,"[""Bally Bet"", ""BetMGM"", ""BetRivers"", ""Bovada"", ""Caesars"", ""Courtside"", ""DraftKings"", ""FanDuel"", ""Fanatics"", ""betmgm""]",The Odds API,"[""Bally Bet"", ""BetOnline.ag"", ""BetRivers"", ""Bovada"", ""Caesars"", ""Courtside"", ""DraftKings"", ""FanDuel"", ""Fanatics"", ""Hard Rock Bet"", ""ReBet"", ""draftkings"", ""theScore Bet""]",The Odds API,"[""Bally Bet"", ""BetOnline.ag"", ""BetRivers"", ""Courtside"", ""DraftKings"", ""FanDuel"", ""Fanatics"", ""Hard Rock Bet"", ""ReBet"", ""theScore Bet""]",The Odds API,"[""Bally Bet"", ""BetOnline.ag"", ""BetRivers"", ""Bovada"", ""Courtside"", ""DraftKings"", ""FanDuel"", ""Fanatics"", ""Hard Rock Bet"", ""ReBet"", ""draftkings"", ""theScore Bet""]",0.5,255.0,BetRivers,1.5,850.0,Bovada,,,,,,,0.5,255.0,BetRivers,The Odds API,"[""Bally Bet"", ""BetRivers"", ""Bovada"", ""FanDuel"", ""Hard Rock Bet"", ""theScore Bet""]",ALTLINE_NB_v1_2026-01-18,1.5,-165.0,Hard Rock Bet,exp/fallback,1.892,0.5147435302995017,51.5,0.6226415094339622,-17.329069376140634,-17.3,0.5147435302995017,51.5,-17.329069376140634,-17.3,0.2957124221414173,29.6,-17.200521800403134,-17.2,0.1550447858090698,15.5,-10.84924815978482,-10.8,0.0759968319909432,7.6,-16.403484809962478,-16.4,0.5,-110.0,theScore Bet,exp/fallback,0.8320000000000001,0.518190160790645,51.8,0.5238095238095238,-1.0727874854223274,-1.1,0.518190160790645,51.8,-1.0727874854223274,-1.1,0.2077302891811472,20.8,24.63817350868833,24.6,0.0726975569197672,7.3,16.316091071627525,16.3,0.0233919248177185,2.3,-18.12826313798501,-18.1,0.5,175.0,Bovada,exp/fallback,0.4599999999999999,0.3390177804217066,33.9,0.3636363636363636,-6.770110384030681,-6.8,0.3390177804217066,33.9,-6.770110384030681,-6.8,0.0918211779777919,9.2,-3.5877631233184104,-3.6,0.0224855455849867,2.2,-41.53758147903452,-41.5,,,,,0.5,260.0,Hard Rock Bet,exp/fallback,0.30838,0.2523293324027121,25.2,0.2777777777777778,-9.161440335023618,-9.2,0.2523293324027121,25.2,-9.161440335023618,-9.2,,,,,,,,,,,,,0.5,240.0,DraftKings,exp/fallback,0.3417425,0.2655338447175606,26.6,0.2941176470588235,-9.718492796029398,-9.7,0.2655338447175606,26.6,-9.718492796029398,-9.7,,,,,,,,,,,,,False,False,False,False,False,12.9,,Active roster,2026-10-02T00:14:24+00:00,False,[],2025-2026,,2026-09-24-frozen-v2,2026-10-02T00:14:28.971676+00:00,2026020014,8474586.0,PLAYER_ID,FINAL,1.0,W,OK,0.0,L,OK,4.0,W,OK,1.0,W,OK,1.0,W,OK,1.0,W,OK
2026-10-01,SEA@CGY,2026020014,8:00 PM,2026-10-02T01:00:00Z,Josh Mahura,8479372,,,,,SEA,D,,Unknown,,,,,,,,,,,,,,,,,,,,,,,,,,,,,,,,,,,,,,,,,,,,,,,,,,,,,,,,,,,,,,,,,,,,,,,,,,,,,,,,,,,,,,,,,,,,,,,,,,,,,,,,,,,,,,,,,,,,,,,,,,,,,,,,,,,,,,,,,,,,,,,,,,,,,,,,,,,,,,,,,,,,,,,,,,,,,,,,,,,,,,,,,,,,,,,,,,,,,,,,,,,,,,,,,,,,,,,,,,,,,,,,,,,,,,,,,,,,,,,,,,,,,,,,,,,,,,,,,,,,,,,,,,,,,,,,,,,,,,,,,,,,,,,,,,,,,,,,,,,,,,,,,,,,,,,,,,,,,,,,,,,,,,,,,,,,,,,,,,,0.5,2200.0,fanduel,,,,,,,,,,,,,,,,,,,,,,,,,,,,,,,,,,,,,,,,,,,,,,,,,,,,,,,,,Active roster,2026-10-02T00:14:24+00:00,True,[],Unavailable,True,2026-09-24-frozen-v2,2026-10-02T00:14:28.971676+00:00,2026020014,8479372.0,PLAYER_ID,FINAL,0.0,,NO_LINE,0.0,,NO_LINE,0.0,,NO_LINE,0.0,L,OK,0.0,,NO_LINE,0.0,,NO_LINE
2026-10-01,SEA@CGY,2026020014,8:00 PM,2026-10-02T01:00:00Z,Kaapo Kakko,8481554,SEA,False,"{""season"":""2026-27"",""games"":[]}",2026-27,SEA,R,,Healthy,Unknown,,,0.0,0.0,,33.0,22.0,2026-10-02T00:13:56+00:00,CGY,Dustin Wolf,0.8987179487179487,3.0102564645363423,52.1,Confirmed,dailyfaceoff_name_and_stats,21.5,4.0,21.5,4.0,0.0,67.2,82.2,A1+A2,14.26,45.4,68.1,1.07,NONE,False,False,23.623864237296285,2.131916734772367,26.9,2.6,15.0,3.75,True,0.0,0.125,0.8,0.2799999999999999,5.7,6.0,1.0,5.0,0.0,2.0,5.0,17.0,26.0,12.0,17.0,17.0,38.0,OK,0.6,0.1,GOOD,0.85,,OK,0.65,,OK,0.5,,GOOD,0.6,,LOW,0.425,,LOW,0.5,,LOW,0.85,,LOW,0.95,,2.2698151198974923,0.9518579535054,,,5.0,2.661211738014654,2.7820136125265,50.0,89.0,73.2,89.0,6.16,1.71,2.8,0.16,0.71,-2.2,COOL,COOL,COOL,4.45,-0.55,COOL,Yellow,Red,Red,Yellow,63.0,51.0,59.0,70.0,ASSISTS,70.0,2.0,2.0,7.0,0.0,0.0,10.0,B,Distributor,9.8,,46.1,,1.0,1.3979487179487178,90.86666666666666,1.3979487179487178,0.0980504999640313,9.8,9.8,4.204512105649304,1.538517975055026,3.136463683052092,7.286961583236321,7.207729468599034,46.1,72.4,False,,,,🅰️ D:2,,False,False,1.0,,False,0.0,,False,0.0,,1.5,102.0,BetRivers,,,,,,,,,,1.5,102.0,BetRivers,0.5,145.0,theScore Bet,1.5,900.0,theScore Bet,2.5,3000.0,Fanatics,3.5,3800.0,BetOnline.ag,0.5,145.0,theScore Bet,0.5,265.0,Bovada,1.5,1400.0,DraftKings,2.5,3300.0,Bovada,,,,0.5,265.0,Bovada,0.5,380.0,theScore Bet,,,,,,,,,,0.5,380.0,theScore Bet,0.5,380.0,FanDuel,,,,,,,,,,0.5,380.0,FanDuel,The Odds API,"[""Bally Bet"", ""BetMGM"", ""BetRivers"", ""Bovada"", ""Caesars"", ""Courtside"", ""DraftKings"", ""FanDuel"", ""Fanatics"", ""Hard Rock Bet"", ""theScore Bet""]",The Odds API,"[""Bally Bet"", ""BetMGM"", ""BetRivers"", ""Bovada"", ""Caesars"", ""Courtside"", ""DraftKings"", ""FanDuel"", ""Fanatics"", ""fanduel""]",The Odds API,"[""Bally Bet"", ""BetOnline.ag"", ""BetRivers"", ""Caesars"", ""Courtside"", ""DraftKings"", ""Fanatics"", ""Hard Rock Bet"", ""ReBet"", ""draftkings"", ""theScore Bet""]",The Odds API,"[""Bally Bet"", ""BetRivers""]",The Odds API,"[""Bally Bet"", ""BetOnline.ag"", ""BetRivers"", ""Bovada"", ""Courtside"", ""DraftKings"", ""Fanatics"", ""Hard Rock Bet"", ""ReBet"", ""draftkings"", ""theScore Bet""]",0.5,575.0,Hard Rock Bet,,,,,,,,,,0.5,575.0,Hard Rock Bet,The Odds API,"[""Bovada"", ""Hard Rock Bet"", ""theScore Bet""]",ALTLINE_NB_v1_2026-01-18,1.5,102.0,BetRivers,exp/fallback,0.2799999999999999,0.0374686576970475,3.7,0.495049504950495,-92.4313311451964,-92.4,0.0374686576970475,3.7,-92.4313311451964,-92.4,,,,,,,,,,,,,0.5,145.0,theScore Bet,exp/fallback,0.616,0.4275456212251938,42.8,0.4081632653061224,4.74867720017248,4.7,0.4275456212251938,42.8,4.74867720017248,4.7,0.1374568606746173,13.7,37.456860674617374,37.5,0.0382310408021842,3.8,18.516226486771025,18.5,0.0097377648971682,1.0,-62.022716901043765,-62.0,0.5,265.0,Bovada,exp/fallback,0.445,0.3308826911898159,33.1,0.273972602739726,20.772182284282813,20.8,0.3308826911898159,33.1,20.772182284282813,20.8,0.0873185174306896,8.7,30.97777614603445,31.0,0.0208240037357134,2.1,-29.198387298574204,-29.2,,,,,0.5,380.0,theScore Bet,exp/fallback,0.1863,0.1644667419619785,16.4,0.2083333333333333,-21.055963858250315,-21.1,0.1644667419619785,16.4,-21.055963858250315,-21.1,,,,,,,,,,,,,0.5,380.0,FanDuel,exp/fallback,0.1621125,0.142837370015034,14.3,0.2083333333333333,-31.43806239278366,-31.4,0.142837370015034,14.3,-31.43806239278366,-31.4,,,,,,,,,,,,,False,False,False,False,True,0.0,,Active roster,2026-10-02T00:14:24+00:00,False,[],2025-2026,,2026-09-24-frozen-v2,2026-10-02T00:14:28.971676+00:00,2026020014,8481554.0,PLAYER_ID,FINAL,2.0,W,OK,1.0,W,OK,1.0,L,OK,1.0,W,OK,1.0,W,OK,0.0,L,OK
2026-10-01,SEA@CGY,2026020014,8:00 PM,2026-10-02T01:00:00Z,Mackie Samoskevich,8482713,FLA,True,"{""season"":""2026-27"",""games"":[]}",2026-27,SEA,R,,GTD,Unknown,,,0.0,-1.0,🟡 GTD,33.0,22.0,2026-10-02T00:13:56+00:00,CGY,Dustin Wolf,0.8987179487179487,3.0102564645363423,52.1,Confirmed,dailyfaceoff_name_and_stats,21.5,4.0,21.5,4.0,12.9,88.6,71.0,A1+A2,14.47,46.0,73.9,1.1,NONE,False,False,23.623864237296285,2.131916734772367,26.9,2.6,15.0,3.75,True,2.0,1.875,2.4,2.14,69.1,9.0,6.0,21.0,2.0,3.0,3.0,11.0,14.0,5.0,6.0,35.0,80.0,GOOD,0.9,,LOW,0.55,,LOW,0.35,,LOW,0.3,,LOW,0.25,,LOW,0.15,,LOW,2.1,,LOW,1.75,,LOW,2.0,,1.3544746036011823,0.6449879064767535,,,3.0,2.661211738014654,2.7820136125265,50.0,89.0,59.1,89.0,5.88,3.03,21.4,-3.12,-2.97,0.4,COOL,COOL,COOL,2.85,-0.15,COOL,Yellow,Red,Red,Yellow,53.0,74.0,76.0,62.0,GOAL,76.0,0.0,0.0,1.0,2.0,1.0,8.0,,Passenger,13.8,,46.1,,,1.991991341991342,153.38333333333333,1.991991341991342,0.1376684767161812,13.8,13.8,3.51863522764316,1.689883733565142,2.1514723459741387,7.286961583236321,7.207729468599034,46.1,74.4,False,,,,🥅 D:1,,False,False,0.0,,False,0.0,,False,0.0,,,,,,,,,,,,,,,,,,,,,,,,,,,,,,,,,,,,,,,,,,,,,,,,,,,,,,,,,,,,,,,,,,,,,,,,,,,,,,,,,,,,,,,,,,,,,,,,,,,,,,,,ALTLINE_NB_v1_2026-01-18,,,,exp/fallback,2.14,,,,,,,,,,,,,,,,,,,,,,,,,exp/fallback,0.588,,,,,,,,,,,,,,,,,,,,,,,,,exp/fallback,0.285,,,,,,,,,,,,,,,,,,,,,,,,,exp/fallback,0.3012,,,,,,,,,,,,,,,,,,,,,,,,,exp/fallback,0.30195,,,,,,,,,,,,,,,,,,,,,,False,False,False,False,False,12.9,,Active roster,2026-10-02T00:14:24+00:00,False,[],2025-2026,,2026-09-24-frozen-v2,2026-10-02T00:14:28.971676+00:00,2026020014,,,NO_PLAYER,,,NO_PLAYER,,,NO_PLAYER,,,NO_PLAYER,,,NO_PLAYER,,,NO_PLAYER,,,NO_PLAYER
2026-10-01,SEA@CGY,2026020014,8:00 PM,2026-10-02T01:00:00Z,Matty Beniers,8482665,SEA,False,"{""season"":""2026-27"",""games"":[]}",2026-27,SEA,C,,Healthy,Unknown,,,0.0,0.0,,33.0,22.0,2026-10-02T00:13:56+00:00,CGY,Dustin Wolf,0.8987179487179487,3.0102564645363423,52.1,Confirmed,dailyfaceoff_name_and_stats,21.5,4.0,21.5,4.0,6.5,89.3,85.3,A1+A2,19.28,84.5,86.9,1.15,NONE,False,False,23.623864237296285,2.131916734772367,26.9,2.6,15.0,3.75,True,1.0,1.25,0.6,0.86,13.0,5.0,1.0,13.0,1.0,2.0,4.0,11.0,23.0,7.0,11.0,31.0,69.0,LOW,0.5,0.0,LOW,0.55,,LOW,0.575,,LOW,0.4,,LOW,0.35,,LOW,0.275,,LOW,1.3,,LOW,1.55,,LOW,1.725,,1.6880802775954231,0.5305395158157045,,,4.0,2.661211738014654,2.7820136125265,50.0,89.0,65.7,89.0,7.96,3.04,9.46,2.24,2.04,-4.4,WARM,WARM,COOL,4.62,0.2,COOL,Yellow,Red,Red,Yellow,75.0,70.0,72.0,76.0,ASSISTS,76.0,2.0,2.0,3.0,3.0,0.0,10.0,A,Shooter,13.1,,46.1,,2.0,2.529878048780488,207.45,2.529878048780488,0.1312407081325587,13.1,13.1,2.5733911785972525,1.6514822848879247,1.084598698481562,7.286961583236321,7.207729468599034,46.1,66.5,False,,,,🅰️ D:2,,False,False,1.0,,False,0.0,,False,0.0,,1.5,-148.0,BetRivers,2.5,198.0,FanDuel,3.5,500.0,Fanatics,4.5,1200.0,Fanatics,1.5,-148.0,BetRivers,0.5,100.0,Fanatics,1.5,520.0,FanDuel,2.5,1900.0,Fanatics,3.5,4300.0,BetOnline.ag,0.5,100.0,Fanatics,0.5,215.0,Bovada,1.5,1200.0,Bovada,2.5,3300.0,Bovada,,,,0.5,215.0,Bovada,0.5,290.0,DraftKings,,,,,,,,,,0.5,290.0,DraftKings,0.5,290.0,DraftKings,,,,,,,,,,0.5,290.0,DraftKings,The Odds API,"[""Bally Bet"", ""BetMGM"", ""BetRivers"", ""Bovada"", ""Caesars"", ""Courtside"", ""DraftKings"", ""FanDuel"", ""Fanatics"", ""Hard Rock Bet"", ""fanduel"", ""theScore Bet""]",The Odds API,"[""Bally Bet"", ""BetMGM"", ""BetRivers"", ""Bovada"", ""Caesars"", ""Courtside"", ""DraftKings"", ""FanDuel"", ""Fanatics"", ""betmgm""]",The Odds API,"[""Bally Bet"", ""BetOnline.ag"", ""BetRivers"", ""Bovada"", ""Caesars"", ""Courtside"", ""DraftKings"", ""FanDuel"", ""Fanatics"", ""Hard Rock Bet"", ""ReBet"", ""draftkings"", ""theScore Bet""]",The Odds API,"[""Bally Bet"", ""BetOnline.ag"", ""BetRivers"", ""Courtside"", ""DraftKings"", ""FanDuel"", ""Fanatics"", ""Hard Rock Bet"", ""ReBet"", ""theScore Bet""]",The Odds API,"[""Bally Bet"", ""BetOnline.ag"", ""BetRivers"", ""Bovada"", ""Courtside"", ""DraftKings"", ""FanDuel"", ""Fanatics"", ""Hard Rock Bet"", ""ReBet"", ""draftkings"", ""theScore Bet""]",0.5,400.0,Hard Rock Bet,,,,,,,,,,0.5,400.0,Hard Rock Bet,The Odds API,"[""Bovada"", ""Hard Rock Bet"", ""theScore Bet""]",ALTLINE_NB_v1_2026-01-18,1.5,-148.0,BetRivers,exp/fallback,0.946,0.2449362008856832,24.5,0.5967741935483871,-58.95663660834497,-59.0,0.2449362008856832,24.5,-58.95663660834497,-59.0,0.0884422460478474,8.8,-73.64421067774146,-73.6,0.0285784040435641,2.9,-82.8529575738615,-82.9,0.00854108288746,0.9,-88.89659224630196,-88.9,0.5,100.0,Fanatics,exp/fallback,0.796,0.5044999370378818,50.4,0.5,0.8999874075763525,0.9,0.5044999370378818,50.4,0.8999874075763525,0.9,0.1960234392138194,19.6,21.53453231256809,21.5,0.0663938269184427,6.6,32.78765383688551,32.8,0.0206628734385678,2.1,-9.083356870301351,-9.1,0.5,215.0,Bovada,exp/fallback,0.462,0.3400912389852979,34.0,0.3174603174603174,7.12874028036884,7.1,0.3400912389852979,34.0,7.12874028036884,7.1,0.0924244253469612,9.2,20.15175295104965,20.2,0.02271154888418,2.3,-22.78073379378789,-22.8,,,,,0.5,290.0,DraftKings,exp/fallback,0.2261999999999999,0.1947036363404393,19.5,0.2564102564102564,-24.06558182722868,-24.1,0.1947036363404393,19.5,-24.06558182722868,-24.1,,,,,,,,,,,,,0.5,290.0,DraftKings,exp/fallback,0.2269499999999999,0.1907874890281354,19.1,0.2564102564102564,-25.59287927902717,-25.6,0.1907874890281354,19.1,-25.59287927902717,-25.6,,,,,,,,,,,,,False,False,False,False,False,6.5,,Active roster,2026-10-02T00:14:24+00:00,False,[],2025-2026,,2026-09-24-frozen-v2,2026-10-02T00:14:28.971676+00:00,2026020014,8482665.0,PLAYER_ID,FINAL,2.0,W,OK,1.0,W,OK,1.0,L,OK,1.0,W,OK,1.0,W,OK,0.0,L,OK
2026-10-01,SEA@CGY,2026020014,8:00 PM,2026-10-02T01:00:00Z,Ryan Lindgren,8479324,SEA,False,,2026-27,SEA,D,,Healthy,Unknown,,,0.0,0.0,,33.0,22.0,2026-10-02T00:13:56+00:00,CGY,Dustin Wolf,0.8987179487179487,3.0102564645363423,52.1,Confirmed,dailyfaceoff_name_and_stats,21.5,4.0,21.5,4.0,,35.6,40.6,A1+A2,18.34,78.2,45.9,0.98,NONE,False,False,23.623864237296285,2.131916734772367,26.9,2.6,15.0,3.75,True,,,,,50.0,,,,,,,,,,,,,,,,,,,,,,,,,,,,,,,,,,,,,,,,0.359092010202773,0.1025977172007922,,,0.0,2.661211738014654,2.7820136125265,50.0,89.0,36.6,89.0,1.3,0.4,,,,,COOL,COOL,COOL,0.91,,COOL,Red,Red,Red,Red,50.0,46.0,43.0,45.0,POINTS,50.0,,,,,,,C,Passenger,0.3,,46.1,,0.0,0.0482456140350877,3.6666666666666665,0.0482456140350877,0.0026308236869798,0.3,0.3,0.0,0.0,0.0,7.286961583236321,7.207729468599034,46.1,31.2,False,,,,,,False,False,0.0,,False,0.0,,False,0.0,,,,,,,,,,,,,,,,,,,,,,,,,,,,,,,,,,,,,,,,,,,,,,,0.5,2500.0,DraftKings,,,,,,,,,,0.5,2500.0,DraftKings,0.5,2500.0,DraftKings,,,,,,,,,,0.5,2500.0,DraftKings,The Odds API,"[""Bally Bet"", ""BetMGM"", ""BetRivers"", ""Bovada"", ""Caesars"", ""Courtside"", ""DraftKings"", ""FanDuel"", ""Fanatics"", ""Hard Rock Bet"", ""theScore Bet""]",The Odds API,"[""Bally Bet"", ""BetMGM"", ""BetRivers"", ""Bovada"", ""Caesars"", ""Courtside"", ""DraftKings"", ""FanDuel"", ""Fanatics"", ""fanatics""]",,,,,,,,,,,,,,,,,,,,,,,,ALTLINE_NB_v1_2026-01-18,,,,league_avg,2.3,,,,,,,,,,,,,,,,,,,,,,,,,exp/fallback,0.13,,,,,,,,,,,,,,,,,,,,,,,,,exp/fallback,0.091,,,,,,,,,,,,,,,,,,,,,,0.5,2500.0,DraftKings,exp/fallback,0.196,0.1719619345929518,17.2,0.0384615384615384,347.1010299416748,347.1,0.1719619345929518,17.2,347.1010299416748,347.1,,,,,,,,,,,,,0.5,2500.0,DraftKings,exp/fallback,0.131,0.1181385734999141,11.8,0.0384615384615384,207.1602910997769,207.2,0.1181385734999141,11.8,207.1602910997769,207.2,,,,,,,,,,,,,False,False,True,True,False,,,Active roster,2026-10-02T00:14:24+00:00,False,[],2025-2026,,2026-09-24-frozen-v2,2026-10-02T00:14:28.971676+00:00,2026020014,8479324.0,PLAYER_ID,FINAL,0.0,,NO_LINE,0.0,,NO_LINE,0.0,,NO_LINE,0.0,L,OK,0.0,L,OK,0.0,,NO_LINE
2026-10-01,SEA@CGY,2026020014,8:00 PM,2026-10-02T01:00:00Z,Ryan Winterton,8482751,SEA,False,,2026-27,SEA,C,,Healthy,Unknown,,,0.0,0.0,,33.0,22.0,2026-10-02T00:13:56+00:00,CGY,Dustin Wolf,0.8987179487179487,3.0102564645363423,52.1,Confirmed,dailyfaceoff_name_and_stats,21.5,4.0,21.5,4.0,,64.2,58.4,A1+A2,11.98,28.9,55.1,1.02,NONE,False,False,23.623864237296285,2.131916734772367,26.9,2.6,15.0,3.75,True,,,,,50.0,,,,,,,,,,,,,,,,,,,,,,,,,,,,,,,,,,,,,,,,1.4508978549997762,0.8866598002776409,,,0.0,2.661211738014654,2.7820136125265,50.0,89.0,60.9,89.0,3.49,1.39,,,,,COOL,COOL,COOL,2.1,,COOL,Red,Red,Red,Red,57.0,57.0,57.0,55.0,POINTS,57.0,,,,,,,C,Passenger,0.3,,46.1,,0.0,0.0325980392156862,2.216666666666667,0.0325980392156862,0.0027212276214833,0.3,0.3,0.2706766917293233,0.2706766917293233,0.0,7.286961583236321,7.207729468599034,46.1,31.2,False,,,,,,False,False,0.0,,False,0.0,,False,0.0,,1.5,115.0,BetOnline.ag,2.5,330.0,BetOnline.ag,3.5,1000.0,BetOnline.ag,4.5,3100.0,BetOnline.ag,1.5,115.0,BetOnline.ag,0.5,255.0,BetRivers,,,,,,,,,,0.5,255.0,BetRivers,,,,,,,,,,,,,,,,0.5,750.0,FanDuel,,,,,,,,,,0.5,750.0,FanDuel,0.5,750.0,FanDuel,,,,,,,,,,0.5,750.0,FanDuel,The Odds API,"[""Bally Bet"", ""BetMGM"", ""BetRivers"", ""Bovada"", ""Caesars"", ""Courtside"", ""DraftKings"", ""FanDuel"", ""Fanatics"", ""Hard Rock Bet"", ""theScore Bet""]",The Odds API,"[""Bally Bet"", ""BetMGM"", ""BetRivers"", ""Bovada"", ""Caesars"", ""Courtside"", ""DraftKings"", ""FanDuel"", ""Fanatics"", ""fanduel""]",The Odds API,"[""Bally Bet"", ""BetRivers""]",The Odds API,"[""Bally Bet"", ""BetOnline.ag"", ""BetRivers"", ""Courtside"", ""DraftKings"", ""Fanatics"", ""Hard Rock Bet"", ""ReBet"", ""theScore Bet""]",,,,,,,,,,,,,,,,,,,,ALTLINE_NB_v1_2026-01-18,1.5,115.0,BetOnline.ag,league_avg,2.3,0.6001759479749428,60.0,0.4651162790697674,29.037828814612688,29.0,0.6001759479749428,60.0,29.037828814612688,29.0,0.3835789960842564,38.4,64.93896831623023,64.9,0.2254288407355011,22.5,147.9717248090513,148.0,0.1243884637071297,12.4,298.0430838628152,298.0,0.5,255.0,BetRivers,exp/fallback,0.349,0.2805553471050699,28.1,0.2816901408450704,-0.4028517777001861,-0.4,0.2805553471050699,28.1,-0.4028517777001861,-0.4,,,,,,,,,,,,,,,,exp/fallback,0.21,,,,,,,,,,,,,,,,,,,,,,0.5,750.0,FanDuel,exp/fallback,0.2355999999999999,0.201603666191879,20.2,0.1176470588235294,71.36311626309723,71.4,0.201603666191879,20.2,71.36311626309723,71.4,,,,,,,,,,,,,0.5,750.0,FanDuel,exp/fallback,0.19535,0.1679864645890368,16.8,0.1176470588235294,42.78849490068134,42.8,0.1679864645890368,16.8,42.78849490068134,42.8,,,,,,,,,,,,,True,False,True,True,False,,,Active roster,2026-10-02T00:14:24+00:00,False,[],2025-2026,,2026-09-24-frozen-v2,2026-10-02T00:14:28.971676+00:00,2026020014,8482751.0,PLAYER_ID,FINAL,1.0,W,OK,1.0,,NO_LINE,3.0,W,OK,0.0,L,OK,0.0,L,OK,0.0,,NO_LINE
2026-10-01,SEA@CGY,2026020014,8:00 PM,2026-10-02T01:00:00Z,Ryker Evans,8482858,SEA,False,,2026-27,SEA,D,,Healthy,Unknown,,,0.0,0.0,,33.0,22.0,2026-10-02T00:13:56+00:00,CGY,Dustin Wolf,0.8987179487179487,3.0102564645363423,52.1,Confirmed,dailyfaceoff_name_and_stats,21.5,4.0,21.5,4.0,,29.1,46.6,A1+A2,17.8,74.1,44.2,0.98,NONE,False,False,23.623864237296285,2.131916734772367,26.9,2.6,15.0,3.75,True,,,,,50.0,,,,,,,,,,,,,,,,,,,,,,,,,,,,,,,,,,,,,,,,0.6720388289101148,0.1680097072275287,,,0.0,2.661211738014654,2.7820136125265,50.0,89.0,41.7,89.0,1.59,0.28,,,,,COOL,COOL,COOL,1.31,,COOL,Red,Red,Red,Red,53.0,42.0,39.0,47.0,POINTS,53.0,,,,,,,C,Passenger,1.9,,46.1,,0.0,0.3383084577114428,22.666666666666668,0.3383084577114428,0.019000782385157,1.9,1.9,2.2764705882352936,0.0264705882352941,2.6470588235294112,7.286961583236321,7.207729468599034,46.1,59.3,False,,,,,,False,False,0.0,,False,0.0,,False,0.0,,1.5,170.0,BetRivers,,,,,,,,,,1.5,170.0,BetRivers,,,,,,,,,,,,,,,,,,,,,,,,,,,,,,,0.5,1400.0,FanDuel,,,,,,,,,,0.5,1400.0,FanDuel,0.5,1400.0,FanDuel,,,,,,,,,,0.5,1400.0,FanDuel,The Odds API,"[""Bally Bet"", ""BetMGM"", ""BetRivers"", ""Bovada"", ""Caesars"", ""Courtside"", ""DraftKings"", ""FanDuel"", ""Fanatics"", ""Hard Rock Bet"", ""theScore Bet""]",The Odds API,"[""Bally Bet"", ""BetMGM"", ""BetRivers"", ""Bovada"", ""Caesars"", ""Courtside"", ""DraftKings"", ""FanDuel"", ""Fanatics"", ""fanduel""]",,,The Odds API,"[""Bally Bet"", ""BetRivers""]",,,,,,,,,,,,,,,,,,,,ALTLINE_NB_v1_2026-01-18,1.5,170.0,BetRivers,league_avg,2.3,0.6001759479749428,60.0,0.3703703703703703,62.04750595323455,62.0,0.6001759479749428,60.0,62.04750595323455,62.0,,,,,,,,,,,,,,,,exp/fallback,0.159,,,,,,,,,,,,,,,,,,,,,,,,,exp/fallback,0.131,,,,,,,,,,,,,,,,,,,,,,0.5,1400.0,FanDuel,exp/fallback,0.1911999999999999,0.1682647910636237,16.8,0.0666666666666666,152.39718659543553,152.4,0.1682647910636237,16.8,152.39718659543553,152.4,,,,,,,,,,,,,0.5,1400.0,FanDuel,exp/fallback,0.1232,0.1117620033388435,11.2,0.0666666666666666,67.64300500826535,67.6,0.1117620033388435,11.2,67.64300500826535,67.6,,,,,,,,,,,,,True,False,True,True,False,,,Active roster,2026-10-02T00:14:24+00:00,False,[],2025-2026,,2026-09-24-frozen-v2,2026-10-02T00:14:28.971676+00:00,2026020014,8482858.0,PLAYER_ID,FINAL,1.0,,NO_LINE,1.0,,NO_LINE,1.0,L,OK,0.0,L,OK,0.0,L,OK,0.0,,NO_LINE
2026-10-01,SEA@CGY,2026020014,8:00 PM,2026-10-02T01:00:00Z,Shane Wright,8483524,SEA,False,"{""season"":""2026-27"",""games"":[]}",2026-27,SEA,C,,Healthy,Unknown,,,0.0,0.0,,33.0,22.0,2026-10-02T00:13:56+00:00,CGY,Dustin Wolf,0.8987179487179487,3.0102564645363423,52.1,Confirmed,dailyfaceoff_name_and_stats,21.5,4.0,21.5,4.0,3.2,77.2,60.9,A1+A2,13.8,41.7,64.4,1.06,NONE,False,False,23.623864237296285,2.131916734772367,26.9,2.6,15.0,3.75,True,0.5,0.5,0.4,0.4649999999999999,7.3,3.0,1.0,6.0,1.0,1.0,2.0,7.0,13.0,4.0,7.0,16.0,44.0,LOW,0.3,-0.2,LOW,0.35,,LOW,0.325,,LOW,0.2,,LOW,0.2,,LOW,0.175,,LOW,0.6,,LOW,0.8,,LOW,1.1,,1.225161180541113,0.4764515702104328,,,2.0,2.661211738014654,2.7820136125265,50.0,89.0,55.6,89.0,4.31,2.16,4.65,1.31,1.16,-1.35,COOL,COOL,COOL,2.14,0.14,COOL,Red,Red,Red,Red,54.0,65.0,61.0,58.0,SOG,65.0,1.0,3.0,1.0,10.0,1.0,9.0,B,Hybrid,11.3,,46.1,,1.0,1.555855855855856,115.13333333333334,1.555855855855856,0.1127302991236802,11.3,11.3,3.118992472495657,1.5686160972785177,1.823972206137811,7.286961583236321,7.207729468599034,46.1,67.4,False,,,,🎯 D:10,,False,False,0.0,,False,0.0,,False,0.0,,1.5,120.0,BetRivers,,,,,,,,,,1.5,120.0,BetRivers,0.5,170.0,BetRivers,1.5,850.0,BetRivers,,,,,,,0.5,170.0,BetRivers,,,,,,,,,,,,,,,,0.5,425.0,theScore Bet,,,,,,,,,,0.5,425.0,theScore Bet,0.5,390.0,FanDuel,,,,,,,,,,0.5,390.0,FanDuel,The Odds API,"[""Bally Bet"", ""BetMGM"", ""BetRivers"", ""Bovada"", ""Caesars"", ""Courtside"", ""DraftKings"", ""FanDuel"", ""Fanatics"", ""Hard Rock Bet"", ""theScore Bet""]",The Odds API,"[""Bally Bet"", ""BetMGM"", ""BetRivers"", ""Bovada"", ""Caesars"", ""Courtside"", ""DraftKings"", ""FanDuel"", ""Fanatics"", ""fanduel""]",The Odds API,"[""Bally Bet"", ""BetRivers""]",The Odds API,"[""Bally Bet"", ""BetRivers""]",,,0.5,700.0,Hard Rock Bet,,,,,,,,,,0.5,700.0,Hard Rock Bet,The Odds API,"[""Bovada"", ""Hard Rock Bet"", ""theScore Bet""]",ALTLINE_NB_v1_2026-01-18,1.5,120.0,BetRivers,exp/fallback,0.465,0.0875833977978066,8.8,0.4545454545454545,-80.73165248448252,-80.7,0.0875833977978066,8.8,-80.73165248448252,-80.7,,,,,,,,,,,,,0.5,170.0,BetRivers,exp/fallback,0.4309999999999999,0.3306383999205242,33.1,0.3703703703703703,-10.727632021458454,-10.7,0.3306383999205242,33.1,-10.727632021458454,-10.7,0.0799585983527664,8.0,-24.0393315648719,-24.0,,,,,,,,,,,,exp/fallback,0.214,,,,,,,,,,,,,,,,,,,,,,0.5,425.0,theScore Bet,exp/fallback,0.1998,0.1748725426279482,17.5,0.1904761904761904,-8.191915120327153,-8.2,0.1748725426279482,17.5,-8.191915120327153,-8.2,,,,,,,,,,,,,0.5,390.0,FanDuel,exp/fallback,0.18405,0.159574470787757,16.0,0.2040816326530612,-21.808509313999068,-21.8,0.159574470787757,16.0,-21.808509313999068,-21.8,,,,,,,,,,,,,False,False,False,False,False,3.2,,Active roster,2026-10-02T00:14:24+00:00,False,[],2025-2026,,2026-09-24-frozen-v2,2026-10-02T00:14:28.971676+00:00,2026020014,8483524.0,PLAYER_ID,FINAL,1.0,W,OK,1.0,,NO_LINE,2.0,W,OK,0.0,L,OK,0.0,L,OK,0.0,L,OK
2026-10-01,SEA@CGY,2026020014,8:00 PM,2026-10-02T01:00:00Z,Vince Dunn,8478407,SEA,False,"{""season"":""2026-27"",""games"":[]}",2026-27,SEA,D,,Healthy,Unknown,,,0.0,0.0,,33.0,22.0,2026-10-02T00:13:56+00:00,CGY,Dustin Wolf,0.8987179487179487,3.0102564645363423,52.1,Confirmed,dailyfaceoff_name_and_stats,21.5,4.0,21.5,4.0,12.9,65.3,88.4,A1+A2,21.66,94.5,79.2,1.12,NONE,False,False,23.623864237296285,2.131916734772367,26.9,2.6,15.0,3.75,True,2.0,2.5,2.8,2.28,73.2,3.0,0.0,26.0,0.0,3.0,3.0,6.0,19.0,5.0,14.0,51.0,87.0,LOW,0.3,-0.2,LOW,0.3,,LOW,0.475,,LOW,0.3,,LOW,0.25,,LOW,0.35,,OK,2.6,,OK,2.55,,LOW,2.175,,0.8633980881899476,0.2055709733785589,,,3.0,2.661211738014654,2.7820136125265,50.0,89.0,47.3,89.0,6.48,1.33,25.08,2.89,1.33,-3.2,HOT,COOL,COOL,5.0,1.55,WARM,Yellow,Red,Red,Yellow,80.0,68.0,69.0,75.0,POINTS,80.0,3.0,3.0,10.0,1.0,1.0,4.0,A,Distributor,11.9,,46.1,,2.0,2.5703703703703704,208.2,2.5703703703703704,0.1186561422505912,11.9,11.9,3.8436599423631126,0.7204610951008646,3.6743515850144095,7.286961583236321,7.207729468599034,46.1,77.2,False,,,,🅿️ D:3,,False,False,1.0,,False,0.0,,False,0.0,,1.5,-230.0,DraftKings,2.5,126.0,BetOnline.ag,3.5,310.0,Fanatics,4.5,700.0,Fanatics,2.5,126.0,BetOnline.ag,0.5,100.0,theScore Bet,1.5,500.0,theScore Bet,2.5,1900.0,Fanatics,3.5,4400.0,BetOnline.ag,0.5,100.0,theScore Bet,0.5,130.0,Hard Rock Bet,1.5,725.0,Bovada,2.5,2800.0,Fanatics,,,,0.5,130.0,Hard Rock Bet,0.5,550.0,theScore Bet,,,,,,,,,,0.5,550.0,theScore Bet,0.5,500.0,DraftKings,,,,,,,,,,0.5,500.0,DraftKings,The Odds API,"[""Bally Bet"", ""BetMGM"", ""BetRivers"", ""Bovada"", ""Caesars"", ""Courtside"", ""DraftKings"", ""FanDuel"", ""Fanatics"", ""Hard Rock Bet"", ""theScore Bet""]",The Odds API,"[""Bally Bet"", ""BetMGM"", ""BetRivers"", ""Bovada"", ""Caesars"", ""Courtside"", ""DraftKings"", ""FanDuel"", ""Fanatics"", ""fanatics""]",The Odds API,"[""Bally Bet"", ""BetOnline.ag"", ""BetRivers"", ""Bovada"", ""Caesars"", ""Courtside"", ""DraftKings"", ""Fanatics"", ""Hard Rock Bet"", ""ReBet"", ""draftkings"", ""theScore Bet""]",The Odds API,"[""Bally Bet"", ""BetOnline.ag"", ""BetRivers"", ""Courtside"", ""DraftKings"", ""FanDuel"", ""Fanatics"", ""Hard Rock Bet"", ""ReBet"", ""draftkings"", ""theScore Bet""]",The Odds API,"[""Bally Bet"", ""BetOnline.ag"", ""BetRivers"", ""Bovada"", ""Courtside"", ""DraftKings"", ""Fanatics"", ""Hard Rock Bet"", ""ReBet"", ""draftkings"", ""theScore Bet""]",0.5,215.0,BetRivers,1.5,750.0,Bovada,,,,,,,0.5,215.0,BetRivers,The Odds API,"[""Bally Bet"", ""BetRivers"", ""Bovada"", ""FanDuel"", ""Hard Rock Bet"", ""theScore Bet""]",ALTLINE_NB_v1_2026-01-18,2.5,126.0,BetOnline.ag,exp/fallback,2.508,0.4253697346929128,42.5,0.4424778761061947,-3.866439959401702,-3.9,0.6373081896791848,63.7,-8.560129306899572,-8.6,0.4253697346929128,42.5,-3.866439959401702,-3.9,0.2620195057114838,26.2,7.427997341708359,7.4,0.1518559908068292,15.2,21.48479264546336,21.5,0.5,100.0,theScore Bet,exp/fallback,0.648,0.4423513375910733,44.2,0.5,-11.529732481785327,-11.5,0.4423513375910733,44.2,-11.529732481785327,-11.5,0.1477993867914446,14.8,-11.3203679251332,-11.3,0.0427806198532659,4.3,-14.438760293468045,-14.4,0.0113468969809973,1.1,-48.938963585512,-48.9,0.5,130.0,Hard Rock Bet,exp/fallback,0.5,0.36,36.0,0.4347826086956521,-17.200000000000003,-17.2,0.36,36.0,-17.200000000000003,-17.2,0.104,10.4,-14.199999999999925,-14.2,0.0272000000000001,2.7,-21.11999999999967,-21.1,,,,,0.5,550.0,theScore Bet,exp/fallback,0.2332,0.1998498489602231,20.0,0.1538461538461538,29.90240182414505,29.9,0.1998498489602231,20.0,29.90240182414505,29.9,,,,,,,,,,,,,0.5,500.0,DraftKings,exp/fallback,0.19145,0.1650989700078637,16.5,0.1666666666666666,-0.940617995281734,-0.9,0.1650989700078637,16.5,-0.940617995281734,-0.9,,,,,,,,,,,,,False,False,True,False,False,12.9,,Active roster,2026-10-02T00:14:24+00:00,False,[],2025-2026,,2026-09-24-frozen-v2,2026-10-02T00:14:28.971676+00:00,2026020014,8478407.0,PLAYER_ID,FINAL,3.0,W,OK,2.0,W,OK,2.0,L,OK,1.0,W,OK,1.0,W,OK,1.0,W,OK
2026-10-01,TBL@NYR,2026020010,6:00 PM,2026-10-01T23:00:00Z,Adam Fox,8479323,NYR,False,"{""season"":""2026-27"",""games"":[{""d"":""2026-09-29"",""g"":0,""a"":0,""s"":0,""pp"":0,""h"":""R"",""toi"":""18:25""}]}",2026-27,NYR,D,,Healthy,Unknown,,,1.0,0.0,,33.0,21.0,2026-10-01T17:24:18+00:00,TBL,Andrei Vasilevskiy,0.9111111111111112,2.3085331195802667,15.3,Likely,dailyfaceoff_name_and_stats,21.5,4.0,21.5,4.0,,59.4,95.3,A1+A2,23.63,97.6,79.6,1.12,NONE,False,False,23.53754892467431,2.258550120836825,21.1,19.5,15.0,3.0,True,,,0.0,,50.0,0.0,0.0,0.0,0.0,0.0,0.0,0.0,0.0,0.0,0.0,0.0,0.0,LOW,0.0,-0.5,LOW,0.0,,LOW,0.0,,LOW,0.0,,LOW,0.0,,LOW,0.0,,LOW,0.0,,LOW,0.0,,LOW,0.0,,1.286696018065732,0.4678894611148116,,,0.0,2.2781405811942856,1.964174794768916,50.0,10.1,57.3,10.1,11.58,1.58,,10.53,1.58,,HOT,WARM,COOL,9.83,8.94,HOT,Green,Red,Red,Yellow,76.0,47.0,47.0,70.0,POINTS,76.0,1.0,1.0,1.0,1.0,0.0,1.0,A,Distributor,13.7,,69.8,,2.0,3.226363636363636,177.45,3.226363636363636,0.1365437640269317,13.7,13.7,5.215553677092139,0.760777683854607,5.240912933220626,8.75699777062175,7.24498670156626,69.8,87.9,False,,,,🅿️ D:1,,False,False,1.0,,False,0.0,,False,0.0,,1.5,-112.0,BetRivers,2.5,260.0,theScore Bet,3.5,700.0,Fanatics,4.5,2000.0,DraftKings,1.5,-112.0,BetRivers,0.5,-130.0,BetOnline.ag,1.5,375.0,theScore Bet,2.5,1400.0,DraftKings,3.5,3000.0,BetOnline.ag,0.5,-130.0,BetOnline.ag,0.5,-105.0,Hard Rock Bet,1.5,525.0,Bovada,2.5,1900.0,Fanatics,,,,0.5,-105.0,Hard Rock Bet,0.5,550.0,theScore Bet,,,,,,,,,,0.5,550.0,theScore Bet,0.5,550.0,FanDuel,,,,,,,,,,0.5,550.0,FanDuel,The Odds API,"[""Bally Bet"", ""BetMGM"", ""BetRivers"", ""Bovada"", ""Caesars"", ""Courtside"", ""DraftKings"", ""FanDuel"", ""Fanatics"", ""Fliff"", ""Hard Rock Bet"", ""theScore Bet""]",The Odds API,"[""Bally Bet"", ""BetMGM"", ""BetRivers"", ""Bovada"", ""Caesars"", ""Courtside"", ""DraftKings"", ""FanDuel"", ""Fanatics"", ""fanduel""]",The Odds API,"[""Bally Bet"", ""BetOnline.ag"", ""BetRivers"", ""Bovada"", ""Caesars"", ""Courtside"", ""DraftKings"", ""FanDuel"", ""Fanatics"", ""Fliff"", ""Hard Rock Bet"", ""draftkings"", ""theScore Bet""]",The Odds API,"[""Bally Bet"", ""BetOnline.ag"", ""BetRivers"", ""Bovada"", ""Caesars"", ""Courtside"", ""DraftKings"", ""FanDuel"", ""Fanatics"", ""Fliff"", ""Hard Rock Bet"", ""theScore Bet""]",The Odds API,"[""Bally Bet"", ""BetOnline.ag"", ""BetRivers"", ""Bovada"", ""Courtside"", ""DraftKings"", ""FanDuel"", ""Fanatics"", ""Fliff"", ""Hard Rock Bet"", ""draftkings"", ""theScore Bet""]",0.5,180.0,BetRivers,1.5,600.0,Bovada,,,,,,,0.5,180.0,BetRivers,The Odds API,"[""Bally Bet"", ""BetRivers"", ""Bovada"", ""FanDuel"", ""Fliff"", ""Hard Rock Bet"", ""theScore Bet""]",ALTLINE_NB_v1_2026-01-18,1.5,-112.0,BetRivers,league_avg,2.3,0.6001759479749428,60.0,0.5283018867924528,13.604733009542748,13.6,0.6001759479749428,60.0,13.604733009542748,13.6,0.3835789960842564,38.4,38.08843859033231,38.1,0.2254288407355011,22.5,80.34307258840094,80.3,0.1243884637071297,12.4,161.21577378497247,161.2,0.5,-130.0,BetOnline.ag,exp/fallback,1.158,0.6217292809668944,62.2,0.5652173913043478,9.998257401835165,10.0,0.6217292809668944,62.2,9.998257401835165,10.0,0.3100253795648193,31.0,47.2620552932892,47.3,0.1366507588212543,13.7,104.97613823188148,105.0,0.0556940761684916,5.6,72.6516361223241,72.7,0.5,-105.0,Hard Rock Bet,exp/fallback,0.983,0.5504753779069211,55.0,0.5121951219512195,7.473764258017934,7.5,0.5504753779069211,55.0,7.473764258017934,7.5,0.2542080607647847,25.4,58.88003797799046,58.9,0.107762818013836,10.8,115.52563602767204,115.5,,,,,0.5,550.0,theScore Bet,exp/fallback,0.2432,0.2071220478853718,20.7,0.1538461538461538,34.62933112549168,34.6,0.2071220478853718,20.7,34.62933112549168,34.6,,,,,,,,,,,,,0.5,550.0,FanDuel,exp/fallback,0.2077,0.1770223540372382,17.7,0.1538461538461538,15.064530124204833,15.1,0.1770223540372382,17.7,15.064530124204833,15.1,,,,,,,,,,,,,True,False,True,True,False,,,Active roster,2026-10-01T17:24:42+00:00,False,[],2025-2026,,2026-09-24-frozen-v2,2026-10-01T17:24:46.238031+00:00,2026020010,8479323.0,PLAYER_ID,FINAL,2.0,W,OK,2.0,W,OK,0.0,L,OK,0.0,L,OK,0.0,L,OK,1.0,W,OK
2026-10-01,TBL@NYR,2026020010,6:00 PM,2026-10-01T23:00:00Z,Adam Sykora,8483669,NYR,False,,2026-27,NYR,L,,Healthy,Unknown,,,1.0,0.0,,33.0,21.0,2026-10-01T17:24:18+00:00,TBL,Andrei Vasilevskiy,0.9111111111111112,2.3085331195802667,15.3,Likely,dailyfaceoff_name_and_stats,21.5,4.0,21.5,4.0,,28.2,17.6,A1+A2,11.17,22.4,23.3,0.94,NONE,False,False,23.53754892467431,2.258550120836825,21.1,19.5,15.0,3.0,True,,,,,50.0,,,,,,,,,,,,,,,,,,,,,,,,,,,,,,,,,,,,,,,,0.0331583310306714,0.0,,,0.0,2.2781405811942856,1.964174794768916,50.0,10.1,33.6,10.1,2.42,1.56,,,,,COOL,COOL,COOL,0.85,,COOL,Red,Red,Red,Red,21.0,25.0,25.0,16.0,SOG,25.0,,,,,,,C,Passenger,1.0,,69.8,,0.0,0.109090909090909,1.2,0.109090909090909,0.0097627118644067,1.0,1.0,0.0,0.0,0.0,8.75699777062175,7.24498670156626,69.8,42.8,False,,,,,,False,False,0.0,,False,0.0,,False,0.0,,,,,,,,,,,,,,,,,,,,,,,,,,,,,,,,,,,,,,,,,,,,,,,,,,,,,,,,,,,,,,,,,,,,,,,,,,,,,,,,,,,,,,,,,,,,,,,,,,,,,,,,ALTLINE_NB_v1_2026-01-18,,,,league_avg,2.3,,,,,,,,,,,,,,,,,,,,,,,,,exp/fallback,0.242,,,,,,,,,,,,,,,,,,,,,,,,,exp/fallback,0.0849999999999999,,,,,,,,,,,,,,,,,,,,,,,,,exp/fallback,0.2424,,,,,,,,,,,,,,,,,,,,,,,,,exp/fallback,0.2064,,,,,,,,,,,,,,,,,,,,,,False,False,False,False,False,,,Active roster,2026-10-01T17:24:42+00:00,False,[],2025-2026,,2026-09-24-frozen-v2,2026-10-01T17:24:46.238031+00:00,2026020010,,,NO_PLAYER,,,NO_PLAYER,,,NO_PLAYER,,,NO_PLAYER,,,NO_PLAYER,,,NO_PLAYER,,,NO_PLAYER
2026-10-01,TBL@NYR,2026020010,6:00 PM,2026-10-01T23:00:00Z,Alberts Smits,8485957,,,,,NYR,D,,Unknown,,,,,,,,,,,,,,,,,,,,,,,,,,,,,,,,,,,,,,,,,,,,,,,,,,,,,,,,,,,,,,,,,,,,,,,,,,,,,,,,,,,,,,,,,,,,,,,,,,,,,,,,,,,,,,,,,,,,,,,,,,,,,,,,,,,,,,,,,,,,,,,,,,,,,,,,,,,,,,,,,,,,,,,,,,,,,,,,,,,,,,,,,,,,,,,,,,,,,,,,,,,,,,,,,,,,,,,,,,,,,,,,,,,,,,,,,,,,,,,,,,,,,,,,,,,,,,,,,,,,,,,,,,,,,,,,,,,,,,,,,,,,,,,,,,,,,,,,,,,,,,,,,,,,,,,,,,,,,,,,,,,,,,,,,,,,,,,,,,,0.5,1800.0,fanduel,,,,,,,,,,,,,,,,,,,,,,,,,,,,,,,,,,,,,,,,,,,,,,,,,,,,,,,,,Active roster,2026-10-01T17:24:42+00:00,True,[],Unavailable,True,2026-09-24-frozen-v2,2026-10-01T17:24:46.238031+00:00,2026020010,8485957.0,PLAYER_ID,FINAL,0.0,,NO_LINE,0.0,,NO_LINE,0.0,,NO_LINE,0.0,L,OK,0.0,,NO_LINE,0.0,,NO_LINE
2026-10-01,TBL@NYR,2026020010,6:00 PM,2026-10-01T23:00:00Z,Alexis Lafrenière,8482109,,,,,NYR,L,,Unknown,,,,,,,,,,,,,,,,,,,,,,,,,,,,,,,,,,,,,,,,,,,,,,,,,,,,,,,,,,,,,,,,,,,,,,,,,,,,,,,,,,,,,,,,,,,,,,,,,,,,,,,,,,,,,,,,,,,,,,,,,,,,,,,,,,,,,,,,,,,,,,,,,,,,,,,,,,,,,,,,,,,,,,,,,,,,,,,,,,,,,,,,,,,,,,,,,,,,,,,,,,,,,,,,,,,,,,,,,,,,,,,,,,,,,,,,,,,,,,,,,,,,,,,,,,,,,,,0.5,270.0,fanduel,,,,2.5,165.0,draftkings,,,,,,,,,,,,,,,,,,,,,,,,0.5,-115.0,draftkings,,,,,,,,,,,,,,,,,,,,,,,,0.5,175.0,draftkings,,,,,,,,,,,,,,,,,,,,,,,,0.5,260.0,fanduel,,,,,,,,,,,,,,,,,,,,,,,,,,,,,,,,,,,,,,,,,,,,,,,,,,,,,,,,,Active roster,2026-10-01T17:24:42+00:00,True,[],Unavailable,True,2026-09-24-frozen-v2,2026-10-01T17:24:46.238031+00:00,2026020010,8482109.0,PLAYER_ID,FINAL,0.0,L,OK,0.0,L,OK,3.0,W,OK,0.0,L,OK,0.0,,NO_LINE,0.0,L,OK
2026-10-01,TBL@NYR,2026020010,6:00 PM,2026-10-01T23:00:00Z,Braden Schneider,8482073,NYR,False,,2026-27,NYR,D,,Healthy,Unknown,,,1.0,0.0,,33.0,21.0,2026-10-01T17:24:18+00:00,TBL,Andrei Vasilevskiy,0.9111111111111112,2.3085331195802667,15.3,Likely,dailyfaceoff_name_and_stats,21.5,4.0,21.5,4.0,,44.5,63.9,A1+A2,20.44,89.4,60.3,1.04,NONE,False,False,23.53754892467431,2.258550120836825,21.1,19.5,15.0,3.0,True,,,,,50.0,,,,,,,,,,,,,,,,,,,,,,,,,,,,,,,,,,,,,,,,0.7174929950643048,0.3798492326811025,,,0.0,2.2781405811942856,1.964174794768916,50.0,10.1,43.1,10.1,2.59,0.56,,,,,COOL,COOL,COOL,2.03,,COOL,Red,Red,Red,Red,53.0,39.0,38.0,47.0,POINTS,53.0,,,,,,,C,Passenger,1.7,,69.8,,0.0,0.3567073170731707,29.25,0.3567073170731707,0.0174494909322303,1.7,1.7,0.0205128205128205,0.0205128205128205,0.0,8.75699777062175,7.24498670156626,69.8,44.9,False,,,,,,False,False,0.0,,False,0.0,,False,0.0,,,,,,,,,,,,,,,,,,,,,,,,,,,,,,,,,,,,,,,,,,,,,,,0.5,1400.0,Fanatics,,,,,,,,,,0.5,1400.0,Fanatics,0.5,1400.0,Fanatics,,,,,,,,,,0.5,1400.0,Fanatics,The Odds API,"[""Bally Bet"", ""BetMGM"", ""BetRivers"", ""Bovada"", ""Caesars"", ""Courtside"", ""DraftKings"", ""Fanatics"", ""Fliff"", ""Hard Rock Bet"", ""theScore Bet""]",The Odds API,"[""Bally Bet"", ""BetMGM"", ""BetRivers"", ""Bovada"", ""Caesars"", ""Courtside"", ""DraftKings"", ""Fanatics"", ""betmgm""]",,,,,,,,,,,,,,,,,,,,,,,,ALTLINE_NB_v1_2026-01-18,,,,league_avg,2.3,,,,,,,,,,,,,,,,,,,,,,,,,exp/fallback,0.259,,,,,,,,,,,,,,,,,,,,,,,,,exp/fallback,0.2029999999999999,,,,,,,,,,,,,,,,,,,,,,0.5,1400.0,Fanatics,exp/fallback,0.2024,0.1768557645856978,17.7,0.0666666666666666,165.28364687854676,165.3,0.1768557645856978,17.7,165.28364687854676,165.3,,,,,,,,,,,,,0.5,1400.0,Fanatics,exp/fallback,0.1414,0.1265239325354448,12.7,0.0666666666666666,89.78589880316721,89.8,0.1265239325354448,12.7,89.78589880316721,89.8,,,,,,,,,,,,,False,False,True,True,False,,,Active roster,2026-10-01T17:24:42+00:00,False,[],2025-2026,,2026-09-24-frozen-v2,2026-10-01T17:24:46.238031+00:00,2026020010,8482073.0,PLAYER_ID,FINAL,0.0,,NO_LINE,0.0,,NO_LINE,3.0,,NO_LINE,0.0,L,OK,0.0,L,OK,0.0,,NO_LINE
2026-10-01,TBL@NYR,2026020010,6:00 PM,2026-10-01T23:00:00Z,Eeli Tolvanen,8480009,SEA,True,"{""season"":""2026-27"",""games"":[{""d"":""2026-09-29"",""g"":0,""a"":0,""s"":2,""pp"":0,""h"":""R"",""toi"":""13:56""}]}",2026-27,NYR,R,,Healthy,Unknown,,,1.0,0.0,,33.0,21.0,2026-10-01T17:24:18+00:00,TBL,Andrei Vasilevskiy,0.9111111111111112,2.3085331195802667,15.3,Likely,dailyfaceoff_name_and_stats,21.5,4.0,21.5,4.0,,78.9,77.8,A1+A2,16.04,58.3,74.4,1.1,NONE,False,False,23.53754892467431,2.258550120836825,21.1,19.5,15.0,3.0,True,,,2.0,,50.0,0.0,0.0,2.0,0.0,0.0,0.0,0.0,0.0,0.0,0.0,2.0,2.0,LOW,0.0,-0.5,LOW,0.0,,LOW,0.0,,LOW,0.0,,LOW,0.0,,LOW,0.0,,LOW,0.2,,LOW,0.1,,LOW,0.05,,0.9639038104322506,0.4217079170641096,,,0.0,2.2781405811942856,1.964174794768916,50.0,10.1,50.2,10.1,5.62,2.24,,5.62,2.24,,HOT,WARM,COOL,3.38,3.38,HOT,Yellow,Yellow,Red,Yellow,63.0,55.0,56.0,59.0,POINTS,63.0,1.0,1.0,1.0,1.0,0.0,1.0,,Passenger,10.9,,69.8,,,1.7564102564102564,137.0,1.7564102564102564,0.1094875927381222,10.9,10.9,4.226277372262774,1.992700729927008,2.6277372262773726,8.75699777062175,7.24498670156626,69.8,78.4,False,,,,🅿️ D:1,,False,False,1.0,,False,0.0,,False,0.0,,1.5,120.0,BetRivers,2.5,340.0,theScore Bet,3.5,900.0,Fanatics,4.5,1700.0,BetOnline.ag,1.5,120.0,BetRivers,0.5,200.0,BetRivers,1.5,1200.0,theScore Bet,2.5,2000.0,Bovada,3.5,3100.0,BetOnline.ag,0.5,200.0,BetRivers,0.5,350.0,Hard Rock Bet,1.5,2200.0,Fanatics,2.5,3300.0,Bovada,,,,0.5,350.0,Hard Rock Bet,0.5,500.0,FanDuel,,,,,,,,,,0.5,500.0,FanDuel,0.5,500.0,FanDuel,,,,,,,,,,0.5,500.0,FanDuel,The Odds API,"[""Bally Bet"", ""BetMGM"", ""BetRivers"", ""Bovada"", ""Caesars"", ""Courtside"", ""DraftKings"", ""FanDuel"", ""Fanatics"", ""Fliff"", ""Hard Rock Bet"", ""theScore Bet""]",The Odds API,"[""Bally Bet"", ""BetMGM"", ""BetRivers"", ""Bovada"", ""Caesars"", ""Courtside"", ""DraftKings"", ""FanDuel"", ""Fanatics"", ""fanduel""]",The Odds API,"[""Bally Bet"", ""BetOnline.ag"", ""BetRivers"", ""Bovada"", ""Caesars"", ""Courtside"", ""DraftKings"", ""Fanatics"", ""Fliff"", ""Hard Rock Bet"", ""draftkings"", ""theScore Bet""]",The Odds API,"[""Bally Bet"", ""BetOnline.ag"", ""BetRivers"", ""Bovada"", ""Caesars"", ""Courtside"", ""DraftKings"", ""Fanatics"", ""Fliff"", ""Hard Rock Bet"", ""theScore Bet""]",The Odds API,"[""BetOnline.ag"", ""Bovada"", ""Courtside"", ""DraftKings"", ""Fanatics"", ""Fliff"", ""Hard Rock Bet"", ""draftkings"", ""theScore Bet""]",0.5,800.0,Hard Rock Bet,,,,,,,,,,0.5,800.0,Hard Rock Bet,The Odds API,"[""Bovada"", ""Hard Rock Bet"", ""theScore Bet""]",ALTLINE_NB_v1_2026-01-18,1.5,120.0,BetRivers,exp/fallback,0.2,0.0205922919144261,2.1,0.4545454545454545,-95.46969577882624,-95.5,0.0205922919144261,2.1,-95.46969577882624,-95.5,0.0019369069985104,0.2,-99.1477609206554,-99.1,0.0001602036731851,0.0,-99.83979632681483,-99.8,1.2145062741386605e-05,0.0,-99.9781388870655,-100.0,0.5,200.0,BetRivers,exp/fallback,0.562,0.4013336019148067,40.1,0.3333333333333333,20.40008057444201,20.4,0.4013336019148067,40.1,20.40008057444201,20.4,0.1201850135268409,12.0,56.24051758489325,56.2,0.0310618272604626,3.1,-34.770162753028345,-34.8,0.0073443006849083,0.7,-76.49823780829337,-76.5,0.5,350.0,Hard Rock Bet,exp/fallback,0.3379999999999999,0.2682361050842226,26.8,0.2222222222222222,20.70624728790016,20.7,0.2682361050842226,26.8,20.70624728790016,20.7,0.0566568095482662,5.7,30.31066196101236,30.3,0.0107754139808026,1.1,-63.363592465271104,-63.4,,,,,0.5,500.0,FanDuel,exp/fallback,0.2022,0.176703446117601,17.7,0.1666666666666666,6.022067670560616,6.0,0.176703446117601,17.7,6.022067670560616,6.0,,,,,,,,,,,,,0.5,500.0,FanDuel,exp/fallback,0.18795,0.1624935228941818,16.2,0.1666666666666666,-2.5038862634908954,-2.5,0.1624935228941818,16.2,-2.5038862634908954,-2.5,,,,,,,,,,,,,False,True,False,False,True,,,Active roster,2026-10-01T17:24:42+00:00,False,[],2025-2026,,2026-09-24-frozen-v2,2026-10-01T17:24:46.238031+00:00,2026020010,8480009.0,PLAYER_ID,FINAL,1.0,W,OK,0.0,L,OK,1.0,L,OK,1.0,W,OK,1.0,W,OK,0.0,L,OK
2026-10-01,TBL@NYR,2026020010,6:00 PM,2026-10-01T23:00:00Z,Gabe Perreault,8484210,NYR,False,"{""season"":""2026-27"",""games"":[{""d"":""2026-09-29"",""g"":0,""a"":0,""s"":0,""pp"":0,""h"":""R"",""toi"":""16:20""}]}",2026-27,NYR,R,,Healthy,Unknown,,,1.0,0.0,,33.0,21.0,2026-10-01T17:24:18+00:00,TBL,Andrei Vasilevskiy,0.9111111111111112,2.3085331195802667,15.3,Likely,dailyfaceoff_name_and_stats,21.5,4.0,21.5,4.0,,73.2,60.9,A1+A2,15.99,58.0,65.8,1.06,NONE,False,False,23.53754892467431,2.258550120836825,21.1,19.5,15.0,3.0,True,,,0.0,,50.0,0.0,0.0,0.0,0.0,0.0,0.0,0.0,0.0,0.0,0.0,0.0,0.0,LOW,0.0,-0.5,LOW,0.0,,LOW,0.0,,LOW,0.0,,LOW,0.0,,LOW,0.0,,LOW,0.0,,LOW,0.0,,LOW,0.0,,1.6184369306485578,0.5962662376073634,,,0.0,2.2781405811942856,1.964174794768916,50.0,10.1,64.4,10.1,6.12,2.87,,6.12,2.87,,HOT,HOT,COOL,3.25,3.25,HOT,Red,Yellow,Red,Red,55.0,52.0,53.0,53.0,POINTS,55.0,1.0,1.0,1.0,1.0,0.0,1.0,B,Hybrid,7.5,,69.8,,1.0,1.1928571428571428,58.45,1.1928571428571428,0.0746170212765957,7.5,7.5,5.317365269461078,2.699743370402053,3.0795551753635584,8.75699777062175,7.24498670156626,69.8,75.8,False,,,,🅿️ D:1,,False,False,1.0,,False,0.0,,False,0.0,,1.5,125.0,BetRivers,2.5,265.0,Fanatics,3.5,700.0,Fanatics,4.5,2000.0,BetOnline.ag,1.5,125.0,BetRivers,0.5,180.0,theScore Bet,1.5,1000.0,theScore Bet,2.5,4000.0,Fanatics,3.5,3300.0,BetOnline.ag,0.5,180.0,theScore Bet,0.5,350.0,Hard Rock Bet,1.5,2500.0,Fanatics,2.5,3300.0,Bovada,,,,0.5,350.0,Hard Rock Bet,0.5,380.0,theScore Bet,,,,,,,,,,0.5,380.0,theScore Bet,0.5,370.0,Courtside,,,,,,,,,,0.5,370.0,Courtside,The Odds API,"[""Bally Bet"", ""BetMGM"", ""BetRivers"", ""Bovada"", ""Caesars"", ""Courtside"", ""DraftKings"", ""FanDuel"", ""Fanatics"", ""Hard Rock Bet"", ""fanduel"", ""theScore Bet""]",The Odds API,"[""Bally Bet"", ""BetMGM"", ""BetRivers"", ""Bovada"", ""Caesars"", ""Courtside"", ""DraftKings"", ""FanDuel"", ""Fanatics"", ""fanduel""]",The Odds API,"[""Bally Bet"", ""BetOnline.ag"", ""BetRivers"", ""Bovada"", ""Caesars"", ""Courtside"", ""DraftKings"", ""Fanatics"", ""Hard Rock Bet"", ""draftkings"", ""theScore Bet""]",The Odds API,"[""Bally Bet"", ""BetOnline.ag"", ""BetRivers"", ""Courtside"", ""DraftKings"", ""Fanatics""]",The Odds API,"[""BetOnline.ag"", ""Bovada"", ""Courtside"", ""DraftKings"", ""Fanatics"", ""Hard Rock Bet"", ""draftkings"", ""theScore Bet""]",0.5,800.0,Hard Rock Bet,,,,,,,,,,0.5,800.0,Hard Rock Bet,The Odds API,"[""Hard Rock Bet"", ""theScore Bet""]",ALTLINE_NB_v1_2026-01-18,1.5,125.0,BetRivers,league_avg,2.3,0.6001759479749428,60.0,0.4444444444444444,35.039588294362126,35.0,0.6001759479749428,60.0,35.039588294362126,35.0,0.3835789960842564,38.4,40.00633357075358,40.0,0.2254288407355011,22.5,80.34307258840094,80.3,0.1243884637071297,12.4,161.21577378497247,161.2,0.5,180.0,theScore Bet,exp/fallback,0.612,0.425657736241282,42.6,0.3571428571428571,19.18416614755897,19.2,0.425657736241282,42.6,19.18416614755897,19.2,0.1361688007937977,13.6,49.78568087317756,49.8,0.0376777126424587,3.8,54.47862183408101,54.5,0.0095466721459307,1.0,-67.54131470383547,-67.5,0.5,350.0,Hard Rock Bet,exp/fallback,0.325,0.2600300612787606,26.0,0.2222222222222222,17.013527575442268,17.0,0.2600300612787606,26.0,17.013527575442268,17.0,0.0531567450771237,5.3,38.20753720052177,38.2,0.0097800820025869,1.0,-66.74772119120436,-66.7,,,,,0.5,380.0,theScore Bet,exp/fallback,0.2948,0.2432138328989953,24.3,0.2083333333333333,16.742639791517753,16.7,0.2432138328989953,24.3,16.742639791517753,16.7,,,,,,,,,,,,,0.5,370.0,Courtside,exp/fallback,0.29155,0.2343143901363713,23.4,0.2127659574468085,10.127763364094534,10.1,0.2343143901363713,23.4,10.127763364094534,10.1,,,,,,,,,,,,,True,True,True,True,True,,,Active roster,2026-10-01T17:24:42+00:00,False,[],2025-2026,,2026-09-24-frozen-v2,2026-10-01T17:24:46.238031+00:00,2026020010,8484210.0,PLAYER_ID,FINAL,1.0,W,OK,0.0,L,OK,1.0,L,OK,1.0,W,OK,1.0,W,OK,0.0,L,OK
2026-10-01,TBL@NYR,2026020010,6:00 PM,2026-10-01T23:00:00Z,J.T. Miller,8476468,NYR,False,"{""season"":""2026-27"",""games"":[{""d"":""2026-09-29"",""g"":0,""a"":0,""s"":2,""pp"":0,""h"":""R"",""toi"":""16:12""}]}",2026-27,NYR,C,,Healthy,Unknown,,,1.0,0.0,,33.0,21.0,2026-10-01T17:24:18+00:00,TBL,Andrei Vasilevskiy,0.9111111111111112,2.3085331195802667,15.3,Likely,dailyfaceoff_name_and_stats,21.5,4.0,21.5,4.0,,90.0,90.6,A1+A2,20.15,87.4,89.7,1.16,NONE,False,False,23.53754892467431,2.258550120836825,21.1,19.5,15.0,3.0,True,,,2.0,,50.0,0.0,0.0,2.0,0.0,0.0,0.0,0.0,0.0,0.0,0.0,2.0,2.0,LOW,0.0,-0.5,LOW,0.0,,LOW,0.0,,LOW,0.0,,LOW,0.0,,LOW,0.0,,LOW,0.2,,LOW,0.1,,LOW,0.05,,1.538330057260063,0.6153320229040253,,,0.0,2.2781405811942856,1.964174794768916,50.0,10.1,62.5,10.1,10.93,4.18,,9.94,3.8,,HOT,HOT,COOL,6.75,6.14,HOT,Green,Yellow,Yellow,Green,73.0,63.0,64.0,71.0,POINTS,73.0,1.0,1.0,1.0,1.0,0.0,1.0,A,Hybrid,14.8,,69.8,,2.0,2.985294117647059,203.0,2.985294117647059,0.1481859989780276,14.8,14.8,4.544334975369457,2.157635467980296,2.8078817733990147,8.75699777062175,7.24498670156626,69.8,84.7,False,,,,🅿️ D:1,,False,False,1.0,,False,0.0,,False,0.0,,1.5,-124.0,BetRivers,2.5,220.0,DraftKings,3.5,575.0,Fanatics,4.5,1500.0,Fanatics,1.5,-124.0,BetRivers,0.5,-125.0,Fanatics,1.5,400.0,Bovada,2.5,1600.0,DraftKings,3.5,3200.0,BetOnline.ag,0.5,-125.0,Fanatics,0.5,140.0,Hard Rock Bet,1.5,750.0,Fanatics,2.5,3000.0,Fanatics,,,,0.5,140.0,Hard Rock Bet,0.5,310.0,Courtside,,,,,,,,,,0.5,310.0,Courtside,0.5,310.0,Courtside,,,,,,,,,,0.5,310.0,Courtside,The Odds API,"[""Bally Bet"", ""BetMGM"", ""BetRivers"", ""Bovada"", ""Caesars"", ""Courtside"", ""DraftKings"", ""FanDuel"", ""Fanatics"", ""Fliff"", ""Hard Rock Bet"", ""fanduel"", ""theScore Bet""]",The Odds API,"[""Bally Bet"", ""BetMGM"", ""BetRivers"", ""Bovada"", ""Caesars"", ""Courtside"", ""DraftKings"", ""FanDuel"", ""Fanatics"", ""betrivers""]",The Odds API,"[""Bally Bet"", ""BetOnline.ag"", ""BetRivers"", ""Bovada"", ""Caesars"", ""Courtside"", ""DraftKings"", ""FanDuel"", ""Fanatics"", ""Fliff"", ""Hard Rock Bet"", ""draftkings"", ""theScore Bet""]",The Odds API,"[""Bally Bet"", ""BetOnline.ag"", ""BetRivers"", ""Bovada"", ""Caesars"", ""Courtside"", ""DraftKings"", ""FanDuel"", ""Fanatics"", ""Fliff"", ""Hard Rock Bet"", ""theScore Bet""]",The Odds API,"[""Bally Bet"", ""BetOnline.ag"", ""BetRivers"", ""Bovada"", ""Courtside"", ""DraftKings"", ""FanDuel"", ""Fanatics"", ""Fliff"", ""Hard Rock Bet"", ""draftkings"", ""theScore Bet""]",0.5,215.0,BetRivers,1.5,750.0,Bovada,,,,,,,0.5,215.0,BetRivers,The Odds API,"[""Bally Bet"", ""BetRivers"", ""Bovada"", ""FanDuel"", ""Fliff"", ""Hard Rock Bet"", ""theScore Bet""]",ALTLINE_NB_v1_2026-01-18,1.5,-124.0,BetRivers,exp/fallback,0.2,0.0205922919144261,2.1,0.5535714285714286,-96.28010210578108,-96.3,0.0205922919144261,2.1,-96.28010210578108,-96.3,0.0019369069985104,0.2,-99.38018976047664,-99.4,0.0001602036731851,0.0,-99.89186252060004,-99.9,1.2145062741386605e-05,0.0,-99.9805678996138,-100.0,0.5,-125.0,Fanatics,exp/fallback,1.093,0.6036720287824047,60.4,0.5555555555555556,8.660965180832841,8.7,0.6036720287824047,60.4,8.660965180832841,8.7,0.2903477565746495,29.0,45.173878287324754,45.2,0.1231474275246502,12.3,109.3506267919054,109.4,0.0482435828396349,4.8,59.20382337079525,59.2,0.5,140.0,Hard Rock Bet,exp/fallback,0.675,0.4409992139051446,44.1,0.4166666666666667,5.839811337234702,5.8,0.4409992139051446,44.1,5.839811337234702,5.8,0.1588866676516661,15.9,35.053667503916216,35.1,0.0521057506117981,5.2,61.52782689657417,61.5,,,,,0.5,310.0,Courtside,exp/fallback,0.2604,0.2194154073227548,21.9,0.2439024390243902,-10.039682997670496,-10.0,0.2194154073227548,21.9,-10.039682997670496,-10.0,,,,,,,,,,,,,0.5,310.0,Courtside,exp/fallback,0.2825249999999999,0.2284684243174999,22.8,0.2439024390243902,-6.327946029825027,-6.3,0.2284684243174999,22.8,-6.327946029825027,-6.3,,,,,,,,,,,,,False,False,False,False,False,,,Active roster,2026-10-01T17:24:42+00:00,False,"[{""market"":""Assists"",""name"":""Staff (Green Stance)"",""kind"":""STANCE"",""rule"":""Green + Assists 0.5"",""icon"":""staff.svg"",""kit_version"":""2026-09-24-frozen-v2""}]",2025-2026,,2026-09-24-frozen-v2,2026-10-01T17:24:46.238031+00:00,2026020010,8476468.0,PLAYER_ID,FINAL,0.0,L,OK,0.0,L,OK,1.0,L,OK,0.0,L,OK,0.0,L,OK,0.0,L,OK
2026-10-01,TBL@NYR,2026020010,6:00 PM,2026-10-01T23:00:00Z,Jaroslav Chmelar,8482877,NYR,False,,2026-27,NYR,R,,Healthy,Unknown,,,1.0,0.0,,33.0,21.0,2026-10-01T17:24:18+00:00,TBL,Andrei Vasilevskiy,0.9111111111111112,2.3085331195802667,15.3,Likely,dailyfaceoff_name_and_stats,21.5,4.0,21.5,4.0,,33.0,24.0,A1+A2,9.15,9.4,25.2,0.94,NONE,False,False,23.53754892467431,2.258550120836825,21.1,19.5,15.0,3.0,True,,,,,50.0,,,,,,,,,,,,,,,,,,,,,,,,,,,,,,,,,,,,,,,,1.4194650719589932,0.0,,,0.0,2.2781405811942856,1.964174794768916,50.0,10.1,60.5,10.1,1.54,0.87,,,,,COOL,COOL,COOL,0.67,,COOL,Red,Red,Red,Red,26.0,26.0,27.0,22.0,GOAL,27.0,,,,,,,C,Passenger,0.8,,69.8,,0.0,0.0720238095238095,2.0166666666666666,0.0720238095238095,0.007870430597112,0.8,0.8,5.355371900826446,5.355371900826446,0.0,8.75699777062175,7.24498670156626,69.8,42.2,False,,,,,,False,False,0.0,,False,0.0,,False,0.0,,,,,,,,,,,,,,,,,,,,,,,,,,,,,,,,,,,,,,,,,,,,,,,,,,,,,,,,,,,,,,,,,,,,,,,,,,,,,,,,,,,,,,,,,,,,,,,,,,,,,,,,ALTLINE_NB_v1_2026-01-18,,,,league_avg,2.3,,,,,,,,,,,,,,,,,,,,,,,,,exp/fallback,0.154,,,,,,,,,,,,,,,,,,,,,,,,,exp/fallback,0.067,,,,,,,,,,,,,,,,,,,,,,,,,exp/fallback,0.2148,,,,,,,,,,,,,,,,,,,,,,,,,exp/fallback,0.16155,,,,,,,,,,,,,,,,,,,,,,False,False,False,False,False,,,Active roster,2026-10-01T17:24:42+00:00,False,[],2025-2026,,2026-09-24-frozen-v2,2026-10-01T17:24:46.238031+00:00,2026020010,8482877.0,PLAYER_ID,FINAL,0.0,,NO_LINE,0.0,,NO_LINE,1.0,,NO_LINE,0.0,,NO_LINE,0.0,,NO_LINE,0.0,,NO_LINE
2026-10-01,TBL@NYR,2026020010,6:00 PM,2026-10-01T23:00:00Z,Joseph Veleno,8480813,,,,,NYR,C,,Unknown,,,,,,,,,,,,,,,,,,,,,,,,,,,,,,,,,,,,,,,,,,,,,,,,,,,,,,,,,,,,,,,,,,,,,,,,,,,,,,,,,,,,,,,,,,,,,,,,,,,,,,,,,,,,,,,,,,,,,,,,,,,,,,,,,,,,,,,,,,,,,,,,,,,,,,,,,,,,,,,,,,,,,,,,,,,,,,,,,,,,,,,,,,,,,,,,,,,,,,,,,,,,,,,,,,,,,,,,,,,,,,,,,,,,,,,,,,,,,,,,,,,,,,,,,,,,,,,,,,,,,,,,,,,,,,,,,,,,,,,,,,,,,,,,,,,,,,,,,,,,,,,,,,,,,,,,,,,,,,,,,,,,,,,,,,,,,,,,,,,0.5,1400.0,fanduel,,,,,,,,,,,,,,,,,,,,,,,,,,,,,,,,,,,,,,,,,,,,,,,,,,,,,,,,,Active roster,2026-10-01T17:24:42+00:00,True,[],Unavailable,True,2026-09-24-frozen-v2,2026-10-01T17:24:46.238031+00:00,2026020010,8480813.0,PLAYER_ID,FINAL,0.0,,NO_LINE,0.0,,NO_LINE,1.0,,NO_LINE,0.0,L,OK,0.0,,NO_LINE,0.0,,NO_LINE
2026-10-01,TBL@NYR,2026020010,6:00 PM,2026-10-01T23:00:00Z,Marcus Pettersson,8477969,VAN,True,,2026-27,NYR,D,,Healthy,Unknown,,,1.0,0.0,,33.0,21.0,2026-10-01T17:24:18+00:00,TBL,Andrei Vasilevskiy,0.9111111111111112,2.3085331195802667,15.3,Likely,dailyfaceoff_name_and_stats,21.5,4.0,21.5,4.0,,47.5,60.9,A1+A2,21.45,93.3,61.4,1.04,NONE,False,False,23.53754892467431,2.258550120836825,21.1,19.5,15.0,3.0,True,,,,,50.0,,,,,,,,,,,,,,,,,,,,,,,,,,,,,,,,,,,,,,,,0.6094601762919991,0.1218920352583998,,,0.0,2.2781405811942856,1.964174794768916,50.0,10.1,39.9,10.1,2.54,0.63,,,,,COOL,COOL,COOL,1.91,,COOL,Red,Red,Red,Red,51.0,41.0,39.0,45.0,POINTS,51.0,,,,,,,,Passenger,0.4,,69.8,,,0.0837398373983739,6.866666666666666,0.0837398373983739,0.0039034372986697,0.4,0.4,4.281553398058253,4.281553398058253,0.0,8.75699777062175,7.24498670156626,69.8,39.3,False,,,,,,False,False,0.0,,False,0.0,,False,0.0,,,,,,,,,,,,,,,,,,,,,,,,,,,,,,,,,,,,,,,,,,,,,,,0.5,2100.0,FanDuel,,,,,,,,,,0.5,2100.0,FanDuel,0.5,2100.0,FanDuel,,,,,,,,,,0.5,2100.0,FanDuel,The Odds API,"[""Bally Bet"", ""BetMGM"", ""BetRivers"", ""Bovada"", ""Caesars"", ""Courtside"", ""DraftKings"", ""FanDuel"", ""Fanatics"", ""Fliff"", ""Hard Rock Bet"", ""theScore Bet""]",The Odds API,"[""Bally Bet"", ""BetMGM"", ""BetRivers"", ""Bovada"", ""Caesars"", ""Courtside"", ""DraftKings"", ""FanDuel"", ""Fanatics"", ""fanduel""]",,,,,,,,,,,,,,,,,,,,,,,,ALTLINE_NB_v1_2026-01-18,,,,league_avg,2.3,,,,,,,,,,,,,,,,,,,,,,,,,exp/fallback,0.254,,,,,,,,,,,,,,,,,,,,,,,,,exp/fallback,0.191,,,,,,,,,,,,,,,,,,,,,,0.5,2100.0,FanDuel,exp/fallback,0.2052,0.1789840868802135,17.9,0.0454545454545454,293.7649911364697,293.8,0.1789840868802135,17.9,293.7649911364697,293.8,,,,,,,,,,,,,0.5,2100.0,FanDuel,exp/fallback,0.14595,0.1301512431968752,13.0,0.0454545454545454,186.33273503312543,186.3,0.1301512431968752,13.0,186.33273503312543,186.3,,,,,,,,,,,,,False,False,True,True,False,,,Active roster,2026-10-01T17:24:42+00:00,False,[],2025-2026,,2026-09-24-frozen-v2,2026-10-01T17:24:46.238031+00:00,2026020010,8477969.0,PLAYER_ID,FINAL,0.0,,NO_LINE,0.0,,NO_LINE,1.0,,NO_LINE,0.0,L,OK,0.0,L,OK,0.0,,NO_LINE
2026-10-01,TBL@NYR,2026020010,6:00 PM,2026-10-01T23:00:00Z,Matt Rempe,8482460,NYR,False,,2026-27,NYR,C,,Healthy,Unknown,,,1.0,0.0,,33.0,21.0,2026-10-01T17:24:18+00:00,TBL,Andrei Vasilevskiy,0.9111111111111112,2.3085331195802667,15.3,Likely,dailyfaceoff_name_and_stats,21.5,4.0,21.5,4.0,,32.8,6.9,A1+A2,8.61,6.1,18.4,0.94,NONE,False,False,23.53754892467431,2.258550120836825,21.1,19.5,15.0,3.0,True,,,,,50.0,,,,,,,,,,,,,,,,,,,,,,,,,,,,,,,,,,,,,,,,0.2801338417243794,0.0,,,0.0,2.2781405811942856,1.964174794768916,50.0,10.1,35.9,10.1,0.93,0.93,,,,,COOL,COOL,COOL,0.0,,COOL,Red,Red,Red,Red,14.0,26.0,30.0,10.0,GOAL,30.0,,,,,,,C,Passenger,3.5,,69.8,,0.0,0.3038461538461539,7.9,0.3038461538461539,0.0352993744414656,3.5,3.5,0.0759493670886075,0.0759493670886075,0.0,8.75699777062175,7.24498670156626,69.8,48.3,False,,,,,,False,False,0.0,,False,0.0,,False,0.0,,,,,,,,,,,,,,,,,,,,,,,,,,,,,,,,,,,,,,,,,,,,,,,0.5,1000.0,Hard Rock Bet,,,,,,,,,,0.5,1000.0,Hard Rock Bet,0.5,1000.0,DraftKings,,,,,,,,,,0.5,1000.0,DraftKings,The Odds API,"[""Bally Bet"", ""BetMGM"", ""BetRivers"", ""Bovada"", ""Caesars"", ""Courtside"", ""DraftKings"", ""Fanatics"", ""Fliff"", ""Hard Rock Bet"", ""theScore Bet""]",The Odds API,"[""Bally Bet"", ""BetMGM"", ""BetRivers"", ""Bovada"", ""Caesars"", ""Courtside"", ""DraftKings"", ""Fanatics"", ""betrivers""]",,,,,,,,,,,,,,,,,,,,,,,,ALTLINE_NB_v1_2026-01-18,,,,league_avg,2.3,,,,,,,,,,,,,,,,,,,,,,,,,exp/fallback,0.093,,,,,,,,,,,,,,,,,,,,,,,,,league_avg,0.35,,,,,,,,,,,,,,,,,,,,,,0.5,1000.0,Hard Rock Bet,exp/fallback,0.2172,0.1880187385771032,18.8,0.0909090909090909,106.8206124348136,106.8,0.1880187385771032,18.8,106.8206124348136,106.8,,,,,,,,,,,,,0.5,1000.0,DraftKings,exp/fallback,0.1654499999999999,0.1454190056545247,14.5,0.0909090909090909,59.960906219977176,60.0,0.1454190056545247,14.5,59.960906219977176,60.0,,,,,,,,,,,,,False,False,True,True,False,,,Active roster,2026-10-01T17:24:42+00:00,False,[],2025-2026,,2026-09-24-frozen-v2,2026-10-01T17:24:46.238031+00:00,2026020010,,,NO_PLAYER,,,NO_PLAYER,,,NO_PLAYER,,,NO_PLAYER,,,NO_PLAYER,,,NO_PLAYER,,,NO_PLAYER
2026-10-01,TBL@NYR,2026020010,6:00 PM,2026-10-01T23:00:00Z,Matthew Robertson,8481525,NYR,False,,2026-27,NYR,D,,Healthy,Unknown,,,1.0,0.0,,33.0,21.0,2026-10-01T17:24:18+00:00,TBL,Andrei Vasilevskiy,0.9111111111111112,2.3085331195802667,15.3,Likely,dailyfaceoff_name_and_stats,21.5,4.0,21.5,4.0,,36.3,54.3,A1+A2,17.4,70.5,49.4,1.0,NONE,False,False,23.53754892467431,2.258550120836825,21.1,19.5,15.0,3.0,True,,,,,50.0,,,,,,,,,,,,,,,,,,,,,,,,,,,,,,,,,,,,,,,,0.908510606712884,0.2672090019743776,,,0.0,2.2781405811942856,1.964174794768916,50.0,10.1,48.5,10.1,2.11,0.45,,,,,COOL,COOL,COOL,1.66,,COOL,Red,Red,Red,Red,46.0,33.0,32.0,40.0,POINTS,46.0,,,,,,,C,Passenger,0.4,,69.8,,0.0,0.0625,4.5,0.0625,0.0035910463244975,0.4,0.4,0.0,0.0,0.0,8.75699777062175,7.24498670156626,69.8,39.3,False,,,,,,False,False,0.0,,False,0.0,,False,0.0,,,,,,,,,,,,,,,,,,,,,,,,,,,,,,,,,,,,,,,,,,,,,,,,,,,,,,,,,,,,,,,,,,,,,,,,,,,,,,,,,,,,,,,,,,,,,,,,,,,,,,,,ALTLINE_NB_v1_2026-01-18,,,,league_avg,2.3,,,,,,,,,,,,,,,,,,,,,,,,,exp/fallback,0.211,,,,,,,,,,,,,,,,,,,,,,,,,exp/fallback,0.1659999999999999,,,,,,,,,,,,,,,,,,,,,,,,,exp/fallback,0.1979999999999999,,,,,,,,,,,,,,,,,,,,,,,,,exp/fallback,0.1342499999999999,,,,,,,,,,,,,,,,,,,,,,False,False,False,False,False,,,Active roster,2026-10-01T17:24:42+00:00,False,[],2025-2026,,2026-09-24-frozen-v2,2026-10-01T17:24:46.238031+00:00,2026020010,,,NO_PLAYER,,,NO_PLAYER,,,NO_PLAYER,,,NO_PLAYER,,,NO_PLAYER,,,NO_PLAYER,,,NO_PLAYER
2026-10-01,TBL@NYR,2026020010,6:00 PM,2026-10-01T23:00:00Z,Mika Zibanejad,8476459,NYR,False,"{""season"":""2026-27"",""games"":[{""d"":""2026-09-29"",""g"":0,""a"":0,""s"":2,""pp"":0,""h"":""R"",""toi"":""18:31""}]}",2026-27,NYR,C,⭐ STAR,Healthy,Unknown,,,1.0,0.0,,33.0,21.0,2026-10-01T17:24:18+00:00,TBL,Andrei Vasilevskiy,0.9111111111111112,2.3085331195802667,15.3,Likely,dailyfaceoff_name_and_stats,21.5,4.0,21.5,4.0,,96.3,95.3,A1+A2,20.9,91.0,94.9,1.22,STAR,False,True,23.53754892467431,2.258550120836825,21.1,19.5,15.0,3.0,True,,,2.0,,50.0,0.0,0.0,2.0,0.0,0.0,0.0,0.0,0.0,0.0,0.0,2.0,2.0,LOW,0.0,-0.5,LOW,0.0,,LOW,0.0,,LOW,0.0,,LOW,0.0,,LOW,0.0,,LOW,0.2,,LOW,0.1,,LOW,0.05,,1.8533205326209456,0.7513461618733565,,,0.0,2.2781405811942856,1.964174794768916,50.0,10.1,68.9,10.1,12.04,4.78,,10.95,4.35,,HOT,HOT,COOL,7.26,6.6,HOT,Green,Yellow,Green,Green,77.0,67.0,68.0,75.0,POINTS,77.0,1.0,1.0,1.0,1.0,0.0,1.0,A,Hybrid,14.9,,69.8,,2.0,3.117695473251029,252.53333333333333,3.117695473251029,0.1491896575490833,14.9,14.9,5.63509767687434,2.858236536430834,3.266895459345301,8.75699777062175,7.24498670156626,69.8,86.6,False,,,,🅿️ D:1,,False,False,2.0,,False,0.0,,False,0.0,,1.5,-275.0,DraftKings,2.5,120.0,BetRivers,3.5,270.0,Bovada,4.5,600.0,Bovada,2.5,120.0,BetRivers,0.5,-150.0,theScore Bet,1.5,325.0,theScore Bet,2.5,1200.0,Courtside,3.5,4000.0,Fanatics,0.5,-150.0,theScore Bet,0.5,135.0,Hard Rock Bet,1.5,750.0,Bovada,2.5,3000.0,Fanatics,,,,0.5,135.0,Hard Rock Bet,0.5,230.0,FanDuel,,,,,,,,,,0.5,230.0,FanDuel,0.5,230.0,FanDuel,,,,,,,,,,0.5,230.0,FanDuel,The Odds API,"[""Bally Bet"", ""BetMGM"", ""BetRivers"", ""Bovada"", ""Caesars"", ""Courtside"", ""DraftKings"", ""FanDuel"", ""Fanatics"", ""Fliff"", ""Hard Rock Bet"", ""fanduel"", ""theScore Bet""]",The Odds API,"[""Bally Bet"", ""BetMGM"", ""BetRivers"", ""Bovada"", ""Caesars"", ""Courtside"", ""DraftKings"", ""FanDuel"", ""Fanatics"", ""fanduel""]",The Odds API,"[""Bally Bet"", ""BetOnline.ag"", ""BetRivers"", ""Bovada"", ""Caesars"", ""Courtside"", ""DraftKings"", ""FanDuel"", ""Fanatics"", ""Fliff"", ""Hard Rock Bet"", ""draftkings"", ""theScore Bet""]",The Odds API,"[""Bally Bet"", ""BetOnline.ag"", ""BetRivers"", ""Bovada"", ""Caesars"", ""Courtside"", ""DraftKings"", ""FanDuel"", ""Fanatics"", ""Fliff"", ""Hard Rock Bet"", ""caesars"", ""theScore Bet""]",The Odds API,"[""Bally Bet"", ""BetOnline.ag"", ""BetRivers"", ""Bovada"", ""Courtside"", ""DraftKings"", ""FanDuel"", ""Fanatics"", ""Fliff"", ""Hard Rock Bet"", ""draftkings"", ""theScore Bet""]",0.5,200.0,BetRivers,,,,,,,,,,0.5,200.0,BetRivers,The Odds API,"[""Bally Bet"", ""BetRivers"", ""Bovada"", ""FanDuel"", ""Fliff"", ""Hard Rock Bet"", ""theScore Bet""]",ALTLINE_NB_v1_2026-01-18,2.5,120.0,BetRivers,exp/fallback,0.2,0.0019369069985104,0.2,0.4545454545454545,-99.5738804603277,-99.6,0.0205922919144261,2.1,-97.19196019348736,-97.2,0.0019369069985104,0.2,-99.5738804603277,-99.6,0.0001602036731851,0.0,-99.9407246409215,-99.9,1.2145062741386605e-05,0.0,-99.99149845608105,-100.0,0.5,-150.0,theScore Bet,exp/fallback,1.204,0.6338427121766155,63.4,0.6,5.64045202943591,5.6,0.6338427121766155,63.4,5.64045202943591,5.6,0.3236883752275828,32.4,37.56755947172271,37.6,0.1463544582172558,14.6,90.26079568243252,90.3,0.0612348434391643,6.1,151.06285810057364,151.1,0.5,135.0,Hard Rock Bet,exp/fallback,0.726,0.461719944729404,46.2,0.425531914893617,8.504187011409947,8.5,0.461719944729404,46.2,8.504187011409947,8.5,0.1750058433893799,17.5,48.75496688097296,48.8,0.0604674514747481,6.0,87.44909957171939,87.4,,,,,0.5,230.0,FanDuel,exp/fallback,0.2784,0.2319966826932251,23.2,0.303030303030303,-23.4410947112357,-23.4,0.2319966826932251,23.2,-23.4410947112357,-23.4,,,,,,,,,,,,,0.5,230.0,FanDuel,exp/fallback,0.311775,0.2471529479392992,24.7,0.303030303030303,-18.439527180031263,-18.4,0.2471529479392992,24.7,-18.439527180031263,-18.4,,,,,,,,,,,,,False,False,False,False,False,,,Active roster,2026-10-01T17:24:42+00:00,False,"[{""market"":""Assists"",""name"":""Staff (Green Stance)"",""kind"":""STANCE"",""rule"":""Green + Assists 0.5"",""icon"":""staff.svg"",""kit_version"":""2026-09-24-frozen-v2""}]",2025-2026,,2026-09-24-frozen-v2,2026-10-01T17:24:46.238031+00:00,2026020010,8476459.0,PLAYER_ID,FINAL,2.0,W,OK,1.0,W,OK,3.0,W,OK,1.0,W,OK,1.0,W,OK,1.0,W,OK
2026-10-01,TBL@NYR,2026020010,6:00 PM,2026-10-01T23:00:00Z,Noah Laba,8483690,NYR,False,"{""season"":""2026-27"",""games"":[{""d"":""2026-09-29"",""g"":0,""a"":0,""s"":0,""pp"":0,""h"":""R"",""toi"":""12:56""}]}",2026-27,NYR,C,,Healthy,Unknown,,,1.0,0.0,,33.0,21.0,2026-10-01T17:24:18+00:00,TBL,Andrei Vasilevskiy,0.9111111111111112,2.3085331195802667,15.3,Likely,dailyfaceoff_name_and_stats,21.5,4.0,21.5,4.0,,71.4,60.9,A1+A2,13.47,38.9,61.2,1.04,NONE,False,False,23.53754892467431,2.258550120836825,21.1,19.5,15.0,3.0,True,,,0.0,,50.0,0.0,0.0,0.0,0.0,0.0,0.0,0.0,0.0,0.0,0.0,0.0,0.0,LOW,0.0,,LOW,0.0,,LOW,0.0,,LOW,0.0,,LOW,0.0,,LOW,0.0,,LOW,0.0,,LOW,0.0,,LOW,0.0,,1.2580081537565522,0.489225393127548,,,0.0,2.2781405811942856,1.964174794768916,50.0,10.1,56.4,10.1,3.87,1.76,,3.87,1.76,,HOT,WARM,COOL,2.12,2.12,WARM,Red,Red,Red,Red,52.0,49.0,51.0,48.0,POINTS,52.0,1.0,1.0,1.0,1.0,0.0,1.0,B,Hybrid,3.8,,69.8,,1.0,0.5105855855855855,37.78333333333333,0.5105855855855855,0.0379027269231412,3.8,3.8,4.311424790471989,2.286722540802823,2.382002646669608,8.75699777062175,7.24498670156626,69.8,67.1,False,,,,🅿️ D:1,,False,False,1.0,,False,0.0,,False,0.0,,,,,,,,,,,,,,,,,,,,,,,,,,,,,,,,,,,,,,,,,,,,,,,0.5,850.0,BetRivers,,,,,,,,,,0.5,850.0,BetRivers,0.5,850.0,BetRivers,,,,,,,,,,0.5,850.0,BetRivers,The Odds API,"[""Bally Bet"", ""BetMGM"", ""BetRivers"", ""Bovada"", ""Caesars"", ""Courtside"", ""DraftKings"", ""FanDuel"", ""Fanatics"", ""Fliff"", ""Hard Rock Bet"", ""theScore Bet""]",The Odds API,"[""Bally Bet"", ""BetMGM"", ""BetRivers"", ""Bovada"", ""Caesars"", ""Courtside"", ""DraftKings"", ""FanDuel"", ""Fanatics"", ""betrivers""]",,,,,,,,,,,,,,,,,,,,,,,,ALTLINE_NB_v1_2026-01-18,,,,league_avg,2.3,,,,,,,,,,,,,,,,,,,,,,,,,exp/fallback,0.387,,,,,,,,,,,,,,,,,,,,,,,,,exp/fallback,0.212,,,,,,,,,,,,,,,,,,,,,,0.5,850.0,BetRivers,exp/fallback,0.2504,0.2123008563537912,21.2,0.1052631578947368,101.6858135361017,101.7,0.2123008563537912,21.2,101.6858135361017,101.7,,,,,,,,,,,,,0.5,850.0,BetRivers,exp/fallback,0.2193999999999999,0.1854342936749825,18.5,0.1052631578947368,76.1625789912334,76.2,0.1854342936749825,18.5,76.1625789912334,76.2,,,,,,,,,,,,,False,False,True,True,False,,,Active roster,2026-10-01T17:24:42+00:00,False,[],2025-2026,,2026-09-24-frozen-v2,2026-10-01T17:24:46.238031+00:00,2026020010,8483690.0,PLAYER_ID,FINAL,1.0,,NO_LINE,1.0,,NO_LINE,0.0,,NO_LINE,0.0,L,OK,0.0,L,OK,0.0,,NO_LINE
2026-10-01,TBL@NYR,2026020010,6:00 PM,2026-10-01T23:00:00Z,Oliver Bjorkstrand,8477416,TBL,True,"{""season"":""2026-27"",""games"":[{""d"":""2026-09-29"",""g"":0,""a"":0,""s"":4,""pp"":0,""h"":""R"",""toi"":""14:33""}]}",2026-27,NYR,R,,Healthy,Unknown,,,1.0,0.0,,33.0,21.0,2026-10-01T17:24:18+00:00,TBL,Andrei Vasilevskiy,0.9111111111111112,2.3085331195802667,15.3,Likely,dailyfaceoff_name_and_stats,21.5,4.0,21.5,4.0,,79.7,71.0,A1+A2,13.64,39.5,68.6,1.07,NONE,False,False,23.53754892467431,2.258550120836825,21.1,19.5,15.0,3.0,True,,,4.0,,50.0,0.0,0.0,4.0,0.0,0.0,0.0,0.0,0.0,0.0,0.0,4.0,4.0,LOW,0.0,-0.5,LOW,0.0,,LOW,0.0,,LOW,0.0,,LOW,0.0,,LOW,0.0,,LOW,0.4,,LOW,0.2,,LOW,0.1,,1.3136022704236772,0.8027569430366917,,,0.0,2.2781405811942856,1.964174794768916,50.0,10.1,58.3,10.1,4.85,2.16,,4.85,2.16,,HOT,WARM,COOL,2.68,2.68,HOT,Yellow,Yellow,Red,Yellow,58.0,54.0,55.0,54.0,POINTS,58.0,1.0,1.0,1.0,0.0,0.0,1.0,,Passenger,21.8,,69.8,,,2.9779166666666663,238.2333333333333,2.9779166666666663,0.2183823754086839,21.8,21.8,2.6715405065062265,1.6546802854344482,1.1963061424373864,8.75699777062175,7.24498670156626,69.8,80.7,False,,,,🅿️ D:1,,False,False,1.0,,False,0.0,,False,0.0,,1.5,120.0,Bovada,2.5,350.0,Bovada,3.5,850.0,Bovada,4.5,1600.0,Bovada,1.5,120.0,Bovada,0.5,175.0,Bovada,1.5,1000.0,theScore Bet,2.5,2000.0,Bovada,3.5,3300.0,BetOnline.ag,0.5,175.0,Bovada,0.5,325.0,Hard Rock Bet,1.5,2200.0,Fanatics,2.5,3300.0,Bovada,,,,0.5,325.0,Hard Rock Bet,0.5,425.0,DraftKings,,,,,,,,,,0.5,425.0,DraftKings,0.5,425.0,DraftKings,,,,,,,,,,0.5,425.0,DraftKings,The Odds API,"[""Bally Bet"", ""BetMGM"", ""BetRivers"", ""Bovada"", ""Caesars"", ""Courtside"", ""DraftKings"", ""FanDuel"", ""Fanatics"", ""Fliff"", ""Hard Rock Bet"", ""theScore Bet""]",The Odds API,"[""Bally Bet"", ""BetMGM"", ""BetRivers"", ""Bovada"", ""Caesars"", ""Courtside"", ""DraftKings"", ""FanDuel"", ""Fanatics"", ""fanatics""]",The Odds API,"[""Bally Bet"", ""BetOnline.ag"", ""BetRivers"", ""Bovada"", ""Caesars"", ""Courtside"", ""DraftKings"", ""Fanatics"", ""Fliff"", ""Hard Rock Bet"", ""draftkings"", ""theScore Bet""]",The Odds API,"[""Bally Bet"", ""BetOnline.ag"", ""BetRivers"", ""Bovada"", ""Caesars"", ""Courtside"", ""DraftKings"", ""FanDuel"", ""Fanatics"", ""Fliff"", ""Hard Rock Bet"", ""theScore Bet""]",The Odds API,"[""Bally Bet"", ""BetOnline.ag"", ""BetRivers"", ""Bovada"", ""Courtside"", ""DraftKings"", ""Fanatics"", ""Fliff"", ""Hard Rock Bet"", ""draftkings"", ""theScore Bet""]",0.5,850.0,Hard Rock Bet,,,,,,,,,,0.5,850.0,Hard Rock Bet,The Odds API,"[""Hard Rock Bet"", ""theScore Bet""]",ALTLINE_NB_v1_2026-01-18,1.5,120.0,Bovada,exp/fallback,0.4,0.0686180154112674,6.9,0.4545454545454545,-84.90403660952116,-84.9,0.0686180154112674,6.9,-84.90403660952116,-84.9,0.0121706224058896,1.2,-94.52321991734966,-94.5,0.0019074600412755,0.2,-98.18791296078824,-98.2,0.0002746842105414,0.0,-99.53303684207955,-99.5,0.5,175.0,Bovada,exp/fallback,0.485,0.3610771539574807,36.1,0.3636363636363636,-0.7037826616927978,-0.7,0.3610771539574807,36.1,-0.7037826616927978,-0.7,0.096167916658381,9.6,5.784708324219201,5.8,0.0220284325286159,2.2,-53.74029168990646,-53.7,0.0046093245525551,0.5,-84.32829652131252,-84.3,0.5,325.0,Hard Rock Bet,exp/fallback,0.268,0.2223684169598339,22.2,0.2352941176470588,-5.49342279207059,-5.5,0.2223684169598339,22.2,-5.49342279207059,-5.5,0.0385895243189479,3.9,-11.244094066419809,-11.2,0.0060149586921242,0.6,-79.5491404467777,-79.5,,,,,0.5,425.0,DraftKings,exp/fallback,0.1998,0.1748725426279482,17.5,0.1904761904761904,-8.191915120327153,-8.2,0.1748725426279482,17.5,-8.191915120327153,-8.2,,,,,,,,,,,,,0.5,425.0,DraftKings,exp/fallback,0.18405,0.159574470787757,16.0,0.1904761904761904,-16.22340283642758,-16.2,0.159574470787757,16.0,-16.22340283642758,-16.2,,,,,,,,,,,,,False,False,False,False,False,,,Active roster,2026-10-01T17:24:42+00:00,False,[],2025-2026,,2026-09-24-frozen-v2,2026-10-01T17:24:46.238031+00:00,2026020010,8477416.0,PLAYER_ID,FINAL,1.0,W,OK,1.0,W,OK,1.0,L,OK,0.0,L,OK,0.0,L,OK,0.0,L,OK
2026-10-01,TBL@NYR,2026020010,6:00 PM,2026-10-01T23:00:00Z,Pavel Dorofeyev,8481604,VGK,True,"{""season"":""2026-27"",""games"":[{""d"":""2026-09-29"",""g"":0,""a"":0,""s"":5,""pp"":0,""h"":""R"",""toi"":""15:49""}]}",2026-27,NYR,R,,Healthy,Unknown,,,1.0,0.0,,33.0,21.0,2026-10-01T17:24:18+00:00,TBL,Andrei Vasilevskiy,0.9111111111111112,2.3085331195802667,15.3,Likely,dailyfaceoff_name_and_stats,21.5,4.0,21.5,4.0,,97.6,82.2,A1+A2,17.6,71.9,87.1,1.15,NONE,False,False,23.53754892467431,2.258550120836825,21.1,19.5,15.0,3.0,True,,,5.0,,50.0,0.0,0.0,5.0,0.0,0.0,0.0,0.0,0.0,0.0,0.0,5.0,5.0,LOW,0.0,-0.5,LOW,0.0,,LOW,0.0,,LOW,0.0,,LOW,0.0,,LOW,0.0,,LOW,0.5,,LOW,0.25,,LOW,0.125,,1.727758113864059,0.5939168516407702,,,0.0,2.2781405811942856,1.964174794768916,50.0,10.1,66.5,10.1,8.9,4.74,,8.09,4.31,,HOT,HOT,COOL,4.16,3.78,HOT,Yellow,Yellow,Green,Yellow,68.0,66.0,67.0,67.0,POINTS,68.0,1.0,1.0,1.0,0.0,0.0,1.0,,Passenger,18.7,,69.8,,,3.2890243902439025,269.7,3.2890243902439025,0.1868289191123836,18.7,18.7,4.623470522803114,2.8743047830923247,2.057842046718576,8.75699777062175,7.24498670156626,69.8,85.1,True,,,,🅿️ D:1,,False,False,2.0,,False,0.0,,False,0.0,,1.5,-310.0,DraftKings,2.5,-105.0,Hard Rock Bet,3.5,250.0,theScore Bet,4.5,490.0,FanDuel,2.5,-105.0,Hard Rock Bet,0.5,-105.0,theScore Bet,1.5,500.0,theScore Bet,2.5,1900.0,Fanatics,3.5,4300.0,BetOnline.ag,0.5,-105.0,theScore Bet,0.5,265.0,Bovada,1.5,1700.0,Fanatics,2.5,3300.0,Bovada,,,,0.5,265.0,Bovada,0.5,200.0,FanDuel,,,,,,,,,,0.5,200.0,FanDuel,0.5,200.0,FanDuel,,,,,,,,,,0.5,200.0,FanDuel,The Odds API,"[""Bally Bet"", ""BetMGM"", ""BetRivers"", ""Bovada"", ""Caesars"", ""Courtside"", ""DraftKings"", ""FanDuel"", ""Fanatics"", ""Fliff"", ""Hard Rock Bet"", ""fanduel"", ""theScore Bet""]",The Odds API,"[""Bally Bet"", ""BetMGM"", ""BetRivers"", ""Bovada"", ""Caesars"", ""Courtside"", ""DraftKings"", ""FanDuel"", ""Fanatics"", ""fanduel""]",The Odds API,"[""Bally Bet"", ""BetOnline.ag"", ""BetRivers"", ""Bovada"", ""Caesars"", ""Courtside"", ""DraftKings"", ""FanDuel"", ""Fanatics"", ""Fliff"", ""Hard Rock Bet"", ""draftkings"", ""theScore Bet""]",The Odds API,"[""Bally Bet"", ""BetOnline.ag"", ""BetRivers"", ""Bovada"", ""Caesars"", ""Courtside"", ""DraftKings"", ""FanDuel"", ""Fanatics"", ""Fliff"", ""Hard Rock Bet"", ""draftkings"", ""theScore Bet""]",The Odds API,"[""Bally Bet"", ""BetOnline.ag"", ""BetRivers"", ""Bovada"", ""Courtside"", ""DraftKings"", ""FanDuel"", ""Fanatics"", ""Fliff"", ""Hard Rock Bet"", ""draftkings"", ""theScore Bet""]",0.5,260.0,Hard Rock Bet,,,,,,,,,,0.5,260.0,Hard Rock Bet,The Odds API,"[""Bally Bet"", ""BetRivers"", ""Bovada"", ""FanDuel"", ""Fliff"", ""Hard Rock Bet"", ""theScore Bet""]",ALTLINE_NB_v1_2026-01-18,2.5,-105.0,Hard Rock Bet,exp/fallback,0.5,0.0211669780841146,2.1,0.5121951219512195,-95.86739951691096,-95.9,0.0982404443767041,9.8,-87.00690896953269,-87.0,0.0211669780841146,2.1,-95.86739951691096,-95.9,0.0040395411302058,0.4,-98.58616060442796,-98.6,0.0007092061669458,0.1,-99.58156836150197,-99.6,0.5,-105.0,theScore Bet,exp/fallback,0.89,0.5391929048953845,53.9,0.5121951219512195,5.270995717670313,5.3,0.5391929048953845,53.9,5.270995717670313,5.3,0.2264835532803575,22.6,35.89013196821451,35.9,0.0832428800186514,8.3,66.48576003730285,66.5,0.0281601150815663,2.8,23.90450635889196,23.9,0.5,265.0,Bovada,exp/fallback,0.416,0.3147230384632253,31.5,0.273972602739726,14.87390903907725,14.9,0.3147230384632253,31.5,14.87390903907725,14.9,0.0787336212452631,7.9,41.72051824147371,41.7,0.0177827121624781,1.8,-39.538778647574205,-39.5,,,,,0.5,200.0,FanDuel,exp/fallback,0.2772,0.2311667976794644,23.1,0.3333333333333333,-30.64996069616066,-30.6,0.2311667976794644,23.1,-30.64996069616066,-30.6,,,,,,,,,,,,,0.5,200.0,FanDuel,exp/fallback,0.309825,0.245930636064695,24.6,0.3333333333333333,-26.2208091805915,-26.2,0.245930636064695,24.6,-26.2208091805915,-26.2,,,,,,,,,,,,,False,False,False,False,True,,,Active roster,2026-10-01T17:24:42+00:00,False,[],2025-2026,,2026-09-24-frozen-v2,2026-10-01T17:24:46.238031+00:00,2026020010,8481604.0,PLAYER_ID,FINAL,2.0,W,OK,1.0,W,OK,5.0,W,OK,1.0,W,OK,1.0,W,OK,1.0,W,OK
2026-10-01,TBL@NYR,2026020010,6:00 PM,2026-10-01T23:00:00Z,Scott Morrow,8482666,NYR,False,,2026-27,NYR,D,,Healthy,Unknown,,,1.0,0.0,,33.0,21.0,2026-10-01T17:24:18+00:00,TBL,Andrei Vasilevskiy,0.9111111111111112,2.3085331195802667,15.3,Likely,dailyfaceoff_name_and_stats,21.5,4.0,21.5,4.0,,20.1,37.3,A1+A2,15.67,55.8,33.3,0.94,NONE,False,False,23.53754892467431,2.258550120836825,21.1,19.5,15.0,3.0,True,,,,,50.0,,,,,,,,,,,,,,,,,,,,,,,,,,,,,,,,,,,,,,,,0.4415552557340856,0.1471850852446952,,,0.0,2.2781405811942856,1.964174794768916,50.0,10.1,37.0,10.1,2.21,0.27,,,,,COOL,COOL,COOL,1.94,,COOL,Red,Red,Red,Red,35.0,23.0,22.0,28.0,POINTS,35.0,,,,,,,C,Passenger,8.2,,69.8,,0.0,1.2810344827586206,37.15,1.2810344827586206,0.0817561619718309,8.2,8.2,2.6769851951547783,0.2745625841184388,2.826379542395693,8.75699777062175,7.24498670156626,69.8,75.6,False,,,,,,False,False,0.0,,False,0.0,,False,0.0,,,,,,,,,,,,,,,,,,,,,,,,,,,,,,,,,,,,,,,,,,,,,,,,,,,,,,,,,,,,,,,,,,,,,,,,,,,,,,,,,,,,,,,,,,,,,,,,,,,,,,,,ALTLINE_NB_v1_2026-01-18,,,,league_avg,2.3,,,,,,,,,,,,,,,,,,,,,,,,,exp/fallback,0.221,,,,,,,,,,,,,,,,,,,,,,,,,exp/fallback,0.194,,,,,,,,,,,,,,,,,,,,,,,,,exp/fallback,0.1908,,,,,,,,,,,,,,,,,,,,,,,,,exp/fallback,0.1225499999999999,,,,,,,,,,,,,,,,,,,,,,False,False,False,False,False,,,Active roster,2026-10-01T17:24:42+00:00,False,[],2025-2026,,2026-09-24-frozen-v2,2026-10-01T17:24:46.238031+00:00,2026020010,,,NO_PLAYER,,,NO_PLAYER,,,NO_PLAYER,,,NO_PLAYER,,,NO_PLAYER,,,NO_PLAYER,,,NO_PLAYER
2026-10-01,TBL@NYR,2026020010,6:00 PM,2026-10-01T23:00:00Z,Sean Durzi,8480434,UTA,True,"{""season"":""2026-27"",""games"":[{""d"":""2026-09-29"",""g"":0,""a"":0,""s"":1,""pp"":0,""h"":""R"",""toi"":""23:15""}]}",2026-27,NYR,D,,Healthy,Unknown,,,1.0,0.0,,33.0,21.0,2026-10-01T17:24:18+00:00,TBL,Andrei Vasilevskiy,0.9111111111111112,2.3085331195802667,15.3,Likely,dailyfaceoff_name_and_stats,21.5,4.0,21.5,4.0,,49.9,74.9,A1+A2,19.26,84.3,65.5,1.06,NONE,False,False,23.53754892467431,2.258550120836825,21.1,19.5,15.0,3.0,True,,,1.0,,50.0,0.0,0.0,1.0,0.0,0.0,0.0,0.0,0.0,0.0,0.0,1.0,1.0,LOW,0.0,-0.5,LOW,0.0,,LOW,0.0,,LOW,0.0,,LOW,0.0,,LOW,0.0,,LOW,0.1,,LOW,0.05,,LOW,0.025,,1.2877629995772495,0.4682774543917271,,,0.0,2.2781405811942856,1.964174794768916,50.0,10.1,57.4,10.1,4.85,0.96,,4.85,0.96,,HOT,COOL,COOL,3.89,3.89,HOT,Yellow,Red,Red,Yellow,64.0,41.0,40.0,59.0,POINTS,64.0,1.0,1.0,1.0,1.0,0.0,1.0,,Passenger,6.6,,69.8,,,1.2641666666666669,75.85,1.2641666666666669,0.0656331122007499,6.6,6.6,3.3342122610415297,0.980883322346737,2.768622280817403,8.75699777062175,7.24498670156626,69.8,72.8,False,,,,🅿️ D:1,,False,False,0.0,,False,0.0,,False,0.0,,1.5,148.0,BetRivers,,,,,,,,,,1.5,148.0,BetRivers,0.5,155.0,BetRivers,1.5,750.0,BetRivers,,,,,,,0.5,155.0,BetRivers,0.5,190.0,BetRivers,,,,,,,,,,0.5,190.0,BetRivers,0.5,850.0,FanDuel,,,,,,,,,,0.5,850.0,FanDuel,0.5,850.0,FanDuel,,,,,,,,,,0.5,850.0,FanDuel,The Odds API,"[""Bally Bet"", ""BetMGM"", ""BetRivers"", ""Bovada"", ""Caesars"", ""Courtside"", ""DraftKings"", ""FanDuel"", ""Fanatics"", ""Fliff"", ""Hard Rock Bet"", ""theScore Bet""]",The Odds API,"[""Bally Bet"", ""BetMGM"", ""BetRivers"", ""Bovada"", ""Caesars"", ""Courtside"", ""DraftKings"", ""FanDuel"", ""Fanatics"", ""fanduel""]",The Odds API,"[""Bally Bet"", ""BetRivers""]",The Odds API,"[""Bally Bet"", ""BetRivers""]",The Odds API,"[""Bally Bet"", ""BetRivers""]",,,,,,,,,,,,,,,,,,ALTLINE_NB_v1_2026-01-18,1.5,148.0,BetRivers,exp/fallback,0.1,0.0056639264392934,0.6,0.4032258064516129,-98.59534624305522,-98.6,0.0056639264392934,0.6,-98.59534624305522,-98.6,,,,,,,,,,,,,0.5,155.0,BetRivers,exp/fallback,0.485,0.3610771539574807,36.1,0.392156862745098,-7.925325740842403,-7.9,0.3610771539574807,36.1,-7.925325740842403,-7.9,0.096167916658381,9.6,-18.25727084037608,-18.3,,,,,,,,,0.5,190.0,BetRivers,exp/fallback,0.389,0.2991457813569622,29.9,0.3448275862068966,-13.247723406480947,-13.2,0.2991457813569622,29.9,-13.247723406480947,-13.2,,,,,,,,,,,,,0.5,850.0,FanDuel,exp/fallback,0.1638,0.1467113179570499,14.7,0.1052631578947368,39.375752059197445,39.4,0.1467113179570499,14.7,39.375752059197445,39.4,,,,,,,,,,,,,0.5,850.0,FanDuel,exp/fallback,0.12555,0.1136911370232609,11.4,0.1052631578947368,8.006580172097898,8.0,0.1136911370232609,11.4,8.006580172097898,8.0,,,,,,,,,,,,,False,False,True,False,False,,,Active roster,2026-10-01T17:24:42+00:00,False,[],2025-2026,,2026-09-24-frozen-v2,2026-10-01T17:24:46.238031+00:00,2026020010,8480434.0,PLAYER_ID,FINAL,0.0,L,OK,0.0,L,OK,0.0,L,OK,0.0,L,OK,0.0,L,OK,0.0,,NO_LINE
2026-10-01,TBL@NYR,2026020010,6:00 PM,2026-10-01T23:00:00Z,Tye Kartye,8481789,NYR,False,,2026-27,NYR,L,,Healthy,Unknown,,,1.0,0.0,,33.0,21.0,2026-10-01T17:24:18+00:00,TBL,Andrei Vasilevskiy,0.9111111111111112,2.3085331195802667,15.3,Likely,dailyfaceoff_name_and_stats,21.5,4.0,21.5,4.0,,51.5,58.4,A1+A2,11.96,28.7,49.3,1.0,NONE,False,False,23.53754892467431,2.258550120836825,21.1,19.5,15.0,3.0,True,,,,,50.0,,,,,,,,,,,,,,,,,,,,,,,,,,,,,,,,,,,,,,,,1.7893533475818877,0.715741339032755,,,0.0,2.2781405811942856,1.964174794768916,50.0,10.1,67.7,10.1,3.09,0.91,,,,,COOL,COOL,COOL,2.18,,COOL,Red,Red,Red,Red,46.0,38.0,39.0,43.0,POINTS,46.0,,,,,,,C,Passenger,0.3,,69.8,,0.0,0.0388020833333333,2.4833333333333334,0.0388020833333333,0.0032435021115416,0.3,0.3,0.4832214765100671,0.4832214765100671,0.0,8.75699777062175,7.24498670156626,69.8,37.3,False,,,,,,False,False,0.0,,False,0.0,,False,0.0,,,,,,,,,,,,,,,,,,,,,,,,,,,,,,,,,,,,,,,,,,,,,,,0.5,950.0,FanDuel,,,,,,,,,,0.5,950.0,FanDuel,0.5,950.0,FanDuel,,,,,,,,,,0.5,950.0,FanDuel,The Odds API,"[""Bally Bet"", ""BetMGM"", ""BetRivers"", ""Bovada"", ""Caesars"", ""Courtside"", ""DraftKings"", ""FanDuel"", ""Fanatics"", ""Fliff"", ""Hard Rock Bet"", ""theScore Bet""]",The Odds API,"[""Bally Bet"", ""BetMGM"", ""BetRivers"", ""Bovada"", ""Caesars"", ""Courtside"", ""DraftKings"", ""FanDuel"", ""Fanatics"", ""fanduel""]",,,,,,,,,,,,,,,,,,,,,,,,ALTLINE_NB_v1_2026-01-18,,,,league_avg,2.3,,,,,,,,,,,,,,,,,,,,,,,,,exp/fallback,0.309,,,,,,,,,,,,,,,,,,,,,,,,,exp/fallback,0.218,,,,,,,,,,,,,,,,,,,,,,0.5,950.0,FanDuel,exp/fallback,0.2163999999999999,0.1874207702211061,18.7,0.0952380952380952,96.79180873216148,96.8,0.1874207702211061,18.7,96.79180873216148,96.8,,,,,,,,,,,,,0.5,950.0,FanDuel,exp/fallback,0.16415,0.1444149520255159,14.4,0.0952380952380952,51.6356996267917,51.6,0.1444149520255159,14.4,51.6356996267917,51.6,,,,,,,,,,,,,False,False,True,True,False,,,Active roster,2026-10-01T17:24:42+00:00,False,[],2025-2026,,2026-09-24-frozen-v2,2026-10-01T17:24:46.238031+00:00,2026020010,8481789.0,PLAYER_ID,FINAL,0.0,,NO_LINE,0.0,,NO_LINE,0.0,,NO_LINE,0.0,L,OK,0.0,L,OK,0.0,,NO_LINE
2026-10-01,TBL@NYR,2026020010,6:00 PM,2026-10-01T23:00:00Z,Vincent Iorio,8482861,NYR,False,,2026-27,NYR,D,,Healthy,Unknown,,,1.0,0.0,,33.0,21.0,2026-10-01T17:24:18+00:00,TBL,Andrei Vasilevskiy,0.9111111111111112,2.3085331195802667,15.3,Likely,dailyfaceoff_name_and_stats,21.5,4.0,21.5,4.0,,18.3,28.5,A1+A2,15.74,56.2,29.4,0.94,NONE,False,False,23.53754892467431,2.258550120836825,21.1,19.5,15.0,3.0,True,,,,,50.0,,,,,,,,,,,,,,,,,,,,,,,,,,,,,,,,,,,,,,,,0.469157254561251,0.156385751520417,,,0.0,2.2781405811942856,1.964174794768916,50.0,10.1,37.6,10.1,1.26,0.22,,,,,COOL,COOL,COOL,1.04,,COOL,Red,Red,Red,Red,31.0,22.0,21.0,24.0,POINTS,31.0,,,,,,,C,Passenger,0.3,,69.8,,0.0,0.0524691358024691,1.4166666666666667,0.0524691358024691,0.0033341178316466,0.3,0.3,0.0,0.0,0.0,8.75699777062175,7.24498670156626,69.8,37.3,False,,,,,,False,False,0.0,,False,0.0,,False,0.0,,,,,,,,,,,,,,,,,,,,,,,,,,,,,,,,,,,,,,,,,,,,,,,,,,,,,,,,,,,,,,,,,,,,,,,,,,,,,,,,,,,,,,,,,,,,,,,,,,,,,,,,ALTLINE_NB_v1_2026-01-18,,,,league_avg,2.3,,,,,,,,,,,,,,,,,,,,,,,,,exp/fallback,0.126,,,,,,,,,,,,,,,,,,,,,,,,,exp/fallback,0.104,,,,,,,,,,,,,,,,,,,,,,,,,exp/fallback,0.1888,,,,,,,,,,,,,,,,,,,,,,,,,exp/fallback,0.1192999999999999,,,,,,,,,,,,,,,,,,,,,,False,False,False,False,False,,,Active roster,2026-10-01T17:24:42+00:00,False,[],2025-2026,,2026-09-24-frozen-v2,2026-10-01T17:24:46.238031+00:00,2026020010,,,NO_PLAYER,,,NO_PLAYER,,,NO_PLAYER,,,NO_PLAYER,,,NO_PLAYER,,,NO_PLAYER,,,NO_PLAYER
2026-10-01,TBL@NYR,2026020010,6:00 PM,2026-10-01T23:00:00Z,Vladislav Gavrikov,8478882,NYR,False,"{""season"":""2026-27"",""games"":[{""d"":""2026-09-29"",""g"":0,""a"":0,""s"":1,""pp"":0,""h"":""R"",""toi"":""19:58""}]}",2026-27,NYR,D,,Healthy,Unknown,,,1.0,0.0,,33.0,21.0,2026-10-01T17:24:18+00:00,TBL,Andrei Vasilevskiy,0.9111111111111112,2.3085331195802667,15.3,Likely,dailyfaceoff_name_and_stats,21.5,4.0,21.5,4.0,,61.1,72.9,A1+A2,23.73,98.0,72.6,1.09,NONE,False,False,23.53754892467431,2.258550120836825,21.1,19.5,15.0,3.0,True,,,1.0,,50.0,0.0,0.0,1.0,0.0,0.0,0.0,0.0,0.0,0.0,0.0,1.0,1.0,LOW,0.0,-0.5,LOW,0.0,,LOW,0.0,,LOW,0.0,,LOW,0.0,,LOW,0.0,,LOW,0.1,,LOW,0.05,,LOW,0.025,,0.934375681315601,0.2242501635157442,,,0.0,2.2781405811942856,1.964174794768916,50.0,10.1,49.4,10.1,3.87,1.08,,3.87,1.08,,HOT,COOL,COOL,3.07,2.79,HOT,Yellow,Red,Red,Yellow,63.0,48.0,48.0,58.0,POINTS,63.0,1.0,1.0,1.0,1.0,0.0,1.0,B,Hybrid,3.9,,69.8,,1.0,0.933130081300813,76.51666666666667,0.933130081300813,0.0393307518333219,3.9,3.9,3.1561751252450447,1.489871487693313,1.960357220649096,8.75699777062175,7.24498670156626,69.8,64.4,False,,,,🅿️ D:1,,False,False,0.0,,False,0.0,,False,0.0,,,,,,,,,,,,,,,,,0.5,265.0,BetRivers,,,,,,,,,,0.5,265.0,BetRivers,,,,,,,,,,,,,,,,0.5,1200.0,Fanatics,,,,,,,,,,0.5,1200.0,Fanatics,0.5,1200.0,Fanatics,,,,,,,,,,0.5,1200.0,Fanatics,The Odds API,"[""Bally Bet"", ""BetMGM"", ""BetRivers"", ""Bovada"", ""Caesars"", ""Courtside"", ""DraftKings"", ""FanDuel"", ""Fanatics"", ""Fliff"", ""Hard Rock Bet"", ""theScore Bet""]",The Odds API,"[""Bally Bet"", ""BetMGM"", ""BetRivers"", ""Bovada"", ""Caesars"", ""Courtside"", ""DraftKings"", ""FanDuel"", ""Fanatics"", ""fanatics""]",The Odds API,"[""Bally Bet"", ""BetRivers""]",,,,,,,,,,,,,,,,,,,,,,ALTLINE_NB_v1_2026-01-18,,,,exp/fallback,0.1,,,,,,,,,,,,,,,,,,,,,,0.5,265.0,BetRivers,exp/fallback,0.387,0.3043719257187187,30.4,0.273972602739726,11.095752887332331,11.1,0.3043719257187187,30.4,11.095752887332331,11.1,,,,,,,,,,,,,,,,exp/fallback,0.307,,,,,,,,,,,,,,,,,,,,,,0.5,1200.0,Fanatics,exp/fallback,0.1674,0.1495874619293876,15.0,0.0769230769230769,94.46370050820396,94.5,0.1495874619293876,15.0,94.46370050820396,94.5,,,,,,,,,,,,,0.5,1200.0,Fanatics,exp/fallback,0.1314,0.1184635399371534,11.8,0.0769230769230769,54.00260191829944,54.0,0.1184635399371534,11.8,54.00260191829944,54.0,,,,,,,,,,,,,False,True,True,True,False,,,Active roster,2026-10-01T17:24:42+00:00,False,[],2025-2026,,2026-09-24-frozen-v2,2026-10-01T17:24:46.238031+00:00,2026020010,8478882.0,PLAYER_ID,FINAL,0.0,L,OK,0.0,,NO_LINE,0.0,,NO_LINE,0.0,L,OK,0.0,L,OK,0.0,,NO_LINE
2026-10-01,TBL@NYR,2026020010,6:00 PM,2026-10-01T23:00:00Z,Will Cuylle,8482157,NYR,False,"{""season"":""2026-27"",""games"":[{""d"":""2026-09-29"",""g"":0,""a"":0,""s"":3,""pp"":0,""h"":""R"",""toi"":""15:03""}]}",2026-27,NYR,L,,Healthy,Unknown,,,1.0,0.0,,33.0,21.0,2026-10-01T17:24:18+00:00,TBL,Andrei Vasilevskiy,0.9111111111111112,2.3085331195802667,15.3,Likely,dailyfaceoff_name_and_stats,21.5,4.0,21.5,4.0,,91.7,68.0,A1+A2,16.86,65.0,78.1,1.11,NONE,False,False,23.53754892467431,2.258550120836825,21.1,19.5,15.0,3.0,True,,,3.0,,50.0,0.0,0.0,3.0,0.0,0.0,0.0,0.0,0.0,0.0,0.0,3.0,3.0,LOW,0.0,-0.5,LOW,0.0,,LOW,0.0,,LOW,0.0,,LOW,0.0,,LOW,0.0,,LOW,0.3,,LOW,0.15,,LOW,0.075,,1.3270258647170854,0.6635129323585427,,,0.0,2.2781405811942856,1.964174794768916,50.0,10.1,58.5,10.1,5.63,3.19,,5.63,3.19,,HOT,HOT,COOL,2.44,2.44,WARM,Red,Yellow,Yellow,Red,59.0,62.0,67.0,56.0,GOAL,67.0,1.0,1.0,1.0,0.0,0.0,1.0,B,Hybrid,8.0,,69.8,,1.0,1.3556910569105691,111.16666666666669,1.3556910569105691,0.0804224893593932,8.0,8.0,4.456821589205397,2.736431784107946,2.023988005997001,8.75699777062175,7.24498670156626,69.8,71.0,False,,,,🥅 D:1,,False,False,1.0,,False,0.0,,False,0.0,,1.5,110.0,BetRivers,2.5,310.0,Fanatics,3.5,900.0,Fanatics,4.5,1900.0,DraftKings,1.5,110.0,BetRivers,0.5,180.0,BetRivers,,,,,,,,,,0.5,180.0,BetRivers,,,,,,,,,,,,,,,,0.5,380.0,theScore Bet,,,,,,,,,,0.5,380.0,theScore Bet,0.5,360.0,Fanatics,,,,,,,,,,0.5,360.0,Fanatics,The Odds API,"[""Bally Bet"", ""BetMGM"", ""BetRivers"", ""Bovada"", ""Caesars"", ""Courtside"", ""DraftKings"", ""FanDuel"", ""Fanatics"", ""Fliff"", ""Hard Rock Bet"", ""theScore Bet""]",The Odds API,"[""Bally Bet"", ""BetMGM"", ""BetRivers"", ""Bovada"", ""Caesars"", ""Courtside"", ""DraftKings"", ""FanDuel"", ""Fanatics"", ""fanduel""]",The Odds API,"[""Bally Bet"", ""BetRivers""]",The Odds API,"[""Bally Bet"", ""BetOnline.ag"", ""BetRivers"", ""Bovada"", ""Caesars"", ""Courtside"", ""DraftKings"", ""Fanatics"", ""Fliff"", ""Hard Rock Bet"", ""theScore Bet""]",,,0.5,850.0,Hard Rock Bet,,,,,,,,,,0.5,850.0,Hard Rock Bet,The Odds API,"[""Hard Rock Bet"", ""theScore Bet""]",ALTLINE_NB_v1_2026-01-18,1.5,110.0,BetRivers,exp/fallback,0.3,0.0422318805185903,4.2,0.4761904761904761,-91.131305091096,-91.1,0.0422318805185903,4.2,-91.131305091096,-91.1,0.0057840451049215,0.6,-97.62854150698216,-97.6,0.0006983006285956,0.1,-99.30169937140434,-99.3,7.736670997449124e-05,0.0,-99.84526658005102,-99.8,0.5,180.0,BetRivers,exp/fallback,0.563,0.4018335842658146,40.2,0.3571428571428571,12.513403594428096,12.5,0.4018335842658146,40.2,12.513403594428096,12.5,,,,,,,,,,,,,,,,exp/fallback,0.244,,,,,,,,,,,,,,,,,,,,,,0.5,380.0,theScore Bet,exp/fallback,0.2307,0.1980172152773237,19.8,0.2083333333333333,-4.95173666688461,-5.0,0.1980172152773237,19.8,-4.95173666688461,-5.0,,,,,,,,,,,,,0.5,360.0,Fanatics,exp/fallback,0.2342625,0.1959171785982543,19.6,0.217391304347826,-9.878097844803014,-9.9,0.1959171785982543,19.6,-9.878097844803014,-9.9,,,,,,,,,,,,,False,True,False,False,False,,,Active roster,2026-10-01T17:24:42+00:00,False,[],2025-2026,,2026-09-24-frozen-v2,2026-10-01T17:24:46.238031+00:00,2026020010,8482157.0,PLAYER_ID,FINAL,0.0,L,OK,0.0,,NO_LINE,3.0,W,OK,0.0,L,OK,0.0,L,OK,0.0,L,OK
2026-10-01,TBL@NYR,2026020010,6:00 PM,2026-10-01T23:00:00Z,Anthony Cirelli,8478519,TBL,False,"{""season"":""2026-27"",""games"":[]}",2026-27,TBL,C,,Healthy,Unknown,,,2.0,0.0,,33.0,21.0,2026-10-01T17:24:18+00:00,NYR,Igor Shesterkin,0.911578947368421,2.4998208902580834,20.0,Confirmed,dailyfaceoff_name_and_stats,24.2,5.0,24.2,5.0,0.0,90.7,84.1,A1+A2,17.32,69.5,84.2,1.14,NONE,False,False,26.54657780314604,2.674450618631121,52.6,96.8,10.0,2.5,True,0.0,0.4,0.8,0.2799999999999999,5.7,2.0,0.0,5.0,0.0,0.0,2.0,2.0,2.0,2.0,2.0,5.0,5.0,LOW,0.2,-0.3,LOW,0.1,,LOW,0.05,,LOW,0.2,,LOW,0.1,,LOW,0.05,,LOW,0.5,,LOW,0.25,,LOW,0.125,,2.221557334131199,0.5385593537287755,,,2.0,2.398134962935236,2.2409738553050214,50.0,30.6,72.4,24.9,8.31,4.03,3.08,6.31,3.66,-2.2,HOT,HOT,COOL,5.1,2.64,HOT,Yellow,Red,Red,Yellow,80.0,57.0,65.0,74.0,POINTS,80.0,5.0,5.0,7.0,2.0,0.0,7.0,B,Shooter,6.7,,49.1,,1.0,1.1598591549295774,82.35,1.1598591549295774,0.0669838945827232,6.7,6.7,2.018214936247724,1.3989071038251368,0.7285974499089254,7.112262228260869,7.578865779615037,49.1,58.7,False,,,,🅿️ D:5,,False,False,1.0,,False,0.0,,False,0.0,,1.5,100.0,theScore Bet,2.5,300.0,theScore Bet,3.5,750.0,Fanatics,4.5,2200.0,Fanatics,1.5,100.0,theScore Bet,0.5,155.0,Hard Rock Bet,1.5,700.0,Fanatics,2.5,3500.0,Fanatics,3.5,3300.0,BetOnline.ag,0.5,155.0,Hard Rock Bet,0.5,300.0,Hard Rock Bet,1.5,1700.0,Fanatics,2.5,3300.0,Bovada,,,,0.5,300.0,Hard Rock Bet,0.5,340.0,theScore Bet,,,,,,,,,,0.5,340.0,theScore Bet,0.5,330.0,DraftKings,,,,,,,,,,0.5,330.0,DraftKings,The Odds API,"[""Bally Bet"", ""BetMGM"", ""BetRivers"", ""Bovada"", ""Caesars"", ""Courtside"", ""DraftKings"", ""FanDuel"", ""Fanatics"", ""Fliff"", ""Hard Rock Bet"", ""theScore Bet""]",The Odds API,"[""Bally Bet"", ""BetMGM"", ""BetRivers"", ""Bovada"", ""Caesars"", ""Courtside"", ""DraftKings"", ""FanDuel"", ""Fanatics"", ""betmgm""]",The Odds API,"[""Bally Bet"", ""BetOnline.ag"", ""BetRivers"", ""Courtside"", ""DraftKings"", ""Fanatics"", ""Fliff"", ""Hard Rock Bet"", ""draftkings"", ""theScore Bet""]",The Odds API,"[""Bally Bet"", ""BetOnline.ag"", ""BetRivers"", ""Bovada"", ""Caesars"", ""Courtside"", ""DraftKings"", ""FanDuel"", ""Fanatics"", ""Fliff"", ""Hard Rock Bet"", ""theScore Bet""]",The Odds API,"[""Bally Bet"", ""BetOnline.ag"", ""BetRivers"", ""Bovada"", ""Courtside"", ""DraftKings"", ""Fanatics"", ""Fliff"", ""Hard Rock Bet"", ""draftkings"", ""theScore Bet""]",,,,,,,,,,,,,,,,,,ALTLINE_NB_v1_2026-01-18,1.5,100.0,theScore Bet,exp/fallback,0.308,0.0441906889275148,4.4,0.5,-91.16186221449702,-91.2,0.0441906889275148,4.4,-91.16186221449702,-91.2,0.0061991198521063,0.6,-97.52035205915747,-97.5,0.0007667135033477,0.1,-99.34829352215438,-99.3,8.703220762340536e-05,0.0,-99.79982592246616,-99.8,0.5,155.0,Hard Rock Bet,exp/fallback,0.8310000000000001,0.5178168167499927,51.8,0.392156862745098,32.04328827124814,32.0,0.5178168167499927,51.8,32.04328827124814,32.0,0.207405672712532,20.7,65.92453817002567,65.9,0.0725198447935542,7.3,161.07144125679525,161.1,0.0233137121158251,2.3,-20.73337880619461,-20.7,0.5,300.0,Hard Rock Bet,exp/fallback,0.51,0.3650894430247138,36.5,0.25,46.03577720988552,46.0,0.3650894430247138,36.5,46.03577720988552,46.0,0.1070779816243983,10.7,92.74036692391694,92.7,0.0284410222733061,2.8,-3.300524270759131,-3.3,,,,,0.5,340.0,theScore Bet,exp/fallback,0.2559,0.2162250397802503,21.6,0.2272727272727272,-4.860982496689859,-4.9,0.2162250397802503,21.6,-4.860982496689859,-4.9,,,,,,,,,,,,,0.5,330.0,DraftKings,exp/fallback,0.2752124999999999,0.2236775158707057,22.4,0.2325581395348837,-3.81866817559654,-3.8,0.2236775158707057,22.4,-3.81866817559654,-3.8,,,,,,,,,,,,,False,True,False,False,True,0.0,,Active roster,2026-10-01T17:24:42+00:00,False,[],2025-2026,,2026-09-24-frozen-v2,2026-10-01T17:24:46.238031+00:00,2026020010,8478519.0,PLAYER_ID,FINAL,0.0,L,OK,0.0,L,OK,3.0,W,OK,0.0,L,OK,0.0,L,OK,0.0,,NO_LINE
2026-10-01,TBL@NYR,2026020010,6:00 PM,2026-10-01T23:00:00Z,Brandon Hagel,8479542,TBL,False,"{""season"":""2026-27"",""games"":[]}",2026-27,TBL,L,⭐ STAR,Healthy,Unknown,,,2.0,1.0,🟢 ROLE+,33.0,21.0,2026-10-01T17:24:18+00:00,NYR,Igor Shesterkin,0.911578947368421,2.4998208902580834,20.0,Confirmed,dailyfaceoff_name_and_stats,24.2,5.0,24.2,5.0,12.5,98.5,92.1,A1+A2,19.76,86.8,93.9,1.21,STAR,False,True,26.54657780314604,2.674450618631121,52.6,96.8,10.0,2.5,True,3.0,2.8,3.2,3.0700000000000003,88.6,8.0,6.0,20.0,3.0,1.0,2.0,8.0,8.0,2.0,2.0,20.0,20.0,GOOD,0.8,0.3,LOW,0.4,,LOW,0.2,,LOW,0.2,,LOW,0.1,,LOW,0.05,,LOW,2.0,,LOW,1.0,,LOW,0.5,,2.913968547641073,1.0704374256640676,,,2.0,2.398134962935236,2.2409738553050214,50.0,30.6,74.9,24.9,13.5,6.37,33.77,4.27,-0.21,10.7,HOT,COOL,HOT,7.13,4.48,HOT,Green,Yellow,Green,Green,80.0,81.0,85.0,80.0,GOAL,85.0,1.0,1.0,3.0,0.0,2.0,3.0,B,Hybrid,10.6,,49.1,,1.0,2.0863849765258213,148.13333333333333,2.0863849765258213,0.1055857825084938,10.6,10.6,2.8130063006300627,1.2637263726372638,1.8226822682268229,7.112262228260869,7.578865779615037,49.1,68.4,False,,,,🥅 D:3,,False,False,2.0,,False,0.0,,False,0.0,,1.5,-390.0,DraftKings,2.5,-136.0,BetRivers,3.5,180.0,Fanatics,4.5,390.0,Fanatics,2.5,-136.0,BetRivers,0.5,-145.0,DraftKings,1.5,330.0,DraftKings,2.5,1300.0,DraftKings,3.5,4500.0,Fanatics,0.5,-145.0,DraftKings,0.5,150.0,DraftKings,1.5,900.0,DraftKings,2.5,4000.0,Fanatics,,,,0.5,150.0,DraftKings,0.5,195.0,DraftKings,,,,,,,,,,0.5,195.0,DraftKings,0.5,195.0,DraftKings,,,,,,,,,,0.5,195.0,DraftKings,The Odds API,"[""Bally Bet"", ""BetMGM"", ""BetRivers"", ""Bovada"", ""Caesars"", ""Courtside"", ""DraftKings"", ""FanDuel"", ""Fanatics"", ""Fliff"", ""Hard Rock Bet"", ""fanduel"", ""theScore Bet""]",The Odds API,"[""Bally Bet"", ""BetMGM"", ""BetRivers"", ""Bovada"", ""Caesars"", ""Courtside"", ""DraftKings"", ""FanDuel"", ""Fanatics"", ""betrivers""]",The Odds API,"[""Bally Bet"", ""BetOnline.ag"", ""BetRivers"", ""Bovada"", ""Caesars"", ""Courtside"", ""DraftKings"", ""FanDuel"", ""Fanatics"", ""Fliff"", ""Hard Rock Bet"", ""draftkings"", ""theScore Bet""]",The Odds API,"[""Bally Bet"", ""BetOnline.ag"", ""BetRivers"", ""Bovada"", ""Caesars"", ""Courtside"", ""DraftKings"", ""FanDuel"", ""Fanatics"", ""Fliff"", ""Hard Rock Bet"", ""caesars"", ""theScore Bet""]",The Odds API,"[""Bally Bet"", ""BetOnline.ag"", ""BetRivers"", ""Bovada"", ""Courtside"", ""DraftKings"", ""FanDuel"", ""Fanatics"", ""Fliff"", ""Hard Rock Bet"", ""draftkings"", ""theScore Bet""]",0.5,230.0,BetRivers,1.5,800.0,Bovada,,,,,,,0.5,230.0,BetRivers,The Odds API,"[""Bally Bet"", ""BetRivers"", ""Bovada"", ""FanDuel"", ""Fliff"", ""Hard Rock Bet"", ""theScore Bet""]",ALTLINE_NB_v1_2026-01-18,2.5,-136.0,BetRivers,exp/fallback,3.377,0.5741328199764835,57.4,0.576271186440678,-0.3710694746690446,-0.4,0.755276583181469,75.5,-5.106275446430825,-5.1,0.5741328199764835,57.4,-0.3710694746690446,-0.4,0.4082869508309674,40.8,14.32034623267089,14.3,0.2754270314622926,27.5,34.9592454165234,35.0,0.5,-145.0,DraftKings,exp/fallback,1.35,0.6689893324374918,66.9,0.5918367346938775,13.03612858426586,13.0,0.6689893324374918,66.9,13.03612858426586,13.0,0.3655160548759393,36.6,57.17190359665389,57.2,0.1777129824291041,17.8,148.7981754007458,148.8,0.0801446629575735,8.0,268.6654496048381,268.7,0.5,150.0,DraftKings,exp/fallback,0.713,0.4565489855196118,45.7,0.4,14.137246379902969,14.1,0.4565489855196118,45.7,14.137246379902969,14.1,0.1709016775030126,17.1,70.90167750301265,70.9,0.0582957814750905,5.8,139.01270404787113,139.0,,,,,0.5,195.0,DraftKings,exp/fallback,0.4348,0.3302638431885546,33.0,0.3389830508474576,-2.572166259376385,-2.6,0.3302638431885546,33.0,-2.572166259376385,-2.6,,,,,,,,,,,,,0.5,195.0,DraftKings,exp/fallback,0.51905,0.3606177730367379,36.1,0.3389830508474576,6.382243045837688,6.4,0.3606177730367379,36.1,6.382243045837688,6.4,,,,,,,,,,,,,False,True,False,False,True,12.5,,Active roster,2026-10-01T17:24:42+00:00,False,"[{""market"":""Points"",""name"":""Hammer Fists"",""kind"":""FLOOR"",""rule"":""Conf_Points >= 80"",""icon"":""PTS05_HAMMER_FISTS.svg"",""kit_version"":""2026-09-24-frozen-v2""},{""market"":""Points"",""name"":""Echo Stomp I"",""kind"":""TIER"",""rule"":""Conf_Points >= 80 + L10_S >= 17"",""icon"":""PTS05_HAMMER_STOMP.svg"",""kit_version"":""2026-09-24-frozen-v2""},{""market"":""Points"",""name"":""Echo Stomp II"",""kind"":""TIER"",""rule"":""Conf_Points >= 80 + TOI_per_game >= 19.18"",""icon"":""PTS05_HAMMER_STOMP.svg"",""kit_version"":""2026-09-24-frozen-v2""},{""market"":""Points"",""name"":""Hammer Fists II"",""kind"":""HEAVY"",""rule"":""Conf_Points >= 80 + TOI_per_game >= 19.18 + L10_S >= 17"",""icon"":""PTS05_HAMMER_FISTS.svg"",""kit_version"":""2026-09-24-frozen-v2""},{""market"":""Assists"",""name"":""Staff (Green Stance)"",""kind"":""STANCE"",""rule"":""Green + Assists 0.5"",""icon"":""staff.svg"",""kit_version"":""2026-09-24-frozen-v2""}]",2025-2026,,2026-09-24-frozen-v2,2026-10-01T17:24:46.238031+00:00,2026020010,8479542.0,PLAYER_ID,FINAL,0.0,L,OK,0.0,L,OK,3.0,W,OK,0.0,L,OK,0.0,L,OK,0.0,L,OK
2026-10-01,TBL@NYR,2026020010,6:00 PM,2026-10-01T23:00:00Z,Brayden Point,8478010,TBL,False,"{""season"":""2026-27"",""games"":[]}",2026-27,TBL,C,,Healthy,Unknown,,,2.0,1.0,🟢 ROLE+,33.0,21.0,2026-10-01T17:24:18+00:00,NYR,Igor Shesterkin,0.911578947368421,2.4998208902580834,20.0,Confirmed,dailyfaceoff_name_and_stats,24.2,5.0,24.2,5.0,4.2,87.7,87.4,A1+A2,18.26,77.4,85.5,1.14,NONE,False,False,26.54657780314604,2.674450618631121,52.6,96.8,10.0,2.5,True,1.0,1.6,1.6,1.21,30.5,1.0,1.0,12.0,1.0,0.0,0.0,1.0,1.0,0.0,0.0,12.0,12.0,LOW,0.1,-0.4,LOW,0.05,,LOW,0.025,,LOW,0.0,,LOW,0.0,,LOW,0.0,,LOW,1.2,,LOW,0.6,,LOW,0.3,,2.6440913835092195,1.1828829873593878,,,0.0,2.398134962935236,2.2409738553050214,50.0,30.6,74.6,24.9,10.46,4.08,13.31,8.51,2.71,0.1,HOT,HOT,COOL,6.38,5.8,HOT,Yellow,Red,Yellow,Yellow,81.0,65.0,68.0,80.0,POINTS,81.0,4.0,7.0,4.0,3.0,1.0,4.0,A,Shooter,19.7,,49.1,,2.0,3.6,226.8,3.6,0.1971745272766789,19.7,19.7,3.2566137566137567,2.357142857142857,1.058201058201058,7.112262228260869,7.578865779615037,49.1,75.7,False,,,,🅿️ D:4,,False,False,1.0,,False,0.0,,False,0.0,,1.5,-240.0,theScore Bet,2.5,150.0,BetRivers,3.5,330.0,Bovada,4.5,700.0,Fanatics,2.5,150.0,BetRivers,0.5,-125.0,theScore Bet,1.5,400.0,theScore Bet,2.5,1500.0,DraftKings,3.5,3200.0,BetOnline.ag,0.5,-125.0,theScore Bet,0.5,170.0,Hard Rock Bet,1.5,950.0,DraftKings,2.5,4500.0,Fanatics,,,,0.5,170.0,Hard Rock Bet,0.5,230.0,theScore Bet,,,,,,,,,,0.5,230.0,theScore Bet,0.5,225.0,BetRivers,,,,,,,,,,0.5,225.0,BetRivers,The Odds API,"[""Bally Bet"", ""BetMGM"", ""BetRivers"", ""Bovada"", ""Caesars"", ""Courtside"", ""DraftKings"", ""FanDuel"", ""Fanatics"", ""Fliff"", ""Hard Rock Bet"", ""fanduel"", ""theScore Bet""]",The Odds API,"[""Bally Bet"", ""BetMGM"", ""BetRivers"", ""Bovada"", ""Caesars"", ""Courtside"", ""DraftKings"", ""FanDuel"", ""Fanatics"", ""betrivers""]",The Odds API,"[""Bally Bet"", ""BetOnline.ag"", ""BetRivers"", ""Bovada"", ""Caesars"", ""Courtside"", ""DraftKings"", ""FanDuel"", ""Fanatics"", ""Fliff"", ""Hard Rock Bet"", ""draftkings"", ""theScore Bet""]",The Odds API,"[""Bally Bet"", ""BetOnline.ag"", ""BetRivers"", ""Bovada"", ""Caesars"", ""Courtside"", ""DraftKings"", ""FanDuel"", ""Fanatics"", ""Fliff"", ""Hard Rock Bet"", ""caesars"", ""theScore Bet""]",The Odds API,"[""Bally Bet"", ""BetOnline.ag"", ""BetRivers"", ""Bovada"", ""Courtside"", ""DraftKings"", ""FanDuel"", ""Fanatics"", ""Fliff"", ""Hard Rock Bet"", ""draftkings"", ""theScore Bet""]",0.5,330.0,BetRivers,,,,,,,,,,0.5,330.0,BetRivers,The Odds API,"[""Bally Bet"", ""BetRivers"", ""Bovada"", ""FanDuel"", ""Fliff"", ""Hard Rock Bet"", ""theScore Bet""]",ALTLINE_NB_v1_2026-01-18,2.5,150.0,BetRivers,exp/fallback,1.331,0.1689146036978379,16.9,0.4,-57.77134907554051,-57.8,0.3664950586503419,36.6,-48.07986669120156,-48.1,0.1689146036978379,16.9,-57.77134907554051,-57.8,0.0702540951471784,7.0,-69.79073908671329,-69.8,0.0271468001665698,2.7,-78.28255986674408,-78.3,0.5,-125.0,theScore Bet,exp/fallback,1.046,0.589883570604266,59.0,0.5555555555555556,6.179042708767879,6.2,0.589883570604266,59.0,6.179042708767879,6.2,0.275864256390125,27.6,37.93212819506251,37.9,0.1135676918627154,11.4,81.70830698034469,81.7,0.0431492864159106,4.3,42.39264517250514,42.4,0.5,170.0,Hard Rock Bet,exp/fallback,0.638,0.4252084050625343,42.5,0.3703703703703703,14.806269366884262,14.8,0.4252084050625343,42.5,14.806269366884262,14.8,0.1471818413247761,14.7,54.54093339101499,54.5,0.0463208020916319,4.6,113.07568962150684,113.1,,,,,0.5,230.0,theScore Bet,exp/fallback,0.2574,0.2172905206877463,21.7,0.303030303030303,-28.29412817304371,-28.3,0.2172905206877463,21.7,-28.29412817304371,-28.3,,,,,,,,,,,,,0.5,225.0,BetRivers,exp/fallback,0.27765,0.225279926886824,22.5,0.3076923076923077,-26.784023761782173,-26.8,0.225279926886824,22.5,-26.784023761782173,-26.8,,,,,,,,,,,,,False,False,False,False,True,4.2,,Active roster,2026-10-01T17:24:42+00:00,False,[],2025-2026,,2026-09-24-frozen-v2,2026-10-01T17:24:46.238031+00:00,2026020010,8478010.0,PLAYER_ID,FINAL,1.0,W,OK,1.0,W,OK,1.0,L,OK,0.0,L,OK,0.0,L,OK,0.0,L,OK
2026-10-01,TBL@NYR,2026020010,6:00 PM,2026-10-01T23:00:00Z,Charle-Edouard D'Astous,8480426,TBL,False,"{""season"":""2026-27"",""games"":[]}",2026-27,TBL,D,,Healthy,Unknown,,,2.0,1.0,🟢 ROLE+,33.0,21.0,2026-10-01T17:24:18+00:00,NYR,Igor Shesterkin,0.911578947368421,2.4998208902580834,20.0,Confirmed,dailyfaceoff_name_and_stats,24.2,5.0,24.2,5.0,4.2,46.6,76.4,A1+A2,18.75,80.2,63.8,1.06,NONE,False,False,26.54657780314604,2.674450618631121,52.6,96.8,10.0,2.5,True,1.0,,1.6666666666666667,1.2333333333333334,32.5,1.0,0.0,5.0,0.0,1.0,1.0,1.0,1.0,1.0,1.0,5.0,5.0,LOW,0.1,-0.4,LOW,0.05,,LOW,0.025,,LOW,0.1,,LOW,0.05,,LOW,0.025,,LOW,0.5,,LOW,0.25,,LOW,0.125,,1.3977164878778292,0.4141382186304679,,,1.0,2.398134962935236,2.2409738553050214,50.0,30.6,60.0,24.9,4.19,0.72,12.33,3.19,0.72,7.33,HOT,COOL,HOT,3.47,2.47,WARM,Yellow,Red,Red,Yellow,67.0,41.0,41.0,62.0,POINTS,67.0,0.0,0.0,3.0,1.0,1.0,0.0,B,Distributor,5.2,,49.1,,1.0,0.9752380952380952,68.26666666666667,0.9752380952380952,0.0520067547835802,5.2,5.2,1.26123046875,0.140625,1.318359375,7.112262228260869,7.578865779615037,49.1,59.3,False,,,,🅿️ D:0,,False,False,1.0,,False,0.0,,False,0.0,,1.5,128.0,BetRivers,,,,,,,,,,1.5,128.0,BetRivers,0.5,188.0,BetRivers,,,,,,,,,,0.5,188.0,BetRivers,0.5,235.0,BetRivers,,,,,,,,,,0.5,235.0,BetRivers,0.5,850.0,Courtside,,,,,,,,,,0.5,850.0,Courtside,0.5,850.0,Courtside,,,,,,,,,,0.5,850.0,Courtside,The Odds API,"[""Bally Bet"", ""BetMGM"", ""BetRivers"", ""Bovada"", ""Caesars"", ""Courtside"", ""DraftKings"", ""FanDuel"", ""Fanatics"", ""Fliff"", ""Hard Rock Bet"", ""theScore Bet""]",The Odds API,"[""Bally Bet"", ""BetMGM"", ""BetRivers"", ""Bovada"", ""Caesars"", ""Courtside"", ""DraftKings"", ""FanDuel"", ""Fanatics"", ""fanduel""]",The Odds API,"[""Bally Bet"", ""BetRivers""]",The Odds API,"[""Bally Bet"", ""BetRivers""]",The Odds API,"[""Bally Bet"", ""BetRivers""]",,,,,,,,,,,,,,,,,,ALTLINE_NB_v1_2026-01-18,1.5,128.0,BetRivers,exp/fallback,1.233,0.3368776364316115,33.7,0.4385964912280701,-23.191898893592576,-23.2,0.3368776364316115,33.7,-23.191898893592576,-23.2,,,,,,,,,,,,,0.5,188.0,BetRivers,exp/fallback,0.419,0.3236095005368353,32.4,0.3472222222222222,-6.800463845391425,-6.8,0.3236095005368353,32.4,-6.800463845391425,-6.8,,,,,,,,,,,,,0.5,235.0,BetRivers,exp/fallback,0.347,0.2738375091609936,27.4,0.2985074626865671,-8.264434431067148,-8.3,0.2738375091609936,27.4,-8.264434431067148,-8.3,,,,,,,,,,,,,0.5,850.0,Courtside,exp/fallback,0.1566,0.1409180368446646,14.1,0.1052631578947368,33.87213500243141,33.9,0.1409180368446646,14.1,33.87213500243141,33.9,,,,,,,,,,,,,0.5,850.0,Courtside,exp/fallback,0.1138499999999999,0.104017452429588,10.4,0.1052631578947368,-1.18342019189136,-1.2,0.104017452429588,10.4,-1.18342019189136,-1.2,,,,,,,,,,,,,False,False,True,False,False,4.2,,Active roster,2026-10-01T17:24:42+00:00,False,[],2025-2026,,2026-09-24-frozen-v2,2026-10-01T17:24:46.238031+00:00,2026020010,8480426.0,PLAYER_ID,FINAL,0.0,L,OK,0.0,L,OK,0.0,L,OK,0.0,L,OK,0.0,L,OK,0.0,,NO_LINE
2026-10-01,TBL@NYR,2026020010,6:00 PM,2026-10-01T23:00:00Z,Conor Geekie,8483447,TBL,False,,2026-27,TBL,C,,Healthy,Unknown,,,2.0,0.0,,33.0,21.0,2026-10-01T17:24:18+00:00,NYR,Igor Shesterkin,0.911578947368421,2.4998208902580834,20.0,Confirmed,dailyfaceoff_name_and_stats,24.2,5.0,24.2,5.0,,26.8,24.0,A1+A2,9.89,13.8,23.2,0.94,NONE,False,False,26.54657780314604,2.674450618631121,52.6,96.8,10.0,2.5,True,,,,,50.0,,,,,,,,,,,,,,,,,,,,,,,,,,,,,,,,,,,,,,,,0.0225225225225225,0.0075075075075075,,,0.0,2.398134962935236,2.2409738553050214,50.0,30.6,32.9,24.9,2.43,1.09,,,,,COOL,COOL,COOL,1.34,,COOL,Red,Red,Red,Red,26.0,26.0,26.0,20.0,POINTS,26.0,,,,,,,C,Passenger,3.0,,49.1,,0.0,0.2964285714285714,4.15,0.2964285714285714,0.0299638989169675,3.0,3.0,10.120481927710845,10.120481927710845,0.0,7.112262228260869,7.578865779615037,49.1,44.0,False,,,,,,False,False,0.0,,False,0.0,,False,0.0,,1.5,123.0,BetRivers,,,,,,,,,,1.5,123.0,BetRivers,0.5,200.0,BetRivers,,,,,,,,,,0.5,200.0,BetRivers,,,,,,,,,,,,,,,,0.5,650.0,theScore Bet,,,,,,,,,,0.5,650.0,theScore Bet,0.5,550.0,DraftKings,,,,,,,,,,0.5,550.0,DraftKings,The Odds API,"[""Bally Bet"", ""BetMGM"", ""BetRivers"", ""Bovada"", ""Caesars"", ""Courtside"", ""DraftKings"", ""FanDuel"", ""Fanatics"", ""Fliff"", ""Hard Rock Bet"", ""theScore Bet""]",The Odds API,"[""Bally Bet"", ""BetMGM"", ""BetRivers"", ""Bovada"", ""Caesars"", ""Courtside"", ""DraftKings"", ""FanDuel"", ""Fanatics"", ""fanatics""]",The Odds API,"[""Bally Bet"", ""BetRivers""]",The Odds API,"[""Bally Bet"", ""BetRivers""]",,,,,,,,,,,,,,,,,,,,ALTLINE_NB_v1_2026-01-18,1.5,123.0,BetRivers,league_avg,2.3,0.6001759479749428,60.0,0.4484304932735426,33.83923639841224,33.8,0.6001759479749428,60.0,33.83923639841224,33.8,,,,,,,,,,,,,0.5,200.0,BetRivers,exp/fallback,0.243,0.2080185741536998,20.8,0.3333333333333333,-37.594427753890045,-37.6,0.2080185741536998,20.8,-37.594427753890045,-37.6,,,,,,,,,,,,,,,,exp/fallback,0.134,,,,,,,,,,,,,,,,,,,,,,0.5,650.0,theScore Bet,exp/fallback,0.2236,0.1927803823304223,19.3,0.1333333333333333,44.58528674781679,44.6,0.1927803823304223,19.3,44.58528674781679,44.6,,,,,,,,,,,,,0.5,550.0,DraftKings,exp/fallback,0.17585,0.1533819353786762,15.3,0.1538461538461538,-0.3017420038604168,-0.3,0.1533819353786762,15.3,-0.3017420038604168,-0.3,,,,,,,,,,,,,True,False,True,False,False,,,Active roster,2026-10-01T17:24:42+00:00,False,[],2025-2026,,2026-09-24-frozen-v2,2026-10-01T17:24:46.238031+00:00,2026020010,8483447.0,PLAYER_ID,FINAL,0.0,L,OK,0.0,,NO_LINE,0.0,L,OK,0.0,L,OK,0.0,L,OK,0.0,,NO_LINE
2026-10-01,TBL@NYR,2026020010,6:00 PM,2026-10-01T23:00:00Z,Emil Lilleberg,8482929,TBL,False,,2026-27,TBL,D,,Healthy,Unknown,,,2.0,0.0,,33.0,21.0,2026-10-01T17:24:18+00:00,NYR,Igor Shesterkin,0.911578947368421,2.4998208902580834,20.0,Confirmed,dailyfaceoff_name_and_stats,24.2,5.0,24.2,5.0,,32.5,43.8,A1+A2,17.31,69.4,43.8,0.98,NONE,False,False,26.54657780314604,2.674450618631121,52.6,96.8,10.0,2.5,True,,,,,50.0,,,,,,,,,,,,,,,,,,,,,,,,,,,,,,,,,,,,,,,,0.945047252362618,0.2362618130906545,,,0.0,2.398134962935236,2.2409738553050214,50.0,30.6,49.7,24.9,2.06,0.5,,,,,COOL,COOL,COOL,1.56,,COOL,Red,Red,Red,Red,43.0,34.0,32.0,38.0,POINTS,43.0,,,,,,,C,Passenger,0.2,,49.1,,0.0,0.0356666666666666,1.7833333333333334,0.0356666666666666,0.002060704106001,0.2,0.2,0.0,0.0,0.0,7.112262228260869,7.578865779615037,49.1,30.9,False,,,,,,False,False,0.0,,False,0.0,,False,0.0,,,,,,,,,,,,,,,,,,,,,,,,,,,,,,,,,,,,,,,,,,,,,,,,,,,,,,,,,,,,,,,,,,,,,,,,,,,,,,,,,,,,,,,,,,,,,,,,,,,,,,,,ALTLINE_NB_v1_2026-01-18,,,,league_avg,2.3,,,,,,,,,,,,,,,,,,,,,,,,,exp/fallback,0.206,,,,,,,,,,,,,,,,,,,,,,,,,exp/fallback,0.156,,,,,,,,,,,,,,,,,,,,,,,,,exp/fallback,0.2,,,,,,,,,,,,,,,,,,,,,,,,,exp/fallback,0.1375,,,,,,,,,,,,,,,,,,,,,,False,False,False,False,False,,,Active roster,2026-10-01T17:24:42+00:00,False,[],2025-2026,,2026-09-24-frozen-v2,2026-10-01T17:24:46.238031+00:00,2026020010,,,NO_PLAYER,,,NO_PLAYER,,,NO_PLAYER,,,NO_PLAYER,,,NO_PLAYER,,,NO_PLAYER,,,NO_PLAYER
2026-10-01,TBL@NYR,2026020010,6:00 PM,2026-10-01T23:00:00Z,Erik Cernak,8478416,TBL,False,,2026-27,TBL,D,,Healthy,Unknown,,,2.0,1.0,🟢 ROLE+,33.0,21.0,2026-10-01T17:24:18+00:00,NYR,Igor Shesterkin,0.911578947368421,2.4998208902580834,20.0,Confirmed,dailyfaceoff_name_and_stats,24.2,5.0,24.2,5.0,,32.9,43.8,A1+A2,17.62,72.5,44.6,0.98,NONE,False,False,26.54657780314604,2.674450618631121,52.6,96.8,10.0,2.5,True,,,,,50.0,,,,,,,,,,,,,,,,,,,,,,,,,,,,,,,,,,,,,,,,0.6830730698442213,0.2049219209532664,,,0.0,2.398134962935236,2.2409738553050214,50.0,30.6,41.8,24.9,1.7,0.42,,,,,COOL,COOL,COOL,1.28,,COOL,Red,Red,Red,Red,45.0,36.0,34.0,39.0,POINTS,45.0,,,,,,,C,Passenger,0.3,,49.1,,0.0,0.0502732240437158,3.066666666666667,0.0502732240437158,0.0028539078373892,0.3,0.3,0.0,0.0,0.0,7.112262228260869,7.578865779615037,49.1,33.6,False,,,,,,False,False,0.0,,False,0.0,,False,0.0,,,,,,,,,,,,,,,,,,,,,,,,,,,,,,,,,,,,,,,,,,,,,,,0.5,1600.0,Fanatics,,,,,,,,,,0.5,1600.0,Fanatics,0.5,1600.0,Fanatics,,,,,,,,,,0.5,1600.0,Fanatics,The Odds API,"[""Bally Bet"", ""BetMGM"", ""BetRivers"", ""Bovada"", ""Caesars"", ""Courtside"", ""DraftKings"", ""Fanatics"", ""Fliff"", ""Hard Rock Bet"", ""theScore Bet""]",The Odds API,"[""Bally Bet"", ""BetMGM"", ""BetRivers"", ""Bovada"", ""Caesars"", ""Courtside"", ""DraftKings"", ""Fanatics"", ""fanatics""]",,,,,,,,,,,,,,,,,,,,,,,,ALTLINE_NB_v1_2026-01-18,,,,league_avg,2.3,,,,,,,,,,,,,,,,,,,,,,,,,exp/fallback,0.1699999999999999,,,,,,,,,,,,,,,,,,,,,,,,,exp/fallback,0.128,,,,,,,,,,,,,,,,,,,,,,0.5,1600.0,Fanatics,exp/fallback,0.1968,0.1725758873130006,17.3,0.0588235294117647,193.3790084321012,193.4,0.1725758873130006,17.3,193.3790084321012,193.4,,,,,,,,,,,,,0.5,1600.0,Fanatics,exp/fallback,0.1323,0.1191939924176571,11.9,0.0588235294117647,102.62978711001716,102.6,0.1191939924176571,11.9,102.62978711001716,102.6,,,,,,,,,,,,,False,False,True,True,False,,,Active roster,2026-10-01T17:24:42+00:00,False,[],2025-2026,,2026-09-24-frozen-v2,2026-10-01T17:24:46.238031+00:00,2026020010,8478416.0,PLAYER_ID,FINAL,0.0,,NO_LINE,0.0,,NO_LINE,1.0,,NO_LINE,0.0,L,OK,0.0,L,OK,0.0,,NO_LINE
2026-10-01,TBL@NYR,2026020010,6:00 PM,2026-10-01T23:00:00Z,Gage Goncalves,8482201,TBL,False,"{""season"":""2026-27"",""games"":[]}",2026-27,TBL,C,,Healthy,Unknown,,,2.0,0.0,,33.0,21.0,2026-10-01T17:24:18+00:00,NYR,Igor Shesterkin,0.911578947368421,2.4998208902580834,20.0,Confirmed,dailyfaceoff_name_and_stats,24.2,5.0,24.2,5.0,8.3,64.0,74.9,A1+A2,13.09,36.1,62.3,1.05,NONE,False,False,26.54657780314604,2.674450618631121,52.6,96.8,10.0,2.5,True,2.0,1.4,1.6,1.86,56.9,3.0,1.0,10.0,1.0,2.0,2.0,3.0,3.0,2.0,2.0,10.0,10.0,LOW,0.3,-0.2,LOW,0.15,,LOW,0.075,,LOW,0.2,,LOW,0.1,,LOW,0.05,,LOW,1.0,,LOW,0.5,,LOW,0.25,,2.0179762249927515,0.4175123224122934,,,2.0,2.398134962935236,2.2409738553050214,50.0,30.6,70.4,24.9,4.43,1.31,18.6,1.43,0.31,8.6,COOL,COOL,HOT,3.12,1.12,COOL,Yellow,Red,Red,Yellow,54.0,50.0,51.0,57.0,ASSISTS,57.0,0.0,0.0,1.0,0.0,1.0,0.0,C,Passenger,6.7,,49.1,,0.0,0.8786036036036036,65.01666666666667,0.8786036036036036,0.0671243719457636,6.7,6.7,2.0671622660856195,0.4983337605742118,1.845680594719303,7.112262228260869,7.578865779615037,49.1,63.6,False,,,,🅰️ D:0,,False,False,0.0,,False,0.0,,False,0.0,,1.5,150.0,BetRivers,,,,,,,,,,1.5,150.0,BetRivers,0.5,143.0,BetRivers,1.5,700.0,BetRivers,,,,,,,0.5,143.0,BetRivers,0.5,235.0,BetRivers,,,,,,,,,,0.5,235.0,BetRivers,0.5,650.0,Hard Rock Bet,,,,,,,,,,0.5,650.0,Hard Rock Bet,0.5,500.0,Fanatics,,,,,,,,,,0.5,500.0,Fanatics,The Odds API,"[""Bally Bet"", ""BetMGM"", ""BetRivers"", ""Bovada"", ""Caesars"", ""Courtside"", ""DraftKings"", ""FanDuel"", ""Fanatics"", ""Fliff"", ""Hard Rock Bet"", ""theScore Bet""]",The Odds API,"[""Bally Bet"", ""BetMGM"", ""BetRivers"", ""Bovada"", ""Caesars"", ""Courtside"", ""DraftKings"", ""FanDuel"", ""Fanatics"", ""fanatics""]",The Odds API,"[""Bally Bet"", ""BetRivers""]",The Odds API,"[""Bally Bet"", ""BetRivers""]",The Odds API,"[""Bally Bet"", ""BetRivers""]",,,,,,,,,,,,,,,,,,ALTLINE_NB_v1_2026-01-18,1.5,150.0,BetRivers,exp/fallback,1.86,0.5072762162082494,50.7,0.4,26.81905405206234,26.8,0.5072762162082494,50.7,26.81905405206234,26.8,,,,,,,,,,,,,0.5,143.0,BetRivers,exp/fallback,0.4429999999999999,0.3375690491312284,33.8,0.411522633744856,-17.970721061111494,-18.0,0.3375690491312284,33.8,-17.970721061111494,-18.0,0.0835047997611875,8.4,-33.196160191049984,-33.2,,,,,,,,,0.5,235.0,BetRivers,exp/fallback,0.312,0.2516852049185234,25.2,0.2985074626865671,-15.685456352294649,-15.7,0.2516852049185234,25.2,-15.685456352294649,-15.7,,,,,,,,,,,,,0.5,650.0,Hard Rock Bet,exp/fallback,0.19754,0.173143226327408,17.3,0.1333333333333333,29.85741974555605,29.9,0.173143226327408,17.3,29.85741974555605,29.9,,,,,,,,,,,,,0.5,500.0,Fanatics,exp/fallback,0.1616274999999999,0.1424611401237251,14.2,0.1666666666666666,-14.523315925764924,-14.5,0.1424611401237251,14.2,-14.523315925764924,-14.5,,,,,,,,,,,,,True,False,True,False,False,8.3,,Active roster,2026-10-01T17:24:42+00:00,False,[],2025-2026,,2026-09-24-frozen-v2,2026-10-01T17:24:46.238031+00:00,2026020010,8482201.0,PLAYER_ID,FINAL,0.0,L,OK,0.0,L,OK,0.0,L,OK,0.0,L,OK,0.0,L,OK,0.0,,NO_LINE
2026-10-01,TBL@NYR,2026020010,6:00 PM,2026-10-01T23:00:00Z,Ilya Mikheyev,8481624,CHI,True,"{""season"":""2026-27"",""games"":[]}",2026-27,TBL,R,,Healthy,Unknown,,,2.0,1.0,🟢 ROLE+,33.0,21.0,2026-10-01T17:24:18+00:00,NYR,Igor Shesterkin,0.911578947368421,2.4998208902580834,20.0,Confirmed,dailyfaceoff_name_and_stats,24.2,5.0,24.2,5.0,8.3,81.5,68.0,A1+A2,17.44,70.7,74.6,1.1,NONE,False,False,26.54657780314604,2.674450618631121,52.6,96.8,10.0,2.5,True,2.0,1.5,1.4,1.79,54.1,8.0,4.0,15.0,2.0,1.0,4.0,11.0,23.0,5.0,13.0,32.0,57.0,GOOD,0.8,0.3,LOW,0.55,,LOW,0.575,,LOW,0.4,,LOW,0.25,,LOW,0.325,,LOW,1.5,,LOW,1.6,,LOW,1.425,,1.5824175824175823,0.4910951117847669,,,4.0,2.398134962935236,2.2409738553050214,50.0,30.6,63.3,24.9,5.08,2.48,19.69,-2.92,-1.52,2.9,COOL,COOL,HOT,2.6,-1.4,COOL,Red,Red,Yellow,Red,50.0,64.0,68.0,58.0,GOAL,68.0,1.0,1.0,2.0,0.0,0.0,10.0,,Passenger,0.3,,49.1,,,0.0605263157894736,4.6,0.0605263157894736,0.0034715234453612,0.3,0.3,0.0,0.0,0.0,7.112262228260869,7.578865779615037,49.1,33.6,False,,,,🥅 D:2,,False,False,1.0,,False,0.0,,False,0.0,,1.5,100.0,theScore Bet,2.5,300.0,theScore Bet,3.5,800.0,Fanatics,4.5,2000.0,Courtside,1.5,100.0,theScore Bet,0.5,160.0,Hard Rock Bet,1.5,900.0,Fanatics,2.5,4000.0,Fanatics,3.5,3300.0,BetOnline.ag,0.5,160.0,Hard Rock Bet,0.5,325.0,Hard Rock Bet,1.5,2200.0,Fanatics,2.5,3300.0,Bovada,,,,0.5,325.0,Hard Rock Bet,0.5,400.0,FanDuel,,,,,,,,,,0.5,400.0,FanDuel,0.5,400.0,FanDuel,,,,,,,,,,0.5,400.0,FanDuel,The Odds API,"[""Bally Bet"", ""BetMGM"", ""BetRivers"", ""Bovada"", ""Caesars"", ""Courtside"", ""DraftKings"", ""FanDuel"", ""Fanatics"", ""Fliff"", ""Hard Rock Bet"", ""theScore Bet""]",The Odds API,"[""Bally Bet"", ""BetMGM"", ""BetRivers"", ""Bovada"", ""Caesars"", ""Courtside"", ""DraftKings"", ""FanDuel"", ""Fanatics"", ""fanduel""]",The Odds API,"[""Bally Bet"", ""BetOnline.ag"", ""BetRivers"", ""Caesars"", ""Courtside"", ""DraftKings"", ""Fanatics"", ""Fliff"", ""Hard Rock Bet"", ""draftkings"", ""theScore Bet""]",The Odds API,"[""Bally Bet"", ""BetOnline.ag"", ""BetRivers"", ""Bovada"", ""Caesars"", ""Courtside"", ""DraftKings"", ""Fanatics"", ""Fliff"", ""Hard Rock Bet"", ""theScore Bet""]",The Odds API,"[""Bally Bet"", ""BetOnline.ag"", ""BetRivers"", ""Bovada"", ""Courtside"", ""DraftKings"", ""Fanatics"", ""Fliff"", ""Hard Rock Bet"", ""draftkings"", ""theScore Bet""]",,,,,,,,,,,,,,,,,,ALTLINE_NB_v1_2026-01-18,1.5,100.0,theScore Bet,exp/fallback,1.969,0.5322378996197386,53.2,0.5,6.447579923947711,6.4,0.5322378996197386,53.2,6.447579923947711,6.4,0.3127948024170481,31.3,25.117920966819263,25.1,0.1680189745088232,16.8,51.21707705794088,51.2,0.084443616992528,8.4,77.33159568430881,77.3,0.5,160.0,Hard Rock Bet,exp/fallback,0.508,0.3734749661748485,37.3,0.3846153846153846,-2.8965087945393764,-2.9,0.3734749661748485,37.3,-2.8965087945393764,-2.9,0.1032468143806757,10.3,3.246814380675733,3.2,0.0245736667747817,2.5,0.752033776605332,0.8,0.0053451247833712,0.5,-81.8265757365378,-81.8,0.5,325.0,Hard Rock Bet,exp/fallback,0.26,0.2168533166262042,21.7,0.2352941176470588,-7.837340433863204,-7.8,0.2168533166262042,21.7,-7.837340433863204,-7.8,0.0366602744340032,3.7,-15.681368801792605,-15.7,0.0055650149406587,0.6,-81.07894920176024,-81.1,,,,,0.5,400.0,FanDuel,exp/fallback,0.23732,0.2028572596726764,20.3,0.2,1.4286298363382133,1.4,0.2028572596726764,20.3,1.4286298363382133,1.4,,,,,,,,,,,,,0.5,400.0,FanDuel,exp/fallback,0.22627,0.1903077284634101,19.0,0.2,-4.846135768294923,-4.8,0.1903077284634101,19.0,-4.846135768294923,-4.8,,,,,,,,,,,,,False,False,False,False,False,8.3,,Active roster,2026-10-01T17:24:42+00:00,False,[],2025-2026,,2026-09-24-frozen-v2,2026-10-01T17:24:46.238031+00:00,2026020010,8481624.0,PLAYER_ID,FINAL,1.0,W,OK,1.0,W,OK,0.0,L,OK,0.0,L,OK,0.0,L,OK,0.0,,NO_LINE
2026-10-01,TBL@NYR,2026020010,6:00 PM,2026-10-01T23:00:00Z,J.J. Moser,8482655,TBL,False,"{""season"":""2026-27"",""games"":[]}",2026-27,TBL,D,,Healthy,Unknown,,,2.0,1.0,🟢 ROLE+,33.0,21.0,2026-10-01T17:24:18+00:00,NYR,Igor Shesterkin,0.911578947368421,2.4998208902580834,20.0,Confirmed,dailyfaceoff_name_and_stats,24.2,5.0,24.2,5.0,4.2,56.1,74.9,A1+A2,21.57,93.9,70.2,1.08,NONE,False,False,26.54657780314604,2.674450618631121,52.6,96.8,10.0,2.5,True,1.0,1.0,1.4,1.14,27.2,3.0,1.0,9.0,0.0,2.0,2.0,3.0,3.0,2.0,2.0,9.0,9.0,LOW,0.3,-0.2,LOW,0.15,,LOW,0.075,,LOW,0.2,,LOW,0.1,,LOW,0.05,,LOW,0.9,,LOW,0.45,,LOW,0.225,,1.0054812694201027,0.1675802115700171,,,2.0,2.398134962935236,2.2409738553050214,50.0,30.6,51.0,24.9,3.98,0.97,11.4,0.98,-0.03,2.4,COOL,COOL,WARM,3.31,1.01,COOL,Yellow,Red,Red,Yellow,61.0,51.0,52.0,61.0,ASSISTS,61.0,3.0,3.0,5.0,4.0,0.0,7.0,C,Passenger,0.4,,49.1,,0.0,0.0829113924050632,6.55,0.0829113924050632,0.003843520782396,0.4,0.4,7.786259541984734,0.0,9.160305343511451,7.112262228260869,7.578865779615037,49.1,61.6,False,,,,🅰️ D:3,,False,False,1.0,,False,0.0,,False,0.0,,1.5,112.0,BetRivers,,,,,,,,,,1.5,112.0,BetRivers,0.5,280.0,BetRivers,,,,,,,,,,0.5,280.0,BetRivers,,,,,,,,,,,,,,,,0.5,1200.0,Fanatics,,,,,,,,,,0.5,1200.0,Fanatics,0.5,1200.0,Fanatics,,,,,,,,,,0.5,1200.0,Fanatics,The Odds API,"[""Bally Bet"", ""BetMGM"", ""BetRivers"", ""Bovada"", ""Caesars"", ""Courtside"", ""DraftKings"", ""FanDuel"", ""Fanatics"", ""Fliff"", ""Hard Rock Bet"", ""theScore Bet""]",The Odds API,"[""Bally Bet"", ""BetMGM"", ""BetRivers"", ""Bovada"", ""Caesars"", ""Courtside"", ""DraftKings"", ""FanDuel"", ""Fanatics"", ""fanatics""]",The Odds API,"[""Bally Bet"", ""BetRivers""]",The Odds API,"[""Bally Bet"", ""BetRivers""]",,,,,,,,,,,,,,,,,,,,ALTLINE_NB_v1_2026-01-18,1.5,112.0,BetRivers,exp/fallback,1.14,0.3078565639720687,30.8,0.4716981132075472,-34.734408437921424,-34.7,0.3078565639720687,30.8,-34.734408437921424,-34.7,,,,,,,,,,,,,0.5,280.0,BetRivers,exp/fallback,0.398,0.3110671957454282,31.1,0.2631578947368421,18.2055343832627,18.2,0.3110671957454282,31.1,18.2055343832627,18.2,,,,,,,,,,,,,,,,exp/fallback,0.331,,,,,,,,,,,,,,,,,,,,,,0.5,1200.0,Fanatics,exp/fallback,0.1641,0.1469515163217318,14.7,0.0769230769230769,91.03697121825142,91.0,0.1469515163217318,14.7,91.03697121825142,91.0,,,,,,,,,,,,,0.5,1200.0,Fanatics,exp/fallback,0.1260375,0.114090463916052,11.4,0.0769230769230769,48.31760309086766,48.3,0.114090463916052,11.4,48.31760309086766,48.3,,,,,,,,,,,,,False,True,True,True,False,4.2,,Active roster,2026-10-01T17:24:42+00:00,False,[],2025-2026,,2026-09-24-frozen-v2,2026-10-01T17:24:46.238031+00:00,2026020010,8482655.0,PLAYER_ID,FINAL,0.0,L,OK,0.0,,NO_LINE,0.0,L,OK,0.0,L,OK,0.0,L,OK,0.0,,NO_LINE
2026-10-01,TBL@NYR,2026020010,6:00 PM,2026-10-01T23:00:00Z,Jake Guentzel,8477404,TBL,False,"{""season"":""2026-27"",""games"":[]}",2026-27,TBL,C,⭐ STAR,Healthy,Unknown,,,2.0,1.0,🟢 ROLE+,33.0,21.0,2026-10-01T17:24:18+00:00,NYR,Igor Shesterkin,0.911578947368421,2.4998208902580834,20.0,Confirmed,dailyfaceoff_name_and_stats,24.2,5.0,24.2,5.0,16.7,99.3,97.0,A1+A2,20.25,87.8,96.2,1.22,STAR,False,True,26.54657780314604,2.674450618631121,52.6,96.8,10.0,2.5,True,4.0,3.4,2.6,3.51,94.3,8.0,2.0,21.0,2.0,2.0,6.0,8.0,8.0,6.0,6.0,21.0,21.0,GOOD,0.8,0.3,LOW,0.4,,LOW,0.2,,GOOD,0.6,,LOW,0.3,,LOW,0.15,,LOW,2.1,,LOW,1.05,,LOW,0.525,,2.490616030028704,0.9008611172444247,,,6.0,2.398134962935236,2.2409738553050214,50.0,30.6,74.4,24.9,17.43,7.25,47.39,4.91,3.37,14.1,HOT,HOT,HOT,8.29,1.54,WARM,Green,Green,Green,Green,84.0,83.0,85.0,80.0,GOAL,85.0,2.0,3.0,2.0,0.0,4.0,3.0,A,Distributor,19.2,,49.1,,2.0,3.89156378600823,315.21666666666664,3.89156378600823,0.192215051577824,19.2,19.2,4.327023740284461,1.53608628985354,3.2834558240363774,7.112262228260869,7.578865779615037,49.1,87.0,False,,,,🅿️ PTS D:2 | 🥅 D:2,🥅 GOAL EARNED,False,True,3.0,"iXG,SOG,REG",False,0.0,,False,0.0,,1.5,-300.0,DraftKings,2.5,-103.0,BetRivers,3.5,235.0,Fanatics,4.5,550.0,Fanatics,2.5,-103.0,BetRivers,0.5,-135.0,theScore Bet,1.5,375.0,theScore Bet,2.5,1200.0,Fanatics,3.5,2800.0,BetOnline.ag,0.5,-135.0,theScore Bet,0.5,135.0,Hard Rock Bet,1.5,750.0,Fanatics,2.5,3500.0,Fanatics,,,,0.5,135.0,Hard Rock Bet,0.5,220.0,BetRivers,,,,,,,,,,0.5,220.0,BetRivers,0.5,220.0,BetRivers,,,,,,,,,,0.5,220.0,BetRivers,The Odds API,"[""Bally Bet"", ""BetMGM"", ""BetRivers"", ""Bovada"", ""Caesars"", ""Courtside"", ""DraftKings"", ""FanDuel"", ""Fanatics"", ""Fliff"", ""Hard Rock Bet"", ""fanduel"", ""theScore Bet""]",The Odds API,"[""Bally Bet"", ""BetMGM"", ""BetRivers"", ""Bovada"", ""Caesars"", ""Courtside"", ""DraftKings"", ""FanDuel"", ""Fanatics"", ""betrivers""]",The Odds API,"[""Bally Bet"", ""BetOnline.ag"", ""BetRivers"", ""Bovada"", ""Caesars"", ""Courtside"", ""DraftKings"", ""FanDuel"", ""Fanatics"", ""Fliff"", ""Hard Rock Bet"", ""draftkings"", ""theScore Bet""]",The Odds API,"[""Bally Bet"", ""BetOnline.ag"", ""BetRivers"", ""Bovada"", ""Caesars"", ""Courtside"", ""DraftKings"", ""FanDuel"", ""Fanatics"", ""Fliff"", ""Hard Rock Bet"", ""draftkings"", ""theScore Bet""]",The Odds API,"[""Bally Bet"", ""BetOnline.ag"", ""BetRivers"", ""Bovada"", ""Courtside"", ""DraftKings"", ""FanDuel"", ""Fanatics"", ""Fliff"", ""Hard Rock Bet"", ""draftkings"", ""theScore Bet""]",0.5,200.0,BetRivers,1.5,650.0,Bovada,,,,,,,0.5,200.0,BetRivers,The Odds API,"[""Bally Bet"", ""BetRivers"", ""Bovada"", ""FanDuel"", ""Fliff"", ""Hard Rock Bet"", ""theScore Bet""]",ALTLINE_NB_v1_2026-01-18,2.5,-103.0,BetRivers,exp/fallback,4.739,0.7318229942113517,73.2,0.5073891625615764,44.2330755581596,44.2,0.8608982358126773,86.1,14.786431441690306,14.8,0.7318229942113517,73.2,44.2330755581596,44.2,0.5918327047162877,59.2,98.26395607995636,98.3,0.4589828971462064,45.9,198.33888314503417,198.3,0.5,-135.0,theScore Bet,exp/fallback,1.743,0.7435336501416847,74.4,0.574468085106383,29.429931691330303,29.4,0.7435336501416847,74.4,29.429931691330303,29.4,0.4658895721297946,46.6,121.29754676165246,121.3,0.2630044450325375,26.3,241.90577854229875,241.9,0.1385426953763399,13.9,301.7738165913857,301.8,0.5,135.0,Hard Rock Bet,exp/fallback,0.829,0.5002024804700996,50.0,0.425531914893617,17.547582910473412,17.5,0.5002024804700996,50.0,17.547582910473412,17.5,0.2072847401446931,20.7,76.19202912298914,76.2,0.0785313961734512,7.9,182.71302622442465,182.7,,,,,0.5,220.0,BetRivers,exp/fallback,0.47,0.3499318349941847,35.0,0.3125,11.9781871981391,12.0,0.3499318349941847,35.0,11.9781871981391,12.0,,,,,,,,,,,,,0.5,220.0,BetRivers,exp/fallback,0.57625,0.3870299661874198,38.7,0.3125,23.84958917997434,23.8,0.3870299661874198,38.7,23.84958917997434,23.8,,,,,,,,,,,,,True,True,True,True,True,16.7,,Active roster,2026-10-01T17:24:42+00:00,False,"[{""market"":""Points"",""name"":""Hammer Fists"",""kind"":""FLOOR"",""rule"":""Conf_Points >= 80"",""icon"":""PTS05_HAMMER_FISTS.svg"",""kit_version"":""2026-09-24-frozen-v2""},{""market"":""Points"",""name"":""Echo Stomp I"",""kind"":""TIER"",""rule"":""Conf_Points >= 80 + L10_S >= 17"",""icon"":""PTS05_HAMMER_STOMP.svg"",""kit_version"":""2026-09-24-frozen-v2""},{""market"":""Points"",""name"":""Echo Stomp II"",""kind"":""TIER"",""rule"":""Conf_Points >= 80 + TOI_per_game >= 19.18"",""icon"":""PTS05_HAMMER_STOMP.svg"",""kit_version"":""2026-09-24-frozen-v2""},{""market"":""Points"",""name"":""Gaia’s Blessing"",""kind"":""TIER"",""rule"":""Conf_Points >= 80 + Assists_mu >= 0.746"",""icon"":""PTS05_GAIAS_BLESSING.svg"",""kit_version"":""2026-09-24-frozen-v2""},{""market"":""Points"",""name"":""Gaia’s Blessing+ (Press)"",""kind"":""HEAVY"",""rule"":""Conf_Points >= 81 + Assists_mu >= 0.746"",""icon"":""PTS05_GAIAS_BLESSING.svg"",""kit_version"":""2026-09-24-frozen-v2""},{""market"":""Points"",""name"":""Gaia’s Blessing++ (Smash)"",""kind"":""HEAVY"",""rule"":""Conf_Points >= 83 + Assists_mu >= 0.746"",""icon"":""PTS05_GAIAS_BLESSING.svg"",""kit_version"":""2026-09-24-frozen-v2""},{""market"":""Points"",""name"":""Hammer Fists II"",""kind"":""HEAVY"",""rule"":""Conf_Points >= 80 + TOI_per_game >= 19.18 + L10_S >= 17"",""icon"":""PTS05_HAMMER_FISTS.svg"",""kit_version"":""2026-09-24-frozen-v2""},{""market"":""Points"",""name"":""Enraged Engine"",""kind"":""CRIT"",""rule"":""Conf_Points >= 83 + L10_P >= 8 + L10_S >= 17"",""icon"":""PTS05_ENRAGED_FURY.svg"",""kit_version"":""2026-09-24-frozen-v2""},{""market"":""Assists"",""name"":""Staff (Green Stance)"",""kind"":""STANCE"",""rule"":""Green + Assists 0.5"",""icon"":""staff.svg"",""kit_version"":""2026-09-24-frozen-v2""},{""market"":""SOG"",""name"":""Jungle Stance"",""kind"":""STANCE"",""rule"":""Green + SOG 2.5 + Conf_SOG >= 75"",""icon"":""sog_basic_swipe.svg"",""kit_version"":""2026-09-24-frozen-v2""},{""market"":""SOG"",""name"":""Berserker Swipe"",""kind"":""FLOOR"",""rule"":""iXG% >= 93.2"",""icon"":""sog_basic_swipe.svg"",""kit_version"":""2026-09-24-frozen-v2""},{""market"":""SOG"",""name"":""Bloodthirst"",""kind"":""HEAVY"",""rule"":""PP_TOI_Pct >= 15.9 + iXG% >= 93.2"",""icon"":""sog_bloodthirst.svg"",""kit_version"":""2026-09-24-frozen-v2""},{""market"":""Goal"",""name"":""Base Attack"",""kind"":""BASE ATTACK"",""rule"":""Goal_mu >= 0.4048"",""icon"":""base.svg"",""kit_version"":""2026-09-24-frozen-v2""},{""market"":""Goal"",""name"":""Weakened Armor"",""kind"":""WEAK DEFENSE"",""rule"":""Opp_PK_xGA60 >= 7.3"",""icon"":""shattered_armor.svg"",""kit_version"":""2026-09-24-frozen-v2""},{""market"":""Goal"",""name"":""Armor Sunder"",""kind"":""HEAVY ATTACK"",""rule"":""Goal_mu >= 0.4048 + Opp_PK_xGA60 >= 7.3"",""icon"":""smash.svg"",""kit_version"":""2026-09-24-frozen-v2""}]",2025-2026,,2026-09-24-frozen-v2,2026-10-01T17:24:46.238031+00:00,2026020010,8477404.0,PLAYER_ID,FINAL,0.0,L,OK,0.0,L,OK,4.0,W,OK,0.0,L,OK,0.0,L,OK,0.0,L,OK
2026-10-01,TBL@NYR,2026020010,6:00 PM,2026-10-01T23:00:00Z,Jansen Harkins,8478424,ANA,True,,2026-27,TBL,C,,Healthy,Unknown,,,2.0,0.0,,33.0,21.0,2026-10-01T17:24:18+00:00,NYR,Igor Shesterkin,0.911578947368421,2.4998208902580834,20.0,Confirmed,dailyfaceoff_name_and_stats,24.2,5.0,24.2,5.0,,47.1,34.6,A1+A2,9.59,12.4,35.8,0.94,NONE,False,False,26.54657780314604,2.674450618631121,52.6,96.8,10.0,2.5,True,,,,,50.0,,,,,,,,,,,,,,,,,,,,,,,,,,,,,,,,,,,,,,,,1.185038884088384,0.7406493025552401,,,0.0,2.398134962935236,2.2409738553050214,50.0,30.6,54.6,24.9,2.12,1.05,,,,,COOL,COOL,COOL,1.07,,COOL,Red,Red,Red,Red,33.0,37.0,38.0,31.0,GOAL,38.0,,,,,,,,Passenger,2.4,,49.1,,,0.2253787878787878,9.916666666666666,0.2253787878787878,0.0235001382361072,2.4,2.4,0.0,0.0,0.0,7.112262228260869,7.578865779615037,49.1,42.5,False,,,,,,False,False,0.0,,False,0.0,,False,0.0,,,,,,,,,,,,,,,,,,,,,,,,,,,,,,,,,,,,,,,,,,,,,,,0.5,700.0,DraftKings,,,,,,,,,,0.5,700.0,DraftKings,0.5,700.0,DraftKings,,,,,,,,,,0.5,700.0,DraftKings,The Odds API,"[""Bally Bet"", ""BetMGM"", ""BetRivers"", ""Bovada"", ""Caesars"", ""Courtside"", ""DraftKings"", ""FanDuel"", ""Fanatics"", ""Fliff"", ""Hard Rock Bet"", ""theScore Bet""]",The Odds API,"[""Bally Bet"", ""BetMGM"", ""BetRivers"", ""Bovada"", ""Caesars"", ""Courtside"", ""DraftKings"", ""FanDuel"", ""Fanatics"", ""betmgm""]",,,,,,,,,,,,,,,,,,,,,,,,ALTLINE_NB_v1_2026-01-18,,,,league_avg,2.3,,,,,,,,,,,,,,,,,,,,,,,,,exp/fallback,0.212,,,,,,,,,,,,,,,,,,,,,,,,,exp/fallback,0.107,,,,,,,,,,,,,,,,,,,,,,0.5,700.0,DraftKings,exp/fallback,0.222,0.1915936438775691,19.2,0.125,53.27491510205533,53.3,0.1915936438775691,19.2,53.27491510205533,53.3,,,,,,,,,,,,,0.5,700.0,DraftKings,exp/fallback,0.17325,0.1514027135600621,15.1,0.125,21.12217084804975,21.1,0.1514027135600621,15.1,21.12217084804975,21.1,,,,,,,,,,,,,False,False,True,True,False,,,Active roster,2026-10-01T17:24:42+00:00,False,[],2025-2026,,2026-09-24-frozen-v2,2026-10-01T17:24:46.238031+00:00,2026020010,8478424.0,PLAYER_ID,FINAL,0.0,,NO_LINE,0.0,,NO_LINE,1.0,,NO_LINE,0.0,L,OK,0.0,L,OK,0.0,,NO_LINE
2026-10-01,TBL@NYR,2026020010,6:00 PM,2026-10-01T23:00:00Z,Jeffrey Viel,8479705,ANA,True,,2026-27,TBL,L,,Healthy,Unknown,,,2.0,0.0,,33.0,21.0,2026-10-01T17:24:18+00:00,NYR,Igor Shesterkin,0.911578947368421,2.4998208902580834,20.0,Confirmed,dailyfaceoff_name_and_stats,24.2,5.0,24.2,5.0,,62.0,40.6,A1+A2,11.93,28.1,47.7,0.99,NONE,False,False,26.54657780314604,2.674450618631121,52.6,96.8,10.0,2.5,True,,,,,50.0,,,,,,,,,,,,,,,,,,,,,,,,,,,,,,,,,,,,,,,,1.0379625180201826,0.4613166746756367,,,0.0,2.398134962935236,2.2409738553050214,50.0,30.6,51.8,24.9,3.39,1.85,,,,,COOL,COOL,COOL,1.54,,COOL,Red,Red,Red,Red,38.0,47.0,50.0,36.0,GOAL,50.0,,,,,,,,Passenger,1.2,,49.1,,,0.1392592592592592,6.266666666666667,0.1392592592592592,0.0116730309521592,1.2,1.2,5.457446808510638,5.457446808510638,0.0,7.112262228260869,7.578865779615037,49.1,40.1,False,,,,,,False,False,0.0,,False,0.0,,False,0.0,,,,,,,,,,,,,,,,,,,,,,,,,,,,,,,,,,,,,,,,,,,,,,,0.5,1000.0,Fanatics,,,,,,,,,,0.5,1000.0,Fanatics,0.5,1000.0,Fanatics,,,,,,,,,,0.5,1000.0,Fanatics,The Odds API,"[""Bally Bet"", ""BetMGM"", ""BetRivers"", ""Bovada"", ""Caesars"", ""Courtside"", ""DraftKings"", ""FanDuel"", ""Fanatics"", ""Fliff"", ""Hard Rock Bet"", ""theScore Bet""]",The Odds API,"[""Bally Bet"", ""BetMGM"", ""BetRivers"", ""Bovada"", ""Caesars"", ""Courtside"", ""DraftKings"", ""FanDuel"", ""Fanatics"", ""betmgm""]",,,,,,,,,,,,,,,,,,,,,,,,ALTLINE_NB_v1_2026-01-18,,,,league_avg,2.3,,,,,,,,,,,,,,,,,,,,,,,,,exp/fallback,0.339,,,,,,,,,,,,,,,,,,,,,,,,,exp/fallback,0.154,,,,,,,,,,,,,,,,,,,,,,0.5,1000.0,Fanatics,exp/fallback,0.254,0.214872513405616,21.5,0.0909090909090909,136.35976474617766,136.4,0.214872513405616,21.5,136.35976474617766,136.4,,,,,,,,,,,,,0.5,1000.0,Fanatics,exp/fallback,0.22525,0.1895872070990919,19.0,0.0909090909090909,108.54592780900111,108.5,0.1895872070990919,19.0,108.54592780900111,108.5,,,,,,,,,,,,,False,False,True,True,False,,,Active roster,2026-10-01T17:24:42+00:00,False,[],2025-2026,,2026-09-24-frozen-v2,2026-10-01T17:24:46.238031+00:00,2026020010,8479705.0,PLAYER_ID,FINAL,0.0,,NO_LINE,0.0,,NO_LINE,1.0,,NO_LINE,0.0,L,OK,0.0,L,OK,0.0,,NO_LINE
2026-10-01,TBL@NYR,2026020010,6:00 PM,2026-10-01T23:00:00Z,John Carlson,8474590,ANA,True,"{""season"":""2026-27"",""games"":[]}",2026-27,TBL,D,,Healthy,Unknown,,,2.0,1.0,🟢 ROLE+,33.0,21.0,2026-10-01T17:24:18+00:00,NYR,Igor Shesterkin,0.911578947368421,2.4998208902580834,20.0,Confirmed,dailyfaceoff_name_and_stats,24.2,5.0,24.2,5.0,10.4,69.8,96.0,A1+A2,23.16,97.4,84.5,1.14,NONE,False,False,26.54657780314604,2.674450618631121,52.6,96.8,10.0,2.5,True,2.5,2.5,2.4,2.465,78.5,5.0,0.0,25.0,0.0,0.0,5.0,6.0,6.0,6.0,6.0,25.0,25.0,LOW,0.5,0.0,LOW,0.3,,LOW,0.15,,OK,0.5,,LOW,0.3,,LOW,0.15,,OK,2.5,,LOW,1.25,,LOW,0.625,,1.635327478457176,0.743330672025989,,,5.0,2.398134962935236,2.2409738553050214,50.0,30.6,64.8,24.9,10.13,1.84,27.12,4.21,1.84,-0.35,HOT,WARM,COOL,8.11,2.37,WARM,Green,Red,Red,Green,90.0,64.0,66.0,81.0,POINTS,90.0,5.0,5.0,10.0,0.0,1.0,8.0,,Passenger,10.6,,49.1,,,2.454929577464789,174.3,2.454929577464789,0.1059971823277216,10.6,10.6,2.294320137693631,0.3924268502581755,2.237521514629948,7.112262228260869,7.578865779615037,49.1,71.7,False,,,,🅿️ D:5,,False,False,1.0,,False,0.0,,False,0.0,,1.5,-172.0,BetOnline.ag,2.5,170.0,Fanatics,3.5,440.0,Fanatics,4.5,1100.0,Fanatics,1.5,-172.0,BetOnline.ag,0.5,-136.0,BetRivers,1.5,360.0,BetRivers,2.5,1400.0,DraftKings,3.5,3000.0,BetOnline.ag,0.5,-136.0,BetRivers,0.5,-103.0,BetRivers,1.5,500.0,Bovada,2.5,1900.0,Fanatics,,,,0.5,-103.0,BetRivers,0.5,550.0,FanDuel,,,,,,,,,,0.5,550.0,FanDuel,0.5,575.0,fanatics,,,,,,,,,,0.5,575.0,fanatics,The Odds API,"[""Bally Bet"", ""BetMGM"", ""BetRivers"", ""Bovada"", ""Caesars"", ""Courtside"", ""DraftKings"", ""FanDuel"", ""Fanatics"", ""Fliff"", ""Hard Rock Bet"", ""theScore Bet""]",BallDontLie,"[""Bally Bet"", ""BetMGM"", ""BetRivers"", ""Bovada"", ""Caesars"", ""Courtside"", ""DraftKings"", ""FanDuel"", ""Fanatics"", ""fanatics""]",The Odds API,"[""Bally Bet"", ""BetOnline.ag"", ""BetRivers"", ""Bovada"", ""Caesars"", ""Courtside"", ""DraftKings"", ""FanDuel"", ""Fanatics"", ""Fliff"", ""Hard Rock Bet"", ""draftkings"", ""theScore Bet""]",The Odds API,"[""Bally Bet"", ""BetOnline.ag"", ""BetRivers"", ""Bovada"", ""Caesars"", ""Courtside"", ""DraftKings"", ""FanDuel"", ""Fanatics"", ""Fliff"", ""Hard Rock Bet"", ""theScore Bet""]",The Odds API,"[""Bally Bet"", ""BetOnline.ag"", ""BetRivers"", ""Bovada"", ""Courtside"", ""DraftKings"", ""FanDuel"", ""Fanatics"", ""Fliff"", ""Hard Rock Bet"", ""draftkings"", ""theScore Bet""]",0.5,195.0,BetRivers,,,,,,,,,,0.5,195.0,BetRivers,The Odds API,"[""Bally Bet"", ""BetRivers"", ""FanDuel"", ""Fliff"", ""Hard Rock Bet"", ""theScore Bet""]",ALTLINE_NB_v1_2026-01-18,1.5,-172.0,BetOnline.ag,exp/fallback,2.712,0.6700069921693282,67.0,0.6323529411764706,5.954594110498423,6.0,0.6700069921693282,67.0,5.954594110498423,6.0,0.464082668262146,46.4,25.302320430779435,25.3,0.2976742158079511,29.8,60.74407653629365,60.7,0.1800081676333967,18.0,116.00980116007614,116.0,0.5,-136.0,BetRivers,exp/fallback,1.013,0.5798128749134526,58.0,0.576271186440678,0.6145871173344197,0.6,0.5798128749134526,58.0,0.6145871173344197,0.6,0.2655760008868957,26.6,22.164960407972025,22.2,0.1069496537328527,10.7,60.42448059927905,60.4,0.0397267303920193,4.0,23.15286421525998,23.2,0.5,-103.0,BetRivers,exp/fallback,0.8109999999999999,0.4937811648880035,49.4,0.5073891625615764,-2.681964590034264,-2.7,0.4937811648880035,49.4,-2.681964590034264,-2.7,0.2016833525252648,20.2,21.010011515158887,21.0,0.0752738937065983,7.5,50.54778741319664,50.5,,,,,0.5,550.0,FanDuel,exp/fallback,0.2536,0.2145873546944892,21.5,0.1538461538461538,39.48178055141798,39.5,0.2145873546944892,21.5,39.48178055141798,39.5,,,,,,,,,,,,,0.5,575.0,fanatics,exp/fallback,0.2246,0.1891274992491118,18.9,0.1481481481481481,27.661061993150504,27.7,0.1891274992491118,18.9,27.661061993150504,27.7,,,,,,,,,,,,,False,False,True,True,False,10.4,,Active roster,2026-10-01T17:24:42+00:00,False,"[{""market"":""Points"",""name"":""Hammer Fists"",""kind"":""FLOOR"",""rule"":""Conf_Points >= 80"",""icon"":""PTS05_HAMMER_FISTS.svg"",""kit_version"":""2026-09-24-frozen-v2""},{""market"":""Points"",""name"":""Echo Stomp I"",""kind"":""TIER"",""rule"":""Conf_Points >= 80 + L10_S >= 17"",""icon"":""PTS05_HAMMER_STOMP.svg"",""kit_version"":""2026-09-24-frozen-v2""},{""market"":""Points"",""name"":""Echo Stomp II"",""kind"":""TIER"",""rule"":""Conf_Points >= 80 + TOI_per_game >= 19.18"",""icon"":""PTS05_HAMMER_STOMP.svg"",""kit_version"":""2026-09-24-frozen-v2""},{""market"":""Points"",""name"":""Gaia’s Blessing"",""kind"":""TIER"",""rule"":""Conf_Points >= 80 + Assists_mu >= 0.746"",""icon"":""PTS05_GAIAS_BLESSING.svg"",""kit_version"":""2026-09-24-frozen-v2""},{""market"":""Points"",""name"":""Gaia’s Blessing+ (Press)"",""kind"":""HEAVY"",""rule"":""Conf_Points >= 81 + Assists_mu >= 0.746"",""icon"":""PTS05_GAIAS_BLESSING.svg"",""kit_version"":""2026-09-24-frozen-v2""},{""market"":""Points"",""name"":""Gaia’s Blessing++ (Smash)"",""kind"":""HEAVY"",""rule"":""Conf_Points >= 83 + Assists_mu >= 0.746"",""icon"":""PTS05_GAIAS_BLESSING.svg"",""kit_version"":""2026-09-24-frozen-v2""},{""market"":""Points"",""name"":""Hammer Fists II"",""kind"":""HEAVY"",""rule"":""Conf_Points >= 80 + TOI_per_game >= 19.18 + L10_S >= 17"",""icon"":""PTS05_HAMMER_FISTS.svg"",""kit_version"":""2026-09-24-frozen-v2""},{""market"":""Assists"",""name"":""Staff (Green Stance)"",""kind"":""STANCE"",""rule"":""Green + Assists 0.5"",""icon"":""staff.svg"",""kit_version"":""2026-09-24-frozen-v2""}]",2025-2026,,2026-09-24-frozen-v2,2026-10-01T17:24:46.238031+00:00,2026020010,8474590.0,PLAYER_ID,FINAL,0.0,L,OK,0.0,L,OK,4.0,W,OK,0.0,L,OK,0.0,L,OK,0.0,L,OK
2026-10-01,TBL@NYR,2026020010,6:00 PM,2026-10-01T23:00:00Z,Max Crozier,8481719,TBL,False,,2026-27,TBL,D,,Healthy,Unknown,,,2.0,0.0,,33.0,21.0,2026-10-01T17:24:18+00:00,NYR,Igor Shesterkin,0.911578947368421,2.4998208902580834,20.0,Confirmed,dailyfaceoff_name_and_stats,24.2,5.0,24.2,5.0,,28.6,46.6,A1+A2,16.01,58.2,40.8,0.96,NONE,False,False,26.54657780314604,2.674450618631121,52.6,96.8,10.0,2.5,True,,,,,50.0,,,,,,,,,,,,,,,,,,,,,,,,,,,,,,,,,,,,,,,,1.0658595960260544,0.4737153760115797,,,0.0,2.398134962935236,2.2409738553050214,50.0,30.6,52.5,24.9,2.99,0.52,,,,,COOL,COOL,COOL,2.48,,COOL,Red,Red,Red,Red,44.0,31.0,29.0,38.0,POINTS,44.0,,,,,,,C,Passenger,0.1,,49.1,,0.0,0.0238095238095238,0.8333333333333334,0.0238095238095238,0.0014870330716155,0.1,0.1,0.0,0.0,0.0,7.112262228260869,7.578865779615037,49.1,28.0,False,,,,,,False,False,0.0,,False,0.0,,False,0.0,,,,,,,,,,,,,,,,,,,,,,,,,,,,,,,,,,,,,,,,,,,,,,,,,,,,,,,,,,,,,,,,,,,,,,,,,,,,,,,,,,,,,,,,,,,,,,,,,,,,,,,,ALTLINE_NB_v1_2026-01-18,,,,league_avg,2.3,,,,,,,,,,,,,,,,,,,,,,,,,exp/fallback,0.299,,,,,,,,,,,,,,,,,,,,,,,,,exp/fallback,0.248,,,,,,,,,,,,,,,,,,,,,,,,,exp/fallback,0.2008,,,,,,,,,,,,,,,,,,,,,,,,,exp/fallback,0.1388,,,,,,,,,,,,,,,,,,,,,,False,False,False,False,False,,,Active roster,2026-10-01T17:24:42+00:00,False,[],2025-2026,,2026-09-24-frozen-v2,2026-10-01T17:24:46.238031+00:00,2026020010,,,NO_PLAYER,,,NO_PLAYER,,,NO_PLAYER,,,NO_PLAYER,,,NO_PLAYER,,,NO_PLAYER,,,NO_PLAYER
2026-10-01,TBL@NYR,2026020010,6:00 PM,2026-10-01T23:00:00Z,Nikita Kucherov,8476453,TBL,False,"{""season"":""2026-27"",""games"":[]}",2026-27,TBL,R,👑 ELITE,Healthy,Unknown,,,2.0,1.0,🟢 ROLE+,33.0,21.0,2026-10-01T17:24:18+00:00,NYR,Igor Shesterkin,0.911578947368421,2.4998208902580834,20.0,Confirmed,dailyfaceoff_name_and_stats,24.2,5.0,24.2,5.0,20.8,99.5,99.9,A1+A2,20.34,88.6,97.4,1.26,ELITE,True,False,26.54657780314604,2.674450618631121,52.6,96.8,10.0,2.5,True,5.0,4.4,4.2,4.72,100.0,6.0,1.0,31.0,0.0,3.0,5.0,6.0,6.0,5.0,5.0,31.0,31.0,OK,0.6,-0.9,LOW,0.3,,LOW,0.15,,OK,0.5,,LOW,0.25,,LOW,0.125,,GOOD,3.1,,LOW,1.55,,LOW,0.775,,3.638174468334408,1.318179155193626,,,5.0,2.398134962935236,2.2409738553050214,50.0,30.6,75.0,24.9,27.34,8.07,63.72,14.25,4.98,16.2,HOT,HOT,HOT,19.26,9.27,HOT,Green,Green,Green,Green,95.0,84.0,90.0,91.0,POINTS,95.0,3.0,3.0,5.0,0.0,4.0,3.0,A,Distributor,19.8,,49.1,,2.0,4.0285087719298245,306.1666666666667,4.0285087719298245,0.1981062893624363,19.8,19.8,5.392161132280892,1.4776265650517146,4.605334784975503,7.112262228260869,7.578865779615037,49.1,89.9,False,,,,🅿️ PTS D:3 | 🅿️ D:3,🥅 GOAL EARNED,False,True,3.0,"iXG,SOG,REG",False,0.0,,False,0.0,,1.5,-575.0,DraftKings,2.5,-161.0,BetOnline.ag,3.5,140.0,BetRivers,4.5,275.0,Bovada,3.5,140.0,BetRivers,0.5,-233.0,BetOnline.ag,1.5,190.0,Fanatics,2.5,650.0,Fanatics,3.5,2200.0,Fanatics,1.5,190.0,Fanatics,0.5,-125.0,Hard Rock Bet,1.5,410.0,Fanatics,2.5,1700.0,Fanatics,,,,0.5,-125.0,Hard Rock Bet,0.5,170.0,FanDuel,,,,,,,,,,0.5,170.0,FanDuel,0.5,170.0,FanDuel,,,,,,,,,,0.5,170.0,FanDuel,The Odds API,"[""Bally Bet"", ""BetMGM"", ""BetRivers"", ""Bovada"", ""Caesars"", ""Courtside"", ""DraftKings"", ""FanDuel"", ""Fanatics"", ""Fliff"", ""Hard Rock Bet"", ""fanduel"", ""theScore Bet""]",The Odds API,"[""Bally Bet"", ""BetMGM"", ""BetRivers"", ""Bovada"", ""Caesars"", ""Courtside"", ""DraftKings"", ""FanDuel"", ""Fanatics"", ""betrivers""]",The Odds API,"[""Bally Bet"", ""BetOnline.ag"", ""BetRivers"", ""Bovada"", ""Caesars"", ""Courtside"", ""DraftKings"", ""FanDuel"", ""Fanatics"", ""Fliff"", ""Hard Rock Bet"", ""draftkings"", ""theScore Bet""]",The Odds API,"[""Bally Bet"", ""BetOnline.ag"", ""BetRivers"", ""Bovada"", ""Caesars"", ""Courtside"", ""DraftKings"", ""FanDuel"", ""Fanatics"", ""Fliff"", ""Hard Rock Bet"", ""draftkings"", ""theScore Bet""]",The Odds API,"[""Bally Bet"", ""BetOnline.ag"", ""BetRivers"", ""Bovada"", ""Courtside"", ""DraftKings"", ""FanDuel"", ""Fanatics"", ""Fliff"", ""Hard Rock Bet"", ""draftkings"", ""theScore Bet""]",0.5,145.0,BetRivers,1.5,450.0,Bovada,,,,,,,0.5,145.0,BetRivers,The Odds API,"[""Bally Bet"", ""BetRivers"", ""Bovada"", ""FanDuel"", ""Fliff"", ""Hard Rock Bet"", ""theScore Bet""]",ALTLINE_NB_v1_2026-01-18,3.5,140.0,BetRivers,exp/fallback,6.372,0.7374559590382105,73.7,0.4166666666666667,76.98943016917052,77.0,0.923521790795445,92.4,8.413427615117461,8.4,0.8400352530299996,84.0,36.17962797567073,36.2,0.7374559590382105,73.7,76.98943016917052,77.0,0.6271723389743424,62.7,135.1896271153784,135.2,1.5,190.0,Fanatics,exp/fallback,2.734,0.6479257168225141,64.8,0.3448275862068966,87.89845787852909,87.9,0.8531253779125494,85.3,21.92736087763045,21.9,0.6479257168225141,64.8,87.89845787852909,87.9,0.454412653018229,45.4,240.8094897636717,240.8,0.3012094544304019,30.1,592.7817451899244,592.8,0.5,-125.0,Hard Rock Bet,exp/fallback,1.926,0.7404868311340025,74.0,0.5555555555555556,33.28762960412045,33.3,0.7404868311340025,74.0,33.28762960412045,33.3,0.485865148385194,48.6,147.7912256764489,147.8,0.2984983522921456,29.8,437.2970341258622,437.3,,,,,0.5,170.0,FanDuel,exp/fallback,0.5028,0.3675386311143668,36.8,0.3703703703703703,-0.7645695991209678,-0.8,0.3675386311143668,36.8,-0.7645695991209678,-0.8,,,,,,,,,,,,,0.5,170.0,FanDuel,exp/fallback,0.62955,0.4100600927835787,41.0,0.3703703703703703,10.71622505156624,10.7,0.4100600927835787,41.0,10.71622505156624,10.7,,,,,,,,,,,,,True,True,False,True,True,20.8,,Active roster,2026-10-01T17:24:42+00:00,False,"[{""market"":""Points"",""name"":""DPS Tank stance"",""kind"":""STANCE"",""rule"":""Conf_Points >= 75"",""icon"":""PTS15_TWO_HANDED_HAMMER.svg"",""kit_version"":""2026-09-24-frozen-v2""},{""market"":""Points"",""name"":""Blade Impale"",""kind"":""SPECIAL"",""rule"":""Conf_Points >= 83 + Goal_ProofCount >= 3"",""icon"":""PTS15_BLADE_IMPALE.svg"",""kit_version"":""2026-09-24-frozen-v2""},{""market"":""Points"",""name"":""Blade Slash"",""kind"":""SPECIAL"",""rule"":""Conf_Points >= 75 + Goal_Model% >= 33.4 + Opp_PK_xGA60 >= 7.38249"",""icon"":""PTS15_BLADE_SLASH.svg"",""kit_version"":""2026-09-24-frozen-v2""},{""market"":""Points"",""name"":""Ragnarok"",""kind"":""ULTIMATE"",""rule"":""Blade Impale + Blade Slash"",""icon"":""PTS15_POLARIZING_SMASH.svg"",""kit_version"":""2026-09-24-frozen-v2""},{""market"":""Assists"",""name"":""Staff (Green Stance)"",""kind"":""STANCE"",""rule"":""Green + Assists 0.5"",""icon"":""staff.svg"",""kit_version"":""2026-09-24-frozen-v2""},{""market"":""Assists"",""name"":""Staff Awakened"",""kind"":""STANCE"",""rule"":""Green + Assists 0.5 + Conf_Assists ≥ 83"",""icon"":""staff.svg"",""kit_version"":""2026-09-24-frozen-v2""},{""market"":""Assists"",""name"":""Arcane Channel I"",""kind"":""VOLUME"",""rule"":""Green + Assists 0.5 + Conf_Assists ≥ 83 + PP_Points60 ≥ 5.3"",""icon"":""arcane_channel_i.svg"",""kit_version"":""2026-09-24-frozen-v2""},{""market"":""Assists"",""name"":""Runic Infusion"",""kind"":""VOLUME"",""rule"":""Green + Assists 0.5 + Conf_Assists ≥ 83 + PP_iXA60 ≥ 4.4"",""icon"":""runic_infusion.svg"",""kit_version"":""2026-09-24-frozen-v2""},{""market"":""Assists"",""name"":""Assist Dagger"",""kind"":""VOLUME"",""rule"":""Green + Assists 0.5 + Conf_Assists ≥ 83 + Assist_Dagger ≥ 86"",""icon"":""magic-dagger.svg"",""kit_version"":""2026-09-24-frozen-v2""},{""market"":""Assists"",""name"":""Rune Orchestration"",""kind"":""HEAVY"",""rule"":""Green + Assists 0.5 + Conf_Assists ≥ 83 + PP_Points60 ≥ 5.3 + Assists_mu ≥ 1.4"",""icon"":""runic_infusion.svg"",""kit_version"":""2026-09-24-frozen-v2""},{""market"":""SOG"",""name"":""Sniper Stance"",""kind"":""STANCE"",""rule"":""Green + SOG 3.5 + Conf_SOG >= 75"",""icon"":""sog_class_shooter.svg"",""kit_version"":""2026-09-24-frozen-v2""},{""market"":""Goal"",""name"":""Base Attack"",""kind"":""BASE ATTACK"",""rule"":""Goal_mu >= 0.4048"",""icon"":""base.svg"",""kit_version"":""2026-09-24-frozen-v2""},{""market"":""Goal"",""name"":""Weakened Armor"",""kind"":""WEAK DEFENSE"",""rule"":""Opp_PK_xGA60 >= 7.3"",""icon"":""shattered_armor.svg"",""kit_version"":""2026-09-24-frozen-v2""},{""market"":""Goal"",""name"":""Armor Sunder"",""kind"":""HEAVY ATTACK"",""rule"":""Goal_mu >= 0.4048 + Opp_PK_xGA60 >= 7.3"",""icon"":""smash.svg"",""kit_version"":""2026-09-24-frozen-v2""}]",2025-2026,,2026-09-24-frozen-v2,2026-10-01T17:24:46.238031+00:00,2026020010,8476453.0,PLAYER_ID,FINAL,1.0,L,OK,0.0,L,OK,1.0,L,OK,1.0,W,OK,1.0,W,OK,0.0,L,OK
2026-10-01,TBL@NYR,2026020010,6:00 PM,2026-10-01T23:00:00Z,Pontus Holmberg,8480995,TBL,False,"{""season"":""2026-27"",""games"":[]}",2026-27,TBL,R,,Healthy,Unknown,,,2.0,0.0,,33.0,21.0,2026-10-01T17:24:18+00:00,NYR,Igor Shesterkin,0.911578947368421,2.4998208902580834,20.0,Confirmed,dailyfaceoff_name_and_stats,24.2,5.0,24.2,5.0,6.2,75.3,51.9,A1+A2,13.35,38.1,59.7,1.04,NONE,False,False,26.54657780314604,2.674450618631121,52.6,96.8,10.0,2.5,True,1.5,1.5,1.6,1.535,41.9,2.0,2.0,16.0,0.0,0.0,0.0,4.0,11.0,2.0,5.0,23.0,52.0,LOW,0.2,,LOW,0.2,,LOW,0.275,,LOW,0.0,,LOW,0.1,,LOW,0.125,,LOW,1.6,,LOW,1.15,,LOW,1.3,,1.335212521326311,0.4005637563978933,,,0.0,2.398134962935236,2.2409738553050214,50.0,30.6,58.8,24.9,3.74,2.11,15.35,1.74,0.11,-0.65,WARM,COOL,COOL,1.63,1.63,WARM,Red,Red,Red,Red,50.0,55.0,63.0,52.0,GOAL,63.0,7.0,10.0,7.0,3.0,0.0,10.0,C,Passenger,1.0,,49.1,,0.0,0.1383333333333333,9.683333333333334,0.1383333333333333,0.0103629715508784,1.0,1.0,0.7435456110154905,0.7435456110154905,0.0,7.112262228260869,7.578865779615037,49.1,39.1,False,,,,🥅 D:7,,False,False,1.0,,False,0.0,,False,0.0,,,,,,,,,,,,,,,,,,,,,,,,,,,,,,,,,,,,,,,,,,,,,,,0.5,550.0,theScore Bet,,,,,,,,,,0.5,550.0,theScore Bet,0.5,550.0,FanDuel,,,,,,,,,,0.5,550.0,FanDuel,The Odds API,"[""Bally Bet"", ""BetMGM"", ""BetRivers"", ""Bovada"", ""Caesars"", ""Courtside"", ""DraftKings"", ""FanDuel"", ""Fanatics"", ""Fliff"", ""Hard Rock Bet"", ""theScore Bet""]",The Odds API,"[""Bally Bet"", ""BetMGM"", ""BetRivers"", ""Bovada"", ""Caesars"", ""Courtside"", ""DraftKings"", ""FanDuel"", ""Fanatics"", ""fanduel""]",,,,,,,,,,,,,,,,,,,,,,,,ALTLINE_NB_v1_2026-01-18,,,,exp/fallback,1.535,,,,,,,,,,,,,,,,,,,,,,,,,exp/fallback,0.374,,,,,,,,,,,,,,,,,,,,,,,,,exp/fallback,0.1629999999999999,,,,,,,,,,,,,,,,,,,,,,0.5,550.0,theScore Bet,exp/fallback,0.2247399999999999,0.19362444600613,19.4,0.1538461538461538,25.85588990398453,25.9,0.19362444600613,19.4,25.85588990398453,25.9,,,,,,,,,,,,,0.5,550.0,FanDuel,exp/fallback,0.2058274999999999,0.1756627778855335,17.6,0.1538461538461538,14.180805625596792,14.2,0.1756627778855335,17.6,14.180805625596792,14.2,,,,,,,,,,,,,False,False,True,True,False,6.2,,Active roster,2026-10-01T17:24:42+00:00,False,[],2025-2026,,2026-09-24-frozen-v2,2026-10-01T17:24:46.238031+00:00,2026020010,8480995.0,PLAYER_ID,FINAL,0.0,,NO_LINE,0.0,,NO_LINE,3.0,,NO_LINE,0.0,L,OK,0.0,L,OK,0.0,,NO_LINE
2026-10-01,TBL@NYR,2026020010,6:00 PM,2026-10-01T23:00:00Z,Ryan McDonagh,8474151,TBL,False,,2026-27,TBL,D,,Healthy,Unknown,,,2.0,1.0,🟢 ROLE+,33.0,21.0,2026-10-01T17:24:18+00:00,NYR,Igor Shesterkin,0.911578947368421,2.4998208902580834,20.0,Confirmed,dailyfaceoff_name_and_stats,24.2,5.0,24.2,5.0,,35.4,60.9,A1+A2,19.26,84.1,54.1,1.02,NONE,False,False,26.54657780314604,2.674450618631121,52.6,96.8,10.0,2.5,True,,,,,50.0,,,,,,,,,,,,,,,,,,,,,,,,,,,,,,,,,,,,,,,,1.381864161849711,0.4877167630057804,,,0.0,2.398134962935236,2.2409738553050214,50.0,30.6,59.8,24.9,3.8,0.63,,,,,COOL,COOL,COOL,3.18,,COOL,Red,Red,Red,Red,57.0,39.0,36.0,51.0,POINTS,57.0,,,,,,,C,Passenger,0.6,,49.1,,0.0,0.1194444444444444,5.733333333333333,0.1194444444444444,0.0062028922788416,0.6,0.6,0.0,0.0,0.0,7.112262228260869,7.578865779615037,49.1,37.5,False,,,,,,False,False,0.0,,False,0.0,,False,0.0,,,,,,,,,,,,,,,,,,,,,,,,,,,,,,,,,,,,,,,,,,,,,,,0.5,1300.0,DraftKings,,,,,,,,,,0.5,1300.0,DraftKings,0.5,1400.0,fanatics,,,,,,,,,,0.5,1400.0,fanatics,The Odds API,"[""Bally Bet"", ""BetMGM"", ""BetRivers"", ""Bovada"", ""Caesars"", ""Courtside"", ""DraftKings"", ""Fanatics"", ""Fliff"", ""Hard Rock Bet"", ""theScore Bet""]",BallDontLie,"[""Bally Bet"", ""BetMGM"", ""BetRivers"", ""Bovada"", ""Caesars"", ""Courtside"", ""DraftKings"", ""Fanatics"", ""fanatics""]",,,,,,,,,,,,,,,,,,,,,,,,ALTLINE_NB_v1_2026-01-18,,,,league_avg,2.3,,,,,,,,,,,,,,,,,,,,,,,,,exp/fallback,0.38,,,,,,,,,,,,,,,,,,,,,,,,,exp/fallback,0.318,,,,,,,,,,,,,,,,,,,,,,0.5,1300.0,DraftKings,exp/fallback,0.2052,0.1789840868802135,17.9,0.0714285714285714,150.5777216322989,150.6,0.1789840868802135,17.9,150.5777216322989,150.6,,,,,,,,,,,,,0.5,1400.0,fanatics,exp/fallback,0.14595,0.1301512431968752,13.0,0.0666666666666666,95.22686479531282,95.2,0.1301512431968752,13.0,95.22686479531282,95.2,,,,,,,,,,,,,False,False,True,True,False,,,Active roster,2026-10-01T17:24:42+00:00,False,[],2025-2026,,2026-09-24-frozen-v2,2026-10-01T17:24:46.238031+00:00,2026020010,8474151.0,PLAYER_ID,FINAL,0.0,,NO_LINE,0.0,,NO_LINE,1.0,,NO_LINE,0.0,L,OK,0.0,L,OK,0.0,,NO_LINE
2026-10-01,TBL@NYR,2026020010,6:00 PM,2026-10-01T23:00:00Z,Scott Sabourin,8477149,TBL,False,,2026-27,TBL,R,,Healthy,Unknown,,,2.0,0.0,,33.0,21.0,2026-10-01T17:24:18+00:00,NYR,Igor Shesterkin,0.911578947368421,2.4998208902580834,20.0,Confirmed,dailyfaceoff_name_and_stats,24.2,5.0,24.2,5.0,,31.2,31.9,A1+A2,7.95,3.5,25.9,0.94,NONE,False,False,26.54657780314604,2.674450618631121,52.6,96.8,10.0,2.5,True,,,,,50.0,,,,,,,,,,,,,,,,,,,,,,,,,,,,,,,,,,,,,,,,1.454192922927775,0.872515753756665,,,0.0,2.398134962935236,2.2409738553050214,50.0,30.6,61.0,24.9,2.27,0.83,,,,,COOL,COOL,COOL,1.45,,COOL,Red,Red,Red,Red,32.0,28.0,28.0,28.0,POINTS,32.0,,,,,,,C,Passenger,0.1,,49.1,,0.0,0.0115384615384615,0.3,0.0115384615384615,0.0014509108495889,0.1,0.1,0.0,0.0,0.0,7.112262228260869,7.578865779615037,49.1,28.0,False,,,,,,False,False,0.0,,False,0.0,,False,0.0,,,,,,,,,,,,,,,,,,,,,,,,,,,,,,,,,,,,,,,,,,,,,,,,,,,,,,,,,,,,,,,,,,,,,,,,,,,,,,,,,,,,,,,,,,,,,,,,,,,,,,,,ALTLINE_NB_v1_2026-01-18,,,,league_avg,2.3,,,,,,,,,,,,,,,,,,,,,,,,,exp/fallback,0.227,,,,,,,,,,,,,,,,,,,,,,,,,exp/fallback,0.145,,,,,,,,,,,,,,,,,,,,,,,,,exp/fallback,0.2132,,,,,,,,,,,,,,,,,,,,,,,,,exp/fallback,0.1589499999999999,,,,,,,,,,,,,,,,,,,,,,False,False,False,False,False,,,Active roster,2026-10-01T17:24:42+00:00,False,[],2025-2026,,2026-09-24-frozen-v2,2026-10-01T17:24:46.238031+00:00,2026020010,,,NO_PLAYER,,,NO_PLAYER,,,NO_PLAYER,,,NO_PLAYER,,,NO_PLAYER,,,NO_PLAYER,,,NO_PLAYER
2026-10-01,TBL@NYR,2026020010,6:00 PM,2026-10-01T23:00:00Z,Victor Hedman,8475167,TBL,False,,2026-27,TBL,D,,Healthy,Unknown,,,2.0,1.0,🟢 ROLE+,33.0,21.0,2026-10-01T17:24:18+00:00,NYR,Igor Shesterkin,0.911578947368421,2.4998208902580834,20.0,Confirmed,dailyfaceoff_name_and_stats,24.2,5.0,24.2,5.0,,33.2,63.9,A1+A2,18.87,80.9,53.5,1.01,NONE,False,False,26.54657780314604,2.674450618631121,52.6,96.8,10.0,2.5,True,,,,,50.0,,,,,,,,,,,,,,,,,,,,,,,,,,,,,,,,,,,,,,,,1.3107114250345882,0.6553557125172941,,,0.0,2.398134962935236,2.2409738553050214,50.0,30.6,58.2,24.9,5.72,0.8,,,,,COOL,COOL,COOL,4.92,,COOL,Red,Red,Red,Red,58.0,37.0,35.0,52.0,POINTS,58.0,,,,,,,B,Distributor,10.7,,49.1,,1.0,2.0257575757575754,66.85,2.0257575757575754,0.1073694354471718,10.7,10.7,4.940912490650711,0.7449513836948393,4.936424831712791,7.112262228260869,7.578865779615037,49.1,79.5,False,,,,,,False,False,0.0,,False,0.0,,False,0.0,,1.5,105.0,Hard Rock Bet,2.5,310.0,Fanatics,3.5,800.0,Fanatics,4.5,1300.0,BetOnline.ag,1.5,105.0,Hard Rock Bet,0.5,200.0,Hard Rock Bet,1.5,1000.0,Fanatics,2.5,1700.0,Bovada,3.5,3200.0,BetOnline.ag,0.5,200.0,Hard Rock Bet,0.5,275.0,Hard Rock Bet,1.5,1700.0,BetOnline.ag,2.5,3300.0,Bovada,,,,0.5,275.0,Hard Rock Bet,0.5,750.0,FanDuel,,,,,,,,,,0.5,750.0,FanDuel,0.5,800.0,fanatics,,,,,,,,,,0.5,800.0,fanatics,The Odds API,"[""Bally Bet"", ""BetMGM"", ""BetRivers"", ""Bovada"", ""Caesars"", ""Courtside"", ""DraftKings"", ""FanDuel"", ""Fanatics"", ""Fliff"", ""Hard Rock Bet"", ""theScore Bet""]",BallDontLie,"[""Bally Bet"", ""BetMGM"", ""BetRivers"", ""Bovada"", ""Caesars"", ""Courtside"", ""DraftKings"", ""FanDuel"", ""Fanatics"", ""fanatics""]",The Odds API,"[""Bally Bet"", ""BetOnline.ag"", ""BetRivers"", ""Bovada"", ""Caesars"", ""Courtside"", ""DraftKings"", ""FanDuel"", ""Fanatics"", ""Fliff"", ""Hard Rock Bet"", ""draftkings"", ""theScore Bet""]",The Odds API,"[""Bally Bet"", ""BetOnline.ag"", ""BetRivers"", ""Bovada"", ""Caesars"", ""Courtside"", ""DraftKings"", ""Fanatics"", ""Fliff"", ""Hard Rock Bet"", ""theScore Bet""]",The Odds API,"[""Bally Bet"", ""BetOnline.ag"", ""BetRivers"", ""Bovada"", ""Courtside"", ""DraftKings"", ""FanDuel"", ""Fanatics"", ""Fliff"", ""Hard Rock Bet"", ""draftkings"", ""theScore Bet""]",0.5,550.0,Bovada,,,,,,,,,,0.5,550.0,Bovada,The Odds API,"[""Bovada""]",ALTLINE_NB_v1_2026-01-18,1.5,105.0,Hard Rock Bet,league_avg,2.3,0.6001759479749428,60.0,0.4878048780487805,23.036069334863274,23.0,0.6001759479749428,60.0,23.036069334863274,23.0,0.3835789960842564,38.4,57.26738839454513,57.3,0.2254288407355011,22.5,102.88595666195106,102.9,0.1243884637071297,12.4,74.14384918998165,74.1,0.5,200.0,Hard Rock Bet,exp/fallback,0.572,0.4063081614128682,40.6,0.3333333333333333,21.89244842386045,21.9,0.4063081614128682,40.6,21.89244842386045,21.9,0.1233622093450133,12.3,35.698430279514625,35.7,0.0323395197154525,3.2,-41.78886451218538,-41.8,0.0077573769070915,0.8,-74.40065620659789,-74.4,0.5,275.0,Hard Rock Bet,exp/fallback,0.492,0.3558842549770824,35.6,0.2666666666666666,33.456595616405906,33.5,0.3558842549770824,35.6,33.456595616405906,33.5,0.1015464166534263,10.2,82.78354997616742,82.8,0.0262248577919261,2.6,-10.835483507450984,-10.8,,,,,0.5,750.0,FanDuel,exp/fallback,0.212,0.184120898980323,18.4,0.1176470588235294,56.50276413327456,56.5,0.184120898980323,18.4,56.50276413327456,56.5,,,,,,,,,,,,,0.5,800.0,fanatics,exp/fallback,0.157,0.1388576957942334,13.9,0.1111111111111111,24.971926214810114,25.0,0.1388576957942334,13.9,24.971926214810114,25.0,,,,,,,,,,,,,True,True,True,True,True,,,Active roster,2026-10-01T17:24:42+00:00,False,[],2025-2026,,2026-09-24-frozen-v2,2026-10-01T17:24:46.238031+00:00,2026020010,8475167.0,PLAYER_ID,FINAL,0.0,L,OK,0.0,L,OK,2.0,W,OK,0.0,L,OK,0.0,L,OK,0.0,L,OK
2026-10-01,TBL@NYR,2026020010,6:00 PM,2026-10-01T23:00:00Z,Zemgus Girgensons,8476878,TBL,False,"{""season"":""2026-27"",""games"":[]}",2026-27,TBL,C,,Healthy,Unknown,,,2.0,0.0,,33.0,21.0,2026-10-01T17:24:18+00:00,NYR,Igor Shesterkin,0.911578947368421,2.4998208902580834,20.0,Confirmed,dailyfaceoff_name_and_stats,24.2,5.0,24.2,5.0,0.0,72.8,51.9,A1+A2,14.77,48.1,60.5,1.04,NONE,False,False,26.54657780314604,2.674450618631121,52.6,96.8,10.0,2.5,True,0.0,0.2,0.2,0.0699999999999999,1.2,0.0,0.0,2.0,0.0,0.0,0.0,0.0,0.0,0.0,0.0,2.0,2.0,LOW,0.0,,LOW,0.0,,LOW,0.0,,LOW,0.0,,LOW,0.0,,LOW,0.0,,LOW,0.2,,LOW,0.1,,LOW,0.05,,1.1588190060623402,0.25751533468052,,,0.0,2.398134962935236,2.2409738553050214,50.0,30.6,54.1,24.9,3.39,1.84,0.7,3.39,1.84,-1.3,HOT,WARM,COOL,1.55,1.55,WARM,Red,Red,Red,Red,57.0,52.0,56.0,51.0,POINTS,57.0,7.0,7.0,7.0,7.0,0.0,7.0,C,Passenger,0.3,,49.1,,0.0,0.0407657657657657,3.0166666666666666,0.0407657657657657,0.0027604929233772,0.3,0.3,0.1988950276243094,0.1988950276243094,0.0,7.112262228260869,7.578865779615037,49.1,33.6,False,,,,🅿️ D:7,,False,False,1.0,,False,0.0,,False,0.0,,,,,,,,,,,,,,,,,,,,,,,,,,,,,,,,,,,,,,,,,,,,,,,0.5,1100.0,FanDuel,,,,,,,,,,0.5,1100.0,FanDuel,0.5,1100.0,FanDuel,,,,,,,,,,0.5,1100.0,FanDuel,The Odds API,"[""Bally Bet"", ""BetMGM"", ""BetRivers"", ""Bovada"", ""Caesars"", ""Courtside"", ""DraftKings"", ""FanDuel"", ""Fanatics"", ""Fliff"", ""Hard Rock Bet"", ""theScore Bet""]",The Odds API,"[""Bally Bet"", ""BetMGM"", ""BetRivers"", ""Bovada"", ""Caesars"", ""Courtside"", ""DraftKings"", ""FanDuel"", ""Fanatics"", ""fanduel""]",,,,,,,,,,,,,,,,,,,,,,,,ALTLINE_NB_v1_2026-01-18,,,,exp/fallback,0.0699999999999999,,,,,,,,,,,,,,,,,,,,,,,,,exp/fallback,0.339,,,,,,,,,,,,,,,,,,,,,,,,,exp/fallback,0.155,,,,,,,,,,,,,,,,,,,,,,0.5,1100.0,FanDuel,exp/fallback,0.1901999999999999,0.1674916449197544,16.7,0.0833333333333333,100.98997390370532,101.0,0.1674916449197544,16.7,100.98997390370532,101.0,,,,,,,,,,,,,0.5,1100.0,FanDuel,exp/fallback,0.16845,0.1477286467913562,14.8,0.0833333333333333,77.27437614962746,77.3,0.1477286467913562,14.8,77.27437614962746,77.3,,,,,,,,,,,,,False,False,True,True,False,0.0,,Active roster,2026-10-01T17:24:42+00:00,False,[],2025-2026,,2026-09-24-frozen-v2,2026-10-01T17:24:46.238031+00:00,2026020010,8476878.0,PLAYER_ID,FINAL,0.0,,NO_LINE,0.0,,NO_LINE,0.0,,NO_LINE,0.0,L,OK,0.0,L,OK,0.0,,NO_LINE
